ISO-10303-21;
HEADER;
FILE_DESCRIPTION(('FreeCAD Model'),'2;1');
FILE_NAME('Open CASCADE Shape Model','2026-09-17T15:15:17',('FreeCAD'),(
    'FreeCAD'),'Open CASCADE STEP processor 7.8','FreeCAD','Unknown');
FILE_SCHEMA(('AUTOMOTIVE_DESIGN { 1 0 10303 214 1 1 1 1 }'));
ENDSEC;
DATA;
#1 = APPLICATION_PROTOCOL_DEFINITION('international standard',
  'automotive_design',2000,#2);
#2 = APPLICATION_CONTEXT(
  'core data for automotive mechanical design processes');
#3 = SHAPE_DEFINITION_REPRESENTATION(#4,#10);
#4 = PRODUCT_DEFINITION_SHAPE('','',#5);
#5 = PRODUCT_DEFINITION('design','',#6,#9);
#6 = PRODUCT_DEFINITION_FORMATION('','',#7);
#7 = PRODUCT('Open CASCADE STEP translator 7.8 2',
  'Open CASCADE STEP translator 7.8 2','',(#8));
#8 = PRODUCT_CONTEXT('',#2,'mechanical');
#9 = PRODUCT_DEFINITION_CONTEXT('part definition',#2,'design');
#10 = SHAPE_REPRESENTATION('',(#11,#15,#2911,#3704,#3796,#3888,#3980,
    #4072,#4433,#4681,#5627,#5808,#5989,#6448,#6862,#8403,#8841,#9255,
    #9347,#11601,#14066,#14216,#14366,#15864),#16014);
#11 = AXIS2_PLACEMENT_3D('',#12,#13,#14);
#12 = CARTESIAN_POINT('',(0.,0.,0.));
#13 = DIRECTION('',(0.,0.,1.));
#14 = DIRECTION('',(1.,0.,-0.));
#15 = MANIFOLD_SOLID_BREP('',#16);
#16 = CLOSED_SHELL('',(#17,#59,#106,#169,#216,#606,#671,#794,#850,#885,
    #925,#949,#989,#1014,#1086,#1110,#1182,#1207,#1247,#1271,#1311,#1336
    ,#1376,#1400,#1441,#1468,#1478,#1495,#1507,#1531,#1572,#1599,#1609,
    #1626,#1638,#1669,#1693,#1717,#1734,#1746,#1771,#1811,#1837,#1906,
    #1949,#1960,#1977,#1989,#2006,#2055,#2166,#2206,#2223,#2235,#2252,
    #2264,#2318,#2347,#2359,#2379,#2407,#2432,#2492,#2512,#2537,#2557,
    #2574,#2583,#2607,#2695,#2712,#2724,#2738,#2760,#2777,#2794,#2806,
    #2823,#2858,#2868,#2877));
#17 = ADVANCED_FACE('',(#18),#54,.T.);
#18 = FACE_BOUND('',#19,.T.);
#19 = EDGE_LOOP('',(#20,#31,#39,#48));
#20 = ORIENTED_EDGE('',*,*,#21,.F.);
#21 = EDGE_CURVE('',#22,#24,#26,.T.);
#22 = VERTEX_POINT('',#23);
#23 = CARTESIAN_POINT('',(27.067620121632,106.56292531036,123.));
#24 = VERTEX_POINT('',#25);
#25 = CARTESIAN_POINT('',(51.932379878368,106.56292531036,123.));
#26 = CIRCLE('',#27,14.);
#27 = AXIS2_PLACEMENT_3D('',#28,#29,#30);
#28 = CARTESIAN_POINT('',(39.5,113.,123.));
#29 = DIRECTION('',(0.,0.,1.));
#30 = DIRECTION('',(1.,0.,0.));
#31 = ORIENTED_EDGE('',*,*,#32,.F.);
#32 = EDGE_CURVE('',#33,#22,#35,.T.);
#33 = VERTEX_POINT('',#34);
#34 = CARTESIAN_POINT('',(27.067620121632,106.56292531036,120.));
#35 = LINE('',#36,#37);
#36 = CARTESIAN_POINT('',(27.067620121632,106.56292531036,104.));
#37 = VECTOR('',#38,1.);
#38 = DIRECTION('',(0.,0.,1.));
#39 = ORIENTED_EDGE('',*,*,#40,.T.);
#40 = EDGE_CURVE('',#33,#41,#43,.T.);
#41 = VERTEX_POINT('',#42);
#42 = CARTESIAN_POINT('',(51.932379878368,106.56292531036,120.));
#43 = CIRCLE('',#44,14.);
#44 = AXIS2_PLACEMENT_3D('',#45,#46,#47);
#45 = CARTESIAN_POINT('',(39.5,113.,120.));
#46 = DIRECTION('',(0.,0.,1.));
#47 = DIRECTION('',(1.,0.,0.));
#48 = ORIENTED_EDGE('',*,*,#49,.T.);
#49 = EDGE_CURVE('',#41,#24,#50,.T.);
#50 = LINE('',#51,#52);
#51 = CARTESIAN_POINT('',(51.932379878368,106.56292531036,104.));
#52 = VECTOR('',#53,1.);
#53 = DIRECTION('',(0.,0.,1.));
#54 = CYLINDRICAL_SURFACE('',#55,14.);
#55 = AXIS2_PLACEMENT_3D('',#56,#57,#58);
#56 = CARTESIAN_POINT('',(39.5,113.,104.));
#57 = DIRECTION('',(0.,0.,1.));
#58 = DIRECTION('',(1.,0.,0.));
#59 = ADVANCED_FACE('',(#60),#101,.F.);
#60 = FACE_BOUND('',#61,.F.);
#61 = EDGE_LOOP('',(#62,#70,#71,#79,#87,#95));
#62 = ORIENTED_EDGE('',*,*,#63,.F.);
#63 = EDGE_CURVE('',#41,#64,#66,.T.);
#64 = VERTEX_POINT('',#65);
#65 = CARTESIAN_POINT('',(61.90576269563,103.89056543867,120.));
#66 = LINE('',#67,#68);
#67 = CARTESIAN_POINT('',(48.382801127583,107.5140320701,120.));
#68 = VECTOR('',#69,1.);
#69 = DIRECTION('',(0.965925826289,-0.258819045103,0.));
#70 = ORIENTED_EDGE('',*,*,#49,.T.);
#71 = ORIENTED_EDGE('',*,*,#72,.T.);
#72 = EDGE_CURVE('',#24,#73,#75,.T.);
#73 = VERTEX_POINT('',#74);
#74 = CARTESIAN_POINT('',(49.94658678136,107.09501696704,123.));
#75 = LINE('',#76,#77);
#76 = CARTESIAN_POINT('',(43.553171996138,108.80812729562,123.));
#77 = VECTOR('',#78,1.);
#78 = DIRECTION('',(-0.965925826289,0.258819045103,0.));
#79 = ORIENTED_EDGE('',*,*,#80,.T.);
#80 = EDGE_CURVE('',#73,#81,#83,.T.);
#81 = VERTEX_POINT('',#82);
#82 = CARTESIAN_POINT('',(49.94658678136,107.09501696704,124.));
#83 = LINE('',#84,#85);
#84 = CARTESIAN_POINT('',(49.94658678136,107.09501696704,123.));
#85 = VECTOR('',#86,1.);
#86 = DIRECTION('',(0.,0.,1.));
#87 = ORIENTED_EDGE('',*,*,#88,.T.);
#88 = EDGE_CURVE('',#81,#89,#91,.T.);
#89 = VERTEX_POINT('',#90);
#90 = CARTESIAN_POINT('',(61.90576269563,103.89056543867,124.));
#91 = LINE('',#92,#93);
#92 = CARTESIAN_POINT('',(48.382801127583,107.5140320701,124.));
#93 = VECTOR('',#94,1.);
#94 = DIRECTION('',(0.965925826289,-0.258819045103,0.));
#95 = ORIENTED_EDGE('',*,*,#96,.F.);
#96 = EDGE_CURVE('',#64,#89,#97,.T.);
#97 = LINE('',#98,#99);
#98 = CARTESIAN_POINT('',(61.90576269563,103.89056543867,120.));
#99 = VECTOR('',#100,1.);
#100 = DIRECTION('',(0.,0.,1.));
#101 = PLANE('',#102);
#102 = AXIS2_PLACEMENT_3D('',#103,#104,#105);
#103 = CARTESIAN_POINT('',(48.382801127583,107.5140320701,120.));
#104 = DIRECTION('',(0.258819045103,0.965925826289,0.));
#105 = DIRECTION('',(0.,0.,1.));
#106 = ADVANCED_FACE('',(#107),#164,.T.);
#107 = FACE_BOUND('',#108,.T.);
#108 = EDGE_LOOP('',(#109,#117,#118,#126,#134,#142,#150,#158));
#109 = ORIENTED_EDGE('',*,*,#110,.F.);
#110 = EDGE_CURVE('',#89,#111,#113,.T.);
#111 = VERTEX_POINT('',#112);
#112 = CARTESIAN_POINT('',(62.164581740733,104.85649126496,124.));
#113 = LINE('',#114,#115);
#114 = CARTESIAN_POINT('',(61.90576269563,103.89056543867,124.));
#115 = VECTOR('',#116,1.);
#116 = DIRECTION('',(0.258819045103,0.965925826289,0.));
#117 = ORIENTED_EDGE('',*,*,#96,.F.);
#118 = ORIENTED_EDGE('',*,*,#119,.T.);
#119 = EDGE_CURVE('',#64,#120,#122,.T.);
#120 = VERTEX_POINT('',#121);
#121 = CARTESIAN_POINT('',(63.458676966245,109.6861203964,120.));
#122 = LINE('',#123,#124);
#123 = CARTESIAN_POINT('',(61.90576269563,103.89056543867,120.));
#124 = VECTOR('',#125,1.);
#125 = DIRECTION('',(0.258819045103,0.965925826289,0.));
#126 = ORIENTED_EDGE('',*,*,#127,.T.);
#127 = EDGE_CURVE('',#120,#128,#130,.T.);
#128 = VERTEX_POINT('',#129);
#129 = CARTESIAN_POINT('',(63.458676966245,109.6861203964,124.));
#130 = LINE('',#131,#132);
#131 = CARTESIAN_POINT('',(63.458676966245,109.6861203964,120.));
#132 = VECTOR('',#133,1.);
#133 = DIRECTION('',(0.,0.,1.));
#134 = ORIENTED_EDGE('',*,*,#135,.F.);
#135 = EDGE_CURVE('',#136,#128,#138,.T.);
#136 = VERTEX_POINT('',#137);
#137 = CARTESIAN_POINT('',(63.199857921143,108.72019457011,124.));
#138 = LINE('',#139,#140);
#139 = CARTESIAN_POINT('',(61.90576269563,103.89056543867,124.));
#140 = VECTOR('',#141,1.);
#141 = DIRECTION('',(0.258819045103,0.965925826289,0.));
#142 = ORIENTED_EDGE('',*,*,#143,.F.);
#143 = EDGE_CURVE('',#144,#136,#146,.T.);
#144 = VERTEX_POINT('',#145);
#145 = CARTESIAN_POINT('',(63.199857921143,108.72019457011,123.));
#146 = LINE('',#147,#148);
#147 = CARTESIAN_POINT('',(63.199857921143,108.72019457011,123.));
#148 = VECTOR('',#149,1.);
#149 = DIRECTION('',(0.,0.,1.));
#150 = ORIENTED_EDGE('',*,*,#151,.T.);
#151 = EDGE_CURVE('',#144,#152,#154,.T.);
#152 = VERTEX_POINT('',#153);
#153 = CARTESIAN_POINT('',(62.164581740733,104.85649126496,123.));
#154 = LINE('',#155,#156);
#155 = CARTESIAN_POINT('',(62.293991263284,105.3394541781,123.));
#156 = VECTOR('',#157,1.);
#157 = DIRECTION('',(-0.258819045103,-0.965925826289,0.));
#158 = ORIENTED_EDGE('',*,*,#159,.T.);
#159 = EDGE_CURVE('',#152,#111,#160,.T.);
#160 = LINE('',#161,#162);
#161 = CARTESIAN_POINT('',(62.164581740733,104.85649126496,123.));
#162 = VECTOR('',#163,1.);
#163 = DIRECTION('',(0.,0.,1.));
#164 = PLANE('',#165);
#165 = AXIS2_PLACEMENT_3D('',#166,#167,#168);
#166 = CARTESIAN_POINT('',(61.90576269563,103.89056543867,120.));
#167 = DIRECTION('',(0.965925826289,-0.258819045103,0.));
#168 = DIRECTION('',(0.,0.,1.));
#169 = ADVANCED_FACE('',(#170),#211,.T.);
#170 = FACE_BOUND('',#171,.T.);
#171 = EDGE_LOOP('',(#172,#180,#188,#196,#204,#210));
#172 = ORIENTED_EDGE('',*,*,#173,.F.);
#173 = EDGE_CURVE('',#174,#120,#176,.T.);
#174 = VERTEX_POINT('',#175);
#175 = CARTESIAN_POINT('',(53.485294148983,112.35848026809,120.));
#176 = LINE('',#177,#178);
#177 = CARTESIAN_POINT('',(49.935715398198,113.30958702784,120.));
#178 = VECTOR('',#179,1.);
#179 = DIRECTION('',(0.965925826289,-0.258819045103,0.));
#180 = ORIENTED_EDGE('',*,*,#181,.T.);
#181 = EDGE_CURVE('',#174,#182,#184,.T.);
#182 = VERTEX_POINT('',#183);
#183 = CARTESIAN_POINT('',(53.485294148983,112.35848026809,123.));
#184 = LINE('',#185,#186);
#185 = CARTESIAN_POINT('',(53.485294148983,112.35848026809,104.));
#186 = VECTOR('',#187,1.);
#187 = DIRECTION('',(0.,0.,1.));
#188 = ORIENTED_EDGE('',*,*,#189,.T.);
#189 = EDGE_CURVE('',#182,#190,#192,.T.);
#190 = VERTEX_POINT('',#191);
#191 = CARTESIAN_POINT('',(51.499501051975,112.89057192477,123.));
#192 = LINE('',#193,#194);
#193 = CARTESIAN_POINT('',(45.106086266753,114.60368225335,123.));
#194 = VECTOR('',#195,1.);
#195 = DIRECTION('',(-0.965925826289,0.258819045103,0.));
#196 = ORIENTED_EDGE('',*,*,#197,.T.);
#197 = EDGE_CURVE('',#190,#198,#200,.T.);
#198 = VERTEX_POINT('',#199);
#199 = CARTESIAN_POINT('',(51.499501051975,112.89057192477,124.));
#200 = LINE('',#201,#202);
#201 = CARTESIAN_POINT('',(51.499501051975,112.89057192477,123.));
#202 = VECTOR('',#203,1.);
#203 = DIRECTION('',(0.,0.,1.));
#204 = ORIENTED_EDGE('',*,*,#205,.T.);
#205 = EDGE_CURVE('',#198,#128,#206,.T.);
#206 = LINE('',#207,#208);
#207 = CARTESIAN_POINT('',(49.935715398198,113.30958702784,124.));
#208 = VECTOR('',#209,1.);
#209 = DIRECTION('',(0.965925826289,-0.258819045103,0.));
#210 = ORIENTED_EDGE('',*,*,#127,.F.);
#211 = PLANE('',#212);
#212 = AXIS2_PLACEMENT_3D('',#213,#214,#215);
#213 = CARTESIAN_POINT('',(49.935715398198,113.30958702784,120.));
#214 = DIRECTION('',(0.258819045103,0.965925826289,0.));
#215 = DIRECTION('',(0.,0.,1.));
#216 = ADVANCED_FACE('',(#217),#601,.T.);
#217 = FACE_BOUND('',#218,.T.);
#218 = EDGE_LOOP('',(#219,#220,#229,#238,#246,#255,#263,#276,#284,#312,
    #320,#329,#337,#346,#354,#363,#371,#420,#428,#441,#449,#458,#466,
    #475,#483,#492,#500,#509,#517,#526,#534,#543,#551,#560,#568,#577,
    #585,#594));
#219 = ORIENTED_EDGE('',*,*,#181,.F.);
#220 = ORIENTED_EDGE('',*,*,#221,.T.);
#221 = EDGE_CURVE('',#174,#222,#224,.T.);
#222 = VERTEX_POINT('',#223);
#223 = CARTESIAN_POINT('',(53.5,113.,120.));
#224 = CIRCLE('',#225,14.);
#225 = AXIS2_PLACEMENT_3D('',#226,#227,#228);
#226 = CARTESIAN_POINT('',(39.5,113.,120.));
#227 = DIRECTION('',(0.,0.,1.));
#228 = DIRECTION('',(1.,0.,0.));
#229 = ORIENTED_EDGE('',*,*,#230,.T.);
#230 = EDGE_CURVE('',#222,#231,#233,.T.);
#231 = VERTEX_POINT('',#232);
#232 = CARTESIAN_POINT('',(53.496785345214,113.3,120.));
#233 = CIRCLE('',#234,14.);
#234 = AXIS2_PLACEMENT_3D('',#235,#236,#237);
#235 = CARTESIAN_POINT('',(39.5,113.,120.));
#236 = DIRECTION('',(0.,0.,1.));
#237 = DIRECTION('',(1.,0.,0.));
#238 = ORIENTED_EDGE('',*,*,#239,.F.);
#239 = EDGE_CURVE('',#240,#231,#242,.T.);
#240 = VERTEX_POINT('',#241);
#241 = CARTESIAN_POINT('',(53.496785345214,113.3,118.));
#242 = LINE('',#243,#244);
#243 = CARTESIAN_POINT('',(53.496785345214,113.3,104.));
#244 = VECTOR('',#245,1.);
#245 = DIRECTION('',(0.,0.,1.));
#246 = ORIENTED_EDGE('',*,*,#247,.T.);
#247 = EDGE_CURVE('',#240,#248,#250,.T.);
#248 = VERTEX_POINT('',#249);
#249 = CARTESIAN_POINT('',(52.576696830622,118.,118.));
#250 = CIRCLE('',#251,14.);
#251 = AXIS2_PLACEMENT_3D('',#252,#253,#254);
#252 = CARTESIAN_POINT('',(39.5,113.,118.));
#253 = DIRECTION('',(0.,0.,1.));
#254 = DIRECTION('',(1.,0.,0.));
#255 = ORIENTED_EDGE('',*,*,#256,.F.);
#256 = EDGE_CURVE('',#257,#248,#259,.T.);
#257 = VERTEX_POINT('',#258);
#258 = CARTESIAN_POINT('',(52.576696830622,118.,113.64645510925));
#259 = LINE('',#260,#261);
#260 = CARTESIAN_POINT('',(52.576696830622,118.,104.));
#261 = VECTOR('',#262,1.);
#262 = DIRECTION('',(0.,0.,1.));
#263 = ORIENTED_EDGE('',*,*,#264,.F.);
#264 = EDGE_CURVE('',#265,#257,#267,.T.);
#265 = VERTEX_POINT('',#266);
#266 = CARTESIAN_POINT('',(52.149110640674,119.,113.47172935629));
#267 = B_SPLINE_CURVE_WITH_KNOTS('',7,(#268,#269,#270,#271,#272,#273,
    #274,#275),.UNSPECIFIED.,.F.,.F.,(8,8),(0.,1.),
  .PIECEWISE_BEZIER_KNOTS.);
#268 = CARTESIAN_POINT('',(52.149110356069,119.0000006,113.47172919175)
  );
#269 = CARTESIAN_POINT('',(52.295730600849,118.69089802146,
    113.5564986239));
#270 = CARTESIAN_POINT('',(52.437329342137,118.3696245686,113.6156278719
    ));
#271 = CARTESIAN_POINT('',(52.570052398519,118.04217963379,
    113.65518530323));
#272 = CARTESIAN_POINT('',(52.692593758281,117.71187089781,
    113.68007076274));
#273 = CARTESIAN_POINT('',(52.804784953584,117.38008683884,
    113.69407403691));
#274 = CARTESIAN_POINT('',(52.907072501511,117.04641845973,113.7));
#275 = CARTESIAN_POINT('',(53.,116.70809924354,113.7));
#276 = ORIENTED_EDGE('',*,*,#277,.F.);
#277 = EDGE_CURVE('',#278,#265,#280,.T.);
#278 = VERTEX_POINT('',#279);
#279 = CARTESIAN_POINT('',(52.149110640674,119.,110.5282706437));
#280 = LINE('',#281,#282);
#281 = CARTESIAN_POINT('',(52.149110640674,119.,104.));
#282 = VECTOR('',#283,1.);
#283 = DIRECTION('',(0.,0.,1.));
#284 = ORIENTED_EDGE('',*,*,#285,.F.);
#285 = EDGE_CURVE('',#286,#278,#288,.T.);
#286 = VERTEX_POINT('',#287);
#287 = CARTESIAN_POINT('',(52.576696830622,118.,110.35354489074));
#288 = B_SPLINE_CURVE_WITH_KNOTS('',8,(#289,#290,#291,#292,#293,#294,
    #295,#296,#297,#298,#299,#300,#301,#302,#303,#304,#305,#306,#307,
    #308,#309,#310,#311),.UNSPECIFIED.,.F.,.F.,(9,7,7,9),(0.,
    0.341406991409,0.94665687372,1.),.UNSPECIFIED.);
#289 = CARTESIAN_POINT('',(53.5,113.,110.37519231907));
#290 = CARTESIAN_POINT('',(53.5,113.26447326073,110.37519231907));
#291 = CARTESIAN_POINT('',(53.494290127796,113.52882882442,
    110.37343536582));
#292 = CARTESIAN_POINT('',(53.482879214901,113.79303402926,
    110.36992356818));
#293 = CARTESIAN_POINT('',(53.46576715436,114.05704253494,
    110.36478081967));
#294 = CARTESIAN_POINT('',(53.442947289798,114.3207841081,
    110.35824995932));
#295 = CARTESIAN_POINT('',(53.414411981113,114.58415445777,
    110.35068669167));
#296 = CARTESIAN_POINT('',(53.380161346791,114.84700512096,
    110.34255026578));
#297 = CARTESIAN_POINT('',(53.269398205991,115.5738371479,
    110.31992592823));
#298 = CARTESIAN_POINT('',(53.181607988105,116.03018719936,
    110.30557857116));
#299 = CARTESIAN_POINT('',(53.076811698353,116.48348602181,
    110.29422574424));
#300 = CARTESIAN_POINT('',(52.954066045691,116.93655906489,
    110.28936813389));
#301 = CARTESIAN_POINT('',(52.812470208847,117.38928398299,
    110.29571648323));
#302 = CARTESIAN_POINT('',(52.651989586182,117.83907584678,
    110.31974298769));
#303 = CARTESIAN_POINT('',(52.474157509191,118.2807666645,
    110.36999819262));
#304 = CARTESIAN_POINT('',(52.268449753853,118.74180833332,
    110.46534320524));
#305 = CARTESIAN_POINT('',(52.251684949403,118.77904743637,
    110.47336356482));
#306 = CARTESIAN_POINT('',(52.234819624497,118.81617829968,
    110.4816908034));
#307 = CARTESIAN_POINT('',(52.217856999138,118.85319544436,
    110.49033430932));
#308 = CARTESIAN_POINT('',(52.200800649411,118.89009291555,
    110.4993038148));
#309 = CARTESIAN_POINT('',(52.183654507481,118.92686428242,
    110.50860939589));
#310 = CARTESIAN_POINT('',(52.166422861592,118.96350263816,
    110.51826147246));
#311 = CARTESIAN_POINT('',(52.149110356069,119.0000006,110.52827080825)
  );
#312 = ORIENTED_EDGE('',*,*,#313,.F.);
#313 = EDGE_CURVE('',#314,#286,#316,.T.);
#314 = VERTEX_POINT('',#315);
#315 = CARTESIAN_POINT('',(52.576696830622,118.,106.));
#316 = LINE('',#317,#318);
#317 = CARTESIAN_POINT('',(52.576696830622,118.,104.));
#318 = VECTOR('',#319,1.);
#319 = DIRECTION('',(0.,0.,1.));
#320 = ORIENTED_EDGE('',*,*,#321,.F.);
#321 = EDGE_CURVE('',#322,#314,#324,.T.);
#322 = VERTEX_POINT('',#323);
#323 = CARTESIAN_POINT('',(53.496785345214,113.3,106.));
#324 = CIRCLE('',#325,14.);
#325 = AXIS2_PLACEMENT_3D('',#326,#327,#328);
#326 = CARTESIAN_POINT('',(39.5,113.,106.));
#327 = DIRECTION('',(0.,0.,1.));
#328 = DIRECTION('',(1.,0.,0.));
#329 = ORIENTED_EDGE('',*,*,#330,.F.);
#330 = EDGE_CURVE('',#331,#322,#333,.T.);
#331 = VERTEX_POINT('',#332);
#332 = CARTESIAN_POINT('',(53.496785345214,113.3,104.));
#333 = LINE('',#334,#335);
#334 = CARTESIAN_POINT('',(53.496785345214,113.3,104.));
#335 = VECTOR('',#336,1.);
#336 = DIRECTION('',(0.,0.,1.));
#337 = ORIENTED_EDGE('',*,*,#338,.T.);
#338 = EDGE_CURVE('',#331,#339,#341,.T.);
#339 = VERTEX_POINT('',#340);
#340 = CARTESIAN_POINT('',(25.503214654786,113.3,104.));
#341 = CIRCLE('',#342,14.);
#342 = AXIS2_PLACEMENT_3D('',#343,#344,#345);
#343 = CARTESIAN_POINT('',(39.5,113.,104.));
#344 = DIRECTION('',(0.,0.,1.));
#345 = DIRECTION('',(1.,0.,0.));
#346 = ORIENTED_EDGE('',*,*,#347,.T.);
#347 = EDGE_CURVE('',#339,#348,#350,.T.);
#348 = VERTEX_POINT('',#349);
#349 = CARTESIAN_POINT('',(25.503214654786,113.3,106.));
#350 = LINE('',#351,#352);
#351 = CARTESIAN_POINT('',(25.503214654786,113.3,104.));
#352 = VECTOR('',#353,1.);
#353 = DIRECTION('',(0.,0.,1.));
#354 = ORIENTED_EDGE('',*,*,#355,.F.);
#355 = EDGE_CURVE('',#356,#348,#358,.T.);
#356 = VERTEX_POINT('',#357);
#357 = CARTESIAN_POINT('',(26.423303169378,118.,106.));
#358 = CIRCLE('',#359,14.);
#359 = AXIS2_PLACEMENT_3D('',#360,#361,#362);
#360 = CARTESIAN_POINT('',(39.5,113.,106.));
#361 = DIRECTION('',(0.,0.,1.));
#362 = DIRECTION('',(1.,0.,0.));
#363 = ORIENTED_EDGE('',*,*,#364,.T.);
#364 = EDGE_CURVE('',#356,#365,#367,.T.);
#365 = VERTEX_POINT('',#366);
#366 = CARTESIAN_POINT('',(26.423303169378,118.,110.35354489074));
#367 = LINE('',#368,#369);
#368 = CARTESIAN_POINT('',(26.423303169378,118.,104.));
#369 = VECTOR('',#370,1.);
#370 = DIRECTION('',(0.,0.,1.));
#371 = ORIENTED_EDGE('',*,*,#372,.T.);
#372 = EDGE_CURVE('',#365,#373,#375,.T.);
#373 = VERTEX_POINT('',#374);
#374 = CARTESIAN_POINT('',(26.850889359326,119.,110.5282706437));
#375 = B_SPLINE_CURVE_WITH_KNOTS('',8,(#376,#377,#378,#379,#380,#381,
    #382,#383,#384,#385,#386,#387,#388,#389,#390,#391,#392,#393,#394,
    #395,#396,#397,#398,#399,#400,#401,#402,#403,#404,#405,#406,#407,
    #408,#409,#410,#411,#412,#413,#414,#415,#416,#417,#418,#419),
  .UNSPECIFIED.,.F.,.F.,(9,7,7,7,7,7,9),(0.,0.212979850767,
    0.327513328212,0.499050016757,0.670586705299,0.973318286461,1.),
  .UNSPECIFIED.);
#376 = CARTESIAN_POINT('',(26.850889643931,106.9999994,110.52827080825)
  );
#377 = CARTESIAN_POINT('',(26.711988063903,107.29282960645,
    110.44796397147));
#378 = CARTESIAN_POINT('',(26.577394626698,107.59658593603,
    110.39013810361));
#379 = CARTESIAN_POINT('',(26.450204056005,107.90647700104,
    110.35005084186));
#380 = CARTESIAN_POINT('',(26.331758493249,108.21958173519,
    110.32371717366));
#381 = CARTESIAN_POINT('',(26.222478173454,108.53424230296,
    110.30790460547));
#382 = CARTESIAN_POINT('',(26.122248486923,108.84997785531,
    110.30006804071));
#383 = CARTESIAN_POINT('',(26.030644261702,109.1676369218,
    110.29823076193));
#384 = CARTESIAN_POINT('',(25.902437328125,109.66259683307,
    110.30220919496));
#385 = CARTESIAN_POINT('',(25.860179051142,109.83614871686,
    110.30487357613));
#386 = CARTESIAN_POINT('',(25.820501766367,110.01010373061,
    110.30854408348));
#387 = CARTESIAN_POINT('',(25.78340489396,110.18441581575,
    110.31297714402));
#388 = CARTESIAN_POINT('',(25.74888433594,110.3590511012,110.31795111665
    ));
#389 = CARTESIAN_POINT('',(25.716934033436,110.53398799978,
    110.32326482529));
#390 = CARTESIAN_POINT('',(25.687547523929,110.70921730449,
    110.32873609194));
#391 = CARTESIAN_POINT('',(25.620539188391,111.14762589408,
    110.34238396405));
#392 = CARTESIAN_POINT('',(25.586088199968,111.41123562009,
    110.35055419143));
#393 = CARTESIAN_POINT('',(25.557386234857,111.67536777156,
    110.35815454222));
#394 = CARTESIAN_POINT('',(25.534433181576,111.9398734089,
    110.36472061602));
#395 = CARTESIAN_POINT('',(25.517221175293,112.20464822112,
    110.36989267072));
#396 = CARTESIAN_POINT('',(25.505743452415,112.46962235127,
    110.37342503999));
#397 = CARTESIAN_POINT('',(25.5,112.73475017037,110.37519231907));
#398 = CARTESIAN_POINT('',(25.5,113.26524982962,110.37519231907));
#399 = CARTESIAN_POINT('',(25.505743452415,113.53037764872,
    110.37342503999));
#400 = CARTESIAN_POINT('',(25.517221175293,113.79535177887,
    110.36989267072));
#401 = CARTESIAN_POINT('',(25.534433181576,114.06012659109,
    110.36472061602));
#402 = CARTESIAN_POINT('',(25.557386234858,114.32463222843,
    110.35815454222));
#403 = CARTESIAN_POINT('',(25.586088199968,114.5887643799,
    110.35055419143));
#404 = CARTESIAN_POINT('',(25.620539188391,114.85237410591,
    110.34238396405));
#405 = CARTESIAN_POINT('',(25.731630560825,115.57920027631,
    110.3197575127));
#406 = CARTESIAN_POINT('',(25.819462941063,116.03484083282,
    110.30546118326));
#407 = CARTESIAN_POINT('',(25.924253996551,116.48744263299,
    110.29418090026));
#408 = CARTESIAN_POINT('',(26.046941606862,116.93980700708,
    110.28940880819));
#409 = CARTESIAN_POINT('',(26.18841939849,117.3918093647,110.29584151047
    ));
#410 = CARTESIAN_POINT('',(26.348719647248,117.84087581912,
    110.31992789131));
#411 = CARTESIAN_POINT('',(26.526312008189,118.28185820231,
    110.37018653995));
#412 = CARTESIAN_POINT('',(26.731723657148,118.74219350979,
    110.46542617742));
#413 = CARTESIAN_POINT('',(26.748464578715,118.77937662772,
    110.47343740273));
#414 = CARTESIAN_POINT('',(26.765305699855,118.81645178473,
    110.48175466989));
#415 = CARTESIAN_POINT('',(26.782243812573,118.85341352293,
    110.49038732748));
#416 = CARTESIAN_POINT('',(26.799275355289,118.89025591213,
    110.49934506623));
#417 = CARTESIAN_POINT('',(26.816396412844,118.92697254989,
    110.50863791895));
#418 = CARTESIAN_POINT('',(26.833602716499,118.9635565615,110.5182762606
    ));
#419 = CARTESIAN_POINT('',(26.850889643931,119.0000006,110.52827080825)
  );
#420 = ORIENTED_EDGE('',*,*,#421,.T.);
#421 = EDGE_CURVE('',#373,#422,#424,.T.);
#422 = VERTEX_POINT('',#423);
#423 = CARTESIAN_POINT('',(26.850889359326,119.,113.47172935629));
#424 = LINE('',#425,#426);
#425 = CARTESIAN_POINT('',(26.850889359326,119.,104.));
#426 = VECTOR('',#427,1.);
#427 = DIRECTION('',(0.,0.,1.));
#428 = ORIENTED_EDGE('',*,*,#429,.F.);
#429 = EDGE_CURVE('',#430,#422,#432,.T.);
#430 = VERTEX_POINT('',#431);
#431 = CARTESIAN_POINT('',(26.423303169378,118.,113.64645510925));
#432 = B_SPLINE_CURVE_WITH_KNOTS('',7,(#433,#434,#435,#436,#437,#438,
    #439,#440),.UNSPECIFIED.,.F.,.F.,(8,8),(0.,1.),
  .PIECEWISE_BEZIER_KNOTS.);
#433 = CARTESIAN_POINT('',(26.,116.70809924354,113.7));
#434 = CARTESIAN_POINT('',(26.092935260274,117.04644671789,113.7));
#435 = CARTESIAN_POINT('',(26.195224179254,117.38011367461,
    113.69407306197));
#436 = CARTESIAN_POINT('',(26.307411606337,117.71188300651,
    113.68006905429));
#437 = CARTESIAN_POINT('',(26.429946416352,118.0421740137,
    113.65518442953));
#438 = CARTESIAN_POINT('',(26.562663648486,118.36960749894,
    113.61562963833));
#439 = CARTESIAN_POINT('',(26.704262052623,118.69088253362,
    113.55650287135));
#440 = CARTESIAN_POINT('',(26.850889643931,119.0000006,113.47172919175)
  );
#441 = ORIENTED_EDGE('',*,*,#442,.T.);
#442 = EDGE_CURVE('',#430,#443,#445,.T.);
#443 = VERTEX_POINT('',#444);
#444 = CARTESIAN_POINT('',(26.423303169378,118.,118.));
#445 = LINE('',#446,#447);
#446 = CARTESIAN_POINT('',(26.423303169378,118.,104.));
#447 = VECTOR('',#448,1.);
#448 = DIRECTION('',(0.,0.,1.));
#449 = ORIENTED_EDGE('',*,*,#450,.T.);
#450 = EDGE_CURVE('',#443,#451,#453,.T.);
#451 = VERTEX_POINT('',#452);
#452 = CARTESIAN_POINT('',(25.503214654786,113.3,118.));
#453 = CIRCLE('',#454,14.);
#454 = AXIS2_PLACEMENT_3D('',#455,#456,#457);
#455 = CARTESIAN_POINT('',(39.5,113.,118.));
#456 = DIRECTION('',(0.,0.,1.));
#457 = DIRECTION('',(1.,0.,0.));
#458 = ORIENTED_EDGE('',*,*,#459,.T.);
#459 = EDGE_CURVE('',#451,#460,#462,.T.);
#460 = VERTEX_POINT('',#461);
#461 = CARTESIAN_POINT('',(25.503214654786,113.3,120.));
#462 = LINE('',#463,#464);
#463 = CARTESIAN_POINT('',(25.503214654786,113.3,104.));
#464 = VECTOR('',#465,1.);
#465 = DIRECTION('',(0.,0.,1.));
#466 = ORIENTED_EDGE('',*,*,#467,.T.);
#467 = EDGE_CURVE('',#460,#468,#470,.T.);
#468 = VERTEX_POINT('',#469);
#469 = CARTESIAN_POINT('',(25.514705851017,112.35848026809,120.));
#470 = CIRCLE('',#471,14.);
#471 = AXIS2_PLACEMENT_3D('',#472,#473,#474);
#472 = CARTESIAN_POINT('',(39.5,113.,120.));
#473 = DIRECTION('',(0.,0.,1.));
#474 = DIRECTION('',(1.,0.,0.));
#475 = ORIENTED_EDGE('',*,*,#476,.T.);
#476 = EDGE_CURVE('',#468,#477,#479,.T.);
#477 = VERTEX_POINT('',#478);
#478 = CARTESIAN_POINT('',(25.514705851017,112.35848026809,123.));
#479 = LINE('',#480,#481);
#480 = CARTESIAN_POINT('',(25.514705851017,112.35848026809,104.));
#481 = VECTOR('',#482,1.);
#482 = DIRECTION('',(0.,0.,1.));
#483 = ORIENTED_EDGE('',*,*,#484,.F.);
#484 = EDGE_CURVE('',#485,#477,#487,.T.);
#485 = VERTEX_POINT('',#486);
#486 = CARTESIAN_POINT('',(26.577534959331,118.38608366744,123.));
#487 = CIRCLE('',#488,14.);
#488 = AXIS2_PLACEMENT_3D('',#489,#490,#491);
#489 = CARTESIAN_POINT('',(39.5,113.,123.));
#490 = DIRECTION('',(0.,0.,1.));
#491 = DIRECTION('',(1.,0.,0.));
#492 = ORIENTED_EDGE('',*,*,#493,.F.);
#493 = EDGE_CURVE('',#494,#485,#496,.T.);
#494 = VERTEX_POINT('',#495);
#495 = CARTESIAN_POINT('',(26.577534959331,118.38608366744,120.));
#496 = LINE('',#497,#498);
#497 = CARTESIAN_POINT('',(26.577534959331,118.38608366744,120.));
#498 = VECTOR('',#499,1.);
#499 = DIRECTION('',(0.,0.,1.));
#500 = ORIENTED_EDGE('',*,*,#501,.F.);
#501 = EDGE_CURVE('',#502,#494,#504,.T.);
#502 = VERTEX_POINT('',#503);
#503 = CARTESIAN_POINT('',(30.018993577438,123.30099593317,120.));
#504 = CIRCLE('',#505,14.);
#505 = AXIS2_PLACEMENT_3D('',#506,#507,#508);
#506 = CARTESIAN_POINT('',(39.5,113.,120.));
#507 = DIRECTION('',(0.,0.,1.));
#508 = DIRECTION('',(1.,0.,0.));
#509 = ORIENTED_EDGE('',*,*,#510,.T.);
#510 = EDGE_CURVE('',#502,#511,#513,.T.);
#511 = VERTEX_POINT('',#512);
#512 = CARTESIAN_POINT('',(30.018993577438,123.30099593317,123.));
#513 = LINE('',#514,#515);
#514 = CARTESIAN_POINT('',(30.018993577438,123.30099593317,120.));
#515 = VECTOR('',#516,1.);
#516 = DIRECTION('',(0.,0.,1.));
#517 = ORIENTED_EDGE('',*,*,#518,.F.);
#518 = EDGE_CURVE('',#519,#511,#521,.T.);
#519 = VERTEX_POINT('',#520);
#520 = CARTESIAN_POINT('',(34.5,126.07669683062,123.));
#521 = CIRCLE('',#522,14.);
#522 = AXIS2_PLACEMENT_3D('',#523,#524,#525);
#523 = CARTESIAN_POINT('',(39.5,113.,123.));
#524 = DIRECTION('',(0.,0.,1.));
#525 = DIRECTION('',(1.,0.,0.));
#526 = ORIENTED_EDGE('',*,*,#527,.F.);
#527 = EDGE_CURVE('',#528,#519,#530,.T.);
#528 = VERTEX_POINT('',#529);
#529 = CARTESIAN_POINT('',(34.5,126.07669683062,120.));
#530 = LINE('',#531,#532);
#531 = CARTESIAN_POINT('',(34.5,126.07669683062,120.));
#532 = VECTOR('',#533,1.);
#533 = DIRECTION('',(0.,0.,1.));
#534 = ORIENTED_EDGE('',*,*,#535,.F.);
#535 = EDGE_CURVE('',#536,#528,#538,.T.);
#536 = VERTEX_POINT('',#537);
#537 = CARTESIAN_POINT('',(44.5,126.07669683062,120.));
#538 = CIRCLE('',#539,14.);
#539 = AXIS2_PLACEMENT_3D('',#540,#541,#542);
#540 = CARTESIAN_POINT('',(39.5,113.,120.));
#541 = DIRECTION('',(0.,0.,1.));
#542 = DIRECTION('',(1.,0.,0.));
#543 = ORIENTED_EDGE('',*,*,#544,.T.);
#544 = EDGE_CURVE('',#536,#545,#547,.T.);
#545 = VERTEX_POINT('',#546);
#546 = CARTESIAN_POINT('',(44.5,126.07669683062,123.));
#547 = LINE('',#548,#549);
#548 = CARTESIAN_POINT('',(44.5,126.07669683062,120.));
#549 = VECTOR('',#550,1.);
#550 = DIRECTION('',(0.,0.,1.));
#551 = ORIENTED_EDGE('',*,*,#552,.F.);
#552 = EDGE_CURVE('',#553,#545,#555,.T.);
#553 = VERTEX_POINT('',#554);
#554 = CARTESIAN_POINT('',(48.981006422562,123.30099593317,123.));
#555 = CIRCLE('',#556,14.);
#556 = AXIS2_PLACEMENT_3D('',#557,#558,#559);
#557 = CARTESIAN_POINT('',(39.5,113.,123.));
#558 = DIRECTION('',(0.,0.,1.));
#559 = DIRECTION('',(1.,0.,0.));
#560 = ORIENTED_EDGE('',*,*,#561,.F.);
#561 = EDGE_CURVE('',#562,#553,#564,.T.);
#562 = VERTEX_POINT('',#563);
#563 = CARTESIAN_POINT('',(48.981006422562,123.30099593317,120.));
#564 = LINE('',#565,#566);
#565 = CARTESIAN_POINT('',(48.981006422562,123.30099593317,120.));
#566 = VECTOR('',#567,1.);
#567 = DIRECTION('',(0.,0.,1.));
#568 = ORIENTED_EDGE('',*,*,#569,.F.);
#569 = EDGE_CURVE('',#570,#562,#572,.T.);
#570 = VERTEX_POINT('',#571);
#571 = CARTESIAN_POINT('',(52.422465040669,118.38608366744,120.));
#572 = CIRCLE('',#573,14.);
#573 = AXIS2_PLACEMENT_3D('',#574,#575,#576);
#574 = CARTESIAN_POINT('',(39.5,113.,120.));
#575 = DIRECTION('',(0.,0.,1.));
#576 = DIRECTION('',(1.,0.,0.));
#577 = ORIENTED_EDGE('',*,*,#578,.T.);
#578 = EDGE_CURVE('',#570,#579,#581,.T.);
#579 = VERTEX_POINT('',#580);
#580 = CARTESIAN_POINT('',(52.422465040669,118.38608366744,123.));
#581 = LINE('',#582,#583);
#582 = CARTESIAN_POINT('',(52.422465040669,118.38608366744,120.));
#583 = VECTOR('',#584,1.);
#584 = DIRECTION('',(0.,0.,1.));
#585 = ORIENTED_EDGE('',*,*,#586,.F.);
#586 = EDGE_CURVE('',#587,#579,#589,.T.);
#587 = VERTEX_POINT('',#588);
#588 = CARTESIAN_POINT('',(53.5,113.,123.));
#589 = CIRCLE('',#590,14.);
#590 = AXIS2_PLACEMENT_3D('',#591,#592,#593);
#591 = CARTESIAN_POINT('',(39.5,113.,123.));
#592 = DIRECTION('',(0.,0.,1.));
#593 = DIRECTION('',(1.,0.,0.));
#594 = ORIENTED_EDGE('',*,*,#595,.F.);
#595 = EDGE_CURVE('',#182,#587,#596,.T.);
#596 = CIRCLE('',#597,14.);
#597 = AXIS2_PLACEMENT_3D('',#598,#599,#600);
#598 = CARTESIAN_POINT('',(39.5,113.,123.));
#599 = DIRECTION('',(0.,0.,1.));
#600 = DIRECTION('',(1.,0.,0.));
#601 = CYLINDRICAL_SURFACE('',#602,14.);
#602 = AXIS2_PLACEMENT_3D('',#603,#604,#605);
#603 = CARTESIAN_POINT('',(39.5,113.,104.));
#604 = DIRECTION('',(0.,0.,1.));
#605 = DIRECTION('',(1.,0.,0.));
#606 = ADVANCED_FACE('',(#607,#655),#666,.F.);
#607 = FACE_BOUND('',#608,.F.);
#608 = EDGE_LOOP('',(#609,#610,#618,#626,#632,#633,#641,#649));
#609 = ORIENTED_EDGE('',*,*,#330,.F.);
#610 = ORIENTED_EDGE('',*,*,#611,.T.);
#611 = EDGE_CURVE('',#331,#612,#614,.T.);
#612 = VERTEX_POINT('',#613);
#613 = CARTESIAN_POINT('',(49.69558728078,113.3,104.));
#614 = LINE('',#615,#616);
#615 = CARTESIAN_POINT('',(24.5,113.3,104.));
#616 = VECTOR('',#617,1.);
#617 = DIRECTION('',(-1.,0.,0.));
#618 = ORIENTED_EDGE('',*,*,#619,.T.);
#619 = EDGE_CURVE('',#612,#620,#622,.T.);
#620 = VERTEX_POINT('',#621);
#621 = CARTESIAN_POINT('',(49.69558728078,113.3,120.));
#622 = LINE('',#623,#624);
#623 = CARTESIAN_POINT('',(49.69558728078,113.3,103.9));
#624 = VECTOR('',#625,1.);
#625 = DIRECTION('',(0.,0.,1.));
#626 = ORIENTED_EDGE('',*,*,#627,.F.);
#627 = EDGE_CURVE('',#231,#620,#628,.T.);
#628 = LINE('',#629,#630);
#629 = CARTESIAN_POINT('',(24.5,113.3,120.));
#630 = VECTOR('',#631,1.);
#631 = DIRECTION('',(-1.,0.,0.));
#632 = ORIENTED_EDGE('',*,*,#239,.F.);
#633 = ORIENTED_EDGE('',*,*,#634,.F.);
#634 = EDGE_CURVE('',#635,#240,#637,.T.);
#635 = VERTEX_POINT('',#636);
#636 = CARTESIAN_POINT('',(57.5,113.3,118.));
#637 = LINE('',#638,#639);
#638 = CARTESIAN_POINT('',(29.,113.3,118.));
#639 = VECTOR('',#640,1.);
#640 = DIRECTION('',(-1.,0.,0.));
#641 = ORIENTED_EDGE('',*,*,#642,.F.);
#642 = EDGE_CURVE('',#643,#635,#645,.T.);
#643 = VERTEX_POINT('',#644);
#644 = CARTESIAN_POINT('',(57.5,113.3,106.));
#645 = LINE('',#646,#647);
#646 = CARTESIAN_POINT('',(57.5,113.3,103.));
#647 = VECTOR('',#648,1.);
#648 = DIRECTION('',(0.,0.,1.));
#649 = ORIENTED_EDGE('',*,*,#650,.T.);
#650 = EDGE_CURVE('',#643,#322,#651,.T.);
#651 = LINE('',#652,#653);
#652 = CARTESIAN_POINT('',(29.,113.3,106.));
#653 = VECTOR('',#654,1.);
#654 = DIRECTION('',(-1.,0.,0.));
#655 = FACE_BOUND('',#656,.F.);
#656 = EDGE_LOOP('',(#657));
#657 = ORIENTED_EDGE('',*,*,#658,.F.);
#658 = EDGE_CURVE('',#659,#659,#661,.T.);
#659 = VERTEX_POINT('',#660);
#660 = CARTESIAN_POINT('',(53.,113.3,113.7));
#661 = CIRCLE('',#662,1.7);
#662 = AXIS2_PLACEMENT_3D('',#663,#664,#665);
#663 = CARTESIAN_POINT('',(53.,113.3,112.));
#664 = DIRECTION('',(0.,1.,0.));
#665 = DIRECTION('',(0.,0.,1.));
#666 = PLANE('',#667);
#667 = AXIS2_PLACEMENT_3D('',#668,#669,#670);
#668 = CARTESIAN_POINT('',(9.5,113.3,100.));
#669 = DIRECTION('',(0.,1.,0.));
#670 = DIRECTION('',(0.,0.,1.));
#671 = ADVANCED_FACE('',(#672,#753),#789,.F.);
#672 = FACE_BOUND('',#673,.F.);
#673 = EDGE_LOOP('',(#674,#683,#684,#693,#701,#710,#719,#728,#737,#746)
  );
#674 = ORIENTED_EDGE('',*,*,#675,.F.);
#675 = EDGE_CURVE('',#620,#676,#678,.T.);
#676 = VERTEX_POINT('',#677);
#677 = CARTESIAN_POINT('',(49.206516509501,116.13425226342,120.));
#678 = CIRCLE('',#679,10.2);
#679 = AXIS2_PLACEMENT_3D('',#680,#681,#682);
#680 = CARTESIAN_POINT('',(39.5,113.,120.));
#681 = DIRECTION('',(0.,0.,1.));
#682 = DIRECTION('',(1.,0.,0.));
#683 = ORIENTED_EDGE('',*,*,#619,.F.);
#684 = ORIENTED_EDGE('',*,*,#685,.T.);
#685 = EDGE_CURVE('',#612,#686,#688,.T.);
#686 = VERTEX_POINT('',#687);
#687 = CARTESIAN_POINT('',(29.30441271922,113.3,104.));
#688 = CIRCLE('',#689,10.2);
#689 = AXIS2_PLACEMENT_3D('',#690,#691,#692);
#690 = CARTESIAN_POINT('',(39.5,113.,104.));
#691 = DIRECTION('',(0.,0.,1.));
#692 = DIRECTION('',(1.,0.,0.));
#693 = ORIENTED_EDGE('',*,*,#694,.T.);
#694 = EDGE_CURVE('',#686,#695,#697,.T.);
#695 = VERTEX_POINT('',#696);
#696 = CARTESIAN_POINT('',(29.30441271922,113.3,120.));
#697 = LINE('',#698,#699);
#698 = CARTESIAN_POINT('',(29.30441271922,113.3,103.9));
#699 = VECTOR('',#700,1.);
#700 = DIRECTION('',(0.,0.,1.));
#701 = ORIENTED_EDGE('',*,*,#702,.F.);
#702 = EDGE_CURVE('',#703,#695,#705,.T.);
#703 = VERTEX_POINT('',#704);
#704 = CARTESIAN_POINT('',(29.793483490499,116.13425226342,120.));
#705 = CIRCLE('',#706,10.2);
#706 = AXIS2_PLACEMENT_3D('',#707,#708,#709);
#707 = CARTESIAN_POINT('',(39.5,113.,120.));
#708 = DIRECTION('',(0.,0.,1.));
#709 = DIRECTION('',(1.,0.,0.));
#710 = ORIENTED_EDGE('',*,*,#711,.F.);
#711 = EDGE_CURVE('',#712,#703,#714,.T.);
#712 = VERTEX_POINT('',#713);
#713 = CARTESIAN_POINT('',(33.234942108605,121.04916452915,120.));
#714 = CIRCLE('',#715,10.2);
#715 = AXIS2_PLACEMENT_3D('',#716,#717,#718);
#716 = CARTESIAN_POINT('',(39.5,113.,120.));
#717 = DIRECTION('',(0.,0.,1.));
#718 = DIRECTION('',(1.,0.,0.));
#719 = ORIENTED_EDGE('',*,*,#720,.F.);
#720 = EDGE_CURVE('',#721,#712,#723,.T.);
#721 = VERTEX_POINT('',#722);
#722 = CARTESIAN_POINT('',(34.5,121.89044430835,120.));
#723 = CIRCLE('',#724,10.2);
#724 = AXIS2_PLACEMENT_3D('',#725,#726,#727);
#725 = CARTESIAN_POINT('',(39.5,113.,120.));
#726 = DIRECTION('',(0.,0.,1.));
#727 = DIRECTION('',(1.,0.,0.));
#728 = ORIENTED_EDGE('',*,*,#729,.F.);
#729 = EDGE_CURVE('',#730,#721,#732,.T.);
#730 = VERTEX_POINT('',#731);
#731 = CARTESIAN_POINT('',(44.5,121.89044430835,120.));
#732 = CIRCLE('',#733,10.2);
#733 = AXIS2_PLACEMENT_3D('',#734,#735,#736);
#734 = CARTESIAN_POINT('',(39.5,113.,120.));
#735 = DIRECTION('',(0.,0.,1.));
#736 = DIRECTION('',(1.,0.,0.));
#737 = ORIENTED_EDGE('',*,*,#738,.F.);
#738 = EDGE_CURVE('',#739,#730,#741,.T.);
#739 = VERTEX_POINT('',#740);
#740 = CARTESIAN_POINT('',(45.765057891395,121.04916452915,120.));
#741 = CIRCLE('',#742,10.2);
#742 = AXIS2_PLACEMENT_3D('',#743,#744,#745);
#743 = CARTESIAN_POINT('',(39.5,113.,120.));
#744 = DIRECTION('',(0.,0.,1.));
#745 = DIRECTION('',(1.,0.,0.));
#746 = ORIENTED_EDGE('',*,*,#747,.F.);
#747 = EDGE_CURVE('',#676,#739,#748,.T.);
#748 = CIRCLE('',#749,10.2);
#749 = AXIS2_PLACEMENT_3D('',#750,#751,#752);
#750 = CARTESIAN_POINT('',(39.5,113.,120.));
#751 = DIRECTION('',(0.,0.,1.));
#752 = DIRECTION('',(1.,0.,0.));
#753 = FACE_BOUND('',#754,.F.);
#754 = EDGE_LOOP('',(#755,#765,#774,#782));
#755 = ORIENTED_EDGE('',*,*,#756,.T.);
#756 = EDGE_CURVE('',#757,#759,#761,.T.);
#757 = VERTEX_POINT('',#758);
#758 = CARTESIAN_POINT('',(42.5,122.74884608556,106.));
#759 = VERTEX_POINT('',#760);
#760 = CARTESIAN_POINT('',(42.5,122.74884608556,119.8));
#761 = LINE('',#762,#763);
#762 = CARTESIAN_POINT('',(42.5,122.74884608556,103.9));
#763 = VECTOR('',#764,1.);
#764 = DIRECTION('',(0.,0.,1.));
#765 = ORIENTED_EDGE('',*,*,#766,.T.);
#766 = EDGE_CURVE('',#759,#767,#769,.T.);
#767 = VERTEX_POINT('',#768);
#768 = CARTESIAN_POINT('',(36.5,122.74884608556,119.8));
#769 = CIRCLE('',#770,10.2);
#770 = AXIS2_PLACEMENT_3D('',#771,#772,#773);
#771 = CARTESIAN_POINT('',(39.5,113.,119.8));
#772 = DIRECTION('',(0.,0.,1.));
#773 = DIRECTION('',(1.,0.,0.));
#774 = ORIENTED_EDGE('',*,*,#775,.F.);
#775 = EDGE_CURVE('',#776,#767,#778,.T.);
#776 = VERTEX_POINT('',#777);
#777 = CARTESIAN_POINT('',(36.5,122.74884608556,106.));
#778 = LINE('',#779,#780);
#779 = CARTESIAN_POINT('',(36.5,122.74884608556,103.9));
#780 = VECTOR('',#781,1.);
#781 = DIRECTION('',(0.,0.,1.));
#782 = ORIENTED_EDGE('',*,*,#783,.F.);
#783 = EDGE_CURVE('',#757,#776,#784,.T.);
#784 = CIRCLE('',#785,10.2);
#785 = AXIS2_PLACEMENT_3D('',#786,#787,#788);
#786 = CARTESIAN_POINT('',(39.5,113.,106.));
#787 = DIRECTION('',(0.,0.,1.));
#788 = DIRECTION('',(1.,0.,0.));
#789 = CYLINDRICAL_SURFACE('',#790,10.2);
#790 = AXIS2_PLACEMENT_3D('',#791,#792,#793);
#791 = CARTESIAN_POINT('',(39.5,113.,103.9));
#792 = DIRECTION('',(0.,0.,1.));
#793 = DIRECTION('',(1.,0.,0.));
#794 = ADVANCED_FACE('',(#795,#834),#845,.F.);
#795 = FACE_BOUND('',#796,.F.);
#796 = EDGE_LOOP('',(#797,#803,#804,#812,#820,#826,#827,#833));
#797 = ORIENTED_EDGE('',*,*,#798,.T.);
#798 = EDGE_CURVE('',#686,#339,#799,.T.);
#799 = LINE('',#800,#801);
#800 = CARTESIAN_POINT('',(24.5,113.3,104.));
#801 = VECTOR('',#802,1.);
#802 = DIRECTION('',(-1.,0.,0.));
#803 = ORIENTED_EDGE('',*,*,#347,.T.);
#804 = ORIENTED_EDGE('',*,*,#805,.T.);
#805 = EDGE_CURVE('',#348,#806,#808,.T.);
#806 = VERTEX_POINT('',#807);
#807 = CARTESIAN_POINT('',(21.5,113.3,106.));
#808 = LINE('',#809,#810);
#809 = CARTESIAN_POINT('',(15.5,113.3,106.));
#810 = VECTOR('',#811,1.);
#811 = DIRECTION('',(-1.,0.,0.));
#812 = ORIENTED_EDGE('',*,*,#813,.T.);
#813 = EDGE_CURVE('',#806,#814,#816,.T.);
#814 = VERTEX_POINT('',#815);
#815 = CARTESIAN_POINT('',(21.5,113.3,118.));
#816 = LINE('',#817,#818);
#817 = CARTESIAN_POINT('',(21.5,113.3,103.));
#818 = VECTOR('',#819,1.);
#819 = DIRECTION('',(0.,0.,1.));
#820 = ORIENTED_EDGE('',*,*,#821,.F.);
#821 = EDGE_CURVE('',#451,#814,#822,.T.);
#822 = LINE('',#823,#824);
#823 = CARTESIAN_POINT('',(15.5,113.3,118.));
#824 = VECTOR('',#825,1.);
#825 = DIRECTION('',(-1.,0.,0.));
#826 = ORIENTED_EDGE('',*,*,#459,.T.);
#827 = ORIENTED_EDGE('',*,*,#828,.F.);
#828 = EDGE_CURVE('',#695,#460,#829,.T.);
#829 = LINE('',#830,#831);
#830 = CARTESIAN_POINT('',(24.5,113.3,120.));
#831 = VECTOR('',#832,1.);
#832 = DIRECTION('',(-1.,0.,0.));
#833 = ORIENTED_EDGE('',*,*,#694,.F.);
#834 = FACE_BOUND('',#835,.F.);
#835 = EDGE_LOOP('',(#836));
#836 = ORIENTED_EDGE('',*,*,#837,.F.);
#837 = EDGE_CURVE('',#838,#838,#840,.T.);
#838 = VERTEX_POINT('',#839);
#839 = CARTESIAN_POINT('',(26.,113.3,113.7));
#840 = CIRCLE('',#841,1.7);
#841 = AXIS2_PLACEMENT_3D('',#842,#843,#844);
#842 = CARTESIAN_POINT('',(26.,113.3,112.));
#843 = DIRECTION('',(0.,1.,0.));
#844 = DIRECTION('',(0.,0.,1.));
#845 = PLANE('',#846);
#846 = AXIS2_PLACEMENT_3D('',#847,#848,#849);
#847 = CARTESIAN_POINT('',(9.5,113.3,100.));
#848 = DIRECTION('',(0.,1.,0.));
#849 = DIRECTION('',(0.,0.,1.));
#850 = ADVANCED_FACE('',(#851),#880,.T.);
#851 = FACE_BOUND('',#852,.T.);
#852 = EDGE_LOOP('',(#853,#854,#855,#856,#864,#873));
#853 = ORIENTED_EDGE('',*,*,#189,.F.);
#854 = ORIENTED_EDGE('',*,*,#595,.T.);
#855 = ORIENTED_EDGE('',*,*,#586,.T.);
#856 = ORIENTED_EDGE('',*,*,#857,.T.);
#857 = EDGE_CURVE('',#579,#858,#860,.T.);
#858 = VERTEX_POINT('',#859);
#859 = CARTESIAN_POINT('',(50.738415985682,117.20689982442,123.));
#860 = LINE('',#861,#862);
#861 = CARTESIAN_POINT('',(41.220729309053,110.54254386713,123.));
#862 = VECTOR('',#863,1.);
#863 = DIRECTION('',(-0.819152044289,-0.573576436351,0.));
#864 = ORIENTED_EDGE('',*,*,#865,.F.);
#865 = EDGE_CURVE('',#866,#858,#868,.T.);
#866 = VERTEX_POINT('',#867);
#867 = CARTESIAN_POINT('',(51.5,113.,123.));
#868 = CIRCLE('',#869,12.);
#869 = AXIS2_PLACEMENT_3D('',#870,#871,#872);
#870 = CARTESIAN_POINT('',(39.5,113.,123.));
#871 = DIRECTION('',(0.,0.,1.));
#872 = DIRECTION('',(1.,0.,0.));
#873 = ORIENTED_EDGE('',*,*,#874,.F.);
#874 = EDGE_CURVE('',#190,#866,#875,.T.);
#875 = CIRCLE('',#876,12.);
#876 = AXIS2_PLACEMENT_3D('',#877,#878,#879);
#877 = CARTESIAN_POINT('',(39.5,113.,123.));
#878 = DIRECTION('',(0.,0.,1.));
#879 = DIRECTION('',(1.,0.,0.));
#880 = PLANE('',#881);
#881 = AXIS2_PLACEMENT_3D('',#882,#883,#884);
#882 = CARTESIAN_POINT('',(39.5,113.,123.));
#883 = DIRECTION('',(0.,0.,1.));
#884 = DIRECTION('',(1.,0.,0.));
#885 = ADVANCED_FACE('',(#886),#920,.F.);
#886 = FACE_BOUND('',#887,.F.);
#887 = EDGE_LOOP('',(#888,#896,#897,#898,#906,#914));
#888 = ORIENTED_EDGE('',*,*,#889,.F.);
#889 = EDGE_CURVE('',#570,#890,#892,.T.);
#890 = VERTEX_POINT('',#891);
#891 = CARTESIAN_POINT('',(52.729815531313,118.60129279786,120.));
#892 = LINE('',#893,#894);
#893 = CARTESIAN_POINT('',(41.220729309053,110.54254386713,120.));
#894 = VECTOR('',#895,1.);
#895 = DIRECTION('',(0.819152044289,0.573576436351,0.));
#896 = ORIENTED_EDGE('',*,*,#578,.T.);
#897 = ORIENTED_EDGE('',*,*,#857,.T.);
#898 = ORIENTED_EDGE('',*,*,#899,.T.);
#899 = EDGE_CURVE('',#858,#900,#902,.T.);
#900 = VERTEX_POINT('',#901);
#901 = CARTESIAN_POINT('',(50.738415985682,117.20689982442,124.));
#902 = LINE('',#903,#904);
#903 = CARTESIAN_POINT('',(50.738415985682,117.20689982442,123.));
#904 = VECTOR('',#905,1.);
#905 = DIRECTION('',(0.,0.,1.));
#906 = ORIENTED_EDGE('',*,*,#907,.T.);
#907 = EDGE_CURVE('',#900,#908,#910,.T.);
#908 = VERTEX_POINT('',#909);
#909 = CARTESIAN_POINT('',(52.729815531313,118.60129279786,124.));
#910 = LINE('',#911,#912);
#911 = CARTESIAN_POINT('',(41.220729309053,110.54254386713,124.));
#912 = VECTOR('',#913,1.);
#913 = DIRECTION('',(0.819152044289,0.573576436351,0.));
#914 = ORIENTED_EDGE('',*,*,#915,.T.);
#915 = EDGE_CURVE('',#908,#890,#916,.T.);
#916 = LINE('',#917,#918);
#917 = CARTESIAN_POINT('',(52.729815531313,118.60129279786,119.95));
#918 = VECTOR('',#919,1.);
#919 = DIRECTION('',(0.,0.,-1.));
#920 = PLANE('',#921);
#921 = AXIS2_PLACEMENT_3D('',#922,#923,#924);
#922 = CARTESIAN_POINT('',(41.220729309053,110.54254386713,120.));
#923 = DIRECTION('',(-0.573576436351,0.819152044289,0.));
#924 = DIRECTION('',(0.,0.,1.));
#925 = ADVANCED_FACE('',(#926),#944,.F.);
#926 = FACE_BOUND('',#927,.F.);
#927 = EDGE_LOOP('',(#928,#936,#937,#938));
#928 = ORIENTED_EDGE('',*,*,#929,.F.);
#929 = EDGE_CURVE('',#562,#930,#932,.T.);
#930 = VERTEX_POINT('',#931);
#931 = CARTESIAN_POINT('',(49.288356913207,123.51620506359,120.));
#932 = LINE('',#933,#934);
#933 = CARTESIAN_POINT('',(37.779270690947,115.45745613286,120.));
#934 = VECTOR('',#935,1.);
#935 = DIRECTION('',(0.819152044289,0.573576436351,0.));
#936 = ORIENTED_EDGE('',*,*,#569,.F.);
#937 = ORIENTED_EDGE('',*,*,#889,.T.);
#938 = ORIENTED_EDGE('',*,*,#939,.T.);
#939 = EDGE_CURVE('',#890,#930,#940,.T.);
#940 = LINE('',#941,#942);
#941 = CARTESIAN_POINT('',(52.758494353131,118.56033519565,120.));
#942 = VECTOR('',#943,1.);
#943 = DIRECTION('',(-0.573576436351,0.819152044289,0.));
#944 = PLANE('',#945);
#945 = AXIS2_PLACEMENT_3D('',#946,#947,#948);
#946 = CARTESIAN_POINT('',(41.220729309053,110.54254386713,120.));
#947 = DIRECTION('',(0.,0.,1.));
#948 = DIRECTION('',(0.819152044289,0.573576436351,0.));
#949 = ADVANCED_FACE('',(#950),#984,.T.);
#950 = FACE_BOUND('',#951,.T.);
#951 = EDGE_LOOP('',(#952,#953,#954,#962,#970,#978));
#952 = ORIENTED_EDGE('',*,*,#929,.F.);
#953 = ORIENTED_EDGE('',*,*,#561,.T.);
#954 = ORIENTED_EDGE('',*,*,#955,.T.);
#955 = EDGE_CURVE('',#553,#956,#958,.T.);
#956 = VERTEX_POINT('',#957);
#957 = CARTESIAN_POINT('',(47.296957367576,122.12181209016,123.));
#958 = LINE('',#959,#960);
#959 = CARTESIAN_POINT('',(37.779270690947,115.45745613286,123.));
#960 = VECTOR('',#961,1.);
#961 = DIRECTION('',(-0.819152044289,-0.573576436351,0.));
#962 = ORIENTED_EDGE('',*,*,#963,.T.);
#963 = EDGE_CURVE('',#956,#964,#966,.T.);
#964 = VERTEX_POINT('',#965);
#965 = CARTESIAN_POINT('',(47.296957367576,122.12181209016,124.));
#966 = LINE('',#967,#968);
#967 = CARTESIAN_POINT('',(47.296957367576,122.12181209016,123.));
#968 = VECTOR('',#969,1.);
#969 = DIRECTION('',(0.,0.,1.));
#970 = ORIENTED_EDGE('',*,*,#971,.T.);
#971 = EDGE_CURVE('',#964,#972,#974,.T.);
#972 = VERTEX_POINT('',#973);
#973 = CARTESIAN_POINT('',(49.288356913207,123.51620506359,124.));
#974 = LINE('',#975,#976);
#975 = CARTESIAN_POINT('',(37.779270690947,115.45745613286,124.));
#976 = VECTOR('',#977,1.);
#977 = DIRECTION('',(0.819152044289,0.573576436351,0.));
#978 = ORIENTED_EDGE('',*,*,#979,.T.);
#979 = EDGE_CURVE('',#972,#930,#980,.T.);
#980 = LINE('',#981,#982);
#981 = CARTESIAN_POINT('',(49.288356913207,123.51620506359,119.95));
#982 = VECTOR('',#983,1.);
#983 = DIRECTION('',(0.,0.,-1.));
#984 = PLANE('',#985);
#985 = AXIS2_PLACEMENT_3D('',#986,#987,#988);
#986 = CARTESIAN_POINT('',(37.779270690947,115.45745613286,120.));
#987 = DIRECTION('',(-0.573576436351,0.819152044289,0.));
#988 = DIRECTION('',(0.,0.,1.));
#989 = ADVANCED_FACE('',(#990),#1009,.T.);
#990 = FACE_BOUND('',#991,.T.);
#991 = EDGE_LOOP('',(#992,#993,#994,#1002));
#992 = ORIENTED_EDGE('',*,*,#955,.F.);
#993 = ORIENTED_EDGE('',*,*,#552,.T.);
#994 = ORIENTED_EDGE('',*,*,#995,.F.);
#995 = EDGE_CURVE('',#996,#545,#998,.T.);
#996 = VERTEX_POINT('',#997);
#997 = CARTESIAN_POINT('',(44.5,123.90871211463,123.));
#998 = LINE('',#999,#1000);
#999 = CARTESIAN_POINT('',(44.5,124.44268292682,123.));
#1000 = VECTOR('',#1001,1.);
#1001 = DIRECTION('',(0.,1.,0.));
#1002 = ORIENTED_EDGE('',*,*,#1003,.F.);
#1003 = EDGE_CURVE('',#956,#996,#1004,.T.);
#1004 = CIRCLE('',#1005,12.);
#1005 = AXIS2_PLACEMENT_3D('',#1006,#1007,#1008);
#1006 = CARTESIAN_POINT('',(39.5,113.,123.));
#1007 = DIRECTION('',(0.,0.,1.));
#1008 = DIRECTION('',(1.,0.,0.));
#1009 = PLANE('',#1010);
#1010 = AXIS2_PLACEMENT_3D('',#1011,#1012,#1013);
#1011 = CARTESIAN_POINT('',(39.5,113.,123.));
#1012 = DIRECTION('',(0.,0.,1.));
#1013 = DIRECTION('',(1.,0.,0.));
#1014 = ADVANCED_FACE('',(#1015),#1081,.T.);
#1015 = FACE_BOUND('',#1016,.T.);
#1016 = EDGE_LOOP('',(#1017,#1027,#1033,#1034,#1035,#1043,#1051,#1059,
    #1067,#1075));
#1017 = ORIENTED_EDGE('',*,*,#1018,.F.);
#1018 = EDGE_CURVE('',#1019,#1021,#1023,.T.);
#1019 = VERTEX_POINT('',#1020);
#1020 = CARTESIAN_POINT('',(44.5,123.90871211463,124.));
#1021 = VERTEX_POINT('',#1022);
#1022 = CARTESIAN_POINT('',(44.5,140.1,124.));
#1023 = LINE('',#1024,#1025);
#1024 = CARTESIAN_POINT('',(44.5,121.,124.));
#1025 = VECTOR('',#1026,1.);
#1026 = DIRECTION('',(0.,1.,0.));
#1027 = ORIENTED_EDGE('',*,*,#1028,.F.);
#1028 = EDGE_CURVE('',#996,#1019,#1029,.T.);
#1029 = LINE('',#1030,#1031);
#1030 = CARTESIAN_POINT('',(44.5,123.90871211463,123.));
#1031 = VECTOR('',#1032,1.);
#1032 = DIRECTION('',(0.,0.,1.));
#1033 = ORIENTED_EDGE('',*,*,#995,.T.);
#1034 = ORIENTED_EDGE('',*,*,#544,.F.);
#1035 = ORIENTED_EDGE('',*,*,#1036,.T.);
#1036 = EDGE_CURVE('',#536,#1037,#1039,.T.);
#1037 = VERTEX_POINT('',#1038);
#1038 = CARTESIAN_POINT('',(44.5,145.,120.));
#1039 = LINE('',#1040,#1041);
#1040 = CARTESIAN_POINT('',(44.5,121.,120.));
#1041 = VECTOR('',#1042,1.);
#1042 = DIRECTION('',(0.,1.,0.));
#1043 = ORIENTED_EDGE('',*,*,#1044,.T.);
#1044 = EDGE_CURVE('',#1037,#1045,#1047,.T.);
#1045 = VERTEX_POINT('',#1046);
#1046 = CARTESIAN_POINT('',(44.5,145.,124.));
#1047 = LINE('',#1048,#1049);
#1048 = CARTESIAN_POINT('',(44.5,145.,120.));
#1049 = VECTOR('',#1050,1.);
#1050 = DIRECTION('',(0.,0.,1.));
#1051 = ORIENTED_EDGE('',*,*,#1052,.F.);
#1052 = EDGE_CURVE('',#1053,#1045,#1055,.T.);
#1053 = VERTEX_POINT('',#1054);
#1054 = CARTESIAN_POINT('',(44.5,144.1,124.));
#1055 = LINE('',#1056,#1057);
#1056 = CARTESIAN_POINT('',(44.5,121.,124.));
#1057 = VECTOR('',#1058,1.);
#1058 = DIRECTION('',(0.,1.,0.));
#1059 = ORIENTED_EDGE('',*,*,#1060,.T.);
#1060 = EDGE_CURVE('',#1053,#1061,#1063,.T.);
#1061 = VERTEX_POINT('',#1062);
#1062 = CARTESIAN_POINT('',(44.5,144.1,137.));
#1063 = LINE('',#1064,#1065);
#1064 = CARTESIAN_POINT('',(44.5,144.1,123.));
#1065 = VECTOR('',#1066,1.);
#1066 = DIRECTION('',(0.,0.,1.));
#1067 = ORIENTED_EDGE('',*,*,#1068,.T.);
#1068 = EDGE_CURVE('',#1061,#1069,#1071,.T.);
#1069 = VERTEX_POINT('',#1070);
#1070 = CARTESIAN_POINT('',(44.5,140.1,137.));
#1071 = LINE('',#1072,#1073);
#1072 = CARTESIAN_POINT('',(44.5,140.1,137.));
#1073 = VECTOR('',#1074,1.);
#1074 = DIRECTION('',(0.,-1.,0.));
#1075 = ORIENTED_EDGE('',*,*,#1076,.F.);
#1076 = EDGE_CURVE('',#1021,#1069,#1077,.T.);
#1077 = LINE('',#1078,#1079);
#1078 = CARTESIAN_POINT('',(44.5,140.1,123.));
#1079 = VECTOR('',#1080,1.);
#1080 = DIRECTION('',(0.,0.,1.));
#1081 = PLANE('',#1082);
#1082 = AXIS2_PLACEMENT_3D('',#1083,#1084,#1085);
#1083 = CARTESIAN_POINT('',(44.5,135.88536585365,125.32926829268));
#1084 = DIRECTION('',(1.,0.,0.));
#1085 = DIRECTION('',(0.,0.,1.));
#1086 = ADVANCED_FACE('',(#1087),#1105,.F.);
#1087 = FACE_BOUND('',#1088,.F.);
#1088 = EDGE_LOOP('',(#1089,#1097,#1098,#1099));
#1089 = ORIENTED_EDGE('',*,*,#1090,.F.);
#1090 = EDGE_CURVE('',#528,#1091,#1093,.T.);
#1091 = VERTEX_POINT('',#1092);
#1092 = CARTESIAN_POINT('',(34.5,145.,120.));
#1093 = LINE('',#1094,#1095);
#1094 = CARTESIAN_POINT('',(34.5,121.,120.));
#1095 = VECTOR('',#1096,1.);
#1096 = DIRECTION('',(0.,1.,0.));
#1097 = ORIENTED_EDGE('',*,*,#535,.F.);
#1098 = ORIENTED_EDGE('',*,*,#1036,.T.);
#1099 = ORIENTED_EDGE('',*,*,#1100,.F.);
#1100 = EDGE_CURVE('',#1091,#1037,#1101,.T.);
#1101 = LINE('',#1102,#1103);
#1102 = CARTESIAN_POINT('',(34.5,145.,120.));
#1103 = VECTOR('',#1104,1.);
#1104 = DIRECTION('',(1.,0.,0.));
#1105 = PLANE('',#1106);
#1106 = AXIS2_PLACEMENT_3D('',#1107,#1108,#1109);
#1107 = CARTESIAN_POINT('',(34.5,121.,120.));
#1108 = DIRECTION('',(0.,0.,1.));
#1109 = DIRECTION('',(1.,0.,0.));
#1110 = ADVANCED_FACE('',(#1111),#1177,.T.);
#1111 = FACE_BOUND('',#1112,.T.);
#1112 = EDGE_LOOP('',(#1113,#1123,#1131,#1139,#1147,#1155,#1163,#1169,
    #1170,#1171));
#1113 = ORIENTED_EDGE('',*,*,#1114,.T.);
#1114 = EDGE_CURVE('',#1115,#1117,#1119,.T.);
#1115 = VERTEX_POINT('',#1116);
#1116 = CARTESIAN_POINT('',(34.5,123.90871211463,123.));
#1117 = VERTEX_POINT('',#1118);
#1118 = CARTESIAN_POINT('',(34.5,123.90871211463,124.));
#1119 = LINE('',#1120,#1121);
#1120 = CARTESIAN_POINT('',(34.5,123.90871211463,123.));
#1121 = VECTOR('',#1122,1.);
#1122 = DIRECTION('',(0.,0.,1.));
#1123 = ORIENTED_EDGE('',*,*,#1124,.T.);
#1124 = EDGE_CURVE('',#1117,#1125,#1127,.T.);
#1125 = VERTEX_POINT('',#1126);
#1126 = CARTESIAN_POINT('',(34.5,140.1,124.));
#1127 = LINE('',#1128,#1129);
#1128 = CARTESIAN_POINT('',(34.5,121.,124.));
#1129 = VECTOR('',#1130,1.);
#1130 = DIRECTION('',(0.,1.,0.));
#1131 = ORIENTED_EDGE('',*,*,#1132,.T.);
#1132 = EDGE_CURVE('',#1125,#1133,#1135,.T.);
#1133 = VERTEX_POINT('',#1134);
#1134 = CARTESIAN_POINT('',(34.5,140.1,137.));
#1135 = LINE('',#1136,#1137);
#1136 = CARTESIAN_POINT('',(34.5,140.1,123.));
#1137 = VECTOR('',#1138,1.);
#1138 = DIRECTION('',(0.,0.,1.));
#1139 = ORIENTED_EDGE('',*,*,#1140,.F.);
#1140 = EDGE_CURVE('',#1141,#1133,#1143,.T.);
#1141 = VERTEX_POINT('',#1142);
#1142 = CARTESIAN_POINT('',(34.5,144.1,137.));
#1143 = LINE('',#1144,#1145);
#1144 = CARTESIAN_POINT('',(34.5,140.1,137.));
#1145 = VECTOR('',#1146,1.);
#1146 = DIRECTION('',(0.,-1.,0.));
#1147 = ORIENTED_EDGE('',*,*,#1148,.F.);
#1148 = EDGE_CURVE('',#1149,#1141,#1151,.T.);
#1149 = VERTEX_POINT('',#1150);
#1150 = CARTESIAN_POINT('',(34.5,144.1,124.));
#1151 = LINE('',#1152,#1153);
#1152 = CARTESIAN_POINT('',(34.5,144.1,123.));
#1153 = VECTOR('',#1154,1.);
#1154 = DIRECTION('',(0.,0.,1.));
#1155 = ORIENTED_EDGE('',*,*,#1156,.T.);
#1156 = EDGE_CURVE('',#1149,#1157,#1159,.T.);
#1157 = VERTEX_POINT('',#1158);
#1158 = CARTESIAN_POINT('',(34.5,145.,124.));
#1159 = LINE('',#1160,#1161);
#1160 = CARTESIAN_POINT('',(34.5,121.,124.));
#1161 = VECTOR('',#1162,1.);
#1162 = DIRECTION('',(0.,1.,0.));
#1163 = ORIENTED_EDGE('',*,*,#1164,.F.);
#1164 = EDGE_CURVE('',#1091,#1157,#1165,.T.);
#1165 = LINE('',#1166,#1167);
#1166 = CARTESIAN_POINT('',(34.5,145.,120.));
#1167 = VECTOR('',#1168,1.);
#1168 = DIRECTION('',(0.,0.,1.));
#1169 = ORIENTED_EDGE('',*,*,#1090,.F.);
#1170 = ORIENTED_EDGE('',*,*,#527,.T.);
#1171 = ORIENTED_EDGE('',*,*,#1172,.T.);
#1172 = EDGE_CURVE('',#519,#1115,#1173,.T.);
#1173 = LINE('',#1174,#1175);
#1174 = CARTESIAN_POINT('',(34.5,124.44268292682,123.));
#1175 = VECTOR('',#1176,1.);
#1176 = DIRECTION('',(0.,-1.,0.));
#1177 = PLANE('',#1178);
#1178 = AXIS2_PLACEMENT_3D('',#1179,#1180,#1181);
#1179 = CARTESIAN_POINT('',(34.5,135.88536585365,125.32926829268));
#1180 = DIRECTION('',(-1.,-0.,-0.));
#1181 = DIRECTION('',(0.,0.,-1.));
#1182 = ADVANCED_FACE('',(#1183),#1202,.T.);
#1183 = FACE_BOUND('',#1184,.T.);
#1184 = EDGE_LOOP('',(#1185,#1186,#1187,#1195));
#1185 = ORIENTED_EDGE('',*,*,#1172,.F.);
#1186 = ORIENTED_EDGE('',*,*,#518,.T.);
#1187 = ORIENTED_EDGE('',*,*,#1188,.T.);
#1188 = EDGE_CURVE('',#511,#1189,#1191,.T.);
#1189 = VERTEX_POINT('',#1190);
#1190 = CARTESIAN_POINT('',(31.703042632424,122.12181209016,123.));
#1191 = LINE('',#1192,#1193);
#1192 = CARTESIAN_POINT('',(41.220729309053,115.45745613286,123.));
#1193 = VECTOR('',#1194,1.);
#1194 = DIRECTION('',(0.819152044289,-0.573576436351,0.));
#1195 = ORIENTED_EDGE('',*,*,#1196,.F.);
#1196 = EDGE_CURVE('',#1115,#1189,#1197,.T.);
#1197 = CIRCLE('',#1198,12.);
#1198 = AXIS2_PLACEMENT_3D('',#1199,#1200,#1201);
#1199 = CARTESIAN_POINT('',(39.5,113.,123.));
#1200 = DIRECTION('',(0.,0.,1.));
#1201 = DIRECTION('',(1.,0.,0.));
#1202 = PLANE('',#1203);
#1203 = AXIS2_PLACEMENT_3D('',#1204,#1205,#1206);
#1204 = CARTESIAN_POINT('',(39.5,113.,123.));
#1205 = DIRECTION('',(0.,0.,1.));
#1206 = DIRECTION('',(1.,0.,0.));
#1207 = ADVANCED_FACE('',(#1208),#1242,.F.);
#1208 = FACE_BOUND('',#1209,.F.);
#1209 = EDGE_LOOP('',(#1210,#1218,#1219,#1220,#1228,#1236));
#1210 = ORIENTED_EDGE('',*,*,#1211,.F.);
#1211 = EDGE_CURVE('',#502,#1212,#1214,.T.);
#1212 = VERTEX_POINT('',#1213);
#1213 = CARTESIAN_POINT('',(29.711643086793,123.51620506359,120.));
#1214 = LINE('',#1215,#1216);
#1215 = CARTESIAN_POINT('',(41.220729309053,115.45745613286,120.));
#1216 = VECTOR('',#1217,1.);
#1217 = DIRECTION('',(-0.819152044289,0.573576436351,0.));
#1218 = ORIENTED_EDGE('',*,*,#510,.T.);
#1219 = ORIENTED_EDGE('',*,*,#1188,.T.);
#1220 = ORIENTED_EDGE('',*,*,#1221,.T.);
#1221 = EDGE_CURVE('',#1189,#1222,#1224,.T.);
#1222 = VERTEX_POINT('',#1223);
#1223 = CARTESIAN_POINT('',(31.703042632424,122.12181209016,124.));
#1224 = LINE('',#1225,#1226);
#1225 = CARTESIAN_POINT('',(31.703042632424,122.12181209016,123.));
#1226 = VECTOR('',#1227,1.);
#1227 = DIRECTION('',(0.,0.,1.));
#1228 = ORIENTED_EDGE('',*,*,#1229,.T.);
#1229 = EDGE_CURVE('',#1222,#1230,#1232,.T.);
#1230 = VERTEX_POINT('',#1231);
#1231 = CARTESIAN_POINT('',(29.711643086793,123.51620506359,124.));
#1232 = LINE('',#1233,#1234);
#1233 = CARTESIAN_POINT('',(41.220729309053,115.45745613286,124.));
#1234 = VECTOR('',#1235,1.);
#1235 = DIRECTION('',(-0.819152044289,0.573576436351,0.));
#1236 = ORIENTED_EDGE('',*,*,#1237,.T.);
#1237 = EDGE_CURVE('',#1230,#1212,#1238,.T.);
#1238 = LINE('',#1239,#1240);
#1239 = CARTESIAN_POINT('',(29.711643086793,123.51620506359,119.95));
#1240 = VECTOR('',#1241,1.);
#1241 = DIRECTION('',(0.,0.,-1.));
#1242 = PLANE('',#1243);
#1243 = AXIS2_PLACEMENT_3D('',#1244,#1245,#1246);
#1244 = CARTESIAN_POINT('',(41.220729309053,115.45745613286,120.));
#1245 = DIRECTION('',(-0.573576436351,-0.819152044289,0.));
#1246 = DIRECTION('',(0.,0.,1.));
#1247 = ADVANCED_FACE('',(#1248),#1266,.F.);
#1248 = FACE_BOUND('',#1249,.F.);
#1249 = EDGE_LOOP('',(#1250,#1251,#1252,#1260));
#1250 = ORIENTED_EDGE('',*,*,#501,.F.);
#1251 = ORIENTED_EDGE('',*,*,#1211,.T.);
#1252 = ORIENTED_EDGE('',*,*,#1253,.T.);
#1253 = EDGE_CURVE('',#1212,#1254,#1256,.T.);
#1254 = VERTEX_POINT('',#1255);
#1255 = CARTESIAN_POINT('',(26.270184468687,118.60129279786,120.));
#1256 = LINE('',#1257,#1258);
#1257 = CARTESIAN_POINT('',(29.74032190861,123.55716266581,120.));
#1258 = VECTOR('',#1259,1.);
#1259 = DIRECTION('',(-0.573576436351,-0.819152044289,0.));
#1260 = ORIENTED_EDGE('',*,*,#1261,.F.);
#1261 = EDGE_CURVE('',#494,#1254,#1262,.T.);
#1262 = LINE('',#1263,#1264);
#1263 = CARTESIAN_POINT('',(37.779270690947,110.54254386713,120.));
#1264 = VECTOR('',#1265,1.);
#1265 = DIRECTION('',(-0.819152044289,0.573576436351,0.));
#1266 = PLANE('',#1267);
#1267 = AXIS2_PLACEMENT_3D('',#1268,#1269,#1270);
#1268 = CARTESIAN_POINT('',(41.220729309053,115.45745613286,120.));
#1269 = DIRECTION('',(0.,0.,1.));
#1270 = DIRECTION('',(-0.819152044289,0.573576436351,0.));
#1271 = ADVANCED_FACE('',(#1272),#1306,.T.);
#1272 = FACE_BOUND('',#1273,.T.);
#1273 = EDGE_LOOP('',(#1274,#1275,#1276,#1284,#1292,#1300));
#1274 = ORIENTED_EDGE('',*,*,#1261,.F.);
#1275 = ORIENTED_EDGE('',*,*,#493,.T.);
#1276 = ORIENTED_EDGE('',*,*,#1277,.T.);
#1277 = EDGE_CURVE('',#485,#1278,#1280,.T.);
#1278 = VERTEX_POINT('',#1279);
#1279 = CARTESIAN_POINT('',(28.261584014318,117.20689982442,123.));
#1280 = LINE('',#1281,#1282);
#1281 = CARTESIAN_POINT('',(37.779270690947,110.54254386713,123.));
#1282 = VECTOR('',#1283,1.);
#1283 = DIRECTION('',(0.819152044289,-0.573576436351,0.));
#1284 = ORIENTED_EDGE('',*,*,#1285,.T.);
#1285 = EDGE_CURVE('',#1278,#1286,#1288,.T.);
#1286 = VERTEX_POINT('',#1287);
#1287 = CARTESIAN_POINT('',(28.261584014318,117.20689982442,124.));
#1288 = LINE('',#1289,#1290);
#1289 = CARTESIAN_POINT('',(28.261584014318,117.20689982442,123.));
#1290 = VECTOR('',#1291,1.);
#1291 = DIRECTION('',(0.,0.,1.));
#1292 = ORIENTED_EDGE('',*,*,#1293,.T.);
#1293 = EDGE_CURVE('',#1286,#1294,#1296,.T.);
#1294 = VERTEX_POINT('',#1295);
#1295 = CARTESIAN_POINT('',(26.270184468687,118.60129279786,124.));
#1296 = LINE('',#1297,#1298);
#1297 = CARTESIAN_POINT('',(37.779270690947,110.54254386713,124.));
#1298 = VECTOR('',#1299,1.);
#1299 = DIRECTION('',(-0.819152044289,0.573576436351,0.));
#1300 = ORIENTED_EDGE('',*,*,#1301,.T.);
#1301 = EDGE_CURVE('',#1294,#1254,#1302,.T.);
#1302 = LINE('',#1303,#1304);
#1303 = CARTESIAN_POINT('',(26.270184468687,118.60129279786,119.95));
#1304 = VECTOR('',#1305,1.);
#1305 = DIRECTION('',(0.,0.,-1.));
#1306 = PLANE('',#1307);
#1307 = AXIS2_PLACEMENT_3D('',#1308,#1309,#1310);
#1308 = CARTESIAN_POINT('',(37.779270690947,110.54254386713,120.));
#1309 = DIRECTION('',(-0.573576436351,-0.819152044289,0.));
#1310 = DIRECTION('',(0.,0.,1.));
#1311 = ADVANCED_FACE('',(#1312),#1331,.T.);
#1312 = FACE_BOUND('',#1313,.T.);
#1313 = EDGE_LOOP('',(#1314,#1315,#1316,#1324));
#1314 = ORIENTED_EDGE('',*,*,#1277,.F.);
#1315 = ORIENTED_EDGE('',*,*,#484,.T.);
#1316 = ORIENTED_EDGE('',*,*,#1317,.T.);
#1317 = EDGE_CURVE('',#477,#1318,#1320,.T.);
#1318 = VERTEX_POINT('',#1319);
#1319 = CARTESIAN_POINT('',(27.500498948025,112.89057192477,123.));
#1320 = LINE('',#1321,#1322);
#1321 = CARTESIAN_POINT('',(33.893913733247,114.60368225335,123.));
#1322 = VECTOR('',#1323,1.);
#1323 = DIRECTION('',(0.965925826289,0.258819045103,0.));
#1324 = ORIENTED_EDGE('',*,*,#1325,.F.);
#1325 = EDGE_CURVE('',#1278,#1318,#1326,.T.);
#1326 = CIRCLE('',#1327,12.);
#1327 = AXIS2_PLACEMENT_3D('',#1328,#1329,#1330);
#1328 = CARTESIAN_POINT('',(39.5,113.,123.));
#1329 = DIRECTION('',(0.,0.,1.));
#1330 = DIRECTION('',(1.,0.,0.));
#1331 = PLANE('',#1332);
#1332 = AXIS2_PLACEMENT_3D('',#1333,#1334,#1335);
#1333 = CARTESIAN_POINT('',(39.5,113.,123.));
#1334 = DIRECTION('',(0.,0.,1.));
#1335 = DIRECTION('',(1.,0.,0.));
#1336 = ADVANCED_FACE('',(#1337),#1371,.F.);
#1337 = FACE_BOUND('',#1338,.F.);
#1338 = EDGE_LOOP('',(#1339,#1347,#1348,#1349,#1357,#1365));
#1339 = ORIENTED_EDGE('',*,*,#1340,.F.);
#1340 = EDGE_CURVE('',#468,#1341,#1343,.T.);
#1341 = VERTEX_POINT('',#1342);
#1342 = CARTESIAN_POINT('',(15.541323033755,109.6861203964,120.));
#1343 = LINE('',#1344,#1345);
#1344 = CARTESIAN_POINT('',(29.064284601802,113.30958702784,120.));
#1345 = VECTOR('',#1346,1.);
#1346 = DIRECTION('',(-0.965925826289,-0.258819045103,0.));
#1347 = ORIENTED_EDGE('',*,*,#476,.T.);
#1348 = ORIENTED_EDGE('',*,*,#1317,.T.);
#1349 = ORIENTED_EDGE('',*,*,#1350,.T.);
#1350 = EDGE_CURVE('',#1318,#1351,#1353,.T.);
#1351 = VERTEX_POINT('',#1352);
#1352 = CARTESIAN_POINT('',(27.500498948025,112.89057192477,124.));
#1353 = LINE('',#1354,#1355);
#1354 = CARTESIAN_POINT('',(27.500498948025,112.89057192477,123.));
#1355 = VECTOR('',#1356,1.);
#1356 = DIRECTION('',(0.,0.,1.));
#1357 = ORIENTED_EDGE('',*,*,#1358,.T.);
#1358 = EDGE_CURVE('',#1351,#1359,#1361,.T.);
#1359 = VERTEX_POINT('',#1360);
#1360 = CARTESIAN_POINT('',(15.541323033755,109.6861203964,124.));
#1361 = LINE('',#1362,#1363);
#1362 = CARTESIAN_POINT('',(29.064284601802,113.30958702784,124.));
#1363 = VECTOR('',#1364,1.);
#1364 = DIRECTION('',(-0.965925826289,-0.258819045103,0.));
#1365 = ORIENTED_EDGE('',*,*,#1366,.F.);
#1366 = EDGE_CURVE('',#1341,#1359,#1367,.T.);
#1367 = LINE('',#1368,#1369);
#1368 = CARTESIAN_POINT('',(15.541323033755,109.6861203964,120.));
#1369 = VECTOR('',#1370,1.);
#1370 = DIRECTION('',(0.,0.,1.));
#1371 = PLANE('',#1372);
#1372 = AXIS2_PLACEMENT_3D('',#1373,#1374,#1375);
#1373 = CARTESIAN_POINT('',(29.064284601802,113.30958702784,120.));
#1374 = DIRECTION('',(0.258819045103,-0.965925826289,0.));
#1375 = DIRECTION('',(0.,0.,1.));
#1376 = ADVANCED_FACE('',(#1377),#1395,.T.);
#1377 = FACE_BOUND('',#1378,.T.);
#1378 = EDGE_LOOP('',(#1379,#1387,#1393,#1394));
#1379 = ORIENTED_EDGE('',*,*,#1380,.F.);
#1380 = EDGE_CURVE('',#1381,#443,#1383,.T.);
#1381 = VERTEX_POINT('',#1382);
#1382 = CARTESIAN_POINT('',(21.5,118.,118.));
#1383 = LINE('',#1384,#1385);
#1384 = CARTESIAN_POINT('',(21.5,118.,118.));
#1385 = VECTOR('',#1386,1.);
#1386 = DIRECTION('',(1.,0.,0.));
#1387 = ORIENTED_EDGE('',*,*,#1388,.F.);
#1388 = EDGE_CURVE('',#814,#1381,#1389,.T.);
#1389 = LINE('',#1390,#1391);
#1390 = CARTESIAN_POINT('',(21.5,108.,118.));
#1391 = VECTOR('',#1392,1.);
#1392 = DIRECTION('',(0.,1.,0.));
#1393 = ORIENTED_EDGE('',*,*,#821,.F.);
#1394 = ORIENTED_EDGE('',*,*,#450,.F.);
#1395 = PLANE('',#1396);
#1396 = AXIS2_PLACEMENT_3D('',#1397,#1398,#1399);
#1397 = CARTESIAN_POINT('',(21.5,108.,118.));
#1398 = DIRECTION('',(0.,0.,1.));
#1399 = DIRECTION('',(1.,0.,0.));
#1400 = ADVANCED_FACE('',(#1401),#1436,.T.);
#1401 = FACE_BOUND('',#1402,.T.);
#1402 = EDGE_LOOP('',(#1403,#1411,#1417,#1418,#1419,#1428,#1435));
#1403 = ORIENTED_EDGE('',*,*,#1404,.F.);
#1404 = EDGE_CURVE('',#1405,#356,#1407,.T.);
#1405 = VERTEX_POINT('',#1406);
#1406 = CARTESIAN_POINT('',(21.5,118.,106.));
#1407 = LINE('',#1408,#1409);
#1408 = CARTESIAN_POINT('',(21.5,118.,106.));
#1409 = VECTOR('',#1410,1.);
#1410 = DIRECTION('',(1.,0.,0.));
#1411 = ORIENTED_EDGE('',*,*,#1412,.T.);
#1412 = EDGE_CURVE('',#1405,#1381,#1413,.T.);
#1413 = LINE('',#1414,#1415);
#1414 = CARTESIAN_POINT('',(21.5,118.,106.));
#1415 = VECTOR('',#1416,1.);
#1416 = DIRECTION('',(0.,0.,1.));
#1417 = ORIENTED_EDGE('',*,*,#1380,.T.);
#1418 = ORIENTED_EDGE('',*,*,#442,.F.);
#1419 = ORIENTED_EDGE('',*,*,#1420,.F.);
#1420 = EDGE_CURVE('',#1421,#430,#1423,.T.);
#1421 = VERTEX_POINT('',#1422);
#1422 = CARTESIAN_POINT('',(26.,118.,113.7));
#1423 = CIRCLE('',#1424,1.7);
#1424 = AXIS2_PLACEMENT_3D('',#1425,#1426,#1427);
#1425 = CARTESIAN_POINT('',(26.,118.,112.));
#1426 = DIRECTION('',(0.,1.,0.));
#1427 = DIRECTION('',(0.,0.,1.));
#1428 = ORIENTED_EDGE('',*,*,#1429,.F.);
#1429 = EDGE_CURVE('',#365,#1421,#1430,.T.);
#1430 = CIRCLE('',#1431,1.7);
#1431 = AXIS2_PLACEMENT_3D('',#1432,#1433,#1434);
#1432 = CARTESIAN_POINT('',(26.,118.,112.));
#1433 = DIRECTION('',(0.,1.,0.));
#1434 = DIRECTION('',(0.,0.,1.));
#1435 = ORIENTED_EDGE('',*,*,#364,.F.);
#1436 = PLANE('',#1437);
#1437 = AXIS2_PLACEMENT_3D('',#1438,#1439,#1440);
#1438 = CARTESIAN_POINT('',(21.5,118.,106.));
#1439 = DIRECTION('',(0.,1.,0.));
#1440 = DIRECTION('',(0.,0.,1.));
#1441 = ADVANCED_FACE('',(#1442),#1463,.F.);
#1442 = FACE_BOUND('',#1443,.F.);
#1443 = EDGE_LOOP('',(#1444,#1451,#1452,#1453,#1459,#1460,#1461,#1462));
#1444 = ORIENTED_EDGE('',*,*,#1445,.F.);
#1445 = EDGE_CURVE('',#422,#373,#1446,.T.);
#1446 = CIRCLE('',#1447,1.7);
#1447 = AXIS2_PLACEMENT_3D('',#1448,#1449,#1450);
#1448 = CARTESIAN_POINT('',(26.,119.,112.));
#1449 = DIRECTION('',(0.,1.,0.));
#1450 = DIRECTION('',(0.,0.,1.));
#1451 = ORIENTED_EDGE('',*,*,#429,.F.);
#1452 = ORIENTED_EDGE('',*,*,#1420,.F.);
#1453 = ORIENTED_EDGE('',*,*,#1454,.F.);
#1454 = EDGE_CURVE('',#838,#1421,#1455,.T.);
#1455 = LINE('',#1456,#1457);
#1456 = CARTESIAN_POINT('',(26.,107.,113.7));
#1457 = VECTOR('',#1458,1.);
#1458 = DIRECTION('',(0.,1.,0.));
#1459 = ORIENTED_EDGE('',*,*,#837,.T.);
#1460 = ORIENTED_EDGE('',*,*,#1454,.T.);
#1461 = ORIENTED_EDGE('',*,*,#1429,.F.);
#1462 = ORIENTED_EDGE('',*,*,#372,.T.);
#1463 = CYLINDRICAL_SURFACE('',#1464,1.7);
#1464 = AXIS2_PLACEMENT_3D('',#1465,#1466,#1467);
#1465 = CARTESIAN_POINT('',(26.,107.,112.));
#1466 = DIRECTION('',(0.,1.,0.));
#1467 = DIRECTION('',(0.,0.,1.));
#1468 = ADVANCED_FACE('',(#1469),#1473,.F.);
#1469 = FACE_BOUND('',#1470,.F.);
#1470 = EDGE_LOOP('',(#1471,#1472));
#1471 = ORIENTED_EDGE('',*,*,#421,.T.);
#1472 = ORIENTED_EDGE('',*,*,#1445,.T.);
#1473 = PLANE('',#1474);
#1474 = AXIS2_PLACEMENT_3D('',#1475,#1476,#1477);
#1475 = CARTESIAN_POINT('',(26.,119.,112.));
#1476 = DIRECTION('',(0.,1.,0.));
#1477 = DIRECTION('',(0.,0.,1.));
#1478 = ADVANCED_FACE('',(#1479),#1490,.F.);
#1479 = FACE_BOUND('',#1480,.F.);
#1480 = EDGE_LOOP('',(#1481,#1482,#1488,#1489));
#1481 = ORIENTED_EDGE('',*,*,#1404,.F.);
#1482 = ORIENTED_EDGE('',*,*,#1483,.F.);
#1483 = EDGE_CURVE('',#806,#1405,#1484,.T.);
#1484 = LINE('',#1485,#1486);
#1485 = CARTESIAN_POINT('',(21.5,108.,106.));
#1486 = VECTOR('',#1487,1.);
#1487 = DIRECTION('',(0.,1.,0.));
#1488 = ORIENTED_EDGE('',*,*,#805,.F.);
#1489 = ORIENTED_EDGE('',*,*,#355,.F.);
#1490 = PLANE('',#1491);
#1491 = AXIS2_PLACEMENT_3D('',#1492,#1493,#1494);
#1492 = CARTESIAN_POINT('',(21.5,108.,106.));
#1493 = DIRECTION('',(0.,0.,1.));
#1494 = DIRECTION('',(1.,0.,0.));
#1495 = ADVANCED_FACE('',(#1496),#1502,.F.);
#1496 = FACE_BOUND('',#1497,.F.);
#1497 = EDGE_LOOP('',(#1498,#1499,#1500,#1501));
#1498 = ORIENTED_EDGE('',*,*,#611,.F.);
#1499 = ORIENTED_EDGE('',*,*,#338,.T.);
#1500 = ORIENTED_EDGE('',*,*,#798,.F.);
#1501 = ORIENTED_EDGE('',*,*,#685,.F.);
#1502 = PLANE('',#1503);
#1503 = AXIS2_PLACEMENT_3D('',#1504,#1505,#1506);
#1504 = CARTESIAN_POINT('',(39.5,113.,104.));
#1505 = DIRECTION('',(0.,0.,1.));
#1506 = DIRECTION('',(1.,0.,0.));
#1507 = ADVANCED_FACE('',(#1508),#1526,.F.);
#1508 = FACE_BOUND('',#1509,.F.);
#1509 = EDGE_LOOP('',(#1510,#1511,#1512,#1520));
#1510 = ORIENTED_EDGE('',*,*,#321,.F.);
#1511 = ORIENTED_EDGE('',*,*,#650,.F.);
#1512 = ORIENTED_EDGE('',*,*,#1513,.T.);
#1513 = EDGE_CURVE('',#643,#1514,#1516,.T.);
#1514 = VERTEX_POINT('',#1515);
#1515 = CARTESIAN_POINT('',(57.5,118.,106.));
#1516 = LINE('',#1517,#1518);
#1517 = CARTESIAN_POINT('',(57.5,108.,106.));
#1518 = VECTOR('',#1519,1.);
#1519 = DIRECTION('',(0.,1.,0.));
#1520 = ORIENTED_EDGE('',*,*,#1521,.F.);
#1521 = EDGE_CURVE('',#314,#1514,#1522,.T.);
#1522 = LINE('',#1523,#1524);
#1523 = CARTESIAN_POINT('',(48.5,118.,106.));
#1524 = VECTOR('',#1525,1.);
#1525 = DIRECTION('',(1.,0.,0.));
#1526 = PLANE('',#1527);
#1527 = AXIS2_PLACEMENT_3D('',#1528,#1529,#1530);
#1528 = CARTESIAN_POINT('',(48.5,108.,106.));
#1529 = DIRECTION('',(0.,0.,1.));
#1530 = DIRECTION('',(1.,0.,0.));
#1531 = ADVANCED_FACE('',(#1532),#1567,.T.);
#1532 = FACE_BOUND('',#1533,.T.);
#1533 = EDGE_LOOP('',(#1534,#1535,#1536,#1545,#1552,#1553,#1561));
#1534 = ORIENTED_EDGE('',*,*,#1521,.F.);
#1535 = ORIENTED_EDGE('',*,*,#313,.T.);
#1536 = ORIENTED_EDGE('',*,*,#1537,.F.);
#1537 = EDGE_CURVE('',#1538,#286,#1540,.T.);
#1538 = VERTEX_POINT('',#1539);
#1539 = CARTESIAN_POINT('',(53.,118.,113.7));
#1540 = CIRCLE('',#1541,1.7);
#1541 = AXIS2_PLACEMENT_3D('',#1542,#1543,#1544);
#1542 = CARTESIAN_POINT('',(53.,118.,112.));
#1543 = DIRECTION('',(0.,1.,0.));
#1544 = DIRECTION('',(0.,0.,1.));
#1545 = ORIENTED_EDGE('',*,*,#1546,.F.);
#1546 = EDGE_CURVE('',#257,#1538,#1547,.T.);
#1547 = CIRCLE('',#1548,1.7);
#1548 = AXIS2_PLACEMENT_3D('',#1549,#1550,#1551);
#1549 = CARTESIAN_POINT('',(53.,118.,112.));
#1550 = DIRECTION('',(0.,1.,0.));
#1551 = DIRECTION('',(0.,0.,1.));
#1552 = ORIENTED_EDGE('',*,*,#256,.T.);
#1553 = ORIENTED_EDGE('',*,*,#1554,.T.);
#1554 = EDGE_CURVE('',#248,#1555,#1557,.T.);
#1555 = VERTEX_POINT('',#1556);
#1556 = CARTESIAN_POINT('',(57.5,118.,118.));
#1557 = LINE('',#1558,#1559);
#1558 = CARTESIAN_POINT('',(48.5,118.,118.));
#1559 = VECTOR('',#1560,1.);
#1560 = DIRECTION('',(1.,0.,0.));
#1561 = ORIENTED_EDGE('',*,*,#1562,.F.);
#1562 = EDGE_CURVE('',#1514,#1555,#1563,.T.);
#1563 = LINE('',#1564,#1565);
#1564 = CARTESIAN_POINT('',(57.5,118.,106.));
#1565 = VECTOR('',#1566,1.);
#1566 = DIRECTION('',(0.,0.,1.));
#1567 = PLANE('',#1568);
#1568 = AXIS2_PLACEMENT_3D('',#1569,#1570,#1571);
#1569 = CARTESIAN_POINT('',(48.5,118.,106.));
#1570 = DIRECTION('',(0.,1.,0.));
#1571 = DIRECTION('',(0.,0.,1.));
#1572 = ADVANCED_FACE('',(#1573),#1594,.F.);
#1573 = FACE_BOUND('',#1574,.F.);
#1574 = EDGE_LOOP('',(#1575,#1582,#1583,#1584,#1590,#1591,#1592,#1593));
#1575 = ORIENTED_EDGE('',*,*,#1576,.F.);
#1576 = EDGE_CURVE('',#278,#265,#1577,.T.);
#1577 = CIRCLE('',#1578,1.7);
#1578 = AXIS2_PLACEMENT_3D('',#1579,#1580,#1581);
#1579 = CARTESIAN_POINT('',(53.,119.,112.));
#1580 = DIRECTION('',(0.,1.,0.));
#1581 = DIRECTION('',(0.,0.,1.));
#1582 = ORIENTED_EDGE('',*,*,#285,.F.);
#1583 = ORIENTED_EDGE('',*,*,#1537,.F.);
#1584 = ORIENTED_EDGE('',*,*,#1585,.F.);
#1585 = EDGE_CURVE('',#659,#1538,#1586,.T.);
#1586 = LINE('',#1587,#1588);
#1587 = CARTESIAN_POINT('',(53.,107.,113.7));
#1588 = VECTOR('',#1589,1.);
#1589 = DIRECTION('',(0.,1.,0.));
#1590 = ORIENTED_EDGE('',*,*,#658,.T.);
#1591 = ORIENTED_EDGE('',*,*,#1585,.T.);
#1592 = ORIENTED_EDGE('',*,*,#1546,.F.);
#1593 = ORIENTED_EDGE('',*,*,#264,.F.);
#1594 = CYLINDRICAL_SURFACE('',#1595,1.7);
#1595 = AXIS2_PLACEMENT_3D('',#1596,#1597,#1598);
#1596 = CARTESIAN_POINT('',(53.,107.,112.));
#1597 = DIRECTION('',(0.,1.,0.));
#1598 = DIRECTION('',(0.,0.,1.));
#1599 = ADVANCED_FACE('',(#1600),#1604,.F.);
#1600 = FACE_BOUND('',#1601,.F.);
#1601 = EDGE_LOOP('',(#1602,#1603));
#1602 = ORIENTED_EDGE('',*,*,#277,.F.);
#1603 = ORIENTED_EDGE('',*,*,#1576,.T.);
#1604 = PLANE('',#1605);
#1605 = AXIS2_PLACEMENT_3D('',#1606,#1607,#1608);
#1606 = CARTESIAN_POINT('',(53.,119.,112.));
#1607 = DIRECTION('',(0.,1.,0.));
#1608 = DIRECTION('',(0.,0.,1.));
#1609 = ADVANCED_FACE('',(#1610),#1621,.T.);
#1610 = FACE_BOUND('',#1611,.T.);
#1611 = EDGE_LOOP('',(#1612,#1613,#1614,#1620));
#1612 = ORIENTED_EDGE('',*,*,#247,.F.);
#1613 = ORIENTED_EDGE('',*,*,#634,.F.);
#1614 = ORIENTED_EDGE('',*,*,#1615,.T.);
#1615 = EDGE_CURVE('',#635,#1555,#1616,.T.);
#1616 = LINE('',#1617,#1618);
#1617 = CARTESIAN_POINT('',(57.5,108.,118.));
#1618 = VECTOR('',#1619,1.);
#1619 = DIRECTION('',(0.,1.,0.));
#1620 = ORIENTED_EDGE('',*,*,#1554,.F.);
#1621 = PLANE('',#1622);
#1622 = AXIS2_PLACEMENT_3D('',#1623,#1624,#1625);
#1623 = CARTESIAN_POINT('',(48.5,108.,118.));
#1624 = DIRECTION('',(0.,0.,1.));
#1625 = DIRECTION('',(1.,0.,0.));
#1626 = ADVANCED_FACE('',(#1627),#1633,.T.);
#1627 = FACE_BOUND('',#1628,.T.);
#1628 = EDGE_LOOP('',(#1629,#1630,#1631,#1632));
#1629 = ORIENTED_EDGE('',*,*,#1615,.F.);
#1630 = ORIENTED_EDGE('',*,*,#642,.F.);
#1631 = ORIENTED_EDGE('',*,*,#1513,.T.);
#1632 = ORIENTED_EDGE('',*,*,#1562,.T.);
#1633 = PLANE('',#1634);
#1634 = AXIS2_PLACEMENT_3D('',#1635,#1636,#1637);
#1635 = CARTESIAN_POINT('',(57.5,108.,106.));
#1636 = DIRECTION('',(1.,0.,0.));
#1637 = DIRECTION('',(0.,0.,1.));
#1638 = ADVANCED_FACE('',(#1639),#1664,.T.);
#1639 = FACE_BOUND('',#1640,.T.);
#1640 = EDGE_LOOP('',(#1641,#1649,#1657,#1663));
#1641 = ORIENTED_EDGE('',*,*,#1642,.F.);
#1642 = EDGE_CURVE('',#1643,#759,#1645,.T.);
#1643 = VERTEX_POINT('',#1644);
#1644 = CARTESIAN_POINT('',(42.5,122.3,119.8));
#1645 = LINE('',#1646,#1647);
#1646 = CARTESIAN_POINT('',(42.5,122.3,119.8));
#1647 = VECTOR('',#1648,1.);
#1648 = DIRECTION('',(0.,1.,0.));
#1649 = ORIENTED_EDGE('',*,*,#1650,.F.);
#1650 = EDGE_CURVE('',#1651,#1643,#1653,.T.);
#1651 = VERTEX_POINT('',#1652);
#1652 = CARTESIAN_POINT('',(42.5,122.3,106.));
#1653 = LINE('',#1654,#1655);
#1654 = CARTESIAN_POINT('',(42.5,122.3,106.));
#1655 = VECTOR('',#1656,1.);
#1656 = DIRECTION('',(0.,0.,1.));
#1657 = ORIENTED_EDGE('',*,*,#1658,.T.);
#1658 = EDGE_CURVE('',#1651,#757,#1659,.T.);
#1659 = LINE('',#1660,#1661);
#1660 = CARTESIAN_POINT('',(42.5,122.3,106.));
#1661 = VECTOR('',#1662,1.);
#1662 = DIRECTION('',(0.,1.,0.));
#1663 = ORIENTED_EDGE('',*,*,#756,.T.);
#1664 = PLANE('',#1665);
#1665 = AXIS2_PLACEMENT_3D('',#1666,#1667,#1668);
#1666 = CARTESIAN_POINT('',(42.5,122.3,106.));
#1667 = DIRECTION('',(1.,0.,0.));
#1668 = DIRECTION('',(0.,0.,1.));
#1669 = ADVANCED_FACE('',(#1670),#1688,.T.);
#1670 = FACE_BOUND('',#1671,.T.);
#1671 = EDGE_LOOP('',(#1672,#1680,#1686,#1687));
#1672 = ORIENTED_EDGE('',*,*,#1673,.F.);
#1673 = EDGE_CURVE('',#1674,#767,#1676,.T.);
#1674 = VERTEX_POINT('',#1675);
#1675 = CARTESIAN_POINT('',(36.5,122.3,119.8));
#1676 = LINE('',#1677,#1678);
#1677 = CARTESIAN_POINT('',(36.5,122.3,119.8));
#1678 = VECTOR('',#1679,1.);
#1679 = DIRECTION('',(0.,1.,0.));
#1680 = ORIENTED_EDGE('',*,*,#1681,.T.);
#1681 = EDGE_CURVE('',#1674,#1643,#1682,.T.);
#1682 = LINE('',#1683,#1684);
#1683 = CARTESIAN_POINT('',(36.5,122.3,119.8));
#1684 = VECTOR('',#1685,1.);
#1685 = DIRECTION('',(1.,0.,0.));
#1686 = ORIENTED_EDGE('',*,*,#1642,.T.);
#1687 = ORIENTED_EDGE('',*,*,#766,.T.);
#1688 = PLANE('',#1689);
#1689 = AXIS2_PLACEMENT_3D('',#1690,#1691,#1692);
#1690 = CARTESIAN_POINT('',(36.5,122.3,119.8));
#1691 = DIRECTION('',(0.,0.,1.));
#1692 = DIRECTION('',(1.,0.,0.));
#1693 = ADVANCED_FACE('',(#1694),#1712,.F.);
#1694 = FACE_BOUND('',#1695,.F.);
#1695 = EDGE_LOOP('',(#1696,#1697,#1705,#1711));
#1696 = ORIENTED_EDGE('',*,*,#1673,.F.);
#1697 = ORIENTED_EDGE('',*,*,#1698,.F.);
#1698 = EDGE_CURVE('',#1699,#1674,#1701,.T.);
#1699 = VERTEX_POINT('',#1700);
#1700 = CARTESIAN_POINT('',(36.5,122.3,106.));
#1701 = LINE('',#1702,#1703);
#1702 = CARTESIAN_POINT('',(36.5,122.3,106.));
#1703 = VECTOR('',#1704,1.);
#1704 = DIRECTION('',(0.,0.,1.));
#1705 = ORIENTED_EDGE('',*,*,#1706,.T.);
#1706 = EDGE_CURVE('',#1699,#776,#1707,.T.);
#1707 = LINE('',#1708,#1709);
#1708 = CARTESIAN_POINT('',(36.5,122.3,106.));
#1709 = VECTOR('',#1710,1.);
#1710 = DIRECTION('',(0.,1.,0.));
#1711 = ORIENTED_EDGE('',*,*,#775,.T.);
#1712 = PLANE('',#1713);
#1713 = AXIS2_PLACEMENT_3D('',#1714,#1715,#1716);
#1714 = CARTESIAN_POINT('',(36.5,122.3,106.));
#1715 = DIRECTION('',(1.,0.,0.));
#1716 = DIRECTION('',(0.,0.,1.));
#1717 = ADVANCED_FACE('',(#1718),#1729,.F.);
#1718 = FACE_BOUND('',#1719,.F.);
#1719 = EDGE_LOOP('',(#1720,#1721,#1727,#1728));
#1720 = ORIENTED_EDGE('',*,*,#1706,.F.);
#1721 = ORIENTED_EDGE('',*,*,#1722,.T.);
#1722 = EDGE_CURVE('',#1699,#1651,#1723,.T.);
#1723 = LINE('',#1724,#1725);
#1724 = CARTESIAN_POINT('',(36.5,122.3,106.));
#1725 = VECTOR('',#1726,1.);
#1726 = DIRECTION('',(1.,0.,0.));
#1727 = ORIENTED_EDGE('',*,*,#1658,.T.);
#1728 = ORIENTED_EDGE('',*,*,#783,.T.);
#1729 = PLANE('',#1730);
#1730 = AXIS2_PLACEMENT_3D('',#1731,#1732,#1733);
#1731 = CARTESIAN_POINT('',(36.5,122.3,106.));
#1732 = DIRECTION('',(0.,0.,1.));
#1733 = DIRECTION('',(1.,0.,0.));
#1734 = ADVANCED_FACE('',(#1735),#1741,.F.);
#1735 = FACE_BOUND('',#1736,.F.);
#1736 = EDGE_LOOP('',(#1737,#1738,#1739,#1740));
#1737 = ORIENTED_EDGE('',*,*,#1388,.F.);
#1738 = ORIENTED_EDGE('',*,*,#813,.F.);
#1739 = ORIENTED_EDGE('',*,*,#1483,.T.);
#1740 = ORIENTED_EDGE('',*,*,#1412,.T.);
#1741 = PLANE('',#1742);
#1742 = AXIS2_PLACEMENT_3D('',#1743,#1744,#1745);
#1743 = CARTESIAN_POINT('',(21.5,108.,106.));
#1744 = DIRECTION('',(1.,0.,0.));
#1745 = DIRECTION('',(0.,0.,1.));
#1746 = ADVANCED_FACE('',(#1747),#1766,.T.);
#1747 = FACE_BOUND('',#1748,.T.);
#1748 = EDGE_LOOP('',(#1749,#1757,#1758,#1759));
#1749 = ORIENTED_EDGE('',*,*,#1750,.F.);
#1750 = EDGE_CURVE('',#22,#1751,#1753,.T.);
#1751 = VERTEX_POINT('',#1752);
#1752 = CARTESIAN_POINT('',(29.05341321864,107.09501696704,123.));
#1753 = LINE('',#1754,#1755);
#1754 = CARTESIAN_POINT('',(35.446828003862,108.80812729562,123.));
#1755 = VECTOR('',#1756,1.);
#1756 = DIRECTION('',(0.965925826289,0.258819045103,0.));
#1757 = ORIENTED_EDGE('',*,*,#21,.T.);
#1758 = ORIENTED_EDGE('',*,*,#72,.T.);
#1759 = ORIENTED_EDGE('',*,*,#1760,.F.);
#1760 = EDGE_CURVE('',#1751,#73,#1761,.T.);
#1761 = CIRCLE('',#1762,12.);
#1762 = AXIS2_PLACEMENT_3D('',#1763,#1764,#1765);
#1763 = CARTESIAN_POINT('',(39.5,113.,123.));
#1764 = DIRECTION('',(0.,0.,1.));
#1765 = DIRECTION('',(1.,0.,0.));
#1766 = PLANE('',#1767);
#1767 = AXIS2_PLACEMENT_3D('',#1768,#1769,#1770);
#1768 = CARTESIAN_POINT('',(39.5,113.,123.));
#1769 = DIRECTION('',(0.,0.,1.));
#1770 = DIRECTION('',(1.,0.,0.));
#1771 = ADVANCED_FACE('',(#1772),#1806,.T.);
#1772 = FACE_BOUND('',#1773,.T.);
#1773 = EDGE_LOOP('',(#1774,#1782,#1783,#1784,#1792,#1800));
#1774 = ORIENTED_EDGE('',*,*,#1775,.F.);
#1775 = EDGE_CURVE('',#33,#1776,#1778,.T.);
#1776 = VERTEX_POINT('',#1777);
#1777 = CARTESIAN_POINT('',(17.09423730437,103.89056543867,120.));
#1778 = LINE('',#1779,#1780);
#1779 = CARTESIAN_POINT('',(30.617198872417,107.5140320701,120.));
#1780 = VECTOR('',#1781,1.);
#1781 = DIRECTION('',(-0.965925826289,-0.258819045103,0.));
#1782 = ORIENTED_EDGE('',*,*,#32,.T.);
#1783 = ORIENTED_EDGE('',*,*,#1750,.T.);
#1784 = ORIENTED_EDGE('',*,*,#1785,.T.);
#1785 = EDGE_CURVE('',#1751,#1786,#1788,.T.);
#1786 = VERTEX_POINT('',#1787);
#1787 = CARTESIAN_POINT('',(29.05341321864,107.09501696704,124.));
#1788 = LINE('',#1789,#1790);
#1789 = CARTESIAN_POINT('',(29.05341321864,107.09501696704,123.));
#1790 = VECTOR('',#1791,1.);
#1791 = DIRECTION('',(0.,0.,1.));
#1792 = ORIENTED_EDGE('',*,*,#1793,.T.);
#1793 = EDGE_CURVE('',#1786,#1794,#1796,.T.);
#1794 = VERTEX_POINT('',#1795);
#1795 = CARTESIAN_POINT('',(17.09423730437,103.89056543867,124.));
#1796 = LINE('',#1797,#1798);
#1797 = CARTESIAN_POINT('',(30.617198872417,107.5140320701,124.));
#1798 = VECTOR('',#1799,1.);
#1799 = DIRECTION('',(-0.965925826289,-0.258819045103,0.));
#1800 = ORIENTED_EDGE('',*,*,#1801,.F.);
#1801 = EDGE_CURVE('',#1776,#1794,#1802,.T.);
#1802 = LINE('',#1803,#1804);
#1803 = CARTESIAN_POINT('',(17.09423730437,103.89056543867,120.));
#1804 = VECTOR('',#1805,1.);
#1805 = DIRECTION('',(0.,0.,1.));
#1806 = PLANE('',#1807);
#1807 = AXIS2_PLACEMENT_3D('',#1808,#1809,#1810);
#1808 = CARTESIAN_POINT('',(30.617198872417,107.5140320701,120.));
#1809 = DIRECTION('',(0.258819045103,-0.965925826289,0.));
#1810 = DIRECTION('',(0.,0.,1.));
#1811 = ADVANCED_FACE('',(#1812),#1832,.T.);
#1812 = FACE_BOUND('',#1813,.T.);
#1813 = EDGE_LOOP('',(#1814,#1815,#1822,#1823,#1824,#1831));
#1814 = ORIENTED_EDGE('',*,*,#205,.F.);
#1815 = ORIENTED_EDGE('',*,*,#1816,.F.);
#1816 = EDGE_CURVE('',#81,#198,#1817,.T.);
#1817 = CIRCLE('',#1818,12.);
#1818 = AXIS2_PLACEMENT_3D('',#1819,#1820,#1821);
#1819 = CARTESIAN_POINT('',(39.5,113.,124.));
#1820 = DIRECTION('',(0.,0.,1.));
#1821 = DIRECTION('',(1.,0.,0.));
#1822 = ORIENTED_EDGE('',*,*,#88,.T.);
#1823 = ORIENTED_EDGE('',*,*,#110,.T.);
#1824 = ORIENTED_EDGE('',*,*,#1825,.F.);
#1825 = EDGE_CURVE('',#136,#111,#1826,.T.);
#1826 = CIRCLE('',#1827,2.);
#1827 = AXIS2_PLACEMENT_3D('',#1828,#1829,#1830);
#1828 = CARTESIAN_POINT('',(62.682219830938,106.78834291753,124.));
#1829 = DIRECTION('',(0.,0.,1.));
#1830 = DIRECTION('',(1.,0.,0.));
#1831 = ORIENTED_EDGE('',*,*,#135,.T.);
#1832 = PLANE('',#1833);
#1833 = AXIS2_PLACEMENT_3D('',#1834,#1835,#1836);
#1834 = CARTESIAN_POINT('',(48.382801127583,107.5140320701,124.));
#1835 = DIRECTION('',(0.,0.,1.));
#1836 = DIRECTION('',(0.965925826289,-0.258819045103,0.));
#1837 = ADVANCED_FACE('',(#1838),#1901,.T.);
#1838 = FACE_BOUND('',#1839,.T.);
#1839 = EDGE_LOOP('',(#1840,#1841,#1842,#1843,#1850,#1851,#1852,#1853,
    #1860,#1861,#1862,#1863,#1864,#1865,#1866,#1874,#1881,#1882,#1883,
    #1884,#1891,#1892,#1893,#1894));
#1840 = ORIENTED_EDGE('',*,*,#1114,.F.);
#1841 = ORIENTED_EDGE('',*,*,#1196,.T.);
#1842 = ORIENTED_EDGE('',*,*,#1221,.T.);
#1843 = ORIENTED_EDGE('',*,*,#1844,.T.);
#1844 = EDGE_CURVE('',#1222,#1286,#1845,.T.);
#1845 = CIRCLE('',#1846,12.);
#1846 = AXIS2_PLACEMENT_3D('',#1847,#1848,#1849);
#1847 = CARTESIAN_POINT('',(39.5,113.,124.));
#1848 = DIRECTION('',(0.,0.,1.));
#1849 = DIRECTION('',(1.,0.,0.));
#1850 = ORIENTED_EDGE('',*,*,#1285,.F.);
#1851 = ORIENTED_EDGE('',*,*,#1325,.T.);
#1852 = ORIENTED_EDGE('',*,*,#1350,.T.);
#1853 = ORIENTED_EDGE('',*,*,#1854,.T.);
#1854 = EDGE_CURVE('',#1351,#1786,#1855,.T.);
#1855 = CIRCLE('',#1856,12.);
#1856 = AXIS2_PLACEMENT_3D('',#1857,#1858,#1859);
#1857 = CARTESIAN_POINT('',(39.5,113.,124.));
#1858 = DIRECTION('',(0.,0.,1.));
#1859 = DIRECTION('',(1.,0.,0.));
#1860 = ORIENTED_EDGE('',*,*,#1785,.F.);
#1861 = ORIENTED_EDGE('',*,*,#1760,.T.);
#1862 = ORIENTED_EDGE('',*,*,#80,.T.);
#1863 = ORIENTED_EDGE('',*,*,#1816,.T.);
#1864 = ORIENTED_EDGE('',*,*,#197,.F.);
#1865 = ORIENTED_EDGE('',*,*,#874,.T.);
#1866 = ORIENTED_EDGE('',*,*,#1867,.T.);
#1867 = EDGE_CURVE('',#866,#1868,#1870,.T.);
#1868 = VERTEX_POINT('',#1869);
#1869 = CARTESIAN_POINT('',(51.5,113.,126.));
#1870 = LINE('',#1871,#1872);
#1871 = CARTESIAN_POINT('',(51.5,113.,123.));
#1872 = VECTOR('',#1873,1.);
#1873 = DIRECTION('',(0.,0.,1.));
#1874 = ORIENTED_EDGE('',*,*,#1875,.F.);
#1875 = EDGE_CURVE('',#1868,#1868,#1876,.T.);
#1876 = CIRCLE('',#1877,12.);
#1877 = AXIS2_PLACEMENT_3D('',#1878,#1879,#1880);
#1878 = CARTESIAN_POINT('',(39.5,113.,126.));
#1879 = DIRECTION('',(0.,0.,1.));
#1880 = DIRECTION('',(1.,0.,0.));
#1881 = ORIENTED_EDGE('',*,*,#1867,.F.);
#1882 = ORIENTED_EDGE('',*,*,#865,.T.);
#1883 = ORIENTED_EDGE('',*,*,#899,.T.);
#1884 = ORIENTED_EDGE('',*,*,#1885,.T.);
#1885 = EDGE_CURVE('',#900,#964,#1886,.T.);
#1886 = CIRCLE('',#1887,12.);
#1887 = AXIS2_PLACEMENT_3D('',#1888,#1889,#1890);
#1888 = CARTESIAN_POINT('',(39.5,113.,124.));
#1889 = DIRECTION('',(0.,0.,1.));
#1890 = DIRECTION('',(1.,0.,0.));
#1891 = ORIENTED_EDGE('',*,*,#963,.F.);
#1892 = ORIENTED_EDGE('',*,*,#1003,.T.);
#1893 = ORIENTED_EDGE('',*,*,#1028,.T.);
#1894 = ORIENTED_EDGE('',*,*,#1895,.T.);
#1895 = EDGE_CURVE('',#1019,#1117,#1896,.T.);
#1896 = CIRCLE('',#1897,12.);
#1897 = AXIS2_PLACEMENT_3D('',#1898,#1899,#1900);
#1898 = CARTESIAN_POINT('',(39.5,113.,124.));
#1899 = DIRECTION('',(0.,0.,1.));
#1900 = DIRECTION('',(1.,0.,0.));
#1901 = CYLINDRICAL_SURFACE('',#1902,12.);
#1902 = AXIS2_PLACEMENT_3D('',#1903,#1904,#1905);
#1903 = CARTESIAN_POINT('',(39.5,113.,123.));
#1904 = DIRECTION('',(0.,0.,1.));
#1905 = DIRECTION('',(1.,0.,0.));
#1906 = ADVANCED_FACE('',(#1907),#1944,.T.);
#1907 = FACE_BOUND('',#1908,.T.);
#1908 = EDGE_LOOP('',(#1909,#1919,#1926,#1927,#1934,#1935,#1936,#1937));
#1909 = ORIENTED_EDGE('',*,*,#1910,.T.);
#1910 = EDGE_CURVE('',#1911,#1913,#1915,.T.);
#1911 = VERTEX_POINT('',#1912);
#1912 = CARTESIAN_POINT('',(64.682219830938,106.78834291753,123.));
#1913 = VERTEX_POINT('',#1914);
#1914 = CARTESIAN_POINT('',(64.682219830938,106.78834291753,154.));
#1915 = LINE('',#1916,#1917);
#1916 = CARTESIAN_POINT('',(64.682219830938,106.78834291753,123.));
#1917 = VECTOR('',#1918,1.);
#1918 = DIRECTION('',(0.,0.,1.));
#1919 = ORIENTED_EDGE('',*,*,#1920,.F.);
#1920 = EDGE_CURVE('',#1913,#1913,#1921,.T.);
#1921 = CIRCLE('',#1922,2.);
#1922 = AXIS2_PLACEMENT_3D('',#1923,#1924,#1925);
#1923 = CARTESIAN_POINT('',(62.682219830938,106.78834291753,154.));
#1924 = DIRECTION('',(0.,0.,1.));
#1925 = DIRECTION('',(1.,0.,0.));
#1926 = ORIENTED_EDGE('',*,*,#1910,.F.);
#1927 = ORIENTED_EDGE('',*,*,#1928,.T.);
#1928 = EDGE_CURVE('',#1911,#144,#1929,.T.);
#1929 = CIRCLE('',#1930,2.);
#1930 = AXIS2_PLACEMENT_3D('',#1931,#1932,#1933);
#1931 = CARTESIAN_POINT('',(62.682219830938,106.78834291753,123.));
#1932 = DIRECTION('',(0.,0.,1.));
#1933 = DIRECTION('',(1.,0.,0.));
#1934 = ORIENTED_EDGE('',*,*,#143,.T.);
#1935 = ORIENTED_EDGE('',*,*,#1825,.T.);
#1936 = ORIENTED_EDGE('',*,*,#159,.F.);
#1937 = ORIENTED_EDGE('',*,*,#1938,.T.);
#1938 = EDGE_CURVE('',#152,#1911,#1939,.T.);
#1939 = CIRCLE('',#1940,2.);
#1940 = AXIS2_PLACEMENT_3D('',#1941,#1942,#1943);
#1941 = CARTESIAN_POINT('',(62.682219830938,106.78834291753,123.));
#1942 = DIRECTION('',(0.,0.,1.));
#1943 = DIRECTION('',(1.,0.,0.));
#1944 = CYLINDRICAL_SURFACE('',#1945,2.);
#1945 = AXIS2_PLACEMENT_3D('',#1946,#1947,#1948);
#1946 = CARTESIAN_POINT('',(62.682219830938,106.78834291753,123.));
#1947 = DIRECTION('',(0.,0.,1.));
#1948 = DIRECTION('',(1.,0.,0.));
#1949 = ADVANCED_FACE('',(#1950),#1955,.F.);
#1950 = FACE_BOUND('',#1951,.F.);
#1951 = EDGE_LOOP('',(#1952,#1953,#1954));
#1952 = ORIENTED_EDGE('',*,*,#1938,.T.);
#1953 = ORIENTED_EDGE('',*,*,#1928,.T.);
#1954 = ORIENTED_EDGE('',*,*,#151,.T.);
#1955 = PLANE('',#1956);
#1956 = AXIS2_PLACEMENT_3D('',#1957,#1958,#1959);
#1957 = CARTESIAN_POINT('',(62.682219830938,106.78834291753,123.));
#1958 = DIRECTION('',(0.,0.,1.));
#1959 = DIRECTION('',(1.,0.,0.));
#1960 = ADVANCED_FACE('',(#1961),#1972,.T.);
#1961 = FACE_BOUND('',#1962,.T.);
#1962 = EDGE_LOOP('',(#1963,#1964,#1970,#1971));
#1963 = ORIENTED_EDGE('',*,*,#979,.F.);
#1964 = ORIENTED_EDGE('',*,*,#1965,.F.);
#1965 = EDGE_CURVE('',#908,#972,#1966,.T.);
#1966 = LINE('',#1967,#1968);
#1967 = CARTESIAN_POINT('',(52.758494353131,118.56033519565,124.));
#1968 = VECTOR('',#1969,1.);
#1969 = DIRECTION('',(-0.573576436351,0.819152044289,0.));
#1970 = ORIENTED_EDGE('',*,*,#915,.T.);
#1971 = ORIENTED_EDGE('',*,*,#939,.T.);
#1972 = PLANE('',#1973);
#1973 = AXIS2_PLACEMENT_3D('',#1974,#1975,#1976);
#1974 = CARTESIAN_POINT('',(52.787173174949,118.51937759343,119.9));
#1975 = DIRECTION('',(0.819152044289,0.573576436351,0.));
#1976 = DIRECTION('',(0.,0.,1.));
#1977 = ADVANCED_FACE('',(#1978),#1984,.T.);
#1978 = FACE_BOUND('',#1979,.T.);
#1979 = EDGE_LOOP('',(#1980,#1981,#1982,#1983));
#1980 = ORIENTED_EDGE('',*,*,#971,.F.);
#1981 = ORIENTED_EDGE('',*,*,#1885,.F.);
#1982 = ORIENTED_EDGE('',*,*,#907,.T.);
#1983 = ORIENTED_EDGE('',*,*,#1965,.T.);
#1984 = PLANE('',#1985);
#1985 = AXIS2_PLACEMENT_3D('',#1986,#1987,#1988);
#1986 = CARTESIAN_POINT('',(41.220729309053,110.54254386713,124.));
#1987 = DIRECTION('',(0.,0.,1.));
#1988 = DIRECTION('',(0.819152044289,0.573576436351,0.));
#1989 = ADVANCED_FACE('',(#1990),#2001,.T.);
#1990 = FACE_BOUND('',#1991,.T.);
#1991 = EDGE_LOOP('',(#1992,#1993,#1994,#1995));
#1992 = ORIENTED_EDGE('',*,*,#1124,.F.);
#1993 = ORIENTED_EDGE('',*,*,#1895,.F.);
#1994 = ORIENTED_EDGE('',*,*,#1018,.T.);
#1995 = ORIENTED_EDGE('',*,*,#1996,.T.);
#1996 = EDGE_CURVE('',#1021,#1125,#1997,.T.);
#1997 = LINE('',#1998,#1999);
#1998 = CARTESIAN_POINT('',(34.5,140.1,124.));
#1999 = VECTOR('',#2000,1.);
#2000 = DIRECTION('',(-1.,0.,0.));
#2001 = PLANE('',#2002);
#2002 = AXIS2_PLACEMENT_3D('',#2003,#2004,#2005);
#2003 = CARTESIAN_POINT('',(34.5,121.,124.));
#2004 = DIRECTION('',(0.,0.,1.));
#2005 = DIRECTION('',(1.,0.,0.));
#2006 = ADVANCED_FACE('',(#2007),#2050,.T.);
#2007 = FACE_BOUND('',#2008,.T.);
#2008 = EDGE_LOOP('',(#2009,#2010,#2018,#2026,#2034,#2042,#2048,#2049));
#2009 = ORIENTED_EDGE('',*,*,#1076,.T.);
#2010 = ORIENTED_EDGE('',*,*,#2011,.T.);
#2011 = EDGE_CURVE('',#1069,#2012,#2014,.T.);
#2012 = VERTEX_POINT('',#2013);
#2013 = CARTESIAN_POINT('',(49.5,140.1,137.));
#2014 = LINE('',#2015,#2016);
#2015 = CARTESIAN_POINT('',(29.5,140.1,137.));
#2016 = VECTOR('',#2017,1.);
#2017 = DIRECTION('',(1.,0.,0.));
#2018 = ORIENTED_EDGE('',*,*,#2019,.T.);
#2019 = EDGE_CURVE('',#2012,#2020,#2022,.T.);
#2020 = VERTEX_POINT('',#2021);
#2021 = CARTESIAN_POINT('',(49.5,140.1,140.));
#2022 = LINE('',#2023,#2024);
#2023 = CARTESIAN_POINT('',(49.5,140.1,137.));
#2024 = VECTOR('',#2025,1.);
#2025 = DIRECTION('',(0.,0.,1.));
#2026 = ORIENTED_EDGE('',*,*,#2027,.F.);
#2027 = EDGE_CURVE('',#2028,#2020,#2030,.T.);
#2028 = VERTEX_POINT('',#2029);
#2029 = CARTESIAN_POINT('',(29.5,140.1,140.));
#2030 = LINE('',#2031,#2032);
#2031 = CARTESIAN_POINT('',(29.5,140.1,140.));
#2032 = VECTOR('',#2033,1.);
#2033 = DIRECTION('',(1.,0.,0.));
#2034 = ORIENTED_EDGE('',*,*,#2035,.F.);
#2035 = EDGE_CURVE('',#2036,#2028,#2038,.T.);
#2036 = VERTEX_POINT('',#2037);
#2037 = CARTESIAN_POINT('',(29.5,140.1,137.));
#2038 = LINE('',#2039,#2040);
#2039 = CARTESIAN_POINT('',(29.5,140.1,137.));
#2040 = VECTOR('',#2041,1.);
#2041 = DIRECTION('',(0.,0.,1.));
#2042 = ORIENTED_EDGE('',*,*,#2043,.T.);
#2043 = EDGE_CURVE('',#2036,#1133,#2044,.T.);
#2044 = LINE('',#2045,#2046);
#2045 = CARTESIAN_POINT('',(29.5,140.1,137.));
#2046 = VECTOR('',#2047,1.);
#2047 = DIRECTION('',(1.,0.,0.));
#2048 = ORIENTED_EDGE('',*,*,#1132,.F.);
#2049 = ORIENTED_EDGE('',*,*,#1996,.F.);
#2050 = PLANE('',#2051);
#2051 = AXIS2_PLACEMENT_3D('',#2052,#2053,#2054);
#2052 = CARTESIAN_POINT('',(39.5,140.1,133.80555555555));
#2053 = DIRECTION('',(-0.,-1.,-0.));
#2054 = DIRECTION('',(0.,0.,-1.));
#2055 = ADVANCED_FACE('',(#2056,#2116,#2150),#2161,.F.);
#2056 = FACE_BOUND('',#2057,.F.);
#2057 = EDGE_LOOP('',(#2058,#2068,#2074,#2075,#2076,#2084,#2093,#2102,
    #2108,#2109,#2110));
#2058 = ORIENTED_EDGE('',*,*,#2059,.F.);
#2059 = EDGE_CURVE('',#2060,#2062,#2064,.T.);
#2060 = VERTEX_POINT('',#2061);
#2061 = CARTESIAN_POINT('',(29.5,176.1,137.));
#2062 = VERTEX_POINT('',#2063);
#2063 = CARTESIAN_POINT('',(49.5,176.1,137.));
#2064 = LINE('',#2065,#2066);
#2065 = CARTESIAN_POINT('',(29.5,176.1,137.));
#2066 = VECTOR('',#2067,1.);
#2067 = DIRECTION('',(1.,0.,0.));
#2068 = ORIENTED_EDGE('',*,*,#2069,.F.);
#2069 = EDGE_CURVE('',#2036,#2060,#2070,.T.);
#2070 = LINE('',#2071,#2072);
#2071 = CARTESIAN_POINT('',(29.5,140.1,137.));
#2072 = VECTOR('',#2073,1.);
#2073 = DIRECTION('',(0.,1.,0.));
#2074 = ORIENTED_EDGE('',*,*,#2043,.T.);
#2075 = ORIENTED_EDGE('',*,*,#1140,.F.);
#2076 = ORIENTED_EDGE('',*,*,#2077,.T.);
#2077 = EDGE_CURVE('',#1141,#2078,#2080,.T.);
#2078 = VERTEX_POINT('',#2079);
#2079 = CARTESIAN_POINT('',(38.368629150102,144.1,137.));
#2080 = LINE('',#2081,#2082);
#2081 = CARTESIAN_POINT('',(32.,144.1,137.));
#2082 = VECTOR('',#2083,1.);
#2083 = DIRECTION('',(1.,0.,0.));
#2084 = ORIENTED_EDGE('',*,*,#2085,.F.);
#2085 = EDGE_CURVE('',#2086,#2078,#2088,.T.);
#2086 = VERTEX_POINT('',#2087);
#2087 = CARTESIAN_POINT('',(40.7,144.5,137.));
#2088 = CIRCLE('',#2089,1.2);
#2089 = AXIS2_PLACEMENT_3D('',#2090,#2091,#2092);
#2090 = CARTESIAN_POINT('',(39.5,144.5,137.));
#2091 = DIRECTION('',(0.,0.,1.));
#2092 = DIRECTION('',(1.,0.,0.));
#2093 = ORIENTED_EDGE('',*,*,#2094,.F.);
#2094 = EDGE_CURVE('',#2095,#2086,#2097,.T.);
#2095 = VERTEX_POINT('',#2096);
#2096 = CARTESIAN_POINT('',(40.631370849898,144.1,137.));
#2097 = CIRCLE('',#2098,1.2);
#2098 = AXIS2_PLACEMENT_3D('',#2099,#2100,#2101);
#2099 = CARTESIAN_POINT('',(39.5,144.5,137.));
#2100 = DIRECTION('',(0.,0.,1.));
#2101 = DIRECTION('',(1.,0.,0.));
#2102 = ORIENTED_EDGE('',*,*,#2103,.T.);
#2103 = EDGE_CURVE('',#2095,#1061,#2104,.T.);
#2104 = LINE('',#2105,#2106);
#2105 = CARTESIAN_POINT('',(32.,144.1,137.));
#2106 = VECTOR('',#2107,1.);
#2107 = DIRECTION('',(1.,0.,0.));
#2108 = ORIENTED_EDGE('',*,*,#1068,.T.);
#2109 = ORIENTED_EDGE('',*,*,#2011,.T.);
#2110 = ORIENTED_EDGE('',*,*,#2111,.T.);
#2111 = EDGE_CURVE('',#2012,#2062,#2112,.T.);
#2112 = LINE('',#2113,#2114);
#2113 = CARTESIAN_POINT('',(49.5,140.1,137.));
#2114 = VECTOR('',#2115,1.);
#2115 = DIRECTION('',(0.,1.,0.));
#2116 = FACE_BOUND('',#2117,.F.);
#2117 = EDGE_LOOP('',(#2118,#2128,#2136,#2144));
#2118 = ORIENTED_EDGE('',*,*,#2119,.T.);
#2119 = EDGE_CURVE('',#2120,#2122,#2124,.T.);
#2120 = VERTEX_POINT('',#2121);
#2121 = CARTESIAN_POINT('',(45.5,146.7,137.));
#2122 = VERTEX_POINT('',#2123);
#2123 = CARTESIAN_POINT('',(33.5,146.7,137.));
#2124 = LINE('',#2125,#2126);
#2125 = CARTESIAN_POINT('',(31.5,146.7,137.));
#2126 = VECTOR('',#2127,1.);
#2127 = DIRECTION('',(-1.,0.,0.));
#2128 = ORIENTED_EDGE('',*,*,#2129,.T.);
#2129 = EDGE_CURVE('',#2122,#2130,#2132,.T.);
#2130 = VERTEX_POINT('',#2131);
#2131 = CARTESIAN_POINT('',(33.5,169.5,137.));
#2132 = LINE('',#2133,#2134);
#2133 = CARTESIAN_POINT('',(33.5,143.4,137.));
#2134 = VECTOR('',#2135,1.);
#2135 = DIRECTION('',(0.,1.,0.));
#2136 = ORIENTED_EDGE('',*,*,#2137,.F.);
#2137 = EDGE_CURVE('',#2138,#2130,#2140,.T.);
#2138 = VERTEX_POINT('',#2139);
#2139 = CARTESIAN_POINT('',(45.5,169.5,137.));
#2140 = LINE('',#2141,#2142);
#2141 = CARTESIAN_POINT('',(31.5,169.5,137.));
#2142 = VECTOR('',#2143,1.);
#2143 = DIRECTION('',(-1.,0.,0.));
#2144 = ORIENTED_EDGE('',*,*,#2145,.F.);
#2145 = EDGE_CURVE('',#2120,#2138,#2146,.T.);
#2146 = LINE('',#2147,#2148);
#2147 = CARTESIAN_POINT('',(45.5,143.4,137.));
#2148 = VECTOR('',#2149,1.);
#2149 = DIRECTION('',(0.,1.,0.));
#2150 = FACE_BOUND('',#2151,.F.);
#2151 = EDGE_LOOP('',(#2152));
#2152 = ORIENTED_EDGE('',*,*,#2153,.F.);
#2153 = EDGE_CURVE('',#2154,#2154,#2156,.T.);
#2154 = VERTEX_POINT('',#2155);
#2155 = CARTESIAN_POINT('',(40.7,171.7,137.));
#2156 = CIRCLE('',#2157,1.2);
#2157 = AXIS2_PLACEMENT_3D('',#2158,#2159,#2160);
#2158 = CARTESIAN_POINT('',(39.5,171.7,137.));
#2159 = DIRECTION('',(0.,0.,1.));
#2160 = DIRECTION('',(1.,0.,0.));
#2161 = PLANE('',#2162);
#2162 = AXIS2_PLACEMENT_3D('',#2163,#2164,#2165);
#2163 = CARTESIAN_POINT('',(29.5,140.1,137.));
#2164 = DIRECTION('',(0.,0.,1.));
#2165 = DIRECTION('',(1.,0.,0.));
#2166 = ADVANCED_FACE('',(#2167),#2201,.T.);
#2167 = FACE_BOUND('',#2168,.T.);
#2168 = EDGE_LOOP('',(#2169,#2170,#2176,#2177,#2178,#2186,#2194,#2200));
#2169 = ORIENTED_EDGE('',*,*,#1060,.F.);
#2170 = ORIENTED_EDGE('',*,*,#2171,.T.);
#2171 = EDGE_CURVE('',#1053,#1149,#2172,.T.);
#2172 = LINE('',#2173,#2174);
#2173 = CARTESIAN_POINT('',(34.5,144.1,124.));
#2174 = VECTOR('',#2175,1.);
#2175 = DIRECTION('',(-1.,0.,0.));
#2176 = ORIENTED_EDGE('',*,*,#1148,.T.);
#2177 = ORIENTED_EDGE('',*,*,#2077,.T.);
#2178 = ORIENTED_EDGE('',*,*,#2179,.T.);
#2179 = EDGE_CURVE('',#2078,#2180,#2182,.T.);
#2180 = VERTEX_POINT('',#2181);
#2181 = CARTESIAN_POINT('',(38.368629150102,144.1,140.));
#2182 = LINE('',#2183,#2184);
#2183 = CARTESIAN_POINT('',(38.368629150102,144.1,136.));
#2184 = VECTOR('',#2185,1.);
#2185 = DIRECTION('',(0.,0.,1.));
#2186 = ORIENTED_EDGE('',*,*,#2187,.T.);
#2187 = EDGE_CURVE('',#2180,#2188,#2190,.T.);
#2188 = VERTEX_POINT('',#2189);
#2189 = CARTESIAN_POINT('',(40.631370849898,144.1,140.));
#2190 = LINE('',#2191,#2192);
#2191 = CARTESIAN_POINT('',(34.5,144.1,140.));
#2192 = VECTOR('',#2193,1.);
#2193 = DIRECTION('',(1.,0.,0.));
#2194 = ORIENTED_EDGE('',*,*,#2195,.F.);
#2195 = EDGE_CURVE('',#2095,#2188,#2196,.T.);
#2196 = LINE('',#2197,#2198);
#2197 = CARTESIAN_POINT('',(40.631370849898,144.1,136.));
#2198 = VECTOR('',#2199,1.);
#2199 = DIRECTION('',(0.,0.,1.));
#2200 = ORIENTED_EDGE('',*,*,#2103,.T.);
#2201 = PLANE('',#2202);
#2202 = AXIS2_PLACEMENT_3D('',#2203,#2204,#2205);
#2203 = CARTESIAN_POINT('',(34.5,144.1,123.));
#2204 = DIRECTION('',(0.,1.,0.));
#2205 = DIRECTION('',(0.,0.,1.));
#2206 = ADVANCED_FACE('',(#2207),#2218,.T.);
#2207 = FACE_BOUND('',#2208,.T.);
#2208 = EDGE_LOOP('',(#2209,#2210,#2211,#2212));
#2209 = ORIENTED_EDGE('',*,*,#1156,.F.);
#2210 = ORIENTED_EDGE('',*,*,#2171,.F.);
#2211 = ORIENTED_EDGE('',*,*,#1052,.T.);
#2212 = ORIENTED_EDGE('',*,*,#2213,.F.);
#2213 = EDGE_CURVE('',#1157,#1045,#2214,.T.);
#2214 = LINE('',#2215,#2216);
#2215 = CARTESIAN_POINT('',(34.5,145.,124.));
#2216 = VECTOR('',#2217,1.);
#2217 = DIRECTION('',(1.,0.,0.));
#2218 = PLANE('',#2219);
#2219 = AXIS2_PLACEMENT_3D('',#2220,#2221,#2222);
#2220 = CARTESIAN_POINT('',(34.5,121.,124.));
#2221 = DIRECTION('',(0.,0.,1.));
#2222 = DIRECTION('',(1.,0.,0.));
#2223 = ADVANCED_FACE('',(#2224),#2230,.T.);
#2224 = FACE_BOUND('',#2225,.T.);
#2225 = EDGE_LOOP('',(#2226,#2227,#2228,#2229));
#2226 = ORIENTED_EDGE('',*,*,#1100,.F.);
#2227 = ORIENTED_EDGE('',*,*,#1164,.T.);
#2228 = ORIENTED_EDGE('',*,*,#2213,.T.);
#2229 = ORIENTED_EDGE('',*,*,#1044,.F.);
#2230 = PLANE('',#2231);
#2231 = AXIS2_PLACEMENT_3D('',#2232,#2233,#2234);
#2232 = CARTESIAN_POINT('',(34.5,145.,120.));
#2233 = DIRECTION('',(0.,1.,0.));
#2234 = DIRECTION('',(0.,0.,1.));
#2235 = ADVANCED_FACE('',(#2236),#2247,.T.);
#2236 = FACE_BOUND('',#2237,.T.);
#2237 = EDGE_LOOP('',(#2238,#2239,#2245,#2246));
#2238 = ORIENTED_EDGE('',*,*,#1301,.F.);
#2239 = ORIENTED_EDGE('',*,*,#2240,.F.);
#2240 = EDGE_CURVE('',#1230,#1294,#2241,.T.);
#2241 = LINE('',#2242,#2243);
#2242 = CARTESIAN_POINT('',(29.74032190861,123.55716266581,124.));
#2243 = VECTOR('',#2244,1.);
#2244 = DIRECTION('',(-0.573576436351,-0.819152044289,0.));
#2245 = ORIENTED_EDGE('',*,*,#1237,.T.);
#2246 = ORIENTED_EDGE('',*,*,#1253,.T.);
#2247 = PLANE('',#2248);
#2248 = AXIS2_PLACEMENT_3D('',#2249,#2250,#2251);
#2249 = CARTESIAN_POINT('',(29.769000730428,123.59812026802,119.9));
#2250 = DIRECTION('',(-0.819152044289,0.573576436351,0.));
#2251 = DIRECTION('',(0.,0.,1.));
#2252 = ADVANCED_FACE('',(#2253),#2259,.T.);
#2253 = FACE_BOUND('',#2254,.T.);
#2254 = EDGE_LOOP('',(#2255,#2256,#2257,#2258));
#2255 = ORIENTED_EDGE('',*,*,#1844,.F.);
#2256 = ORIENTED_EDGE('',*,*,#1229,.T.);
#2257 = ORIENTED_EDGE('',*,*,#2240,.T.);
#2258 = ORIENTED_EDGE('',*,*,#1293,.F.);
#2259 = PLANE('',#2260);
#2260 = AXIS2_PLACEMENT_3D('',#2261,#2262,#2263);
#2261 = CARTESIAN_POINT('',(41.220729309053,115.45745613286,124.));
#2262 = DIRECTION('',(0.,0.,1.));
#2263 = DIRECTION('',(-0.819152044289,0.573576436351,0.));
#2264 = ADVANCED_FACE('',(#2265),#2313,.T.);
#2265 = FACE_BOUND('',#2266,.T.);
#2266 = EDGE_LOOP('',(#2267,#2275,#2276,#2282,#2283,#2291,#2299,#2307));
#2267 = ORIENTED_EDGE('',*,*,#2268,.F.);
#2268 = EDGE_CURVE('',#1359,#2269,#2271,.T.);
#2269 = VERTEX_POINT('',#2270);
#2270 = CARTESIAN_POINT('',(15.800142078857,108.72019457011,124.));
#2271 = LINE('',#2272,#2273);
#2272 = CARTESIAN_POINT('',(15.541323033755,109.6861203964,124.));
#2273 = VECTOR('',#2274,1.);
#2274 = DIRECTION('',(0.258819045103,-0.965925826289,0.));
#2275 = ORIENTED_EDGE('',*,*,#1366,.F.);
#2276 = ORIENTED_EDGE('',*,*,#2277,.T.);
#2277 = EDGE_CURVE('',#1341,#1776,#2278,.T.);
#2278 = LINE('',#2279,#2280);
#2279 = CARTESIAN_POINT('',(15.541323033755,109.6861203964,120.));
#2280 = VECTOR('',#2281,1.);
#2281 = DIRECTION('',(0.258819045103,-0.965925826289,0.));
#2282 = ORIENTED_EDGE('',*,*,#1801,.T.);
#2283 = ORIENTED_EDGE('',*,*,#2284,.F.);
#2284 = EDGE_CURVE('',#2285,#1794,#2287,.T.);
#2285 = VERTEX_POINT('',#2286);
#2286 = CARTESIAN_POINT('',(16.835418259267,104.85649126496,124.));
#2287 = LINE('',#2288,#2289);
#2288 = CARTESIAN_POINT('',(15.541323033755,109.6861203964,124.));
#2289 = VECTOR('',#2290,1.);
#2290 = DIRECTION('',(0.258819045103,-0.965925826289,0.));
#2291 = ORIENTED_EDGE('',*,*,#2292,.F.);
#2292 = EDGE_CURVE('',#2293,#2285,#2295,.T.);
#2293 = VERTEX_POINT('',#2294);
#2294 = CARTESIAN_POINT('',(16.835418259267,104.85649126496,123.));
#2295 = LINE('',#2296,#2297);
#2296 = CARTESIAN_POINT('',(16.835418259267,104.85649126496,123.));
#2297 = VECTOR('',#2298,1.);
#2298 = DIRECTION('',(0.,0.,1.));
#2299 = ORIENTED_EDGE('',*,*,#2300,.T.);
#2300 = EDGE_CURVE('',#2293,#2301,#2303,.T.);
#2301 = VERTEX_POINT('',#2302);
#2302 = CARTESIAN_POINT('',(15.800142078857,108.72019457011,123.));
#2303 = LINE('',#2304,#2305);
#2304 = CARTESIAN_POINT('',(15.929551601409,108.23723165697,123.));
#2305 = VECTOR('',#2306,1.);
#2306 = DIRECTION('',(-0.258819045103,0.965925826289,0.));
#2307 = ORIENTED_EDGE('',*,*,#2308,.T.);
#2308 = EDGE_CURVE('',#2301,#2269,#2309,.T.);
#2309 = LINE('',#2310,#2311);
#2310 = CARTESIAN_POINT('',(15.800142078857,108.72019457011,123.));
#2311 = VECTOR('',#2312,1.);
#2312 = DIRECTION('',(0.,0.,1.));
#2313 = PLANE('',#2314);
#2314 = AXIS2_PLACEMENT_3D('',#2315,#2316,#2317);
#2315 = CARTESIAN_POINT('',(15.541323033755,109.6861203964,120.));
#2316 = DIRECTION('',(-0.965925826289,-0.258819045103,0.));
#2317 = DIRECTION('',(0.,0.,1.));
#2318 = ADVANCED_FACE('',(#2319),#2342,.T.);
#2319 = FACE_BOUND('',#2320,.T.);
#2320 = EDGE_LOOP('',(#2321,#2322,#2323,#2324,#2325,#2334,#2341));
#2321 = ORIENTED_EDGE('',*,*,#1793,.F.);
#2322 = ORIENTED_EDGE('',*,*,#1854,.F.);
#2323 = ORIENTED_EDGE('',*,*,#1358,.T.);
#2324 = ORIENTED_EDGE('',*,*,#2268,.T.);
#2325 = ORIENTED_EDGE('',*,*,#2326,.F.);
#2326 = EDGE_CURVE('',#2327,#2269,#2329,.T.);
#2327 = VERTEX_POINT('',#2328);
#2328 = CARTESIAN_POINT('',(18.317780169062,106.78834291753,124.));
#2329 = CIRCLE('',#2330,2.);
#2330 = AXIS2_PLACEMENT_3D('',#2331,#2332,#2333);
#2331 = CARTESIAN_POINT('',(16.317780169062,106.78834291753,124.));
#2332 = DIRECTION('',(0.,0.,1.));
#2333 = DIRECTION('',(1.,0.,0.));
#2334 = ORIENTED_EDGE('',*,*,#2335,.F.);
#2335 = EDGE_CURVE('',#2285,#2327,#2336,.T.);
#2336 = CIRCLE('',#2337,2.);
#2337 = AXIS2_PLACEMENT_3D('',#2338,#2339,#2340);
#2338 = CARTESIAN_POINT('',(16.317780169062,106.78834291753,124.));
#2339 = DIRECTION('',(0.,0.,1.));
#2340 = DIRECTION('',(1.,0.,0.));
#2341 = ORIENTED_EDGE('',*,*,#2284,.T.);
#2342 = PLANE('',#2343);
#2343 = AXIS2_PLACEMENT_3D('',#2344,#2345,#2346);
#2344 = CARTESIAN_POINT('',(29.064284601802,113.30958702784,124.));
#2345 = DIRECTION('',(0.,0.,1.));
#2346 = DIRECTION('',(-0.965925826289,-0.258819045103,0.));
#2347 = ADVANCED_FACE('',(#2348),#2354,.F.);
#2348 = FACE_BOUND('',#2349,.F.);
#2349 = EDGE_LOOP('',(#2350,#2351,#2352,#2353));
#2350 = ORIENTED_EDGE('',*,*,#1722,.F.);
#2351 = ORIENTED_EDGE('',*,*,#1698,.T.);
#2352 = ORIENTED_EDGE('',*,*,#1681,.T.);
#2353 = ORIENTED_EDGE('',*,*,#1650,.F.);
#2354 = PLANE('',#2355);
#2355 = AXIS2_PLACEMENT_3D('',#2356,#2357,#2358);
#2356 = CARTESIAN_POINT('',(36.5,122.3,106.));
#2357 = DIRECTION('',(0.,1.,0.));
#2358 = DIRECTION('',(0.,0.,1.));
#2359 = ADVANCED_FACE('',(#2360,#2363),#2374,.T.);
#2360 = FACE_BOUND('',#2361,.T.);
#2361 = EDGE_LOOP('',(#2362));
#2362 = ORIENTED_EDGE('',*,*,#1875,.T.);
#2363 = FACE_BOUND('',#2364,.T.);
#2364 = EDGE_LOOP('',(#2365));
#2365 = ORIENTED_EDGE('',*,*,#2366,.F.);
#2366 = EDGE_CURVE('',#2367,#2367,#2369,.T.);
#2367 = VERTEX_POINT('',#2368);
#2368 = CARTESIAN_POINT('',(49.45,113.,126.));
#2369 = CIRCLE('',#2370,9.95);
#2370 = AXIS2_PLACEMENT_3D('',#2371,#2372,#2373);
#2371 = CARTESIAN_POINT('',(39.5,113.,126.));
#2372 = DIRECTION('',(0.,0.,1.));
#2373 = DIRECTION('',(1.,0.,0.));
#2374 = PLANE('',#2375);
#2375 = AXIS2_PLACEMENT_3D('',#2376,#2377,#2378);
#2376 = CARTESIAN_POINT('',(39.5,113.,126.));
#2377 = DIRECTION('',(0.,0.,1.));
#2378 = DIRECTION('',(1.,0.,0.));
#2379 = ADVANCED_FACE('',(#2380,#2391),#2402,.T.);
#2380 = FACE_BOUND('',#2381,.T.);
#2381 = EDGE_LOOP('',(#2382));
#2382 = ORIENTED_EDGE('',*,*,#2383,.T.);
#2383 = EDGE_CURVE('',#2384,#2384,#2386,.T.);
#2384 = VERTEX_POINT('',#2385);
#2385 = CARTESIAN_POINT('',(49.45,113.,148.));
#2386 = CIRCLE('',#2387,9.95);
#2387 = AXIS2_PLACEMENT_3D('',#2388,#2389,#2390);
#2388 = CARTESIAN_POINT('',(39.5,113.,148.));
#2389 = DIRECTION('',(0.,0.,1.));
#2390 = DIRECTION('',(1.,0.,0.));
#2391 = FACE_BOUND('',#2392,.T.);
#2392 = EDGE_LOOP('',(#2393));
#2393 = ORIENTED_EDGE('',*,*,#2394,.F.);
#2394 = EDGE_CURVE('',#2395,#2395,#2397,.T.);
#2395 = VERTEX_POINT('',#2396);
#2396 = CARTESIAN_POINT('',(45.5,113.,148.));
#2397 = CIRCLE('',#2398,6.);
#2398 = AXIS2_PLACEMENT_3D('',#2399,#2400,#2401);
#2399 = CARTESIAN_POINT('',(39.5,113.,148.));
#2400 = DIRECTION('',(0.,0.,1.));
#2401 = DIRECTION('',(1.,0.,0.));
#2402 = PLANE('',#2403);
#2403 = AXIS2_PLACEMENT_3D('',#2404,#2405,#2406);
#2404 = CARTESIAN_POINT('',(39.5,113.,148.));
#2405 = DIRECTION('',(0.,0.,1.));
#2406 = DIRECTION('',(1.,0.,0.));
#2407 = ADVANCED_FACE('',(#2408),#2427,.T.);
#2408 = FACE_BOUND('',#2409,.T.);
#2409 = EDGE_LOOP('',(#2410,#2418,#2419,#2420));
#2410 = ORIENTED_EDGE('',*,*,#2411,.T.);
#2411 = EDGE_CURVE('',#2412,#2384,#2414,.T.);
#2412 = VERTEX_POINT('',#2413);
#2413 = CARTESIAN_POINT('',(49.45,113.,145.8));
#2414 = LINE('',#2415,#2416);
#2415 = CARTESIAN_POINT('',(49.45,113.,126.));
#2416 = VECTOR('',#2417,1.);
#2417 = DIRECTION('',(0.,0.,1.));
#2418 = ORIENTED_EDGE('',*,*,#2383,.F.);
#2419 = ORIENTED_EDGE('',*,*,#2411,.F.);
#2420 = ORIENTED_EDGE('',*,*,#2421,.T.);
#2421 = EDGE_CURVE('',#2412,#2412,#2422,.T.);
#2422 = CIRCLE('',#2423,9.95);
#2423 = AXIS2_PLACEMENT_3D('',#2424,#2425,#2426);
#2424 = CARTESIAN_POINT('',(39.5,113.,145.8));
#2425 = DIRECTION('',(0.,0.,1.));
#2426 = DIRECTION('',(1.,0.,0.));
#2427 = CYLINDRICAL_SURFACE('',#2428,9.95);
#2428 = AXIS2_PLACEMENT_3D('',#2429,#2430,#2431);
#2429 = CARTESIAN_POINT('',(39.5,113.,126.));
#2430 = DIRECTION('',(0.,0.,1.));
#2431 = DIRECTION('',(1.,0.,0.));
#2432 = ADVANCED_FACE('',(#2433),#2487,.F.);
#2433 = FACE_BOUND('',#2434,.F.);
#2434 = EDGE_LOOP('',(#2435,#2446,#2455,#2464,#2469,#2470,#2471,#2480));
#2435 = ORIENTED_EDGE('',*,*,#2436,.T.);
#2436 = EDGE_CURVE('',#2437,#2439,#2441,.T.);
#2437 = VERTEX_POINT('',#2438);
#2438 = CARTESIAN_POINT('',(42.035709570444,118.43784672222,120.));
#2439 = VERTEX_POINT('',#2440);
#2440 = CARTESIAN_POINT('',(36.964290429556,118.43784672222,120.));
#2441 = CIRCLE('',#2442,6.);
#2442 = AXIS2_PLACEMENT_3D('',#2443,#2444,#2445);
#2443 = CARTESIAN_POINT('',(39.5,113.,120.));
#2444 = DIRECTION('',(0.,0.,1.));
#2445 = DIRECTION('',(1.,0.,0.));
#2446 = ORIENTED_EDGE('',*,*,#2447,.T.);
#2447 = EDGE_CURVE('',#2439,#2448,#2450,.T.);
#2448 = VERTEX_POINT('',#2449);
#2449 = CARTESIAN_POINT('',(33.522831811449,113.52293445648,120.));
#2450 = CIRCLE('',#2451,6.);
#2451 = AXIS2_PLACEMENT_3D('',#2452,#2453,#2454);
#2452 = CARTESIAN_POINT('',(39.5,113.,120.));
#2453 = DIRECTION('',(0.,0.,1.));
#2454 = DIRECTION('',(1.,0.,0.));
#2455 = ORIENTED_EDGE('',*,*,#2456,.T.);
#2456 = EDGE_CURVE('',#2448,#2457,#2459,.T.);
#2457 = VERTEX_POINT('',#2458);
#2458 = CARTESIAN_POINT('',(45.5,113.,120.));
#2459 = CIRCLE('',#2460,6.);
#2460 = AXIS2_PLACEMENT_3D('',#2461,#2462,#2463);
#2461 = CARTESIAN_POINT('',(39.5,113.,120.));
#2462 = DIRECTION('',(0.,0.,1.));
#2463 = DIRECTION('',(1.,0.,0.));
#2464 = ORIENTED_EDGE('',*,*,#2465,.T.);
#2465 = EDGE_CURVE('',#2457,#2395,#2466,.T.);
#2466 = B_SPLINE_CURVE_WITH_KNOTS('',1,(#2467,#2468),.UNSPECIFIED.,.F.,
  .F.,(2,2),(17.,45.),.PIECEWISE_BEZIER_KNOTS.);
#2467 = CARTESIAN_POINT('',(45.5,113.,120.));
#2468 = CARTESIAN_POINT('',(45.5,113.,148.));
#2469 = ORIENTED_EDGE('',*,*,#2394,.F.);
#2470 = ORIENTED_EDGE('',*,*,#2465,.F.);
#2471 = ORIENTED_EDGE('',*,*,#2472,.T.);
#2472 = EDGE_CURVE('',#2457,#2473,#2475,.T.);
#2473 = VERTEX_POINT('',#2474);
#2474 = CARTESIAN_POINT('',(45.47716818855,113.52293445648,120.));
#2475 = CIRCLE('',#2476,6.);
#2476 = AXIS2_PLACEMENT_3D('',#2477,#2478,#2479);
#2477 = CARTESIAN_POINT('',(39.5,113.,120.));
#2478 = DIRECTION('',(0.,0.,1.));
#2479 = DIRECTION('',(1.,0.,0.));
#2480 = ORIENTED_EDGE('',*,*,#2481,.T.);
#2481 = EDGE_CURVE('',#2473,#2437,#2482,.T.);
#2482 = CIRCLE('',#2483,6.);
#2483 = AXIS2_PLACEMENT_3D('',#2484,#2485,#2486);
#2484 = CARTESIAN_POINT('',(39.5,113.,120.));
#2485 = DIRECTION('',(0.,0.,1.));
#2486 = DIRECTION('',(1.,0.,0.));
#2487 = CYLINDRICAL_SURFACE('',#2488,6.);
#2488 = AXIS2_PLACEMENT_3D('',#2489,#2490,#2491);
#2489 = CARTESIAN_POINT('',(39.5,113.,103.));
#2490 = DIRECTION('',(0.,0.,1.));
#2491 = DIRECTION('',(1.,0.,0.));
#2492 = ADVANCED_FACE('',(#2493,#2496),#2507,.F.);
#2493 = FACE_BOUND('',#2494,.F.);
#2494 = EDGE_LOOP('',(#2495));
#2495 = ORIENTED_EDGE('',*,*,#2421,.T.);
#2496 = FACE_BOUND('',#2497,.F.);
#2497 = EDGE_LOOP('',(#2498));
#2498 = ORIENTED_EDGE('',*,*,#2499,.F.);
#2499 = EDGE_CURVE('',#2500,#2500,#2502,.T.);
#2500 = VERTEX_POINT('',#2501);
#2501 = CARTESIAN_POINT('',(49.,113.,145.8));
#2502 = CIRCLE('',#2503,9.5);
#2503 = AXIS2_PLACEMENT_3D('',#2504,#2505,#2506);
#2504 = CARTESIAN_POINT('',(39.5,113.,145.8));
#2505 = DIRECTION('',(0.,0.,1.));
#2506 = DIRECTION('',(1.,0.,0.));
#2507 = PLANE('',#2508);
#2508 = AXIS2_PLACEMENT_3D('',#2509,#2510,#2511);
#2509 = CARTESIAN_POINT('',(39.5,113.,145.8));
#2510 = DIRECTION('',(0.,0.,1.));
#2511 = DIRECTION('',(1.,0.,0.));
#2512 = ADVANCED_FACE('',(#2513),#2532,.T.);
#2513 = FACE_BOUND('',#2514,.T.);
#2514 = EDGE_LOOP('',(#2515,#2516,#2524,#2531));
#2515 = ORIENTED_EDGE('',*,*,#2499,.F.);
#2516 = ORIENTED_EDGE('',*,*,#2517,.F.);
#2517 = EDGE_CURVE('',#2518,#2500,#2520,.T.);
#2518 = VERTEX_POINT('',#2519);
#2519 = CARTESIAN_POINT('',(49.,113.,144.5));
#2520 = LINE('',#2521,#2522);
#2521 = CARTESIAN_POINT('',(49.,113.,144.4));
#2522 = VECTOR('',#2523,1.);
#2523 = DIRECTION('',(0.,0.,1.));
#2524 = ORIENTED_EDGE('',*,*,#2525,.T.);
#2525 = EDGE_CURVE('',#2518,#2518,#2526,.T.);
#2526 = CIRCLE('',#2527,9.5);
#2527 = AXIS2_PLACEMENT_3D('',#2528,#2529,#2530);
#2528 = CARTESIAN_POINT('',(39.5,113.,144.5));
#2529 = DIRECTION('',(0.,0.,1.));
#2530 = DIRECTION('',(1.,0.,0.));
#2531 = ORIENTED_EDGE('',*,*,#2517,.T.);
#2532 = CYLINDRICAL_SURFACE('',#2533,9.5);
#2533 = AXIS2_PLACEMENT_3D('',#2534,#2535,#2536);
#2534 = CARTESIAN_POINT('',(39.5,113.,144.4));
#2535 = DIRECTION('',(0.,0.,1.));
#2536 = DIRECTION('',(1.,0.,0.));
#2537 = ADVANCED_FACE('',(#2538,#2549),#2552,.T.);
#2538 = FACE_BOUND('',#2539,.T.);
#2539 = EDGE_LOOP('',(#2540));
#2540 = ORIENTED_EDGE('',*,*,#2541,.T.);
#2541 = EDGE_CURVE('',#2542,#2542,#2544,.T.);
#2542 = VERTEX_POINT('',#2543);
#2543 = CARTESIAN_POINT('',(49.45,113.,144.5));
#2544 = CIRCLE('',#2545,9.95);
#2545 = AXIS2_PLACEMENT_3D('',#2546,#2547,#2548);
#2546 = CARTESIAN_POINT('',(39.5,113.,144.5));
#2547 = DIRECTION('',(0.,0.,1.));
#2548 = DIRECTION('',(1.,0.,0.));
#2549 = FACE_BOUND('',#2550,.T.);
#2550 = EDGE_LOOP('',(#2551));
#2551 = ORIENTED_EDGE('',*,*,#2525,.F.);
#2552 = PLANE('',#2553);
#2553 = AXIS2_PLACEMENT_3D('',#2554,#2555,#2556);
#2554 = CARTESIAN_POINT('',(39.5,113.,144.5));
#2555 = DIRECTION('',(0.,0.,1.));
#2556 = DIRECTION('',(1.,0.,0.));
#2557 = ADVANCED_FACE('',(#2558),#2569,.T.);
#2558 = FACE_BOUND('',#2559,.T.);
#2559 = EDGE_LOOP('',(#2560,#2561,#2567,#2568));
#2560 = ORIENTED_EDGE('',*,*,#2541,.F.);
#2561 = ORIENTED_EDGE('',*,*,#2562,.F.);
#2562 = EDGE_CURVE('',#2367,#2542,#2563,.T.);
#2563 = LINE('',#2564,#2565);
#2564 = CARTESIAN_POINT('',(49.45,113.,126.));
#2565 = VECTOR('',#2566,1.);
#2566 = DIRECTION('',(0.,0.,1.));
#2567 = ORIENTED_EDGE('',*,*,#2366,.T.);
#2568 = ORIENTED_EDGE('',*,*,#2562,.T.);
#2569 = CYLINDRICAL_SURFACE('',#2570,9.95);
#2570 = AXIS2_PLACEMENT_3D('',#2571,#2572,#2573);
#2571 = CARTESIAN_POINT('',(39.5,113.,126.));
#2572 = DIRECTION('',(0.,0.,1.));
#2573 = DIRECTION('',(1.,0.,0.));
#2574 = ADVANCED_FACE('',(#2575),#2578,.T.);
#2575 = FACE_BOUND('',#2576,.T.);
#2576 = EDGE_LOOP('',(#2577));
#2577 = ORIENTED_EDGE('',*,*,#1920,.T.);
#2578 = PLANE('',#2579);
#2579 = AXIS2_PLACEMENT_3D('',#2580,#2581,#2582);
#2580 = CARTESIAN_POINT('',(62.682219830938,106.78834291753,154.));
#2581 = DIRECTION('',(0.,0.,1.));
#2582 = DIRECTION('',(1.,0.,0.));
#2583 = ADVANCED_FACE('',(#2584),#2602,.T.);
#2584 = FACE_BOUND('',#2585,.T.);
#2585 = EDGE_LOOP('',(#2586,#2587,#2588,#2596));
#2586 = ORIENTED_EDGE('',*,*,#2019,.F.);
#2587 = ORIENTED_EDGE('',*,*,#2111,.T.);
#2588 = ORIENTED_EDGE('',*,*,#2589,.T.);
#2589 = EDGE_CURVE('',#2062,#2590,#2592,.T.);
#2590 = VERTEX_POINT('',#2591);
#2591 = CARTESIAN_POINT('',(49.5,176.1,140.));
#2592 = LINE('',#2593,#2594);
#2593 = CARTESIAN_POINT('',(49.5,176.1,137.));
#2594 = VECTOR('',#2595,1.);
#2595 = DIRECTION('',(0.,0.,1.));
#2596 = ORIENTED_EDGE('',*,*,#2597,.F.);
#2597 = EDGE_CURVE('',#2020,#2590,#2598,.T.);
#2598 = LINE('',#2599,#2600);
#2599 = CARTESIAN_POINT('',(49.5,140.1,140.));
#2600 = VECTOR('',#2601,1.);
#2601 = DIRECTION('',(0.,1.,0.));
#2602 = PLANE('',#2603);
#2603 = AXIS2_PLACEMENT_3D('',#2604,#2605,#2606);
#2604 = CARTESIAN_POINT('',(49.5,140.1,137.));
#2605 = DIRECTION('',(1.,0.,0.));
#2606 = DIRECTION('',(0.,0.,1.));
#2607 = ADVANCED_FACE('',(#2608,#2626,#2660,#2671),#2690,.T.);
#2608 = FACE_BOUND('',#2609,.T.);
#2609 = EDGE_LOOP('',(#2610,#2611,#2612,#2620));
#2610 = ORIENTED_EDGE('',*,*,#2027,.T.);
#2611 = ORIENTED_EDGE('',*,*,#2597,.T.);
#2612 = ORIENTED_EDGE('',*,*,#2613,.F.);
#2613 = EDGE_CURVE('',#2614,#2590,#2616,.T.);
#2614 = VERTEX_POINT('',#2615);
#2615 = CARTESIAN_POINT('',(29.5,176.1,140.));
#2616 = LINE('',#2617,#2618);
#2617 = CARTESIAN_POINT('',(29.5,176.1,140.));
#2618 = VECTOR('',#2619,1.);
#2619 = DIRECTION('',(1.,0.,0.));
#2620 = ORIENTED_EDGE('',*,*,#2621,.F.);
#2621 = EDGE_CURVE('',#2028,#2614,#2622,.T.);
#2622 = LINE('',#2623,#2624);
#2623 = CARTESIAN_POINT('',(29.5,140.1,140.));
#2624 = VECTOR('',#2625,1.);
#2625 = DIRECTION('',(0.,1.,0.));
#2626 = FACE_BOUND('',#2627,.T.);
#2627 = EDGE_LOOP('',(#2628,#2638,#2646,#2654));
#2628 = ORIENTED_EDGE('',*,*,#2629,.T.);
#2629 = EDGE_CURVE('',#2630,#2632,#2634,.T.);
#2630 = VERTEX_POINT('',#2631);
#2631 = CARTESIAN_POINT('',(45.5,146.7,140.));
#2632 = VERTEX_POINT('',#2633);
#2633 = CARTESIAN_POINT('',(33.5,146.7,140.));
#2634 = LINE('',#2635,#2636);
#2635 = CARTESIAN_POINT('',(31.5,146.7,140.));
#2636 = VECTOR('',#2637,1.);
#2637 = DIRECTION('',(-1.,0.,0.));
#2638 = ORIENTED_EDGE('',*,*,#2639,.T.);
#2639 = EDGE_CURVE('',#2632,#2640,#2642,.T.);
#2640 = VERTEX_POINT('',#2641);
#2641 = CARTESIAN_POINT('',(33.5,169.5,140.));
#2642 = LINE('',#2643,#2644);
#2643 = CARTESIAN_POINT('',(33.5,143.4,140.));
#2644 = VECTOR('',#2645,1.);
#2645 = DIRECTION('',(0.,1.,0.));
#2646 = ORIENTED_EDGE('',*,*,#2647,.F.);
#2647 = EDGE_CURVE('',#2648,#2640,#2650,.T.);
#2648 = VERTEX_POINT('',#2649);
#2649 = CARTESIAN_POINT('',(45.5,169.5,140.));
#2650 = LINE('',#2651,#2652);
#2651 = CARTESIAN_POINT('',(31.5,169.5,140.));
#2652 = VECTOR('',#2653,1.);
#2653 = DIRECTION('',(-1.,0.,0.));
#2654 = ORIENTED_EDGE('',*,*,#2655,.F.);
#2655 = EDGE_CURVE('',#2630,#2648,#2656,.T.);
#2656 = LINE('',#2657,#2658);
#2657 = CARTESIAN_POINT('',(45.5,143.4,140.));
#2658 = VECTOR('',#2659,1.);
#2659 = DIRECTION('',(0.,1.,0.));
#2660 = FACE_BOUND('',#2661,.T.);
#2661 = EDGE_LOOP('',(#2662));
#2662 = ORIENTED_EDGE('',*,*,#2663,.F.);
#2663 = EDGE_CURVE('',#2664,#2664,#2666,.T.);
#2664 = VERTEX_POINT('',#2665);
#2665 = CARTESIAN_POINT('',(40.7,171.7,140.));
#2666 = CIRCLE('',#2667,1.2);
#2667 = AXIS2_PLACEMENT_3D('',#2668,#2669,#2670);
#2668 = CARTESIAN_POINT('',(39.5,171.7,140.));
#2669 = DIRECTION('',(0.,0.,1.));
#2670 = DIRECTION('',(1.,0.,0.));
#2671 = FACE_BOUND('',#2672,.T.);
#2672 = EDGE_LOOP('',(#2673,#2674,#2683));
#2673 = ORIENTED_EDGE('',*,*,#2187,.F.);
#2674 = ORIENTED_EDGE('',*,*,#2675,.F.);
#2675 = EDGE_CURVE('',#2676,#2180,#2678,.T.);
#2676 = VERTEX_POINT('',#2677);
#2677 = CARTESIAN_POINT('',(40.7,144.5,140.));
#2678 = CIRCLE('',#2679,1.2);
#2679 = AXIS2_PLACEMENT_3D('',#2680,#2681,#2682);
#2680 = CARTESIAN_POINT('',(39.5,144.5,140.));
#2681 = DIRECTION('',(0.,0.,1.));
#2682 = DIRECTION('',(1.,0.,0.));
#2683 = ORIENTED_EDGE('',*,*,#2684,.F.);
#2684 = EDGE_CURVE('',#2188,#2676,#2685,.T.);
#2685 = CIRCLE('',#2686,1.2);
#2686 = AXIS2_PLACEMENT_3D('',#2687,#2688,#2689);
#2687 = CARTESIAN_POINT('',(39.5,144.5,140.));
#2688 = DIRECTION('',(0.,0.,1.));
#2689 = DIRECTION('',(1.,0.,0.));
#2690 = PLANE('',#2691);
#2691 = AXIS2_PLACEMENT_3D('',#2692,#2693,#2694);
#2692 = CARTESIAN_POINT('',(39.5,158.1,140.));
#2693 = DIRECTION('',(0.,0.,1.));
#2694 = DIRECTION('',(1.,0.,0.));
#2695 = ADVANCED_FACE('',(#2696),#2707,.F.);
#2696 = FACE_BOUND('',#2697,.F.);
#2697 = EDGE_LOOP('',(#2698,#2699,#2700,#2706));
#2698 = ORIENTED_EDGE('',*,*,#2035,.F.);
#2699 = ORIENTED_EDGE('',*,*,#2069,.T.);
#2700 = ORIENTED_EDGE('',*,*,#2701,.T.);
#2701 = EDGE_CURVE('',#2060,#2614,#2702,.T.);
#2702 = LINE('',#2703,#2704);
#2703 = CARTESIAN_POINT('',(29.5,176.1,137.));
#2704 = VECTOR('',#2705,1.);
#2705 = DIRECTION('',(0.,0.,1.));
#2706 = ORIENTED_EDGE('',*,*,#2621,.F.);
#2707 = PLANE('',#2708);
#2708 = AXIS2_PLACEMENT_3D('',#2709,#2710,#2711);
#2709 = CARTESIAN_POINT('',(29.5,140.1,137.));
#2710 = DIRECTION('',(1.,0.,0.));
#2711 = DIRECTION('',(0.,0.,1.));
#2712 = ADVANCED_FACE('',(#2713),#2719,.T.);
#2713 = FACE_BOUND('',#2714,.T.);
#2714 = EDGE_LOOP('',(#2715,#2716,#2717,#2718));
#2715 = ORIENTED_EDGE('',*,*,#2059,.F.);
#2716 = ORIENTED_EDGE('',*,*,#2701,.T.);
#2717 = ORIENTED_EDGE('',*,*,#2613,.T.);
#2718 = ORIENTED_EDGE('',*,*,#2589,.F.);
#2719 = PLANE('',#2720);
#2720 = AXIS2_PLACEMENT_3D('',#2721,#2722,#2723);
#2721 = CARTESIAN_POINT('',(29.5,176.1,137.));
#2722 = DIRECTION('',(0.,1.,0.));
#2723 = DIRECTION('',(0.,0.,1.));
#2724 = ADVANCED_FACE('',(#2725),#2733,.F.);
#2725 = FACE_BOUND('',#2726,.F.);
#2726 = EDGE_LOOP('',(#2727,#2728,#2729,#2730,#2731,#2732));
#2727 = ORIENTED_EDGE('',*,*,#2179,.T.);
#2728 = ORIENTED_EDGE('',*,*,#2675,.F.);
#2729 = ORIENTED_EDGE('',*,*,#2684,.F.);
#2730 = ORIENTED_EDGE('',*,*,#2195,.F.);
#2731 = ORIENTED_EDGE('',*,*,#2094,.T.);
#2732 = ORIENTED_EDGE('',*,*,#2085,.T.);
#2733 = CYLINDRICAL_SURFACE('',#2734,1.2);
#2734 = AXIS2_PLACEMENT_3D('',#2735,#2736,#2737);
#2735 = CARTESIAN_POINT('',(39.5,144.5,136.));
#2736 = DIRECTION('',(0.,0.,1.));
#2737 = DIRECTION('',(1.,0.,0.));
#2738 = ADVANCED_FACE('',(#2739),#2755,.T.);
#2739 = FACE_BOUND('',#2740,.T.);
#2740 = EDGE_LOOP('',(#2741,#2747,#2748,#2754));
#2741 = ORIENTED_EDGE('',*,*,#2742,.F.);
#2742 = EDGE_CURVE('',#2120,#2630,#2743,.T.);
#2743 = LINE('',#2744,#2745);
#2744 = CARTESIAN_POINT('',(45.5,146.7,136.));
#2745 = VECTOR('',#2746,1.);
#2746 = DIRECTION('',(0.,0.,1.));
#2747 = ORIENTED_EDGE('',*,*,#2119,.T.);
#2748 = ORIENTED_EDGE('',*,*,#2749,.T.);
#2749 = EDGE_CURVE('',#2122,#2632,#2750,.T.);
#2750 = LINE('',#2751,#2752);
#2751 = CARTESIAN_POINT('',(33.5,146.7,136.));
#2752 = VECTOR('',#2753,1.);
#2753 = DIRECTION('',(0.,0.,1.));
#2754 = ORIENTED_EDGE('',*,*,#2629,.F.);
#2755 = PLANE('',#2756);
#2756 = AXIS2_PLACEMENT_3D('',#2757,#2758,#2759);
#2757 = CARTESIAN_POINT('',(33.5,146.7,136.));
#2758 = DIRECTION('',(0.,1.,0.));
#2759 = DIRECTION('',(0.,0.,1.));
#2760 = ADVANCED_FACE('',(#2761),#2772,.F.);
#2761 = FACE_BOUND('',#2762,.F.);
#2762 = EDGE_LOOP('',(#2763,#2764,#2765,#2771));
#2763 = ORIENTED_EDGE('',*,*,#2742,.F.);
#2764 = ORIENTED_EDGE('',*,*,#2145,.T.);
#2765 = ORIENTED_EDGE('',*,*,#2766,.T.);
#2766 = EDGE_CURVE('',#2138,#2648,#2767,.T.);
#2767 = LINE('',#2768,#2769);
#2768 = CARTESIAN_POINT('',(45.5,169.5,136.));
#2769 = VECTOR('',#2770,1.);
#2770 = DIRECTION('',(0.,0.,1.));
#2771 = ORIENTED_EDGE('',*,*,#2655,.F.);
#2772 = PLANE('',#2773);
#2773 = AXIS2_PLACEMENT_3D('',#2774,#2775,#2776);
#2774 = CARTESIAN_POINT('',(45.5,146.7,136.));
#2775 = DIRECTION('',(1.,0.,0.));
#2776 = DIRECTION('',(0.,0.,1.));
#2777 = ADVANCED_FACE('',(#2778),#2789,.T.);
#2778 = FACE_BOUND('',#2779,.T.);
#2779 = EDGE_LOOP('',(#2780,#2781,#2782,#2788));
#2780 = ORIENTED_EDGE('',*,*,#2749,.F.);
#2781 = ORIENTED_EDGE('',*,*,#2129,.T.);
#2782 = ORIENTED_EDGE('',*,*,#2783,.T.);
#2783 = EDGE_CURVE('',#2130,#2640,#2784,.T.);
#2784 = LINE('',#2785,#2786);
#2785 = CARTESIAN_POINT('',(33.5,169.5,136.));
#2786 = VECTOR('',#2787,1.);
#2787 = DIRECTION('',(0.,0.,1.));
#2788 = ORIENTED_EDGE('',*,*,#2639,.F.);
#2789 = PLANE('',#2790);
#2790 = AXIS2_PLACEMENT_3D('',#2791,#2792,#2793);
#2791 = CARTESIAN_POINT('',(33.5,146.7,136.));
#2792 = DIRECTION('',(1.,0.,0.));
#2793 = DIRECTION('',(0.,0.,1.));
#2794 = ADVANCED_FACE('',(#2795),#2801,.F.);
#2795 = FACE_BOUND('',#2796,.F.);
#2796 = EDGE_LOOP('',(#2797,#2798,#2799,#2800));
#2797 = ORIENTED_EDGE('',*,*,#2766,.F.);
#2798 = ORIENTED_EDGE('',*,*,#2137,.T.);
#2799 = ORIENTED_EDGE('',*,*,#2783,.T.);
#2800 = ORIENTED_EDGE('',*,*,#2647,.F.);
#2801 = PLANE('',#2802);
#2802 = AXIS2_PLACEMENT_3D('',#2803,#2804,#2805);
#2803 = CARTESIAN_POINT('',(33.5,169.5,136.));
#2804 = DIRECTION('',(0.,1.,0.));
#2805 = DIRECTION('',(0.,0.,1.));
#2806 = ADVANCED_FACE('',(#2807),#2818,.F.);
#2807 = FACE_BOUND('',#2808,.F.);
#2808 = EDGE_LOOP('',(#2809,#2810,#2816,#2817));
#2809 = ORIENTED_EDGE('',*,*,#2663,.F.);
#2810 = ORIENTED_EDGE('',*,*,#2811,.F.);
#2811 = EDGE_CURVE('',#2154,#2664,#2812,.T.);
#2812 = LINE('',#2813,#2814);
#2813 = CARTESIAN_POINT('',(40.7,171.7,136.));
#2814 = VECTOR('',#2815,1.);
#2815 = DIRECTION('',(0.,0.,1.));
#2816 = ORIENTED_EDGE('',*,*,#2153,.T.);
#2817 = ORIENTED_EDGE('',*,*,#2811,.T.);
#2818 = CYLINDRICAL_SURFACE('',#2819,1.2);
#2819 = AXIS2_PLACEMENT_3D('',#2820,#2821,#2822);
#2820 = CARTESIAN_POINT('',(39.5,171.7,136.));
#2821 = DIRECTION('',(0.,0.,1.));
#2822 = DIRECTION('',(1.,0.,0.));
#2823 = ADVANCED_FACE('',(#2824),#2853,.T.);
#2824 = FACE_BOUND('',#2825,.T.);
#2825 = EDGE_LOOP('',(#2826,#2834,#2841,#2842,#2843,#2844,#2851,#2852));
#2826 = ORIENTED_EDGE('',*,*,#2827,.T.);
#2827 = EDGE_CURVE('',#2327,#2828,#2830,.T.);
#2828 = VERTEX_POINT('',#2829);
#2829 = CARTESIAN_POINT('',(18.317780169062,106.78834291753,154.));
#2830 = LINE('',#2831,#2832);
#2831 = CARTESIAN_POINT('',(18.317780169062,106.78834291753,123.));
#2832 = VECTOR('',#2833,1.);
#2833 = DIRECTION('',(0.,0.,1.));
#2834 = ORIENTED_EDGE('',*,*,#2835,.F.);
#2835 = EDGE_CURVE('',#2828,#2828,#2836,.T.);
#2836 = CIRCLE('',#2837,2.);
#2837 = AXIS2_PLACEMENT_3D('',#2838,#2839,#2840);
#2838 = CARTESIAN_POINT('',(16.317780169062,106.78834291753,154.));
#2839 = DIRECTION('',(0.,0.,1.));
#2840 = DIRECTION('',(1.,0.,0.));
#2841 = ORIENTED_EDGE('',*,*,#2827,.F.);
#2842 = ORIENTED_EDGE('',*,*,#2326,.T.);
#2843 = ORIENTED_EDGE('',*,*,#2308,.F.);
#2844 = ORIENTED_EDGE('',*,*,#2845,.T.);
#2845 = EDGE_CURVE('',#2301,#2293,#2846,.T.);
#2846 = CIRCLE('',#2847,2.);
#2847 = AXIS2_PLACEMENT_3D('',#2848,#2849,#2850);
#2848 = CARTESIAN_POINT('',(16.317780169062,106.78834291753,123.));
#2849 = DIRECTION('',(0.,0.,1.));
#2850 = DIRECTION('',(1.,0.,0.));
#2851 = ORIENTED_EDGE('',*,*,#2292,.T.);
#2852 = ORIENTED_EDGE('',*,*,#2335,.T.);
#2853 = CYLINDRICAL_SURFACE('',#2854,2.);
#2854 = AXIS2_PLACEMENT_3D('',#2855,#2856,#2857);
#2855 = CARTESIAN_POINT('',(16.317780169062,106.78834291753,123.));
#2856 = DIRECTION('',(0.,0.,1.));
#2857 = DIRECTION('',(1.,0.,0.));
#2858 = ADVANCED_FACE('',(#2859),#2863,.F.);
#2859 = FACE_BOUND('',#2860,.F.);
#2860 = EDGE_LOOP('',(#2861,#2862));
#2861 = ORIENTED_EDGE('',*,*,#2300,.T.);
#2862 = ORIENTED_EDGE('',*,*,#2845,.T.);
#2863 = PLANE('',#2864);
#2864 = AXIS2_PLACEMENT_3D('',#2865,#2866,#2867);
#2865 = CARTESIAN_POINT('',(16.317780169062,106.78834291753,123.));
#2866 = DIRECTION('',(0.,0.,1.));
#2867 = DIRECTION('',(1.,0.,0.));
#2868 = ADVANCED_FACE('',(#2869),#2872,.T.);
#2869 = FACE_BOUND('',#2870,.T.);
#2870 = EDGE_LOOP('',(#2871));
#2871 = ORIENTED_EDGE('',*,*,#2835,.T.);
#2872 = PLANE('',#2873);
#2873 = AXIS2_PLACEMENT_3D('',#2874,#2875,#2876);
#2874 = CARTESIAN_POINT('',(16.317780169062,106.78834291753,154.));
#2875 = DIRECTION('',(0.,0.,1.));
#2876 = DIRECTION('',(1.,0.,0.));
#2877 = ADVANCED_FACE('',(#2878,#2899),#2906,.T.);
#2878 = FACE_BOUND('',#2879,.T.);
#2879 = EDGE_LOOP('',(#2880,#2881,#2882,#2883,#2884,#2885,#2886,#2887,
    #2888,#2889,#2890,#2891,#2892,#2893,#2894,#2895,#2896,#2897,#2898));
#2880 = ORIENTED_EDGE('',*,*,#221,.F.);
#2881 = ORIENTED_EDGE('',*,*,#173,.T.);
#2882 = ORIENTED_EDGE('',*,*,#119,.F.);
#2883 = ORIENTED_EDGE('',*,*,#63,.F.);
#2884 = ORIENTED_EDGE('',*,*,#40,.F.);
#2885 = ORIENTED_EDGE('',*,*,#1775,.T.);
#2886 = ORIENTED_EDGE('',*,*,#2277,.F.);
#2887 = ORIENTED_EDGE('',*,*,#1340,.F.);
#2888 = ORIENTED_EDGE('',*,*,#467,.F.);
#2889 = ORIENTED_EDGE('',*,*,#828,.F.);
#2890 = ORIENTED_EDGE('',*,*,#702,.F.);
#2891 = ORIENTED_EDGE('',*,*,#711,.F.);
#2892 = ORIENTED_EDGE('',*,*,#720,.F.);
#2893 = ORIENTED_EDGE('',*,*,#729,.F.);
#2894 = ORIENTED_EDGE('',*,*,#738,.F.);
#2895 = ORIENTED_EDGE('',*,*,#747,.F.);
#2896 = ORIENTED_EDGE('',*,*,#675,.F.);
#2897 = ORIENTED_EDGE('',*,*,#627,.F.);
#2898 = ORIENTED_EDGE('',*,*,#230,.F.);
#2899 = FACE_BOUND('',#2900,.T.);
#2900 = EDGE_LOOP('',(#2901,#2902,#2903,#2904,#2905));
#2901 = ORIENTED_EDGE('',*,*,#2447,.T.);
#2902 = ORIENTED_EDGE('',*,*,#2456,.T.);
#2903 = ORIENTED_EDGE('',*,*,#2472,.T.);
#2904 = ORIENTED_EDGE('',*,*,#2481,.T.);
#2905 = ORIENTED_EDGE('',*,*,#2436,.T.);
#2906 = PLANE('',#2907);
#2907 = AXIS2_PLACEMENT_3D('',#2908,#2909,#2910);
#2908 = CARTESIAN_POINT('',(39.500004347889,109.83247508796,120.));
#2909 = DIRECTION('',(-0.,-0.,-1.));
#2910 = DIRECTION('',(-1.,0.,0.));
#2911 = MANIFOLD_SOLID_BREP('',#2912);
#2912 = CLOSED_SHELL('',(#2913,#3158,#3207,#3217,#3251,#3275,#3341,#3366
    ,#3440,#3464,#3505,#3532,#3542,#3559,#3577,#3594,#3606,#3668,#3680,
    #3692));
#2913 = ADVANCED_FACE('',(#2914),#3153,.T.);
#2914 = FACE_BOUND('',#2915,.T.);
#2915 = EDGE_LOOP('',(#2916,#2931,#2939,#2948,#2956,#2965,#2973,#2982,
    #2990,#3003,#3011,#3060,#3068,#3077,#3085,#3094,#3102,#3111,#3119,
    #3147));
#2916 = ORIENTED_EDGE('',*,*,#2917,.T.);
#2917 = EDGE_CURVE('',#2918,#2920,#2922,.T.);
#2918 = VERTEX_POINT('',#2919);
#2919 = CARTESIAN_POINT('',(52.149110640674,107.,113.47172935629));
#2920 = VERTEX_POINT('',#2921);
#2921 = CARTESIAN_POINT('',(52.576696830622,108.,113.64645510925));
#2922 = B_SPLINE_CURVE_WITH_KNOTS('',7,(#2923,#2924,#2925,#2926,#2927,
    #2928,#2929,#2930),.UNSPECIFIED.,.F.,.F.,(8,8),(0.,1.),
  .PIECEWISE_BEZIER_KNOTS.);
#2923 = CARTESIAN_POINT('',(52.149110356069,106.9999994,113.47172919175)
  );
#2924 = CARTESIAN_POINT('',(52.295730600849,107.30910197853,
    113.5564986239));
#2925 = CARTESIAN_POINT('',(52.437329342136,107.63037543139,
    113.6156278719));
#2926 = CARTESIAN_POINT('',(52.57005239852,107.95782036621,
    113.65518530323));
#2927 = CARTESIAN_POINT('',(52.692593758281,108.28812910218,
    113.68007076274));
#2928 = CARTESIAN_POINT('',(52.804784953584,108.61991316115,
    113.69407403691));
#2929 = CARTESIAN_POINT('',(52.907072501511,108.95358154026,113.7));
#2930 = CARTESIAN_POINT('',(53.,109.29190075645,113.7));
#2931 = ORIENTED_EDGE('',*,*,#2932,.T.);
#2932 = EDGE_CURVE('',#2920,#2933,#2935,.T.);
#2933 = VERTEX_POINT('',#2934);
#2934 = CARTESIAN_POINT('',(52.576696830622,108.,118.));
#2935 = LINE('',#2936,#2937);
#2936 = CARTESIAN_POINT('',(52.576696830622,108.,104.));
#2937 = VECTOR('',#2938,1.);
#2938 = DIRECTION('',(0.,0.,1.));
#2939 = ORIENTED_EDGE('',*,*,#2940,.T.);
#2940 = EDGE_CURVE('',#2933,#2941,#2943,.T.);
#2941 = VERTEX_POINT('',#2942);
#2942 = CARTESIAN_POINT('',(53.496785345214,112.7,118.));
#2943 = CIRCLE('',#2944,14.);
#2944 = AXIS2_PLACEMENT_3D('',#2945,#2946,#2947);
#2945 = CARTESIAN_POINT('',(39.5,113.,118.));
#2946 = DIRECTION('',(0.,0.,1.));
#2947 = DIRECTION('',(1.,0.,0.));
#2948 = ORIENTED_EDGE('',*,*,#2949,.T.);
#2949 = EDGE_CURVE('',#2941,#2950,#2952,.T.);
#2950 = VERTEX_POINT('',#2951);
#2951 = CARTESIAN_POINT('',(53.496785345214,112.7,120.));
#2952 = LINE('',#2953,#2954);
#2953 = CARTESIAN_POINT('',(53.496785345214,112.7,104.));
#2954 = VECTOR('',#2955,1.);
#2955 = DIRECTION('',(0.,0.,1.));
#2956 = ORIENTED_EDGE('',*,*,#2957,.F.);
#2957 = EDGE_CURVE('',#2958,#2950,#2960,.T.);
#2958 = VERTEX_POINT('',#2959);
#2959 = CARTESIAN_POINT('',(25.503214654786,112.7,120.));
#2960 = CIRCLE('',#2961,14.);
#2961 = AXIS2_PLACEMENT_3D('',#2962,#2963,#2964);
#2962 = CARTESIAN_POINT('',(39.5,113.,120.));
#2963 = DIRECTION('',(0.,0.,1.));
#2964 = DIRECTION('',(1.,0.,0.));
#2965 = ORIENTED_EDGE('',*,*,#2966,.F.);
#2966 = EDGE_CURVE('',#2967,#2958,#2969,.T.);
#2967 = VERTEX_POINT('',#2968);
#2968 = CARTESIAN_POINT('',(25.503214654786,112.7,118.));
#2969 = LINE('',#2970,#2971);
#2970 = CARTESIAN_POINT('',(25.503214654786,112.7,104.));
#2971 = VECTOR('',#2972,1.);
#2972 = DIRECTION('',(0.,0.,1.));
#2973 = ORIENTED_EDGE('',*,*,#2974,.T.);
#2974 = EDGE_CURVE('',#2967,#2975,#2977,.T.);
#2975 = VERTEX_POINT('',#2976);
#2976 = CARTESIAN_POINT('',(26.423303169378,108.,118.));
#2977 = CIRCLE('',#2978,14.);
#2978 = AXIS2_PLACEMENT_3D('',#2979,#2980,#2981);
#2979 = CARTESIAN_POINT('',(39.5,113.,118.));
#2980 = DIRECTION('',(0.,0.,1.));
#2981 = DIRECTION('',(1.,0.,0.));
#2982 = ORIENTED_EDGE('',*,*,#2983,.F.);
#2983 = EDGE_CURVE('',#2984,#2975,#2986,.T.);
#2984 = VERTEX_POINT('',#2985);
#2985 = CARTESIAN_POINT('',(26.423303169378,108.,113.64645510925));
#2986 = LINE('',#2987,#2988);
#2987 = CARTESIAN_POINT('',(26.423303169378,108.,104.));
#2988 = VECTOR('',#2989,1.);
#2989 = DIRECTION('',(0.,0.,1.));
#2990 = ORIENTED_EDGE('',*,*,#2991,.T.);
#2991 = EDGE_CURVE('',#2984,#2992,#2994,.T.);
#2992 = VERTEX_POINT('',#2993);
#2993 = CARTESIAN_POINT('',(26.850889359326,107.,113.47172935629));
#2994 = B_SPLINE_CURVE_WITH_KNOTS('',7,(#2995,#2996,#2997,#2998,#2999,
    #3000,#3001,#3002),.UNSPECIFIED.,.F.,.F.,(8,8),(0.,1.),
  .PIECEWISE_BEZIER_KNOTS.);
#2995 = CARTESIAN_POINT('',(26.,109.29190075645,113.7));
#2996 = CARTESIAN_POINT('',(26.092935260274,108.9535532821,113.7));
#2997 = CARTESIAN_POINT('',(26.195224179254,108.61988632538,
    113.69407306197));
#2998 = CARTESIAN_POINT('',(26.307411606337,108.28811699348,
    113.68006905429));
#2999 = CARTESIAN_POINT('',(26.429946416351,107.95782598629,
    113.65518442953));
#3000 = CARTESIAN_POINT('',(26.562663648486,107.63039250105,
    113.61562963833));
#3001 = CARTESIAN_POINT('',(26.704262052624,107.30911746637,
    113.55650287135));
#3002 = CARTESIAN_POINT('',(26.850889643931,106.9999994,113.47172919175)
  );
#3003 = ORIENTED_EDGE('',*,*,#3004,.F.);
#3004 = EDGE_CURVE('',#3005,#2992,#3007,.T.);
#3005 = VERTEX_POINT('',#3006);
#3006 = CARTESIAN_POINT('',(26.850889359326,107.,110.5282706437));
#3007 = LINE('',#3008,#3009);
#3008 = CARTESIAN_POINT('',(26.850889359326,107.,104.));
#3009 = VECTOR('',#3010,1.);
#3010 = DIRECTION('',(0.,0.,1.));
#3011 = ORIENTED_EDGE('',*,*,#3012,.T.);
#3012 = EDGE_CURVE('',#3005,#3013,#3015,.T.);
#3013 = VERTEX_POINT('',#3014);
#3014 = CARTESIAN_POINT('',(26.423303169378,108.,110.35354489074));
#3015 = B_SPLINE_CURVE_WITH_KNOTS('',8,(#3016,#3017,#3018,#3019,#3020,
    #3021,#3022,#3023,#3024,#3025,#3026,#3027,#3028,#3029,#3030,#3031,
    #3032,#3033,#3034,#3035,#3036,#3037,#3038,#3039,#3040,#3041,#3042,
    #3043,#3044,#3045,#3046,#3047,#3048,#3049,#3050,#3051,#3052,#3053,
    #3054,#3055,#3056,#3057,#3058,#3059),.UNSPECIFIED.,.F.,.F.,(9,7,7,7,
    7,7,9),(0.,0.212979850767,0.327513328212,0.499050016757,
    0.670586705299,0.973318286461,1.),.UNSPECIFIED.);
#3016 = CARTESIAN_POINT('',(26.850889643931,106.9999994,110.52827080825)
  );
#3017 = CARTESIAN_POINT('',(26.711988063903,107.29282960645,
    110.44796397147));
#3018 = CARTESIAN_POINT('',(26.577394626698,107.59658593603,
    110.39013810361));
#3019 = CARTESIAN_POINT('',(26.450204056005,107.90647700104,
    110.35005084186));
#3020 = CARTESIAN_POINT('',(26.331758493249,108.21958173519,
    110.32371717366));
#3021 = CARTESIAN_POINT('',(26.222478173454,108.53424230296,
    110.30790460547));
#3022 = CARTESIAN_POINT('',(26.122248486923,108.84997785531,
    110.30006804071));
#3023 = CARTESIAN_POINT('',(26.030644261702,109.1676369218,
    110.29823076193));
#3024 = CARTESIAN_POINT('',(25.902437328125,109.66259683307,
    110.30220919496));
#3025 = CARTESIAN_POINT('',(25.860179051142,109.83614871686,
    110.30487357613));
#3026 = CARTESIAN_POINT('',(25.820501766367,110.01010373061,
    110.30854408348));
#3027 = CARTESIAN_POINT('',(25.78340489396,110.18441581575,
    110.31297714402));
#3028 = CARTESIAN_POINT('',(25.74888433594,110.3590511012,
    110.31795111665));
#3029 = CARTESIAN_POINT('',(25.716934033436,110.53398799978,
    110.32326482529));
#3030 = CARTESIAN_POINT('',(25.687547523929,110.70921730449,
    110.32873609194));
#3031 = CARTESIAN_POINT('',(25.620539188391,111.14762589408,
    110.34238396405));
#3032 = CARTESIAN_POINT('',(25.586088199968,111.41123562009,
    110.35055419143));
#3033 = CARTESIAN_POINT('',(25.557386234857,111.67536777156,
    110.35815454222));
#3034 = CARTESIAN_POINT('',(25.534433181576,111.9398734089,
    110.36472061602));
#3035 = CARTESIAN_POINT('',(25.517221175293,112.20464822112,
    110.36989267072));
#3036 = CARTESIAN_POINT('',(25.505743452415,112.46962235127,
    110.37342503999));
#3037 = CARTESIAN_POINT('',(25.5,112.73475017037,110.37519231907));
#3038 = CARTESIAN_POINT('',(25.5,113.26524982962,110.37519231907));
#3039 = CARTESIAN_POINT('',(25.505743452415,113.53037764872,
    110.37342503999));
#3040 = CARTESIAN_POINT('',(25.517221175293,113.79535177887,
    110.36989267072));
#3041 = CARTESIAN_POINT('',(25.534433181576,114.06012659109,
    110.36472061602));
#3042 = CARTESIAN_POINT('',(25.557386234858,114.32463222843,
    110.35815454222));
#3043 = CARTESIAN_POINT('',(25.586088199968,114.5887643799,
    110.35055419143));
#3044 = CARTESIAN_POINT('',(25.620539188391,114.85237410591,
    110.34238396405));
#3045 = CARTESIAN_POINT('',(25.731630560825,115.57920027631,
    110.3197575127));
#3046 = CARTESIAN_POINT('',(25.819462941063,116.03484083282,
    110.30546118326));
#3047 = CARTESIAN_POINT('',(25.924253996551,116.48744263299,
    110.29418090026));
#3048 = CARTESIAN_POINT('',(26.046941606862,116.93980700708,
    110.28940880819));
#3049 = CARTESIAN_POINT('',(26.18841939849,117.3918093647,
    110.29584151047));
#3050 = CARTESIAN_POINT('',(26.348719647248,117.84087581912,
    110.31992789131));
#3051 = CARTESIAN_POINT('',(26.526312008189,118.28185820231,
    110.37018653995));
#3052 = CARTESIAN_POINT('',(26.731723657148,118.74219350979,
    110.46542617742));
#3053 = CARTESIAN_POINT('',(26.748464578715,118.77937662772,
    110.47343740273));
#3054 = CARTESIAN_POINT('',(26.765305699855,118.81645178473,
    110.48175466989));
#3055 = CARTESIAN_POINT('',(26.782243812573,118.85341352293,
    110.49038732748));
#3056 = CARTESIAN_POINT('',(26.799275355289,118.89025591213,
    110.49934506623));
#3057 = CARTESIAN_POINT('',(26.816396412844,118.92697254989,
    110.50863791895));
#3058 = CARTESIAN_POINT('',(26.833602716499,118.9635565615,
    110.5182762606));
#3059 = CARTESIAN_POINT('',(26.850889643931,119.0000006,110.52827080825)
  );
#3060 = ORIENTED_EDGE('',*,*,#3061,.F.);
#3061 = EDGE_CURVE('',#3062,#3013,#3064,.T.);
#3062 = VERTEX_POINT('',#3063);
#3063 = CARTESIAN_POINT('',(26.423303169378,108.,106.));
#3064 = LINE('',#3065,#3066);
#3065 = CARTESIAN_POINT('',(26.423303169378,108.,104.));
#3066 = VECTOR('',#3067,1.);
#3067 = DIRECTION('',(0.,0.,1.));
#3068 = ORIENTED_EDGE('',*,*,#3069,.F.);
#3069 = EDGE_CURVE('',#3070,#3062,#3072,.T.);
#3070 = VERTEX_POINT('',#3071);
#3071 = CARTESIAN_POINT('',(25.503214654786,112.7,106.));
#3072 = CIRCLE('',#3073,14.);
#3073 = AXIS2_PLACEMENT_3D('',#3074,#3075,#3076);
#3074 = CARTESIAN_POINT('',(39.5,113.,106.));
#3075 = DIRECTION('',(0.,0.,1.));
#3076 = DIRECTION('',(1.,0.,0.));
#3077 = ORIENTED_EDGE('',*,*,#3078,.F.);
#3078 = EDGE_CURVE('',#3079,#3070,#3081,.T.);
#3079 = VERTEX_POINT('',#3080);
#3080 = CARTESIAN_POINT('',(25.503214654786,112.7,104.));
#3081 = LINE('',#3082,#3083);
#3082 = CARTESIAN_POINT('',(25.503214654786,112.7,104.));
#3083 = VECTOR('',#3084,1.);
#3084 = DIRECTION('',(0.,0.,1.));
#3085 = ORIENTED_EDGE('',*,*,#3086,.T.);
#3086 = EDGE_CURVE('',#3079,#3087,#3089,.T.);
#3087 = VERTEX_POINT('',#3088);
#3088 = CARTESIAN_POINT('',(53.496785345214,112.7,104.));
#3089 = CIRCLE('',#3090,14.);
#3090 = AXIS2_PLACEMENT_3D('',#3091,#3092,#3093);
#3091 = CARTESIAN_POINT('',(39.5,113.,104.));
#3092 = DIRECTION('',(0.,0.,1.));
#3093 = DIRECTION('',(1.,0.,0.));
#3094 = ORIENTED_EDGE('',*,*,#3095,.T.);
#3095 = EDGE_CURVE('',#3087,#3096,#3098,.T.);
#3096 = VERTEX_POINT('',#3097);
#3097 = CARTESIAN_POINT('',(53.496785345214,112.7,106.));
#3098 = LINE('',#3099,#3100);
#3099 = CARTESIAN_POINT('',(53.496785345214,112.7,104.));
#3100 = VECTOR('',#3101,1.);
#3101 = DIRECTION('',(0.,0.,1.));
#3102 = ORIENTED_EDGE('',*,*,#3103,.F.);
#3103 = EDGE_CURVE('',#3104,#3096,#3106,.T.);
#3104 = VERTEX_POINT('',#3105);
#3105 = CARTESIAN_POINT('',(52.576696830622,108.,106.));
#3106 = CIRCLE('',#3107,14.);
#3107 = AXIS2_PLACEMENT_3D('',#3108,#3109,#3110);
#3108 = CARTESIAN_POINT('',(39.5,113.,106.));
#3109 = DIRECTION('',(0.,0.,1.));
#3110 = DIRECTION('',(1.,0.,0.));
#3111 = ORIENTED_EDGE('',*,*,#3112,.T.);
#3112 = EDGE_CURVE('',#3104,#3113,#3115,.T.);
#3113 = VERTEX_POINT('',#3114);
#3114 = CARTESIAN_POINT('',(52.576696830622,108.,110.35354489074));
#3115 = LINE('',#3116,#3117);
#3116 = CARTESIAN_POINT('',(52.576696830622,108.,104.));
#3117 = VECTOR('',#3118,1.);
#3118 = DIRECTION('',(0.,0.,1.));
#3119 = ORIENTED_EDGE('',*,*,#3120,.T.);
#3120 = EDGE_CURVE('',#3113,#3121,#3123,.T.);
#3121 = VERTEX_POINT('',#3122);
#3122 = CARTESIAN_POINT('',(52.149110640674,107.,110.5282706437));
#3123 = B_SPLINE_CURVE_WITH_KNOTS('',8,(#3124,#3125,#3126,#3127,#3128,
    #3129,#3130,#3131,#3132,#3133,#3134,#3135,#3136,#3137,#3138,#3139,
    #3140,#3141,#3142,#3143,#3144,#3145,#3146),.UNSPECIFIED.,.F.,.F.,(9,
    7,7,9),(0.,0.341406991407,0.94665687372,1.),.UNSPECIFIED.);
#3124 = CARTESIAN_POINT('',(53.5,113.,110.37519231907));
#3125 = CARTESIAN_POINT('',(53.5,112.73552673926,110.37519231907));
#3126 = CARTESIAN_POINT('',(53.494290127796,112.47117117557,
    110.37343536582));
#3127 = CARTESIAN_POINT('',(53.482879214901,112.20696597073,
    110.36992356818));
#3128 = CARTESIAN_POINT('',(53.46576715436,111.94295746505,
    110.36478081967));
#3129 = CARTESIAN_POINT('',(53.442947289798,111.67921589189,
    110.35824995932));
#3130 = CARTESIAN_POINT('',(53.414411981113,111.41584554223,
    110.35068669167));
#3131 = CARTESIAN_POINT('',(53.380161346791,111.15299487903,
    110.34255026578));
#3132 = CARTESIAN_POINT('',(53.26939820599,110.42616285209,
    110.31992592823));
#3133 = CARTESIAN_POINT('',(53.181607988105,109.96981280064,
    110.30557857116));
#3134 = CARTESIAN_POINT('',(53.076811698355,109.51651397818,
    110.29422574424));
#3135 = CARTESIAN_POINT('',(52.95406604569,109.0634409351,
    110.28936813388));
#3136 = CARTESIAN_POINT('',(52.812470208845,108.610716017,
    110.29571648323));
#3137 = CARTESIAN_POINT('',(52.651989586183,108.16092415322,
    110.31974298769));
#3138 = CARTESIAN_POINT('',(52.474157509191,107.71923333549,
    110.36999819262));
#3139 = CARTESIAN_POINT('',(52.268449753853,107.25819166667,
    110.46534320524));
#3140 = CARTESIAN_POINT('',(52.251684949403,107.22095256362,
    110.47336356482));
#3141 = CARTESIAN_POINT('',(52.234819624497,107.18382170031,
    110.4816908034));
#3142 = CARTESIAN_POINT('',(52.217856999138,107.14680455563,
    110.49033430932));
#3143 = CARTESIAN_POINT('',(52.200800649411,107.10990708444,
    110.4993038148));
#3144 = CARTESIAN_POINT('',(52.183654507481,107.07313571757,
    110.50860939589));
#3145 = CARTESIAN_POINT('',(52.166422861592,107.03649736183,
    110.51826147246));
#3146 = CARTESIAN_POINT('',(52.149110356069,106.9999994,110.52827080825)
  );
#3147 = ORIENTED_EDGE('',*,*,#3148,.T.);
#3148 = EDGE_CURVE('',#3121,#2918,#3149,.T.);
#3149 = LINE('',#3150,#3151);
#3150 = CARTESIAN_POINT('',(52.149110640674,107.,104.));
#3151 = VECTOR('',#3152,1.);
#3152 = DIRECTION('',(0.,0.,1.));
#3153 = CYLINDRICAL_SURFACE('',#3154,14.);
#3154 = AXIS2_PLACEMENT_3D('',#3155,#3156,#3157);
#3155 = CARTESIAN_POINT('',(39.5,113.,104.));
#3156 = DIRECTION('',(0.,0.,1.));
#3157 = DIRECTION('',(1.,0.,0.));
#3158 = ADVANCED_FACE('',(#3159),#3202,.F.);
#3159 = FACE_BOUND('',#3160,.F.);
#3160 = EDGE_LOOP('',(#3161,#3170,#3178,#3185,#3186,#3193,#3194,#3201));
#3161 = ORIENTED_EDGE('',*,*,#3162,.F.);
#3162 = EDGE_CURVE('',#3163,#3163,#3165,.T.);
#3163 = VERTEX_POINT('',#3164);
#3164 = CARTESIAN_POINT('',(53.,112.7,113.7));
#3165 = CIRCLE('',#3166,1.7);
#3166 = AXIS2_PLACEMENT_3D('',#3167,#3168,#3169);
#3167 = CARTESIAN_POINT('',(53.,112.7,112.));
#3168 = DIRECTION('',(0.,1.,0.));
#3169 = DIRECTION('',(0.,0.,1.));
#3170 = ORIENTED_EDGE('',*,*,#3171,.F.);
#3171 = EDGE_CURVE('',#3172,#3163,#3174,.T.);
#3172 = VERTEX_POINT('',#3173);
#3173 = CARTESIAN_POINT('',(53.,108.,113.7));
#3174 = LINE('',#3175,#3176);
#3175 = CARTESIAN_POINT('',(53.,107.,113.7));
#3176 = VECTOR('',#3177,1.);
#3177 = DIRECTION('',(0.,1.,0.));
#3178 = ORIENTED_EDGE('',*,*,#3179,.T.);
#3179 = EDGE_CURVE('',#3172,#3113,#3180,.T.);
#3180 = CIRCLE('',#3181,1.7);
#3181 = AXIS2_PLACEMENT_3D('',#3182,#3183,#3184);
#3182 = CARTESIAN_POINT('',(53.,108.,112.));
#3183 = DIRECTION('',(0.,1.,0.));
#3184 = DIRECTION('',(0.,0.,1.));
#3185 = ORIENTED_EDGE('',*,*,#3120,.T.);
#3186 = ORIENTED_EDGE('',*,*,#3187,.T.);
#3187 = EDGE_CURVE('',#3121,#2918,#3188,.T.);
#3188 = CIRCLE('',#3189,1.7);
#3189 = AXIS2_PLACEMENT_3D('',#3190,#3191,#3192);
#3190 = CARTESIAN_POINT('',(53.,107.,112.));
#3191 = DIRECTION('',(0.,1.,0.));
#3192 = DIRECTION('',(0.,0.,1.));
#3193 = ORIENTED_EDGE('',*,*,#2917,.T.);
#3194 = ORIENTED_EDGE('',*,*,#3195,.T.);
#3195 = EDGE_CURVE('',#2920,#3172,#3196,.T.);
#3196 = CIRCLE('',#3197,1.7);
#3197 = AXIS2_PLACEMENT_3D('',#3198,#3199,#3200);
#3198 = CARTESIAN_POINT('',(53.,108.,112.));
#3199 = DIRECTION('',(0.,1.,0.));
#3200 = DIRECTION('',(0.,0.,1.));
#3201 = ORIENTED_EDGE('',*,*,#3171,.T.);
#3202 = CYLINDRICAL_SURFACE('',#3203,1.7);
#3203 = AXIS2_PLACEMENT_3D('',#3204,#3205,#3206);
#3204 = CARTESIAN_POINT('',(53.,107.,112.));
#3205 = DIRECTION('',(0.,1.,0.));
#3206 = DIRECTION('',(0.,0.,1.));
#3207 = ADVANCED_FACE('',(#3208),#3212,.T.);
#3208 = FACE_BOUND('',#3209,.T.);
#3209 = EDGE_LOOP('',(#3210,#3211));
#3210 = ORIENTED_EDGE('',*,*,#3148,.F.);
#3211 = ORIENTED_EDGE('',*,*,#3187,.T.);
#3212 = PLANE('',#3213);
#3213 = AXIS2_PLACEMENT_3D('',#3214,#3215,#3216);
#3214 = CARTESIAN_POINT('',(53.,107.,112.));
#3215 = DIRECTION('',(0.,1.,0.));
#3216 = DIRECTION('',(0.,0.,1.));
#3217 = ADVANCED_FACE('',(#3218),#3246,.F.);
#3218 = FACE_BOUND('',#3219,.F.);
#3219 = EDGE_LOOP('',(#3220,#3228,#3229,#3230,#3231,#3232,#3240));
#3220 = ORIENTED_EDGE('',*,*,#3221,.F.);
#3221 = EDGE_CURVE('',#3104,#3222,#3224,.T.);
#3222 = VERTEX_POINT('',#3223);
#3223 = CARTESIAN_POINT('',(57.5,108.,106.));
#3224 = LINE('',#3225,#3226);
#3225 = CARTESIAN_POINT('',(48.5,108.,106.));
#3226 = VECTOR('',#3227,1.);
#3227 = DIRECTION('',(1.,0.,0.));
#3228 = ORIENTED_EDGE('',*,*,#3112,.T.);
#3229 = ORIENTED_EDGE('',*,*,#3179,.F.);
#3230 = ORIENTED_EDGE('',*,*,#3195,.F.);
#3231 = ORIENTED_EDGE('',*,*,#2932,.T.);
#3232 = ORIENTED_EDGE('',*,*,#3233,.T.);
#3233 = EDGE_CURVE('',#2933,#3234,#3236,.T.);
#3234 = VERTEX_POINT('',#3235);
#3235 = CARTESIAN_POINT('',(57.5,108.,118.));
#3236 = LINE('',#3237,#3238);
#3237 = CARTESIAN_POINT('',(48.5,108.,118.));
#3238 = VECTOR('',#3239,1.);
#3239 = DIRECTION('',(1.,0.,0.));
#3240 = ORIENTED_EDGE('',*,*,#3241,.F.);
#3241 = EDGE_CURVE('',#3222,#3234,#3242,.T.);
#3242 = LINE('',#3243,#3244);
#3243 = CARTESIAN_POINT('',(57.5,108.,106.));
#3244 = VECTOR('',#3245,1.);
#3245 = DIRECTION('',(0.,0.,1.));
#3246 = PLANE('',#3247);
#3247 = AXIS2_PLACEMENT_3D('',#3248,#3249,#3250);
#3248 = CARTESIAN_POINT('',(48.5,108.,106.));
#3249 = DIRECTION('',(0.,1.,0.));
#3250 = DIRECTION('',(0.,0.,1.));
#3251 = ADVANCED_FACE('',(#3252),#3270,.F.);
#3252 = FACE_BOUND('',#3253,.F.);
#3253 = EDGE_LOOP('',(#3254,#3255,#3256,#3264));
#3254 = ORIENTED_EDGE('',*,*,#3103,.F.);
#3255 = ORIENTED_EDGE('',*,*,#3221,.T.);
#3256 = ORIENTED_EDGE('',*,*,#3257,.T.);
#3257 = EDGE_CURVE('',#3222,#3258,#3260,.T.);
#3258 = VERTEX_POINT('',#3259);
#3259 = CARTESIAN_POINT('',(57.5,112.7,106.));
#3260 = LINE('',#3261,#3262);
#3261 = CARTESIAN_POINT('',(57.5,108.,106.));
#3262 = VECTOR('',#3263,1.);
#3263 = DIRECTION('',(0.,1.,0.));
#3264 = ORIENTED_EDGE('',*,*,#3265,.T.);
#3265 = EDGE_CURVE('',#3258,#3096,#3266,.T.);
#3266 = LINE('',#3267,#3268);
#3267 = CARTESIAN_POINT('',(29.,112.7,106.));
#3268 = VECTOR('',#3269,1.);
#3269 = DIRECTION('',(-1.,0.,0.));
#3270 = PLANE('',#3271);
#3271 = AXIS2_PLACEMENT_3D('',#3272,#3273,#3274);
#3272 = CARTESIAN_POINT('',(48.5,108.,106.));
#3273 = DIRECTION('',(0.,0.,1.));
#3274 = DIRECTION('',(1.,0.,0.));
#3275 = ADVANCED_FACE('',(#3276,#3333),#3336,.T.);
#3276 = FACE_BOUND('',#3277,.T.);
#3277 = EDGE_LOOP('',(#3278,#3279,#3287,#3295,#3303,#3311,#3317,#3318,
    #3326,#3332));
#3278 = ORIENTED_EDGE('',*,*,#3095,.F.);
#3279 = ORIENTED_EDGE('',*,*,#3280,.T.);
#3280 = EDGE_CURVE('',#3087,#3281,#3283,.T.);
#3281 = VERTEX_POINT('',#3282);
#3282 = CARTESIAN_POINT('',(49.69558728078,112.7,104.));
#3283 = LINE('',#3284,#3285);
#3284 = CARTESIAN_POINT('',(24.5,112.7,104.));
#3285 = VECTOR('',#3286,1.);
#3286 = DIRECTION('',(-1.,0.,0.));
#3287 = ORIENTED_EDGE('',*,*,#3288,.T.);
#3288 = EDGE_CURVE('',#3281,#3289,#3291,.T.);
#3289 = VERTEX_POINT('',#3290);
#3290 = CARTESIAN_POINT('',(49.69558728078,112.7,106.));
#3291 = LINE('',#3292,#3293);
#3292 = CARTESIAN_POINT('',(49.69558728078,112.7,103.9));
#3293 = VECTOR('',#3294,1.);
#3294 = DIRECTION('',(0.,0.,1.));
#3295 = ORIENTED_EDGE('',*,*,#3296,.T.);
#3296 = EDGE_CURVE('',#3289,#3297,#3299,.T.);
#3297 = VERTEX_POINT('',#3298);
#3298 = CARTESIAN_POINT('',(49.69558728078,112.7,118.));
#3299 = LINE('',#3300,#3301);
#3300 = CARTESIAN_POINT('',(49.69558728078,112.7,103.));
#3301 = VECTOR('',#3302,1.);
#3302 = DIRECTION('',(0.,0.,1.));
#3303 = ORIENTED_EDGE('',*,*,#3304,.T.);
#3304 = EDGE_CURVE('',#3297,#3305,#3307,.T.);
#3305 = VERTEX_POINT('',#3306);
#3306 = CARTESIAN_POINT('',(49.69558728078,112.7,120.));
#3307 = LINE('',#3308,#3309);
#3308 = CARTESIAN_POINT('',(49.69558728078,112.7,103.9));
#3309 = VECTOR('',#3310,1.);
#3310 = DIRECTION('',(0.,0.,1.));
#3311 = ORIENTED_EDGE('',*,*,#3312,.F.);
#3312 = EDGE_CURVE('',#2950,#3305,#3313,.T.);
#3313 = LINE('',#3314,#3315);
#3314 = CARTESIAN_POINT('',(24.5,112.7,120.));
#3315 = VECTOR('',#3316,1.);
#3316 = DIRECTION('',(-1.,0.,0.));
#3317 = ORIENTED_EDGE('',*,*,#2949,.F.);
#3318 = ORIENTED_EDGE('',*,*,#3319,.F.);
#3319 = EDGE_CURVE('',#3320,#2941,#3322,.T.);
#3320 = VERTEX_POINT('',#3321);
#3321 = CARTESIAN_POINT('',(57.5,112.7,118.));
#3322 = LINE('',#3323,#3324);
#3323 = CARTESIAN_POINT('',(29.,112.7,118.));
#3324 = VECTOR('',#3325,1.);
#3325 = DIRECTION('',(-1.,0.,0.));
#3326 = ORIENTED_EDGE('',*,*,#3327,.F.);
#3327 = EDGE_CURVE('',#3258,#3320,#3328,.T.);
#3328 = LINE('',#3329,#3330);
#3329 = CARTESIAN_POINT('',(57.5,112.7,103.));
#3330 = VECTOR('',#3331,1.);
#3331 = DIRECTION('',(0.,0.,1.));
#3332 = ORIENTED_EDGE('',*,*,#3265,.T.);
#3333 = FACE_BOUND('',#3334,.T.);
#3334 = EDGE_LOOP('',(#3335));
#3335 = ORIENTED_EDGE('',*,*,#3162,.F.);
#3336 = PLANE('',#3337);
#3337 = AXIS2_PLACEMENT_3D('',#3338,#3339,#3340);
#3338 = CARTESIAN_POINT('',(9.5,112.7,100.));
#3339 = DIRECTION('',(0.,1.,0.));
#3340 = DIRECTION('',(0.,0.,1.));
#3341 = ADVANCED_FACE('',(#3342),#3361,.F.);
#3342 = FACE_BOUND('',#3343,.F.);
#3343 = EDGE_LOOP('',(#3344,#3352,#3353,#3354));
#3344 = ORIENTED_EDGE('',*,*,#3345,.T.);
#3345 = EDGE_CURVE('',#3346,#3079,#3348,.T.);
#3346 = VERTEX_POINT('',#3347);
#3347 = CARTESIAN_POINT('',(29.30441271922,112.7,104.));
#3348 = LINE('',#3349,#3350);
#3349 = CARTESIAN_POINT('',(24.5,112.7,104.));
#3350 = VECTOR('',#3351,1.);
#3351 = DIRECTION('',(-1.,0.,0.));
#3352 = ORIENTED_EDGE('',*,*,#3086,.T.);
#3353 = ORIENTED_EDGE('',*,*,#3280,.T.);
#3354 = ORIENTED_EDGE('',*,*,#3355,.F.);
#3355 = EDGE_CURVE('',#3346,#3281,#3356,.T.);
#3356 = CIRCLE('',#3357,10.2);
#3357 = AXIS2_PLACEMENT_3D('',#3358,#3359,#3360);
#3358 = CARTESIAN_POINT('',(39.5,113.,104.));
#3359 = DIRECTION('',(0.,0.,1.));
#3360 = DIRECTION('',(1.,0.,0.));
#3361 = PLANE('',#3362);
#3362 = AXIS2_PLACEMENT_3D('',#3363,#3364,#3365);
#3363 = CARTESIAN_POINT('',(39.5,113.,104.));
#3364 = DIRECTION('',(0.,0.,1.));
#3365 = DIRECTION('',(1.,0.,0.));
#3366 = ADVANCED_FACE('',(#3367,#3424),#3435,.T.);
#3367 = FACE_BOUND('',#3368,.T.);
#3368 = EDGE_LOOP('',(#3369,#3370,#3371,#3379,#3387,#3393,#3394,#3402,
    #3410,#3418));
#3369 = ORIENTED_EDGE('',*,*,#3345,.T.);
#3370 = ORIENTED_EDGE('',*,*,#3078,.T.);
#3371 = ORIENTED_EDGE('',*,*,#3372,.T.);
#3372 = EDGE_CURVE('',#3070,#3373,#3375,.T.);
#3373 = VERTEX_POINT('',#3374);
#3374 = CARTESIAN_POINT('',(21.5,112.7,106.));
#3375 = LINE('',#3376,#3377);
#3376 = CARTESIAN_POINT('',(15.5,112.7,106.));
#3377 = VECTOR('',#3378,1.);
#3378 = DIRECTION('',(-1.,0.,0.));
#3379 = ORIENTED_EDGE('',*,*,#3380,.T.);
#3380 = EDGE_CURVE('',#3373,#3381,#3383,.T.);
#3381 = VERTEX_POINT('',#3382);
#3382 = CARTESIAN_POINT('',(21.5,112.7,118.));
#3383 = LINE('',#3384,#3385);
#3384 = CARTESIAN_POINT('',(21.5,112.7,103.));
#3385 = VECTOR('',#3386,1.);
#3386 = DIRECTION('',(0.,0.,1.));
#3387 = ORIENTED_EDGE('',*,*,#3388,.F.);
#3388 = EDGE_CURVE('',#2967,#3381,#3389,.T.);
#3389 = LINE('',#3390,#3391);
#3390 = CARTESIAN_POINT('',(15.5,112.7,118.));
#3391 = VECTOR('',#3392,1.);
#3392 = DIRECTION('',(-1.,0.,0.));
#3393 = ORIENTED_EDGE('',*,*,#2966,.T.);
#3394 = ORIENTED_EDGE('',*,*,#3395,.F.);
#3395 = EDGE_CURVE('',#3396,#2958,#3398,.T.);
#3396 = VERTEX_POINT('',#3397);
#3397 = CARTESIAN_POINT('',(29.30441271922,112.7,120.));
#3398 = LINE('',#3399,#3400);
#3399 = CARTESIAN_POINT('',(24.5,112.7,120.));
#3400 = VECTOR('',#3401,1.);
#3401 = DIRECTION('',(-1.,0.,0.));
#3402 = ORIENTED_EDGE('',*,*,#3403,.F.);
#3403 = EDGE_CURVE('',#3404,#3396,#3406,.T.);
#3404 = VERTEX_POINT('',#3405);
#3405 = CARTESIAN_POINT('',(29.30441271922,112.7,118.));
#3406 = LINE('',#3407,#3408);
#3407 = CARTESIAN_POINT('',(29.30441271922,112.7,103.9));
#3408 = VECTOR('',#3409,1.);
#3409 = DIRECTION('',(0.,0.,1.));
#3410 = ORIENTED_EDGE('',*,*,#3411,.F.);
#3411 = EDGE_CURVE('',#3412,#3404,#3414,.T.);
#3412 = VERTEX_POINT('',#3413);
#3413 = CARTESIAN_POINT('',(29.30441271922,112.7,106.));
#3414 = LINE('',#3415,#3416);
#3415 = CARTESIAN_POINT('',(29.30441271922,112.7,103.));
#3416 = VECTOR('',#3417,1.);
#3417 = DIRECTION('',(0.,0.,1.));
#3418 = ORIENTED_EDGE('',*,*,#3419,.F.);
#3419 = EDGE_CURVE('',#3346,#3412,#3420,.T.);
#3420 = LINE('',#3421,#3422);
#3421 = CARTESIAN_POINT('',(29.30441271922,112.7,103.9));
#3422 = VECTOR('',#3423,1.);
#3423 = DIRECTION('',(0.,0.,1.));
#3424 = FACE_BOUND('',#3425,.T.);
#3425 = EDGE_LOOP('',(#3426));
#3426 = ORIENTED_EDGE('',*,*,#3427,.F.);
#3427 = EDGE_CURVE('',#3428,#3428,#3430,.T.);
#3428 = VERTEX_POINT('',#3429);
#3429 = CARTESIAN_POINT('',(26.,112.7,113.7));
#3430 = CIRCLE('',#3431,1.7);
#3431 = AXIS2_PLACEMENT_3D('',#3432,#3433,#3434);
#3432 = CARTESIAN_POINT('',(26.,112.7,112.));
#3433 = DIRECTION('',(0.,1.,0.));
#3434 = DIRECTION('',(0.,0.,1.));
#3435 = PLANE('',#3436);
#3436 = AXIS2_PLACEMENT_3D('',#3437,#3438,#3439);
#3437 = CARTESIAN_POINT('',(9.5,112.7,100.));
#3438 = DIRECTION('',(0.,1.,0.));
#3439 = DIRECTION('',(0.,0.,1.));
#3440 = ADVANCED_FACE('',(#3441),#3459,.F.);
#3441 = FACE_BOUND('',#3442,.F.);
#3442 = EDGE_LOOP('',(#3443,#3444,#3452,#3458));
#3443 = ORIENTED_EDGE('',*,*,#3372,.T.);
#3444 = ORIENTED_EDGE('',*,*,#3445,.F.);
#3445 = EDGE_CURVE('',#3446,#3373,#3448,.T.);
#3446 = VERTEX_POINT('',#3447);
#3447 = CARTESIAN_POINT('',(21.5,108.,106.));
#3448 = LINE('',#3449,#3450);
#3449 = CARTESIAN_POINT('',(21.5,108.,106.));
#3450 = VECTOR('',#3451,1.);
#3451 = DIRECTION('',(0.,1.,0.));
#3452 = ORIENTED_EDGE('',*,*,#3453,.T.);
#3453 = EDGE_CURVE('',#3446,#3062,#3454,.T.);
#3454 = LINE('',#3455,#3456);
#3455 = CARTESIAN_POINT('',(21.5,108.,106.));
#3456 = VECTOR('',#3457,1.);
#3457 = DIRECTION('',(1.,0.,0.));
#3458 = ORIENTED_EDGE('',*,*,#3069,.F.);
#3459 = PLANE('',#3460);
#3460 = AXIS2_PLACEMENT_3D('',#3461,#3462,#3463);
#3461 = CARTESIAN_POINT('',(21.5,108.,106.));
#3462 = DIRECTION('',(0.,0.,1.));
#3463 = DIRECTION('',(1.,0.,0.));
#3464 = ADVANCED_FACE('',(#3465),#3500,.F.);
#3465 = FACE_BOUND('',#3466,.F.);
#3466 = EDGE_LOOP('',(#3467,#3468,#3476,#3482,#3483,#3492,#3499));
#3467 = ORIENTED_EDGE('',*,*,#3453,.F.);
#3468 = ORIENTED_EDGE('',*,*,#3469,.T.);
#3469 = EDGE_CURVE('',#3446,#3470,#3472,.T.);
#3470 = VERTEX_POINT('',#3471);
#3471 = CARTESIAN_POINT('',(21.5,108.,118.));
#3472 = LINE('',#3473,#3474);
#3473 = CARTESIAN_POINT('',(21.5,108.,106.));
#3474 = VECTOR('',#3475,1.);
#3475 = DIRECTION('',(0.,0.,1.));
#3476 = ORIENTED_EDGE('',*,*,#3477,.T.);
#3477 = EDGE_CURVE('',#3470,#2975,#3478,.T.);
#3478 = LINE('',#3479,#3480);
#3479 = CARTESIAN_POINT('',(21.5,108.,118.));
#3480 = VECTOR('',#3481,1.);
#3481 = DIRECTION('',(1.,0.,0.));
#3482 = ORIENTED_EDGE('',*,*,#2983,.F.);
#3483 = ORIENTED_EDGE('',*,*,#3484,.F.);
#3484 = EDGE_CURVE('',#3485,#2984,#3487,.T.);
#3485 = VERTEX_POINT('',#3486);
#3486 = CARTESIAN_POINT('',(26.,108.,113.7));
#3487 = CIRCLE('',#3488,1.7);
#3488 = AXIS2_PLACEMENT_3D('',#3489,#3490,#3491);
#3489 = CARTESIAN_POINT('',(26.,108.,112.));
#3490 = DIRECTION('',(0.,1.,0.));
#3491 = DIRECTION('',(0.,0.,1.));
#3492 = ORIENTED_EDGE('',*,*,#3493,.F.);
#3493 = EDGE_CURVE('',#3013,#3485,#3494,.T.);
#3494 = CIRCLE('',#3495,1.7);
#3495 = AXIS2_PLACEMENT_3D('',#3496,#3497,#3498);
#3496 = CARTESIAN_POINT('',(26.,108.,112.));
#3497 = DIRECTION('',(0.,1.,0.));
#3498 = DIRECTION('',(0.,0.,1.));
#3499 = ORIENTED_EDGE('',*,*,#3061,.F.);
#3500 = PLANE('',#3501);
#3501 = AXIS2_PLACEMENT_3D('',#3502,#3503,#3504);
#3502 = CARTESIAN_POINT('',(21.5,108.,106.));
#3503 = DIRECTION('',(0.,1.,0.));
#3504 = DIRECTION('',(0.,0.,1.));
#3505 = ADVANCED_FACE('',(#3506),#3527,.F.);
#3506 = FACE_BOUND('',#3507,.F.);
#3507 = EDGE_LOOP('',(#3508,#3509,#3515,#3516,#3517,#3524,#3525,#3526));
#3508 = ORIENTED_EDGE('',*,*,#3427,.F.);
#3509 = ORIENTED_EDGE('',*,*,#3510,.F.);
#3510 = EDGE_CURVE('',#3485,#3428,#3511,.T.);
#3511 = LINE('',#3512,#3513);
#3512 = CARTESIAN_POINT('',(26.,107.,113.7));
#3513 = VECTOR('',#3514,1.);
#3514 = DIRECTION('',(0.,1.,0.));
#3515 = ORIENTED_EDGE('',*,*,#3484,.T.);
#3516 = ORIENTED_EDGE('',*,*,#2991,.T.);
#3517 = ORIENTED_EDGE('',*,*,#3518,.T.);
#3518 = EDGE_CURVE('',#2992,#3005,#3519,.T.);
#3519 = CIRCLE('',#3520,1.7);
#3520 = AXIS2_PLACEMENT_3D('',#3521,#3522,#3523);
#3521 = CARTESIAN_POINT('',(26.,107.,112.));
#3522 = DIRECTION('',(0.,1.,0.));
#3523 = DIRECTION('',(0.,0.,1.));
#3524 = ORIENTED_EDGE('',*,*,#3012,.T.);
#3525 = ORIENTED_EDGE('',*,*,#3493,.T.);
#3526 = ORIENTED_EDGE('',*,*,#3510,.T.);
#3527 = CYLINDRICAL_SURFACE('',#3528,1.7);
#3528 = AXIS2_PLACEMENT_3D('',#3529,#3530,#3531);
#3529 = CARTESIAN_POINT('',(26.,107.,112.));
#3530 = DIRECTION('',(0.,1.,0.));
#3531 = DIRECTION('',(0.,0.,1.));
#3532 = ADVANCED_FACE('',(#3533),#3537,.T.);
#3533 = FACE_BOUND('',#3534,.T.);
#3534 = EDGE_LOOP('',(#3535,#3536));
#3535 = ORIENTED_EDGE('',*,*,#3004,.T.);
#3536 = ORIENTED_EDGE('',*,*,#3518,.T.);
#3537 = PLANE('',#3538);
#3538 = AXIS2_PLACEMENT_3D('',#3539,#3540,#3541);
#3539 = CARTESIAN_POINT('',(26.,107.,112.));
#3540 = DIRECTION('',(0.,1.,0.));
#3541 = DIRECTION('',(0.,0.,1.));
#3542 = ADVANCED_FACE('',(#3543),#3554,.T.);
#3543 = FACE_BOUND('',#3544,.T.);
#3544 = EDGE_LOOP('',(#3545,#3546,#3552,#3553));
#3545 = ORIENTED_EDGE('',*,*,#3388,.T.);
#3546 = ORIENTED_EDGE('',*,*,#3547,.F.);
#3547 = EDGE_CURVE('',#3470,#3381,#3548,.T.);
#3548 = LINE('',#3549,#3550);
#3549 = CARTESIAN_POINT('',(21.5,108.,118.));
#3550 = VECTOR('',#3551,1.);
#3551 = DIRECTION('',(0.,1.,0.));
#3552 = ORIENTED_EDGE('',*,*,#3477,.T.);
#3553 = ORIENTED_EDGE('',*,*,#2974,.F.);
#3554 = PLANE('',#3555);
#3555 = AXIS2_PLACEMENT_3D('',#3556,#3557,#3558);
#3556 = CARTESIAN_POINT('',(21.5,108.,118.));
#3557 = DIRECTION('',(0.,0.,1.));
#3558 = DIRECTION('',(1.,0.,0.));
#3559 = ADVANCED_FACE('',(#3560),#3572,.T.);
#3560 = FACE_BOUND('',#3561,.T.);
#3561 = EDGE_LOOP('',(#3562,#3563,#3564,#3565));
#3562 = ORIENTED_EDGE('',*,*,#3395,.T.);
#3563 = ORIENTED_EDGE('',*,*,#2957,.T.);
#3564 = ORIENTED_EDGE('',*,*,#3312,.T.);
#3565 = ORIENTED_EDGE('',*,*,#3566,.F.);
#3566 = EDGE_CURVE('',#3396,#3305,#3567,.T.);
#3567 = CIRCLE('',#3568,10.2);
#3568 = AXIS2_PLACEMENT_3D('',#3569,#3570,#3571);
#3569 = CARTESIAN_POINT('',(39.5,113.,120.));
#3570 = DIRECTION('',(0.,0.,1.));
#3571 = DIRECTION('',(1.,0.,0.));
#3572 = PLANE('',#3573);
#3573 = AXIS2_PLACEMENT_3D('',#3574,#3575,#3576);
#3574 = CARTESIAN_POINT('',(39.5,113.,120.));
#3575 = DIRECTION('',(0.,0.,1.));
#3576 = DIRECTION('',(1.,0.,0.));
#3577 = ADVANCED_FACE('',(#3578),#3589,.T.);
#3578 = FACE_BOUND('',#3579,.T.);
#3579 = EDGE_LOOP('',(#3580,#3581,#3582,#3588));
#3580 = ORIENTED_EDGE('',*,*,#2940,.F.);
#3581 = ORIENTED_EDGE('',*,*,#3233,.T.);
#3582 = ORIENTED_EDGE('',*,*,#3583,.T.);
#3583 = EDGE_CURVE('',#3234,#3320,#3584,.T.);
#3584 = LINE('',#3585,#3586);
#3585 = CARTESIAN_POINT('',(57.5,108.,118.));
#3586 = VECTOR('',#3587,1.);
#3587 = DIRECTION('',(0.,1.,0.));
#3588 = ORIENTED_EDGE('',*,*,#3319,.T.);
#3589 = PLANE('',#3590);
#3590 = AXIS2_PLACEMENT_3D('',#3591,#3592,#3593);
#3591 = CARTESIAN_POINT('',(48.5,108.,118.));
#3592 = DIRECTION('',(0.,0.,1.));
#3593 = DIRECTION('',(1.,0.,0.));
#3594 = ADVANCED_FACE('',(#3595),#3601,.T.);
#3595 = FACE_BOUND('',#3596,.T.);
#3596 = EDGE_LOOP('',(#3597,#3598,#3599,#3600));
#3597 = ORIENTED_EDGE('',*,*,#3583,.F.);
#3598 = ORIENTED_EDGE('',*,*,#3241,.F.);
#3599 = ORIENTED_EDGE('',*,*,#3257,.T.);
#3600 = ORIENTED_EDGE('',*,*,#3327,.T.);
#3601 = PLANE('',#3602);
#3602 = AXIS2_PLACEMENT_3D('',#3603,#3604,#3605);
#3603 = CARTESIAN_POINT('',(57.5,108.,106.));
#3604 = DIRECTION('',(1.,0.,0.));
#3605 = DIRECTION('',(0.,0.,1.));
#3606 = ADVANCED_FACE('',(#3607),#3663,.F.);
#3607 = FACE_BOUND('',#3608,.F.);
#3608 = EDGE_LOOP('',(#3609,#3619,#3626,#3627,#3628,#3629,#3638,#3646,
    #3653,#3654,#3655,#3656));
#3609 = ORIENTED_EDGE('',*,*,#3610,.T.);
#3610 = EDGE_CURVE('',#3611,#3613,#3615,.T.);
#3611 = VERTEX_POINT('',#3612);
#3612 = CARTESIAN_POINT('',(48.5,108.2,106.));
#3613 = VERTEX_POINT('',#3614);
#3614 = CARTESIAN_POINT('',(48.5,108.2,118.));
#3615 = LINE('',#3616,#3617);
#3616 = CARTESIAN_POINT('',(48.5,108.2,103.9));
#3617 = VECTOR('',#3618,1.);
#3618 = DIRECTION('',(0.,0.,1.));
#3619 = ORIENTED_EDGE('',*,*,#3620,.T.);
#3620 = EDGE_CURVE('',#3613,#3297,#3621,.T.);
#3621 = CIRCLE('',#3622,10.2);
#3622 = AXIS2_PLACEMENT_3D('',#3623,#3624,#3625);
#3623 = CARTESIAN_POINT('',(39.5,113.,118.));
#3624 = DIRECTION('',(0.,0.,1.));
#3625 = DIRECTION('',(1.,0.,0.));
#3626 = ORIENTED_EDGE('',*,*,#3304,.T.);
#3627 = ORIENTED_EDGE('',*,*,#3566,.F.);
#3628 = ORIENTED_EDGE('',*,*,#3403,.F.);
#3629 = ORIENTED_EDGE('',*,*,#3630,.T.);
#3630 = EDGE_CURVE('',#3404,#3631,#3633,.T.);
#3631 = VERTEX_POINT('',#3632);
#3632 = CARTESIAN_POINT('',(30.5,108.2,118.));
#3633 = CIRCLE('',#3634,10.2);
#3634 = AXIS2_PLACEMENT_3D('',#3635,#3636,#3637);
#3635 = CARTESIAN_POINT('',(39.5,113.,118.));
#3636 = DIRECTION('',(0.,0.,1.));
#3637 = DIRECTION('',(1.,0.,0.));
#3638 = ORIENTED_EDGE('',*,*,#3639,.F.);
#3639 = EDGE_CURVE('',#3640,#3631,#3642,.T.);
#3640 = VERTEX_POINT('',#3641);
#3641 = CARTESIAN_POINT('',(30.5,108.2,106.));
#3642 = LINE('',#3643,#3644);
#3643 = CARTESIAN_POINT('',(30.5,108.2,103.9));
#3644 = VECTOR('',#3645,1.);
#3645 = DIRECTION('',(0.,0.,1.));
#3646 = ORIENTED_EDGE('',*,*,#3647,.F.);
#3647 = EDGE_CURVE('',#3412,#3640,#3648,.T.);
#3648 = CIRCLE('',#3649,10.2);
#3649 = AXIS2_PLACEMENT_3D('',#3650,#3651,#3652);
#3650 = CARTESIAN_POINT('',(39.5,113.,106.));
#3651 = DIRECTION('',(0.,0.,1.));
#3652 = DIRECTION('',(1.,0.,0.));
#3653 = ORIENTED_EDGE('',*,*,#3419,.F.);
#3654 = ORIENTED_EDGE('',*,*,#3355,.T.);
#3655 = ORIENTED_EDGE('',*,*,#3288,.T.);
#3656 = ORIENTED_EDGE('',*,*,#3657,.F.);
#3657 = EDGE_CURVE('',#3611,#3289,#3658,.T.);
#3658 = CIRCLE('',#3659,10.2);
#3659 = AXIS2_PLACEMENT_3D('',#3660,#3661,#3662);
#3660 = CARTESIAN_POINT('',(39.5,113.,106.));
#3661 = DIRECTION('',(0.,0.,1.));
#3662 = DIRECTION('',(1.,0.,0.));
#3663 = CYLINDRICAL_SURFACE('',#3664,10.2);
#3664 = AXIS2_PLACEMENT_3D('',#3665,#3666,#3667);
#3665 = CARTESIAN_POINT('',(39.5,113.,103.9));
#3666 = DIRECTION('',(0.,0.,1.));
#3667 = DIRECTION('',(1.,0.,0.));
#3668 = ADVANCED_FACE('',(#3669),#3675,.F.);
#3669 = FACE_BOUND('',#3670,.F.);
#3670 = EDGE_LOOP('',(#3671,#3672,#3673,#3674));
#3671 = ORIENTED_EDGE('',*,*,#3657,.T.);
#3672 = ORIENTED_EDGE('',*,*,#3296,.T.);
#3673 = ORIENTED_EDGE('',*,*,#3620,.F.);
#3674 = ORIENTED_EDGE('',*,*,#3610,.F.);
#3675 = CYLINDRICAL_SURFACE('',#3676,10.2);
#3676 = AXIS2_PLACEMENT_3D('',#3677,#3678,#3679);
#3677 = CARTESIAN_POINT('',(39.5,113.,103.));
#3678 = DIRECTION('',(0.,0.,1.));
#3679 = DIRECTION('',(1.,0.,0.));
#3680 = ADVANCED_FACE('',(#3681),#3687,.F.);
#3681 = FACE_BOUND('',#3682,.F.);
#3682 = EDGE_LOOP('',(#3683,#3684,#3685,#3686));
#3683 = ORIENTED_EDGE('',*,*,#3411,.F.);
#3684 = ORIENTED_EDGE('',*,*,#3647,.T.);
#3685 = ORIENTED_EDGE('',*,*,#3639,.T.);
#3686 = ORIENTED_EDGE('',*,*,#3630,.F.);
#3687 = CYLINDRICAL_SURFACE('',#3688,10.2);
#3688 = AXIS2_PLACEMENT_3D('',#3689,#3690,#3691);
#3689 = CARTESIAN_POINT('',(39.5,113.,103.));
#3690 = DIRECTION('',(0.,0.,1.));
#3691 = DIRECTION('',(1.,0.,0.));
#3692 = ADVANCED_FACE('',(#3693),#3699,.F.);
#3693 = FACE_BOUND('',#3694,.F.);
#3694 = EDGE_LOOP('',(#3695,#3696,#3697,#3698));
#3695 = ORIENTED_EDGE('',*,*,#3547,.F.);
#3696 = ORIENTED_EDGE('',*,*,#3469,.F.);
#3697 = ORIENTED_EDGE('',*,*,#3445,.T.);
#3698 = ORIENTED_EDGE('',*,*,#3380,.T.);
#3699 = PLANE('',#3700);
#3700 = AXIS2_PLACEMENT_3D('',#3701,#3702,#3703);
#3701 = CARTESIAN_POINT('',(21.5,108.,106.));
#3702 = DIRECTION('',(1.,0.,0.));
#3703 = DIRECTION('',(0.,0.,1.));
#3704 = MANIFOLD_SOLID_BREP('',#3705);
#3705 = CLOSED_SHELL('',(#3706,#3739,#3759,#3779));
#3706 = ADVANCED_FACE('',(#3707),#3734,.T.);
#3707 = FACE_BOUND('',#3708,.T.);
#3708 = EDGE_LOOP('',(#3709,#3718,#3726,#3733));
#3709 = ORIENTED_EDGE('',*,*,#3710,.F.);
#3710 = EDGE_CURVE('',#3711,#3711,#3713,.T.);
#3711 = VERTEX_POINT('',#3712);
#3712 = CARTESIAN_POINT('',(55.5,113.,133.));
#3713 = CIRCLE('',#3714,16.);
#3714 = AXIS2_PLACEMENT_3D('',#3715,#3716,#3717);
#3715 = CARTESIAN_POINT('',(39.5,113.,133.));
#3716 = DIRECTION('',(0.,0.,1.));
#3717 = DIRECTION('',(1.,0.,0.));
#3718 = ORIENTED_EDGE('',*,*,#3719,.F.);
#3719 = EDGE_CURVE('',#3720,#3711,#3722,.T.);
#3720 = VERTEX_POINT('',#3721);
#3721 = CARTESIAN_POINT('',(55.5,113.,126.));
#3722 = LINE('',#3723,#3724);
#3723 = CARTESIAN_POINT('',(55.5,113.,126.));
#3724 = VECTOR('',#3725,1.);
#3725 = DIRECTION('',(0.,0.,1.));
#3726 = ORIENTED_EDGE('',*,*,#3727,.T.);
#3727 = EDGE_CURVE('',#3720,#3720,#3728,.T.);
#3728 = CIRCLE('',#3729,16.);
#3729 = AXIS2_PLACEMENT_3D('',#3730,#3731,#3732);
#3730 = CARTESIAN_POINT('',(39.5,113.,126.));
#3731 = DIRECTION('',(0.,0.,1.));
#3732 = DIRECTION('',(1.,0.,0.));
#3733 = ORIENTED_EDGE('',*,*,#3719,.T.);
#3734 = CYLINDRICAL_SURFACE('',#3735,16.);
#3735 = AXIS2_PLACEMENT_3D('',#3736,#3737,#3738);
#3736 = CARTESIAN_POINT('',(39.5,113.,126.));
#3737 = DIRECTION('',(0.,0.,1.));
#3738 = DIRECTION('',(1.,0.,0.));
#3739 = ADVANCED_FACE('',(#3740,#3743),#3754,.T.);
#3740 = FACE_BOUND('',#3741,.T.);
#3741 = EDGE_LOOP('',(#3742));
#3742 = ORIENTED_EDGE('',*,*,#3710,.T.);
#3743 = FACE_BOUND('',#3744,.T.);
#3744 = EDGE_LOOP('',(#3745));
#3745 = ORIENTED_EDGE('',*,*,#3746,.F.);
#3746 = EDGE_CURVE('',#3747,#3747,#3749,.T.);
#3747 = VERTEX_POINT('',#3748);
#3748 = CARTESIAN_POINT('',(49.5,113.,133.));
#3749 = CIRCLE('',#3750,10.);
#3750 = AXIS2_PLACEMENT_3D('',#3751,#3752,#3753);
#3751 = CARTESIAN_POINT('',(39.5,113.,133.));
#3752 = DIRECTION('',(0.,0.,1.));
#3753 = DIRECTION('',(1.,0.,0.));
#3754 = PLANE('',#3755);
#3755 = AXIS2_PLACEMENT_3D('',#3756,#3757,#3758);
#3756 = CARTESIAN_POINT('',(39.5,113.,133.));
#3757 = DIRECTION('',(0.,0.,1.));
#3758 = DIRECTION('',(1.,0.,0.));
#3759 = ADVANCED_FACE('',(#3760,#3763),#3774,.F.);
#3760 = FACE_BOUND('',#3761,.F.);
#3761 = EDGE_LOOP('',(#3762));
#3762 = ORIENTED_EDGE('',*,*,#3727,.T.);
#3763 = FACE_BOUND('',#3764,.F.);
#3764 = EDGE_LOOP('',(#3765));
#3765 = ORIENTED_EDGE('',*,*,#3766,.F.);
#3766 = EDGE_CURVE('',#3767,#3767,#3769,.T.);
#3767 = VERTEX_POINT('',#3768);
#3768 = CARTESIAN_POINT('',(49.5,113.,126.));
#3769 = CIRCLE('',#3770,10.);
#3770 = AXIS2_PLACEMENT_3D('',#3771,#3772,#3773);
#3771 = CARTESIAN_POINT('',(39.5,113.,126.));
#3772 = DIRECTION('',(0.,0.,1.));
#3773 = DIRECTION('',(1.,0.,0.));
#3774 = PLANE('',#3775);
#3775 = AXIS2_PLACEMENT_3D('',#3776,#3777,#3778);
#3776 = CARTESIAN_POINT('',(39.5,113.,126.));
#3777 = DIRECTION('',(0.,0.,1.));
#3778 = DIRECTION('',(1.,0.,0.));
#3779 = ADVANCED_FACE('',(#3780),#3791,.F.);
#3780 = FACE_BOUND('',#3781,.F.);
#3781 = EDGE_LOOP('',(#3782,#3783,#3789,#3790));
#3782 = ORIENTED_EDGE('',*,*,#3746,.F.);
#3783 = ORIENTED_EDGE('',*,*,#3784,.F.);
#3784 = EDGE_CURVE('',#3767,#3747,#3785,.T.);
#3785 = LINE('',#3786,#3787);
#3786 = CARTESIAN_POINT('',(49.5,113.,125.9));
#3787 = VECTOR('',#3788,1.);
#3788 = DIRECTION('',(0.,0.,1.));
#3789 = ORIENTED_EDGE('',*,*,#3766,.T.);
#3790 = ORIENTED_EDGE('',*,*,#3784,.T.);
#3791 = CYLINDRICAL_SURFACE('',#3792,10.);
#3792 = AXIS2_PLACEMENT_3D('',#3793,#3794,#3795);
#3793 = CARTESIAN_POINT('',(39.5,113.,125.9));
#3794 = DIRECTION('',(0.,0.,1.));
#3795 = DIRECTION('',(1.,0.,0.));
#3796 = MANIFOLD_SOLID_BREP('',#3797);
#3797 = CLOSED_SHELL('',(#3798,#3831,#3851,#3871));
#3798 = ADVANCED_FACE('',(#3799),#3826,.T.);
#3799 = FACE_BOUND('',#3800,.T.);
#3800 = EDGE_LOOP('',(#3801,#3810,#3818,#3825));
#3801 = ORIENTED_EDGE('',*,*,#3802,.F.);
#3802 = EDGE_CURVE('',#3803,#3803,#3805,.T.);
#3803 = VERTEX_POINT('',#3804);
#3804 = CARTESIAN_POINT('',(55.5,113.,144.));
#3805 = CIRCLE('',#3806,16.);
#3806 = AXIS2_PLACEMENT_3D('',#3807,#3808,#3809);
#3807 = CARTESIAN_POINT('',(39.5,113.,144.));
#3808 = DIRECTION('',(0.,0.,1.));
#3809 = DIRECTION('',(1.,0.,0.));
#3810 = ORIENTED_EDGE('',*,*,#3811,.F.);
#3811 = EDGE_CURVE('',#3812,#3803,#3814,.T.);
#3812 = VERTEX_POINT('',#3813);
#3813 = CARTESIAN_POINT('',(55.5,113.,137.));
#3814 = LINE('',#3815,#3816);
#3815 = CARTESIAN_POINT('',(55.5,113.,137.));
#3816 = VECTOR('',#3817,1.);
#3817 = DIRECTION('',(0.,0.,1.));
#3818 = ORIENTED_EDGE('',*,*,#3819,.T.);
#3819 = EDGE_CURVE('',#3812,#3812,#3820,.T.);
#3820 = CIRCLE('',#3821,16.);
#3821 = AXIS2_PLACEMENT_3D('',#3822,#3823,#3824);
#3822 = CARTESIAN_POINT('',(39.5,113.,137.));
#3823 = DIRECTION('',(0.,0.,1.));
#3824 = DIRECTION('',(1.,0.,0.));
#3825 = ORIENTED_EDGE('',*,*,#3811,.T.);
#3826 = CYLINDRICAL_SURFACE('',#3827,16.);
#3827 = AXIS2_PLACEMENT_3D('',#3828,#3829,#3830);
#3828 = CARTESIAN_POINT('',(39.5,113.,137.));
#3829 = DIRECTION('',(0.,0.,1.));
#3830 = DIRECTION('',(1.,0.,0.));
#3831 = ADVANCED_FACE('',(#3832,#3835),#3846,.T.);
#3832 = FACE_BOUND('',#3833,.T.);
#3833 = EDGE_LOOP('',(#3834));
#3834 = ORIENTED_EDGE('',*,*,#3802,.T.);
#3835 = FACE_BOUND('',#3836,.T.);
#3836 = EDGE_LOOP('',(#3837));
#3837 = ORIENTED_EDGE('',*,*,#3838,.F.);
#3838 = EDGE_CURVE('',#3839,#3839,#3841,.T.);
#3839 = VERTEX_POINT('',#3840);
#3840 = CARTESIAN_POINT('',(49.5,113.,144.));
#3841 = CIRCLE('',#3842,10.);
#3842 = AXIS2_PLACEMENT_3D('',#3843,#3844,#3845);
#3843 = CARTESIAN_POINT('',(39.5,113.,144.));
#3844 = DIRECTION('',(0.,0.,1.));
#3845 = DIRECTION('',(1.,0.,0.));
#3846 = PLANE('',#3847);
#3847 = AXIS2_PLACEMENT_3D('',#3848,#3849,#3850);
#3848 = CARTESIAN_POINT('',(39.5,113.,144.));
#3849 = DIRECTION('',(0.,0.,1.));
#3850 = DIRECTION('',(1.,0.,0.));
#3851 = ADVANCED_FACE('',(#3852,#3855),#3866,.F.);
#3852 = FACE_BOUND('',#3853,.F.);
#3853 = EDGE_LOOP('',(#3854));
#3854 = ORIENTED_EDGE('',*,*,#3819,.T.);
#3855 = FACE_BOUND('',#3856,.F.);
#3856 = EDGE_LOOP('',(#3857));
#3857 = ORIENTED_EDGE('',*,*,#3858,.F.);
#3858 = EDGE_CURVE('',#3859,#3859,#3861,.T.);
#3859 = VERTEX_POINT('',#3860);
#3860 = CARTESIAN_POINT('',(49.5,113.,137.));
#3861 = CIRCLE('',#3862,10.);
#3862 = AXIS2_PLACEMENT_3D('',#3863,#3864,#3865);
#3863 = CARTESIAN_POINT('',(39.5,113.,137.));
#3864 = DIRECTION('',(0.,0.,1.));
#3865 = DIRECTION('',(1.,0.,0.));
#3866 = PLANE('',#3867);
#3867 = AXIS2_PLACEMENT_3D('',#3868,#3869,#3870);
#3868 = CARTESIAN_POINT('',(39.5,113.,137.));
#3869 = DIRECTION('',(0.,0.,1.));
#3870 = DIRECTION('',(1.,0.,0.));
#3871 = ADVANCED_FACE('',(#3872),#3883,.F.);
#3872 = FACE_BOUND('',#3873,.F.);
#3873 = EDGE_LOOP('',(#3874,#3875,#3881,#3882));
#3874 = ORIENTED_EDGE('',*,*,#3838,.F.);
#3875 = ORIENTED_EDGE('',*,*,#3876,.F.);
#3876 = EDGE_CURVE('',#3859,#3839,#3877,.T.);
#3877 = LINE('',#3878,#3879);
#3878 = CARTESIAN_POINT('',(49.5,113.,136.9));
#3879 = VECTOR('',#3880,1.);
#3880 = DIRECTION('',(0.,0.,1.));
#3881 = ORIENTED_EDGE('',*,*,#3858,.T.);
#3882 = ORIENTED_EDGE('',*,*,#3876,.T.);
#3883 = CYLINDRICAL_SURFACE('',#3884,10.);
#3884 = AXIS2_PLACEMENT_3D('',#3885,#3886,#3887);
#3885 = CARTESIAN_POINT('',(39.5,113.,136.9));
#3886 = DIRECTION('',(0.,0.,1.));
#3887 = DIRECTION('',(1.,0.,0.));
#3888 = MANIFOLD_SOLID_BREP('',#3889);
#3889 = CLOSED_SHELL('',(#3890,#3923,#3943,#3963));
#3890 = ADVANCED_FACE('',(#3891),#3918,.T.);
#3891 = FACE_BOUND('',#3892,.T.);
#3892 = EDGE_LOOP('',(#3893,#3902,#3910,#3917));
#3893 = ORIENTED_EDGE('',*,*,#3894,.F.);
#3894 = EDGE_CURVE('',#3895,#3895,#3897,.T.);
#3895 = VERTEX_POINT('',#3896);
#3896 = CARTESIAN_POINT('',(51.5,113.,137.));
#3897 = CIRCLE('',#3898,12.);
#3898 = AXIS2_PLACEMENT_3D('',#3899,#3900,#3901);
#3899 = CARTESIAN_POINT('',(39.5,113.,137.));
#3900 = DIRECTION('',(0.,0.,1.));
#3901 = DIRECTION('',(1.,0.,0.));
#3902 = ORIENTED_EDGE('',*,*,#3903,.F.);
#3903 = EDGE_CURVE('',#3904,#3895,#3906,.T.);
#3904 = VERTEX_POINT('',#3905);
#3905 = CARTESIAN_POINT('',(51.5,113.,133.));
#3906 = LINE('',#3907,#3908);
#3907 = CARTESIAN_POINT('',(51.5,113.,133.));
#3908 = VECTOR('',#3909,1.);
#3909 = DIRECTION('',(0.,0.,1.));
#3910 = ORIENTED_EDGE('',*,*,#3911,.T.);
#3911 = EDGE_CURVE('',#3904,#3904,#3912,.T.);
#3912 = CIRCLE('',#3913,12.);
#3913 = AXIS2_PLACEMENT_3D('',#3914,#3915,#3916);
#3914 = CARTESIAN_POINT('',(39.5,113.,133.));
#3915 = DIRECTION('',(0.,0.,1.));
#3916 = DIRECTION('',(1.,0.,0.));
#3917 = ORIENTED_EDGE('',*,*,#3903,.T.);
#3918 = CYLINDRICAL_SURFACE('',#3919,12.);
#3919 = AXIS2_PLACEMENT_3D('',#3920,#3921,#3922);
#3920 = CARTESIAN_POINT('',(39.5,113.,133.));
#3921 = DIRECTION('',(0.,0.,1.));
#3922 = DIRECTION('',(1.,0.,0.));
#3923 = ADVANCED_FACE('',(#3924,#3927),#3938,.T.);
#3924 = FACE_BOUND('',#3925,.T.);
#3925 = EDGE_LOOP('',(#3926));
#3926 = ORIENTED_EDGE('',*,*,#3894,.T.);
#3927 = FACE_BOUND('',#3928,.T.);
#3928 = EDGE_LOOP('',(#3929));
#3929 = ORIENTED_EDGE('',*,*,#3930,.F.);
#3930 = EDGE_CURVE('',#3931,#3931,#3933,.T.);
#3931 = VERTEX_POINT('',#3932);
#3932 = CARTESIAN_POINT('',(49.55,113.,137.));
#3933 = CIRCLE('',#3934,10.05);
#3934 = AXIS2_PLACEMENT_3D('',#3935,#3936,#3937);
#3935 = CARTESIAN_POINT('',(39.5,113.,137.));
#3936 = DIRECTION('',(0.,0.,1.));
#3937 = DIRECTION('',(1.,0.,0.));
#3938 = PLANE('',#3939);
#3939 = AXIS2_PLACEMENT_3D('',#3940,#3941,#3942);
#3940 = CARTESIAN_POINT('',(39.5,113.,137.));
#3941 = DIRECTION('',(0.,0.,1.));
#3942 = DIRECTION('',(1.,0.,0.));
#3943 = ADVANCED_FACE('',(#3944,#3947),#3958,.F.);
#3944 = FACE_BOUND('',#3945,.F.);
#3945 = EDGE_LOOP('',(#3946));
#3946 = ORIENTED_EDGE('',*,*,#3911,.T.);
#3947 = FACE_BOUND('',#3948,.F.);
#3948 = EDGE_LOOP('',(#3949));
#3949 = ORIENTED_EDGE('',*,*,#3950,.F.);
#3950 = EDGE_CURVE('',#3951,#3951,#3953,.T.);
#3951 = VERTEX_POINT('',#3952);
#3952 = CARTESIAN_POINT('',(49.55,113.,133.));
#3953 = CIRCLE('',#3954,10.05);
#3954 = AXIS2_PLACEMENT_3D('',#3955,#3956,#3957);
#3955 = CARTESIAN_POINT('',(39.5,113.,133.));
#3956 = DIRECTION('',(0.,0.,1.));
#3957 = DIRECTION('',(1.,0.,0.));
#3958 = PLANE('',#3959);
#3959 = AXIS2_PLACEMENT_3D('',#3960,#3961,#3962);
#3960 = CARTESIAN_POINT('',(39.5,113.,133.));
#3961 = DIRECTION('',(0.,0.,1.));
#3962 = DIRECTION('',(1.,0.,0.));
#3963 = ADVANCED_FACE('',(#3964),#3975,.F.);
#3964 = FACE_BOUND('',#3965,.F.);
#3965 = EDGE_LOOP('',(#3966,#3967,#3973,#3974));
#3966 = ORIENTED_EDGE('',*,*,#3930,.F.);
#3967 = ORIENTED_EDGE('',*,*,#3968,.F.);
#3968 = EDGE_CURVE('',#3951,#3931,#3969,.T.);
#3969 = LINE('',#3970,#3971);
#3970 = CARTESIAN_POINT('',(49.55,113.,132.9));
#3971 = VECTOR('',#3972,1.);
#3972 = DIRECTION('',(0.,0.,1.));
#3973 = ORIENTED_EDGE('',*,*,#3950,.T.);
#3974 = ORIENTED_EDGE('',*,*,#3968,.T.);
#3975 = CYLINDRICAL_SURFACE('',#3976,10.05);
#3976 = AXIS2_PLACEMENT_3D('',#3977,#3978,#3979);
#3977 = CARTESIAN_POINT('',(39.5,113.,132.9));
#3978 = DIRECTION('',(0.,0.,1.));
#3979 = DIRECTION('',(1.,0.,0.));
#3980 = MANIFOLD_SOLID_BREP('',#3981);
#3981 = CLOSED_SHELL('',(#3982,#4015,#4035,#4055));
#3982 = ADVANCED_FACE('',(#3983),#4010,.T.);
#3983 = FACE_BOUND('',#3984,.T.);
#3984 = EDGE_LOOP('',(#3985,#3994,#4002,#4009));
#3985 = ORIENTED_EDGE('',*,*,#3986,.F.);
#3986 = EDGE_CURVE('',#3987,#3987,#3989,.T.);
#3987 = VERTEX_POINT('',#3988);
#3988 = CARTESIAN_POINT('',(51.9,113.,145.75));
#3989 = CIRCLE('',#3990,12.4);
#3990 = AXIS2_PLACEMENT_3D('',#3991,#3992,#3993);
#3991 = CARTESIAN_POINT('',(39.5,113.,145.75));
#3992 = DIRECTION('',(0.,0.,1.));
#3993 = DIRECTION('',(1.,0.,0.));
#3994 = ORIENTED_EDGE('',*,*,#3995,.F.);
#3995 = EDGE_CURVE('',#3996,#3987,#3998,.T.);
#3996 = VERTEX_POINT('',#3997);
#3997 = CARTESIAN_POINT('',(51.9,113.,144.55));
#3998 = LINE('',#3999,#4000);
#3999 = CARTESIAN_POINT('',(51.9,113.,144.55));
#4000 = VECTOR('',#4001,1.);
#4001 = DIRECTION('',(0.,0.,1.));
#4002 = ORIENTED_EDGE('',*,*,#4003,.T.);
#4003 = EDGE_CURVE('',#3996,#3996,#4004,.T.);
#4004 = CIRCLE('',#4005,12.4);
#4005 = AXIS2_PLACEMENT_3D('',#4006,#4007,#4008);
#4006 = CARTESIAN_POINT('',(39.5,113.,144.55));
#4007 = DIRECTION('',(0.,0.,1.));
#4008 = DIRECTION('',(1.,0.,0.));
#4009 = ORIENTED_EDGE('',*,*,#3995,.T.);
#4010 = CYLINDRICAL_SURFACE('',#4011,12.4);
#4011 = AXIS2_PLACEMENT_3D('',#4012,#4013,#4014);
#4012 = CARTESIAN_POINT('',(39.5,113.,144.55));
#4013 = DIRECTION('',(0.,0.,1.));
#4014 = DIRECTION('',(1.,0.,0.));
#4015 = ADVANCED_FACE('',(#4016,#4019),#4030,.T.);
#4016 = FACE_BOUND('',#4017,.T.);
#4017 = EDGE_LOOP('',(#4018));
#4018 = ORIENTED_EDGE('',*,*,#3986,.T.);
#4019 = FACE_BOUND('',#4020,.T.);
#4020 = EDGE_LOOP('',(#4021));
#4021 = ORIENTED_EDGE('',*,*,#4022,.F.);
#4022 = EDGE_CURVE('',#4023,#4023,#4025,.T.);
#4023 = VERTEX_POINT('',#4024);
#4024 = CARTESIAN_POINT('',(49.,113.,145.75));
#4025 = CIRCLE('',#4026,9.5);
#4026 = AXIS2_PLACEMENT_3D('',#4027,#4028,#4029);
#4027 = CARTESIAN_POINT('',(39.5,113.,145.75));
#4028 = DIRECTION('',(0.,0.,1.));
#4029 = DIRECTION('',(1.,0.,0.));
#4030 = PLANE('',#4031);
#4031 = AXIS2_PLACEMENT_3D('',#4032,#4033,#4034);
#4032 = CARTESIAN_POINT('',(39.5,113.,145.75));
#4033 = DIRECTION('',(0.,0.,1.));
#4034 = DIRECTION('',(1.,0.,0.));
#4035 = ADVANCED_FACE('',(#4036,#4039),#4050,.F.);
#4036 = FACE_BOUND('',#4037,.F.);
#4037 = EDGE_LOOP('',(#4038));
#4038 = ORIENTED_EDGE('',*,*,#4003,.T.);
#4039 = FACE_BOUND('',#4040,.F.);
#4040 = EDGE_LOOP('',(#4041));
#4041 = ORIENTED_EDGE('',*,*,#4042,.F.);
#4042 = EDGE_CURVE('',#4043,#4043,#4045,.T.);
#4043 = VERTEX_POINT('',#4044);
#4044 = CARTESIAN_POINT('',(49.,113.,144.55));
#4045 = CIRCLE('',#4046,9.5);
#4046 = AXIS2_PLACEMENT_3D('',#4047,#4048,#4049);
#4047 = CARTESIAN_POINT('',(39.5,113.,144.55));
#4048 = DIRECTION('',(0.,0.,1.));
#4049 = DIRECTION('',(1.,0.,0.));
#4050 = PLANE('',#4051);
#4051 = AXIS2_PLACEMENT_3D('',#4052,#4053,#4054);
#4052 = CARTESIAN_POINT('',(39.5,113.,144.55));
#4053 = DIRECTION('',(0.,0.,1.));
#4054 = DIRECTION('',(1.,0.,0.));
#4055 = ADVANCED_FACE('',(#4056),#4067,.F.);
#4056 = FACE_BOUND('',#4057,.F.);
#4057 = EDGE_LOOP('',(#4058,#4059,#4065,#4066));
#4058 = ORIENTED_EDGE('',*,*,#4022,.F.);
#4059 = ORIENTED_EDGE('',*,*,#4060,.F.);
#4060 = EDGE_CURVE('',#4043,#4023,#4061,.T.);
#4061 = LINE('',#4062,#4063);
#4062 = CARTESIAN_POINT('',(49.,113.,144.45));
#4063 = VECTOR('',#4064,1.);
#4064 = DIRECTION('',(0.,0.,1.));
#4065 = ORIENTED_EDGE('',*,*,#4042,.T.);
#4066 = ORIENTED_EDGE('',*,*,#4060,.T.);
#4067 = CYLINDRICAL_SURFACE('',#4068,9.5);
#4068 = AXIS2_PLACEMENT_3D('',#4069,#4070,#4071);
#4069 = CARTESIAN_POINT('',(39.5,113.,144.45));
#4070 = DIRECTION('',(0.,0.,1.));
#4071 = DIRECTION('',(1.,0.,0.));
#4072 = MANIFOLD_SOLID_BREP('',#4073);
#4073 = CLOSED_SHELL('',(#4074,#4102,#4126,#4151,#4215,#4235,#4260,#4285
    ,#4310,#4335,#4360,#4385,#4394,#4403,#4412,#4424));
#4074 = ADVANCED_FACE('',(#4075,#4086),#4097,.F.);
#4075 = FACE_BOUND('',#4076,.F.);
#4076 = EDGE_LOOP('',(#4077));
#4077 = ORIENTED_EDGE('',*,*,#4078,.T.);
#4078 = EDGE_CURVE('',#4079,#4079,#4081,.T.);
#4079 = VERTEX_POINT('',#4080);
#4080 = CARTESIAN_POINT('',(19.,113.,125.7));
#4081 = CIRCLE('',#4082,20.5);
#4082 = AXIS2_PLACEMENT_3D('',#4083,#4084,#4085);
#4083 = CARTESIAN_POINT('',(39.5,113.,125.7));
#4084 = DIRECTION('',(0.,0.,1.));
#4085 = DIRECTION('',(-1.,0.,0.));
#4086 = FACE_BOUND('',#4087,.F.);
#4087 = EDGE_LOOP('',(#4088));
#4088 = ORIENTED_EDGE('',*,*,#4089,.F.);
#4089 = EDGE_CURVE('',#4090,#4090,#4092,.T.);
#4090 = VERTEX_POINT('',#4091);
#4091 = CARTESIAN_POINT('',(23.4,113.,125.7));
#4092 = CIRCLE('',#4093,16.1);
#4093 = AXIS2_PLACEMENT_3D('',#4094,#4095,#4096);
#4094 = CARTESIAN_POINT('',(39.5,113.,125.7));
#4095 = DIRECTION('',(0.,0.,1.));
#4096 = DIRECTION('',(-1.,0.,0.));
#4097 = PLANE('',#4098);
#4098 = AXIS2_PLACEMENT_3D('',#4099,#4100,#4101);
#4099 = CARTESIAN_POINT('',(39.5,113.,125.7));
#4100 = DIRECTION('',(0.,0.,1.));
#4101 = DIRECTION('',(-1.,0.,0.));
#4102 = ADVANCED_FACE('',(#4103),#4121,.T.);
#4103 = FACE_BOUND('',#4104,.T.);
#4104 = EDGE_LOOP('',(#4105,#4106,#4113,#4120));
#4105 = ORIENTED_EDGE('',*,*,#4078,.T.);
#4106 = ORIENTED_EDGE('',*,*,#4107,.T.);
#4107 = EDGE_CURVE('',#4079,#4108,#4110,.T.);
#4108 = VERTEX_POINT('',#4109);
#4109 = CARTESIAN_POINT('',(19.,113.,144.));
#4110 = B_SPLINE_CURVE_WITH_KNOTS('',1,(#4111,#4112),.UNSPECIFIED.,.F.,
  .F.,(2,2),(0.,18.3),.PIECEWISE_BEZIER_KNOTS.);
#4111 = CARTESIAN_POINT('',(19.,113.,125.7));
#4112 = CARTESIAN_POINT('',(19.,113.,144.));
#4113 = ORIENTED_EDGE('',*,*,#4114,.F.);
#4114 = EDGE_CURVE('',#4108,#4108,#4115,.T.);
#4115 = CIRCLE('',#4116,20.5);
#4116 = AXIS2_PLACEMENT_3D('',#4117,#4118,#4119);
#4117 = CARTESIAN_POINT('',(39.5,113.,144.));
#4118 = DIRECTION('',(0.,0.,1.));
#4119 = DIRECTION('',(-1.,0.,0.));
#4120 = ORIENTED_EDGE('',*,*,#4107,.F.);
#4121 = CYLINDRICAL_SURFACE('',#4122,20.5);
#4122 = AXIS2_PLACEMENT_3D('',#4123,#4124,#4125);
#4123 = CARTESIAN_POINT('',(39.5,113.,125.7));
#4124 = DIRECTION('',(0.,0.,1.));
#4125 = DIRECTION('',(-1.,0.,0.));
#4126 = ADVANCED_FACE('',(#4127),#4146,.F.);
#4127 = FACE_BOUND('',#4128,.F.);
#4128 = EDGE_LOOP('',(#4129,#4138,#4144,#4145));
#4129 = ORIENTED_EDGE('',*,*,#4130,.F.);
#4130 = EDGE_CURVE('',#4131,#4131,#4133,.T.);
#4131 = VERTEX_POINT('',#4132);
#4132 = CARTESIAN_POINT('',(23.4,113.,133.));
#4133 = CIRCLE('',#4134,16.1);
#4134 = AXIS2_PLACEMENT_3D('',#4135,#4136,#4137);
#4135 = CARTESIAN_POINT('',(39.5,113.,133.));
#4136 = DIRECTION('',(0.,0.,1.));
#4137 = DIRECTION('',(-1.,0.,0.));
#4138 = ORIENTED_EDGE('',*,*,#4139,.F.);
#4139 = EDGE_CURVE('',#4090,#4131,#4140,.T.);
#4140 = LINE('',#4141,#4142);
#4141 = CARTESIAN_POINT('',(23.4,113.,125.6));
#4142 = VECTOR('',#4143,1.);
#4143 = DIRECTION('',(0.,0.,1.));
#4144 = ORIENTED_EDGE('',*,*,#4089,.T.);
#4145 = ORIENTED_EDGE('',*,*,#4139,.T.);
#4146 = CYLINDRICAL_SURFACE('',#4147,16.1);
#4147 = AXIS2_PLACEMENT_3D('',#4148,#4149,#4150);
#4148 = CARTESIAN_POINT('',(39.5,113.,125.6));
#4149 = DIRECTION('',(0.,0.,1.));
#4150 = DIRECTION('',(-1.,0.,0.));
#4151 = ADVANCED_FACE('',(#4152,#4155,#4166,#4177,#4188,#4199),#4210,.T.
  );
#4152 = FACE_BOUND('',#4153,.T.);
#4153 = EDGE_LOOP('',(#4154));
#4154 = ORIENTED_EDGE('',*,*,#4114,.T.);
#4155 = FACE_BOUND('',#4156,.T.);
#4156 = EDGE_LOOP('',(#4157));
#4157 = ORIENTED_EDGE('',*,*,#4158,.F.);
#4158 = EDGE_CURVE('',#4159,#4159,#4161,.T.);
#4159 = VERTEX_POINT('',#4160);
#4160 = CARTESIAN_POINT('',(51.640054095714,125.94005409571,144.));
#4161 = CIRCLE('',#4162,0.8);
#4162 = AXIS2_PLACEMENT_3D('',#4163,#4164,#4165);
#4163 = CARTESIAN_POINT('',(52.440054095714,125.94005409571,144.));
#4164 = DIRECTION('',(0.,0.,1.));
#4165 = DIRECTION('',(-1.,0.,0.));
#4166 = FACE_BOUND('',#4167,.T.);
#4167 = EDGE_LOOP('',(#4168));
#4168 = ORIENTED_EDGE('',*,*,#4169,.F.);
#4169 = EDGE_CURVE('',#4170,#4170,#4172,.T.);
#4170 = VERTEX_POINT('',#4171);
#4171 = CARTESIAN_POINT('',(25.759945904286,125.94005409571,144.));
#4172 = CIRCLE('',#4173,0.8);
#4173 = AXIS2_PLACEMENT_3D('',#4174,#4175,#4176);
#4174 = CARTESIAN_POINT('',(26.559945904286,125.94005409571,144.));
#4175 = DIRECTION('',(0.,0.,1.));
#4176 = DIRECTION('',(-1.,0.,0.));
#4177 = FACE_BOUND('',#4178,.T.);
#4178 = EDGE_LOOP('',(#4179));
#4179 = ORIENTED_EDGE('',*,*,#4180,.F.);
#4180 = EDGE_CURVE('',#4181,#4181,#4183,.T.);
#4181 = VERTEX_POINT('',#4182);
#4182 = CARTESIAN_POINT('',(51.640054095714,100.05994590428,144.));
#4183 = CIRCLE('',#4184,0.8);
#4184 = AXIS2_PLACEMENT_3D('',#4185,#4186,#4187);
#4185 = CARTESIAN_POINT('',(52.440054095714,100.05994590428,144.));
#4186 = DIRECTION('',(0.,0.,1.));
#4187 = DIRECTION('',(-1.,0.,0.));
#4188 = FACE_BOUND('',#4189,.T.);
#4189 = EDGE_LOOP('',(#4190));
#4190 = ORIENTED_EDGE('',*,*,#4191,.F.);
#4191 = EDGE_CURVE('',#4192,#4192,#4194,.T.);
#4192 = VERTEX_POINT('',#4193);
#4193 = CARTESIAN_POINT('',(23.4,113.,144.));
#4194 = CIRCLE('',#4195,16.1);
#4195 = AXIS2_PLACEMENT_3D('',#4196,#4197,#4198);
#4196 = CARTESIAN_POINT('',(39.5,113.,144.));
#4197 = DIRECTION('',(0.,0.,1.));
#4198 = DIRECTION('',(-1.,0.,0.));
#4199 = FACE_BOUND('',#4200,.T.);
#4200 = EDGE_LOOP('',(#4201));
#4201 = ORIENTED_EDGE('',*,*,#4202,.F.);
#4202 = EDGE_CURVE('',#4203,#4203,#4205,.T.);
#4203 = VERTEX_POINT('',#4204);
#4204 = CARTESIAN_POINT('',(25.759945904286,100.05994590428,144.));
#4205 = CIRCLE('',#4206,0.8);
#4206 = AXIS2_PLACEMENT_3D('',#4207,#4208,#4209);
#4207 = CARTESIAN_POINT('',(26.559945904286,100.05994590428,144.));
#4208 = DIRECTION('',(0.,0.,1.));
#4209 = DIRECTION('',(-1.,0.,0.));
#4210 = PLANE('',#4211);
#4211 = AXIS2_PLACEMENT_3D('',#4212,#4213,#4214);
#4212 = CARTESIAN_POINT('',(39.5,113.,144.));
#4213 = DIRECTION('',(0.,0.,1.));
#4214 = DIRECTION('',(-1.,0.,0.));
#4215 = ADVANCED_FACE('',(#4216,#4219),#4230,.F.);
#4216 = FACE_BOUND('',#4217,.F.);
#4217 = EDGE_LOOP('',(#4218));
#4218 = ORIENTED_EDGE('',*,*,#4130,.T.);
#4219 = FACE_BOUND('',#4220,.F.);
#4220 = EDGE_LOOP('',(#4221));
#4221 = ORIENTED_EDGE('',*,*,#4222,.F.);
#4222 = EDGE_CURVE('',#4223,#4223,#4225,.T.);
#4223 = VERTEX_POINT('',#4224);
#4224 = CARTESIAN_POINT('',(24.5,113.,133.));
#4225 = CIRCLE('',#4226,15.);
#4226 = AXIS2_PLACEMENT_3D('',#4227,#4228,#4229);
#4227 = CARTESIAN_POINT('',(39.5,113.,133.));
#4228 = DIRECTION('',(0.,0.,1.));
#4229 = DIRECTION('',(-1.,0.,0.));
#4230 = PLANE('',#4231);
#4231 = AXIS2_PLACEMENT_3D('',#4232,#4233,#4234);
#4232 = CARTESIAN_POINT('',(39.5,113.,133.));
#4233 = DIRECTION('',(0.,0.,1.));
#4234 = DIRECTION('',(-1.,0.,0.));
#4235 = ADVANCED_FACE('',(#4236),#4255,.F.);
#4236 = FACE_BOUND('',#4237,.F.);
#4237 = EDGE_LOOP('',(#4238,#4239,#4247,#4254));
#4238 = ORIENTED_EDGE('',*,*,#4158,.F.);
#4239 = ORIENTED_EDGE('',*,*,#4240,.F.);
#4240 = EDGE_CURVE('',#4241,#4159,#4243,.T.);
#4241 = VERTEX_POINT('',#4242);
#4242 = CARTESIAN_POINT('',(51.640054095714,125.94005409571,137.));
#4243 = LINE('',#4244,#4245);
#4244 = CARTESIAN_POINT('',(51.640054095714,125.94005409571,137.));
#4245 = VECTOR('',#4246,1.);
#4246 = DIRECTION('',(0.,0.,1.));
#4247 = ORIENTED_EDGE('',*,*,#4248,.T.);
#4248 = EDGE_CURVE('',#4241,#4241,#4249,.T.);
#4249 = CIRCLE('',#4250,0.8);
#4250 = AXIS2_PLACEMENT_3D('',#4251,#4252,#4253);
#4251 = CARTESIAN_POINT('',(52.440054095714,125.94005409571,137.));
#4252 = DIRECTION('',(0.,0.,1.));
#4253 = DIRECTION('',(-1.,0.,0.));
#4254 = ORIENTED_EDGE('',*,*,#4240,.T.);
#4255 = CYLINDRICAL_SURFACE('',#4256,0.8);
#4256 = AXIS2_PLACEMENT_3D('',#4257,#4258,#4259);
#4257 = CARTESIAN_POINT('',(52.440054095714,125.94005409571,137.));
#4258 = DIRECTION('',(0.,0.,1.));
#4259 = DIRECTION('',(-1.,0.,0.));
#4260 = ADVANCED_FACE('',(#4261),#4280,.F.);
#4261 = FACE_BOUND('',#4262,.F.);
#4262 = EDGE_LOOP('',(#4263,#4264,#4272,#4279));
#4263 = ORIENTED_EDGE('',*,*,#4169,.F.);
#4264 = ORIENTED_EDGE('',*,*,#4265,.F.);
#4265 = EDGE_CURVE('',#4266,#4170,#4268,.T.);
#4266 = VERTEX_POINT('',#4267);
#4267 = CARTESIAN_POINT('',(25.759945904286,125.94005409571,137.));
#4268 = LINE('',#4269,#4270);
#4269 = CARTESIAN_POINT('',(25.759945904286,125.94005409571,137.));
#4270 = VECTOR('',#4271,1.);
#4271 = DIRECTION('',(0.,0.,1.));
#4272 = ORIENTED_EDGE('',*,*,#4273,.T.);
#4273 = EDGE_CURVE('',#4266,#4266,#4274,.T.);
#4274 = CIRCLE('',#4275,0.8);
#4275 = AXIS2_PLACEMENT_3D('',#4276,#4277,#4278);
#4276 = CARTESIAN_POINT('',(26.559945904286,125.94005409571,137.));
#4277 = DIRECTION('',(0.,0.,1.));
#4278 = DIRECTION('',(-1.,0.,0.));
#4279 = ORIENTED_EDGE('',*,*,#4265,.T.);
#4280 = CYLINDRICAL_SURFACE('',#4281,0.8);
#4281 = AXIS2_PLACEMENT_3D('',#4282,#4283,#4284);
#4282 = CARTESIAN_POINT('',(26.559945904286,125.94005409571,137.));
#4283 = DIRECTION('',(0.,0.,1.));
#4284 = DIRECTION('',(-1.,0.,0.));
#4285 = ADVANCED_FACE('',(#4286),#4305,.F.);
#4286 = FACE_BOUND('',#4287,.F.);
#4287 = EDGE_LOOP('',(#4288,#4289,#4297,#4304));
#4288 = ORIENTED_EDGE('',*,*,#4180,.F.);
#4289 = ORIENTED_EDGE('',*,*,#4290,.F.);
#4290 = EDGE_CURVE('',#4291,#4181,#4293,.T.);
#4291 = VERTEX_POINT('',#4292);
#4292 = CARTESIAN_POINT('',(51.640054095714,100.05994590428,137.));
#4293 = LINE('',#4294,#4295);
#4294 = CARTESIAN_POINT('',(51.640054095714,100.05994590428,137.));
#4295 = VECTOR('',#4296,1.);
#4296 = DIRECTION('',(0.,0.,1.));
#4297 = ORIENTED_EDGE('',*,*,#4298,.T.);
#4298 = EDGE_CURVE('',#4291,#4291,#4299,.T.);
#4299 = CIRCLE('',#4300,0.8);
#4300 = AXIS2_PLACEMENT_3D('',#4301,#4302,#4303);
#4301 = CARTESIAN_POINT('',(52.440054095714,100.05994590428,137.));
#4302 = DIRECTION('',(0.,0.,1.));
#4303 = DIRECTION('',(-1.,0.,0.));
#4304 = ORIENTED_EDGE('',*,*,#4290,.T.);
#4305 = CYLINDRICAL_SURFACE('',#4306,0.8);
#4306 = AXIS2_PLACEMENT_3D('',#4307,#4308,#4309);
#4307 = CARTESIAN_POINT('',(52.440054095714,100.05994590428,137.));
#4308 = DIRECTION('',(0.,0.,1.));
#4309 = DIRECTION('',(-1.,0.,0.));
#4310 = ADVANCED_FACE('',(#4311),#4330,.F.);
#4311 = FACE_BOUND('',#4312,.F.);
#4312 = EDGE_LOOP('',(#4313,#4321,#4322,#4323));
#4313 = ORIENTED_EDGE('',*,*,#4314,.T.);
#4314 = EDGE_CURVE('',#4315,#4192,#4317,.T.);
#4315 = VERTEX_POINT('',#4316);
#4316 = CARTESIAN_POINT('',(23.4,113.,137.));
#4317 = LINE('',#4318,#4319);
#4318 = CARTESIAN_POINT('',(23.4,113.,125.6));
#4319 = VECTOR('',#4320,1.);
#4320 = DIRECTION('',(0.,0.,1.));
#4321 = ORIENTED_EDGE('',*,*,#4191,.F.);
#4322 = ORIENTED_EDGE('',*,*,#4314,.F.);
#4323 = ORIENTED_EDGE('',*,*,#4324,.T.);
#4324 = EDGE_CURVE('',#4315,#4315,#4325,.T.);
#4325 = CIRCLE('',#4326,16.1);
#4326 = AXIS2_PLACEMENT_3D('',#4327,#4328,#4329);
#4327 = CARTESIAN_POINT('',(39.5,113.,137.));
#4328 = DIRECTION('',(0.,0.,1.));
#4329 = DIRECTION('',(-1.,0.,0.));
#4330 = CYLINDRICAL_SURFACE('',#4331,16.1);
#4331 = AXIS2_PLACEMENT_3D('',#4332,#4333,#4334);
#4332 = CARTESIAN_POINT('',(39.5,113.,125.6));
#4333 = DIRECTION('',(0.,0.,1.));
#4334 = DIRECTION('',(-1.,0.,0.));
#4335 = ADVANCED_FACE('',(#4336),#4355,.F.);
#4336 = FACE_BOUND('',#4337,.F.);
#4337 = EDGE_LOOP('',(#4338,#4339,#4347,#4354));
#4338 = ORIENTED_EDGE('',*,*,#4202,.F.);
#4339 = ORIENTED_EDGE('',*,*,#4340,.F.);
#4340 = EDGE_CURVE('',#4341,#4203,#4343,.T.);
#4341 = VERTEX_POINT('',#4342);
#4342 = CARTESIAN_POINT('',(25.759945904286,100.05994590428,137.));
#4343 = LINE('',#4344,#4345);
#4344 = CARTESIAN_POINT('',(25.759945904286,100.05994590428,137.));
#4345 = VECTOR('',#4346,1.);
#4346 = DIRECTION('',(0.,0.,1.));
#4347 = ORIENTED_EDGE('',*,*,#4348,.T.);
#4348 = EDGE_CURVE('',#4341,#4341,#4349,.T.);
#4349 = CIRCLE('',#4350,0.8);
#4350 = AXIS2_PLACEMENT_3D('',#4351,#4352,#4353);
#4351 = CARTESIAN_POINT('',(26.559945904286,100.05994590428,137.));
#4352 = DIRECTION('',(0.,0.,1.));
#4353 = DIRECTION('',(-1.,0.,0.));
#4354 = ORIENTED_EDGE('',*,*,#4340,.T.);
#4355 = CYLINDRICAL_SURFACE('',#4356,0.8);
#4356 = AXIS2_PLACEMENT_3D('',#4357,#4358,#4359);
#4357 = CARTESIAN_POINT('',(26.559945904286,100.05994590428,137.));
#4358 = DIRECTION('',(0.,0.,1.));
#4359 = DIRECTION('',(-1.,0.,0.));
#4360 = ADVANCED_FACE('',(#4361),#4380,.F.);
#4361 = FACE_BOUND('',#4362,.F.);
#4362 = EDGE_LOOP('',(#4363,#4372,#4378,#4379));
#4363 = ORIENTED_EDGE('',*,*,#4364,.F.);
#4364 = EDGE_CURVE('',#4365,#4365,#4367,.T.);
#4365 = VERTEX_POINT('',#4366);
#4366 = CARTESIAN_POINT('',(24.5,113.,137.));
#4367 = CIRCLE('',#4368,15.);
#4368 = AXIS2_PLACEMENT_3D('',#4369,#4370,#4371);
#4369 = CARTESIAN_POINT('',(39.5,113.,137.));
#4370 = DIRECTION('',(0.,0.,1.));
#4371 = DIRECTION('',(-1.,0.,0.));
#4372 = ORIENTED_EDGE('',*,*,#4373,.F.);
#4373 = EDGE_CURVE('',#4223,#4365,#4374,.T.);
#4374 = LINE('',#4375,#4376);
#4375 = CARTESIAN_POINT('',(24.5,113.,132.9));
#4376 = VECTOR('',#4377,1.);
#4377 = DIRECTION('',(0.,0.,1.));
#4378 = ORIENTED_EDGE('',*,*,#4222,.T.);
#4379 = ORIENTED_EDGE('',*,*,#4373,.T.);
#4380 = CYLINDRICAL_SURFACE('',#4381,15.);
#4381 = AXIS2_PLACEMENT_3D('',#4382,#4383,#4384);
#4382 = CARTESIAN_POINT('',(39.5,113.,132.9));
#4383 = DIRECTION('',(0.,0.,1.));
#4384 = DIRECTION('',(-1.,0.,0.));
#4385 = ADVANCED_FACE('',(#4386),#4389,.T.);
#4386 = FACE_BOUND('',#4387,.F.);
#4387 = EDGE_LOOP('',(#4388));
#4388 = ORIENTED_EDGE('',*,*,#4248,.F.);
#4389 = PLANE('',#4390);
#4390 = AXIS2_PLACEMENT_3D('',#4391,#4392,#4393);
#4391 = CARTESIAN_POINT('',(52.440054095714,125.94005409571,137.));
#4392 = DIRECTION('',(0.,0.,1.));
#4393 = DIRECTION('',(-1.,0.,0.));
#4394 = ADVANCED_FACE('',(#4395),#4398,.T.);
#4395 = FACE_BOUND('',#4396,.F.);
#4396 = EDGE_LOOP('',(#4397));
#4397 = ORIENTED_EDGE('',*,*,#4273,.F.);
#4398 = PLANE('',#4399);
#4399 = AXIS2_PLACEMENT_3D('',#4400,#4401,#4402);
#4400 = CARTESIAN_POINT('',(26.559945904286,125.94005409571,137.));
#4401 = DIRECTION('',(0.,0.,1.));
#4402 = DIRECTION('',(-1.,0.,0.));
#4403 = ADVANCED_FACE('',(#4404),#4407,.T.);
#4404 = FACE_BOUND('',#4405,.F.);
#4405 = EDGE_LOOP('',(#4406));
#4406 = ORIENTED_EDGE('',*,*,#4298,.F.);
#4407 = PLANE('',#4408);
#4408 = AXIS2_PLACEMENT_3D('',#4409,#4410,#4411);
#4409 = CARTESIAN_POINT('',(52.440054095714,100.05994590428,137.));
#4410 = DIRECTION('',(0.,0.,1.));
#4411 = DIRECTION('',(-1.,0.,0.));
#4412 = ADVANCED_FACE('',(#4413,#4416),#4419,.T.);
#4413 = FACE_BOUND('',#4414,.T.);
#4414 = EDGE_LOOP('',(#4415));
#4415 = ORIENTED_EDGE('',*,*,#4324,.T.);
#4416 = FACE_BOUND('',#4417,.T.);
#4417 = EDGE_LOOP('',(#4418));
#4418 = ORIENTED_EDGE('',*,*,#4364,.F.);
#4419 = PLANE('',#4420);
#4420 = AXIS2_PLACEMENT_3D('',#4421,#4422,#4423);
#4421 = CARTESIAN_POINT('',(39.5,113.,137.));
#4422 = DIRECTION('',(0.,0.,1.));
#4423 = DIRECTION('',(-1.,0.,0.));
#4424 = ADVANCED_FACE('',(#4425),#4428,.T.);
#4425 = FACE_BOUND('',#4426,.F.);
#4426 = EDGE_LOOP('',(#4427));
#4427 = ORIENTED_EDGE('',*,*,#4348,.F.);
#4428 = PLANE('',#4429);
#4429 = AXIS2_PLACEMENT_3D('',#4430,#4431,#4432);
#4430 = CARTESIAN_POINT('',(26.559945904286,100.05994590428,137.));
#4431 = DIRECTION('',(0.,0.,1.));
#4432 = DIRECTION('',(-1.,0.,0.));
#4433 = MANIFOLD_SOLID_BREP('',#4434);
#4434 = CLOSED_SHELL('',(#4435,#4468,#4532,#4596,#4613,#4630,#4647,#4664
    ));
#4435 = ADVANCED_FACE('',(#4436),#4463,.T.);
#4436 = FACE_BOUND('',#4437,.T.);
#4437 = EDGE_LOOP('',(#4438,#4447,#4455,#4462));
#4438 = ORIENTED_EDGE('',*,*,#4439,.F.);
#4439 = EDGE_CURVE('',#4440,#4440,#4442,.T.);
#4440 = VERTEX_POINT('',#4441);
#4441 = CARTESIAN_POINT('',(19.,113.,147.));
#4442 = CIRCLE('',#4443,20.5);
#4443 = AXIS2_PLACEMENT_3D('',#4444,#4445,#4446);
#4444 = CARTESIAN_POINT('',(39.5,113.,147.));
#4445 = DIRECTION('',(0.,0.,1.));
#4446 = DIRECTION('',(-1.,0.,0.));
#4447 = ORIENTED_EDGE('',*,*,#4448,.F.);
#4448 = EDGE_CURVE('',#4449,#4440,#4451,.T.);
#4449 = VERTEX_POINT('',#4450);
#4450 = CARTESIAN_POINT('',(19.,113.,144.));
#4451 = LINE('',#4452,#4453);
#4452 = CARTESIAN_POINT('',(19.,113.,144.));
#4453 = VECTOR('',#4454,1.);
#4454 = DIRECTION('',(0.,0.,1.));
#4455 = ORIENTED_EDGE('',*,*,#4456,.T.);
#4456 = EDGE_CURVE('',#4449,#4449,#4457,.T.);
#4457 = CIRCLE('',#4458,20.5);
#4458 = AXIS2_PLACEMENT_3D('',#4459,#4460,#4461);
#4459 = CARTESIAN_POINT('',(39.5,113.,144.));
#4460 = DIRECTION('',(0.,0.,1.));
#4461 = DIRECTION('',(-1.,0.,0.));
#4462 = ORIENTED_EDGE('',*,*,#4448,.T.);
#4463 = CYLINDRICAL_SURFACE('',#4464,20.5);
#4464 = AXIS2_PLACEMENT_3D('',#4465,#4466,#4467);
#4465 = CARTESIAN_POINT('',(39.5,113.,144.));
#4466 = DIRECTION('',(0.,0.,1.));
#4467 = DIRECTION('',(-1.,0.,0.));
#4468 = ADVANCED_FACE('',(#4469,#4472,#4483,#4494,#4505,#4516),#4527,.T.
  );
#4469 = FACE_BOUND('',#4470,.T.);
#4470 = EDGE_LOOP('',(#4471));
#4471 = ORIENTED_EDGE('',*,*,#4439,.T.);
#4472 = FACE_BOUND('',#4473,.T.);
#4473 = EDGE_LOOP('',(#4474));
#4474 = ORIENTED_EDGE('',*,*,#4475,.F.);
#4475 = EDGE_CURVE('',#4476,#4476,#4478,.T.);
#4476 = VERTEX_POINT('',#4477);
#4477 = CARTESIAN_POINT('',(51.340054095714,125.94005409571,147.));
#4478 = CIRCLE('',#4479,1.1);
#4479 = AXIS2_PLACEMENT_3D('',#4480,#4481,#4482);
#4480 = CARTESIAN_POINT('',(52.440054095714,125.94005409571,147.));
#4481 = DIRECTION('',(0.,0.,1.));
#4482 = DIRECTION('',(-1.,0.,0.));
#4483 = FACE_BOUND('',#4484,.T.);
#4484 = EDGE_LOOP('',(#4485));
#4485 = ORIENTED_EDGE('',*,*,#4486,.F.);
#4486 = EDGE_CURVE('',#4487,#4487,#4489,.T.);
#4487 = VERTEX_POINT('',#4488);
#4488 = CARTESIAN_POINT('',(25.459945904286,125.94005409571,147.));
#4489 = CIRCLE('',#4490,1.1);
#4490 = AXIS2_PLACEMENT_3D('',#4491,#4492,#4493);
#4491 = CARTESIAN_POINT('',(26.559945904286,125.94005409571,147.));
#4492 = DIRECTION('',(0.,0.,1.));
#4493 = DIRECTION('',(-1.,0.,0.));
#4494 = FACE_BOUND('',#4495,.T.);
#4495 = EDGE_LOOP('',(#4496));
#4496 = ORIENTED_EDGE('',*,*,#4497,.F.);
#4497 = EDGE_CURVE('',#4498,#4498,#4500,.T.);
#4498 = VERTEX_POINT('',#4499);
#4499 = CARTESIAN_POINT('',(51.340054095714,100.05994590428,147.));
#4500 = CIRCLE('',#4501,1.1);
#4501 = AXIS2_PLACEMENT_3D('',#4502,#4503,#4504);
#4502 = CARTESIAN_POINT('',(52.440054095714,100.05994590428,147.));
#4503 = DIRECTION('',(0.,0.,1.));
#4504 = DIRECTION('',(-1.,0.,0.));
#4505 = FACE_BOUND('',#4506,.T.);
#4506 = EDGE_LOOP('',(#4507));
#4507 = ORIENTED_EDGE('',*,*,#4508,.F.);
#4508 = EDGE_CURVE('',#4509,#4509,#4511,.T.);
#4509 = VERTEX_POINT('',#4510);
#4510 = CARTESIAN_POINT('',(26.5,113.,147.));
#4511 = CIRCLE('',#4512,13.);
#4512 = AXIS2_PLACEMENT_3D('',#4513,#4514,#4515);
#4513 = CARTESIAN_POINT('',(39.5,113.,147.));
#4514 = DIRECTION('',(0.,0.,1.));
#4515 = DIRECTION('',(-1.,0.,0.));
#4516 = FACE_BOUND('',#4517,.T.);
#4517 = EDGE_LOOP('',(#4518));
#4518 = ORIENTED_EDGE('',*,*,#4519,.F.);
#4519 = EDGE_CURVE('',#4520,#4520,#4522,.T.);
#4520 = VERTEX_POINT('',#4521);
#4521 = CARTESIAN_POINT('',(25.459945904286,100.05994590428,147.));
#4522 = CIRCLE('',#4523,1.1);
#4523 = AXIS2_PLACEMENT_3D('',#4524,#4525,#4526);
#4524 = CARTESIAN_POINT('',(26.559945904286,100.05994590428,147.));
#4525 = DIRECTION('',(0.,0.,1.));
#4526 = DIRECTION('',(-1.,0.,0.));
#4527 = PLANE('',#4528);
#4528 = AXIS2_PLACEMENT_3D('',#4529,#4530,#4531);
#4529 = CARTESIAN_POINT('',(39.5,113.,147.));
#4530 = DIRECTION('',(0.,0.,1.));
#4531 = DIRECTION('',(-1.,0.,0.));
#4532 = ADVANCED_FACE('',(#4533,#4536,#4547,#4558,#4569,#4580),#4591,.F.
  );
#4533 = FACE_BOUND('',#4534,.F.);
#4534 = EDGE_LOOP('',(#4535));
#4535 = ORIENTED_EDGE('',*,*,#4456,.T.);
#4536 = FACE_BOUND('',#4537,.F.);
#4537 = EDGE_LOOP('',(#4538));
#4538 = ORIENTED_EDGE('',*,*,#4539,.F.);
#4539 = EDGE_CURVE('',#4540,#4540,#4542,.T.);
#4540 = VERTEX_POINT('',#4541);
#4541 = CARTESIAN_POINT('',(51.340054095714,125.94005409571,144.));
#4542 = CIRCLE('',#4543,1.1);
#4543 = AXIS2_PLACEMENT_3D('',#4544,#4545,#4546);
#4544 = CARTESIAN_POINT('',(52.440054095714,125.94005409571,144.));
#4545 = DIRECTION('',(0.,0.,1.));
#4546 = DIRECTION('',(-1.,0.,0.));
#4547 = FACE_BOUND('',#4548,.F.);
#4548 = EDGE_LOOP('',(#4549));
#4549 = ORIENTED_EDGE('',*,*,#4550,.F.);
#4550 = EDGE_CURVE('',#4551,#4551,#4553,.T.);
#4551 = VERTEX_POINT('',#4552);
#4552 = CARTESIAN_POINT('',(25.459945904286,125.94005409571,144.));
#4553 = CIRCLE('',#4554,1.1);
#4554 = AXIS2_PLACEMENT_3D('',#4555,#4556,#4557);
#4555 = CARTESIAN_POINT('',(26.559945904286,125.94005409571,144.));
#4556 = DIRECTION('',(0.,0.,1.));
#4557 = DIRECTION('',(-1.,0.,0.));
#4558 = FACE_BOUND('',#4559,.F.);
#4559 = EDGE_LOOP('',(#4560));
#4560 = ORIENTED_EDGE('',*,*,#4561,.F.);
#4561 = EDGE_CURVE('',#4562,#4562,#4564,.T.);
#4562 = VERTEX_POINT('',#4563);
#4563 = CARTESIAN_POINT('',(51.340054095714,100.05994590428,144.));
#4564 = CIRCLE('',#4565,1.1);
#4565 = AXIS2_PLACEMENT_3D('',#4566,#4567,#4568);
#4566 = CARTESIAN_POINT('',(52.440054095714,100.05994590428,144.));
#4567 = DIRECTION('',(0.,0.,1.));
#4568 = DIRECTION('',(-1.,0.,0.));
#4569 = FACE_BOUND('',#4570,.F.);
#4570 = EDGE_LOOP('',(#4571));
#4571 = ORIENTED_EDGE('',*,*,#4572,.F.);
#4572 = EDGE_CURVE('',#4573,#4573,#4575,.T.);
#4573 = VERTEX_POINT('',#4574);
#4574 = CARTESIAN_POINT('',(26.5,113.,144.));
#4575 = CIRCLE('',#4576,13.);
#4576 = AXIS2_PLACEMENT_3D('',#4577,#4578,#4579);
#4577 = CARTESIAN_POINT('',(39.5,113.,144.));
#4578 = DIRECTION('',(0.,0.,1.));
#4579 = DIRECTION('',(-1.,0.,0.));
#4580 = FACE_BOUND('',#4581,.F.);
#4581 = EDGE_LOOP('',(#4582));
#4582 = ORIENTED_EDGE('',*,*,#4583,.F.);
#4583 = EDGE_CURVE('',#4584,#4584,#4586,.T.);
#4584 = VERTEX_POINT('',#4585);
#4585 = CARTESIAN_POINT('',(25.459945904286,100.05994590428,144.));
#4586 = CIRCLE('',#4587,1.1);
#4587 = AXIS2_PLACEMENT_3D('',#4588,#4589,#4590);
#4588 = CARTESIAN_POINT('',(26.559945904286,100.05994590428,144.));
#4589 = DIRECTION('',(0.,0.,1.));
#4590 = DIRECTION('',(-1.,0.,0.));
#4591 = PLANE('',#4592);
#4592 = AXIS2_PLACEMENT_3D('',#4593,#4594,#4595);
#4593 = CARTESIAN_POINT('',(39.5,113.,144.));
#4594 = DIRECTION('',(0.,0.,1.));
#4595 = DIRECTION('',(-1.,0.,0.));
#4596 = ADVANCED_FACE('',(#4597),#4608,.F.);
#4597 = FACE_BOUND('',#4598,.F.);
#4598 = EDGE_LOOP('',(#4599,#4600,#4606,#4607));
#4599 = ORIENTED_EDGE('',*,*,#4475,.F.);
#4600 = ORIENTED_EDGE('',*,*,#4601,.F.);
#4601 = EDGE_CURVE('',#4540,#4476,#4602,.T.);
#4602 = LINE('',#4603,#4604);
#4603 = CARTESIAN_POINT('',(51.340054095714,125.94005409571,143.5));
#4604 = VECTOR('',#4605,1.);
#4605 = DIRECTION('',(0.,0.,1.));
#4606 = ORIENTED_EDGE('',*,*,#4539,.T.);
#4607 = ORIENTED_EDGE('',*,*,#4601,.T.);
#4608 = CYLINDRICAL_SURFACE('',#4609,1.1);
#4609 = AXIS2_PLACEMENT_3D('',#4610,#4611,#4612);
#4610 = CARTESIAN_POINT('',(52.440054095714,125.94005409571,143.5));
#4611 = DIRECTION('',(0.,0.,1.));
#4612 = DIRECTION('',(-1.,0.,0.));
#4613 = ADVANCED_FACE('',(#4614),#4625,.F.);
#4614 = FACE_BOUND('',#4615,.F.);
#4615 = EDGE_LOOP('',(#4616,#4617,#4623,#4624));
#4616 = ORIENTED_EDGE('',*,*,#4486,.F.);
#4617 = ORIENTED_EDGE('',*,*,#4618,.F.);
#4618 = EDGE_CURVE('',#4551,#4487,#4619,.T.);
#4619 = LINE('',#4620,#4621);
#4620 = CARTESIAN_POINT('',(25.459945904286,125.94005409571,143.5));
#4621 = VECTOR('',#4622,1.);
#4622 = DIRECTION('',(0.,0.,1.));
#4623 = ORIENTED_EDGE('',*,*,#4550,.T.);
#4624 = ORIENTED_EDGE('',*,*,#4618,.T.);
#4625 = CYLINDRICAL_SURFACE('',#4626,1.1);
#4626 = AXIS2_PLACEMENT_3D('',#4627,#4628,#4629);
#4627 = CARTESIAN_POINT('',(26.559945904286,125.94005409571,143.5));
#4628 = DIRECTION('',(0.,0.,1.));
#4629 = DIRECTION('',(-1.,0.,0.));
#4630 = ADVANCED_FACE('',(#4631),#4642,.F.);
#4631 = FACE_BOUND('',#4632,.F.);
#4632 = EDGE_LOOP('',(#4633,#4634,#4640,#4641));
#4633 = ORIENTED_EDGE('',*,*,#4497,.F.);
#4634 = ORIENTED_EDGE('',*,*,#4635,.F.);
#4635 = EDGE_CURVE('',#4562,#4498,#4636,.T.);
#4636 = LINE('',#4637,#4638);
#4637 = CARTESIAN_POINT('',(51.340054095714,100.05994590428,143.5));
#4638 = VECTOR('',#4639,1.);
#4639 = DIRECTION('',(0.,0.,1.));
#4640 = ORIENTED_EDGE('',*,*,#4561,.T.);
#4641 = ORIENTED_EDGE('',*,*,#4635,.T.);
#4642 = CYLINDRICAL_SURFACE('',#4643,1.1);
#4643 = AXIS2_PLACEMENT_3D('',#4644,#4645,#4646);
#4644 = CARTESIAN_POINT('',(52.440054095714,100.05994590428,143.5));
#4645 = DIRECTION('',(0.,0.,1.));
#4646 = DIRECTION('',(-1.,0.,0.));
#4647 = ADVANCED_FACE('',(#4648),#4659,.F.);
#4648 = FACE_BOUND('',#4649,.F.);
#4649 = EDGE_LOOP('',(#4650,#4651,#4657,#4658));
#4650 = ORIENTED_EDGE('',*,*,#4508,.F.);
#4651 = ORIENTED_EDGE('',*,*,#4652,.F.);
#4652 = EDGE_CURVE('',#4573,#4509,#4653,.T.);
#4653 = LINE('',#4654,#4655);
#4654 = CARTESIAN_POINT('',(26.5,113.,143.9));
#4655 = VECTOR('',#4656,1.);
#4656 = DIRECTION('',(0.,0.,1.));
#4657 = ORIENTED_EDGE('',*,*,#4572,.T.);
#4658 = ORIENTED_EDGE('',*,*,#4652,.T.);
#4659 = CYLINDRICAL_SURFACE('',#4660,13.);
#4660 = AXIS2_PLACEMENT_3D('',#4661,#4662,#4663);
#4661 = CARTESIAN_POINT('',(39.5,113.,143.9));
#4662 = DIRECTION('',(0.,0.,1.));
#4663 = DIRECTION('',(-1.,0.,0.));
#4664 = ADVANCED_FACE('',(#4665),#4676,.F.);
#4665 = FACE_BOUND('',#4666,.F.);
#4666 = EDGE_LOOP('',(#4667,#4668,#4674,#4675));
#4667 = ORIENTED_EDGE('',*,*,#4519,.F.);
#4668 = ORIENTED_EDGE('',*,*,#4669,.F.);
#4669 = EDGE_CURVE('',#4584,#4520,#4670,.T.);
#4670 = LINE('',#4671,#4672);
#4671 = CARTESIAN_POINT('',(25.459945904286,100.05994590428,143.5));
#4672 = VECTOR('',#4673,1.);
#4673 = DIRECTION('',(0.,0.,1.));
#4674 = ORIENTED_EDGE('',*,*,#4583,.T.);
#4675 = ORIENTED_EDGE('',*,*,#4669,.T.);
#4676 = CYLINDRICAL_SURFACE('',#4677,1.1);
#4677 = AXIS2_PLACEMENT_3D('',#4678,#4679,#4680);
#4678 = CARTESIAN_POINT('',(26.559945904286,100.05994590428,143.5));
#4679 = DIRECTION('',(0.,0.,1.));
#4680 = DIRECTION('',(-1.,0.,0.));
#4681 = MANIFOLD_SOLID_BREP('',#4682);
#4682 = CLOSED_SHELL('',(#4683,#4725,#4814,#4838,#4920,#4937,#4954,#4971
    ,#4983,#5000,#5017,#5064,#5076,#5102,#5122,#5142,#5167,#5192,#5256,
    #5344,#5393,#5410,#5427,#5444,#5461,#5501,#5525,#5558,#5586,#5614));
#4683 = ADVANCED_FACE('',(#4684),#4720,.T.);
#4684 = FACE_BOUND('',#4685,.T.);
#4685 = EDGE_LOOP('',(#4686,#4697,#4705,#4714));
#4686 = ORIENTED_EDGE('',*,*,#4687,.F.);
#4687 = EDGE_CURVE('',#4688,#4690,#4692,.T.);
#4688 = VERTEX_POINT('',#4689);
#4689 = CARTESIAN_POINT('',(19.,113.,168.));
#4690 = VERTEX_POINT('',#4691);
#4691 = CARTESIAN_POINT('',(60.,113.,168.));
#4692 = CIRCLE('',#4693,20.5);
#4693 = AXIS2_PLACEMENT_3D('',#4694,#4695,#4696);
#4694 = CARTESIAN_POINT('',(39.5,113.,168.));
#4695 = DIRECTION('',(0.,0.,1.));
#4696 = DIRECTION('',(-1.,0.,0.));
#4697 = ORIENTED_EDGE('',*,*,#4698,.F.);
#4698 = EDGE_CURVE('',#4699,#4688,#4701,.T.);
#4699 = VERTEX_POINT('',#4700);
#4700 = CARTESIAN_POINT('',(19.,113.,164.));
#4701 = LINE('',#4702,#4703);
#4702 = CARTESIAN_POINT('',(19.,113.,164.));
#4703 = VECTOR('',#4704,1.);
#4704 = DIRECTION('',(0.,0.,1.));
#4705 = ORIENTED_EDGE('',*,*,#4706,.T.);
#4706 = EDGE_CURVE('',#4699,#4707,#4709,.T.);
#4707 = VERTEX_POINT('',#4708);
#4708 = CARTESIAN_POINT('',(60.,113.,164.));
#4709 = CIRCLE('',#4710,20.5);
#4710 = AXIS2_PLACEMENT_3D('',#4711,#4712,#4713);
#4711 = CARTESIAN_POINT('',(39.5,113.,164.));
#4712 = DIRECTION('',(0.,0.,1.));
#4713 = DIRECTION('',(-1.,0.,0.));
#4714 = ORIENTED_EDGE('',*,*,#4715,.T.);
#4715 = EDGE_CURVE('',#4707,#4690,#4716,.T.);
#4716 = LINE('',#4717,#4718);
#4717 = CARTESIAN_POINT('',(60.,113.,164.));
#4718 = VECTOR('',#4719,1.);
#4719 = DIRECTION('',(0.,0.,1.));
#4720 = CYLINDRICAL_SURFACE('',#4721,20.5);
#4721 = AXIS2_PLACEMENT_3D('',#4722,#4723,#4724);
#4722 = CARTESIAN_POINT('',(39.5,113.,164.));
#4723 = DIRECTION('',(0.,0.,1.));
#4724 = DIRECTION('',(-1.,0.,0.));
#4725 = ADVANCED_FACE('',(#4726,#4767,#4778,#4789),#4809,.T.);
#4726 = FACE_BOUND('',#4727,.T.);
#4727 = EDGE_LOOP('',(#4728,#4729,#4737,#4745,#4753,#4761));
#4728 = ORIENTED_EDGE('',*,*,#4687,.T.);
#4729 = ORIENTED_EDGE('',*,*,#4730,.F.);
#4730 = EDGE_CURVE('',#4731,#4690,#4733,.T.);
#4731 = VERTEX_POINT('',#4732);
#4732 = CARTESIAN_POINT('',(64.5,113.,168.));
#4733 = LINE('',#4734,#4735);
#4734 = CARTESIAN_POINT('',(64.5,113.,168.));
#4735 = VECTOR('',#4736,1.);
#4736 = DIRECTION('',(-1.,0.,0.));
#4737 = ORIENTED_EDGE('',*,*,#4738,.F.);
#4738 = EDGE_CURVE('',#4739,#4731,#4741,.T.);
#4739 = VERTEX_POINT('',#4740);
#4740 = CARTESIAN_POINT('',(64.5,143.,168.));
#4741 = LINE('',#4742,#4743);
#4742 = CARTESIAN_POINT('',(64.5,143.,168.));
#4743 = VECTOR('',#4744,1.);
#4744 = DIRECTION('',(0.,-1.,0.));
#4745 = ORIENTED_EDGE('',*,*,#4746,.T.);
#4746 = EDGE_CURVE('',#4739,#4747,#4749,.T.);
#4747 = VERTEX_POINT('',#4748);
#4748 = CARTESIAN_POINT('',(14.5,143.,168.));
#4749 = LINE('',#4750,#4751);
#4750 = CARTESIAN_POINT('',(64.5,143.,168.));
#4751 = VECTOR('',#4752,1.);
#4752 = DIRECTION('',(-1.,0.,0.));
#4753 = ORIENTED_EDGE('',*,*,#4754,.T.);
#4754 = EDGE_CURVE('',#4747,#4755,#4757,.T.);
#4755 = VERTEX_POINT('',#4756);
#4756 = CARTESIAN_POINT('',(14.5,113.,168.));
#4757 = LINE('',#4758,#4759);
#4758 = CARTESIAN_POINT('',(14.5,143.,168.));
#4759 = VECTOR('',#4760,1.);
#4760 = DIRECTION('',(0.,-1.,0.));
#4761 = ORIENTED_EDGE('',*,*,#4762,.F.);
#4762 = EDGE_CURVE('',#4688,#4755,#4763,.T.);
#4763 = LINE('',#4764,#4765);
#4764 = CARTESIAN_POINT('',(64.5,113.,168.));
#4765 = VECTOR('',#4766,1.);
#4766 = DIRECTION('',(-1.,0.,0.));
#4767 = FACE_BOUND('',#4768,.T.);
#4768 = EDGE_LOOP('',(#4769));
#4769 = ORIENTED_EDGE('',*,*,#4770,.F.);
#4770 = EDGE_CURVE('',#4771,#4771,#4773,.T.);
#4771 = VERTEX_POINT('',#4772);
#4772 = CARTESIAN_POINT('',(57.8,138.,168.));
#4773 = CIRCLE('',#4774,1.7);
#4774 = AXIS2_PLACEMENT_3D('',#4775,#4776,#4777);
#4775 = CARTESIAN_POINT('',(59.5,138.,168.));
#4776 = DIRECTION('',(0.,0.,1.));
#4777 = DIRECTION('',(-1.,0.,0.));
#4778 = FACE_BOUND('',#4779,.T.);
#4779 = EDGE_LOOP('',(#4780));
#4780 = ORIENTED_EDGE('',*,*,#4781,.F.);
#4781 = EDGE_CURVE('',#4782,#4782,#4784,.T.);
#4782 = VERTEX_POINT('',#4783);
#4783 = CARTESIAN_POINT('',(17.8,138.,168.));
#4784 = CIRCLE('',#4785,1.7);
#4785 = AXIS2_PLACEMENT_3D('',#4786,#4787,#4788);
#4786 = CARTESIAN_POINT('',(19.5,138.,168.));
#4787 = DIRECTION('',(0.,0.,1.));
#4788 = DIRECTION('',(-1.,0.,0.));
#4789 = FACE_BOUND('',#4790,.T.);
#4790 = EDGE_LOOP('',(#4791,#4802));
#4791 = ORIENTED_EDGE('',*,*,#4792,.F.);
#4792 = EDGE_CURVE('',#4793,#4795,#4797,.T.);
#4793 = VERTEX_POINT('',#4794);
#4794 = CARTESIAN_POINT('',(33.,113.,168.));
#4795 = VERTEX_POINT('',#4796);
#4796 = CARTESIAN_POINT('',(46.,113.,168.));
#4797 = CIRCLE('',#4798,6.5);
#4798 = AXIS2_PLACEMENT_3D('',#4799,#4800,#4801);
#4799 = CARTESIAN_POINT('',(39.5,113.,168.));
#4800 = DIRECTION('',(0.,0.,1.));
#4801 = DIRECTION('',(-1.,0.,0.));
#4802 = ORIENTED_EDGE('',*,*,#4803,.F.);
#4803 = EDGE_CURVE('',#4795,#4793,#4804,.T.);
#4804 = CIRCLE('',#4805,6.5);
#4805 = AXIS2_PLACEMENT_3D('',#4806,#4807,#4808);
#4806 = CARTESIAN_POINT('',(39.5,113.,168.));
#4807 = DIRECTION('',(0.,0.,1.));
#4808 = DIRECTION('',(-1.,0.,0.));
#4809 = PLANE('',#4810);
#4810 = AXIS2_PLACEMENT_3D('',#4811,#4812,#4813);
#4811 = CARTESIAN_POINT('',(39.5,122.26374320287,168.));
#4812 = DIRECTION('',(0.,0.,1.));
#4813 = DIRECTION('',(-1.,0.,0.));
#4814 = ADVANCED_FACE('',(#4815),#4833,.T.);
#4815 = FACE_BOUND('',#4816,.T.);
#4816 = EDGE_LOOP('',(#4817,#4818,#4826,#4832));
#4817 = ORIENTED_EDGE('',*,*,#4715,.F.);
#4818 = ORIENTED_EDGE('',*,*,#4819,.F.);
#4819 = EDGE_CURVE('',#4820,#4707,#4822,.T.);
#4820 = VERTEX_POINT('',#4821);
#4821 = CARTESIAN_POINT('',(64.5,113.,164.));
#4822 = LINE('',#4823,#4824);
#4823 = CARTESIAN_POINT('',(64.5,113.,164.));
#4824 = VECTOR('',#4825,1.);
#4825 = DIRECTION('',(-1.,0.,0.));
#4826 = ORIENTED_EDGE('',*,*,#4827,.T.);
#4827 = EDGE_CURVE('',#4820,#4731,#4828,.T.);
#4828 = LINE('',#4829,#4830);
#4829 = CARTESIAN_POINT('',(64.5,113.,164.));
#4830 = VECTOR('',#4831,1.);
#4831 = DIRECTION('',(0.,0.,1.));
#4832 = ORIENTED_EDGE('',*,*,#4730,.T.);
#4833 = PLANE('',#4834);
#4834 = AXIS2_PLACEMENT_3D('',#4835,#4836,#4837);
#4835 = CARTESIAN_POINT('',(64.5,113.,164.));
#4836 = DIRECTION('',(0.,-1.,0.));
#4837 = DIRECTION('',(0.,0.,1.));
#4838 = ADVANCED_FACE('',(#4839,#4873,#4884,#4895),#4915,.T.);
#4839 = FACE_BOUND('',#4840,.T.);
#4840 = EDGE_LOOP('',(#4841,#4842,#4850,#4858,#4866,#4872));
#4841 = ORIENTED_EDGE('',*,*,#4706,.F.);
#4842 = ORIENTED_EDGE('',*,*,#4843,.T.);
#4843 = EDGE_CURVE('',#4699,#4844,#4846,.T.);
#4844 = VERTEX_POINT('',#4845);
#4845 = CARTESIAN_POINT('',(14.5,113.,164.));
#4846 = LINE('',#4847,#4848);
#4847 = CARTESIAN_POINT('',(64.5,113.,164.));
#4848 = VECTOR('',#4849,1.);
#4849 = DIRECTION('',(-1.,0.,0.));
#4850 = ORIENTED_EDGE('',*,*,#4851,.F.);
#4851 = EDGE_CURVE('',#4852,#4844,#4854,.T.);
#4852 = VERTEX_POINT('',#4853);
#4853 = CARTESIAN_POINT('',(14.5,143.,164.));
#4854 = LINE('',#4855,#4856);
#4855 = CARTESIAN_POINT('',(14.5,143.,164.));
#4856 = VECTOR('',#4857,1.);
#4857 = DIRECTION('',(0.,-1.,0.));
#4858 = ORIENTED_EDGE('',*,*,#4859,.F.);
#4859 = EDGE_CURVE('',#4860,#4852,#4862,.T.);
#4860 = VERTEX_POINT('',#4861);
#4861 = CARTESIAN_POINT('',(64.5,143.,164.));
#4862 = LINE('',#4863,#4864);
#4863 = CARTESIAN_POINT('',(64.5,143.,164.));
#4864 = VECTOR('',#4865,1.);
#4865 = DIRECTION('',(-1.,0.,0.));
#4866 = ORIENTED_EDGE('',*,*,#4867,.T.);
#4867 = EDGE_CURVE('',#4860,#4820,#4868,.T.);
#4868 = LINE('',#4869,#4870);
#4869 = CARTESIAN_POINT('',(64.5,143.,164.));
#4870 = VECTOR('',#4871,1.);
#4871 = DIRECTION('',(0.,-1.,0.));
#4872 = ORIENTED_EDGE('',*,*,#4819,.T.);
#4873 = FACE_BOUND('',#4874,.T.);
#4874 = EDGE_LOOP('',(#4875));
#4875 = ORIENTED_EDGE('',*,*,#4876,.T.);
#4876 = EDGE_CURVE('',#4877,#4877,#4879,.T.);
#4877 = VERTEX_POINT('',#4878);
#4878 = CARTESIAN_POINT('',(17.8,138.,164.));
#4879 = CIRCLE('',#4880,1.7);
#4880 = AXIS2_PLACEMENT_3D('',#4881,#4882,#4883);
#4881 = CARTESIAN_POINT('',(19.5,138.,164.));
#4882 = DIRECTION('',(0.,0.,1.));
#4883 = DIRECTION('',(-1.,0.,0.));
#4884 = FACE_BOUND('',#4885,.T.);
#4885 = EDGE_LOOP('',(#4886));
#4886 = ORIENTED_EDGE('',*,*,#4887,.T.);
#4887 = EDGE_CURVE('',#4888,#4888,#4890,.T.);
#4888 = VERTEX_POINT('',#4889);
#4889 = CARTESIAN_POINT('',(57.8,138.,164.));
#4890 = CIRCLE('',#4891,1.7);
#4891 = AXIS2_PLACEMENT_3D('',#4892,#4893,#4894);
#4892 = CARTESIAN_POINT('',(59.5,138.,164.));
#4893 = DIRECTION('',(0.,0.,1.));
#4894 = DIRECTION('',(-1.,0.,0.));
#4895 = FACE_BOUND('',#4896,.T.);
#4896 = EDGE_LOOP('',(#4897,#4908));
#4897 = ORIENTED_EDGE('',*,*,#4898,.T.);
#4898 = EDGE_CURVE('',#4899,#4901,#4903,.T.);
#4899 = VERTEX_POINT('',#4900);
#4900 = CARTESIAN_POINT('',(27.5,113.,164.));
#4901 = VERTEX_POINT('',#4902);
#4902 = CARTESIAN_POINT('',(51.5,113.,164.));
#4903 = CIRCLE('',#4904,12.);
#4904 = AXIS2_PLACEMENT_3D('',#4905,#4906,#4907);
#4905 = CARTESIAN_POINT('',(39.5,113.,164.));
#4906 = DIRECTION('',(0.,0.,1.));
#4907 = DIRECTION('',(-1.,0.,0.));
#4908 = ORIENTED_EDGE('',*,*,#4909,.T.);
#4909 = EDGE_CURVE('',#4901,#4899,#4910,.T.);
#4910 = CIRCLE('',#4911,12.);
#4911 = AXIS2_PLACEMENT_3D('',#4912,#4913,#4914);
#4912 = CARTESIAN_POINT('',(39.5,113.,164.));
#4913 = DIRECTION('',(0.,0.,1.));
#4914 = DIRECTION('',(-1.,0.,0.));
#4915 = PLANE('',#4916);
#4916 = AXIS2_PLACEMENT_3D('',#4917,#4918,#4919);
#4917 = CARTESIAN_POINT('',(39.5,122.26374320287,164.));
#4918 = DIRECTION('',(0.,0.,-1.));
#4919 = DIRECTION('',(1.,0.,0.));
#4920 = ADVANCED_FACE('',(#4921),#4932,.T.);
#4921 = FACE_BOUND('',#4922,.T.);
#4922 = EDGE_LOOP('',(#4923,#4924,#4925,#4926));
#4923 = ORIENTED_EDGE('',*,*,#4843,.F.);
#4924 = ORIENTED_EDGE('',*,*,#4698,.T.);
#4925 = ORIENTED_EDGE('',*,*,#4762,.T.);
#4926 = ORIENTED_EDGE('',*,*,#4927,.F.);
#4927 = EDGE_CURVE('',#4844,#4755,#4928,.T.);
#4928 = LINE('',#4929,#4930);
#4929 = CARTESIAN_POINT('',(14.5,113.,164.));
#4930 = VECTOR('',#4931,1.);
#4931 = DIRECTION('',(0.,0.,1.));
#4932 = PLANE('',#4933);
#4933 = AXIS2_PLACEMENT_3D('',#4934,#4935,#4936);
#4934 = CARTESIAN_POINT('',(64.5,113.,164.));
#4935 = DIRECTION('',(0.,-1.,0.));
#4936 = DIRECTION('',(0.,0.,1.));
#4937 = ADVANCED_FACE('',(#4938),#4949,.T.);
#4938 = FACE_BOUND('',#4939,.T.);
#4939 = EDGE_LOOP('',(#4940,#4946,#4947,#4948));
#4940 = ORIENTED_EDGE('',*,*,#4941,.F.);
#4941 = EDGE_CURVE('',#4852,#4747,#4942,.T.);
#4942 = LINE('',#4943,#4944);
#4943 = CARTESIAN_POINT('',(14.5,143.,164.));
#4944 = VECTOR('',#4945,1.);
#4945 = DIRECTION('',(0.,0.,1.));
#4946 = ORIENTED_EDGE('',*,*,#4851,.T.);
#4947 = ORIENTED_EDGE('',*,*,#4927,.T.);
#4948 = ORIENTED_EDGE('',*,*,#4754,.F.);
#4949 = PLANE('',#4950);
#4950 = AXIS2_PLACEMENT_3D('',#4951,#4952,#4953);
#4951 = CARTESIAN_POINT('',(14.5,143.,164.));
#4952 = DIRECTION('',(-1.,0.,0.));
#4953 = DIRECTION('',(0.,0.,1.));
#4954 = ADVANCED_FACE('',(#4955),#4966,.F.);
#4955 = FACE_BOUND('',#4956,.F.);
#4956 = EDGE_LOOP('',(#4957,#4963,#4964,#4965));
#4957 = ORIENTED_EDGE('',*,*,#4958,.F.);
#4958 = EDGE_CURVE('',#4860,#4739,#4959,.T.);
#4959 = LINE('',#4960,#4961);
#4960 = CARTESIAN_POINT('',(64.5,143.,164.));
#4961 = VECTOR('',#4962,1.);
#4962 = DIRECTION('',(0.,0.,1.));
#4963 = ORIENTED_EDGE('',*,*,#4867,.T.);
#4964 = ORIENTED_EDGE('',*,*,#4827,.T.);
#4965 = ORIENTED_EDGE('',*,*,#4738,.F.);
#4966 = PLANE('',#4967);
#4967 = AXIS2_PLACEMENT_3D('',#4968,#4969,#4970);
#4968 = CARTESIAN_POINT('',(64.5,143.,164.));
#4969 = DIRECTION('',(-1.,0.,0.));
#4970 = DIRECTION('',(0.,0.,1.));
#4971 = ADVANCED_FACE('',(#4972),#4978,.F.);
#4972 = FACE_BOUND('',#4973,.F.);
#4973 = EDGE_LOOP('',(#4974,#4975,#4976,#4977));
#4974 = ORIENTED_EDGE('',*,*,#4859,.F.);
#4975 = ORIENTED_EDGE('',*,*,#4958,.T.);
#4976 = ORIENTED_EDGE('',*,*,#4746,.T.);
#4977 = ORIENTED_EDGE('',*,*,#4941,.F.);
#4978 = PLANE('',#4979);
#4979 = AXIS2_PLACEMENT_3D('',#4980,#4981,#4982);
#4980 = CARTESIAN_POINT('',(64.5,143.,164.));
#4981 = DIRECTION('',(0.,-1.,0.));
#4982 = DIRECTION('',(0.,0.,1.));
#4983 = ADVANCED_FACE('',(#4984),#4995,.F.);
#4984 = FACE_BOUND('',#4985,.F.);
#4985 = EDGE_LOOP('',(#4986,#4987,#4993,#4994));
#4986 = ORIENTED_EDGE('',*,*,#4770,.F.);
#4987 = ORIENTED_EDGE('',*,*,#4988,.F.);
#4988 = EDGE_CURVE('',#4888,#4771,#4989,.T.);
#4989 = LINE('',#4990,#4991);
#4990 = CARTESIAN_POINT('',(57.8,138.,163.));
#4991 = VECTOR('',#4992,1.);
#4992 = DIRECTION('',(0.,0.,1.));
#4993 = ORIENTED_EDGE('',*,*,#4887,.T.);
#4994 = ORIENTED_EDGE('',*,*,#4988,.T.);
#4995 = CYLINDRICAL_SURFACE('',#4996,1.7);
#4996 = AXIS2_PLACEMENT_3D('',#4997,#4998,#4999);
#4997 = CARTESIAN_POINT('',(59.5,138.,163.));
#4998 = DIRECTION('',(0.,0.,1.));
#4999 = DIRECTION('',(-1.,0.,0.));
#5000 = ADVANCED_FACE('',(#5001),#5012,.F.);
#5001 = FACE_BOUND('',#5002,.F.);
#5002 = EDGE_LOOP('',(#5003,#5004,#5010,#5011));
#5003 = ORIENTED_EDGE('',*,*,#4781,.F.);
#5004 = ORIENTED_EDGE('',*,*,#5005,.F.);
#5005 = EDGE_CURVE('',#4877,#4782,#5006,.T.);
#5006 = LINE('',#5007,#5008);
#5007 = CARTESIAN_POINT('',(17.8,138.,163.));
#5008 = VECTOR('',#5009,1.);
#5009 = DIRECTION('',(0.,0.,1.));
#5010 = ORIENTED_EDGE('',*,*,#4876,.T.);
#5011 = ORIENTED_EDGE('',*,*,#5005,.T.);
#5012 = CYLINDRICAL_SURFACE('',#5013,1.7);
#5013 = AXIS2_PLACEMENT_3D('',#5014,#5015,#5016);
#5014 = CARTESIAN_POINT('',(19.5,138.,163.));
#5015 = DIRECTION('',(0.,0.,1.));
#5016 = DIRECTION('',(-1.,0.,0.));
#5017 = ADVANCED_FACE('',(#5018),#5059,.F.);
#5018 = FACE_BOUND('',#5019,.F.);
#5019 = EDGE_LOOP('',(#5020,#5031,#5037,#5038,#5044,#5051,#5058));
#5020 = ORIENTED_EDGE('',*,*,#5021,.F.);
#5021 = EDGE_CURVE('',#5022,#5024,#5026,.T.);
#5022 = VERTEX_POINT('',#5023);
#5023 = CARTESIAN_POINT('',(46.,113.,164.));
#5024 = VERTEX_POINT('',#5025);
#5025 = CARTESIAN_POINT('',(33.,113.,164.));
#5026 = CIRCLE('',#5027,6.5);
#5027 = AXIS2_PLACEMENT_3D('',#5028,#5029,#5030);
#5028 = CARTESIAN_POINT('',(39.5,113.,164.));
#5029 = DIRECTION('',(0.,0.,1.));
#5030 = DIRECTION('',(-1.,0.,0.));
#5031 = ORIENTED_EDGE('',*,*,#5032,.T.);
#5032 = EDGE_CURVE('',#5022,#4795,#5033,.T.);
#5033 = LINE('',#5034,#5035);
#5034 = CARTESIAN_POINT('',(46.,113.,163.9));
#5035 = VECTOR('',#5036,1.);
#5036 = DIRECTION('',(0.,0.,1.));
#5037 = ORIENTED_EDGE('',*,*,#4792,.F.);
#5038 = ORIENTED_EDGE('',*,*,#5039,.F.);
#5039 = EDGE_CURVE('',#5024,#4793,#5040,.T.);
#5040 = LINE('',#5041,#5042);
#5041 = CARTESIAN_POINT('',(33.,113.,163.9));
#5042 = VECTOR('',#5043,1.);
#5043 = DIRECTION('',(0.,0.,1.));
#5044 = ORIENTED_EDGE('',*,*,#5045,.F.);
#5045 = EDGE_CURVE('',#5046,#5024,#5048,.T.);
#5046 = VERTEX_POINT('',#5047);
#5047 = CARTESIAN_POINT('',(33.,113.,149.));
#5048 = B_SPLINE_CURVE_WITH_KNOTS('',1,(#5049,#5050),.UNSPECIFIED.,.F.,
  .F.,(2,2),(9.999999999999E-02,15.1),.PIECEWISE_BEZIER_KNOTS.);
#5049 = CARTESIAN_POINT('',(33.,113.,149.));
#5050 = CARTESIAN_POINT('',(33.,113.,164.));
#5051 = ORIENTED_EDGE('',*,*,#5052,.T.);
#5052 = EDGE_CURVE('',#5046,#5046,#5053,.T.);
#5053 = CIRCLE('',#5054,6.5);
#5054 = AXIS2_PLACEMENT_3D('',#5055,#5056,#5057);
#5055 = CARTESIAN_POINT('',(39.5,113.,149.));
#5056 = DIRECTION('',(0.,0.,1.));
#5057 = DIRECTION('',(-1.,0.,0.));
#5058 = ORIENTED_EDGE('',*,*,#5045,.T.);
#5059 = CYLINDRICAL_SURFACE('',#5060,6.5);
#5060 = AXIS2_PLACEMENT_3D('',#5061,#5062,#5063);
#5061 = CARTESIAN_POINT('',(39.5,113.,148.9));
#5062 = DIRECTION('',(0.,0.,1.));
#5063 = DIRECTION('',(-1.,0.,0.));
#5064 = ADVANCED_FACE('',(#5065),#5071,.F.);
#5065 = FACE_BOUND('',#5066,.F.);
#5066 = EDGE_LOOP('',(#5067,#5068,#5069,#5070));
#5067 = ORIENTED_EDGE('',*,*,#5039,.T.);
#5068 = ORIENTED_EDGE('',*,*,#4803,.F.);
#5069 = ORIENTED_EDGE('',*,*,#5032,.F.);
#5070 = ORIENTED_EDGE('',*,*,#5021,.T.);
#5071 = CYLINDRICAL_SURFACE('',#5072,6.5);
#5072 = AXIS2_PLACEMENT_3D('',#5073,#5074,#5075);
#5073 = CARTESIAN_POINT('',(39.5,113.,146.));
#5074 = DIRECTION('',(0.,0.,1.));
#5075 = DIRECTION('',(-1.,0.,0.));
#5076 = ADVANCED_FACE('',(#5077),#5097,.T.);
#5077 = FACE_BOUND('',#5078,.T.);
#5078 = EDGE_LOOP('',(#5079,#5087,#5088,#5089,#5090));
#5079 = ORIENTED_EDGE('',*,*,#5080,.T.);
#5080 = EDGE_CURVE('',#5081,#4899,#5083,.T.);
#5081 = VERTEX_POINT('',#5082);
#5082 = CARTESIAN_POINT('',(27.5,113.,154.));
#5083 = LINE('',#5084,#5085);
#5084 = CARTESIAN_POINT('',(27.5,113.,154.));
#5085 = VECTOR('',#5086,1.);
#5086 = DIRECTION('',(0.,0.,1.));
#5087 = ORIENTED_EDGE('',*,*,#4909,.F.);
#5088 = ORIENTED_EDGE('',*,*,#4898,.F.);
#5089 = ORIENTED_EDGE('',*,*,#5080,.F.);
#5090 = ORIENTED_EDGE('',*,*,#5091,.T.);
#5091 = EDGE_CURVE('',#5081,#5081,#5092,.T.);
#5092 = CIRCLE('',#5093,12.);
#5093 = AXIS2_PLACEMENT_3D('',#5094,#5095,#5096);
#5094 = CARTESIAN_POINT('',(39.5,113.,154.));
#5095 = DIRECTION('',(0.,0.,1.));
#5096 = DIRECTION('',(-1.,0.,0.));
#5097 = CYLINDRICAL_SURFACE('',#5098,12.);
#5098 = AXIS2_PLACEMENT_3D('',#5099,#5100,#5101);
#5099 = CARTESIAN_POINT('',(39.5,113.,154.));
#5100 = DIRECTION('',(0.,0.,1.));
#5101 = DIRECTION('',(-1.,0.,0.));
#5102 = ADVANCED_FACE('',(#5103,#5114),#5117,.F.);
#5103 = FACE_BOUND('',#5104,.F.);
#5104 = EDGE_LOOP('',(#5105));
#5105 = ORIENTED_EDGE('',*,*,#5106,.T.);
#5106 = EDGE_CURVE('',#5107,#5107,#5109,.T.);
#5107 = VERTEX_POINT('',#5108);
#5108 = CARTESIAN_POINT('',(26.5,113.,149.));
#5109 = CIRCLE('',#5110,13.);
#5110 = AXIS2_PLACEMENT_3D('',#5111,#5112,#5113);
#5111 = CARTESIAN_POINT('',(39.5,113.,149.));
#5112 = DIRECTION('',(0.,0.,1.));
#5113 = DIRECTION('',(-1.,0.,0.));
#5114 = FACE_BOUND('',#5115,.F.);
#5115 = EDGE_LOOP('',(#5116));
#5116 = ORIENTED_EDGE('',*,*,#5052,.F.);
#5117 = PLANE('',#5118);
#5118 = AXIS2_PLACEMENT_3D('',#5119,#5120,#5121);
#5119 = CARTESIAN_POINT('',(39.5,113.,149.));
#5120 = DIRECTION('',(0.,0.,1.));
#5121 = DIRECTION('',(-1.,0.,0.));
#5122 = ADVANCED_FACE('',(#5123,#5134),#5137,.T.);
#5123 = FACE_BOUND('',#5124,.T.);
#5124 = EDGE_LOOP('',(#5125));
#5125 = ORIENTED_EDGE('',*,*,#5126,.T.);
#5126 = EDGE_CURVE('',#5127,#5127,#5129,.T.);
#5127 = VERTEX_POINT('',#5128);
#5128 = CARTESIAN_POINT('',(25.5,113.,154.));
#5129 = CIRCLE('',#5130,14.);
#5130 = AXIS2_PLACEMENT_3D('',#5131,#5132,#5133);
#5131 = CARTESIAN_POINT('',(39.5,113.,154.));
#5132 = DIRECTION('',(0.,0.,1.));
#5133 = DIRECTION('',(-1.,0.,0.));
#5134 = FACE_BOUND('',#5135,.T.);
#5135 = EDGE_LOOP('',(#5136));
#5136 = ORIENTED_EDGE('',*,*,#5091,.F.);
#5137 = PLANE('',#5138);
#5138 = AXIS2_PLACEMENT_3D('',#5139,#5140,#5141);
#5139 = CARTESIAN_POINT('',(39.5,113.,154.));
#5140 = DIRECTION('',(0.,0.,1.));
#5141 = DIRECTION('',(-1.,0.,0.));
#5142 = ADVANCED_FACE('',(#5143),#5162,.F.);
#5143 = FACE_BOUND('',#5144,.F.);
#5144 = EDGE_LOOP('',(#5145,#5146,#5154,#5161));
#5145 = ORIENTED_EDGE('',*,*,#5106,.F.);
#5146 = ORIENTED_EDGE('',*,*,#5147,.F.);
#5147 = EDGE_CURVE('',#5148,#5107,#5150,.T.);
#5148 = VERTEX_POINT('',#5149);
#5149 = CARTESIAN_POINT('',(26.5,113.,147.));
#5150 = LINE('',#5151,#5152);
#5151 = CARTESIAN_POINT('',(26.5,113.,146.9));
#5152 = VECTOR('',#5153,1.);
#5153 = DIRECTION('',(0.,0.,1.));
#5154 = ORIENTED_EDGE('',*,*,#5155,.T.);
#5155 = EDGE_CURVE('',#5148,#5148,#5156,.T.);
#5156 = CIRCLE('',#5157,13.);
#5157 = AXIS2_PLACEMENT_3D('',#5158,#5159,#5160);
#5158 = CARTESIAN_POINT('',(39.5,113.,147.));
#5159 = DIRECTION('',(0.,0.,1.));
#5160 = DIRECTION('',(-1.,0.,0.));
#5161 = ORIENTED_EDGE('',*,*,#5147,.T.);
#5162 = CYLINDRICAL_SURFACE('',#5163,13.);
#5163 = AXIS2_PLACEMENT_3D('',#5164,#5165,#5166);
#5164 = CARTESIAN_POINT('',(39.5,113.,146.9));
#5165 = DIRECTION('',(0.,0.,1.));
#5166 = DIRECTION('',(-1.,0.,0.));
#5167 = ADVANCED_FACE('',(#5168),#5187,.T.);
#5168 = FACE_BOUND('',#5169,.T.);
#5169 = EDGE_LOOP('',(#5170,#5178,#5179,#5180));
#5170 = ORIENTED_EDGE('',*,*,#5171,.T.);
#5171 = EDGE_CURVE('',#5172,#5127,#5174,.T.);
#5172 = VERTEX_POINT('',#5173);
#5173 = CARTESIAN_POINT('',(25.5,113.,150.));
#5174 = LINE('',#5175,#5176);
#5175 = CARTESIAN_POINT('',(25.5,113.,149.));
#5176 = VECTOR('',#5177,1.);
#5177 = DIRECTION('',(0.,0.,1.));
#5178 = ORIENTED_EDGE('',*,*,#5126,.F.);
#5179 = ORIENTED_EDGE('',*,*,#5171,.F.);
#5180 = ORIENTED_EDGE('',*,*,#5181,.T.);
#5181 = EDGE_CURVE('',#5172,#5172,#5182,.T.);
#5182 = CIRCLE('',#5183,14.);
#5183 = AXIS2_PLACEMENT_3D('',#5184,#5185,#5186);
#5184 = CARTESIAN_POINT('',(39.5,113.,150.));
#5185 = DIRECTION('',(0.,0.,1.));
#5186 = DIRECTION('',(-1.,0.,0.));
#5187 = CYLINDRICAL_SURFACE('',#5188,14.);
#5188 = AXIS2_PLACEMENT_3D('',#5189,#5190,#5191);
#5189 = CARTESIAN_POINT('',(39.5,113.,149.));
#5190 = DIRECTION('',(0.,0.,1.));
#5191 = DIRECTION('',(-1.,0.,0.));
#5192 = ADVANCED_FACE('',(#5193,#5204,#5215,#5226,#5237,#5240),#5251,.F.
  );
#5193 = FACE_BOUND('',#5194,.F.);
#5194 = EDGE_LOOP('',(#5195));
#5195 = ORIENTED_EDGE('',*,*,#5196,.T.);
#5196 = EDGE_CURVE('',#5197,#5197,#5199,.T.);
#5197 = VERTEX_POINT('',#5198);
#5198 = CARTESIAN_POINT('',(19.,113.,147.));
#5199 = CIRCLE('',#5200,20.5);
#5200 = AXIS2_PLACEMENT_3D('',#5201,#5202,#5203);
#5201 = CARTESIAN_POINT('',(39.5,113.,147.));
#5202 = DIRECTION('',(0.,0.,1.));
#5203 = DIRECTION('',(-1.,0.,0.));
#5204 = FACE_BOUND('',#5205,.F.);
#5205 = EDGE_LOOP('',(#5206));
#5206 = ORIENTED_EDGE('',*,*,#5207,.F.);
#5207 = EDGE_CURVE('',#5208,#5208,#5210,.T.);
#5208 = VERTEX_POINT('',#5209);
#5209 = CARTESIAN_POINT('',(51.340054095714,125.94005409571,147.));
#5210 = CIRCLE('',#5211,1.1);
#5211 = AXIS2_PLACEMENT_3D('',#5212,#5213,#5214);
#5212 = CARTESIAN_POINT('',(52.440054095714,125.94005409571,147.));
#5213 = DIRECTION('',(0.,0.,1.));
#5214 = DIRECTION('',(-1.,0.,0.));
#5215 = FACE_BOUND('',#5216,.F.);
#5216 = EDGE_LOOP('',(#5217));
#5217 = ORIENTED_EDGE('',*,*,#5218,.F.);
#5218 = EDGE_CURVE('',#5219,#5219,#5221,.T.);
#5219 = VERTEX_POINT('',#5220);
#5220 = CARTESIAN_POINT('',(25.459945904286,125.94005409571,147.));
#5221 = CIRCLE('',#5222,1.1);
#5222 = AXIS2_PLACEMENT_3D('',#5223,#5224,#5225);
#5223 = CARTESIAN_POINT('',(26.559945904286,125.94005409571,147.));
#5224 = DIRECTION('',(0.,0.,1.));
#5225 = DIRECTION('',(-1.,0.,0.));
#5226 = FACE_BOUND('',#5227,.F.);
#5227 = EDGE_LOOP('',(#5228));
#5228 = ORIENTED_EDGE('',*,*,#5229,.F.);
#5229 = EDGE_CURVE('',#5230,#5230,#5232,.T.);
#5230 = VERTEX_POINT('',#5231);
#5231 = CARTESIAN_POINT('',(51.340054095714,100.05994590428,147.));
#5232 = CIRCLE('',#5233,1.1);
#5233 = AXIS2_PLACEMENT_3D('',#5234,#5235,#5236);
#5234 = CARTESIAN_POINT('',(52.440054095714,100.05994590428,147.));
#5235 = DIRECTION('',(0.,0.,1.));
#5236 = DIRECTION('',(-1.,0.,0.));
#5237 = FACE_BOUND('',#5238,.F.);
#5238 = EDGE_LOOP('',(#5239));
#5239 = ORIENTED_EDGE('',*,*,#5155,.F.);
#5240 = FACE_BOUND('',#5241,.F.);
#5241 = EDGE_LOOP('',(#5242));
#5242 = ORIENTED_EDGE('',*,*,#5243,.F.);
#5243 = EDGE_CURVE('',#5244,#5244,#5246,.T.);
#5244 = VERTEX_POINT('',#5245);
#5245 = CARTESIAN_POINT('',(25.459945904286,100.05994590428,147.));
#5246 = CIRCLE('',#5247,1.1);
#5247 = AXIS2_PLACEMENT_3D('',#5248,#5249,#5250);
#5248 = CARTESIAN_POINT('',(26.559945904286,100.05994590428,147.));
#5249 = DIRECTION('',(0.,0.,1.));
#5250 = DIRECTION('',(-1.,0.,0.));
#5251 = PLANE('',#5252);
#5252 = AXIS2_PLACEMENT_3D('',#5253,#5254,#5255);
#5253 = CARTESIAN_POINT('',(39.5,113.,147.));
#5254 = DIRECTION('',(0.,0.,1.));
#5255 = DIRECTION('',(-1.,0.,0.));
#5256 = ADVANCED_FACE('',(#5257,#5292,#5303,#5314,#5325,#5328),#5339,.T.
  );
#5257 = FACE_BOUND('',#5258,.T.);
#5258 = EDGE_LOOP('',(#5259,#5269,#5278,#5286));
#5259 = ORIENTED_EDGE('',*,*,#5260,.F.);
#5260 = EDGE_CURVE('',#5261,#5263,#5265,.T.);
#5261 = VERTEX_POINT('',#5262);
#5262 = CARTESIAN_POINT('',(19.097794236897,111.,150.));
#5263 = VERTEX_POINT('',#5264);
#5264 = CARTESIAN_POINT('',(21.5,111.,150.));
#5265 = LINE('',#5266,#5267);
#5266 = CARTESIAN_POINT('',(30.5,111.,150.));
#5267 = VECTOR('',#5268,1.);
#5268 = DIRECTION('',(1.,0.,0.));
#5269 = ORIENTED_EDGE('',*,*,#5270,.T.);
#5270 = EDGE_CURVE('',#5261,#5271,#5273,.T.);
#5271 = VERTEX_POINT('',#5272);
#5272 = CARTESIAN_POINT('',(19.097794236897,115.,150.));
#5273 = CIRCLE('',#5274,20.5);
#5274 = AXIS2_PLACEMENT_3D('',#5275,#5276,#5277);
#5275 = CARTESIAN_POINT('',(39.5,113.,150.));
#5276 = DIRECTION('',(0.,0.,1.));
#5277 = DIRECTION('',(-1.,0.,0.));
#5278 = ORIENTED_EDGE('',*,*,#5279,.T.);
#5279 = EDGE_CURVE('',#5271,#5280,#5282,.T.);
#5280 = VERTEX_POINT('',#5281);
#5281 = CARTESIAN_POINT('',(21.5,115.,150.));
#5282 = LINE('',#5283,#5284);
#5283 = CARTESIAN_POINT('',(30.5,115.,150.));
#5284 = VECTOR('',#5285,1.);
#5285 = DIRECTION('',(1.,0.,0.));
#5286 = ORIENTED_EDGE('',*,*,#5287,.T.);
#5287 = EDGE_CURVE('',#5280,#5263,#5288,.T.);
#5288 = LINE('',#5289,#5290);
#5289 = CARTESIAN_POINT('',(21.5,114.,150.));
#5290 = VECTOR('',#5291,1.);
#5291 = DIRECTION('',(0.,-1.,0.));
#5292 = FACE_BOUND('',#5293,.T.);
#5293 = EDGE_LOOP('',(#5294));
#5294 = ORIENTED_EDGE('',*,*,#5295,.F.);
#5295 = EDGE_CURVE('',#5296,#5296,#5298,.T.);
#5296 = VERTEX_POINT('',#5297);
#5297 = CARTESIAN_POINT('',(51.340054095714,125.94005409571,150.));
#5298 = CIRCLE('',#5299,1.1);
#5299 = AXIS2_PLACEMENT_3D('',#5300,#5301,#5302);
#5300 = CARTESIAN_POINT('',(52.440054095714,125.94005409571,150.));
#5301 = DIRECTION('',(0.,0.,1.));
#5302 = DIRECTION('',(-1.,0.,0.));
#5303 = FACE_BOUND('',#5304,.T.);
#5304 = EDGE_LOOP('',(#5305));
#5305 = ORIENTED_EDGE('',*,*,#5306,.F.);
#5306 = EDGE_CURVE('',#5307,#5307,#5309,.T.);
#5307 = VERTEX_POINT('',#5308);
#5308 = CARTESIAN_POINT('',(25.459945904286,125.94005409571,150.));
#5309 = CIRCLE('',#5310,1.1);
#5310 = AXIS2_PLACEMENT_3D('',#5311,#5312,#5313);
#5311 = CARTESIAN_POINT('',(26.559945904286,125.94005409571,150.));
#5312 = DIRECTION('',(0.,0.,1.));
#5313 = DIRECTION('',(-1.,0.,0.));
#5314 = FACE_BOUND('',#5315,.T.);
#5315 = EDGE_LOOP('',(#5316));
#5316 = ORIENTED_EDGE('',*,*,#5317,.F.);
#5317 = EDGE_CURVE('',#5318,#5318,#5320,.T.);
#5318 = VERTEX_POINT('',#5319);
#5319 = CARTESIAN_POINT('',(51.340054095714,100.05994590428,150.));
#5320 = CIRCLE('',#5321,1.1);
#5321 = AXIS2_PLACEMENT_3D('',#5322,#5323,#5324);
#5322 = CARTESIAN_POINT('',(52.440054095714,100.05994590428,150.));
#5323 = DIRECTION('',(0.,0.,1.));
#5324 = DIRECTION('',(-1.,0.,0.));
#5325 = FACE_BOUND('',#5326,.T.);
#5326 = EDGE_LOOP('',(#5327));
#5327 = ORIENTED_EDGE('',*,*,#5181,.F.);
#5328 = FACE_BOUND('',#5329,.T.);
#5329 = EDGE_LOOP('',(#5330));
#5330 = ORIENTED_EDGE('',*,*,#5331,.F.);
#5331 = EDGE_CURVE('',#5332,#5332,#5334,.T.);
#5332 = VERTEX_POINT('',#5333);
#5333 = CARTESIAN_POINT('',(25.459945904286,100.05994590428,150.));
#5334 = CIRCLE('',#5335,1.1);
#5335 = AXIS2_PLACEMENT_3D('',#5336,#5337,#5338);
#5336 = CARTESIAN_POINT('',(26.559945904286,100.05994590428,150.));
#5337 = DIRECTION('',(0.,0.,1.));
#5338 = DIRECTION('',(-1.,0.,0.));
#5339 = PLANE('',#5340);
#5340 = AXIS2_PLACEMENT_3D('',#5341,#5342,#5343);
#5341 = CARTESIAN_POINT('',(39.5,113.,150.));
#5342 = DIRECTION('',(0.,0.,1.));
#5343 = DIRECTION('',(-1.,0.,0.));
#5344 = ADVANCED_FACE('',(#5345),#5388,.T.);
#5345 = FACE_BOUND('',#5346,.T.);
#5346 = EDGE_LOOP('',(#5347,#5348,#5356,#5365,#5371,#5372,#5373,#5382));
#5347 = ORIENTED_EDGE('',*,*,#5270,.F.);
#5348 = ORIENTED_EDGE('',*,*,#5349,.F.);
#5349 = EDGE_CURVE('',#5350,#5261,#5352,.T.);
#5350 = VERTEX_POINT('',#5351);
#5351 = CARTESIAN_POINT('',(19.097794236897,111.,149.));
#5352 = LINE('',#5353,#5354);
#5353 = CARTESIAN_POINT('',(19.097794236897,111.,147.));
#5354 = VECTOR('',#5355,1.);
#5355 = DIRECTION('',(0.,0.,1.));
#5356 = ORIENTED_EDGE('',*,*,#5357,.F.);
#5357 = EDGE_CURVE('',#5358,#5350,#5360,.T.);
#5358 = VERTEX_POINT('',#5359);
#5359 = CARTESIAN_POINT('',(19.,113.,149.));
#5360 = CIRCLE('',#5361,20.5);
#5361 = AXIS2_PLACEMENT_3D('',#5362,#5363,#5364);
#5362 = CARTESIAN_POINT('',(39.5,113.,149.));
#5363 = DIRECTION('',(0.,0.,1.));
#5364 = DIRECTION('',(-1.,0.,0.));
#5365 = ORIENTED_EDGE('',*,*,#5366,.F.);
#5366 = EDGE_CURVE('',#5197,#5358,#5367,.T.);
#5367 = LINE('',#5368,#5369);
#5368 = CARTESIAN_POINT('',(19.,113.,147.));
#5369 = VECTOR('',#5370,1.);
#5370 = DIRECTION('',(0.,0.,1.));
#5371 = ORIENTED_EDGE('',*,*,#5196,.T.);
#5372 = ORIENTED_EDGE('',*,*,#5366,.T.);
#5373 = ORIENTED_EDGE('',*,*,#5374,.F.);
#5374 = EDGE_CURVE('',#5375,#5358,#5377,.T.);
#5375 = VERTEX_POINT('',#5376);
#5376 = CARTESIAN_POINT('',(19.097794236897,115.,149.));
#5377 = CIRCLE('',#5378,20.5);
#5378 = AXIS2_PLACEMENT_3D('',#5379,#5380,#5381);
#5379 = CARTESIAN_POINT('',(39.5,113.,149.));
#5380 = DIRECTION('',(0.,0.,1.));
#5381 = DIRECTION('',(-1.,0.,0.));
#5382 = ORIENTED_EDGE('',*,*,#5383,.T.);
#5383 = EDGE_CURVE('',#5375,#5271,#5384,.T.);
#5384 = LINE('',#5385,#5386);
#5385 = CARTESIAN_POINT('',(19.097794236897,115.,147.));
#5386 = VECTOR('',#5387,1.);
#5387 = DIRECTION('',(0.,0.,1.));
#5388 = CYLINDRICAL_SURFACE('',#5389,20.5);
#5389 = AXIS2_PLACEMENT_3D('',#5390,#5391,#5392);
#5390 = CARTESIAN_POINT('',(39.5,113.,147.));
#5391 = DIRECTION('',(0.,0.,1.));
#5392 = DIRECTION('',(-1.,0.,0.));
#5393 = ADVANCED_FACE('',(#5394),#5405,.F.);
#5394 = FACE_BOUND('',#5395,.F.);
#5395 = EDGE_LOOP('',(#5396,#5397,#5403,#5404));
#5396 = ORIENTED_EDGE('',*,*,#5295,.F.);
#5397 = ORIENTED_EDGE('',*,*,#5398,.F.);
#5398 = EDGE_CURVE('',#5208,#5296,#5399,.T.);
#5399 = LINE('',#5400,#5401);
#5400 = CARTESIAN_POINT('',(51.340054095714,125.94005409571,146.8));
#5401 = VECTOR('',#5402,1.);
#5402 = DIRECTION('',(0.,0.,1.));
#5403 = ORIENTED_EDGE('',*,*,#5207,.T.);
#5404 = ORIENTED_EDGE('',*,*,#5398,.T.);
#5405 = CYLINDRICAL_SURFACE('',#5406,1.1);
#5406 = AXIS2_PLACEMENT_3D('',#5407,#5408,#5409);
#5407 = CARTESIAN_POINT('',(52.440054095714,125.94005409571,146.8));
#5408 = DIRECTION('',(0.,0.,1.));
#5409 = DIRECTION('',(-1.,0.,0.));
#5410 = ADVANCED_FACE('',(#5411),#5422,.F.);
#5411 = FACE_BOUND('',#5412,.F.);
#5412 = EDGE_LOOP('',(#5413,#5414,#5420,#5421));
#5413 = ORIENTED_EDGE('',*,*,#5306,.F.);
#5414 = ORIENTED_EDGE('',*,*,#5415,.F.);
#5415 = EDGE_CURVE('',#5219,#5307,#5416,.T.);
#5416 = LINE('',#5417,#5418);
#5417 = CARTESIAN_POINT('',(25.459945904286,125.94005409571,146.8));
#5418 = VECTOR('',#5419,1.);
#5419 = DIRECTION('',(0.,0.,1.));
#5420 = ORIENTED_EDGE('',*,*,#5218,.T.);
#5421 = ORIENTED_EDGE('',*,*,#5415,.T.);
#5422 = CYLINDRICAL_SURFACE('',#5423,1.1);
#5423 = AXIS2_PLACEMENT_3D('',#5424,#5425,#5426);
#5424 = CARTESIAN_POINT('',(26.559945904286,125.94005409571,146.8));
#5425 = DIRECTION('',(0.,0.,1.));
#5426 = DIRECTION('',(-1.,0.,0.));
#5427 = ADVANCED_FACE('',(#5428),#5439,.F.);
#5428 = FACE_BOUND('',#5429,.F.);
#5429 = EDGE_LOOP('',(#5430,#5431,#5437,#5438));
#5430 = ORIENTED_EDGE('',*,*,#5317,.F.);
#5431 = ORIENTED_EDGE('',*,*,#5432,.F.);
#5432 = EDGE_CURVE('',#5230,#5318,#5433,.T.);
#5433 = LINE('',#5434,#5435);
#5434 = CARTESIAN_POINT('',(51.340054095714,100.05994590428,146.8));
#5435 = VECTOR('',#5436,1.);
#5436 = DIRECTION('',(0.,0.,1.));
#5437 = ORIENTED_EDGE('',*,*,#5229,.T.);
#5438 = ORIENTED_EDGE('',*,*,#5432,.T.);
#5439 = CYLINDRICAL_SURFACE('',#5440,1.1);
#5440 = AXIS2_PLACEMENT_3D('',#5441,#5442,#5443);
#5441 = CARTESIAN_POINT('',(52.440054095714,100.05994590428,146.8));
#5442 = DIRECTION('',(0.,0.,1.));
#5443 = DIRECTION('',(-1.,0.,0.));
#5444 = ADVANCED_FACE('',(#5445),#5456,.F.);
#5445 = FACE_BOUND('',#5446,.F.);
#5446 = EDGE_LOOP('',(#5447,#5448,#5454,#5455));
#5447 = ORIENTED_EDGE('',*,*,#5331,.F.);
#5448 = ORIENTED_EDGE('',*,*,#5449,.F.);
#5449 = EDGE_CURVE('',#5244,#5332,#5450,.T.);
#5450 = LINE('',#5451,#5452);
#5451 = CARTESIAN_POINT('',(25.459945904286,100.05994590428,146.8));
#5452 = VECTOR('',#5453,1.);
#5453 = DIRECTION('',(0.,0.,1.));
#5454 = ORIENTED_EDGE('',*,*,#5243,.T.);
#5455 = ORIENTED_EDGE('',*,*,#5449,.T.);
#5456 = CYLINDRICAL_SURFACE('',#5457,1.1);
#5457 = AXIS2_PLACEMENT_3D('',#5458,#5459,#5460);
#5458 = CARTESIAN_POINT('',(26.559945904286,100.05994590428,146.8));
#5459 = DIRECTION('',(0.,0.,1.));
#5460 = DIRECTION('',(-1.,0.,0.));
#5461 = ADVANCED_FACE('',(#5462),#5496,.T.);
#5462 = FACE_BOUND('',#5463,.T.);
#5463 = EDGE_LOOP('',(#5464,#5472,#5473,#5474,#5482,#5490));
#5464 = ORIENTED_EDGE('',*,*,#5465,.F.);
#5465 = EDGE_CURVE('',#5350,#5466,#5468,.T.);
#5466 = VERTEX_POINT('',#5467);
#5467 = CARTESIAN_POINT('',(15.5,111.,149.));
#5468 = LINE('',#5469,#5470);
#5469 = CARTESIAN_POINT('',(21.5,111.,149.));
#5470 = VECTOR('',#5471,1.);
#5471 = DIRECTION('',(-1.,0.,0.));
#5472 = ORIENTED_EDGE('',*,*,#5349,.T.);
#5473 = ORIENTED_EDGE('',*,*,#5260,.T.);
#5474 = ORIENTED_EDGE('',*,*,#5475,.T.);
#5475 = EDGE_CURVE('',#5263,#5476,#5478,.T.);
#5476 = VERTEX_POINT('',#5477);
#5477 = CARTESIAN_POINT('',(21.5,111.,153.));
#5478 = LINE('',#5479,#5480);
#5479 = CARTESIAN_POINT('',(21.5,111.,149.));
#5480 = VECTOR('',#5481,1.);
#5481 = DIRECTION('',(0.,0.,1.));
#5482 = ORIENTED_EDGE('',*,*,#5483,.T.);
#5483 = EDGE_CURVE('',#5476,#5484,#5486,.T.);
#5484 = VERTEX_POINT('',#5485);
#5485 = CARTESIAN_POINT('',(15.5,111.,153.));
#5486 = LINE('',#5487,#5488);
#5487 = CARTESIAN_POINT('',(21.5,111.,153.));
#5488 = VECTOR('',#5489,1.);
#5489 = DIRECTION('',(-1.,0.,0.));
#5490 = ORIENTED_EDGE('',*,*,#5491,.F.);
#5491 = EDGE_CURVE('',#5466,#5484,#5492,.T.);
#5492 = LINE('',#5493,#5494);
#5493 = CARTESIAN_POINT('',(15.5,111.,149.));
#5494 = VECTOR('',#5495,1.);
#5495 = DIRECTION('',(0.,0.,1.));
#5496 = PLANE('',#5497);
#5497 = AXIS2_PLACEMENT_3D('',#5498,#5499,#5500);
#5498 = CARTESIAN_POINT('',(21.5,111.,149.));
#5499 = DIRECTION('',(0.,-1.,0.));
#5500 = DIRECTION('',(0.,0.,1.));
#5501 = ADVANCED_FACE('',(#5502),#5520,.F.);
#5502 = FACE_BOUND('',#5503,.F.);
#5503 = EDGE_LOOP('',(#5504,#5512,#5513,#5514));
#5504 = ORIENTED_EDGE('',*,*,#5505,.F.);
#5505 = EDGE_CURVE('',#5280,#5506,#5508,.T.);
#5506 = VERTEX_POINT('',#5507);
#5507 = CARTESIAN_POINT('',(21.5,115.,153.));
#5508 = LINE('',#5509,#5510);
#5509 = CARTESIAN_POINT('',(21.5,115.,149.));
#5510 = VECTOR('',#5511,1.);
#5511 = DIRECTION('',(0.,0.,1.));
#5512 = ORIENTED_EDGE('',*,*,#5287,.T.);
#5513 = ORIENTED_EDGE('',*,*,#5475,.T.);
#5514 = ORIENTED_EDGE('',*,*,#5515,.F.);
#5515 = EDGE_CURVE('',#5506,#5476,#5516,.T.);
#5516 = LINE('',#5517,#5518);
#5517 = CARTESIAN_POINT('',(21.5,115.,153.));
#5518 = VECTOR('',#5519,1.);
#5519 = DIRECTION('',(0.,-1.,0.));
#5520 = PLANE('',#5521);
#5521 = AXIS2_PLACEMENT_3D('',#5522,#5523,#5524);
#5522 = CARTESIAN_POINT('',(21.5,115.,149.));
#5523 = DIRECTION('',(-1.,0.,0.));
#5524 = DIRECTION('',(0.,0.,1.));
#5525 = ADVANCED_FACE('',(#5526),#5553,.F.);
#5526 = FACE_BOUND('',#5527,.F.);
#5527 = EDGE_LOOP('',(#5528,#5536,#5537,#5538,#5539,#5547));
#5528 = ORIENTED_EDGE('',*,*,#5529,.F.);
#5529 = EDGE_CURVE('',#5375,#5530,#5532,.T.);
#5530 = VERTEX_POINT('',#5531);
#5531 = CARTESIAN_POINT('',(15.5,115.,149.));
#5532 = LINE('',#5533,#5534);
#5533 = CARTESIAN_POINT('',(21.5,115.,149.));
#5534 = VECTOR('',#5535,1.);
#5535 = DIRECTION('',(-1.,0.,0.));
#5536 = ORIENTED_EDGE('',*,*,#5383,.T.);
#5537 = ORIENTED_EDGE('',*,*,#5279,.T.);
#5538 = ORIENTED_EDGE('',*,*,#5505,.T.);
#5539 = ORIENTED_EDGE('',*,*,#5540,.T.);
#5540 = EDGE_CURVE('',#5506,#5541,#5543,.T.);
#5541 = VERTEX_POINT('',#5542);
#5542 = CARTESIAN_POINT('',(15.5,115.,153.));
#5543 = LINE('',#5544,#5545);
#5544 = CARTESIAN_POINT('',(21.5,115.,153.));
#5545 = VECTOR('',#5546,1.);
#5546 = DIRECTION('',(-1.,0.,0.));
#5547 = ORIENTED_EDGE('',*,*,#5548,.F.);
#5548 = EDGE_CURVE('',#5530,#5541,#5549,.T.);
#5549 = LINE('',#5550,#5551);
#5550 = CARTESIAN_POINT('',(15.5,115.,149.));
#5551 = VECTOR('',#5552,1.);
#5552 = DIRECTION('',(0.,0.,1.));
#5553 = PLANE('',#5554);
#5554 = AXIS2_PLACEMENT_3D('',#5555,#5556,#5557);
#5555 = CARTESIAN_POINT('',(21.5,115.,149.));
#5556 = DIRECTION('',(0.,-1.,0.));
#5557 = DIRECTION('',(0.,0.,1.));
#5558 = ADVANCED_FACE('',(#5559),#5581,.T.);
#5559 = FACE_BOUND('',#5560,.T.);
#5560 = EDGE_LOOP('',(#5561,#5562,#5571,#5578,#5579,#5580));
#5561 = ORIENTED_EDGE('',*,*,#5465,.T.);
#5562 = ORIENTED_EDGE('',*,*,#5563,.F.);
#5563 = EDGE_CURVE('',#5564,#5466,#5566,.T.);
#5564 = VERTEX_POINT('',#5565);
#5565 = CARTESIAN_POINT('',(13.5,113.,149.));
#5566 = CIRCLE('',#5567,2.);
#5567 = AXIS2_PLACEMENT_3D('',#5568,#5569,#5570);
#5568 = CARTESIAN_POINT('',(15.5,113.,149.));
#5569 = DIRECTION('',(0.,0.,1.));
#5570 = DIRECTION('',(-1.,0.,0.));
#5571 = ORIENTED_EDGE('',*,*,#5572,.F.);
#5572 = EDGE_CURVE('',#5530,#5564,#5573,.T.);
#5573 = CIRCLE('',#5574,2.);
#5574 = AXIS2_PLACEMENT_3D('',#5575,#5576,#5577);
#5575 = CARTESIAN_POINT('',(15.5,113.,149.));
#5576 = DIRECTION('',(0.,0.,1.));
#5577 = DIRECTION('',(-1.,0.,0.));
#5578 = ORIENTED_EDGE('',*,*,#5529,.F.);
#5579 = ORIENTED_EDGE('',*,*,#5374,.T.);
#5580 = ORIENTED_EDGE('',*,*,#5357,.T.);
#5581 = PLANE('',#5582);
#5582 = AXIS2_PLACEMENT_3D('',#5583,#5584,#5585);
#5583 = CARTESIAN_POINT('',(16.612720155856,113.,149.));
#5584 = DIRECTION('',(0.,0.,-1.));
#5585 = DIRECTION('',(1.,0.,0.));
#5586 = ADVANCED_FACE('',(#5587),#5609,.T.);
#5587 = FACE_BOUND('',#5588,.T.);
#5588 = EDGE_LOOP('',(#5589,#5590,#5591,#5600,#5607,#5608));
#5589 = ORIENTED_EDGE('',*,*,#5563,.T.);
#5590 = ORIENTED_EDGE('',*,*,#5491,.T.);
#5591 = ORIENTED_EDGE('',*,*,#5592,.F.);
#5592 = EDGE_CURVE('',#5593,#5484,#5595,.T.);
#5593 = VERTEX_POINT('',#5594);
#5594 = CARTESIAN_POINT('',(13.5,113.,153.));
#5595 = CIRCLE('',#5596,2.);
#5596 = AXIS2_PLACEMENT_3D('',#5597,#5598,#5599);
#5597 = CARTESIAN_POINT('',(15.5,113.,153.));
#5598 = DIRECTION('',(0.,0.,1.));
#5599 = DIRECTION('',(-1.,0.,0.));
#5600 = ORIENTED_EDGE('',*,*,#5601,.F.);
#5601 = EDGE_CURVE('',#5541,#5593,#5602,.T.);
#5602 = CIRCLE('',#5603,2.);
#5603 = AXIS2_PLACEMENT_3D('',#5604,#5605,#5606);
#5604 = CARTESIAN_POINT('',(15.5,113.,153.));
#5605 = DIRECTION('',(0.,0.,1.));
#5606 = DIRECTION('',(-1.,0.,0.));
#5607 = ORIENTED_EDGE('',*,*,#5548,.F.);
#5608 = ORIENTED_EDGE('',*,*,#5572,.T.);
#5609 = CYLINDRICAL_SURFACE('',#5610,2.);
#5610 = AXIS2_PLACEMENT_3D('',#5611,#5612,#5613);
#5611 = CARTESIAN_POINT('',(15.5,113.,149.));
#5612 = DIRECTION('',(0.,0.,1.));
#5613 = DIRECTION('',(-1.,0.,0.));
#5614 = ADVANCED_FACE('',(#5615),#5622,.T.);
#5615 = FACE_BOUND('',#5616,.T.);
#5616 = EDGE_LOOP('',(#5617,#5618,#5619,#5620,#5621));
#5617 = ORIENTED_EDGE('',*,*,#5483,.F.);
#5618 = ORIENTED_EDGE('',*,*,#5515,.F.);
#5619 = ORIENTED_EDGE('',*,*,#5540,.T.);
#5620 = ORIENTED_EDGE('',*,*,#5601,.T.);
#5621 = ORIENTED_EDGE('',*,*,#5592,.T.);
#5622 = PLANE('',#5623);
#5623 = AXIS2_PLACEMENT_3D('',#5624,#5625,#5626);
#5624 = CARTESIAN_POINT('',(17.853385575674,113.,153.));
#5625 = DIRECTION('',(0.,0.,1.));
#5626 = DIRECTION('',(-1.,0.,0.));
#5627 = MANIFOLD_SOLID_BREP('',#5628);
#5628 = CLOSED_SHELL('',(#5629,#5662,#5682,#5702,#5727,#5747,#5772,#5792
    ));
#5629 = ADVANCED_FACE('',(#5630),#5657,.T.);
#5630 = FACE_BOUND('',#5631,.T.);
#5631 = EDGE_LOOP('',(#5632,#5641,#5649,#5656));
#5632 = ORIENTED_EDGE('',*,*,#5633,.F.);
#5633 = EDGE_CURVE('',#5634,#5634,#5636,.T.);
#5634 = VERTEX_POINT('',#5635);
#5635 = CARTESIAN_POINT('',(21.5,113.,155.9));
#5636 = CIRCLE('',#5637,18.);
#5637 = AXIS2_PLACEMENT_3D('',#5638,#5639,#5640);
#5638 = CARTESIAN_POINT('',(39.5,113.,155.9));
#5639 = DIRECTION('',(0.,0.,1.));
#5640 = DIRECTION('',(-1.,0.,0.));
#5641 = ORIENTED_EDGE('',*,*,#5642,.F.);
#5642 = EDGE_CURVE('',#5643,#5634,#5645,.T.);
#5643 = VERTEX_POINT('',#5644);
#5644 = CARTESIAN_POINT('',(21.5,113.,155.2));
#5645 = LINE('',#5646,#5647);
#5646 = CARTESIAN_POINT('',(21.5,113.,155.2));
#5647 = VECTOR('',#5648,1.);
#5648 = DIRECTION('',(0.,0.,1.));
#5649 = ORIENTED_EDGE('',*,*,#5650,.T.);
#5650 = EDGE_CURVE('',#5643,#5643,#5651,.T.);
#5651 = CIRCLE('',#5652,18.);
#5652 = AXIS2_PLACEMENT_3D('',#5653,#5654,#5655);
#5653 = CARTESIAN_POINT('',(39.5,113.,155.2));
#5654 = DIRECTION('',(0.,0.,1.));
#5655 = DIRECTION('',(-1.,0.,0.));
#5656 = ORIENTED_EDGE('',*,*,#5642,.T.);
#5657 = CYLINDRICAL_SURFACE('',#5658,18.);
#5658 = AXIS2_PLACEMENT_3D('',#5659,#5660,#5661);
#5659 = CARTESIAN_POINT('',(39.5,113.,155.2));
#5660 = DIRECTION('',(0.,0.,1.));
#5661 = DIRECTION('',(-1.,0.,0.));
#5662 = ADVANCED_FACE('',(#5663,#5666),#5677,.T.);
#5663 = FACE_BOUND('',#5664,.T.);
#5664 = EDGE_LOOP('',(#5665));
#5665 = ORIENTED_EDGE('',*,*,#5633,.T.);
#5666 = FACE_BOUND('',#5667,.T.);
#5667 = EDGE_LOOP('',(#5668));
#5668 = ORIENTED_EDGE('',*,*,#5669,.F.);
#5669 = EDGE_CURVE('',#5670,#5670,#5672,.T.);
#5670 = VERTEX_POINT('',#5671);
#5671 = CARTESIAN_POINT('',(23.58450569081,113.,155.9));
#5672 = CIRCLE('',#5673,15.91549430919);
#5673 = AXIS2_PLACEMENT_3D('',#5674,#5675,#5676);
#5674 = CARTESIAN_POINT('',(39.5,113.,155.9));
#5675 = DIRECTION('',(0.,0.,1.));
#5676 = DIRECTION('',(-1.,0.,0.));
#5677 = PLANE('',#5678);
#5678 = AXIS2_PLACEMENT_3D('',#5679,#5680,#5681);
#5679 = CARTESIAN_POINT('',(39.5,113.,155.9));
#5680 = DIRECTION('',(0.,0.,1.));
#5681 = DIRECTION('',(-1.,0.,0.));
#5682 = ADVANCED_FACE('',(#5683,#5686),#5697,.F.);
#5683 = FACE_BOUND('',#5684,.F.);
#5684 = EDGE_LOOP('',(#5685));
#5685 = ORIENTED_EDGE('',*,*,#5650,.T.);
#5686 = FACE_BOUND('',#5687,.F.);
#5687 = EDGE_LOOP('',(#5688));
#5688 = ORIENTED_EDGE('',*,*,#5689,.F.);
#5689 = EDGE_CURVE('',#5690,#5690,#5692,.T.);
#5690 = VERTEX_POINT('',#5691);
#5691 = CARTESIAN_POINT('',(27.45,113.,155.2));
#5692 = CIRCLE('',#5693,12.05);
#5693 = AXIS2_PLACEMENT_3D('',#5694,#5695,#5696);
#5694 = CARTESIAN_POINT('',(39.5,113.,155.2));
#5695 = DIRECTION('',(0.,0.,1.));
#5696 = DIRECTION('',(-1.,0.,0.));
#5697 = PLANE('',#5698);
#5698 = AXIS2_PLACEMENT_3D('',#5699,#5700,#5701);
#5699 = CARTESIAN_POINT('',(39.5,113.,155.2));
#5700 = DIRECTION('',(0.,0.,1.));
#5701 = DIRECTION('',(-1.,0.,0.));
#5702 = ADVANCED_FACE('',(#5703),#5722,.T.);
#5703 = FACE_BOUND('',#5704,.T.);
#5704 = EDGE_LOOP('',(#5705,#5714,#5720,#5721));
#5705 = ORIENTED_EDGE('',*,*,#5706,.F.);
#5706 = EDGE_CURVE('',#5707,#5707,#5709,.T.);
#5707 = VERTEX_POINT('',#5708);
#5708 = CARTESIAN_POINT('',(23.58450569081,113.,161.9));
#5709 = CIRCLE('',#5710,15.91549430919);
#5710 = AXIS2_PLACEMENT_3D('',#5711,#5712,#5713);
#5711 = CARTESIAN_POINT('',(39.5,113.,161.9));
#5712 = DIRECTION('',(0.,0.,1.));
#5713 = DIRECTION('',(-1.,0.,0.));
#5714 = ORIENTED_EDGE('',*,*,#5715,.F.);
#5715 = EDGE_CURVE('',#5670,#5707,#5716,.T.);
#5716 = LINE('',#5717,#5718);
#5717 = CARTESIAN_POINT('',(23.58450569081,113.,155.9));
#5718 = VECTOR('',#5719,1.);
#5719 = DIRECTION('',(0.,0.,1.));
#5720 = ORIENTED_EDGE('',*,*,#5669,.T.);
#5721 = ORIENTED_EDGE('',*,*,#5715,.T.);
#5722 = CYLINDRICAL_SURFACE('',#5723,15.91549430919);
#5723 = AXIS2_PLACEMENT_3D('',#5724,#5725,#5726);
#5724 = CARTESIAN_POINT('',(39.5,113.,155.9));
#5725 = DIRECTION('',(0.,0.,1.));
#5726 = DIRECTION('',(-1.,0.,0.));
#5727 = ADVANCED_FACE('',(#5728,#5739),#5742,.F.);
#5728 = FACE_BOUND('',#5729,.F.);
#5729 = EDGE_LOOP('',(#5730));
#5730 = ORIENTED_EDGE('',*,*,#5731,.T.);
#5731 = EDGE_CURVE('',#5732,#5732,#5734,.T.);
#5732 = VERTEX_POINT('',#5733);
#5733 = CARTESIAN_POINT('',(21.5,113.,161.9));
#5734 = CIRCLE('',#5735,18.);
#5735 = AXIS2_PLACEMENT_3D('',#5736,#5737,#5738);
#5736 = CARTESIAN_POINT('',(39.5,113.,161.9));
#5737 = DIRECTION('',(0.,0.,1.));
#5738 = DIRECTION('',(-1.,0.,0.));
#5739 = FACE_BOUND('',#5740,.F.);
#5740 = EDGE_LOOP('',(#5741));
#5741 = ORIENTED_EDGE('',*,*,#5706,.F.);
#5742 = PLANE('',#5743);
#5743 = AXIS2_PLACEMENT_3D('',#5744,#5745,#5746);
#5744 = CARTESIAN_POINT('',(39.5,113.,161.9));
#5745 = DIRECTION('',(0.,0.,1.));
#5746 = DIRECTION('',(-1.,0.,0.));
#5747 = ADVANCED_FACE('',(#5748),#5767,.T.);
#5748 = FACE_BOUND('',#5749,.T.);
#5749 = EDGE_LOOP('',(#5750,#5759,#5765,#5766));
#5750 = ORIENTED_EDGE('',*,*,#5751,.F.);
#5751 = EDGE_CURVE('',#5752,#5752,#5754,.T.);
#5752 = VERTEX_POINT('',#5753);
#5753 = CARTESIAN_POINT('',(21.5,113.,162.6));
#5754 = CIRCLE('',#5755,18.);
#5755 = AXIS2_PLACEMENT_3D('',#5756,#5757,#5758);
#5756 = CARTESIAN_POINT('',(39.5,113.,162.6));
#5757 = DIRECTION('',(0.,0.,1.));
#5758 = DIRECTION('',(-1.,0.,0.));
#5759 = ORIENTED_EDGE('',*,*,#5760,.F.);
#5760 = EDGE_CURVE('',#5732,#5752,#5761,.T.);
#5761 = LINE('',#5762,#5763);
#5762 = CARTESIAN_POINT('',(21.5,113.,161.9));
#5763 = VECTOR('',#5764,1.);
#5764 = DIRECTION('',(0.,0.,1.));
#5765 = ORIENTED_EDGE('',*,*,#5731,.T.);
#5766 = ORIENTED_EDGE('',*,*,#5760,.T.);
#5767 = CYLINDRICAL_SURFACE('',#5768,18.);
#5768 = AXIS2_PLACEMENT_3D('',#5769,#5770,#5771);
#5769 = CARTESIAN_POINT('',(39.5,113.,161.9));
#5770 = DIRECTION('',(0.,0.,1.));
#5771 = DIRECTION('',(-1.,0.,0.));
#5772 = ADVANCED_FACE('',(#5773,#5776),#5787,.T.);
#5773 = FACE_BOUND('',#5774,.T.);
#5774 = EDGE_LOOP('',(#5775));
#5775 = ORIENTED_EDGE('',*,*,#5751,.T.);
#5776 = FACE_BOUND('',#5777,.T.);
#5777 = EDGE_LOOP('',(#5778));
#5778 = ORIENTED_EDGE('',*,*,#5779,.F.);
#5779 = EDGE_CURVE('',#5780,#5780,#5782,.T.);
#5780 = VERTEX_POINT('',#5781);
#5781 = CARTESIAN_POINT('',(27.45,113.,162.6));
#5782 = CIRCLE('',#5783,12.05);
#5783 = AXIS2_PLACEMENT_3D('',#5784,#5785,#5786);
#5784 = CARTESIAN_POINT('',(39.5,113.,162.6));
#5785 = DIRECTION('',(0.,0.,1.));
#5786 = DIRECTION('',(-1.,0.,0.));
#5787 = PLANE('',#5788);
#5788 = AXIS2_PLACEMENT_3D('',#5789,#5790,#5791);
#5789 = CARTESIAN_POINT('',(39.5,113.,162.6));
#5790 = DIRECTION('',(0.,0.,1.));
#5791 = DIRECTION('',(-1.,0.,0.));
#5792 = ADVANCED_FACE('',(#5793),#5803,.F.);
#5793 = FACE_BOUND('',#5794,.F.);
#5794 = EDGE_LOOP('',(#5795,#5796,#5801,#5802));
#5795 = ORIENTED_EDGE('',*,*,#5779,.F.);
#5796 = ORIENTED_EDGE('',*,*,#5797,.F.);
#5797 = EDGE_CURVE('',#5690,#5780,#5798,.T.);
#5798 = B_SPLINE_CURVE_WITH_KNOTS('',1,(#5799,#5800),.UNSPECIFIED.,.F.,
  .F.,(2,2),(9.999999999999E-02,7.5),.PIECEWISE_BEZIER_KNOTS.);
#5799 = CARTESIAN_POINT('',(27.45,113.,155.2));
#5800 = CARTESIAN_POINT('',(27.45,113.,162.6));
#5801 = ORIENTED_EDGE('',*,*,#5689,.T.);
#5802 = ORIENTED_EDGE('',*,*,#5797,.T.);
#5803 = CYLINDRICAL_SURFACE('',#5804,12.05);
#5804 = AXIS2_PLACEMENT_3D('',#5805,#5806,#5807);
#5805 = CARTESIAN_POINT('',(39.5,113.,155.1));
#5806 = DIRECTION('',(0.,0.,1.));
#5807 = DIRECTION('',(-1.,0.,0.));
#5808 = MANIFOLD_SOLID_BREP('',#5809);
#5809 = CLOSED_SHELL('',(#5810,#5843,#5863,#5883,#5908,#5928,#5953,#5973
    ));
#5810 = ADVANCED_FACE('',(#5811),#5838,.T.);
#5811 = FACE_BOUND('',#5812,.T.);
#5812 = EDGE_LOOP('',(#5813,#5822,#5830,#5837));
#5813 = ORIENTED_EDGE('',*,*,#5814,.F.);
#5814 = EDGE_CURVE('',#5815,#5815,#5817,.T.);
#5815 = VERTEX_POINT('',#5816);
#5816 = CARTESIAN_POINT('',(21.5,155.,155.9));
#5817 = CIRCLE('',#5818,18.);
#5818 = AXIS2_PLACEMENT_3D('',#5819,#5820,#5821);
#5819 = CARTESIAN_POINT('',(39.5,155.,155.9));
#5820 = DIRECTION('',(0.,0.,1.));
#5821 = DIRECTION('',(-1.,0.,0.));
#5822 = ORIENTED_EDGE('',*,*,#5823,.F.);
#5823 = EDGE_CURVE('',#5824,#5815,#5826,.T.);
#5824 = VERTEX_POINT('',#5825);
#5825 = CARTESIAN_POINT('',(21.5,155.,155.2));
#5826 = LINE('',#5827,#5828);
#5827 = CARTESIAN_POINT('',(21.5,155.,155.2));
#5828 = VECTOR('',#5829,1.);
#5829 = DIRECTION('',(0.,0.,1.));
#5830 = ORIENTED_EDGE('',*,*,#5831,.T.);
#5831 = EDGE_CURVE('',#5824,#5824,#5832,.T.);
#5832 = CIRCLE('',#5833,18.);
#5833 = AXIS2_PLACEMENT_3D('',#5834,#5835,#5836);
#5834 = CARTESIAN_POINT('',(39.5,155.,155.2));
#5835 = DIRECTION('',(0.,0.,1.));
#5836 = DIRECTION('',(-1.,0.,0.));
#5837 = ORIENTED_EDGE('',*,*,#5823,.T.);
#5838 = CYLINDRICAL_SURFACE('',#5839,18.);
#5839 = AXIS2_PLACEMENT_3D('',#5840,#5841,#5842);
#5840 = CARTESIAN_POINT('',(39.5,155.,155.2));
#5841 = DIRECTION('',(0.,0.,1.));
#5842 = DIRECTION('',(-1.,0.,0.));
#5843 = ADVANCED_FACE('',(#5844,#5847),#5858,.T.);
#5844 = FACE_BOUND('',#5845,.T.);
#5845 = EDGE_LOOP('',(#5846));
#5846 = ORIENTED_EDGE('',*,*,#5814,.T.);
#5847 = FACE_BOUND('',#5848,.T.);
#5848 = EDGE_LOOP('',(#5849));
#5849 = ORIENTED_EDGE('',*,*,#5850,.F.);
#5850 = EDGE_CURVE('',#5851,#5851,#5853,.T.);
#5851 = VERTEX_POINT('',#5852);
#5852 = CARTESIAN_POINT('',(23.58450569081,155.,155.9));
#5853 = CIRCLE('',#5854,15.91549430919);
#5854 = AXIS2_PLACEMENT_3D('',#5855,#5856,#5857);
#5855 = CARTESIAN_POINT('',(39.5,155.,155.9));
#5856 = DIRECTION('',(0.,0.,1.));
#5857 = DIRECTION('',(-1.,0.,0.));
#5858 = PLANE('',#5859);
#5859 = AXIS2_PLACEMENT_3D('',#5860,#5861,#5862);
#5860 = CARTESIAN_POINT('',(39.5,155.,155.9));
#5861 = DIRECTION('',(0.,0.,1.));
#5862 = DIRECTION('',(-1.,0.,0.));
#5863 = ADVANCED_FACE('',(#5864,#5867),#5878,.F.);
#5864 = FACE_BOUND('',#5865,.F.);
#5865 = EDGE_LOOP('',(#5866));
#5866 = ORIENTED_EDGE('',*,*,#5831,.T.);
#5867 = FACE_BOUND('',#5868,.F.);
#5868 = EDGE_LOOP('',(#5869));
#5869 = ORIENTED_EDGE('',*,*,#5870,.F.);
#5870 = EDGE_CURVE('',#5871,#5871,#5873,.T.);
#5871 = VERTEX_POINT('',#5872);
#5872 = CARTESIAN_POINT('',(36.45,155.,155.2));
#5873 = CIRCLE('',#5874,3.05);
#5874 = AXIS2_PLACEMENT_3D('',#5875,#5876,#5877);
#5875 = CARTESIAN_POINT('',(39.5,155.,155.2));
#5876 = DIRECTION('',(0.,0.,1.));
#5877 = DIRECTION('',(-1.,0.,0.));
#5878 = PLANE('',#5879);
#5879 = AXIS2_PLACEMENT_3D('',#5880,#5881,#5882);
#5880 = CARTESIAN_POINT('',(39.5,155.,155.2));
#5881 = DIRECTION('',(0.,0.,1.));
#5882 = DIRECTION('',(-1.,0.,0.));
#5883 = ADVANCED_FACE('',(#5884),#5903,.T.);
#5884 = FACE_BOUND('',#5885,.T.);
#5885 = EDGE_LOOP('',(#5886,#5895,#5901,#5902));
#5886 = ORIENTED_EDGE('',*,*,#5887,.F.);
#5887 = EDGE_CURVE('',#5888,#5888,#5890,.T.);
#5888 = VERTEX_POINT('',#5889);
#5889 = CARTESIAN_POINT('',(23.58450569081,155.,161.9));
#5890 = CIRCLE('',#5891,15.91549430919);
#5891 = AXIS2_PLACEMENT_3D('',#5892,#5893,#5894);
#5892 = CARTESIAN_POINT('',(39.5,155.,161.9));
#5893 = DIRECTION('',(0.,0.,1.));
#5894 = DIRECTION('',(-1.,0.,0.));
#5895 = ORIENTED_EDGE('',*,*,#5896,.F.);
#5896 = EDGE_CURVE('',#5851,#5888,#5897,.T.);
#5897 = LINE('',#5898,#5899);
#5898 = CARTESIAN_POINT('',(23.58450569081,155.,155.9));
#5899 = VECTOR('',#5900,1.);
#5900 = DIRECTION('',(0.,0.,1.));
#5901 = ORIENTED_EDGE('',*,*,#5850,.T.);
#5902 = ORIENTED_EDGE('',*,*,#5896,.T.);
#5903 = CYLINDRICAL_SURFACE('',#5904,15.91549430919);
#5904 = AXIS2_PLACEMENT_3D('',#5905,#5906,#5907);
#5905 = CARTESIAN_POINT('',(39.5,155.,155.9));
#5906 = DIRECTION('',(0.,0.,1.));
#5907 = DIRECTION('',(-1.,0.,0.));
#5908 = ADVANCED_FACE('',(#5909,#5920),#5923,.F.);
#5909 = FACE_BOUND('',#5910,.F.);
#5910 = EDGE_LOOP('',(#5911));
#5911 = ORIENTED_EDGE('',*,*,#5912,.T.);
#5912 = EDGE_CURVE('',#5913,#5913,#5915,.T.);
#5913 = VERTEX_POINT('',#5914);
#5914 = CARTESIAN_POINT('',(21.5,155.,161.9));
#5915 = CIRCLE('',#5916,18.);
#5916 = AXIS2_PLACEMENT_3D('',#5917,#5918,#5919);
#5917 = CARTESIAN_POINT('',(39.5,155.,161.9));
#5918 = DIRECTION('',(0.,0.,1.));
#5919 = DIRECTION('',(-1.,0.,0.));
#5920 = FACE_BOUND('',#5921,.F.);
#5921 = EDGE_LOOP('',(#5922));
#5922 = ORIENTED_EDGE('',*,*,#5887,.F.);
#5923 = PLANE('',#5924);
#5924 = AXIS2_PLACEMENT_3D('',#5925,#5926,#5927);
#5925 = CARTESIAN_POINT('',(39.5,155.,161.9));
#5926 = DIRECTION('',(0.,0.,1.));
#5927 = DIRECTION('',(-1.,0.,0.));
#5928 = ADVANCED_FACE('',(#5929),#5948,.T.);
#5929 = FACE_BOUND('',#5930,.T.);
#5930 = EDGE_LOOP('',(#5931,#5940,#5946,#5947));
#5931 = ORIENTED_EDGE('',*,*,#5932,.F.);
#5932 = EDGE_CURVE('',#5933,#5933,#5935,.T.);
#5933 = VERTEX_POINT('',#5934);
#5934 = CARTESIAN_POINT('',(21.5,155.,162.6));
#5935 = CIRCLE('',#5936,18.);
#5936 = AXIS2_PLACEMENT_3D('',#5937,#5938,#5939);
#5937 = CARTESIAN_POINT('',(39.5,155.,162.6));
#5938 = DIRECTION('',(0.,0.,1.));
#5939 = DIRECTION('',(-1.,0.,0.));
#5940 = ORIENTED_EDGE('',*,*,#5941,.F.);
#5941 = EDGE_CURVE('',#5913,#5933,#5942,.T.);
#5942 = LINE('',#5943,#5944);
#5943 = CARTESIAN_POINT('',(21.5,155.,161.9));
#5944 = VECTOR('',#5945,1.);
#5945 = DIRECTION('',(0.,0.,1.));
#5946 = ORIENTED_EDGE('',*,*,#5912,.T.);
#5947 = ORIENTED_EDGE('',*,*,#5941,.T.);
#5948 = CYLINDRICAL_SURFACE('',#5949,18.);
#5949 = AXIS2_PLACEMENT_3D('',#5950,#5951,#5952);
#5950 = CARTESIAN_POINT('',(39.5,155.,161.9));
#5951 = DIRECTION('',(0.,0.,1.));
#5952 = DIRECTION('',(-1.,0.,0.));
#5953 = ADVANCED_FACE('',(#5954,#5957),#5968,.T.);
#5954 = FACE_BOUND('',#5955,.T.);
#5955 = EDGE_LOOP('',(#5956));
#5956 = ORIENTED_EDGE('',*,*,#5932,.T.);
#5957 = FACE_BOUND('',#5958,.T.);
#5958 = EDGE_LOOP('',(#5959));
#5959 = ORIENTED_EDGE('',*,*,#5960,.F.);
#5960 = EDGE_CURVE('',#5961,#5961,#5963,.T.);
#5961 = VERTEX_POINT('',#5962);
#5962 = CARTESIAN_POINT('',(36.45,155.,162.6));
#5963 = CIRCLE('',#5964,3.05);
#5964 = AXIS2_PLACEMENT_3D('',#5965,#5966,#5967);
#5965 = CARTESIAN_POINT('',(39.5,155.,162.6));
#5966 = DIRECTION('',(0.,0.,1.));
#5967 = DIRECTION('',(-1.,0.,0.));
#5968 = PLANE('',#5969);
#5969 = AXIS2_PLACEMENT_3D('',#5970,#5971,#5972);
#5970 = CARTESIAN_POINT('',(39.5,155.,162.6));
#5971 = DIRECTION('',(0.,0.,1.));
#5972 = DIRECTION('',(-1.,0.,0.));
#5973 = ADVANCED_FACE('',(#5974),#5984,.F.);
#5974 = FACE_BOUND('',#5975,.F.);
#5975 = EDGE_LOOP('',(#5976,#5977,#5982,#5983));
#5976 = ORIENTED_EDGE('',*,*,#5960,.F.);
#5977 = ORIENTED_EDGE('',*,*,#5978,.F.);
#5978 = EDGE_CURVE('',#5871,#5961,#5979,.T.);
#5979 = B_SPLINE_CURVE_WITH_KNOTS('',1,(#5980,#5981),.UNSPECIFIED.,.F.,
  .F.,(2,2),(9.999999999999E-02,7.5),.PIECEWISE_BEZIER_KNOTS.);
#5980 = CARTESIAN_POINT('',(36.45,155.,155.2));
#5981 = CARTESIAN_POINT('',(36.45,155.,162.6));
#5982 = ORIENTED_EDGE('',*,*,#5870,.T.);
#5983 = ORIENTED_EDGE('',*,*,#5978,.T.);
#5984 = CYLINDRICAL_SURFACE('',#5985,3.05);
#5985 = AXIS2_PLACEMENT_3D('',#5986,#5987,#5988);
#5986 = CARTESIAN_POINT('',(39.5,155.,155.1));
#5987 = DIRECTION('',(0.,0.,1.));
#5988 = DIRECTION('',(-1.,0.,0.));
#5989 = MANIFOLD_SOLID_BREP('',#5990);
#5990 = CLOSED_SHELL('',(#5991,#6031,#6062,#6093,#6124,#6155,#6186,#6217
    ,#6248,#6279,#6310,#6352,#6374,#6399,#6408,#6428));
#5991 = ADVANCED_FACE('',(#5992),#6026,.T.);
#5992 = FACE_BOUND('',#5993,.T.);
#5993 = EDGE_LOOP('',(#5994,#6004,#6012,#6020));
#5994 = ORIENTED_EDGE('',*,*,#5995,.F.);
#5995 = EDGE_CURVE('',#5996,#5998,#6000,.T.);
#5996 = VERTEX_POINT('',#5997);
#5997 = CARTESIAN_POINT('',(33.5,169.5,142.5));
#5998 = VERTEX_POINT('',#5999);
#5999 = CARTESIAN_POINT('',(33.5,174.35,142.5));
#6000 = LINE('',#6001,#6002);
#6001 = CARTESIAN_POINT('',(33.5,141.85,142.5));
#6002 = VECTOR('',#6003,1.);
#6003 = DIRECTION('',(0.,1.,0.));
#6004 = ORIENTED_EDGE('',*,*,#6005,.T.);
#6005 = EDGE_CURVE('',#5996,#6006,#6008,.T.);
#6006 = VERTEX_POINT('',#6007);
#6007 = CARTESIAN_POINT('',(45.5,169.5,142.5));
#6008 = LINE('',#6009,#6010);
#6009 = CARTESIAN_POINT('',(33.5,169.5,142.5));
#6010 = VECTOR('',#6011,1.);
#6011 = DIRECTION('',(1.,0.,0.));
#6012 = ORIENTED_EDGE('',*,*,#6013,.T.);
#6013 = EDGE_CURVE('',#6006,#6014,#6016,.T.);
#6014 = VERTEX_POINT('',#6015);
#6015 = CARTESIAN_POINT('',(45.5,174.35,142.5));
#6016 = LINE('',#6017,#6018);
#6017 = CARTESIAN_POINT('',(45.5,141.85,142.5));
#6018 = VECTOR('',#6019,1.);
#6019 = DIRECTION('',(0.,1.,0.));
#6020 = ORIENTED_EDGE('',*,*,#6021,.F.);
#6021 = EDGE_CURVE('',#5998,#6014,#6022,.T.);
#6022 = LINE('',#6023,#6024);
#6023 = CARTESIAN_POINT('',(33.5,174.35,142.5));
#6024 = VECTOR('',#6025,1.);
#6025 = DIRECTION('',(1.,0.,0.));
#6026 = PLANE('',#6027);
#6027 = AXIS2_PLACEMENT_3D('',#6028,#6029,#6030);
#6028 = CARTESIAN_POINT('',(33.5,141.85,142.5));
#6029 = DIRECTION('',(0.,0.,1.));
#6030 = DIRECTION('',(1.,0.,0.));
#6031 = ADVANCED_FACE('',(#6032),#6057,.T.);
#6032 = FACE_BOUND('',#6033,.T.);
#6033 = EDGE_LOOP('',(#6034,#6044,#6050,#6051));
#6034 = ORIENTED_EDGE('',*,*,#6035,.F.);
#6035 = EDGE_CURVE('',#6036,#6038,#6040,.T.);
#6036 = VERTEX_POINT('',#6037);
#6037 = CARTESIAN_POINT('',(33.5,174.35,140.));
#6038 = VERTEX_POINT('',#6039);
#6039 = CARTESIAN_POINT('',(45.5,174.35,140.));
#6040 = LINE('',#6041,#6042);
#6041 = CARTESIAN_POINT('',(33.5,174.35,140.));
#6042 = VECTOR('',#6043,1.);
#6043 = DIRECTION('',(1.,0.,0.));
#6044 = ORIENTED_EDGE('',*,*,#6045,.T.);
#6045 = EDGE_CURVE('',#6036,#5998,#6046,.T.);
#6046 = LINE('',#6047,#6048);
#6047 = CARTESIAN_POINT('',(33.5,174.35,140.));
#6048 = VECTOR('',#6049,1.);
#6049 = DIRECTION('',(0.,0.,1.));
#6050 = ORIENTED_EDGE('',*,*,#6021,.T.);
#6051 = ORIENTED_EDGE('',*,*,#6052,.F.);
#6052 = EDGE_CURVE('',#6038,#6014,#6053,.T.);
#6053 = LINE('',#6054,#6055);
#6054 = CARTESIAN_POINT('',(45.5,174.35,140.));
#6055 = VECTOR('',#6056,1.);
#6056 = DIRECTION('',(0.,0.,1.));
#6057 = PLANE('',#6058);
#6058 = AXIS2_PLACEMENT_3D('',#6059,#6060,#6061);
#6059 = CARTESIAN_POINT('',(33.5,174.35,140.));
#6060 = DIRECTION('',(0.,1.,0.));
#6061 = DIRECTION('',(0.,0.,1.));
#6062 = ADVANCED_FACE('',(#6063),#6088,.F.);
#6063 = FACE_BOUND('',#6064,.F.);
#6064 = EDGE_LOOP('',(#6065,#6073,#6081,#6087));
#6065 = ORIENTED_EDGE('',*,*,#6066,.F.);
#6066 = EDGE_CURVE('',#6067,#6036,#6069,.T.);
#6067 = VERTEX_POINT('',#6068);
#6068 = CARTESIAN_POINT('',(33.5,169.5,140.));
#6069 = LINE('',#6070,#6071);
#6070 = CARTESIAN_POINT('',(33.5,141.85,140.));
#6071 = VECTOR('',#6072,1.);
#6072 = DIRECTION('',(0.,1.,0.));
#6073 = ORIENTED_EDGE('',*,*,#6074,.T.);
#6074 = EDGE_CURVE('',#6067,#6075,#6077,.T.);
#6075 = VERTEX_POINT('',#6076);
#6076 = CARTESIAN_POINT('',(45.5,169.5,140.));
#6077 = LINE('',#6078,#6079);
#6078 = CARTESIAN_POINT('',(33.5,169.5,140.));
#6079 = VECTOR('',#6080,1.);
#6080 = DIRECTION('',(1.,0.,0.));
#6081 = ORIENTED_EDGE('',*,*,#6082,.T.);
#6082 = EDGE_CURVE('',#6075,#6038,#6083,.T.);
#6083 = LINE('',#6084,#6085);
#6084 = CARTESIAN_POINT('',(45.5,141.85,140.));
#6085 = VECTOR('',#6086,1.);
#6086 = DIRECTION('',(0.,1.,0.));
#6087 = ORIENTED_EDGE('',*,*,#6035,.F.);
#6088 = PLANE('',#6089);
#6089 = AXIS2_PLACEMENT_3D('',#6090,#6091,#6092);
#6090 = CARTESIAN_POINT('',(33.5,141.85,140.));
#6091 = DIRECTION('',(0.,0.,1.));
#6092 = DIRECTION('',(1.,0.,0.));
#6093 = ADVANCED_FACE('',(#6094),#6119,.T.);
#6094 = FACE_BOUND('',#6095,.T.);
#6095 = EDGE_LOOP('',(#6096,#6106,#6112,#6113));
#6096 = ORIENTED_EDGE('',*,*,#6097,.F.);
#6097 = EDGE_CURVE('',#6098,#6100,#6102,.T.);
#6098 = VERTEX_POINT('',#6099);
#6099 = CARTESIAN_POINT('',(33.5,169.5,123.));
#6100 = VERTEX_POINT('',#6101);
#6101 = CARTESIAN_POINT('',(45.5,169.5,123.));
#6102 = LINE('',#6103,#6104);
#6103 = CARTESIAN_POINT('',(33.5,169.5,123.));
#6104 = VECTOR('',#6105,1.);
#6105 = DIRECTION('',(1.,0.,0.));
#6106 = ORIENTED_EDGE('',*,*,#6107,.T.);
#6107 = EDGE_CURVE('',#6098,#6067,#6108,.T.);
#6108 = LINE('',#6109,#6110);
#6109 = CARTESIAN_POINT('',(33.5,169.5,123.));
#6110 = VECTOR('',#6111,1.);
#6111 = DIRECTION('',(0.,0.,1.));
#6112 = ORIENTED_EDGE('',*,*,#6074,.T.);
#6113 = ORIENTED_EDGE('',*,*,#6114,.F.);
#6114 = EDGE_CURVE('',#6100,#6075,#6115,.T.);
#6115 = LINE('',#6116,#6117);
#6116 = CARTESIAN_POINT('',(45.5,169.5,123.));
#6117 = VECTOR('',#6118,1.);
#6118 = DIRECTION('',(0.,0.,1.));
#6119 = PLANE('',#6120);
#6120 = AXIS2_PLACEMENT_3D('',#6121,#6122,#6123);
#6121 = CARTESIAN_POINT('',(33.5,169.5,123.));
#6122 = DIRECTION('',(0.,1.,0.));
#6123 = DIRECTION('',(0.,0.,1.));
#6124 = ADVANCED_FACE('',(#6125),#6150,.F.);
#6125 = FACE_BOUND('',#6126,.F.);
#6126 = EDGE_LOOP('',(#6127,#6135,#6143,#6149));
#6127 = ORIENTED_EDGE('',*,*,#6128,.F.);
#6128 = EDGE_CURVE('',#6129,#6098,#6131,.T.);
#6129 = VERTEX_POINT('',#6130);
#6130 = CARTESIAN_POINT('',(33.5,146.7,123.));
#6131 = LINE('',#6132,#6133);
#6132 = CARTESIAN_POINT('',(33.5,146.7,123.));
#6133 = VECTOR('',#6134,1.);
#6134 = DIRECTION('',(0.,1.,0.));
#6135 = ORIENTED_EDGE('',*,*,#6136,.T.);
#6136 = EDGE_CURVE('',#6129,#6137,#6139,.T.);
#6137 = VERTEX_POINT('',#6138);
#6138 = CARTESIAN_POINT('',(45.5,146.7,123.));
#6139 = LINE('',#6140,#6141);
#6140 = CARTESIAN_POINT('',(33.5,146.7,123.));
#6141 = VECTOR('',#6142,1.);
#6142 = DIRECTION('',(1.,0.,0.));
#6143 = ORIENTED_EDGE('',*,*,#6144,.T.);
#6144 = EDGE_CURVE('',#6137,#6100,#6145,.T.);
#6145 = LINE('',#6146,#6147);
#6146 = CARTESIAN_POINT('',(45.5,146.7,123.));
#6147 = VECTOR('',#6148,1.);
#6148 = DIRECTION('',(0.,1.,0.));
#6149 = ORIENTED_EDGE('',*,*,#6097,.F.);
#6150 = PLANE('',#6151);
#6151 = AXIS2_PLACEMENT_3D('',#6152,#6153,#6154);
#6152 = CARTESIAN_POINT('',(33.5,146.7,123.));
#6153 = DIRECTION('',(0.,0.,1.));
#6154 = DIRECTION('',(1.,0.,0.));
#6155 = ADVANCED_FACE('',(#6156),#6181,.F.);
#6156 = FACE_BOUND('',#6157,.F.);
#6157 = EDGE_LOOP('',(#6158,#6159,#6167,#6175));
#6158 = ORIENTED_EDGE('',*,*,#6136,.F.);
#6159 = ORIENTED_EDGE('',*,*,#6160,.T.);
#6160 = EDGE_CURVE('',#6129,#6161,#6163,.T.);
#6161 = VERTEX_POINT('',#6162);
#6162 = CARTESIAN_POINT('',(33.5,146.7,140.));
#6163 = LINE('',#6164,#6165);
#6164 = CARTESIAN_POINT('',(33.5,146.7,123.));
#6165 = VECTOR('',#6166,1.);
#6166 = DIRECTION('',(0.,0.,1.));
#6167 = ORIENTED_EDGE('',*,*,#6168,.T.);
#6168 = EDGE_CURVE('',#6161,#6169,#6171,.T.);
#6169 = VERTEX_POINT('',#6170);
#6170 = CARTESIAN_POINT('',(45.5,146.7,140.));
#6171 = LINE('',#6172,#6173);
#6172 = CARTESIAN_POINT('',(33.5,146.7,140.));
#6173 = VECTOR('',#6174,1.);
#6174 = DIRECTION('',(1.,0.,0.));
#6175 = ORIENTED_EDGE('',*,*,#6176,.F.);
#6176 = EDGE_CURVE('',#6137,#6169,#6177,.T.);
#6177 = LINE('',#6178,#6179);
#6178 = CARTESIAN_POINT('',(45.5,146.7,123.));
#6179 = VECTOR('',#6180,1.);
#6180 = DIRECTION('',(0.,0.,1.));
#6181 = PLANE('',#6182);
#6182 = AXIS2_PLACEMENT_3D('',#6183,#6184,#6185);
#6183 = CARTESIAN_POINT('',(33.5,146.7,123.));
#6184 = DIRECTION('',(0.,1.,0.));
#6185 = DIRECTION('',(0.,0.,1.));
#6186 = ADVANCED_FACE('',(#6187),#6212,.F.);
#6187 = FACE_BOUND('',#6188,.F.);
#6188 = EDGE_LOOP('',(#6189,#6197,#6205,#6211));
#6189 = ORIENTED_EDGE('',*,*,#6190,.F.);
#6190 = EDGE_CURVE('',#6191,#6161,#6193,.T.);
#6191 = VERTEX_POINT('',#6192);
#6192 = CARTESIAN_POINT('',(33.5,141.85,140.));
#6193 = LINE('',#6194,#6195);
#6194 = CARTESIAN_POINT('',(33.5,141.85,140.));
#6195 = VECTOR('',#6196,1.);
#6196 = DIRECTION('',(0.,1.,0.));
#6197 = ORIENTED_EDGE('',*,*,#6198,.T.);
#6198 = EDGE_CURVE('',#6191,#6199,#6201,.T.);
#6199 = VERTEX_POINT('',#6200);
#6200 = CARTESIAN_POINT('',(45.5,141.85,140.));
#6201 = LINE('',#6202,#6203);
#6202 = CARTESIAN_POINT('',(33.5,141.85,140.));
#6203 = VECTOR('',#6204,1.);
#6204 = DIRECTION('',(1.,0.,0.));
#6205 = ORIENTED_EDGE('',*,*,#6206,.T.);
#6206 = EDGE_CURVE('',#6199,#6169,#6207,.T.);
#6207 = LINE('',#6208,#6209);
#6208 = CARTESIAN_POINT('',(45.5,141.85,140.));
#6209 = VECTOR('',#6210,1.);
#6210 = DIRECTION('',(0.,1.,0.));
#6211 = ORIENTED_EDGE('',*,*,#6168,.F.);
#6212 = PLANE('',#6213);
#6213 = AXIS2_PLACEMENT_3D('',#6214,#6215,#6216);
#6214 = CARTESIAN_POINT('',(33.5,141.85,140.));
#6215 = DIRECTION('',(0.,0.,1.));
#6216 = DIRECTION('',(1.,0.,0.));
#6217 = ADVANCED_FACE('',(#6218),#6243,.F.);
#6218 = FACE_BOUND('',#6219,.F.);
#6219 = EDGE_LOOP('',(#6220,#6221,#6229,#6237));
#6220 = ORIENTED_EDGE('',*,*,#6198,.F.);
#6221 = ORIENTED_EDGE('',*,*,#6222,.T.);
#6222 = EDGE_CURVE('',#6191,#6223,#6225,.T.);
#6223 = VERTEX_POINT('',#6224);
#6224 = CARTESIAN_POINT('',(33.5,141.85,142.5));
#6225 = LINE('',#6226,#6227);
#6226 = CARTESIAN_POINT('',(33.5,141.85,140.));
#6227 = VECTOR('',#6228,1.);
#6228 = DIRECTION('',(0.,0.,1.));
#6229 = ORIENTED_EDGE('',*,*,#6230,.T.);
#6230 = EDGE_CURVE('',#6223,#6231,#6233,.T.);
#6231 = VERTEX_POINT('',#6232);
#6232 = CARTESIAN_POINT('',(45.5,141.85,142.5));
#6233 = LINE('',#6234,#6235);
#6234 = CARTESIAN_POINT('',(33.5,141.85,142.5));
#6235 = VECTOR('',#6236,1.);
#6236 = DIRECTION('',(1.,0.,0.));
#6237 = ORIENTED_EDGE('',*,*,#6238,.F.);
#6238 = EDGE_CURVE('',#6199,#6231,#6239,.T.);
#6239 = LINE('',#6240,#6241);
#6240 = CARTESIAN_POINT('',(45.5,141.85,140.));
#6241 = VECTOR('',#6242,1.);
#6242 = DIRECTION('',(0.,0.,1.));
#6243 = PLANE('',#6244);
#6244 = AXIS2_PLACEMENT_3D('',#6245,#6246,#6247);
#6245 = CARTESIAN_POINT('',(33.5,141.85,140.));
#6246 = DIRECTION('',(0.,1.,0.));
#6247 = DIRECTION('',(0.,0.,1.));
#6248 = ADVANCED_FACE('',(#6249),#6274,.T.);
#6249 = FACE_BOUND('',#6250,.T.);
#6250 = EDGE_LOOP('',(#6251,#6259,#6260,#6268));
#6251 = ORIENTED_EDGE('',*,*,#6252,.F.);
#6252 = EDGE_CURVE('',#6223,#6253,#6255,.T.);
#6253 = VERTEX_POINT('',#6254);
#6254 = CARTESIAN_POINT('',(33.5,146.7,142.5));
#6255 = LINE('',#6256,#6257);
#6256 = CARTESIAN_POINT('',(33.5,141.85,142.5));
#6257 = VECTOR('',#6258,1.);
#6258 = DIRECTION('',(0.,1.,0.));
#6259 = ORIENTED_EDGE('',*,*,#6230,.T.);
#6260 = ORIENTED_EDGE('',*,*,#6261,.T.);
#6261 = EDGE_CURVE('',#6231,#6262,#6264,.T.);
#6262 = VERTEX_POINT('',#6263);
#6263 = CARTESIAN_POINT('',(45.5,146.7,142.5));
#6264 = LINE('',#6265,#6266);
#6265 = CARTESIAN_POINT('',(45.5,141.85,142.5));
#6266 = VECTOR('',#6267,1.);
#6267 = DIRECTION('',(0.,1.,0.));
#6268 = ORIENTED_EDGE('',*,*,#6269,.F.);
#6269 = EDGE_CURVE('',#6253,#6262,#6270,.T.);
#6270 = LINE('',#6271,#6272);
#6271 = CARTESIAN_POINT('',(33.5,146.7,142.5));
#6272 = VECTOR('',#6273,1.);
#6273 = DIRECTION('',(1.,0.,0.));
#6274 = PLANE('',#6275);
#6275 = AXIS2_PLACEMENT_3D('',#6276,#6277,#6278);
#6276 = CARTESIAN_POINT('',(33.5,141.85,142.5));
#6277 = DIRECTION('',(0.,0.,1.));
#6278 = DIRECTION('',(1.,0.,0.));
#6279 = ADVANCED_FACE('',(#6280),#6305,.F.);
#6280 = FACE_BOUND('',#6281,.F.);
#6281 = EDGE_LOOP('',(#6282,#6283,#6291,#6299));
#6282 = ORIENTED_EDGE('',*,*,#6269,.F.);
#6283 = ORIENTED_EDGE('',*,*,#6284,.T.);
#6284 = EDGE_CURVE('',#6253,#6285,#6287,.T.);
#6285 = VERTEX_POINT('',#6286);
#6286 = CARTESIAN_POINT('',(33.5,146.7,150.5));
#6287 = LINE('',#6288,#6289);
#6288 = CARTESIAN_POINT('',(33.5,146.7,142.5));
#6289 = VECTOR('',#6290,1.);
#6290 = DIRECTION('',(0.,0.,1.));
#6291 = ORIENTED_EDGE('',*,*,#6292,.T.);
#6292 = EDGE_CURVE('',#6285,#6293,#6295,.T.);
#6293 = VERTEX_POINT('',#6294);
#6294 = CARTESIAN_POINT('',(45.5,146.7,150.5));
#6295 = LINE('',#6296,#6297);
#6296 = CARTESIAN_POINT('',(33.5,146.7,150.5));
#6297 = VECTOR('',#6298,1.);
#6298 = DIRECTION('',(1.,0.,0.));
#6299 = ORIENTED_EDGE('',*,*,#6300,.F.);
#6300 = EDGE_CURVE('',#6262,#6293,#6301,.T.);
#6301 = LINE('',#6302,#6303);
#6302 = CARTESIAN_POINT('',(45.5,146.7,142.5));
#6303 = VECTOR('',#6304,1.);
#6304 = DIRECTION('',(0.,0.,1.));
#6305 = PLANE('',#6306);
#6306 = AXIS2_PLACEMENT_3D('',#6307,#6308,#6309);
#6307 = CARTESIAN_POINT('',(33.5,146.7,142.5));
#6308 = DIRECTION('',(0.,1.,0.));
#6309 = DIRECTION('',(0.,0.,1.));
#6310 = ADVANCED_FACE('',(#6311,#6336),#6347,.T.);
#6311 = FACE_BOUND('',#6312,.T.);
#6312 = EDGE_LOOP('',(#6313,#6321,#6322,#6330));
#6313 = ORIENTED_EDGE('',*,*,#6314,.F.);
#6314 = EDGE_CURVE('',#6285,#6315,#6317,.T.);
#6315 = VERTEX_POINT('',#6316);
#6316 = CARTESIAN_POINT('',(33.5,169.5,150.5));
#6317 = LINE('',#6318,#6319);
#6318 = CARTESIAN_POINT('',(33.5,146.7,150.5));
#6319 = VECTOR('',#6320,1.);
#6320 = DIRECTION('',(0.,1.,0.));
#6321 = ORIENTED_EDGE('',*,*,#6292,.T.);
#6322 = ORIENTED_EDGE('',*,*,#6323,.T.);
#6323 = EDGE_CURVE('',#6293,#6324,#6326,.T.);
#6324 = VERTEX_POINT('',#6325);
#6325 = CARTESIAN_POINT('',(45.5,169.5,150.5));
#6326 = LINE('',#6327,#6328);
#6327 = CARTESIAN_POINT('',(45.5,146.7,150.5));
#6328 = VECTOR('',#6329,1.);
#6329 = DIRECTION('',(0.,1.,0.));
#6330 = ORIENTED_EDGE('',*,*,#6331,.F.);
#6331 = EDGE_CURVE('',#6315,#6324,#6332,.T.);
#6332 = LINE('',#6333,#6334);
#6333 = CARTESIAN_POINT('',(33.5,169.5,150.5));
#6334 = VECTOR('',#6335,1.);
#6335 = DIRECTION('',(1.,0.,0.));
#6336 = FACE_BOUND('',#6337,.T.);
#6337 = EDGE_LOOP('',(#6338));
#6338 = ORIENTED_EDGE('',*,*,#6339,.F.);
#6339 = EDGE_CURVE('',#6340,#6340,#6342,.T.);
#6340 = VERTEX_POINT('',#6341);
#6341 = CARTESIAN_POINT('',(42.5,155.,150.5));
#6342 = CIRCLE('',#6343,3.);
#6343 = AXIS2_PLACEMENT_3D('',#6344,#6345,#6346);
#6344 = CARTESIAN_POINT('',(39.5,155.,150.5));
#6345 = DIRECTION('',(0.,0.,1.));
#6346 = DIRECTION('',(1.,0.,0.));
#6347 = PLANE('',#6348);
#6348 = AXIS2_PLACEMENT_3D('',#6349,#6350,#6351);
#6349 = CARTESIAN_POINT('',(33.5,146.7,150.5));
#6350 = DIRECTION('',(0.,0.,1.));
#6351 = DIRECTION('',(1.,0.,0.));
#6352 = ADVANCED_FACE('',(#6353),#6369,.T.);
#6353 = FACE_BOUND('',#6354,.T.);
#6354 = EDGE_LOOP('',(#6355,#6356,#6362,#6363));
#6355 = ORIENTED_EDGE('',*,*,#6005,.F.);
#6356 = ORIENTED_EDGE('',*,*,#6357,.T.);
#6357 = EDGE_CURVE('',#5996,#6315,#6358,.T.);
#6358 = LINE('',#6359,#6360);
#6359 = CARTESIAN_POINT('',(33.5,169.5,142.5));
#6360 = VECTOR('',#6361,1.);
#6361 = DIRECTION('',(0.,0.,1.));
#6362 = ORIENTED_EDGE('',*,*,#6331,.T.);
#6363 = ORIENTED_EDGE('',*,*,#6364,.F.);
#6364 = EDGE_CURVE('',#6006,#6324,#6365,.T.);
#6365 = LINE('',#6366,#6367);
#6366 = CARTESIAN_POINT('',(45.5,169.5,142.5));
#6367 = VECTOR('',#6368,1.);
#6368 = DIRECTION('',(0.,0.,1.));
#6369 = PLANE('',#6370);
#6370 = AXIS2_PLACEMENT_3D('',#6371,#6372,#6373);
#6371 = CARTESIAN_POINT('',(33.5,169.5,142.5));
#6372 = DIRECTION('',(0.,1.,0.));
#6373 = DIRECTION('',(0.,0.,1.));
#6374 = ADVANCED_FACE('',(#6375),#6394,.T.);
#6375 = FACE_BOUND('',#6376,.T.);
#6376 = EDGE_LOOP('',(#6377,#6386,#6392,#6393));
#6377 = ORIENTED_EDGE('',*,*,#6378,.F.);
#6378 = EDGE_CURVE('',#6379,#6379,#6381,.T.);
#6379 = VERTEX_POINT('',#6380);
#6380 = CARTESIAN_POINT('',(42.5,155.,153.2));
#6381 = CIRCLE('',#6382,3.);
#6382 = AXIS2_PLACEMENT_3D('',#6383,#6384,#6385);
#6383 = CARTESIAN_POINT('',(39.5,155.,153.2));
#6384 = DIRECTION('',(0.,0.,1.));
#6385 = DIRECTION('',(1.,0.,0.));
#6386 = ORIENTED_EDGE('',*,*,#6387,.F.);
#6387 = EDGE_CURVE('',#6340,#6379,#6388,.T.);
#6388 = LINE('',#6389,#6390);
#6389 = CARTESIAN_POINT('',(42.5,155.,150.5));
#6390 = VECTOR('',#6391,1.);
#6391 = DIRECTION('',(0.,0.,1.));
#6392 = ORIENTED_EDGE('',*,*,#6339,.T.);
#6393 = ORIENTED_EDGE('',*,*,#6387,.T.);
#6394 = CYLINDRICAL_SURFACE('',#6395,3.);
#6395 = AXIS2_PLACEMENT_3D('',#6396,#6397,#6398);
#6396 = CARTESIAN_POINT('',(39.5,155.,150.5));
#6397 = DIRECTION('',(0.,0.,1.));
#6398 = DIRECTION('',(1.,0.,0.));
#6399 = ADVANCED_FACE('',(#6400),#6403,.T.);
#6400 = FACE_BOUND('',#6401,.T.);
#6401 = EDGE_LOOP('',(#6402));
#6402 = ORIENTED_EDGE('',*,*,#6378,.T.);
#6403 = PLANE('',#6404);
#6404 = AXIS2_PLACEMENT_3D('',#6405,#6406,#6407);
#6405 = CARTESIAN_POINT('',(39.5,155.,153.2));
#6406 = DIRECTION('',(0.,0.,1.));
#6407 = DIRECTION('',(1.,0.,0.));
#6408 = ADVANCED_FACE('',(#6409),#6423,.T.);
#6409 = FACE_BOUND('',#6410,.T.);
#6410 = EDGE_LOOP('',(#6411,#6412,#6413,#6414,#6415,#6416,#6417,#6418,
    #6419,#6420,#6421,#6422));
#6411 = ORIENTED_EDGE('',*,*,#6160,.T.);
#6412 = ORIENTED_EDGE('',*,*,#6190,.F.);
#6413 = ORIENTED_EDGE('',*,*,#6222,.T.);
#6414 = ORIENTED_EDGE('',*,*,#6252,.T.);
#6415 = ORIENTED_EDGE('',*,*,#6284,.T.);
#6416 = ORIENTED_EDGE('',*,*,#6314,.T.);
#6417 = ORIENTED_EDGE('',*,*,#6357,.F.);
#6418 = ORIENTED_EDGE('',*,*,#5995,.T.);
#6419 = ORIENTED_EDGE('',*,*,#6045,.F.);
#6420 = ORIENTED_EDGE('',*,*,#6066,.F.);
#6421 = ORIENTED_EDGE('',*,*,#6107,.F.);
#6422 = ORIENTED_EDGE('',*,*,#6128,.F.);
#6423 = PLANE('',#6424);
#6424 = AXIS2_PLACEMENT_3D('',#6425,#6426,#6427);
#6425 = CARTESIAN_POINT('',(33.5,158.1,137.4775));
#6426 = DIRECTION('',(-1.,-0.,-0.));
#6427 = DIRECTION('',(0.,0.,-1.));
#6428 = ADVANCED_FACE('',(#6429),#6443,.T.);
#6429 = FACE_BOUND('',#6430,.T.);
#6430 = EDGE_LOOP('',(#6431,#6432,#6433,#6434,#6435,#6436,#6437,#6438,
    #6439,#6440,#6441,#6442));
#6431 = ORIENTED_EDGE('',*,*,#6176,.F.);
#6432 = ORIENTED_EDGE('',*,*,#6144,.T.);
#6433 = ORIENTED_EDGE('',*,*,#6114,.T.);
#6434 = ORIENTED_EDGE('',*,*,#6082,.T.);
#6435 = ORIENTED_EDGE('',*,*,#6052,.T.);
#6436 = ORIENTED_EDGE('',*,*,#6013,.F.);
#6437 = ORIENTED_EDGE('',*,*,#6364,.T.);
#6438 = ORIENTED_EDGE('',*,*,#6323,.F.);
#6439 = ORIENTED_EDGE('',*,*,#6300,.F.);
#6440 = ORIENTED_EDGE('',*,*,#6261,.F.);
#6441 = ORIENTED_EDGE('',*,*,#6238,.F.);
#6442 = ORIENTED_EDGE('',*,*,#6206,.T.);
#6443 = PLANE('',#6444);
#6444 = AXIS2_PLACEMENT_3D('',#6445,#6446,#6447);
#6445 = CARTESIAN_POINT('',(45.5,158.1,137.4775));
#6446 = DIRECTION('',(1.,0.,0.));
#6447 = DIRECTION('',(0.,0.,1.));
#6448 = MANIFOLD_SOLID_BREP('',#6449);
#6449 = CLOSED_SHELL('',(#6450,#6490,#6521,#6552,#6583,#6614,#6645,#6676
    ,#6707,#6738,#6769,#6800,#6822,#6842));
#6450 = ADVANCED_FACE('',(#6451),#6485,.F.);
#6451 = FACE_BOUND('',#6452,.F.);
#6452 = EDGE_LOOP('',(#6453,#6463,#6471,#6479));
#6453 = ORIENTED_EDGE('',*,*,#6454,.F.);
#6454 = EDGE_CURVE('',#6455,#6457,#6459,.T.);
#6455 = VERTEX_POINT('',#6456);
#6456 = CARTESIAN_POINT('',(42.5,173.,155.2));
#6457 = VERTEX_POINT('',#6458);
#6458 = CARTESIAN_POINT('',(42.5,158.,155.2));
#6459 = LINE('',#6460,#6461);
#6460 = CARTESIAN_POINT('',(42.5,173.,155.2));
#6461 = VECTOR('',#6462,1.);
#6462 = DIRECTION('',(0.,-1.,0.));
#6463 = ORIENTED_EDGE('',*,*,#6464,.F.);
#6464 = EDGE_CURVE('',#6465,#6455,#6467,.T.);
#6465 = VERTEX_POINT('',#6466);
#6466 = CARTESIAN_POINT('',(42.5,173.,153.2));
#6467 = LINE('',#6468,#6469);
#6468 = CARTESIAN_POINT('',(42.5,173.,153.2));
#6469 = VECTOR('',#6470,1.);
#6470 = DIRECTION('',(0.,0.,1.));
#6471 = ORIENTED_EDGE('',*,*,#6472,.T.);
#6472 = EDGE_CURVE('',#6465,#6473,#6475,.T.);
#6473 = VERTEX_POINT('',#6474);
#6474 = CARTESIAN_POINT('',(42.5,158.,153.2));
#6475 = LINE('',#6476,#6477);
#6476 = CARTESIAN_POINT('',(42.5,173.,153.2));
#6477 = VECTOR('',#6478,1.);
#6478 = DIRECTION('',(0.,-1.,0.));
#6479 = ORIENTED_EDGE('',*,*,#6480,.T.);
#6480 = EDGE_CURVE('',#6473,#6457,#6481,.T.);
#6481 = LINE('',#6482,#6483);
#6482 = CARTESIAN_POINT('',(42.5,158.,153.2));
#6483 = VECTOR('',#6484,1.);
#6484 = DIRECTION('',(0.,0.,1.));
#6485 = PLANE('',#6486);
#6486 = AXIS2_PLACEMENT_3D('',#6487,#6488,#6489);
#6487 = CARTESIAN_POINT('',(42.5,173.,153.2));
#6488 = DIRECTION('',(-1.,0.,0.));
#6489 = DIRECTION('',(0.,0.,1.));
#6490 = ADVANCED_FACE('',(#6491),#6516,.F.);
#6491 = FACE_BOUND('',#6492,.F.);
#6492 = EDGE_LOOP('',(#6493,#6501,#6509,#6515));
#6493 = ORIENTED_EDGE('',*,*,#6494,.F.);
#6494 = EDGE_CURVE('',#6495,#6473,#6497,.T.);
#6495 = VERTEX_POINT('',#6496);
#6496 = CARTESIAN_POINT('',(48.5,158.,153.2));
#6497 = LINE('',#6498,#6499);
#6498 = CARTESIAN_POINT('',(48.5,158.,153.2));
#6499 = VECTOR('',#6500,1.);
#6500 = DIRECTION('',(-1.,0.,0.));
#6501 = ORIENTED_EDGE('',*,*,#6502,.T.);
#6502 = EDGE_CURVE('',#6495,#6503,#6505,.T.);
#6503 = VERTEX_POINT('',#6504);
#6504 = CARTESIAN_POINT('',(48.5,158.,155.2));
#6505 = LINE('',#6506,#6507);
#6506 = CARTESIAN_POINT('',(48.5,158.,153.2));
#6507 = VECTOR('',#6508,1.);
#6508 = DIRECTION('',(0.,0.,1.));
#6509 = ORIENTED_EDGE('',*,*,#6510,.T.);
#6510 = EDGE_CURVE('',#6503,#6457,#6511,.T.);
#6511 = LINE('',#6512,#6513);
#6512 = CARTESIAN_POINT('',(48.5,158.,155.2));
#6513 = VECTOR('',#6514,1.);
#6514 = DIRECTION('',(-1.,0.,0.));
#6515 = ORIENTED_EDGE('',*,*,#6480,.F.);
#6516 = PLANE('',#6517);
#6517 = AXIS2_PLACEMENT_3D('',#6518,#6519,#6520);
#6518 = CARTESIAN_POINT('',(48.5,158.,153.2));
#6519 = DIRECTION('',(0.,-1.,0.));
#6520 = DIRECTION('',(0.,0.,1.));
#6521 = ADVANCED_FACE('',(#6522),#6547,.F.);
#6522 = FACE_BOUND('',#6523,.F.);
#6523 = EDGE_LOOP('',(#6524,#6532,#6533,#6541));
#6524 = ORIENTED_EDGE('',*,*,#6525,.F.);
#6525 = EDGE_CURVE('',#6465,#6526,#6528,.T.);
#6526 = VERTEX_POINT('',#6527);
#6527 = CARTESIAN_POINT('',(36.5,173.,153.2));
#6528 = LINE('',#6529,#6530);
#6529 = CARTESIAN_POINT('',(42.5,173.,153.2));
#6530 = VECTOR('',#6531,1.);
#6531 = DIRECTION('',(-1.,0.,0.));
#6532 = ORIENTED_EDGE('',*,*,#6464,.T.);
#6533 = ORIENTED_EDGE('',*,*,#6534,.T.);
#6534 = EDGE_CURVE('',#6455,#6535,#6537,.T.);
#6535 = VERTEX_POINT('',#6536);
#6536 = CARTESIAN_POINT('',(36.5,173.,155.2));
#6537 = LINE('',#6538,#6539);
#6538 = CARTESIAN_POINT('',(42.5,173.,155.2));
#6539 = VECTOR('',#6540,1.);
#6540 = DIRECTION('',(-1.,0.,0.));
#6541 = ORIENTED_EDGE('',*,*,#6542,.F.);
#6542 = EDGE_CURVE('',#6526,#6535,#6543,.T.);
#6543 = LINE('',#6544,#6545);
#6544 = CARTESIAN_POINT('',(36.5,173.,153.2));
#6545 = VECTOR('',#6546,1.);
#6546 = DIRECTION('',(0.,0.,1.));
#6547 = PLANE('',#6548);
#6548 = AXIS2_PLACEMENT_3D('',#6549,#6550,#6551);
#6549 = CARTESIAN_POINT('',(42.5,173.,153.2));
#6550 = DIRECTION('',(0.,-1.,0.));
#6551 = DIRECTION('',(0.,0.,1.));
#6552 = ADVANCED_FACE('',(#6553),#6578,.T.);
#6553 = FACE_BOUND('',#6554,.T.);
#6554 = EDGE_LOOP('',(#6555,#6563,#6564,#6572));
#6555 = ORIENTED_EDGE('',*,*,#6556,.F.);
#6556 = EDGE_CURVE('',#6535,#6557,#6559,.T.);
#6557 = VERTEX_POINT('',#6558);
#6558 = CARTESIAN_POINT('',(36.5,158.,155.2));
#6559 = LINE('',#6560,#6561);
#6560 = CARTESIAN_POINT('',(36.5,173.,155.2));
#6561 = VECTOR('',#6562,1.);
#6562 = DIRECTION('',(0.,-1.,0.));
#6563 = ORIENTED_EDGE('',*,*,#6542,.F.);
#6564 = ORIENTED_EDGE('',*,*,#6565,.T.);
#6565 = EDGE_CURVE('',#6526,#6566,#6568,.T.);
#6566 = VERTEX_POINT('',#6567);
#6567 = CARTESIAN_POINT('',(36.5,158.,153.2));
#6568 = LINE('',#6569,#6570);
#6569 = CARTESIAN_POINT('',(36.5,173.,153.2));
#6570 = VECTOR('',#6571,1.);
#6571 = DIRECTION('',(0.,-1.,0.));
#6572 = ORIENTED_EDGE('',*,*,#6573,.T.);
#6573 = EDGE_CURVE('',#6566,#6557,#6574,.T.);
#6574 = LINE('',#6575,#6576);
#6575 = CARTESIAN_POINT('',(36.5,158.,153.2));
#6576 = VECTOR('',#6577,1.);
#6577 = DIRECTION('',(0.,0.,1.));
#6578 = PLANE('',#6579);
#6579 = AXIS2_PLACEMENT_3D('',#6580,#6581,#6582);
#6580 = CARTESIAN_POINT('',(36.5,173.,153.2));
#6581 = DIRECTION('',(-1.,0.,0.));
#6582 = DIRECTION('',(0.,0.,1.));
#6583 = ADVANCED_FACE('',(#6584),#6609,.F.);
#6584 = FACE_BOUND('',#6585,.F.);
#6585 = EDGE_LOOP('',(#6586,#6587,#6595,#6603));
#6586 = ORIENTED_EDGE('',*,*,#6502,.F.);
#6587 = ORIENTED_EDGE('',*,*,#6588,.T.);
#6588 = EDGE_CURVE('',#6495,#6589,#6591,.T.);
#6589 = VERTEX_POINT('',#6590);
#6590 = CARTESIAN_POINT('',(48.5,152.,153.2));
#6591 = LINE('',#6592,#6593);
#6592 = CARTESIAN_POINT('',(48.5,158.,153.2));
#6593 = VECTOR('',#6594,1.);
#6594 = DIRECTION('',(0.,-1.,0.));
#6595 = ORIENTED_EDGE('',*,*,#6596,.T.);
#6596 = EDGE_CURVE('',#6589,#6597,#6599,.T.);
#6597 = VERTEX_POINT('',#6598);
#6598 = CARTESIAN_POINT('',(48.5,152.,155.2));
#6599 = LINE('',#6600,#6601);
#6600 = CARTESIAN_POINT('',(48.5,152.,153.2));
#6601 = VECTOR('',#6602,1.);
#6602 = DIRECTION('',(0.,0.,1.));
#6603 = ORIENTED_EDGE('',*,*,#6604,.F.);
#6604 = EDGE_CURVE('',#6503,#6597,#6605,.T.);
#6605 = LINE('',#6606,#6607);
#6606 = CARTESIAN_POINT('',(48.5,158.,155.2));
#6607 = VECTOR('',#6608,1.);
#6608 = DIRECTION('',(0.,-1.,0.));
#6609 = PLANE('',#6610);
#6610 = AXIS2_PLACEMENT_3D('',#6611,#6612,#6613);
#6611 = CARTESIAN_POINT('',(48.5,158.,153.2));
#6612 = DIRECTION('',(-1.,0.,0.));
#6613 = DIRECTION('',(0.,0.,1.));
#6614 = ADVANCED_FACE('',(#6615),#6640,.F.);
#6615 = FACE_BOUND('',#6616,.F.);
#6616 = EDGE_LOOP('',(#6617,#6625,#6626,#6634));
#6617 = ORIENTED_EDGE('',*,*,#6618,.F.);
#6618 = EDGE_CURVE('',#6566,#6619,#6621,.T.);
#6619 = VERTEX_POINT('',#6620);
#6620 = CARTESIAN_POINT('',(30.5,158.,153.2));
#6621 = LINE('',#6622,#6623);
#6622 = CARTESIAN_POINT('',(48.5,158.,153.2));
#6623 = VECTOR('',#6624,1.);
#6624 = DIRECTION('',(-1.,0.,0.));
#6625 = ORIENTED_EDGE('',*,*,#6573,.T.);
#6626 = ORIENTED_EDGE('',*,*,#6627,.T.);
#6627 = EDGE_CURVE('',#6557,#6628,#6630,.T.);
#6628 = VERTEX_POINT('',#6629);
#6629 = CARTESIAN_POINT('',(30.5,158.,155.2));
#6630 = LINE('',#6631,#6632);
#6631 = CARTESIAN_POINT('',(48.5,158.,155.2));
#6632 = VECTOR('',#6633,1.);
#6633 = DIRECTION('',(-1.,0.,0.));
#6634 = ORIENTED_EDGE('',*,*,#6635,.F.);
#6635 = EDGE_CURVE('',#6619,#6628,#6636,.T.);
#6636 = LINE('',#6637,#6638);
#6637 = CARTESIAN_POINT('',(30.5,158.,153.2));
#6638 = VECTOR('',#6639,1.);
#6639 = DIRECTION('',(0.,0.,1.));
#6640 = PLANE('',#6641);
#6641 = AXIS2_PLACEMENT_3D('',#6642,#6643,#6644);
#6642 = CARTESIAN_POINT('',(48.5,158.,153.2));
#6643 = DIRECTION('',(0.,-1.,0.));
#6644 = DIRECTION('',(0.,0.,1.));
#6645 = ADVANCED_FACE('',(#6646),#6671,.T.);
#6646 = FACE_BOUND('',#6647,.T.);
#6647 = EDGE_LOOP('',(#6648,#6656,#6657,#6665));
#6648 = ORIENTED_EDGE('',*,*,#6649,.F.);
#6649 = EDGE_CURVE('',#6589,#6650,#6652,.T.);
#6650 = VERTEX_POINT('',#6651);
#6651 = CARTESIAN_POINT('',(42.5,152.,153.2));
#6652 = LINE('',#6653,#6654);
#6653 = CARTESIAN_POINT('',(48.5,152.,153.2));
#6654 = VECTOR('',#6655,1.);
#6655 = DIRECTION('',(-1.,0.,0.));
#6656 = ORIENTED_EDGE('',*,*,#6596,.T.);
#6657 = ORIENTED_EDGE('',*,*,#6658,.T.);
#6658 = EDGE_CURVE('',#6597,#6659,#6661,.T.);
#6659 = VERTEX_POINT('',#6660);
#6660 = CARTESIAN_POINT('',(42.5,152.,155.2));
#6661 = LINE('',#6662,#6663);
#6662 = CARTESIAN_POINT('',(48.5,152.,155.2));
#6663 = VECTOR('',#6664,1.);
#6664 = DIRECTION('',(-1.,0.,0.));
#6665 = ORIENTED_EDGE('',*,*,#6666,.F.);
#6666 = EDGE_CURVE('',#6650,#6659,#6667,.T.);
#6667 = LINE('',#6668,#6669);
#6668 = CARTESIAN_POINT('',(42.5,152.,153.2));
#6669 = VECTOR('',#6670,1.);
#6670 = DIRECTION('',(0.,0.,1.));
#6671 = PLANE('',#6672);
#6672 = AXIS2_PLACEMENT_3D('',#6673,#6674,#6675);
#6673 = CARTESIAN_POINT('',(48.5,152.,153.2));
#6674 = DIRECTION('',(0.,-1.,0.));
#6675 = DIRECTION('',(0.,0.,1.));
#6676 = ADVANCED_FACE('',(#6677),#6702,.F.);
#6677 = FACE_BOUND('',#6678,.F.);
#6678 = EDGE_LOOP('',(#6679,#6687,#6688,#6696));
#6679 = ORIENTED_EDGE('',*,*,#6680,.F.);
#6680 = EDGE_CURVE('',#6659,#6681,#6683,.T.);
#6681 = VERTEX_POINT('',#6682);
#6682 = CARTESIAN_POINT('',(42.5,137.,155.2));
#6683 = LINE('',#6684,#6685);
#6684 = CARTESIAN_POINT('',(42.5,173.,155.2));
#6685 = VECTOR('',#6686,1.);
#6686 = DIRECTION('',(0.,-1.,0.));
#6687 = ORIENTED_EDGE('',*,*,#6666,.F.);
#6688 = ORIENTED_EDGE('',*,*,#6689,.T.);
#6689 = EDGE_CURVE('',#6650,#6690,#6692,.T.);
#6690 = VERTEX_POINT('',#6691);
#6691 = CARTESIAN_POINT('',(42.5,137.,153.2));
#6692 = LINE('',#6693,#6694);
#6693 = CARTESIAN_POINT('',(42.5,173.,153.2));
#6694 = VECTOR('',#6695,1.);
#6695 = DIRECTION('',(0.,-1.,0.));
#6696 = ORIENTED_EDGE('',*,*,#6697,.T.);
#6697 = EDGE_CURVE('',#6690,#6681,#6698,.T.);
#6698 = LINE('',#6699,#6700);
#6699 = CARTESIAN_POINT('',(42.5,137.,153.2));
#6700 = VECTOR('',#6701,1.);
#6701 = DIRECTION('',(0.,0.,1.));
#6702 = PLANE('',#6703);
#6703 = AXIS2_PLACEMENT_3D('',#6704,#6705,#6706);
#6704 = CARTESIAN_POINT('',(42.5,173.,153.2));
#6705 = DIRECTION('',(-1.,0.,0.));
#6706 = DIRECTION('',(0.,0.,1.));
#6707 = ADVANCED_FACE('',(#6708),#6733,.T.);
#6708 = FACE_BOUND('',#6709,.T.);
#6709 = EDGE_LOOP('',(#6710,#6718,#6719,#6727));
#6710 = ORIENTED_EDGE('',*,*,#6711,.F.);
#6711 = EDGE_CURVE('',#6690,#6712,#6714,.T.);
#6712 = VERTEX_POINT('',#6713);
#6713 = CARTESIAN_POINT('',(36.5,137.,153.2));
#6714 = LINE('',#6715,#6716);
#6715 = CARTESIAN_POINT('',(42.5,137.,153.2));
#6716 = VECTOR('',#6717,1.);
#6717 = DIRECTION('',(-1.,0.,0.));
#6718 = ORIENTED_EDGE('',*,*,#6697,.T.);
#6719 = ORIENTED_EDGE('',*,*,#6720,.T.);
#6720 = EDGE_CURVE('',#6681,#6721,#6723,.T.);
#6721 = VERTEX_POINT('',#6722);
#6722 = CARTESIAN_POINT('',(36.5,137.,155.2));
#6723 = LINE('',#6724,#6725);
#6724 = CARTESIAN_POINT('',(42.5,137.,155.2));
#6725 = VECTOR('',#6726,1.);
#6726 = DIRECTION('',(-1.,0.,0.));
#6727 = ORIENTED_EDGE('',*,*,#6728,.F.);
#6728 = EDGE_CURVE('',#6712,#6721,#6729,.T.);
#6729 = LINE('',#6730,#6731);
#6730 = CARTESIAN_POINT('',(36.5,137.,153.2));
#6731 = VECTOR('',#6732,1.);
#6732 = DIRECTION('',(0.,0.,1.));
#6733 = PLANE('',#6734);
#6734 = AXIS2_PLACEMENT_3D('',#6735,#6736,#6737);
#6735 = CARTESIAN_POINT('',(42.5,137.,153.2));
#6736 = DIRECTION('',(0.,-1.,0.));
#6737 = DIRECTION('',(0.,0.,1.));
#6738 = ADVANCED_FACE('',(#6739),#6764,.T.);
#6739 = FACE_BOUND('',#6740,.T.);
#6740 = EDGE_LOOP('',(#6741,#6749,#6757,#6763));
#6741 = ORIENTED_EDGE('',*,*,#6742,.F.);
#6742 = EDGE_CURVE('',#6743,#6721,#6745,.T.);
#6743 = VERTEX_POINT('',#6744);
#6744 = CARTESIAN_POINT('',(36.5,152.,155.2));
#6745 = LINE('',#6746,#6747);
#6746 = CARTESIAN_POINT('',(36.5,173.,155.2));
#6747 = VECTOR('',#6748,1.);
#6748 = DIRECTION('',(0.,-1.,0.));
#6749 = ORIENTED_EDGE('',*,*,#6750,.F.);
#6750 = EDGE_CURVE('',#6751,#6743,#6753,.T.);
#6751 = VERTEX_POINT('',#6752);
#6752 = CARTESIAN_POINT('',(36.5,152.,153.2));
#6753 = LINE('',#6754,#6755);
#6754 = CARTESIAN_POINT('',(36.5,152.,153.2));
#6755 = VECTOR('',#6756,1.);
#6756 = DIRECTION('',(0.,0.,1.));
#6757 = ORIENTED_EDGE('',*,*,#6758,.T.);
#6758 = EDGE_CURVE('',#6751,#6712,#6759,.T.);
#6759 = LINE('',#6760,#6761);
#6760 = CARTESIAN_POINT('',(36.5,173.,153.2));
#6761 = VECTOR('',#6762,1.);
#6762 = DIRECTION('',(0.,-1.,0.));
#6763 = ORIENTED_EDGE('',*,*,#6728,.T.);
#6764 = PLANE('',#6765);
#6765 = AXIS2_PLACEMENT_3D('',#6766,#6767,#6768);
#6766 = CARTESIAN_POINT('',(36.5,173.,153.2));
#6767 = DIRECTION('',(-1.,0.,0.));
#6768 = DIRECTION('',(0.,0.,1.));
#6769 = ADVANCED_FACE('',(#6770),#6795,.T.);
#6770 = FACE_BOUND('',#6771,.T.);
#6771 = EDGE_LOOP('',(#6772,#6780,#6781,#6789));
#6772 = ORIENTED_EDGE('',*,*,#6773,.F.);
#6773 = EDGE_CURVE('',#6751,#6774,#6776,.T.);
#6774 = VERTEX_POINT('',#6775);
#6775 = CARTESIAN_POINT('',(30.5,152.,153.2));
#6776 = LINE('',#6777,#6778);
#6777 = CARTESIAN_POINT('',(48.5,152.,153.2));
#6778 = VECTOR('',#6779,1.);
#6779 = DIRECTION('',(-1.,0.,0.));
#6780 = ORIENTED_EDGE('',*,*,#6750,.T.);
#6781 = ORIENTED_EDGE('',*,*,#6782,.T.);
#6782 = EDGE_CURVE('',#6743,#6783,#6785,.T.);
#6783 = VERTEX_POINT('',#6784);
#6784 = CARTESIAN_POINT('',(30.5,152.,155.2));
#6785 = LINE('',#6786,#6787);
#6786 = CARTESIAN_POINT('',(48.5,152.,155.2));
#6787 = VECTOR('',#6788,1.);
#6788 = DIRECTION('',(-1.,0.,0.));
#6789 = ORIENTED_EDGE('',*,*,#6790,.F.);
#6790 = EDGE_CURVE('',#6774,#6783,#6791,.T.);
#6791 = LINE('',#6792,#6793);
#6792 = CARTESIAN_POINT('',(30.5,152.,153.2));
#6793 = VECTOR('',#6794,1.);
#6794 = DIRECTION('',(0.,0.,1.));
#6795 = PLANE('',#6796);
#6796 = AXIS2_PLACEMENT_3D('',#6797,#6798,#6799);
#6797 = CARTESIAN_POINT('',(48.5,152.,153.2));
#6798 = DIRECTION('',(0.,-1.,0.));
#6799 = DIRECTION('',(0.,0.,1.));
#6800 = ADVANCED_FACE('',(#6801),#6817,.T.);
#6801 = FACE_BOUND('',#6802,.T.);
#6802 = EDGE_LOOP('',(#6803,#6804,#6810,#6811));
#6803 = ORIENTED_EDGE('',*,*,#6635,.F.);
#6804 = ORIENTED_EDGE('',*,*,#6805,.T.);
#6805 = EDGE_CURVE('',#6619,#6774,#6806,.T.);
#6806 = LINE('',#6807,#6808);
#6807 = CARTESIAN_POINT('',(30.5,158.,153.2));
#6808 = VECTOR('',#6809,1.);
#6809 = DIRECTION('',(0.,-1.,0.));
#6810 = ORIENTED_EDGE('',*,*,#6790,.T.);
#6811 = ORIENTED_EDGE('',*,*,#6812,.F.);
#6812 = EDGE_CURVE('',#6628,#6783,#6813,.T.);
#6813 = LINE('',#6814,#6815);
#6814 = CARTESIAN_POINT('',(30.5,158.,155.2));
#6815 = VECTOR('',#6816,1.);
#6816 = DIRECTION('',(0.,-1.,0.));
#6817 = PLANE('',#6818);
#6818 = AXIS2_PLACEMENT_3D('',#6819,#6820,#6821);
#6819 = CARTESIAN_POINT('',(30.5,158.,153.2));
#6820 = DIRECTION('',(-1.,0.,0.));
#6821 = DIRECTION('',(0.,0.,1.));
#6822 = ADVANCED_FACE('',(#6823),#6837,.T.);
#6823 = FACE_BOUND('',#6824,.T.);
#6824 = EDGE_LOOP('',(#6825,#6826,#6827,#6828,#6829,#6830,#6831,#6832,
    #6833,#6834,#6835,#6836));
#6825 = ORIENTED_EDGE('',*,*,#6454,.F.);
#6826 = ORIENTED_EDGE('',*,*,#6534,.T.);
#6827 = ORIENTED_EDGE('',*,*,#6556,.T.);
#6828 = ORIENTED_EDGE('',*,*,#6627,.T.);
#6829 = ORIENTED_EDGE('',*,*,#6812,.T.);
#6830 = ORIENTED_EDGE('',*,*,#6782,.F.);
#6831 = ORIENTED_EDGE('',*,*,#6742,.T.);
#6832 = ORIENTED_EDGE('',*,*,#6720,.F.);
#6833 = ORIENTED_EDGE('',*,*,#6680,.F.);
#6834 = ORIENTED_EDGE('',*,*,#6658,.F.);
#6835 = ORIENTED_EDGE('',*,*,#6604,.F.);
#6836 = ORIENTED_EDGE('',*,*,#6510,.T.);
#6837 = PLANE('',#6838);
#6838 = AXIS2_PLACEMENT_3D('',#6839,#6840,#6841);
#6839 = CARTESIAN_POINT('',(39.5,155.,155.2));
#6840 = DIRECTION('',(0.,0.,1.));
#6841 = DIRECTION('',(-1.,0.,0.));
#6842 = ADVANCED_FACE('',(#6843),#6857,.T.);
#6843 = FACE_BOUND('',#6844,.T.);
#6844 = EDGE_LOOP('',(#6845,#6846,#6847,#6848,#6849,#6850,#6851,#6852,
    #6853,#6854,#6855,#6856));
#6845 = ORIENTED_EDGE('',*,*,#6472,.T.);
#6846 = ORIENTED_EDGE('',*,*,#6494,.F.);
#6847 = ORIENTED_EDGE('',*,*,#6588,.T.);
#6848 = ORIENTED_EDGE('',*,*,#6649,.T.);
#6849 = ORIENTED_EDGE('',*,*,#6689,.T.);
#6850 = ORIENTED_EDGE('',*,*,#6711,.T.);
#6851 = ORIENTED_EDGE('',*,*,#6758,.F.);
#6852 = ORIENTED_EDGE('',*,*,#6773,.T.);
#6853 = ORIENTED_EDGE('',*,*,#6805,.F.);
#6854 = ORIENTED_EDGE('',*,*,#6618,.F.);
#6855 = ORIENTED_EDGE('',*,*,#6565,.F.);
#6856 = ORIENTED_EDGE('',*,*,#6525,.F.);
#6857 = PLANE('',#6858);
#6858 = AXIS2_PLACEMENT_3D('',#6859,#6860,#6861);
#6859 = CARTESIAN_POINT('',(39.5,155.,153.2));
#6860 = DIRECTION('',(0.,0.,-1.));
#6861 = DIRECTION('',(1.,0.,0.));
#6862 = MANIFOLD_SOLID_BREP('',#6863);
#6863 = CLOSED_SHELL('',(#6864,#6904,#7143,#7183,#7417,#7434,#7451,#7468
    ,#7485,#7510,#7526,#7643,#7660,#7677,#7689,#7720,#7737,#7754,#7771,
    #7788,#7886,#7909,#7932,#7949,#7966,#7983,#8016,#8044,#8061,#8083,
    #8095,#8112,#8135,#8159,#8183,#8200,#8220,#8243,#8255,#8272,#8284,
    #8301,#8323,#8340,#8357,#8369,#8386));
#6864 = ADVANCED_FACE('',(#6865),#6899,.T.);
#6865 = FACE_BOUND('',#6866,.T.);
#6866 = EDGE_LOOP('',(#6867,#6877,#6885,#6893));
#6867 = ORIENTED_EDGE('',*,*,#6868,.F.);
#6868 = EDGE_CURVE('',#6869,#6871,#6873,.T.);
#6869 = VERTEX_POINT('',#6870);
#6870 = CARTESIAN_POINT('',(12.5,160.,172.));
#6871 = VERTEX_POINT('',#6872);
#6872 = CARTESIAN_POINT('',(12.5,148.,172.));
#6873 = LINE('',#6874,#6875);
#6874 = CARTESIAN_POINT('',(12.5,160.,172.));
#6875 = VECTOR('',#6876,1.);
#6876 = DIRECTION('',(0.,-1.,0.));
#6877 = ORIENTED_EDGE('',*,*,#6878,.F.);
#6878 = EDGE_CURVE('',#6879,#6869,#6881,.T.);
#6879 = VERTEX_POINT('',#6880);
#6880 = CARTESIAN_POINT('',(12.5,160.,168.));
#6881 = LINE('',#6882,#6883);
#6882 = CARTESIAN_POINT('',(12.5,160.,168.));
#6883 = VECTOR('',#6884,1.);
#6884 = DIRECTION('',(0.,0.,1.));
#6885 = ORIENTED_EDGE('',*,*,#6886,.T.);
#6886 = EDGE_CURVE('',#6879,#6887,#6889,.T.);
#6887 = VERTEX_POINT('',#6888);
#6888 = CARTESIAN_POINT('',(12.5,148.,168.));
#6889 = LINE('',#6890,#6891);
#6890 = CARTESIAN_POINT('',(12.5,156.,168.));
#6891 = VECTOR('',#6892,1.);
#6892 = DIRECTION('',(0.,-1.,0.));
#6893 = ORIENTED_EDGE('',*,*,#6894,.F.);
#6894 = EDGE_CURVE('',#6871,#6887,#6895,.T.);
#6895 = LINE('',#6896,#6897);
#6896 = CARTESIAN_POINT('',(12.5,148.,178.68644067796));
#6897 = VECTOR('',#6898,1.);
#6898 = DIRECTION('',(0.,0.,-1.));
#6899 = PLANE('',#6900);
#6900 = AXIS2_PLACEMENT_3D('',#6901,#6902,#6903);
#6901 = CARTESIAN_POINT('',(12.5,142.5,170.));
#6902 = DIRECTION('',(-1.,0.,0.));
#6903 = DIRECTION('',(0.,0.,1.));
#6904 = ADVANCED_FACE('',(#6905,#7108,#7119),#7138,.T.);
#6905 = FACE_BOUND('',#6906,.T.);
#6906 = EDGE_LOOP('',(#6907,#6917,#6923,#6924,#6932,#6940,#6948,#6956,
    #6964,#6972,#6980,#6989,#6997,#7005,#7013,#7021,#7029,#7037,#7045,
    #7053,#7061,#7069,#7077,#7086,#7094,#7102));
#6907 = ORIENTED_EDGE('',*,*,#6908,.F.);
#6908 = EDGE_CURVE('',#6909,#6911,#6913,.T.);
#6909 = VERTEX_POINT('',#6910);
#6910 = CARTESIAN_POINT('',(66.5,160.,172.));
#6911 = VERTEX_POINT('',#6912);
#6912 = CARTESIAN_POINT('',(66.5,125.,172.));
#6913 = LINE('',#6914,#6915);
#6914 = CARTESIAN_POINT('',(66.5,160.,172.));
#6915 = VECTOR('',#6916,1.);
#6916 = DIRECTION('',(0.,-1.,0.));
#6917 = ORIENTED_EDGE('',*,*,#6918,.T.);
#6918 = EDGE_CURVE('',#6909,#6869,#6919,.T.);
#6919 = LINE('',#6920,#6921);
#6920 = CARTESIAN_POINT('',(66.5,160.,172.));
#6921 = VECTOR('',#6922,1.);
#6922 = DIRECTION('',(-1.,0.,0.));
#6923 = ORIENTED_EDGE('',*,*,#6868,.T.);
#6924 = ORIENTED_EDGE('',*,*,#6925,.T.);
#6925 = EDGE_CURVE('',#6871,#6926,#6928,.T.);
#6926 = VERTEX_POINT('',#6927);
#6927 = CARTESIAN_POINT('',(11.5,148.,172.));
#6928 = LINE('',#6929,#6930);
#6929 = CARTESIAN_POINT('',(20.5,148.,172.));
#6930 = VECTOR('',#6931,1.);
#6931 = DIRECTION('',(-1.,0.,0.));
#6932 = ORIENTED_EDGE('',*,*,#6933,.F.);
#6933 = EDGE_CURVE('',#6934,#6926,#6936,.T.);
#6934 = VERTEX_POINT('',#6935);
#6935 = CARTESIAN_POINT('',(11.5,130.,172.));
#6936 = LINE('',#6937,#6938);
#6937 = CARTESIAN_POINT('',(11.5,148.,172.));
#6938 = VECTOR('',#6939,1.);
#6939 = DIRECTION('',(0.,1.,0.));
#6940 = ORIENTED_EDGE('',*,*,#6941,.F.);
#6941 = EDGE_CURVE('',#6942,#6934,#6944,.T.);
#6942 = VERTEX_POINT('',#6943);
#6943 = CARTESIAN_POINT('',(12.5,130.,172.));
#6944 = LINE('',#6945,#6946);
#6945 = CARTESIAN_POINT('',(20.5,130.,172.));
#6946 = VECTOR('',#6947,1.);
#6947 = DIRECTION('',(-1.,0.,0.));
#6948 = ORIENTED_EDGE('',*,*,#6949,.T.);
#6949 = EDGE_CURVE('',#6942,#6950,#6952,.T.);
#6950 = VERTEX_POINT('',#6951);
#6951 = CARTESIAN_POINT('',(12.5,125.,172.));
#6952 = LINE('',#6953,#6954);
#6953 = CARTESIAN_POINT('',(12.5,160.,172.));
#6954 = VECTOR('',#6955,1.);
#6955 = DIRECTION('',(0.,-1.,0.));
#6956 = ORIENTED_EDGE('',*,*,#6957,.F.);
#6957 = EDGE_CURVE('',#6958,#6950,#6960,.T.);
#6958 = VERTEX_POINT('',#6959);
#6959 = CARTESIAN_POINT('',(20.5,125.,172.));
#6960 = LINE('',#6961,#6962);
#6961 = CARTESIAN_POINT('',(20.5,125.,172.));
#6962 = VECTOR('',#6963,1.);
#6963 = DIRECTION('',(-1.,0.,0.));
#6964 = ORIENTED_EDGE('',*,*,#6965,.F.);
#6965 = EDGE_CURVE('',#6966,#6958,#6968,.T.);
#6966 = VERTEX_POINT('',#6967);
#6967 = CARTESIAN_POINT('',(20.5,132.,172.));
#6968 = LINE('',#6969,#6970);
#6969 = CARTESIAN_POINT('',(20.5,156.,172.));
#6970 = VECTOR('',#6971,1.);
#6971 = DIRECTION('',(0.,-1.,0.));
#6972 = ORIENTED_EDGE('',*,*,#6973,.F.);
#6973 = EDGE_CURVE('',#6974,#6966,#6976,.T.);
#6974 = VERTEX_POINT('',#6975);
#6975 = CARTESIAN_POINT('',(30.095745643592,132.,172.));
#6976 = LINE('',#6977,#6978);
#6977 = CARTESIAN_POINT('',(66.5,132.,172.));
#6978 = VECTOR('',#6979,1.);
#6979 = DIRECTION('',(-1.,0.,0.));
#6980 = ORIENTED_EDGE('',*,*,#6981,.F.);
#6981 = EDGE_CURVE('',#6982,#6974,#6984,.T.);
#6982 = VERTEX_POINT('',#6983);
#6983 = CARTESIAN_POINT('',(39.3,134.19905658278,172.));
#6984 = CIRCLE('',#6985,21.2);
#6985 = AXIS2_PLACEMENT_3D('',#6986,#6987,#6988);
#6986 = CARTESIAN_POINT('',(39.5,113.,172.));
#6987 = DIRECTION('',(0.,0.,1.));
#6988 = DIRECTION('',(-1.,0.,0.));
#6989 = ORIENTED_EDGE('',*,*,#6990,.F.);
#6990 = EDGE_CURVE('',#6991,#6982,#6993,.T.);
#6991 = VERTEX_POINT('',#6992);
#6992 = CARTESIAN_POINT('',(39.3,143.,172.));
#6993 = LINE('',#6994,#6995);
#6994 = CARTESIAN_POINT('',(39.3,145.93229166666,172.));
#6995 = VECTOR('',#6996,1.);
#6996 = DIRECTION('',(0.,-1.,0.));
#6997 = ORIENTED_EDGE('',*,*,#6998,.T.);
#6998 = EDGE_CURVE('',#6991,#6999,#7001,.T.);
#6999 = VERTEX_POINT('',#7000);
#7000 = CARTESIAN_POINT('',(20.5,143.,172.));
#7001 = LINE('',#7002,#7003);
#7002 = CARTESIAN_POINT('',(66.5,143.,172.));
#7003 = VECTOR('',#7004,1.);
#7004 = DIRECTION('',(-1.,0.,0.));
#7005 = ORIENTED_EDGE('',*,*,#7006,.F.);
#7006 = EDGE_CURVE('',#7007,#6999,#7009,.T.);
#7007 = VERTEX_POINT('',#7008);
#7008 = CARTESIAN_POINT('',(20.5,153.,172.));
#7009 = LINE('',#7010,#7011);
#7010 = CARTESIAN_POINT('',(20.5,156.,172.));
#7011 = VECTOR('',#7012,1.);
#7012 = DIRECTION('',(0.,-1.,0.));
#7013 = ORIENTED_EDGE('',*,*,#7014,.F.);
#7014 = EDGE_CURVE('',#7015,#7007,#7017,.T.);
#7015 = VERTEX_POINT('',#7016);
#7016 = CARTESIAN_POINT('',(39.5,153.,172.));
#7017 = LINE('',#7018,#7019);
#7018 = CARTESIAN_POINT('',(66.5,153.,172.));
#7019 = VECTOR('',#7020,1.);
#7020 = DIRECTION('',(-1.,0.,0.));
#7021 = ORIENTED_EDGE('',*,*,#7022,.T.);
#7022 = EDGE_CURVE('',#7015,#7023,#7025,.T.);
#7023 = VERTEX_POINT('',#7024);
#7024 = CARTESIAN_POINT('',(39.5,149.,172.));
#7025 = LINE('',#7026,#7027);
#7026 = CARTESIAN_POINT('',(39.5,156.,172.));
#7027 = VECTOR('',#7028,1.);
#7028 = DIRECTION('',(0.,-1.,0.));
#7029 = ORIENTED_EDGE('',*,*,#7030,.F.);
#7030 = EDGE_CURVE('',#7031,#7023,#7033,.T.);
#7031 = VERTEX_POINT('',#7032);
#7032 = CARTESIAN_POINT('',(42.3,149.,172.));
#7033 = LINE('',#7034,#7035);
#7034 = CARTESIAN_POINT('',(50.4,149.,172.));
#7035 = VECTOR('',#7036,1.);
#7036 = DIRECTION('',(-1.,0.,0.));
#7037 = ORIENTED_EDGE('',*,*,#7038,.F.);
#7038 = EDGE_CURVE('',#7039,#7031,#7041,.T.);
#7039 = VERTEX_POINT('',#7040);
#7040 = CARTESIAN_POINT('',(42.3,145.,172.));
#7041 = LINE('',#7042,#7043);
#7042 = CARTESIAN_POINT('',(42.3,152.5,172.));
#7043 = VECTOR('',#7044,1.);
#7044 = DIRECTION('',(0.,1.,0.));
#7045 = ORIENTED_EDGE('',*,*,#7046,.F.);
#7046 = EDGE_CURVE('',#7047,#7039,#7049,.T.);
#7047 = VERTEX_POINT('',#7048);
#7048 = CARTESIAN_POINT('',(58.5,145.,172.));
#7049 = LINE('',#7050,#7051);
#7050 = CARTESIAN_POINT('',(58.5,145.,172.));
#7051 = VECTOR('',#7052,1.);
#7052 = DIRECTION('',(-1.,0.,0.));
#7053 = ORIENTED_EDGE('',*,*,#7054,.T.);
#7054 = EDGE_CURVE('',#7047,#7055,#7057,.T.);
#7055 = VERTEX_POINT('',#7056);
#7056 = CARTESIAN_POINT('',(58.5,143.,172.));
#7057 = LINE('',#7058,#7059);
#7058 = CARTESIAN_POINT('',(58.5,156.,172.));
#7059 = VECTOR('',#7060,1.);
#7060 = DIRECTION('',(0.,-1.,0.));
#7061 = ORIENTED_EDGE('',*,*,#7062,.T.);
#7062 = EDGE_CURVE('',#7055,#7063,#7065,.T.);
#7063 = VERTEX_POINT('',#7064);
#7064 = CARTESIAN_POINT('',(42.3,143.,172.));
#7065 = LINE('',#7066,#7067);
#7066 = CARTESIAN_POINT('',(66.5,143.,172.));
#7067 = VECTOR('',#7068,1.);
#7068 = DIRECTION('',(-1.,0.,0.));
#7069 = ORIENTED_EDGE('',*,*,#7070,.T.);
#7070 = EDGE_CURVE('',#7063,#7071,#7073,.T.);
#7071 = VERTEX_POINT('',#7072);
#7072 = CARTESIAN_POINT('',(42.3,134.0142808585,172.));
#7073 = LINE('',#7074,#7075);
#7074 = CARTESIAN_POINT('',(42.3,145.93229166666,172.));
#7075 = VECTOR('',#7076,1.);
#7076 = DIRECTION('',(0.,-1.,0.));
#7077 = ORIENTED_EDGE('',*,*,#7078,.F.);
#7078 = EDGE_CURVE('',#7079,#7071,#7081,.T.);
#7079 = VERTEX_POINT('',#7080);
#7080 = CARTESIAN_POINT('',(48.904254356408,132.,172.));
#7081 = CIRCLE('',#7082,21.2);
#7082 = AXIS2_PLACEMENT_3D('',#7083,#7084,#7085);
#7083 = CARTESIAN_POINT('',(39.5,113.,172.));
#7084 = DIRECTION('',(0.,0.,1.));
#7085 = DIRECTION('',(-1.,0.,0.));
#7086 = ORIENTED_EDGE('',*,*,#7087,.F.);
#7087 = EDGE_CURVE('',#7088,#7079,#7090,.T.);
#7088 = VERTEX_POINT('',#7089);
#7089 = CARTESIAN_POINT('',(58.5,132.,172.));
#7090 = LINE('',#7091,#7092);
#7091 = CARTESIAN_POINT('',(66.5,132.,172.));
#7092 = VECTOR('',#7093,1.);
#7093 = DIRECTION('',(-1.,0.,0.));
#7094 = ORIENTED_EDGE('',*,*,#7095,.T.);
#7095 = EDGE_CURVE('',#7088,#7096,#7098,.T.);
#7096 = VERTEX_POINT('',#7097);
#7097 = CARTESIAN_POINT('',(58.5,125.,172.));
#7098 = LINE('',#7099,#7100);
#7099 = CARTESIAN_POINT('',(58.5,156.,172.));
#7100 = VECTOR('',#7101,1.);
#7101 = DIRECTION('',(0.,-1.,0.));
#7102 = ORIENTED_EDGE('',*,*,#7103,.F.);
#7103 = EDGE_CURVE('',#6911,#7096,#7104,.T.);
#7104 = LINE('',#7105,#7106);
#7105 = CARTESIAN_POINT('',(66.5,125.,172.));
#7106 = VECTOR('',#7107,1.);
#7107 = DIRECTION('',(-1.,0.,0.));
#7108 = FACE_BOUND('',#7109,.T.);
#7109 = EDGE_LOOP('',(#7110));
#7110 = ORIENTED_EDGE('',*,*,#7111,.F.);
#7111 = EDGE_CURVE('',#7112,#7112,#7114,.T.);
#7112 = VERTEX_POINT('',#7113);
#7113 = CARTESIAN_POINT('',(57.8,138.,172.));
#7114 = CIRCLE('',#7115,1.7);
#7115 = AXIS2_PLACEMENT_3D('',#7116,#7117,#7118);
#7116 = CARTESIAN_POINT('',(59.5,138.,172.));
#7117 = DIRECTION('',(0.,0.,1.));
#7118 = DIRECTION('',(-1.,0.,0.));
#7119 = FACE_BOUND('',#7120,.T.);
#7120 = EDGE_LOOP('',(#7121,#7132));
#7121 = ORIENTED_EDGE('',*,*,#7122,.F.);
#7122 = EDGE_CURVE('',#7123,#7125,#7127,.T.);
#7123 = VERTEX_POINT('',#7124);
#7124 = CARTESIAN_POINT('',(20.5,136.62522729151,172.));
#7125 = VERTEX_POINT('',#7126);
#7126 = CARTESIAN_POINT('',(20.5,139.37477270848,172.));
#7127 = CIRCLE('',#7128,1.7);
#7128 = AXIS2_PLACEMENT_3D('',#7129,#7130,#7131);
#7129 = CARTESIAN_POINT('',(19.5,138.,172.));
#7130 = DIRECTION('',(0.,0.,1.));
#7131 = DIRECTION('',(-1.,0.,0.));
#7132 = ORIENTED_EDGE('',*,*,#7133,.F.);
#7133 = EDGE_CURVE('',#7125,#7123,#7134,.T.);
#7134 = LINE('',#7135,#7136);
#7135 = CARTESIAN_POINT('',(20.5,148.,172.));
#7136 = VECTOR('',#7137,1.);
#7137 = DIRECTION('',(0.,-1.,0.));
#7138 = PLANE('',#7139);
#7139 = AXIS2_PLACEMENT_3D('',#7140,#7141,#7142);
#7140 = CARTESIAN_POINT('',(38.869281045752,143.70980392156,172.));
#7141 = DIRECTION('',(0.,0.,1.));
#7142 = DIRECTION('',(-1.,0.,0.));
#7143 = ADVANCED_FACE('',(#7144),#7178,.T.);
#7144 = FACE_BOUND('',#7145,.T.);
#7145 = EDGE_LOOP('',(#7146,#7154,#7162,#7170,#7176,#7177));
#7146 = ORIENTED_EDGE('',*,*,#7147,.T.);
#7147 = EDGE_CURVE('',#6887,#7148,#7150,.T.);
#7148 = VERTEX_POINT('',#7149);
#7149 = CARTESIAN_POINT('',(6.5,148.,168.));
#7150 = LINE('',#7151,#7152);
#7151 = CARTESIAN_POINT('',(20.5,148.,168.));
#7152 = VECTOR('',#7153,1.);
#7153 = DIRECTION('',(-1.,0.,0.));
#7154 = ORIENTED_EDGE('',*,*,#7155,.T.);
#7155 = EDGE_CURVE('',#7148,#7156,#7158,.T.);
#7156 = VERTEX_POINT('',#7157);
#7157 = CARTESIAN_POINT('',(6.5,148.,213.));
#7158 = LINE('',#7159,#7160);
#7159 = CARTESIAN_POINT('',(6.5,148.,168.));
#7160 = VECTOR('',#7161,1.);
#7161 = DIRECTION('',(0.,0.,1.));
#7162 = ORIENTED_EDGE('',*,*,#7163,.F.);
#7163 = EDGE_CURVE('',#7164,#7156,#7166,.T.);
#7164 = VERTEX_POINT('',#7165);
#7165 = CARTESIAN_POINT('',(11.5,148.,213.));
#7166 = LINE('',#7167,#7168);
#7167 = CARTESIAN_POINT('',(11.5,148.,213.));
#7168 = VECTOR('',#7169,1.);
#7169 = DIRECTION('',(-1.,0.,0.));
#7170 = ORIENTED_EDGE('',*,*,#7171,.F.);
#7171 = EDGE_CURVE('',#6926,#7164,#7172,.T.);
#7172 = LINE('',#7173,#7174);
#7173 = CARTESIAN_POINT('',(11.5,148.,168.));
#7174 = VECTOR('',#7175,1.);
#7175 = DIRECTION('',(0.,0.,1.));
#7176 = ORIENTED_EDGE('',*,*,#6925,.F.);
#7177 = ORIENTED_EDGE('',*,*,#6894,.T.);
#7178 = PLANE('',#7179);
#7179 = AXIS2_PLACEMENT_3D('',#7180,#7181,#7182);
#7180 = CARTESIAN_POINT('',(10.372881355932,148.,187.37288135593));
#7181 = DIRECTION('',(0.,1.,-0.));
#7182 = DIRECTION('',(0.,0.,-1.));
#7183 = ADVANCED_FACE('',(#7184,#7298,#7348,#7382,#7393),#7412,.T.);
#7184 = FACE_BOUND('',#7185,.T.);
#7185 = EDGE_LOOP('',(#7186,#7187,#7195,#7203,#7211,#7219,#7227,#7235,
    #7243,#7251,#7259,#7267,#7275,#7283,#7291,#7297));
#7186 = ORIENTED_EDGE('',*,*,#6886,.F.);
#7187 = ORIENTED_EDGE('',*,*,#7188,.F.);
#7188 = EDGE_CURVE('',#7189,#6879,#7191,.T.);
#7189 = VERTEX_POINT('',#7190);
#7190 = CARTESIAN_POINT('',(66.5,160.,168.));
#7191 = LINE('',#7192,#7193);
#7192 = CARTESIAN_POINT('',(66.5,160.,168.));
#7193 = VECTOR('',#7194,1.);
#7194 = DIRECTION('',(-1.,0.,0.));
#7195 = ORIENTED_EDGE('',*,*,#7196,.T.);
#7196 = EDGE_CURVE('',#7189,#7197,#7199,.T.);
#7197 = VERTEX_POINT('',#7198);
#7198 = CARTESIAN_POINT('',(66.5,125.,168.));
#7199 = LINE('',#7200,#7201);
#7200 = CARTESIAN_POINT('',(66.5,156.,168.));
#7201 = VECTOR('',#7202,1.);
#7202 = DIRECTION('',(0.,-1.,0.));
#7203 = ORIENTED_EDGE('',*,*,#7204,.T.);
#7204 = EDGE_CURVE('',#7197,#7205,#7207,.T.);
#7205 = VERTEX_POINT('',#7206);
#7206 = CARTESIAN_POINT('',(58.5,125.,168.));
#7207 = LINE('',#7208,#7209);
#7208 = CARTESIAN_POINT('',(66.5,125.,168.));
#7209 = VECTOR('',#7210,1.);
#7210 = DIRECTION('',(-1.,0.,0.));
#7211 = ORIENTED_EDGE('',*,*,#7212,.F.);
#7212 = EDGE_CURVE('',#7213,#7205,#7215,.T.);
#7213 = VERTEX_POINT('',#7214);
#7214 = CARTESIAN_POINT('',(58.5,132.,168.));
#7215 = LINE('',#7216,#7217);
#7216 = CARTESIAN_POINT('',(58.5,156.,168.));
#7217 = VECTOR('',#7218,1.);
#7218 = DIRECTION('',(0.,-1.,0.));
#7219 = ORIENTED_EDGE('',*,*,#7220,.T.);
#7220 = EDGE_CURVE('',#7213,#7221,#7223,.T.);
#7221 = VERTEX_POINT('',#7222);
#7222 = CARTESIAN_POINT('',(42.3,132.,168.));
#7223 = LINE('',#7224,#7225);
#7224 = CARTESIAN_POINT('',(66.5,132.,168.));
#7225 = VECTOR('',#7226,1.);
#7226 = DIRECTION('',(-1.,0.,0.));
#7227 = ORIENTED_EDGE('',*,*,#7228,.T.);
#7228 = EDGE_CURVE('',#7221,#7229,#7231,.T.);
#7229 = VERTEX_POINT('',#7230);
#7230 = CARTESIAN_POINT('',(42.3,129.,168.));
#7231 = LINE('',#7232,#7233);
#7232 = CARTESIAN_POINT('',(42.3,149.,168.));
#7233 = VECTOR('',#7234,1.);
#7234 = DIRECTION('',(0.,-1.,0.));
#7235 = ORIENTED_EDGE('',*,*,#7236,.T.);
#7236 = EDGE_CURVE('',#7229,#7237,#7239,.T.);
#7237 = VERTEX_POINT('',#7238);
#7238 = CARTESIAN_POINT('',(39.3,129.,168.));
#7239 = LINE('',#7240,#7241);
#7240 = CARTESIAN_POINT('',(42.3,129.,168.));
#7241 = VECTOR('',#7242,1.);
#7242 = DIRECTION('',(-1.,0.,0.));
#7243 = ORIENTED_EDGE('',*,*,#7244,.F.);
#7244 = EDGE_CURVE('',#7245,#7237,#7247,.T.);
#7245 = VERTEX_POINT('',#7246);
#7246 = CARTESIAN_POINT('',(39.3,132.,168.));
#7247 = LINE('',#7248,#7249);
#7248 = CARTESIAN_POINT('',(39.3,149.,168.));
#7249 = VECTOR('',#7250,1.);
#7250 = DIRECTION('',(0.,-1.,0.));
#7251 = ORIENTED_EDGE('',*,*,#7252,.T.);
#7252 = EDGE_CURVE('',#7245,#7253,#7255,.T.);
#7253 = VERTEX_POINT('',#7254);
#7254 = CARTESIAN_POINT('',(20.5,132.,168.));
#7255 = LINE('',#7256,#7257);
#7256 = CARTESIAN_POINT('',(66.5,132.,168.));
#7257 = VECTOR('',#7258,1.);
#7258 = DIRECTION('',(-1.,0.,0.));
#7259 = ORIENTED_EDGE('',*,*,#7260,.T.);
#7260 = EDGE_CURVE('',#7253,#7261,#7263,.T.);
#7261 = VERTEX_POINT('',#7262);
#7262 = CARTESIAN_POINT('',(20.5,125.,168.));
#7263 = LINE('',#7264,#7265);
#7264 = CARTESIAN_POINT('',(20.5,156.,168.));
#7265 = VECTOR('',#7266,1.);
#7266 = DIRECTION('',(0.,-1.,0.));
#7267 = ORIENTED_EDGE('',*,*,#7268,.T.);
#7268 = EDGE_CURVE('',#7261,#7269,#7271,.T.);
#7269 = VERTEX_POINT('',#7270);
#7270 = CARTESIAN_POINT('',(12.5,125.,168.));
#7271 = LINE('',#7272,#7273);
#7272 = CARTESIAN_POINT('',(20.5,125.,168.));
#7273 = VECTOR('',#7274,1.);
#7274 = DIRECTION('',(-1.,0.,0.));
#7275 = ORIENTED_EDGE('',*,*,#7276,.F.);
#7276 = EDGE_CURVE('',#7277,#7269,#7279,.T.);
#7277 = VERTEX_POINT('',#7278);
#7278 = CARTESIAN_POINT('',(12.5,130.,168.));
#7279 = LINE('',#7280,#7281);
#7280 = CARTESIAN_POINT('',(12.5,156.,168.));
#7281 = VECTOR('',#7282,1.);
#7282 = DIRECTION('',(0.,-1.,0.));
#7283 = ORIENTED_EDGE('',*,*,#7284,.T.);
#7284 = EDGE_CURVE('',#7277,#7285,#7287,.T.);
#7285 = VERTEX_POINT('',#7286);
#7286 = CARTESIAN_POINT('',(6.5,130.,168.));
#7287 = LINE('',#7288,#7289);
#7288 = CARTESIAN_POINT('',(20.5,130.,168.));
#7289 = VECTOR('',#7290,1.);
#7290 = DIRECTION('',(-1.,0.,0.));
#7291 = ORIENTED_EDGE('',*,*,#7292,.F.);
#7292 = EDGE_CURVE('',#7148,#7285,#7293,.T.);
#7293 = LINE('',#7294,#7295);
#7294 = CARTESIAN_POINT('',(6.5,148.,168.));
#7295 = VECTOR('',#7296,1.);
#7296 = DIRECTION('',(0.,-1.,0.));
#7297 = ORIENTED_EDGE('',*,*,#7147,.F.);
#7298 = FACE_BOUND('',#7299,.T.);
#7299 = EDGE_LOOP('',(#7300,#7310,#7318,#7326,#7334,#7342));
#7300 = ORIENTED_EDGE('',*,*,#7301,.T.);
#7301 = EDGE_CURVE('',#7302,#7304,#7306,.T.);
#7302 = VERTEX_POINT('',#7303);
#7303 = CARTESIAN_POINT('',(20.5,153.,168.));
#7304 = VERTEX_POINT('',#7305);
#7305 = CARTESIAN_POINT('',(20.5,143.,168.));
#7306 = LINE('',#7307,#7308);
#7307 = CARTESIAN_POINT('',(20.5,156.,168.));
#7308 = VECTOR('',#7309,1.);
#7309 = DIRECTION('',(0.,-1.,0.));
#7310 = ORIENTED_EDGE('',*,*,#7311,.F.);
#7311 = EDGE_CURVE('',#7312,#7304,#7314,.T.);
#7312 = VERTEX_POINT('',#7313);
#7313 = CARTESIAN_POINT('',(39.3,143.,168.));
#7314 = LINE('',#7315,#7316);
#7315 = CARTESIAN_POINT('',(66.5,143.,168.));
#7316 = VECTOR('',#7317,1.);
#7317 = DIRECTION('',(-1.,0.,0.));
#7318 = ORIENTED_EDGE('',*,*,#7319,.F.);
#7319 = EDGE_CURVE('',#7320,#7312,#7322,.T.);
#7320 = VERTEX_POINT('',#7321);
#7321 = CARTESIAN_POINT('',(39.3,149.,168.));
#7322 = LINE('',#7323,#7324);
#7323 = CARTESIAN_POINT('',(39.3,149.,168.));
#7324 = VECTOR('',#7325,1.);
#7325 = DIRECTION('',(0.,-1.,0.));
#7326 = ORIENTED_EDGE('',*,*,#7327,.F.);
#7327 = EDGE_CURVE('',#7328,#7320,#7330,.T.);
#7328 = VERTEX_POINT('',#7329);
#7329 = CARTESIAN_POINT('',(39.5,149.,168.));
#7330 = LINE('',#7331,#7332);
#7331 = CARTESIAN_POINT('',(42.3,149.,168.));
#7332 = VECTOR('',#7333,1.);
#7333 = DIRECTION('',(-1.,0.,0.));
#7334 = ORIENTED_EDGE('',*,*,#7335,.F.);
#7335 = EDGE_CURVE('',#7336,#7328,#7338,.T.);
#7336 = VERTEX_POINT('',#7337);
#7337 = CARTESIAN_POINT('',(39.5,153.,168.));
#7338 = LINE('',#7339,#7340);
#7339 = CARTESIAN_POINT('',(39.5,156.,168.));
#7340 = VECTOR('',#7341,1.);
#7341 = DIRECTION('',(0.,-1.,0.));
#7342 = ORIENTED_EDGE('',*,*,#7343,.T.);
#7343 = EDGE_CURVE('',#7336,#7302,#7344,.T.);
#7344 = LINE('',#7345,#7346);
#7345 = CARTESIAN_POINT('',(66.5,153.,168.));
#7346 = VECTOR('',#7347,1.);
#7347 = DIRECTION('',(-1.,0.,0.));
#7348 = FACE_BOUND('',#7349,.T.);
#7349 = EDGE_LOOP('',(#7350,#7360,#7368,#7376));
#7350 = ORIENTED_EDGE('',*,*,#7351,.F.);
#7351 = EDGE_CURVE('',#7352,#7354,#7356,.T.);
#7352 = VERTEX_POINT('',#7353);
#7353 = CARTESIAN_POINT('',(58.5,145.,168.));
#7354 = VERTEX_POINT('',#7355);
#7355 = CARTESIAN_POINT('',(58.5,143.,168.));
#7356 = LINE('',#7357,#7358);
#7357 = CARTESIAN_POINT('',(58.5,156.,168.));
#7358 = VECTOR('',#7359,1.);
#7359 = DIRECTION('',(0.,-1.,0.));
#7360 = ORIENTED_EDGE('',*,*,#7361,.T.);
#7361 = EDGE_CURVE('',#7352,#7362,#7364,.T.);
#7362 = VERTEX_POINT('',#7363);
#7363 = CARTESIAN_POINT('',(42.3,145.,168.));
#7364 = LINE('',#7365,#7366);
#7365 = CARTESIAN_POINT('',(58.5,145.,168.));
#7366 = VECTOR('',#7367,1.);
#7367 = DIRECTION('',(-1.,0.,0.));
#7368 = ORIENTED_EDGE('',*,*,#7369,.T.);
#7369 = EDGE_CURVE('',#7362,#7370,#7372,.T.);
#7370 = VERTEX_POINT('',#7371);
#7371 = CARTESIAN_POINT('',(42.3,143.,168.));
#7372 = LINE('',#7373,#7374);
#7373 = CARTESIAN_POINT('',(42.3,149.,168.));
#7374 = VECTOR('',#7375,1.);
#7375 = DIRECTION('',(0.,-1.,0.));
#7376 = ORIENTED_EDGE('',*,*,#7377,.F.);
#7377 = EDGE_CURVE('',#7354,#7370,#7378,.T.);
#7378 = LINE('',#7379,#7380);
#7379 = CARTESIAN_POINT('',(66.5,143.,168.));
#7380 = VECTOR('',#7381,1.);
#7381 = DIRECTION('',(-1.,0.,0.));
#7382 = FACE_BOUND('',#7383,.T.);
#7383 = EDGE_LOOP('',(#7384));
#7384 = ORIENTED_EDGE('',*,*,#7385,.T.);
#7385 = EDGE_CURVE('',#7386,#7386,#7388,.T.);
#7386 = VERTEX_POINT('',#7387);
#7387 = CARTESIAN_POINT('',(57.8,138.,168.));
#7388 = CIRCLE('',#7389,1.7);
#7389 = AXIS2_PLACEMENT_3D('',#7390,#7391,#7392);
#7390 = CARTESIAN_POINT('',(59.5,138.,168.));
#7391 = DIRECTION('',(0.,0.,1.));
#7392 = DIRECTION('',(-1.,0.,0.));
#7393 = FACE_BOUND('',#7394,.T.);
#7394 = EDGE_LOOP('',(#7395,#7406));
#7395 = ORIENTED_EDGE('',*,*,#7396,.T.);
#7396 = EDGE_CURVE('',#7397,#7399,#7401,.T.);
#7397 = VERTEX_POINT('',#7398);
#7398 = CARTESIAN_POINT('',(20.5,136.62522729151,168.));
#7399 = VERTEX_POINT('',#7400);
#7400 = CARTESIAN_POINT('',(20.5,139.37477270848,168.));
#7401 = CIRCLE('',#7402,1.7);
#7402 = AXIS2_PLACEMENT_3D('',#7403,#7404,#7405);
#7403 = CARTESIAN_POINT('',(19.5,138.,168.));
#7404 = DIRECTION('',(0.,0.,1.));
#7405 = DIRECTION('',(-1.,0.,0.));
#7406 = ORIENTED_EDGE('',*,*,#7407,.T.);
#7407 = EDGE_CURVE('',#7399,#7397,#7408,.T.);
#7408 = LINE('',#7409,#7410);
#7409 = CARTESIAN_POINT('',(20.5,148.,168.));
#7410 = VECTOR('',#7411,1.);
#7411 = DIRECTION('',(0.,-1.,0.));
#7412 = PLANE('',#7413);
#7413 = AXIS2_PLACEMENT_3D('',#7414,#7415,#7416);
#7414 = CARTESIAN_POINT('',(37.308571428571,142.24761904761,168.));
#7415 = DIRECTION('',(0.,0.,-1.));
#7416 = DIRECTION('',(1.,0.,0.));
#7417 = ADVANCED_FACE('',(#7418),#7429,.F.);
#7418 = FACE_BOUND('',#7419,.F.);
#7419 = EDGE_LOOP('',(#7420,#7421,#7427,#7428));
#7420 = ORIENTED_EDGE('',*,*,#7188,.F.);
#7421 = ORIENTED_EDGE('',*,*,#7422,.T.);
#7422 = EDGE_CURVE('',#7189,#6909,#7423,.T.);
#7423 = LINE('',#7424,#7425);
#7424 = CARTESIAN_POINT('',(66.5,160.,168.));
#7425 = VECTOR('',#7426,1.);
#7426 = DIRECTION('',(0.,0.,1.));
#7427 = ORIENTED_EDGE('',*,*,#6918,.T.);
#7428 = ORIENTED_EDGE('',*,*,#6878,.F.);
#7429 = PLANE('',#7430);
#7430 = AXIS2_PLACEMENT_3D('',#7431,#7432,#7433);
#7431 = CARTESIAN_POINT('',(66.5,160.,168.));
#7432 = DIRECTION('',(0.,-1.,0.));
#7433 = DIRECTION('',(0.,0.,1.));
#7434 = ADVANCED_FACE('',(#7435),#7446,.T.);
#7435 = FACE_BOUND('',#7436,.T.);
#7436 = EDGE_LOOP('',(#7437,#7438,#7444,#7445));
#7437 = ORIENTED_EDGE('',*,*,#6908,.T.);
#7438 = ORIENTED_EDGE('',*,*,#7439,.F.);
#7439 = EDGE_CURVE('',#7197,#6911,#7440,.T.);
#7440 = LINE('',#7441,#7442);
#7441 = CARTESIAN_POINT('',(66.5,125.,168.));
#7442 = VECTOR('',#7443,1.);
#7443 = DIRECTION('',(0.,0.,1.));
#7444 = ORIENTED_EDGE('',*,*,#7196,.F.);
#7445 = ORIENTED_EDGE('',*,*,#7422,.T.);
#7446 = PLANE('',#7447);
#7447 = AXIS2_PLACEMENT_3D('',#7448,#7449,#7450);
#7448 = CARTESIAN_POINT('',(66.5,142.5,170.));
#7449 = DIRECTION('',(1.,0.,-0.));
#7450 = DIRECTION('',(0.,0.,-1.));
#7451 = ADVANCED_FACE('',(#7452),#7463,.T.);
#7452 = FACE_BOUND('',#7453,.T.);
#7453 = EDGE_LOOP('',(#7454,#7455,#7456,#7457));
#7454 = ORIENTED_EDGE('',*,*,#7204,.F.);
#7455 = ORIENTED_EDGE('',*,*,#7439,.T.);
#7456 = ORIENTED_EDGE('',*,*,#7103,.T.);
#7457 = ORIENTED_EDGE('',*,*,#7458,.F.);
#7458 = EDGE_CURVE('',#7205,#7096,#7459,.T.);
#7459 = LINE('',#7460,#7461);
#7460 = CARTESIAN_POINT('',(58.5,125.,168.));
#7461 = VECTOR('',#7462,1.);
#7462 = DIRECTION('',(0.,0.,1.));
#7463 = PLANE('',#7464);
#7464 = AXIS2_PLACEMENT_3D('',#7465,#7466,#7467);
#7465 = CARTESIAN_POINT('',(66.5,125.,168.));
#7466 = DIRECTION('',(0.,-1.,0.));
#7467 = DIRECTION('',(0.,0.,1.));
#7468 = ADVANCED_FACE('',(#7469),#7480,.T.);
#7469 = FACE_BOUND('',#7470,.T.);
#7470 = EDGE_LOOP('',(#7471,#7472,#7478,#7479));
#7471 = ORIENTED_EDGE('',*,*,#7095,.F.);
#7472 = ORIENTED_EDGE('',*,*,#7473,.F.);
#7473 = EDGE_CURVE('',#7213,#7088,#7474,.T.);
#7474 = LINE('',#7475,#7476);
#7475 = CARTESIAN_POINT('',(58.5,132.,168.));
#7476 = VECTOR('',#7477,1.);
#7477 = DIRECTION('',(0.,0.,1.));
#7478 = ORIENTED_EDGE('',*,*,#7212,.T.);
#7479 = ORIENTED_EDGE('',*,*,#7458,.T.);
#7480 = PLANE('',#7481);
#7481 = AXIS2_PLACEMENT_3D('',#7482,#7483,#7484);
#7482 = CARTESIAN_POINT('',(58.5,156.,168.));
#7483 = DIRECTION('',(-1.,0.,0.));
#7484 = DIRECTION('',(0.,0.,1.));
#7485 = ADVANCED_FACE('',(#7486),#7505,.T.);
#7486 = FACE_BOUND('',#7487,.T.);
#7487 = EDGE_LOOP('',(#7488,#7489,#7490,#7491,#7499));
#7488 = ORIENTED_EDGE('',*,*,#7220,.F.);
#7489 = ORIENTED_EDGE('',*,*,#7473,.T.);
#7490 = ORIENTED_EDGE('',*,*,#7087,.T.);
#7491 = ORIENTED_EDGE('',*,*,#7492,.T.);
#7492 = EDGE_CURVE('',#7079,#7493,#7495,.T.);
#7493 = VERTEX_POINT('',#7494);
#7494 = CARTESIAN_POINT('',(42.3,132.,172.));
#7495 = LINE('',#7496,#7497);
#7496 = CARTESIAN_POINT('',(66.5,132.,172.));
#7497 = VECTOR('',#7498,1.);
#7498 = DIRECTION('',(-1.,0.,0.));
#7499 = ORIENTED_EDGE('',*,*,#7500,.T.);
#7500 = EDGE_CURVE('',#7493,#7221,#7501,.T.);
#7501 = LINE('',#7502,#7503);
#7502 = CARTESIAN_POINT('',(42.3,132.,168.));
#7503 = VECTOR('',#7504,1.);
#7504 = DIRECTION('',(0.,-0.,-1.));
#7505 = PLANE('',#7506);
#7506 = AXIS2_PLACEMENT_3D('',#7507,#7508,#7509);
#7507 = CARTESIAN_POINT('',(66.5,132.,168.));
#7508 = DIRECTION('',(0.,-1.,0.));
#7509 = DIRECTION('',(0.,0.,1.));
#7510 = ADVANCED_FACE('',(#7511),#7521,.T.);
#7511 = FACE_BOUND('',#7512,.T.);
#7512 = EDGE_LOOP('',(#7513,#7514,#7515));
#7513 = ORIENTED_EDGE('',*,*,#7492,.F.);
#7514 = ORIENTED_EDGE('',*,*,#7078,.T.);
#7515 = ORIENTED_EDGE('',*,*,#7516,.T.);
#7516 = EDGE_CURVE('',#7071,#7493,#7517,.T.);
#7517 = LINE('',#7518,#7519);
#7518 = CARTESIAN_POINT('',(42.3,145.93229166666,172.));
#7519 = VECTOR('',#7520,1.);
#7520 = DIRECTION('',(0.,-1.,0.));
#7521 = PLANE('',#7522);
#7522 = AXIS2_PLACEMENT_3D('',#7523,#7524,#7525);
#7523 = CARTESIAN_POINT('',(38.869281045752,143.70980392156,172.));
#7524 = DIRECTION('',(0.,0.,1.));
#7525 = DIRECTION('',(-1.,0.,0.));
#7526 = ADVANCED_FACE('',(#7527,#7582,#7593,#7627),#7638,.F.);
#7527 = FACE_BOUND('',#7528,.F.);
#7528 = EDGE_LOOP('',(#7529,#7539,#7547,#7555,#7561,#7562,#7568,#7569,
    #7575,#7576));
#7529 = ORIENTED_EDGE('',*,*,#7530,.F.);
#7530 = EDGE_CURVE('',#7531,#7533,#7535,.T.);
#7531 = VERTEX_POINT('',#7532);
#7532 = CARTESIAN_POINT('',(42.3,129.,176.));
#7533 = VERTEX_POINT('',#7534);
#7534 = CARTESIAN_POINT('',(42.3,134.0142808585,176.));
#7535 = LINE('',#7536,#7537);
#7536 = CARTESIAN_POINT('',(42.3,131.,176.));
#7537 = VECTOR('',#7538,1.);
#7538 = DIRECTION('',(0.,1.,0.));
#7539 = ORIENTED_EDGE('',*,*,#7540,.T.);
#7540 = EDGE_CURVE('',#7531,#7541,#7543,.T.);
#7541 = VERTEX_POINT('',#7542);
#7542 = CARTESIAN_POINT('',(42.3,129.,228.));
#7543 = LINE('',#7544,#7545);
#7544 = CARTESIAN_POINT('',(42.3,129.,168.));
#7545 = VECTOR('',#7546,1.);
#7546 = DIRECTION('',(0.,0.,1.));
#7547 = ORIENTED_EDGE('',*,*,#7548,.F.);
#7548 = EDGE_CURVE('',#7549,#7541,#7551,.T.);
#7549 = VERTEX_POINT('',#7550);
#7550 = CARTESIAN_POINT('',(42.3,149.,228.));
#7551 = LINE('',#7552,#7553);
#7552 = CARTESIAN_POINT('',(42.3,149.,228.));
#7553 = VECTOR('',#7554,1.);
#7554 = DIRECTION('',(0.,-1.,0.));
#7555 = ORIENTED_EDGE('',*,*,#7556,.F.);
#7556 = EDGE_CURVE('',#7031,#7549,#7557,.T.);
#7557 = LINE('',#7558,#7559);
#7558 = CARTESIAN_POINT('',(42.3,149.,168.));
#7559 = VECTOR('',#7560,1.);
#7560 = DIRECTION('',(0.,0.,1.));
#7561 = ORIENTED_EDGE('',*,*,#7038,.F.);
#7562 = ORIENTED_EDGE('',*,*,#7563,.F.);
#7563 = EDGE_CURVE('',#7362,#7039,#7564,.T.);
#7564 = LINE('',#7565,#7566);
#7565 = CARTESIAN_POINT('',(42.3,145.,168.));
#7566 = VECTOR('',#7567,1.);
#7567 = DIRECTION('',(0.,0.,1.));
#7568 = ORIENTED_EDGE('',*,*,#7369,.T.);
#7569 = ORIENTED_EDGE('',*,*,#7570,.F.);
#7570 = EDGE_CURVE('',#7063,#7370,#7571,.T.);
#7571 = LINE('',#7572,#7573);
#7572 = CARTESIAN_POINT('',(42.3,143.,168.));
#7573 = VECTOR('',#7574,1.);
#7574 = DIRECTION('',(0.,-0.,-1.));
#7575 = ORIENTED_EDGE('',*,*,#7070,.T.);
#7576 = ORIENTED_EDGE('',*,*,#7577,.T.);
#7577 = EDGE_CURVE('',#7071,#7533,#7578,.T.);
#7578 = LINE('',#7579,#7580);
#7579 = CARTESIAN_POINT('',(42.3,134.0142808585,172.));
#7580 = VECTOR('',#7581,1.);
#7581 = DIRECTION('',(0.,0.,1.));
#7582 = FACE_BOUND('',#7583,.F.);
#7583 = EDGE_LOOP('',(#7584));
#7584 = ORIENTED_EDGE('',*,*,#7585,.F.);
#7585 = EDGE_CURVE('',#7586,#7586,#7588,.T.);
#7586 = VERTEX_POINT('',#7587);
#7587 = CARTESIAN_POINT('',(42.3,139.,195.7));
#7588 = CIRCLE('',#7589,1.2);
#7589 = AXIS2_PLACEMENT_3D('',#7590,#7591,#7592);
#7590 = CARTESIAN_POINT('',(42.3,139.,194.5));
#7591 = DIRECTION('',(-1.,0.,0.));
#7592 = DIRECTION('',(0.,0.,1.));
#7593 = FACE_BOUND('',#7594,.F.);
#7594 = EDGE_LOOP('',(#7595,#7605,#7613,#7621));
#7595 = ORIENTED_EDGE('',*,*,#7596,.T.);
#7596 = EDGE_CURVE('',#7597,#7599,#7601,.T.);
#7597 = VERTEX_POINT('',#7598);
#7598 = CARTESIAN_POINT('',(42.3,133.,196.7));
#7599 = VERTEX_POINT('',#7600);
#7600 = CARTESIAN_POINT('',(42.3,145.,196.7));
#7601 = LINE('',#7602,#7603);
#7602 = CARTESIAN_POINT('',(42.3,147.,196.7));
#7603 = VECTOR('',#7604,1.);
#7604 = DIRECTION('',(0.,1.,0.));
#7605 = ORIENTED_EDGE('',*,*,#7606,.T.);
#7606 = EDGE_CURVE('',#7599,#7607,#7609,.T.);
#7607 = VERTEX_POINT('',#7608);
#7608 = CARTESIAN_POINT('',(42.3,145.,219.5));
#7609 = LINE('',#7610,#7611);
#7610 = CARTESIAN_POINT('',(42.3,145.,182.35));
#7611 = VECTOR('',#7612,1.);
#7612 = DIRECTION('',(0.,0.,1.));
#7613 = ORIENTED_EDGE('',*,*,#7614,.F.);
#7614 = EDGE_CURVE('',#7615,#7607,#7617,.T.);
#7615 = VERTEX_POINT('',#7616);
#7616 = CARTESIAN_POINT('',(42.3,133.,219.5));
#7617 = LINE('',#7618,#7619);
#7618 = CARTESIAN_POINT('',(42.3,147.,219.5));
#7619 = VECTOR('',#7620,1.);
#7620 = DIRECTION('',(0.,1.,0.));
#7621 = ORIENTED_EDGE('',*,*,#7622,.F.);
#7622 = EDGE_CURVE('',#7597,#7615,#7623,.T.);
#7623 = LINE('',#7624,#7625);
#7624 = CARTESIAN_POINT('',(42.3,133.,182.35));
#7625 = VECTOR('',#7626,1.);
#7626 = DIRECTION('',(0.,0.,1.));
#7627 = FACE_BOUND('',#7628,.F.);
#7628 = EDGE_LOOP('',(#7629));
#7629 = ORIENTED_EDGE('',*,*,#7630,.F.);
#7630 = EDGE_CURVE('',#7631,#7631,#7633,.T.);
#7631 = VERTEX_POINT('',#7632);
#7632 = CARTESIAN_POINT('',(42.3,139.,222.9));
#7633 = CIRCLE('',#7634,1.2);
#7634 = AXIS2_PLACEMENT_3D('',#7635,#7636,#7637);
#7635 = CARTESIAN_POINT('',(42.3,139.,221.7));
#7636 = DIRECTION('',(-1.,0.,0.));
#7637 = DIRECTION('',(0.,0.,1.));
#7638 = PLANE('',#7639);
#7639 = AXIS2_PLACEMENT_3D('',#7640,#7641,#7642);
#7640 = CARTESIAN_POINT('',(42.3,149.,168.));
#7641 = DIRECTION('',(-1.,0.,0.));
#7642 = DIRECTION('',(0.,0.,1.));
#7643 = ADVANCED_FACE('',(#7644),#7655,.F.);
#7644 = FACE_BOUND('',#7645,.F.);
#7645 = EDGE_LOOP('',(#7646,#7647,#7653,#7654));
#7646 = ORIENTED_EDGE('',*,*,#7377,.F.);
#7647 = ORIENTED_EDGE('',*,*,#7648,.T.);
#7648 = EDGE_CURVE('',#7354,#7055,#7649,.T.);
#7649 = LINE('',#7650,#7651);
#7650 = CARTESIAN_POINT('',(58.5,143.,168.));
#7651 = VECTOR('',#7652,1.);
#7652 = DIRECTION('',(0.,0.,1.));
#7653 = ORIENTED_EDGE('',*,*,#7062,.T.);
#7654 = ORIENTED_EDGE('',*,*,#7570,.T.);
#7655 = PLANE('',#7656);
#7656 = AXIS2_PLACEMENT_3D('',#7657,#7658,#7659);
#7657 = CARTESIAN_POINT('',(66.5,143.,168.));
#7658 = DIRECTION('',(0.,-1.,0.));
#7659 = DIRECTION('',(0.,0.,1.));
#7660 = ADVANCED_FACE('',(#7661),#7672,.T.);
#7661 = FACE_BOUND('',#7662,.T.);
#7662 = EDGE_LOOP('',(#7663,#7664,#7670,#7671));
#7663 = ORIENTED_EDGE('',*,*,#7054,.F.);
#7664 = ORIENTED_EDGE('',*,*,#7665,.F.);
#7665 = EDGE_CURVE('',#7352,#7047,#7666,.T.);
#7666 = LINE('',#7667,#7668);
#7667 = CARTESIAN_POINT('',(58.5,145.,168.));
#7668 = VECTOR('',#7669,1.);
#7669 = DIRECTION('',(0.,0.,1.));
#7670 = ORIENTED_EDGE('',*,*,#7351,.T.);
#7671 = ORIENTED_EDGE('',*,*,#7648,.T.);
#7672 = PLANE('',#7673);
#7673 = AXIS2_PLACEMENT_3D('',#7674,#7675,#7676);
#7674 = CARTESIAN_POINT('',(58.5,156.,168.));
#7675 = DIRECTION('',(-1.,0.,0.));
#7676 = DIRECTION('',(0.,0.,1.));
#7677 = ADVANCED_FACE('',(#7678),#7684,.T.);
#7678 = FACE_BOUND('',#7679,.T.);
#7679 = EDGE_LOOP('',(#7680,#7681,#7682,#7683));
#7680 = ORIENTED_EDGE('',*,*,#7361,.F.);
#7681 = ORIENTED_EDGE('',*,*,#7665,.T.);
#7682 = ORIENTED_EDGE('',*,*,#7046,.T.);
#7683 = ORIENTED_EDGE('',*,*,#7563,.F.);
#7684 = PLANE('',#7685);
#7685 = AXIS2_PLACEMENT_3D('',#7686,#7687,#7688);
#7686 = CARTESIAN_POINT('',(58.5,145.,168.));
#7687 = DIRECTION('',(0.,-1.,0.));
#7688 = DIRECTION('',(0.,0.,1.));
#7689 = ADVANCED_FACE('',(#7690),#7715,.F.);
#7690 = FACE_BOUND('',#7691,.F.);
#7691 = EDGE_LOOP('',(#7692,#7693,#7699,#7700,#7701,#7709));
#7692 = ORIENTED_EDGE('',*,*,#7327,.F.);
#7693 = ORIENTED_EDGE('',*,*,#7694,.F.);
#7694 = EDGE_CURVE('',#7023,#7328,#7695,.T.);
#7695 = LINE('',#7696,#7697);
#7696 = CARTESIAN_POINT('',(39.5,149.,168.));
#7697 = VECTOR('',#7698,1.);
#7698 = DIRECTION('',(0.,-0.,-1.));
#7699 = ORIENTED_EDGE('',*,*,#7030,.F.);
#7700 = ORIENTED_EDGE('',*,*,#7556,.T.);
#7701 = ORIENTED_EDGE('',*,*,#7702,.T.);
#7702 = EDGE_CURVE('',#7549,#7703,#7705,.T.);
#7703 = VERTEX_POINT('',#7704);
#7704 = CARTESIAN_POINT('',(39.3,149.,228.));
#7705 = LINE('',#7706,#7707);
#7706 = CARTESIAN_POINT('',(42.3,149.,228.));
#7707 = VECTOR('',#7708,1.);
#7708 = DIRECTION('',(-1.,0.,0.));
#7709 = ORIENTED_EDGE('',*,*,#7710,.F.);
#7710 = EDGE_CURVE('',#7320,#7703,#7711,.T.);
#7711 = LINE('',#7712,#7713);
#7712 = CARTESIAN_POINT('',(39.3,149.,168.));
#7713 = VECTOR('',#7714,1.);
#7714 = DIRECTION('',(0.,0.,1.));
#7715 = PLANE('',#7716);
#7716 = AXIS2_PLACEMENT_3D('',#7717,#7718,#7719);
#7717 = CARTESIAN_POINT('',(42.3,149.,168.));
#7718 = DIRECTION('',(0.,-1.,0.));
#7719 = DIRECTION('',(0.,0.,1.));
#7720 = ADVANCED_FACE('',(#7721),#7732,.T.);
#7721 = FACE_BOUND('',#7722,.T.);
#7722 = EDGE_LOOP('',(#7723,#7729,#7730,#7731));
#7723 = ORIENTED_EDGE('',*,*,#7724,.T.);
#7724 = EDGE_CURVE('',#7015,#7336,#7725,.T.);
#7725 = LINE('',#7726,#7727);
#7726 = CARTESIAN_POINT('',(39.5,153.,168.));
#7727 = VECTOR('',#7728,1.);
#7728 = DIRECTION('',(0.,-0.,-1.));
#7729 = ORIENTED_EDGE('',*,*,#7335,.T.);
#7730 = ORIENTED_EDGE('',*,*,#7694,.F.);
#7731 = ORIENTED_EDGE('',*,*,#7022,.F.);
#7732 = PLANE('',#7733);
#7733 = AXIS2_PLACEMENT_3D('',#7734,#7735,#7736);
#7734 = CARTESIAN_POINT('',(39.5,156.,168.));
#7735 = DIRECTION('',(-1.,0.,0.));
#7736 = DIRECTION('',(0.,0.,1.));
#7737 = ADVANCED_FACE('',(#7738),#7749,.T.);
#7738 = FACE_BOUND('',#7739,.T.);
#7739 = EDGE_LOOP('',(#7740,#7741,#7742,#7743));
#7740 = ORIENTED_EDGE('',*,*,#7343,.F.);
#7741 = ORIENTED_EDGE('',*,*,#7724,.F.);
#7742 = ORIENTED_EDGE('',*,*,#7014,.T.);
#7743 = ORIENTED_EDGE('',*,*,#7744,.T.);
#7744 = EDGE_CURVE('',#7007,#7302,#7745,.T.);
#7745 = LINE('',#7746,#7747);
#7746 = CARTESIAN_POINT('',(20.5,153.,168.));
#7747 = VECTOR('',#7748,1.);
#7748 = DIRECTION('',(0.,-0.,-1.));
#7749 = PLANE('',#7750);
#7750 = AXIS2_PLACEMENT_3D('',#7751,#7752,#7753);
#7751 = CARTESIAN_POINT('',(66.5,153.,168.));
#7752 = DIRECTION('',(0.,-1.,0.));
#7753 = DIRECTION('',(0.,0.,1.));
#7754 = ADVANCED_FACE('',(#7755),#7766,.F.);
#7755 = FACE_BOUND('',#7756,.T.);
#7756 = EDGE_LOOP('',(#7757,#7758,#7764,#7765));
#7757 = ORIENTED_EDGE('',*,*,#7006,.T.);
#7758 = ORIENTED_EDGE('',*,*,#7759,.F.);
#7759 = EDGE_CURVE('',#7304,#6999,#7760,.T.);
#7760 = LINE('',#7761,#7762);
#7761 = CARTESIAN_POINT('',(20.5,143.,168.));
#7762 = VECTOR('',#7763,1.);
#7763 = DIRECTION('',(0.,0.,1.));
#7764 = ORIENTED_EDGE('',*,*,#7301,.F.);
#7765 = ORIENTED_EDGE('',*,*,#7744,.F.);
#7766 = PLANE('',#7767);
#7767 = AXIS2_PLACEMENT_3D('',#7768,#7769,#7770);
#7768 = CARTESIAN_POINT('',(20.5,156.,168.));
#7769 = DIRECTION('',(-1.,0.,0.));
#7770 = DIRECTION('',(0.,0.,1.));
#7771 = ADVANCED_FACE('',(#7772),#7783,.F.);
#7772 = FACE_BOUND('',#7773,.F.);
#7773 = EDGE_LOOP('',(#7774,#7775,#7781,#7782));
#7774 = ORIENTED_EDGE('',*,*,#7311,.F.);
#7775 = ORIENTED_EDGE('',*,*,#7776,.F.);
#7776 = EDGE_CURVE('',#6991,#7312,#7777,.T.);
#7777 = LINE('',#7778,#7779);
#7778 = CARTESIAN_POINT('',(39.3,143.,168.));
#7779 = VECTOR('',#7780,1.);
#7780 = DIRECTION('',(0.,-0.,-1.));
#7781 = ORIENTED_EDGE('',*,*,#6998,.T.);
#7782 = ORIENTED_EDGE('',*,*,#7759,.F.);
#7783 = PLANE('',#7784);
#7784 = AXIS2_PLACEMENT_3D('',#7785,#7786,#7787);
#7785 = CARTESIAN_POINT('',(66.5,143.,168.));
#7786 = DIRECTION('',(0.,-1.,0.));
#7787 = DIRECTION('',(0.,0.,1.));
#7788 = ADVANCED_FACE('',(#7789,#7825,#7836,#7870),#7881,.T.);
#7789 = FACE_BOUND('',#7790,.T.);
#7790 = EDGE_LOOP('',(#7791,#7801,#7807,#7808,#7809,#7810,#7811,#7819));
#7791 = ORIENTED_EDGE('',*,*,#7792,.T.);
#7792 = EDGE_CURVE('',#7793,#7795,#7797,.T.);
#7793 = VERTEX_POINT('',#7794);
#7794 = CARTESIAN_POINT('',(39.3,129.,176.));
#7795 = VERTEX_POINT('',#7796);
#7796 = CARTESIAN_POINT('',(39.3,129.,228.));
#7797 = LINE('',#7798,#7799);
#7798 = CARTESIAN_POINT('',(39.3,129.,168.));
#7799 = VECTOR('',#7800,1.);
#7800 = DIRECTION('',(0.,0.,1.));
#7801 = ORIENTED_EDGE('',*,*,#7802,.F.);
#7802 = EDGE_CURVE('',#7703,#7795,#7803,.T.);
#7803 = LINE('',#7804,#7805);
#7804 = CARTESIAN_POINT('',(39.3,149.,228.));
#7805 = VECTOR('',#7806,1.);
#7806 = DIRECTION('',(0.,-1.,0.));
#7807 = ORIENTED_EDGE('',*,*,#7710,.F.);
#7808 = ORIENTED_EDGE('',*,*,#7319,.T.);
#7809 = ORIENTED_EDGE('',*,*,#7776,.F.);
#7810 = ORIENTED_EDGE('',*,*,#6990,.T.);
#7811 = ORIENTED_EDGE('',*,*,#7812,.T.);
#7812 = EDGE_CURVE('',#6982,#7813,#7815,.T.);
#7813 = VERTEX_POINT('',#7814);
#7814 = CARTESIAN_POINT('',(39.3,134.19905658278,176.));
#7815 = LINE('',#7816,#7817);
#7816 = CARTESIAN_POINT('',(39.3,134.19905658278,172.));
#7817 = VECTOR('',#7818,1.);
#7818 = DIRECTION('',(0.,0.,1.));
#7819 = ORIENTED_EDGE('',*,*,#7820,.F.);
#7820 = EDGE_CURVE('',#7793,#7813,#7821,.T.);
#7821 = LINE('',#7822,#7823);
#7822 = CARTESIAN_POINT('',(39.3,131.,176.));
#7823 = VECTOR('',#7824,1.);
#7824 = DIRECTION('',(0.,1.,0.));
#7825 = FACE_BOUND('',#7826,.T.);
#7826 = EDGE_LOOP('',(#7827));
#7827 = ORIENTED_EDGE('',*,*,#7828,.F.);
#7828 = EDGE_CURVE('',#7829,#7829,#7831,.T.);
#7829 = VERTEX_POINT('',#7830);
#7830 = CARTESIAN_POINT('',(39.3,139.,195.7));
#7831 = CIRCLE('',#7832,1.2);
#7832 = AXIS2_PLACEMENT_3D('',#7833,#7834,#7835);
#7833 = CARTESIAN_POINT('',(39.3,139.,194.5));
#7834 = DIRECTION('',(-1.,0.,0.));
#7835 = DIRECTION('',(0.,0.,1.));
#7836 = FACE_BOUND('',#7837,.T.);
#7837 = EDGE_LOOP('',(#7838,#7848,#7856,#7864));
#7838 = ORIENTED_EDGE('',*,*,#7839,.T.);
#7839 = EDGE_CURVE('',#7840,#7842,#7844,.T.);
#7840 = VERTEX_POINT('',#7841);
#7841 = CARTESIAN_POINT('',(39.3,133.,196.7));
#7842 = VERTEX_POINT('',#7843);
#7843 = CARTESIAN_POINT('',(39.3,145.,196.7));
#7844 = LINE('',#7845,#7846);
#7845 = CARTESIAN_POINT('',(39.3,147.,196.7));
#7846 = VECTOR('',#7847,1.);
#7847 = DIRECTION('',(0.,1.,0.));
#7848 = ORIENTED_EDGE('',*,*,#7849,.T.);
#7849 = EDGE_CURVE('',#7842,#7850,#7852,.T.);
#7850 = VERTEX_POINT('',#7851);
#7851 = CARTESIAN_POINT('',(39.3,145.,219.5));
#7852 = LINE('',#7853,#7854);
#7853 = CARTESIAN_POINT('',(39.3,145.,182.35));
#7854 = VECTOR('',#7855,1.);
#7855 = DIRECTION('',(0.,0.,1.));
#7856 = ORIENTED_EDGE('',*,*,#7857,.F.);
#7857 = EDGE_CURVE('',#7858,#7850,#7860,.T.);
#7858 = VERTEX_POINT('',#7859);
#7859 = CARTESIAN_POINT('',(39.3,133.,219.5));
#7860 = LINE('',#7861,#7862);
#7861 = CARTESIAN_POINT('',(39.3,147.,219.5));
#7862 = VECTOR('',#7863,1.);
#7863 = DIRECTION('',(0.,1.,0.));
#7864 = ORIENTED_EDGE('',*,*,#7865,.F.);
#7865 = EDGE_CURVE('',#7840,#7858,#7866,.T.);
#7866 = LINE('',#7867,#7868);
#7867 = CARTESIAN_POINT('',(39.3,133.,182.35));
#7868 = VECTOR('',#7869,1.);
#7869 = DIRECTION('',(0.,0.,1.));
#7870 = FACE_BOUND('',#7871,.T.);
#7871 = EDGE_LOOP('',(#7872));
#7872 = ORIENTED_EDGE('',*,*,#7873,.F.);
#7873 = EDGE_CURVE('',#7874,#7874,#7876,.T.);
#7874 = VERTEX_POINT('',#7875);
#7875 = CARTESIAN_POINT('',(39.3,139.,222.9));
#7876 = CIRCLE('',#7877,1.2);
#7877 = AXIS2_PLACEMENT_3D('',#7878,#7879,#7880);
#7878 = CARTESIAN_POINT('',(39.3,139.,221.7));
#7879 = DIRECTION('',(-1.,0.,0.));
#7880 = DIRECTION('',(0.,0.,1.));
#7881 = PLANE('',#7882);
#7882 = AXIS2_PLACEMENT_3D('',#7883,#7884,#7885);
#7883 = CARTESIAN_POINT('',(39.3,149.,168.));
#7884 = DIRECTION('',(-1.,0.,0.));
#7885 = DIRECTION('',(0.,0.,1.));
#7886 = ADVANCED_FACE('',(#7887),#7904,.T.);
#7887 = FACE_BOUND('',#7888,.T.);
#7888 = EDGE_LOOP('',(#7889,#7890,#7898));
#7889 = ORIENTED_EDGE('',*,*,#6981,.T.);
#7890 = ORIENTED_EDGE('',*,*,#7891,.F.);
#7891 = EDGE_CURVE('',#7892,#6974,#7894,.T.);
#7892 = VERTEX_POINT('',#7893);
#7893 = CARTESIAN_POINT('',(39.3,132.,172.));
#7894 = LINE('',#7895,#7896);
#7895 = CARTESIAN_POINT('',(66.5,132.,172.));
#7896 = VECTOR('',#7897,1.);
#7897 = DIRECTION('',(-1.,0.,0.));
#7898 = ORIENTED_EDGE('',*,*,#7899,.F.);
#7899 = EDGE_CURVE('',#6982,#7892,#7900,.T.);
#7900 = LINE('',#7901,#7902);
#7901 = CARTESIAN_POINT('',(39.3,145.93229166666,172.));
#7902 = VECTOR('',#7903,1.);
#7903 = DIRECTION('',(0.,-1.,0.));
#7904 = PLANE('',#7905);
#7905 = AXIS2_PLACEMENT_3D('',#7906,#7907,#7908);
#7906 = CARTESIAN_POINT('',(38.869281045752,143.70980392156,172.));
#7907 = DIRECTION('',(0.,0.,1.));
#7908 = DIRECTION('',(-1.,0.,0.));
#7909 = ADVANCED_FACE('',(#7910),#7927,.T.);
#7910 = FACE_BOUND('',#7911,.T.);
#7911 = EDGE_LOOP('',(#7912,#7913,#7919,#7920,#7921));
#7912 = ORIENTED_EDGE('',*,*,#7252,.F.);
#7913 = ORIENTED_EDGE('',*,*,#7914,.F.);
#7914 = EDGE_CURVE('',#7892,#7245,#7915,.T.);
#7915 = LINE('',#7916,#7917);
#7916 = CARTESIAN_POINT('',(39.3,132.,168.));
#7917 = VECTOR('',#7918,1.);
#7918 = DIRECTION('',(0.,-0.,-1.));
#7919 = ORIENTED_EDGE('',*,*,#7891,.T.);
#7920 = ORIENTED_EDGE('',*,*,#6973,.T.);
#7921 = ORIENTED_EDGE('',*,*,#7922,.F.);
#7922 = EDGE_CURVE('',#7253,#6966,#7923,.T.);
#7923 = LINE('',#7924,#7925);
#7924 = CARTESIAN_POINT('',(20.5,132.,168.));
#7925 = VECTOR('',#7926,1.);
#7926 = DIRECTION('',(0.,0.,1.));
#7927 = PLANE('',#7928);
#7928 = AXIS2_PLACEMENT_3D('',#7929,#7930,#7931);
#7929 = CARTESIAN_POINT('',(66.5,132.,168.));
#7930 = DIRECTION('',(0.,-1.,0.));
#7931 = DIRECTION('',(0.,0.,1.));
#7932 = ADVANCED_FACE('',(#7933),#7944,.F.);
#7933 = FACE_BOUND('',#7934,.T.);
#7934 = EDGE_LOOP('',(#7935,#7936,#7942,#7943));
#7935 = ORIENTED_EDGE('',*,*,#6965,.T.);
#7936 = ORIENTED_EDGE('',*,*,#7937,.F.);
#7937 = EDGE_CURVE('',#7261,#6958,#7938,.T.);
#7938 = LINE('',#7939,#7940);
#7939 = CARTESIAN_POINT('',(20.5,125.,168.));
#7940 = VECTOR('',#7941,1.);
#7941 = DIRECTION('',(0.,0.,1.));
#7942 = ORIENTED_EDGE('',*,*,#7260,.F.);
#7943 = ORIENTED_EDGE('',*,*,#7922,.T.);
#7944 = PLANE('',#7945);
#7945 = AXIS2_PLACEMENT_3D('',#7946,#7947,#7948);
#7946 = CARTESIAN_POINT('',(20.5,156.,168.));
#7947 = DIRECTION('',(-1.,0.,0.));
#7948 = DIRECTION('',(0.,0.,1.));
#7949 = ADVANCED_FACE('',(#7950),#7961,.T.);
#7950 = FACE_BOUND('',#7951,.T.);
#7951 = EDGE_LOOP('',(#7952,#7953,#7954,#7955));
#7952 = ORIENTED_EDGE('',*,*,#7268,.F.);
#7953 = ORIENTED_EDGE('',*,*,#7937,.T.);
#7954 = ORIENTED_EDGE('',*,*,#6957,.T.);
#7955 = ORIENTED_EDGE('',*,*,#7956,.F.);
#7956 = EDGE_CURVE('',#7269,#6950,#7957,.T.);
#7957 = LINE('',#7958,#7959);
#7958 = CARTESIAN_POINT('',(12.5,125.,168.));
#7959 = VECTOR('',#7960,1.);
#7960 = DIRECTION('',(0.,0.,1.));
#7961 = PLANE('',#7962);
#7962 = AXIS2_PLACEMENT_3D('',#7963,#7964,#7965);
#7963 = CARTESIAN_POINT('',(20.5,125.,168.));
#7964 = DIRECTION('',(0.,-1.,0.));
#7965 = DIRECTION('',(0.,0.,1.));
#7966 = ADVANCED_FACE('',(#7967),#7978,.T.);
#7967 = FACE_BOUND('',#7968,.T.);
#7968 = EDGE_LOOP('',(#7969,#7970,#7976,#7977));
#7969 = ORIENTED_EDGE('',*,*,#6949,.F.);
#7970 = ORIENTED_EDGE('',*,*,#7971,.F.);
#7971 = EDGE_CURVE('',#7277,#6942,#7972,.T.);
#7972 = LINE('',#7973,#7974);
#7973 = CARTESIAN_POINT('',(12.5,130.,178.68644067796));
#7974 = VECTOR('',#7975,1.);
#7975 = DIRECTION('',(0.,0.,1.));
#7976 = ORIENTED_EDGE('',*,*,#7276,.T.);
#7977 = ORIENTED_EDGE('',*,*,#7956,.T.);
#7978 = PLANE('',#7979);
#7979 = AXIS2_PLACEMENT_3D('',#7980,#7981,#7982);
#7980 = CARTESIAN_POINT('',(12.5,142.5,170.));
#7981 = DIRECTION('',(-1.,0.,0.));
#7982 = DIRECTION('',(0.,0.,1.));
#7983 = ADVANCED_FACE('',(#7984),#8011,.T.);
#7984 = FACE_BOUND('',#7985,.T.);
#7985 = EDGE_LOOP('',(#7986,#7987,#7988,#7989,#7997,#8005));
#7986 = ORIENTED_EDGE('',*,*,#7284,.F.);
#7987 = ORIENTED_EDGE('',*,*,#7971,.T.);
#7988 = ORIENTED_EDGE('',*,*,#6941,.T.);
#7989 = ORIENTED_EDGE('',*,*,#7990,.T.);
#7990 = EDGE_CURVE('',#6934,#7991,#7993,.T.);
#7991 = VERTEX_POINT('',#7992);
#7992 = CARTESIAN_POINT('',(11.5,130.,213.));
#7993 = LINE('',#7994,#7995);
#7994 = CARTESIAN_POINT('',(11.5,130.,168.));
#7995 = VECTOR('',#7996,1.);
#7996 = DIRECTION('',(0.,0.,1.));
#7997 = ORIENTED_EDGE('',*,*,#7998,.T.);
#7998 = EDGE_CURVE('',#7991,#7999,#8001,.T.);
#7999 = VERTEX_POINT('',#8000);
#8000 = CARTESIAN_POINT('',(6.5,130.,213.));
#8001 = LINE('',#8002,#8003);
#8002 = CARTESIAN_POINT('',(11.5,130.,213.));
#8003 = VECTOR('',#8004,1.);
#8004 = DIRECTION('',(-1.,0.,0.));
#8005 = ORIENTED_EDGE('',*,*,#8006,.F.);
#8006 = EDGE_CURVE('',#7285,#7999,#8007,.T.);
#8007 = LINE('',#8008,#8009);
#8008 = CARTESIAN_POINT('',(6.5,130.,168.));
#8009 = VECTOR('',#8010,1.);
#8010 = DIRECTION('',(0.,0.,1.));
#8011 = PLANE('',#8012);
#8012 = AXIS2_PLACEMENT_3D('',#8013,#8014,#8015);
#8013 = CARTESIAN_POINT('',(10.372881355932,130.,187.37288135593));
#8014 = DIRECTION('',(0.,-1.,0.));
#8015 = DIRECTION('',(0.,0.,1.));
#8016 = ADVANCED_FACE('',(#8017,#8028),#8039,.F.);
#8017 = FACE_BOUND('',#8018,.F.);
#8018 = EDGE_LOOP('',(#8019,#8020,#8021,#8022));
#8019 = ORIENTED_EDGE('',*,*,#7171,.F.);
#8020 = ORIENTED_EDGE('',*,*,#6933,.F.);
#8021 = ORIENTED_EDGE('',*,*,#7990,.T.);
#8022 = ORIENTED_EDGE('',*,*,#8023,.F.);
#8023 = EDGE_CURVE('',#7164,#7991,#8024,.T.);
#8024 = LINE('',#8025,#8026);
#8025 = CARTESIAN_POINT('',(11.5,148.,213.));
#8026 = VECTOR('',#8027,1.);
#8027 = DIRECTION('',(0.,-1.,0.));
#8028 = FACE_BOUND('',#8029,.F.);
#8029 = EDGE_LOOP('',(#8030));
#8030 = ORIENTED_EDGE('',*,*,#8031,.F.);
#8031 = EDGE_CURVE('',#8032,#8032,#8034,.T.);
#8032 = VERTEX_POINT('',#8033);
#8033 = CARTESIAN_POINT('',(11.5,139.,207.1));
#8034 = CIRCLE('',#8035,2.1);
#8035 = AXIS2_PLACEMENT_3D('',#8036,#8037,#8038);
#8036 = CARTESIAN_POINT('',(11.5,139.,205.));
#8037 = DIRECTION('',(-1.,0.,0.));
#8038 = DIRECTION('',(0.,0.,1.));
#8039 = PLANE('',#8040);
#8040 = AXIS2_PLACEMENT_3D('',#8041,#8042,#8043);
#8041 = CARTESIAN_POINT('',(11.5,148.,168.));
#8042 = DIRECTION('',(-1.,0.,0.));
#8043 = DIRECTION('',(0.,0.,1.));
#8044 = ADVANCED_FACE('',(#8045),#8056,.F.);
#8045 = FACE_BOUND('',#8046,.F.);
#8046 = EDGE_LOOP('',(#8047,#8048,#8054,#8055));
#8047 = ORIENTED_EDGE('',*,*,#7111,.F.);
#8048 = ORIENTED_EDGE('',*,*,#8049,.F.);
#8049 = EDGE_CURVE('',#7386,#7112,#8050,.T.);
#8050 = LINE('',#8051,#8052);
#8051 = CARTESIAN_POINT('',(57.8,138.,167.));
#8052 = VECTOR('',#8053,1.);
#8053 = DIRECTION('',(0.,0.,1.));
#8054 = ORIENTED_EDGE('',*,*,#7385,.T.);
#8055 = ORIENTED_EDGE('',*,*,#8049,.T.);
#8056 = CYLINDRICAL_SURFACE('',#8057,1.7);
#8057 = AXIS2_PLACEMENT_3D('',#8058,#8059,#8060);
#8058 = CARTESIAN_POINT('',(59.5,138.,167.));
#8059 = DIRECTION('',(0.,0.,1.));
#8060 = DIRECTION('',(-1.,0.,0.));
#8061 = ADVANCED_FACE('',(#8062),#8078,.F.);
#8062 = FACE_BOUND('',#8063,.F.);
#8063 = EDGE_LOOP('',(#8064,#8065,#8071,#8072));
#8064 = ORIENTED_EDGE('',*,*,#7122,.F.);
#8065 = ORIENTED_EDGE('',*,*,#8066,.F.);
#8066 = EDGE_CURVE('',#7397,#7123,#8067,.T.);
#8067 = LINE('',#8068,#8069);
#8068 = CARTESIAN_POINT('',(20.5,136.62522729151,167.));
#8069 = VECTOR('',#8070,1.);
#8070 = DIRECTION('',(0.,0.,1.));
#8071 = ORIENTED_EDGE('',*,*,#7396,.T.);
#8072 = ORIENTED_EDGE('',*,*,#8073,.T.);
#8073 = EDGE_CURVE('',#7399,#7125,#8074,.T.);
#8074 = LINE('',#8075,#8076);
#8075 = CARTESIAN_POINT('',(20.5,139.37477270848,167.));
#8076 = VECTOR('',#8077,1.);
#8077 = DIRECTION('',(0.,0.,1.));
#8078 = CYLINDRICAL_SURFACE('',#8079,1.7);
#8079 = AXIS2_PLACEMENT_3D('',#8080,#8081,#8082);
#8080 = CARTESIAN_POINT('',(19.5,138.,167.));
#8081 = DIRECTION('',(0.,0.,1.));
#8082 = DIRECTION('',(-1.,0.,0.));
#8083 = ADVANCED_FACE('',(#8084),#8090,.F.);
#8084 = FACE_BOUND('',#8085,.F.);
#8085 = EDGE_LOOP('',(#8086,#8087,#8088,#8089));
#8086 = ORIENTED_EDGE('',*,*,#8073,.F.);
#8087 = ORIENTED_EDGE('',*,*,#7407,.T.);
#8088 = ORIENTED_EDGE('',*,*,#8066,.T.);
#8089 = ORIENTED_EDGE('',*,*,#7133,.F.);
#8090 = PLANE('',#8091);
#8091 = AXIS2_PLACEMENT_3D('',#8092,#8093,#8094);
#8092 = CARTESIAN_POINT('',(20.5,148.,168.));
#8093 = DIRECTION('',(-1.,0.,0.));
#8094 = DIRECTION('',(0.,0.,1.));
#8095 = ADVANCED_FACE('',(#8096),#8107,.T.);
#8096 = FACE_BOUND('',#8097,.T.);
#8097 = EDGE_LOOP('',(#8098,#8099,#8100,#8106));
#8098 = ORIENTED_EDGE('',*,*,#8023,.F.);
#8099 = ORIENTED_EDGE('',*,*,#7163,.T.);
#8100 = ORIENTED_EDGE('',*,*,#8101,.T.);
#8101 = EDGE_CURVE('',#7156,#7999,#8102,.T.);
#8102 = LINE('',#8103,#8104);
#8103 = CARTESIAN_POINT('',(6.5,148.,213.));
#8104 = VECTOR('',#8105,1.);
#8105 = DIRECTION('',(0.,-1.,0.));
#8106 = ORIENTED_EDGE('',*,*,#7998,.F.);
#8107 = PLANE('',#8108);
#8108 = AXIS2_PLACEMENT_3D('',#8109,#8110,#8111);
#8109 = CARTESIAN_POINT('',(11.5,148.,213.));
#8110 = DIRECTION('',(0.,0.,1.));
#8111 = DIRECTION('',(-1.,0.,0.));
#8112 = ADVANCED_FACE('',(#8113,#8119),#8130,.T.);
#8113 = FACE_BOUND('',#8114,.T.);
#8114 = EDGE_LOOP('',(#8115,#8116,#8117,#8118));
#8115 = ORIENTED_EDGE('',*,*,#7155,.F.);
#8116 = ORIENTED_EDGE('',*,*,#7292,.T.);
#8117 = ORIENTED_EDGE('',*,*,#8006,.T.);
#8118 = ORIENTED_EDGE('',*,*,#8101,.F.);
#8119 = FACE_BOUND('',#8120,.T.);
#8120 = EDGE_LOOP('',(#8121));
#8121 = ORIENTED_EDGE('',*,*,#8122,.F.);
#8122 = EDGE_CURVE('',#8123,#8123,#8125,.T.);
#8123 = VERTEX_POINT('',#8124);
#8124 = CARTESIAN_POINT('',(6.5,139.,207.1));
#8125 = CIRCLE('',#8126,2.1);
#8126 = AXIS2_PLACEMENT_3D('',#8127,#8128,#8129);
#8127 = CARTESIAN_POINT('',(6.5,139.,205.));
#8128 = DIRECTION('',(-1.,0.,0.));
#8129 = DIRECTION('',(0.,0.,1.));
#8130 = PLANE('',#8131);
#8131 = AXIS2_PLACEMENT_3D('',#8132,#8133,#8134);
#8132 = CARTESIAN_POINT('',(6.5,148.,168.));
#8133 = DIRECTION('',(-1.,0.,0.));
#8134 = DIRECTION('',(0.,0.,1.));
#8135 = ADVANCED_FACE('',(#8136),#8154,.F.);
#8136 = FACE_BOUND('',#8137,.F.);
#8137 = EDGE_LOOP('',(#8138,#8139,#8147,#8153));
#8138 = ORIENTED_EDGE('',*,*,#7228,.T.);
#8139 = ORIENTED_EDGE('',*,*,#8140,.T.);
#8140 = EDGE_CURVE('',#7229,#8141,#8143,.T.);
#8141 = VERTEX_POINT('',#8142);
#8142 = CARTESIAN_POINT('',(42.3,129.,172.));
#8143 = LINE('',#8144,#8145);
#8144 = CARTESIAN_POINT('',(42.3,129.,168.));
#8145 = VECTOR('',#8146,1.);
#8146 = DIRECTION('',(0.,0.,1.));
#8147 = ORIENTED_EDGE('',*,*,#8148,.T.);
#8148 = EDGE_CURVE('',#8141,#7493,#8149,.T.);
#8149 = LINE('',#8150,#8151);
#8150 = CARTESIAN_POINT('',(42.3,131.,172.));
#8151 = VECTOR('',#8152,1.);
#8152 = DIRECTION('',(0.,1.,0.));
#8153 = ORIENTED_EDGE('',*,*,#7500,.T.);
#8154 = PLANE('',#8155);
#8155 = AXIS2_PLACEMENT_3D('',#8156,#8157,#8158);
#8156 = CARTESIAN_POINT('',(42.3,149.,168.));
#8157 = DIRECTION('',(-1.,0.,0.));
#8158 = DIRECTION('',(0.,0.,1.));
#8159 = ADVANCED_FACE('',(#8160),#8178,.T.);
#8160 = FACE_BOUND('',#8161,.T.);
#8161 = EDGE_LOOP('',(#8162,#8170,#8171,#8172));
#8162 = ORIENTED_EDGE('',*,*,#8163,.F.);
#8163 = EDGE_CURVE('',#7237,#8164,#8166,.T.);
#8164 = VERTEX_POINT('',#8165);
#8165 = CARTESIAN_POINT('',(39.3,129.,172.));
#8166 = LINE('',#8167,#8168);
#8167 = CARTESIAN_POINT('',(39.3,129.,168.));
#8168 = VECTOR('',#8169,1.);
#8169 = DIRECTION('',(0.,0.,1.));
#8170 = ORIENTED_EDGE('',*,*,#7236,.F.);
#8171 = ORIENTED_EDGE('',*,*,#8140,.T.);
#8172 = ORIENTED_EDGE('',*,*,#8173,.T.);
#8173 = EDGE_CURVE('',#8141,#8164,#8174,.T.);
#8174 = LINE('',#8175,#8176);
#8175 = CARTESIAN_POINT('',(40.9,129.,172.));
#8176 = VECTOR('',#8177,1.);
#8177 = DIRECTION('',(-1.,0.,0.));
#8178 = PLANE('',#8179);
#8179 = AXIS2_PLACEMENT_3D('',#8180,#8181,#8182);
#8180 = CARTESIAN_POINT('',(42.3,129.,168.));
#8181 = DIRECTION('',(0.,-1.,0.));
#8182 = DIRECTION('',(0.,0.,1.));
#8183 = ADVANCED_FACE('',(#8184),#8195,.T.);
#8184 = FACE_BOUND('',#8185,.T.);
#8185 = EDGE_LOOP('',(#8186,#8187,#8193,#8194));
#8186 = ORIENTED_EDGE('',*,*,#8163,.T.);
#8187 = ORIENTED_EDGE('',*,*,#8188,.T.);
#8188 = EDGE_CURVE('',#8164,#7892,#8189,.T.);
#8189 = LINE('',#8190,#8191);
#8190 = CARTESIAN_POINT('',(39.3,131.,172.));
#8191 = VECTOR('',#8192,1.);
#8192 = DIRECTION('',(0.,1.,0.));
#8193 = ORIENTED_EDGE('',*,*,#7914,.T.);
#8194 = ORIENTED_EDGE('',*,*,#7244,.T.);
#8195 = PLANE('',#8196);
#8196 = AXIS2_PLACEMENT_3D('',#8197,#8198,#8199);
#8197 = CARTESIAN_POINT('',(39.3,149.,168.));
#8198 = DIRECTION('',(-1.,0.,0.));
#8199 = DIRECTION('',(0.,0.,1.));
#8200 = ADVANCED_FACE('',(#8201),#8215,.T.);
#8201 = FACE_BOUND('',#8202,.T.);
#8202 = EDGE_LOOP('',(#8203,#8204,#8211,#8212,#8213,#8214));
#8203 = ORIENTED_EDGE('',*,*,#7516,.F.);
#8204 = ORIENTED_EDGE('',*,*,#8205,.T.);
#8205 = EDGE_CURVE('',#7071,#6982,#8206,.T.);
#8206 = CIRCLE('',#8207,21.2);
#8207 = AXIS2_PLACEMENT_3D('',#8208,#8209,#8210);
#8208 = CARTESIAN_POINT('',(39.5,113.,172.));
#8209 = DIRECTION('',(0.,0.,1.));
#8210 = DIRECTION('',(-1.,0.,0.));
#8211 = ORIENTED_EDGE('',*,*,#7899,.T.);
#8212 = ORIENTED_EDGE('',*,*,#8188,.F.);
#8213 = ORIENTED_EDGE('',*,*,#8173,.F.);
#8214 = ORIENTED_EDGE('',*,*,#8148,.T.);
#8215 = PLANE('',#8216);
#8216 = AXIS2_PLACEMENT_3D('',#8217,#8218,#8219);
#8217 = CARTESIAN_POINT('',(39.5,113.,172.));
#8218 = DIRECTION('',(0.,0.,1.));
#8219 = DIRECTION('',(-1.,0.,0.));
#8220 = ADVANCED_FACE('',(#8221),#8238,.F.);
#8221 = FACE_BOUND('',#8222,.F.);
#8222 = EDGE_LOOP('',(#8223,#8224,#8231,#8232));
#8223 = ORIENTED_EDGE('',*,*,#7530,.T.);
#8224 = ORIENTED_EDGE('',*,*,#8225,.T.);
#8225 = EDGE_CURVE('',#7533,#7813,#8226,.T.);
#8226 = CIRCLE('',#8227,21.2);
#8227 = AXIS2_PLACEMENT_3D('',#8228,#8229,#8230);
#8228 = CARTESIAN_POINT('',(39.5,113.,176.));
#8229 = DIRECTION('',(0.,0.,1.));
#8230 = DIRECTION('',(-1.,0.,0.));
#8231 = ORIENTED_EDGE('',*,*,#7820,.F.);
#8232 = ORIENTED_EDGE('',*,*,#8233,.F.);
#8233 = EDGE_CURVE('',#7531,#7793,#8234,.T.);
#8234 = LINE('',#8235,#8236);
#8235 = CARTESIAN_POINT('',(40.9,129.,176.));
#8236 = VECTOR('',#8237,1.);
#8237 = DIRECTION('',(-1.,0.,0.));
#8238 = PLANE('',#8239);
#8239 = AXIS2_PLACEMENT_3D('',#8240,#8241,#8242);
#8240 = CARTESIAN_POINT('',(39.5,113.,176.));
#8241 = DIRECTION('',(0.,0.,1.));
#8242 = DIRECTION('',(-1.,0.,0.));
#8243 = ADVANCED_FACE('',(#8244),#8250,.F.);
#8244 = FACE_BOUND('',#8245,.F.);
#8245 = EDGE_LOOP('',(#8246,#8247,#8248,#8249));
#8246 = ORIENTED_EDGE('',*,*,#8225,.F.);
#8247 = ORIENTED_EDGE('',*,*,#7577,.F.);
#8248 = ORIENTED_EDGE('',*,*,#8205,.T.);
#8249 = ORIENTED_EDGE('',*,*,#7812,.T.);
#8250 = CYLINDRICAL_SURFACE('',#8251,21.2);
#8251 = AXIS2_PLACEMENT_3D('',#8252,#8253,#8254);
#8252 = CARTESIAN_POINT('',(39.5,113.,172.));
#8253 = DIRECTION('',(0.,0.,1.));
#8254 = DIRECTION('',(-1.,0.,0.));
#8255 = ADVANCED_FACE('',(#8256),#8267,.T.);
#8256 = FACE_BOUND('',#8257,.T.);
#8257 = EDGE_LOOP('',(#8258,#8259,#8260,#8261));
#8258 = ORIENTED_EDGE('',*,*,#7548,.F.);
#8259 = ORIENTED_EDGE('',*,*,#7702,.T.);
#8260 = ORIENTED_EDGE('',*,*,#7802,.T.);
#8261 = ORIENTED_EDGE('',*,*,#8262,.F.);
#8262 = EDGE_CURVE('',#7541,#7795,#8263,.T.);
#8263 = LINE('',#8264,#8265);
#8264 = CARTESIAN_POINT('',(42.3,129.,228.));
#8265 = VECTOR('',#8266,1.);
#8266 = DIRECTION('',(-1.,0.,0.));
#8267 = PLANE('',#8268);
#8268 = AXIS2_PLACEMENT_3D('',#8269,#8270,#8271);
#8269 = CARTESIAN_POINT('',(42.3,149.,228.));
#8270 = DIRECTION('',(0.,0.,1.));
#8271 = DIRECTION('',(-1.,0.,0.));
#8272 = ADVANCED_FACE('',(#8273),#8279,.T.);
#8273 = FACE_BOUND('',#8274,.T.);
#8274 = EDGE_LOOP('',(#8275,#8276,#8277,#8278));
#8275 = ORIENTED_EDGE('',*,*,#7792,.F.);
#8276 = ORIENTED_EDGE('',*,*,#8233,.F.);
#8277 = ORIENTED_EDGE('',*,*,#7540,.T.);
#8278 = ORIENTED_EDGE('',*,*,#8262,.T.);
#8279 = PLANE('',#8280);
#8280 = AXIS2_PLACEMENT_3D('',#8281,#8282,#8283);
#8281 = CARTESIAN_POINT('',(42.3,129.,168.));
#8282 = DIRECTION('',(0.,-1.,0.));
#8283 = DIRECTION('',(0.,0.,1.));
#8284 = ADVANCED_FACE('',(#8285),#8296,.F.);
#8285 = FACE_BOUND('',#8286,.F.);
#8286 = EDGE_LOOP('',(#8287,#8288,#8294,#8295));
#8287 = ORIENTED_EDGE('',*,*,#7828,.F.);
#8288 = ORIENTED_EDGE('',*,*,#8289,.F.);
#8289 = EDGE_CURVE('',#7586,#7829,#8290,.T.);
#8290 = LINE('',#8291,#8292);
#8291 = CARTESIAN_POINT('',(43.5,139.,195.7));
#8292 = VECTOR('',#8293,1.);
#8293 = DIRECTION('',(-1.,0.,0.));
#8294 = ORIENTED_EDGE('',*,*,#7585,.T.);
#8295 = ORIENTED_EDGE('',*,*,#8289,.T.);
#8296 = CYLINDRICAL_SURFACE('',#8297,1.2);
#8297 = AXIS2_PLACEMENT_3D('',#8298,#8299,#8300);
#8298 = CARTESIAN_POINT('',(43.5,139.,194.5));
#8299 = DIRECTION('',(-1.,0.,0.));
#8300 = DIRECTION('',(0.,0.,1.));
#8301 = ADVANCED_FACE('',(#8302),#8318,.T.);
#8302 = FACE_BOUND('',#8303,.T.);
#8303 = EDGE_LOOP('',(#8304,#8310,#8311,#8317));
#8304 = ORIENTED_EDGE('',*,*,#8305,.F.);
#8305 = EDGE_CURVE('',#7597,#7840,#8306,.T.);
#8306 = LINE('',#8307,#8308);
#8307 = CARTESIAN_POINT('',(43.,133.,196.7));
#8308 = VECTOR('',#8309,1.);
#8309 = DIRECTION('',(-1.,0.,0.));
#8310 = ORIENTED_EDGE('',*,*,#7596,.T.);
#8311 = ORIENTED_EDGE('',*,*,#8312,.T.);
#8312 = EDGE_CURVE('',#7599,#7842,#8313,.T.);
#8313 = LINE('',#8314,#8315);
#8314 = CARTESIAN_POINT('',(43.,145.,196.7));
#8315 = VECTOR('',#8316,1.);
#8316 = DIRECTION('',(-1.,0.,0.));
#8317 = ORIENTED_EDGE('',*,*,#7839,.F.);
#8318 = PLANE('',#8319);
#8319 = AXIS2_PLACEMENT_3D('',#8320,#8321,#8322);
#8320 = CARTESIAN_POINT('',(43.,145.,196.7));
#8321 = DIRECTION('',(0.,0.,1.));
#8322 = DIRECTION('',(-1.,0.,0.));
#8323 = ADVANCED_FACE('',(#8324),#8335,.F.);
#8324 = FACE_BOUND('',#8325,.F.);
#8325 = EDGE_LOOP('',(#8326,#8327,#8328,#8334));
#8326 = ORIENTED_EDGE('',*,*,#8305,.F.);
#8327 = ORIENTED_EDGE('',*,*,#7622,.T.);
#8328 = ORIENTED_EDGE('',*,*,#8329,.T.);
#8329 = EDGE_CURVE('',#7615,#7858,#8330,.T.);
#8330 = LINE('',#8331,#8332);
#8331 = CARTESIAN_POINT('',(43.,133.,219.5));
#8332 = VECTOR('',#8333,1.);
#8333 = DIRECTION('',(-1.,0.,0.));
#8334 = ORIENTED_EDGE('',*,*,#7865,.F.);
#8335 = PLANE('',#8336);
#8336 = AXIS2_PLACEMENT_3D('',#8337,#8338,#8339);
#8337 = CARTESIAN_POINT('',(43.,133.,196.7));
#8338 = DIRECTION('',(0.,-1.,0.));
#8339 = DIRECTION('',(0.,0.,1.));
#8340 = ADVANCED_FACE('',(#8341),#8352,.T.);
#8341 = FACE_BOUND('',#8342,.T.);
#8342 = EDGE_LOOP('',(#8343,#8344,#8345,#8351));
#8343 = ORIENTED_EDGE('',*,*,#8312,.F.);
#8344 = ORIENTED_EDGE('',*,*,#7606,.T.);
#8345 = ORIENTED_EDGE('',*,*,#8346,.T.);
#8346 = EDGE_CURVE('',#7607,#7850,#8347,.T.);
#8347 = LINE('',#8348,#8349);
#8348 = CARTESIAN_POINT('',(43.,145.,219.5));
#8349 = VECTOR('',#8350,1.);
#8350 = DIRECTION('',(-1.,0.,0.));
#8351 = ORIENTED_EDGE('',*,*,#7849,.F.);
#8352 = PLANE('',#8353);
#8353 = AXIS2_PLACEMENT_3D('',#8354,#8355,#8356);
#8354 = CARTESIAN_POINT('',(43.,145.,196.7));
#8355 = DIRECTION('',(0.,-1.,0.));
#8356 = DIRECTION('',(0.,0.,1.));
#8357 = ADVANCED_FACE('',(#8358),#8364,.F.);
#8358 = FACE_BOUND('',#8359,.F.);
#8359 = EDGE_LOOP('',(#8360,#8361,#8362,#8363));
#8360 = ORIENTED_EDGE('',*,*,#8329,.F.);
#8361 = ORIENTED_EDGE('',*,*,#7614,.T.);
#8362 = ORIENTED_EDGE('',*,*,#8346,.T.);
#8363 = ORIENTED_EDGE('',*,*,#7857,.F.);
#8364 = PLANE('',#8365);
#8365 = AXIS2_PLACEMENT_3D('',#8366,#8367,#8368);
#8366 = CARTESIAN_POINT('',(43.,145.,219.5));
#8367 = DIRECTION('',(0.,0.,1.));
#8368 = DIRECTION('',(-1.,0.,0.));
#8369 = ADVANCED_FACE('',(#8370),#8381,.F.);
#8370 = FACE_BOUND('',#8371,.F.);
#8371 = EDGE_LOOP('',(#8372,#8373,#8379,#8380));
#8372 = ORIENTED_EDGE('',*,*,#7873,.F.);
#8373 = ORIENTED_EDGE('',*,*,#8374,.F.);
#8374 = EDGE_CURVE('',#7631,#7874,#8375,.T.);
#8375 = LINE('',#8376,#8377);
#8376 = CARTESIAN_POINT('',(43.5,139.,222.9));
#8377 = VECTOR('',#8378,1.);
#8378 = DIRECTION('',(-1.,0.,0.));
#8379 = ORIENTED_EDGE('',*,*,#7630,.T.);
#8380 = ORIENTED_EDGE('',*,*,#8374,.T.);
#8381 = CYLINDRICAL_SURFACE('',#8382,1.2);
#8382 = AXIS2_PLACEMENT_3D('',#8383,#8384,#8385);
#8383 = CARTESIAN_POINT('',(43.5,139.,221.7));
#8384 = DIRECTION('',(-1.,0.,0.));
#8385 = DIRECTION('',(0.,0.,1.));
#8386 = ADVANCED_FACE('',(#8387),#8398,.F.);
#8387 = FACE_BOUND('',#8388,.F.);
#8388 = EDGE_LOOP('',(#8389,#8390,#8396,#8397));
#8389 = ORIENTED_EDGE('',*,*,#8122,.F.);
#8390 = ORIENTED_EDGE('',*,*,#8391,.F.);
#8391 = EDGE_CURVE('',#8032,#8123,#8392,.T.);
#8392 = LINE('',#8393,#8394);
#8393 = CARTESIAN_POINT('',(12.5,139.,207.1));
#8394 = VECTOR('',#8395,1.);
#8395 = DIRECTION('',(-1.,0.,0.));
#8396 = ORIENTED_EDGE('',*,*,#8031,.T.);
#8397 = ORIENTED_EDGE('',*,*,#8391,.T.);
#8398 = CYLINDRICAL_SURFACE('',#8399,2.1);
#8399 = AXIS2_PLACEMENT_3D('',#8400,#8401,#8402);
#8400 = CARTESIAN_POINT('',(12.5,139.,205.));
#8401 = DIRECTION('',(-1.,0.,0.));
#8402 = DIRECTION('',(0.,0.,1.));
#8403 = MANIFOLD_SOLID_BREP('',#8404);
#8404 = CLOSED_SHELL('',(#8405,#8441,#8469,#8497,#8525,#8553,#8581,#8609
    ,#8637,#8665,#8693,#8735,#8755,#8792,#8801,#8821));
#8405 = ADVANCED_FACE('',(#8406),#8436,.T.);
#8406 = FACE_BOUND('',#8407,.T.);
#8407 = EDGE_LOOP('',(#8408,#8417,#8424,#8431));
#8408 = ORIENTED_EDGE('',*,*,#8409,.F.);
#8409 = EDGE_CURVE('',#8410,#8412,#8414,.T.);
#8410 = VERTEX_POINT('',#8411);
#8411 = CARTESIAN_POINT('',(44.8,133.,219.5));
#8412 = VERTEX_POINT('',#8413);
#8413 = CARTESIAN_POINT('',(44.8,133.,224.35));
#8414 = B_SPLINE_CURVE_WITH_KNOTS('',1,(#8415,#8416),.UNSPECIFIED.,.F.,
  .F.,(2,2),(27.65,32.5),.PIECEWISE_BEZIER_KNOTS.);
#8415 = CARTESIAN_POINT('',(44.8,133.,219.5));
#8416 = CARTESIAN_POINT('',(44.8,133.,224.35));
#8417 = ORIENTED_EDGE('',*,*,#8418,.T.);
#8418 = EDGE_CURVE('',#8410,#8419,#8421,.T.);
#8419 = VERTEX_POINT('',#8420);
#8420 = CARTESIAN_POINT('',(44.8,145.,219.5));
#8421 = B_SPLINE_CURVE_WITH_KNOTS('',1,(#8422,#8423),.UNSPECIFIED.,.F.,
  .F.,(2,2),(0.,12.),.PIECEWISE_BEZIER_KNOTS.);
#8422 = CARTESIAN_POINT('',(44.8,133.,219.5));
#8423 = CARTESIAN_POINT('',(44.8,145.,219.5));
#8424 = ORIENTED_EDGE('',*,*,#8425,.T.);
#8425 = EDGE_CURVE('',#8419,#8426,#8428,.T.);
#8426 = VERTEX_POINT('',#8427);
#8427 = CARTESIAN_POINT('',(44.8,145.,224.35));
#8428 = B_SPLINE_CURVE_WITH_KNOTS('',1,(#8429,#8430),.UNSPECIFIED.,.F.,
  .F.,(2,2),(27.65,32.5),.PIECEWISE_BEZIER_KNOTS.);
#8429 = CARTESIAN_POINT('',(44.8,145.,219.5));
#8430 = CARTESIAN_POINT('',(44.8,145.,224.35));
#8431 = ORIENTED_EDGE('',*,*,#8432,.F.);
#8432 = EDGE_CURVE('',#8412,#8426,#8433,.T.);
#8433 = B_SPLINE_CURVE_WITH_KNOTS('',1,(#8434,#8435),.UNSPECIFIED.,.F.,
  .F.,(2,2),(0.,12.),.PIECEWISE_BEZIER_KNOTS.);
#8434 = CARTESIAN_POINT('',(44.8,133.,224.35));
#8435 = CARTESIAN_POINT('',(44.8,145.,224.35));
#8436 = B_SPLINE_SURFACE_WITH_KNOTS('',1,1,(
    (#8437,#8438)
    ,(#8439,#8440
    )),.UNSPECIFIED.,.F.,.F.,.F.,(2,2),(2,2),(0.,12.),(27.65,32.5),
  .PIECEWISE_BEZIER_KNOTS.);
#8437 = CARTESIAN_POINT('',(44.8,133.,219.5));
#8438 = CARTESIAN_POINT('',(44.8,133.,224.35));
#8439 = CARTESIAN_POINT('',(44.8,145.,219.5));
#8440 = CARTESIAN_POINT('',(44.8,145.,224.35));
#8441 = ADVANCED_FACE('',(#8442),#8464,.T.);
#8442 = FACE_BOUND('',#8443,.T.);
#8443 = EDGE_LOOP('',(#8444,#8453,#8458,#8459));
#8444 = ORIENTED_EDGE('',*,*,#8445,.F.);
#8445 = EDGE_CURVE('',#8446,#8448,#8450,.T.);
#8446 = VERTEX_POINT('',#8447);
#8447 = CARTESIAN_POINT('',(42.3,133.,224.35));
#8448 = VERTEX_POINT('',#8449);
#8449 = CARTESIAN_POINT('',(42.3,145.,224.35));
#8450 = B_SPLINE_CURVE_WITH_KNOTS('',1,(#8451,#8452),.UNSPECIFIED.,.F.,
  .F.,(2,2),(0.,12.),.PIECEWISE_BEZIER_KNOTS.);
#8451 = CARTESIAN_POINT('',(42.3,133.,224.35));
#8452 = CARTESIAN_POINT('',(42.3,145.,224.35));
#8453 = ORIENTED_EDGE('',*,*,#8454,.T.);
#8454 = EDGE_CURVE('',#8446,#8412,#8455,.T.);
#8455 = B_SPLINE_CURVE_WITH_KNOTS('',1,(#8456,#8457),.UNSPECIFIED.,.F.,
  .F.,(2,2),(0.,2.5),.PIECEWISE_BEZIER_KNOTS.);
#8456 = CARTESIAN_POINT('',(42.3,133.,224.35));
#8457 = CARTESIAN_POINT('',(44.8,133.,224.35));
#8458 = ORIENTED_EDGE('',*,*,#8432,.T.);
#8459 = ORIENTED_EDGE('',*,*,#8460,.F.);
#8460 = EDGE_CURVE('',#8448,#8426,#8461,.T.);
#8461 = B_SPLINE_CURVE_WITH_KNOTS('',1,(#8462,#8463),.UNSPECIFIED.,.F.,
  .F.,(2,2),(0.,2.5),.PIECEWISE_BEZIER_KNOTS.);
#8462 = CARTESIAN_POINT('',(42.3,145.,224.35));
#8463 = CARTESIAN_POINT('',(44.8,145.,224.35));
#8464 = B_SPLINE_SURFACE_WITH_KNOTS('',1,1,(
    (#8465,#8466)
    ,(#8467,#8468
    )),.UNSPECIFIED.,.F.,.F.,.F.,(2,2),(2,2),(0.,2.5),(0.,12.),
  .PIECEWISE_BEZIER_KNOTS.);
#8465 = CARTESIAN_POINT('',(42.3,133.,224.35));
#8466 = CARTESIAN_POINT('',(42.3,145.,224.35));
#8467 = CARTESIAN_POINT('',(44.8,133.,224.35));
#8468 = CARTESIAN_POINT('',(44.8,145.,224.35));
#8469 = ADVANCED_FACE('',(#8470),#8492,.F.);
#8470 = FACE_BOUND('',#8471,.F.);
#8471 = EDGE_LOOP('',(#8472,#8479,#8486,#8491));
#8472 = ORIENTED_EDGE('',*,*,#8473,.F.);
#8473 = EDGE_CURVE('',#8474,#8446,#8476,.T.);
#8474 = VERTEX_POINT('',#8475);
#8475 = CARTESIAN_POINT('',(42.3,133.,219.5));
#8476 = B_SPLINE_CURVE_WITH_KNOTS('',1,(#8477,#8478),.UNSPECIFIED.,.F.,
  .F.,(2,2),(27.65,32.5),.PIECEWISE_BEZIER_KNOTS.);
#8477 = CARTESIAN_POINT('',(42.3,133.,219.5));
#8478 = CARTESIAN_POINT('',(42.3,133.,224.35));
#8479 = ORIENTED_EDGE('',*,*,#8480,.T.);
#8480 = EDGE_CURVE('',#8474,#8481,#8483,.T.);
#8481 = VERTEX_POINT('',#8482);
#8482 = CARTESIAN_POINT('',(42.3,145.,219.5));
#8483 = B_SPLINE_CURVE_WITH_KNOTS('',1,(#8484,#8485),.UNSPECIFIED.,.F.,
  .F.,(2,2),(0.,12.),.PIECEWISE_BEZIER_KNOTS.);
#8484 = CARTESIAN_POINT('',(42.3,133.,219.5));
#8485 = CARTESIAN_POINT('',(42.3,145.,219.5));
#8486 = ORIENTED_EDGE('',*,*,#8487,.T.);
#8487 = EDGE_CURVE('',#8481,#8448,#8488,.T.);
#8488 = B_SPLINE_CURVE_WITH_KNOTS('',1,(#8489,#8490),.UNSPECIFIED.,.F.,
  .F.,(2,2),(27.65,32.5),.PIECEWISE_BEZIER_KNOTS.);
#8489 = CARTESIAN_POINT('',(42.3,145.,219.5));
#8490 = CARTESIAN_POINT('',(42.3,145.,224.35));
#8491 = ORIENTED_EDGE('',*,*,#8445,.F.);
#8492 = B_SPLINE_SURFACE_WITH_KNOTS('',1,1,(
    (#8493,#8494)
    ,(#8495,#8496
    )),.UNSPECIFIED.,.F.,.F.,.F.,(2,2),(2,2),(0.,12.),(27.65,32.5),
  .PIECEWISE_BEZIER_KNOTS.);
#8493 = CARTESIAN_POINT('',(42.3,133.,219.5));
#8494 = CARTESIAN_POINT('',(42.3,133.,224.35));
#8495 = CARTESIAN_POINT('',(42.3,145.,219.5));
#8496 = CARTESIAN_POINT('',(42.3,145.,224.35));
#8497 = ADVANCED_FACE('',(#8498),#8520,.T.);
#8498 = FACE_BOUND('',#8499,.T.);
#8499 = EDGE_LOOP('',(#8500,#8509,#8514,#8515));
#8500 = ORIENTED_EDGE('',*,*,#8501,.F.);
#8501 = EDGE_CURVE('',#8502,#8504,#8506,.T.);
#8502 = VERTEX_POINT('',#8503);
#8503 = CARTESIAN_POINT('',(25.3,133.,219.5));
#8504 = VERTEX_POINT('',#8505);
#8505 = CARTESIAN_POINT('',(25.3,145.,219.5));
#8506 = B_SPLINE_CURVE_WITH_KNOTS('',1,(#8507,#8508),.UNSPECIFIED.,.F.,
  .F.,(2,2),(0.,12.),.PIECEWISE_BEZIER_KNOTS.);
#8507 = CARTESIAN_POINT('',(25.3,133.,219.5));
#8508 = CARTESIAN_POINT('',(25.3,145.,219.5));
#8509 = ORIENTED_EDGE('',*,*,#8510,.T.);
#8510 = EDGE_CURVE('',#8502,#8474,#8511,.T.);
#8511 = B_SPLINE_CURVE_WITH_KNOTS('',1,(#8512,#8513),.UNSPECIFIED.,.F.,
  .F.,(2,2),(0.,17.),.PIECEWISE_BEZIER_KNOTS.);
#8512 = CARTESIAN_POINT('',(25.3,133.,219.5));
#8513 = CARTESIAN_POINT('',(42.3,133.,219.5));
#8514 = ORIENTED_EDGE('',*,*,#8480,.T.);
#8515 = ORIENTED_EDGE('',*,*,#8516,.F.);
#8516 = EDGE_CURVE('',#8504,#8481,#8517,.T.);
#8517 = B_SPLINE_CURVE_WITH_KNOTS('',1,(#8518,#8519),.UNSPECIFIED.,.F.,
  .F.,(2,2),(0.,17.),.PIECEWISE_BEZIER_KNOTS.);
#8518 = CARTESIAN_POINT('',(25.3,145.,219.5));
#8519 = CARTESIAN_POINT('',(42.3,145.,219.5));
#8520 = B_SPLINE_SURFACE_WITH_KNOTS('',1,1,(
    (#8521,#8522)
    ,(#8523,#8524
    )),.UNSPECIFIED.,.F.,.F.,.F.,(2,2),(2,2),(0.,17.),(0.,12.),
  .PIECEWISE_BEZIER_KNOTS.);
#8521 = CARTESIAN_POINT('',(25.3,133.,219.5));
#8522 = CARTESIAN_POINT('',(25.3,145.,219.5));
#8523 = CARTESIAN_POINT('',(42.3,133.,219.5));
#8524 = CARTESIAN_POINT('',(42.3,145.,219.5));
#8525 = ADVANCED_FACE('',(#8526),#8548,.F.);
#8526 = FACE_BOUND('',#8527,.F.);
#8527 = EDGE_LOOP('',(#8528,#8535,#8542,#8547));
#8528 = ORIENTED_EDGE('',*,*,#8529,.F.);
#8529 = EDGE_CURVE('',#8530,#8502,#8532,.T.);
#8530 = VERTEX_POINT('',#8531);
#8531 = CARTESIAN_POINT('',(25.3,133.,196.7));
#8532 = B_SPLINE_CURVE_WITH_KNOTS('',1,(#8533,#8534),.UNSPECIFIED.,.F.,
  .F.,(2,2),(0.,22.8),.PIECEWISE_BEZIER_KNOTS.);
#8533 = CARTESIAN_POINT('',(25.3,133.,196.7));
#8534 = CARTESIAN_POINT('',(25.3,133.,219.5));
#8535 = ORIENTED_EDGE('',*,*,#8536,.T.);
#8536 = EDGE_CURVE('',#8530,#8537,#8539,.T.);
#8537 = VERTEX_POINT('',#8538);
#8538 = CARTESIAN_POINT('',(25.3,145.,196.7));
#8539 = B_SPLINE_CURVE_WITH_KNOTS('',1,(#8540,#8541),.UNSPECIFIED.,.F.,
  .F.,(2,2),(0.,12.),.PIECEWISE_BEZIER_KNOTS.);
#8540 = CARTESIAN_POINT('',(25.3,133.,196.7));
#8541 = CARTESIAN_POINT('',(25.3,145.,196.7));
#8542 = ORIENTED_EDGE('',*,*,#8543,.T.);
#8543 = EDGE_CURVE('',#8537,#8504,#8544,.T.);
#8544 = B_SPLINE_CURVE_WITH_KNOTS('',1,(#8545,#8546),.UNSPECIFIED.,.F.,
  .F.,(2,2),(0.,22.8),.PIECEWISE_BEZIER_KNOTS.);
#8545 = CARTESIAN_POINT('',(25.3,145.,196.7));
#8546 = CARTESIAN_POINT('',(25.3,145.,219.5));
#8547 = ORIENTED_EDGE('',*,*,#8501,.F.);
#8548 = B_SPLINE_SURFACE_WITH_KNOTS('',1,1,(
    (#8549,#8550)
    ,(#8551,#8552
    )),.UNSPECIFIED.,.F.,.F.,.F.,(2,2),(2,2),(0.,12.),(0.,22.8),
  .PIECEWISE_BEZIER_KNOTS.);
#8549 = CARTESIAN_POINT('',(25.3,133.,196.7));
#8550 = CARTESIAN_POINT('',(25.3,133.,219.5));
#8551 = CARTESIAN_POINT('',(25.3,145.,196.7));
#8552 = CARTESIAN_POINT('',(25.3,145.,219.5));
#8553 = ADVANCED_FACE('',(#8554),#8576,.F.);
#8554 = FACE_BOUND('',#8555,.F.);
#8555 = EDGE_LOOP('',(#8556,#8557,#8564,#8571));
#8556 = ORIENTED_EDGE('',*,*,#8536,.F.);
#8557 = ORIENTED_EDGE('',*,*,#8558,.T.);
#8558 = EDGE_CURVE('',#8530,#8559,#8561,.T.);
#8559 = VERTEX_POINT('',#8560);
#8560 = CARTESIAN_POINT('',(42.3,133.,196.7));
#8561 = B_SPLINE_CURVE_WITH_KNOTS('',1,(#8562,#8563),.UNSPECIFIED.,.F.,
  .F.,(2,2),(0.,17.),.PIECEWISE_BEZIER_KNOTS.);
#8562 = CARTESIAN_POINT('',(25.3,133.,196.7));
#8563 = CARTESIAN_POINT('',(42.3,133.,196.7));
#8564 = ORIENTED_EDGE('',*,*,#8565,.T.);
#8565 = EDGE_CURVE('',#8559,#8566,#8568,.T.);
#8566 = VERTEX_POINT('',#8567);
#8567 = CARTESIAN_POINT('',(42.3,145.,196.7));
#8568 = B_SPLINE_CURVE_WITH_KNOTS('',1,(#8569,#8570),.UNSPECIFIED.,.F.,
  .F.,(2,2),(0.,12.),.PIECEWISE_BEZIER_KNOTS.);
#8569 = CARTESIAN_POINT('',(42.3,133.,196.7));
#8570 = CARTESIAN_POINT('',(42.3,145.,196.7));
#8571 = ORIENTED_EDGE('',*,*,#8572,.F.);
#8572 = EDGE_CURVE('',#8537,#8566,#8573,.T.);
#8573 = B_SPLINE_CURVE_WITH_KNOTS('',1,(#8574,#8575),.UNSPECIFIED.,.F.,
  .F.,(2,2),(0.,17.),.PIECEWISE_BEZIER_KNOTS.);
#8574 = CARTESIAN_POINT('',(25.3,145.,196.7));
#8575 = CARTESIAN_POINT('',(42.3,145.,196.7));
#8576 = B_SPLINE_SURFACE_WITH_KNOTS('',1,1,(
    (#8577,#8578)
    ,(#8579,#8580
    )),.UNSPECIFIED.,.F.,.F.,.F.,(2,2),(2,2),(0.,17.),(0.,12.),
  .PIECEWISE_BEZIER_KNOTS.);
#8577 = CARTESIAN_POINT('',(25.3,133.,196.7));
#8578 = CARTESIAN_POINT('',(25.3,145.,196.7));
#8579 = CARTESIAN_POINT('',(42.3,133.,196.7));
#8580 = CARTESIAN_POINT('',(42.3,145.,196.7));
#8581 = ADVANCED_FACE('',(#8582),#8604,.F.);
#8582 = FACE_BOUND('',#8583,.F.);
#8583 = EDGE_LOOP('',(#8584,#8591,#8598,#8603));
#8584 = ORIENTED_EDGE('',*,*,#8585,.F.);
#8585 = EDGE_CURVE('',#8586,#8559,#8588,.T.);
#8586 = VERTEX_POINT('',#8587);
#8587 = CARTESIAN_POINT('',(42.3,133.,191.85));
#8588 = B_SPLINE_CURVE_WITH_KNOTS('',1,(#8589,#8590),.UNSPECIFIED.,.F.,
  .F.,(2,2),(0.,4.85),.PIECEWISE_BEZIER_KNOTS.);
#8589 = CARTESIAN_POINT('',(42.3,133.,191.85));
#8590 = CARTESIAN_POINT('',(42.3,133.,196.7));
#8591 = ORIENTED_EDGE('',*,*,#8592,.T.);
#8592 = EDGE_CURVE('',#8586,#8593,#8595,.T.);
#8593 = VERTEX_POINT('',#8594);
#8594 = CARTESIAN_POINT('',(42.3,145.,191.85));
#8595 = B_SPLINE_CURVE_WITH_KNOTS('',1,(#8596,#8597),.UNSPECIFIED.,.F.,
  .F.,(2,2),(0.,12.),.PIECEWISE_BEZIER_KNOTS.);
#8596 = CARTESIAN_POINT('',(42.3,133.,191.85));
#8597 = CARTESIAN_POINT('',(42.3,145.,191.85));
#8598 = ORIENTED_EDGE('',*,*,#8599,.T.);
#8599 = EDGE_CURVE('',#8593,#8566,#8600,.T.);
#8600 = B_SPLINE_CURVE_WITH_KNOTS('',1,(#8601,#8602),.UNSPECIFIED.,.F.,
  .F.,(2,2),(0.,4.85),.PIECEWISE_BEZIER_KNOTS.);
#8601 = CARTESIAN_POINT('',(42.3,145.,191.85));
#8602 = CARTESIAN_POINT('',(42.3,145.,196.7));
#8603 = ORIENTED_EDGE('',*,*,#8565,.F.);
#8604 = B_SPLINE_SURFACE_WITH_KNOTS('',1,1,(
    (#8605,#8606)
    ,(#8607,#8608
    )),.UNSPECIFIED.,.F.,.F.,.F.,(2,2),(2,2),(0.,12.),(0.,4.85),
  .PIECEWISE_BEZIER_KNOTS.);
#8605 = CARTESIAN_POINT('',(42.3,133.,191.85));
#8606 = CARTESIAN_POINT('',(42.3,133.,196.7));
#8607 = CARTESIAN_POINT('',(42.3,145.,191.85));
#8608 = CARTESIAN_POINT('',(42.3,145.,196.7));
#8609 = ADVANCED_FACE('',(#8610),#8632,.F.);
#8610 = FACE_BOUND('',#8611,.F.);
#8611 = EDGE_LOOP('',(#8612,#8613,#8620,#8627));
#8612 = ORIENTED_EDGE('',*,*,#8592,.F.);
#8613 = ORIENTED_EDGE('',*,*,#8614,.T.);
#8614 = EDGE_CURVE('',#8586,#8615,#8617,.T.);
#8615 = VERTEX_POINT('',#8616);
#8616 = CARTESIAN_POINT('',(44.8,133.,191.85));
#8617 = B_SPLINE_CURVE_WITH_KNOTS('',1,(#8618,#8619),.UNSPECIFIED.,.F.,
  .F.,(2,2),(0.,2.5),.PIECEWISE_BEZIER_KNOTS.);
#8618 = CARTESIAN_POINT('',(42.3,133.,191.85));
#8619 = CARTESIAN_POINT('',(44.8,133.,191.85));
#8620 = ORIENTED_EDGE('',*,*,#8621,.T.);
#8621 = EDGE_CURVE('',#8615,#8622,#8624,.T.);
#8622 = VERTEX_POINT('',#8623);
#8623 = CARTESIAN_POINT('',(44.8,145.,191.85));
#8624 = B_SPLINE_CURVE_WITH_KNOTS('',1,(#8625,#8626),.UNSPECIFIED.,.F.,
  .F.,(2,2),(0.,12.),.PIECEWISE_BEZIER_KNOTS.);
#8625 = CARTESIAN_POINT('',(44.8,133.,191.85));
#8626 = CARTESIAN_POINT('',(44.8,145.,191.85));
#8627 = ORIENTED_EDGE('',*,*,#8628,.F.);
#8628 = EDGE_CURVE('',#8593,#8622,#8629,.T.);
#8629 = B_SPLINE_CURVE_WITH_KNOTS('',1,(#8630,#8631),.UNSPECIFIED.,.F.,
  .F.,(2,2),(0.,2.5),.PIECEWISE_BEZIER_KNOTS.);
#8630 = CARTESIAN_POINT('',(42.3,145.,191.85));
#8631 = CARTESIAN_POINT('',(44.8,145.,191.85));
#8632 = B_SPLINE_SURFACE_WITH_KNOTS('',1,1,(
    (#8633,#8634)
    ,(#8635,#8636
    )),.UNSPECIFIED.,.F.,.F.,.F.,(2,2),(2,2),(0.,2.5),(0.,12.),
  .PIECEWISE_BEZIER_KNOTS.);
#8633 = CARTESIAN_POINT('',(42.3,133.,191.85));
#8634 = CARTESIAN_POINT('',(42.3,145.,191.85));
#8635 = CARTESIAN_POINT('',(44.8,133.,191.85));
#8636 = CARTESIAN_POINT('',(44.8,145.,191.85));
#8637 = ADVANCED_FACE('',(#8638),#8660,.T.);
#8638 = FACE_BOUND('',#8639,.T.);
#8639 = EDGE_LOOP('',(#8640,#8647,#8648,#8655));
#8640 = ORIENTED_EDGE('',*,*,#8641,.F.);
#8641 = EDGE_CURVE('',#8615,#8642,#8644,.T.);
#8642 = VERTEX_POINT('',#8643);
#8643 = CARTESIAN_POINT('',(44.8,133.,196.7));
#8644 = B_SPLINE_CURVE_WITH_KNOTS('',1,(#8645,#8646),.UNSPECIFIED.,.F.,
  .F.,(2,2),(0.,4.85),.PIECEWISE_BEZIER_KNOTS.);
#8645 = CARTESIAN_POINT('',(44.8,133.,191.85));
#8646 = CARTESIAN_POINT('',(44.8,133.,196.7));
#8647 = ORIENTED_EDGE('',*,*,#8621,.T.);
#8648 = ORIENTED_EDGE('',*,*,#8649,.T.);
#8649 = EDGE_CURVE('',#8622,#8650,#8652,.T.);
#8650 = VERTEX_POINT('',#8651);
#8651 = CARTESIAN_POINT('',(44.8,145.,196.7));
#8652 = B_SPLINE_CURVE_WITH_KNOTS('',1,(#8653,#8654),.UNSPECIFIED.,.F.,
  .F.,(2,2),(0.,4.85),.PIECEWISE_BEZIER_KNOTS.);
#8653 = CARTESIAN_POINT('',(44.8,145.,191.85));
#8654 = CARTESIAN_POINT('',(44.8,145.,196.7));
#8655 = ORIENTED_EDGE('',*,*,#8656,.F.);
#8656 = EDGE_CURVE('',#8642,#8650,#8657,.T.);
#8657 = B_SPLINE_CURVE_WITH_KNOTS('',1,(#8658,#8659),.UNSPECIFIED.,.F.,
  .F.,(2,2),(0.,12.),.PIECEWISE_BEZIER_KNOTS.);
#8658 = CARTESIAN_POINT('',(44.8,133.,196.7));
#8659 = CARTESIAN_POINT('',(44.8,145.,196.7));
#8660 = B_SPLINE_SURFACE_WITH_KNOTS('',1,1,(
    (#8661,#8662)
    ,(#8663,#8664
    )),.UNSPECIFIED.,.F.,.F.,.F.,(2,2),(2,2),(0.,12.),(0.,4.85),
  .PIECEWISE_BEZIER_KNOTS.);
#8661 = CARTESIAN_POINT('',(44.8,133.,191.85));
#8662 = CARTESIAN_POINT('',(44.8,133.,196.7));
#8663 = CARTESIAN_POINT('',(44.8,145.,191.85));
#8664 = CARTESIAN_POINT('',(44.8,145.,196.7));
#8665 = ADVANCED_FACE('',(#8666),#8688,.F.);
#8666 = FACE_BOUND('',#8667,.F.);
#8667 = EDGE_LOOP('',(#8668,#8669,#8676,#8683));
#8668 = ORIENTED_EDGE('',*,*,#8656,.F.);
#8669 = ORIENTED_EDGE('',*,*,#8670,.T.);
#8670 = EDGE_CURVE('',#8642,#8671,#8673,.T.);
#8671 = VERTEX_POINT('',#8672);
#8672 = CARTESIAN_POINT('',(52.8,133.,196.7));
#8673 = B_SPLINE_CURVE_WITH_KNOTS('',1,(#8674,#8675),.UNSPECIFIED.,.F.,
  .F.,(2,2),(0.,8.),.PIECEWISE_BEZIER_KNOTS.);
#8674 = CARTESIAN_POINT('',(44.8,133.,196.7));
#8675 = CARTESIAN_POINT('',(52.8,133.,196.7));
#8676 = ORIENTED_EDGE('',*,*,#8677,.T.);
#8677 = EDGE_CURVE('',#8671,#8678,#8680,.T.);
#8678 = VERTEX_POINT('',#8679);
#8679 = CARTESIAN_POINT('',(52.8,145.,196.7));
#8680 = B_SPLINE_CURVE_WITH_KNOTS('',1,(#8681,#8682),.UNSPECIFIED.,.F.,
  .F.,(2,2),(0.,12.),.PIECEWISE_BEZIER_KNOTS.);
#8681 = CARTESIAN_POINT('',(52.8,133.,196.7));
#8682 = CARTESIAN_POINT('',(52.8,145.,196.7));
#8683 = ORIENTED_EDGE('',*,*,#8684,.F.);
#8684 = EDGE_CURVE('',#8650,#8678,#8685,.T.);
#8685 = B_SPLINE_CURVE_WITH_KNOTS('',1,(#8686,#8687),.UNSPECIFIED.,.F.,
  .F.,(2,2),(0.,8.),.PIECEWISE_BEZIER_KNOTS.);
#8686 = CARTESIAN_POINT('',(44.8,145.,196.7));
#8687 = CARTESIAN_POINT('',(52.8,145.,196.7));
#8688 = B_SPLINE_SURFACE_WITH_KNOTS('',1,1,(
    (#8689,#8690)
    ,(#8691,#8692
    )),.UNSPECIFIED.,.F.,.F.,.F.,(2,2),(2,2),(0.,8.),(0.,12.),
  .PIECEWISE_BEZIER_KNOTS.);
#8689 = CARTESIAN_POINT('',(44.8,133.,196.7));
#8690 = CARTESIAN_POINT('',(44.8,145.,196.7));
#8691 = CARTESIAN_POINT('',(52.8,133.,196.7));
#8692 = CARTESIAN_POINT('',(52.8,145.,196.7));
#8693 = ADVANCED_FACE('',(#8694,#8716),#8730,.T.);
#8694 = FACE_BOUND('',#8695,.T.);
#8695 = EDGE_LOOP('',(#8696,#8703,#8704,#8711));
#8696 = ORIENTED_EDGE('',*,*,#8697,.F.);
#8697 = EDGE_CURVE('',#8671,#8698,#8700,.T.);
#8698 = VERTEX_POINT('',#8699);
#8699 = CARTESIAN_POINT('',(52.8,133.,219.5));
#8700 = B_SPLINE_CURVE_WITH_KNOTS('',1,(#8701,#8702),.UNSPECIFIED.,.F.,
  .F.,(2,2),(0.,22.8),.PIECEWISE_BEZIER_KNOTS.);
#8701 = CARTESIAN_POINT('',(52.8,133.,196.7));
#8702 = CARTESIAN_POINT('',(52.8,133.,219.5));
#8703 = ORIENTED_EDGE('',*,*,#8677,.T.);
#8704 = ORIENTED_EDGE('',*,*,#8705,.T.);
#8705 = EDGE_CURVE('',#8678,#8706,#8708,.T.);
#8706 = VERTEX_POINT('',#8707);
#8707 = CARTESIAN_POINT('',(52.8,145.,219.5));
#8708 = B_SPLINE_CURVE_WITH_KNOTS('',1,(#8709,#8710),.UNSPECIFIED.,.F.,
  .F.,(2,2),(0.,22.8),.PIECEWISE_BEZIER_KNOTS.);
#8709 = CARTESIAN_POINT('',(52.8,145.,196.7));
#8710 = CARTESIAN_POINT('',(52.8,145.,219.5));
#8711 = ORIENTED_EDGE('',*,*,#8712,.F.);
#8712 = EDGE_CURVE('',#8698,#8706,#8713,.T.);
#8713 = B_SPLINE_CURVE_WITH_KNOTS('',1,(#8714,#8715),.UNSPECIFIED.,.F.,
  .F.,(2,2),(0.,12.),.PIECEWISE_BEZIER_KNOTS.);
#8714 = CARTESIAN_POINT('',(52.8,133.,219.5));
#8715 = CARTESIAN_POINT('',(52.8,145.,219.5));
#8716 = FACE_BOUND('',#8717,.T.);
#8717 = EDGE_LOOP('',(#8718));
#8718 = ORIENTED_EDGE('',*,*,#8719,.F.);
#8719 = EDGE_CURVE('',#8720,#8720,#8722,.T.);
#8720 = VERTEX_POINT('',#8721);
#8721 = CARTESIAN_POINT('',(52.8,142.,205.));
#8722 = ( BOUNDED_CURVE() B_SPLINE_CURVE(2,(#8723,#8724,#8725,#8726,
#8727,#8728,#8729),.UNSPECIFIED.,.T.,.F.) B_SPLINE_CURVE_WITH_KNOTS((1,2
    ,2,2,2,1),(-2.094395102393,0.,2.094395102393,4.188790204786,
6.28318530718,8.377580409573),.UNSPECIFIED.) CURVE() 
GEOMETRIC_REPRESENTATION_ITEM() RATIONAL_B_SPLINE_CURVE((1.,0.5,1.,0.5,
1.,0.5,1.)) REPRESENTATION_ITEM('') );
#8723 = CARTESIAN_POINT('',(52.8,142.,205.));
#8724 = CARTESIAN_POINT('',(52.8,142.,210.1961524227));
#8725 = CARTESIAN_POINT('',(52.8,137.5,207.59807621135));
#8726 = CARTESIAN_POINT('',(52.8,133.,205.));
#8727 = CARTESIAN_POINT('',(52.8,137.5,202.40192378864));
#8728 = CARTESIAN_POINT('',(52.8,142.,199.80384757729));
#8729 = CARTESIAN_POINT('',(52.8,142.,205.));
#8730 = B_SPLINE_SURFACE_WITH_KNOTS('',1,1,(
    (#8731,#8732)
    ,(#8733,#8734
    )),.UNSPECIFIED.,.F.,.F.,.F.,(2,2),(2,2),(0.,12.),(0.,22.8),
  .PIECEWISE_BEZIER_KNOTS.);
#8731 = CARTESIAN_POINT('',(52.8,133.,196.7));
#8732 = CARTESIAN_POINT('',(52.8,133.,219.5));
#8733 = CARTESIAN_POINT('',(52.8,145.,196.7));
#8734 = CARTESIAN_POINT('',(52.8,145.,219.5));
#8735 = ADVANCED_FACE('',(#8736),#8750,.T.);
#8736 = FACE_BOUND('',#8737,.T.);
#8737 = EDGE_LOOP('',(#8738,#8739,#8744,#8745));
#8738 = ORIENTED_EDGE('',*,*,#8418,.F.);
#8739 = ORIENTED_EDGE('',*,*,#8740,.T.);
#8740 = EDGE_CURVE('',#8410,#8698,#8741,.T.);
#8741 = B_SPLINE_CURVE_WITH_KNOTS('',1,(#8742,#8743),.UNSPECIFIED.,.F.,
  .F.,(2,2),(0.,8.),.PIECEWISE_BEZIER_KNOTS.);
#8742 = CARTESIAN_POINT('',(44.8,133.,219.5));
#8743 = CARTESIAN_POINT('',(52.8,133.,219.5));
#8744 = ORIENTED_EDGE('',*,*,#8712,.T.);
#8745 = ORIENTED_EDGE('',*,*,#8746,.F.);
#8746 = EDGE_CURVE('',#8419,#8706,#8747,.T.);
#8747 = B_SPLINE_CURVE_WITH_KNOTS('',1,(#8748,#8749),.UNSPECIFIED.,.F.,
  .F.,(2,2),(0.,8.),.PIECEWISE_BEZIER_KNOTS.);
#8748 = CARTESIAN_POINT('',(44.8,145.,219.5));
#8749 = CARTESIAN_POINT('',(52.8,145.,219.5));
#8750 = B_SPLINE_SURFACE_WITH_KNOTS('',1,1,(
    (#8751,#8752)
    ,(#8753,#8754
    )),.UNSPECIFIED.,.F.,.F.,.F.,(2,2),(2,2),(0.,8.),(0.,12.),
  .PIECEWISE_BEZIER_KNOTS.);
#8751 = CARTESIAN_POINT('',(44.8,133.,219.5));
#8752 = CARTESIAN_POINT('',(44.8,145.,219.5));
#8753 = CARTESIAN_POINT('',(52.8,133.,219.5));
#8754 = CARTESIAN_POINT('',(52.8,145.,219.5));
#8755 = ADVANCED_FACE('',(#8756),#8777,.T.);
#8756 = FACE_BOUND('',#8757,.T.);
#8757 = EDGE_LOOP('',(#8758,#8770,#8775,#8776));
#8758 = ORIENTED_EDGE('',*,*,#8759,.F.);
#8759 = EDGE_CURVE('',#8760,#8760,#8762,.T.);
#8760 = VERTEX_POINT('',#8761);
#8761 = CARTESIAN_POINT('',(55.5,142.,205.));
#8762 = ( BOUNDED_CURVE() B_SPLINE_CURVE(2,(#8763,#8764,#8765,#8766,
#8767,#8768,#8769),.UNSPECIFIED.,.T.,.F.) B_SPLINE_CURVE_WITH_KNOTS((1,2
    ,2,2,2,1),(-2.094395102393,0.,2.094395102393,4.188790204786,
6.28318530718,8.377580409573),.UNSPECIFIED.) CURVE() 
GEOMETRIC_REPRESENTATION_ITEM() RATIONAL_B_SPLINE_CURVE((1.,0.5,1.,0.5,
1.,0.5,1.)) REPRESENTATION_ITEM('') );
#8763 = CARTESIAN_POINT('',(55.5,142.,205.));
#8764 = CARTESIAN_POINT('',(55.5,142.,210.1961524227));
#8765 = CARTESIAN_POINT('',(55.5,137.5,207.59807621135));
#8766 = CARTESIAN_POINT('',(55.5,133.,205.));
#8767 = CARTESIAN_POINT('',(55.5,137.5,202.40192378864));
#8768 = CARTESIAN_POINT('',(55.5,142.,199.80384757729));
#8769 = CARTESIAN_POINT('',(55.5,142.,205.));
#8770 = ORIENTED_EDGE('',*,*,#8771,.F.);
#8771 = EDGE_CURVE('',#8720,#8760,#8772,.T.);
#8772 = B_SPLINE_CURVE_WITH_KNOTS('',1,(#8773,#8774),.UNSPECIFIED.,.F.,
  .F.,(2,2),(0.,2.7),.PIECEWISE_BEZIER_KNOTS.);
#8773 = CARTESIAN_POINT('',(52.8,142.,205.));
#8774 = CARTESIAN_POINT('',(55.5,142.,205.));
#8775 = ORIENTED_EDGE('',*,*,#8719,.T.);
#8776 = ORIENTED_EDGE('',*,*,#8771,.T.);
#8777 = ( BOUNDED_SURFACE() B_SPLINE_SURFACE(2,1,(
    (#8778,#8779)
    ,(#8780,#8781)
    ,(#8782,#8783)
    ,(#8784,#8785)
    ,(#8786,#8787)
    ,(#8788,#8789)
    ,(#8790,#8791
)),.UNSPECIFIED.,.T.,.F.,.F.) B_SPLINE_SURFACE_WITH_KNOTS((1,2,2,2,2,1),
  (2,2),(-2.094395102393,0.,2.094395102393,4.188790204786,6.28318530718,
    8.377580409573),(0.,2.7),.UNSPECIFIED.) 
GEOMETRIC_REPRESENTATION_ITEM() RATIONAL_B_SPLINE_SURFACE((
    (1.,1.)
    ,(0.5,0.5)
    ,(1.,1.)
    ,(0.5,0.5)
    ,(1.,1.)
    ,(0.5,0.5)
,(1.,1.))) REPRESENTATION_ITEM('') SURFACE() );
#8778 = CARTESIAN_POINT('',(52.8,142.,205.));
#8779 = CARTESIAN_POINT('',(55.5,142.,205.));
#8780 = CARTESIAN_POINT('',(52.8,142.,210.1961524227));
#8781 = CARTESIAN_POINT('',(55.5,142.,210.1961524227));
#8782 = CARTESIAN_POINT('',(52.8,137.5,207.59807621135));
#8783 = CARTESIAN_POINT('',(55.5,137.5,207.59807621135));
#8784 = CARTESIAN_POINT('',(52.8,133.,205.));
#8785 = CARTESIAN_POINT('',(55.5,133.,205.));
#8786 = CARTESIAN_POINT('',(52.8,137.5,202.40192378864));
#8787 = CARTESIAN_POINT('',(55.5,137.5,202.40192378864));
#8788 = CARTESIAN_POINT('',(52.8,142.,199.80384757729));
#8789 = CARTESIAN_POINT('',(55.5,142.,199.80384757729));
#8790 = CARTESIAN_POINT('',(52.8,142.,205.));
#8791 = CARTESIAN_POINT('',(55.5,142.,205.));
#8792 = ADVANCED_FACE('',(#8793),#8796,.T.);
#8793 = FACE_BOUND('',#8794,.T.);
#8794 = EDGE_LOOP('',(#8795));
#8795 = ORIENTED_EDGE('',*,*,#8759,.T.);
#8796 = B_SPLINE_SURFACE_WITH_KNOTS('',1,1,(
    (#8797,#8798)
    ,(#8799,#8800
    )),.UNSPECIFIED.,.F.,.F.,.F.,(2,2),(2,2),(-3.,3.),(-3.,3.),
  .PIECEWISE_BEZIER_KNOTS.);
#8797 = CARTESIAN_POINT('',(55.5,136.,202.));
#8798 = CARTESIAN_POINT('',(55.5,136.,208.));
#8799 = CARTESIAN_POINT('',(55.5,142.,202.));
#8800 = CARTESIAN_POINT('',(55.5,142.,208.));
#8801 = ADVANCED_FACE('',(#8802),#8816,.T.);
#8802 = FACE_BOUND('',#8803,.T.);
#8803 = EDGE_LOOP('',(#8804,#8805,#8806,#8807,#8808,#8809,#8810,#8811,
    #8812,#8813,#8814,#8815));
#8804 = ORIENTED_EDGE('',*,*,#8558,.T.);
#8805 = ORIENTED_EDGE('',*,*,#8585,.F.);
#8806 = ORIENTED_EDGE('',*,*,#8614,.T.);
#8807 = ORIENTED_EDGE('',*,*,#8641,.T.);
#8808 = ORIENTED_EDGE('',*,*,#8670,.T.);
#8809 = ORIENTED_EDGE('',*,*,#8697,.T.);
#8810 = ORIENTED_EDGE('',*,*,#8740,.F.);
#8811 = ORIENTED_EDGE('',*,*,#8409,.T.);
#8812 = ORIENTED_EDGE('',*,*,#8454,.F.);
#8813 = ORIENTED_EDGE('',*,*,#8473,.F.);
#8814 = ORIENTED_EDGE('',*,*,#8510,.F.);
#8815 = ORIENTED_EDGE('',*,*,#8529,.F.);
#8816 = B_SPLINE_SURFACE_WITH_KNOTS('',1,1,(
    (#8817,#8818)
    ,(#8819,#8820
    )),.UNSPECIFIED.,.F.,.F.,.F.,(2,2),(2,2),(-13.0225,14.4775),(-16.25,
    16.25),.PIECEWISE_BEZIER_KNOTS.);
#8817 = CARTESIAN_POINT('',(52.8,133.,224.35));
#8818 = CARTESIAN_POINT('',(52.8,133.,191.85));
#8819 = CARTESIAN_POINT('',(25.3,133.,224.35));
#8820 = CARTESIAN_POINT('',(25.3,133.,191.85));
#8821 = ADVANCED_FACE('',(#8822),#8836,.T.);
#8822 = FACE_BOUND('',#8823,.T.);
#8823 = EDGE_LOOP('',(#8824,#8825,#8826,#8827,#8828,#8829,#8830,#8831,
    #8832,#8833,#8834,#8835));
#8824 = ORIENTED_EDGE('',*,*,#8572,.F.);
#8825 = ORIENTED_EDGE('',*,*,#8543,.T.);
#8826 = ORIENTED_EDGE('',*,*,#8516,.T.);
#8827 = ORIENTED_EDGE('',*,*,#8487,.T.);
#8828 = ORIENTED_EDGE('',*,*,#8460,.T.);
#8829 = ORIENTED_EDGE('',*,*,#8425,.F.);
#8830 = ORIENTED_EDGE('',*,*,#8746,.T.);
#8831 = ORIENTED_EDGE('',*,*,#8705,.F.);
#8832 = ORIENTED_EDGE('',*,*,#8684,.F.);
#8833 = ORIENTED_EDGE('',*,*,#8649,.F.);
#8834 = ORIENTED_EDGE('',*,*,#8628,.F.);
#8835 = ORIENTED_EDGE('',*,*,#8599,.T.);
#8836 = B_SPLINE_SURFACE_WITH_KNOTS('',1,1,(
    (#8837,#8838)
    ,(#8839,#8840
    )),.UNSPECIFIED.,.F.,.F.,.F.,(2,2),(2,2),(-14.4775,13.0225),(-16.25,
    16.25),.PIECEWISE_BEZIER_KNOTS.);
#8837 = CARTESIAN_POINT('',(25.3,145.,224.35));
#8838 = CARTESIAN_POINT('',(25.3,145.,191.85));
#8839 = CARTESIAN_POINT('',(52.8,145.,224.35));
#8840 = CARTESIAN_POINT('',(52.8,145.,191.85));
#8841 = MANIFOLD_SOLID_BREP('',#8842);
#8842 = CLOSED_SHELL('',(#8843,#8883,#8914,#8945,#8976,#9007,#9038,#9069
    ,#9100,#9131,#9162,#9193,#9215,#9235));
#8843 = ADVANCED_FACE('',(#8844),#8878,.T.);
#8844 = FACE_BOUND('',#8845,.T.);
#8845 = EDGE_LOOP('',(#8846,#8856,#8864,#8872));
#8846 = ORIENTED_EDGE('',*,*,#8847,.F.);
#8847 = EDGE_CURVE('',#8848,#8850,#8852,.T.);
#8848 = VERTEX_POINT('',#8849);
#8849 = CARTESIAN_POINT('',(55.5,136.,187.));
#8850 = VERTEX_POINT('',#8851);
#8851 = CARTESIAN_POINT('',(55.5,136.,202.));
#8852 = LINE('',#8853,#8854);
#8853 = CARTESIAN_POINT('',(55.5,136.,187.));
#8854 = VECTOR('',#8855,1.);
#8855 = DIRECTION('',(0.,0.,1.));
#8856 = ORIENTED_EDGE('',*,*,#8857,.F.);
#8857 = EDGE_CURVE('',#8858,#8848,#8860,.T.);
#8858 = VERTEX_POINT('',#8859);
#8859 = CARTESIAN_POINT('',(57.5,136.,187.));
#8860 = LINE('',#8861,#8862);
#8861 = CARTESIAN_POINT('',(57.5,136.,187.));
#8862 = VECTOR('',#8863,1.);
#8863 = DIRECTION('',(-1.,0.,0.));
#8864 = ORIENTED_EDGE('',*,*,#8865,.T.);
#8865 = EDGE_CURVE('',#8858,#8866,#8868,.T.);
#8866 = VERTEX_POINT('',#8867);
#8867 = CARTESIAN_POINT('',(57.5,136.,202.));
#8868 = LINE('',#8869,#8870);
#8869 = CARTESIAN_POINT('',(57.5,136.,187.));
#8870 = VECTOR('',#8871,1.);
#8871 = DIRECTION('',(0.,0.,1.));
#8872 = ORIENTED_EDGE('',*,*,#8873,.T.);
#8873 = EDGE_CURVE('',#8866,#8850,#8874,.T.);
#8874 = LINE('',#8875,#8876);
#8875 = CARTESIAN_POINT('',(57.5,136.,202.));
#8876 = VECTOR('',#8877,1.);
#8877 = DIRECTION('',(-1.,0.,0.));
#8878 = PLANE('',#8879);
#8879 = AXIS2_PLACEMENT_3D('',#8880,#8881,#8882);
#8880 = CARTESIAN_POINT('',(57.5,136.,187.));
#8881 = DIRECTION('',(0.,-1.,0.));
#8882 = DIRECTION('',(0.,0.,1.));
#8883 = ADVANCED_FACE('',(#8884),#8909,.F.);
#8884 = FACE_BOUND('',#8885,.F.);
#8885 = EDGE_LOOP('',(#8886,#8894,#8902,#8908));
#8886 = ORIENTED_EDGE('',*,*,#8887,.F.);
#8887 = EDGE_CURVE('',#8888,#8858,#8890,.T.);
#8888 = VERTEX_POINT('',#8889);
#8889 = CARTESIAN_POINT('',(57.5,142.,187.));
#8890 = LINE('',#8891,#8892);
#8891 = CARTESIAN_POINT('',(57.5,142.,187.));
#8892 = VECTOR('',#8893,1.);
#8893 = DIRECTION('',(0.,-1.,0.));
#8894 = ORIENTED_EDGE('',*,*,#8895,.T.);
#8895 = EDGE_CURVE('',#8888,#8896,#8898,.T.);
#8896 = VERTEX_POINT('',#8897);
#8897 = CARTESIAN_POINT('',(55.5,142.,187.));
#8898 = LINE('',#8899,#8900);
#8899 = CARTESIAN_POINT('',(57.5,142.,187.));
#8900 = VECTOR('',#8901,1.);
#8901 = DIRECTION('',(-1.,0.,0.));
#8902 = ORIENTED_EDGE('',*,*,#8903,.T.);
#8903 = EDGE_CURVE('',#8896,#8848,#8904,.T.);
#8904 = LINE('',#8905,#8906);
#8905 = CARTESIAN_POINT('',(55.5,142.,187.));
#8906 = VECTOR('',#8907,1.);
#8907 = DIRECTION('',(0.,-1.,0.));
#8908 = ORIENTED_EDGE('',*,*,#8857,.F.);
#8909 = PLANE('',#8910);
#8910 = AXIS2_PLACEMENT_3D('',#8911,#8912,#8913);
#8911 = CARTESIAN_POINT('',(57.5,142.,187.));
#8912 = DIRECTION('',(0.,0.,1.));
#8913 = DIRECTION('',(-1.,0.,0.));
#8914 = ADVANCED_FACE('',(#8915),#8940,.F.);
#8915 = FACE_BOUND('',#8916,.F.);
#8916 = EDGE_LOOP('',(#8917,#8925,#8926,#8934));
#8917 = ORIENTED_EDGE('',*,*,#8918,.F.);
#8918 = EDGE_CURVE('',#8896,#8919,#8921,.T.);
#8919 = VERTEX_POINT('',#8920);
#8920 = CARTESIAN_POINT('',(55.5,142.,202.));
#8921 = LINE('',#8922,#8923);
#8922 = CARTESIAN_POINT('',(55.5,142.,187.));
#8923 = VECTOR('',#8924,1.);
#8924 = DIRECTION('',(0.,0.,1.));
#8925 = ORIENTED_EDGE('',*,*,#8895,.F.);
#8926 = ORIENTED_EDGE('',*,*,#8927,.T.);
#8927 = EDGE_CURVE('',#8888,#8928,#8930,.T.);
#8928 = VERTEX_POINT('',#8929);
#8929 = CARTESIAN_POINT('',(57.5,142.,202.));
#8930 = LINE('',#8931,#8932);
#8931 = CARTESIAN_POINT('',(57.5,142.,187.));
#8932 = VECTOR('',#8933,1.);
#8933 = DIRECTION('',(0.,0.,1.));
#8934 = ORIENTED_EDGE('',*,*,#8935,.T.);
#8935 = EDGE_CURVE('',#8928,#8919,#8936,.T.);
#8936 = LINE('',#8937,#8938);
#8937 = CARTESIAN_POINT('',(57.5,142.,202.));
#8938 = VECTOR('',#8939,1.);
#8939 = DIRECTION('',(-1.,0.,0.));
#8940 = PLANE('',#8941);
#8941 = AXIS2_PLACEMENT_3D('',#8942,#8943,#8944);
#8942 = CARTESIAN_POINT('',(57.5,142.,187.));
#8943 = DIRECTION('',(0.,-1.,0.));
#8944 = DIRECTION('',(0.,0.,1.));
#8945 = ADVANCED_FACE('',(#8946),#8971,.F.);
#8946 = FACE_BOUND('',#8947,.F.);
#8947 = EDGE_LOOP('',(#8948,#8956,#8964,#8970));
#8948 = ORIENTED_EDGE('',*,*,#8949,.F.);
#8949 = EDGE_CURVE('',#8950,#8928,#8952,.T.);
#8950 = VERTEX_POINT('',#8951);
#8951 = CARTESIAN_POINT('',(57.5,148.,202.));
#8952 = LINE('',#8953,#8954);
#8953 = CARTESIAN_POINT('',(57.5,148.,202.));
#8954 = VECTOR('',#8955,1.);
#8955 = DIRECTION('',(0.,-1.,0.));
#8956 = ORIENTED_EDGE('',*,*,#8957,.T.);
#8957 = EDGE_CURVE('',#8950,#8958,#8960,.T.);
#8958 = VERTEX_POINT('',#8959);
#8959 = CARTESIAN_POINT('',(55.5,148.,202.));
#8960 = LINE('',#8961,#8962);
#8961 = CARTESIAN_POINT('',(57.5,148.,202.));
#8962 = VECTOR('',#8963,1.);
#8963 = DIRECTION('',(-1.,0.,0.));
#8964 = ORIENTED_EDGE('',*,*,#8965,.T.);
#8965 = EDGE_CURVE('',#8958,#8919,#8966,.T.);
#8966 = LINE('',#8967,#8968);
#8967 = CARTESIAN_POINT('',(55.5,148.,202.));
#8968 = VECTOR('',#8969,1.);
#8969 = DIRECTION('',(0.,-1.,0.));
#8970 = ORIENTED_EDGE('',*,*,#8935,.F.);
#8971 = PLANE('',#8972);
#8972 = AXIS2_PLACEMENT_3D('',#8973,#8974,#8975);
#8973 = CARTESIAN_POINT('',(57.5,148.,202.));
#8974 = DIRECTION('',(0.,0.,1.));
#8975 = DIRECTION('',(-1.,0.,0.));
#8976 = ADVANCED_FACE('',(#8977),#9002,.F.);
#8977 = FACE_BOUND('',#8978,.F.);
#8978 = EDGE_LOOP('',(#8979,#8987,#8988,#8996));
#8979 = ORIENTED_EDGE('',*,*,#8980,.F.);
#8980 = EDGE_CURVE('',#8866,#8981,#8983,.T.);
#8981 = VERTEX_POINT('',#8982);
#8982 = CARTESIAN_POINT('',(57.5,130.,202.));
#8983 = LINE('',#8984,#8985);
#8984 = CARTESIAN_POINT('',(57.5,148.,202.));
#8985 = VECTOR('',#8986,1.);
#8986 = DIRECTION('',(0.,-1.,0.));
#8987 = ORIENTED_EDGE('',*,*,#8873,.T.);
#8988 = ORIENTED_EDGE('',*,*,#8989,.T.);
#8989 = EDGE_CURVE('',#8850,#8990,#8992,.T.);
#8990 = VERTEX_POINT('',#8991);
#8991 = CARTESIAN_POINT('',(55.5,130.,202.));
#8992 = LINE('',#8993,#8994);
#8993 = CARTESIAN_POINT('',(55.5,148.,202.));
#8994 = VECTOR('',#8995,1.);
#8995 = DIRECTION('',(0.,-1.,0.));
#8996 = ORIENTED_EDGE('',*,*,#8997,.F.);
#8997 = EDGE_CURVE('',#8981,#8990,#8998,.T.);
#8998 = LINE('',#8999,#9000);
#8999 = CARTESIAN_POINT('',(57.5,130.,202.));
#9000 = VECTOR('',#9001,1.);
#9001 = DIRECTION('',(-1.,0.,0.));
#9002 = PLANE('',#9003);
#9003 = AXIS2_PLACEMENT_3D('',#9004,#9005,#9006);
#9004 = CARTESIAN_POINT('',(57.5,148.,202.));
#9005 = DIRECTION('',(0.,0.,1.));
#9006 = DIRECTION('',(-1.,0.,0.));
#9007 = ADVANCED_FACE('',(#9008),#9033,.F.);
#9008 = FACE_BOUND('',#9009,.F.);
#9009 = EDGE_LOOP('',(#9010,#9011,#9019,#9027));
#9010 = ORIENTED_EDGE('',*,*,#8957,.F.);
#9011 = ORIENTED_EDGE('',*,*,#9012,.T.);
#9012 = EDGE_CURVE('',#8950,#9013,#9015,.T.);
#9013 = VERTEX_POINT('',#9014);
#9014 = CARTESIAN_POINT('',(57.5,148.,208.));
#9015 = LINE('',#9016,#9017);
#9016 = CARTESIAN_POINT('',(57.5,148.,202.));
#9017 = VECTOR('',#9018,1.);
#9018 = DIRECTION('',(0.,0.,1.));
#9019 = ORIENTED_EDGE('',*,*,#9020,.T.);
#9020 = EDGE_CURVE('',#9013,#9021,#9023,.T.);
#9021 = VERTEX_POINT('',#9022);
#9022 = CARTESIAN_POINT('',(55.5,148.,208.));
#9023 = LINE('',#9024,#9025);
#9024 = CARTESIAN_POINT('',(57.5,148.,208.));
#9025 = VECTOR('',#9026,1.);
#9026 = DIRECTION('',(-1.,0.,0.));
#9027 = ORIENTED_EDGE('',*,*,#9028,.F.);
#9028 = EDGE_CURVE('',#8958,#9021,#9029,.T.);
#9029 = LINE('',#9030,#9031);
#9030 = CARTESIAN_POINT('',(55.5,148.,202.));
#9031 = VECTOR('',#9032,1.);
#9032 = DIRECTION('',(0.,0.,1.));
#9033 = PLANE('',#9034);
#9034 = AXIS2_PLACEMENT_3D('',#9035,#9036,#9037);
#9035 = CARTESIAN_POINT('',(57.5,148.,202.));
#9036 = DIRECTION('',(0.,-1.,0.));
#9037 = DIRECTION('',(0.,0.,1.));
#9038 = ADVANCED_FACE('',(#9039),#9064,.T.);
#9039 = FACE_BOUND('',#9040,.T.);
#9040 = EDGE_LOOP('',(#9041,#9049,#9050,#9058));
#9041 = ORIENTED_EDGE('',*,*,#9042,.F.);
#9042 = EDGE_CURVE('',#9013,#9043,#9045,.T.);
#9043 = VERTEX_POINT('',#9044);
#9044 = CARTESIAN_POINT('',(57.5,142.,208.));
#9045 = LINE('',#9046,#9047);
#9046 = CARTESIAN_POINT('',(57.5,148.,208.));
#9047 = VECTOR('',#9048,1.);
#9048 = DIRECTION('',(0.,-1.,0.));
#9049 = ORIENTED_EDGE('',*,*,#9020,.T.);
#9050 = ORIENTED_EDGE('',*,*,#9051,.T.);
#9051 = EDGE_CURVE('',#9021,#9052,#9054,.T.);
#9052 = VERTEX_POINT('',#9053);
#9053 = CARTESIAN_POINT('',(55.5,142.,208.));
#9054 = LINE('',#9055,#9056);
#9055 = CARTESIAN_POINT('',(55.5,148.,208.));
#9056 = VECTOR('',#9057,1.);
#9057 = DIRECTION('',(0.,-1.,0.));
#9058 = ORIENTED_EDGE('',*,*,#9059,.F.);
#9059 = EDGE_CURVE('',#9043,#9052,#9060,.T.);
#9060 = LINE('',#9061,#9062);
#9061 = CARTESIAN_POINT('',(57.5,142.,208.));
#9062 = VECTOR('',#9063,1.);
#9063 = DIRECTION('',(-1.,0.,0.));
#9064 = PLANE('',#9065);
#9065 = AXIS2_PLACEMENT_3D('',#9066,#9067,#9068);
#9066 = CARTESIAN_POINT('',(57.5,148.,208.));
#9067 = DIRECTION('',(0.,0.,1.));
#9068 = DIRECTION('',(-1.,0.,0.));
#9069 = ADVANCED_FACE('',(#9070),#9095,.F.);
#9070 = FACE_BOUND('',#9071,.F.);
#9071 = EDGE_LOOP('',(#9072,#9080,#9081,#9089));
#9072 = ORIENTED_EDGE('',*,*,#9073,.F.);
#9073 = EDGE_CURVE('',#9052,#9074,#9076,.T.);
#9074 = VERTEX_POINT('',#9075);
#9075 = CARTESIAN_POINT('',(55.5,142.,223.));
#9076 = LINE('',#9077,#9078);
#9077 = CARTESIAN_POINT('',(55.5,142.,187.));
#9078 = VECTOR('',#9079,1.);
#9079 = DIRECTION('',(0.,0.,1.));
#9080 = ORIENTED_EDGE('',*,*,#9059,.F.);
#9081 = ORIENTED_EDGE('',*,*,#9082,.T.);
#9082 = EDGE_CURVE('',#9043,#9083,#9085,.T.);
#9083 = VERTEX_POINT('',#9084);
#9084 = CARTESIAN_POINT('',(57.5,142.,223.));
#9085 = LINE('',#9086,#9087);
#9086 = CARTESIAN_POINT('',(57.5,142.,187.));
#9087 = VECTOR('',#9088,1.);
#9088 = DIRECTION('',(0.,0.,1.));
#9089 = ORIENTED_EDGE('',*,*,#9090,.T.);
#9090 = EDGE_CURVE('',#9083,#9074,#9091,.T.);
#9091 = LINE('',#9092,#9093);
#9092 = CARTESIAN_POINT('',(57.5,142.,223.));
#9093 = VECTOR('',#9094,1.);
#9094 = DIRECTION('',(-1.,0.,0.));
#9095 = PLANE('',#9096);
#9096 = AXIS2_PLACEMENT_3D('',#9097,#9098,#9099);
#9097 = CARTESIAN_POINT('',(57.5,142.,187.));
#9098 = DIRECTION('',(0.,-1.,0.));
#9099 = DIRECTION('',(0.,0.,1.));
#9100 = ADVANCED_FACE('',(#9101),#9126,.T.);
#9101 = FACE_BOUND('',#9102,.T.);
#9102 = EDGE_LOOP('',(#9103,#9111,#9112,#9120));
#9103 = ORIENTED_EDGE('',*,*,#9104,.F.);
#9104 = EDGE_CURVE('',#9083,#9105,#9107,.T.);
#9105 = VERTEX_POINT('',#9106);
#9106 = CARTESIAN_POINT('',(57.5,136.,223.));
#9107 = LINE('',#9108,#9109);
#9108 = CARTESIAN_POINT('',(57.5,142.,223.));
#9109 = VECTOR('',#9110,1.);
#9110 = DIRECTION('',(0.,-1.,0.));
#9111 = ORIENTED_EDGE('',*,*,#9090,.T.);
#9112 = ORIENTED_EDGE('',*,*,#9113,.T.);
#9113 = EDGE_CURVE('',#9074,#9114,#9116,.T.);
#9114 = VERTEX_POINT('',#9115);
#9115 = CARTESIAN_POINT('',(55.5,136.,223.));
#9116 = LINE('',#9117,#9118);
#9117 = CARTESIAN_POINT('',(55.5,142.,223.));
#9118 = VECTOR('',#9119,1.);
#9119 = DIRECTION('',(0.,-1.,0.));
#9120 = ORIENTED_EDGE('',*,*,#9121,.F.);
#9121 = EDGE_CURVE('',#9105,#9114,#9122,.T.);
#9122 = LINE('',#9123,#9124);
#9123 = CARTESIAN_POINT('',(57.5,136.,223.));
#9124 = VECTOR('',#9125,1.);
#9125 = DIRECTION('',(-1.,0.,0.));
#9126 = PLANE('',#9127);
#9127 = AXIS2_PLACEMENT_3D('',#9128,#9129,#9130);
#9128 = CARTESIAN_POINT('',(57.5,142.,223.));
#9129 = DIRECTION('',(0.,0.,1.));
#9130 = DIRECTION('',(-1.,0.,0.));
#9131 = ADVANCED_FACE('',(#9132),#9157,.T.);
#9132 = FACE_BOUND('',#9133,.T.);
#9133 = EDGE_LOOP('',(#9134,#9142,#9150,#9156));
#9134 = ORIENTED_EDGE('',*,*,#9135,.F.);
#9135 = EDGE_CURVE('',#9136,#9114,#9138,.T.);
#9136 = VERTEX_POINT('',#9137);
#9137 = CARTESIAN_POINT('',(55.5,136.,208.));
#9138 = LINE('',#9139,#9140);
#9139 = CARTESIAN_POINT('',(55.5,136.,187.));
#9140 = VECTOR('',#9141,1.);
#9141 = DIRECTION('',(0.,0.,1.));
#9142 = ORIENTED_EDGE('',*,*,#9143,.F.);
#9143 = EDGE_CURVE('',#9144,#9136,#9146,.T.);
#9144 = VERTEX_POINT('',#9145);
#9145 = CARTESIAN_POINT('',(57.5,136.,208.));
#9146 = LINE('',#9147,#9148);
#9147 = CARTESIAN_POINT('',(57.5,136.,208.));
#9148 = VECTOR('',#9149,1.);
#9149 = DIRECTION('',(-1.,0.,0.));
#9150 = ORIENTED_EDGE('',*,*,#9151,.T.);
#9151 = EDGE_CURVE('',#9144,#9105,#9152,.T.);
#9152 = LINE('',#9153,#9154);
#9153 = CARTESIAN_POINT('',(57.5,136.,187.));
#9154 = VECTOR('',#9155,1.);
#9155 = DIRECTION('',(0.,0.,1.));
#9156 = ORIENTED_EDGE('',*,*,#9121,.T.);
#9157 = PLANE('',#9158);
#9158 = AXIS2_PLACEMENT_3D('',#9159,#9160,#9161);
#9159 = CARTESIAN_POINT('',(57.5,136.,187.));
#9160 = DIRECTION('',(0.,-1.,0.));
#9161 = DIRECTION('',(0.,0.,1.));
#9162 = ADVANCED_FACE('',(#9163),#9188,.T.);
#9163 = FACE_BOUND('',#9164,.T.);
#9164 = EDGE_LOOP('',(#9165,#9173,#9174,#9182));
#9165 = ORIENTED_EDGE('',*,*,#9166,.F.);
#9166 = EDGE_CURVE('',#9144,#9167,#9169,.T.);
#9167 = VERTEX_POINT('',#9168);
#9168 = CARTESIAN_POINT('',(57.5,130.,208.));
#9169 = LINE('',#9170,#9171);
#9170 = CARTESIAN_POINT('',(57.5,148.,208.));
#9171 = VECTOR('',#9172,1.);
#9172 = DIRECTION('',(0.,-1.,0.));
#9173 = ORIENTED_EDGE('',*,*,#9143,.T.);
#9174 = ORIENTED_EDGE('',*,*,#9175,.T.);
#9175 = EDGE_CURVE('',#9136,#9176,#9178,.T.);
#9176 = VERTEX_POINT('',#9177);
#9177 = CARTESIAN_POINT('',(55.5,130.,208.));
#9178 = LINE('',#9179,#9180);
#9179 = CARTESIAN_POINT('',(55.5,148.,208.));
#9180 = VECTOR('',#9181,1.);
#9181 = DIRECTION('',(0.,-1.,0.));
#9182 = ORIENTED_EDGE('',*,*,#9183,.F.);
#9183 = EDGE_CURVE('',#9167,#9176,#9184,.T.);
#9184 = LINE('',#9185,#9186);
#9185 = CARTESIAN_POINT('',(57.5,130.,208.));
#9186 = VECTOR('',#9187,1.);
#9187 = DIRECTION('',(-1.,0.,0.));
#9188 = PLANE('',#9189);
#9189 = AXIS2_PLACEMENT_3D('',#9190,#9191,#9192);
#9190 = CARTESIAN_POINT('',(57.5,148.,208.));
#9191 = DIRECTION('',(0.,0.,1.));
#9192 = DIRECTION('',(-1.,0.,0.));
#9193 = ADVANCED_FACE('',(#9194),#9210,.T.);
#9194 = FACE_BOUND('',#9195,.T.);
#9195 = EDGE_LOOP('',(#9196,#9197,#9203,#9204));
#9196 = ORIENTED_EDGE('',*,*,#8997,.F.);
#9197 = ORIENTED_EDGE('',*,*,#9198,.T.);
#9198 = EDGE_CURVE('',#8981,#9167,#9199,.T.);
#9199 = LINE('',#9200,#9201);
#9200 = CARTESIAN_POINT('',(57.5,130.,202.));
#9201 = VECTOR('',#9202,1.);
#9202 = DIRECTION('',(0.,0.,1.));
#9203 = ORIENTED_EDGE('',*,*,#9183,.T.);
#9204 = ORIENTED_EDGE('',*,*,#9205,.F.);
#9205 = EDGE_CURVE('',#8990,#9176,#9206,.T.);
#9206 = LINE('',#9207,#9208);
#9207 = CARTESIAN_POINT('',(55.5,130.,202.));
#9208 = VECTOR('',#9209,1.);
#9209 = DIRECTION('',(0.,0.,1.));
#9210 = PLANE('',#9211);
#9211 = AXIS2_PLACEMENT_3D('',#9212,#9213,#9214);
#9212 = CARTESIAN_POINT('',(57.5,130.,202.));
#9213 = DIRECTION('',(0.,-1.,0.));
#9214 = DIRECTION('',(0.,0.,1.));
#9215 = ADVANCED_FACE('',(#9216),#9230,.T.);
#9216 = FACE_BOUND('',#9217,.T.);
#9217 = EDGE_LOOP('',(#9218,#9219,#9220,#9221,#9222,#9223,#9224,#9225,
    #9226,#9227,#9228,#9229));
#9218 = ORIENTED_EDGE('',*,*,#8927,.T.);
#9219 = ORIENTED_EDGE('',*,*,#8949,.F.);
#9220 = ORIENTED_EDGE('',*,*,#9012,.T.);
#9221 = ORIENTED_EDGE('',*,*,#9042,.T.);
#9222 = ORIENTED_EDGE('',*,*,#9082,.T.);
#9223 = ORIENTED_EDGE('',*,*,#9104,.T.);
#9224 = ORIENTED_EDGE('',*,*,#9151,.F.);
#9225 = ORIENTED_EDGE('',*,*,#9166,.T.);
#9226 = ORIENTED_EDGE('',*,*,#9198,.F.);
#9227 = ORIENTED_EDGE('',*,*,#8980,.F.);
#9228 = ORIENTED_EDGE('',*,*,#8865,.F.);
#9229 = ORIENTED_EDGE('',*,*,#8887,.F.);
#9230 = PLANE('',#9231);
#9231 = AXIS2_PLACEMENT_3D('',#9232,#9233,#9234);
#9232 = CARTESIAN_POINT('',(57.5,139.,205.));
#9233 = DIRECTION('',(1.,0.,-0.));
#9234 = DIRECTION('',(0.,0.,-1.));
#9235 = ADVANCED_FACE('',(#9236),#9250,.T.);
#9236 = FACE_BOUND('',#9237,.T.);
#9237 = EDGE_LOOP('',(#9238,#9239,#9240,#9241,#9242,#9243,#9244,#9245,
    #9246,#9247,#9248,#9249));
#9238 = ORIENTED_EDGE('',*,*,#8918,.F.);
#9239 = ORIENTED_EDGE('',*,*,#8903,.T.);
#9240 = ORIENTED_EDGE('',*,*,#8847,.T.);
#9241 = ORIENTED_EDGE('',*,*,#8989,.T.);
#9242 = ORIENTED_EDGE('',*,*,#9205,.T.);
#9243 = ORIENTED_EDGE('',*,*,#9175,.F.);
#9244 = ORIENTED_EDGE('',*,*,#9135,.T.);
#9245 = ORIENTED_EDGE('',*,*,#9113,.F.);
#9246 = ORIENTED_EDGE('',*,*,#9073,.F.);
#9247 = ORIENTED_EDGE('',*,*,#9051,.F.);
#9248 = ORIENTED_EDGE('',*,*,#9028,.F.);
#9249 = ORIENTED_EDGE('',*,*,#8965,.T.);
#9250 = PLANE('',#9251);
#9251 = AXIS2_PLACEMENT_3D('',#9252,#9253,#9254);
#9252 = CARTESIAN_POINT('',(55.5,139.,205.));
#9253 = DIRECTION('',(-1.,0.,0.));
#9254 = DIRECTION('',(0.,0.,1.));
#9255 = MANIFOLD_SOLID_BREP('',#9256);
#9256 = CLOSED_SHELL('',(#9257,#9290,#9310,#9330));
#9257 = ADVANCED_FACE('',(#9258),#9285,.T.);
#9258 = FACE_BOUND('',#9259,.T.);
#9259 = EDGE_LOOP('',(#9260,#9269,#9277,#9284));
#9260 = ORIENTED_EDGE('',*,*,#9261,.F.);
#9261 = EDGE_CURVE('',#9262,#9262,#9264,.T.);
#9262 = VERTEX_POINT('',#9263);
#9263 = CARTESIAN_POINT('',(6.5,139.,207.));
#9264 = CIRCLE('',#9265,2.);
#9265 = AXIS2_PLACEMENT_3D('',#9266,#9267,#9268);
#9266 = CARTESIAN_POINT('',(6.5,139.,205.));
#9267 = DIRECTION('',(-1.,0.,0.));
#9268 = DIRECTION('',(0.,0.,1.));
#9269 = ORIENTED_EDGE('',*,*,#9270,.F.);
#9270 = EDGE_CURVE('',#9271,#9262,#9273,.T.);
#9271 = VERTEX_POINT('',#9272);
#9272 = CARTESIAN_POINT('',(11.5,139.,207.));
#9273 = LINE('',#9274,#9275);
#9274 = CARTESIAN_POINT('',(11.5,139.,207.));
#9275 = VECTOR('',#9276,1.);
#9276 = DIRECTION('',(-1.,0.,0.));
#9277 = ORIENTED_EDGE('',*,*,#9278,.T.);
#9278 = EDGE_CURVE('',#9271,#9271,#9279,.T.);
#9279 = CIRCLE('',#9280,2.);
#9280 = AXIS2_PLACEMENT_3D('',#9281,#9282,#9283);
#9281 = CARTESIAN_POINT('',(11.5,139.,205.));
#9282 = DIRECTION('',(-1.,0.,0.));
#9283 = DIRECTION('',(0.,0.,1.));
#9284 = ORIENTED_EDGE('',*,*,#9270,.T.);
#9285 = CYLINDRICAL_SURFACE('',#9286,2.);
#9286 = AXIS2_PLACEMENT_3D('',#9287,#9288,#9289);
#9287 = CARTESIAN_POINT('',(11.5,139.,205.));
#9288 = DIRECTION('',(-1.,0.,0.));
#9289 = DIRECTION('',(0.,0.,1.));
#9290 = ADVANCED_FACE('',(#9291,#9294),#9305,.T.);
#9291 = FACE_BOUND('',#9292,.T.);
#9292 = EDGE_LOOP('',(#9293));
#9293 = ORIENTED_EDGE('',*,*,#9261,.T.);
#9294 = FACE_BOUND('',#9295,.T.);
#9295 = EDGE_LOOP('',(#9296));
#9296 = ORIENTED_EDGE('',*,*,#9297,.F.);
#9297 = EDGE_CURVE('',#9298,#9298,#9300,.T.);
#9298 = VERTEX_POINT('',#9299);
#9299 = CARTESIAN_POINT('',(6.5,139.,206.5));
#9300 = CIRCLE('',#9301,1.5);
#9301 = AXIS2_PLACEMENT_3D('',#9302,#9303,#9304);
#9302 = CARTESIAN_POINT('',(6.5,139.,205.));
#9303 = DIRECTION('',(-1.,0.,0.));
#9304 = DIRECTION('',(0.,0.,1.));
#9305 = PLANE('',#9306);
#9306 = AXIS2_PLACEMENT_3D('',#9307,#9308,#9309);
#9307 = CARTESIAN_POINT('',(6.5,139.,205.));
#9308 = DIRECTION('',(-1.,0.,0.));
#9309 = DIRECTION('',(0.,0.,1.));
#9310 = ADVANCED_FACE('',(#9311,#9314),#9325,.F.);
#9311 = FACE_BOUND('',#9312,.F.);
#9312 = EDGE_LOOP('',(#9313));
#9313 = ORIENTED_EDGE('',*,*,#9278,.T.);
#9314 = FACE_BOUND('',#9315,.F.);
#9315 = EDGE_LOOP('',(#9316));
#9316 = ORIENTED_EDGE('',*,*,#9317,.F.);
#9317 = EDGE_CURVE('',#9318,#9318,#9320,.T.);
#9318 = VERTEX_POINT('',#9319);
#9319 = CARTESIAN_POINT('',(11.5,139.,206.5));
#9320 = CIRCLE('',#9321,1.5);
#9321 = AXIS2_PLACEMENT_3D('',#9322,#9323,#9324);
#9322 = CARTESIAN_POINT('',(11.5,139.,205.));
#9323 = DIRECTION('',(-1.,0.,0.));
#9324 = DIRECTION('',(0.,0.,1.));
#9325 = PLANE('',#9326);
#9326 = AXIS2_PLACEMENT_3D('',#9327,#9328,#9329);
#9327 = CARTESIAN_POINT('',(11.5,139.,205.));
#9328 = DIRECTION('',(-1.,0.,0.));
#9329 = DIRECTION('',(0.,0.,1.));
#9330 = ADVANCED_FACE('',(#9331),#9342,.F.);
#9331 = FACE_BOUND('',#9332,.F.);
#9332 = EDGE_LOOP('',(#9333,#9334,#9340,#9341));
#9333 = ORIENTED_EDGE('',*,*,#9297,.F.);
#9334 = ORIENTED_EDGE('',*,*,#9335,.F.);
#9335 = EDGE_CURVE('',#9318,#9298,#9336,.T.);
#9336 = LINE('',#9337,#9338);
#9337 = CARTESIAN_POINT('',(12.5,139.,206.5));
#9338 = VECTOR('',#9339,1.);
#9339 = DIRECTION('',(-1.,0.,0.));
#9340 = ORIENTED_EDGE('',*,*,#9317,.T.);
#9341 = ORIENTED_EDGE('',*,*,#9335,.T.);
#9342 = CYLINDRICAL_SURFACE('',#9343,1.5);
#9343 = AXIS2_PLACEMENT_3D('',#9344,#9345,#9346);
#9344 = CARTESIAN_POINT('',(12.5,139.,205.));
#9345 = DIRECTION('',(-1.,0.,0.));
#9346 = DIRECTION('',(0.,0.,1.));
#9347 = MANIFOLD_SOLID_BREP('',#9348);
#9348 = CLOSED_SHELL('',(#9349,#9421,#9452,#9576,#9688,#9712,#9824,#9948
    ,#9972,#10075,#10096,#10127,#10151,#10175,#10199,#10223,#10240,
    #10271,#10295,#10319,#10343,#10367,#10384,#10406,#10418,#10435,
    #10463,#10480,#10508,#10559,#10577,#10631,#10648,#10660,#10691,
    #10715,#10739,#10763,#10787,#10804,#10835,#10859,#10883,#10907,
    #10931,#10948,#10973,#11004,#11028,#11052,#11076,#11093,#11118,
    #11143,#11168,#11185,#11202,#11219,#11250,#11274,#11298,#11315,
    #11342,#11367,#11392,#11409,#11426,#11473,#11495,#11512,#11529,
    #11541,#11567,#11592));
#9349 = ADVANCED_FACE('',(#9350),#9416,.F.);
#9350 = FACE_BOUND('',#9351,.F.);
#9351 = EDGE_LOOP('',(#9352,#9362,#9370,#9378,#9386,#9394,#9402,#9410));
#9352 = ORIENTED_EDGE('',*,*,#9353,.F.);
#9353 = EDGE_CURVE('',#9354,#9356,#9358,.T.);
#9354 = VERTEX_POINT('',#9355);
#9355 = CARTESIAN_POINT('',(61.5,165.,227.));
#9356 = VERTEX_POINT('',#9357);
#9357 = CARTESIAN_POINT('',(61.5,161.,227.));
#9358 = LINE('',#9359,#9360);
#9359 = CARTESIAN_POINT('',(61.5,165.,227.));
#9360 = VECTOR('',#9361,1.);
#9361 = DIRECTION('',(0.,-1.,0.));
#9362 = ORIENTED_EDGE('',*,*,#9363,.F.);
#9363 = EDGE_CURVE('',#9364,#9354,#9366,.T.);
#9364 = VERTEX_POINT('',#9365);
#9365 = CARTESIAN_POINT('',(61.5,165.,183.));
#9366 = LINE('',#9367,#9368);
#9367 = CARTESIAN_POINT('',(61.5,165.,183.));
#9368 = VECTOR('',#9369,1.);
#9369 = DIRECTION('',(0.,0.,1.));
#9370 = ORIENTED_EDGE('',*,*,#9371,.T.);
#9371 = EDGE_CURVE('',#9364,#9372,#9374,.T.);
#9372 = VERTEX_POINT('',#9373);
#9373 = CARTESIAN_POINT('',(61.5,161.,183.));
#9374 = LINE('',#9375,#9376);
#9375 = CARTESIAN_POINT('',(61.5,165.,183.));
#9376 = VECTOR('',#9377,1.);
#9377 = DIRECTION('',(0.,-1.,0.));
#9378 = ORIENTED_EDGE('',*,*,#9379,.T.);
#9379 = EDGE_CURVE('',#9372,#9380,#9382,.T.);
#9380 = VERTEX_POINT('',#9381);
#9381 = CARTESIAN_POINT('',(61.5,161.,199.));
#9382 = LINE('',#9383,#9384);
#9383 = CARTESIAN_POINT('',(61.5,161.,183.));
#9384 = VECTOR('',#9385,1.);
#9385 = DIRECTION('',(0.,0.,1.));
#9386 = ORIENTED_EDGE('',*,*,#9387,.T.);
#9387 = EDGE_CURVE('',#9380,#9388,#9390,.T.);
#9388 = VERTEX_POINT('',#9389);
#9389 = CARTESIAN_POINT('',(61.5,161.2,199.));
#9390 = LINE('',#9391,#9392);
#9391 = CARTESIAN_POINT('',(61.5,163.1,199.));
#9392 = VECTOR('',#9393,1.);
#9393 = DIRECTION('',(0.,1.,0.));
#9394 = ORIENTED_EDGE('',*,*,#9395,.T.);
#9395 = EDGE_CURVE('',#9388,#9396,#9398,.T.);
#9396 = VERTEX_POINT('',#9397);
#9397 = CARTESIAN_POINT('',(61.5,161.2,211.));
#9398 = LINE('',#9399,#9400);
#9399 = CARTESIAN_POINT('',(61.5,161.2,191.));
#9400 = VECTOR('',#9401,1.);
#9401 = DIRECTION('',(0.,0.,1.));
#9402 = ORIENTED_EDGE('',*,*,#9403,.F.);
#9403 = EDGE_CURVE('',#9404,#9396,#9406,.T.);
#9404 = VERTEX_POINT('',#9405);
#9405 = CARTESIAN_POINT('',(61.5,161.,211.));
#9406 = LINE('',#9407,#9408);
#9407 = CARTESIAN_POINT('',(61.5,163.1,211.));
#9408 = VECTOR('',#9409,1.);
#9409 = DIRECTION('',(0.,1.,0.));
#9410 = ORIENTED_EDGE('',*,*,#9411,.T.);
#9411 = EDGE_CURVE('',#9404,#9356,#9412,.T.);
#9412 = LINE('',#9413,#9414);
#9413 = CARTESIAN_POINT('',(61.5,161.,183.));
#9414 = VECTOR('',#9415,1.);
#9415 = DIRECTION('',(0.,0.,1.));
#9416 = PLANE('',#9417);
#9417 = AXIS2_PLACEMENT_3D('',#9418,#9419,#9420);
#9418 = CARTESIAN_POINT('',(61.5,165.,183.));
#9419 = DIRECTION('',(-1.,0.,0.));
#9420 = DIRECTION('',(0.,0.,1.));
#9421 = ADVANCED_FACE('',(#9422),#9447,.T.);
#9422 = FACE_BOUND('',#9423,.T.);
#9423 = EDGE_LOOP('',(#9424,#9425,#9433,#9441));
#9424 = ORIENTED_EDGE('',*,*,#9353,.F.);
#9425 = ORIENTED_EDGE('',*,*,#9426,.T.);
#9426 = EDGE_CURVE('',#9354,#9427,#9429,.T.);
#9427 = VERTEX_POINT('',#9428);
#9428 = CARTESIAN_POINT('',(17.5,165.,227.));
#9429 = LINE('',#9430,#9431);
#9430 = CARTESIAN_POINT('',(61.5,165.,227.));
#9431 = VECTOR('',#9432,1.);
#9432 = DIRECTION('',(-1.,0.,0.));
#9433 = ORIENTED_EDGE('',*,*,#9434,.T.);
#9434 = EDGE_CURVE('',#9427,#9435,#9437,.T.);
#9435 = VERTEX_POINT('',#9436);
#9436 = CARTESIAN_POINT('',(17.5,161.,227.));
#9437 = LINE('',#9438,#9439);
#9438 = CARTESIAN_POINT('',(17.5,165.,227.));
#9439 = VECTOR('',#9440,1.);
#9440 = DIRECTION('',(0.,-1.,0.));
#9441 = ORIENTED_EDGE('',*,*,#9442,.F.);
#9442 = EDGE_CURVE('',#9356,#9435,#9443,.T.);
#9443 = LINE('',#9444,#9445);
#9444 = CARTESIAN_POINT('',(61.5,161.,227.));
#9445 = VECTOR('',#9446,1.);
#9446 = DIRECTION('',(-1.,0.,0.));
#9447 = PLANE('',#9448);
#9448 = AXIS2_PLACEMENT_3D('',#9449,#9450,#9451);
#9449 = CARTESIAN_POINT('',(61.5,165.,227.));
#9450 = DIRECTION('',(0.,0.,1.));
#9451 = DIRECTION('',(-1.,0.,0.));
#9452 = ADVANCED_FACE('',(#9453,#9471,#9521),#9571,.T.);
#9453 = FACE_BOUND('',#9454,.T.);
#9454 = EDGE_LOOP('',(#9455,#9463,#9469,#9470));
#9455 = ORIENTED_EDGE('',*,*,#9456,.F.);
#9456 = EDGE_CURVE('',#9457,#9435,#9459,.T.);
#9457 = VERTEX_POINT('',#9458);
#9458 = CARTESIAN_POINT('',(17.5,161.,211.));
#9459 = LINE('',#9460,#9461);
#9460 = CARTESIAN_POINT('',(17.5,161.,183.));
#9461 = VECTOR('',#9462,1.);
#9462 = DIRECTION('',(0.,0.,1.));
#9463 = ORIENTED_EDGE('',*,*,#9464,.F.);
#9464 = EDGE_CURVE('',#9404,#9457,#9465,.T.);
#9465 = LINE('',#9466,#9467);
#9466 = CARTESIAN_POINT('',(64.,161.,211.));
#9467 = VECTOR('',#9468,1.);
#9468 = DIRECTION('',(-1.,0.,0.));
#9469 = ORIENTED_EDGE('',*,*,#9411,.T.);
#9470 = ORIENTED_EDGE('',*,*,#9442,.T.);
#9471 = FACE_BOUND('',#9472,.T.);
#9472 = EDGE_LOOP('',(#9473,#9483,#9491,#9499,#9507,#9515));
#9473 = ORIENTED_EDGE('',*,*,#9474,.F.);
#9474 = EDGE_CURVE('',#9475,#9477,#9479,.T.);
#9475 = VERTEX_POINT('',#9476);
#9476 = CARTESIAN_POINT('',(53.85455173281,161.,223.85));
#9477 = VERTEX_POINT('',#9478);
#9478 = CARTESIAN_POINT('',(52.209103465619,161.,221.));
#9479 = LINE('',#9480,#9481);
#9480 = CARTESIAN_POINT('',(45.143224196465,161.,208.76153810567));
#9481 = VECTOR('',#9482,1.);
#9482 = DIRECTION('',(-0.5,0.,-0.866025403784));
#9483 = ORIENTED_EDGE('',*,*,#9484,.F.);
#9484 = EDGE_CURVE('',#9485,#9475,#9487,.T.);
#9485 = VERTEX_POINT('',#9486);
#9486 = CARTESIAN_POINT('',(57.14544826719,161.,223.85));
#9487 = LINE('',#9488,#9489);
#9488 = CARTESIAN_POINT('',(57.677275866405,161.,223.85));
#9489 = VECTOR('',#9490,1.);
#9490 = DIRECTION('',(-1.,0.,0.));
#9491 = ORIENTED_EDGE('',*,*,#9492,.F.);
#9492 = EDGE_CURVE('',#9493,#9485,#9495,.T.);
#9493 = VERTEX_POINT('',#9494);
#9494 = CARTESIAN_POINT('',(58.790896534381,161.,221.));
#9495 = LINE('',#9496,#9497);
#9496 = CARTESIAN_POINT('',(66.53405166994,161.,207.58846189432));
#9497 = VECTOR('',#9498,1.);
#9498 = DIRECTION('',(-0.5,0.,0.866025403784));
#9499 = ORIENTED_EDGE('',*,*,#9500,.F.);
#9500 = EDGE_CURVE('',#9501,#9493,#9503,.T.);
#9501 = VERTEX_POINT('',#9502);
#9502 = CARTESIAN_POINT('',(57.14544826719,161.,218.15));
#9503 = LINE('',#9504,#9505);
#9504 = CARTESIAN_POINT('',(50.902293131631,161.,207.33653810567));
#9505 = VECTOR('',#9506,1.);
#9506 = DIRECTION('',(0.5,0.,0.866025403784));
#9507 = ORIENTED_EDGE('',*,*,#9508,.F.);
#9508 = EDGE_CURVE('',#9509,#9501,#9511,.T.);
#9509 = VERTEX_POINT('',#9510);
#9510 = CARTESIAN_POINT('',(53.85455173281,161.,218.15));
#9511 = LINE('',#9512,#9513);
#9512 = CARTESIAN_POINT('',(59.322724133595,161.,218.15));
#9513 = VECTOR('',#9514,1.);
#9514 = DIRECTION('',(1.,-0.,0.));
#9515 = ORIENTED_EDGE('',*,*,#9516,.F.);
#9516 = EDGE_CURVE('',#9477,#9509,#9517,.T.);
#9517 = LINE('',#9518,#9519);
#9518 = CARTESIAN_POINT('',(62.420431001964,161.,203.31346189432));
#9519 = VECTOR('',#9520,1.);
#9520 = DIRECTION('',(0.5,-0.,-0.866025403784));
#9521 = FACE_BOUND('',#9522,.T.);
#9522 = EDGE_LOOP('',(#9523,#9533,#9541,#9549,#9557,#9565));
#9523 = ORIENTED_EDGE('',*,*,#9524,.F.);
#9524 = EDGE_CURVE('',#9525,#9527,#9529,.T.);
#9525 = VERTEX_POINT('',#9526);
#9526 = CARTESIAN_POINT('',(21.85455173281,161.,223.85));
#9527 = VERTEX_POINT('',#9528);
#9528 = CARTESIAN_POINT('',(20.209103465619,161.,221.));
#9529 = LINE('',#9530,#9531);
#9530 = CARTESIAN_POINT('',(17.143224196465,161.,215.68974133595));
#9531 = VECTOR('',#9532,1.);
#9532 = DIRECTION('',(-0.5,0.,-0.866025403784));
#9533 = ORIENTED_EDGE('',*,*,#9534,.F.);
#9534 = EDGE_CURVE('',#9535,#9525,#9537,.T.);
#9535 = VERTEX_POINT('',#9536);
#9536 = CARTESIAN_POINT('',(25.14544826719,161.,223.85));
#9537 = LINE('',#9538,#9539);
#9538 = CARTESIAN_POINT('',(41.677275866405,161.,223.85));
#9539 = VECTOR('',#9540,1.);
#9540 = DIRECTION('',(-1.,0.,0.));
#9541 = ORIENTED_EDGE('',*,*,#9542,.F.);
#9542 = EDGE_CURVE('',#9543,#9535,#9545,.T.);
#9543 = VERTEX_POINT('',#9544);
#9544 = CARTESIAN_POINT('',(26.790896534381,161.,221.));
#9545 = LINE('',#9546,#9547);
#9546 = CARTESIAN_POINT('',(38.53405166994,161.,200.66025866404));
#9547 = VECTOR('',#9548,1.);
#9548 = DIRECTION('',(-0.5,0.,0.866025403784));
#9549 = ORIENTED_EDGE('',*,*,#9550,.F.);
#9550 = EDGE_CURVE('',#9551,#9543,#9553,.T.);
#9551 = VERTEX_POINT('',#9552);
#9552 = CARTESIAN_POINT('',(25.14544826719,161.,218.15));
#9553 = LINE('',#9554,#9555);
#9554 = CARTESIAN_POINT('',(22.902293131631,161.,214.26474133595));
#9555 = VECTOR('',#9556,1.);
#9556 = DIRECTION('',(0.5,0.,0.866025403784));
#9557 = ORIENTED_EDGE('',*,*,#9558,.F.);
#9558 = EDGE_CURVE('',#9559,#9551,#9561,.T.);
#9559 = VERTEX_POINT('',#9560);
#9560 = CARTESIAN_POINT('',(21.85455173281,161.,218.15));
#9561 = LINE('',#9562,#9563);
#9562 = CARTESIAN_POINT('',(43.322724133595,161.,218.15));
#9563 = VECTOR('',#9564,1.);
#9564 = DIRECTION('',(1.,-0.,0.));
#9565 = ORIENTED_EDGE('',*,*,#9566,.F.);
#9566 = EDGE_CURVE('',#9527,#9559,#9567,.T.);
#9567 = LINE('',#9568,#9569);
#9568 = CARTESIAN_POINT('',(34.420431001964,161.,196.38525866404));
#9569 = VECTOR('',#9570,1.);
#9570 = DIRECTION('',(0.5,-0.,-0.866025403784));
#9571 = PLANE('',#9572);
#9572 = AXIS2_PLACEMENT_3D('',#9573,#9574,#9575);
#9573 = CARTESIAN_POINT('',(61.5,161.,183.));
#9574 = DIRECTION('',(0.,-1.,0.));
#9575 = DIRECTION('',(0.,0.,1.));
#9576 = ADVANCED_FACE('',(#9577),#9683,.T.);
#9577 = FACE_BOUND('',#9578,.T.);
#9578 = EDGE_LOOP('',(#9579,#9589,#9597,#9603,#9604,#9605,#9613,#9621,
    #9629,#9637,#9645,#9653,#9661,#9669,#9677));
#9579 = ORIENTED_EDGE('',*,*,#9580,.F.);
#9580 = EDGE_CURVE('',#9581,#9583,#9585,.T.);
#9581 = VERTEX_POINT('',#9582);
#9582 = CARTESIAN_POINT('',(66.5,157.,211.));
#9583 = VERTEX_POINT('',#9584);
#9584 = CARTESIAN_POINT('',(63.5,157.,211.));
#9585 = LINE('',#9586,#9587);
#9586 = CARTESIAN_POINT('',(66.5,157.,211.));
#9587 = VECTOR('',#9588,1.);
#9588 = DIRECTION('',(-1.,0.,0.));
#9589 = ORIENTED_EDGE('',*,*,#9590,.F.);
#9590 = EDGE_CURVE('',#9591,#9581,#9593,.T.);
#9591 = VERTEX_POINT('',#9592);
#9592 = CARTESIAN_POINT('',(66.5,161.2,211.));
#9593 = LINE('',#9594,#9595);
#9594 = CARTESIAN_POINT('',(66.5,161.2,211.));
#9595 = VECTOR('',#9596,1.);
#9596 = DIRECTION('',(0.,-1.,0.));
#9597 = ORIENTED_EDGE('',*,*,#9598,.T.);
#9598 = EDGE_CURVE('',#9591,#9396,#9599,.T.);
#9599 = LINE('',#9600,#9601);
#9600 = CARTESIAN_POINT('',(66.5,161.2,211.));
#9601 = VECTOR('',#9602,1.);
#9602 = DIRECTION('',(-1.,0.,0.));
#9603 = ORIENTED_EDGE('',*,*,#9403,.F.);
#9604 = ORIENTED_EDGE('',*,*,#9464,.T.);
#9605 = ORIENTED_EDGE('',*,*,#9606,.T.);
#9606 = EDGE_CURVE('',#9457,#9607,#9609,.T.);
#9607 = VERTEX_POINT('',#9608);
#9608 = CARTESIAN_POINT('',(17.5,161.2,211.));
#9609 = LINE('',#9610,#9611);
#9610 = CARTESIAN_POINT('',(17.5,163.1,211.));
#9611 = VECTOR('',#9612,1.);
#9612 = DIRECTION('',(0.,1.,0.));
#9613 = ORIENTED_EDGE('',*,*,#9614,.T.);
#9614 = EDGE_CURVE('',#9607,#9615,#9617,.T.);
#9615 = VERTEX_POINT('',#9616);
#9616 = CARTESIAN_POINT('',(12.5,161.2,211.));
#9617 = LINE('',#9618,#9619);
#9618 = CARTESIAN_POINT('',(66.5,161.2,211.));
#9619 = VECTOR('',#9620,1.);
#9620 = DIRECTION('',(-1.,0.,0.));
#9621 = ORIENTED_EDGE('',*,*,#9622,.T.);
#9622 = EDGE_CURVE('',#9615,#9623,#9625,.T.);
#9623 = VERTEX_POINT('',#9624);
#9624 = CARTESIAN_POINT('',(12.5,134.,211.));
#9625 = LINE('',#9626,#9627);
#9626 = CARTESIAN_POINT('',(12.5,161.2,211.));
#9627 = VECTOR('',#9628,1.);
#9628 = DIRECTION('',(0.,-1.,0.));
#9629 = ORIENTED_EDGE('',*,*,#9630,.F.);
#9630 = EDGE_CURVE('',#9631,#9623,#9633,.T.);
#9631 = VERTEX_POINT('',#9632);
#9632 = CARTESIAN_POINT('',(15.5,134.,211.));
#9633 = LINE('',#9634,#9635);
#9634 = CARTESIAN_POINT('',(15.5,134.,211.));
#9635 = VECTOR('',#9636,1.);
#9636 = DIRECTION('',(-1.,0.,0.));
#9637 = ORIENTED_EDGE('',*,*,#9638,.F.);
#9638 = EDGE_CURVE('',#9639,#9631,#9641,.T.);
#9639 = VERTEX_POINT('',#9640);
#9640 = CARTESIAN_POINT('',(15.5,157.,211.));
#9641 = LINE('',#9642,#9643);
#9642 = CARTESIAN_POINT('',(15.5,159.,211.));
#9643 = VECTOR('',#9644,1.);
#9644 = DIRECTION('',(0.,-1.,0.));
#9645 = ORIENTED_EDGE('',*,*,#9646,.F.);
#9646 = EDGE_CURVE('',#9647,#9639,#9649,.T.);
#9647 = VERTEX_POINT('',#9648);
#9648 = CARTESIAN_POINT('',(60.5,157.,211.));
#9649 = LINE('',#9650,#9651);
#9650 = CARTESIAN_POINT('',(66.5,157.,211.));
#9651 = VECTOR('',#9652,1.);
#9652 = DIRECTION('',(-1.,0.,0.));
#9653 = ORIENTED_EDGE('',*,*,#9654,.T.);
#9654 = EDGE_CURVE('',#9647,#9655,#9657,.T.);
#9655 = VERTEX_POINT('',#9656);
#9656 = CARTESIAN_POINT('',(60.5,151.64911064067,211.));
#9657 = LINE('',#9658,#9659);
#9658 = CARTESIAN_POINT('',(60.5,159.,211.));
#9659 = VECTOR('',#9660,1.);
#9660 = DIRECTION('',(0.,-1.,0.));
#9661 = ORIENTED_EDGE('',*,*,#9662,.T.);
#9662 = EDGE_CURVE('',#9655,#9663,#9665,.T.);
#9663 = VERTEX_POINT('',#9664);
#9664 = CARTESIAN_POINT('',(60.5,134.,211.));
#9665 = LINE('',#9666,#9667);
#9666 = CARTESIAN_POINT('',(60.5,159.,211.));
#9667 = VECTOR('',#9668,1.);
#9668 = DIRECTION('',(0.,-1.,0.));
#9669 = ORIENTED_EDGE('',*,*,#9670,.F.);
#9670 = EDGE_CURVE('',#9671,#9663,#9673,.T.);
#9671 = VERTEX_POINT('',#9672);
#9672 = CARTESIAN_POINT('',(63.5,134.,211.));
#9673 = LINE('',#9674,#9675);
#9674 = CARTESIAN_POINT('',(63.5,134.,211.));
#9675 = VECTOR('',#9676,1.);
#9676 = DIRECTION('',(-1.,0.,0.));
#9677 = ORIENTED_EDGE('',*,*,#9678,.F.);
#9678 = EDGE_CURVE('',#9583,#9671,#9679,.T.);
#9679 = LINE('',#9680,#9681);
#9680 = CARTESIAN_POINT('',(63.5,159.,211.));
#9681 = VECTOR('',#9682,1.);
#9682 = DIRECTION('',(0.,-1.,0.));
#9683 = PLANE('',#9684);
#9684 = AXIS2_PLACEMENT_3D('',#9685,#9686,#9687);
#9685 = CARTESIAN_POINT('',(38.83908045977,152.40842911877,211.));
#9686 = DIRECTION('',(0.,0.,1.));
#9687 = DIRECTION('',(-1.,0.,0.));
#9688 = ADVANCED_FACE('',(#9689),#9707,.F.);
#9689 = FACE_BOUND('',#9690,.F.);
#9690 = EDGE_LOOP('',(#9691,#9699,#9705,#9706));
#9691 = ORIENTED_EDGE('',*,*,#9692,.F.);
#9692 = EDGE_CURVE('',#9693,#9388,#9695,.T.);
#9693 = VERTEX_POINT('',#9694);
#9694 = CARTESIAN_POINT('',(66.5,161.2,199.));
#9695 = LINE('',#9696,#9697);
#9696 = CARTESIAN_POINT('',(66.5,161.2,199.));
#9697 = VECTOR('',#9698,1.);
#9698 = DIRECTION('',(-1.,0.,0.));
#9699 = ORIENTED_EDGE('',*,*,#9700,.T.);
#9700 = EDGE_CURVE('',#9693,#9591,#9701,.T.);
#9701 = LINE('',#9702,#9703);
#9702 = CARTESIAN_POINT('',(66.5,161.2,199.));
#9703 = VECTOR('',#9704,1.);
#9704 = DIRECTION('',(0.,0.,1.));
#9705 = ORIENTED_EDGE('',*,*,#9598,.T.);
#9706 = ORIENTED_EDGE('',*,*,#9395,.F.);
#9707 = PLANE('',#9708);
#9708 = AXIS2_PLACEMENT_3D('',#9709,#9710,#9711);
#9709 = CARTESIAN_POINT('',(66.5,161.2,199.));
#9710 = DIRECTION('',(0.,-1.,0.));
#9711 = DIRECTION('',(0.,0.,1.));
#9712 = ADVANCED_FACE('',(#9713),#9819,.T.);
#9713 = FACE_BOUND('',#9714,.T.);
#9714 = EDGE_LOOP('',(#9715,#9725,#9733,#9741,#9749,#9757,#9765,#9773,
    #9781,#9789,#9797,#9805,#9811,#9812,#9813));
#9715 = ORIENTED_EDGE('',*,*,#9716,.T.);
#9716 = EDGE_CURVE('',#9717,#9719,#9721,.T.);
#9717 = VERTEX_POINT('',#9718);
#9718 = CARTESIAN_POINT('',(66.5,157.,199.));
#9719 = VERTEX_POINT('',#9720);
#9720 = CARTESIAN_POINT('',(63.5,157.,199.));
#9721 = LINE('',#9722,#9723);
#9722 = CARTESIAN_POINT('',(66.5,157.,199.));
#9723 = VECTOR('',#9724,1.);
#9724 = DIRECTION('',(-1.,0.,0.));
#9725 = ORIENTED_EDGE('',*,*,#9726,.T.);
#9726 = EDGE_CURVE('',#9719,#9727,#9729,.T.);
#9727 = VERTEX_POINT('',#9728);
#9728 = CARTESIAN_POINT('',(63.5,134.,199.));
#9729 = LINE('',#9730,#9731);
#9730 = CARTESIAN_POINT('',(63.5,159.,199.));
#9731 = VECTOR('',#9732,1.);
#9732 = DIRECTION('',(0.,-1.,0.));
#9733 = ORIENTED_EDGE('',*,*,#9734,.T.);
#9734 = EDGE_CURVE('',#9727,#9735,#9737,.T.);
#9735 = VERTEX_POINT('',#9736);
#9736 = CARTESIAN_POINT('',(60.5,134.,199.));
#9737 = LINE('',#9738,#9739);
#9738 = CARTESIAN_POINT('',(63.5,134.,199.));
#9739 = VECTOR('',#9740,1.);
#9740 = DIRECTION('',(-1.,0.,0.));
#9741 = ORIENTED_EDGE('',*,*,#9742,.F.);
#9742 = EDGE_CURVE('',#9743,#9735,#9745,.T.);
#9743 = VERTEX_POINT('',#9744);
#9744 = CARTESIAN_POINT('',(60.5,151.64911064067,199.));
#9745 = LINE('',#9746,#9747);
#9746 = CARTESIAN_POINT('',(60.5,159.,199.));
#9747 = VECTOR('',#9748,1.);
#9748 = DIRECTION('',(0.,-1.,0.));
#9749 = ORIENTED_EDGE('',*,*,#9750,.F.);
#9750 = EDGE_CURVE('',#9751,#9743,#9753,.T.);
#9751 = VERTEX_POINT('',#9752);
#9752 = CARTESIAN_POINT('',(60.5,157.,199.));
#9753 = LINE('',#9754,#9755);
#9754 = CARTESIAN_POINT('',(60.5,159.,199.));
#9755 = VECTOR('',#9756,1.);
#9756 = DIRECTION('',(0.,-1.,0.));
#9757 = ORIENTED_EDGE('',*,*,#9758,.T.);
#9758 = EDGE_CURVE('',#9751,#9759,#9761,.T.);
#9759 = VERTEX_POINT('',#9760);
#9760 = CARTESIAN_POINT('',(15.5,157.,199.));
#9761 = LINE('',#9762,#9763);
#9762 = CARTESIAN_POINT('',(66.5,157.,199.));
#9763 = VECTOR('',#9764,1.);
#9764 = DIRECTION('',(-1.,0.,0.));
#9765 = ORIENTED_EDGE('',*,*,#9766,.T.);
#9766 = EDGE_CURVE('',#9759,#9767,#9769,.T.);
#9767 = VERTEX_POINT('',#9768);
#9768 = CARTESIAN_POINT('',(15.5,134.,199.));
#9769 = LINE('',#9770,#9771);
#9770 = CARTESIAN_POINT('',(15.5,159.,199.));
#9771 = VECTOR('',#9772,1.);
#9772 = DIRECTION('',(0.,-1.,0.));
#9773 = ORIENTED_EDGE('',*,*,#9774,.T.);
#9774 = EDGE_CURVE('',#9767,#9775,#9777,.T.);
#9775 = VERTEX_POINT('',#9776);
#9776 = CARTESIAN_POINT('',(12.5,134.,199.));
#9777 = LINE('',#9778,#9779);
#9778 = CARTESIAN_POINT('',(15.5,134.,199.));
#9779 = VECTOR('',#9780,1.);
#9780 = DIRECTION('',(-1.,0.,0.));
#9781 = ORIENTED_EDGE('',*,*,#9782,.F.);
#9782 = EDGE_CURVE('',#9783,#9775,#9785,.T.);
#9783 = VERTEX_POINT('',#9784);
#9784 = CARTESIAN_POINT('',(12.5,161.2,199.));
#9785 = LINE('',#9786,#9787);
#9786 = CARTESIAN_POINT('',(12.5,159.,199.));
#9787 = VECTOR('',#9788,1.);
#9788 = DIRECTION('',(0.,-1.,0.));
#9789 = ORIENTED_EDGE('',*,*,#9790,.F.);
#9790 = EDGE_CURVE('',#9791,#9783,#9793,.T.);
#9791 = VERTEX_POINT('',#9792);
#9792 = CARTESIAN_POINT('',(17.5,161.2,199.));
#9793 = LINE('',#9794,#9795);
#9794 = CARTESIAN_POINT('',(66.5,161.2,199.));
#9795 = VECTOR('',#9796,1.);
#9796 = DIRECTION('',(-1.,0.,0.));
#9797 = ORIENTED_EDGE('',*,*,#9798,.F.);
#9798 = EDGE_CURVE('',#9799,#9791,#9801,.T.);
#9799 = VERTEX_POINT('',#9800);
#9800 = CARTESIAN_POINT('',(17.5,161.,199.));
#9801 = LINE('',#9802,#9803);
#9802 = CARTESIAN_POINT('',(17.5,163.1,199.));
#9803 = VECTOR('',#9804,1.);
#9804 = DIRECTION('',(0.,1.,0.));
#9805 = ORIENTED_EDGE('',*,*,#9806,.F.);
#9806 = EDGE_CURVE('',#9380,#9799,#9807,.T.);
#9807 = LINE('',#9808,#9809);
#9808 = CARTESIAN_POINT('',(64.,161.,199.));
#9809 = VECTOR('',#9810,1.);
#9810 = DIRECTION('',(-1.,0.,0.));
#9811 = ORIENTED_EDGE('',*,*,#9387,.T.);
#9812 = ORIENTED_EDGE('',*,*,#9692,.F.);
#9813 = ORIENTED_EDGE('',*,*,#9814,.T.);
#9814 = EDGE_CURVE('',#9693,#9717,#9815,.T.);
#9815 = LINE('',#9816,#9817);
#9816 = CARTESIAN_POINT('',(66.5,161.2,199.));
#9817 = VECTOR('',#9818,1.);
#9818 = DIRECTION('',(0.,-1.,0.));
#9819 = PLANE('',#9820);
#9820 = AXIS2_PLACEMENT_3D('',#9821,#9822,#9823);
#9821 = CARTESIAN_POINT('',(38.83908045977,152.40842911877,199.));
#9822 = DIRECTION('',(0.,0.,-1.));
#9823 = DIRECTION('',(1.,0.,0.));
#9824 = ADVANCED_FACE('',(#9825,#9843,#9893),#9943,.T.);
#9825 = FACE_BOUND('',#9826,.T.);
#9826 = EDGE_LOOP('',(#9827,#9835,#9841,#9842));
#9827 = ORIENTED_EDGE('',*,*,#9828,.F.);
#9828 = EDGE_CURVE('',#9829,#9799,#9831,.T.);
#9829 = VERTEX_POINT('',#9830);
#9830 = CARTESIAN_POINT('',(17.5,161.,183.));
#9831 = LINE('',#9832,#9833);
#9832 = CARTESIAN_POINT('',(17.5,161.,183.));
#9833 = VECTOR('',#9834,1.);
#9834 = DIRECTION('',(0.,0.,1.));
#9835 = ORIENTED_EDGE('',*,*,#9836,.F.);
#9836 = EDGE_CURVE('',#9372,#9829,#9837,.T.);
#9837 = LINE('',#9838,#9839);
#9838 = CARTESIAN_POINT('',(61.5,161.,183.));
#9839 = VECTOR('',#9840,1.);
#9840 = DIRECTION('',(-1.,0.,0.));
#9841 = ORIENTED_EDGE('',*,*,#9379,.T.);
#9842 = ORIENTED_EDGE('',*,*,#9806,.T.);
#9843 = FACE_BOUND('',#9844,.T.);
#9844 = EDGE_LOOP('',(#9845,#9855,#9863,#9871,#9879,#9887));
#9845 = ORIENTED_EDGE('',*,*,#9846,.F.);
#9846 = EDGE_CURVE('',#9847,#9849,#9851,.T.);
#9847 = VERTEX_POINT('',#9848);
#9848 = CARTESIAN_POINT('',(53.85455173281,161.,191.85));
#9849 = VERTEX_POINT('',#9850);
#9850 = CARTESIAN_POINT('',(52.209103465619,161.,189.));
#9851 = LINE('',#9852,#9853);
#9852 = CARTESIAN_POINT('',(52.07142742674,161.,188.76153810567));
#9853 = VECTOR('',#9854,1.);
#9854 = DIRECTION('',(-0.5,0.,-0.866025403784));
#9855 = ORIENTED_EDGE('',*,*,#9856,.F.);
#9856 = EDGE_CURVE('',#9857,#9847,#9859,.T.);
#9857 = VERTEX_POINT('',#9858);
#9858 = CARTESIAN_POINT('',(57.14544826719,161.,191.85));
#9859 = LINE('',#9860,#9861);
#9860 = CARTESIAN_POINT('',(57.677275866405,161.,191.85));
#9861 = VECTOR('',#9862,1.);
#9862 = DIRECTION('',(-1.,0.,0.));
#9863 = ORIENTED_EDGE('',*,*,#9864,.F.);
#9864 = EDGE_CURVE('',#9865,#9857,#9867,.T.);
#9865 = VERTEX_POINT('',#9866);
#9866 = CARTESIAN_POINT('',(58.790896534381,161.,189.));
#9867 = LINE('',#9868,#9869);
#9868 = CARTESIAN_POINT('',(59.605848439665,161.,187.58846189432));
#9869 = VECTOR('',#9870,1.);
#9870 = DIRECTION('',(-0.5,0.,0.866025403784));
#9871 = ORIENTED_EDGE('',*,*,#9872,.F.);
#9872 = EDGE_CURVE('',#9873,#9865,#9875,.T.);
#9873 = VERTEX_POINT('',#9874);
#9874 = CARTESIAN_POINT('',(57.14544826719,161.,186.15));
#9875 = LINE('',#9876,#9877);
#9876 = CARTESIAN_POINT('',(57.830496361907,161.,187.33653810567));
#9877 = VECTOR('',#9878,1.);
#9878 = DIRECTION('',(0.5,0.,0.866025403784));
#9879 = ORIENTED_EDGE('',*,*,#9880,.F.);
#9880 = EDGE_CURVE('',#9881,#9873,#9883,.T.);
#9881 = VERTEX_POINT('',#9882);
#9882 = CARTESIAN_POINT('',(53.85455173281,161.,186.15));
#9883 = LINE('',#9884,#9885);
#9884 = CARTESIAN_POINT('',(59.322724133595,161.,186.15));
#9885 = VECTOR('',#9886,1.);
#9886 = DIRECTION('',(1.,-0.,0.));
#9887 = ORIENTED_EDGE('',*,*,#9888,.F.);
#9888 = EDGE_CURVE('',#9849,#9881,#9889,.T.);
#9889 = LINE('',#9890,#9891);
#9890 = CARTESIAN_POINT('',(55.492227771689,161.,183.31346189432));
#9891 = VECTOR('',#9892,1.);
#9892 = DIRECTION('',(0.5,-0.,-0.866025403784));
#9893 = FACE_BOUND('',#9894,.T.);
#9894 = EDGE_LOOP('',(#9895,#9905,#9913,#9921,#9929,#9937));
#9895 = ORIENTED_EDGE('',*,*,#9896,.F.);
#9896 = EDGE_CURVE('',#9897,#9899,#9901,.T.);
#9897 = VERTEX_POINT('',#9898);
#9898 = CARTESIAN_POINT('',(21.85455173281,161.,191.85));
#9899 = VERTEX_POINT('',#9900);
#9900 = CARTESIAN_POINT('',(20.209103465619,161.,189.));
#9901 = LINE('',#9902,#9903);
#9902 = CARTESIAN_POINT('',(24.07142742674,161.,195.68974133595));
#9903 = VECTOR('',#9904,1.);
#9904 = DIRECTION('',(-0.5,0.,-0.866025403784));
#9905 = ORIENTED_EDGE('',*,*,#9906,.F.);
#9906 = EDGE_CURVE('',#9907,#9897,#9909,.T.);
#9907 = VERTEX_POINT('',#9908);
#9908 = CARTESIAN_POINT('',(25.14544826719,161.,191.85));
#9909 = LINE('',#9910,#9911);
#9910 = CARTESIAN_POINT('',(41.677275866405,161.,191.85));
#9911 = VECTOR('',#9912,1.);
#9912 = DIRECTION('',(-1.,0.,0.));
#9913 = ORIENTED_EDGE('',*,*,#9914,.F.);
#9914 = EDGE_CURVE('',#9915,#9907,#9917,.T.);
#9915 = VERTEX_POINT('',#9916);
#9916 = CARTESIAN_POINT('',(26.790896534381,161.,189.));
#9917 = LINE('',#9918,#9919);
#9918 = CARTESIAN_POINT('',(31.605848439665,161.,180.66025866404));
#9919 = VECTOR('',#9920,1.);
#9920 = DIRECTION('',(-0.5,0.,0.866025403784));
#9921 = ORIENTED_EDGE('',*,*,#9922,.F.);
#9922 = EDGE_CURVE('',#9923,#9915,#9925,.T.);
#9923 = VERTEX_POINT('',#9924);
#9924 = CARTESIAN_POINT('',(25.14544826719,161.,186.15));
#9925 = LINE('',#9926,#9927);
#9926 = CARTESIAN_POINT('',(29.830496361907,161.,194.26474133595));
#9927 = VECTOR('',#9928,1.);
#9928 = DIRECTION('',(0.5,0.,0.866025403784));
#9929 = ORIENTED_EDGE('',*,*,#9930,.F.);
#9930 = EDGE_CURVE('',#9931,#9923,#9933,.T.);
#9931 = VERTEX_POINT('',#9932);
#9932 = CARTESIAN_POINT('',(21.85455173281,161.,186.15));
#9933 = LINE('',#9934,#9935);
#9934 = CARTESIAN_POINT('',(43.322724133595,161.,186.15));
#9935 = VECTOR('',#9936,1.);
#9936 = DIRECTION('',(1.,-0.,0.));
#9937 = ORIENTED_EDGE('',*,*,#9938,.F.);
#9938 = EDGE_CURVE('',#9899,#9931,#9939,.T.);
#9939 = LINE('',#9940,#9941);
#9940 = CARTESIAN_POINT('',(27.492227771689,161.,176.38525866404));
#9941 = VECTOR('',#9942,1.);
#9942 = DIRECTION('',(0.5,-0.,-0.866025403784));
#9943 = PLANE('',#9944);
#9944 = AXIS2_PLACEMENT_3D('',#9945,#9946,#9947);
#9945 = CARTESIAN_POINT('',(61.5,161.,183.));
#9946 = DIRECTION('',(0.,-1.,0.));
#9947 = DIRECTION('',(0.,0.,1.));
#9948 = ADVANCED_FACE('',(#9949),#9967,.F.);
#9949 = FACE_BOUND('',#9950,.F.);
#9950 = EDGE_LOOP('',(#9951,#9952,#9960,#9966));
#9951 = ORIENTED_EDGE('',*,*,#9371,.F.);
#9952 = ORIENTED_EDGE('',*,*,#9953,.T.);
#9953 = EDGE_CURVE('',#9364,#9954,#9956,.T.);
#9954 = VERTEX_POINT('',#9955);
#9955 = CARTESIAN_POINT('',(17.5,165.,183.));
#9956 = LINE('',#9957,#9958);
#9957 = CARTESIAN_POINT('',(61.5,165.,183.));
#9958 = VECTOR('',#9959,1.);
#9959 = DIRECTION('',(-1.,0.,0.));
#9960 = ORIENTED_EDGE('',*,*,#9961,.T.);
#9961 = EDGE_CURVE('',#9954,#9829,#9962,.T.);
#9962 = LINE('',#9963,#9964);
#9963 = CARTESIAN_POINT('',(17.5,165.,183.));
#9964 = VECTOR('',#9965,1.);
#9965 = DIRECTION('',(0.,-1.,0.));
#9966 = ORIENTED_EDGE('',*,*,#9836,.F.);
#9967 = PLANE('',#9968);
#9968 = AXIS2_PLACEMENT_3D('',#9969,#9970,#9971);
#9969 = CARTESIAN_POINT('',(61.5,165.,183.));
#9970 = DIRECTION('',(0.,0.,1.));
#9971 = DIRECTION('',(-1.,0.,0.));
#9972 = ADVANCED_FACE('',(#9973,#9984,#9995,#10037,#10048,#10059),#10070
  ,.F.);
#9973 = FACE_BOUND('',#9974,.F.);
#9974 = EDGE_LOOP('',(#9975,#9976,#9977,#9978));
#9975 = ORIENTED_EDGE('',*,*,#9953,.F.);
#9976 = ORIENTED_EDGE('',*,*,#9363,.T.);
#9977 = ORIENTED_EDGE('',*,*,#9426,.T.);
#9978 = ORIENTED_EDGE('',*,*,#9979,.F.);
#9979 = EDGE_CURVE('',#9954,#9427,#9980,.T.);
#9980 = LINE('',#9981,#9982);
#9981 = CARTESIAN_POINT('',(17.5,165.,183.));
#9982 = VECTOR('',#9983,1.);
#9983 = DIRECTION('',(0.,0.,1.));
#9984 = FACE_BOUND('',#9985,.F.);
#9985 = EDGE_LOOP('',(#9986));
#9986 = ORIENTED_EDGE('',*,*,#9987,.F.);
#9987 = EDGE_CURVE('',#9988,#9988,#9990,.T.);
#9988 = VERTEX_POINT('',#9989);
#9989 = CARTESIAN_POINT('',(55.5,165.,190.7));
#9990 = CIRCLE('',#9991,1.7);
#9991 = AXIS2_PLACEMENT_3D('',#9992,#9993,#9994);
#9992 = CARTESIAN_POINT('',(55.5,165.,189.));
#9993 = DIRECTION('',(0.,-1.,0.));
#9994 = DIRECTION('',(0.,0.,1.));
#9995 = FACE_BOUND('',#9996,.F.);
#9996 = EDGE_LOOP('',(#9997,#10007,#10015,#10023,#10031));
#9997 = ORIENTED_EDGE('',*,*,#9998,.F.);
#9998 = EDGE_CURVE('',#9999,#10001,#10003,.T.);
#9999 = VERTEX_POINT('',#10000);
#10000 = CARTESIAN_POINT('',(26.3,165.,193.8));
#10001 = VERTEX_POINT('',#10002);
#10002 = CARTESIAN_POINT('',(52.7,165.,193.8));
#10003 = LINE('',#10004,#10005);
#10004 = CARTESIAN_POINT('',(57.1,165.,193.8));
#10005 = VECTOR('',#10006,1.);
#10006 = DIRECTION('',(1.,-0.,0.));
#10007 = ORIENTED_EDGE('',*,*,#10008,.F.);
#10008 = EDGE_CURVE('',#10009,#9999,#10011,.T.);
#10009 = VERTEX_POINT('',#10010);
#10010 = CARTESIAN_POINT('',(26.3,165.,211.2));
#10011 = LINE('',#10012,#10013);
#10012 = CARTESIAN_POINT('',(26.3,165.,188.4));
#10013 = VECTOR('',#10014,1.);
#10014 = DIRECTION('',(0.,0.,-1.));
#10015 = ORIENTED_EDGE('',*,*,#10016,.F.);
#10016 = EDGE_CURVE('',#10017,#10009,#10019,.T.);
#10017 = VERTEX_POINT('',#10018);
#10018 = CARTESIAN_POINT('',(31.3,165.,216.2));
#10019 = LINE('',#10020,#10021);
#10020 = CARTESIAN_POINT('',(28.05,165.,212.95));
#10021 = VECTOR('',#10022,1.);
#10022 = DIRECTION('',(-0.707106781187,0.,-0.707106781187));
#10023 = ORIENTED_EDGE('',*,*,#10024,.F.);
#10024 = EDGE_CURVE('',#10025,#10017,#10027,.T.);
#10025 = VERTEX_POINT('',#10026);
#10026 = CARTESIAN_POINT('',(52.7,165.,216.2));
#10027 = LINE('',#10028,#10029);
#10028 = CARTESIAN_POINT('',(46.4,165.,216.2));
#10029 = VECTOR('',#10030,1.);
#10030 = DIRECTION('',(-1.,0.,0.));
#10031 = ORIENTED_EDGE('',*,*,#10032,.F.);
#10032 = EDGE_CURVE('',#10001,#10025,#10033,.T.);
#10033 = LINE('',#10034,#10035);
#10034 = CARTESIAN_POINT('',(52.7,165.,199.6));
#10035 = VECTOR('',#10036,1.);
#10036 = DIRECTION('',(0.,0.,1.));
#10037 = FACE_BOUND('',#10038,.F.);
#10038 = EDGE_LOOP('',(#10039));
#10039 = ORIENTED_EDGE('',*,*,#10040,.F.);
#10040 = EDGE_CURVE('',#10041,#10041,#10043,.T.);
#10041 = VERTEX_POINT('',#10042);
#10042 = CARTESIAN_POINT('',(55.5,165.,222.7));
#10043 = CIRCLE('',#10044,1.7);
#10044 = AXIS2_PLACEMENT_3D('',#10045,#10046,#10047);
#10045 = CARTESIAN_POINT('',(55.5,165.,221.));
#10046 = DIRECTION('',(0.,-1.,0.));
#10047 = DIRECTION('',(0.,0.,1.));
#10048 = FACE_BOUND('',#10049,.F.);
#10049 = EDGE_LOOP('',(#10050));
#10050 = ORIENTED_EDGE('',*,*,#10051,.F.);
#10051 = EDGE_CURVE('',#10052,#10052,#10054,.T.);
#10052 = VERTEX_POINT('',#10053);
#10053 = CARTESIAN_POINT('',(23.5,165.,190.7));
#10054 = CIRCLE('',#10055,1.7);
#10055 = AXIS2_PLACEMENT_3D('',#10056,#10057,#10058);
#10056 = CARTESIAN_POINT('',(23.5,165.,189.));
#10057 = DIRECTION('',(0.,-1.,0.));
#10058 = DIRECTION('',(0.,0.,1.));
#10059 = FACE_BOUND('',#10060,.F.);
#10060 = EDGE_LOOP('',(#10061));
#10061 = ORIENTED_EDGE('',*,*,#10062,.F.);
#10062 = EDGE_CURVE('',#10063,#10063,#10065,.T.);
#10063 = VERTEX_POINT('',#10064);
#10064 = CARTESIAN_POINT('',(23.5,165.,222.7));
#10065 = CIRCLE('',#10066,1.7);
#10066 = AXIS2_PLACEMENT_3D('',#10067,#10068,#10069);
#10067 = CARTESIAN_POINT('',(23.5,165.,221.));
#10068 = DIRECTION('',(0.,-1.,0.));
#10069 = DIRECTION('',(0.,0.,1.));
#10070 = PLANE('',#10071);
#10071 = AXIS2_PLACEMENT_3D('',#10072,#10073,#10074);
#10072 = CARTESIAN_POINT('',(61.5,165.,183.));
#10073 = DIRECTION('',(0.,-1.,0.));
#10074 = DIRECTION('',(0.,0.,1.));
#10075 = ADVANCED_FACE('',(#10076),#10091,.T.);
#10076 = FACE_BOUND('',#10077,.T.);
#10077 = EDGE_LOOP('',(#10078,#10079,#10080,#10081,#10082,#10083,#10089,
    #10090));
#10078 = ORIENTED_EDGE('',*,*,#9434,.F.);
#10079 = ORIENTED_EDGE('',*,*,#9979,.F.);
#10080 = ORIENTED_EDGE('',*,*,#9961,.T.);
#10081 = ORIENTED_EDGE('',*,*,#9828,.T.);
#10082 = ORIENTED_EDGE('',*,*,#9798,.T.);
#10083 = ORIENTED_EDGE('',*,*,#10084,.T.);
#10084 = EDGE_CURVE('',#9791,#9607,#10085,.T.);
#10085 = LINE('',#10086,#10087);
#10086 = CARTESIAN_POINT('',(17.5,161.2,191.));
#10087 = VECTOR('',#10088,1.);
#10088 = DIRECTION('',(0.,0.,1.));
#10089 = ORIENTED_EDGE('',*,*,#9606,.F.);
#10090 = ORIENTED_EDGE('',*,*,#9456,.T.);
#10091 = PLANE('',#10092);
#10092 = AXIS2_PLACEMENT_3D('',#10093,#10094,#10095);
#10093 = CARTESIAN_POINT('',(17.5,165.,183.));
#10094 = DIRECTION('',(-1.,0.,0.));
#10095 = DIRECTION('',(0.,0.,1.));
#10096 = ADVANCED_FACE('',(#10097),#10122,.F.);
#10097 = FACE_BOUND('',#10098,.F.);
#10098 = EDGE_LOOP('',(#10099,#10109,#10115,#10116));
#10099 = ORIENTED_EDGE('',*,*,#10100,.F.);
#10100 = EDGE_CURVE('',#10101,#10103,#10105,.T.);
#10101 = VERTEX_POINT('',#10102);
#10102 = CARTESIAN_POINT('',(52.209103465619,163.6,221.));
#10103 = VERTEX_POINT('',#10104);
#10104 = CARTESIAN_POINT('',(53.85455173281,163.6,223.85));
#10105 = LINE('',#10106,#10107);
#10106 = CARTESIAN_POINT('',(52.209103465619,163.6,221.));
#10107 = VECTOR('',#10108,1.);
#10108 = DIRECTION('',(0.5,0.,0.866025403784));
#10109 = ORIENTED_EDGE('',*,*,#10110,.T.);
#10110 = EDGE_CURVE('',#10101,#9477,#10111,.T.);
#10111 = LINE('',#10112,#10113);
#10112 = CARTESIAN_POINT('',(52.209103465619,163.6,221.));
#10113 = VECTOR('',#10114,1.);
#10114 = DIRECTION('',(0.,-1.,0.));
#10115 = ORIENTED_EDGE('',*,*,#9474,.F.);
#10116 = ORIENTED_EDGE('',*,*,#10117,.F.);
#10117 = EDGE_CURVE('',#10103,#9475,#10118,.T.);
#10118 = LINE('',#10119,#10120);
#10119 = CARTESIAN_POINT('',(53.85455173281,163.6,223.85));
#10120 = VECTOR('',#10121,1.);
#10121 = DIRECTION('',(0.,-1.,0.));
#10122 = PLANE('',#10123);
#10123 = AXIS2_PLACEMENT_3D('',#10124,#10125,#10126);
#10124 = CARTESIAN_POINT('',(52.209103465619,163.6,221.));
#10125 = DIRECTION('',(-0.866025403784,0.,0.5));
#10126 = DIRECTION('',(0.5,0.,0.866025403784));
#10127 = ADVANCED_FACE('',(#10128),#10146,.F.);
#10128 = FACE_BOUND('',#10129,.F.);
#10129 = EDGE_LOOP('',(#10130,#10138,#10139,#10140));
#10130 = ORIENTED_EDGE('',*,*,#10131,.F.);
#10131 = EDGE_CURVE('',#10103,#10132,#10134,.T.);
#10132 = VERTEX_POINT('',#10133);
#10133 = CARTESIAN_POINT('',(57.14544826719,163.6,223.85));
#10134 = LINE('',#10135,#10136);
#10135 = CARTESIAN_POINT('',(53.85455173281,163.6,223.85));
#10136 = VECTOR('',#10137,1.);
#10137 = DIRECTION('',(1.,0.,0.));
#10138 = ORIENTED_EDGE('',*,*,#10117,.T.);
#10139 = ORIENTED_EDGE('',*,*,#9484,.F.);
#10140 = ORIENTED_EDGE('',*,*,#10141,.F.);
#10141 = EDGE_CURVE('',#10132,#9485,#10142,.T.);
#10142 = LINE('',#10143,#10144);
#10143 = CARTESIAN_POINT('',(57.14544826719,163.6,223.85));
#10144 = VECTOR('',#10145,1.);
#10145 = DIRECTION('',(0.,-1.,0.));
#10146 = PLANE('',#10147);
#10147 = AXIS2_PLACEMENT_3D('',#10148,#10149,#10150);
#10148 = CARTESIAN_POINT('',(53.85455173281,163.6,223.85));
#10149 = DIRECTION('',(0.,0.,1.));
#10150 = DIRECTION('',(1.,0.,0.));
#10151 = ADVANCED_FACE('',(#10152),#10170,.F.);
#10152 = FACE_BOUND('',#10153,.F.);
#10153 = EDGE_LOOP('',(#10154,#10162,#10168,#10169));
#10154 = ORIENTED_EDGE('',*,*,#10155,.F.);
#10155 = EDGE_CURVE('',#10156,#10101,#10158,.T.);
#10156 = VERTEX_POINT('',#10157);
#10157 = CARTESIAN_POINT('',(53.85455173281,163.6,218.15));
#10158 = LINE('',#10159,#10160);
#10159 = CARTESIAN_POINT('',(53.85455173281,163.6,218.15));
#10160 = VECTOR('',#10161,1.);
#10161 = DIRECTION('',(-0.5,0.,0.866025403784));
#10162 = ORIENTED_EDGE('',*,*,#10163,.T.);
#10163 = EDGE_CURVE('',#10156,#9509,#10164,.T.);
#10164 = LINE('',#10165,#10166);
#10165 = CARTESIAN_POINT('',(53.85455173281,163.6,218.15));
#10166 = VECTOR('',#10167,1.);
#10167 = DIRECTION('',(0.,-1.,0.));
#10168 = ORIENTED_EDGE('',*,*,#9516,.F.);
#10169 = ORIENTED_EDGE('',*,*,#10110,.F.);
#10170 = PLANE('',#10171);
#10171 = AXIS2_PLACEMENT_3D('',#10172,#10173,#10174);
#10172 = CARTESIAN_POINT('',(53.85455173281,163.6,218.15));
#10173 = DIRECTION('',(-0.866025403784,0.,-0.5));
#10174 = DIRECTION('',(-0.5,0.,0.866025403784));
#10175 = ADVANCED_FACE('',(#10176),#10194,.F.);
#10176 = FACE_BOUND('',#10177,.F.);
#10177 = EDGE_LOOP('',(#10178,#10186,#10187,#10188));
#10178 = ORIENTED_EDGE('',*,*,#10179,.F.);
#10179 = EDGE_CURVE('',#10132,#10180,#10182,.T.);
#10180 = VERTEX_POINT('',#10181);
#10181 = CARTESIAN_POINT('',(58.790896534381,163.6,221.));
#10182 = LINE('',#10183,#10184);
#10183 = CARTESIAN_POINT('',(57.14544826719,163.6,223.85));
#10184 = VECTOR('',#10185,1.);
#10185 = DIRECTION('',(0.5,-0.,-0.866025403784));
#10186 = ORIENTED_EDGE('',*,*,#10141,.T.);
#10187 = ORIENTED_EDGE('',*,*,#9492,.F.);
#10188 = ORIENTED_EDGE('',*,*,#10189,.F.);
#10189 = EDGE_CURVE('',#10180,#9493,#10190,.T.);
#10190 = LINE('',#10191,#10192);
#10191 = CARTESIAN_POINT('',(58.790896534381,163.6,221.));
#10192 = VECTOR('',#10193,1.);
#10193 = DIRECTION('',(0.,-1.,0.));
#10194 = PLANE('',#10195);
#10195 = AXIS2_PLACEMENT_3D('',#10196,#10197,#10198);
#10196 = CARTESIAN_POINT('',(57.14544826719,163.6,223.85));
#10197 = DIRECTION('',(0.866025403784,0.,0.5));
#10198 = DIRECTION('',(0.5,-0.,-0.866025403784));
#10199 = ADVANCED_FACE('',(#10200),#10218,.F.);
#10200 = FACE_BOUND('',#10201,.F.);
#10201 = EDGE_LOOP('',(#10202,#10210,#10216,#10217));
#10202 = ORIENTED_EDGE('',*,*,#10203,.F.);
#10203 = EDGE_CURVE('',#10204,#10156,#10206,.T.);
#10204 = VERTEX_POINT('',#10205);
#10205 = CARTESIAN_POINT('',(57.14544826719,163.6,218.15));
#10206 = LINE('',#10207,#10208);
#10207 = CARTESIAN_POINT('',(57.14544826719,163.6,218.15));
#10208 = VECTOR('',#10209,1.);
#10209 = DIRECTION('',(-1.,0.,0.));
#10210 = ORIENTED_EDGE('',*,*,#10211,.T.);
#10211 = EDGE_CURVE('',#10204,#9501,#10212,.T.);
#10212 = LINE('',#10213,#10214);
#10213 = CARTESIAN_POINT('',(57.14544826719,163.6,218.15));
#10214 = VECTOR('',#10215,1.);
#10215 = DIRECTION('',(0.,-1.,0.));
#10216 = ORIENTED_EDGE('',*,*,#9508,.F.);
#10217 = ORIENTED_EDGE('',*,*,#10163,.F.);
#10218 = PLANE('',#10219);
#10219 = AXIS2_PLACEMENT_3D('',#10220,#10221,#10222);
#10220 = CARTESIAN_POINT('',(57.14544826719,163.6,218.15));
#10221 = DIRECTION('',(0.,0.,-1.));
#10222 = DIRECTION('',(-1.,0.,0.));
#10223 = ADVANCED_FACE('',(#10224),#10235,.F.);
#10224 = FACE_BOUND('',#10225,.F.);
#10225 = EDGE_LOOP('',(#10226,#10232,#10233,#10234));
#10226 = ORIENTED_EDGE('',*,*,#10227,.F.);
#10227 = EDGE_CURVE('',#10180,#10204,#10228,.T.);
#10228 = LINE('',#10229,#10230);
#10229 = CARTESIAN_POINT('',(58.790896534381,163.6,221.));
#10230 = VECTOR('',#10231,1.);
#10231 = DIRECTION('',(-0.5,0.,-0.866025403784));
#10232 = ORIENTED_EDGE('',*,*,#10189,.T.);
#10233 = ORIENTED_EDGE('',*,*,#9500,.F.);
#10234 = ORIENTED_EDGE('',*,*,#10211,.F.);
#10235 = PLANE('',#10236);
#10236 = AXIS2_PLACEMENT_3D('',#10237,#10238,#10239);
#10237 = CARTESIAN_POINT('',(58.790896534381,163.6,221.));
#10238 = DIRECTION('',(0.866025403784,-0.,-0.5));
#10239 = DIRECTION('',(-0.5,0.,-0.866025403784));
#10240 = ADVANCED_FACE('',(#10241),#10266,.F.);
#10241 = FACE_BOUND('',#10242,.F.);
#10242 = EDGE_LOOP('',(#10243,#10253,#10259,#10260));
#10243 = ORIENTED_EDGE('',*,*,#10244,.F.);
#10244 = EDGE_CURVE('',#10245,#10247,#10249,.T.);
#10245 = VERTEX_POINT('',#10246);
#10246 = CARTESIAN_POINT('',(20.209103465619,163.6,221.));
#10247 = VERTEX_POINT('',#10248);
#10248 = CARTESIAN_POINT('',(21.85455173281,163.6,223.85));
#10249 = LINE('',#10250,#10251);
#10250 = CARTESIAN_POINT('',(20.209103465619,163.6,221.));
#10251 = VECTOR('',#10252,1.);
#10252 = DIRECTION('',(0.5,0.,0.866025403784));
#10253 = ORIENTED_EDGE('',*,*,#10254,.T.);
#10254 = EDGE_CURVE('',#10245,#9527,#10255,.T.);
#10255 = LINE('',#10256,#10257);
#10256 = CARTESIAN_POINT('',(20.209103465619,163.6,221.));
#10257 = VECTOR('',#10258,1.);
#10258 = DIRECTION('',(0.,-1.,0.));
#10259 = ORIENTED_EDGE('',*,*,#9524,.F.);
#10260 = ORIENTED_EDGE('',*,*,#10261,.F.);
#10261 = EDGE_CURVE('',#10247,#9525,#10262,.T.);
#10262 = LINE('',#10263,#10264);
#10263 = CARTESIAN_POINT('',(21.85455173281,163.6,223.85));
#10264 = VECTOR('',#10265,1.);
#10265 = DIRECTION('',(0.,-1.,0.));
#10266 = PLANE('',#10267);
#10267 = AXIS2_PLACEMENT_3D('',#10268,#10269,#10270);
#10268 = CARTESIAN_POINT('',(20.209103465619,163.6,221.));
#10269 = DIRECTION('',(-0.866025403784,0.,0.5));
#10270 = DIRECTION('',(0.5,0.,0.866025403784));
#10271 = ADVANCED_FACE('',(#10272),#10290,.F.);
#10272 = FACE_BOUND('',#10273,.F.);
#10273 = EDGE_LOOP('',(#10274,#10282,#10283,#10284));
#10274 = ORIENTED_EDGE('',*,*,#10275,.F.);
#10275 = EDGE_CURVE('',#10247,#10276,#10278,.T.);
#10276 = VERTEX_POINT('',#10277);
#10277 = CARTESIAN_POINT('',(25.14544826719,163.6,223.85));
#10278 = LINE('',#10279,#10280);
#10279 = CARTESIAN_POINT('',(21.85455173281,163.6,223.85));
#10280 = VECTOR('',#10281,1.);
#10281 = DIRECTION('',(1.,0.,0.));
#10282 = ORIENTED_EDGE('',*,*,#10261,.T.);
#10283 = ORIENTED_EDGE('',*,*,#9534,.F.);
#10284 = ORIENTED_EDGE('',*,*,#10285,.F.);
#10285 = EDGE_CURVE('',#10276,#9535,#10286,.T.);
#10286 = LINE('',#10287,#10288);
#10287 = CARTESIAN_POINT('',(25.14544826719,163.6,223.85));
#10288 = VECTOR('',#10289,1.);
#10289 = DIRECTION('',(0.,-1.,0.));
#10290 = PLANE('',#10291);
#10291 = AXIS2_PLACEMENT_3D('',#10292,#10293,#10294);
#10292 = CARTESIAN_POINT('',(21.85455173281,163.6,223.85));
#10293 = DIRECTION('',(0.,0.,1.));
#10294 = DIRECTION('',(1.,0.,0.));
#10295 = ADVANCED_FACE('',(#10296),#10314,.F.);
#10296 = FACE_BOUND('',#10297,.F.);
#10297 = EDGE_LOOP('',(#10298,#10306,#10312,#10313));
#10298 = ORIENTED_EDGE('',*,*,#10299,.F.);
#10299 = EDGE_CURVE('',#10300,#10245,#10302,.T.);
#10300 = VERTEX_POINT('',#10301);
#10301 = CARTESIAN_POINT('',(21.85455173281,163.6,218.15));
#10302 = LINE('',#10303,#10304);
#10303 = CARTESIAN_POINT('',(21.85455173281,163.6,218.15));
#10304 = VECTOR('',#10305,1.);
#10305 = DIRECTION('',(-0.5,0.,0.866025403784));
#10306 = ORIENTED_EDGE('',*,*,#10307,.T.);
#10307 = EDGE_CURVE('',#10300,#9559,#10308,.T.);
#10308 = LINE('',#10309,#10310);
#10309 = CARTESIAN_POINT('',(21.85455173281,163.6,218.15));
#10310 = VECTOR('',#10311,1.);
#10311 = DIRECTION('',(0.,-1.,0.));
#10312 = ORIENTED_EDGE('',*,*,#9566,.F.);
#10313 = ORIENTED_EDGE('',*,*,#10254,.F.);
#10314 = PLANE('',#10315);
#10315 = AXIS2_PLACEMENT_3D('',#10316,#10317,#10318);
#10316 = CARTESIAN_POINT('',(21.85455173281,163.6,218.15));
#10317 = DIRECTION('',(-0.866025403784,0.,-0.5));
#10318 = DIRECTION('',(-0.5,0.,0.866025403784));
#10319 = ADVANCED_FACE('',(#10320),#10338,.F.);
#10320 = FACE_BOUND('',#10321,.F.);
#10321 = EDGE_LOOP('',(#10322,#10330,#10331,#10332));
#10322 = ORIENTED_EDGE('',*,*,#10323,.F.);
#10323 = EDGE_CURVE('',#10276,#10324,#10326,.T.);
#10324 = VERTEX_POINT('',#10325);
#10325 = CARTESIAN_POINT('',(26.790896534381,163.6,221.));
#10326 = LINE('',#10327,#10328);
#10327 = CARTESIAN_POINT('',(25.14544826719,163.6,223.85));
#10328 = VECTOR('',#10329,1.);
#10329 = DIRECTION('',(0.5,-0.,-0.866025403784));
#10330 = ORIENTED_EDGE('',*,*,#10285,.T.);
#10331 = ORIENTED_EDGE('',*,*,#9542,.F.);
#10332 = ORIENTED_EDGE('',*,*,#10333,.F.);
#10333 = EDGE_CURVE('',#10324,#9543,#10334,.T.);
#10334 = LINE('',#10335,#10336);
#10335 = CARTESIAN_POINT('',(26.790896534381,163.6,221.));
#10336 = VECTOR('',#10337,1.);
#10337 = DIRECTION('',(0.,-1.,0.));
#10338 = PLANE('',#10339);
#10339 = AXIS2_PLACEMENT_3D('',#10340,#10341,#10342);
#10340 = CARTESIAN_POINT('',(25.14544826719,163.6,223.85));
#10341 = DIRECTION('',(0.866025403784,0.,0.5));
#10342 = DIRECTION('',(0.5,-0.,-0.866025403784));
#10343 = ADVANCED_FACE('',(#10344),#10362,.F.);
#10344 = FACE_BOUND('',#10345,.F.);
#10345 = EDGE_LOOP('',(#10346,#10354,#10360,#10361));
#10346 = ORIENTED_EDGE('',*,*,#10347,.F.);
#10347 = EDGE_CURVE('',#10348,#10300,#10350,.T.);
#10348 = VERTEX_POINT('',#10349);
#10349 = CARTESIAN_POINT('',(25.14544826719,163.6,218.15));
#10350 = LINE('',#10351,#10352);
#10351 = CARTESIAN_POINT('',(25.14544826719,163.6,218.15));
#10352 = VECTOR('',#10353,1.);
#10353 = DIRECTION('',(-1.,0.,0.));
#10354 = ORIENTED_EDGE('',*,*,#10355,.T.);
#10355 = EDGE_CURVE('',#10348,#9551,#10356,.T.);
#10356 = LINE('',#10357,#10358);
#10357 = CARTESIAN_POINT('',(25.14544826719,163.6,218.15));
#10358 = VECTOR('',#10359,1.);
#10359 = DIRECTION('',(0.,-1.,0.));
#10360 = ORIENTED_EDGE('',*,*,#9558,.F.);
#10361 = ORIENTED_EDGE('',*,*,#10307,.F.);
#10362 = PLANE('',#10363);
#10363 = AXIS2_PLACEMENT_3D('',#10364,#10365,#10366);
#10364 = CARTESIAN_POINT('',(25.14544826719,163.6,218.15));
#10365 = DIRECTION('',(0.,0.,-1.));
#10366 = DIRECTION('',(-1.,0.,0.));
#10367 = ADVANCED_FACE('',(#10368),#10379,.F.);
#10368 = FACE_BOUND('',#10369,.F.);
#10369 = EDGE_LOOP('',(#10370,#10376,#10377,#10378));
#10370 = ORIENTED_EDGE('',*,*,#10371,.F.);
#10371 = EDGE_CURVE('',#10324,#10348,#10372,.T.);
#10372 = LINE('',#10373,#10374);
#10373 = CARTESIAN_POINT('',(26.790896534381,163.6,221.));
#10374 = VECTOR('',#10375,1.);
#10375 = DIRECTION('',(-0.5,0.,-0.866025403784));
#10376 = ORIENTED_EDGE('',*,*,#10333,.T.);
#10377 = ORIENTED_EDGE('',*,*,#9550,.F.);
#10378 = ORIENTED_EDGE('',*,*,#10355,.F.);
#10379 = PLANE('',#10380);
#10380 = AXIS2_PLACEMENT_3D('',#10381,#10382,#10383);
#10381 = CARTESIAN_POINT('',(26.790896534381,163.6,221.));
#10382 = DIRECTION('',(0.866025403784,-0.,-0.5));
#10383 = DIRECTION('',(-0.5,0.,-0.866025403784));
#10384 = ADVANCED_FACE('',(#10385),#10401,.T.);
#10385 = FACE_BOUND('',#10386,.T.);
#10386 = EDGE_LOOP('',(#10387,#10388,#10394,#10395));
#10387 = ORIENTED_EDGE('',*,*,#9716,.F.);
#10388 = ORIENTED_EDGE('',*,*,#10389,.T.);
#10389 = EDGE_CURVE('',#9717,#9581,#10390,.T.);
#10390 = LINE('',#10391,#10392);
#10391 = CARTESIAN_POINT('',(66.5,157.,199.));
#10392 = VECTOR('',#10393,1.);
#10393 = DIRECTION('',(0.,0.,1.));
#10394 = ORIENTED_EDGE('',*,*,#9580,.T.);
#10395 = ORIENTED_EDGE('',*,*,#10396,.T.);
#10396 = EDGE_CURVE('',#9583,#9719,#10397,.T.);
#10397 = LINE('',#10398,#10399);
#10398 = CARTESIAN_POINT('',(63.5,157.,199.));
#10399 = VECTOR('',#10400,1.);
#10400 = DIRECTION('',(0.,-0.,-1.));
#10401 = PLANE('',#10402);
#10402 = AXIS2_PLACEMENT_3D('',#10403,#10404,#10405);
#10403 = CARTESIAN_POINT('',(66.5,157.,199.));
#10404 = DIRECTION('',(0.,-1.,0.));
#10405 = DIRECTION('',(0.,0.,1.));
#10406 = ADVANCED_FACE('',(#10407),#10413,.F.);
#10407 = FACE_BOUND('',#10408,.F.);
#10408 = EDGE_LOOP('',(#10409,#10410,#10411,#10412));
#10409 = ORIENTED_EDGE('',*,*,#9700,.F.);
#10410 = ORIENTED_EDGE('',*,*,#9814,.T.);
#10411 = ORIENTED_EDGE('',*,*,#10389,.T.);
#10412 = ORIENTED_EDGE('',*,*,#9590,.F.);
#10413 = PLANE('',#10414);
#10414 = AXIS2_PLACEMENT_3D('',#10415,#10416,#10417);
#10415 = CARTESIAN_POINT('',(66.5,161.2,199.));
#10416 = DIRECTION('',(-1.,0.,0.));
#10417 = DIRECTION('',(0.,0.,1.));
#10418 = ADVANCED_FACE('',(#10419),#10430,.F.);
#10419 = FACE_BOUND('',#10420,.F.);
#10420 = EDGE_LOOP('',(#10421,#10422,#10423,#10424));
#10421 = ORIENTED_EDGE('',*,*,#9790,.F.);
#10422 = ORIENTED_EDGE('',*,*,#10084,.T.);
#10423 = ORIENTED_EDGE('',*,*,#9614,.T.);
#10424 = ORIENTED_EDGE('',*,*,#10425,.F.);
#10425 = EDGE_CURVE('',#9783,#9615,#10426,.T.);
#10426 = LINE('',#10427,#10428);
#10427 = CARTESIAN_POINT('',(12.5,161.2,199.));
#10428 = VECTOR('',#10429,1.);
#10429 = DIRECTION('',(0.,0.,1.));
#10430 = PLANE('',#10431);
#10431 = AXIS2_PLACEMENT_3D('',#10432,#10433,#10434);
#10432 = CARTESIAN_POINT('',(66.5,161.2,199.));
#10433 = DIRECTION('',(0.,-1.,0.));
#10434 = DIRECTION('',(0.,0.,1.));
#10435 = ADVANCED_FACE('',(#10436,#10447),#10458,.T.);
#10436 = FACE_BOUND('',#10437,.T.);
#10437 = EDGE_LOOP('',(#10438,#10439,#10440,#10441));
#10438 = ORIENTED_EDGE('',*,*,#9622,.F.);
#10439 = ORIENTED_EDGE('',*,*,#10425,.F.);
#10440 = ORIENTED_EDGE('',*,*,#9782,.T.);
#10441 = ORIENTED_EDGE('',*,*,#10442,.T.);
#10442 = EDGE_CURVE('',#9775,#9623,#10443,.T.);
#10443 = LINE('',#10444,#10445);
#10444 = CARTESIAN_POINT('',(12.5,134.,199.));
#10445 = VECTOR('',#10446,1.);
#10446 = DIRECTION('',(0.,0.,1.));
#10447 = FACE_BOUND('',#10448,.T.);
#10448 = EDGE_LOOP('',(#10449));
#10449 = ORIENTED_EDGE('',*,*,#10450,.F.);
#10450 = EDGE_CURVE('',#10451,#10451,#10453,.T.);
#10451 = VERTEX_POINT('',#10452);
#10452 = CARTESIAN_POINT('',(12.5,139.,206.6));
#10453 = CIRCLE('',#10454,1.6);
#10454 = AXIS2_PLACEMENT_3D('',#10455,#10456,#10457);
#10455 = CARTESIAN_POINT('',(12.5,139.,205.));
#10456 = DIRECTION('',(-1.,0.,0.));
#10457 = DIRECTION('',(0.,0.,1.));
#10458 = PLANE('',#10459);
#10459 = AXIS2_PLACEMENT_3D('',#10460,#10461,#10462);
#10460 = CARTESIAN_POINT('',(12.5,147.6,205.));
#10461 = DIRECTION('',(-1.,0.,0.));
#10462 = DIRECTION('',(0.,0.,1.));
#10463 = ADVANCED_FACE('',(#10464),#10475,.T.);
#10464 = FACE_BOUND('',#10465,.T.);
#10465 = EDGE_LOOP('',(#10466,#10467,#10473,#10474));
#10466 = ORIENTED_EDGE('',*,*,#9774,.F.);
#10467 = ORIENTED_EDGE('',*,*,#10468,.T.);
#10468 = EDGE_CURVE('',#9767,#9631,#10469,.T.);
#10469 = LINE('',#10470,#10471);
#10470 = CARTESIAN_POINT('',(15.5,134.,199.));
#10471 = VECTOR('',#10472,1.);
#10472 = DIRECTION('',(0.,0.,1.));
#10473 = ORIENTED_EDGE('',*,*,#9630,.T.);
#10474 = ORIENTED_EDGE('',*,*,#10442,.F.);
#10475 = PLANE('',#10476);
#10476 = AXIS2_PLACEMENT_3D('',#10477,#10478,#10479);
#10477 = CARTESIAN_POINT('',(15.5,134.,199.));
#10478 = DIRECTION('',(0.,-1.,0.));
#10479 = DIRECTION('',(0.,0.,1.));
#10480 = ADVANCED_FACE('',(#10481,#10492),#10503,.F.);
#10481 = FACE_BOUND('',#10482,.F.);
#10482 = EDGE_LOOP('',(#10483,#10489,#10490,#10491));
#10483 = ORIENTED_EDGE('',*,*,#10484,.T.);
#10484 = EDGE_CURVE('',#9639,#9759,#10485,.T.);
#10485 = LINE('',#10486,#10487);
#10486 = CARTESIAN_POINT('',(15.5,157.,199.));
#10487 = VECTOR('',#10488,1.);
#10488 = DIRECTION('',(0.,-0.,-1.));
#10489 = ORIENTED_EDGE('',*,*,#9766,.T.);
#10490 = ORIENTED_EDGE('',*,*,#10468,.T.);
#10491 = ORIENTED_EDGE('',*,*,#9638,.F.);
#10492 = FACE_BOUND('',#10493,.F.);
#10493 = EDGE_LOOP('',(#10494));
#10494 = ORIENTED_EDGE('',*,*,#10495,.F.);
#10495 = EDGE_CURVE('',#10496,#10496,#10498,.T.);
#10496 = VERTEX_POINT('',#10497);
#10497 = CARTESIAN_POINT('',(15.5,139.,206.6));
#10498 = CIRCLE('',#10499,1.6);
#10499 = AXIS2_PLACEMENT_3D('',#10500,#10501,#10502);
#10500 = CARTESIAN_POINT('',(15.5,139.,205.));
#10501 = DIRECTION('',(-1.,0.,0.));
#10502 = DIRECTION('',(0.,0.,1.));
#10503 = PLANE('',#10504);
#10504 = AXIS2_PLACEMENT_3D('',#10505,#10506,#10507);
#10505 = CARTESIAN_POINT('',(15.5,159.,199.));
#10506 = DIRECTION('',(-1.,0.,0.));
#10507 = DIRECTION('',(0.,0.,1.));
#10508 = ADVANCED_FACE('',(#10509,#10520),#10554,.T.);
#10509 = FACE_BOUND('',#10510,.T.);
#10510 = EDGE_LOOP('',(#10511,#10512,#10518,#10519));
#10511 = ORIENTED_EDGE('',*,*,#9758,.F.);
#10512 = ORIENTED_EDGE('',*,*,#10513,.F.);
#10513 = EDGE_CURVE('',#9647,#9751,#10514,.T.);
#10514 = LINE('',#10515,#10516);
#10515 = CARTESIAN_POINT('',(60.5,157.,199.));
#10516 = VECTOR('',#10517,1.);
#10517 = DIRECTION('',(0.,-0.,-1.));
#10518 = ORIENTED_EDGE('',*,*,#9646,.T.);
#10519 = ORIENTED_EDGE('',*,*,#10484,.T.);
#10520 = FACE_BOUND('',#10521,.T.);
#10521 = EDGE_LOOP('',(#10522,#10532,#10540,#10548));
#10522 = ORIENTED_EDGE('',*,*,#10523,.F.);
#10523 = EDGE_CURVE('',#10524,#10526,#10528,.T.);
#10524 = VERTEX_POINT('',#10525);
#10525 = CARTESIAN_POINT('',(48.5,157.,210.));
#10526 = VERTEX_POINT('',#10527);
#10527 = CARTESIAN_POINT('',(30.5,157.,210.));
#10528 = LINE('',#10529,#10530);
#10529 = CARTESIAN_POINT('',(57.5,157.,210.));
#10530 = VECTOR('',#10531,1.);
#10531 = DIRECTION('',(-1.,0.,0.));
#10532 = ORIENTED_EDGE('',*,*,#10533,.T.);
#10533 = EDGE_CURVE('',#10524,#10534,#10536,.T.);
#10534 = VERTEX_POINT('',#10535);
#10535 = CARTESIAN_POINT('',(48.5,157.,200.));
#10536 = LINE('',#10537,#10538);
#10537 = CARTESIAN_POINT('',(48.5,157.,199.5));
#10538 = VECTOR('',#10539,1.);
#10539 = DIRECTION('',(0.,-0.,-1.));
#10540 = ORIENTED_EDGE('',*,*,#10541,.T.);
#10541 = EDGE_CURVE('',#10534,#10542,#10544,.T.);
#10542 = VERTEX_POINT('',#10543);
#10543 = CARTESIAN_POINT('',(30.5,157.,200.));
#10544 = LINE('',#10545,#10546);
#10545 = CARTESIAN_POINT('',(57.5,157.,200.));
#10546 = VECTOR('',#10547,1.);
#10547 = DIRECTION('',(-1.,0.,0.));
#10548 = ORIENTED_EDGE('',*,*,#10549,.F.);
#10549 = EDGE_CURVE('',#10526,#10542,#10550,.T.);
#10550 = LINE('',#10551,#10552);
#10551 = CARTESIAN_POINT('',(30.5,157.,199.5));
#10552 = VECTOR('',#10553,1.);
#10553 = DIRECTION('',(0.,-0.,-1.));
#10554 = PLANE('',#10555);
#10555 = AXIS2_PLACEMENT_3D('',#10556,#10557,#10558);
#10556 = CARTESIAN_POINT('',(66.5,157.,199.));
#10557 = DIRECTION('',(0.,-1.,0.));
#10558 = DIRECTION('',(0.,0.,1.));
#10559 = ADVANCED_FACE('',(#10560),#10572,.T.);
#10560 = FACE_BOUND('',#10561,.T.);
#10561 = EDGE_LOOP('',(#10562,#10563,#10564,#10565));
#10562 = ORIENTED_EDGE('',*,*,#9654,.F.);
#10563 = ORIENTED_EDGE('',*,*,#10513,.T.);
#10564 = ORIENTED_EDGE('',*,*,#9750,.T.);
#10565 = ORIENTED_EDGE('',*,*,#10566,.F.);
#10566 = EDGE_CURVE('',#9655,#9743,#10567,.T.);
#10567 = CIRCLE('',#10568,14.);
#10568 = AXIS2_PLACEMENT_3D('',#10569,#10570,#10571);
#10569 = CARTESIAN_POINT('',(60.5,139.,205.));
#10570 = DIRECTION('',(-1.,0.,0.));
#10571 = DIRECTION('',(0.,0.,1.));
#10572 = PLANE('',#10573);
#10573 = AXIS2_PLACEMENT_3D('',#10574,#10575,#10576);
#10574 = CARTESIAN_POINT('',(60.5,159.,199.));
#10575 = DIRECTION('',(-1.,0.,0.));
#10576 = DIRECTION('',(0.,0.,1.));
#10577 = ADVANCED_FACE('',(#10578,#10604,#10615),#10626,.F.);
#10578 = FACE_BOUND('',#10579,.F.);
#10579 = EDGE_LOOP('',(#10580,#10589,#10596,#10597,#10603));
#10580 = ORIENTED_EDGE('',*,*,#10581,.T.);
#10581 = EDGE_CURVE('',#9743,#10582,#10584,.T.);
#10582 = VERTEX_POINT('',#10583);
#10583 = CARTESIAN_POINT('',(60.5,139.,219.));
#10584 = CIRCLE('',#10585,14.);
#10585 = AXIS2_PLACEMENT_3D('',#10586,#10587,#10588);
#10586 = CARTESIAN_POINT('',(60.5,139.,205.));
#10587 = DIRECTION('',(-1.,0.,0.));
#10588 = DIRECTION('',(0.,0.,1.));
#10589 = ORIENTED_EDGE('',*,*,#10590,.T.);
#10590 = EDGE_CURVE('',#10582,#9655,#10591,.T.);
#10591 = CIRCLE('',#10592,14.);
#10592 = AXIS2_PLACEMENT_3D('',#10593,#10594,#10595);
#10593 = CARTESIAN_POINT('',(60.5,139.,205.));
#10594 = DIRECTION('',(-1.,0.,0.));
#10595 = DIRECTION('',(0.,0.,1.));
#10596 = ORIENTED_EDGE('',*,*,#9662,.T.);
#10597 = ORIENTED_EDGE('',*,*,#10598,.F.);
#10598 = EDGE_CURVE('',#9735,#9663,#10599,.T.);
#10599 = LINE('',#10600,#10601);
#10600 = CARTESIAN_POINT('',(60.5,134.,199.));
#10601 = VECTOR('',#10602,1.);
#10602 = DIRECTION('',(0.,0.,1.));
#10603 = ORIENTED_EDGE('',*,*,#9742,.F.);
#10604 = FACE_BOUND('',#10605,.F.);
#10605 = EDGE_LOOP('',(#10606));
#10606 = ORIENTED_EDGE('',*,*,#10607,.F.);
#10607 = EDGE_CURVE('',#10608,#10608,#10610,.T.);
#10608 = VERTEX_POINT('',#10609);
#10609 = CARTESIAN_POINT('',(60.5,139.,195.1));
#10610 = CIRCLE('',#10611,1.1);
#10611 = AXIS2_PLACEMENT_3D('',#10612,#10613,#10614);
#10612 = CARTESIAN_POINT('',(60.5,139.,194.));
#10613 = DIRECTION('',(-1.,0.,0.));
#10614 = DIRECTION('',(0.,0.,1.));
#10615 = FACE_BOUND('',#10616,.F.);
#10616 = EDGE_LOOP('',(#10617));
#10617 = ORIENTED_EDGE('',*,*,#10618,.F.);
#10618 = EDGE_CURVE('',#10619,#10619,#10621,.T.);
#10619 = VERTEX_POINT('',#10620);
#10620 = CARTESIAN_POINT('',(60.5,139.,217.1));
#10621 = CIRCLE('',#10622,1.1);
#10622 = AXIS2_PLACEMENT_3D('',#10623,#10624,#10625);
#10623 = CARTESIAN_POINT('',(60.5,139.,216.));
#10624 = DIRECTION('',(-1.,0.,0.));
#10625 = DIRECTION('',(0.,0.,1.));
#10626 = PLANE('',#10627);
#10627 = AXIS2_PLACEMENT_3D('',#10628,#10629,#10630);
#10628 = CARTESIAN_POINT('',(60.5,139.,205.));
#10629 = DIRECTION('',(-1.,0.,0.));
#10630 = DIRECTION('',(0.,0.,1.));
#10631 = ADVANCED_FACE('',(#10632),#10643,.T.);
#10632 = FACE_BOUND('',#10633,.T.);
#10633 = EDGE_LOOP('',(#10634,#10635,#10641,#10642));
#10634 = ORIENTED_EDGE('',*,*,#9734,.F.);
#10635 = ORIENTED_EDGE('',*,*,#10636,.T.);
#10636 = EDGE_CURVE('',#9727,#9671,#10637,.T.);
#10637 = LINE('',#10638,#10639);
#10638 = CARTESIAN_POINT('',(63.5,134.,199.));
#10639 = VECTOR('',#10640,1.);
#10640 = DIRECTION('',(0.,0.,1.));
#10641 = ORIENTED_EDGE('',*,*,#9670,.T.);
#10642 = ORIENTED_EDGE('',*,*,#10598,.F.);
#10643 = PLANE('',#10644);
#10644 = AXIS2_PLACEMENT_3D('',#10645,#10646,#10647);
#10645 = CARTESIAN_POINT('',(63.5,134.,199.));
#10646 = DIRECTION('',(0.,-1.,0.));
#10647 = DIRECTION('',(0.,0.,1.));
#10648 = ADVANCED_FACE('',(#10649),#10655,.F.);
#10649 = FACE_BOUND('',#10650,.F.);
#10650 = EDGE_LOOP('',(#10651,#10652,#10653,#10654));
#10651 = ORIENTED_EDGE('',*,*,#10396,.T.);
#10652 = ORIENTED_EDGE('',*,*,#9726,.T.);
#10653 = ORIENTED_EDGE('',*,*,#10636,.T.);
#10654 = ORIENTED_EDGE('',*,*,#9678,.F.);
#10655 = PLANE('',#10656);
#10656 = AXIS2_PLACEMENT_3D('',#10657,#10658,#10659);
#10657 = CARTESIAN_POINT('',(63.5,159.,199.));
#10658 = DIRECTION('',(-1.,0.,0.));
#10659 = DIRECTION('',(0.,0.,1.));
#10660 = ADVANCED_FACE('',(#10661),#10686,.F.);
#10661 = FACE_BOUND('',#10662,.F.);
#10662 = EDGE_LOOP('',(#10663,#10673,#10679,#10680));
#10663 = ORIENTED_EDGE('',*,*,#10664,.F.);
#10664 = EDGE_CURVE('',#10665,#10667,#10669,.T.);
#10665 = VERTEX_POINT('',#10666);
#10666 = CARTESIAN_POINT('',(52.209103465619,163.6,189.));
#10667 = VERTEX_POINT('',#10668);
#10668 = CARTESIAN_POINT('',(53.85455173281,163.6,191.85));
#10669 = LINE('',#10670,#10671);
#10670 = CARTESIAN_POINT('',(52.209103465619,163.6,189.));
#10671 = VECTOR('',#10672,1.);
#10672 = DIRECTION('',(0.5,0.,0.866025403784));
#10673 = ORIENTED_EDGE('',*,*,#10674,.T.);
#10674 = EDGE_CURVE('',#10665,#9849,#10675,.T.);
#10675 = LINE('',#10676,#10677);
#10676 = CARTESIAN_POINT('',(52.209103465619,163.6,189.));
#10677 = VECTOR('',#10678,1.);
#10678 = DIRECTION('',(0.,-1.,0.));
#10679 = ORIENTED_EDGE('',*,*,#9846,.F.);
#10680 = ORIENTED_EDGE('',*,*,#10681,.F.);
#10681 = EDGE_CURVE('',#10667,#9847,#10682,.T.);
#10682 = LINE('',#10683,#10684);
#10683 = CARTESIAN_POINT('',(53.85455173281,163.6,191.85));
#10684 = VECTOR('',#10685,1.);
#10685 = DIRECTION('',(0.,-1.,0.));
#10686 = PLANE('',#10687);
#10687 = AXIS2_PLACEMENT_3D('',#10688,#10689,#10690);
#10688 = CARTESIAN_POINT('',(52.209103465619,163.6,189.));
#10689 = DIRECTION('',(-0.866025403784,0.,0.5));
#10690 = DIRECTION('',(0.5,0.,0.866025403784));
#10691 = ADVANCED_FACE('',(#10692),#10710,.F.);
#10692 = FACE_BOUND('',#10693,.F.);
#10693 = EDGE_LOOP('',(#10694,#10702,#10703,#10704));
#10694 = ORIENTED_EDGE('',*,*,#10695,.F.);
#10695 = EDGE_CURVE('',#10667,#10696,#10698,.T.);
#10696 = VERTEX_POINT('',#10697);
#10697 = CARTESIAN_POINT('',(57.14544826719,163.6,191.85));
#10698 = LINE('',#10699,#10700);
#10699 = CARTESIAN_POINT('',(53.85455173281,163.6,191.85));
#10700 = VECTOR('',#10701,1.);
#10701 = DIRECTION('',(1.,0.,0.));
#10702 = ORIENTED_EDGE('',*,*,#10681,.T.);
#10703 = ORIENTED_EDGE('',*,*,#9856,.F.);
#10704 = ORIENTED_EDGE('',*,*,#10705,.F.);
#10705 = EDGE_CURVE('',#10696,#9857,#10706,.T.);
#10706 = LINE('',#10707,#10708);
#10707 = CARTESIAN_POINT('',(57.14544826719,163.6,191.85));
#10708 = VECTOR('',#10709,1.);
#10709 = DIRECTION('',(0.,-1.,0.));
#10710 = PLANE('',#10711);
#10711 = AXIS2_PLACEMENT_3D('',#10712,#10713,#10714);
#10712 = CARTESIAN_POINT('',(53.85455173281,163.6,191.85));
#10713 = DIRECTION('',(0.,0.,1.));
#10714 = DIRECTION('',(1.,0.,0.));
#10715 = ADVANCED_FACE('',(#10716),#10734,.F.);
#10716 = FACE_BOUND('',#10717,.F.);
#10717 = EDGE_LOOP('',(#10718,#10726,#10732,#10733));
#10718 = ORIENTED_EDGE('',*,*,#10719,.F.);
#10719 = EDGE_CURVE('',#10720,#10665,#10722,.T.);
#10720 = VERTEX_POINT('',#10721);
#10721 = CARTESIAN_POINT('',(53.85455173281,163.6,186.15));
#10722 = LINE('',#10723,#10724);
#10723 = CARTESIAN_POINT('',(53.85455173281,163.6,186.15));
#10724 = VECTOR('',#10725,1.);
#10725 = DIRECTION('',(-0.5,0.,0.866025403784));
#10726 = ORIENTED_EDGE('',*,*,#10727,.T.);
#10727 = EDGE_CURVE('',#10720,#9881,#10728,.T.);
#10728 = LINE('',#10729,#10730);
#10729 = CARTESIAN_POINT('',(53.85455173281,163.6,186.15));
#10730 = VECTOR('',#10731,1.);
#10731 = DIRECTION('',(0.,-1.,0.));
#10732 = ORIENTED_EDGE('',*,*,#9888,.F.);
#10733 = ORIENTED_EDGE('',*,*,#10674,.F.);
#10734 = PLANE('',#10735);
#10735 = AXIS2_PLACEMENT_3D('',#10736,#10737,#10738);
#10736 = CARTESIAN_POINT('',(53.85455173281,163.6,186.15));
#10737 = DIRECTION('',(-0.866025403784,0.,-0.5));
#10738 = DIRECTION('',(-0.5,0.,0.866025403784));
#10739 = ADVANCED_FACE('',(#10740),#10758,.F.);
#10740 = FACE_BOUND('',#10741,.F.);
#10741 = EDGE_LOOP('',(#10742,#10750,#10751,#10752));
#10742 = ORIENTED_EDGE('',*,*,#10743,.F.);
#10743 = EDGE_CURVE('',#10696,#10744,#10746,.T.);
#10744 = VERTEX_POINT('',#10745);
#10745 = CARTESIAN_POINT('',(58.790896534381,163.6,189.));
#10746 = LINE('',#10747,#10748);
#10747 = CARTESIAN_POINT('',(57.14544826719,163.6,191.85));
#10748 = VECTOR('',#10749,1.);
#10749 = DIRECTION('',(0.5,-0.,-0.866025403784));
#10750 = ORIENTED_EDGE('',*,*,#10705,.T.);
#10751 = ORIENTED_EDGE('',*,*,#9864,.F.);
#10752 = ORIENTED_EDGE('',*,*,#10753,.F.);
#10753 = EDGE_CURVE('',#10744,#9865,#10754,.T.);
#10754 = LINE('',#10755,#10756);
#10755 = CARTESIAN_POINT('',(58.790896534381,163.6,189.));
#10756 = VECTOR('',#10757,1.);
#10757 = DIRECTION('',(0.,-1.,0.));
#10758 = PLANE('',#10759);
#10759 = AXIS2_PLACEMENT_3D('',#10760,#10761,#10762);
#10760 = CARTESIAN_POINT('',(57.14544826719,163.6,191.85));
#10761 = DIRECTION('',(0.866025403784,0.,0.5));
#10762 = DIRECTION('',(0.5,-0.,-0.866025403784));
#10763 = ADVANCED_FACE('',(#10764),#10782,.F.);
#10764 = FACE_BOUND('',#10765,.F.);
#10765 = EDGE_LOOP('',(#10766,#10774,#10780,#10781));
#10766 = ORIENTED_EDGE('',*,*,#10767,.F.);
#10767 = EDGE_CURVE('',#10768,#10720,#10770,.T.);
#10768 = VERTEX_POINT('',#10769);
#10769 = CARTESIAN_POINT('',(57.14544826719,163.6,186.15));
#10770 = LINE('',#10771,#10772);
#10771 = CARTESIAN_POINT('',(57.14544826719,163.6,186.15));
#10772 = VECTOR('',#10773,1.);
#10773 = DIRECTION('',(-1.,0.,0.));
#10774 = ORIENTED_EDGE('',*,*,#10775,.T.);
#10775 = EDGE_CURVE('',#10768,#9873,#10776,.T.);
#10776 = LINE('',#10777,#10778);
#10777 = CARTESIAN_POINT('',(57.14544826719,163.6,186.15));
#10778 = VECTOR('',#10779,1.);
#10779 = DIRECTION('',(0.,-1.,0.));
#10780 = ORIENTED_EDGE('',*,*,#9880,.F.);
#10781 = ORIENTED_EDGE('',*,*,#10727,.F.);
#10782 = PLANE('',#10783);
#10783 = AXIS2_PLACEMENT_3D('',#10784,#10785,#10786);
#10784 = CARTESIAN_POINT('',(57.14544826719,163.6,186.15));
#10785 = DIRECTION('',(0.,0.,-1.));
#10786 = DIRECTION('',(-1.,0.,0.));
#10787 = ADVANCED_FACE('',(#10788),#10799,.F.);
#10788 = FACE_BOUND('',#10789,.F.);
#10789 = EDGE_LOOP('',(#10790,#10796,#10797,#10798));
#10790 = ORIENTED_EDGE('',*,*,#10791,.F.);
#10791 = EDGE_CURVE('',#10744,#10768,#10792,.T.);
#10792 = LINE('',#10793,#10794);
#10793 = CARTESIAN_POINT('',(58.790896534381,163.6,189.));
#10794 = VECTOR('',#10795,1.);
#10795 = DIRECTION('',(-0.5,0.,-0.866025403784));
#10796 = ORIENTED_EDGE('',*,*,#10753,.T.);
#10797 = ORIENTED_EDGE('',*,*,#9872,.F.);
#10798 = ORIENTED_EDGE('',*,*,#10775,.F.);
#10799 = PLANE('',#10800);
#10800 = AXIS2_PLACEMENT_3D('',#10801,#10802,#10803);
#10801 = CARTESIAN_POINT('',(58.790896534381,163.6,189.));
#10802 = DIRECTION('',(0.866025403784,-0.,-0.5));
#10803 = DIRECTION('',(-0.5,0.,-0.866025403784));
#10804 = ADVANCED_FACE('',(#10805),#10830,.F.);
#10805 = FACE_BOUND('',#10806,.F.);
#10806 = EDGE_LOOP('',(#10807,#10817,#10823,#10824));
#10807 = ORIENTED_EDGE('',*,*,#10808,.F.);
#10808 = EDGE_CURVE('',#10809,#10811,#10813,.T.);
#10809 = VERTEX_POINT('',#10810);
#10810 = CARTESIAN_POINT('',(20.209103465619,163.6,189.));
#10811 = VERTEX_POINT('',#10812);
#10812 = CARTESIAN_POINT('',(21.85455173281,163.6,191.85));
#10813 = LINE('',#10814,#10815);
#10814 = CARTESIAN_POINT('',(20.209103465619,163.6,189.));
#10815 = VECTOR('',#10816,1.);
#10816 = DIRECTION('',(0.5,0.,0.866025403784));
#10817 = ORIENTED_EDGE('',*,*,#10818,.T.);
#10818 = EDGE_CURVE('',#10809,#9899,#10819,.T.);
#10819 = LINE('',#10820,#10821);
#10820 = CARTESIAN_POINT('',(20.209103465619,163.6,189.));
#10821 = VECTOR('',#10822,1.);
#10822 = DIRECTION('',(0.,-1.,0.));
#10823 = ORIENTED_EDGE('',*,*,#9896,.F.);
#10824 = ORIENTED_EDGE('',*,*,#10825,.F.);
#10825 = EDGE_CURVE('',#10811,#9897,#10826,.T.);
#10826 = LINE('',#10827,#10828);
#10827 = CARTESIAN_POINT('',(21.85455173281,163.6,191.85));
#10828 = VECTOR('',#10829,1.);
#10829 = DIRECTION('',(0.,-1.,0.));
#10830 = PLANE('',#10831);
#10831 = AXIS2_PLACEMENT_3D('',#10832,#10833,#10834);
#10832 = CARTESIAN_POINT('',(20.209103465619,163.6,189.));
#10833 = DIRECTION('',(-0.866025403784,0.,0.5));
#10834 = DIRECTION('',(0.5,0.,0.866025403784));
#10835 = ADVANCED_FACE('',(#10836),#10854,.F.);
#10836 = FACE_BOUND('',#10837,.F.);
#10837 = EDGE_LOOP('',(#10838,#10846,#10847,#10848));
#10838 = ORIENTED_EDGE('',*,*,#10839,.F.);
#10839 = EDGE_CURVE('',#10811,#10840,#10842,.T.);
#10840 = VERTEX_POINT('',#10841);
#10841 = CARTESIAN_POINT('',(25.14544826719,163.6,191.85));
#10842 = LINE('',#10843,#10844);
#10843 = CARTESIAN_POINT('',(21.85455173281,163.6,191.85));
#10844 = VECTOR('',#10845,1.);
#10845 = DIRECTION('',(1.,0.,0.));
#10846 = ORIENTED_EDGE('',*,*,#10825,.T.);
#10847 = ORIENTED_EDGE('',*,*,#9906,.F.);
#10848 = ORIENTED_EDGE('',*,*,#10849,.F.);
#10849 = EDGE_CURVE('',#10840,#9907,#10850,.T.);
#10850 = LINE('',#10851,#10852);
#10851 = CARTESIAN_POINT('',(25.14544826719,163.6,191.85));
#10852 = VECTOR('',#10853,1.);
#10853 = DIRECTION('',(0.,-1.,0.));
#10854 = PLANE('',#10855);
#10855 = AXIS2_PLACEMENT_3D('',#10856,#10857,#10858);
#10856 = CARTESIAN_POINT('',(21.85455173281,163.6,191.85));
#10857 = DIRECTION('',(0.,0.,1.));
#10858 = DIRECTION('',(1.,0.,0.));
#10859 = ADVANCED_FACE('',(#10860),#10878,.F.);
#10860 = FACE_BOUND('',#10861,.F.);
#10861 = EDGE_LOOP('',(#10862,#10870,#10876,#10877));
#10862 = ORIENTED_EDGE('',*,*,#10863,.F.);
#10863 = EDGE_CURVE('',#10864,#10809,#10866,.T.);
#10864 = VERTEX_POINT('',#10865);
#10865 = CARTESIAN_POINT('',(21.85455173281,163.6,186.15));
#10866 = LINE('',#10867,#10868);
#10867 = CARTESIAN_POINT('',(21.85455173281,163.6,186.15));
#10868 = VECTOR('',#10869,1.);
#10869 = DIRECTION('',(-0.5,0.,0.866025403784));
#10870 = ORIENTED_EDGE('',*,*,#10871,.T.);
#10871 = EDGE_CURVE('',#10864,#9931,#10872,.T.);
#10872 = LINE('',#10873,#10874);
#10873 = CARTESIAN_POINT('',(21.85455173281,163.6,186.15));
#10874 = VECTOR('',#10875,1.);
#10875 = DIRECTION('',(0.,-1.,0.));
#10876 = ORIENTED_EDGE('',*,*,#9938,.F.);
#10877 = ORIENTED_EDGE('',*,*,#10818,.F.);
#10878 = PLANE('',#10879);
#10879 = AXIS2_PLACEMENT_3D('',#10880,#10881,#10882);
#10880 = CARTESIAN_POINT('',(21.85455173281,163.6,186.15));
#10881 = DIRECTION('',(-0.866025403784,0.,-0.5));
#10882 = DIRECTION('',(-0.5,0.,0.866025403784));
#10883 = ADVANCED_FACE('',(#10884),#10902,.F.);
#10884 = FACE_BOUND('',#10885,.F.);
#10885 = EDGE_LOOP('',(#10886,#10894,#10895,#10896));
#10886 = ORIENTED_EDGE('',*,*,#10887,.F.);
#10887 = EDGE_CURVE('',#10840,#10888,#10890,.T.);
#10888 = VERTEX_POINT('',#10889);
#10889 = CARTESIAN_POINT('',(26.790896534381,163.6,189.));
#10890 = LINE('',#10891,#10892);
#10891 = CARTESIAN_POINT('',(25.14544826719,163.6,191.85));
#10892 = VECTOR('',#10893,1.);
#10893 = DIRECTION('',(0.5,-0.,-0.866025403784));
#10894 = ORIENTED_EDGE('',*,*,#10849,.T.);
#10895 = ORIENTED_EDGE('',*,*,#9914,.F.);
#10896 = ORIENTED_EDGE('',*,*,#10897,.F.);
#10897 = EDGE_CURVE('',#10888,#9915,#10898,.T.);
#10898 = LINE('',#10899,#10900);
#10899 = CARTESIAN_POINT('',(26.790896534381,163.6,189.));
#10900 = VECTOR('',#10901,1.);
#10901 = DIRECTION('',(0.,-1.,0.));
#10902 = PLANE('',#10903);
#10903 = AXIS2_PLACEMENT_3D('',#10904,#10905,#10906);
#10904 = CARTESIAN_POINT('',(25.14544826719,163.6,191.85));
#10905 = DIRECTION('',(0.866025403784,0.,0.5));
#10906 = DIRECTION('',(0.5,-0.,-0.866025403784));
#10907 = ADVANCED_FACE('',(#10908),#10926,.F.);
#10908 = FACE_BOUND('',#10909,.F.);
#10909 = EDGE_LOOP('',(#10910,#10918,#10924,#10925));
#10910 = ORIENTED_EDGE('',*,*,#10911,.F.);
#10911 = EDGE_CURVE('',#10912,#10864,#10914,.T.);
#10912 = VERTEX_POINT('',#10913);
#10913 = CARTESIAN_POINT('',(25.14544826719,163.6,186.15));
#10914 = LINE('',#10915,#10916);
#10915 = CARTESIAN_POINT('',(25.14544826719,163.6,186.15));
#10916 = VECTOR('',#10917,1.);
#10917 = DIRECTION('',(-1.,0.,0.));
#10918 = ORIENTED_EDGE('',*,*,#10919,.T.);
#10919 = EDGE_CURVE('',#10912,#9923,#10920,.T.);
#10920 = LINE('',#10921,#10922);
#10921 = CARTESIAN_POINT('',(25.14544826719,163.6,186.15));
#10922 = VECTOR('',#10923,1.);
#10923 = DIRECTION('',(0.,-1.,0.));
#10924 = ORIENTED_EDGE('',*,*,#9930,.F.);
#10925 = ORIENTED_EDGE('',*,*,#10871,.F.);
#10926 = PLANE('',#10927);
#10927 = AXIS2_PLACEMENT_3D('',#10928,#10929,#10930);
#10928 = CARTESIAN_POINT('',(25.14544826719,163.6,186.15));
#10929 = DIRECTION('',(0.,0.,-1.));
#10930 = DIRECTION('',(-1.,0.,0.));
#10931 = ADVANCED_FACE('',(#10932),#10943,.F.);
#10932 = FACE_BOUND('',#10933,.F.);
#10933 = EDGE_LOOP('',(#10934,#10940,#10941,#10942));
#10934 = ORIENTED_EDGE('',*,*,#10935,.F.);
#10935 = EDGE_CURVE('',#10888,#10912,#10936,.T.);
#10936 = LINE('',#10937,#10938);
#10937 = CARTESIAN_POINT('',(26.790896534381,163.6,189.));
#10938 = VECTOR('',#10939,1.);
#10939 = DIRECTION('',(-0.5,0.,-0.866025403784));
#10940 = ORIENTED_EDGE('',*,*,#10897,.T.);
#10941 = ORIENTED_EDGE('',*,*,#9922,.F.);
#10942 = ORIENTED_EDGE('',*,*,#10919,.F.);
#10943 = PLANE('',#10944);
#10944 = AXIS2_PLACEMENT_3D('',#10945,#10946,#10947);
#10945 = CARTESIAN_POINT('',(26.790896534381,163.6,189.));
#10946 = DIRECTION('',(0.866025403784,-0.,-0.5));
#10947 = DIRECTION('',(-0.5,0.,-0.866025403784));
#10948 = ADVANCED_FACE('',(#10949),#10968,.F.);
#10949 = FACE_BOUND('',#10950,.F.);
#10950 = EDGE_LOOP('',(#10951,#10960,#10966,#10967));
#10951 = ORIENTED_EDGE('',*,*,#10952,.F.);
#10952 = EDGE_CURVE('',#10953,#10953,#10955,.T.);
#10953 = VERTEX_POINT('',#10954);
#10954 = CARTESIAN_POINT('',(55.5,163.6,190.7));
#10955 = CIRCLE('',#10956,1.7);
#10956 = AXIS2_PLACEMENT_3D('',#10957,#10958,#10959);
#10957 = CARTESIAN_POINT('',(55.5,163.6,189.));
#10958 = DIRECTION('',(0.,-1.,0.));
#10959 = DIRECTION('',(0.,0.,1.));
#10960 = ORIENTED_EDGE('',*,*,#10961,.F.);
#10961 = EDGE_CURVE('',#9988,#10953,#10962,.T.);
#10962 = LINE('',#10963,#10964);
#10963 = CARTESIAN_POINT('',(55.5,166.,190.7));
#10964 = VECTOR('',#10965,1.);
#10965 = DIRECTION('',(0.,-1.,0.));
#10966 = ORIENTED_EDGE('',*,*,#9987,.T.);
#10967 = ORIENTED_EDGE('',*,*,#10961,.T.);
#10968 = CYLINDRICAL_SURFACE('',#10969,1.7);
#10969 = AXIS2_PLACEMENT_3D('',#10970,#10971,#10972);
#10970 = CARTESIAN_POINT('',(55.5,166.,189.));
#10971 = DIRECTION('',(0.,-1.,0.));
#10972 = DIRECTION('',(0.,0.,1.));
#10973 = ADVANCED_FACE('',(#10974),#10999,.F.);
#10974 = FACE_BOUND('',#10975,.F.);
#10975 = EDGE_LOOP('',(#10976,#10977,#10985,#10993));
#10976 = ORIENTED_EDGE('',*,*,#9998,.T.);
#10977 = ORIENTED_EDGE('',*,*,#10978,.T.);
#10978 = EDGE_CURVE('',#10001,#10979,#10981,.T.);
#10979 = VERTEX_POINT('',#10980);
#10980 = CARTESIAN_POINT('',(52.7,163.4,193.8));
#10981 = LINE('',#10982,#10983);
#10982 = CARTESIAN_POINT('',(52.7,165.1,193.8));
#10983 = VECTOR('',#10984,1.);
#10984 = DIRECTION('',(0.,-1.,0.));
#10985 = ORIENTED_EDGE('',*,*,#10986,.T.);
#10986 = EDGE_CURVE('',#10979,#10987,#10989,.T.);
#10987 = VERTEX_POINT('',#10988);
#10988 = CARTESIAN_POINT('',(26.3,163.4,193.8));
#10989 = LINE('',#10990,#10991);
#10990 = CARTESIAN_POINT('',(52.7,163.4,193.8));
#10991 = VECTOR('',#10992,1.);
#10992 = DIRECTION('',(-1.,0.,0.));
#10993 = ORIENTED_EDGE('',*,*,#10994,.F.);
#10994 = EDGE_CURVE('',#9999,#10987,#10995,.T.);
#10995 = LINE('',#10996,#10997);
#10996 = CARTESIAN_POINT('',(26.3,165.1,193.8));
#10997 = VECTOR('',#10998,1.);
#10998 = DIRECTION('',(0.,-1.,0.));
#10999 = PLANE('',#11000);
#11000 = AXIS2_PLACEMENT_3D('',#11001,#11002,#11003);
#11001 = CARTESIAN_POINT('',(52.7,165.1,193.8));
#11002 = DIRECTION('',(0.,0.,-1.));
#11003 = DIRECTION('',(-1.,0.,0.));
#11004 = ADVANCED_FACE('',(#11005),#11023,.F.);
#11005 = FACE_BOUND('',#11006,.F.);
#11006 = EDGE_LOOP('',(#11007,#11008,#11009,#11017));
#11007 = ORIENTED_EDGE('',*,*,#10008,.T.);
#11008 = ORIENTED_EDGE('',*,*,#10994,.T.);
#11009 = ORIENTED_EDGE('',*,*,#11010,.T.);
#11010 = EDGE_CURVE('',#10987,#11011,#11013,.T.);
#11011 = VERTEX_POINT('',#11012);
#11012 = CARTESIAN_POINT('',(26.3,163.4,211.2));
#11013 = LINE('',#11014,#11015);
#11014 = CARTESIAN_POINT('',(26.3,163.4,193.8));
#11015 = VECTOR('',#11016,1.);
#11016 = DIRECTION('',(0.,0.,1.));
#11017 = ORIENTED_EDGE('',*,*,#11018,.F.);
#11018 = EDGE_CURVE('',#10009,#11011,#11019,.T.);
#11019 = LINE('',#11020,#11021);
#11020 = CARTESIAN_POINT('',(26.3,165.1,211.2));
#11021 = VECTOR('',#11022,1.);
#11022 = DIRECTION('',(0.,-1.,0.));
#11023 = PLANE('',#11024);
#11024 = AXIS2_PLACEMENT_3D('',#11025,#11026,#11027);
#11025 = CARTESIAN_POINT('',(26.3,165.1,193.8));
#11026 = DIRECTION('',(-1.,0.,0.));
#11027 = DIRECTION('',(0.,0.,1.));
#11028 = ADVANCED_FACE('',(#11029),#11047,.F.);
#11029 = FACE_BOUND('',#11030,.F.);
#11030 = EDGE_LOOP('',(#11031,#11032,#11040,#11046));
#11031 = ORIENTED_EDGE('',*,*,#10032,.T.);
#11032 = ORIENTED_EDGE('',*,*,#11033,.T.);
#11033 = EDGE_CURVE('',#10025,#11034,#11036,.T.);
#11034 = VERTEX_POINT('',#11035);
#11035 = CARTESIAN_POINT('',(52.7,163.4,216.2));
#11036 = LINE('',#11037,#11038);
#11037 = CARTESIAN_POINT('',(52.7,165.1,216.2));
#11038 = VECTOR('',#11039,1.);
#11039 = DIRECTION('',(0.,-1.,0.));
#11040 = ORIENTED_EDGE('',*,*,#11041,.T.);
#11041 = EDGE_CURVE('',#11034,#10979,#11042,.T.);
#11042 = LINE('',#11043,#11044);
#11043 = CARTESIAN_POINT('',(52.7,163.4,216.2));
#11044 = VECTOR('',#11045,1.);
#11045 = DIRECTION('',(0.,0.,-1.));
#11046 = ORIENTED_EDGE('',*,*,#10978,.F.);
#11047 = PLANE('',#11048);
#11048 = AXIS2_PLACEMENT_3D('',#11049,#11050,#11051);
#11049 = CARTESIAN_POINT('',(52.7,165.1,216.2));
#11050 = DIRECTION('',(1.,0.,0.));
#11051 = DIRECTION('',(0.,0.,-1.));
#11052 = ADVANCED_FACE('',(#11053),#11071,.F.);
#11053 = FACE_BOUND('',#11054,.F.);
#11054 = EDGE_LOOP('',(#11055,#11056,#11057,#11065));
#11055 = ORIENTED_EDGE('',*,*,#10016,.T.);
#11056 = ORIENTED_EDGE('',*,*,#11018,.T.);
#11057 = ORIENTED_EDGE('',*,*,#11058,.T.);
#11058 = EDGE_CURVE('',#11011,#11059,#11061,.T.);
#11059 = VERTEX_POINT('',#11060);
#11060 = CARTESIAN_POINT('',(31.3,163.4,216.2));
#11061 = LINE('',#11062,#11063);
#11062 = CARTESIAN_POINT('',(26.3,163.4,211.2));
#11063 = VECTOR('',#11064,1.);
#11064 = DIRECTION('',(0.707106781187,0.,0.707106781187));
#11065 = ORIENTED_EDGE('',*,*,#11066,.F.);
#11066 = EDGE_CURVE('',#10017,#11059,#11067,.T.);
#11067 = LINE('',#11068,#11069);
#11068 = CARTESIAN_POINT('',(31.3,165.1,216.2));
#11069 = VECTOR('',#11070,1.);
#11070 = DIRECTION('',(0.,-1.,0.));
#11071 = PLANE('',#11072);
#11072 = AXIS2_PLACEMENT_3D('',#11073,#11074,#11075);
#11073 = CARTESIAN_POINT('',(26.3,165.1,211.2));
#11074 = DIRECTION('',(-0.707106781187,0.,0.707106781187));
#11075 = DIRECTION('',(0.707106781187,0.,0.707106781187));
#11076 = ADVANCED_FACE('',(#11077),#11088,.F.);
#11077 = FACE_BOUND('',#11078,.F.);
#11078 = EDGE_LOOP('',(#11079,#11080,#11081,#11087));
#11079 = ORIENTED_EDGE('',*,*,#10024,.T.);
#11080 = ORIENTED_EDGE('',*,*,#11066,.T.);
#11081 = ORIENTED_EDGE('',*,*,#11082,.T.);
#11082 = EDGE_CURVE('',#11059,#11034,#11083,.T.);
#11083 = LINE('',#11084,#11085);
#11084 = CARTESIAN_POINT('',(31.3,163.4,216.2));
#11085 = VECTOR('',#11086,1.);
#11086 = DIRECTION('',(1.,0.,0.));
#11087 = ORIENTED_EDGE('',*,*,#11033,.F.);
#11088 = PLANE('',#11089);
#11089 = AXIS2_PLACEMENT_3D('',#11090,#11091,#11092);
#11090 = CARTESIAN_POINT('',(31.3,165.1,216.2));
#11091 = DIRECTION('',(0.,0.,1.));
#11092 = DIRECTION('',(1.,0.,0.));
#11093 = ADVANCED_FACE('',(#11094),#11113,.F.);
#11094 = FACE_BOUND('',#11095,.F.);
#11095 = EDGE_LOOP('',(#11096,#11105,#11111,#11112));
#11096 = ORIENTED_EDGE('',*,*,#11097,.F.);
#11097 = EDGE_CURVE('',#11098,#11098,#11100,.T.);
#11098 = VERTEX_POINT('',#11099);
#11099 = CARTESIAN_POINT('',(55.5,163.6,222.7));
#11100 = CIRCLE('',#11101,1.7);
#11101 = AXIS2_PLACEMENT_3D('',#11102,#11103,#11104);
#11102 = CARTESIAN_POINT('',(55.5,163.6,221.));
#11103 = DIRECTION('',(0.,-1.,0.));
#11104 = DIRECTION('',(0.,0.,1.));
#11105 = ORIENTED_EDGE('',*,*,#11106,.F.);
#11106 = EDGE_CURVE('',#10041,#11098,#11107,.T.);
#11107 = LINE('',#11108,#11109);
#11108 = CARTESIAN_POINT('',(55.5,166.,222.7));
#11109 = VECTOR('',#11110,1.);
#11110 = DIRECTION('',(0.,-1.,0.));
#11111 = ORIENTED_EDGE('',*,*,#10040,.T.);
#11112 = ORIENTED_EDGE('',*,*,#11106,.T.);
#11113 = CYLINDRICAL_SURFACE('',#11114,1.7);
#11114 = AXIS2_PLACEMENT_3D('',#11115,#11116,#11117);
#11115 = CARTESIAN_POINT('',(55.5,166.,221.));
#11116 = DIRECTION('',(0.,-1.,0.));
#11117 = DIRECTION('',(0.,0.,1.));
#11118 = ADVANCED_FACE('',(#11119),#11138,.F.);
#11119 = FACE_BOUND('',#11120,.F.);
#11120 = EDGE_LOOP('',(#11121,#11130,#11136,#11137));
#11121 = ORIENTED_EDGE('',*,*,#11122,.F.);
#11122 = EDGE_CURVE('',#11123,#11123,#11125,.T.);
#11123 = VERTEX_POINT('',#11124);
#11124 = CARTESIAN_POINT('',(23.5,163.6,190.7));
#11125 = CIRCLE('',#11126,1.7);
#11126 = AXIS2_PLACEMENT_3D('',#11127,#11128,#11129);
#11127 = CARTESIAN_POINT('',(23.5,163.6,189.));
#11128 = DIRECTION('',(0.,-1.,0.));
#11129 = DIRECTION('',(0.,0.,1.));
#11130 = ORIENTED_EDGE('',*,*,#11131,.F.);
#11131 = EDGE_CURVE('',#10052,#11123,#11132,.T.);
#11132 = LINE('',#11133,#11134);
#11133 = CARTESIAN_POINT('',(23.5,166.,190.7));
#11134 = VECTOR('',#11135,1.);
#11135 = DIRECTION('',(0.,-1.,0.));
#11136 = ORIENTED_EDGE('',*,*,#10051,.T.);
#11137 = ORIENTED_EDGE('',*,*,#11131,.T.);
#11138 = CYLINDRICAL_SURFACE('',#11139,1.7);
#11139 = AXIS2_PLACEMENT_3D('',#11140,#11141,#11142);
#11140 = CARTESIAN_POINT('',(23.5,166.,189.));
#11141 = DIRECTION('',(0.,-1.,0.));
#11142 = DIRECTION('',(0.,0.,1.));
#11143 = ADVANCED_FACE('',(#11144),#11163,.F.);
#11144 = FACE_BOUND('',#11145,.F.);
#11145 = EDGE_LOOP('',(#11146,#11155,#11161,#11162));
#11146 = ORIENTED_EDGE('',*,*,#11147,.F.);
#11147 = EDGE_CURVE('',#11148,#11148,#11150,.T.);
#11148 = VERTEX_POINT('',#11149);
#11149 = CARTESIAN_POINT('',(23.5,163.6,222.7));
#11150 = CIRCLE('',#11151,1.7);
#11151 = AXIS2_PLACEMENT_3D('',#11152,#11153,#11154);
#11152 = CARTESIAN_POINT('',(23.5,163.6,221.));
#11153 = DIRECTION('',(0.,-1.,0.));
#11154 = DIRECTION('',(0.,0.,1.));
#11155 = ORIENTED_EDGE('',*,*,#11156,.F.);
#11156 = EDGE_CURVE('',#10063,#11148,#11157,.T.);
#11157 = LINE('',#11158,#11159);
#11158 = CARTESIAN_POINT('',(23.5,166.,222.7));
#11159 = VECTOR('',#11160,1.);
#11160 = DIRECTION('',(0.,-1.,0.));
#11161 = ORIENTED_EDGE('',*,*,#10062,.T.);
#11162 = ORIENTED_EDGE('',*,*,#11156,.T.);
#11163 = CYLINDRICAL_SURFACE('',#11164,1.7);
#11164 = AXIS2_PLACEMENT_3D('',#11165,#11166,#11167);
#11165 = CARTESIAN_POINT('',(23.5,166.,221.));
#11166 = DIRECTION('',(0.,-1.,0.));
#11167 = DIRECTION('',(0.,0.,1.));
#11168 = ADVANCED_FACE('',(#11169,#11177),#11180,.F.);
#11169 = FACE_BOUND('',#11170,.F.);
#11170 = EDGE_LOOP('',(#11171,#11172,#11173,#11174,#11175,#11176));
#11171 = ORIENTED_EDGE('',*,*,#10100,.T.);
#11172 = ORIENTED_EDGE('',*,*,#10131,.T.);
#11173 = ORIENTED_EDGE('',*,*,#10179,.T.);
#11174 = ORIENTED_EDGE('',*,*,#10227,.T.);
#11175 = ORIENTED_EDGE('',*,*,#10203,.T.);
#11176 = ORIENTED_EDGE('',*,*,#10155,.T.);
#11177 = FACE_BOUND('',#11178,.F.);
#11178 = EDGE_LOOP('',(#11179));
#11179 = ORIENTED_EDGE('',*,*,#11097,.T.);
#11180 = PLANE('',#11181);
#11181 = AXIS2_PLACEMENT_3D('',#11182,#11183,#11184);
#11182 = CARTESIAN_POINT('',(55.5,163.6,221.));
#11183 = DIRECTION('',(0.,1.,-0.));
#11184 = DIRECTION('',(0.,0.,-1.));
#11185 = ADVANCED_FACE('',(#11186,#11194),#11197,.F.);
#11186 = FACE_BOUND('',#11187,.F.);
#11187 = EDGE_LOOP('',(#11188,#11189,#11190,#11191,#11192,#11193));
#11188 = ORIENTED_EDGE('',*,*,#10244,.T.);
#11189 = ORIENTED_EDGE('',*,*,#10275,.T.);
#11190 = ORIENTED_EDGE('',*,*,#10323,.T.);
#11191 = ORIENTED_EDGE('',*,*,#10371,.T.);
#11192 = ORIENTED_EDGE('',*,*,#10347,.T.);
#11193 = ORIENTED_EDGE('',*,*,#10299,.T.);
#11194 = FACE_BOUND('',#11195,.F.);
#11195 = EDGE_LOOP('',(#11196));
#11196 = ORIENTED_EDGE('',*,*,#11147,.T.);
#11197 = PLANE('',#11198);
#11198 = AXIS2_PLACEMENT_3D('',#11199,#11200,#11201);
#11199 = CARTESIAN_POINT('',(23.5,163.6,221.));
#11200 = DIRECTION('',(0.,1.,-0.));
#11201 = DIRECTION('',(0.,0.,-1.));
#11202 = ADVANCED_FACE('',(#11203),#11214,.F.);
#11203 = FACE_BOUND('',#11204,.F.);
#11204 = EDGE_LOOP('',(#11205,#11206,#11212,#11213));
#11205 = ORIENTED_EDGE('',*,*,#10450,.F.);
#11206 = ORIENTED_EDGE('',*,*,#11207,.F.);
#11207 = EDGE_CURVE('',#10496,#10451,#11208,.T.);
#11208 = LINE('',#11209,#11210);
#11209 = CARTESIAN_POINT('',(16.5,139.,206.6));
#11210 = VECTOR('',#11211,1.);
#11211 = DIRECTION('',(-1.,0.,0.));
#11212 = ORIENTED_EDGE('',*,*,#10495,.T.);
#11213 = ORIENTED_EDGE('',*,*,#11207,.T.);
#11214 = CYLINDRICAL_SURFACE('',#11215,1.6);
#11215 = AXIS2_PLACEMENT_3D('',#11216,#11217,#11218);
#11216 = CARTESIAN_POINT('',(16.5,139.,205.));
#11217 = DIRECTION('',(-1.,0.,0.));
#11218 = DIRECTION('',(0.,0.,1.));
#11219 = ADVANCED_FACE('',(#11220),#11245,.F.);
#11220 = FACE_BOUND('',#11221,.F.);
#11221 = EDGE_LOOP('',(#11222,#11230,#11238,#11244));
#11222 = ORIENTED_EDGE('',*,*,#11223,.F.);
#11223 = EDGE_CURVE('',#11224,#10524,#11226,.T.);
#11224 = VERTEX_POINT('',#11225);
#11225 = CARTESIAN_POINT('',(48.5,161.2,210.));
#11226 = LINE('',#11227,#11228);
#11227 = CARTESIAN_POINT('',(48.5,166.,210.));
#11228 = VECTOR('',#11229,1.);
#11229 = DIRECTION('',(0.,-1.,0.));
#11230 = ORIENTED_EDGE('',*,*,#11231,.F.);
#11231 = EDGE_CURVE('',#11232,#11224,#11234,.T.);
#11232 = VERTEX_POINT('',#11233);
#11233 = CARTESIAN_POINT('',(30.5,161.2,210.));
#11234 = LINE('',#11235,#11236);
#11235 = CARTESIAN_POINT('',(57.5,161.2,210.));
#11236 = VECTOR('',#11237,1.);
#11237 = DIRECTION('',(1.,0.,0.));
#11238 = ORIENTED_EDGE('',*,*,#11239,.T.);
#11239 = EDGE_CURVE('',#11232,#10526,#11240,.T.);
#11240 = LINE('',#11241,#11242);
#11241 = CARTESIAN_POINT('',(30.5,166.,210.));
#11242 = VECTOR('',#11243,1.);
#11243 = DIRECTION('',(0.,-1.,0.));
#11244 = ORIENTED_EDGE('',*,*,#10523,.F.);
#11245 = PLANE('',#11246);
#11246 = AXIS2_PLACEMENT_3D('',#11247,#11248,#11249);
#11247 = CARTESIAN_POINT('',(48.5,166.,210.));
#11248 = DIRECTION('',(0.,0.,1.));
#11249 = DIRECTION('',(-1.,0.,0.));
#11250 = ADVANCED_FACE('',(#11251),#11269,.F.);
#11251 = FACE_BOUND('',#11252,.F.);
#11252 = EDGE_LOOP('',(#11253,#11254,#11262,#11268));
#11253 = ORIENTED_EDGE('',*,*,#11239,.F.);
#11254 = ORIENTED_EDGE('',*,*,#11255,.F.);
#11255 = EDGE_CURVE('',#11256,#11232,#11258,.T.);
#11256 = VERTEX_POINT('',#11257);
#11257 = CARTESIAN_POINT('',(30.5,161.2,200.));
#11258 = LINE('',#11259,#11260);
#11259 = CARTESIAN_POINT('',(30.5,161.2,199.5));
#11260 = VECTOR('',#11261,1.);
#11261 = DIRECTION('',(0.,0.,1.));
#11262 = ORIENTED_EDGE('',*,*,#11263,.T.);
#11263 = EDGE_CURVE('',#11256,#10542,#11264,.T.);
#11264 = LINE('',#11265,#11266);
#11265 = CARTESIAN_POINT('',(30.5,166.,200.));
#11266 = VECTOR('',#11267,1.);
#11267 = DIRECTION('',(0.,-1.,0.));
#11268 = ORIENTED_EDGE('',*,*,#10549,.F.);
#11269 = PLANE('',#11270);
#11270 = AXIS2_PLACEMENT_3D('',#11271,#11272,#11273);
#11271 = CARTESIAN_POINT('',(30.5,166.,200.));
#11272 = DIRECTION('',(-1.,0.,0.));
#11273 = DIRECTION('',(0.,0.,1.));
#11274 = ADVANCED_FACE('',(#11275),#11293,.T.);
#11275 = FACE_BOUND('',#11276,.T.);
#11276 = EDGE_LOOP('',(#11277,#11285,#11291,#11292));
#11277 = ORIENTED_EDGE('',*,*,#11278,.F.);
#11278 = EDGE_CURVE('',#11279,#10534,#11281,.T.);
#11279 = VERTEX_POINT('',#11280);
#11280 = CARTESIAN_POINT('',(48.5,161.2,200.));
#11281 = LINE('',#11282,#11283);
#11282 = CARTESIAN_POINT('',(48.5,166.,200.));
#11283 = VECTOR('',#11284,1.);
#11284 = DIRECTION('',(0.,-1.,0.));
#11285 = ORIENTED_EDGE('',*,*,#11286,.F.);
#11286 = EDGE_CURVE('',#11256,#11279,#11287,.T.);
#11287 = LINE('',#11288,#11289);
#11288 = CARTESIAN_POINT('',(57.5,161.2,200.));
#11289 = VECTOR('',#11290,1.);
#11290 = DIRECTION('',(1.,0.,0.));
#11291 = ORIENTED_EDGE('',*,*,#11263,.T.);
#11292 = ORIENTED_EDGE('',*,*,#10541,.F.);
#11293 = PLANE('',#11294);
#11294 = AXIS2_PLACEMENT_3D('',#11295,#11296,#11297);
#11295 = CARTESIAN_POINT('',(48.5,166.,200.));
#11296 = DIRECTION('',(0.,0.,1.));
#11297 = DIRECTION('',(-1.,0.,0.));
#11298 = ADVANCED_FACE('',(#11299),#11310,.T.);
#11299 = FACE_BOUND('',#11300,.T.);
#11300 = EDGE_LOOP('',(#11301,#11302,#11308,#11309));
#11301 = ORIENTED_EDGE('',*,*,#11223,.F.);
#11302 = ORIENTED_EDGE('',*,*,#11303,.F.);
#11303 = EDGE_CURVE('',#11279,#11224,#11304,.T.);
#11304 = LINE('',#11305,#11306);
#11305 = CARTESIAN_POINT('',(48.5,161.2,199.5));
#11306 = VECTOR('',#11307,1.);
#11307 = DIRECTION('',(0.,0.,1.));
#11308 = ORIENTED_EDGE('',*,*,#11278,.T.);
#11309 = ORIENTED_EDGE('',*,*,#10533,.F.);
#11310 = PLANE('',#11311);
#11311 = AXIS2_PLACEMENT_3D('',#11312,#11313,#11314);
#11312 = CARTESIAN_POINT('',(48.5,166.,200.));
#11313 = DIRECTION('',(-1.,0.,0.));
#11314 = DIRECTION('',(0.,0.,1.));
#11315 = ADVANCED_FACE('',(#11316),#11337,.T.);
#11316 = FACE_BOUND('',#11317,.T.);
#11317 = EDGE_LOOP('',(#11318,#11326,#11333,#11334,#11335,#11336));
#11318 = ORIENTED_EDGE('',*,*,#11319,.T.);
#11319 = EDGE_CURVE('',#10582,#11320,#11322,.T.);
#11320 = VERTEX_POINT('',#11321);
#11321 = CARTESIAN_POINT('',(57.5,139.,219.));
#11322 = LINE('',#11323,#11324);
#11323 = CARTESIAN_POINT('',(60.5,139.,219.));
#11324 = VECTOR('',#11325,1.);
#11325 = DIRECTION('',(-1.,0.,0.));
#11326 = ORIENTED_EDGE('',*,*,#11327,.F.);
#11327 = EDGE_CURVE('',#11320,#11320,#11328,.T.);
#11328 = CIRCLE('',#11329,14.);
#11329 = AXIS2_PLACEMENT_3D('',#11330,#11331,#11332);
#11330 = CARTESIAN_POINT('',(57.5,139.,205.));
#11331 = DIRECTION('',(-1.,0.,0.));
#11332 = DIRECTION('',(0.,0.,1.));
#11333 = ORIENTED_EDGE('',*,*,#11319,.F.);
#11334 = ORIENTED_EDGE('',*,*,#10590,.T.);
#11335 = ORIENTED_EDGE('',*,*,#10566,.T.);
#11336 = ORIENTED_EDGE('',*,*,#10581,.T.);
#11337 = CYLINDRICAL_SURFACE('',#11338,14.);
#11338 = AXIS2_PLACEMENT_3D('',#11339,#11340,#11341);
#11339 = CARTESIAN_POINT('',(60.5,139.,205.));
#11340 = DIRECTION('',(-1.,0.,0.));
#11341 = DIRECTION('',(0.,0.,1.));
#11342 = ADVANCED_FACE('',(#11343),#11362,.F.);
#11343 = FACE_BOUND('',#11344,.F.);
#11344 = EDGE_LOOP('',(#11345,#11354,#11360,#11361));
#11345 = ORIENTED_EDGE('',*,*,#11346,.F.);
#11346 = EDGE_CURVE('',#11347,#11347,#11349,.T.);
#11347 = VERTEX_POINT('',#11348);
#11348 = CARTESIAN_POINT('',(57.5,139.,195.1));
#11349 = CIRCLE('',#11350,1.1);
#11350 = AXIS2_PLACEMENT_3D('',#11351,#11352,#11353);
#11351 = CARTESIAN_POINT('',(57.5,139.,194.));
#11352 = DIRECTION('',(-1.,0.,0.));
#11353 = DIRECTION('',(0.,0.,1.));
#11354 = ORIENTED_EDGE('',*,*,#11355,.F.);
#11355 = EDGE_CURVE('',#10608,#11347,#11356,.T.);
#11356 = LINE('',#11357,#11358);
#11357 = CARTESIAN_POINT('',(61.5,139.,195.1));
#11358 = VECTOR('',#11359,1.);
#11359 = DIRECTION('',(-1.,0.,0.));
#11360 = ORIENTED_EDGE('',*,*,#10607,.T.);
#11361 = ORIENTED_EDGE('',*,*,#11355,.T.);
#11362 = CYLINDRICAL_SURFACE('',#11363,1.1);
#11363 = AXIS2_PLACEMENT_3D('',#11364,#11365,#11366);
#11364 = CARTESIAN_POINT('',(61.5,139.,194.));
#11365 = DIRECTION('',(-1.,0.,0.));
#11366 = DIRECTION('',(0.,0.,1.));
#11367 = ADVANCED_FACE('',(#11368),#11387,.F.);
#11368 = FACE_BOUND('',#11369,.F.);
#11369 = EDGE_LOOP('',(#11370,#11379,#11385,#11386));
#11370 = ORIENTED_EDGE('',*,*,#11371,.F.);
#11371 = EDGE_CURVE('',#11372,#11372,#11374,.T.);
#11372 = VERTEX_POINT('',#11373);
#11373 = CARTESIAN_POINT('',(57.5,139.,217.1));
#11374 = CIRCLE('',#11375,1.1);
#11375 = AXIS2_PLACEMENT_3D('',#11376,#11377,#11378);
#11376 = CARTESIAN_POINT('',(57.5,139.,216.));
#11377 = DIRECTION('',(-1.,0.,0.));
#11378 = DIRECTION('',(0.,0.,1.));
#11379 = ORIENTED_EDGE('',*,*,#11380,.F.);
#11380 = EDGE_CURVE('',#10619,#11372,#11381,.T.);
#11381 = LINE('',#11382,#11383);
#11382 = CARTESIAN_POINT('',(61.5,139.,217.1));
#11383 = VECTOR('',#11384,1.);
#11384 = DIRECTION('',(-1.,0.,0.));
#11385 = ORIENTED_EDGE('',*,*,#10618,.T.);
#11386 = ORIENTED_EDGE('',*,*,#11380,.T.);
#11387 = CYLINDRICAL_SURFACE('',#11388,1.1);
#11388 = AXIS2_PLACEMENT_3D('',#11389,#11390,#11391);
#11389 = CARTESIAN_POINT('',(61.5,139.,216.));
#11390 = DIRECTION('',(-1.,0.,0.));
#11391 = DIRECTION('',(0.,0.,1.));
#11392 = ADVANCED_FACE('',(#11393,#11401),#11404,.F.);
#11393 = FACE_BOUND('',#11394,.F.);
#11394 = EDGE_LOOP('',(#11395,#11396,#11397,#11398,#11399,#11400));
#11395 = ORIENTED_EDGE('',*,*,#10664,.T.);
#11396 = ORIENTED_EDGE('',*,*,#10695,.T.);
#11397 = ORIENTED_EDGE('',*,*,#10743,.T.);
#11398 = ORIENTED_EDGE('',*,*,#10791,.T.);
#11399 = ORIENTED_EDGE('',*,*,#10767,.T.);
#11400 = ORIENTED_EDGE('',*,*,#10719,.T.);
#11401 = FACE_BOUND('',#11402,.F.);
#11402 = EDGE_LOOP('',(#11403));
#11403 = ORIENTED_EDGE('',*,*,#10952,.T.);
#11404 = PLANE('',#11405);
#11405 = AXIS2_PLACEMENT_3D('',#11406,#11407,#11408);
#11406 = CARTESIAN_POINT('',(55.5,163.6,189.));
#11407 = DIRECTION('',(0.,1.,-0.));
#11408 = DIRECTION('',(0.,0.,-1.));
#11409 = ADVANCED_FACE('',(#11410,#11418),#11421,.F.);
#11410 = FACE_BOUND('',#11411,.F.);
#11411 = EDGE_LOOP('',(#11412,#11413,#11414,#11415,#11416,#11417));
#11412 = ORIENTED_EDGE('',*,*,#10808,.T.);
#11413 = ORIENTED_EDGE('',*,*,#10839,.T.);
#11414 = ORIENTED_EDGE('',*,*,#10887,.T.);
#11415 = ORIENTED_EDGE('',*,*,#10935,.T.);
#11416 = ORIENTED_EDGE('',*,*,#10911,.T.);
#11417 = ORIENTED_EDGE('',*,*,#10863,.T.);
#11418 = FACE_BOUND('',#11419,.F.);
#11419 = EDGE_LOOP('',(#11420));
#11420 = ORIENTED_EDGE('',*,*,#11122,.T.);
#11421 = PLANE('',#11422);
#11422 = AXIS2_PLACEMENT_3D('',#11423,#11424,#11425);
#11423 = CARTESIAN_POINT('',(23.5,163.6,189.));
#11424 = DIRECTION('',(0.,1.,-0.));
#11425 = DIRECTION('',(0.,0.,-1.));
#11426 = ADVANCED_FACE('',(#11427,#11434),#11468,.T.);
#11427 = FACE_BOUND('',#11428,.T.);
#11428 = EDGE_LOOP('',(#11429,#11430,#11431,#11432,#11433));
#11429 = ORIENTED_EDGE('',*,*,#10986,.T.);
#11430 = ORIENTED_EDGE('',*,*,#11010,.T.);
#11431 = ORIENTED_EDGE('',*,*,#11058,.T.);
#11432 = ORIENTED_EDGE('',*,*,#11082,.T.);
#11433 = ORIENTED_EDGE('',*,*,#11041,.T.);
#11434 = FACE_BOUND('',#11435,.T.);
#11435 = EDGE_LOOP('',(#11436,#11446,#11454,#11462));
#11436 = ORIENTED_EDGE('',*,*,#11437,.T.);
#11437 = EDGE_CURVE('',#11438,#11440,#11442,.T.);
#11438 = VERTEX_POINT('',#11439);
#11439 = CARTESIAN_POINT('',(30.5,163.4,200.));
#11440 = VERTEX_POINT('',#11441);
#11441 = CARTESIAN_POINT('',(48.5,163.4,200.));
#11442 = LINE('',#11443,#11444);
#11443 = CARTESIAN_POINT('',(44.23153628361,163.4,200.));
#11444 = VECTOR('',#11445,1.);
#11445 = DIRECTION('',(1.,0.,0.));
#11446 = ORIENTED_EDGE('',*,*,#11447,.T.);
#11447 = EDGE_CURVE('',#11440,#11448,#11450,.T.);
#11448 = VERTEX_POINT('',#11449);
#11449 = CARTESIAN_POINT('',(48.5,163.4,210.));
#11450 = LINE('',#11451,#11452);
#11451 = CARTESIAN_POINT('',(48.5,163.4,202.29940170257));
#11452 = VECTOR('',#11453,1.);
#11453 = DIRECTION('',(0.,0.,1.));
#11454 = ORIENTED_EDGE('',*,*,#11455,.F.);
#11455 = EDGE_CURVE('',#11456,#11448,#11458,.T.);
#11456 = VERTEX_POINT('',#11457);
#11457 = CARTESIAN_POINT('',(30.5,163.4,210.));
#11458 = LINE('',#11459,#11460);
#11459 = CARTESIAN_POINT('',(44.23153628361,163.4,210.));
#11460 = VECTOR('',#11461,1.);
#11461 = DIRECTION('',(1.,0.,0.));
#11462 = ORIENTED_EDGE('',*,*,#11463,.F.);
#11463 = EDGE_CURVE('',#11438,#11456,#11464,.T.);
#11464 = LINE('',#11465,#11466);
#11465 = CARTESIAN_POINT('',(30.5,163.4,202.29940170257));
#11466 = VECTOR('',#11467,1.);
#11467 = DIRECTION('',(0.,0.,1.));
#11468 = PLANE('',#11469);
#11469 = AXIS2_PLACEMENT_3D('',#11470,#11471,#11472);
#11470 = CARTESIAN_POINT('',(39.963072567219,163.4,204.59880340515));
#11471 = DIRECTION('',(0.,1.,-0.));
#11472 = DIRECTION('',(0.,0.,-1.));
#11473 = ADVANCED_FACE('',(#11474),#11490,.F.);
#11474 = FACE_BOUND('',#11475,.F.);
#11475 = EDGE_LOOP('',(#11476,#11482,#11483,#11489));
#11476 = ORIENTED_EDGE('',*,*,#11477,.F.);
#11477 = EDGE_CURVE('',#11448,#11224,#11478,.T.);
#11478 = LINE('',#11479,#11480);
#11479 = CARTESIAN_POINT('',(48.5,166.,210.));
#11480 = VECTOR('',#11481,1.);
#11481 = DIRECTION('',(0.,-1.,0.));
#11482 = ORIENTED_EDGE('',*,*,#11455,.F.);
#11483 = ORIENTED_EDGE('',*,*,#11484,.T.);
#11484 = EDGE_CURVE('',#11456,#11232,#11485,.T.);
#11485 = LINE('',#11486,#11487);
#11486 = CARTESIAN_POINT('',(30.5,166.,210.));
#11487 = VECTOR('',#11488,1.);
#11488 = DIRECTION('',(0.,-1.,0.));
#11489 = ORIENTED_EDGE('',*,*,#11231,.T.);
#11490 = PLANE('',#11491);
#11491 = AXIS2_PLACEMENT_3D('',#11492,#11493,#11494);
#11492 = CARTESIAN_POINT('',(48.5,166.,210.));
#11493 = DIRECTION('',(0.,0.,1.));
#11494 = DIRECTION('',(-1.,0.,0.));
#11495 = ADVANCED_FACE('',(#11496),#11507,.F.);
#11496 = FACE_BOUND('',#11497,.F.);
#11497 = EDGE_LOOP('',(#11498,#11499,#11500,#11506));
#11498 = ORIENTED_EDGE('',*,*,#11484,.F.);
#11499 = ORIENTED_EDGE('',*,*,#11463,.F.);
#11500 = ORIENTED_EDGE('',*,*,#11501,.T.);
#11501 = EDGE_CURVE('',#11438,#11256,#11502,.T.);
#11502 = LINE('',#11503,#11504);
#11503 = CARTESIAN_POINT('',(30.5,166.,200.));
#11504 = VECTOR('',#11505,1.);
#11505 = DIRECTION('',(0.,-1.,0.));
#11506 = ORIENTED_EDGE('',*,*,#11255,.T.);
#11507 = PLANE('',#11508);
#11508 = AXIS2_PLACEMENT_3D('',#11509,#11510,#11511);
#11509 = CARTESIAN_POINT('',(30.5,166.,200.));
#11510 = DIRECTION('',(-1.,0.,0.));
#11511 = DIRECTION('',(0.,0.,1.));
#11512 = ADVANCED_FACE('',(#11513),#11524,.T.);
#11513 = FACE_BOUND('',#11514,.T.);
#11514 = EDGE_LOOP('',(#11515,#11521,#11522,#11523));
#11515 = ORIENTED_EDGE('',*,*,#11516,.F.);
#11516 = EDGE_CURVE('',#11440,#11279,#11517,.T.);
#11517 = LINE('',#11518,#11519);
#11518 = CARTESIAN_POINT('',(48.5,166.,200.));
#11519 = VECTOR('',#11520,1.);
#11520 = DIRECTION('',(0.,-1.,0.));
#11521 = ORIENTED_EDGE('',*,*,#11437,.F.);
#11522 = ORIENTED_EDGE('',*,*,#11501,.T.);
#11523 = ORIENTED_EDGE('',*,*,#11286,.T.);
#11524 = PLANE('',#11525);
#11525 = AXIS2_PLACEMENT_3D('',#11526,#11527,#11528);
#11526 = CARTESIAN_POINT('',(48.5,166.,200.));
#11527 = DIRECTION('',(0.,0.,1.));
#11528 = DIRECTION('',(-1.,0.,0.));
#11529 = ADVANCED_FACE('',(#11530),#11536,.T.);
#11530 = FACE_BOUND('',#11531,.T.);
#11531 = EDGE_LOOP('',(#11532,#11533,#11534,#11535));
#11532 = ORIENTED_EDGE('',*,*,#11477,.F.);
#11533 = ORIENTED_EDGE('',*,*,#11447,.F.);
#11534 = ORIENTED_EDGE('',*,*,#11516,.T.);
#11535 = ORIENTED_EDGE('',*,*,#11303,.T.);
#11536 = PLANE('',#11537);
#11537 = AXIS2_PLACEMENT_3D('',#11538,#11539,#11540);
#11538 = CARTESIAN_POINT('',(48.5,166.,200.));
#11539 = DIRECTION('',(-1.,0.,0.));
#11540 = DIRECTION('',(0.,0.,1.));
#11541 = ADVANCED_FACE('',(#11542,#11545,#11548,#11559),#11562,.T.);
#11542 = FACE_BOUND('',#11543,.T.);
#11543 = EDGE_LOOP('',(#11544));
#11544 = ORIENTED_EDGE('',*,*,#11327,.T.);
#11545 = FACE_BOUND('',#11546,.T.);
#11546 = EDGE_LOOP('',(#11547));
#11547 = ORIENTED_EDGE('',*,*,#11346,.F.);
#11548 = FACE_BOUND('',#11549,.T.);
#11549 = EDGE_LOOP('',(#11550));
#11550 = ORIENTED_EDGE('',*,*,#11551,.F.);
#11551 = EDGE_CURVE('',#11552,#11552,#11554,.T.);
#11552 = VERTEX_POINT('',#11553);
#11553 = CARTESIAN_POINT('',(57.5,139.,208.));
#11554 = CIRCLE('',#11555,3.);
#11555 = AXIS2_PLACEMENT_3D('',#11556,#11557,#11558);
#11556 = CARTESIAN_POINT('',(57.5,139.,205.));
#11557 = DIRECTION('',(-1.,0.,0.));
#11558 = DIRECTION('',(0.,0.,1.));
#11559 = FACE_BOUND('',#11560,.T.);
#11560 = EDGE_LOOP('',(#11561));
#11561 = ORIENTED_EDGE('',*,*,#11371,.F.);
#11562 = PLANE('',#11563);
#11563 = AXIS2_PLACEMENT_3D('',#11564,#11565,#11566);
#11564 = CARTESIAN_POINT('',(57.5,139.,205.));
#11565 = DIRECTION('',(-1.,0.,0.));
#11566 = DIRECTION('',(0.,0.,1.));
#11567 = ADVANCED_FACE('',(#11568),#11587,.F.);
#11568 = FACE_BOUND('',#11569,.F.);
#11569 = EDGE_LOOP('',(#11570,#11571,#11579,#11586));
#11570 = ORIENTED_EDGE('',*,*,#11551,.F.);
#11571 = ORIENTED_EDGE('',*,*,#11572,.F.);
#11572 = EDGE_CURVE('',#11573,#11552,#11575,.T.);
#11573 = VERTEX_POINT('',#11574);
#11574 = CARTESIAN_POINT('',(60.5,139.,208.));
#11575 = LINE('',#11576,#11577);
#11576 = CARTESIAN_POINT('',(61.5,139.,208.));
#11577 = VECTOR('',#11578,1.);
#11578 = DIRECTION('',(-1.,0.,0.));
#11579 = ORIENTED_EDGE('',*,*,#11580,.T.);
#11580 = EDGE_CURVE('',#11573,#11573,#11581,.T.);
#11581 = CIRCLE('',#11582,3.);
#11582 = AXIS2_PLACEMENT_3D('',#11583,#11584,#11585);
#11583 = CARTESIAN_POINT('',(60.5,139.,205.));
#11584 = DIRECTION('',(-1.,0.,0.));
#11585 = DIRECTION('',(0.,0.,1.));
#11586 = ORIENTED_EDGE('',*,*,#11572,.T.);
#11587 = CYLINDRICAL_SURFACE('',#11588,3.);
#11588 = AXIS2_PLACEMENT_3D('',#11589,#11590,#11591);
#11589 = CARTESIAN_POINT('',(61.5,139.,205.));
#11590 = DIRECTION('',(-1.,0.,0.));
#11591 = DIRECTION('',(0.,0.,1.));
#11592 = ADVANCED_FACE('',(#11593),#11596,.T.);
#11593 = FACE_BOUND('',#11594,.T.);
#11594 = EDGE_LOOP('',(#11595));
#11595 = ORIENTED_EDGE('',*,*,#11580,.T.);
#11596 = PLANE('',#11597);
#11597 = AXIS2_PLACEMENT_3D('',#11598,#11599,#11600);
#11598 = CARTESIAN_POINT('',(60.5,159.,199.));
#11599 = DIRECTION('',(-1.,0.,0.));
#11600 = DIRECTION('',(0.,0.,1.));
#11601 = MANIFOLD_SOLID_BREP('',#11602);
#11602 = CLOSED_SHELL('',(#11603,#11723,#11754,#11855,#11903,#11928,
    #11969,#12017,#12042,#12083,#12114,#12138,#12248,#12265,#12348,
    #12388,#12412,#12445,#12463,#12481,#12506,#12531,#12600,#12625,
    #12892,#12909,#12978,#12995,#13012,#13043,#13067,#13091,#13115,
    #13132,#13225,#13318,#13405,#13435,#13452,#13477,#13507,#13524,
    #13549,#13561,#13585,#13602,#13626,#13638,#13650,#13667,#13679,
    #13691,#13722,#13746,#13770,#13787,#13804,#13828,#13845,#13857,
    #13881,#13898,#13910,#13922,#13939,#13951,#13998,#14020,#14037,
    #14054));
#11603 = ADVANCED_FACE('',(#11604),#11718,.F.);
#11604 = FACE_BOUND('',#11605,.F.);
#11605 = EDGE_LOOP('',(#11606,#11616,#11624,#11632,#11640,#11648,#11656,
    #11664,#11672,#11680,#11688,#11696,#11704,#11712));
#11606 = ORIENTED_EDGE('',*,*,#11607,.F.);
#11607 = EDGE_CURVE('',#11608,#11610,#11612,.T.);
#11608 = VERTEX_POINT('',#11609);
#11609 = CARTESIAN_POINT('',(61.5,168.,183.));
#11610 = VERTEX_POINT('',#11611);
#11611 = CARTESIAN_POINT('',(61.5,168.,184.));
#11612 = LINE('',#11613,#11614);
#11613 = CARTESIAN_POINT('',(61.5,168.,183.));
#11614 = VECTOR('',#11615,1.);
#11615 = DIRECTION('',(0.,0.,1.));
#11616 = ORIENTED_EDGE('',*,*,#11617,.T.);
#11617 = EDGE_CURVE('',#11608,#11618,#11620,.T.);
#11618 = VERTEX_POINT('',#11619);
#11619 = CARTESIAN_POINT('',(61.5,165.,183.));
#11620 = LINE('',#11621,#11622);
#11621 = CARTESIAN_POINT('',(61.5,168.,183.));
#11622 = VECTOR('',#11623,1.);
#11623 = DIRECTION('',(0.,-1.,0.));
#11624 = ORIENTED_EDGE('',*,*,#11625,.T.);
#11625 = EDGE_CURVE('',#11618,#11626,#11628,.T.);
#11626 = VERTEX_POINT('',#11627);
#11627 = CARTESIAN_POINT('',(61.5,165.,227.));
#11628 = LINE('',#11629,#11630);
#11629 = CARTESIAN_POINT('',(61.5,165.,183.));
#11630 = VECTOR('',#11631,1.);
#11631 = DIRECTION('',(0.,0.,1.));
#11632 = ORIENTED_EDGE('',*,*,#11633,.F.);
#11633 = EDGE_CURVE('',#11634,#11626,#11636,.T.);
#11634 = VERTEX_POINT('',#11635);
#11635 = CARTESIAN_POINT('',(61.5,168.,227.));
#11636 = LINE('',#11637,#11638);
#11637 = CARTESIAN_POINT('',(61.5,168.,227.));
#11638 = VECTOR('',#11639,1.);
#11639 = DIRECTION('',(0.,-1.,0.));
#11640 = ORIENTED_EDGE('',*,*,#11641,.F.);
#11641 = EDGE_CURVE('',#11642,#11634,#11644,.T.);
#11642 = VERTEX_POINT('',#11643);
#11643 = CARTESIAN_POINT('',(61.5,168.,226.));
#11644 = LINE('',#11645,#11646);
#11645 = CARTESIAN_POINT('',(61.5,168.,183.));
#11646 = VECTOR('',#11647,1.);
#11647 = DIRECTION('',(0.,0.,1.));
#11648 = ORIENTED_EDGE('',*,*,#11649,.F.);
#11649 = EDGE_CURVE('',#11650,#11642,#11652,.T.);
#11650 = VERTEX_POINT('',#11651);
#11651 = CARTESIAN_POINT('',(61.5,168.,222.2));
#11652 = LINE('',#11653,#11654);
#11653 = CARTESIAN_POINT('',(61.5,168.,183.));
#11654 = VECTOR('',#11655,1.);
#11655 = DIRECTION('',(0.,0.,1.));
#11656 = ORIENTED_EDGE('',*,*,#11657,.F.);
#11657 = EDGE_CURVE('',#11658,#11650,#11660,.T.);
#11658 = VERTEX_POINT('',#11659);
#11659 = CARTESIAN_POINT('',(61.5,167.,222.2));
#11660 = LINE('',#11661,#11662);
#11661 = CARTESIAN_POINT('',(61.5,170.,222.2));
#11662 = VECTOR('',#11663,1.);
#11663 = DIRECTION('',(0.,1.,0.));
#11664 = ORIENTED_EDGE('',*,*,#11665,.F.);
#11665 = EDGE_CURVE('',#11666,#11658,#11668,.T.);
#11666 = VERTEX_POINT('',#11667);
#11667 = CARTESIAN_POINT('',(61.5,167.,219.8));
#11668 = LINE('',#11669,#11670);
#11669 = CARTESIAN_POINT('',(61.5,167.,202.));
#11670 = VECTOR('',#11671,1.);
#11671 = DIRECTION('',(0.,0.,1.));
#11672 = ORIENTED_EDGE('',*,*,#11673,.T.);
#11673 = EDGE_CURVE('',#11666,#11674,#11676,.T.);
#11674 = VERTEX_POINT('',#11675);
#11675 = CARTESIAN_POINT('',(61.5,168.,219.8));
#11676 = LINE('',#11677,#11678);
#11677 = CARTESIAN_POINT('',(61.5,170.,219.8));
#11678 = VECTOR('',#11679,1.);
#11679 = DIRECTION('',(0.,1.,0.));
#11680 = ORIENTED_EDGE('',*,*,#11681,.F.);
#11681 = EDGE_CURVE('',#11682,#11674,#11684,.T.);
#11682 = VERTEX_POINT('',#11683);
#11683 = CARTESIAN_POINT('',(61.5,168.,190.2));
#11684 = LINE('',#11685,#11686);
#11685 = CARTESIAN_POINT('',(61.5,168.,183.));
#11686 = VECTOR('',#11687,1.);
#11687 = DIRECTION('',(0.,0.,1.));
#11688 = ORIENTED_EDGE('',*,*,#11689,.F.);
#11689 = EDGE_CURVE('',#11690,#11682,#11692,.T.);
#11690 = VERTEX_POINT('',#11691);
#11691 = CARTESIAN_POINT('',(61.5,167.,190.2));
#11692 = LINE('',#11693,#11694);
#11693 = CARTESIAN_POINT('',(61.5,170.,190.2));
#11694 = VECTOR('',#11695,1.);
#11695 = DIRECTION('',(0.,1.,0.));
#11696 = ORIENTED_EDGE('',*,*,#11697,.F.);
#11697 = EDGE_CURVE('',#11698,#11690,#11700,.T.);
#11698 = VERTEX_POINT('',#11699);
#11699 = CARTESIAN_POINT('',(61.5,167.,187.8));
#11700 = LINE('',#11701,#11702);
#11701 = CARTESIAN_POINT('',(61.5,167.,186.));
#11702 = VECTOR('',#11703,1.);
#11703 = DIRECTION('',(0.,0.,1.));
#11704 = ORIENTED_EDGE('',*,*,#11705,.T.);
#11705 = EDGE_CURVE('',#11698,#11706,#11708,.T.);
#11706 = VERTEX_POINT('',#11707);
#11707 = CARTESIAN_POINT('',(61.5,168.,187.8));
#11708 = LINE('',#11709,#11710);
#11709 = CARTESIAN_POINT('',(61.5,170.,187.8));
#11710 = VECTOR('',#11711,1.);
#11711 = DIRECTION('',(0.,1.,0.));
#11712 = ORIENTED_EDGE('',*,*,#11713,.F.);
#11713 = EDGE_CURVE('',#11610,#11706,#11714,.T.);
#11714 = LINE('',#11715,#11716);
#11715 = CARTESIAN_POINT('',(61.5,168.,183.));
#11716 = VECTOR('',#11717,1.);
#11717 = DIRECTION('',(0.,0.,1.));
#11718 = PLANE('',#11719);
#11719 = AXIS2_PLACEMENT_3D('',#11720,#11721,#11722);
#11720 = CARTESIAN_POINT('',(61.5,168.,183.));
#11721 = DIRECTION('',(-1.,0.,0.));
#11722 = DIRECTION('',(0.,0.,1.));
#11723 = ADVANCED_FACE('',(#11724),#11749,.F.);
#11724 = FACE_BOUND('',#11725,.F.);
#11725 = EDGE_LOOP('',(#11726,#11736,#11742,#11743));
#11726 = ORIENTED_EDGE('',*,*,#11727,.F.);
#11727 = EDGE_CURVE('',#11728,#11730,#11732,.T.);
#11728 = VERTEX_POINT('',#11729);
#11729 = CARTESIAN_POINT('',(17.5,168.,183.));
#11730 = VERTEX_POINT('',#11731);
#11731 = CARTESIAN_POINT('',(17.5,168.,184.));
#11732 = LINE('',#11733,#11734);
#11733 = CARTESIAN_POINT('',(17.5,168.,183.));
#11734 = VECTOR('',#11735,1.);
#11735 = DIRECTION('',(0.,0.,1.));
#11736 = ORIENTED_EDGE('',*,*,#11737,.F.);
#11737 = EDGE_CURVE('',#11608,#11728,#11738,.T.);
#11738 = LINE('',#11739,#11740);
#11739 = CARTESIAN_POINT('',(61.5,168.,183.));
#11740 = VECTOR('',#11741,1.);
#11741 = DIRECTION('',(-1.,0.,0.));
#11742 = ORIENTED_EDGE('',*,*,#11607,.T.);
#11743 = ORIENTED_EDGE('',*,*,#11744,.T.);
#11744 = EDGE_CURVE('',#11610,#11730,#11745,.T.);
#11745 = LINE('',#11746,#11747);
#11746 = CARTESIAN_POINT('',(74.5,168.,184.));
#11747 = VECTOR('',#11748,1.);
#11748 = DIRECTION('',(-1.,0.,0.));
#11749 = PLANE('',#11750);
#11750 = AXIS2_PLACEMENT_3D('',#11751,#11752,#11753);
#11751 = CARTESIAN_POINT('',(61.5,168.,183.));
#11752 = DIRECTION('',(0.,-1.,0.));
#11753 = DIRECTION('',(0.,0.,1.));
#11754 = ADVANCED_FACE('',(#11755,#11828,#11839),#11850,.T.);
#11755 = FACE_BOUND('',#11756,.T.);
#11756 = EDGE_LOOP('',(#11757,#11765,#11773,#11779,#11780,#11788,#11797,
    #11803,#11804,#11812,#11821,#11827));
#11757 = ORIENTED_EDGE('',*,*,#11758,.F.);
#11758 = EDGE_CURVE('',#11759,#11610,#11761,.T.);
#11759 = VERTEX_POINT('',#11760);
#11760 = CARTESIAN_POINT('',(74.5,168.,184.));
#11761 = LINE('',#11762,#11763);
#11762 = CARTESIAN_POINT('',(74.5,168.,184.));
#11763 = VECTOR('',#11764,1.);
#11764 = DIRECTION('',(-1.,0.,0.));
#11765 = ORIENTED_EDGE('',*,*,#11766,.T.);
#11766 = EDGE_CURVE('',#11759,#11767,#11769,.T.);
#11767 = VERTEX_POINT('',#11768);
#11768 = CARTESIAN_POINT('',(74.5,168.,226.));
#11769 = LINE('',#11770,#11771);
#11770 = CARTESIAN_POINT('',(74.5,168.,184.));
#11771 = VECTOR('',#11772,1.);
#11772 = DIRECTION('',(0.,0.,1.));
#11773 = ORIENTED_EDGE('',*,*,#11774,.T.);
#11774 = EDGE_CURVE('',#11767,#11642,#11775,.T.);
#11775 = LINE('',#11776,#11777);
#11776 = CARTESIAN_POINT('',(74.5,168.,226.));
#11777 = VECTOR('',#11778,1.);
#11778 = DIRECTION('',(-1.,0.,0.));
#11779 = ORIENTED_EDGE('',*,*,#11649,.F.);
#11780 = ORIENTED_EDGE('',*,*,#11781,.F.);
#11781 = EDGE_CURVE('',#11782,#11650,#11784,.T.);
#11782 = VERTEX_POINT('',#11783);
#11783 = CARTESIAN_POINT('',(69.5,168.,222.2));
#11784 = LINE('',#11785,#11786);
#11785 = CARTESIAN_POINT('',(72.,168.,222.2));
#11786 = VECTOR('',#11787,1.);
#11787 = DIRECTION('',(-1.,0.,0.));
#11788 = ORIENTED_EDGE('',*,*,#11789,.F.);
#11789 = EDGE_CURVE('',#11790,#11782,#11792,.T.);
#11790 = VERTEX_POINT('',#11791);
#11791 = CARTESIAN_POINT('',(69.5,168.,219.8));
#11792 = CIRCLE('',#11793,1.2);
#11793 = AXIS2_PLACEMENT_3D('',#11794,#11795,#11796);
#11794 = CARTESIAN_POINT('',(69.5,168.,221.));
#11795 = DIRECTION('',(0.,-1.,0.));
#11796 = DIRECTION('',(0.,0.,1.));
#11797 = ORIENTED_EDGE('',*,*,#11798,.T.);
#11798 = EDGE_CURVE('',#11790,#11674,#11799,.T.);
#11799 = LINE('',#11800,#11801);
#11800 = CARTESIAN_POINT('',(72.,168.,219.8));
#11801 = VECTOR('',#11802,1.);
#11802 = DIRECTION('',(-1.,0.,0.));
#11803 = ORIENTED_EDGE('',*,*,#11681,.F.);
#11804 = ORIENTED_EDGE('',*,*,#11805,.F.);
#11805 = EDGE_CURVE('',#11806,#11682,#11808,.T.);
#11806 = VERTEX_POINT('',#11807);
#11807 = CARTESIAN_POINT('',(69.5,168.,190.2));
#11808 = LINE('',#11809,#11810);
#11809 = CARTESIAN_POINT('',(72.,168.,190.2));
#11810 = VECTOR('',#11811,1.);
#11811 = DIRECTION('',(-1.,0.,0.));
#11812 = ORIENTED_EDGE('',*,*,#11813,.F.);
#11813 = EDGE_CURVE('',#11814,#11806,#11816,.T.);
#11814 = VERTEX_POINT('',#11815);
#11815 = CARTESIAN_POINT('',(69.5,168.,187.8));
#11816 = CIRCLE('',#11817,1.2);
#11817 = AXIS2_PLACEMENT_3D('',#11818,#11819,#11820);
#11818 = CARTESIAN_POINT('',(69.5,168.,189.));
#11819 = DIRECTION('',(0.,-1.,0.));
#11820 = DIRECTION('',(0.,0.,1.));
#11821 = ORIENTED_EDGE('',*,*,#11822,.T.);
#11822 = EDGE_CURVE('',#11814,#11706,#11823,.T.);
#11823 = LINE('',#11824,#11825);
#11824 = CARTESIAN_POINT('',(72.,168.,187.8));
#11825 = VECTOR('',#11826,1.);
#11826 = DIRECTION('',(-1.,0.,0.));
#11827 = ORIENTED_EDGE('',*,*,#11713,.F.);
#11828 = FACE_BOUND('',#11829,.T.);
#11829 = EDGE_LOOP('',(#11830));
#11830 = ORIENTED_EDGE('',*,*,#11831,.F.);
#11831 = EDGE_CURVE('',#11832,#11832,#11834,.T.);
#11832 = VERTEX_POINT('',#11833);
#11833 = CARTESIAN_POINT('',(71.5,168.,188.2));
#11834 = CIRCLE('',#11835,1.2);
#11835 = AXIS2_PLACEMENT_3D('',#11836,#11837,#11838);
#11836 = CARTESIAN_POINT('',(71.5,168.,187.));
#11837 = DIRECTION('',(0.,-1.,0.));
#11838 = DIRECTION('',(0.,0.,1.));
#11839 = FACE_BOUND('',#11840,.T.);
#11840 = EDGE_LOOP('',(#11841));
#11841 = ORIENTED_EDGE('',*,*,#11842,.F.);
#11842 = EDGE_CURVE('',#11843,#11843,#11845,.T.);
#11843 = VERTEX_POINT('',#11844);
#11844 = CARTESIAN_POINT('',(71.5,168.,224.2));
#11845 = CIRCLE('',#11846,1.2);
#11846 = AXIS2_PLACEMENT_3D('',#11847,#11848,#11849);
#11847 = CARTESIAN_POINT('',(71.5,168.,223.));
#11848 = DIRECTION('',(0.,-1.,0.));
#11849 = DIRECTION('',(0.,0.,1.));
#11850 = PLANE('',#11851);
#11851 = AXIS2_PLACEMENT_3D('',#11852,#11853,#11854);
#11852 = CARTESIAN_POINT('',(74.5,168.,184.));
#11853 = DIRECTION('',(0.,-1.,0.));
#11854 = DIRECTION('',(0.,0.,1.));
#11855 = ADVANCED_FACE('',(#11856),#11898,.T.);
#11856 = FACE_BOUND('',#11857,.T.);
#11857 = EDGE_LOOP('',(#11858,#11866,#11874,#11882,#11890,#11896,#11897)
  );
#11858 = ORIENTED_EDGE('',*,*,#11859,.F.);
#11859 = EDGE_CURVE('',#11860,#11814,#11862,.T.);
#11860 = VERTEX_POINT('',#11861);
#11861 = CARTESIAN_POINT('',(69.5,171.,187.8));
#11862 = LINE('',#11863,#11864);
#11863 = CARTESIAN_POINT('',(69.5,172.,187.8));
#11864 = VECTOR('',#11865,1.);
#11865 = DIRECTION('',(0.,-1.,0.));
#11866 = ORIENTED_EDGE('',*,*,#11867,.T.);
#11867 = EDGE_CURVE('',#11860,#11868,#11870,.T.);
#11868 = VERTEX_POINT('',#11869);
#11869 = CARTESIAN_POINT('',(56.704159457878,171.,187.8));
#11870 = LINE('',#11871,#11872);
#11871 = CARTESIAN_POINT('',(72.,171.,187.8));
#11872 = VECTOR('',#11873,1.);
#11873 = DIRECTION('',(-1.,0.,0.));
#11874 = ORIENTED_EDGE('',*,*,#11875,.T.);
#11875 = EDGE_CURVE('',#11868,#11876,#11878,.T.);
#11876 = VERTEX_POINT('',#11877);
#11877 = CARTESIAN_POINT('',(56.704159457879,168.,187.8));
#11878 = LINE('',#11879,#11880);
#11879 = CARTESIAN_POINT('',(56.704159457879,173.,187.8));
#11880 = VECTOR('',#11881,1.);
#11881 = DIRECTION('',(0.,-1.,0.));
#11882 = ORIENTED_EDGE('',*,*,#11883,.T.);
#11883 = EDGE_CURVE('',#11876,#11884,#11886,.T.);
#11884 = VERTEX_POINT('',#11885);
#11885 = CARTESIAN_POINT('',(56.704159457878,167.,187.8));
#11886 = LINE('',#11887,#11888);
#11887 = CARTESIAN_POINT('',(56.704159457879,169.,187.8));
#11888 = VECTOR('',#11889,1.);
#11889 = DIRECTION('',(0.,-1.,0.));
#11890 = ORIENTED_EDGE('',*,*,#11891,.F.);
#11891 = EDGE_CURVE('',#11698,#11884,#11892,.T.);
#11892 = LINE('',#11893,#11894);
#11893 = CARTESIAN_POINT('',(69.5,167.,187.8));
#11894 = VECTOR('',#11895,1.);
#11895 = DIRECTION('',(-1.,0.,0.));
#11896 = ORIENTED_EDGE('',*,*,#11705,.T.);
#11897 = ORIENTED_EDGE('',*,*,#11822,.F.);
#11898 = PLANE('',#11899);
#11899 = AXIS2_PLACEMENT_3D('',#11900,#11901,#11902);
#11900 = CARTESIAN_POINT('',(69.5,172.,187.8));
#11901 = DIRECTION('',(0.,0.,1.));
#11902 = DIRECTION('',(-1.,0.,0.));
#11903 = ADVANCED_FACE('',(#11904),#11923,.F.);
#11904 = FACE_BOUND('',#11905,.F.);
#11905 = EDGE_LOOP('',(#11906,#11907,#11908,#11916));
#11906 = ORIENTED_EDGE('',*,*,#11891,.F.);
#11907 = ORIENTED_EDGE('',*,*,#11697,.T.);
#11908 = ORIENTED_EDGE('',*,*,#11909,.T.);
#11909 = EDGE_CURVE('',#11690,#11910,#11912,.T.);
#11910 = VERTEX_POINT('',#11911);
#11911 = CARTESIAN_POINT('',(56.704159457881,167.,190.2));
#11912 = LINE('',#11913,#11914);
#11913 = CARTESIAN_POINT('',(69.5,167.,190.2));
#11914 = VECTOR('',#11915,1.);
#11915 = DIRECTION('',(-1.,0.,0.));
#11916 = ORIENTED_EDGE('',*,*,#11917,.F.);
#11917 = EDGE_CURVE('',#11884,#11910,#11918,.T.);
#11918 = CIRCLE('',#11919,1.7);
#11919 = AXIS2_PLACEMENT_3D('',#11920,#11921,#11922);
#11920 = CARTESIAN_POINT('',(55.5,167.,189.));
#11921 = DIRECTION('',(0.,-1.,0.));
#11922 = DIRECTION('',(0.,0.,1.));
#11923 = PLANE('',#11924);
#11924 = AXIS2_PLACEMENT_3D('',#11925,#11926,#11927);
#11925 = CARTESIAN_POINT('',(39.5,167.,189.));
#11926 = DIRECTION('',(0.,-1.,0.));
#11927 = DIRECTION('',(0.,0.,1.));
#11928 = ADVANCED_FACE('',(#11929),#11964,.F.);
#11929 = FACE_BOUND('',#11930,.F.);
#11930 = EDGE_LOOP('',(#11931,#11939,#11947,#11955,#11961,#11962,#11963)
  );
#11931 = ORIENTED_EDGE('',*,*,#11932,.F.);
#11932 = EDGE_CURVE('',#11933,#11806,#11935,.T.);
#11933 = VERTEX_POINT('',#11934);
#11934 = CARTESIAN_POINT('',(69.5,171.,190.2));
#11935 = LINE('',#11936,#11937);
#11936 = CARTESIAN_POINT('',(69.5,172.,190.2));
#11937 = VECTOR('',#11938,1.);
#11938 = DIRECTION('',(0.,-1.,0.));
#11939 = ORIENTED_EDGE('',*,*,#11940,.T.);
#11940 = EDGE_CURVE('',#11933,#11941,#11943,.T.);
#11941 = VERTEX_POINT('',#11942);
#11942 = CARTESIAN_POINT('',(56.704159457881,171.,190.2));
#11943 = LINE('',#11944,#11945);
#11944 = CARTESIAN_POINT('',(72.,171.,190.2));
#11945 = VECTOR('',#11946,1.);
#11946 = DIRECTION('',(-1.,0.,0.));
#11947 = ORIENTED_EDGE('',*,*,#11948,.T.);
#11948 = EDGE_CURVE('',#11941,#11949,#11951,.T.);
#11949 = VERTEX_POINT('',#11950);
#11950 = CARTESIAN_POINT('',(56.704159457879,168.,190.2));
#11951 = LINE('',#11952,#11953);
#11952 = CARTESIAN_POINT('',(56.704159457879,173.,190.2));
#11953 = VECTOR('',#11954,1.);
#11954 = DIRECTION('',(0.,-1.,0.));
#11955 = ORIENTED_EDGE('',*,*,#11956,.T.);
#11956 = EDGE_CURVE('',#11949,#11910,#11957,.T.);
#11957 = LINE('',#11958,#11959);
#11958 = CARTESIAN_POINT('',(56.704159457879,169.,190.2));
#11959 = VECTOR('',#11960,1.);
#11960 = DIRECTION('',(0.,-1.,0.));
#11961 = ORIENTED_EDGE('',*,*,#11909,.F.);
#11962 = ORIENTED_EDGE('',*,*,#11689,.T.);
#11963 = ORIENTED_EDGE('',*,*,#11805,.F.);
#11964 = PLANE('',#11965);
#11965 = AXIS2_PLACEMENT_3D('',#11966,#11967,#11968);
#11966 = CARTESIAN_POINT('',(69.5,172.,190.2));
#11967 = DIRECTION('',(0.,0.,1.));
#11968 = DIRECTION('',(-1.,0.,0.));
#11969 = ADVANCED_FACE('',(#11970),#12012,.T.);
#11970 = FACE_BOUND('',#11971,.T.);
#11971 = EDGE_LOOP('',(#11972,#11980,#11988,#11996,#12004,#12010,#12011)
  );
#11972 = ORIENTED_EDGE('',*,*,#11973,.F.);
#11973 = EDGE_CURVE('',#11974,#11790,#11976,.T.);
#11974 = VERTEX_POINT('',#11975);
#11975 = CARTESIAN_POINT('',(69.5,171.,219.8));
#11976 = LINE('',#11977,#11978);
#11977 = CARTESIAN_POINT('',(69.5,172.,219.8));
#11978 = VECTOR('',#11979,1.);
#11979 = DIRECTION('',(0.,-1.,0.));
#11980 = ORIENTED_EDGE('',*,*,#11981,.T.);
#11981 = EDGE_CURVE('',#11974,#11982,#11984,.T.);
#11982 = VERTEX_POINT('',#11983);
#11983 = CARTESIAN_POINT('',(56.704159457878,171.,219.8));
#11984 = LINE('',#11985,#11986);
#11985 = CARTESIAN_POINT('',(72.,171.,219.8));
#11986 = VECTOR('',#11987,1.);
#11987 = DIRECTION('',(-1.,0.,0.));
#11988 = ORIENTED_EDGE('',*,*,#11989,.T.);
#11989 = EDGE_CURVE('',#11982,#11990,#11992,.T.);
#11990 = VERTEX_POINT('',#11991);
#11991 = CARTESIAN_POINT('',(56.704159457879,168.,219.8));
#11992 = LINE('',#11993,#11994);
#11993 = CARTESIAN_POINT('',(56.704159457879,173.,219.8));
#11994 = VECTOR('',#11995,1.);
#11995 = DIRECTION('',(0.,-1.,0.));
#11996 = ORIENTED_EDGE('',*,*,#11997,.T.);
#11997 = EDGE_CURVE('',#11990,#11998,#12000,.T.);
#11998 = VERTEX_POINT('',#11999);
#11999 = CARTESIAN_POINT('',(56.704159457878,167.,219.8));
#12000 = LINE('',#12001,#12002);
#12001 = CARTESIAN_POINT('',(56.704159457879,169.,219.8));
#12002 = VECTOR('',#12003,1.);
#12003 = DIRECTION('',(0.,-1.,0.));
#12004 = ORIENTED_EDGE('',*,*,#12005,.F.);
#12005 = EDGE_CURVE('',#11666,#11998,#12006,.T.);
#12006 = LINE('',#12007,#12008);
#12007 = CARTESIAN_POINT('',(69.5,167.,219.8));
#12008 = VECTOR('',#12009,1.);
#12009 = DIRECTION('',(-1.,0.,0.));
#12010 = ORIENTED_EDGE('',*,*,#11673,.T.);
#12011 = ORIENTED_EDGE('',*,*,#11798,.F.);
#12012 = PLANE('',#12013);
#12013 = AXIS2_PLACEMENT_3D('',#12014,#12015,#12016);
#12014 = CARTESIAN_POINT('',(69.5,172.,219.8));
#12015 = DIRECTION('',(0.,0.,1.));
#12016 = DIRECTION('',(-1.,0.,0.));
#12017 = ADVANCED_FACE('',(#12018),#12037,.F.);
#12018 = FACE_BOUND('',#12019,.F.);
#12019 = EDGE_LOOP('',(#12020,#12021,#12022,#12030));
#12020 = ORIENTED_EDGE('',*,*,#12005,.F.);
#12021 = ORIENTED_EDGE('',*,*,#11665,.T.);
#12022 = ORIENTED_EDGE('',*,*,#12023,.T.);
#12023 = EDGE_CURVE('',#11658,#12024,#12026,.T.);
#12024 = VERTEX_POINT('',#12025);
#12025 = CARTESIAN_POINT('',(56.704159457884,167.,222.2));
#12026 = LINE('',#12027,#12028);
#12027 = CARTESIAN_POINT('',(69.5,167.,222.2));
#12028 = VECTOR('',#12029,1.);
#12029 = DIRECTION('',(-1.,0.,0.));
#12030 = ORIENTED_EDGE('',*,*,#12031,.F.);
#12031 = EDGE_CURVE('',#11998,#12024,#12032,.T.);
#12032 = CIRCLE('',#12033,1.7);
#12033 = AXIS2_PLACEMENT_3D('',#12034,#12035,#12036);
#12034 = CARTESIAN_POINT('',(55.5,167.,221.));
#12035 = DIRECTION('',(0.,-1.,0.));
#12036 = DIRECTION('',(0.,0.,1.));
#12037 = PLANE('',#12038);
#12038 = AXIS2_PLACEMENT_3D('',#12039,#12040,#12041);
#12039 = CARTESIAN_POINT('',(39.5,167.,221.));
#12040 = DIRECTION('',(0.,-1.,0.));
#12041 = DIRECTION('',(0.,0.,1.));
#12042 = ADVANCED_FACE('',(#12043),#12078,.F.);
#12043 = FACE_BOUND('',#12044,.F.);
#12044 = EDGE_LOOP('',(#12045,#12053,#12061,#12069,#12075,#12076,#12077)
  );
#12045 = ORIENTED_EDGE('',*,*,#12046,.F.);
#12046 = EDGE_CURVE('',#12047,#11782,#12049,.T.);
#12047 = VERTEX_POINT('',#12048);
#12048 = CARTESIAN_POINT('',(69.5,171.,222.2));
#12049 = LINE('',#12050,#12051);
#12050 = CARTESIAN_POINT('',(69.5,172.,222.2));
#12051 = VECTOR('',#12052,1.);
#12052 = DIRECTION('',(0.,-1.,0.));
#12053 = ORIENTED_EDGE('',*,*,#12054,.T.);
#12054 = EDGE_CURVE('',#12047,#12055,#12057,.T.);
#12055 = VERTEX_POINT('',#12056);
#12056 = CARTESIAN_POINT('',(56.704159457884,171.,222.2));
#12057 = LINE('',#12058,#12059);
#12058 = CARTESIAN_POINT('',(72.,171.,222.2));
#12059 = VECTOR('',#12060,1.);
#12060 = DIRECTION('',(-1.,0.,0.));
#12061 = ORIENTED_EDGE('',*,*,#12062,.T.);
#12062 = EDGE_CURVE('',#12055,#12063,#12065,.T.);
#12063 = VERTEX_POINT('',#12064);
#12064 = CARTESIAN_POINT('',(56.704159457879,168.,222.2));
#12065 = LINE('',#12066,#12067);
#12066 = CARTESIAN_POINT('',(56.704159457879,173.,222.2));
#12067 = VECTOR('',#12068,1.);
#12068 = DIRECTION('',(0.,-1.,0.));
#12069 = ORIENTED_EDGE('',*,*,#12070,.T.);
#12070 = EDGE_CURVE('',#12063,#12024,#12071,.T.);
#12071 = LINE('',#12072,#12073);
#12072 = CARTESIAN_POINT('',(56.704159457879,169.,222.2));
#12073 = VECTOR('',#12074,1.);
#12074 = DIRECTION('',(0.,-1.,0.));
#12075 = ORIENTED_EDGE('',*,*,#12023,.F.);
#12076 = ORIENTED_EDGE('',*,*,#11657,.T.);
#12077 = ORIENTED_EDGE('',*,*,#11781,.F.);
#12078 = PLANE('',#12079);
#12079 = AXIS2_PLACEMENT_3D('',#12080,#12081,#12082);
#12080 = CARTESIAN_POINT('',(69.5,172.,222.2));
#12081 = DIRECTION('',(0.,0.,1.));
#12082 = DIRECTION('',(-1.,0.,0.));
#12083 = ADVANCED_FACE('',(#12084),#12109,.F.);
#12084 = FACE_BOUND('',#12085,.F.);
#12085 = EDGE_LOOP('',(#12086,#12096,#12102,#12103));
#12086 = ORIENTED_EDGE('',*,*,#12087,.F.);
#12087 = EDGE_CURVE('',#12088,#12090,#12092,.T.);
#12088 = VERTEX_POINT('',#12089);
#12089 = CARTESIAN_POINT('',(17.5,168.,226.));
#12090 = VERTEX_POINT('',#12091);
#12091 = CARTESIAN_POINT('',(17.5,168.,227.));
#12092 = LINE('',#12093,#12094);
#12093 = CARTESIAN_POINT('',(17.5,168.,183.));
#12094 = VECTOR('',#12095,1.);
#12095 = DIRECTION('',(0.,0.,1.));
#12096 = ORIENTED_EDGE('',*,*,#12097,.F.);
#12097 = EDGE_CURVE('',#11642,#12088,#12098,.T.);
#12098 = LINE('',#12099,#12100);
#12099 = CARTESIAN_POINT('',(74.5,168.,226.));
#12100 = VECTOR('',#12101,1.);
#12101 = DIRECTION('',(-1.,0.,0.));
#12102 = ORIENTED_EDGE('',*,*,#11641,.T.);
#12103 = ORIENTED_EDGE('',*,*,#12104,.T.);
#12104 = EDGE_CURVE('',#11634,#12090,#12105,.T.);
#12105 = LINE('',#12106,#12107);
#12106 = CARTESIAN_POINT('',(61.5,168.,227.));
#12107 = VECTOR('',#12108,1.);
#12108 = DIRECTION('',(-1.,0.,0.));
#12109 = PLANE('',#12110);
#12110 = AXIS2_PLACEMENT_3D('',#12111,#12112,#12113);
#12111 = CARTESIAN_POINT('',(61.5,168.,183.));
#12112 = DIRECTION('',(0.,-1.,0.));
#12113 = DIRECTION('',(0.,0.,1.));
#12114 = ADVANCED_FACE('',(#12115),#12133,.T.);
#12115 = FACE_BOUND('',#12116,.T.);
#12116 = EDGE_LOOP('',(#12117,#12118,#12119,#12127));
#12117 = ORIENTED_EDGE('',*,*,#11633,.F.);
#12118 = ORIENTED_EDGE('',*,*,#12104,.T.);
#12119 = ORIENTED_EDGE('',*,*,#12120,.T.);
#12120 = EDGE_CURVE('',#12090,#12121,#12123,.T.);
#12121 = VERTEX_POINT('',#12122);
#12122 = CARTESIAN_POINT('',(17.5,165.,227.));
#12123 = LINE('',#12124,#12125);
#12124 = CARTESIAN_POINT('',(17.5,168.,227.));
#12125 = VECTOR('',#12126,1.);
#12126 = DIRECTION('',(0.,-1.,0.));
#12127 = ORIENTED_EDGE('',*,*,#12128,.F.);
#12128 = EDGE_CURVE('',#11626,#12121,#12129,.T.);
#12129 = LINE('',#12130,#12131);
#12130 = CARTESIAN_POINT('',(61.5,165.,227.));
#12131 = VECTOR('',#12132,1.);
#12132 = DIRECTION('',(-1.,0.,0.));
#12133 = PLANE('',#12134);
#12134 = AXIS2_PLACEMENT_3D('',#12135,#12136,#12137);
#12135 = CARTESIAN_POINT('',(61.5,168.,227.));
#12136 = DIRECTION('',(0.,0.,1.));
#12137 = DIRECTION('',(-1.,0.,0.));
#12138 = ADVANCED_FACE('',(#12139,#12157,#12168,#12210,#12221,#12232),
  #12243,.T.);
#12139 = FACE_BOUND('',#12140,.T.);
#12140 = EDGE_LOOP('',(#12141,#12149,#12150,#12151));
#12141 = ORIENTED_EDGE('',*,*,#12142,.F.);
#12142 = EDGE_CURVE('',#11618,#12143,#12145,.T.);
#12143 = VERTEX_POINT('',#12144);
#12144 = CARTESIAN_POINT('',(17.5,165.,183.));
#12145 = LINE('',#12146,#12147);
#12146 = CARTESIAN_POINT('',(61.5,165.,183.));
#12147 = VECTOR('',#12148,1.);
#12148 = DIRECTION('',(-1.,0.,0.));
#12149 = ORIENTED_EDGE('',*,*,#11625,.T.);
#12150 = ORIENTED_EDGE('',*,*,#12128,.T.);
#12151 = ORIENTED_EDGE('',*,*,#12152,.F.);
#12152 = EDGE_CURVE('',#12143,#12121,#12153,.T.);
#12153 = LINE('',#12154,#12155);
#12154 = CARTESIAN_POINT('',(17.5,165.,183.));
#12155 = VECTOR('',#12156,1.);
#12156 = DIRECTION('',(0.,0.,1.));
#12157 = FACE_BOUND('',#12158,.T.);
#12158 = EDGE_LOOP('',(#12159));
#12159 = ORIENTED_EDGE('',*,*,#12160,.F.);
#12160 = EDGE_CURVE('',#12161,#12161,#12163,.T.);
#12161 = VERTEX_POINT('',#12162);
#12162 = CARTESIAN_POINT('',(55.5,165.,190.7));
#12163 = CIRCLE('',#12164,1.7);
#12164 = AXIS2_PLACEMENT_3D('',#12165,#12166,#12167);
#12165 = CARTESIAN_POINT('',(55.5,165.,189.));
#12166 = DIRECTION('',(0.,-1.,0.));
#12167 = DIRECTION('',(0.,0.,1.));
#12168 = FACE_BOUND('',#12169,.T.);
#12169 = EDGE_LOOP('',(#12170,#12180,#12188,#12196,#12204));
#12170 = ORIENTED_EDGE('',*,*,#12171,.T.);
#12171 = EDGE_CURVE('',#12172,#12174,#12176,.T.);
#12172 = VERTEX_POINT('',#12173);
#12173 = CARTESIAN_POINT('',(52.5,165.,216.));
#12174 = VERTEX_POINT('',#12175);
#12175 = CARTESIAN_POINT('',(52.5,165.,194.));
#12176 = LINE('',#12177,#12178);
#12177 = CARTESIAN_POINT('',(52.5,165.,216.));
#12178 = VECTOR('',#12179,1.);
#12179 = DIRECTION('',(0.,0.,-1.));
#12180 = ORIENTED_EDGE('',*,*,#12181,.T.);
#12181 = EDGE_CURVE('',#12174,#12182,#12184,.T.);
#12182 = VERTEX_POINT('',#12183);
#12183 = CARTESIAN_POINT('',(26.5,165.,194.));
#12184 = LINE('',#12185,#12186);
#12185 = CARTESIAN_POINT('',(52.5,165.,194.));
#12186 = VECTOR('',#12187,1.);
#12187 = DIRECTION('',(-1.,0.,0.));
#12188 = ORIENTED_EDGE('',*,*,#12189,.T.);
#12189 = EDGE_CURVE('',#12182,#12190,#12192,.T.);
#12190 = VERTEX_POINT('',#12191);
#12191 = CARTESIAN_POINT('',(26.5,165.,211.));
#12192 = LINE('',#12193,#12194);
#12193 = CARTESIAN_POINT('',(26.5,165.,194.));
#12194 = VECTOR('',#12195,1.);
#12195 = DIRECTION('',(0.,0.,1.));
#12196 = ORIENTED_EDGE('',*,*,#12197,.T.);
#12197 = EDGE_CURVE('',#12190,#12198,#12200,.T.);
#12198 = VERTEX_POINT('',#12199);
#12199 = CARTESIAN_POINT('',(31.5,165.,216.));
#12200 = LINE('',#12201,#12202);
#12201 = CARTESIAN_POINT('',(26.5,165.,211.));
#12202 = VECTOR('',#12203,1.);
#12203 = DIRECTION('',(0.707106781187,0.,0.707106781187));
#12204 = ORIENTED_EDGE('',*,*,#12205,.T.);
#12205 = EDGE_CURVE('',#12198,#12172,#12206,.T.);
#12206 = LINE('',#12207,#12208);
#12207 = CARTESIAN_POINT('',(31.5,165.,216.));
#12208 = VECTOR('',#12209,1.);
#12209 = DIRECTION('',(1.,0.,0.));
#12210 = FACE_BOUND('',#12211,.T.);
#12211 = EDGE_LOOP('',(#12212));
#12212 = ORIENTED_EDGE('',*,*,#12213,.F.);
#12213 = EDGE_CURVE('',#12214,#12214,#12216,.T.);
#12214 = VERTEX_POINT('',#12215);
#12215 = CARTESIAN_POINT('',(55.5,165.,222.7));
#12216 = CIRCLE('',#12217,1.7);
#12217 = AXIS2_PLACEMENT_3D('',#12218,#12219,#12220);
#12218 = CARTESIAN_POINT('',(55.5,165.,221.));
#12219 = DIRECTION('',(0.,-1.,0.));
#12220 = DIRECTION('',(0.,0.,1.));
#12221 = FACE_BOUND('',#12222,.T.);
#12222 = EDGE_LOOP('',(#12223));
#12223 = ORIENTED_EDGE('',*,*,#12224,.F.);
#12224 = EDGE_CURVE('',#12225,#12225,#12227,.T.);
#12225 = VERTEX_POINT('',#12226);
#12226 = CARTESIAN_POINT('',(23.5,165.,190.7));
#12227 = CIRCLE('',#12228,1.7);
#12228 = AXIS2_PLACEMENT_3D('',#12229,#12230,#12231);
#12229 = CARTESIAN_POINT('',(23.5,165.,189.));
#12230 = DIRECTION('',(0.,-1.,0.));
#12231 = DIRECTION('',(0.,0.,1.));
#12232 = FACE_BOUND('',#12233,.T.);
#12233 = EDGE_LOOP('',(#12234));
#12234 = ORIENTED_EDGE('',*,*,#12235,.F.);
#12235 = EDGE_CURVE('',#12236,#12236,#12238,.T.);
#12236 = VERTEX_POINT('',#12237);
#12237 = CARTESIAN_POINT('',(23.5,165.,222.7));
#12238 = CIRCLE('',#12239,1.7);
#12239 = AXIS2_PLACEMENT_3D('',#12240,#12241,#12242);
#12240 = CARTESIAN_POINT('',(23.5,165.,221.));
#12241 = DIRECTION('',(0.,-1.,0.));
#12242 = DIRECTION('',(0.,0.,1.));
#12243 = PLANE('',#12244);
#12244 = AXIS2_PLACEMENT_3D('',#12245,#12246,#12247);
#12245 = CARTESIAN_POINT('',(61.5,165.,183.));
#12246 = DIRECTION('',(0.,-1.,0.));
#12247 = DIRECTION('',(0.,0.,1.));
#12248 = ADVANCED_FACE('',(#12249),#12260,.F.);
#12249 = FACE_BOUND('',#12250,.F.);
#12250 = EDGE_LOOP('',(#12251,#12252,#12253,#12259));
#12251 = ORIENTED_EDGE('',*,*,#11617,.F.);
#12252 = ORIENTED_EDGE('',*,*,#11737,.T.);
#12253 = ORIENTED_EDGE('',*,*,#12254,.T.);
#12254 = EDGE_CURVE('',#11728,#12143,#12255,.T.);
#12255 = LINE('',#12256,#12257);
#12256 = CARTESIAN_POINT('',(17.5,168.,183.));
#12257 = VECTOR('',#12258,1.);
#12258 = DIRECTION('',(0.,-1.,0.));
#12259 = ORIENTED_EDGE('',*,*,#12142,.F.);
#12260 = PLANE('',#12261);
#12261 = AXIS2_PLACEMENT_3D('',#12262,#12263,#12264);
#12262 = CARTESIAN_POINT('',(61.5,168.,183.));
#12263 = DIRECTION('',(0.,0.,1.));
#12264 = DIRECTION('',(-1.,0.,0.));
#12265 = ADVANCED_FACE('',(#12266),#12343,.T.);
#12266 = FACE_BOUND('',#12267,.T.);
#12267 = EDGE_LOOP('',(#12268,#12269,#12270,#12271,#12272,#12273,#12281,
    #12289,#12297,#12305,#12313,#12321,#12329,#12337));
#12268 = ORIENTED_EDGE('',*,*,#11727,.F.);
#12269 = ORIENTED_EDGE('',*,*,#12254,.T.);
#12270 = ORIENTED_EDGE('',*,*,#12152,.T.);
#12271 = ORIENTED_EDGE('',*,*,#12120,.F.);
#12272 = ORIENTED_EDGE('',*,*,#12087,.F.);
#12273 = ORIENTED_EDGE('',*,*,#12274,.F.);
#12274 = EDGE_CURVE('',#12275,#12088,#12277,.T.);
#12275 = VERTEX_POINT('',#12276);
#12276 = CARTESIAN_POINT('',(17.5,168.,222.2));
#12277 = LINE('',#12278,#12279);
#12278 = CARTESIAN_POINT('',(17.5,168.,183.));
#12279 = VECTOR('',#12280,1.);
#12280 = DIRECTION('',(0.,0.,1.));
#12281 = ORIENTED_EDGE('',*,*,#12282,.F.);
#12282 = EDGE_CURVE('',#12283,#12275,#12285,.T.);
#12283 = VERTEX_POINT('',#12284);
#12284 = CARTESIAN_POINT('',(17.5,167.,222.2));
#12285 = LINE('',#12286,#12287);
#12286 = CARTESIAN_POINT('',(17.5,170.,222.2));
#12287 = VECTOR('',#12288,1.);
#12288 = DIRECTION('',(0.,1.,0.));
#12289 = ORIENTED_EDGE('',*,*,#12290,.F.);
#12290 = EDGE_CURVE('',#12291,#12283,#12293,.T.);
#12291 = VERTEX_POINT('',#12292);
#12292 = CARTESIAN_POINT('',(17.5,167.,219.8));
#12293 = LINE('',#12294,#12295);
#12294 = CARTESIAN_POINT('',(17.5,167.,202.));
#12295 = VECTOR('',#12296,1.);
#12296 = DIRECTION('',(0.,0.,1.));
#12297 = ORIENTED_EDGE('',*,*,#12298,.T.);
#12298 = EDGE_CURVE('',#12291,#12299,#12301,.T.);
#12299 = VERTEX_POINT('',#12300);
#12300 = CARTESIAN_POINT('',(17.5,168.,219.8));
#12301 = LINE('',#12302,#12303);
#12302 = CARTESIAN_POINT('',(17.5,170.,219.8));
#12303 = VECTOR('',#12304,1.);
#12304 = DIRECTION('',(0.,1.,0.));
#12305 = ORIENTED_EDGE('',*,*,#12306,.F.);
#12306 = EDGE_CURVE('',#12307,#12299,#12309,.T.);
#12307 = VERTEX_POINT('',#12308);
#12308 = CARTESIAN_POINT('',(17.5,168.,190.2));
#12309 = LINE('',#12310,#12311);
#12310 = CARTESIAN_POINT('',(17.5,168.,183.));
#12311 = VECTOR('',#12312,1.);
#12312 = DIRECTION('',(0.,0.,1.));
#12313 = ORIENTED_EDGE('',*,*,#12314,.F.);
#12314 = EDGE_CURVE('',#12315,#12307,#12317,.T.);
#12315 = VERTEX_POINT('',#12316);
#12316 = CARTESIAN_POINT('',(17.5,167.,190.2));
#12317 = LINE('',#12318,#12319);
#12318 = CARTESIAN_POINT('',(17.5,170.,190.2));
#12319 = VECTOR('',#12320,1.);
#12320 = DIRECTION('',(0.,1.,0.));
#12321 = ORIENTED_EDGE('',*,*,#12322,.F.);
#12322 = EDGE_CURVE('',#12323,#12315,#12325,.T.);
#12323 = VERTEX_POINT('',#12324);
#12324 = CARTESIAN_POINT('',(17.5,167.,187.8));
#12325 = LINE('',#12326,#12327);
#12326 = CARTESIAN_POINT('',(17.5,167.,186.));
#12327 = VECTOR('',#12328,1.);
#12328 = DIRECTION('',(0.,0.,1.));
#12329 = ORIENTED_EDGE('',*,*,#12330,.T.);
#12330 = EDGE_CURVE('',#12323,#12331,#12333,.T.);
#12331 = VERTEX_POINT('',#12332);
#12332 = CARTESIAN_POINT('',(17.5,168.,187.8));
#12333 = LINE('',#12334,#12335);
#12334 = CARTESIAN_POINT('',(17.5,170.,187.8));
#12335 = VECTOR('',#12336,1.);
#12336 = DIRECTION('',(0.,1.,0.));
#12337 = ORIENTED_EDGE('',*,*,#12338,.F.);
#12338 = EDGE_CURVE('',#11730,#12331,#12339,.T.);
#12339 = LINE('',#12340,#12341);
#12340 = CARTESIAN_POINT('',(17.5,168.,183.));
#12341 = VECTOR('',#12342,1.);
#12342 = DIRECTION('',(0.,0.,1.));
#12343 = PLANE('',#12344);
#12344 = AXIS2_PLACEMENT_3D('',#12345,#12346,#12347);
#12345 = CARTESIAN_POINT('',(17.5,168.,183.));
#12346 = DIRECTION('',(-1.,0.,0.));
#12347 = DIRECTION('',(0.,0.,1.));
#12348 = ADVANCED_FACE('',(#12349),#12383,.F.);
#12349 = FACE_BOUND('',#12350,.F.);
#12350 = EDGE_LOOP('',(#12351,#12359,#12367,#12375,#12381,#12382));
#12351 = ORIENTED_EDGE('',*,*,#12352,.F.);
#12352 = EDGE_CURVE('',#12353,#11759,#12355,.T.);
#12353 = VERTEX_POINT('',#12354);
#12354 = CARTESIAN_POINT('',(74.5,171.,184.));
#12355 = LINE('',#12356,#12357);
#12356 = CARTESIAN_POINT('',(74.5,171.,184.));
#12357 = VECTOR('',#12358,1.);
#12358 = DIRECTION('',(0.,-1.,0.));
#12359 = ORIENTED_EDGE('',*,*,#12360,.T.);
#12360 = EDGE_CURVE('',#12353,#12361,#12363,.T.);
#12361 = VERTEX_POINT('',#12362);
#12362 = CARTESIAN_POINT('',(4.5,171.,184.));
#12363 = LINE('',#12364,#12365);
#12364 = CARTESIAN_POINT('',(74.5,171.,184.));
#12365 = VECTOR('',#12366,1.);
#12366 = DIRECTION('',(-1.,0.,0.));
#12367 = ORIENTED_EDGE('',*,*,#12368,.T.);
#12368 = EDGE_CURVE('',#12361,#12369,#12371,.T.);
#12369 = VERTEX_POINT('',#12370);
#12370 = CARTESIAN_POINT('',(4.5,168.,184.));
#12371 = LINE('',#12372,#12373);
#12372 = CARTESIAN_POINT('',(4.5,171.,184.));
#12373 = VECTOR('',#12374,1.);
#12374 = DIRECTION('',(0.,-1.,0.));
#12375 = ORIENTED_EDGE('',*,*,#12376,.F.);
#12376 = EDGE_CURVE('',#11730,#12369,#12377,.T.);
#12377 = LINE('',#12378,#12379);
#12378 = CARTESIAN_POINT('',(74.5,168.,184.));
#12379 = VECTOR('',#12380,1.);
#12380 = DIRECTION('',(-1.,0.,0.));
#12381 = ORIENTED_EDGE('',*,*,#11744,.F.);
#12382 = ORIENTED_EDGE('',*,*,#11758,.F.);
#12383 = PLANE('',#12384);
#12384 = AXIS2_PLACEMENT_3D('',#12385,#12386,#12387);
#12385 = CARTESIAN_POINT('',(74.5,171.,184.));
#12386 = DIRECTION('',(0.,0.,1.));
#12387 = DIRECTION('',(-1.,0.,0.));
#12388 = ADVANCED_FACE('',(#12389),#12407,.F.);
#12389 = FACE_BOUND('',#12390,.F.);
#12390 = EDGE_LOOP('',(#12391,#12399,#12400,#12401));
#12391 = ORIENTED_EDGE('',*,*,#12392,.F.);
#12392 = EDGE_CURVE('',#12353,#12393,#12395,.T.);
#12393 = VERTEX_POINT('',#12394);
#12394 = CARTESIAN_POINT('',(74.5,171.,226.));
#12395 = LINE('',#12396,#12397);
#12396 = CARTESIAN_POINT('',(74.5,171.,184.));
#12397 = VECTOR('',#12398,1.);
#12398 = DIRECTION('',(0.,0.,1.));
#12399 = ORIENTED_EDGE('',*,*,#12352,.T.);
#12400 = ORIENTED_EDGE('',*,*,#11766,.T.);
#12401 = ORIENTED_EDGE('',*,*,#12402,.F.);
#12402 = EDGE_CURVE('',#12393,#11767,#12403,.T.);
#12403 = LINE('',#12404,#12405);
#12404 = CARTESIAN_POINT('',(74.5,171.,226.));
#12405 = VECTOR('',#12406,1.);
#12406 = DIRECTION('',(0.,-1.,0.));
#12407 = PLANE('',#12408);
#12408 = AXIS2_PLACEMENT_3D('',#12409,#12410,#12411);
#12409 = CARTESIAN_POINT('',(74.5,171.,184.));
#12410 = DIRECTION('',(-1.,0.,0.));
#12411 = DIRECTION('',(0.,0.,1.));
#12412 = ADVANCED_FACE('',(#12413),#12440,.T.);
#12413 = FACE_BOUND('',#12414,.T.);
#12414 = EDGE_LOOP('',(#12415,#12416,#12424,#12432,#12438,#12439));
#12415 = ORIENTED_EDGE('',*,*,#12402,.F.);
#12416 = ORIENTED_EDGE('',*,*,#12417,.T.);
#12417 = EDGE_CURVE('',#12393,#12418,#12420,.T.);
#12418 = VERTEX_POINT('',#12419);
#12419 = CARTESIAN_POINT('',(4.5,171.,226.));
#12420 = LINE('',#12421,#12422);
#12421 = CARTESIAN_POINT('',(74.5,171.,226.));
#12422 = VECTOR('',#12423,1.);
#12423 = DIRECTION('',(-1.,0.,0.));
#12424 = ORIENTED_EDGE('',*,*,#12425,.T.);
#12425 = EDGE_CURVE('',#12418,#12426,#12428,.T.);
#12426 = VERTEX_POINT('',#12427);
#12427 = CARTESIAN_POINT('',(4.5,168.,226.));
#12428 = LINE('',#12429,#12430);
#12429 = CARTESIAN_POINT('',(4.5,171.,226.));
#12430 = VECTOR('',#12431,1.);
#12431 = DIRECTION('',(0.,-1.,0.));
#12432 = ORIENTED_EDGE('',*,*,#12433,.F.);
#12433 = EDGE_CURVE('',#12088,#12426,#12434,.T.);
#12434 = LINE('',#12435,#12436);
#12435 = CARTESIAN_POINT('',(74.5,168.,226.));
#12436 = VECTOR('',#12437,1.);
#12437 = DIRECTION('',(-1.,0.,0.));
#12438 = ORIENTED_EDGE('',*,*,#12097,.F.);
#12439 = ORIENTED_EDGE('',*,*,#11774,.F.);
#12440 = PLANE('',#12441);
#12441 = AXIS2_PLACEMENT_3D('',#12442,#12443,#12444);
#12442 = CARTESIAN_POINT('',(74.5,171.,226.));
#12443 = DIRECTION('',(0.,0.,1.));
#12444 = DIRECTION('',(-1.,0.,0.));
#12445 = ADVANCED_FACE('',(#12446),#12458,.F.);
#12446 = FACE_BOUND('',#12447,.F.);
#12447 = EDGE_LOOP('',(#12448,#12455,#12456,#12457));
#12448 = ORIENTED_EDGE('',*,*,#12449,.T.);
#12449 = EDGE_CURVE('',#11860,#11933,#12450,.T.);
#12450 = CIRCLE('',#12451,1.2);
#12451 = AXIS2_PLACEMENT_3D('',#12452,#12453,#12454);
#12452 = CARTESIAN_POINT('',(69.5,171.,189.));
#12453 = DIRECTION('',(0.,-1.,0.));
#12454 = DIRECTION('',(0.,0.,1.));
#12455 = ORIENTED_EDGE('',*,*,#11932,.T.);
#12456 = ORIENTED_EDGE('',*,*,#11813,.F.);
#12457 = ORIENTED_EDGE('',*,*,#11859,.F.);
#12458 = CYLINDRICAL_SURFACE('',#12459,1.2);
#12459 = AXIS2_PLACEMENT_3D('',#12460,#12461,#12462);
#12460 = CARTESIAN_POINT('',(69.5,172.,189.));
#12461 = DIRECTION('',(0.,-1.,0.));
#12462 = DIRECTION('',(0.,0.,1.));
#12463 = ADVANCED_FACE('',(#12464),#12476,.F.);
#12464 = FACE_BOUND('',#12465,.F.);
#12465 = EDGE_LOOP('',(#12466,#12473,#12474,#12475));
#12466 = ORIENTED_EDGE('',*,*,#12467,.T.);
#12467 = EDGE_CURVE('',#11974,#12047,#12468,.T.);
#12468 = CIRCLE('',#12469,1.2);
#12469 = AXIS2_PLACEMENT_3D('',#12470,#12471,#12472);
#12470 = CARTESIAN_POINT('',(69.5,171.,221.));
#12471 = DIRECTION('',(0.,-1.,0.));
#12472 = DIRECTION('',(0.,0.,1.));
#12473 = ORIENTED_EDGE('',*,*,#12046,.T.);
#12474 = ORIENTED_EDGE('',*,*,#11789,.F.);
#12475 = ORIENTED_EDGE('',*,*,#11973,.F.);
#12476 = CYLINDRICAL_SURFACE('',#12477,1.2);
#12477 = AXIS2_PLACEMENT_3D('',#12478,#12479,#12480);
#12478 = CARTESIAN_POINT('',(69.5,172.,221.));
#12479 = DIRECTION('',(0.,-1.,0.));
#12480 = DIRECTION('',(0.,0.,1.));
#12481 = ADVANCED_FACE('',(#12482),#12501,.F.);
#12482 = FACE_BOUND('',#12483,.F.);
#12483 = EDGE_LOOP('',(#12484,#12485,#12493,#12500));
#12484 = ORIENTED_EDGE('',*,*,#11831,.F.);
#12485 = ORIENTED_EDGE('',*,*,#12486,.F.);
#12486 = EDGE_CURVE('',#12487,#11832,#12489,.T.);
#12487 = VERTEX_POINT('',#12488);
#12488 = CARTESIAN_POINT('',(71.5,171.,188.2));
#12489 = LINE('',#12490,#12491);
#12490 = CARTESIAN_POINT('',(71.5,172.,188.2));
#12491 = VECTOR('',#12492,1.);
#12492 = DIRECTION('',(0.,-1.,0.));
#12493 = ORIENTED_EDGE('',*,*,#12494,.T.);
#12494 = EDGE_CURVE('',#12487,#12487,#12495,.T.);
#12495 = CIRCLE('',#12496,1.2);
#12496 = AXIS2_PLACEMENT_3D('',#12497,#12498,#12499);
#12497 = CARTESIAN_POINT('',(71.5,171.,187.));
#12498 = DIRECTION('',(0.,-1.,0.));
#12499 = DIRECTION('',(0.,0.,1.));
#12500 = ORIENTED_EDGE('',*,*,#12486,.T.);
#12501 = CYLINDRICAL_SURFACE('',#12502,1.2);
#12502 = AXIS2_PLACEMENT_3D('',#12503,#12504,#12505);
#12503 = CARTESIAN_POINT('',(71.5,172.,187.));
#12504 = DIRECTION('',(0.,-1.,0.));
#12505 = DIRECTION('',(0.,0.,1.));
#12506 = ADVANCED_FACE('',(#12507),#12526,.F.);
#12507 = FACE_BOUND('',#12508,.F.);
#12508 = EDGE_LOOP('',(#12509,#12510,#12518,#12525));
#12509 = ORIENTED_EDGE('',*,*,#11842,.F.);
#12510 = ORIENTED_EDGE('',*,*,#12511,.F.);
#12511 = EDGE_CURVE('',#12512,#11843,#12514,.T.);
#12512 = VERTEX_POINT('',#12513);
#12513 = CARTESIAN_POINT('',(71.5,171.,224.2));
#12514 = LINE('',#12515,#12516);
#12515 = CARTESIAN_POINT('',(71.5,172.,224.2));
#12516 = VECTOR('',#12517,1.);
#12517 = DIRECTION('',(0.,-1.,0.));
#12518 = ORIENTED_EDGE('',*,*,#12519,.T.);
#12519 = EDGE_CURVE('',#12512,#12512,#12520,.T.);
#12520 = CIRCLE('',#12521,1.2);
#12521 = AXIS2_PLACEMENT_3D('',#12522,#12523,#12524);
#12522 = CARTESIAN_POINT('',(71.5,171.,223.));
#12523 = DIRECTION('',(0.,-1.,0.));
#12524 = DIRECTION('',(0.,0.,1.));
#12525 = ORIENTED_EDGE('',*,*,#12511,.T.);
#12526 = CYLINDRICAL_SURFACE('',#12527,1.2);
#12527 = AXIS2_PLACEMENT_3D('',#12528,#12529,#12530);
#12528 = CARTESIAN_POINT('',(71.5,172.,223.));
#12529 = DIRECTION('',(0.,-1.,0.));
#12530 = DIRECTION('',(0.,0.,1.));
#12531 = ADVANCED_FACE('',(#12532),#12595,.F.);
#12532 = FACE_BOUND('',#12533,.F.);
#12533 = EDGE_LOOP('',(#12534,#12543,#12549,#12550,#12551,#12560,#12568,
    #12577,#12585,#12592,#12593,#12594));
#12534 = ORIENTED_EDGE('',*,*,#12535,.T.);
#12535 = EDGE_CURVE('',#11949,#12536,#12538,.T.);
#12536 = VERTEX_POINT('',#12537);
#12537 = CARTESIAN_POINT('',(55.5,168.,190.7));
#12538 = CIRCLE('',#12539,1.7);
#12539 = AXIS2_PLACEMENT_3D('',#12540,#12541,#12542);
#12540 = CARTESIAN_POINT('',(55.5,168.,189.));
#12541 = DIRECTION('',(0.,-1.,0.));
#12542 = DIRECTION('',(0.,0.,1.));
#12543 = ORIENTED_EDGE('',*,*,#12544,.T.);
#12544 = EDGE_CURVE('',#12536,#12161,#12545,.T.);
#12545 = LINE('',#12546,#12547);
#12546 = CARTESIAN_POINT('',(55.5,169.,190.7));
#12547 = VECTOR('',#12548,1.);
#12548 = DIRECTION('',(0.,-1.,0.));
#12549 = ORIENTED_EDGE('',*,*,#12160,.F.);
#12550 = ORIENTED_EDGE('',*,*,#12544,.F.);
#12551 = ORIENTED_EDGE('',*,*,#12552,.T.);
#12552 = EDGE_CURVE('',#12536,#12553,#12555,.T.);
#12553 = VERTEX_POINT('',#12554);
#12554 = CARTESIAN_POINT('',(54.295840542121,168.,190.2));
#12555 = CIRCLE('',#12556,1.7);
#12556 = AXIS2_PLACEMENT_3D('',#12557,#12558,#12559);
#12557 = CARTESIAN_POINT('',(55.5,168.,189.));
#12558 = DIRECTION('',(0.,-1.,0.));
#12559 = DIRECTION('',(0.,0.,1.));
#12560 = ORIENTED_EDGE('',*,*,#12561,.T.);
#12561 = EDGE_CURVE('',#12553,#12562,#12564,.T.);
#12562 = VERTEX_POINT('',#12563);
#12563 = CARTESIAN_POINT('',(54.295840542119,167.,190.2));
#12564 = LINE('',#12565,#12566);
#12565 = CARTESIAN_POINT('',(54.295840542121,169.,190.2));
#12566 = VECTOR('',#12567,1.);
#12567 = DIRECTION('',(0.,-1.,0.));
#12568 = ORIENTED_EDGE('',*,*,#12569,.T.);
#12569 = EDGE_CURVE('',#12562,#12570,#12572,.T.);
#12570 = VERTEX_POINT('',#12571);
#12571 = CARTESIAN_POINT('',(54.295840542122,167.,187.8));
#12572 = CIRCLE('',#12573,1.7);
#12573 = AXIS2_PLACEMENT_3D('',#12574,#12575,#12576);
#12574 = CARTESIAN_POINT('',(55.5,167.,189.));
#12575 = DIRECTION('',(0.,-1.,0.));
#12576 = DIRECTION('',(0.,0.,1.));
#12577 = ORIENTED_EDGE('',*,*,#12578,.F.);
#12578 = EDGE_CURVE('',#12579,#12570,#12581,.T.);
#12579 = VERTEX_POINT('',#12580);
#12580 = CARTESIAN_POINT('',(54.295840542121,168.,187.8));
#12581 = LINE('',#12582,#12583);
#12582 = CARTESIAN_POINT('',(54.295840542121,169.,187.8));
#12583 = VECTOR('',#12584,1.);
#12584 = DIRECTION('',(0.,-1.,0.));
#12585 = ORIENTED_EDGE('',*,*,#12586,.T.);
#12586 = EDGE_CURVE('',#12579,#11876,#12587,.T.);
#12587 = CIRCLE('',#12588,1.7);
#12588 = AXIS2_PLACEMENT_3D('',#12589,#12590,#12591);
#12589 = CARTESIAN_POINT('',(55.5,168.,189.));
#12590 = DIRECTION('',(0.,-1.,0.));
#12591 = DIRECTION('',(0.,0.,1.));
#12592 = ORIENTED_EDGE('',*,*,#11883,.T.);
#12593 = ORIENTED_EDGE('',*,*,#11917,.T.);
#12594 = ORIENTED_EDGE('',*,*,#11956,.F.);
#12595 = CYLINDRICAL_SURFACE('',#12596,1.7);
#12596 = AXIS2_PLACEMENT_3D('',#12597,#12598,#12599);
#12597 = CARTESIAN_POINT('',(55.5,169.,189.));
#12598 = DIRECTION('',(0.,-1.,0.));
#12599 = DIRECTION('',(0.,0.,1.));
#12600 = ADVANCED_FACE('',(#12601),#12620,.F.);
#12601 = FACE_BOUND('',#12602,.F.);
#12602 = EDGE_LOOP('',(#12603,#12604,#12605,#12613));
#12603 = ORIENTED_EDGE('',*,*,#11875,.T.);
#12604 = ORIENTED_EDGE('',*,*,#12586,.F.);
#12605 = ORIENTED_EDGE('',*,*,#12606,.F.);
#12606 = EDGE_CURVE('',#12607,#12579,#12609,.T.);
#12607 = VERTEX_POINT('',#12608);
#12608 = CARTESIAN_POINT('',(54.295840542122,171.,187.8));
#12609 = LINE('',#12610,#12611);
#12610 = CARTESIAN_POINT('',(54.295840542121,173.,187.8));
#12611 = VECTOR('',#12612,1.);
#12612 = DIRECTION('',(0.,-1.,0.));
#12613 = ORIENTED_EDGE('',*,*,#12614,.T.);
#12614 = EDGE_CURVE('',#12607,#11868,#12615,.T.);
#12615 = CIRCLE('',#12616,1.7);
#12616 = AXIS2_PLACEMENT_3D('',#12617,#12618,#12619);
#12617 = CARTESIAN_POINT('',(55.5,171.,189.));
#12618 = DIRECTION('',(0.,-1.,0.));
#12619 = DIRECTION('',(0.,0.,1.));
#12620 = CYLINDRICAL_SURFACE('',#12621,1.7);
#12621 = AXIS2_PLACEMENT_3D('',#12622,#12623,#12624);
#12622 = CARTESIAN_POINT('',(55.5,173.,189.));
#12623 = DIRECTION('',(0.,-1.,0.));
#12624 = DIRECTION('',(0.,0.,1.));
#12625 = ADVANCED_FACE('',(#12626,#12637,#12640,#12643,#12733,#12767,
    #12778,#12876),#12887,.F.);
#12626 = FACE_BOUND('',#12627,.F.);
#12627 = EDGE_LOOP('',(#12628,#12629,#12630,#12631));
#12628 = ORIENTED_EDGE('',*,*,#12360,.F.);
#12629 = ORIENTED_EDGE('',*,*,#12392,.T.);
#12630 = ORIENTED_EDGE('',*,*,#12417,.T.);
#12631 = ORIENTED_EDGE('',*,*,#12632,.F.);
#12632 = EDGE_CURVE('',#12361,#12418,#12633,.T.);
#12633 = LINE('',#12634,#12635);
#12634 = CARTESIAN_POINT('',(4.5,171.,184.));
#12635 = VECTOR('',#12636,1.);
#12636 = DIRECTION('',(0.,0.,1.));
#12637 = FACE_BOUND('',#12638,.F.);
#12638 = EDGE_LOOP('',(#12639));
#12639 = ORIENTED_EDGE('',*,*,#12494,.F.);
#12640 = FACE_BOUND('',#12641,.F.);
#12641 = EDGE_LOOP('',(#12642));
#12642 = ORIENTED_EDGE('',*,*,#12519,.F.);
#12643 = FACE_BOUND('',#12644,.F.);
#12644 = EDGE_LOOP('',(#12645,#12646,#12647,#12648,#12656,#12665,#12673,
    #12682,#12690,#12699,#12708,#12716,#12725,#12732));
#12645 = ORIENTED_EDGE('',*,*,#12449,.F.);
#12646 = ORIENTED_EDGE('',*,*,#11867,.T.);
#12647 = ORIENTED_EDGE('',*,*,#12614,.F.);
#12648 = ORIENTED_EDGE('',*,*,#12649,.T.);
#12649 = EDGE_CURVE('',#12607,#12650,#12652,.T.);
#12650 = VERTEX_POINT('',#12651);
#12651 = CARTESIAN_POINT('',(24.704159457878,171.,187.8));
#12652 = LINE('',#12653,#12654);
#12653 = CARTESIAN_POINT('',(72.,171.,187.8));
#12654 = VECTOR('',#12655,1.);
#12655 = DIRECTION('',(-1.,0.,0.));
#12656 = ORIENTED_EDGE('',*,*,#12657,.F.);
#12657 = EDGE_CURVE('',#12658,#12650,#12660,.T.);
#12658 = VERTEX_POINT('',#12659);
#12659 = CARTESIAN_POINT('',(22.295840542122,171.,187.8));
#12660 = CIRCLE('',#12661,1.7);
#12661 = AXIS2_PLACEMENT_3D('',#12662,#12663,#12664);
#12662 = CARTESIAN_POINT('',(23.5,171.,189.));
#12663 = DIRECTION('',(0.,-1.,0.));
#12664 = DIRECTION('',(0.,0.,1.));
#12665 = ORIENTED_EDGE('',*,*,#12666,.T.);
#12666 = EDGE_CURVE('',#12658,#12667,#12669,.T.);
#12667 = VERTEX_POINT('',#12668);
#12668 = CARTESIAN_POINT('',(9.5,171.,187.8));
#12669 = LINE('',#12670,#12671);
#12670 = CARTESIAN_POINT('',(72.,171.,187.8));
#12671 = VECTOR('',#12672,1.);
#12672 = DIRECTION('',(-1.,0.,0.));
#12673 = ORIENTED_EDGE('',*,*,#12674,.F.);
#12674 = EDGE_CURVE('',#12675,#12667,#12677,.T.);
#12675 = VERTEX_POINT('',#12676);
#12676 = CARTESIAN_POINT('',(9.5,171.,190.2));
#12677 = CIRCLE('',#12678,1.2);
#12678 = AXIS2_PLACEMENT_3D('',#12679,#12680,#12681);
#12679 = CARTESIAN_POINT('',(9.5,171.,189.));
#12680 = DIRECTION('',(0.,-1.,0.));
#12681 = DIRECTION('',(0.,0.,1.));
#12682 = ORIENTED_EDGE('',*,*,#12683,.F.);
#12683 = EDGE_CURVE('',#12684,#12675,#12686,.T.);
#12684 = VERTEX_POINT('',#12685);
#12685 = CARTESIAN_POINT('',(22.295840542119,171.,190.2));
#12686 = LINE('',#12687,#12688);
#12687 = CARTESIAN_POINT('',(72.,171.,190.2));
#12688 = VECTOR('',#12689,1.);
#12689 = DIRECTION('',(-1.,0.,0.));
#12690 = ORIENTED_EDGE('',*,*,#12691,.F.);
#12691 = EDGE_CURVE('',#12692,#12684,#12694,.T.);
#12692 = VERTEX_POINT('',#12693);
#12693 = CARTESIAN_POINT('',(23.5,171.,190.7));
#12694 = CIRCLE('',#12695,1.7);
#12695 = AXIS2_PLACEMENT_3D('',#12696,#12697,#12698);
#12696 = CARTESIAN_POINT('',(23.5,171.,189.));
#12697 = DIRECTION('',(0.,-1.,0.));
#12698 = DIRECTION('',(0.,0.,1.));
#12699 = ORIENTED_EDGE('',*,*,#12700,.F.);
#12700 = EDGE_CURVE('',#12701,#12692,#12703,.T.);
#12701 = VERTEX_POINT('',#12702);
#12702 = CARTESIAN_POINT('',(24.704159457881,171.,190.2));
#12703 = CIRCLE('',#12704,1.7);
#12704 = AXIS2_PLACEMENT_3D('',#12705,#12706,#12707);
#12705 = CARTESIAN_POINT('',(23.5,171.,189.));
#12706 = DIRECTION('',(0.,-1.,0.));
#12707 = DIRECTION('',(0.,0.,1.));
#12708 = ORIENTED_EDGE('',*,*,#12709,.F.);
#12709 = EDGE_CURVE('',#12710,#12701,#12712,.T.);
#12710 = VERTEX_POINT('',#12711);
#12711 = CARTESIAN_POINT('',(54.295840542119,171.,190.2));
#12712 = LINE('',#12713,#12714);
#12713 = CARTESIAN_POINT('',(72.,171.,190.2));
#12714 = VECTOR('',#12715,1.);
#12715 = DIRECTION('',(-1.,0.,0.));
#12716 = ORIENTED_EDGE('',*,*,#12717,.F.);
#12717 = EDGE_CURVE('',#12718,#12710,#12720,.T.);
#12718 = VERTEX_POINT('',#12719);
#12719 = CARTESIAN_POINT('',(55.5,171.,190.7));
#12720 = CIRCLE('',#12721,1.7);
#12721 = AXIS2_PLACEMENT_3D('',#12722,#12723,#12724);
#12722 = CARTESIAN_POINT('',(55.5,171.,189.));
#12723 = DIRECTION('',(0.,-1.,0.));
#12724 = DIRECTION('',(0.,0.,1.));
#12725 = ORIENTED_EDGE('',*,*,#12726,.F.);
#12726 = EDGE_CURVE('',#11941,#12718,#12727,.T.);
#12727 = CIRCLE('',#12728,1.7);
#12728 = AXIS2_PLACEMENT_3D('',#12729,#12730,#12731);
#12729 = CARTESIAN_POINT('',(55.5,171.,189.));
#12730 = DIRECTION('',(0.,-1.,0.));
#12731 = DIRECTION('',(0.,0.,1.));
#12732 = ORIENTED_EDGE('',*,*,#11940,.F.);
#12733 = FACE_BOUND('',#12734,.F.);
#12734 = EDGE_LOOP('',(#12735,#12745,#12753,#12761));
#12735 = ORIENTED_EDGE('',*,*,#12736,.F.);
#12736 = EDGE_CURVE('',#12737,#12739,#12741,.T.);
#12737 = VERTEX_POINT('',#12738);
#12738 = CARTESIAN_POINT('',(48.5,171.,210.));
#12739 = VERTEX_POINT('',#12740);
#12740 = CARTESIAN_POINT('',(30.5,171.,210.));
#12741 = LINE('',#12742,#12743);
#12742 = CARTESIAN_POINT('',(61.5,171.,210.));
#12743 = VECTOR('',#12744,1.);
#12744 = DIRECTION('',(-1.,0.,0.));
#12745 = ORIENTED_EDGE('',*,*,#12746,.T.);
#12746 = EDGE_CURVE('',#12737,#12747,#12749,.T.);
#12747 = VERTEX_POINT('',#12748);
#12748 = CARTESIAN_POINT('',(48.5,171.,200.));
#12749 = LINE('',#12750,#12751);
#12750 = CARTESIAN_POINT('',(48.5,171.,192.));
#12751 = VECTOR('',#12752,1.);
#12752 = DIRECTION('',(0.,-0.,-1.));
#12753 = ORIENTED_EDGE('',*,*,#12754,.T.);
#12754 = EDGE_CURVE('',#12747,#12755,#12757,.T.);
#12755 = VERTEX_POINT('',#12756);
#12756 = CARTESIAN_POINT('',(30.5,171.,200.));
#12757 = LINE('',#12758,#12759);
#12758 = CARTESIAN_POINT('',(61.5,171.,200.));
#12759 = VECTOR('',#12760,1.);
#12760 = DIRECTION('',(-1.,0.,0.));
#12761 = ORIENTED_EDGE('',*,*,#12762,.F.);
#12762 = EDGE_CURVE('',#12739,#12755,#12763,.T.);
#12763 = LINE('',#12764,#12765);
#12764 = CARTESIAN_POINT('',(30.5,171.,192.));
#12765 = VECTOR('',#12766,1.);
#12766 = DIRECTION('',(0.,-0.,-1.));
#12767 = FACE_BOUND('',#12768,.F.);
#12768 = EDGE_LOOP('',(#12769));
#12769 = ORIENTED_EDGE('',*,*,#12770,.F.);
#12770 = EDGE_CURVE('',#12771,#12771,#12773,.T.);
#12771 = VERTEX_POINT('',#12772);
#12772 = CARTESIAN_POINT('',(7.5,171.,188.2));
#12773 = CIRCLE('',#12774,1.2);
#12774 = AXIS2_PLACEMENT_3D('',#12775,#12776,#12777);
#12775 = CARTESIAN_POINT('',(7.5,171.,187.));
#12776 = DIRECTION('',(0.,-1.,0.));
#12777 = DIRECTION('',(0.,0.,1.));
#12778 = FACE_BOUND('',#12779,.F.);
#12779 = EDGE_LOOP('',(#12780,#12781,#12782,#12791,#12799,#12808,#12816,
    #12825,#12833,#12842,#12851,#12859,#12868,#12875));
#12780 = ORIENTED_EDGE('',*,*,#12467,.F.);
#12781 = ORIENTED_EDGE('',*,*,#11981,.T.);
#12782 = ORIENTED_EDGE('',*,*,#12783,.F.);
#12783 = EDGE_CURVE('',#12784,#11982,#12786,.T.);
#12784 = VERTEX_POINT('',#12785);
#12785 = CARTESIAN_POINT('',(54.295840542122,171.,219.8));
#12786 = CIRCLE('',#12787,1.7);
#12787 = AXIS2_PLACEMENT_3D('',#12788,#12789,#12790);
#12788 = CARTESIAN_POINT('',(55.5,171.,221.));
#12789 = DIRECTION('',(0.,-1.,0.));
#12790 = DIRECTION('',(0.,0.,1.));
#12791 = ORIENTED_EDGE('',*,*,#12792,.T.);
#12792 = EDGE_CURVE('',#12784,#12793,#12795,.T.);
#12793 = VERTEX_POINT('',#12794);
#12794 = CARTESIAN_POINT('',(24.704159457878,171.,219.8));
#12795 = LINE('',#12796,#12797);
#12796 = CARTESIAN_POINT('',(72.,171.,219.8));
#12797 = VECTOR('',#12798,1.);
#12798 = DIRECTION('',(-1.,0.,0.));
#12799 = ORIENTED_EDGE('',*,*,#12800,.F.);
#12800 = EDGE_CURVE('',#12801,#12793,#12803,.T.);
#12801 = VERTEX_POINT('',#12802);
#12802 = CARTESIAN_POINT('',(22.295840542122,171.,219.8));
#12803 = CIRCLE('',#12804,1.7);
#12804 = AXIS2_PLACEMENT_3D('',#12805,#12806,#12807);
#12805 = CARTESIAN_POINT('',(23.5,171.,221.));
#12806 = DIRECTION('',(0.,-1.,0.));
#12807 = DIRECTION('',(0.,0.,1.));
#12808 = ORIENTED_EDGE('',*,*,#12809,.T.);
#12809 = EDGE_CURVE('',#12801,#12810,#12812,.T.);
#12810 = VERTEX_POINT('',#12811);
#12811 = CARTESIAN_POINT('',(9.5,171.,219.8));
#12812 = LINE('',#12813,#12814);
#12813 = CARTESIAN_POINT('',(72.,171.,219.8));
#12814 = VECTOR('',#12815,1.);
#12815 = DIRECTION('',(-1.,0.,0.));
#12816 = ORIENTED_EDGE('',*,*,#12817,.F.);
#12817 = EDGE_CURVE('',#12818,#12810,#12820,.T.);
#12818 = VERTEX_POINT('',#12819);
#12819 = CARTESIAN_POINT('',(9.5,171.,222.2));
#12820 = CIRCLE('',#12821,1.2);
#12821 = AXIS2_PLACEMENT_3D('',#12822,#12823,#12824);
#12822 = CARTESIAN_POINT('',(9.5,171.,221.));
#12823 = DIRECTION('',(0.,-1.,0.));
#12824 = DIRECTION('',(0.,0.,1.));
#12825 = ORIENTED_EDGE('',*,*,#12826,.F.);
#12826 = EDGE_CURVE('',#12827,#12818,#12829,.T.);
#12827 = VERTEX_POINT('',#12828);
#12828 = CARTESIAN_POINT('',(22.295840542116,171.,222.2));
#12829 = LINE('',#12830,#12831);
#12830 = CARTESIAN_POINT('',(72.,171.,222.2));
#12831 = VECTOR('',#12832,1.);
#12832 = DIRECTION('',(-1.,0.,0.));
#12833 = ORIENTED_EDGE('',*,*,#12834,.F.);
#12834 = EDGE_CURVE('',#12835,#12827,#12837,.T.);
#12835 = VERTEX_POINT('',#12836);
#12836 = CARTESIAN_POINT('',(23.5,171.,222.7));
#12837 = CIRCLE('',#12838,1.7);
#12838 = AXIS2_PLACEMENT_3D('',#12839,#12840,#12841);
#12839 = CARTESIAN_POINT('',(23.5,171.,221.));
#12840 = DIRECTION('',(0.,-1.,0.));
#12841 = DIRECTION('',(0.,0.,1.));
#12842 = ORIENTED_EDGE('',*,*,#12843,.F.);
#12843 = EDGE_CURVE('',#12844,#12835,#12846,.T.);
#12844 = VERTEX_POINT('',#12845);
#12845 = CARTESIAN_POINT('',(24.704159457884,171.,222.2));
#12846 = CIRCLE('',#12847,1.7);
#12847 = AXIS2_PLACEMENT_3D('',#12848,#12849,#12850);
#12848 = CARTESIAN_POINT('',(23.5,171.,221.));
#12849 = DIRECTION('',(0.,-1.,0.));
#12850 = DIRECTION('',(0.,0.,1.));
#12851 = ORIENTED_EDGE('',*,*,#12852,.F.);
#12852 = EDGE_CURVE('',#12853,#12844,#12855,.T.);
#12853 = VERTEX_POINT('',#12854);
#12854 = CARTESIAN_POINT('',(54.295840542116,171.,222.2));
#12855 = LINE('',#12856,#12857);
#12856 = CARTESIAN_POINT('',(72.,171.,222.2));
#12857 = VECTOR('',#12858,1.);
#12858 = DIRECTION('',(-1.,0.,0.));
#12859 = ORIENTED_EDGE('',*,*,#12860,.F.);
#12860 = EDGE_CURVE('',#12861,#12853,#12863,.T.);
#12861 = VERTEX_POINT('',#12862);
#12862 = CARTESIAN_POINT('',(55.5,171.,222.7));
#12863 = CIRCLE('',#12864,1.7);
#12864 = AXIS2_PLACEMENT_3D('',#12865,#12866,#12867);
#12865 = CARTESIAN_POINT('',(55.5,171.,221.));
#12866 = DIRECTION('',(0.,-1.,0.));
#12867 = DIRECTION('',(0.,0.,1.));
#12868 = ORIENTED_EDGE('',*,*,#12869,.F.);
#12869 = EDGE_CURVE('',#12055,#12861,#12870,.T.);
#12870 = CIRCLE('',#12871,1.7);
#12871 = AXIS2_PLACEMENT_3D('',#12872,#12873,#12874);
#12872 = CARTESIAN_POINT('',(55.5,171.,221.));
#12873 = DIRECTION('',(0.,-1.,0.));
#12874 = DIRECTION('',(0.,0.,1.));
#12875 = ORIENTED_EDGE('',*,*,#12054,.F.);
#12876 = FACE_BOUND('',#12877,.F.);
#12877 = EDGE_LOOP('',(#12878));
#12878 = ORIENTED_EDGE('',*,*,#12879,.F.);
#12879 = EDGE_CURVE('',#12880,#12880,#12882,.T.);
#12880 = VERTEX_POINT('',#12881);
#12881 = CARTESIAN_POINT('',(7.5,171.,224.2));
#12882 = CIRCLE('',#12883,1.2);
#12883 = AXIS2_PLACEMENT_3D('',#12884,#12885,#12886);
#12884 = CARTESIAN_POINT('',(7.5,171.,223.));
#12885 = DIRECTION('',(0.,-1.,0.));
#12886 = DIRECTION('',(0.,0.,1.));
#12887 = PLANE('',#12888);
#12888 = AXIS2_PLACEMENT_3D('',#12889,#12890,#12891);
#12889 = CARTESIAN_POINT('',(74.5,171.,184.));
#12890 = DIRECTION('',(0.,-1.,0.));
#12891 = DIRECTION('',(0.,0.,1.));
#12892 = ADVANCED_FACE('',(#12893),#12904,.F.);
#12893 = FACE_BOUND('',#12894,.F.);
#12894 = EDGE_LOOP('',(#12895,#12901,#12902,#12903));
#12895 = ORIENTED_EDGE('',*,*,#12896,.T.);
#12896 = EDGE_CURVE('',#12718,#12536,#12897,.T.);
#12897 = LINE('',#12898,#12899);
#12898 = CARTESIAN_POINT('',(55.5,173.,190.7));
#12899 = VECTOR('',#12900,1.);
#12900 = DIRECTION('',(0.,-1.,0.));
#12901 = ORIENTED_EDGE('',*,*,#12535,.F.);
#12902 = ORIENTED_EDGE('',*,*,#11948,.F.);
#12903 = ORIENTED_EDGE('',*,*,#12726,.T.);
#12904 = CYLINDRICAL_SURFACE('',#12905,1.7);
#12905 = AXIS2_PLACEMENT_3D('',#12906,#12907,#12908);
#12906 = CARTESIAN_POINT('',(55.5,173.,189.));
#12907 = DIRECTION('',(0.,-1.,0.));
#12908 = DIRECTION('',(0.,0.,1.));
#12909 = ADVANCED_FACE('',(#12910),#12973,.F.);
#12910 = FACE_BOUND('',#12911,.F.);
#12911 = EDGE_LOOP('',(#12912,#12921,#12927,#12928,#12929,#12938,#12946,
    #12955,#12963,#12970,#12971,#12972));
#12912 = ORIENTED_EDGE('',*,*,#12913,.T.);
#12913 = EDGE_CURVE('',#12063,#12914,#12916,.T.);
#12914 = VERTEX_POINT('',#12915);
#12915 = CARTESIAN_POINT('',(55.5,168.,222.7));
#12916 = CIRCLE('',#12917,1.7);
#12917 = AXIS2_PLACEMENT_3D('',#12918,#12919,#12920);
#12918 = CARTESIAN_POINT('',(55.5,168.,221.));
#12919 = DIRECTION('',(0.,-1.,0.));
#12920 = DIRECTION('',(0.,0.,1.));
#12921 = ORIENTED_EDGE('',*,*,#12922,.T.);
#12922 = EDGE_CURVE('',#12914,#12214,#12923,.T.);
#12923 = LINE('',#12924,#12925);
#12924 = CARTESIAN_POINT('',(55.5,169.,222.7));
#12925 = VECTOR('',#12926,1.);
#12926 = DIRECTION('',(0.,-1.,0.));
#12927 = ORIENTED_EDGE('',*,*,#12213,.F.);
#12928 = ORIENTED_EDGE('',*,*,#12922,.F.);
#12929 = ORIENTED_EDGE('',*,*,#12930,.T.);
#12930 = EDGE_CURVE('',#12914,#12931,#12933,.T.);
#12931 = VERTEX_POINT('',#12932);
#12932 = CARTESIAN_POINT('',(54.295840542121,168.,222.2));
#12933 = CIRCLE('',#12934,1.7);
#12934 = AXIS2_PLACEMENT_3D('',#12935,#12936,#12937);
#12935 = CARTESIAN_POINT('',(55.5,168.,221.));
#12936 = DIRECTION('',(0.,-1.,0.));
#12937 = DIRECTION('',(0.,0.,1.));
#12938 = ORIENTED_EDGE('',*,*,#12939,.T.);
#12939 = EDGE_CURVE('',#12931,#12940,#12942,.T.);
#12940 = VERTEX_POINT('',#12941);
#12941 = CARTESIAN_POINT('',(54.295840542116,167.,222.2));
#12942 = LINE('',#12943,#12944);
#12943 = CARTESIAN_POINT('',(54.295840542121,169.,222.2));
#12944 = VECTOR('',#12945,1.);
#12945 = DIRECTION('',(0.,-1.,0.));
#12946 = ORIENTED_EDGE('',*,*,#12947,.T.);
#12947 = EDGE_CURVE('',#12940,#12948,#12950,.T.);
#12948 = VERTEX_POINT('',#12949);
#12949 = CARTESIAN_POINT('',(54.295840542122,167.,219.8));
#12950 = CIRCLE('',#12951,1.7);
#12951 = AXIS2_PLACEMENT_3D('',#12952,#12953,#12954);
#12952 = CARTESIAN_POINT('',(55.5,167.,221.));
#12953 = DIRECTION('',(0.,-1.,0.));
#12954 = DIRECTION('',(0.,0.,1.));
#12955 = ORIENTED_EDGE('',*,*,#12956,.F.);
#12956 = EDGE_CURVE('',#12957,#12948,#12959,.T.);
#12957 = VERTEX_POINT('',#12958);
#12958 = CARTESIAN_POINT('',(54.295840542121,168.,219.8));
#12959 = LINE('',#12960,#12961);
#12960 = CARTESIAN_POINT('',(54.295840542121,169.,219.8));
#12961 = VECTOR('',#12962,1.);
#12962 = DIRECTION('',(0.,-1.,0.));
#12963 = ORIENTED_EDGE('',*,*,#12964,.T.);
#12964 = EDGE_CURVE('',#12957,#11990,#12965,.T.);
#12965 = CIRCLE('',#12966,1.7);
#12966 = AXIS2_PLACEMENT_3D('',#12967,#12968,#12969);
#12967 = CARTESIAN_POINT('',(55.5,168.,221.));
#12968 = DIRECTION('',(0.,-1.,0.));
#12969 = DIRECTION('',(0.,0.,1.));
#12970 = ORIENTED_EDGE('',*,*,#11997,.T.);
#12971 = ORIENTED_EDGE('',*,*,#12031,.T.);
#12972 = ORIENTED_EDGE('',*,*,#12070,.F.);
#12973 = CYLINDRICAL_SURFACE('',#12974,1.7);
#12974 = AXIS2_PLACEMENT_3D('',#12975,#12976,#12977);
#12975 = CARTESIAN_POINT('',(55.5,169.,221.));
#12976 = DIRECTION('',(0.,-1.,0.));
#12977 = DIRECTION('',(0.,0.,1.));
#12978 = ADVANCED_FACE('',(#12979),#12990,.F.);
#12979 = FACE_BOUND('',#12980,.F.);
#12980 = EDGE_LOOP('',(#12981,#12982,#12983,#12989));
#12981 = ORIENTED_EDGE('',*,*,#11989,.T.);
#12982 = ORIENTED_EDGE('',*,*,#12964,.F.);
#12983 = ORIENTED_EDGE('',*,*,#12984,.F.);
#12984 = EDGE_CURVE('',#12784,#12957,#12985,.T.);
#12985 = LINE('',#12986,#12987);
#12986 = CARTESIAN_POINT('',(54.295840542121,173.,219.8));
#12987 = VECTOR('',#12988,1.);
#12988 = DIRECTION('',(0.,-1.,0.));
#12989 = ORIENTED_EDGE('',*,*,#12783,.T.);
#12990 = CYLINDRICAL_SURFACE('',#12991,1.7);
#12991 = AXIS2_PLACEMENT_3D('',#12992,#12993,#12994);
#12992 = CARTESIAN_POINT('',(55.5,173.,221.));
#12993 = DIRECTION('',(0.,-1.,0.));
#12994 = DIRECTION('',(0.,0.,1.));
#12995 = ADVANCED_FACE('',(#12996),#13007,.F.);
#12996 = FACE_BOUND('',#12997,.F.);
#12997 = EDGE_LOOP('',(#12998,#13004,#13005,#13006));
#12998 = ORIENTED_EDGE('',*,*,#12999,.T.);
#12999 = EDGE_CURVE('',#12861,#12914,#13000,.T.);
#13000 = LINE('',#13001,#13002);
#13001 = CARTESIAN_POINT('',(55.5,173.,222.7));
#13002 = VECTOR('',#13003,1.);
#13003 = DIRECTION('',(0.,-1.,0.));
#13004 = ORIENTED_EDGE('',*,*,#12913,.F.);
#13005 = ORIENTED_EDGE('',*,*,#12062,.F.);
#13006 = ORIENTED_EDGE('',*,*,#12869,.T.);
#13007 = CYLINDRICAL_SURFACE('',#13008,1.7);
#13008 = AXIS2_PLACEMENT_3D('',#13009,#13010,#13011);
#13009 = CARTESIAN_POINT('',(55.5,173.,221.));
#13010 = DIRECTION('',(0.,-1.,0.));
#13011 = DIRECTION('',(0.,0.,1.));
#13012 = ADVANCED_FACE('',(#13013),#13038,.T.);
#13013 = FACE_BOUND('',#13014,.T.);
#13014 = EDGE_LOOP('',(#13015,#13023,#13031,#13037));
#13015 = ORIENTED_EDGE('',*,*,#13016,.T.);
#13016 = EDGE_CURVE('',#12172,#13017,#13019,.T.);
#13017 = VERTEX_POINT('',#13018);
#13018 = CARTESIAN_POINT('',(52.5,163.6,216.));
#13019 = LINE('',#13020,#13021);
#13020 = CARTESIAN_POINT('',(52.5,165.,216.));
#13021 = VECTOR('',#13022,1.);
#13022 = DIRECTION('',(0.,-1.,0.));
#13023 = ORIENTED_EDGE('',*,*,#13024,.T.);
#13024 = EDGE_CURVE('',#13017,#13025,#13027,.T.);
#13025 = VERTEX_POINT('',#13026);
#13026 = CARTESIAN_POINT('',(52.5,163.6,194.));
#13027 = LINE('',#13028,#13029);
#13028 = CARTESIAN_POINT('',(52.5,163.6,216.));
#13029 = VECTOR('',#13030,1.);
#13030 = DIRECTION('',(0.,0.,-1.));
#13031 = ORIENTED_EDGE('',*,*,#13032,.F.);
#13032 = EDGE_CURVE('',#12174,#13025,#13033,.T.);
#13033 = LINE('',#13034,#13035);
#13034 = CARTESIAN_POINT('',(52.5,165.,194.));
#13035 = VECTOR('',#13036,1.);
#13036 = DIRECTION('',(0.,-1.,0.));
#13037 = ORIENTED_EDGE('',*,*,#12171,.F.);
#13038 = PLANE('',#13039);
#13039 = AXIS2_PLACEMENT_3D('',#13040,#13041,#13042);
#13040 = CARTESIAN_POINT('',(52.5,165.,216.));
#13041 = DIRECTION('',(1.,0.,0.));
#13042 = DIRECTION('',(0.,0.,-1.));
#13043 = ADVANCED_FACE('',(#13044),#13062,.T.);
#13044 = FACE_BOUND('',#13045,.T.);
#13045 = EDGE_LOOP('',(#13046,#13054,#13060,#13061));
#13046 = ORIENTED_EDGE('',*,*,#13047,.T.);
#13047 = EDGE_CURVE('',#12198,#13048,#13050,.T.);
#13048 = VERTEX_POINT('',#13049);
#13049 = CARTESIAN_POINT('',(31.5,163.6,216.));
#13050 = LINE('',#13051,#13052);
#13051 = CARTESIAN_POINT('',(31.5,165.,216.));
#13052 = VECTOR('',#13053,1.);
#13053 = DIRECTION('',(0.,-1.,0.));
#13054 = ORIENTED_EDGE('',*,*,#13055,.T.);
#13055 = EDGE_CURVE('',#13048,#13017,#13056,.T.);
#13056 = LINE('',#13057,#13058);
#13057 = CARTESIAN_POINT('',(31.5,163.6,216.));
#13058 = VECTOR('',#13059,1.);
#13059 = DIRECTION('',(1.,0.,0.));
#13060 = ORIENTED_EDGE('',*,*,#13016,.F.);
#13061 = ORIENTED_EDGE('',*,*,#12205,.F.);
#13062 = PLANE('',#13063);
#13063 = AXIS2_PLACEMENT_3D('',#13064,#13065,#13066);
#13064 = CARTESIAN_POINT('',(31.5,165.,216.));
#13065 = DIRECTION('',(0.,0.,1.));
#13066 = DIRECTION('',(1.,0.,0.));
#13067 = ADVANCED_FACE('',(#13068),#13086,.T.);
#13068 = FACE_BOUND('',#13069,.T.);
#13069 = EDGE_LOOP('',(#13070,#13071,#13079,#13085));
#13070 = ORIENTED_EDGE('',*,*,#13032,.T.);
#13071 = ORIENTED_EDGE('',*,*,#13072,.T.);
#13072 = EDGE_CURVE('',#13025,#13073,#13075,.T.);
#13073 = VERTEX_POINT('',#13074);
#13074 = CARTESIAN_POINT('',(26.5,163.6,194.));
#13075 = LINE('',#13076,#13077);
#13076 = CARTESIAN_POINT('',(52.5,163.6,194.));
#13077 = VECTOR('',#13078,1.);
#13078 = DIRECTION('',(-1.,0.,0.));
#13079 = ORIENTED_EDGE('',*,*,#13080,.F.);
#13080 = EDGE_CURVE('',#12182,#13073,#13081,.T.);
#13081 = LINE('',#13082,#13083);
#13082 = CARTESIAN_POINT('',(26.5,165.,194.));
#13083 = VECTOR('',#13084,1.);
#13084 = DIRECTION('',(0.,-1.,0.));
#13085 = ORIENTED_EDGE('',*,*,#12181,.F.);
#13086 = PLANE('',#13087);
#13087 = AXIS2_PLACEMENT_3D('',#13088,#13089,#13090);
#13088 = CARTESIAN_POINT('',(52.5,165.,194.));
#13089 = DIRECTION('',(0.,0.,-1.));
#13090 = DIRECTION('',(-1.,0.,0.));
#13091 = ADVANCED_FACE('',(#13092),#13110,.T.);
#13092 = FACE_BOUND('',#13093,.T.);
#13093 = EDGE_LOOP('',(#13094,#13102,#13108,#13109));
#13094 = ORIENTED_EDGE('',*,*,#13095,.T.);
#13095 = EDGE_CURVE('',#12190,#13096,#13098,.T.);
#13096 = VERTEX_POINT('',#13097);
#13097 = CARTESIAN_POINT('',(26.5,163.6,211.));
#13098 = LINE('',#13099,#13100);
#13099 = CARTESIAN_POINT('',(26.5,165.,211.));
#13100 = VECTOR('',#13101,1.);
#13101 = DIRECTION('',(0.,-1.,0.));
#13102 = ORIENTED_EDGE('',*,*,#13103,.T.);
#13103 = EDGE_CURVE('',#13096,#13048,#13104,.T.);
#13104 = LINE('',#13105,#13106);
#13105 = CARTESIAN_POINT('',(26.5,163.6,211.));
#13106 = VECTOR('',#13107,1.);
#13107 = DIRECTION('',(0.707106781187,0.,0.707106781187));
#13108 = ORIENTED_EDGE('',*,*,#13047,.F.);
#13109 = ORIENTED_EDGE('',*,*,#12197,.F.);
#13110 = PLANE('',#13111);
#13111 = AXIS2_PLACEMENT_3D('',#13112,#13113,#13114);
#13112 = CARTESIAN_POINT('',(26.5,165.,211.));
#13113 = DIRECTION('',(-0.707106781187,0.,0.707106781187));
#13114 = DIRECTION('',(0.707106781187,0.,0.707106781187));
#13115 = ADVANCED_FACE('',(#13116),#13127,.T.);
#13116 = FACE_BOUND('',#13117,.T.);
#13117 = EDGE_LOOP('',(#13118,#13119,#13125,#13126));
#13118 = ORIENTED_EDGE('',*,*,#13080,.T.);
#13119 = ORIENTED_EDGE('',*,*,#13120,.T.);
#13120 = EDGE_CURVE('',#13073,#13096,#13121,.T.);
#13121 = LINE('',#13122,#13123);
#13122 = CARTESIAN_POINT('',(26.5,163.6,194.));
#13123 = VECTOR('',#13124,1.);
#13124 = DIRECTION('',(0.,0.,1.));
#13125 = ORIENTED_EDGE('',*,*,#13095,.F.);
#13126 = ORIENTED_EDGE('',*,*,#12189,.F.);
#13127 = PLANE('',#13128);
#13128 = AXIS2_PLACEMENT_3D('',#13129,#13130,#13131);
#13129 = CARTESIAN_POINT('',(26.5,165.,194.));
#13130 = DIRECTION('',(-1.,0.,0.));
#13131 = DIRECTION('',(0.,0.,1.));
#13132 = ADVANCED_FACE('',(#13133),#13220,.F.);
#13133 = FACE_BOUND('',#13134,.F.);
#13134 = EDGE_LOOP('',(#13135,#13146,#13152,#13153,#13154,#13163,#13171,
    #13180,#13188,#13197,#13205,#13214));
#13135 = ORIENTED_EDGE('',*,*,#13136,.T.);
#13136 = EDGE_CURVE('',#13137,#13139,#13141,.T.);
#13137 = VERTEX_POINT('',#13138);
#13138 = CARTESIAN_POINT('',(24.704159457879,168.,190.2));
#13139 = VERTEX_POINT('',#13140);
#13140 = CARTESIAN_POINT('',(23.5,168.,190.7));
#13141 = CIRCLE('',#13142,1.7);
#13142 = AXIS2_PLACEMENT_3D('',#13143,#13144,#13145);
#13143 = CARTESIAN_POINT('',(23.5,168.,189.));
#13144 = DIRECTION('',(0.,-1.,0.));
#13145 = DIRECTION('',(0.,0.,1.));
#13146 = ORIENTED_EDGE('',*,*,#13147,.T.);
#13147 = EDGE_CURVE('',#13139,#12225,#13148,.T.);
#13148 = LINE('',#13149,#13150);
#13149 = CARTESIAN_POINT('',(23.5,169.,190.7));
#13150 = VECTOR('',#13151,1.);
#13151 = DIRECTION('',(0.,-1.,0.));
#13152 = ORIENTED_EDGE('',*,*,#12224,.F.);
#13153 = ORIENTED_EDGE('',*,*,#13147,.F.);
#13154 = ORIENTED_EDGE('',*,*,#13155,.T.);
#13155 = EDGE_CURVE('',#13139,#13156,#13158,.T.);
#13156 = VERTEX_POINT('',#13157);
#13157 = CARTESIAN_POINT('',(22.295840542121,168.,190.2));
#13158 = CIRCLE('',#13159,1.7);
#13159 = AXIS2_PLACEMENT_3D('',#13160,#13161,#13162);
#13160 = CARTESIAN_POINT('',(23.5,168.,189.));
#13161 = DIRECTION('',(0.,-1.,0.));
#13162 = DIRECTION('',(0.,0.,1.));
#13163 = ORIENTED_EDGE('',*,*,#13164,.T.);
#13164 = EDGE_CURVE('',#13156,#13165,#13167,.T.);
#13165 = VERTEX_POINT('',#13166);
#13166 = CARTESIAN_POINT('',(22.295840542119,167.,190.2));
#13167 = LINE('',#13168,#13169);
#13168 = CARTESIAN_POINT('',(22.295840542121,169.,190.2));
#13169 = VECTOR('',#13170,1.);
#13170 = DIRECTION('',(0.,-1.,0.));
#13171 = ORIENTED_EDGE('',*,*,#13172,.T.);
#13172 = EDGE_CURVE('',#13165,#13173,#13175,.T.);
#13173 = VERTEX_POINT('',#13174);
#13174 = CARTESIAN_POINT('',(22.295840542122,167.,187.8));
#13175 = CIRCLE('',#13176,1.7);
#13176 = AXIS2_PLACEMENT_3D('',#13177,#13178,#13179);
#13177 = CARTESIAN_POINT('',(23.5,167.,189.));
#13178 = DIRECTION('',(0.,-1.,0.));
#13179 = DIRECTION('',(0.,0.,1.));
#13180 = ORIENTED_EDGE('',*,*,#13181,.F.);
#13181 = EDGE_CURVE('',#13182,#13173,#13184,.T.);
#13182 = VERTEX_POINT('',#13183);
#13183 = CARTESIAN_POINT('',(22.295840542121,168.,187.8));
#13184 = LINE('',#13185,#13186);
#13185 = CARTESIAN_POINT('',(22.295840542121,169.,187.8));
#13186 = VECTOR('',#13187,1.);
#13187 = DIRECTION('',(0.,-1.,0.));
#13188 = ORIENTED_EDGE('',*,*,#13189,.T.);
#13189 = EDGE_CURVE('',#13182,#13190,#13192,.T.);
#13190 = VERTEX_POINT('',#13191);
#13191 = CARTESIAN_POINT('',(24.704159457879,168.,187.8));
#13192 = CIRCLE('',#13193,1.7);
#13193 = AXIS2_PLACEMENT_3D('',#13194,#13195,#13196);
#13194 = CARTESIAN_POINT('',(23.5,168.,189.));
#13195 = DIRECTION('',(0.,-1.,0.));
#13196 = DIRECTION('',(0.,0.,1.));
#13197 = ORIENTED_EDGE('',*,*,#13198,.T.);
#13198 = EDGE_CURVE('',#13190,#13199,#13201,.T.);
#13199 = VERTEX_POINT('',#13200);
#13200 = CARTESIAN_POINT('',(24.704159457878,167.,187.8));
#13201 = LINE('',#13202,#13203);
#13202 = CARTESIAN_POINT('',(24.704159457879,169.,187.8));
#13203 = VECTOR('',#13204,1.);
#13204 = DIRECTION('',(0.,-1.,0.));
#13205 = ORIENTED_EDGE('',*,*,#13206,.T.);
#13206 = EDGE_CURVE('',#13199,#13207,#13209,.T.);
#13207 = VERTEX_POINT('',#13208);
#13208 = CARTESIAN_POINT('',(24.704159457881,167.,190.2));
#13209 = CIRCLE('',#13210,1.7);
#13210 = AXIS2_PLACEMENT_3D('',#13211,#13212,#13213);
#13211 = CARTESIAN_POINT('',(23.5,167.,189.));
#13212 = DIRECTION('',(0.,-1.,0.));
#13213 = DIRECTION('',(0.,0.,1.));
#13214 = ORIENTED_EDGE('',*,*,#13215,.F.);
#13215 = EDGE_CURVE('',#13137,#13207,#13216,.T.);
#13216 = LINE('',#13217,#13218);
#13217 = CARTESIAN_POINT('',(24.704159457879,169.,190.2));
#13218 = VECTOR('',#13219,1.);
#13219 = DIRECTION('',(0.,-1.,0.));
#13220 = CYLINDRICAL_SURFACE('',#13221,1.7);
#13221 = AXIS2_PLACEMENT_3D('',#13222,#13223,#13224);
#13222 = CARTESIAN_POINT('',(23.5,169.,189.));
#13223 = DIRECTION('',(0.,-1.,0.));
#13224 = DIRECTION('',(0.,0.,1.));
#13225 = ADVANCED_FACE('',(#13226),#13313,.F.);
#13226 = FACE_BOUND('',#13227,.F.);
#13227 = EDGE_LOOP('',(#13228,#13239,#13245,#13246,#13247,#13256,#13264,
    #13273,#13281,#13290,#13298,#13307));
#13228 = ORIENTED_EDGE('',*,*,#13229,.T.);
#13229 = EDGE_CURVE('',#13230,#13232,#13234,.T.);
#13230 = VERTEX_POINT('',#13231);
#13231 = CARTESIAN_POINT('',(24.704159457879,168.,222.2));
#13232 = VERTEX_POINT('',#13233);
#13233 = CARTESIAN_POINT('',(23.5,168.,222.7));
#13234 = CIRCLE('',#13235,1.7);
#13235 = AXIS2_PLACEMENT_3D('',#13236,#13237,#13238);
#13236 = CARTESIAN_POINT('',(23.5,168.,221.));
#13237 = DIRECTION('',(0.,-1.,0.));
#13238 = DIRECTION('',(0.,0.,1.));
#13239 = ORIENTED_EDGE('',*,*,#13240,.T.);
#13240 = EDGE_CURVE('',#13232,#12236,#13241,.T.);
#13241 = LINE('',#13242,#13243);
#13242 = CARTESIAN_POINT('',(23.5,169.,222.7));
#13243 = VECTOR('',#13244,1.);
#13244 = DIRECTION('',(0.,-1.,0.));
#13245 = ORIENTED_EDGE('',*,*,#12235,.F.);
#13246 = ORIENTED_EDGE('',*,*,#13240,.F.);
#13247 = ORIENTED_EDGE('',*,*,#13248,.T.);
#13248 = EDGE_CURVE('',#13232,#13249,#13251,.T.);
#13249 = VERTEX_POINT('',#13250);
#13250 = CARTESIAN_POINT('',(22.295840542121,168.,222.2));
#13251 = CIRCLE('',#13252,1.7);
#13252 = AXIS2_PLACEMENT_3D('',#13253,#13254,#13255);
#13253 = CARTESIAN_POINT('',(23.5,168.,221.));
#13254 = DIRECTION('',(0.,-1.,0.));
#13255 = DIRECTION('',(0.,0.,1.));
#13256 = ORIENTED_EDGE('',*,*,#13257,.T.);
#13257 = EDGE_CURVE('',#13249,#13258,#13260,.T.);
#13258 = VERTEX_POINT('',#13259);
#13259 = CARTESIAN_POINT('',(22.295840542116,167.,222.2));
#13260 = LINE('',#13261,#13262);
#13261 = CARTESIAN_POINT('',(22.295840542121,169.,222.2));
#13262 = VECTOR('',#13263,1.);
#13263 = DIRECTION('',(0.,-1.,0.));
#13264 = ORIENTED_EDGE('',*,*,#13265,.T.);
#13265 = EDGE_CURVE('',#13258,#13266,#13268,.T.);
#13266 = VERTEX_POINT('',#13267);
#13267 = CARTESIAN_POINT('',(22.295840542122,167.,219.8));
#13268 = CIRCLE('',#13269,1.7);
#13269 = AXIS2_PLACEMENT_3D('',#13270,#13271,#13272);
#13270 = CARTESIAN_POINT('',(23.5,167.,221.));
#13271 = DIRECTION('',(0.,-1.,0.));
#13272 = DIRECTION('',(0.,0.,1.));
#13273 = ORIENTED_EDGE('',*,*,#13274,.F.);
#13274 = EDGE_CURVE('',#13275,#13266,#13277,.T.);
#13275 = VERTEX_POINT('',#13276);
#13276 = CARTESIAN_POINT('',(22.295840542121,168.,219.8));
#13277 = LINE('',#13278,#13279);
#13278 = CARTESIAN_POINT('',(22.295840542121,169.,219.8));
#13279 = VECTOR('',#13280,1.);
#13280 = DIRECTION('',(0.,-1.,0.));
#13281 = ORIENTED_EDGE('',*,*,#13282,.T.);
#13282 = EDGE_CURVE('',#13275,#13283,#13285,.T.);
#13283 = VERTEX_POINT('',#13284);
#13284 = CARTESIAN_POINT('',(24.704159457879,168.,219.8));
#13285 = CIRCLE('',#13286,1.7);
#13286 = AXIS2_PLACEMENT_3D('',#13287,#13288,#13289);
#13287 = CARTESIAN_POINT('',(23.5,168.,221.));
#13288 = DIRECTION('',(0.,-1.,0.));
#13289 = DIRECTION('',(0.,0.,1.));
#13290 = ORIENTED_EDGE('',*,*,#13291,.T.);
#13291 = EDGE_CURVE('',#13283,#13292,#13294,.T.);
#13292 = VERTEX_POINT('',#13293);
#13293 = CARTESIAN_POINT('',(24.704159457878,167.,219.8));
#13294 = LINE('',#13295,#13296);
#13295 = CARTESIAN_POINT('',(24.704159457879,169.,219.8));
#13296 = VECTOR('',#13297,1.);
#13297 = DIRECTION('',(0.,-1.,0.));
#13298 = ORIENTED_EDGE('',*,*,#13299,.T.);
#13299 = EDGE_CURVE('',#13292,#13300,#13302,.T.);
#13300 = VERTEX_POINT('',#13301);
#13301 = CARTESIAN_POINT('',(24.704159457884,167.,222.2));
#13302 = CIRCLE('',#13303,1.7);
#13303 = AXIS2_PLACEMENT_3D('',#13304,#13305,#13306);
#13304 = CARTESIAN_POINT('',(23.5,167.,221.));
#13305 = DIRECTION('',(0.,-1.,0.));
#13306 = DIRECTION('',(0.,0.,1.));
#13307 = ORIENTED_EDGE('',*,*,#13308,.F.);
#13308 = EDGE_CURVE('',#13230,#13300,#13309,.T.);
#13309 = LINE('',#13310,#13311);
#13310 = CARTESIAN_POINT('',(24.704159457879,169.,222.2));
#13311 = VECTOR('',#13312,1.);
#13312 = DIRECTION('',(0.,-1.,0.));
#13313 = CYLINDRICAL_SURFACE('',#13314,1.7);
#13314 = AXIS2_PLACEMENT_3D('',#13315,#13316,#13317);
#13315 = CARTESIAN_POINT('',(23.5,169.,221.));
#13316 = DIRECTION('',(0.,-1.,0.));
#13317 = DIRECTION('',(0.,0.,1.));
#13318 = ADVANCED_FACE('',(#13319,#13378,#13389),#13400,.T.);
#13319 = FACE_BOUND('',#13320,.T.);
#13320 = EDGE_LOOP('',(#13321,#13322,#13323,#13331,#13340,#13346,#13347,
    #13355,#13364,#13370,#13371,#13372));
#13321 = ORIENTED_EDGE('',*,*,#12376,.F.);
#13322 = ORIENTED_EDGE('',*,*,#12338,.T.);
#13323 = ORIENTED_EDGE('',*,*,#13324,.T.);
#13324 = EDGE_CURVE('',#12331,#13325,#13327,.T.);
#13325 = VERTEX_POINT('',#13326);
#13326 = CARTESIAN_POINT('',(9.5,168.,187.8));
#13327 = LINE('',#13328,#13329);
#13328 = CARTESIAN_POINT('',(72.,168.,187.8));
#13329 = VECTOR('',#13330,1.);
#13330 = DIRECTION('',(-1.,0.,0.));
#13331 = ORIENTED_EDGE('',*,*,#13332,.F.);
#13332 = EDGE_CURVE('',#13333,#13325,#13335,.T.);
#13333 = VERTEX_POINT('',#13334);
#13334 = CARTESIAN_POINT('',(9.5,168.,190.2));
#13335 = CIRCLE('',#13336,1.2);
#13336 = AXIS2_PLACEMENT_3D('',#13337,#13338,#13339);
#13337 = CARTESIAN_POINT('',(9.5,168.,189.));
#13338 = DIRECTION('',(0.,-1.,0.));
#13339 = DIRECTION('',(0.,0.,1.));
#13340 = ORIENTED_EDGE('',*,*,#13341,.F.);
#13341 = EDGE_CURVE('',#12307,#13333,#13342,.T.);
#13342 = LINE('',#13343,#13344);
#13343 = CARTESIAN_POINT('',(72.,168.,190.2));
#13344 = VECTOR('',#13345,1.);
#13345 = DIRECTION('',(-1.,0.,0.));
#13346 = ORIENTED_EDGE('',*,*,#12306,.T.);
#13347 = ORIENTED_EDGE('',*,*,#13348,.T.);
#13348 = EDGE_CURVE('',#12299,#13349,#13351,.T.);
#13349 = VERTEX_POINT('',#13350);
#13350 = CARTESIAN_POINT('',(9.5,168.,219.8));
#13351 = LINE('',#13352,#13353);
#13352 = CARTESIAN_POINT('',(72.,168.,219.8));
#13353 = VECTOR('',#13354,1.);
#13354 = DIRECTION('',(-1.,0.,0.));
#13355 = ORIENTED_EDGE('',*,*,#13356,.F.);
#13356 = EDGE_CURVE('',#13357,#13349,#13359,.T.);
#13357 = VERTEX_POINT('',#13358);
#13358 = CARTESIAN_POINT('',(9.5,168.,222.2));
#13359 = CIRCLE('',#13360,1.2);
#13360 = AXIS2_PLACEMENT_3D('',#13361,#13362,#13363);
#13361 = CARTESIAN_POINT('',(9.5,168.,221.));
#13362 = DIRECTION('',(0.,-1.,0.));
#13363 = DIRECTION('',(0.,0.,1.));
#13364 = ORIENTED_EDGE('',*,*,#13365,.F.);
#13365 = EDGE_CURVE('',#12275,#13357,#13366,.T.);
#13366 = LINE('',#13367,#13368);
#13367 = CARTESIAN_POINT('',(72.,168.,222.2));
#13368 = VECTOR('',#13369,1.);
#13369 = DIRECTION('',(-1.,0.,0.));
#13370 = ORIENTED_EDGE('',*,*,#12274,.T.);
#13371 = ORIENTED_EDGE('',*,*,#12433,.T.);
#13372 = ORIENTED_EDGE('',*,*,#13373,.F.);
#13373 = EDGE_CURVE('',#12369,#12426,#13374,.T.);
#13374 = LINE('',#13375,#13376);
#13375 = CARTESIAN_POINT('',(4.5,168.,184.));
#13376 = VECTOR('',#13377,1.);
#13377 = DIRECTION('',(0.,0.,1.));
#13378 = FACE_BOUND('',#13379,.T.);
#13379 = EDGE_LOOP('',(#13380));
#13380 = ORIENTED_EDGE('',*,*,#13381,.F.);
#13381 = EDGE_CURVE('',#13382,#13382,#13384,.T.);
#13382 = VERTEX_POINT('',#13383);
#13383 = CARTESIAN_POINT('',(7.5,168.,188.2));
#13384 = CIRCLE('',#13385,1.2);
#13385 = AXIS2_PLACEMENT_3D('',#13386,#13387,#13388);
#13386 = CARTESIAN_POINT('',(7.5,168.,187.));
#13387 = DIRECTION('',(0.,-1.,0.));
#13388 = DIRECTION('',(0.,0.,1.));
#13389 = FACE_BOUND('',#13390,.T.);
#13390 = EDGE_LOOP('',(#13391));
#13391 = ORIENTED_EDGE('',*,*,#13392,.F.);
#13392 = EDGE_CURVE('',#13393,#13393,#13395,.T.);
#13393 = VERTEX_POINT('',#13394);
#13394 = CARTESIAN_POINT('',(7.5,168.,224.2));
#13395 = CIRCLE('',#13396,1.2);
#13396 = AXIS2_PLACEMENT_3D('',#13397,#13398,#13399);
#13397 = CARTESIAN_POINT('',(7.5,168.,223.));
#13398 = DIRECTION('',(0.,-1.,0.));
#13399 = DIRECTION('',(0.,0.,1.));
#13400 = PLANE('',#13401);
#13401 = AXIS2_PLACEMENT_3D('',#13402,#13403,#13404);
#13402 = CARTESIAN_POINT('',(74.5,168.,184.));
#13403 = DIRECTION('',(0.,-1.,0.));
#13404 = DIRECTION('',(0.,0.,1.));
#13405 = ADVANCED_FACE('',(#13406),#13430,.T.);
#13406 = FACE_BOUND('',#13407,.T.);
#13407 = EDGE_LOOP('',(#13408,#13414,#13415,#13421,#13422,#13423,#13429)
  );
#13408 = ORIENTED_EDGE('',*,*,#13409,.F.);
#13409 = EDGE_CURVE('',#12658,#13182,#13410,.T.);
#13410 = LINE('',#13411,#13412);
#13411 = CARTESIAN_POINT('',(22.295840542121,173.,187.8));
#13412 = VECTOR('',#13413,1.);
#13413 = DIRECTION('',(0.,-1.,0.));
#13414 = ORIENTED_EDGE('',*,*,#12666,.T.);
#13415 = ORIENTED_EDGE('',*,*,#13416,.T.);
#13416 = EDGE_CURVE('',#12667,#13325,#13417,.T.);
#13417 = LINE('',#13418,#13419);
#13418 = CARTESIAN_POINT('',(9.5,172.,187.8));
#13419 = VECTOR('',#13420,1.);
#13420 = DIRECTION('',(0.,-1.,0.));
#13421 = ORIENTED_EDGE('',*,*,#13324,.F.);
#13422 = ORIENTED_EDGE('',*,*,#12330,.F.);
#13423 = ORIENTED_EDGE('',*,*,#13424,.F.);
#13424 = EDGE_CURVE('',#13173,#12323,#13425,.T.);
#13425 = LINE('',#13426,#13427);
#13426 = CARTESIAN_POINT('',(69.5,167.,187.8));
#13427 = VECTOR('',#13428,1.);
#13428 = DIRECTION('',(-1.,0.,0.));
#13429 = ORIENTED_EDGE('',*,*,#13181,.F.);
#13430 = PLANE('',#13431);
#13431 = AXIS2_PLACEMENT_3D('',#13432,#13433,#13434);
#13432 = CARTESIAN_POINT('',(69.5,172.,187.8));
#13433 = DIRECTION('',(0.,0.,1.));
#13434 = DIRECTION('',(-1.,0.,0.));
#13435 = ADVANCED_FACE('',(#13436),#13447,.F.);
#13436 = FACE_BOUND('',#13437,.F.);
#13437 = EDGE_LOOP('',(#13438,#13439,#13440,#13446));
#13438 = ORIENTED_EDGE('',*,*,#13424,.F.);
#13439 = ORIENTED_EDGE('',*,*,#13172,.F.);
#13440 = ORIENTED_EDGE('',*,*,#13441,.T.);
#13441 = EDGE_CURVE('',#13165,#12315,#13442,.T.);
#13442 = LINE('',#13443,#13444);
#13443 = CARTESIAN_POINT('',(69.5,167.,190.2));
#13444 = VECTOR('',#13445,1.);
#13445 = DIRECTION('',(-1.,0.,0.));
#13446 = ORIENTED_EDGE('',*,*,#12322,.F.);
#13447 = PLANE('',#13448);
#13448 = AXIS2_PLACEMENT_3D('',#13449,#13450,#13451);
#13449 = CARTESIAN_POINT('',(39.5,167.,189.));
#13450 = DIRECTION('',(0.,-1.,0.));
#13451 = DIRECTION('',(0.,0.,1.));
#13452 = ADVANCED_FACE('',(#13453),#13472,.F.);
#13453 = FACE_BOUND('',#13454,.F.);
#13454 = EDGE_LOOP('',(#13455,#13461,#13462,#13468,#13469,#13470,#13471)
  );
#13455 = ORIENTED_EDGE('',*,*,#13456,.F.);
#13456 = EDGE_CURVE('',#12684,#13156,#13457,.T.);
#13457 = LINE('',#13458,#13459);
#13458 = CARTESIAN_POINT('',(22.295840542121,173.,190.2));
#13459 = VECTOR('',#13460,1.);
#13460 = DIRECTION('',(0.,-1.,0.));
#13461 = ORIENTED_EDGE('',*,*,#12683,.T.);
#13462 = ORIENTED_EDGE('',*,*,#13463,.T.);
#13463 = EDGE_CURVE('',#12675,#13333,#13464,.T.);
#13464 = LINE('',#13465,#13466);
#13465 = CARTESIAN_POINT('',(9.5,172.,190.2));
#13466 = VECTOR('',#13467,1.);
#13467 = DIRECTION('',(0.,-1.,0.));
#13468 = ORIENTED_EDGE('',*,*,#13341,.F.);
#13469 = ORIENTED_EDGE('',*,*,#12314,.F.);
#13470 = ORIENTED_EDGE('',*,*,#13441,.F.);
#13471 = ORIENTED_EDGE('',*,*,#13164,.F.);
#13472 = PLANE('',#13473);
#13473 = AXIS2_PLACEMENT_3D('',#13474,#13475,#13476);
#13474 = CARTESIAN_POINT('',(69.5,172.,190.2));
#13475 = DIRECTION('',(0.,0.,1.));
#13476 = DIRECTION('',(-1.,0.,0.));
#13477 = ADVANCED_FACE('',(#13478),#13502,.T.);
#13478 = FACE_BOUND('',#13479,.T.);
#13479 = EDGE_LOOP('',(#13480,#13486,#13487,#13493,#13494,#13495,#13501)
  );
#13480 = ORIENTED_EDGE('',*,*,#13481,.F.);
#13481 = EDGE_CURVE('',#12801,#13275,#13482,.T.);
#13482 = LINE('',#13483,#13484);
#13483 = CARTESIAN_POINT('',(22.295840542121,173.,219.8));
#13484 = VECTOR('',#13485,1.);
#13485 = DIRECTION('',(0.,-1.,0.));
#13486 = ORIENTED_EDGE('',*,*,#12809,.T.);
#13487 = ORIENTED_EDGE('',*,*,#13488,.T.);
#13488 = EDGE_CURVE('',#12810,#13349,#13489,.T.);
#13489 = LINE('',#13490,#13491);
#13490 = CARTESIAN_POINT('',(9.5,172.,219.8));
#13491 = VECTOR('',#13492,1.);
#13492 = DIRECTION('',(0.,-1.,0.));
#13493 = ORIENTED_EDGE('',*,*,#13348,.F.);
#13494 = ORIENTED_EDGE('',*,*,#12298,.F.);
#13495 = ORIENTED_EDGE('',*,*,#13496,.F.);
#13496 = EDGE_CURVE('',#13266,#12291,#13497,.T.);
#13497 = LINE('',#13498,#13499);
#13498 = CARTESIAN_POINT('',(69.5,167.,219.8));
#13499 = VECTOR('',#13500,1.);
#13500 = DIRECTION('',(-1.,0.,0.));
#13501 = ORIENTED_EDGE('',*,*,#13274,.F.);
#13502 = PLANE('',#13503);
#13503 = AXIS2_PLACEMENT_3D('',#13504,#13505,#13506);
#13504 = CARTESIAN_POINT('',(69.5,172.,219.8));
#13505 = DIRECTION('',(0.,0.,1.));
#13506 = DIRECTION('',(-1.,0.,0.));
#13507 = ADVANCED_FACE('',(#13508),#13519,.F.);
#13508 = FACE_BOUND('',#13509,.F.);
#13509 = EDGE_LOOP('',(#13510,#13511,#13512,#13518));
#13510 = ORIENTED_EDGE('',*,*,#13496,.F.);
#13511 = ORIENTED_EDGE('',*,*,#13265,.F.);
#13512 = ORIENTED_EDGE('',*,*,#13513,.T.);
#13513 = EDGE_CURVE('',#13258,#12283,#13514,.T.);
#13514 = LINE('',#13515,#13516);
#13515 = CARTESIAN_POINT('',(69.5,167.,222.2));
#13516 = VECTOR('',#13517,1.);
#13517 = DIRECTION('',(-1.,0.,0.));
#13518 = ORIENTED_EDGE('',*,*,#12290,.F.);
#13519 = PLANE('',#13520);
#13520 = AXIS2_PLACEMENT_3D('',#13521,#13522,#13523);
#13521 = CARTESIAN_POINT('',(39.5,167.,221.));
#13522 = DIRECTION('',(0.,-1.,0.));
#13523 = DIRECTION('',(0.,0.,1.));
#13524 = ADVANCED_FACE('',(#13525),#13544,.F.);
#13525 = FACE_BOUND('',#13526,.F.);
#13526 = EDGE_LOOP('',(#13527,#13533,#13534,#13540,#13541,#13542,#13543)
  );
#13527 = ORIENTED_EDGE('',*,*,#13528,.F.);
#13528 = EDGE_CURVE('',#12827,#13249,#13529,.T.);
#13529 = LINE('',#13530,#13531);
#13530 = CARTESIAN_POINT('',(22.295840542121,173.,222.2));
#13531 = VECTOR('',#13532,1.);
#13532 = DIRECTION('',(0.,-1.,0.));
#13533 = ORIENTED_EDGE('',*,*,#12826,.T.);
#13534 = ORIENTED_EDGE('',*,*,#13535,.T.);
#13535 = EDGE_CURVE('',#12818,#13357,#13536,.T.);
#13536 = LINE('',#13537,#13538);
#13537 = CARTESIAN_POINT('',(9.5,172.,222.2));
#13538 = VECTOR('',#13539,1.);
#13539 = DIRECTION('',(0.,-1.,0.));
#13540 = ORIENTED_EDGE('',*,*,#13365,.F.);
#13541 = ORIENTED_EDGE('',*,*,#12282,.F.);
#13542 = ORIENTED_EDGE('',*,*,#13513,.F.);
#13543 = ORIENTED_EDGE('',*,*,#13257,.F.);
#13544 = PLANE('',#13545);
#13545 = AXIS2_PLACEMENT_3D('',#13546,#13547,#13548);
#13546 = CARTESIAN_POINT('',(69.5,172.,222.2));
#13547 = DIRECTION('',(0.,0.,1.));
#13548 = DIRECTION('',(-1.,0.,0.));
#13549 = ADVANCED_FACE('',(#13550),#13556,.T.);
#13550 = FACE_BOUND('',#13551,.T.);
#13551 = EDGE_LOOP('',(#13552,#13553,#13554,#13555));
#13552 = ORIENTED_EDGE('',*,*,#12632,.F.);
#13553 = ORIENTED_EDGE('',*,*,#12368,.T.);
#13554 = ORIENTED_EDGE('',*,*,#13373,.T.);
#13555 = ORIENTED_EDGE('',*,*,#12425,.F.);
#13556 = PLANE('',#13557);
#13557 = AXIS2_PLACEMENT_3D('',#13558,#13559,#13560);
#13558 = CARTESIAN_POINT('',(4.5,171.,184.));
#13559 = DIRECTION('',(-1.,0.,0.));
#13560 = DIRECTION('',(0.,0.,1.));
#13561 = ADVANCED_FACE('',(#13562),#13580,.T.);
#13562 = FACE_BOUND('',#13563,.T.);
#13563 = EDGE_LOOP('',(#13564,#13565,#13566,#13572,#13573,#13579));
#13564 = ORIENTED_EDGE('',*,*,#12606,.F.);
#13565 = ORIENTED_EDGE('',*,*,#12649,.T.);
#13566 = ORIENTED_EDGE('',*,*,#13567,.T.);
#13567 = EDGE_CURVE('',#12650,#13190,#13568,.T.);
#13568 = LINE('',#13569,#13570);
#13569 = CARTESIAN_POINT('',(24.704159457879,173.,187.8));
#13570 = VECTOR('',#13571,1.);
#13571 = DIRECTION('',(0.,-1.,0.));
#13572 = ORIENTED_EDGE('',*,*,#13198,.T.);
#13573 = ORIENTED_EDGE('',*,*,#13574,.F.);
#13574 = EDGE_CURVE('',#12570,#13199,#13575,.T.);
#13575 = LINE('',#13576,#13577);
#13576 = CARTESIAN_POINT('',(69.5,167.,187.8));
#13577 = VECTOR('',#13578,1.);
#13578 = DIRECTION('',(-1.,0.,0.));
#13579 = ORIENTED_EDGE('',*,*,#12578,.F.);
#13580 = PLANE('',#13581);
#13581 = AXIS2_PLACEMENT_3D('',#13582,#13583,#13584);
#13582 = CARTESIAN_POINT('',(69.5,172.,187.8));
#13583 = DIRECTION('',(0.,0.,1.));
#13584 = DIRECTION('',(-1.,0.,0.));
#13585 = ADVANCED_FACE('',(#13586),#13597,.F.);
#13586 = FACE_BOUND('',#13587,.F.);
#13587 = EDGE_LOOP('',(#13588,#13589,#13590,#13596));
#13588 = ORIENTED_EDGE('',*,*,#13574,.F.);
#13589 = ORIENTED_EDGE('',*,*,#12569,.F.);
#13590 = ORIENTED_EDGE('',*,*,#13591,.T.);
#13591 = EDGE_CURVE('',#12562,#13207,#13592,.T.);
#13592 = LINE('',#13593,#13594);
#13593 = CARTESIAN_POINT('',(69.5,167.,190.2));
#13594 = VECTOR('',#13595,1.);
#13595 = DIRECTION('',(-1.,0.,0.));
#13596 = ORIENTED_EDGE('',*,*,#13206,.F.);
#13597 = PLANE('',#13598);
#13598 = AXIS2_PLACEMENT_3D('',#13599,#13600,#13601);
#13599 = CARTESIAN_POINT('',(39.5,167.,189.));
#13600 = DIRECTION('',(0.,-1.,0.));
#13601 = DIRECTION('',(0.,0.,1.));
#13602 = ADVANCED_FACE('',(#13603),#13621,.F.);
#13603 = FACE_BOUND('',#13604,.F.);
#13604 = EDGE_LOOP('',(#13605,#13611,#13612,#13618,#13619,#13620));
#13605 = ORIENTED_EDGE('',*,*,#13606,.F.);
#13606 = EDGE_CURVE('',#12710,#12553,#13607,.T.);
#13607 = LINE('',#13608,#13609);
#13608 = CARTESIAN_POINT('',(54.295840542121,173.,190.2));
#13609 = VECTOR('',#13610,1.);
#13610 = DIRECTION('',(0.,-1.,0.));
#13611 = ORIENTED_EDGE('',*,*,#12709,.T.);
#13612 = ORIENTED_EDGE('',*,*,#13613,.T.);
#13613 = EDGE_CURVE('',#12701,#13137,#13614,.T.);
#13614 = LINE('',#13615,#13616);
#13615 = CARTESIAN_POINT('',(24.704159457879,173.,190.2));
#13616 = VECTOR('',#13617,1.);
#13617 = DIRECTION('',(0.,-1.,0.));
#13618 = ORIENTED_EDGE('',*,*,#13215,.T.);
#13619 = ORIENTED_EDGE('',*,*,#13591,.F.);
#13620 = ORIENTED_EDGE('',*,*,#12561,.F.);
#13621 = PLANE('',#13622);
#13622 = AXIS2_PLACEMENT_3D('',#13623,#13624,#13625);
#13623 = CARTESIAN_POINT('',(69.5,172.,190.2));
#13624 = DIRECTION('',(0.,0.,1.));
#13625 = DIRECTION('',(-1.,0.,0.));
#13626 = ADVANCED_FACE('',(#13627),#13633,.F.);
#13627 = FACE_BOUND('',#13628,.F.);
#13628 = EDGE_LOOP('',(#13629,#13630,#13631,#13632));
#13629 = ORIENTED_EDGE('',*,*,#12552,.F.);
#13630 = ORIENTED_EDGE('',*,*,#12896,.F.);
#13631 = ORIENTED_EDGE('',*,*,#12717,.T.);
#13632 = ORIENTED_EDGE('',*,*,#13606,.T.);
#13633 = CYLINDRICAL_SURFACE('',#13634,1.7);
#13634 = AXIS2_PLACEMENT_3D('',#13635,#13636,#13637);
#13635 = CARTESIAN_POINT('',(55.5,173.,189.));
#13636 = DIRECTION('',(0.,-1.,0.));
#13637 = DIRECTION('',(0.,0.,1.));
#13638 = ADVANCED_FACE('',(#13639),#13645,.F.);
#13639 = FACE_BOUND('',#13640,.F.);
#13640 = EDGE_LOOP('',(#13641,#13642,#13643,#13644));
#13641 = ORIENTED_EDGE('',*,*,#13567,.T.);
#13642 = ORIENTED_EDGE('',*,*,#13189,.F.);
#13643 = ORIENTED_EDGE('',*,*,#13409,.F.);
#13644 = ORIENTED_EDGE('',*,*,#12657,.T.);
#13645 = CYLINDRICAL_SURFACE('',#13646,1.7);
#13646 = AXIS2_PLACEMENT_3D('',#13647,#13648,#13649);
#13647 = CARTESIAN_POINT('',(23.5,173.,189.));
#13648 = DIRECTION('',(0.,-1.,0.));
#13649 = DIRECTION('',(0.,0.,1.));
#13650 = ADVANCED_FACE('',(#13651),#13662,.F.);
#13651 = FACE_BOUND('',#13652,.F.);
#13652 = EDGE_LOOP('',(#13653,#13659,#13660,#13661));
#13653 = ORIENTED_EDGE('',*,*,#13654,.T.);
#13654 = EDGE_CURVE('',#12692,#13139,#13655,.T.);
#13655 = LINE('',#13656,#13657);
#13656 = CARTESIAN_POINT('',(23.5,173.,190.7));
#13657 = VECTOR('',#13658,1.);
#13658 = DIRECTION('',(0.,-1.,0.));
#13659 = ORIENTED_EDGE('',*,*,#13136,.F.);
#13660 = ORIENTED_EDGE('',*,*,#13613,.F.);
#13661 = ORIENTED_EDGE('',*,*,#12700,.T.);
#13662 = CYLINDRICAL_SURFACE('',#13663,1.7);
#13663 = AXIS2_PLACEMENT_3D('',#13664,#13665,#13666);
#13664 = CARTESIAN_POINT('',(23.5,173.,189.));
#13665 = DIRECTION('',(0.,-1.,0.));
#13666 = DIRECTION('',(0.,0.,1.));
#13667 = ADVANCED_FACE('',(#13668),#13674,.F.);
#13668 = FACE_BOUND('',#13669,.F.);
#13669 = EDGE_LOOP('',(#13670,#13671,#13672,#13673));
#13670 = ORIENTED_EDGE('',*,*,#13332,.F.);
#13671 = ORIENTED_EDGE('',*,*,#13463,.F.);
#13672 = ORIENTED_EDGE('',*,*,#12674,.T.);
#13673 = ORIENTED_EDGE('',*,*,#13416,.T.);
#13674 = CYLINDRICAL_SURFACE('',#13675,1.2);
#13675 = AXIS2_PLACEMENT_3D('',#13676,#13677,#13678);
#13676 = CARTESIAN_POINT('',(9.5,172.,189.));
#13677 = DIRECTION('',(0.,-1.,0.));
#13678 = DIRECTION('',(0.,0.,1.));
#13679 = ADVANCED_FACE('',(#13680),#13686,.F.);
#13680 = FACE_BOUND('',#13681,.F.);
#13681 = EDGE_LOOP('',(#13682,#13683,#13684,#13685));
#13682 = ORIENTED_EDGE('',*,*,#13155,.F.);
#13683 = ORIENTED_EDGE('',*,*,#13654,.F.);
#13684 = ORIENTED_EDGE('',*,*,#12691,.T.);
#13685 = ORIENTED_EDGE('',*,*,#13456,.T.);
#13686 = CYLINDRICAL_SURFACE('',#13687,1.7);
#13687 = AXIS2_PLACEMENT_3D('',#13688,#13689,#13690);
#13688 = CARTESIAN_POINT('',(23.5,173.,189.));
#13689 = DIRECTION('',(0.,-1.,0.));
#13690 = DIRECTION('',(0.,0.,1.));
#13691 = ADVANCED_FACE('',(#13692),#13717,.F.);
#13692 = FACE_BOUND('',#13693,.F.);
#13693 = EDGE_LOOP('',(#13694,#13704,#13710,#13711));
#13694 = ORIENTED_EDGE('',*,*,#13695,.F.);
#13695 = EDGE_CURVE('',#13696,#13698,#13700,.T.);
#13696 = VERTEX_POINT('',#13697);
#13697 = CARTESIAN_POINT('',(48.5,168.,210.));
#13698 = VERTEX_POINT('',#13699);
#13699 = CARTESIAN_POINT('',(30.5,168.,210.));
#13700 = LINE('',#13701,#13702);
#13701 = CARTESIAN_POINT('',(55.,168.,210.));
#13702 = VECTOR('',#13703,1.);
#13703 = DIRECTION('',(-1.,0.,0.));
#13704 = ORIENTED_EDGE('',*,*,#13705,.F.);
#13705 = EDGE_CURVE('',#12737,#13696,#13706,.T.);
#13706 = LINE('',#13707,#13708);
#13707 = CARTESIAN_POINT('',(48.5,172.,210.));
#13708 = VECTOR('',#13709,1.);
#13709 = DIRECTION('',(0.,-1.,0.));
#13710 = ORIENTED_EDGE('',*,*,#12736,.T.);
#13711 = ORIENTED_EDGE('',*,*,#13712,.T.);
#13712 = EDGE_CURVE('',#12739,#13698,#13713,.T.);
#13713 = LINE('',#13714,#13715);
#13714 = CARTESIAN_POINT('',(30.5,172.,210.));
#13715 = VECTOR('',#13716,1.);
#13716 = DIRECTION('',(0.,-1.,0.));
#13717 = PLANE('',#13718);
#13718 = AXIS2_PLACEMENT_3D('',#13719,#13720,#13721);
#13719 = CARTESIAN_POINT('',(48.5,172.,210.));
#13720 = DIRECTION('',(0.,0.,1.));
#13721 = DIRECTION('',(-1.,0.,0.));
#13722 = ADVANCED_FACE('',(#13723),#13741,.T.);
#13723 = FACE_BOUND('',#13724,.T.);
#13724 = EDGE_LOOP('',(#13725,#13726,#13727,#13735));
#13725 = ORIENTED_EDGE('',*,*,#13705,.F.);
#13726 = ORIENTED_EDGE('',*,*,#12746,.T.);
#13727 = ORIENTED_EDGE('',*,*,#13728,.T.);
#13728 = EDGE_CURVE('',#12747,#13729,#13731,.T.);
#13729 = VERTEX_POINT('',#13730);
#13730 = CARTESIAN_POINT('',(48.5,168.,200.));
#13731 = LINE('',#13732,#13733);
#13732 = CARTESIAN_POINT('',(48.5,172.,200.));
#13733 = VECTOR('',#13734,1.);
#13734 = DIRECTION('',(0.,-1.,0.));
#13735 = ORIENTED_EDGE('',*,*,#13736,.F.);
#13736 = EDGE_CURVE('',#13696,#13729,#13737,.T.);
#13737 = LINE('',#13738,#13739);
#13738 = CARTESIAN_POINT('',(48.5,168.,191.5));
#13739 = VECTOR('',#13740,1.);
#13740 = DIRECTION('',(0.,-0.,-1.));
#13741 = PLANE('',#13742);
#13742 = AXIS2_PLACEMENT_3D('',#13743,#13744,#13745);
#13743 = CARTESIAN_POINT('',(48.5,172.,200.));
#13744 = DIRECTION('',(-1.,0.,0.));
#13745 = DIRECTION('',(0.,0.,1.));
#13746 = ADVANCED_FACE('',(#13747),#13765,.F.);
#13747 = FACE_BOUND('',#13748,.F.);
#13748 = EDGE_LOOP('',(#13749,#13750,#13751,#13759));
#13749 = ORIENTED_EDGE('',*,*,#13712,.F.);
#13750 = ORIENTED_EDGE('',*,*,#12762,.T.);
#13751 = ORIENTED_EDGE('',*,*,#13752,.T.);
#13752 = EDGE_CURVE('',#12755,#13753,#13755,.T.);
#13753 = VERTEX_POINT('',#13754);
#13754 = CARTESIAN_POINT('',(30.5,168.,200.));
#13755 = LINE('',#13756,#13757);
#13756 = CARTESIAN_POINT('',(30.5,172.,200.));
#13757 = VECTOR('',#13758,1.);
#13758 = DIRECTION('',(0.,-1.,0.));
#13759 = ORIENTED_EDGE('',*,*,#13760,.F.);
#13760 = EDGE_CURVE('',#13698,#13753,#13761,.T.);
#13761 = LINE('',#13762,#13763);
#13762 = CARTESIAN_POINT('',(30.5,168.,191.5));
#13763 = VECTOR('',#13764,1.);
#13764 = DIRECTION('',(0.,-0.,-1.));
#13765 = PLANE('',#13766);
#13766 = AXIS2_PLACEMENT_3D('',#13767,#13768,#13769);
#13767 = CARTESIAN_POINT('',(30.5,172.,200.));
#13768 = DIRECTION('',(-1.,0.,0.));
#13769 = DIRECTION('',(0.,0.,1.));
#13770 = ADVANCED_FACE('',(#13771),#13782,.T.);
#13771 = FACE_BOUND('',#13772,.T.);
#13772 = EDGE_LOOP('',(#13773,#13779,#13780,#13781));
#13773 = ORIENTED_EDGE('',*,*,#13774,.F.);
#13774 = EDGE_CURVE('',#13729,#13753,#13775,.T.);
#13775 = LINE('',#13776,#13777);
#13776 = CARTESIAN_POINT('',(55.,168.,200.));
#13777 = VECTOR('',#13778,1.);
#13778 = DIRECTION('',(-1.,0.,0.));
#13779 = ORIENTED_EDGE('',*,*,#13728,.F.);
#13780 = ORIENTED_EDGE('',*,*,#12754,.T.);
#13781 = ORIENTED_EDGE('',*,*,#13752,.T.);
#13782 = PLANE('',#13783);
#13783 = AXIS2_PLACEMENT_3D('',#13784,#13785,#13786);
#13784 = CARTESIAN_POINT('',(48.5,172.,200.));
#13785 = DIRECTION('',(0.,0.,1.));
#13786 = DIRECTION('',(-1.,0.,0.));
#13787 = ADVANCED_FACE('',(#13788),#13799,.F.);
#13788 = FACE_BOUND('',#13789,.F.);
#13789 = EDGE_LOOP('',(#13790,#13791,#13797,#13798));
#13790 = ORIENTED_EDGE('',*,*,#13381,.F.);
#13791 = ORIENTED_EDGE('',*,*,#13792,.F.);
#13792 = EDGE_CURVE('',#12771,#13382,#13793,.T.);
#13793 = LINE('',#13794,#13795);
#13794 = CARTESIAN_POINT('',(7.5,172.,188.2));
#13795 = VECTOR('',#13796,1.);
#13796 = DIRECTION('',(0.,-1.,0.));
#13797 = ORIENTED_EDGE('',*,*,#12770,.T.);
#13798 = ORIENTED_EDGE('',*,*,#13792,.T.);
#13799 = CYLINDRICAL_SURFACE('',#13800,1.2);
#13800 = AXIS2_PLACEMENT_3D('',#13801,#13802,#13803);
#13801 = CARTESIAN_POINT('',(7.5,172.,187.));
#13802 = DIRECTION('',(0.,-1.,0.));
#13803 = DIRECTION('',(0.,0.,1.));
#13804 = ADVANCED_FACE('',(#13805),#13823,.T.);
#13805 = FACE_BOUND('',#13806,.T.);
#13806 = EDGE_LOOP('',(#13807,#13808,#13809,#13815,#13816,#13822));
#13807 = ORIENTED_EDGE('',*,*,#12984,.F.);
#13808 = ORIENTED_EDGE('',*,*,#12792,.T.);
#13809 = ORIENTED_EDGE('',*,*,#13810,.T.);
#13810 = EDGE_CURVE('',#12793,#13283,#13811,.T.);
#13811 = LINE('',#13812,#13813);
#13812 = CARTESIAN_POINT('',(24.704159457879,173.,219.8));
#13813 = VECTOR('',#13814,1.);
#13814 = DIRECTION('',(0.,-1.,0.));
#13815 = ORIENTED_EDGE('',*,*,#13291,.T.);
#13816 = ORIENTED_EDGE('',*,*,#13817,.F.);
#13817 = EDGE_CURVE('',#12948,#13292,#13818,.T.);
#13818 = LINE('',#13819,#13820);
#13819 = CARTESIAN_POINT('',(69.5,167.,219.8));
#13820 = VECTOR('',#13821,1.);
#13821 = DIRECTION('',(-1.,0.,0.));
#13822 = ORIENTED_EDGE('',*,*,#12956,.F.);
#13823 = PLANE('',#13824);
#13824 = AXIS2_PLACEMENT_3D('',#13825,#13826,#13827);
#13825 = CARTESIAN_POINT('',(69.5,172.,219.8));
#13826 = DIRECTION('',(0.,0.,1.));
#13827 = DIRECTION('',(-1.,0.,0.));
#13828 = ADVANCED_FACE('',(#13829),#13840,.F.);
#13829 = FACE_BOUND('',#13830,.F.);
#13830 = EDGE_LOOP('',(#13831,#13832,#13833,#13834));
#13831 = ORIENTED_EDGE('',*,*,#12930,.F.);
#13832 = ORIENTED_EDGE('',*,*,#12999,.F.);
#13833 = ORIENTED_EDGE('',*,*,#12860,.T.);
#13834 = ORIENTED_EDGE('',*,*,#13835,.T.);
#13835 = EDGE_CURVE('',#12853,#12931,#13836,.T.);
#13836 = LINE('',#13837,#13838);
#13837 = CARTESIAN_POINT('',(54.295840542121,173.,222.2));
#13838 = VECTOR('',#13839,1.);
#13839 = DIRECTION('',(0.,-1.,0.));
#13840 = CYLINDRICAL_SURFACE('',#13841,1.7);
#13841 = AXIS2_PLACEMENT_3D('',#13842,#13843,#13844);
#13842 = CARTESIAN_POINT('',(55.5,173.,221.));
#13843 = DIRECTION('',(0.,-1.,0.));
#13844 = DIRECTION('',(0.,0.,1.));
#13845 = ADVANCED_FACE('',(#13846),#13852,.F.);
#13846 = FACE_BOUND('',#13847,.F.);
#13847 = EDGE_LOOP('',(#13848,#13849,#13850,#13851));
#13848 = ORIENTED_EDGE('',*,*,#13810,.T.);
#13849 = ORIENTED_EDGE('',*,*,#13282,.F.);
#13850 = ORIENTED_EDGE('',*,*,#13481,.F.);
#13851 = ORIENTED_EDGE('',*,*,#12800,.T.);
#13852 = CYLINDRICAL_SURFACE('',#13853,1.7);
#13853 = AXIS2_PLACEMENT_3D('',#13854,#13855,#13856);
#13854 = CARTESIAN_POINT('',(23.5,173.,221.));
#13855 = DIRECTION('',(0.,-1.,0.));
#13856 = DIRECTION('',(0.,0.,1.));
#13857 = ADVANCED_FACE('',(#13858),#13876,.F.);
#13858 = FACE_BOUND('',#13859,.F.);
#13859 = EDGE_LOOP('',(#13860,#13861,#13862,#13868,#13869,#13875));
#13860 = ORIENTED_EDGE('',*,*,#13835,.F.);
#13861 = ORIENTED_EDGE('',*,*,#12852,.T.);
#13862 = ORIENTED_EDGE('',*,*,#13863,.T.);
#13863 = EDGE_CURVE('',#12844,#13230,#13864,.T.);
#13864 = LINE('',#13865,#13866);
#13865 = CARTESIAN_POINT('',(24.704159457879,173.,222.2));
#13866 = VECTOR('',#13867,1.);
#13867 = DIRECTION('',(0.,-1.,0.));
#13868 = ORIENTED_EDGE('',*,*,#13308,.T.);
#13869 = ORIENTED_EDGE('',*,*,#13870,.F.);
#13870 = EDGE_CURVE('',#12940,#13300,#13871,.T.);
#13871 = LINE('',#13872,#13873);
#13872 = CARTESIAN_POINT('',(69.5,167.,222.2));
#13873 = VECTOR('',#13874,1.);
#13874 = DIRECTION('',(-1.,0.,0.));
#13875 = ORIENTED_EDGE('',*,*,#12939,.F.);
#13876 = PLANE('',#13877);
#13877 = AXIS2_PLACEMENT_3D('',#13878,#13879,#13880);
#13878 = CARTESIAN_POINT('',(69.5,172.,222.2));
#13879 = DIRECTION('',(0.,0.,1.));
#13880 = DIRECTION('',(-1.,0.,0.));
#13881 = ADVANCED_FACE('',(#13882),#13893,.F.);
#13882 = FACE_BOUND('',#13883,.F.);
#13883 = EDGE_LOOP('',(#13884,#13890,#13891,#13892));
#13884 = ORIENTED_EDGE('',*,*,#13885,.T.);
#13885 = EDGE_CURVE('',#12835,#13232,#13886,.T.);
#13886 = LINE('',#13887,#13888);
#13887 = CARTESIAN_POINT('',(23.5,173.,222.7));
#13888 = VECTOR('',#13889,1.);
#13889 = DIRECTION('',(0.,-1.,0.));
#13890 = ORIENTED_EDGE('',*,*,#13229,.F.);
#13891 = ORIENTED_EDGE('',*,*,#13863,.F.);
#13892 = ORIENTED_EDGE('',*,*,#12843,.T.);
#13893 = CYLINDRICAL_SURFACE('',#13894,1.7);
#13894 = AXIS2_PLACEMENT_3D('',#13895,#13896,#13897);
#13895 = CARTESIAN_POINT('',(23.5,173.,221.));
#13896 = DIRECTION('',(0.,-1.,0.));
#13897 = DIRECTION('',(0.,0.,1.));
#13898 = ADVANCED_FACE('',(#13899),#13905,.F.);
#13899 = FACE_BOUND('',#13900,.F.);
#13900 = EDGE_LOOP('',(#13901,#13902,#13903,#13904));
#13901 = ORIENTED_EDGE('',*,*,#13356,.F.);
#13902 = ORIENTED_EDGE('',*,*,#13535,.F.);
#13903 = ORIENTED_EDGE('',*,*,#12817,.T.);
#13904 = ORIENTED_EDGE('',*,*,#13488,.T.);
#13905 = CYLINDRICAL_SURFACE('',#13906,1.2);
#13906 = AXIS2_PLACEMENT_3D('',#13907,#13908,#13909);
#13907 = CARTESIAN_POINT('',(9.5,172.,221.));
#13908 = DIRECTION('',(0.,-1.,0.));
#13909 = DIRECTION('',(0.,0.,1.));
#13910 = ADVANCED_FACE('',(#13911),#13917,.F.);
#13911 = FACE_BOUND('',#13912,.F.);
#13912 = EDGE_LOOP('',(#13913,#13914,#13915,#13916));
#13913 = ORIENTED_EDGE('',*,*,#13248,.F.);
#13914 = ORIENTED_EDGE('',*,*,#13885,.F.);
#13915 = ORIENTED_EDGE('',*,*,#12834,.T.);
#13916 = ORIENTED_EDGE('',*,*,#13528,.T.);
#13917 = CYLINDRICAL_SURFACE('',#13918,1.7);
#13918 = AXIS2_PLACEMENT_3D('',#13919,#13920,#13921);
#13919 = CARTESIAN_POINT('',(23.5,173.,221.));
#13920 = DIRECTION('',(0.,-1.,0.));
#13921 = DIRECTION('',(0.,0.,1.));
#13922 = ADVANCED_FACE('',(#13923),#13934,.F.);
#13923 = FACE_BOUND('',#13924,.F.);
#13924 = EDGE_LOOP('',(#13925,#13926,#13932,#13933));
#13925 = ORIENTED_EDGE('',*,*,#13392,.F.);
#13926 = ORIENTED_EDGE('',*,*,#13927,.F.);
#13927 = EDGE_CURVE('',#12880,#13393,#13928,.T.);
#13928 = LINE('',#13929,#13930);
#13929 = CARTESIAN_POINT('',(7.5,172.,224.2));
#13930 = VECTOR('',#13931,1.);
#13931 = DIRECTION('',(0.,-1.,0.));
#13932 = ORIENTED_EDGE('',*,*,#12879,.T.);
#13933 = ORIENTED_EDGE('',*,*,#13927,.T.);
#13934 = CYLINDRICAL_SURFACE('',#13935,1.2);
#13935 = AXIS2_PLACEMENT_3D('',#13936,#13937,#13938);
#13936 = CARTESIAN_POINT('',(7.5,172.,223.));
#13937 = DIRECTION('',(0.,-1.,0.));
#13938 = DIRECTION('',(0.,0.,1.));
#13939 = ADVANCED_FACE('',(#13940),#13946,.F.);
#13940 = FACE_BOUND('',#13941,.F.);
#13941 = EDGE_LOOP('',(#13942,#13943,#13944,#13945));
#13942 = ORIENTED_EDGE('',*,*,#13817,.F.);
#13943 = ORIENTED_EDGE('',*,*,#12947,.F.);
#13944 = ORIENTED_EDGE('',*,*,#13870,.T.);
#13945 = ORIENTED_EDGE('',*,*,#13299,.F.);
#13946 = PLANE('',#13947);
#13947 = AXIS2_PLACEMENT_3D('',#13948,#13949,#13950);
#13948 = CARTESIAN_POINT('',(39.5,167.,221.));
#13949 = DIRECTION('',(0.,-1.,0.));
#13950 = DIRECTION('',(0.,0.,1.));
#13951 = ADVANCED_FACE('',(#13952,#13959),#13993,.F.);
#13952 = FACE_BOUND('',#13953,.F.);
#13953 = EDGE_LOOP('',(#13954,#13955,#13956,#13957,#13958));
#13954 = ORIENTED_EDGE('',*,*,#13072,.T.);
#13955 = ORIENTED_EDGE('',*,*,#13120,.T.);
#13956 = ORIENTED_EDGE('',*,*,#13103,.T.);
#13957 = ORIENTED_EDGE('',*,*,#13055,.T.);
#13958 = ORIENTED_EDGE('',*,*,#13024,.T.);
#13959 = FACE_BOUND('',#13960,.F.);
#13960 = EDGE_LOOP('',(#13961,#13971,#13979,#13987));
#13961 = ORIENTED_EDGE('',*,*,#13962,.T.);
#13962 = EDGE_CURVE('',#13963,#13965,#13967,.T.);
#13963 = VERTEX_POINT('',#13964);
#13964 = CARTESIAN_POINT('',(30.5,163.6,200.));
#13965 = VERTEX_POINT('',#13966);
#13966 = CARTESIAN_POINT('',(48.5,163.6,200.));
#13967 = LINE('',#13968,#13969);
#13968 = CARTESIAN_POINT('',(44.232369677239,163.6,200.));
#13969 = VECTOR('',#13970,1.);
#13970 = DIRECTION('',(1.,0.,0.));
#13971 = ORIENTED_EDGE('',*,*,#13972,.T.);
#13972 = EDGE_CURVE('',#13965,#13973,#13975,.T.);
#13973 = VERTEX_POINT('',#13974);
#13974 = CARTESIAN_POINT('',(48.5,163.6,210.));
#13975 = LINE('',#13976,#13977);
#13976 = CARTESIAN_POINT('',(48.5,163.6,202.29910016894));
#13977 = VECTOR('',#13978,1.);
#13978 = DIRECTION('',(0.,0.,1.));
#13979 = ORIENTED_EDGE('',*,*,#13980,.F.);
#13980 = EDGE_CURVE('',#13981,#13973,#13983,.T.);
#13981 = VERTEX_POINT('',#13982);
#13982 = CARTESIAN_POINT('',(30.5,163.6,210.));
#13983 = LINE('',#13984,#13985);
#13984 = CARTESIAN_POINT('',(44.232369677239,163.6,210.));
#13985 = VECTOR('',#13986,1.);
#13986 = DIRECTION('',(1.,0.,0.));
#13987 = ORIENTED_EDGE('',*,*,#13988,.F.);
#13988 = EDGE_CURVE('',#13963,#13981,#13989,.T.);
#13989 = LINE('',#13990,#13991);
#13990 = CARTESIAN_POINT('',(30.5,163.6,202.29910016894));
#13991 = VECTOR('',#13992,1.);
#13992 = DIRECTION('',(0.,0.,1.));
#13993 = PLANE('',#13994);
#13994 = AXIS2_PLACEMENT_3D('',#13995,#13996,#13997);
#13995 = CARTESIAN_POINT('',(39.964739354477,163.6,204.59820033788));
#13996 = DIRECTION('',(0.,1.,-0.));
#13997 = DIRECTION('',(0.,0.,-1.));
#13998 = ADVANCED_FACE('',(#13999),#14015,.F.);
#13999 = FACE_BOUND('',#14000,.F.);
#14000 = EDGE_LOOP('',(#14001,#14007,#14008,#14014));
#14001 = ORIENTED_EDGE('',*,*,#14002,.F.);
#14002 = EDGE_CURVE('',#13696,#13973,#14003,.T.);
#14003 = LINE('',#14004,#14005);
#14004 = CARTESIAN_POINT('',(48.5,169.,210.));
#14005 = VECTOR('',#14006,1.);
#14006 = DIRECTION('',(0.,-1.,0.));
#14007 = ORIENTED_EDGE('',*,*,#13695,.T.);
#14008 = ORIENTED_EDGE('',*,*,#14009,.T.);
#14009 = EDGE_CURVE('',#13698,#13981,#14010,.T.);
#14010 = LINE('',#14011,#14012);
#14011 = CARTESIAN_POINT('',(30.5,169.,210.));
#14012 = VECTOR('',#14013,1.);
#14013 = DIRECTION('',(0.,-1.,0.));
#14014 = ORIENTED_EDGE('',*,*,#13980,.T.);
#14015 = PLANE('',#14016);
#14016 = AXIS2_PLACEMENT_3D('',#14017,#14018,#14019);
#14017 = CARTESIAN_POINT('',(48.5,169.,210.));
#14018 = DIRECTION('',(0.,0.,1.));
#14019 = DIRECTION('',(-1.,0.,0.));
#14020 = ADVANCED_FACE('',(#14021),#14032,.T.);
#14021 = FACE_BOUND('',#14022,.T.);
#14022 = EDGE_LOOP('',(#14023,#14024,#14025,#14031));
#14023 = ORIENTED_EDGE('',*,*,#14002,.F.);
#14024 = ORIENTED_EDGE('',*,*,#13736,.T.);
#14025 = ORIENTED_EDGE('',*,*,#14026,.T.);
#14026 = EDGE_CURVE('',#13729,#13965,#14027,.T.);
#14027 = LINE('',#14028,#14029);
#14028 = CARTESIAN_POINT('',(48.5,169.,200.));
#14029 = VECTOR('',#14030,1.);
#14030 = DIRECTION('',(0.,-1.,0.));
#14031 = ORIENTED_EDGE('',*,*,#13972,.T.);
#14032 = PLANE('',#14033);
#14033 = AXIS2_PLACEMENT_3D('',#14034,#14035,#14036);
#14034 = CARTESIAN_POINT('',(48.5,169.,200.));
#14035 = DIRECTION('',(-1.,0.,0.));
#14036 = DIRECTION('',(0.,0.,1.));
#14037 = ADVANCED_FACE('',(#14038),#14049,.F.);
#14038 = FACE_BOUND('',#14039,.F.);
#14039 = EDGE_LOOP('',(#14040,#14041,#14042,#14048));
#14040 = ORIENTED_EDGE('',*,*,#14009,.F.);
#14041 = ORIENTED_EDGE('',*,*,#13760,.T.);
#14042 = ORIENTED_EDGE('',*,*,#14043,.T.);
#14043 = EDGE_CURVE('',#13753,#13963,#14044,.T.);
#14044 = LINE('',#14045,#14046);
#14045 = CARTESIAN_POINT('',(30.5,169.,200.));
#14046 = VECTOR('',#14047,1.);
#14047 = DIRECTION('',(0.,-1.,0.));
#14048 = ORIENTED_EDGE('',*,*,#13988,.T.);
#14049 = PLANE('',#14050);
#14050 = AXIS2_PLACEMENT_3D('',#14051,#14052,#14053);
#14051 = CARTESIAN_POINT('',(30.5,169.,200.));
#14052 = DIRECTION('',(-1.,0.,0.));
#14053 = DIRECTION('',(0.,0.,1.));
#14054 = ADVANCED_FACE('',(#14055),#14061,.T.);
#14055 = FACE_BOUND('',#14056,.T.);
#14056 = EDGE_LOOP('',(#14057,#14058,#14059,#14060));
#14057 = ORIENTED_EDGE('',*,*,#14026,.F.);
#14058 = ORIENTED_EDGE('',*,*,#13774,.T.);
#14059 = ORIENTED_EDGE('',*,*,#14043,.T.);
#14060 = ORIENTED_EDGE('',*,*,#13962,.T.);
#14061 = PLANE('',#14062);
#14062 = AXIS2_PLACEMENT_3D('',#14063,#14064,#14065);
#14063 = CARTESIAN_POINT('',(48.5,169.,200.));
#14064 = DIRECTION('',(0.,0.,1.));
#14065 = DIRECTION('',(-1.,0.,0.));
#14066 = MANIFOLD_SOLID_BREP('',#14067);
#14067 = CLOSED_SHELL('',(#14068,#14108,#14148,#14170,#14192,#14204));
#14068 = ADVANCED_FACE('',(#14069),#14103,.F.);
#14069 = FACE_BOUND('',#14070,.F.);
#14070 = EDGE_LOOP('',(#14071,#14081,#14089,#14097));
#14071 = ORIENTED_EDGE('',*,*,#14072,.F.);
#14072 = EDGE_CURVE('',#14073,#14075,#14077,.T.);
#14073 = VERTEX_POINT('',#14074);
#14074 = CARTESIAN_POINT('',(71.,184.,190.5));
#14075 = VERTEX_POINT('',#14076);
#14076 = CARTESIAN_POINT('',(71.,184.,219.5));
#14077 = LINE('',#14078,#14079);
#14078 = CARTESIAN_POINT('',(71.,184.,190.5));
#14079 = VECTOR('',#14080,1.);
#14080 = DIRECTION('',(0.,0.,1.));
#14081 = ORIENTED_EDGE('',*,*,#14082,.T.);
#14082 = EDGE_CURVE('',#14073,#14083,#14085,.T.);
#14083 = VERTEX_POINT('',#14084);
#14084 = CARTESIAN_POINT('',(71.,171.,190.5));
#14085 = LINE('',#14086,#14087);
#14086 = CARTESIAN_POINT('',(71.,184.,190.5));
#14087 = VECTOR('',#14088,1.);
#14088 = DIRECTION('',(0.,-1.,0.));
#14089 = ORIENTED_EDGE('',*,*,#14090,.T.);
#14090 = EDGE_CURVE('',#14083,#14091,#14093,.T.);
#14091 = VERTEX_POINT('',#14092);
#14092 = CARTESIAN_POINT('',(71.,171.,219.5));
#14093 = LINE('',#14094,#14095);
#14094 = CARTESIAN_POINT('',(71.,171.,190.5));
#14095 = VECTOR('',#14096,1.);
#14096 = DIRECTION('',(0.,0.,1.));
#14097 = ORIENTED_EDGE('',*,*,#14098,.F.);
#14098 = EDGE_CURVE('',#14075,#14091,#14099,.T.);
#14099 = LINE('',#14100,#14101);
#14100 = CARTESIAN_POINT('',(71.,184.,219.5));
#14101 = VECTOR('',#14102,1.);
#14102 = DIRECTION('',(0.,-1.,0.));
#14103 = PLANE('',#14104);
#14104 = AXIS2_PLACEMENT_3D('',#14105,#14106,#14107);
#14105 = CARTESIAN_POINT('',(71.,184.,190.5));
#14106 = DIRECTION('',(-1.,0.,0.));
#14107 = DIRECTION('',(0.,0.,1.));
#14108 = ADVANCED_FACE('',(#14109),#14143,.T.);
#14109 = FACE_BOUND('',#14110,.T.);
#14110 = EDGE_LOOP('',(#14111,#14121,#14129,#14137));
#14111 = ORIENTED_EDGE('',*,*,#14112,.F.);
#14112 = EDGE_CURVE('',#14113,#14115,#14117,.T.);
#14113 = VERTEX_POINT('',#14114);
#14114 = CARTESIAN_POINT('',(42.,184.,190.5));
#14115 = VERTEX_POINT('',#14116);
#14116 = CARTESIAN_POINT('',(42.,184.,219.5));
#14117 = LINE('',#14118,#14119);
#14118 = CARTESIAN_POINT('',(42.,184.,190.5));
#14119 = VECTOR('',#14120,1.);
#14120 = DIRECTION('',(0.,0.,1.));
#14121 = ORIENTED_EDGE('',*,*,#14122,.T.);
#14122 = EDGE_CURVE('',#14113,#14123,#14125,.T.);
#14123 = VERTEX_POINT('',#14124);
#14124 = CARTESIAN_POINT('',(42.,171.,190.5));
#14125 = LINE('',#14126,#14127);
#14126 = CARTESIAN_POINT('',(42.,184.,190.5));
#14127 = VECTOR('',#14128,1.);
#14128 = DIRECTION('',(0.,-1.,0.));
#14129 = ORIENTED_EDGE('',*,*,#14130,.T.);
#14130 = EDGE_CURVE('',#14123,#14131,#14133,.T.);
#14131 = VERTEX_POINT('',#14132);
#14132 = CARTESIAN_POINT('',(42.,171.,219.5));
#14133 = LINE('',#14134,#14135);
#14134 = CARTESIAN_POINT('',(42.,171.,190.5));
#14135 = VECTOR('',#14136,1.);
#14136 = DIRECTION('',(0.,0.,1.));
#14137 = ORIENTED_EDGE('',*,*,#14138,.F.);
#14138 = EDGE_CURVE('',#14115,#14131,#14139,.T.);
#14139 = LINE('',#14140,#14141);
#14140 = CARTESIAN_POINT('',(42.,184.,219.5));
#14141 = VECTOR('',#14142,1.);
#14142 = DIRECTION('',(0.,-1.,0.));
#14143 = PLANE('',#14144);
#14144 = AXIS2_PLACEMENT_3D('',#14145,#14146,#14147);
#14145 = CARTESIAN_POINT('',(42.,184.,190.5));
#14146 = DIRECTION('',(-1.,0.,0.));
#14147 = DIRECTION('',(0.,0.,1.));
#14148 = ADVANCED_FACE('',(#14149),#14165,.F.);
#14149 = FACE_BOUND('',#14150,.F.);
#14150 = EDGE_LOOP('',(#14151,#14157,#14158,#14164));
#14151 = ORIENTED_EDGE('',*,*,#14152,.F.);
#14152 = EDGE_CURVE('',#14073,#14113,#14153,.T.);
#14153 = LINE('',#14154,#14155);
#14154 = CARTESIAN_POINT('',(71.,184.,190.5));
#14155 = VECTOR('',#14156,1.);
#14156 = DIRECTION('',(-1.,0.,0.));
#14157 = ORIENTED_EDGE('',*,*,#14072,.T.);
#14158 = ORIENTED_EDGE('',*,*,#14159,.T.);
#14159 = EDGE_CURVE('',#14075,#14115,#14160,.T.);
#14160 = LINE('',#14161,#14162);
#14161 = CARTESIAN_POINT('',(71.,184.,219.5));
#14162 = VECTOR('',#14163,1.);
#14163 = DIRECTION('',(-1.,0.,0.));
#14164 = ORIENTED_EDGE('',*,*,#14112,.F.);
#14165 = PLANE('',#14166);
#14166 = AXIS2_PLACEMENT_3D('',#14167,#14168,#14169);
#14167 = CARTESIAN_POINT('',(71.,184.,190.5));
#14168 = DIRECTION('',(0.,-1.,0.));
#14169 = DIRECTION('',(0.,0.,1.));
#14170 = ADVANCED_FACE('',(#14171),#14187,.T.);
#14171 = FACE_BOUND('',#14172,.T.);
#14172 = EDGE_LOOP('',(#14173,#14179,#14180,#14186));
#14173 = ORIENTED_EDGE('',*,*,#14174,.F.);
#14174 = EDGE_CURVE('',#14083,#14123,#14175,.T.);
#14175 = LINE('',#14176,#14177);
#14176 = CARTESIAN_POINT('',(71.,171.,190.5));
#14177 = VECTOR('',#14178,1.);
#14178 = DIRECTION('',(-1.,0.,0.));
#14179 = ORIENTED_EDGE('',*,*,#14090,.T.);
#14180 = ORIENTED_EDGE('',*,*,#14181,.T.);
#14181 = EDGE_CURVE('',#14091,#14131,#14182,.T.);
#14182 = LINE('',#14183,#14184);
#14183 = CARTESIAN_POINT('',(71.,171.,219.5));
#14184 = VECTOR('',#14185,1.);
#14185 = DIRECTION('',(-1.,0.,0.));
#14186 = ORIENTED_EDGE('',*,*,#14130,.F.);
#14187 = PLANE('',#14188);
#14188 = AXIS2_PLACEMENT_3D('',#14189,#14190,#14191);
#14189 = CARTESIAN_POINT('',(71.,171.,190.5));
#14190 = DIRECTION('',(0.,-1.,0.));
#14191 = DIRECTION('',(0.,0.,1.));
#14192 = ADVANCED_FACE('',(#14193),#14199,.F.);
#14193 = FACE_BOUND('',#14194,.F.);
#14194 = EDGE_LOOP('',(#14195,#14196,#14197,#14198));
#14195 = ORIENTED_EDGE('',*,*,#14082,.F.);
#14196 = ORIENTED_EDGE('',*,*,#14152,.T.);
#14197 = ORIENTED_EDGE('',*,*,#14122,.T.);
#14198 = ORIENTED_EDGE('',*,*,#14174,.F.);
#14199 = PLANE('',#14200);
#14200 = AXIS2_PLACEMENT_3D('',#14201,#14202,#14203);
#14201 = CARTESIAN_POINT('',(71.,184.,190.5));
#14202 = DIRECTION('',(0.,0.,1.));
#14203 = DIRECTION('',(-1.,0.,0.));
#14204 = ADVANCED_FACE('',(#14205),#14211,.T.);
#14205 = FACE_BOUND('',#14206,.T.);
#14206 = EDGE_LOOP('',(#14207,#14208,#14209,#14210));
#14207 = ORIENTED_EDGE('',*,*,#14098,.F.);
#14208 = ORIENTED_EDGE('',*,*,#14159,.T.);
#14209 = ORIENTED_EDGE('',*,*,#14138,.T.);
#14210 = ORIENTED_EDGE('',*,*,#14181,.F.);
#14211 = PLANE('',#14212);
#14212 = AXIS2_PLACEMENT_3D('',#14213,#14214,#14215);
#14213 = CARTESIAN_POINT('',(71.,184.,219.5));
#14214 = DIRECTION('',(0.,0.,1.));
#14215 = DIRECTION('',(-1.,0.,0.));
#14216 = MANIFOLD_SOLID_BREP('',#14217);
#14217 = CLOSED_SHELL('',(#14218,#14258,#14298,#14320,#14342,#14354));
#14218 = ADVANCED_FACE('',(#14219),#14253,.F.);
#14219 = FACE_BOUND('',#14220,.F.);
#14220 = EDGE_LOOP('',(#14221,#14231,#14239,#14247));
#14221 = ORIENTED_EDGE('',*,*,#14222,.F.);
#14222 = EDGE_CURVE('',#14223,#14225,#14227,.T.);
#14223 = VERTEX_POINT('',#14224);
#14224 = CARTESIAN_POINT('',(34.5,184.,189.));
#14225 = VERTEX_POINT('',#14226);
#14226 = CARTESIAN_POINT('',(34.5,184.,221.));
#14227 = LINE('',#14228,#14229);
#14228 = CARTESIAN_POINT('',(34.5,184.,189.));
#14229 = VECTOR('',#14230,1.);
#14230 = DIRECTION('',(0.,0.,1.));
#14231 = ORIENTED_EDGE('',*,*,#14232,.T.);
#14232 = EDGE_CURVE('',#14223,#14233,#14235,.T.);
#14233 = VERTEX_POINT('',#14234);
#14234 = CARTESIAN_POINT('',(34.5,171.,189.));
#14235 = LINE('',#14236,#14237);
#14236 = CARTESIAN_POINT('',(34.5,184.,189.));
#14237 = VECTOR('',#14238,1.);
#14238 = DIRECTION('',(0.,-1.,0.));
#14239 = ORIENTED_EDGE('',*,*,#14240,.T.);
#14240 = EDGE_CURVE('',#14233,#14241,#14243,.T.);
#14241 = VERTEX_POINT('',#14242);
#14242 = CARTESIAN_POINT('',(34.5,171.,221.));
#14243 = LINE('',#14244,#14245);
#14244 = CARTESIAN_POINT('',(34.5,171.,189.));
#14245 = VECTOR('',#14246,1.);
#14246 = DIRECTION('',(0.,0.,1.));
#14247 = ORIENTED_EDGE('',*,*,#14248,.F.);
#14248 = EDGE_CURVE('',#14225,#14241,#14249,.T.);
#14249 = LINE('',#14250,#14251);
#14250 = CARTESIAN_POINT('',(34.5,184.,221.));
#14251 = VECTOR('',#14252,1.);
#14252 = DIRECTION('',(0.,-1.,0.));
#14253 = PLANE('',#14254);
#14254 = AXIS2_PLACEMENT_3D('',#14255,#14256,#14257);
#14255 = CARTESIAN_POINT('',(34.5,184.,189.));
#14256 = DIRECTION('',(-1.,0.,0.));
#14257 = DIRECTION('',(0.,0.,1.));
#14258 = ADVANCED_FACE('',(#14259),#14293,.T.);
#14259 = FACE_BOUND('',#14260,.T.);
#14260 = EDGE_LOOP('',(#14261,#14271,#14279,#14287));
#14261 = ORIENTED_EDGE('',*,*,#14262,.F.);
#14262 = EDGE_CURVE('',#14263,#14265,#14267,.T.);
#14263 = VERTEX_POINT('',#14264);
#14264 = CARTESIAN_POINT('',(10.5,184.,189.));
#14265 = VERTEX_POINT('',#14266);
#14266 = CARTESIAN_POINT('',(10.5,184.,221.));
#14267 = LINE('',#14268,#14269);
#14268 = CARTESIAN_POINT('',(10.5,184.,189.));
#14269 = VECTOR('',#14270,1.);
#14270 = DIRECTION('',(0.,0.,1.));
#14271 = ORIENTED_EDGE('',*,*,#14272,.T.);
#14272 = EDGE_CURVE('',#14263,#14273,#14275,.T.);
#14273 = VERTEX_POINT('',#14274);
#14274 = CARTESIAN_POINT('',(10.5,171.,189.));
#14275 = LINE('',#14276,#14277);
#14276 = CARTESIAN_POINT('',(10.5,184.,189.));
#14277 = VECTOR('',#14278,1.);
#14278 = DIRECTION('',(0.,-1.,0.));
#14279 = ORIENTED_EDGE('',*,*,#14280,.T.);
#14280 = EDGE_CURVE('',#14273,#14281,#14283,.T.);
#14281 = VERTEX_POINT('',#14282);
#14282 = CARTESIAN_POINT('',(10.5,171.,221.));
#14283 = LINE('',#14284,#14285);
#14284 = CARTESIAN_POINT('',(10.5,171.,189.));
#14285 = VECTOR('',#14286,1.);
#14286 = DIRECTION('',(0.,0.,1.));
#14287 = ORIENTED_EDGE('',*,*,#14288,.F.);
#14288 = EDGE_CURVE('',#14265,#14281,#14289,.T.);
#14289 = LINE('',#14290,#14291);
#14290 = CARTESIAN_POINT('',(10.5,184.,221.));
#14291 = VECTOR('',#14292,1.);
#14292 = DIRECTION('',(0.,-1.,0.));
#14293 = PLANE('',#14294);
#14294 = AXIS2_PLACEMENT_3D('',#14295,#14296,#14297);
#14295 = CARTESIAN_POINT('',(10.5,184.,189.));
#14296 = DIRECTION('',(-1.,0.,0.));
#14297 = DIRECTION('',(0.,0.,1.));
#14298 = ADVANCED_FACE('',(#14299),#14315,.F.);
#14299 = FACE_BOUND('',#14300,.F.);
#14300 = EDGE_LOOP('',(#14301,#14307,#14308,#14314));
#14301 = ORIENTED_EDGE('',*,*,#14302,.F.);
#14302 = EDGE_CURVE('',#14223,#14263,#14303,.T.);
#14303 = LINE('',#14304,#14305);
#14304 = CARTESIAN_POINT('',(34.5,184.,189.));
#14305 = VECTOR('',#14306,1.);
#14306 = DIRECTION('',(-1.,0.,0.));
#14307 = ORIENTED_EDGE('',*,*,#14222,.T.);
#14308 = ORIENTED_EDGE('',*,*,#14309,.T.);
#14309 = EDGE_CURVE('',#14225,#14265,#14310,.T.);
#14310 = LINE('',#14311,#14312);
#14311 = CARTESIAN_POINT('',(34.5,184.,221.));
#14312 = VECTOR('',#14313,1.);
#14313 = DIRECTION('',(-1.,0.,0.));
#14314 = ORIENTED_EDGE('',*,*,#14262,.F.);
#14315 = PLANE('',#14316);
#14316 = AXIS2_PLACEMENT_3D('',#14317,#14318,#14319);
#14317 = CARTESIAN_POINT('',(34.5,184.,189.));
#14318 = DIRECTION('',(0.,-1.,0.));
#14319 = DIRECTION('',(0.,0.,1.));
#14320 = ADVANCED_FACE('',(#14321),#14337,.T.);
#14321 = FACE_BOUND('',#14322,.T.);
#14322 = EDGE_LOOP('',(#14323,#14329,#14330,#14336));
#14323 = ORIENTED_EDGE('',*,*,#14324,.F.);
#14324 = EDGE_CURVE('',#14233,#14273,#14325,.T.);
#14325 = LINE('',#14326,#14327);
#14326 = CARTESIAN_POINT('',(34.5,171.,189.));
#14327 = VECTOR('',#14328,1.);
#14328 = DIRECTION('',(-1.,0.,0.));
#14329 = ORIENTED_EDGE('',*,*,#14240,.T.);
#14330 = ORIENTED_EDGE('',*,*,#14331,.T.);
#14331 = EDGE_CURVE('',#14241,#14281,#14332,.T.);
#14332 = LINE('',#14333,#14334);
#14333 = CARTESIAN_POINT('',(34.5,171.,221.));
#14334 = VECTOR('',#14335,1.);
#14335 = DIRECTION('',(-1.,0.,0.));
#14336 = ORIENTED_EDGE('',*,*,#14280,.F.);
#14337 = PLANE('',#14338);
#14338 = AXIS2_PLACEMENT_3D('',#14339,#14340,#14341);
#14339 = CARTESIAN_POINT('',(34.5,171.,189.));
#14340 = DIRECTION('',(0.,-1.,0.));
#14341 = DIRECTION('',(0.,0.,1.));
#14342 = ADVANCED_FACE('',(#14343),#14349,.F.);
#14343 = FACE_BOUND('',#14344,.F.);
#14344 = EDGE_LOOP('',(#14345,#14346,#14347,#14348));
#14345 = ORIENTED_EDGE('',*,*,#14232,.F.);
#14346 = ORIENTED_EDGE('',*,*,#14302,.T.);
#14347 = ORIENTED_EDGE('',*,*,#14272,.T.);
#14348 = ORIENTED_EDGE('',*,*,#14324,.F.);
#14349 = PLANE('',#14350);
#14350 = AXIS2_PLACEMENT_3D('',#14351,#14352,#14353);
#14351 = CARTESIAN_POINT('',(34.5,184.,189.));
#14352 = DIRECTION('',(0.,0.,1.));
#14353 = DIRECTION('',(-1.,0.,0.));
#14354 = ADVANCED_FACE('',(#14355),#14361,.T.);
#14355 = FACE_BOUND('',#14356,.T.);
#14356 = EDGE_LOOP('',(#14357,#14358,#14359,#14360));
#14357 = ORIENTED_EDGE('',*,*,#14248,.F.);
#14358 = ORIENTED_EDGE('',*,*,#14309,.T.);
#14359 = ORIENTED_EDGE('',*,*,#14288,.T.);
#14360 = ORIENTED_EDGE('',*,*,#14331,.F.);
#14361 = PLANE('',#14362);
#14362 = AXIS2_PLACEMENT_3D('',#14363,#14364,#14365);
#14363 = CARTESIAN_POINT('',(34.5,184.,221.));
#14364 = DIRECTION('',(0.,0.,1.));
#14365 = DIRECTION('',(-1.,0.,0.));
#14366 = MANIFOLD_SOLID_BREP('',#14367);
#14367 = CLOSED_SHELL('',(#14368,#14570,#14601,#14735,#14759,#14783,
    #14800,#14824,#14848,#14865,#14889,#15016,#15040,#15064,#15081,
    #15105,#15129,#15146,#15177,#15201,#15225,#15242,#15260,#15306,
    #15330,#15365,#15382,#15428,#15452,#15487,#15504,#15550,#15574,
    #15609,#15626,#15672,#15696,#15731,#15748,#15760,#15777,#15789,
    #15806,#15818,#15835,#15847));
#14368 = ADVANCED_FACE('',(#14369,#14531),#14565,.F.);
#14369 = FACE_BOUND('',#14370,.F.);
#14370 = EDGE_LOOP('',(#14371,#14381,#14389,#14397,#14405,#14413,#14421,
    #14429,#14437,#14445,#14453,#14461,#14469,#14477,#14485,#14493,
    #14501,#14509,#14517,#14525));
#14371 = ORIENTED_EDGE('',*,*,#14372,.T.);
#14372 = EDGE_CURVE('',#14373,#14375,#14377,.T.);
#14373 = VERTEX_POINT('',#14374);
#14374 = CARTESIAN_POINT('',(77.5,113.5,227.));
#14375 = VERTEX_POINT('',#14376);
#14376 = CARTESIAN_POINT('',(1.5,113.5,227.));
#14377 = LINE('',#14378,#14379);
#14378 = CARTESIAN_POINT('',(77.5,113.5,227.));
#14379 = VECTOR('',#14380,1.);
#14380 = DIRECTION('',(-1.,0.,0.));
#14381 = ORIENTED_EDGE('',*,*,#14382,.F.);
#14382 = EDGE_CURVE('',#14383,#14375,#14385,.T.);
#14383 = VERTEX_POINT('',#14384);
#14384 = CARTESIAN_POINT('',(1.5,113.5,225.));
#14385 = LINE('',#14386,#14387);
#14386 = CARTESIAN_POINT('',(1.5,113.5,183.));
#14387 = VECTOR('',#14388,1.);
#14388 = DIRECTION('',(0.,0.,1.));
#14389 = ORIENTED_EDGE('',*,*,#14390,.F.);
#14390 = EDGE_CURVE('',#14391,#14383,#14393,.T.);
#14391 = VERTEX_POINT('',#14392);
#14392 = CARTESIAN_POINT('',(4.5,113.5,225.));
#14393 = LINE('',#14394,#14395);
#14394 = CARTESIAN_POINT('',(41.,113.5,225.));
#14395 = VECTOR('',#14396,1.);
#14396 = DIRECTION('',(-1.,0.,0.));
#14397 = ORIENTED_EDGE('',*,*,#14398,.T.);
#14398 = EDGE_CURVE('',#14391,#14399,#14401,.T.);
#14399 = VERTEX_POINT('',#14400);
#14400 = CARTESIAN_POINT('',(4.5,113.5,221.));
#14401 = LINE('',#14402,#14403);
#14402 = CARTESIAN_POINT('',(4.5,113.5,202.));
#14403 = VECTOR('',#14404,1.);
#14404 = DIRECTION('',(0.,-0.,-1.));
#14405 = ORIENTED_EDGE('',*,*,#14406,.T.);
#14406 = EDGE_CURVE('',#14399,#14407,#14409,.T.);
#14407 = VERTEX_POINT('',#14408);
#14408 = CARTESIAN_POINT('',(1.5,113.5,221.));
#14409 = LINE('',#14410,#14411);
#14410 = CARTESIAN_POINT('',(41.,113.5,221.));
#14411 = VECTOR('',#14412,1.);
#14412 = DIRECTION('',(-1.,0.,0.));
#14413 = ORIENTED_EDGE('',*,*,#14414,.F.);
#14414 = EDGE_CURVE('',#14415,#14407,#14417,.T.);
#14415 = VERTEX_POINT('',#14416);
#14416 = CARTESIAN_POINT('',(1.5,113.5,189.));
#14417 = LINE('',#14418,#14419);
#14418 = CARTESIAN_POINT('',(1.5,113.5,183.));
#14419 = VECTOR('',#14420,1.);
#14420 = DIRECTION('',(0.,0.,1.));
#14421 = ORIENTED_EDGE('',*,*,#14422,.F.);
#14422 = EDGE_CURVE('',#14423,#14415,#14425,.T.);
#14423 = VERTEX_POINT('',#14424);
#14424 = CARTESIAN_POINT('',(4.5,113.5,189.));
#14425 = LINE('',#14426,#14427);
#14426 = CARTESIAN_POINT('',(41.,113.5,189.));
#14427 = VECTOR('',#14428,1.);
#14428 = DIRECTION('',(-1.,0.,0.));
#14429 = ORIENTED_EDGE('',*,*,#14430,.T.);
#14430 = EDGE_CURVE('',#14423,#14431,#14433,.T.);
#14431 = VERTEX_POINT('',#14432);
#14432 = CARTESIAN_POINT('',(4.5,113.5,185.));
#14433 = LINE('',#14434,#14435);
#14434 = CARTESIAN_POINT('',(4.5,113.5,184.));
#14435 = VECTOR('',#14436,1.);
#14436 = DIRECTION('',(0.,-0.,-1.));
#14437 = ORIENTED_EDGE('',*,*,#14438,.T.);
#14438 = EDGE_CURVE('',#14431,#14439,#14441,.T.);
#14439 = VERTEX_POINT('',#14440);
#14440 = CARTESIAN_POINT('',(1.5,113.5,185.));
#14441 = LINE('',#14442,#14443);
#14442 = CARTESIAN_POINT('',(41.,113.5,185.));
#14443 = VECTOR('',#14444,1.);
#14444 = DIRECTION('',(-1.,0.,0.));
#14445 = ORIENTED_EDGE('',*,*,#14446,.F.);
#14446 = EDGE_CURVE('',#14447,#14439,#14449,.T.);
#14447 = VERTEX_POINT('',#14448);
#14448 = CARTESIAN_POINT('',(1.5,113.5,183.));
#14449 = LINE('',#14450,#14451);
#14450 = CARTESIAN_POINT('',(1.5,113.5,183.));
#14451 = VECTOR('',#14452,1.);
#14452 = DIRECTION('',(0.,0.,1.));
#14453 = ORIENTED_EDGE('',*,*,#14454,.F.);
#14454 = EDGE_CURVE('',#14455,#14447,#14457,.T.);
#14455 = VERTEX_POINT('',#14456);
#14456 = CARTESIAN_POINT('',(77.5,113.5,183.));
#14457 = LINE('',#14458,#14459);
#14458 = CARTESIAN_POINT('',(77.5,113.5,183.));
#14459 = VECTOR('',#14460,1.);
#14460 = DIRECTION('',(-1.,0.,0.));
#14461 = ORIENTED_EDGE('',*,*,#14462,.T.);
#14462 = EDGE_CURVE('',#14455,#14463,#14465,.T.);
#14463 = VERTEX_POINT('',#14464);
#14464 = CARTESIAN_POINT('',(77.5,113.5,185.));
#14465 = LINE('',#14466,#14467);
#14466 = CARTESIAN_POINT('',(77.5,113.5,183.));
#14467 = VECTOR('',#14468,1.);
#14468 = DIRECTION('',(0.,0.,1.));
#14469 = ORIENTED_EDGE('',*,*,#14470,.T.);
#14470 = EDGE_CURVE('',#14463,#14471,#14473,.T.);
#14471 = VERTEX_POINT('',#14472);
#14472 = CARTESIAN_POINT('',(74.5,113.5,185.));
#14473 = LINE('',#14474,#14475);
#14474 = CARTESIAN_POINT('',(77.5,113.5,185.));
#14475 = VECTOR('',#14476,1.);
#14476 = DIRECTION('',(-1.,0.,0.));
#14477 = ORIENTED_EDGE('',*,*,#14478,.F.);
#14478 = EDGE_CURVE('',#14479,#14471,#14481,.T.);
#14479 = VERTEX_POINT('',#14480);
#14480 = CARTESIAN_POINT('',(74.5,113.5,189.));
#14481 = LINE('',#14482,#14483);
#14482 = CARTESIAN_POINT('',(74.5,113.5,184.));
#14483 = VECTOR('',#14484,1.);
#14484 = DIRECTION('',(0.,-0.,-1.));
#14485 = ORIENTED_EDGE('',*,*,#14486,.F.);
#14486 = EDGE_CURVE('',#14487,#14479,#14489,.T.);
#14487 = VERTEX_POINT('',#14488);
#14488 = CARTESIAN_POINT('',(77.5,113.5,189.));
#14489 = LINE('',#14490,#14491);
#14490 = CARTESIAN_POINT('',(77.5,113.5,189.));
#14491 = VECTOR('',#14492,1.);
#14492 = DIRECTION('',(-1.,0.,0.));
#14493 = ORIENTED_EDGE('',*,*,#14494,.T.);
#14494 = EDGE_CURVE('',#14487,#14495,#14497,.T.);
#14495 = VERTEX_POINT('',#14496);
#14496 = CARTESIAN_POINT('',(77.5,113.5,221.));
#14497 = LINE('',#14498,#14499);
#14498 = CARTESIAN_POINT('',(77.5,113.5,183.));
#14499 = VECTOR('',#14500,1.);
#14500 = DIRECTION('',(0.,0.,1.));
#14501 = ORIENTED_EDGE('',*,*,#14502,.T.);
#14502 = EDGE_CURVE('',#14495,#14503,#14505,.T.);
#14503 = VERTEX_POINT('',#14504);
#14504 = CARTESIAN_POINT('',(74.5,113.5,221.));
#14505 = LINE('',#14506,#14507);
#14506 = CARTESIAN_POINT('',(77.5,113.5,221.));
#14507 = VECTOR('',#14508,1.);
#14508 = DIRECTION('',(-1.,0.,0.));
#14509 = ORIENTED_EDGE('',*,*,#14510,.F.);
#14510 = EDGE_CURVE('',#14511,#14503,#14513,.T.);
#14511 = VERTEX_POINT('',#14512);
#14512 = CARTESIAN_POINT('',(74.5,113.5,225.));
#14513 = LINE('',#14514,#14515);
#14514 = CARTESIAN_POINT('',(74.5,113.5,202.));
#14515 = VECTOR('',#14516,1.);
#14516 = DIRECTION('',(0.,-0.,-1.));
#14517 = ORIENTED_EDGE('',*,*,#14518,.F.);
#14518 = EDGE_CURVE('',#14519,#14511,#14521,.T.);
#14519 = VERTEX_POINT('',#14520);
#14520 = CARTESIAN_POINT('',(77.5,113.5,225.));
#14521 = LINE('',#14522,#14523);
#14522 = CARTESIAN_POINT('',(77.5,113.5,225.));
#14523 = VECTOR('',#14524,1.);
#14524 = DIRECTION('',(-1.,0.,0.));
#14525 = ORIENTED_EDGE('',*,*,#14526,.T.);
#14526 = EDGE_CURVE('',#14519,#14373,#14527,.T.);
#14527 = LINE('',#14528,#14529);
#14528 = CARTESIAN_POINT('',(77.5,113.5,183.));
#14529 = VECTOR('',#14530,1.);
#14530 = DIRECTION('',(0.,0.,1.));
#14531 = FACE_BOUND('',#14532,.F.);
#14532 = EDGE_LOOP('',(#14533,#14543,#14551,#14559));
#14533 = ORIENTED_EDGE('',*,*,#14534,.F.);
#14534 = EDGE_CURVE('',#14535,#14537,#14539,.T.);
#14535 = VERTEX_POINT('',#14536);
#14536 = CARTESIAN_POINT('',(70.8,113.5,219.8));
#14537 = VERTEX_POINT('',#14538);
#14538 = CARTESIAN_POINT('',(8.2,113.5,219.8));
#14539 = LINE('',#14540,#14541);
#14540 = CARTESIAN_POINT('',(74.15,113.5,219.8));
#14541 = VECTOR('',#14542,1.);
#14542 = DIRECTION('',(-1.,0.,0.));
#14543 = ORIENTED_EDGE('',*,*,#14544,.T.);
#14544 = EDGE_CURVE('',#14535,#14545,#14547,.T.);
#14545 = VERTEX_POINT('',#14546);
#14546 = CARTESIAN_POINT('',(70.8,113.5,190.2));
#14547 = LINE('',#14548,#14549);
#14548 = CARTESIAN_POINT('',(70.8,113.5,186.6));
#14549 = VECTOR('',#14550,1.);
#14550 = DIRECTION('',(0.,-0.,-1.));
#14551 = ORIENTED_EDGE('',*,*,#14552,.T.);
#14552 = EDGE_CURVE('',#14545,#14553,#14555,.T.);
#14553 = VERTEX_POINT('',#14554);
#14554 = CARTESIAN_POINT('',(8.2,113.5,190.2));
#14555 = LINE('',#14556,#14557);
#14556 = CARTESIAN_POINT('',(74.15,113.5,190.2));
#14557 = VECTOR('',#14558,1.);
#14558 = DIRECTION('',(-1.,0.,0.));
#14559 = ORIENTED_EDGE('',*,*,#14560,.F.);
#14560 = EDGE_CURVE('',#14537,#14553,#14561,.T.);
#14561 = LINE('',#14562,#14563);
#14562 = CARTESIAN_POINT('',(8.2,113.5,186.6));
#14563 = VECTOR('',#14564,1.);
#14564 = DIRECTION('',(0.,-0.,-1.));
#14565 = PLANE('',#14566);
#14566 = AXIS2_PLACEMENT_3D('',#14567,#14568,#14569);
#14567 = CARTESIAN_POINT('',(77.5,113.5,183.));
#14568 = DIRECTION('',(0.,-1.,0.));
#14569 = DIRECTION('',(0.,0.,1.));
#14570 = ADVANCED_FACE('',(#14571),#14596,.T.);
#14571 = FACE_BOUND('',#14572,.T.);
#14572 = EDGE_LOOP('',(#14573,#14581,#14582,#14590));
#14573 = ORIENTED_EDGE('',*,*,#14574,.F.);
#14574 = EDGE_CURVE('',#14373,#14575,#14577,.T.);
#14575 = VERTEX_POINT('',#14576);
#14576 = CARTESIAN_POINT('',(77.5,108.5,227.));
#14577 = LINE('',#14578,#14579);
#14578 = CARTESIAN_POINT('',(77.5,113.5,227.));
#14579 = VECTOR('',#14580,1.);
#14580 = DIRECTION('',(0.,-1.,0.));
#14581 = ORIENTED_EDGE('',*,*,#14372,.T.);
#14582 = ORIENTED_EDGE('',*,*,#14583,.T.);
#14583 = EDGE_CURVE('',#14375,#14584,#14586,.T.);
#14584 = VERTEX_POINT('',#14585);
#14585 = CARTESIAN_POINT('',(1.5,108.5,227.));
#14586 = LINE('',#14587,#14588);
#14587 = CARTESIAN_POINT('',(1.5,113.5,227.));
#14588 = VECTOR('',#14589,1.);
#14589 = DIRECTION('',(0.,-1.,0.));
#14590 = ORIENTED_EDGE('',*,*,#14591,.F.);
#14591 = EDGE_CURVE('',#14575,#14584,#14592,.T.);
#14592 = LINE('',#14593,#14594);
#14593 = CARTESIAN_POINT('',(77.5,108.5,227.));
#14594 = VECTOR('',#14595,1.);
#14595 = DIRECTION('',(-1.,0.,0.));
#14596 = PLANE('',#14597);
#14597 = AXIS2_PLACEMENT_3D('',#14598,#14599,#14600);
#14598 = CARTESIAN_POINT('',(77.5,113.5,227.));
#14599 = DIRECTION('',(0.,0.,1.));
#14600 = DIRECTION('',(-1.,0.,0.));
#14601 = ADVANCED_FACE('',(#14602),#14730,.T.);
#14602 = FACE_BOUND('',#14603,.T.);
#14603 = EDGE_LOOP('',(#14604,#14612,#14613,#14621,#14629,#14637,#14645,
    #14653,#14661,#14667,#14668,#14676,#14684,#14692,#14700,#14708,
    #14716,#14722,#14723,#14724));
#14604 = ORIENTED_EDGE('',*,*,#14605,.F.);
#14605 = EDGE_CURVE('',#14455,#14606,#14608,.T.);
#14606 = VERTEX_POINT('',#14607);
#14607 = CARTESIAN_POINT('',(77.5,108.5,183.));
#14608 = LINE('',#14609,#14610);
#14609 = CARTESIAN_POINT('',(77.5,113.5,183.));
#14610 = VECTOR('',#14611,1.);
#14611 = DIRECTION('',(0.,-1.,0.));
#14612 = ORIENTED_EDGE('',*,*,#14462,.T.);
#14613 = ORIENTED_EDGE('',*,*,#14614,.F.);
#14614 = EDGE_CURVE('',#14615,#14463,#14617,.T.);
#14615 = VERTEX_POINT('',#14616);
#14616 = CARTESIAN_POINT('',(77.5,165.,185.));
#14617 = LINE('',#14618,#14619);
#14618 = CARTESIAN_POINT('',(77.5,165.,185.));
#14619 = VECTOR('',#14620,1.);
#14620 = DIRECTION('',(0.,-1.,0.));
#14621 = ORIENTED_EDGE('',*,*,#14622,.F.);
#14622 = EDGE_CURVE('',#14623,#14615,#14625,.T.);
#14623 = VERTEX_POINT('',#14624);
#14624 = CARTESIAN_POINT('',(77.5,165.,184.));
#14625 = LINE('',#14626,#14627);
#14626 = CARTESIAN_POINT('',(77.5,165.,184.));
#14627 = VECTOR('',#14628,1.);
#14628 = DIRECTION('',(0.,0.,1.));
#14629 = ORIENTED_EDGE('',*,*,#14630,.F.);
#14630 = EDGE_CURVE('',#14631,#14623,#14633,.T.);
#14631 = VERTEX_POINT('',#14632);
#14632 = CARTESIAN_POINT('',(77.5,168.,184.));
#14633 = LINE('',#14634,#14635);
#14634 = CARTESIAN_POINT('',(77.5,168.,184.));
#14635 = VECTOR('',#14636,1.);
#14636 = DIRECTION('',(0.,-1.,0.));
#14637 = ORIENTED_EDGE('',*,*,#14638,.T.);
#14638 = EDGE_CURVE('',#14631,#14639,#14641,.T.);
#14639 = VERTEX_POINT('',#14640);
#14640 = CARTESIAN_POINT('',(77.5,168.,191.));
#14641 = LINE('',#14642,#14643);
#14642 = CARTESIAN_POINT('',(77.5,168.,184.));
#14643 = VECTOR('',#14644,1.);
#14644 = DIRECTION('',(0.,0.,1.));
#14645 = ORIENTED_EDGE('',*,*,#14646,.T.);
#14646 = EDGE_CURVE('',#14639,#14647,#14649,.T.);
#14647 = VERTEX_POINT('',#14648);
#14648 = CARTESIAN_POINT('',(77.5,165.,191.));
#14649 = LINE('',#14650,#14651);
#14650 = CARTESIAN_POINT('',(77.5,168.,191.));
#14651 = VECTOR('',#14652,1.);
#14652 = DIRECTION('',(0.,-1.,0.));
#14653 = ORIENTED_EDGE('',*,*,#14654,.F.);
#14654 = EDGE_CURVE('',#14655,#14647,#14657,.T.);
#14655 = VERTEX_POINT('',#14656);
#14656 = CARTESIAN_POINT('',(77.5,165.,189.));
#14657 = LINE('',#14658,#14659);
#14658 = CARTESIAN_POINT('',(77.5,165.,184.));
#14659 = VECTOR('',#14660,1.);
#14660 = DIRECTION('',(0.,0.,1.));
#14661 = ORIENTED_EDGE('',*,*,#14662,.T.);
#14662 = EDGE_CURVE('',#14655,#14487,#14663,.T.);
#14663 = LINE('',#14664,#14665);
#14664 = CARTESIAN_POINT('',(77.5,165.,189.));
#14665 = VECTOR('',#14666,1.);
#14666 = DIRECTION('',(0.,-1.,0.));
#14667 = ORIENTED_EDGE('',*,*,#14494,.T.);
#14668 = ORIENTED_EDGE('',*,*,#14669,.F.);
#14669 = EDGE_CURVE('',#14670,#14495,#14672,.T.);
#14670 = VERTEX_POINT('',#14671);
#14671 = CARTESIAN_POINT('',(77.5,165.,221.));
#14672 = LINE('',#14673,#14674);
#14673 = CARTESIAN_POINT('',(77.5,165.,221.));
#14674 = VECTOR('',#14675,1.);
#14675 = DIRECTION('',(0.,-1.,0.));
#14676 = ORIENTED_EDGE('',*,*,#14677,.F.);
#14677 = EDGE_CURVE('',#14678,#14670,#14680,.T.);
#14678 = VERTEX_POINT('',#14679);
#14679 = CARTESIAN_POINT('',(77.5,165.,219.));
#14680 = LINE('',#14681,#14682);
#14681 = CARTESIAN_POINT('',(77.5,165.,219.));
#14682 = VECTOR('',#14683,1.);
#14683 = DIRECTION('',(0.,0.,1.));
#14684 = ORIENTED_EDGE('',*,*,#14685,.F.);
#14685 = EDGE_CURVE('',#14686,#14678,#14688,.T.);
#14686 = VERTEX_POINT('',#14687);
#14687 = CARTESIAN_POINT('',(77.5,168.,219.));
#14688 = LINE('',#14689,#14690);
#14689 = CARTESIAN_POINT('',(77.5,168.,219.));
#14690 = VECTOR('',#14691,1.);
#14691 = DIRECTION('',(0.,-1.,0.));
#14692 = ORIENTED_EDGE('',*,*,#14693,.T.);
#14693 = EDGE_CURVE('',#14686,#14694,#14696,.T.);
#14694 = VERTEX_POINT('',#14695);
#14695 = CARTESIAN_POINT('',(77.5,168.,226.));
#14696 = LINE('',#14697,#14698);
#14697 = CARTESIAN_POINT('',(77.5,168.,219.));
#14698 = VECTOR('',#14699,1.);
#14699 = DIRECTION('',(0.,0.,1.));
#14700 = ORIENTED_EDGE('',*,*,#14701,.T.);
#14701 = EDGE_CURVE('',#14694,#14702,#14704,.T.);
#14702 = VERTEX_POINT('',#14703);
#14703 = CARTESIAN_POINT('',(77.5,165.,226.));
#14704 = LINE('',#14705,#14706);
#14705 = CARTESIAN_POINT('',(77.5,168.,226.));
#14706 = VECTOR('',#14707,1.);
#14707 = DIRECTION('',(0.,-1.,0.));
#14708 = ORIENTED_EDGE('',*,*,#14709,.F.);
#14709 = EDGE_CURVE('',#14710,#14702,#14712,.T.);
#14710 = VERTEX_POINT('',#14711);
#14711 = CARTESIAN_POINT('',(77.5,165.,225.));
#14712 = LINE('',#14713,#14714);
#14713 = CARTESIAN_POINT('',(77.5,165.,219.));
#14714 = VECTOR('',#14715,1.);
#14715 = DIRECTION('',(0.,0.,1.));
#14716 = ORIENTED_EDGE('',*,*,#14717,.T.);
#14717 = EDGE_CURVE('',#14710,#14519,#14718,.T.);
#14718 = LINE('',#14719,#14720);
#14719 = CARTESIAN_POINT('',(77.5,165.,225.));
#14720 = VECTOR('',#14721,1.);
#14721 = DIRECTION('',(0.,-1.,0.));
#14722 = ORIENTED_EDGE('',*,*,#14526,.T.);
#14723 = ORIENTED_EDGE('',*,*,#14574,.T.);
#14724 = ORIENTED_EDGE('',*,*,#14725,.F.);
#14725 = EDGE_CURVE('',#14606,#14575,#14726,.T.);
#14726 = LINE('',#14727,#14728);
#14727 = CARTESIAN_POINT('',(77.5,108.5,183.));
#14728 = VECTOR('',#14729,1.);
#14729 = DIRECTION('',(0.,0.,1.));
#14730 = PLANE('',#14731);
#14731 = AXIS2_PLACEMENT_3D('',#14732,#14733,#14734);
#14732 = CARTESIAN_POINT('',(77.5,134.13262195122,205.));
#14733 = DIRECTION('',(1.,0.,-0.));
#14734 = DIRECTION('',(0.,0.,-1.));
#14735 = ADVANCED_FACE('',(#14736),#14754,.T.);
#14736 = FACE_BOUND('',#14737,.T.);
#14737 = EDGE_LOOP('',(#14738,#14739,#14747,#14753));
#14738 = ORIENTED_EDGE('',*,*,#14717,.F.);
#14739 = ORIENTED_EDGE('',*,*,#14740,.T.);
#14740 = EDGE_CURVE('',#14710,#14741,#14743,.T.);
#14741 = VERTEX_POINT('',#14742);
#14742 = CARTESIAN_POINT('',(74.5,165.,225.));
#14743 = LINE('',#14744,#14745);
#14744 = CARTESIAN_POINT('',(77.5,165.,225.));
#14745 = VECTOR('',#14746,1.);
#14746 = DIRECTION('',(-1.,0.,0.));
#14747 = ORIENTED_EDGE('',*,*,#14748,.T.);
#14748 = EDGE_CURVE('',#14741,#14511,#14749,.T.);
#14749 = LINE('',#14750,#14751);
#14750 = CARTESIAN_POINT('',(74.5,165.,225.));
#14751 = VECTOR('',#14752,1.);
#14752 = DIRECTION('',(0.,-1.,0.));
#14753 = ORIENTED_EDGE('',*,*,#14518,.F.);
#14754 = PLANE('',#14755);
#14755 = AXIS2_PLACEMENT_3D('',#14756,#14757,#14758);
#14756 = CARTESIAN_POINT('',(77.5,165.,225.));
#14757 = DIRECTION('',(0.,0.,1.));
#14758 = DIRECTION('',(-1.,0.,0.));
#14759 = ADVANCED_FACE('',(#14760),#14778,.T.);
#14760 = FACE_BOUND('',#14761,.T.);
#14761 = EDGE_LOOP('',(#14762,#14763,#14771,#14777));
#14762 = ORIENTED_EDGE('',*,*,#14748,.F.);
#14763 = ORIENTED_EDGE('',*,*,#14764,.F.);
#14764 = EDGE_CURVE('',#14765,#14741,#14767,.T.);
#14765 = VERTEX_POINT('',#14766);
#14766 = CARTESIAN_POINT('',(74.5,165.,221.));
#14767 = LINE('',#14768,#14769);
#14768 = CARTESIAN_POINT('',(74.5,165.,221.));
#14769 = VECTOR('',#14770,1.);
#14770 = DIRECTION('',(0.,0.,1.));
#14771 = ORIENTED_EDGE('',*,*,#14772,.T.);
#14772 = EDGE_CURVE('',#14765,#14503,#14773,.T.);
#14773 = LINE('',#14774,#14775);
#14774 = CARTESIAN_POINT('',(74.5,165.,221.));
#14775 = VECTOR('',#14776,1.);
#14776 = DIRECTION('',(0.,-1.,0.));
#14777 = ORIENTED_EDGE('',*,*,#14510,.F.);
#14778 = PLANE('',#14779);
#14779 = AXIS2_PLACEMENT_3D('',#14780,#14781,#14782);
#14780 = CARTESIAN_POINT('',(74.5,165.,221.));
#14781 = DIRECTION('',(-1.,0.,0.));
#14782 = DIRECTION('',(0.,0.,1.));
#14783 = ADVANCED_FACE('',(#14784),#14795,.F.);
#14784 = FACE_BOUND('',#14785,.F.);
#14785 = EDGE_LOOP('',(#14786,#14787,#14793,#14794));
#14786 = ORIENTED_EDGE('',*,*,#14669,.F.);
#14787 = ORIENTED_EDGE('',*,*,#14788,.T.);
#14788 = EDGE_CURVE('',#14670,#14765,#14789,.T.);
#14789 = LINE('',#14790,#14791);
#14790 = CARTESIAN_POINT('',(77.5,165.,221.));
#14791 = VECTOR('',#14792,1.);
#14792 = DIRECTION('',(-1.,0.,0.));
#14793 = ORIENTED_EDGE('',*,*,#14772,.T.);
#14794 = ORIENTED_EDGE('',*,*,#14502,.F.);
#14795 = PLANE('',#14796);
#14796 = AXIS2_PLACEMENT_3D('',#14797,#14798,#14799);
#14797 = CARTESIAN_POINT('',(77.5,165.,221.));
#14798 = DIRECTION('',(0.,0.,1.));
#14799 = DIRECTION('',(-1.,0.,0.));
#14800 = ADVANCED_FACE('',(#14801),#14819,.T.);
#14801 = FACE_BOUND('',#14802,.T.);
#14802 = EDGE_LOOP('',(#14803,#14804,#14812,#14818));
#14803 = ORIENTED_EDGE('',*,*,#14662,.F.);
#14804 = ORIENTED_EDGE('',*,*,#14805,.T.);
#14805 = EDGE_CURVE('',#14655,#14806,#14808,.T.);
#14806 = VERTEX_POINT('',#14807);
#14807 = CARTESIAN_POINT('',(74.5,165.,189.));
#14808 = LINE('',#14809,#14810);
#14809 = CARTESIAN_POINT('',(77.5,165.,189.));
#14810 = VECTOR('',#14811,1.);
#14811 = DIRECTION('',(-1.,0.,0.));
#14812 = ORIENTED_EDGE('',*,*,#14813,.T.);
#14813 = EDGE_CURVE('',#14806,#14479,#14814,.T.);
#14814 = LINE('',#14815,#14816);
#14815 = CARTESIAN_POINT('',(74.5,165.,189.));
#14816 = VECTOR('',#14817,1.);
#14817 = DIRECTION('',(0.,-1.,0.));
#14818 = ORIENTED_EDGE('',*,*,#14486,.F.);
#14819 = PLANE('',#14820);
#14820 = AXIS2_PLACEMENT_3D('',#14821,#14822,#14823);
#14821 = CARTESIAN_POINT('',(77.5,165.,189.));
#14822 = DIRECTION('',(0.,0.,1.));
#14823 = DIRECTION('',(-1.,0.,0.));
#14824 = ADVANCED_FACE('',(#14825),#14843,.T.);
#14825 = FACE_BOUND('',#14826,.T.);
#14826 = EDGE_LOOP('',(#14827,#14828,#14836,#14842));
#14827 = ORIENTED_EDGE('',*,*,#14813,.F.);
#14828 = ORIENTED_EDGE('',*,*,#14829,.F.);
#14829 = EDGE_CURVE('',#14830,#14806,#14832,.T.);
#14830 = VERTEX_POINT('',#14831);
#14831 = CARTESIAN_POINT('',(74.5,165.,185.));
#14832 = LINE('',#14833,#14834);
#14833 = CARTESIAN_POINT('',(74.5,165.,185.));
#14834 = VECTOR('',#14835,1.);
#14835 = DIRECTION('',(0.,0.,1.));
#14836 = ORIENTED_EDGE('',*,*,#14837,.T.);
#14837 = EDGE_CURVE('',#14830,#14471,#14838,.T.);
#14838 = LINE('',#14839,#14840);
#14839 = CARTESIAN_POINT('',(74.5,165.,185.));
#14840 = VECTOR('',#14841,1.);
#14841 = DIRECTION('',(0.,-1.,0.));
#14842 = ORIENTED_EDGE('',*,*,#14478,.F.);
#14843 = PLANE('',#14844);
#14844 = AXIS2_PLACEMENT_3D('',#14845,#14846,#14847);
#14845 = CARTESIAN_POINT('',(74.5,165.,185.));
#14846 = DIRECTION('',(-1.,0.,0.));
#14847 = DIRECTION('',(0.,0.,1.));
#14848 = ADVANCED_FACE('',(#14849),#14860,.F.);
#14849 = FACE_BOUND('',#14850,.F.);
#14850 = EDGE_LOOP('',(#14851,#14852,#14858,#14859));
#14851 = ORIENTED_EDGE('',*,*,#14614,.F.);
#14852 = ORIENTED_EDGE('',*,*,#14853,.T.);
#14853 = EDGE_CURVE('',#14615,#14830,#14854,.T.);
#14854 = LINE('',#14855,#14856);
#14855 = CARTESIAN_POINT('',(77.5,165.,185.));
#14856 = VECTOR('',#14857,1.);
#14857 = DIRECTION('',(-1.,0.,0.));
#14858 = ORIENTED_EDGE('',*,*,#14837,.T.);
#14859 = ORIENTED_EDGE('',*,*,#14470,.F.);
#14860 = PLANE('',#14861);
#14861 = AXIS2_PLACEMENT_3D('',#14862,#14863,#14864);
#14862 = CARTESIAN_POINT('',(77.5,165.,185.));
#14863 = DIRECTION('',(0.,0.,1.));
#14864 = DIRECTION('',(-1.,0.,0.));
#14865 = ADVANCED_FACE('',(#14866),#14884,.F.);
#14866 = FACE_BOUND('',#14867,.F.);
#14867 = EDGE_LOOP('',(#14868,#14869,#14870,#14878));
#14868 = ORIENTED_EDGE('',*,*,#14605,.F.);
#14869 = ORIENTED_EDGE('',*,*,#14454,.T.);
#14870 = ORIENTED_EDGE('',*,*,#14871,.T.);
#14871 = EDGE_CURVE('',#14447,#14872,#14874,.T.);
#14872 = VERTEX_POINT('',#14873);
#14873 = CARTESIAN_POINT('',(1.5,108.5,183.));
#14874 = LINE('',#14875,#14876);
#14875 = CARTESIAN_POINT('',(1.5,113.5,183.));
#14876 = VECTOR('',#14877,1.);
#14877 = DIRECTION('',(0.,-1.,0.));
#14878 = ORIENTED_EDGE('',*,*,#14879,.F.);
#14879 = EDGE_CURVE('',#14606,#14872,#14880,.T.);
#14880 = LINE('',#14881,#14882);
#14881 = CARTESIAN_POINT('',(77.5,108.5,183.));
#14882 = VECTOR('',#14883,1.);
#14883 = DIRECTION('',(-1.,0.,0.));
#14884 = PLANE('',#14885);
#14885 = AXIS2_PLACEMENT_3D('',#14886,#14887,#14888);
#14886 = CARTESIAN_POINT('',(77.5,113.5,183.));
#14887 = DIRECTION('',(0.,0.,1.));
#14888 = DIRECTION('',(-1.,0.,0.));
#14889 = ADVANCED_FACE('',(#14890),#15011,.T.);
#14890 = FACE_BOUND('',#14891,.T.);
#14891 = EDGE_LOOP('',(#14892,#14893,#14894,#14900,#14901,#14902,#14910,
    #14918,#14926,#14934,#14942,#14950,#14956,#14957,#14965,#14973,
    #14981,#14989,#14997,#15005));
#14892 = ORIENTED_EDGE('',*,*,#14446,.F.);
#14893 = ORIENTED_EDGE('',*,*,#14871,.T.);
#14894 = ORIENTED_EDGE('',*,*,#14895,.T.);
#14895 = EDGE_CURVE('',#14872,#14584,#14896,.T.);
#14896 = LINE('',#14897,#14898);
#14897 = CARTESIAN_POINT('',(1.5,108.5,183.));
#14898 = VECTOR('',#14899,1.);
#14899 = DIRECTION('',(0.,0.,1.));
#14900 = ORIENTED_EDGE('',*,*,#14583,.F.);
#14901 = ORIENTED_EDGE('',*,*,#14382,.F.);
#14902 = ORIENTED_EDGE('',*,*,#14903,.F.);
#14903 = EDGE_CURVE('',#14904,#14383,#14906,.T.);
#14904 = VERTEX_POINT('',#14905);
#14905 = CARTESIAN_POINT('',(1.5,165.,225.));
#14906 = LINE('',#14907,#14908);
#14907 = CARTESIAN_POINT('',(1.5,165.,225.));
#14908 = VECTOR('',#14909,1.);
#14909 = DIRECTION('',(0.,-1.,0.));
#14910 = ORIENTED_EDGE('',*,*,#14911,.T.);
#14911 = EDGE_CURVE('',#14904,#14912,#14914,.T.);
#14912 = VERTEX_POINT('',#14913);
#14913 = CARTESIAN_POINT('',(1.5,165.,226.));
#14914 = LINE('',#14915,#14916);
#14915 = CARTESIAN_POINT('',(1.5,165.,219.));
#14916 = VECTOR('',#14917,1.);
#14917 = DIRECTION('',(0.,0.,1.));
#14918 = ORIENTED_EDGE('',*,*,#14919,.F.);
#14919 = EDGE_CURVE('',#14920,#14912,#14922,.T.);
#14920 = VERTEX_POINT('',#14921);
#14921 = CARTESIAN_POINT('',(1.5,168.,226.));
#14922 = LINE('',#14923,#14924);
#14923 = CARTESIAN_POINT('',(1.5,168.,226.));
#14924 = VECTOR('',#14925,1.);
#14925 = DIRECTION('',(0.,-1.,0.));
#14926 = ORIENTED_EDGE('',*,*,#14927,.F.);
#14927 = EDGE_CURVE('',#14928,#14920,#14930,.T.);
#14928 = VERTEX_POINT('',#14929);
#14929 = CARTESIAN_POINT('',(1.5,168.,219.));
#14930 = LINE('',#14931,#14932);
#14931 = CARTESIAN_POINT('',(1.5,168.,219.));
#14932 = VECTOR('',#14933,1.);
#14933 = DIRECTION('',(0.,0.,1.));
#14934 = ORIENTED_EDGE('',*,*,#14935,.T.);
#14935 = EDGE_CURVE('',#14928,#14936,#14938,.T.);
#14936 = VERTEX_POINT('',#14937);
#14937 = CARTESIAN_POINT('',(1.5,165.,219.));
#14938 = LINE('',#14939,#14940);
#14939 = CARTESIAN_POINT('',(1.5,168.,219.));
#14940 = VECTOR('',#14941,1.);
#14941 = DIRECTION('',(0.,-1.,0.));
#14942 = ORIENTED_EDGE('',*,*,#14943,.T.);
#14943 = EDGE_CURVE('',#14936,#14944,#14946,.T.);
#14944 = VERTEX_POINT('',#14945);
#14945 = CARTESIAN_POINT('',(1.5,165.,221.));
#14946 = LINE('',#14947,#14948);
#14947 = CARTESIAN_POINT('',(1.5,165.,219.));
#14948 = VECTOR('',#14949,1.);
#14949 = DIRECTION('',(0.,0.,1.));
#14950 = ORIENTED_EDGE('',*,*,#14951,.T.);
#14951 = EDGE_CURVE('',#14944,#14407,#14952,.T.);
#14952 = LINE('',#14953,#14954);
#14953 = CARTESIAN_POINT('',(1.5,165.,221.));
#14954 = VECTOR('',#14955,1.);
#14955 = DIRECTION('',(0.,-1.,0.));
#14956 = ORIENTED_EDGE('',*,*,#14414,.F.);
#14957 = ORIENTED_EDGE('',*,*,#14958,.F.);
#14958 = EDGE_CURVE('',#14959,#14415,#14961,.T.);
#14959 = VERTEX_POINT('',#14960);
#14960 = CARTESIAN_POINT('',(1.5,165.,189.));
#14961 = LINE('',#14962,#14963);
#14962 = CARTESIAN_POINT('',(1.5,165.,189.));
#14963 = VECTOR('',#14964,1.);
#14964 = DIRECTION('',(0.,-1.,0.));
#14965 = ORIENTED_EDGE('',*,*,#14966,.T.);
#14966 = EDGE_CURVE('',#14959,#14967,#14969,.T.);
#14967 = VERTEX_POINT('',#14968);
#14968 = CARTESIAN_POINT('',(1.5,165.,191.));
#14969 = LINE('',#14970,#14971);
#14970 = CARTESIAN_POINT('',(1.5,165.,184.));
#14971 = VECTOR('',#14972,1.);
#14972 = DIRECTION('',(0.,0.,1.));
#14973 = ORIENTED_EDGE('',*,*,#14974,.F.);
#14974 = EDGE_CURVE('',#14975,#14967,#14977,.T.);
#14975 = VERTEX_POINT('',#14976);
#14976 = CARTESIAN_POINT('',(1.5,168.,191.));
#14977 = LINE('',#14978,#14979);
#14978 = CARTESIAN_POINT('',(1.5,168.,191.));
#14979 = VECTOR('',#14980,1.);
#14980 = DIRECTION('',(0.,-1.,0.));
#14981 = ORIENTED_EDGE('',*,*,#14982,.F.);
#14982 = EDGE_CURVE('',#14983,#14975,#14985,.T.);
#14983 = VERTEX_POINT('',#14984);
#14984 = CARTESIAN_POINT('',(1.5,168.,184.));
#14985 = LINE('',#14986,#14987);
#14986 = CARTESIAN_POINT('',(1.5,168.,184.));
#14987 = VECTOR('',#14988,1.);
#14988 = DIRECTION('',(0.,0.,1.));
#14989 = ORIENTED_EDGE('',*,*,#14990,.T.);
#14990 = EDGE_CURVE('',#14983,#14991,#14993,.T.);
#14991 = VERTEX_POINT('',#14992);
#14992 = CARTESIAN_POINT('',(1.5,165.,184.));
#14993 = LINE('',#14994,#14995);
#14994 = CARTESIAN_POINT('',(1.5,168.,184.));
#14995 = VECTOR('',#14996,1.);
#14996 = DIRECTION('',(0.,-1.,0.));
#14997 = ORIENTED_EDGE('',*,*,#14998,.T.);
#14998 = EDGE_CURVE('',#14991,#14999,#15001,.T.);
#14999 = VERTEX_POINT('',#15000);
#15000 = CARTESIAN_POINT('',(1.5,165.,185.));
#15001 = LINE('',#15002,#15003);
#15002 = CARTESIAN_POINT('',(1.5,165.,184.));
#15003 = VECTOR('',#15004,1.);
#15004 = DIRECTION('',(0.,0.,1.));
#15005 = ORIENTED_EDGE('',*,*,#15006,.T.);
#15006 = EDGE_CURVE('',#14999,#14439,#15007,.T.);
#15007 = LINE('',#15008,#15009);
#15008 = CARTESIAN_POINT('',(1.5,165.,185.));
#15009 = VECTOR('',#15010,1.);
#15010 = DIRECTION('',(0.,-1.,0.));
#15011 = PLANE('',#15012);
#15012 = AXIS2_PLACEMENT_3D('',#15013,#15014,#15015);
#15013 = CARTESIAN_POINT('',(1.5,134.13262195122,205.));
#15014 = DIRECTION('',(-1.,0.,0.));
#15015 = DIRECTION('',(0.,0.,1.));
#15016 = ADVANCED_FACE('',(#15017),#15035,.F.);
#15017 = FACE_BOUND('',#15018,.F.);
#15018 = EDGE_LOOP('',(#15019,#15027,#15033,#15034));
#15019 = ORIENTED_EDGE('',*,*,#15020,.F.);
#15020 = EDGE_CURVE('',#15021,#14431,#15023,.T.);
#15021 = VERTEX_POINT('',#15022);
#15022 = CARTESIAN_POINT('',(4.5,165.,185.));
#15023 = LINE('',#15024,#15025);
#15024 = CARTESIAN_POINT('',(4.5,165.,185.));
#15025 = VECTOR('',#15026,1.);
#15026 = DIRECTION('',(0.,-1.,0.));
#15027 = ORIENTED_EDGE('',*,*,#15028,.T.);
#15028 = EDGE_CURVE('',#15021,#14999,#15029,.T.);
#15029 = LINE('',#15030,#15031);
#15030 = CARTESIAN_POINT('',(4.5,165.,185.));
#15031 = VECTOR('',#15032,1.);
#15032 = DIRECTION('',(-1.,0.,0.));
#15033 = ORIENTED_EDGE('',*,*,#15006,.T.);
#15034 = ORIENTED_EDGE('',*,*,#14438,.F.);
#15035 = PLANE('',#15036);
#15036 = AXIS2_PLACEMENT_3D('',#15037,#15038,#15039);
#15037 = CARTESIAN_POINT('',(4.5,165.,185.));
#15038 = DIRECTION('',(0.,0.,1.));
#15039 = DIRECTION('',(-1.,0.,0.));
#15040 = ADVANCED_FACE('',(#15041),#15059,.F.);
#15041 = FACE_BOUND('',#15042,.F.);
#15042 = EDGE_LOOP('',(#15043,#15051,#15057,#15058));
#15043 = ORIENTED_EDGE('',*,*,#15044,.F.);
#15044 = EDGE_CURVE('',#15045,#14423,#15047,.T.);
#15045 = VERTEX_POINT('',#15046);
#15046 = CARTESIAN_POINT('',(4.5,165.,189.));
#15047 = LINE('',#15048,#15049);
#15048 = CARTESIAN_POINT('',(4.5,165.,189.));
#15049 = VECTOR('',#15050,1.);
#15050 = DIRECTION('',(0.,-1.,0.));
#15051 = ORIENTED_EDGE('',*,*,#15052,.F.);
#15052 = EDGE_CURVE('',#15021,#15045,#15053,.T.);
#15053 = LINE('',#15054,#15055);
#15054 = CARTESIAN_POINT('',(4.5,165.,185.));
#15055 = VECTOR('',#15056,1.);
#15056 = DIRECTION('',(0.,0.,1.));
#15057 = ORIENTED_EDGE('',*,*,#15020,.T.);
#15058 = ORIENTED_EDGE('',*,*,#14430,.F.);
#15059 = PLANE('',#15060);
#15060 = AXIS2_PLACEMENT_3D('',#15061,#15062,#15063);
#15061 = CARTESIAN_POINT('',(4.5,165.,185.));
#15062 = DIRECTION('',(-1.,0.,0.));
#15063 = DIRECTION('',(0.,0.,1.));
#15064 = ADVANCED_FACE('',(#15065),#15076,.T.);
#15065 = FACE_BOUND('',#15066,.T.);
#15066 = EDGE_LOOP('',(#15067,#15068,#15074,#15075));
#15067 = ORIENTED_EDGE('',*,*,#15044,.F.);
#15068 = ORIENTED_EDGE('',*,*,#15069,.T.);
#15069 = EDGE_CURVE('',#15045,#14959,#15070,.T.);
#15070 = LINE('',#15071,#15072);
#15071 = CARTESIAN_POINT('',(4.5,165.,189.));
#15072 = VECTOR('',#15073,1.);
#15073 = DIRECTION('',(-1.,0.,0.));
#15074 = ORIENTED_EDGE('',*,*,#14958,.T.);
#15075 = ORIENTED_EDGE('',*,*,#14422,.F.);
#15076 = PLANE('',#15077);
#15077 = AXIS2_PLACEMENT_3D('',#15078,#15079,#15080);
#15078 = CARTESIAN_POINT('',(4.5,165.,189.));
#15079 = DIRECTION('',(0.,0.,1.));
#15080 = DIRECTION('',(-1.,0.,0.));
#15081 = ADVANCED_FACE('',(#15082),#15100,.F.);
#15082 = FACE_BOUND('',#15083,.F.);
#15083 = EDGE_LOOP('',(#15084,#15092,#15098,#15099));
#15084 = ORIENTED_EDGE('',*,*,#15085,.F.);
#15085 = EDGE_CURVE('',#15086,#14399,#15088,.T.);
#15086 = VERTEX_POINT('',#15087);
#15087 = CARTESIAN_POINT('',(4.5,165.,221.));
#15088 = LINE('',#15089,#15090);
#15089 = CARTESIAN_POINT('',(4.5,165.,221.));
#15090 = VECTOR('',#15091,1.);
#15091 = DIRECTION('',(0.,-1.,0.));
#15092 = ORIENTED_EDGE('',*,*,#15093,.T.);
#15093 = EDGE_CURVE('',#15086,#14944,#15094,.T.);
#15094 = LINE('',#15095,#15096);
#15095 = CARTESIAN_POINT('',(4.5,165.,221.));
#15096 = VECTOR('',#15097,1.);
#15097 = DIRECTION('',(-1.,0.,0.));
#15098 = ORIENTED_EDGE('',*,*,#14951,.T.);
#15099 = ORIENTED_EDGE('',*,*,#14406,.F.);
#15100 = PLANE('',#15101);
#15101 = AXIS2_PLACEMENT_3D('',#15102,#15103,#15104);
#15102 = CARTESIAN_POINT('',(4.5,165.,221.));
#15103 = DIRECTION('',(0.,0.,1.));
#15104 = DIRECTION('',(-1.,0.,0.));
#15105 = ADVANCED_FACE('',(#15106),#15124,.F.);
#15106 = FACE_BOUND('',#15107,.F.);
#15107 = EDGE_LOOP('',(#15108,#15116,#15122,#15123));
#15108 = ORIENTED_EDGE('',*,*,#15109,.F.);
#15109 = EDGE_CURVE('',#15110,#14391,#15112,.T.);
#15110 = VERTEX_POINT('',#15111);
#15111 = CARTESIAN_POINT('',(4.5,165.,225.));
#15112 = LINE('',#15113,#15114);
#15113 = CARTESIAN_POINT('',(4.5,165.,225.));
#15114 = VECTOR('',#15115,1.);
#15115 = DIRECTION('',(0.,-1.,0.));
#15116 = ORIENTED_EDGE('',*,*,#15117,.F.);
#15117 = EDGE_CURVE('',#15086,#15110,#15118,.T.);
#15118 = LINE('',#15119,#15120);
#15119 = CARTESIAN_POINT('',(4.5,165.,221.));
#15120 = VECTOR('',#15121,1.);
#15121 = DIRECTION('',(0.,0.,1.));
#15122 = ORIENTED_EDGE('',*,*,#15085,.T.);
#15123 = ORIENTED_EDGE('',*,*,#14398,.F.);
#15124 = PLANE('',#15125);
#15125 = AXIS2_PLACEMENT_3D('',#15126,#15127,#15128);
#15126 = CARTESIAN_POINT('',(4.5,165.,221.));
#15127 = DIRECTION('',(-1.,0.,0.));
#15128 = DIRECTION('',(0.,0.,1.));
#15129 = ADVANCED_FACE('',(#15130),#15141,.T.);
#15130 = FACE_BOUND('',#15131,.T.);
#15131 = EDGE_LOOP('',(#15132,#15133,#15139,#15140));
#15132 = ORIENTED_EDGE('',*,*,#15109,.F.);
#15133 = ORIENTED_EDGE('',*,*,#15134,.T.);
#15134 = EDGE_CURVE('',#15110,#14904,#15135,.T.);
#15135 = LINE('',#15136,#15137);
#15136 = CARTESIAN_POINT('',(4.5,165.,225.));
#15137 = VECTOR('',#15138,1.);
#15138 = DIRECTION('',(-1.,0.,0.));
#15139 = ORIENTED_EDGE('',*,*,#14903,.T.);
#15140 = ORIENTED_EDGE('',*,*,#14390,.F.);
#15141 = PLANE('',#15142);
#15142 = AXIS2_PLACEMENT_3D('',#15143,#15144,#15145);
#15143 = CARTESIAN_POINT('',(4.5,165.,225.));
#15144 = DIRECTION('',(0.,0.,1.));
#15145 = DIRECTION('',(-1.,0.,0.));
#15146 = ADVANCED_FACE('',(#15147),#15172,.F.);
#15147 = FACE_BOUND('',#15148,.F.);
#15148 = EDGE_LOOP('',(#15149,#15157,#15158,#15166));
#15149 = ORIENTED_EDGE('',*,*,#15150,.F.);
#15150 = EDGE_CURVE('',#14535,#15151,#15153,.T.);
#15151 = VERTEX_POINT('',#15152);
#15152 = CARTESIAN_POINT('',(70.8,108.5,219.8));
#15153 = LINE('',#15154,#15155);
#15154 = CARTESIAN_POINT('',(70.8,114.,219.8));
#15155 = VECTOR('',#15156,1.);
#15156 = DIRECTION('',(0.,-1.,0.));
#15157 = ORIENTED_EDGE('',*,*,#14534,.T.);
#15158 = ORIENTED_EDGE('',*,*,#15159,.T.);
#15159 = EDGE_CURVE('',#14537,#15160,#15162,.T.);
#15160 = VERTEX_POINT('',#15161);
#15161 = CARTESIAN_POINT('',(8.2,108.5,219.8));
#15162 = LINE('',#15163,#15164);
#15163 = CARTESIAN_POINT('',(8.2,114.,219.8));
#15164 = VECTOR('',#15165,1.);
#15165 = DIRECTION('',(0.,-1.,0.));
#15166 = ORIENTED_EDGE('',*,*,#15167,.F.);
#15167 = EDGE_CURVE('',#15151,#15160,#15168,.T.);
#15168 = LINE('',#15169,#15170);
#15169 = CARTESIAN_POINT('',(74.15,108.5,219.8));
#15170 = VECTOR('',#15171,1.);
#15171 = DIRECTION('',(-1.,0.,0.));
#15172 = PLANE('',#15173);
#15173 = AXIS2_PLACEMENT_3D('',#15174,#15175,#15176);
#15174 = CARTESIAN_POINT('',(70.8,114.,219.8));
#15175 = DIRECTION('',(0.,0.,1.));
#15176 = DIRECTION('',(-1.,0.,0.));
#15177 = ADVANCED_FACE('',(#15178),#15196,.T.);
#15178 = FACE_BOUND('',#15179,.T.);
#15179 = EDGE_LOOP('',(#15180,#15181,#15182,#15190));
#15180 = ORIENTED_EDGE('',*,*,#15150,.F.);
#15181 = ORIENTED_EDGE('',*,*,#14544,.T.);
#15182 = ORIENTED_EDGE('',*,*,#15183,.T.);
#15183 = EDGE_CURVE('',#14545,#15184,#15186,.T.);
#15184 = VERTEX_POINT('',#15185);
#15185 = CARTESIAN_POINT('',(70.8,108.5,190.2));
#15186 = LINE('',#15187,#15188);
#15187 = CARTESIAN_POINT('',(70.8,114.,190.2));
#15188 = VECTOR('',#15189,1.);
#15189 = DIRECTION('',(0.,-1.,0.));
#15190 = ORIENTED_EDGE('',*,*,#15191,.F.);
#15191 = EDGE_CURVE('',#15151,#15184,#15192,.T.);
#15192 = LINE('',#15193,#15194);
#15193 = CARTESIAN_POINT('',(70.8,108.5,186.6));
#15194 = VECTOR('',#15195,1.);
#15195 = DIRECTION('',(0.,-0.,-1.));
#15196 = PLANE('',#15197);
#15197 = AXIS2_PLACEMENT_3D('',#15198,#15199,#15200);
#15198 = CARTESIAN_POINT('',(70.8,114.,190.2));
#15199 = DIRECTION('',(-1.,0.,0.));
#15200 = DIRECTION('',(0.,0.,1.));
#15201 = ADVANCED_FACE('',(#15202),#15220,.F.);
#15202 = FACE_BOUND('',#15203,.F.);
#15203 = EDGE_LOOP('',(#15204,#15205,#15206,#15214));
#15204 = ORIENTED_EDGE('',*,*,#15159,.F.);
#15205 = ORIENTED_EDGE('',*,*,#14560,.T.);
#15206 = ORIENTED_EDGE('',*,*,#15207,.T.);
#15207 = EDGE_CURVE('',#14553,#15208,#15210,.T.);
#15208 = VERTEX_POINT('',#15209);
#15209 = CARTESIAN_POINT('',(8.2,108.5,190.2));
#15210 = LINE('',#15211,#15212);
#15211 = CARTESIAN_POINT('',(8.2,114.,190.2));
#15212 = VECTOR('',#15213,1.);
#15213 = DIRECTION('',(0.,-1.,0.));
#15214 = ORIENTED_EDGE('',*,*,#15215,.F.);
#15215 = EDGE_CURVE('',#15160,#15208,#15216,.T.);
#15216 = LINE('',#15217,#15218);
#15217 = CARTESIAN_POINT('',(8.2,108.5,186.6));
#15218 = VECTOR('',#15219,1.);
#15219 = DIRECTION('',(0.,-0.,-1.));
#15220 = PLANE('',#15221);
#15221 = AXIS2_PLACEMENT_3D('',#15222,#15223,#15224);
#15222 = CARTESIAN_POINT('',(8.2,114.,190.2));
#15223 = DIRECTION('',(-1.,0.,0.));
#15224 = DIRECTION('',(0.,0.,1.));
#15225 = ADVANCED_FACE('',(#15226),#15237,.T.);
#15226 = FACE_BOUND('',#15227,.T.);
#15227 = EDGE_LOOP('',(#15228,#15229,#15230,#15231));
#15228 = ORIENTED_EDGE('',*,*,#15183,.F.);
#15229 = ORIENTED_EDGE('',*,*,#14552,.T.);
#15230 = ORIENTED_EDGE('',*,*,#15207,.T.);
#15231 = ORIENTED_EDGE('',*,*,#15232,.F.);
#15232 = EDGE_CURVE('',#15184,#15208,#15233,.T.);
#15233 = LINE('',#15234,#15235);
#15234 = CARTESIAN_POINT('',(74.15,108.5,190.2));
#15235 = VECTOR('',#15236,1.);
#15236 = DIRECTION('',(-1.,0.,0.));
#15237 = PLANE('',#15238);
#15238 = AXIS2_PLACEMENT_3D('',#15239,#15240,#15241);
#15239 = CARTESIAN_POINT('',(70.8,114.,190.2));
#15240 = DIRECTION('',(0.,0.,1.));
#15241 = DIRECTION('',(-1.,0.,0.));
#15242 = ADVANCED_FACE('',(#15243,#15249),#15255,.T.);
#15243 = FACE_BOUND('',#15244,.T.);
#15244 = EDGE_LOOP('',(#15245,#15246,#15247,#15248));
#15245 = ORIENTED_EDGE('',*,*,#14879,.F.);
#15246 = ORIENTED_EDGE('',*,*,#14725,.T.);
#15247 = ORIENTED_EDGE('',*,*,#14591,.T.);
#15248 = ORIENTED_EDGE('',*,*,#14895,.F.);
#15249 = FACE_BOUND('',#15250,.T.);
#15250 = EDGE_LOOP('',(#15251,#15252,#15253,#15254));
#15251 = ORIENTED_EDGE('',*,*,#15167,.F.);
#15252 = ORIENTED_EDGE('',*,*,#15191,.T.);
#15253 = ORIENTED_EDGE('',*,*,#15232,.T.);
#15254 = ORIENTED_EDGE('',*,*,#15215,.F.);
#15255 = PLANE('',#15256);
#15256 = AXIS2_PLACEMENT_3D('',#15257,#15258,#15259);
#15257 = CARTESIAN_POINT('',(77.5,108.5,183.));
#15258 = DIRECTION('',(0.,-1.,0.));
#15259 = DIRECTION('',(0.,0.,1.));
#15260 = ADVANCED_FACE('',(#15261,#15290),#15301,.T.);
#15261 = FACE_BOUND('',#15262,.T.);
#15262 = EDGE_LOOP('',(#15263,#15273,#15279,#15280,#15281,#15282,#15283,
    #15284));
#15263 = ORIENTED_EDGE('',*,*,#15264,.F.);
#15264 = EDGE_CURVE('',#15265,#15267,#15269,.T.);
#15265 = VERTEX_POINT('',#15266);
#15266 = CARTESIAN_POINT('',(66.5,165.,184.));
#15267 = VERTEX_POINT('',#15268);
#15268 = CARTESIAN_POINT('',(66.5,165.,191.));
#15269 = LINE('',#15270,#15271);
#15270 = CARTESIAN_POINT('',(66.5,165.,184.));
#15271 = VECTOR('',#15272,1.);
#15272 = DIRECTION('',(0.,0.,1.));
#15273 = ORIENTED_EDGE('',*,*,#15274,.F.);
#15274 = EDGE_CURVE('',#14623,#15265,#15275,.T.);
#15275 = LINE('',#15276,#15277);
#15276 = CARTESIAN_POINT('',(77.5,165.,184.));
#15277 = VECTOR('',#15278,1.);
#15278 = DIRECTION('',(-1.,0.,0.));
#15279 = ORIENTED_EDGE('',*,*,#14622,.T.);
#15280 = ORIENTED_EDGE('',*,*,#14853,.T.);
#15281 = ORIENTED_EDGE('',*,*,#14829,.T.);
#15282 = ORIENTED_EDGE('',*,*,#14805,.F.);
#15283 = ORIENTED_EDGE('',*,*,#14654,.T.);
#15284 = ORIENTED_EDGE('',*,*,#15285,.T.);
#15285 = EDGE_CURVE('',#14647,#15267,#15286,.T.);
#15286 = LINE('',#15287,#15288);
#15287 = CARTESIAN_POINT('',(77.5,165.,191.));
#15288 = VECTOR('',#15289,1.);
#15289 = DIRECTION('',(-1.,0.,0.));
#15290 = FACE_BOUND('',#15291,.T.);
#15291 = EDGE_LOOP('',(#15292));
#15292 = ORIENTED_EDGE('',*,*,#15293,.F.);
#15293 = EDGE_CURVE('',#15294,#15294,#15296,.T.);
#15294 = VERTEX_POINT('',#15295);
#15295 = CARTESIAN_POINT('',(71.5,165.,188.2));
#15296 = CIRCLE('',#15297,1.2);
#15297 = AXIS2_PLACEMENT_3D('',#15298,#15299,#15300);
#15298 = CARTESIAN_POINT('',(71.5,165.,187.));
#15299 = DIRECTION('',(0.,-1.,0.));
#15300 = DIRECTION('',(0.,0.,1.));
#15301 = PLANE('',#15302);
#15302 = AXIS2_PLACEMENT_3D('',#15303,#15304,#15305);
#15303 = CARTESIAN_POINT('',(77.5,165.,184.));
#15304 = DIRECTION('',(0.,-1.,0.));
#15305 = DIRECTION('',(0.,0.,1.));
#15306 = ADVANCED_FACE('',(#15307),#15325,.F.);
#15307 = FACE_BOUND('',#15308,.F.);
#15308 = EDGE_LOOP('',(#15309,#15310,#15318,#15324));
#15309 = ORIENTED_EDGE('',*,*,#14630,.F.);
#15310 = ORIENTED_EDGE('',*,*,#15311,.T.);
#15311 = EDGE_CURVE('',#14631,#15312,#15314,.T.);
#15312 = VERTEX_POINT('',#15313);
#15313 = CARTESIAN_POINT('',(66.5,168.,184.));
#15314 = LINE('',#15315,#15316);
#15315 = CARTESIAN_POINT('',(77.5,168.,184.));
#15316 = VECTOR('',#15317,1.);
#15317 = DIRECTION('',(-1.,0.,0.));
#15318 = ORIENTED_EDGE('',*,*,#15319,.T.);
#15319 = EDGE_CURVE('',#15312,#15265,#15320,.T.);
#15320 = LINE('',#15321,#15322);
#15321 = CARTESIAN_POINT('',(66.5,168.,184.));
#15322 = VECTOR('',#15323,1.);
#15323 = DIRECTION('',(0.,-1.,0.));
#15324 = ORIENTED_EDGE('',*,*,#15274,.F.);
#15325 = PLANE('',#15326);
#15326 = AXIS2_PLACEMENT_3D('',#15327,#15328,#15329);
#15327 = CARTESIAN_POINT('',(77.5,168.,184.));
#15328 = DIRECTION('',(0.,0.,1.));
#15329 = DIRECTION('',(-1.,0.,0.));
#15330 = ADVANCED_FACE('',(#15331,#15349),#15360,.F.);
#15331 = FACE_BOUND('',#15332,.F.);
#15332 = EDGE_LOOP('',(#15333,#15334,#15335,#15343));
#15333 = ORIENTED_EDGE('',*,*,#15311,.F.);
#15334 = ORIENTED_EDGE('',*,*,#14638,.T.);
#15335 = ORIENTED_EDGE('',*,*,#15336,.T.);
#15336 = EDGE_CURVE('',#14639,#15337,#15339,.T.);
#15337 = VERTEX_POINT('',#15338);
#15338 = CARTESIAN_POINT('',(66.5,168.,191.));
#15339 = LINE('',#15340,#15341);
#15340 = CARTESIAN_POINT('',(77.5,168.,191.));
#15341 = VECTOR('',#15342,1.);
#15342 = DIRECTION('',(-1.,0.,0.));
#15343 = ORIENTED_EDGE('',*,*,#15344,.F.);
#15344 = EDGE_CURVE('',#15312,#15337,#15345,.T.);
#15345 = LINE('',#15346,#15347);
#15346 = CARTESIAN_POINT('',(66.5,168.,184.));
#15347 = VECTOR('',#15348,1.);
#15348 = DIRECTION('',(0.,0.,1.));
#15349 = FACE_BOUND('',#15350,.F.);
#15350 = EDGE_LOOP('',(#15351));
#15351 = ORIENTED_EDGE('',*,*,#15352,.F.);
#15352 = EDGE_CURVE('',#15353,#15353,#15355,.T.);
#15353 = VERTEX_POINT('',#15354);
#15354 = CARTESIAN_POINT('',(71.5,168.,188.2));
#15355 = CIRCLE('',#15356,1.2);
#15356 = AXIS2_PLACEMENT_3D('',#15357,#15358,#15359);
#15357 = CARTESIAN_POINT('',(71.5,168.,187.));
#15358 = DIRECTION('',(0.,-1.,0.));
#15359 = DIRECTION('',(0.,0.,1.));
#15360 = PLANE('',#15361);
#15361 = AXIS2_PLACEMENT_3D('',#15362,#15363,#15364);
#15362 = CARTESIAN_POINT('',(77.5,168.,184.));
#15363 = DIRECTION('',(0.,-1.,0.));
#15364 = DIRECTION('',(0.,0.,1.));
#15365 = ADVANCED_FACE('',(#15366),#15377,.T.);
#15366 = FACE_BOUND('',#15367,.T.);
#15367 = EDGE_LOOP('',(#15368,#15369,#15370,#15376));
#15368 = ORIENTED_EDGE('',*,*,#14646,.F.);
#15369 = ORIENTED_EDGE('',*,*,#15336,.T.);
#15370 = ORIENTED_EDGE('',*,*,#15371,.T.);
#15371 = EDGE_CURVE('',#15337,#15267,#15372,.T.);
#15372 = LINE('',#15373,#15374);
#15373 = CARTESIAN_POINT('',(66.5,168.,191.));
#15374 = VECTOR('',#15375,1.);
#15375 = DIRECTION('',(0.,-1.,0.));
#15376 = ORIENTED_EDGE('',*,*,#15285,.F.);
#15377 = PLANE('',#15378);
#15378 = AXIS2_PLACEMENT_3D('',#15379,#15380,#15381);
#15379 = CARTESIAN_POINT('',(77.5,168.,191.));
#15380 = DIRECTION('',(0.,0.,1.));
#15381 = DIRECTION('',(-1.,0.,0.));
#15382 = ADVANCED_FACE('',(#15383,#15412),#15423,.T.);
#15383 = FACE_BOUND('',#15384,.T.);
#15384 = EDGE_LOOP('',(#15385,#15395,#15401,#15402,#15403,#15404,#15405,
    #15406));
#15385 = ORIENTED_EDGE('',*,*,#15386,.F.);
#15386 = EDGE_CURVE('',#15387,#15389,#15391,.T.);
#15387 = VERTEX_POINT('',#15388);
#15388 = CARTESIAN_POINT('',(66.5,165.,219.));
#15389 = VERTEX_POINT('',#15390);
#15390 = CARTESIAN_POINT('',(66.5,165.,226.));
#15391 = LINE('',#15392,#15393);
#15392 = CARTESIAN_POINT('',(66.5,165.,219.));
#15393 = VECTOR('',#15394,1.);
#15394 = DIRECTION('',(0.,0.,1.));
#15395 = ORIENTED_EDGE('',*,*,#15396,.F.);
#15396 = EDGE_CURVE('',#14678,#15387,#15397,.T.);
#15397 = LINE('',#15398,#15399);
#15398 = CARTESIAN_POINT('',(77.5,165.,219.));
#15399 = VECTOR('',#15400,1.);
#15400 = DIRECTION('',(-1.,0.,0.));
#15401 = ORIENTED_EDGE('',*,*,#14677,.T.);
#15402 = ORIENTED_EDGE('',*,*,#14788,.T.);
#15403 = ORIENTED_EDGE('',*,*,#14764,.T.);
#15404 = ORIENTED_EDGE('',*,*,#14740,.F.);
#15405 = ORIENTED_EDGE('',*,*,#14709,.T.);
#15406 = ORIENTED_EDGE('',*,*,#15407,.T.);
#15407 = EDGE_CURVE('',#14702,#15389,#15408,.T.);
#15408 = LINE('',#15409,#15410);
#15409 = CARTESIAN_POINT('',(77.5,165.,226.));
#15410 = VECTOR('',#15411,1.);
#15411 = DIRECTION('',(-1.,0.,0.));
#15412 = FACE_BOUND('',#15413,.T.);
#15413 = EDGE_LOOP('',(#15414));
#15414 = ORIENTED_EDGE('',*,*,#15415,.F.);
#15415 = EDGE_CURVE('',#15416,#15416,#15418,.T.);
#15416 = VERTEX_POINT('',#15417);
#15417 = CARTESIAN_POINT('',(71.5,165.,224.2));
#15418 = CIRCLE('',#15419,1.2);
#15419 = AXIS2_PLACEMENT_3D('',#15420,#15421,#15422);
#15420 = CARTESIAN_POINT('',(71.5,165.,223.));
#15421 = DIRECTION('',(0.,-1.,0.));
#15422 = DIRECTION('',(0.,0.,1.));
#15423 = PLANE('',#15424);
#15424 = AXIS2_PLACEMENT_3D('',#15425,#15426,#15427);
#15425 = CARTESIAN_POINT('',(77.5,165.,219.));
#15426 = DIRECTION('',(0.,-1.,0.));
#15427 = DIRECTION('',(0.,0.,1.));
#15428 = ADVANCED_FACE('',(#15429),#15447,.F.);
#15429 = FACE_BOUND('',#15430,.F.);
#15430 = EDGE_LOOP('',(#15431,#15432,#15440,#15446));
#15431 = ORIENTED_EDGE('',*,*,#14685,.F.);
#15432 = ORIENTED_EDGE('',*,*,#15433,.T.);
#15433 = EDGE_CURVE('',#14686,#15434,#15436,.T.);
#15434 = VERTEX_POINT('',#15435);
#15435 = CARTESIAN_POINT('',(66.5,168.,219.));
#15436 = LINE('',#15437,#15438);
#15437 = CARTESIAN_POINT('',(77.5,168.,219.));
#15438 = VECTOR('',#15439,1.);
#15439 = DIRECTION('',(-1.,0.,0.));
#15440 = ORIENTED_EDGE('',*,*,#15441,.T.);
#15441 = EDGE_CURVE('',#15434,#15387,#15442,.T.);
#15442 = LINE('',#15443,#15444);
#15443 = CARTESIAN_POINT('',(66.5,168.,219.));
#15444 = VECTOR('',#15445,1.);
#15445 = DIRECTION('',(0.,-1.,0.));
#15446 = ORIENTED_EDGE('',*,*,#15396,.F.);
#15447 = PLANE('',#15448);
#15448 = AXIS2_PLACEMENT_3D('',#15449,#15450,#15451);
#15449 = CARTESIAN_POINT('',(77.5,168.,219.));
#15450 = DIRECTION('',(0.,0.,1.));
#15451 = DIRECTION('',(-1.,0.,0.));
#15452 = ADVANCED_FACE('',(#15453,#15471),#15482,.F.);
#15453 = FACE_BOUND('',#15454,.F.);
#15454 = EDGE_LOOP('',(#15455,#15456,#15457,#15465));
#15455 = ORIENTED_EDGE('',*,*,#15433,.F.);
#15456 = ORIENTED_EDGE('',*,*,#14693,.T.);
#15457 = ORIENTED_EDGE('',*,*,#15458,.T.);
#15458 = EDGE_CURVE('',#14694,#15459,#15461,.T.);
#15459 = VERTEX_POINT('',#15460);
#15460 = CARTESIAN_POINT('',(66.5,168.,226.));
#15461 = LINE('',#15462,#15463);
#15462 = CARTESIAN_POINT('',(77.5,168.,226.));
#15463 = VECTOR('',#15464,1.);
#15464 = DIRECTION('',(-1.,0.,0.));
#15465 = ORIENTED_EDGE('',*,*,#15466,.F.);
#15466 = EDGE_CURVE('',#15434,#15459,#15467,.T.);
#15467 = LINE('',#15468,#15469);
#15468 = CARTESIAN_POINT('',(66.5,168.,219.));
#15469 = VECTOR('',#15470,1.);
#15470 = DIRECTION('',(0.,0.,1.));
#15471 = FACE_BOUND('',#15472,.F.);
#15472 = EDGE_LOOP('',(#15473));
#15473 = ORIENTED_EDGE('',*,*,#15474,.F.);
#15474 = EDGE_CURVE('',#15475,#15475,#15477,.T.);
#15475 = VERTEX_POINT('',#15476);
#15476 = CARTESIAN_POINT('',(71.5,168.,224.2));
#15477 = CIRCLE('',#15478,1.2);
#15478 = AXIS2_PLACEMENT_3D('',#15479,#15480,#15481);
#15479 = CARTESIAN_POINT('',(71.5,168.,223.));
#15480 = DIRECTION('',(0.,-1.,0.));
#15481 = DIRECTION('',(0.,0.,1.));
#15482 = PLANE('',#15483);
#15483 = AXIS2_PLACEMENT_3D('',#15484,#15485,#15486);
#15484 = CARTESIAN_POINT('',(77.5,168.,219.));
#15485 = DIRECTION('',(0.,-1.,0.));
#15486 = DIRECTION('',(0.,0.,1.));
#15487 = ADVANCED_FACE('',(#15488),#15499,.T.);
#15488 = FACE_BOUND('',#15489,.T.);
#15489 = EDGE_LOOP('',(#15490,#15491,#15492,#15498));
#15490 = ORIENTED_EDGE('',*,*,#14701,.F.);
#15491 = ORIENTED_EDGE('',*,*,#15458,.T.);
#15492 = ORIENTED_EDGE('',*,*,#15493,.T.);
#15493 = EDGE_CURVE('',#15459,#15389,#15494,.T.);
#15494 = LINE('',#15495,#15496);
#15495 = CARTESIAN_POINT('',(66.5,168.,226.));
#15496 = VECTOR('',#15497,1.);
#15497 = DIRECTION('',(0.,-1.,0.));
#15498 = ORIENTED_EDGE('',*,*,#15407,.F.);
#15499 = PLANE('',#15500);
#15500 = AXIS2_PLACEMENT_3D('',#15501,#15502,#15503);
#15501 = CARTESIAN_POINT('',(77.5,168.,226.));
#15502 = DIRECTION('',(0.,0.,1.));
#15503 = DIRECTION('',(-1.,0.,0.));
#15504 = ADVANCED_FACE('',(#15505,#15534),#15545,.T.);
#15505 = FACE_BOUND('',#15506,.T.);
#15506 = EDGE_LOOP('',(#15507,#15508,#15516,#15524,#15530,#15531,#15532,
    #15533));
#15507 = ORIENTED_EDGE('',*,*,#14943,.F.);
#15508 = ORIENTED_EDGE('',*,*,#15509,.F.);
#15509 = EDGE_CURVE('',#15510,#14936,#15512,.T.);
#15510 = VERTEX_POINT('',#15511);
#15511 = CARTESIAN_POINT('',(12.5,165.,219.));
#15512 = LINE('',#15513,#15514);
#15513 = CARTESIAN_POINT('',(12.5,165.,219.));
#15514 = VECTOR('',#15515,1.);
#15515 = DIRECTION('',(-1.,0.,0.));
#15516 = ORIENTED_EDGE('',*,*,#15517,.T.);
#15517 = EDGE_CURVE('',#15510,#15518,#15520,.T.);
#15518 = VERTEX_POINT('',#15519);
#15519 = CARTESIAN_POINT('',(12.5,165.,226.));
#15520 = LINE('',#15521,#15522);
#15521 = CARTESIAN_POINT('',(12.5,165.,219.));
#15522 = VECTOR('',#15523,1.);
#15523 = DIRECTION('',(0.,0.,1.));
#15524 = ORIENTED_EDGE('',*,*,#15525,.T.);
#15525 = EDGE_CURVE('',#15518,#14912,#15526,.T.);
#15526 = LINE('',#15527,#15528);
#15527 = CARTESIAN_POINT('',(12.5,165.,226.));
#15528 = VECTOR('',#15529,1.);
#15529 = DIRECTION('',(-1.,0.,0.));
#15530 = ORIENTED_EDGE('',*,*,#14911,.F.);
#15531 = ORIENTED_EDGE('',*,*,#15134,.F.);
#15532 = ORIENTED_EDGE('',*,*,#15117,.F.);
#15533 = ORIENTED_EDGE('',*,*,#15093,.T.);
#15534 = FACE_BOUND('',#15535,.T.);
#15535 = EDGE_LOOP('',(#15536));
#15536 = ORIENTED_EDGE('',*,*,#15537,.F.);
#15537 = EDGE_CURVE('',#15538,#15538,#15540,.T.);
#15538 = VERTEX_POINT('',#15539);
#15539 = CARTESIAN_POINT('',(7.5,165.,224.2));
#15540 = CIRCLE('',#15541,1.2);
#15541 = AXIS2_PLACEMENT_3D('',#15542,#15543,#15544);
#15542 = CARTESIAN_POINT('',(7.5,165.,223.));
#15543 = DIRECTION('',(0.,-1.,0.));
#15544 = DIRECTION('',(0.,0.,1.));
#15545 = PLANE('',#15546);
#15546 = AXIS2_PLACEMENT_3D('',#15547,#15548,#15549);
#15547 = CARTESIAN_POINT('',(12.5,165.,219.));
#15548 = DIRECTION('',(0.,-1.,0.));
#15549 = DIRECTION('',(0.,0.,1.));
#15550 = ADVANCED_FACE('',(#15551),#15569,.T.);
#15551 = FACE_BOUND('',#15552,.T.);
#15552 = EDGE_LOOP('',(#15553,#15561,#15567,#15568));
#15553 = ORIENTED_EDGE('',*,*,#15554,.F.);
#15554 = EDGE_CURVE('',#15555,#15518,#15557,.T.);
#15555 = VERTEX_POINT('',#15556);
#15556 = CARTESIAN_POINT('',(12.5,168.,226.));
#15557 = LINE('',#15558,#15559);
#15558 = CARTESIAN_POINT('',(12.5,168.,226.));
#15559 = VECTOR('',#15560,1.);
#15560 = DIRECTION('',(0.,-1.,0.));
#15561 = ORIENTED_EDGE('',*,*,#15562,.T.);
#15562 = EDGE_CURVE('',#15555,#14920,#15563,.T.);
#15563 = LINE('',#15564,#15565);
#15564 = CARTESIAN_POINT('',(12.5,168.,226.));
#15565 = VECTOR('',#15566,1.);
#15566 = DIRECTION('',(-1.,0.,0.));
#15567 = ORIENTED_EDGE('',*,*,#14919,.T.);
#15568 = ORIENTED_EDGE('',*,*,#15525,.F.);
#15569 = PLANE('',#15570);
#15570 = AXIS2_PLACEMENT_3D('',#15571,#15572,#15573);
#15571 = CARTESIAN_POINT('',(12.5,168.,226.));
#15572 = DIRECTION('',(0.,0.,1.));
#15573 = DIRECTION('',(-1.,0.,0.));
#15574 = ADVANCED_FACE('',(#15575,#15593),#15604,.F.);
#15575 = FACE_BOUND('',#15576,.F.);
#15576 = EDGE_LOOP('',(#15577,#15585,#15591,#15592));
#15577 = ORIENTED_EDGE('',*,*,#15578,.F.);
#15578 = EDGE_CURVE('',#15579,#14928,#15581,.T.);
#15579 = VERTEX_POINT('',#15580);
#15580 = CARTESIAN_POINT('',(12.5,168.,219.));
#15581 = LINE('',#15582,#15583);
#15582 = CARTESIAN_POINT('',(12.5,168.,219.));
#15583 = VECTOR('',#15584,1.);
#15584 = DIRECTION('',(-1.,0.,0.));
#15585 = ORIENTED_EDGE('',*,*,#15586,.T.);
#15586 = EDGE_CURVE('',#15579,#15555,#15587,.T.);
#15587 = LINE('',#15588,#15589);
#15588 = CARTESIAN_POINT('',(12.5,168.,219.));
#15589 = VECTOR('',#15590,1.);
#15590 = DIRECTION('',(0.,0.,1.));
#15591 = ORIENTED_EDGE('',*,*,#15562,.T.);
#15592 = ORIENTED_EDGE('',*,*,#14927,.F.);
#15593 = FACE_BOUND('',#15594,.F.);
#15594 = EDGE_LOOP('',(#15595));
#15595 = ORIENTED_EDGE('',*,*,#15596,.F.);
#15596 = EDGE_CURVE('',#15597,#15597,#15599,.T.);
#15597 = VERTEX_POINT('',#15598);
#15598 = CARTESIAN_POINT('',(7.5,168.,224.2));
#15599 = CIRCLE('',#15600,1.2);
#15600 = AXIS2_PLACEMENT_3D('',#15601,#15602,#15603);
#15601 = CARTESIAN_POINT('',(7.5,168.,223.));
#15602 = DIRECTION('',(0.,-1.,0.));
#15603 = DIRECTION('',(0.,0.,1.));
#15604 = PLANE('',#15605);
#15605 = AXIS2_PLACEMENT_3D('',#15606,#15607,#15608);
#15606 = CARTESIAN_POINT('',(12.5,168.,219.));
#15607 = DIRECTION('',(0.,-1.,0.));
#15608 = DIRECTION('',(0.,0.,1.));
#15609 = ADVANCED_FACE('',(#15610),#15621,.F.);
#15610 = FACE_BOUND('',#15611,.F.);
#15611 = EDGE_LOOP('',(#15612,#15618,#15619,#15620));
#15612 = ORIENTED_EDGE('',*,*,#15613,.F.);
#15613 = EDGE_CURVE('',#15579,#15510,#15614,.T.);
#15614 = LINE('',#15615,#15616);
#15615 = CARTESIAN_POINT('',(12.5,168.,219.));
#15616 = VECTOR('',#15617,1.);
#15617 = DIRECTION('',(0.,-1.,0.));
#15618 = ORIENTED_EDGE('',*,*,#15578,.T.);
#15619 = ORIENTED_EDGE('',*,*,#14935,.T.);
#15620 = ORIENTED_EDGE('',*,*,#15509,.F.);
#15621 = PLANE('',#15622);
#15622 = AXIS2_PLACEMENT_3D('',#15623,#15624,#15625);
#15623 = CARTESIAN_POINT('',(12.5,168.,219.));
#15624 = DIRECTION('',(0.,0.,1.));
#15625 = DIRECTION('',(-1.,0.,0.));
#15626 = ADVANCED_FACE('',(#15627,#15656),#15667,.T.);
#15627 = FACE_BOUND('',#15628,.T.);
#15628 = EDGE_LOOP('',(#15629,#15630,#15638,#15646,#15652,#15653,#15654,
    #15655));
#15629 = ORIENTED_EDGE('',*,*,#14998,.F.);
#15630 = ORIENTED_EDGE('',*,*,#15631,.F.);
#15631 = EDGE_CURVE('',#15632,#14991,#15634,.T.);
#15632 = VERTEX_POINT('',#15633);
#15633 = CARTESIAN_POINT('',(12.5,165.,184.));
#15634 = LINE('',#15635,#15636);
#15635 = CARTESIAN_POINT('',(12.5,165.,184.));
#15636 = VECTOR('',#15637,1.);
#15637 = DIRECTION('',(-1.,0.,0.));
#15638 = ORIENTED_EDGE('',*,*,#15639,.T.);
#15639 = EDGE_CURVE('',#15632,#15640,#15642,.T.);
#15640 = VERTEX_POINT('',#15641);
#15641 = CARTESIAN_POINT('',(12.5,165.,191.));
#15642 = LINE('',#15643,#15644);
#15643 = CARTESIAN_POINT('',(12.5,165.,184.));
#15644 = VECTOR('',#15645,1.);
#15645 = DIRECTION('',(0.,0.,1.));
#15646 = ORIENTED_EDGE('',*,*,#15647,.T.);
#15647 = EDGE_CURVE('',#15640,#14967,#15648,.T.);
#15648 = LINE('',#15649,#15650);
#15649 = CARTESIAN_POINT('',(12.5,165.,191.));
#15650 = VECTOR('',#15651,1.);
#15651 = DIRECTION('',(-1.,0.,0.));
#15652 = ORIENTED_EDGE('',*,*,#14966,.F.);
#15653 = ORIENTED_EDGE('',*,*,#15069,.F.);
#15654 = ORIENTED_EDGE('',*,*,#15052,.F.);
#15655 = ORIENTED_EDGE('',*,*,#15028,.T.);
#15656 = FACE_BOUND('',#15657,.T.);
#15657 = EDGE_LOOP('',(#15658));
#15658 = ORIENTED_EDGE('',*,*,#15659,.F.);
#15659 = EDGE_CURVE('',#15660,#15660,#15662,.T.);
#15660 = VERTEX_POINT('',#15661);
#15661 = CARTESIAN_POINT('',(7.5,165.,188.2));
#15662 = CIRCLE('',#15663,1.2);
#15663 = AXIS2_PLACEMENT_3D('',#15664,#15665,#15666);
#15664 = CARTESIAN_POINT('',(7.5,165.,187.));
#15665 = DIRECTION('',(0.,-1.,0.));
#15666 = DIRECTION('',(0.,0.,1.));
#15667 = PLANE('',#15668);
#15668 = AXIS2_PLACEMENT_3D('',#15669,#15670,#15671);
#15669 = CARTESIAN_POINT('',(12.5,165.,184.));
#15670 = DIRECTION('',(0.,-1.,0.));
#15671 = DIRECTION('',(0.,0.,1.));
#15672 = ADVANCED_FACE('',(#15673),#15691,.T.);
#15673 = FACE_BOUND('',#15674,.T.);
#15674 = EDGE_LOOP('',(#15675,#15683,#15689,#15690));
#15675 = ORIENTED_EDGE('',*,*,#15676,.F.);
#15676 = EDGE_CURVE('',#15677,#15640,#15679,.T.);
#15677 = VERTEX_POINT('',#15678);
#15678 = CARTESIAN_POINT('',(12.5,168.,191.));
#15679 = LINE('',#15680,#15681);
#15680 = CARTESIAN_POINT('',(12.5,168.,191.));
#15681 = VECTOR('',#15682,1.);
#15682 = DIRECTION('',(0.,-1.,0.));
#15683 = ORIENTED_EDGE('',*,*,#15684,.T.);
#15684 = EDGE_CURVE('',#15677,#14975,#15685,.T.);
#15685 = LINE('',#15686,#15687);
#15686 = CARTESIAN_POINT('',(12.5,168.,191.));
#15687 = VECTOR('',#15688,1.);
#15688 = DIRECTION('',(-1.,0.,0.));
#15689 = ORIENTED_EDGE('',*,*,#14974,.T.);
#15690 = ORIENTED_EDGE('',*,*,#15647,.F.);
#15691 = PLANE('',#15692);
#15692 = AXIS2_PLACEMENT_3D('',#15693,#15694,#15695);
#15693 = CARTESIAN_POINT('',(12.5,168.,191.));
#15694 = DIRECTION('',(0.,0.,1.));
#15695 = DIRECTION('',(-1.,0.,0.));
#15696 = ADVANCED_FACE('',(#15697,#15715),#15726,.F.);
#15697 = FACE_BOUND('',#15698,.F.);
#15698 = EDGE_LOOP('',(#15699,#15707,#15713,#15714));
#15699 = ORIENTED_EDGE('',*,*,#15700,.F.);
#15700 = EDGE_CURVE('',#15701,#14983,#15703,.T.);
#15701 = VERTEX_POINT('',#15702);
#15702 = CARTESIAN_POINT('',(12.5,168.,184.));
#15703 = LINE('',#15704,#15705);
#15704 = CARTESIAN_POINT('',(12.5,168.,184.));
#15705 = VECTOR('',#15706,1.);
#15706 = DIRECTION('',(-1.,0.,0.));
#15707 = ORIENTED_EDGE('',*,*,#15708,.T.);
#15708 = EDGE_CURVE('',#15701,#15677,#15709,.T.);
#15709 = LINE('',#15710,#15711);
#15710 = CARTESIAN_POINT('',(12.5,168.,184.));
#15711 = VECTOR('',#15712,1.);
#15712 = DIRECTION('',(0.,0.,1.));
#15713 = ORIENTED_EDGE('',*,*,#15684,.T.);
#15714 = ORIENTED_EDGE('',*,*,#14982,.F.);
#15715 = FACE_BOUND('',#15716,.F.);
#15716 = EDGE_LOOP('',(#15717));
#15717 = ORIENTED_EDGE('',*,*,#15718,.F.);
#15718 = EDGE_CURVE('',#15719,#15719,#15721,.T.);
#15719 = VERTEX_POINT('',#15720);
#15720 = CARTESIAN_POINT('',(7.5,168.,188.2));
#15721 = CIRCLE('',#15722,1.2);
#15722 = AXIS2_PLACEMENT_3D('',#15723,#15724,#15725);
#15723 = CARTESIAN_POINT('',(7.5,168.,187.));
#15724 = DIRECTION('',(0.,-1.,0.));
#15725 = DIRECTION('',(0.,0.,1.));
#15726 = PLANE('',#15727);
#15727 = AXIS2_PLACEMENT_3D('',#15728,#15729,#15730);
#15728 = CARTESIAN_POINT('',(12.5,168.,184.));
#15729 = DIRECTION('',(0.,-1.,0.));
#15730 = DIRECTION('',(0.,0.,1.));
#15731 = ADVANCED_FACE('',(#15732),#15743,.F.);
#15732 = FACE_BOUND('',#15733,.F.);
#15733 = EDGE_LOOP('',(#15734,#15740,#15741,#15742));
#15734 = ORIENTED_EDGE('',*,*,#15735,.F.);
#15735 = EDGE_CURVE('',#15701,#15632,#15736,.T.);
#15736 = LINE('',#15737,#15738);
#15737 = CARTESIAN_POINT('',(12.5,168.,184.));
#15738 = VECTOR('',#15739,1.);
#15739 = DIRECTION('',(0.,-1.,0.));
#15740 = ORIENTED_EDGE('',*,*,#15700,.T.);
#15741 = ORIENTED_EDGE('',*,*,#14990,.T.);
#15742 = ORIENTED_EDGE('',*,*,#15631,.F.);
#15743 = PLANE('',#15744);
#15744 = AXIS2_PLACEMENT_3D('',#15745,#15746,#15747);
#15745 = CARTESIAN_POINT('',(12.5,168.,184.));
#15746 = DIRECTION('',(0.,0.,1.));
#15747 = DIRECTION('',(-1.,0.,0.));
#15748 = ADVANCED_FACE('',(#15749),#15755,.T.);
#15749 = FACE_BOUND('',#15750,.T.);
#15750 = EDGE_LOOP('',(#15751,#15752,#15753,#15754));
#15751 = ORIENTED_EDGE('',*,*,#15344,.F.);
#15752 = ORIENTED_EDGE('',*,*,#15319,.T.);
#15753 = ORIENTED_EDGE('',*,*,#15264,.T.);
#15754 = ORIENTED_EDGE('',*,*,#15371,.F.);
#15755 = PLANE('',#15756);
#15756 = AXIS2_PLACEMENT_3D('',#15757,#15758,#15759);
#15757 = CARTESIAN_POINT('',(66.5,168.,184.));
#15758 = DIRECTION('',(-1.,0.,0.));
#15759 = DIRECTION('',(0.,0.,1.));
#15760 = ADVANCED_FACE('',(#15761),#15772,.F.);
#15761 = FACE_BOUND('',#15762,.F.);
#15762 = EDGE_LOOP('',(#15763,#15764,#15770,#15771));
#15763 = ORIENTED_EDGE('',*,*,#15293,.F.);
#15764 = ORIENTED_EDGE('',*,*,#15765,.F.);
#15765 = EDGE_CURVE('',#15353,#15294,#15766,.T.);
#15766 = LINE('',#15767,#15768);
#15767 = CARTESIAN_POINT('',(71.5,169.,188.2));
#15768 = VECTOR('',#15769,1.);
#15769 = DIRECTION('',(0.,-1.,0.));
#15770 = ORIENTED_EDGE('',*,*,#15352,.T.);
#15771 = ORIENTED_EDGE('',*,*,#15765,.T.);
#15772 = CYLINDRICAL_SURFACE('',#15773,1.2);
#15773 = AXIS2_PLACEMENT_3D('',#15774,#15775,#15776);
#15774 = CARTESIAN_POINT('',(71.5,169.,187.));
#15775 = DIRECTION('',(0.,-1.,0.));
#15776 = DIRECTION('',(0.,0.,1.));
#15777 = ADVANCED_FACE('',(#15778),#15784,.T.);
#15778 = FACE_BOUND('',#15779,.T.);
#15779 = EDGE_LOOP('',(#15780,#15781,#15782,#15783));
#15780 = ORIENTED_EDGE('',*,*,#15466,.F.);
#15781 = ORIENTED_EDGE('',*,*,#15441,.T.);
#15782 = ORIENTED_EDGE('',*,*,#15386,.T.);
#15783 = ORIENTED_EDGE('',*,*,#15493,.F.);
#15784 = PLANE('',#15785);
#15785 = AXIS2_PLACEMENT_3D('',#15786,#15787,#15788);
#15786 = CARTESIAN_POINT('',(66.5,168.,219.));
#15787 = DIRECTION('',(-1.,0.,0.));
#15788 = DIRECTION('',(0.,0.,1.));
#15789 = ADVANCED_FACE('',(#15790),#15801,.F.);
#15790 = FACE_BOUND('',#15791,.F.);
#15791 = EDGE_LOOP('',(#15792,#15793,#15799,#15800));
#15792 = ORIENTED_EDGE('',*,*,#15415,.F.);
#15793 = ORIENTED_EDGE('',*,*,#15794,.F.);
#15794 = EDGE_CURVE('',#15475,#15416,#15795,.T.);
#15795 = LINE('',#15796,#15797);
#15796 = CARTESIAN_POINT('',(71.5,169.,224.2));
#15797 = VECTOR('',#15798,1.);
#15798 = DIRECTION('',(0.,-1.,0.));
#15799 = ORIENTED_EDGE('',*,*,#15474,.T.);
#15800 = ORIENTED_EDGE('',*,*,#15794,.T.);
#15801 = CYLINDRICAL_SURFACE('',#15802,1.2);
#15802 = AXIS2_PLACEMENT_3D('',#15803,#15804,#15805);
#15803 = CARTESIAN_POINT('',(71.5,169.,223.));
#15804 = DIRECTION('',(0.,-1.,0.));
#15805 = DIRECTION('',(0.,0.,1.));
#15806 = ADVANCED_FACE('',(#15807),#15813,.F.);
#15807 = FACE_BOUND('',#15808,.F.);
#15808 = EDGE_LOOP('',(#15809,#15810,#15811,#15812));
#15809 = ORIENTED_EDGE('',*,*,#15586,.F.);
#15810 = ORIENTED_EDGE('',*,*,#15613,.T.);
#15811 = ORIENTED_EDGE('',*,*,#15517,.T.);
#15812 = ORIENTED_EDGE('',*,*,#15554,.F.);
#15813 = PLANE('',#15814);
#15814 = AXIS2_PLACEMENT_3D('',#15815,#15816,#15817);
#15815 = CARTESIAN_POINT('',(12.5,168.,219.));
#15816 = DIRECTION('',(-1.,0.,0.));
#15817 = DIRECTION('',(0.,0.,1.));
#15818 = ADVANCED_FACE('',(#15819),#15830,.F.);
#15819 = FACE_BOUND('',#15820,.F.);
#15820 = EDGE_LOOP('',(#15821,#15822,#15828,#15829));
#15821 = ORIENTED_EDGE('',*,*,#15537,.F.);
#15822 = ORIENTED_EDGE('',*,*,#15823,.F.);
#15823 = EDGE_CURVE('',#15597,#15538,#15824,.T.);
#15824 = LINE('',#15825,#15826);
#15825 = CARTESIAN_POINT('',(7.5,169.,224.2));
#15826 = VECTOR('',#15827,1.);
#15827 = DIRECTION('',(0.,-1.,0.));
#15828 = ORIENTED_EDGE('',*,*,#15596,.T.);
#15829 = ORIENTED_EDGE('',*,*,#15823,.T.);
#15830 = CYLINDRICAL_SURFACE('',#15831,1.2);
#15831 = AXIS2_PLACEMENT_3D('',#15832,#15833,#15834);
#15832 = CARTESIAN_POINT('',(7.5,169.,223.));
#15833 = DIRECTION('',(0.,-1.,0.));
#15834 = DIRECTION('',(0.,0.,1.));
#15835 = ADVANCED_FACE('',(#15836),#15842,.F.);
#15836 = FACE_BOUND('',#15837,.F.);
#15837 = EDGE_LOOP('',(#15838,#15839,#15840,#15841));
#15838 = ORIENTED_EDGE('',*,*,#15708,.F.);
#15839 = ORIENTED_EDGE('',*,*,#15735,.T.);
#15840 = ORIENTED_EDGE('',*,*,#15639,.T.);
#15841 = ORIENTED_EDGE('',*,*,#15676,.F.);
#15842 = PLANE('',#15843);
#15843 = AXIS2_PLACEMENT_3D('',#15844,#15845,#15846);
#15844 = CARTESIAN_POINT('',(12.5,168.,184.));
#15845 = DIRECTION('',(-1.,0.,0.));
#15846 = DIRECTION('',(0.,0.,1.));
#15847 = ADVANCED_FACE('',(#15848),#15859,.F.);
#15848 = FACE_BOUND('',#15849,.F.);
#15849 = EDGE_LOOP('',(#15850,#15851,#15857,#15858));
#15850 = ORIENTED_EDGE('',*,*,#15659,.F.);
#15851 = ORIENTED_EDGE('',*,*,#15852,.F.);
#15852 = EDGE_CURVE('',#15719,#15660,#15853,.T.);
#15853 = LINE('',#15854,#15855);
#15854 = CARTESIAN_POINT('',(7.5,169.,188.2));
#15855 = VECTOR('',#15856,1.);
#15856 = DIRECTION('',(0.,-1.,0.));
#15857 = ORIENTED_EDGE('',*,*,#15718,.T.);
#15858 = ORIENTED_EDGE('',*,*,#15852,.T.);
#15859 = CYLINDRICAL_SURFACE('',#15860,1.2);
#15860 = AXIS2_PLACEMENT_3D('',#15861,#15862,#15863);
#15861 = CARTESIAN_POINT('',(7.5,169.,187.));
#15862 = DIRECTION('',(0.,-1.,0.));
#15863 = DIRECTION('',(0.,0.,1.));
#15864 = MANIFOLD_SOLID_BREP('',#15865);
#15865 = CLOSED_SHELL('',(#15866,#15906,#15946,#15968,#15990,#16002));
#15866 = ADVANCED_FACE('',(#15867),#15901,.F.);
#15867 = FACE_BOUND('',#15868,.F.);
#15868 = EDGE_LOOP('',(#15869,#15879,#15887,#15895));
#15869 = ORIENTED_EDGE('',*,*,#15870,.F.);
#15870 = EDGE_CURVE('',#15871,#15873,#15875,.T.);
#15871 = VERTEX_POINT('',#15872);
#15872 = CARTESIAN_POINT('',(70.5,113.,190.5));
#15873 = VERTEX_POINT('',#15874);
#15874 = CARTESIAN_POINT('',(70.5,113.,219.5));
#15875 = LINE('',#15876,#15877);
#15876 = CARTESIAN_POINT('',(70.5,113.,190.5));
#15877 = VECTOR('',#15878,1.);
#15878 = DIRECTION('',(0.,0.,1.));
#15879 = ORIENTED_EDGE('',*,*,#15880,.T.);
#15880 = EDGE_CURVE('',#15871,#15881,#15883,.T.);
#15881 = VERTEX_POINT('',#15882);
#15882 = CARTESIAN_POINT('',(70.5,109.8,190.5));
#15883 = LINE('',#15884,#15885);
#15884 = CARTESIAN_POINT('',(70.5,113.,190.5));
#15885 = VECTOR('',#15886,1.);
#15886 = DIRECTION('',(0.,-1.,0.));
#15887 = ORIENTED_EDGE('',*,*,#15888,.T.);
#15888 = EDGE_CURVE('',#15881,#15889,#15891,.T.);
#15889 = VERTEX_POINT('',#15890);
#15890 = CARTESIAN_POINT('',(70.5,109.8,219.5));
#15891 = LINE('',#15892,#15893);
#15892 = CARTESIAN_POINT('',(70.5,109.8,190.5));
#15893 = VECTOR('',#15894,1.);
#15894 = DIRECTION('',(0.,0.,1.));
#15895 = ORIENTED_EDGE('',*,*,#15896,.F.);
#15896 = EDGE_CURVE('',#15873,#15889,#15897,.T.);
#15897 = LINE('',#15898,#15899);
#15898 = CARTESIAN_POINT('',(70.5,113.,219.5));
#15899 = VECTOR('',#15900,1.);
#15900 = DIRECTION('',(0.,-1.,0.));
#15901 = PLANE('',#15902);
#15902 = AXIS2_PLACEMENT_3D('',#15903,#15904,#15905);
#15903 = CARTESIAN_POINT('',(70.5,113.,190.5));
#15904 = DIRECTION('',(-1.,0.,0.));
#15905 = DIRECTION('',(0.,0.,1.));
#15906 = ADVANCED_FACE('',(#15907),#15941,.T.);
#15907 = FACE_BOUND('',#15908,.T.);
#15908 = EDGE_LOOP('',(#15909,#15919,#15927,#15935));
#15909 = ORIENTED_EDGE('',*,*,#15910,.F.);
#15910 = EDGE_CURVE('',#15911,#15913,#15915,.T.);
#15911 = VERTEX_POINT('',#15912);
#15912 = CARTESIAN_POINT('',(8.5,113.,190.5));
#15913 = VERTEX_POINT('',#15914);
#15914 = CARTESIAN_POINT('',(8.5,113.,219.5));
#15915 = LINE('',#15916,#15917);
#15916 = CARTESIAN_POINT('',(8.5,113.,190.5));
#15917 = VECTOR('',#15918,1.);
#15918 = DIRECTION('',(0.,0.,1.));
#15919 = ORIENTED_EDGE('',*,*,#15920,.T.);
#15920 = EDGE_CURVE('',#15911,#15921,#15923,.T.);
#15921 = VERTEX_POINT('',#15922);
#15922 = CARTESIAN_POINT('',(8.5,109.8,190.5));
#15923 = LINE('',#15924,#15925);
#15924 = CARTESIAN_POINT('',(8.5,113.,190.5));
#15925 = VECTOR('',#15926,1.);
#15926 = DIRECTION('',(0.,-1.,0.));
#15927 = ORIENTED_EDGE('',*,*,#15928,.T.);
#15928 = EDGE_CURVE('',#15921,#15929,#15931,.T.);
#15929 = VERTEX_POINT('',#15930);
#15930 = CARTESIAN_POINT('',(8.5,109.8,219.5));
#15931 = LINE('',#15932,#15933);
#15932 = CARTESIAN_POINT('',(8.5,109.8,190.5));
#15933 = VECTOR('',#15934,1.);
#15934 = DIRECTION('',(0.,0.,1.));
#15935 = ORIENTED_EDGE('',*,*,#15936,.F.);
#15936 = EDGE_CURVE('',#15913,#15929,#15937,.T.);
#15937 = LINE('',#15938,#15939);
#15938 = CARTESIAN_POINT('',(8.5,113.,219.5));
#15939 = VECTOR('',#15940,1.);
#15940 = DIRECTION('',(0.,-1.,0.));
#15941 = PLANE('',#15942);
#15942 = AXIS2_PLACEMENT_3D('',#15943,#15944,#15945);
#15943 = CARTESIAN_POINT('',(8.5,113.,190.5));
#15944 = DIRECTION('',(-1.,0.,0.));
#15945 = DIRECTION('',(0.,0.,1.));
#15946 = ADVANCED_FACE('',(#15947),#15963,.F.);
#15947 = FACE_BOUND('',#15948,.F.);
#15948 = EDGE_LOOP('',(#15949,#15955,#15956,#15962));
#15949 = ORIENTED_EDGE('',*,*,#15950,.F.);
#15950 = EDGE_CURVE('',#15871,#15911,#15951,.T.);
#15951 = LINE('',#15952,#15953);
#15952 = CARTESIAN_POINT('',(70.5,113.,190.5));
#15953 = VECTOR('',#15954,1.);
#15954 = DIRECTION('',(-1.,0.,0.));
#15955 = ORIENTED_EDGE('',*,*,#15870,.T.);
#15956 = ORIENTED_EDGE('',*,*,#15957,.T.);
#15957 = EDGE_CURVE('',#15873,#15913,#15958,.T.);
#15958 = LINE('',#15959,#15960);
#15959 = CARTESIAN_POINT('',(70.5,113.,219.5));
#15960 = VECTOR('',#15961,1.);
#15961 = DIRECTION('',(-1.,0.,0.));
#15962 = ORIENTED_EDGE('',*,*,#15910,.F.);
#15963 = PLANE('',#15964);
#15964 = AXIS2_PLACEMENT_3D('',#15965,#15966,#15967);
#15965 = CARTESIAN_POINT('',(70.5,113.,190.5));
#15966 = DIRECTION('',(0.,-1.,0.));
#15967 = DIRECTION('',(0.,0.,1.));
#15968 = ADVANCED_FACE('',(#15969),#15985,.T.);
#15969 = FACE_BOUND('',#15970,.T.);
#15970 = EDGE_LOOP('',(#15971,#15977,#15978,#15984));
#15971 = ORIENTED_EDGE('',*,*,#15972,.F.);
#15972 = EDGE_CURVE('',#15881,#15921,#15973,.T.);
#15973 = LINE('',#15974,#15975);
#15974 = CARTESIAN_POINT('',(70.5,109.8,190.5));
#15975 = VECTOR('',#15976,1.);
#15976 = DIRECTION('',(-1.,0.,0.));
#15977 = ORIENTED_EDGE('',*,*,#15888,.T.);
#15978 = ORIENTED_EDGE('',*,*,#15979,.T.);
#15979 = EDGE_CURVE('',#15889,#15929,#15980,.T.);
#15980 = LINE('',#15981,#15982);
#15981 = CARTESIAN_POINT('',(70.5,109.8,219.5));
#15982 = VECTOR('',#15983,1.);
#15983 = DIRECTION('',(-1.,0.,0.));
#15984 = ORIENTED_EDGE('',*,*,#15928,.F.);
#15985 = PLANE('',#15986);
#15986 = AXIS2_PLACEMENT_3D('',#15987,#15988,#15989);
#15987 = CARTESIAN_POINT('',(70.5,109.8,190.5));
#15988 = DIRECTION('',(0.,-1.,0.));
#15989 = DIRECTION('',(0.,0.,1.));
#15990 = ADVANCED_FACE('',(#15991),#15997,.F.);
#15991 = FACE_BOUND('',#15992,.F.);
#15992 = EDGE_LOOP('',(#15993,#15994,#15995,#15996));
#15993 = ORIENTED_EDGE('',*,*,#15880,.F.);
#15994 = ORIENTED_EDGE('',*,*,#15950,.T.);
#15995 = ORIENTED_EDGE('',*,*,#15920,.T.);
#15996 = ORIENTED_EDGE('',*,*,#15972,.F.);
#15997 = PLANE('',#15998);
#15998 = AXIS2_PLACEMENT_3D('',#15999,#16000,#16001);
#15999 = CARTESIAN_POINT('',(70.5,113.,190.5));
#16000 = DIRECTION('',(0.,0.,1.));
#16001 = DIRECTION('',(-1.,0.,0.));
#16002 = ADVANCED_FACE('',(#16003),#16009,.T.);
#16003 = FACE_BOUND('',#16004,.T.);
#16004 = EDGE_LOOP('',(#16005,#16006,#16007,#16008));
#16005 = ORIENTED_EDGE('',*,*,#15896,.F.);
#16006 = ORIENTED_EDGE('',*,*,#15957,.T.);
#16007 = ORIENTED_EDGE('',*,*,#15936,.T.);
#16008 = ORIENTED_EDGE('',*,*,#15979,.F.);
#16009 = PLANE('',#16010);
#16010 = AXIS2_PLACEMENT_3D('',#16011,#16012,#16013);
#16011 = CARTESIAN_POINT('',(70.5,113.,219.5));
#16012 = DIRECTION('',(0.,0.,1.));
#16013 = DIRECTION('',(-1.,0.,0.));
#16014 = ( GEOMETRIC_REPRESENTATION_CONTEXT(3) 
GLOBAL_UNCERTAINTY_ASSIGNED_CONTEXT((#16018)) 
GLOBAL_UNIT_ASSIGNED_CONTEXT((#16015,#16016,#16017)) 
REPRESENTATION_CONTEXT('Context #1',
  '3D Context with UNIT and UNCERTAINTY') );
#16015 = ( LENGTH_UNIT() NAMED_UNIT(*) SI_UNIT(.MILLI.,.METRE.) );
#16016 = ( NAMED_UNIT(*) PLANE_ANGLE_UNIT() SI_UNIT($,.RADIAN.) );
#16017 = ( NAMED_UNIT(*) SI_UNIT($,.STERADIAN.) SOLID_ANGLE_UNIT() );
#16018 = UNCERTAINTY_MEASURE_WITH_UNIT(LENGTH_MEASURE(2.E-07),#16015,
  'distance_accuracy_value','confusion accuracy');
#16019 = PRODUCT_RELATED_PRODUCT_CATEGORY('part',$,(#7));
ENDSEC;
END-ISO-10303-21;
