ISO-10303-21;
HEADER;
FILE_DESCRIPTION(('FreeCAD Model'),'2;1');
FILE_NAME('Open CASCADE Shape Model','2026-09-23T11:16:08',('FreeCAD'),(
    'FreeCAD'),'Open CASCADE STEP processor 7.8','FreeCAD','Unknown');
FILE_SCHEMA(('AUTOMOTIVE_DESIGN { 1 0 10303 214 1 1 1 1 }'));
ENDSEC;
DATA;
#1 = APPLICATION_PROTOCOL_DEFINITION('international standard',
  'automotive_design',2000,#2);
#2 = APPLICATION_CONTEXT(
  'core data for automotive mechanical design processes');
#3 = SHAPE_DEFINITION_REPRESENTATION(#4,#10);
#4 = PRODUCT_DEFINITION_SHAPE('','',#5);
#5 = PRODUCT_DEFINITION('design','',#6,#9);
#6 = PRODUCT_DEFINITION_FORMATION('','',#7);
#7 = PRODUCT('Open CASCADE STEP translator 7.8 1',
  'Open CASCADE STEP translator 7.8 1','',(#8));
#8 = PRODUCT_CONTEXT('',#2,'mechanical');
#9 = PRODUCT_DEFINITION_CONTEXT('part definition',#2,'design');
#10 = ADVANCED_BREP_SHAPE_REPRESENTATION('',(#11,#15),#2735);
#11 = AXIS2_PLACEMENT_3D('',#12,#13,#14);
#12 = CARTESIAN_POINT('',(0.,0.,0.));
#13 = DIRECTION('',(0.,0.,1.));
#14 = DIRECTION('',(1.,0.,-0.));
#15 = MANIFOLD_SOLID_BREP('',#16);
#16 = CLOSED_SHELL('',(#17,#89,#131,#171,#224,#266,#291,#307,#349,#382,
    #399,#463,#481,#545,#578,#602,#642,#698,#729,#741,#765,#789,#806,
    #817,#1030,#1054,#1078,#1095,#1126,#1150,#1174,#1237,#1261,#1308,
    #1332,#1379,#1435,#1459,#1483,#1507,#1540,#1557,#1574,#1598,#1626,
    #1643,#1689,#1701,#1713,#1725,#1782,#1825,#1856,#1872,#1884,#1901,
    #1932,#1956,#1980,#1997,#2030,#2070,#2095,#2160,#2216,#2244,#2293,
    #2323,#2340,#2358,#2376,#2388,#2413,#2438,#2463,#2488,#2505,#2525,
    #2545,#2565,#2585,#2610,#2635,#2660,#2685,#2694,#2703,#2712,#2721));
#17 = ADVANCED_FACE('',(#18),#84,.F.);
#18 = FACE_BOUND('',#19,.F.);
#19 = EDGE_LOOP('',(#20,#30,#38,#46,#54,#62,#70,#78));
#20 = ORIENTED_EDGE('',*,*,#21,.F.);
#21 = EDGE_CURVE('',#22,#24,#26,.T.);
#22 = VERTEX_POINT('',#23);
#23 = CARTESIAN_POINT('',(18.4,127.4,5.2));
#24 = VERTEX_POINT('',#25);
#25 = CARTESIAN_POINT('',(18.4,136.5,5.2));
#26 = LINE('',#27,#28);
#27 = CARTESIAN_POINT('',(18.4,127.4,5.2));
#28 = VECTOR('',#29,1.);
#29 = DIRECTION('',(0.,1.,0.));
#30 = ORIENTED_EDGE('',*,*,#31,.F.);
#31 = EDGE_CURVE('',#32,#22,#34,.T.);
#32 = VERTEX_POINT('',#33);
#33 = CARTESIAN_POINT('',(18.4,127.4,2.2));
#34 = LINE('',#35,#36);
#35 = CARTESIAN_POINT('',(18.4,127.4,2.2));
#36 = VECTOR('',#37,1.);
#37 = DIRECTION('',(0.,0.,1.));
#38 = ORIENTED_EDGE('',*,*,#39,.T.);
#39 = EDGE_CURVE('',#32,#40,#42,.T.);
#40 = VERTEX_POINT('',#41);
#41 = CARTESIAN_POINT('',(18.4,127.47084973779,2.2));
#42 = LINE('',#43,#44);
#43 = CARTESIAN_POINT('',(18.4,127.4,2.2));
#44 = VECTOR('',#45,1.);
#45 = DIRECTION('',(0.,1.,0.));
#46 = ORIENTED_EDGE('',*,*,#47,.T.);
#47 = EDGE_CURVE('',#40,#48,#50,.T.);
#48 = VERTEX_POINT('',#49);
#49 = CARTESIAN_POINT('',(18.4,127.47084973778,5.));
#50 = LINE('',#51,#52);
#51 = CARTESIAN_POINT('',(18.4,127.47084973778,2.1));
#52 = VECTOR('',#53,1.);
#53 = DIRECTION('',(0.,0.,1.));
#54 = ORIENTED_EDGE('',*,*,#55,.F.);
#55 = EDGE_CURVE('',#56,#48,#58,.T.);
#56 = VERTEX_POINT('',#57);
#57 = CARTESIAN_POINT('',(18.4,128.52915026221,5.));
#58 = LINE('',#59,#60);
#59 = CARTESIAN_POINT('',(18.4,127.7,5.));
#60 = VECTOR('',#61,1.);
#61 = DIRECTION('',(0.,-1.,0.));
#62 = ORIENTED_EDGE('',*,*,#63,.F.);
#63 = EDGE_CURVE('',#64,#56,#66,.T.);
#64 = VERTEX_POINT('',#65);
#65 = CARTESIAN_POINT('',(18.4,128.5291502622,2.2));
#66 = LINE('',#67,#68);
#67 = CARTESIAN_POINT('',(18.4,128.52915026221,2.1));
#68 = VECTOR('',#69,1.);
#69 = DIRECTION('',(0.,0.,1.));
#70 = ORIENTED_EDGE('',*,*,#71,.T.);
#71 = EDGE_CURVE('',#64,#72,#74,.T.);
#72 = VERTEX_POINT('',#73);
#73 = CARTESIAN_POINT('',(18.4,136.5,2.2));
#74 = LINE('',#75,#76);
#75 = CARTESIAN_POINT('',(18.4,127.4,2.2));
#76 = VECTOR('',#77,1.);
#77 = DIRECTION('',(0.,1.,0.));
#78 = ORIENTED_EDGE('',*,*,#79,.T.);
#79 = EDGE_CURVE('',#72,#24,#80,.T.);
#80 = LINE('',#81,#82);
#81 = CARTESIAN_POINT('',(18.4,136.5,2.2));
#82 = VECTOR('',#83,1.);
#83 = DIRECTION('',(0.,0.,1.));
#84 = PLANE('',#85);
#85 = AXIS2_PLACEMENT_3D('',#86,#87,#88);
#86 = CARTESIAN_POINT('',(18.4,127.4,2.2));
#87 = DIRECTION('',(1.,0.,0.));
#88 = DIRECTION('',(0.,0.,1.));
#89 = ADVANCED_FACE('',(#90,#115),#126,.T.);
#90 = FACE_BOUND('',#91,.T.);
#91 = EDGE_LOOP('',(#92,#100,#101,#109));
#92 = ORIENTED_EDGE('',*,*,#93,.F.);
#93 = EDGE_CURVE('',#24,#94,#96,.T.);
#94 = VERTEX_POINT('',#95);
#95 = CARTESIAN_POINT('',(28.7,136.5,5.2));
#96 = LINE('',#97,#98);
#97 = CARTESIAN_POINT('',(18.4,136.5,5.2));
#98 = VECTOR('',#99,1.);
#99 = DIRECTION('',(1.,0.,0.));
#100 = ORIENTED_EDGE('',*,*,#21,.F.);
#101 = ORIENTED_EDGE('',*,*,#102,.T.);
#102 = EDGE_CURVE('',#22,#103,#105,.T.);
#103 = VERTEX_POINT('',#104);
#104 = CARTESIAN_POINT('',(28.7,127.4,5.2));
#105 = LINE('',#106,#107);
#106 = CARTESIAN_POINT('',(18.4,127.4,5.2));
#107 = VECTOR('',#108,1.);
#108 = DIRECTION('',(1.,0.,0.));
#109 = ORIENTED_EDGE('',*,*,#110,.T.);
#110 = EDGE_CURVE('',#103,#94,#111,.T.);
#111 = LINE('',#112,#113);
#112 = CARTESIAN_POINT('',(28.7,127.4,5.2));
#113 = VECTOR('',#114,1.);
#114 = DIRECTION('',(0.,1.,0.));
#115 = FACE_BOUND('',#116,.T.);
#116 = EDGE_LOOP('',(#117));
#117 = ORIENTED_EDGE('',*,*,#118,.F.);
#118 = EDGE_CURVE('',#119,#119,#121,.T.);
#119 = VERTEX_POINT('',#120);
#120 = CARTESIAN_POINT('',(26.6,130.5,5.2));
#121 = CIRCLE('',#122,1.1);
#122 = AXIS2_PLACEMENT_3D('',#123,#124,#125);
#123 = CARTESIAN_POINT('',(25.5,130.5,5.2));
#124 = DIRECTION('',(0.,0.,1.));
#125 = DIRECTION('',(1.,0.,0.));
#126 = PLANE('',#127);
#127 = AXIS2_PLACEMENT_3D('',#128,#129,#130);
#128 = CARTESIAN_POINT('',(18.4,127.4,5.2));
#129 = DIRECTION('',(0.,0.,1.));
#130 = DIRECTION('',(1.,0.,0.));
#131 = ADVANCED_FACE('',(#132),#166,.T.);
#132 = FACE_BOUND('',#133,.T.);
#133 = EDGE_LOOP('',(#134,#142,#143,#144,#152,#160));
#134 = ORIENTED_EDGE('',*,*,#135,.F.);
#135 = EDGE_CURVE('',#72,#136,#138,.T.);
#136 = VERTEX_POINT('',#137);
#137 = CARTESIAN_POINT('',(32.7,136.5,2.2));
#138 = LINE('',#139,#140);
#139 = CARTESIAN_POINT('',(18.4,136.5,2.2));
#140 = VECTOR('',#141,1.);
#141 = DIRECTION('',(1.,0.,0.));
#142 = ORIENTED_EDGE('',*,*,#79,.T.);
#143 = ORIENTED_EDGE('',*,*,#93,.T.);
#144 = ORIENTED_EDGE('',*,*,#145,.T.);
#145 = EDGE_CURVE('',#94,#146,#148,.T.);
#146 = VERTEX_POINT('',#147);
#147 = CARTESIAN_POINT('',(28.7,136.5,26.));
#148 = LINE('',#149,#150);
#149 = CARTESIAN_POINT('',(28.7,136.5,5.2));
#150 = VECTOR('',#151,1.);
#151 = DIRECTION('',(0.,0.,1.));
#152 = ORIENTED_EDGE('',*,*,#153,.T.);
#153 = EDGE_CURVE('',#146,#154,#156,.T.);
#154 = VERTEX_POINT('',#155);
#155 = CARTESIAN_POINT('',(32.7,136.5,26.));
#156 = LINE('',#157,#158);
#157 = CARTESIAN_POINT('',(28.7,136.5,26.));
#158 = VECTOR('',#159,1.);
#159 = DIRECTION('',(1.,0.,0.));
#160 = ORIENTED_EDGE('',*,*,#161,.F.);
#161 = EDGE_CURVE('',#136,#154,#162,.T.);
#162 = LINE('',#163,#164);
#163 = CARTESIAN_POINT('',(32.7,136.5,5.2));
#164 = VECTOR('',#165,1.);
#165 = DIRECTION('',(0.,0.,1.));
#166 = PLANE('',#167);
#167 = AXIS2_PLACEMENT_3D('',#168,#169,#170);
#168 = CARTESIAN_POINT('',(28.36154855643,136.5,11.28845144357));
#169 = DIRECTION('',(0.,1.,0.));
#170 = DIRECTION('',(0.,0.,1.));
#171 = ADVANCED_FACE('',(#172,#208),#219,.F.);
#172 = FACE_BOUND('',#173,.F.);
#173 = EDGE_LOOP('',(#174,#175,#184,#193,#201,#207));
#174 = ORIENTED_EDGE('',*,*,#71,.F.);
#175 = ORIENTED_EDGE('',*,*,#176,.F.);
#176 = EDGE_CURVE('',#177,#64,#179,.T.);
#177 = VERTEX_POINT('',#178);
#178 = CARTESIAN_POINT('',(19.8,128.,2.2));
#179 = CIRCLE('',#180,0.8);
#180 = AXIS2_PLACEMENT_3D('',#181,#182,#183);
#181 = CARTESIAN_POINT('',(19.,128.,2.2));
#182 = DIRECTION('',(0.,0.,1.));
#183 = DIRECTION('',(1.,0.,0.));
#184 = ORIENTED_EDGE('',*,*,#185,.F.);
#185 = EDGE_CURVE('',#186,#177,#188,.T.);
#186 = VERTEX_POINT('',#187);
#187 = CARTESIAN_POINT('',(19.529150262204,127.4,2.2));
#188 = CIRCLE('',#189,0.8);
#189 = AXIS2_PLACEMENT_3D('',#190,#191,#192);
#190 = CARTESIAN_POINT('',(19.,128.,2.2));
#191 = DIRECTION('',(0.,0.,1.));
#192 = DIRECTION('',(1.,0.,0.));
#193 = ORIENTED_EDGE('',*,*,#194,.T.);
#194 = EDGE_CURVE('',#186,#195,#197,.T.);
#195 = VERTEX_POINT('',#196);
#196 = CARTESIAN_POINT('',(32.7,127.4,2.2));
#197 = LINE('',#198,#199);
#198 = CARTESIAN_POINT('',(18.4,127.4,2.2));
#199 = VECTOR('',#200,1.);
#200 = DIRECTION('',(1.,0.,0.));
#201 = ORIENTED_EDGE('',*,*,#202,.T.);
#202 = EDGE_CURVE('',#195,#136,#203,.T.);
#203 = LINE('',#204,#205);
#204 = CARTESIAN_POINT('',(32.7,127.4,2.2));
#205 = VECTOR('',#206,1.);
#206 = DIRECTION('',(0.,1.,0.));
#207 = ORIENTED_EDGE('',*,*,#135,.F.);
#208 = FACE_BOUND('',#209,.F.);
#209 = EDGE_LOOP('',(#210));
#210 = ORIENTED_EDGE('',*,*,#211,.F.);
#211 = EDGE_CURVE('',#212,#212,#214,.T.);
#212 = VERTEX_POINT('',#213);
#213 = CARTESIAN_POINT('',(26.6,130.5,2.2));
#214 = CIRCLE('',#215,1.1);
#215 = AXIS2_PLACEMENT_3D('',#216,#217,#218);
#216 = CARTESIAN_POINT('',(25.5,130.5,2.2));
#217 = DIRECTION('',(0.,0.,1.));
#218 = DIRECTION('',(1.,0.,0.));
#219 = PLANE('',#220);
#220 = AXIS2_PLACEMENT_3D('',#221,#222,#223);
#221 = CARTESIAN_POINT('',(18.4,127.4,2.2));
#222 = DIRECTION('',(0.,0.,1.));
#223 = DIRECTION('',(1.,0.,0.));
#224 = ADVANCED_FACE('',(#225),#261,.F.);
#225 = FACE_BOUND('',#226,.F.);
#226 = EDGE_LOOP('',(#227,#238,#245,#246,#255));
#227 = ORIENTED_EDGE('',*,*,#228,.T.);
#228 = EDGE_CURVE('',#229,#231,#233,.T.);
#229 = VERTEX_POINT('',#230);
#230 = CARTESIAN_POINT('',(19.529150262213,127.4,5.));
#231 = VERTEX_POINT('',#232);
#232 = CARTESIAN_POINT('',(19.8,128.,5.));
#233 = CIRCLE('',#234,0.8);
#234 = AXIS2_PLACEMENT_3D('',#235,#236,#237);
#235 = CARTESIAN_POINT('',(19.,128.,5.));
#236 = DIRECTION('',(0.,0.,1.));
#237 = DIRECTION('',(1.,0.,0.));
#238 = ORIENTED_EDGE('',*,*,#239,.T.);
#239 = EDGE_CURVE('',#231,#56,#240,.T.);
#240 = CIRCLE('',#241,0.8);
#241 = AXIS2_PLACEMENT_3D('',#242,#243,#244);
#242 = CARTESIAN_POINT('',(19.,128.,5.));
#243 = DIRECTION('',(0.,0.,1.));
#244 = DIRECTION('',(1.,0.,0.));
#245 = ORIENTED_EDGE('',*,*,#55,.T.);
#246 = ORIENTED_EDGE('',*,*,#247,.T.);
#247 = EDGE_CURVE('',#48,#248,#250,.T.);
#248 = VERTEX_POINT('',#249);
#249 = CARTESIAN_POINT('',(18.470849737787,127.4,5.));
#250 = CIRCLE('',#251,0.8);
#251 = AXIS2_PLACEMENT_3D('',#252,#253,#254);
#252 = CARTESIAN_POINT('',(19.,128.,5.));
#253 = DIRECTION('',(0.,0.,1.));
#254 = DIRECTION('',(1.,0.,0.));
#255 = ORIENTED_EDGE('',*,*,#256,.F.);
#256 = EDGE_CURVE('',#229,#248,#257,.T.);
#257 = LINE('',#258,#259);
#258 = CARTESIAN_POINT('',(23.46222741433,127.4,5.));
#259 = VECTOR('',#260,1.);
#260 = DIRECTION('',(-1.,0.,0.));
#261 = PLANE('',#262);
#262 = AXIS2_PLACEMENT_3D('',#263,#264,#265);
#263 = CARTESIAN_POINT('',(19.,128.,5.));
#264 = DIRECTION('',(0.,0.,1.));
#265 = DIRECTION('',(1.,0.,0.));
#266 = ADVANCED_FACE('',(#267),#286,.F.);
#267 = FACE_BOUND('',#268,.F.);
#268 = EDGE_LOOP('',(#269,#270,#271,#280));
#269 = ORIENTED_EDGE('',*,*,#247,.F.);
#270 = ORIENTED_EDGE('',*,*,#47,.F.);
#271 = ORIENTED_EDGE('',*,*,#272,.T.);
#272 = EDGE_CURVE('',#40,#273,#275,.T.);
#273 = VERTEX_POINT('',#274);
#274 = CARTESIAN_POINT('',(18.470849737796,127.4,2.2));
#275 = CIRCLE('',#276,0.8);
#276 = AXIS2_PLACEMENT_3D('',#277,#278,#279);
#277 = CARTESIAN_POINT('',(19.,128.,2.2));
#278 = DIRECTION('',(0.,0.,1.));
#279 = DIRECTION('',(1.,0.,0.));
#280 = ORIENTED_EDGE('',*,*,#281,.T.);
#281 = EDGE_CURVE('',#273,#248,#282,.T.);
#282 = LINE('',#283,#284);
#283 = CARTESIAN_POINT('',(18.470849737787,127.4,2.1));
#284 = VECTOR('',#285,1.);
#285 = DIRECTION('',(0.,0.,1.));
#286 = CYLINDRICAL_SURFACE('',#287,0.8);
#287 = AXIS2_PLACEMENT_3D('',#288,#289,#290);
#288 = CARTESIAN_POINT('',(19.,128.,2.1));
#289 = DIRECTION('',(0.,0.,1.));
#290 = DIRECTION('',(1.,0.,0.));
#291 = ADVANCED_FACE('',(#292),#302,.F.);
#292 = FACE_BOUND('',#293,.F.);
#293 = EDGE_LOOP('',(#294,#295,#301));
#294 = ORIENTED_EDGE('',*,*,#39,.F.);
#295 = ORIENTED_EDGE('',*,*,#296,.T.);
#296 = EDGE_CURVE('',#32,#273,#297,.T.);
#297 = LINE('',#298,#299);
#298 = CARTESIAN_POINT('',(18.4,127.4,2.2));
#299 = VECTOR('',#300,1.);
#300 = DIRECTION('',(1.,0.,0.));
#301 = ORIENTED_EDGE('',*,*,#272,.F.);
#302 = PLANE('',#303);
#303 = AXIS2_PLACEMENT_3D('',#304,#305,#306);
#304 = CARTESIAN_POINT('',(18.4,127.4,2.2));
#305 = DIRECTION('',(0.,0.,1.));
#306 = DIRECTION('',(1.,0.,0.));
#307 = ADVANCED_FACE('',(#308),#344,.T.);
#308 = FACE_BOUND('',#309,.T.);
#309 = EDGE_LOOP('',(#310,#311,#312,#313,#314,#320,#321,#329,#337,#343)
  );
#310 = ORIENTED_EDGE('',*,*,#31,.F.);
#311 = ORIENTED_EDGE('',*,*,#296,.T.);
#312 = ORIENTED_EDGE('',*,*,#281,.T.);
#313 = ORIENTED_EDGE('',*,*,#256,.F.);
#314 = ORIENTED_EDGE('',*,*,#315,.F.);
#315 = EDGE_CURVE('',#186,#229,#316,.T.);
#316 = LINE('',#317,#318);
#317 = CARTESIAN_POINT('',(19.529150262213,127.4,2.1));
#318 = VECTOR('',#319,1.);
#319 = DIRECTION('',(0.,0.,1.));
#320 = ORIENTED_EDGE('',*,*,#194,.T.);
#321 = ORIENTED_EDGE('',*,*,#322,.T.);
#322 = EDGE_CURVE('',#195,#323,#325,.T.);
#323 = VERTEX_POINT('',#324);
#324 = CARTESIAN_POINT('',(32.7,127.4,20.));
#325 = LINE('',#326,#327);
#326 = CARTESIAN_POINT('',(32.7,127.4,2.2));
#327 = VECTOR('',#328,1.);
#328 = DIRECTION('',(0.,0.,1.));
#329 = ORIENTED_EDGE('',*,*,#330,.F.);
#330 = EDGE_CURVE('',#331,#323,#333,.T.);
#331 = VERTEX_POINT('',#332);
#332 = CARTESIAN_POINT('',(28.7,127.4,20.));
#333 = LINE('',#334,#335);
#334 = CARTESIAN_POINT('',(29.011556402812,127.4,20.));
#335 = VECTOR('',#336,1.);
#336 = DIRECTION('',(1.,0.,0.));
#337 = ORIENTED_EDGE('',*,*,#338,.F.);
#338 = EDGE_CURVE('',#103,#331,#339,.T.);
#339 = LINE('',#340,#341);
#340 = CARTESIAN_POINT('',(28.7,127.4,5.2));
#341 = VECTOR('',#342,1.);
#342 = DIRECTION('',(0.,0.,1.));
#343 = ORIENTED_EDGE('',*,*,#102,.F.);
#344 = PLANE('',#345);
#345 = AXIS2_PLACEMENT_3D('',#346,#347,#348);
#346 = CARTESIAN_POINT('',(27.92445482866,127.4,8.72554517134));
#347 = DIRECTION('',(-0.,-1.,-0.));
#348 = DIRECTION('',(0.,0.,-1.));
#349 = ADVANCED_FACE('',(#350),#377,.T.);
#350 = FACE_BOUND('',#351,.T.);
#351 = EDGE_LOOP('',(#352,#353,#361,#369,#375,#376));
#352 = ORIENTED_EDGE('',*,*,#338,.T.);
#353 = ORIENTED_EDGE('',*,*,#354,.F.);
#354 = EDGE_CURVE('',#355,#331,#357,.T.);
#355 = VERTEX_POINT('',#356);
#356 = CARTESIAN_POINT('',(28.7,128.5,20.));
#357 = LINE('',#358,#359);
#358 = CARTESIAN_POINT('',(28.7,127.84134337856,20.));
#359 = VECTOR('',#360,1.);
#360 = DIRECTION('',(0.,-1.,0.));
#361 = ORIENTED_EDGE('',*,*,#362,.T.);
#362 = EDGE_CURVE('',#355,#363,#365,.T.);
#363 = VERTEX_POINT('',#364);
#364 = CARTESIAN_POINT('',(28.7,128.5,26.));
#365 = LINE('',#366,#367);
#366 = CARTESIAN_POINT('',(28.7,128.5,20.));
#367 = VECTOR('',#368,1.);
#368 = DIRECTION('',(0.,0.,1.));
#369 = ORIENTED_EDGE('',*,*,#370,.T.);
#370 = EDGE_CURVE('',#363,#146,#371,.T.);
#371 = LINE('',#372,#373);
#372 = CARTESIAN_POINT('',(28.7,127.4,26.));
#373 = VECTOR('',#374,1.);
#374 = DIRECTION('',(0.,1.,0.));
#375 = ORIENTED_EDGE('',*,*,#145,.F.);
#376 = ORIENTED_EDGE('',*,*,#110,.F.);
#377 = PLANE('',#378);
#378 = AXIS2_PLACEMENT_3D('',#379,#380,#381);
#379 = CARTESIAN_POINT('',(28.7,132.06036789297,15.489632107023));
#380 = DIRECTION('',(-1.,-0.,-0.));
#381 = DIRECTION('',(0.,0.,-1.));
#382 = ADVANCED_FACE('',(#383),#394,.F.);
#383 = FACE_BOUND('',#384,.F.);
#384 = EDGE_LOOP('',(#385,#386,#392,#393));
#385 = ORIENTED_EDGE('',*,*,#118,.F.);
#386 = ORIENTED_EDGE('',*,*,#387,.F.);
#387 = EDGE_CURVE('',#212,#119,#388,.T.);
#388 = LINE('',#389,#390);
#389 = CARTESIAN_POINT('',(26.6,130.5,2.1));
#390 = VECTOR('',#391,1.);
#391 = DIRECTION('',(0.,0.,1.));
#392 = ORIENTED_EDGE('',*,*,#211,.T.);
#393 = ORIENTED_EDGE('',*,*,#387,.T.);
#394 = CYLINDRICAL_SURFACE('',#395,1.1);
#395 = AXIS2_PLACEMENT_3D('',#396,#397,#398);
#396 = CARTESIAN_POINT('',(25.5,130.5,2.1));
#397 = DIRECTION('',(0.,0.,1.));
#398 = DIRECTION('',(1.,0.,0.));
#399 = ADVANCED_FACE('',(#400),#458,.T.);
#400 = FACE_BOUND('',#401,.T.);
#401 = EDGE_LOOP('',(#402,#403,#411,#419,#427,#435,#443,#451,#457));
#402 = ORIENTED_EDGE('',*,*,#370,.F.);
#403 = ORIENTED_EDGE('',*,*,#404,.T.);
#404 = EDGE_CURVE('',#363,#405,#407,.T.);
#405 = VERTEX_POINT('',#406);
#406 = CARTESIAN_POINT('',(26.184,126.8,26.));
#407 = LINE('',#408,#409);
#408 = CARTESIAN_POINT('',(28.7,128.5,26.));
#409 = VECTOR('',#410,1.);
#410 = DIRECTION('',(-0.828588968691,-0.559857411278,0.));
#411 = ORIENTED_EDGE('',*,*,#412,.F.);
#412 = EDGE_CURVE('',#413,#405,#415,.T.);
#413 = VERTEX_POINT('',#414);
#414 = CARTESIAN_POINT('',(25.,126.8,26.));
#415 = LINE('',#416,#417);
#416 = CARTESIAN_POINT('',(25.,126.8,26.));
#417 = VECTOR('',#418,1.);
#418 = DIRECTION('',(1.,0.,0.));
#419 = ORIENTED_EDGE('',*,*,#420,.F.);
#420 = EDGE_CURVE('',#421,#413,#423,.T.);
#421 = VERTEX_POINT('',#422);
#422 = CARTESIAN_POINT('',(25.,104.,26.));
#423 = LINE('',#424,#425);
#424 = CARTESIAN_POINT('',(25.,104.,26.));
#425 = VECTOR('',#426,1.);
#426 = DIRECTION('',(0.,1.,0.));
#427 = ORIENTED_EDGE('',*,*,#428,.T.);
#428 = EDGE_CURVE('',#421,#429,#431,.T.);
#429 = VERTEX_POINT('',#430);
#430 = CARTESIAN_POINT('',(29.1,104.,26.));
#431 = LINE('',#432,#433);
#432 = CARTESIAN_POINT('',(25.,104.,26.));
#433 = VECTOR('',#434,1.);
#434 = DIRECTION('',(1.,0.,0.));
#435 = ORIENTED_EDGE('',*,*,#436,.T.);
#436 = EDGE_CURVE('',#429,#437,#439,.T.);
#437 = VERTEX_POINT('',#438);
#438 = CARTESIAN_POINT('',(29.1,123.,26.));
#439 = LINE('',#440,#441);
#440 = CARTESIAN_POINT('',(29.1,104.,26.));
#441 = VECTOR('',#442,1.);
#442 = DIRECTION('',(0.,1.,0.));
#443 = ORIENTED_EDGE('',*,*,#444,.T.);
#444 = EDGE_CURVE('',#437,#445,#447,.T.);
#445 = VERTEX_POINT('',#446);
#446 = CARTESIAN_POINT('',(32.7,127.4,26.));
#447 = LINE('',#448,#449);
#448 = CARTESIAN_POINT('',(29.1,123.,26.));
#449 = VECTOR('',#450,1.);
#450 = DIRECTION('',(0.633237790257,0.773957299203,0.));
#451 = ORIENTED_EDGE('',*,*,#452,.T.);
#452 = EDGE_CURVE('',#445,#154,#453,.T.);
#453 = LINE('',#454,#455);
#454 = CARTESIAN_POINT('',(32.7,127.4,26.));
#455 = VECTOR('',#456,1.);
#456 = DIRECTION('',(0.,1.,0.));
#457 = ORIENTED_EDGE('',*,*,#153,.F.);
#458 = PLANE('',#459);
#459 = AXIS2_PLACEMENT_3D('',#460,#461,#462);
#460 = CARTESIAN_POINT('',(28.256369848951,120.54102311674,26.));
#461 = DIRECTION('',(0.,0.,1.));
#462 = DIRECTION('',(1.,0.,0.));
#463 = ADVANCED_FACE('',(#464),#476,.T.);
#464 = FACE_BOUND('',#465,.T.);
#465 = EDGE_LOOP('',(#466,#467,#468,#469,#470));
#466 = ORIENTED_EDGE('',*,*,#322,.F.);
#467 = ORIENTED_EDGE('',*,*,#202,.T.);
#468 = ORIENTED_EDGE('',*,*,#161,.T.);
#469 = ORIENTED_EDGE('',*,*,#452,.F.);
#470 = ORIENTED_EDGE('',*,*,#471,.F.);
#471 = EDGE_CURVE('',#323,#445,#472,.T.);
#472 = LINE('',#473,#474);
#473 = CARTESIAN_POINT('',(32.7,127.4,5.2));
#474 = VECTOR('',#475,1.);
#475 = DIRECTION('',(0.,0.,1.));
#476 = PLANE('',#477);
#477 = AXIS2_PLACEMENT_3D('',#478,#479,#480);
#478 = CARTESIAN_POINT('',(32.7,131.95,14.1));
#479 = DIRECTION('',(1.,0.,0.));
#480 = DIRECTION('',(0.,0.,1.));
#481 = ADVANCED_FACE('',(#482),#540,.T.);
#482 = FACE_BOUND('',#483,.T.);
#483 = EDGE_LOOP('',(#484,#494,#500,#501,#502,#510,#518,#526,#534));
#484 = ORIENTED_EDGE('',*,*,#485,.F.);
#485 = EDGE_CURVE('',#486,#488,#490,.T.);
#486 = VERTEX_POINT('',#487);
#487 = CARTESIAN_POINT('',(25.,126.,20.));
#488 = VERTEX_POINT('',#489);
#489 = CARTESIAN_POINT('',(25.,123.,20.));
#490 = LINE('',#491,#492);
#491 = CARTESIAN_POINT('',(25.,126.,20.));
#492 = VECTOR('',#493,1.);
#493 = DIRECTION('',(0.,-1.,0.));
#494 = ORIENTED_EDGE('',*,*,#495,.F.);
#495 = EDGE_CURVE('',#355,#486,#496,.T.);
#496 = LINE('',#497,#498);
#497 = CARTESIAN_POINT('',(28.7,128.5,20.));
#498 = VECTOR('',#499,1.);
#499 = DIRECTION('',(-0.828588968691,-0.559857411278,0.));
#500 = ORIENTED_EDGE('',*,*,#354,.T.);
#501 = ORIENTED_EDGE('',*,*,#330,.T.);
#502 = ORIENTED_EDGE('',*,*,#503,.F.);
#503 = EDGE_CURVE('',#504,#323,#506,.T.);
#504 = VERTEX_POINT('',#505);
#505 = CARTESIAN_POINT('',(29.1,123.,20.));
#506 = LINE('',#507,#508);
#507 = CARTESIAN_POINT('',(29.1,123.,20.));
#508 = VECTOR('',#509,1.);
#509 = DIRECTION('',(0.633237790257,0.773957299203,0.));
#510 = ORIENTED_EDGE('',*,*,#511,.F.);
#511 = EDGE_CURVE('',#512,#504,#514,.T.);
#512 = VERTEX_POINT('',#513);
#513 = CARTESIAN_POINT('',(29.1,100.,20.));
#514 = LINE('',#515,#516);
#515 = CARTESIAN_POINT('',(29.1,100.,20.));
#516 = VECTOR('',#517,1.);
#517 = DIRECTION('',(0.,1.,0.));
#518 = ORIENTED_EDGE('',*,*,#519,.F.);
#519 = EDGE_CURVE('',#520,#512,#522,.T.);
#520 = VERTEX_POINT('',#521);
#521 = CARTESIAN_POINT('',(26.5,100.,20.));
#522 = LINE('',#523,#524);
#523 = CARTESIAN_POINT('',(26.5,100.,20.));
#524 = VECTOR('',#525,1.);
#525 = DIRECTION('',(1.,0.,0.));
#526 = ORIENTED_EDGE('',*,*,#527,.T.);
#527 = EDGE_CURVE('',#520,#528,#530,.T.);
#528 = VERTEX_POINT('',#529);
#529 = CARTESIAN_POINT('',(26.5,123.,20.));
#530 = LINE('',#531,#532);
#531 = CARTESIAN_POINT('',(26.5,100.,20.));
#532 = VECTOR('',#533,1.);
#533 = DIRECTION('',(0.,1.,0.));
#534 = ORIENTED_EDGE('',*,*,#535,.F.);
#535 = EDGE_CURVE('',#488,#528,#536,.T.);
#536 = LINE('',#537,#538);
#537 = CARTESIAN_POINT('',(25.,123.,20.));
#538 = VECTOR('',#539,1.);
#539 = DIRECTION('',(1.,0.,0.));
#540 = PLANE('',#541);
#541 = AXIS2_PLACEMENT_3D('',#542,#543,#544);
#542 = CARTESIAN_POINT('',(28.012091523241,115.24921728074,20.));
#543 = DIRECTION('',(-0.,-0.,-1.));
#544 = DIRECTION('',(-1.,0.,0.));
#545 = ADVANCED_FACE('',(#546),#573,.F.);
#546 = FACE_BOUND('',#547,.F.);
#547 = EDGE_LOOP('',(#548,#549,#550,#551,#559,#567));
#548 = ORIENTED_EDGE('',*,*,#495,.F.);
#549 = ORIENTED_EDGE('',*,*,#362,.T.);
#550 = ORIENTED_EDGE('',*,*,#404,.T.);
#551 = ORIENTED_EDGE('',*,*,#552,.T.);
#552 = EDGE_CURVE('',#405,#553,#555,.T.);
#553 = VERTEX_POINT('',#554);
#554 = CARTESIAN_POINT('',(26.184,126.8,22.2));
#555 = LINE('',#556,#557);
#556 = CARTESIAN_POINT('',(26.184,126.8,21.1));
#557 = VECTOR('',#558,1.);
#558 = DIRECTION('',(0.,0.,-1.));
#559 = ORIENTED_EDGE('',*,*,#560,.T.);
#560 = EDGE_CURVE('',#553,#561,#563,.T.);
#561 = VERTEX_POINT('',#562);
#562 = CARTESIAN_POINT('',(25.,126.,22.2));
#563 = LINE('',#564,#565);
#564 = CARTESIAN_POINT('',(20.998668122943,123.29639738036,22.2));
#565 = VECTOR('',#566,1.);
#566 = DIRECTION('',(-0.828588968691,-0.559857411278,0.));
#567 = ORIENTED_EDGE('',*,*,#568,.F.);
#568 = EDGE_CURVE('',#486,#561,#569,.T.);
#569 = LINE('',#570,#571);
#570 = CARTESIAN_POINT('',(25.,126.,20.));
#571 = VECTOR('',#572,1.);
#572 = DIRECTION('',(0.,0.,1.));
#573 = PLANE('',#574);
#574 = AXIS2_PLACEMENT_3D('',#575,#576,#577);
#575 = CARTESIAN_POINT('',(28.7,128.5,20.));
#576 = DIRECTION('',(0.559857411278,-0.828588968691,0.));
#577 = DIRECTION('',(-0.828588968691,-0.559857411278,0.));
#578 = ADVANCED_FACE('',(#579),#597,.T.);
#579 = FACE_BOUND('',#580,.T.);
#580 = EDGE_LOOP('',(#581,#589,#595,#596));
#581 = ORIENTED_EDGE('',*,*,#582,.F.);
#582 = EDGE_CURVE('',#583,#553,#585,.T.);
#583 = VERTEX_POINT('',#584);
#584 = CARTESIAN_POINT('',(25.,126.8,22.2));
#585 = LINE('',#586,#587);
#586 = CARTESIAN_POINT('',(25.,126.8,22.2));
#587 = VECTOR('',#588,1.);
#588 = DIRECTION('',(1.,0.,0.));
#589 = ORIENTED_EDGE('',*,*,#590,.T.);
#590 = EDGE_CURVE('',#583,#413,#591,.T.);
#591 = LINE('',#592,#593);
#592 = CARTESIAN_POINT('',(25.,126.8,22.2));
#593 = VECTOR('',#594,1.);
#594 = DIRECTION('',(0.,0.,1.));
#595 = ORIENTED_EDGE('',*,*,#412,.T.);
#596 = ORIENTED_EDGE('',*,*,#552,.T.);
#597 = PLANE('',#598);
#598 = AXIS2_PLACEMENT_3D('',#599,#600,#601);
#599 = CARTESIAN_POINT('',(25.,126.8,22.2));
#600 = DIRECTION('',(0.,1.,0.));
#601 = DIRECTION('',(0.,0.,1.));
#602 = ADVANCED_FACE('',(#603),#637,.T.);
#603 = FACE_BOUND('',#604,.T.);
#604 = EDGE_LOOP('',(#605,#606,#614,#622,#628,#629,#630,#636));
#605 = ORIENTED_EDGE('',*,*,#485,.T.);
#606 = ORIENTED_EDGE('',*,*,#607,.T.);
#607 = EDGE_CURVE('',#488,#608,#610,.T.);
#608 = VERTEX_POINT('',#609);
#609 = CARTESIAN_POINT('',(25.,123.,22.2));
#610 = LINE('',#611,#612);
#611 = CARTESIAN_POINT('',(25.,123.,20.));
#612 = VECTOR('',#613,1.);
#613 = DIRECTION('',(0.,0.,1.));
#614 = ORIENTED_EDGE('',*,*,#615,.F.);
#615 = EDGE_CURVE('',#616,#608,#618,.T.);
#616 = VERTEX_POINT('',#617);
#617 = CARTESIAN_POINT('',(25.,104.,22.2));
#618 = LINE('',#619,#620);
#619 = CARTESIAN_POINT('',(25.,104.,22.2));
#620 = VECTOR('',#621,1.);
#621 = DIRECTION('',(0.,1.,0.));
#622 = ORIENTED_EDGE('',*,*,#623,.T.);
#623 = EDGE_CURVE('',#616,#421,#624,.T.);
#624 = LINE('',#625,#626);
#625 = CARTESIAN_POINT('',(25.,104.,22.2));
#626 = VECTOR('',#627,1.);
#627 = DIRECTION('',(0.,0.,1.));
#628 = ORIENTED_EDGE('',*,*,#420,.T.);
#629 = ORIENTED_EDGE('',*,*,#590,.F.);
#630 = ORIENTED_EDGE('',*,*,#631,.F.);
#631 = EDGE_CURVE('',#561,#583,#632,.T.);
#632 = LINE('',#633,#634);
#633 = CARTESIAN_POINT('',(25.,104.,22.2));
#634 = VECTOR('',#635,1.);
#635 = DIRECTION('',(0.,1.,0.));
#636 = ORIENTED_EDGE('',*,*,#568,.F.);
#637 = PLANE('',#638);
#638 = AXIS2_PLACEMENT_3D('',#639,#640,#641);
#639 = CARTESIAN_POINT('',(25.,116.09513888888,23.75625));
#640 = DIRECTION('',(-1.,-0.,-0.));
#641 = DIRECTION('',(0.,0.,-1.));
#642 = ADVANCED_FACE('',(#643),#693,.T.);
#643 = FACE_BOUND('',#644,.T.);
#644 = EDGE_LOOP('',(#645,#653,#661,#669,#677,#685,#691,#692));
#645 = ORIENTED_EDGE('',*,*,#646,.F.);
#646 = EDGE_CURVE('',#647,#616,#649,.T.);
#647 = VERTEX_POINT('',#648);
#648 = CARTESIAN_POINT('',(24.,104.,22.2));
#649 = LINE('',#650,#651);
#650 = CARTESIAN_POINT('',(24.,104.,22.2));
#651 = VECTOR('',#652,1.);
#652 = DIRECTION('',(1.,0.,0.));
#653 = ORIENTED_EDGE('',*,*,#654,.T.);
#654 = EDGE_CURVE('',#647,#655,#657,.T.);
#655 = VERTEX_POINT('',#656);
#656 = CARTESIAN_POINT('',(24.,104.,27.5));
#657 = LINE('',#658,#659);
#658 = CARTESIAN_POINT('',(24.,104.,22.2));
#659 = VECTOR('',#660,1.);
#660 = DIRECTION('',(0.,0.,1.));
#661 = ORIENTED_EDGE('',*,*,#662,.T.);
#662 = EDGE_CURVE('',#655,#663,#665,.T.);
#663 = VERTEX_POINT('',#664);
#664 = CARTESIAN_POINT('',(30.1,104.,27.5));
#665 = LINE('',#666,#667);
#666 = CARTESIAN_POINT('',(24.,104.,27.5));
#667 = VECTOR('',#668,1.);
#668 = DIRECTION('',(1.,0.,0.));
#669 = ORIENTED_EDGE('',*,*,#670,.F.);
#670 = EDGE_CURVE('',#671,#663,#673,.T.);
#671 = VERTEX_POINT('',#672);
#672 = CARTESIAN_POINT('',(30.1,104.,22.2));
#673 = LINE('',#674,#675);
#674 = CARTESIAN_POINT('',(30.1,104.,22.2));
#675 = VECTOR('',#676,1.);
#676 = DIRECTION('',(0.,0.,1.));
#677 = ORIENTED_EDGE('',*,*,#678,.F.);
#678 = EDGE_CURVE('',#679,#671,#681,.T.);
#679 = VERTEX_POINT('',#680);
#680 = CARTESIAN_POINT('',(29.1,104.,22.2));
#681 = LINE('',#682,#683);
#682 = CARTESIAN_POINT('',(24.,104.,22.2));
#683 = VECTOR('',#684,1.);
#684 = DIRECTION('',(1.,0.,0.));
#685 = ORIENTED_EDGE('',*,*,#686,.T.);
#686 = EDGE_CURVE('',#679,#429,#687,.T.);
#687 = LINE('',#688,#689);
#688 = CARTESIAN_POINT('',(29.1,104.,22.2));
#689 = VECTOR('',#690,1.);
#690 = DIRECTION('',(0.,0.,1.));
#691 = ORIENTED_EDGE('',*,*,#428,.F.);
#692 = ORIENTED_EDGE('',*,*,#623,.F.);
#693 = PLANE('',#694);
#694 = AXIS2_PLACEMENT_3D('',#695,#696,#697);
#695 = CARTESIAN_POINT('',(24.,104.,22.2));
#696 = DIRECTION('',(0.,1.,0.));
#697 = DIRECTION('',(0.,0.,1.));
#698 = ADVANCED_FACE('',(#699),#724,.T.);
#699 = FACE_BOUND('',#700,.T.);
#700 = EDGE_LOOP('',(#701,#709,#710,#716,#717,#718));
#701 = ORIENTED_EDGE('',*,*,#702,.F.);
#702 = EDGE_CURVE('',#512,#703,#705,.T.);
#703 = VERTEX_POINT('',#704);
#704 = CARTESIAN_POINT('',(29.1,100.,22.2));
#705 = LINE('',#706,#707);
#706 = CARTESIAN_POINT('',(29.1,100.,20.));
#707 = VECTOR('',#708,1.);
#708 = DIRECTION('',(0.,0.,1.));
#709 = ORIENTED_EDGE('',*,*,#511,.T.);
#710 = ORIENTED_EDGE('',*,*,#711,.T.);
#711 = EDGE_CURVE('',#504,#437,#712,.T.);
#712 = LINE('',#713,#714);
#713 = CARTESIAN_POINT('',(29.1,123.,20.));
#714 = VECTOR('',#715,1.);
#715 = DIRECTION('',(0.,0.,1.));
#716 = ORIENTED_EDGE('',*,*,#436,.F.);
#717 = ORIENTED_EDGE('',*,*,#686,.F.);
#718 = ORIENTED_EDGE('',*,*,#719,.F.);
#719 = EDGE_CURVE('',#703,#679,#720,.T.);
#720 = LINE('',#721,#722);
#721 = CARTESIAN_POINT('',(29.1,100.,22.2));
#722 = VECTOR('',#723,1.);
#723 = DIRECTION('',(0.,1.,0.));
#724 = PLANE('',#725);
#725 = AXIS2_PLACEMENT_3D('',#726,#727,#728);
#726 = CARTESIAN_POINT('',(29.1,111.76206896551,22.737931034483));
#727 = DIRECTION('',(1.,0.,0.));
#728 = DIRECTION('',(0.,0.,1.));
#729 = ADVANCED_FACE('',(#730),#736,.F.);
#730 = FACE_BOUND('',#731,.F.);
#731 = EDGE_LOOP('',(#732,#733,#734,#735));
#732 = ORIENTED_EDGE('',*,*,#711,.T.);
#733 = ORIENTED_EDGE('',*,*,#444,.T.);
#734 = ORIENTED_EDGE('',*,*,#471,.F.);
#735 = ORIENTED_EDGE('',*,*,#503,.F.);
#736 = PLANE('',#737);
#737 = AXIS2_PLACEMENT_3D('',#738,#739,#740);
#738 = CARTESIAN_POINT('',(29.1,123.,20.));
#739 = DIRECTION('',(-0.773957299203,0.633237790257,0.));
#740 = DIRECTION('',(0.633237790257,0.773957299203,0.));
#741 = ADVANCED_FACE('',(#742),#760,.F.);
#742 = FACE_BOUND('',#743,.F.);
#743 = EDGE_LOOP('',(#744,#745,#753,#759));
#744 = ORIENTED_EDGE('',*,*,#519,.F.);
#745 = ORIENTED_EDGE('',*,*,#746,.T.);
#746 = EDGE_CURVE('',#520,#747,#749,.T.);
#747 = VERTEX_POINT('',#748);
#748 = CARTESIAN_POINT('',(26.5,100.,22.2));
#749 = LINE('',#750,#751);
#750 = CARTESIAN_POINT('',(26.5,100.,20.));
#751 = VECTOR('',#752,1.);
#752 = DIRECTION('',(0.,0.,1.));
#753 = ORIENTED_EDGE('',*,*,#754,.T.);
#754 = EDGE_CURVE('',#747,#703,#755,.T.);
#755 = LINE('',#756,#757);
#756 = CARTESIAN_POINT('',(26.5,100.,22.2));
#757 = VECTOR('',#758,1.);
#758 = DIRECTION('',(1.,0.,0.));
#759 = ORIENTED_EDGE('',*,*,#702,.F.);
#760 = PLANE('',#761);
#761 = AXIS2_PLACEMENT_3D('',#762,#763,#764);
#762 = CARTESIAN_POINT('',(26.5,100.,20.));
#763 = DIRECTION('',(0.,1.,0.));
#764 = DIRECTION('',(0.,0.,1.));
#765 = ADVANCED_FACE('',(#766),#784,.F.);
#766 = FACE_BOUND('',#767,.F.);
#767 = EDGE_LOOP('',(#768,#769,#770,#778));
#768 = ORIENTED_EDGE('',*,*,#746,.F.);
#769 = ORIENTED_EDGE('',*,*,#527,.T.);
#770 = ORIENTED_EDGE('',*,*,#771,.T.);
#771 = EDGE_CURVE('',#528,#772,#774,.T.);
#772 = VERTEX_POINT('',#773);
#773 = CARTESIAN_POINT('',(26.5,123.,22.2));
#774 = LINE('',#775,#776);
#775 = CARTESIAN_POINT('',(26.5,123.,20.));
#776 = VECTOR('',#777,1.);
#777 = DIRECTION('',(0.,0.,1.));
#778 = ORIENTED_EDGE('',*,*,#779,.F.);
#779 = EDGE_CURVE('',#747,#772,#780,.T.);
#780 = LINE('',#781,#782);
#781 = CARTESIAN_POINT('',(26.5,100.,22.2));
#782 = VECTOR('',#783,1.);
#783 = DIRECTION('',(0.,1.,0.));
#784 = PLANE('',#785);
#785 = AXIS2_PLACEMENT_3D('',#786,#787,#788);
#786 = CARTESIAN_POINT('',(26.5,100.,20.));
#787 = DIRECTION('',(1.,0.,0.));
#788 = DIRECTION('',(0.,0.,1.));
#789 = ADVANCED_FACE('',(#790),#801,.F.);
#790 = FACE_BOUND('',#791,.F.);
#791 = EDGE_LOOP('',(#792,#793,#794,#800));
#792 = ORIENTED_EDGE('',*,*,#535,.F.);
#793 = ORIENTED_EDGE('',*,*,#607,.T.);
#794 = ORIENTED_EDGE('',*,*,#795,.T.);
#795 = EDGE_CURVE('',#608,#772,#796,.T.);
#796 = LINE('',#797,#798);
#797 = CARTESIAN_POINT('',(32.25,123.,22.2));
#798 = VECTOR('',#799,1.);
#799 = DIRECTION('',(1.,0.,0.));
#800 = ORIENTED_EDGE('',*,*,#771,.F.);
#801 = PLANE('',#802);
#802 = AXIS2_PLACEMENT_3D('',#803,#804,#805);
#803 = CARTESIAN_POINT('',(25.,123.,20.));
#804 = DIRECTION('',(0.,1.,0.));
#805 = DIRECTION('',(1.,0.,0.));
#806 = ADVANCED_FACE('',(#807),#812,.T.);
#807 = FACE_BOUND('',#808,.T.);
#808 = EDGE_LOOP('',(#809,#810,#811));
#809 = ORIENTED_EDGE('',*,*,#560,.T.);
#810 = ORIENTED_EDGE('',*,*,#631,.T.);
#811 = ORIENTED_EDGE('',*,*,#582,.T.);
#812 = PLANE('',#813);
#813 = AXIS2_PLACEMENT_3D('',#814,#815,#816);
#814 = CARTESIAN_POINT('',(39.5,79.312852404643,22.2));
#815 = DIRECTION('',(-0.,-0.,-1.));
#816 = DIRECTION('',(-1.,0.,0.));
#817 = ADVANCED_FACE('',(#818),#1025,.T.);
#818 = FACE_BOUND('',#819,.T.);
#819 = EDGE_LOOP('',(#820,#830,#838,#846,#854,#860,#861,#862,#863,#864,
    #865,#866,#867,#875,#883,#891,#899,#907,#915,#923,#931,#939,#947,
    #955,#963,#971,#979,#987,#995,#1003,#1011,#1019));
#820 = ORIENTED_EDGE('',*,*,#821,.T.);
#821 = EDGE_CURVE('',#822,#824,#826,.T.);
#822 = VERTEX_POINT('',#823);
#823 = CARTESIAN_POINT('',(18.1,25.1,22.2));
#824 = VERTEX_POINT('',#825);
#825 = CARTESIAN_POINT('',(18.1,90.4,22.2));
#826 = LINE('',#827,#828);
#827 = CARTESIAN_POINT('',(18.1,25.1,22.2));
#828 = VECTOR('',#829,1.);
#829 = DIRECTION('',(0.,1.,0.));
#830 = ORIENTED_EDGE('',*,*,#831,.T.);
#831 = EDGE_CURVE('',#824,#832,#834,.T.);
#832 = VERTEX_POINT('',#833);
#833 = CARTESIAN_POINT('',(22.,90.4,22.2));
#834 = LINE('',#835,#836);
#835 = CARTESIAN_POINT('',(18.1,90.4,22.2));
#836 = VECTOR('',#837,1.);
#837 = DIRECTION('',(1.,0.,0.));
#838 = ORIENTED_EDGE('',*,*,#839,.T.);
#839 = EDGE_CURVE('',#832,#840,#842,.T.);
#840 = VERTEX_POINT('',#841);
#841 = CARTESIAN_POINT('',(22.,96.,22.2));
#842 = LINE('',#843,#844);
#843 = CARTESIAN_POINT('',(22.,89.4,22.2));
#844 = VECTOR('',#845,1.);
#845 = DIRECTION('',(0.,1.,0.));
#846 = ORIENTED_EDGE('',*,*,#847,.T.);
#847 = EDGE_CURVE('',#840,#848,#850,.T.);
#848 = VERTEX_POINT('',#849);
#849 = CARTESIAN_POINT('',(24.,96.,22.2));
#850 = LINE('',#851,#852);
#851 = CARTESIAN_POINT('',(22.,96.,22.2));
#852 = VECTOR('',#853,1.);
#853 = DIRECTION('',(1.,0.,0.));
#854 = ORIENTED_EDGE('',*,*,#855,.T.);
#855 = EDGE_CURVE('',#848,#647,#856,.T.);
#856 = LINE('',#857,#858);
#857 = CARTESIAN_POINT('',(24.,96.,22.2));
#858 = VECTOR('',#859,1.);
#859 = DIRECTION('',(0.,1.,0.));
#860 = ORIENTED_EDGE('',*,*,#646,.T.);
#861 = ORIENTED_EDGE('',*,*,#615,.T.);
#862 = ORIENTED_EDGE('',*,*,#795,.T.);
#863 = ORIENTED_EDGE('',*,*,#779,.F.);
#864 = ORIENTED_EDGE('',*,*,#754,.T.);
#865 = ORIENTED_EDGE('',*,*,#719,.T.);
#866 = ORIENTED_EDGE('',*,*,#678,.T.);
#867 = ORIENTED_EDGE('',*,*,#868,.F.);
#868 = EDGE_CURVE('',#869,#671,#871,.T.);
#869 = VERTEX_POINT('',#870);
#870 = CARTESIAN_POINT('',(30.1,96.,22.2));
#871 = LINE('',#872,#873);
#872 = CARTESIAN_POINT('',(30.1,96.,22.2));
#873 = VECTOR('',#874,1.);
#874 = DIRECTION('',(0.,1.,0.));
#875 = ORIENTED_EDGE('',*,*,#876,.T.);
#876 = EDGE_CURVE('',#869,#877,#879,.T.);
#877 = VERTEX_POINT('',#878);
#878 = CARTESIAN_POINT('',(32.1,96.,22.2));
#879 = LINE('',#880,#881);
#880 = CARTESIAN_POINT('',(22.,96.,22.2));
#881 = VECTOR('',#882,1.);
#882 = DIRECTION('',(1.,0.,0.));
#883 = ORIENTED_EDGE('',*,*,#884,.F.);
#884 = EDGE_CURVE('',#885,#877,#887,.T.);
#885 = VERTEX_POINT('',#886);
#886 = CARTESIAN_POINT('',(32.1,90.4,22.2));
#887 = LINE('',#888,#889);
#888 = CARTESIAN_POINT('',(32.1,89.4,22.2));
#889 = VECTOR('',#890,1.);
#890 = DIRECTION('',(0.,1.,0.));
#891 = ORIENTED_EDGE('',*,*,#892,.T.);
#892 = EDGE_CURVE('',#885,#893,#895,.T.);
#893 = VERTEX_POINT('',#894);
#894 = CARTESIAN_POINT('',(46.9,90.4,22.2));
#895 = LINE('',#896,#897);
#896 = CARTESIAN_POINT('',(18.1,90.4,22.2));
#897 = VECTOR('',#898,1.);
#898 = DIRECTION('',(1.,0.,0.));
#899 = ORIENTED_EDGE('',*,*,#900,.T.);
#900 = EDGE_CURVE('',#893,#901,#903,.T.);
#901 = VERTEX_POINT('',#902);
#902 = CARTESIAN_POINT('',(46.9,96.,22.2));
#903 = LINE('',#904,#905);
#904 = CARTESIAN_POINT('',(46.9,89.4,22.2));
#905 = VECTOR('',#906,1.);
#906 = DIRECTION('',(0.,1.,0.));
#907 = ORIENTED_EDGE('',*,*,#908,.T.);
#908 = EDGE_CURVE('',#901,#909,#911,.T.);
#909 = VERTEX_POINT('',#910);
#910 = CARTESIAN_POINT('',(48.9,96.,22.2));
#911 = LINE('',#912,#913);
#912 = CARTESIAN_POINT('',(46.9,96.,22.2));
#913 = VECTOR('',#914,1.);
#914 = DIRECTION('',(1.,0.,0.));
#915 = ORIENTED_EDGE('',*,*,#916,.T.);
#916 = EDGE_CURVE('',#909,#917,#919,.T.);
#917 = VERTEX_POINT('',#918);
#918 = CARTESIAN_POINT('',(48.9,104.,22.2));
#919 = LINE('',#920,#921);
#920 = CARTESIAN_POINT('',(48.9,96.,22.2));
#921 = VECTOR('',#922,1.);
#922 = DIRECTION('',(0.,1.,0.));
#923 = ORIENTED_EDGE('',*,*,#924,.T.);
#924 = EDGE_CURVE('',#917,#925,#927,.T.);
#925 = VERTEX_POINT('',#926);
#926 = CARTESIAN_POINT('',(49.9,104.,22.2));
#927 = LINE('',#928,#929);
#928 = CARTESIAN_POINT('',(48.9,104.,22.2));
#929 = VECTOR('',#930,1.);
#930 = DIRECTION('',(1.,0.,0.));
#931 = ORIENTED_EDGE('',*,*,#932,.F.);
#932 = EDGE_CURVE('',#933,#925,#935,.T.);
#933 = VERTEX_POINT('',#934);
#934 = CARTESIAN_POINT('',(49.9,100.,22.2));
#935 = LINE('',#936,#937);
#936 = CARTESIAN_POINT('',(49.9,100.,22.2));
#937 = VECTOR('',#938,1.);
#938 = DIRECTION('',(0.,1.,0.));
#939 = ORIENTED_EDGE('',*,*,#940,.T.);
#940 = EDGE_CURVE('',#933,#941,#943,.T.);
#941 = VERTEX_POINT('',#942);
#942 = CARTESIAN_POINT('',(52.5,100.,22.2));
#943 = LINE('',#944,#945);
#944 = CARTESIAN_POINT('',(49.9,100.,22.2));
#945 = VECTOR('',#946,1.);
#946 = DIRECTION('',(1.,0.,0.));
#947 = ORIENTED_EDGE('',*,*,#948,.T.);
#948 = EDGE_CURVE('',#941,#949,#951,.T.);
#949 = VERTEX_POINT('',#950);
#950 = CARTESIAN_POINT('',(52.5,123.,22.2));
#951 = LINE('',#952,#953);
#952 = CARTESIAN_POINT('',(52.5,100.,22.2));
#953 = VECTOR('',#954,1.);
#954 = DIRECTION('',(0.,1.,0.));
#955 = ORIENTED_EDGE('',*,*,#956,.F.);
#956 = EDGE_CURVE('',#957,#949,#959,.T.);
#957 = VERTEX_POINT('',#958);
#958 = CARTESIAN_POINT('',(54.,123.,22.2));
#959 = LINE('',#960,#961);
#960 = CARTESIAN_POINT('',(46.75,123.,22.2));
#961 = VECTOR('',#962,1.);
#962 = DIRECTION('',(-1.,0.,0.));
#963 = ORIENTED_EDGE('',*,*,#964,.F.);
#964 = EDGE_CURVE('',#965,#957,#967,.T.);
#965 = VERTEX_POINT('',#966);
#966 = CARTESIAN_POINT('',(54.,104.,22.2));
#967 = LINE('',#968,#969);
#968 = CARTESIAN_POINT('',(54.,104.,22.2));
#969 = VECTOR('',#970,1.);
#970 = DIRECTION('',(0.,1.,0.));
#971 = ORIENTED_EDGE('',*,*,#972,.T.);
#972 = EDGE_CURVE('',#965,#973,#975,.T.);
#973 = VERTEX_POINT('',#974);
#974 = CARTESIAN_POINT('',(55.,104.,22.2));
#975 = LINE('',#976,#977);
#976 = CARTESIAN_POINT('',(48.9,104.,22.2));
#977 = VECTOR('',#978,1.);
#978 = DIRECTION('',(1.,0.,0.));
#979 = ORIENTED_EDGE('',*,*,#980,.F.);
#980 = EDGE_CURVE('',#981,#973,#983,.T.);
#981 = VERTEX_POINT('',#982);
#982 = CARTESIAN_POINT('',(55.,96.,22.2));
#983 = LINE('',#984,#985);
#984 = CARTESIAN_POINT('',(55.,96.,22.2));
#985 = VECTOR('',#986,1.);
#986 = DIRECTION('',(0.,1.,0.));
#987 = ORIENTED_EDGE('',*,*,#988,.T.);
#988 = EDGE_CURVE('',#981,#989,#991,.T.);
#989 = VERTEX_POINT('',#990);
#990 = CARTESIAN_POINT('',(57.,96.,22.2));
#991 = LINE('',#992,#993);
#992 = CARTESIAN_POINT('',(46.9,96.,22.2));
#993 = VECTOR('',#994,1.);
#994 = DIRECTION('',(1.,0.,0.));
#995 = ORIENTED_EDGE('',*,*,#996,.F.);
#996 = EDGE_CURVE('',#997,#989,#999,.T.);
#997 = VERTEX_POINT('',#998);
#998 = CARTESIAN_POINT('',(57.,90.4,22.2));
#999 = LINE('',#1000,#1001);
#1000 = CARTESIAN_POINT('',(57.,89.4,22.2));
#1001 = VECTOR('',#1002,1.);
#1002 = DIRECTION('',(0.,1.,0.));
#1003 = ORIENTED_EDGE('',*,*,#1004,.T.);
#1004 = EDGE_CURVE('',#997,#1005,#1007,.T.);
#1005 = VERTEX_POINT('',#1006);
#1006 = CARTESIAN_POINT('',(60.9,90.4,22.2));
#1007 = LINE('',#1008,#1009);
#1008 = CARTESIAN_POINT('',(18.1,90.4,22.2));
#1009 = VECTOR('',#1010,1.);
#1010 = DIRECTION('',(1.,0.,0.));
#1011 = ORIENTED_EDGE('',*,*,#1012,.F.);
#1012 = EDGE_CURVE('',#1013,#1005,#1015,.T.);
#1013 = VERTEX_POINT('',#1014);
#1014 = CARTESIAN_POINT('',(60.9,25.1,22.2));
#1015 = LINE('',#1016,#1017);
#1016 = CARTESIAN_POINT('',(60.9,25.1,22.2));
#1017 = VECTOR('',#1018,1.);
#1018 = DIRECTION('',(0.,1.,0.));
#1019 = ORIENTED_EDGE('',*,*,#1020,.F.);
#1020 = EDGE_CURVE('',#822,#1013,#1021,.T.);
#1021 = LINE('',#1022,#1023);
#1022 = CARTESIAN_POINT('',(18.1,25.1,22.2));
#1023 = VECTOR('',#1024,1.);
#1024 = DIRECTION('',(1.,0.,0.));
#1025 = PLANE('',#1026);
#1026 = AXIS2_PLACEMENT_3D('',#1027,#1028,#1029);
#1027 = CARTESIAN_POINT('',(39.5,79.312852404643,22.2));
#1028 = DIRECTION('',(-0.,-0.,-1.));
#1029 = DIRECTION('',(-1.,0.,0.));
#1030 = ADVANCED_FACE('',(#1031),#1049,.T.);
#1031 = FACE_BOUND('',#1032,.T.);
#1032 = EDGE_LOOP('',(#1033,#1041,#1042,#1043));
#1033 = ORIENTED_EDGE('',*,*,#1034,.F.);
#1034 = EDGE_CURVE('',#869,#1035,#1037,.T.);
#1035 = VERTEX_POINT('',#1036);
#1036 = CARTESIAN_POINT('',(30.1,96.,27.5));
#1037 = LINE('',#1038,#1039);
#1038 = CARTESIAN_POINT('',(30.1,96.,22.2));
#1039 = VECTOR('',#1040,1.);
#1040 = DIRECTION('',(0.,0.,1.));
#1041 = ORIENTED_EDGE('',*,*,#868,.T.);
#1042 = ORIENTED_EDGE('',*,*,#670,.T.);
#1043 = ORIENTED_EDGE('',*,*,#1044,.F.);
#1044 = EDGE_CURVE('',#1035,#663,#1045,.T.);
#1045 = LINE('',#1046,#1047);
#1046 = CARTESIAN_POINT('',(30.1,96.,27.5));
#1047 = VECTOR('',#1048,1.);
#1048 = DIRECTION('',(0.,1.,0.));
#1049 = PLANE('',#1050);
#1050 = AXIS2_PLACEMENT_3D('',#1051,#1052,#1053);
#1051 = CARTESIAN_POINT('',(30.1,96.,22.2));
#1052 = DIRECTION('',(1.,0.,0.));
#1053 = DIRECTION('',(0.,0.,1.));
#1054 = ADVANCED_FACE('',(#1055),#1073,.T.);
#1055 = FACE_BOUND('',#1056,.T.);
#1056 = EDGE_LOOP('',(#1057,#1065,#1071,#1072));
#1057 = ORIENTED_EDGE('',*,*,#1058,.F.);
#1058 = EDGE_CURVE('',#1059,#655,#1061,.T.);
#1059 = VERTEX_POINT('',#1060);
#1060 = CARTESIAN_POINT('',(24.,96.,27.5));
#1061 = LINE('',#1062,#1063);
#1062 = CARTESIAN_POINT('',(24.,96.,27.5));
#1063 = VECTOR('',#1064,1.);
#1064 = DIRECTION('',(0.,1.,0.));
#1065 = ORIENTED_EDGE('',*,*,#1066,.T.);
#1066 = EDGE_CURVE('',#1059,#1035,#1067,.T.);
#1067 = LINE('',#1068,#1069);
#1068 = CARTESIAN_POINT('',(24.,96.,27.5));
#1069 = VECTOR('',#1070,1.);
#1070 = DIRECTION('',(1.,0.,0.));
#1071 = ORIENTED_EDGE('',*,*,#1044,.T.);
#1072 = ORIENTED_EDGE('',*,*,#662,.F.);
#1073 = PLANE('',#1074);
#1074 = AXIS2_PLACEMENT_3D('',#1075,#1076,#1077);
#1075 = CARTESIAN_POINT('',(24.,96.,27.5));
#1076 = DIRECTION('',(0.,0.,1.));
#1077 = DIRECTION('',(1.,0.,0.));
#1078 = ADVANCED_FACE('',(#1079),#1090,.F.);
#1079 = FACE_BOUND('',#1080,.F.);
#1080 = EDGE_LOOP('',(#1081,#1087,#1088,#1089));
#1081 = ORIENTED_EDGE('',*,*,#1082,.F.);
#1082 = EDGE_CURVE('',#848,#1059,#1083,.T.);
#1083 = LINE('',#1084,#1085);
#1084 = CARTESIAN_POINT('',(24.,96.,22.2));
#1085 = VECTOR('',#1086,1.);
#1086 = DIRECTION('',(0.,0.,1.));
#1087 = ORIENTED_EDGE('',*,*,#855,.T.);
#1088 = ORIENTED_EDGE('',*,*,#654,.T.);
#1089 = ORIENTED_EDGE('',*,*,#1058,.F.);
#1090 = PLANE('',#1091);
#1091 = AXIS2_PLACEMENT_3D('',#1092,#1093,#1094);
#1092 = CARTESIAN_POINT('',(24.,96.,22.2));
#1093 = DIRECTION('',(1.,0.,0.));
#1094 = DIRECTION('',(0.,0.,1.));
#1095 = ADVANCED_FACE('',(#1096),#1121,.T.);
#1096 = FACE_BOUND('',#1097,.T.);
#1097 = EDGE_LOOP('',(#1098,#1106,#1114,#1120));
#1098 = ORIENTED_EDGE('',*,*,#1099,.T.);
#1099 = EDGE_CURVE('',#822,#1100,#1102,.T.);
#1100 = VERTEX_POINT('',#1101);
#1101 = CARTESIAN_POINT('',(18.1,25.1,32.8));
#1102 = LINE('',#1103,#1104);
#1103 = CARTESIAN_POINT('',(18.1,25.1,22.2));
#1104 = VECTOR('',#1105,1.);
#1105 = DIRECTION('',(0.,0.,1.));
#1106 = ORIENTED_EDGE('',*,*,#1107,.T.);
#1107 = EDGE_CURVE('',#1100,#1108,#1110,.T.);
#1108 = VERTEX_POINT('',#1109);
#1109 = CARTESIAN_POINT('',(18.1,90.4,32.8));
#1110 = LINE('',#1111,#1112);
#1111 = CARTESIAN_POINT('',(18.1,25.1,32.8));
#1112 = VECTOR('',#1113,1.);
#1113 = DIRECTION('',(0.,1.,0.));
#1114 = ORIENTED_EDGE('',*,*,#1115,.F.);
#1115 = EDGE_CURVE('',#824,#1108,#1116,.T.);
#1116 = LINE('',#1117,#1118);
#1117 = CARTESIAN_POINT('',(18.1,90.4,23.2));
#1118 = VECTOR('',#1119,1.);
#1119 = DIRECTION('',(0.,0.,1.));
#1120 = ORIENTED_EDGE('',*,*,#821,.F.);
#1121 = PLANE('',#1122);
#1122 = AXIS2_PLACEMENT_3D('',#1123,#1124,#1125);
#1123 = CARTESIAN_POINT('',(18.1,57.75,27.5));
#1124 = DIRECTION('',(-1.,-0.,-0.));
#1125 = DIRECTION('',(0.,0.,-1.));
#1126 = ADVANCED_FACE('',(#1127),#1145,.T.);
#1127 = FACE_BOUND('',#1128,.T.);
#1128 = EDGE_LOOP('',(#1129,#1130,#1138,#1144));
#1129 = ORIENTED_EDGE('',*,*,#1020,.T.);
#1130 = ORIENTED_EDGE('',*,*,#1131,.T.);
#1131 = EDGE_CURVE('',#1013,#1132,#1134,.T.);
#1132 = VERTEX_POINT('',#1133);
#1133 = CARTESIAN_POINT('',(60.9,25.1,32.8));
#1134 = LINE('',#1135,#1136);
#1135 = CARTESIAN_POINT('',(60.9,25.1,22.2));
#1136 = VECTOR('',#1137,1.);
#1137 = DIRECTION('',(0.,0.,1.));
#1138 = ORIENTED_EDGE('',*,*,#1139,.F.);
#1139 = EDGE_CURVE('',#1100,#1132,#1140,.T.);
#1140 = LINE('',#1141,#1142);
#1141 = CARTESIAN_POINT('',(18.1,25.1,32.8));
#1142 = VECTOR('',#1143,1.);
#1143 = DIRECTION('',(1.,0.,0.));
#1144 = ORIENTED_EDGE('',*,*,#1099,.F.);
#1145 = PLANE('',#1146);
#1146 = AXIS2_PLACEMENT_3D('',#1147,#1148,#1149);
#1147 = CARTESIAN_POINT('',(39.5,25.1,27.5));
#1148 = DIRECTION('',(-0.,-1.,-0.));
#1149 = DIRECTION('',(0.,0.,-1.));
#1150 = ADVANCED_FACE('',(#1151),#1169,.T.);
#1151 = FACE_BOUND('',#1152,.T.);
#1152 = EDGE_LOOP('',(#1153,#1154,#1155,#1163));
#1153 = ORIENTED_EDGE('',*,*,#1131,.F.);
#1154 = ORIENTED_EDGE('',*,*,#1012,.T.);
#1155 = ORIENTED_EDGE('',*,*,#1156,.T.);
#1156 = EDGE_CURVE('',#1005,#1157,#1159,.T.);
#1157 = VERTEX_POINT('',#1158);
#1158 = CARTESIAN_POINT('',(60.9,90.4,32.8));
#1159 = LINE('',#1160,#1161);
#1160 = CARTESIAN_POINT('',(60.9,90.4,23.2));
#1161 = VECTOR('',#1162,1.);
#1162 = DIRECTION('',(0.,0.,1.));
#1163 = ORIENTED_EDGE('',*,*,#1164,.F.);
#1164 = EDGE_CURVE('',#1132,#1157,#1165,.T.);
#1165 = LINE('',#1166,#1167);
#1166 = CARTESIAN_POINT('',(60.9,25.1,32.8));
#1167 = VECTOR('',#1168,1.);
#1168 = DIRECTION('',(0.,1.,0.));
#1169 = PLANE('',#1170);
#1170 = AXIS2_PLACEMENT_3D('',#1171,#1172,#1173);
#1171 = CARTESIAN_POINT('',(60.9,57.75,27.5));
#1172 = DIRECTION('',(1.,0.,0.));
#1173 = DIRECTION('',(0.,0.,1.));
#1174 = ADVANCED_FACE('',(#1175),#1232,.T.);
#1175 = FACE_BOUND('',#1176,.T.);
#1176 = EDGE_LOOP('',(#1177,#1178,#1179,#1185,#1186,#1187,#1195,#1203,
    #1209,#1210,#1218,#1226));
#1177 = ORIENTED_EDGE('',*,*,#831,.F.);
#1178 = ORIENTED_EDGE('',*,*,#1115,.T.);
#1179 = ORIENTED_EDGE('',*,*,#1180,.T.);
#1180 = EDGE_CURVE('',#1108,#1157,#1181,.T.);
#1181 = LINE('',#1182,#1183);
#1182 = CARTESIAN_POINT('',(18.1,90.4,32.8));
#1183 = VECTOR('',#1184,1.);
#1184 = DIRECTION('',(1.,0.,0.));
#1185 = ORIENTED_EDGE('',*,*,#1156,.F.);
#1186 = ORIENTED_EDGE('',*,*,#1004,.F.);
#1187 = ORIENTED_EDGE('',*,*,#1188,.F.);
#1188 = EDGE_CURVE('',#1189,#997,#1191,.T.);
#1189 = VERTEX_POINT('',#1190);
#1190 = CARTESIAN_POINT('',(57.,90.4,30.));
#1191 = LINE('',#1192,#1193);
#1192 = CARTESIAN_POINT('',(57.,90.4,24.85));
#1193 = VECTOR('',#1194,1.);
#1194 = DIRECTION('',(0.,0.,-1.));
#1195 = ORIENTED_EDGE('',*,*,#1196,.F.);
#1196 = EDGE_CURVE('',#1197,#1189,#1199,.T.);
#1197 = VERTEX_POINT('',#1198);
#1198 = CARTESIAN_POINT('',(46.9,90.4,30.));
#1199 = LINE('',#1200,#1201);
#1200 = CARTESIAN_POINT('',(43.2,90.4,30.));
#1201 = VECTOR('',#1202,1.);
#1202 = DIRECTION('',(1.,0.,0.));
#1203 = ORIENTED_EDGE('',*,*,#1204,.T.);
#1204 = EDGE_CURVE('',#1197,#893,#1205,.T.);
#1205 = LINE('',#1206,#1207);
#1206 = CARTESIAN_POINT('',(46.9,90.4,24.85));
#1207 = VECTOR('',#1208,1.);
#1208 = DIRECTION('',(0.,0.,-1.));
#1209 = ORIENTED_EDGE('',*,*,#892,.F.);
#1210 = ORIENTED_EDGE('',*,*,#1211,.F.);
#1211 = EDGE_CURVE('',#1212,#885,#1214,.T.);
#1212 = VERTEX_POINT('',#1213);
#1213 = CARTESIAN_POINT('',(32.1,90.4,30.));
#1214 = LINE('',#1215,#1216);
#1215 = CARTESIAN_POINT('',(32.1,90.4,24.85));
#1216 = VECTOR('',#1217,1.);
#1217 = DIRECTION('',(0.,0.,-1.));
#1218 = ORIENTED_EDGE('',*,*,#1219,.F.);
#1219 = EDGE_CURVE('',#1220,#1212,#1222,.T.);
#1220 = VERTEX_POINT('',#1221);
#1221 = CARTESIAN_POINT('',(22.,90.4,30.));
#1222 = LINE('',#1223,#1224);
#1223 = CARTESIAN_POINT('',(30.75,90.4,30.));
#1224 = VECTOR('',#1225,1.);
#1225 = DIRECTION('',(1.,0.,0.));
#1226 = ORIENTED_EDGE('',*,*,#1227,.T.);
#1227 = EDGE_CURVE('',#1220,#832,#1228,.T.);
#1228 = LINE('',#1229,#1230);
#1229 = CARTESIAN_POINT('',(22.,90.4,24.85));
#1230 = VECTOR('',#1231,1.);
#1231 = DIRECTION('',(0.,0.,-1.));
#1232 = PLANE('',#1233);
#1233 = AXIS2_PLACEMENT_3D('',#1234,#1235,#1236);
#1234 = CARTESIAN_POINT('',(39.5,90.4,27.5));
#1235 = DIRECTION('',(0.,1.,0.));
#1236 = DIRECTION('',(0.,0.,1.));
#1237 = ADVANCED_FACE('',(#1238),#1256,.T.);
#1238 = FACE_BOUND('',#1239,.T.);
#1239 = EDGE_LOOP('',(#1240,#1241,#1242,#1250));
#1240 = ORIENTED_EDGE('',*,*,#1188,.T.);
#1241 = ORIENTED_EDGE('',*,*,#996,.T.);
#1242 = ORIENTED_EDGE('',*,*,#1243,.T.);
#1243 = EDGE_CURVE('',#989,#1244,#1246,.T.);
#1244 = VERTEX_POINT('',#1245);
#1245 = CARTESIAN_POINT('',(57.,96.,30.));
#1246 = LINE('',#1247,#1248);
#1247 = CARTESIAN_POINT('',(57.,96.,22.2));
#1248 = VECTOR('',#1249,1.);
#1249 = DIRECTION('',(0.,0.,1.));
#1250 = ORIENTED_EDGE('',*,*,#1251,.F.);
#1251 = EDGE_CURVE('',#1189,#1244,#1252,.T.);
#1252 = LINE('',#1253,#1254);
#1253 = CARTESIAN_POINT('',(57.,89.4,30.));
#1254 = VECTOR('',#1255,1.);
#1255 = DIRECTION('',(0.,1.,0.));
#1256 = PLANE('',#1257);
#1257 = AXIS2_PLACEMENT_3D('',#1258,#1259,#1260);
#1258 = CARTESIAN_POINT('',(57.,89.4,22.2));
#1259 = DIRECTION('',(1.,0.,0.));
#1260 = DIRECTION('',(0.,0.,1.));
#1261 = ADVANCED_FACE('',(#1262),#1303,.T.);
#1262 = FACE_BOUND('',#1263,.T.);
#1263 = EDGE_LOOP('',(#1264,#1265,#1273,#1279,#1280,#1281,#1289,#1297));
#1264 = ORIENTED_EDGE('',*,*,#908,.F.);
#1265 = ORIENTED_EDGE('',*,*,#1266,.T.);
#1266 = EDGE_CURVE('',#901,#1267,#1269,.T.);
#1267 = VERTEX_POINT('',#1268);
#1268 = CARTESIAN_POINT('',(46.9,96.,30.));
#1269 = LINE('',#1270,#1271);
#1270 = CARTESIAN_POINT('',(46.9,96.,22.2));
#1271 = VECTOR('',#1272,1.);
#1272 = DIRECTION('',(0.,0.,1.));
#1273 = ORIENTED_EDGE('',*,*,#1274,.T.);
#1274 = EDGE_CURVE('',#1267,#1244,#1275,.T.);
#1275 = LINE('',#1276,#1277);
#1276 = CARTESIAN_POINT('',(46.9,96.,30.));
#1277 = VECTOR('',#1278,1.);
#1278 = DIRECTION('',(1.,0.,0.));
#1279 = ORIENTED_EDGE('',*,*,#1243,.F.);
#1280 = ORIENTED_EDGE('',*,*,#988,.F.);
#1281 = ORIENTED_EDGE('',*,*,#1282,.T.);
#1282 = EDGE_CURVE('',#981,#1283,#1285,.T.);
#1283 = VERTEX_POINT('',#1284);
#1284 = CARTESIAN_POINT('',(55.,96.,27.5));
#1285 = LINE('',#1286,#1287);
#1286 = CARTESIAN_POINT('',(55.,96.,22.2));
#1287 = VECTOR('',#1288,1.);
#1288 = DIRECTION('',(0.,0.,1.));
#1289 = ORIENTED_EDGE('',*,*,#1290,.F.);
#1290 = EDGE_CURVE('',#1291,#1283,#1293,.T.);
#1291 = VERTEX_POINT('',#1292);
#1292 = CARTESIAN_POINT('',(48.9,96.,27.5));
#1293 = LINE('',#1294,#1295);
#1294 = CARTESIAN_POINT('',(48.9,96.,27.5));
#1295 = VECTOR('',#1296,1.);
#1296 = DIRECTION('',(1.,0.,0.));
#1297 = ORIENTED_EDGE('',*,*,#1298,.F.);
#1298 = EDGE_CURVE('',#909,#1291,#1299,.T.);
#1299 = LINE('',#1300,#1301);
#1300 = CARTESIAN_POINT('',(48.9,96.,22.2));
#1301 = VECTOR('',#1302,1.);
#1302 = DIRECTION('',(0.,0.,1.));
#1303 = PLANE('',#1304);
#1304 = AXIS2_PLACEMENT_3D('',#1305,#1306,#1307);
#1305 = CARTESIAN_POINT('',(46.9,96.,22.2));
#1306 = DIRECTION('',(0.,1.,0.));
#1307 = DIRECTION('',(0.,0.,1.));
#1308 = ADVANCED_FACE('',(#1309),#1327,.T.);
#1309 = FACE_BOUND('',#1310,.T.);
#1310 = EDGE_LOOP('',(#1311,#1312,#1313,#1321));
#1311 = ORIENTED_EDGE('',*,*,#1282,.F.);
#1312 = ORIENTED_EDGE('',*,*,#980,.T.);
#1313 = ORIENTED_EDGE('',*,*,#1314,.T.);
#1314 = EDGE_CURVE('',#973,#1315,#1317,.T.);
#1315 = VERTEX_POINT('',#1316);
#1316 = CARTESIAN_POINT('',(55.,104.,27.5));
#1317 = LINE('',#1318,#1319);
#1318 = CARTESIAN_POINT('',(55.,104.,22.2));
#1319 = VECTOR('',#1320,1.);
#1320 = DIRECTION('',(0.,0.,1.));
#1321 = ORIENTED_EDGE('',*,*,#1322,.F.);
#1322 = EDGE_CURVE('',#1283,#1315,#1323,.T.);
#1323 = LINE('',#1324,#1325);
#1324 = CARTESIAN_POINT('',(55.,96.,27.5));
#1325 = VECTOR('',#1326,1.);
#1326 = DIRECTION('',(0.,1.,0.));
#1327 = PLANE('',#1328);
#1328 = AXIS2_PLACEMENT_3D('',#1329,#1330,#1331);
#1329 = CARTESIAN_POINT('',(55.,96.,22.2));
#1330 = DIRECTION('',(1.,0.,0.));
#1331 = DIRECTION('',(0.,0.,1.));
#1332 = ADVANCED_FACE('',(#1333),#1374,.T.);
#1333 = FACE_BOUND('',#1334,.T.);
#1334 = EDGE_LOOP('',(#1335,#1336,#1344,#1350,#1351,#1352,#1360,#1368));
#1335 = ORIENTED_EDGE('',*,*,#924,.F.);
#1336 = ORIENTED_EDGE('',*,*,#1337,.T.);
#1337 = EDGE_CURVE('',#917,#1338,#1340,.T.);
#1338 = VERTEX_POINT('',#1339);
#1339 = CARTESIAN_POINT('',(48.9,104.,27.5));
#1340 = LINE('',#1341,#1342);
#1341 = CARTESIAN_POINT('',(48.9,104.,22.2));
#1342 = VECTOR('',#1343,1.);
#1343 = DIRECTION('',(0.,0.,1.));
#1344 = ORIENTED_EDGE('',*,*,#1345,.T.);
#1345 = EDGE_CURVE('',#1338,#1315,#1346,.T.);
#1346 = LINE('',#1347,#1348);
#1347 = CARTESIAN_POINT('',(48.9,104.,27.5));
#1348 = VECTOR('',#1349,1.);
#1349 = DIRECTION('',(1.,0.,0.));
#1350 = ORIENTED_EDGE('',*,*,#1314,.F.);
#1351 = ORIENTED_EDGE('',*,*,#972,.F.);
#1352 = ORIENTED_EDGE('',*,*,#1353,.T.);
#1353 = EDGE_CURVE('',#965,#1354,#1356,.T.);
#1354 = VERTEX_POINT('',#1355);
#1355 = CARTESIAN_POINT('',(54.,104.,26.));
#1356 = LINE('',#1357,#1358);
#1357 = CARTESIAN_POINT('',(54.,104.,22.2));
#1358 = VECTOR('',#1359,1.);
#1359 = DIRECTION('',(0.,0.,1.));
#1360 = ORIENTED_EDGE('',*,*,#1361,.F.);
#1361 = EDGE_CURVE('',#1362,#1354,#1364,.T.);
#1362 = VERTEX_POINT('',#1363);
#1363 = CARTESIAN_POINT('',(49.9,104.,26.));
#1364 = LINE('',#1365,#1366);
#1365 = CARTESIAN_POINT('',(49.9,104.,26.));
#1366 = VECTOR('',#1367,1.);
#1367 = DIRECTION('',(1.,0.,0.));
#1368 = ORIENTED_EDGE('',*,*,#1369,.F.);
#1369 = EDGE_CURVE('',#925,#1362,#1370,.T.);
#1370 = LINE('',#1371,#1372);
#1371 = CARTESIAN_POINT('',(49.9,104.,22.2));
#1372 = VECTOR('',#1373,1.);
#1373 = DIRECTION('',(0.,0.,1.));
#1374 = PLANE('',#1375);
#1375 = AXIS2_PLACEMENT_3D('',#1376,#1377,#1378);
#1376 = CARTESIAN_POINT('',(48.9,104.,22.2));
#1377 = DIRECTION('',(0.,1.,0.));
#1378 = DIRECTION('',(0.,0.,1.));
#1379 = ADVANCED_FACE('',(#1380),#1430,.T.);
#1380 = FACE_BOUND('',#1381,.T.);
#1381 = EDGE_LOOP('',(#1382,#1383,#1384,#1392,#1400,#1408,#1416,#1424));
#1382 = ORIENTED_EDGE('',*,*,#1353,.F.);
#1383 = ORIENTED_EDGE('',*,*,#964,.T.);
#1384 = ORIENTED_EDGE('',*,*,#1385,.F.);
#1385 = EDGE_CURVE('',#1386,#957,#1388,.T.);
#1386 = VERTEX_POINT('',#1387);
#1387 = CARTESIAN_POINT('',(54.,123.,20.));
#1388 = LINE('',#1389,#1390);
#1389 = CARTESIAN_POINT('',(54.,123.,20.));
#1390 = VECTOR('',#1391,1.);
#1391 = DIRECTION('',(0.,0.,1.));
#1392 = ORIENTED_EDGE('',*,*,#1393,.F.);
#1393 = EDGE_CURVE('',#1394,#1386,#1396,.T.);
#1394 = VERTEX_POINT('',#1395);
#1395 = CARTESIAN_POINT('',(54.,126.,20.));
#1396 = LINE('',#1397,#1398);
#1397 = CARTESIAN_POINT('',(54.,126.,20.));
#1398 = VECTOR('',#1399,1.);
#1399 = DIRECTION('',(0.,-1.,0.));
#1400 = ORIENTED_EDGE('',*,*,#1401,.T.);
#1401 = EDGE_CURVE('',#1394,#1402,#1404,.T.);
#1402 = VERTEX_POINT('',#1403);
#1403 = CARTESIAN_POINT('',(54.,126.,22.2));
#1404 = LINE('',#1405,#1406);
#1405 = CARTESIAN_POINT('',(54.,126.,20.));
#1406 = VECTOR('',#1407,1.);
#1407 = DIRECTION('',(0.,0.,1.));
#1408 = ORIENTED_EDGE('',*,*,#1409,.T.);
#1409 = EDGE_CURVE('',#1402,#1410,#1412,.T.);
#1410 = VERTEX_POINT('',#1411);
#1411 = CARTESIAN_POINT('',(54.,126.8,22.2));
#1412 = LINE('',#1413,#1414);
#1413 = CARTESIAN_POINT('',(54.,104.,22.2));
#1414 = VECTOR('',#1415,1.);
#1415 = DIRECTION('',(0.,1.,0.));
#1416 = ORIENTED_EDGE('',*,*,#1417,.T.);
#1417 = EDGE_CURVE('',#1410,#1418,#1420,.T.);
#1418 = VERTEX_POINT('',#1419);
#1419 = CARTESIAN_POINT('',(54.,126.8,26.));
#1420 = LINE('',#1421,#1422);
#1421 = CARTESIAN_POINT('',(54.,126.8,22.2));
#1422 = VECTOR('',#1423,1.);
#1423 = DIRECTION('',(0.,0.,1.));
#1424 = ORIENTED_EDGE('',*,*,#1425,.F.);
#1425 = EDGE_CURVE('',#1354,#1418,#1426,.T.);
#1426 = LINE('',#1427,#1428);
#1427 = CARTESIAN_POINT('',(54.,104.,26.));
#1428 = VECTOR('',#1429,1.);
#1429 = DIRECTION('',(0.,1.,0.));
#1430 = PLANE('',#1431);
#1431 = AXIS2_PLACEMENT_3D('',#1432,#1433,#1434);
#1432 = CARTESIAN_POINT('',(54.,116.09513888888,23.75625));
#1433 = DIRECTION('',(1.,0.,0.));
#1434 = DIRECTION('',(0.,0.,1.));
#1435 = ADVANCED_FACE('',(#1436),#1454,.T.);
#1436 = FACE_BOUND('',#1437,.T.);
#1437 = EDGE_LOOP('',(#1438,#1446,#1447,#1448));
#1438 = ORIENTED_EDGE('',*,*,#1439,.F.);
#1439 = EDGE_CURVE('',#1386,#1440,#1442,.T.);
#1440 = VERTEX_POINT('',#1441);
#1441 = CARTESIAN_POINT('',(52.5,123.,20.));
#1442 = LINE('',#1443,#1444);
#1443 = CARTESIAN_POINT('',(54.,123.,20.));
#1444 = VECTOR('',#1445,1.);
#1445 = DIRECTION('',(-1.,0.,0.));
#1446 = ORIENTED_EDGE('',*,*,#1385,.T.);
#1447 = ORIENTED_EDGE('',*,*,#956,.T.);
#1448 = ORIENTED_EDGE('',*,*,#1449,.T.);
#1449 = EDGE_CURVE('',#949,#1440,#1450,.T.);
#1450 = LINE('',#1451,#1452);
#1451 = CARTESIAN_POINT('',(52.5,123.,20.));
#1452 = VECTOR('',#1453,1.);
#1453 = DIRECTION('',(0.,0.,-1.));
#1454 = PLANE('',#1455);
#1455 = AXIS2_PLACEMENT_3D('',#1456,#1457,#1458);
#1456 = CARTESIAN_POINT('',(54.,123.,20.));
#1457 = DIRECTION('',(0.,-1.,0.));
#1458 = DIRECTION('',(-1.,0.,0.));
#1459 = ADVANCED_FACE('',(#1460),#1478,.T.);
#1460 = FACE_BOUND('',#1461,.T.);
#1461 = EDGE_LOOP('',(#1462,#1470,#1476,#1477));
#1462 = ORIENTED_EDGE('',*,*,#1463,.F.);
#1463 = EDGE_CURVE('',#1464,#941,#1466,.T.);
#1464 = VERTEX_POINT('',#1465);
#1465 = CARTESIAN_POINT('',(52.5,100.,20.));
#1466 = LINE('',#1467,#1468);
#1467 = CARTESIAN_POINT('',(52.5,100.,20.));
#1468 = VECTOR('',#1469,1.);
#1469 = DIRECTION('',(0.,0.,1.));
#1470 = ORIENTED_EDGE('',*,*,#1471,.T.);
#1471 = EDGE_CURVE('',#1464,#1440,#1472,.T.);
#1472 = LINE('',#1473,#1474);
#1473 = CARTESIAN_POINT('',(52.5,100.,20.));
#1474 = VECTOR('',#1475,1.);
#1475 = DIRECTION('',(0.,1.,0.));
#1476 = ORIENTED_EDGE('',*,*,#1449,.F.);
#1477 = ORIENTED_EDGE('',*,*,#948,.F.);
#1478 = PLANE('',#1479);
#1479 = AXIS2_PLACEMENT_3D('',#1480,#1481,#1482);
#1480 = CARTESIAN_POINT('',(52.5,100.,20.));
#1481 = DIRECTION('',(1.,0.,0.));
#1482 = DIRECTION('',(0.,0.,1.));
#1483 = ADVANCED_FACE('',(#1484),#1502,.F.);
#1484 = FACE_BOUND('',#1485,.F.);
#1485 = EDGE_LOOP('',(#1486,#1494,#1500,#1501));
#1486 = ORIENTED_EDGE('',*,*,#1487,.F.);
#1487 = EDGE_CURVE('',#1488,#1464,#1490,.T.);
#1488 = VERTEX_POINT('',#1489);
#1489 = CARTESIAN_POINT('',(49.9,100.,20.));
#1490 = LINE('',#1491,#1492);
#1491 = CARTESIAN_POINT('',(49.9,100.,20.));
#1492 = VECTOR('',#1493,1.);
#1493 = DIRECTION('',(1.,0.,0.));
#1494 = ORIENTED_EDGE('',*,*,#1495,.T.);
#1495 = EDGE_CURVE('',#1488,#933,#1496,.T.);
#1496 = LINE('',#1497,#1498);
#1497 = CARTESIAN_POINT('',(49.9,100.,20.));
#1498 = VECTOR('',#1499,1.);
#1499 = DIRECTION('',(0.,0.,1.));
#1500 = ORIENTED_EDGE('',*,*,#940,.T.);
#1501 = ORIENTED_EDGE('',*,*,#1463,.F.);
#1502 = PLANE('',#1503);
#1503 = AXIS2_PLACEMENT_3D('',#1504,#1505,#1506);
#1504 = CARTESIAN_POINT('',(49.9,100.,20.));
#1505 = DIRECTION('',(0.,1.,0.));
#1506 = DIRECTION('',(0.,0.,1.));
#1507 = ADVANCED_FACE('',(#1508),#1535,.T.);
#1508 = FACE_BOUND('',#1509,.T.);
#1509 = EDGE_LOOP('',(#1510,#1511,#1512,#1513,#1521,#1529));
#1510 = ORIENTED_EDGE('',*,*,#1495,.T.);
#1511 = ORIENTED_EDGE('',*,*,#932,.T.);
#1512 = ORIENTED_EDGE('',*,*,#1369,.T.);
#1513 = ORIENTED_EDGE('',*,*,#1514,.T.);
#1514 = EDGE_CURVE('',#1362,#1515,#1517,.T.);
#1515 = VERTEX_POINT('',#1516);
#1516 = CARTESIAN_POINT('',(49.9,123.,26.));
#1517 = LINE('',#1518,#1519);
#1518 = CARTESIAN_POINT('',(49.9,104.,26.));
#1519 = VECTOR('',#1520,1.);
#1520 = DIRECTION('',(0.,1.,0.));
#1521 = ORIENTED_EDGE('',*,*,#1522,.F.);
#1522 = EDGE_CURVE('',#1523,#1515,#1525,.T.);
#1523 = VERTEX_POINT('',#1524);
#1524 = CARTESIAN_POINT('',(49.9,123.,20.));
#1525 = LINE('',#1526,#1527);
#1526 = CARTESIAN_POINT('',(49.9,123.,20.));
#1527 = VECTOR('',#1528,1.);
#1528 = DIRECTION('',(0.,0.,1.));
#1529 = ORIENTED_EDGE('',*,*,#1530,.F.);
#1530 = EDGE_CURVE('',#1488,#1523,#1531,.T.);
#1531 = LINE('',#1532,#1533);
#1532 = CARTESIAN_POINT('',(49.9,100.,20.));
#1533 = VECTOR('',#1534,1.);
#1534 = DIRECTION('',(0.,1.,0.));
#1535 = PLANE('',#1536);
#1536 = AXIS2_PLACEMENT_3D('',#1537,#1538,#1539);
#1537 = CARTESIAN_POINT('',(49.9,111.76206896551,22.737931034483));
#1538 = DIRECTION('',(-1.,-0.,-0.));
#1539 = DIRECTION('',(0.,0.,-1.));
#1540 = ADVANCED_FACE('',(#1541),#1552,.F.);
#1541 = FACE_BOUND('',#1542,.F.);
#1542 = EDGE_LOOP('',(#1543,#1544,#1545,#1546));
#1543 = ORIENTED_EDGE('',*,*,#1298,.F.);
#1544 = ORIENTED_EDGE('',*,*,#916,.T.);
#1545 = ORIENTED_EDGE('',*,*,#1337,.T.);
#1546 = ORIENTED_EDGE('',*,*,#1547,.F.);
#1547 = EDGE_CURVE('',#1291,#1338,#1548,.T.);
#1548 = LINE('',#1549,#1550);
#1549 = CARTESIAN_POINT('',(48.9,96.,27.5));
#1550 = VECTOR('',#1551,1.);
#1551 = DIRECTION('',(0.,1.,0.));
#1552 = PLANE('',#1553);
#1553 = AXIS2_PLACEMENT_3D('',#1554,#1555,#1556);
#1554 = CARTESIAN_POINT('',(48.9,96.,22.2));
#1555 = DIRECTION('',(1.,0.,0.));
#1556 = DIRECTION('',(0.,0.,1.));
#1557 = ADVANCED_FACE('',(#1558),#1569,.F.);
#1558 = FACE_BOUND('',#1559,.F.);
#1559 = EDGE_LOOP('',(#1560,#1561,#1562,#1563));
#1560 = ORIENTED_EDGE('',*,*,#1204,.T.);
#1561 = ORIENTED_EDGE('',*,*,#900,.T.);
#1562 = ORIENTED_EDGE('',*,*,#1266,.T.);
#1563 = ORIENTED_EDGE('',*,*,#1564,.F.);
#1564 = EDGE_CURVE('',#1197,#1267,#1565,.T.);
#1565 = LINE('',#1566,#1567);
#1566 = CARTESIAN_POINT('',(46.9,89.4,30.));
#1567 = VECTOR('',#1568,1.);
#1568 = DIRECTION('',(0.,1.,0.));
#1569 = PLANE('',#1570);
#1570 = AXIS2_PLACEMENT_3D('',#1571,#1572,#1573);
#1571 = CARTESIAN_POINT('',(46.9,89.4,22.2));
#1572 = DIRECTION('',(1.,0.,0.));
#1573 = DIRECTION('',(0.,0.,1.));
#1574 = ADVANCED_FACE('',(#1575),#1593,.T.);
#1575 = FACE_BOUND('',#1576,.T.);
#1576 = EDGE_LOOP('',(#1577,#1578,#1579,#1587));
#1577 = ORIENTED_EDGE('',*,*,#1211,.T.);
#1578 = ORIENTED_EDGE('',*,*,#884,.T.);
#1579 = ORIENTED_EDGE('',*,*,#1580,.T.);
#1580 = EDGE_CURVE('',#877,#1581,#1583,.T.);
#1581 = VERTEX_POINT('',#1582);
#1582 = CARTESIAN_POINT('',(32.1,96.,30.));
#1583 = LINE('',#1584,#1585);
#1584 = CARTESIAN_POINT('',(32.1,96.,22.2));
#1585 = VECTOR('',#1586,1.);
#1586 = DIRECTION('',(0.,0.,1.));
#1587 = ORIENTED_EDGE('',*,*,#1588,.F.);
#1588 = EDGE_CURVE('',#1212,#1581,#1589,.T.);
#1589 = LINE('',#1590,#1591);
#1590 = CARTESIAN_POINT('',(32.1,89.4,30.));
#1591 = VECTOR('',#1592,1.);
#1592 = DIRECTION('',(0.,1.,0.));
#1593 = PLANE('',#1594);
#1594 = AXIS2_PLACEMENT_3D('',#1595,#1596,#1597);
#1595 = CARTESIAN_POINT('',(32.1,89.4,22.2));
#1596 = DIRECTION('',(1.,0.,0.));
#1597 = DIRECTION('',(0.,0.,1.));
#1598 = ADVANCED_FACE('',(#1599),#1621,.T.);
#1599 = FACE_BOUND('',#1600,.T.);
#1600 = EDGE_LOOP('',(#1601,#1602,#1610,#1616,#1617,#1618,#1619,#1620));
#1601 = ORIENTED_EDGE('',*,*,#847,.F.);
#1602 = ORIENTED_EDGE('',*,*,#1603,.T.);
#1603 = EDGE_CURVE('',#840,#1604,#1606,.T.);
#1604 = VERTEX_POINT('',#1605);
#1605 = CARTESIAN_POINT('',(22.,96.,30.));
#1606 = LINE('',#1607,#1608);
#1607 = CARTESIAN_POINT('',(22.,96.,22.2));
#1608 = VECTOR('',#1609,1.);
#1609 = DIRECTION('',(0.,0.,1.));
#1610 = ORIENTED_EDGE('',*,*,#1611,.T.);
#1611 = EDGE_CURVE('',#1604,#1581,#1612,.T.);
#1612 = LINE('',#1613,#1614);
#1613 = CARTESIAN_POINT('',(22.,96.,30.));
#1614 = VECTOR('',#1615,1.);
#1615 = DIRECTION('',(1.,0.,0.));
#1616 = ORIENTED_EDGE('',*,*,#1580,.F.);
#1617 = ORIENTED_EDGE('',*,*,#876,.F.);
#1618 = ORIENTED_EDGE('',*,*,#1034,.T.);
#1619 = ORIENTED_EDGE('',*,*,#1066,.F.);
#1620 = ORIENTED_EDGE('',*,*,#1082,.F.);
#1621 = PLANE('',#1622);
#1622 = AXIS2_PLACEMENT_3D('',#1623,#1624,#1625);
#1623 = CARTESIAN_POINT('',(22.,96.,22.2));
#1624 = DIRECTION('',(0.,1.,0.));
#1625 = DIRECTION('',(0.,0.,1.));
#1626 = ADVANCED_FACE('',(#1627),#1638,.F.);
#1627 = FACE_BOUND('',#1628,.F.);
#1628 = EDGE_LOOP('',(#1629,#1630,#1631,#1632));
#1629 = ORIENTED_EDGE('',*,*,#1227,.T.);
#1630 = ORIENTED_EDGE('',*,*,#839,.T.);
#1631 = ORIENTED_EDGE('',*,*,#1603,.T.);
#1632 = ORIENTED_EDGE('',*,*,#1633,.F.);
#1633 = EDGE_CURVE('',#1220,#1604,#1634,.T.);
#1634 = LINE('',#1635,#1636);
#1635 = CARTESIAN_POINT('',(22.,89.4,30.));
#1636 = VECTOR('',#1637,1.);
#1637 = DIRECTION('',(0.,1.,0.));
#1638 = PLANE('',#1639);
#1639 = AXIS2_PLACEMENT_3D('',#1640,#1641,#1642);
#1640 = CARTESIAN_POINT('',(22.,89.4,22.2));
#1641 = DIRECTION('',(1.,0.,0.));
#1642 = DIRECTION('',(0.,0.,1.));
#1643 = ADVANCED_FACE('',(#1644,#1650),#1684,.T.);
#1644 = FACE_BOUND('',#1645,.T.);
#1645 = EDGE_LOOP('',(#1646,#1647,#1648,#1649));
#1646 = ORIENTED_EDGE('',*,*,#1107,.F.);
#1647 = ORIENTED_EDGE('',*,*,#1139,.T.);
#1648 = ORIENTED_EDGE('',*,*,#1164,.T.);
#1649 = ORIENTED_EDGE('',*,*,#1180,.F.);
#1650 = FACE_BOUND('',#1651,.T.);
#1651 = EDGE_LOOP('',(#1652,#1662,#1670,#1678));
#1652 = ORIENTED_EDGE('',*,*,#1653,.T.);
#1653 = EDGE_CURVE('',#1654,#1656,#1658,.T.);
#1654 = VERTEX_POINT('',#1655);
#1655 = CARTESIAN_POINT('',(59.9,28.6,32.8));
#1656 = VERTEX_POINT('',#1657);
#1657 = CARTESIAN_POINT('',(19.1,28.6,32.8));
#1658 = LINE('',#1659,#1660);
#1659 = CARTESIAN_POINT('',(18.6,28.6,32.8));
#1660 = VECTOR('',#1661,1.);
#1661 = DIRECTION('',(-1.,0.,0.));
#1662 = ORIENTED_EDGE('',*,*,#1663,.T.);
#1663 = EDGE_CURVE('',#1656,#1664,#1666,.T.);
#1664 = VERTEX_POINT('',#1665);
#1665 = CARTESIAN_POINT('',(19.1,89.4,32.8));
#1666 = LINE('',#1667,#1668);
#1667 = CARTESIAN_POINT('',(19.1,26.85,32.8));
#1668 = VECTOR('',#1669,1.);
#1669 = DIRECTION('',(0.,1.,0.));
#1670 = ORIENTED_EDGE('',*,*,#1671,.F.);
#1671 = EDGE_CURVE('',#1672,#1664,#1674,.T.);
#1672 = VERTEX_POINT('',#1673);
#1673 = CARTESIAN_POINT('',(59.9,89.4,32.8));
#1674 = LINE('',#1675,#1676);
#1675 = CARTESIAN_POINT('',(18.6,89.4,32.8));
#1676 = VECTOR('',#1677,1.);
#1677 = DIRECTION('',(-1.,0.,0.));
#1678 = ORIENTED_EDGE('',*,*,#1679,.F.);
#1679 = EDGE_CURVE('',#1654,#1672,#1680,.T.);
#1680 = LINE('',#1681,#1682);
#1681 = CARTESIAN_POINT('',(59.9,26.85,32.8));
#1682 = VECTOR('',#1683,1.);
#1683 = DIRECTION('',(0.,1.,0.));
#1684 = PLANE('',#1685);
#1685 = AXIS2_PLACEMENT_3D('',#1686,#1687,#1688);
#1686 = CARTESIAN_POINT('',(18.1,25.1,32.8));
#1687 = DIRECTION('',(0.,0.,1.));
#1688 = DIRECTION('',(1.,0.,0.));
#1689 = ADVANCED_FACE('',(#1690),#1696,.T.);
#1690 = FACE_BOUND('',#1691,.T.);
#1691 = EDGE_LOOP('',(#1692,#1693,#1694,#1695));
#1692 = ORIENTED_EDGE('',*,*,#1633,.F.);
#1693 = ORIENTED_EDGE('',*,*,#1219,.T.);
#1694 = ORIENTED_EDGE('',*,*,#1588,.T.);
#1695 = ORIENTED_EDGE('',*,*,#1611,.F.);
#1696 = PLANE('',#1697);
#1697 = AXIS2_PLACEMENT_3D('',#1698,#1699,#1700);
#1698 = CARTESIAN_POINT('',(22.,89.4,30.));
#1699 = DIRECTION('',(0.,0.,1.));
#1700 = DIRECTION('',(1.,0.,0.));
#1701 = ADVANCED_FACE('',(#1702),#1708,.T.);
#1702 = FACE_BOUND('',#1703,.T.);
#1703 = EDGE_LOOP('',(#1704,#1705,#1706,#1707));
#1704 = ORIENTED_EDGE('',*,*,#1564,.F.);
#1705 = ORIENTED_EDGE('',*,*,#1196,.T.);
#1706 = ORIENTED_EDGE('',*,*,#1251,.T.);
#1707 = ORIENTED_EDGE('',*,*,#1274,.F.);
#1708 = PLANE('',#1709);
#1709 = AXIS2_PLACEMENT_3D('',#1710,#1711,#1712);
#1710 = CARTESIAN_POINT('',(46.9,89.4,30.));
#1711 = DIRECTION('',(0.,0.,1.));
#1712 = DIRECTION('',(1.,0.,0.));
#1713 = ADVANCED_FACE('',(#1714),#1720,.T.);
#1714 = FACE_BOUND('',#1715,.T.);
#1715 = EDGE_LOOP('',(#1716,#1717,#1718,#1719));
#1716 = ORIENTED_EDGE('',*,*,#1547,.F.);
#1717 = ORIENTED_EDGE('',*,*,#1290,.T.);
#1718 = ORIENTED_EDGE('',*,*,#1322,.T.);
#1719 = ORIENTED_EDGE('',*,*,#1345,.F.);
#1720 = PLANE('',#1721);
#1721 = AXIS2_PLACEMENT_3D('',#1722,#1723,#1724);
#1722 = CARTESIAN_POINT('',(48.9,96.,27.5));
#1723 = DIRECTION('',(0.,0.,1.));
#1724 = DIRECTION('',(1.,0.,0.));
#1725 = ADVANCED_FACE('',(#1726),#1777,.T.);
#1726 = FACE_BOUND('',#1727,.T.);
#1727 = EDGE_LOOP('',(#1728,#1729,#1730,#1731,#1739,#1747,#1755,#1763,
    #1771));
#1728 = ORIENTED_EDGE('',*,*,#1514,.F.);
#1729 = ORIENTED_EDGE('',*,*,#1361,.T.);
#1730 = ORIENTED_EDGE('',*,*,#1425,.T.);
#1731 = ORIENTED_EDGE('',*,*,#1732,.F.);
#1732 = EDGE_CURVE('',#1733,#1418,#1735,.T.);
#1733 = VERTEX_POINT('',#1734);
#1734 = CARTESIAN_POINT('',(52.816,126.8,26.));
#1735 = LINE('',#1736,#1737);
#1736 = CARTESIAN_POINT('',(49.9,126.8,26.));
#1737 = VECTOR('',#1738,1.);
#1738 = DIRECTION('',(1.,0.,0.));
#1739 = ORIENTED_EDGE('',*,*,#1740,.F.);
#1740 = EDGE_CURVE('',#1741,#1733,#1743,.T.);
#1741 = VERTEX_POINT('',#1742);
#1742 = CARTESIAN_POINT('',(50.3,128.5,26.));
#1743 = LINE('',#1744,#1745);
#1744 = CARTESIAN_POINT('',(50.3,128.5,26.));
#1745 = VECTOR('',#1746,1.);
#1746 = DIRECTION('',(0.828588968691,-0.559857411278,0.));
#1747 = ORIENTED_EDGE('',*,*,#1748,.T.);
#1748 = EDGE_CURVE('',#1741,#1749,#1751,.T.);
#1749 = VERTEX_POINT('',#1750);
#1750 = CARTESIAN_POINT('',(50.3,136.5,26.));
#1751 = LINE('',#1752,#1753);
#1752 = CARTESIAN_POINT('',(50.3,127.4,26.));
#1753 = VECTOR('',#1754,1.);
#1754 = DIRECTION('',(0.,1.,0.));
#1755 = ORIENTED_EDGE('',*,*,#1756,.F.);
#1756 = EDGE_CURVE('',#1757,#1749,#1759,.T.);
#1757 = VERTEX_POINT('',#1758);
#1758 = CARTESIAN_POINT('',(46.3,136.5,26.));
#1759 = LINE('',#1760,#1761);
#1760 = CARTESIAN_POINT('',(46.3,136.5,26.));
#1761 = VECTOR('',#1762,1.);
#1762 = DIRECTION('',(1.,0.,0.));
#1763 = ORIENTED_EDGE('',*,*,#1764,.F.);
#1764 = EDGE_CURVE('',#1765,#1757,#1767,.T.);
#1765 = VERTEX_POINT('',#1766);
#1766 = CARTESIAN_POINT('',(46.3,127.4,26.));
#1767 = LINE('',#1768,#1769);
#1768 = CARTESIAN_POINT('',(46.3,127.4,26.));
#1769 = VECTOR('',#1770,1.);
#1770 = DIRECTION('',(0.,1.,0.));
#1771 = ORIENTED_EDGE('',*,*,#1772,.F.);
#1772 = EDGE_CURVE('',#1515,#1765,#1773,.T.);
#1773 = LINE('',#1774,#1775);
#1774 = CARTESIAN_POINT('',(49.9,123.,26.));
#1775 = VECTOR('',#1776,1.);
#1776 = DIRECTION('',(-0.633237790257,0.773957299203,0.));
#1777 = PLANE('',#1778);
#1778 = AXIS2_PLACEMENT_3D('',#1779,#1780,#1781);
#1779 = CARTESIAN_POINT('',(50.743630151049,120.54102311674,26.));
#1780 = DIRECTION('',(0.,0.,1.));
#1781 = DIRECTION('',(1.,0.,0.));
#1782 = ADVANCED_FACE('',(#1783),#1820,.T.);
#1783 = FACE_BOUND('',#1784,.T.);
#1784 = EDGE_LOOP('',(#1785,#1786,#1787,#1788,#1789,#1790,#1798,#1806,
    #1814));
#1785 = ORIENTED_EDGE('',*,*,#1393,.T.);
#1786 = ORIENTED_EDGE('',*,*,#1439,.T.);
#1787 = ORIENTED_EDGE('',*,*,#1471,.F.);
#1788 = ORIENTED_EDGE('',*,*,#1487,.F.);
#1789 = ORIENTED_EDGE('',*,*,#1530,.T.);
#1790 = ORIENTED_EDGE('',*,*,#1791,.T.);
#1791 = EDGE_CURVE('',#1523,#1792,#1794,.T.);
#1792 = VERTEX_POINT('',#1793);
#1793 = CARTESIAN_POINT('',(46.3,127.4,20.));
#1794 = LINE('',#1795,#1796);
#1795 = CARTESIAN_POINT('',(49.9,123.,20.));
#1796 = VECTOR('',#1797,1.);
#1797 = DIRECTION('',(-0.633237790257,0.773957299203,0.));
#1798 = ORIENTED_EDGE('',*,*,#1799,.F.);
#1799 = EDGE_CURVE('',#1800,#1792,#1802,.T.);
#1800 = VERTEX_POINT('',#1801);
#1801 = CARTESIAN_POINT('',(50.3,127.4,20.));
#1802 = LINE('',#1803,#1804);
#1803 = CARTESIAN_POINT('',(47.988443597188,127.4,20.));
#1804 = VECTOR('',#1805,1.);
#1805 = DIRECTION('',(-1.,0.,0.));
#1806 = ORIENTED_EDGE('',*,*,#1807,.T.);
#1807 = EDGE_CURVE('',#1800,#1808,#1810,.T.);
#1808 = VERTEX_POINT('',#1809);
#1809 = CARTESIAN_POINT('',(50.3,128.5,20.));
#1810 = LINE('',#1811,#1812);
#1811 = CARTESIAN_POINT('',(50.3,127.84134337856,20.));
#1812 = VECTOR('',#1813,1.);
#1813 = DIRECTION('',(0.,1.,0.));
#1814 = ORIENTED_EDGE('',*,*,#1815,.T.);
#1815 = EDGE_CURVE('',#1808,#1394,#1816,.T.);
#1816 = LINE('',#1817,#1818);
#1817 = CARTESIAN_POINT('',(50.3,128.5,20.));
#1818 = VECTOR('',#1819,1.);
#1819 = DIRECTION('',(0.828588968691,-0.559857411278,0.));
#1820 = PLANE('',#1821);
#1821 = AXIS2_PLACEMENT_3D('',#1822,#1823,#1824);
#1822 = CARTESIAN_POINT('',(50.987908476759,115.24921728074,20.));
#1823 = DIRECTION('',(-0.,-0.,-1.));
#1824 = DIRECTION('',(-1.,0.,0.));
#1825 = ADVANCED_FACE('',(#1826),#1851,.T.);
#1826 = FACE_BOUND('',#1827,.T.);
#1827 = EDGE_LOOP('',(#1828,#1829,#1835,#1836,#1844,#1850));
#1828 = ORIENTED_EDGE('',*,*,#1815,.F.);
#1829 = ORIENTED_EDGE('',*,*,#1830,.T.);
#1830 = EDGE_CURVE('',#1808,#1741,#1831,.T.);
#1831 = LINE('',#1832,#1833);
#1832 = CARTESIAN_POINT('',(50.3,128.5,20.));
#1833 = VECTOR('',#1834,1.);
#1834 = DIRECTION('',(0.,0.,1.));
#1835 = ORIENTED_EDGE('',*,*,#1740,.T.);
#1836 = ORIENTED_EDGE('',*,*,#1837,.T.);
#1837 = EDGE_CURVE('',#1733,#1838,#1840,.T.);
#1838 = VERTEX_POINT('',#1839);
#1839 = CARTESIAN_POINT('',(52.816,126.8,22.2));
#1840 = LINE('',#1841,#1842);
#1841 = CARTESIAN_POINT('',(52.816,126.8,21.1));
#1842 = VECTOR('',#1843,1.);
#1843 = DIRECTION('',(0.,0.,-1.));
#1844 = ORIENTED_EDGE('',*,*,#1845,.T.);
#1845 = EDGE_CURVE('',#1838,#1402,#1846,.T.);
#1846 = LINE('',#1847,#1848);
#1847 = CARTESIAN_POINT('',(58.001331877057,123.29639738036,22.2));
#1848 = VECTOR('',#1849,1.);
#1849 = DIRECTION('',(0.828588968691,-0.559857411278,0.));
#1850 = ORIENTED_EDGE('',*,*,#1401,.F.);
#1851 = PLANE('',#1852);
#1852 = AXIS2_PLACEMENT_3D('',#1853,#1854,#1855);
#1853 = CARTESIAN_POINT('',(50.3,128.5,20.));
#1854 = DIRECTION('',(0.559857411278,0.828588968691,0.));
#1855 = DIRECTION('',(0.828588968691,-0.559857411278,0.));
#1856 = ADVANCED_FACE('',(#1857),#1867,.T.);
#1857 = FACE_BOUND('',#1858,.T.);
#1858 = EDGE_LOOP('',(#1859,#1860,#1861));
#1859 = ORIENTED_EDGE('',*,*,#1409,.F.);
#1860 = ORIENTED_EDGE('',*,*,#1845,.F.);
#1861 = ORIENTED_EDGE('',*,*,#1862,.T.);
#1862 = EDGE_CURVE('',#1838,#1410,#1863,.T.);
#1863 = LINE('',#1864,#1865);
#1864 = CARTESIAN_POINT('',(49.9,126.8,22.2));
#1865 = VECTOR('',#1866,1.);
#1866 = DIRECTION('',(1.,0.,0.));
#1867 = PLANE('',#1868);
#1868 = AXIS2_PLACEMENT_3D('',#1869,#1870,#1871);
#1869 = CARTESIAN_POINT('',(39.5,79.312852404643,22.2));
#1870 = DIRECTION('',(-0.,-0.,-1.));
#1871 = DIRECTION('',(-1.,0.,0.));
#1872 = ADVANCED_FACE('',(#1873),#1879,.T.);
#1873 = FACE_BOUND('',#1874,.T.);
#1874 = EDGE_LOOP('',(#1875,#1876,#1877,#1878));
#1875 = ORIENTED_EDGE('',*,*,#1862,.F.);
#1876 = ORIENTED_EDGE('',*,*,#1837,.F.);
#1877 = ORIENTED_EDGE('',*,*,#1732,.T.);
#1878 = ORIENTED_EDGE('',*,*,#1417,.F.);
#1879 = PLANE('',#1880);
#1880 = AXIS2_PLACEMENT_3D('',#1881,#1882,#1883);
#1881 = CARTESIAN_POINT('',(49.9,126.8,22.2));
#1882 = DIRECTION('',(0.,1.,0.));
#1883 = DIRECTION('',(0.,0.,1.));
#1884 = ADVANCED_FACE('',(#1885),#1896,.T.);
#1885 = FACE_BOUND('',#1886,.T.);
#1886 = EDGE_LOOP('',(#1887,#1888,#1889,#1895));
#1887 = ORIENTED_EDGE('',*,*,#1522,.T.);
#1888 = ORIENTED_EDGE('',*,*,#1772,.T.);
#1889 = ORIENTED_EDGE('',*,*,#1890,.F.);
#1890 = EDGE_CURVE('',#1792,#1765,#1891,.T.);
#1891 = LINE('',#1892,#1893);
#1892 = CARTESIAN_POINT('',(46.3,127.4,5.2));
#1893 = VECTOR('',#1894,1.);
#1894 = DIRECTION('',(0.,0.,1.));
#1895 = ORIENTED_EDGE('',*,*,#1791,.F.);
#1896 = PLANE('',#1897);
#1897 = AXIS2_PLACEMENT_3D('',#1898,#1899,#1900);
#1898 = CARTESIAN_POINT('',(49.9,123.,20.));
#1899 = DIRECTION('',(-0.773957299203,-0.633237790257,0.));
#1900 = DIRECTION('',(-0.633237790257,0.773957299203,0.));
#1901 = ADVANCED_FACE('',(#1902),#1927,.T.);
#1902 = FACE_BOUND('',#1903,.T.);
#1903 = EDGE_LOOP('',(#1904,#1912,#1920,#1926));
#1904 = ORIENTED_EDGE('',*,*,#1905,.F.);
#1905 = EDGE_CURVE('',#1906,#1654,#1908,.T.);
#1906 = VERTEX_POINT('',#1907);
#1907 = CARTESIAN_POINT('',(59.9,28.6,23.2));
#1908 = LINE('',#1909,#1910);
#1909 = CARTESIAN_POINT('',(59.9,28.6,23.1));
#1910 = VECTOR('',#1911,1.);
#1911 = DIRECTION('',(0.,0.,1.));
#1912 = ORIENTED_EDGE('',*,*,#1913,.T.);
#1913 = EDGE_CURVE('',#1906,#1914,#1916,.T.);
#1914 = VERTEX_POINT('',#1915);
#1915 = CARTESIAN_POINT('',(19.1,28.6,23.2));
#1916 = LINE('',#1917,#1918);
#1917 = CARTESIAN_POINT('',(18.6,28.6,23.2));
#1918 = VECTOR('',#1919,1.);
#1919 = DIRECTION('',(-1.,0.,0.));
#1920 = ORIENTED_EDGE('',*,*,#1921,.T.);
#1921 = EDGE_CURVE('',#1914,#1656,#1922,.T.);
#1922 = LINE('',#1923,#1924);
#1923 = CARTESIAN_POINT('',(19.1,28.6,23.1));
#1924 = VECTOR('',#1925,1.);
#1925 = DIRECTION('',(0.,0.,1.));
#1926 = ORIENTED_EDGE('',*,*,#1653,.F.);
#1927 = PLANE('',#1928);
#1928 = AXIS2_PLACEMENT_3D('',#1929,#1930,#1931);
#1929 = CARTESIAN_POINT('',(19.1,28.6,23.1));
#1930 = DIRECTION('',(0.,1.,0.));
#1931 = DIRECTION('',(0.,0.,1.));
#1932 = ADVANCED_FACE('',(#1933),#1951,.F.);
#1933 = FACE_BOUND('',#1934,.F.);
#1934 = EDGE_LOOP('',(#1935,#1936,#1944,#1950));
#1935 = ORIENTED_EDGE('',*,*,#1905,.F.);
#1936 = ORIENTED_EDGE('',*,*,#1937,.T.);
#1937 = EDGE_CURVE('',#1906,#1938,#1940,.T.);
#1938 = VERTEX_POINT('',#1939);
#1939 = CARTESIAN_POINT('',(59.9,89.4,23.2));
#1940 = LINE('',#1941,#1942);
#1941 = CARTESIAN_POINT('',(59.9,26.85,23.2));
#1942 = VECTOR('',#1943,1.);
#1943 = DIRECTION('',(0.,1.,0.));
#1944 = ORIENTED_EDGE('',*,*,#1945,.T.);
#1945 = EDGE_CURVE('',#1938,#1672,#1946,.T.);
#1946 = LINE('',#1947,#1948);
#1947 = CARTESIAN_POINT('',(59.9,89.4,23.1));
#1948 = VECTOR('',#1949,1.);
#1949 = DIRECTION('',(0.,0.,1.));
#1950 = ORIENTED_EDGE('',*,*,#1679,.F.);
#1951 = PLANE('',#1952);
#1952 = AXIS2_PLACEMENT_3D('',#1953,#1954,#1955);
#1953 = CARTESIAN_POINT('',(59.9,28.6,23.1));
#1954 = DIRECTION('',(1.,0.,0.));
#1955 = DIRECTION('',(0.,0.,1.));
#1956 = ADVANCED_FACE('',(#1957),#1975,.F.);
#1957 = FACE_BOUND('',#1958,.T.);
#1958 = EDGE_LOOP('',(#1959,#1960,#1961,#1969));
#1959 = ORIENTED_EDGE('',*,*,#1945,.T.);
#1960 = ORIENTED_EDGE('',*,*,#1671,.T.);
#1961 = ORIENTED_EDGE('',*,*,#1962,.F.);
#1962 = EDGE_CURVE('',#1963,#1664,#1965,.T.);
#1963 = VERTEX_POINT('',#1964);
#1964 = CARTESIAN_POINT('',(19.1,89.4,23.2));
#1965 = LINE('',#1966,#1967);
#1966 = CARTESIAN_POINT('',(19.1,89.4,23.1));
#1967 = VECTOR('',#1968,1.);
#1968 = DIRECTION('',(0.,0.,1.));
#1969 = ORIENTED_EDGE('',*,*,#1970,.F.);
#1970 = EDGE_CURVE('',#1938,#1963,#1971,.T.);
#1971 = LINE('',#1972,#1973);
#1972 = CARTESIAN_POINT('',(18.6,89.4,23.2));
#1973 = VECTOR('',#1974,1.);
#1974 = DIRECTION('',(-1.,0.,0.));
#1975 = PLANE('',#1976);
#1976 = AXIS2_PLACEMENT_3D('',#1977,#1978,#1979);
#1977 = CARTESIAN_POINT('',(19.1,89.4,23.1));
#1978 = DIRECTION('',(0.,1.,0.));
#1979 = DIRECTION('',(0.,0.,1.));
#1980 = ADVANCED_FACE('',(#1981),#1992,.T.);
#1981 = FACE_BOUND('',#1982,.T.);
#1982 = EDGE_LOOP('',(#1983,#1984,#1990,#1991));
#1983 = ORIENTED_EDGE('',*,*,#1921,.F.);
#1984 = ORIENTED_EDGE('',*,*,#1985,.T.);
#1985 = EDGE_CURVE('',#1914,#1963,#1986,.T.);
#1986 = LINE('',#1987,#1988);
#1987 = CARTESIAN_POINT('',(19.1,26.85,23.2));
#1988 = VECTOR('',#1989,1.);
#1989 = DIRECTION('',(0.,1.,0.));
#1990 = ORIENTED_EDGE('',*,*,#1962,.T.);
#1991 = ORIENTED_EDGE('',*,*,#1663,.F.);
#1992 = PLANE('',#1993);
#1993 = AXIS2_PLACEMENT_3D('',#1994,#1995,#1996);
#1994 = CARTESIAN_POINT('',(19.1,28.6,23.1));
#1995 = DIRECTION('',(1.,0.,0.));
#1996 = DIRECTION('',(0.,0.,1.));
#1997 = ADVANCED_FACE('',(#1998),#2025,.T.);
#1998 = FACE_BOUND('',#1999,.T.);
#1999 = EDGE_LOOP('',(#2000,#2008,#2016,#2022,#2023,#2024));
#2000 = ORIENTED_EDGE('',*,*,#2001,.F.);
#2001 = EDGE_CURVE('',#2002,#1800,#2004,.T.);
#2002 = VERTEX_POINT('',#2003);
#2003 = CARTESIAN_POINT('',(50.3,127.4,5.2));
#2004 = LINE('',#2005,#2006);
#2005 = CARTESIAN_POINT('',(50.3,127.4,5.2));
#2006 = VECTOR('',#2007,1.);
#2007 = DIRECTION('',(0.,0.,1.));
#2008 = ORIENTED_EDGE('',*,*,#2009,.T.);
#2009 = EDGE_CURVE('',#2002,#2010,#2012,.T.);
#2010 = VERTEX_POINT('',#2011);
#2011 = CARTESIAN_POINT('',(50.3,136.5,5.2));
#2012 = LINE('',#2013,#2014);
#2013 = CARTESIAN_POINT('',(50.3,127.4,5.2));
#2014 = VECTOR('',#2015,1.);
#2015 = DIRECTION('',(0.,1.,0.));
#2016 = ORIENTED_EDGE('',*,*,#2017,.T.);
#2017 = EDGE_CURVE('',#2010,#1749,#2018,.T.);
#2018 = LINE('',#2019,#2020);
#2019 = CARTESIAN_POINT('',(50.3,136.5,5.2));
#2020 = VECTOR('',#2021,1.);
#2021 = DIRECTION('',(0.,0.,1.));
#2022 = ORIENTED_EDGE('',*,*,#1748,.F.);
#2023 = ORIENTED_EDGE('',*,*,#1830,.F.);
#2024 = ORIENTED_EDGE('',*,*,#1807,.F.);
#2025 = PLANE('',#2026);
#2026 = AXIS2_PLACEMENT_3D('',#2027,#2028,#2029);
#2027 = CARTESIAN_POINT('',(50.3,132.06036789297,15.489632107023));
#2028 = DIRECTION('',(1.,0.,0.));
#2029 = DIRECTION('',(0.,0.,1.));
#2030 = ADVANCED_FACE('',(#2031),#2065,.T.);
#2031 = FACE_BOUND('',#2032,.T.);
#2032 = EDGE_LOOP('',(#2033,#2034,#2042,#2050,#2058,#2064));
#2033 = ORIENTED_EDGE('',*,*,#2017,.F.);
#2034 = ORIENTED_EDGE('',*,*,#2035,.T.);
#2035 = EDGE_CURVE('',#2010,#2036,#2038,.T.);
#2036 = VERTEX_POINT('',#2037);
#2037 = CARTESIAN_POINT('',(60.6,136.5,5.2));
#2038 = LINE('',#2039,#2040);
#2039 = CARTESIAN_POINT('',(46.3,136.5,5.2));
#2040 = VECTOR('',#2041,1.);
#2041 = DIRECTION('',(1.,0.,0.));
#2042 = ORIENTED_EDGE('',*,*,#2043,.F.);
#2043 = EDGE_CURVE('',#2044,#2036,#2046,.T.);
#2044 = VERTEX_POINT('',#2045);
#2045 = CARTESIAN_POINT('',(60.6,136.5,2.2));
#2046 = LINE('',#2047,#2048);
#2047 = CARTESIAN_POINT('',(60.6,136.5,2.2));
#2048 = VECTOR('',#2049,1.);
#2049 = DIRECTION('',(0.,0.,1.));
#2050 = ORIENTED_EDGE('',*,*,#2051,.F.);
#2051 = EDGE_CURVE('',#2052,#2044,#2054,.T.);
#2052 = VERTEX_POINT('',#2053);
#2053 = CARTESIAN_POINT('',(46.3,136.5,2.2));
#2054 = LINE('',#2055,#2056);
#2055 = CARTESIAN_POINT('',(46.3,136.5,2.2));
#2056 = VECTOR('',#2057,1.);
#2057 = DIRECTION('',(1.,0.,0.));
#2058 = ORIENTED_EDGE('',*,*,#2059,.T.);
#2059 = EDGE_CURVE('',#2052,#1757,#2060,.T.);
#2060 = LINE('',#2061,#2062);
#2061 = CARTESIAN_POINT('',(46.3,136.5,2.2));
#2062 = VECTOR('',#2063,1.);
#2063 = DIRECTION('',(0.,0.,1.));
#2064 = ORIENTED_EDGE('',*,*,#1756,.T.);
#2065 = PLANE('',#2066);
#2066 = AXIS2_PLACEMENT_3D('',#2067,#2068,#2069);
#2067 = CARTESIAN_POINT('',(50.63845144357,136.5,11.28845144357));
#2068 = DIRECTION('',(0.,1.,0.));
#2069 = DIRECTION('',(0.,0.,1.));
#2070 = ADVANCED_FACE('',(#2071),#2090,.T.);
#2071 = FACE_BOUND('',#2072,.T.);
#2072 = EDGE_LOOP('',(#2073,#2074,#2075,#2076,#2084));
#2073 = ORIENTED_EDGE('',*,*,#1890,.T.);
#2074 = ORIENTED_EDGE('',*,*,#1764,.T.);
#2075 = ORIENTED_EDGE('',*,*,#2059,.F.);
#2076 = ORIENTED_EDGE('',*,*,#2077,.F.);
#2077 = EDGE_CURVE('',#2078,#2052,#2080,.T.);
#2078 = VERTEX_POINT('',#2079);
#2079 = CARTESIAN_POINT('',(46.3,127.4,2.2));
#2080 = LINE('',#2081,#2082);
#2081 = CARTESIAN_POINT('',(46.3,127.4,2.2));
#2082 = VECTOR('',#2083,1.);
#2083 = DIRECTION('',(0.,1.,0.));
#2084 = ORIENTED_EDGE('',*,*,#2085,.T.);
#2085 = EDGE_CURVE('',#2078,#1792,#2086,.T.);
#2086 = LINE('',#2087,#2088);
#2087 = CARTESIAN_POINT('',(46.3,127.4,5.2));
#2088 = VECTOR('',#2089,1.);
#2089 = DIRECTION('',(0.,0.,1.));
#2090 = PLANE('',#2091);
#2091 = AXIS2_PLACEMENT_3D('',#2092,#2093,#2094);
#2092 = CARTESIAN_POINT('',(46.3,131.95,14.1));
#2093 = DIRECTION('',(-1.,-0.,-0.));
#2094 = DIRECTION('',(0.,0.,-1.));
#2095 = ADVANCED_FACE('',(#2096),#2155,.T.);
#2096 = FACE_BOUND('',#2097,.T.);
#2097 = EDGE_LOOP('',(#2098,#2106,#2107,#2108,#2109,#2117,#2125,#2133,
    #2141,#2149));
#2098 = ORIENTED_EDGE('',*,*,#2099,.F.);
#2099 = EDGE_CURVE('',#2002,#2100,#2102,.T.);
#2100 = VERTEX_POINT('',#2101);
#2101 = CARTESIAN_POINT('',(60.6,127.4,5.2));
#2102 = LINE('',#2103,#2104);
#2103 = CARTESIAN_POINT('',(46.3,127.4,5.2));
#2104 = VECTOR('',#2105,1.);
#2105 = DIRECTION('',(1.,0.,0.));
#2106 = ORIENTED_EDGE('',*,*,#2001,.T.);
#2107 = ORIENTED_EDGE('',*,*,#1799,.T.);
#2108 = ORIENTED_EDGE('',*,*,#2085,.F.);
#2109 = ORIENTED_EDGE('',*,*,#2110,.T.);
#2110 = EDGE_CURVE('',#2078,#2111,#2113,.T.);
#2111 = VERTEX_POINT('',#2112);
#2112 = CARTESIAN_POINT('',(59.470849737783,127.4,2.2));
#2113 = LINE('',#2114,#2115);
#2114 = CARTESIAN_POINT('',(46.3,127.4,2.2));
#2115 = VECTOR('',#2116,1.);
#2116 = DIRECTION('',(1.,0.,0.));
#2117 = ORIENTED_EDGE('',*,*,#2118,.T.);
#2118 = EDGE_CURVE('',#2111,#2119,#2121,.T.);
#2119 = VERTEX_POINT('',#2120);
#2120 = CARTESIAN_POINT('',(59.470849737787,127.4,5.));
#2121 = LINE('',#2122,#2123);
#2122 = CARTESIAN_POINT('',(59.470849737787,127.4,2.1));
#2123 = VECTOR('',#2124,1.);
#2124 = DIRECTION('',(0.,0.,1.));
#2125 = ORIENTED_EDGE('',*,*,#2126,.F.);
#2126 = EDGE_CURVE('',#2127,#2119,#2129,.T.);
#2127 = VERTEX_POINT('',#2128);
#2128 = CARTESIAN_POINT('',(60.529150262213,127.4,5.));
#2129 = LINE('',#2130,#2131);
#2130 = CARTESIAN_POINT('',(55.53777258567,127.4,5.));
#2131 = VECTOR('',#2132,1.);
#2132 = DIRECTION('',(-1.,0.,0.));
#2133 = ORIENTED_EDGE('',*,*,#2134,.F.);
#2134 = EDGE_CURVE('',#2135,#2127,#2137,.T.);
#2135 = VERTEX_POINT('',#2136);
#2136 = CARTESIAN_POINT('',(60.529150262217,127.4,2.2));
#2137 = LINE('',#2138,#2139);
#2138 = CARTESIAN_POINT('',(60.529150262213,127.4,2.1));
#2139 = VECTOR('',#2140,1.);
#2140 = DIRECTION('',(0.,0.,1.));
#2141 = ORIENTED_EDGE('',*,*,#2142,.T.);
#2142 = EDGE_CURVE('',#2135,#2143,#2145,.T.);
#2143 = VERTEX_POINT('',#2144);
#2144 = CARTESIAN_POINT('',(60.6,127.4,2.2));
#2145 = LINE('',#2146,#2147);
#2146 = CARTESIAN_POINT('',(46.3,127.4,2.2));
#2147 = VECTOR('',#2148,1.);
#2148 = DIRECTION('',(1.,0.,0.));
#2149 = ORIENTED_EDGE('',*,*,#2150,.T.);
#2150 = EDGE_CURVE('',#2143,#2100,#2151,.T.);
#2151 = LINE('',#2152,#2153);
#2152 = CARTESIAN_POINT('',(60.6,127.4,2.2));
#2153 = VECTOR('',#2154,1.);
#2154 = DIRECTION('',(0.,0.,1.));
#2155 = PLANE('',#2156);
#2156 = AXIS2_PLACEMENT_3D('',#2157,#2158,#2159);
#2157 = CARTESIAN_POINT('',(51.07554517134,127.4,8.72554517134));
#2158 = DIRECTION('',(-0.,-1.,-0.));
#2159 = DIRECTION('',(0.,0.,-1.));
#2160 = ADVANCED_FACE('',(#2161,#2167,#2178,#2189,#2200),#2211,.T.);
#2161 = FACE_BOUND('',#2162,.T.);
#2162 = EDGE_LOOP('',(#2163,#2164,#2165,#2166));
#2163 = ORIENTED_EDGE('',*,*,#1913,.F.);
#2164 = ORIENTED_EDGE('',*,*,#1937,.T.);
#2165 = ORIENTED_EDGE('',*,*,#1970,.T.);
#2166 = ORIENTED_EDGE('',*,*,#1985,.F.);
#2167 = FACE_BOUND('',#2168,.T.);
#2168 = EDGE_LOOP('',(#2169));
#2169 = ORIENTED_EDGE('',*,*,#2170,.F.);
#2170 = EDGE_CURVE('',#2171,#2171,#2173,.T.);
#2171 = VERTEX_POINT('',#2172);
#2172 = CARTESIAN_POINT('',(25.25,31.875,23.2));
#2173 = CIRCLE('',#2174,3.);
#2174 = AXIS2_PLACEMENT_3D('',#2175,#2176,#2177);
#2175 = CARTESIAN_POINT('',(22.25,31.875,23.2));
#2176 = DIRECTION('',(0.,0.,1.));
#2177 = DIRECTION('',(1.,0.,0.));
#2178 = FACE_BOUND('',#2179,.T.);
#2179 = EDGE_LOOP('',(#2180));
#2180 = ORIENTED_EDGE('',*,*,#2181,.F.);
#2181 = EDGE_CURVE('',#2182,#2182,#2184,.T.);
#2182 = VERTEX_POINT('',#2183);
#2183 = CARTESIAN_POINT('',(59.75,31.875,23.2));
#2184 = CIRCLE('',#2185,3.);
#2185 = AXIS2_PLACEMENT_3D('',#2186,#2187,#2188);
#2186 = CARTESIAN_POINT('',(56.75,31.875,23.2));
#2187 = DIRECTION('',(0.,0.,1.));
#2188 = DIRECTION('',(1.,0.,0.));
#2189 = FACE_BOUND('',#2190,.T.);
#2190 = EDGE_LOOP('',(#2191));
#2191 = ORIENTED_EDGE('',*,*,#2192,.F.);
#2192 = EDGE_CURVE('',#2193,#2193,#2195,.T.);
#2193 = VERTEX_POINT('',#2194);
#2194 = CARTESIAN_POINT('',(25.25,86.125,23.2));
#2195 = CIRCLE('',#2196,3.);
#2196 = AXIS2_PLACEMENT_3D('',#2197,#2198,#2199);
#2197 = CARTESIAN_POINT('',(22.25,86.125,23.2));
#2198 = DIRECTION('',(0.,0.,1.));
#2199 = DIRECTION('',(1.,0.,0.));
#2200 = FACE_BOUND('',#2201,.T.);
#2201 = EDGE_LOOP('',(#2202));
#2202 = ORIENTED_EDGE('',*,*,#2203,.F.);
#2203 = EDGE_CURVE('',#2204,#2204,#2206,.T.);
#2204 = VERTEX_POINT('',#2205);
#2205 = CARTESIAN_POINT('',(59.75,86.125,23.2));
#2206 = CIRCLE('',#2207,3.);
#2207 = AXIS2_PLACEMENT_3D('',#2208,#2209,#2210);
#2208 = CARTESIAN_POINT('',(56.75,86.125,23.2));
#2209 = DIRECTION('',(0.,0.,1.));
#2210 = DIRECTION('',(1.,0.,0.));
#2211 = PLANE('',#2212);
#2212 = AXIS2_PLACEMENT_3D('',#2213,#2214,#2215);
#2213 = CARTESIAN_POINT('',(18.1,25.1,23.2));
#2214 = DIRECTION('',(0.,0.,1.));
#2215 = DIRECTION('',(1.,0.,0.));
#2216 = ADVANCED_FACE('',(#2217,#2228),#2239,.T.);
#2217 = FACE_BOUND('',#2218,.T.);
#2218 = EDGE_LOOP('',(#2219,#2220,#2221,#2227));
#2219 = ORIENTED_EDGE('',*,*,#2009,.F.);
#2220 = ORIENTED_EDGE('',*,*,#2099,.T.);
#2221 = ORIENTED_EDGE('',*,*,#2222,.T.);
#2222 = EDGE_CURVE('',#2100,#2036,#2223,.T.);
#2223 = LINE('',#2224,#2225);
#2224 = CARTESIAN_POINT('',(60.6,127.4,5.2));
#2225 = VECTOR('',#2226,1.);
#2226 = DIRECTION('',(0.,1.,0.));
#2227 = ORIENTED_EDGE('',*,*,#2035,.F.);
#2228 = FACE_BOUND('',#2229,.T.);
#2229 = EDGE_LOOP('',(#2230));
#2230 = ORIENTED_EDGE('',*,*,#2231,.F.);
#2231 = EDGE_CURVE('',#2232,#2232,#2234,.T.);
#2232 = VERTEX_POINT('',#2233);
#2233 = CARTESIAN_POINT('',(54.6,130.5,5.2));
#2234 = CIRCLE('',#2235,1.1);
#2235 = AXIS2_PLACEMENT_3D('',#2236,#2237,#2238);
#2236 = CARTESIAN_POINT('',(53.5,130.5,5.2));
#2237 = DIRECTION('',(0.,0.,1.));
#2238 = DIRECTION('',(1.,0.,0.));
#2239 = PLANE('',#2240);
#2240 = AXIS2_PLACEMENT_3D('',#2241,#2242,#2243);
#2241 = CARTESIAN_POINT('',(46.3,127.4,5.2));
#2242 = DIRECTION('',(0.,0.,1.));
#2243 = DIRECTION('',(1.,0.,0.));
#2244 = ADVANCED_FACE('',(#2245),#2288,.T.);
#2245 = FACE_BOUND('',#2246,.T.);
#2246 = EDGE_LOOP('',(#2247,#2248,#2249,#2257,#2265,#2273,#2281,#2287));
#2247 = ORIENTED_EDGE('',*,*,#2222,.F.);
#2248 = ORIENTED_EDGE('',*,*,#2150,.F.);
#2249 = ORIENTED_EDGE('',*,*,#2250,.T.);
#2250 = EDGE_CURVE('',#2143,#2251,#2253,.T.);
#2251 = VERTEX_POINT('',#2252);
#2252 = CARTESIAN_POINT('',(60.6,127.47084973778,2.2));
#2253 = LINE('',#2254,#2255);
#2254 = CARTESIAN_POINT('',(60.6,127.4,2.2));
#2255 = VECTOR('',#2256,1.);
#2256 = DIRECTION('',(0.,1.,0.));
#2257 = ORIENTED_EDGE('',*,*,#2258,.T.);
#2258 = EDGE_CURVE('',#2251,#2259,#2261,.T.);
#2259 = VERTEX_POINT('',#2260);
#2260 = CARTESIAN_POINT('',(60.6,127.47084973778,5.));
#2261 = LINE('',#2262,#2263);
#2262 = CARTESIAN_POINT('',(60.6,127.47084973778,2.1));
#2263 = VECTOR('',#2264,1.);
#2264 = DIRECTION('',(0.,0.,1.));
#2265 = ORIENTED_EDGE('',*,*,#2266,.F.);
#2266 = EDGE_CURVE('',#2267,#2259,#2269,.T.);
#2267 = VERTEX_POINT('',#2268);
#2268 = CARTESIAN_POINT('',(60.6,128.52915026221,5.));
#2269 = LINE('',#2270,#2271);
#2270 = CARTESIAN_POINT('',(60.6,127.7,5.));
#2271 = VECTOR('',#2272,1.);
#2272 = DIRECTION('',(0.,-1.,0.));
#2273 = ORIENTED_EDGE('',*,*,#2274,.F.);
#2274 = EDGE_CURVE('',#2275,#2267,#2277,.T.);
#2275 = VERTEX_POINT('',#2276);
#2276 = CARTESIAN_POINT('',(60.6,128.52915026221,2.2));
#2277 = LINE('',#2278,#2279);
#2278 = CARTESIAN_POINT('',(60.6,128.52915026221,2.1));
#2279 = VECTOR('',#2280,1.);
#2280 = DIRECTION('',(0.,0.,1.));
#2281 = ORIENTED_EDGE('',*,*,#2282,.T.);
#2282 = EDGE_CURVE('',#2275,#2044,#2283,.T.);
#2283 = LINE('',#2284,#2285);
#2284 = CARTESIAN_POINT('',(60.6,127.4,2.2));
#2285 = VECTOR('',#2286,1.);
#2286 = DIRECTION('',(0.,1.,0.));
#2287 = ORIENTED_EDGE('',*,*,#2043,.T.);
#2288 = PLANE('',#2289);
#2289 = AXIS2_PLACEMENT_3D('',#2290,#2291,#2292);
#2290 = CARTESIAN_POINT('',(60.6,127.4,2.2));
#2291 = DIRECTION('',(1.,0.,0.));
#2292 = DIRECTION('',(0.,0.,1.));
#2293 = ADVANCED_FACE('',(#2294,#2307),#2318,.F.);
#2294 = FACE_BOUND('',#2295,.F.);
#2295 = EDGE_LOOP('',(#2296,#2297,#2298,#2299,#2306));
#2296 = ORIENTED_EDGE('',*,*,#2051,.F.);
#2297 = ORIENTED_EDGE('',*,*,#2077,.F.);
#2298 = ORIENTED_EDGE('',*,*,#2110,.T.);
#2299 = ORIENTED_EDGE('',*,*,#2300,.F.);
#2300 = EDGE_CURVE('',#2275,#2111,#2301,.T.);
#2301 = CIRCLE('',#2302,0.8);
#2302 = AXIS2_PLACEMENT_3D('',#2303,#2304,#2305);
#2303 = CARTESIAN_POINT('',(60.,128.,2.2));
#2304 = DIRECTION('',(0.,0.,1.));
#2305 = DIRECTION('',(1.,0.,0.));
#2306 = ORIENTED_EDGE('',*,*,#2282,.T.);
#2307 = FACE_BOUND('',#2308,.F.);
#2308 = EDGE_LOOP('',(#2309));
#2309 = ORIENTED_EDGE('',*,*,#2310,.F.);
#2310 = EDGE_CURVE('',#2311,#2311,#2313,.T.);
#2311 = VERTEX_POINT('',#2312);
#2312 = CARTESIAN_POINT('',(54.6,130.5,2.2));
#2313 = CIRCLE('',#2314,1.1);
#2314 = AXIS2_PLACEMENT_3D('',#2315,#2316,#2317);
#2315 = CARTESIAN_POINT('',(53.5,130.5,2.2));
#2316 = DIRECTION('',(0.,0.,1.));
#2317 = DIRECTION('',(1.,0.,0.));
#2318 = PLANE('',#2319);
#2319 = AXIS2_PLACEMENT_3D('',#2320,#2321,#2322);
#2320 = CARTESIAN_POINT('',(46.3,127.4,2.2));
#2321 = DIRECTION('',(0.,0.,1.));
#2322 = DIRECTION('',(1.,0.,0.));
#2323 = ADVANCED_FACE('',(#2324),#2335,.F.);
#2324 = FACE_BOUND('',#2325,.F.);
#2325 = EDGE_LOOP('',(#2326,#2333,#2334));
#2326 = ORIENTED_EDGE('',*,*,#2327,.F.);
#2327 = EDGE_CURVE('',#2135,#2251,#2328,.T.);
#2328 = CIRCLE('',#2329,0.8);
#2329 = AXIS2_PLACEMENT_3D('',#2330,#2331,#2332);
#2330 = CARTESIAN_POINT('',(60.,128.,2.2));
#2331 = DIRECTION('',(0.,0.,1.));
#2332 = DIRECTION('',(1.,0.,0.));
#2333 = ORIENTED_EDGE('',*,*,#2142,.T.);
#2334 = ORIENTED_EDGE('',*,*,#2250,.T.);
#2335 = PLANE('',#2336);
#2336 = AXIS2_PLACEMENT_3D('',#2337,#2338,#2339);
#2337 = CARTESIAN_POINT('',(46.3,127.4,2.2));
#2338 = DIRECTION('',(0.,0.,1.));
#2339 = DIRECTION('',(1.,0.,0.));
#2340 = ADVANCED_FACE('',(#2341),#2353,.F.);
#2341 = FACE_BOUND('',#2342,.F.);
#2342 = EDGE_LOOP('',(#2343,#2344,#2351,#2352));
#2343 = ORIENTED_EDGE('',*,*,#2258,.T.);
#2344 = ORIENTED_EDGE('',*,*,#2345,.F.);
#2345 = EDGE_CURVE('',#2127,#2259,#2346,.T.);
#2346 = CIRCLE('',#2347,0.8);
#2347 = AXIS2_PLACEMENT_3D('',#2348,#2349,#2350);
#2348 = CARTESIAN_POINT('',(60.,128.,5.));
#2349 = DIRECTION('',(0.,0.,1.));
#2350 = DIRECTION('',(1.,0.,0.));
#2351 = ORIENTED_EDGE('',*,*,#2134,.F.);
#2352 = ORIENTED_EDGE('',*,*,#2327,.T.);
#2353 = CYLINDRICAL_SURFACE('',#2354,0.8);
#2354 = AXIS2_PLACEMENT_3D('',#2355,#2356,#2357);
#2355 = CARTESIAN_POINT('',(60.,128.,2.1));
#2356 = DIRECTION('',(0.,0.,1.));
#2357 = DIRECTION('',(1.,0.,0.));
#2358 = ADVANCED_FACE('',(#2359),#2371,.F.);
#2359 = FACE_BOUND('',#2360,.F.);
#2360 = EDGE_LOOP('',(#2361,#2362,#2369,#2370));
#2361 = ORIENTED_EDGE('',*,*,#2266,.F.);
#2362 = ORIENTED_EDGE('',*,*,#2363,.T.);
#2363 = EDGE_CURVE('',#2267,#2119,#2364,.T.);
#2364 = CIRCLE('',#2365,0.8);
#2365 = AXIS2_PLACEMENT_3D('',#2366,#2367,#2368);
#2366 = CARTESIAN_POINT('',(60.,128.,5.));
#2367 = DIRECTION('',(0.,0.,1.));
#2368 = DIRECTION('',(1.,0.,0.));
#2369 = ORIENTED_EDGE('',*,*,#2126,.F.);
#2370 = ORIENTED_EDGE('',*,*,#2345,.T.);
#2371 = PLANE('',#2372);
#2372 = AXIS2_PLACEMENT_3D('',#2373,#2374,#2375);
#2373 = CARTESIAN_POINT('',(60.,128.,5.));
#2374 = DIRECTION('',(0.,0.,1.));
#2375 = DIRECTION('',(1.,0.,0.));
#2376 = ADVANCED_FACE('',(#2377),#2383,.F.);
#2377 = FACE_BOUND('',#2378,.F.);
#2378 = EDGE_LOOP('',(#2379,#2380,#2381,#2382));
#2379 = ORIENTED_EDGE('',*,*,#2363,.F.);
#2380 = ORIENTED_EDGE('',*,*,#2274,.F.);
#2381 = ORIENTED_EDGE('',*,*,#2300,.T.);
#2382 = ORIENTED_EDGE('',*,*,#2118,.T.);
#2383 = CYLINDRICAL_SURFACE('',#2384,0.8);
#2384 = AXIS2_PLACEMENT_3D('',#2385,#2386,#2387);
#2385 = CARTESIAN_POINT('',(60.,128.,2.1));
#2386 = DIRECTION('',(0.,0.,1.));
#2387 = DIRECTION('',(1.,0.,0.));
#2388 = ADVANCED_FACE('',(#2389),#2408,.T.);
#2389 = FACE_BOUND('',#2390,.T.);
#2390 = EDGE_LOOP('',(#2391,#2400,#2406,#2407));
#2391 = ORIENTED_EDGE('',*,*,#2392,.F.);
#2392 = EDGE_CURVE('',#2393,#2393,#2395,.T.);
#2393 = VERTEX_POINT('',#2394);
#2394 = CARTESIAN_POINT('',(25.25,31.875,30.2));
#2395 = CIRCLE('',#2396,3.);
#2396 = AXIS2_PLACEMENT_3D('',#2397,#2398,#2399);
#2397 = CARTESIAN_POINT('',(22.25,31.875,30.2));
#2398 = DIRECTION('',(0.,0.,1.));
#2399 = DIRECTION('',(1.,0.,0.));
#2400 = ORIENTED_EDGE('',*,*,#2401,.F.);
#2401 = EDGE_CURVE('',#2171,#2393,#2402,.T.);
#2402 = LINE('',#2403,#2404);
#2403 = CARTESIAN_POINT('',(25.25,31.875,23.2));
#2404 = VECTOR('',#2405,1.);
#2405 = DIRECTION('',(0.,0.,1.));
#2406 = ORIENTED_EDGE('',*,*,#2170,.T.);
#2407 = ORIENTED_EDGE('',*,*,#2401,.T.);
#2408 = CYLINDRICAL_SURFACE('',#2409,3.);
#2409 = AXIS2_PLACEMENT_3D('',#2410,#2411,#2412);
#2410 = CARTESIAN_POINT('',(22.25,31.875,23.2));
#2411 = DIRECTION('',(0.,0.,1.));
#2412 = DIRECTION('',(1.,0.,0.));
#2413 = ADVANCED_FACE('',(#2414),#2433,.T.);
#2414 = FACE_BOUND('',#2415,.T.);
#2415 = EDGE_LOOP('',(#2416,#2425,#2431,#2432));
#2416 = ORIENTED_EDGE('',*,*,#2417,.F.);
#2417 = EDGE_CURVE('',#2418,#2418,#2420,.T.);
#2418 = VERTEX_POINT('',#2419);
#2419 = CARTESIAN_POINT('',(59.75,31.875,30.2));
#2420 = CIRCLE('',#2421,3.);
#2421 = AXIS2_PLACEMENT_3D('',#2422,#2423,#2424);
#2422 = CARTESIAN_POINT('',(56.75,31.875,30.2));
#2423 = DIRECTION('',(0.,0.,1.));
#2424 = DIRECTION('',(1.,0.,0.));
#2425 = ORIENTED_EDGE('',*,*,#2426,.F.);
#2426 = EDGE_CURVE('',#2182,#2418,#2427,.T.);
#2427 = LINE('',#2428,#2429);
#2428 = CARTESIAN_POINT('',(59.75,31.875,23.2));
#2429 = VECTOR('',#2430,1.);
#2430 = DIRECTION('',(0.,0.,1.));
#2431 = ORIENTED_EDGE('',*,*,#2181,.T.);
#2432 = ORIENTED_EDGE('',*,*,#2426,.T.);
#2433 = CYLINDRICAL_SURFACE('',#2434,3.);
#2434 = AXIS2_PLACEMENT_3D('',#2435,#2436,#2437);
#2435 = CARTESIAN_POINT('',(56.75,31.875,23.2));
#2436 = DIRECTION('',(0.,0.,1.));
#2437 = DIRECTION('',(1.,0.,0.));
#2438 = ADVANCED_FACE('',(#2439),#2458,.T.);
#2439 = FACE_BOUND('',#2440,.T.);
#2440 = EDGE_LOOP('',(#2441,#2450,#2456,#2457));
#2441 = ORIENTED_EDGE('',*,*,#2442,.F.);
#2442 = EDGE_CURVE('',#2443,#2443,#2445,.T.);
#2443 = VERTEX_POINT('',#2444);
#2444 = CARTESIAN_POINT('',(25.25,86.125,30.2));
#2445 = CIRCLE('',#2446,3.);
#2446 = AXIS2_PLACEMENT_3D('',#2447,#2448,#2449);
#2447 = CARTESIAN_POINT('',(22.25,86.125,30.2));
#2448 = DIRECTION('',(0.,0.,1.));
#2449 = DIRECTION('',(1.,0.,0.));
#2450 = ORIENTED_EDGE('',*,*,#2451,.F.);
#2451 = EDGE_CURVE('',#2193,#2443,#2452,.T.);
#2452 = LINE('',#2453,#2454);
#2453 = CARTESIAN_POINT('',(25.25,86.125,23.2));
#2454 = VECTOR('',#2455,1.);
#2455 = DIRECTION('',(0.,0.,1.));
#2456 = ORIENTED_EDGE('',*,*,#2192,.T.);
#2457 = ORIENTED_EDGE('',*,*,#2451,.T.);
#2458 = CYLINDRICAL_SURFACE('',#2459,3.);
#2459 = AXIS2_PLACEMENT_3D('',#2460,#2461,#2462);
#2460 = CARTESIAN_POINT('',(22.25,86.125,23.2));
#2461 = DIRECTION('',(0.,0.,1.));
#2462 = DIRECTION('',(1.,0.,0.));
#2463 = ADVANCED_FACE('',(#2464),#2483,.T.);
#2464 = FACE_BOUND('',#2465,.T.);
#2465 = EDGE_LOOP('',(#2466,#2475,#2481,#2482));
#2466 = ORIENTED_EDGE('',*,*,#2467,.F.);
#2467 = EDGE_CURVE('',#2468,#2468,#2470,.T.);
#2468 = VERTEX_POINT('',#2469);
#2469 = CARTESIAN_POINT('',(59.75,86.125,30.2));
#2470 = CIRCLE('',#2471,3.);
#2471 = AXIS2_PLACEMENT_3D('',#2472,#2473,#2474);
#2472 = CARTESIAN_POINT('',(56.75,86.125,30.2));
#2473 = DIRECTION('',(0.,0.,1.));
#2474 = DIRECTION('',(1.,0.,0.));
#2475 = ORIENTED_EDGE('',*,*,#2476,.F.);
#2476 = EDGE_CURVE('',#2204,#2468,#2477,.T.);
#2477 = LINE('',#2478,#2479);
#2478 = CARTESIAN_POINT('',(59.75,86.125,23.2));
#2479 = VECTOR('',#2480,1.);
#2480 = DIRECTION('',(0.,0.,1.));
#2481 = ORIENTED_EDGE('',*,*,#2203,.T.);
#2482 = ORIENTED_EDGE('',*,*,#2476,.T.);
#2483 = CYLINDRICAL_SURFACE('',#2484,3.);
#2484 = AXIS2_PLACEMENT_3D('',#2485,#2486,#2487);
#2485 = CARTESIAN_POINT('',(56.75,86.125,23.2));
#2486 = DIRECTION('',(0.,0.,1.));
#2487 = DIRECTION('',(1.,0.,0.));
#2488 = ADVANCED_FACE('',(#2489),#2500,.F.);
#2489 = FACE_BOUND('',#2490,.F.);
#2490 = EDGE_LOOP('',(#2491,#2492,#2498,#2499));
#2491 = ORIENTED_EDGE('',*,*,#2231,.F.);
#2492 = ORIENTED_EDGE('',*,*,#2493,.F.);
#2493 = EDGE_CURVE('',#2311,#2232,#2494,.T.);
#2494 = LINE('',#2495,#2496);
#2495 = CARTESIAN_POINT('',(54.6,130.5,2.1));
#2496 = VECTOR('',#2497,1.);
#2497 = DIRECTION('',(0.,0.,1.));
#2498 = ORIENTED_EDGE('',*,*,#2310,.T.);
#2499 = ORIENTED_EDGE('',*,*,#2493,.T.);
#2500 = CYLINDRICAL_SURFACE('',#2501,1.1);
#2501 = AXIS2_PLACEMENT_3D('',#2502,#2503,#2504);
#2502 = CARTESIAN_POINT('',(53.5,130.5,2.1));
#2503 = DIRECTION('',(0.,0.,1.));
#2504 = DIRECTION('',(1.,0.,0.));
#2505 = ADVANCED_FACE('',(#2506,#2509),#2520,.T.);
#2506 = FACE_BOUND('',#2507,.T.);
#2507 = EDGE_LOOP('',(#2508));
#2508 = ORIENTED_EDGE('',*,*,#2392,.T.);
#2509 = FACE_BOUND('',#2510,.T.);
#2510 = EDGE_LOOP('',(#2511));
#2511 = ORIENTED_EDGE('',*,*,#2512,.F.);
#2512 = EDGE_CURVE('',#2513,#2513,#2515,.T.);
#2513 = VERTEX_POINT('',#2514);
#2514 = CARTESIAN_POINT('',(23.05,31.875,30.2));
#2515 = CIRCLE('',#2516,0.8);
#2516 = AXIS2_PLACEMENT_3D('',#2517,#2518,#2519);
#2517 = CARTESIAN_POINT('',(22.25,31.875,30.2));
#2518 = DIRECTION('',(0.,0.,1.));
#2519 = DIRECTION('',(1.,0.,0.));
#2520 = PLANE('',#2521);
#2521 = AXIS2_PLACEMENT_3D('',#2522,#2523,#2524);
#2522 = CARTESIAN_POINT('',(22.25,31.875,30.2));
#2523 = DIRECTION('',(0.,0.,1.));
#2524 = DIRECTION('',(1.,0.,0.));
#2525 = ADVANCED_FACE('',(#2526,#2529),#2540,.T.);
#2526 = FACE_BOUND('',#2527,.T.);
#2527 = EDGE_LOOP('',(#2528));
#2528 = ORIENTED_EDGE('',*,*,#2417,.T.);
#2529 = FACE_BOUND('',#2530,.T.);
#2530 = EDGE_LOOP('',(#2531));
#2531 = ORIENTED_EDGE('',*,*,#2532,.F.);
#2532 = EDGE_CURVE('',#2533,#2533,#2535,.T.);
#2533 = VERTEX_POINT('',#2534);
#2534 = CARTESIAN_POINT('',(57.55,31.875,30.2));
#2535 = CIRCLE('',#2536,0.8);
#2536 = AXIS2_PLACEMENT_3D('',#2537,#2538,#2539);
#2537 = CARTESIAN_POINT('',(56.75,31.875,30.2));
#2538 = DIRECTION('',(0.,0.,1.));
#2539 = DIRECTION('',(1.,0.,0.));
#2540 = PLANE('',#2541);
#2541 = AXIS2_PLACEMENT_3D('',#2542,#2543,#2544);
#2542 = CARTESIAN_POINT('',(56.75,31.875,30.2));
#2543 = DIRECTION('',(0.,0.,1.));
#2544 = DIRECTION('',(1.,0.,0.));
#2545 = ADVANCED_FACE('',(#2546,#2549),#2560,.T.);
#2546 = FACE_BOUND('',#2547,.T.);
#2547 = EDGE_LOOP('',(#2548));
#2548 = ORIENTED_EDGE('',*,*,#2442,.T.);
#2549 = FACE_BOUND('',#2550,.T.);
#2550 = EDGE_LOOP('',(#2551));
#2551 = ORIENTED_EDGE('',*,*,#2552,.F.);
#2552 = EDGE_CURVE('',#2553,#2553,#2555,.T.);
#2553 = VERTEX_POINT('',#2554);
#2554 = CARTESIAN_POINT('',(23.05,86.125,30.2));
#2555 = CIRCLE('',#2556,0.8);
#2556 = AXIS2_PLACEMENT_3D('',#2557,#2558,#2559);
#2557 = CARTESIAN_POINT('',(22.25,86.125,30.2));
#2558 = DIRECTION('',(0.,0.,1.));
#2559 = DIRECTION('',(1.,0.,0.));
#2560 = PLANE('',#2561);
#2561 = AXIS2_PLACEMENT_3D('',#2562,#2563,#2564);
#2562 = CARTESIAN_POINT('',(22.25,86.125,30.2));
#2563 = DIRECTION('',(0.,0.,1.));
#2564 = DIRECTION('',(1.,0.,0.));
#2565 = ADVANCED_FACE('',(#2566,#2569),#2580,.T.);
#2566 = FACE_BOUND('',#2567,.T.);
#2567 = EDGE_LOOP('',(#2568));
#2568 = ORIENTED_EDGE('',*,*,#2467,.T.);
#2569 = FACE_BOUND('',#2570,.T.);
#2570 = EDGE_LOOP('',(#2571));
#2571 = ORIENTED_EDGE('',*,*,#2572,.F.);
#2572 = EDGE_CURVE('',#2573,#2573,#2575,.T.);
#2573 = VERTEX_POINT('',#2574);
#2574 = CARTESIAN_POINT('',(57.55,86.125,30.2));
#2575 = CIRCLE('',#2576,0.8);
#2576 = AXIS2_PLACEMENT_3D('',#2577,#2578,#2579);
#2577 = CARTESIAN_POINT('',(56.75,86.125,30.2));
#2578 = DIRECTION('',(0.,0.,1.));
#2579 = DIRECTION('',(1.,0.,0.));
#2580 = PLANE('',#2581);
#2581 = AXIS2_PLACEMENT_3D('',#2582,#2583,#2584);
#2582 = CARTESIAN_POINT('',(56.75,86.125,30.2));
#2583 = DIRECTION('',(0.,0.,1.));
#2584 = DIRECTION('',(1.,0.,0.));
#2585 = ADVANCED_FACE('',(#2586),#2605,.F.);
#2586 = FACE_BOUND('',#2587,.F.);
#2587 = EDGE_LOOP('',(#2588,#2589,#2597,#2604));
#2588 = ORIENTED_EDGE('',*,*,#2512,.F.);
#2589 = ORIENTED_EDGE('',*,*,#2590,.F.);
#2590 = EDGE_CURVE('',#2591,#2513,#2593,.T.);
#2591 = VERTEX_POINT('',#2592);
#2592 = CARTESIAN_POINT('',(23.05,31.875,24.7));
#2593 = LINE('',#2594,#2595);
#2594 = CARTESIAN_POINT('',(23.05,31.875,24.7));
#2595 = VECTOR('',#2596,1.);
#2596 = DIRECTION('',(0.,0.,1.));
#2597 = ORIENTED_EDGE('',*,*,#2598,.T.);
#2598 = EDGE_CURVE('',#2591,#2591,#2599,.T.);
#2599 = CIRCLE('',#2600,0.8);
#2600 = AXIS2_PLACEMENT_3D('',#2601,#2602,#2603);
#2601 = CARTESIAN_POINT('',(22.25,31.875,24.7));
#2602 = DIRECTION('',(0.,0.,1.));
#2603 = DIRECTION('',(1.,0.,0.));
#2604 = ORIENTED_EDGE('',*,*,#2590,.T.);
#2605 = CYLINDRICAL_SURFACE('',#2606,0.8);
#2606 = AXIS2_PLACEMENT_3D('',#2607,#2608,#2609);
#2607 = CARTESIAN_POINT('',(22.25,31.875,24.7));
#2608 = DIRECTION('',(0.,0.,1.));
#2609 = DIRECTION('',(1.,0.,0.));
#2610 = ADVANCED_FACE('',(#2611),#2630,.F.);
#2611 = FACE_BOUND('',#2612,.F.);
#2612 = EDGE_LOOP('',(#2613,#2614,#2622,#2629));
#2613 = ORIENTED_EDGE('',*,*,#2532,.F.);
#2614 = ORIENTED_EDGE('',*,*,#2615,.F.);
#2615 = EDGE_CURVE('',#2616,#2533,#2618,.T.);
#2616 = VERTEX_POINT('',#2617);
#2617 = CARTESIAN_POINT('',(57.55,31.875,24.7));
#2618 = LINE('',#2619,#2620);
#2619 = CARTESIAN_POINT('',(57.55,31.875,24.7));
#2620 = VECTOR('',#2621,1.);
#2621 = DIRECTION('',(0.,0.,1.));
#2622 = ORIENTED_EDGE('',*,*,#2623,.T.);
#2623 = EDGE_CURVE('',#2616,#2616,#2624,.T.);
#2624 = CIRCLE('',#2625,0.8);
#2625 = AXIS2_PLACEMENT_3D('',#2626,#2627,#2628);
#2626 = CARTESIAN_POINT('',(56.75,31.875,24.7));
#2627 = DIRECTION('',(0.,0.,1.));
#2628 = DIRECTION('',(1.,0.,0.));
#2629 = ORIENTED_EDGE('',*,*,#2615,.T.);
#2630 = CYLINDRICAL_SURFACE('',#2631,0.8);
#2631 = AXIS2_PLACEMENT_3D('',#2632,#2633,#2634);
#2632 = CARTESIAN_POINT('',(56.75,31.875,24.7));
#2633 = DIRECTION('',(0.,0.,1.));
#2634 = DIRECTION('',(1.,0.,0.));
#2635 = ADVANCED_FACE('',(#2636),#2655,.F.);
#2636 = FACE_BOUND('',#2637,.F.);
#2637 = EDGE_LOOP('',(#2638,#2639,#2647,#2654));
#2638 = ORIENTED_EDGE('',*,*,#2552,.F.);
#2639 = ORIENTED_EDGE('',*,*,#2640,.F.);
#2640 = EDGE_CURVE('',#2641,#2553,#2643,.T.);
#2641 = VERTEX_POINT('',#2642);
#2642 = CARTESIAN_POINT('',(23.05,86.125,24.7));
#2643 = LINE('',#2644,#2645);
#2644 = CARTESIAN_POINT('',(23.05,86.125,24.7));
#2645 = VECTOR('',#2646,1.);
#2646 = DIRECTION('',(0.,0.,1.));
#2647 = ORIENTED_EDGE('',*,*,#2648,.T.);
#2648 = EDGE_CURVE('',#2641,#2641,#2649,.T.);
#2649 = CIRCLE('',#2650,0.8);
#2650 = AXIS2_PLACEMENT_3D('',#2651,#2652,#2653);
#2651 = CARTESIAN_POINT('',(22.25,86.125,24.7));
#2652 = DIRECTION('',(0.,0.,1.));
#2653 = DIRECTION('',(1.,0.,0.));
#2654 = ORIENTED_EDGE('',*,*,#2640,.T.);
#2655 = CYLINDRICAL_SURFACE('',#2656,0.8);
#2656 = AXIS2_PLACEMENT_3D('',#2657,#2658,#2659);
#2657 = CARTESIAN_POINT('',(22.25,86.125,24.7));
#2658 = DIRECTION('',(0.,0.,1.));
#2659 = DIRECTION('',(1.,0.,0.));
#2660 = ADVANCED_FACE('',(#2661),#2680,.F.);
#2661 = FACE_BOUND('',#2662,.F.);
#2662 = EDGE_LOOP('',(#2663,#2664,#2672,#2679));
#2663 = ORIENTED_EDGE('',*,*,#2572,.F.);
#2664 = ORIENTED_EDGE('',*,*,#2665,.F.);
#2665 = EDGE_CURVE('',#2666,#2573,#2668,.T.);
#2666 = VERTEX_POINT('',#2667);
#2667 = CARTESIAN_POINT('',(57.55,86.125,24.7));
#2668 = LINE('',#2669,#2670);
#2669 = CARTESIAN_POINT('',(57.55,86.125,24.7));
#2670 = VECTOR('',#2671,1.);
#2671 = DIRECTION('',(0.,0.,1.));
#2672 = ORIENTED_EDGE('',*,*,#2673,.T.);
#2673 = EDGE_CURVE('',#2666,#2666,#2674,.T.);
#2674 = CIRCLE('',#2675,0.8);
#2675 = AXIS2_PLACEMENT_3D('',#2676,#2677,#2678);
#2676 = CARTESIAN_POINT('',(56.75,86.125,24.7));
#2677 = DIRECTION('',(0.,0.,1.));
#2678 = DIRECTION('',(1.,0.,0.));
#2679 = ORIENTED_EDGE('',*,*,#2665,.T.);
#2680 = CYLINDRICAL_SURFACE('',#2681,0.8);
#2681 = AXIS2_PLACEMENT_3D('',#2682,#2683,#2684);
#2682 = CARTESIAN_POINT('',(56.75,86.125,24.7));
#2683 = DIRECTION('',(0.,0.,1.));
#2684 = DIRECTION('',(1.,0.,0.));
#2685 = ADVANCED_FACE('',(#2686),#2689,.T.);
#2686 = FACE_BOUND('',#2687,.F.);
#2687 = EDGE_LOOP('',(#2688));
#2688 = ORIENTED_EDGE('',*,*,#2598,.F.);
#2689 = PLANE('',#2690);
#2690 = AXIS2_PLACEMENT_3D('',#2691,#2692,#2693);
#2691 = CARTESIAN_POINT('',(22.25,31.875,24.7));
#2692 = DIRECTION('',(0.,0.,1.));
#2693 = DIRECTION('',(1.,0.,0.));
#2694 = ADVANCED_FACE('',(#2695),#2698,.T.);
#2695 = FACE_BOUND('',#2696,.F.);
#2696 = EDGE_LOOP('',(#2697));
#2697 = ORIENTED_EDGE('',*,*,#2623,.F.);
#2698 = PLANE('',#2699);
#2699 = AXIS2_PLACEMENT_3D('',#2700,#2701,#2702);
#2700 = CARTESIAN_POINT('',(56.75,31.875,24.7));
#2701 = DIRECTION('',(0.,0.,1.));
#2702 = DIRECTION('',(1.,0.,0.));
#2703 = ADVANCED_FACE('',(#2704),#2707,.T.);
#2704 = FACE_BOUND('',#2705,.F.);
#2705 = EDGE_LOOP('',(#2706));
#2706 = ORIENTED_EDGE('',*,*,#2648,.F.);
#2707 = PLANE('',#2708);
#2708 = AXIS2_PLACEMENT_3D('',#2709,#2710,#2711);
#2709 = CARTESIAN_POINT('',(22.25,86.125,24.7));
#2710 = DIRECTION('',(0.,0.,1.));
#2711 = DIRECTION('',(1.,0.,0.));
#2712 = ADVANCED_FACE('',(#2713),#2716,.T.);
#2713 = FACE_BOUND('',#2714,.F.);
#2714 = EDGE_LOOP('',(#2715));
#2715 = ORIENTED_EDGE('',*,*,#2673,.F.);
#2716 = PLANE('',#2717);
#2717 = AXIS2_PLACEMENT_3D('',#2718,#2719,#2720);
#2718 = CARTESIAN_POINT('',(56.75,86.125,24.7));
#2719 = DIRECTION('',(0.,0.,1.));
#2720 = DIRECTION('',(1.,0.,0.));
#2721 = ADVANCED_FACE('',(#2722),#2730,.F.);
#2722 = FACE_BOUND('',#2723,.F.);
#2723 = EDGE_LOOP('',(#2724,#2725,#2726,#2727,#2728,#2729));
#2724 = ORIENTED_EDGE('',*,*,#315,.F.);
#2725 = ORIENTED_EDGE('',*,*,#185,.T.);
#2726 = ORIENTED_EDGE('',*,*,#176,.T.);
#2727 = ORIENTED_EDGE('',*,*,#63,.T.);
#2728 = ORIENTED_EDGE('',*,*,#239,.F.);
#2729 = ORIENTED_EDGE('',*,*,#228,.F.);
#2730 = CYLINDRICAL_SURFACE('',#2731,0.8);
#2731 = AXIS2_PLACEMENT_3D('',#2732,#2733,#2734);
#2732 = CARTESIAN_POINT('',(19.,128.,2.1));
#2733 = DIRECTION('',(0.,0.,1.));
#2734 = DIRECTION('',(1.,0.,0.));
#2735 = ( GEOMETRIC_REPRESENTATION_CONTEXT(3) 
GLOBAL_UNCERTAINTY_ASSIGNED_CONTEXT((#2739)) 
GLOBAL_UNIT_ASSIGNED_CONTEXT((#2736,#2737,#2738)) REPRESENTATION_CONTEXT
('Context #1','3D Context with UNIT and UNCERTAINTY') );
#2736 = ( LENGTH_UNIT() NAMED_UNIT(*) SI_UNIT(.MILLI.,.METRE.) );
#2737 = ( NAMED_UNIT(*) PLANE_ANGLE_UNIT() SI_UNIT($,.RADIAN.) );
#2738 = ( NAMED_UNIT(*) SI_UNIT($,.STERADIAN.) SOLID_ANGLE_UNIT() );
#2739 = UNCERTAINTY_MEASURE_WITH_UNIT(LENGTH_MEASURE(1.E-07),#2736,
  'distance_accuracy_value','confusion accuracy');
#2740 = PRODUCT_RELATED_PRODUCT_CATEGORY('part',$,(#7));
ENDSEC;
END-ISO-10303-21;
