solid 
 facet normal -1.000000e+00  0.000000e+00  0.000000e+00
   outer loop
     vertex  0.000000e+00  0.000000e+00  3.000000e+00
     vertex  0.000000e+00  4.400000e+01  3.000000e+00
     vertex  0.000000e+00  4.400000e+01  0.000000e+00
   endloop
 endfacet
 facet normal -1.000000e+00  0.000000e+00  0.000000e+00
   outer loop
     vertex  0.000000e+00  0.000000e+00  7.105427e-15
     vertex  0.000000e+00  0.000000e+00  3.000000e+00
     vertex  0.000000e+00  4.400000e+01  0.000000e+00
   endloop
 endfacet
 facet normal  0.000000e+00  0.000000e+00 -1.000000e+00
   outer loop
     vertex  4.769408e+00  3.917288e+01  0.000000e+00
     vertex  0.000000e+00  4.400000e+01  0.000000e+00
     vertex  4.802048e+00  3.920620e+01  0.000000e+00
   endloop
 endfacet
 facet normal -0.000000e+00  0.000000e+00 -1.000000e+00
   outer loop
     vertex  4.835590e+00  3.923861e+01  0.000000e+00
     vertex  4.802048e+00  3.920620e+01  0.000000e+00
     vertex  0.000000e+00  4.400000e+01  0.000000e+00
   endloop
 endfacet
 facet normal  0.000000e+00  0.000000e+00 -1.000000e+00
   outer loop
     vertex  4.737695e+00  3.913868e+01  0.000000e+00
     vertex  0.000000e+00  4.400000e+01  0.000000e+00
     vertex  4.769408e+00  3.917288e+01  0.000000e+00
   endloop
 endfacet
 facet normal -0.000000e+00  0.000000e+00 -1.000000e+00
   outer loop
     vertex  4.870008e+00  3.927009e+01  0.000000e+00
     vertex  4.835590e+00  3.923861e+01  0.000000e+00
     vertex  0.000000e+00  4.400000e+01  0.000000e+00
   endloop
 endfacet
 facet normal  0.000000e+00  0.000000e+00 -1.000000e+00
   outer loop
     vertex  4.706931e+00  3.910362e+01  0.000000e+00
     vertex  0.000000e+00  4.400000e+01  0.000000e+00
     vertex  4.737695e+00  3.913868e+01  0.000000e+00
   endloop
 endfacet
 facet normal -0.000000e+00  0.000000e+00 -1.000000e+00
   outer loop
     vertex  4.905277e+00  3.930061e+01  0.000000e+00
     vertex  4.870008e+00  3.927009e+01  0.000000e+00
     vertex  0.000000e+00  4.400000e+01  0.000000e+00
   endloop
 endfacet
 facet normal  0.000000e+00  0.000000e+00 -1.000000e+00
   outer loop
     vertex  4.677141e+00  3.906773e+01  0.000000e+00
     vertex  0.000000e+00  4.400000e+01  0.000000e+00
     vertex  4.706931e+00  3.910362e+01  0.000000e+00
   endloop
 endfacet
 facet normal -0.000000e+00  0.000000e+00 -1.000000e+00
   outer loop
     vertex  4.941370e+00  3.933015e+01  0.000000e+00
     vertex  4.905277e+00  3.930061e+01  0.000000e+00
     vertex  0.000000e+00  4.400000e+01  0.000000e+00
   endloop
 endfacet
 facet normal  0.000000e+00  0.000000e+00 -1.000000e+00
   outer loop
     vertex  4.648347e+00  3.903104e+01  0.000000e+00
     vertex  0.000000e+00  4.400000e+01  0.000000e+00
     vertex  4.677141e+00  3.906773e+01  0.000000e+00
   endloop
 endfacet
 facet normal -0.000000e+00  0.000000e+00 -1.000000e+00
   outer loop
     vertex  4.978260e+00  3.935869e+01  0.000000e+00
     vertex  4.941370e+00  3.933015e+01  0.000000e+00
     vertex  0.000000e+00  4.400000e+01  0.000000e+00
   endloop
 endfacet
 facet normal -2.261851e-13 -2.115907e-13 -1.000000e+00
   outer loop
     vertex  4.620570e+00  3.899357e+01  1.421085e-14
     vertex  0.000000e+00  4.400000e+01  0.000000e+00
     vertex  4.648347e+00  3.903104e+01  0.000000e+00
   endloop
 endfacet
 facet normal -0.000000e+00  0.000000e+00 -1.000000e+00
   outer loop
     vertex  5.015919e+00  3.938621e+01  0.000000e+00
     vertex  4.978260e+00  3.935869e+01  0.000000e+00
     vertex  0.000000e+00  4.400000e+01  0.000000e+00
   endloop
 endfacet
 facet normal  1.749401e-15 -1.223950e-15 -1.000000e+00
   outer loop
     vertex  4.593832e+00  3.895535e+01  1.421085e-14
     vertex  0.000000e+00  4.400000e+01  0.000000e+00
     vertex  4.620570e+00  3.899357e+01  1.421085e-14
   endloop
 endfacet
 facet normal -0.000000e+00  0.000000e+00 -1.000000e+00
   outer loop
     vertex  5.054319e+00  3.941269e+01  0.000000e+00
     vertex  5.015919e+00  3.938621e+01  0.000000e+00
     vertex  0.000000e+00  4.400000e+01  0.000000e+00
   endloop
 endfacet
 facet normal  1.794087e-15 -1.183257e-15 -1.000000e+00
   outer loop
     vertex  4.568152e+00  3.891641e+01  1.421085e-14
     vertex  0.000000e+00  4.400000e+01  0.000000e+00
     vertex  4.593832e+00  3.895535e+01  1.421085e-14
   endloop
 endfacet
 facet normal -0.000000e+00  0.000000e+00 -1.000000e+00
   outer loop
     vertex  5.093431e+00  3.943810e+01  0.000000e+00
     vertex  5.054319e+00  3.941269e+01  0.000000e+00
     vertex  0.000000e+00  4.400000e+01  0.000000e+00
   endloop
 endfacet
 facet normal  1.839761e-15 -1.142215e-15 -1.000000e+00
   outer loop
     vertex  4.543550e+00  3.887679e+01  1.421085e-14
     vertex  0.000000e+00  4.400000e+01  0.000000e+00
     vertex  4.568152e+00  3.891641e+01  1.421085e-14
   endloop
 endfacet
 facet normal -0.000000e+00  0.000000e+00 -1.000000e+00
   outer loop
     vertex  5.133225e+00  3.946243e+01  0.000000e+00
     vertex  5.093431e+00  3.943810e+01  0.000000e+00
     vertex  0.000000e+00  4.400000e+01  0.000000e+00
   endloop
 endfacet
 facet normal  1.886540e-15 -1.100728e-15 -1.000000e+00
   outer loop
     vertex  4.520045e+00  3.883650e+01  1.421085e-14
     vertex  0.000000e+00  4.400000e+01  0.000000e+00
     vertex  4.543550e+00  3.887679e+01  1.421085e-14
   endloop
 endfacet
 facet normal -0.000000e+00  0.000000e+00 -1.000000e+00
   outer loop
     vertex  5.173671e+00  3.948566e+01  0.000000e+00
     vertex  5.133225e+00  3.946243e+01  0.000000e+00
     vertex  0.000000e+00  4.400000e+01  0.000000e+00
   endloop
 endfacet
 facet normal  1.934555e-15 -1.058697e-15 -1.000000e+00
   outer loop
     vertex  4.497653e+00  3.879558e+01  1.421085e-14
     vertex  0.000000e+00  4.400000e+01  0.000000e+00
     vertex  4.520045e+00  3.883650e+01  1.421085e-14
   endloop
 endfacet
 facet normal -0.000000e+00  0.000000e+00 -1.000000e+00
   outer loop
     vertex  5.214740e+00  3.950777e+01  0.000000e+00
     vertex  5.173671e+00  3.948566e+01  0.000000e+00
     vertex  0.000000e+00  4.400000e+01  0.000000e+00
   endloop
 endfacet
 facet normal  1.983942e-15 -1.016017e-15 -1.000000e+00
   outer loop
     vertex  4.476392e+00  3.875407e+01  1.421085e-14
     vertex  0.000000e+00  4.400000e+01  0.000000e+00
     vertex  4.497653e+00  3.879558e+01  1.421085e-14
   endloop
 endfacet
 facet normal -0.000000e+00  0.000000e+00 -1.000000e+00
   outer loop
     vertex  5.256400e+00  3.952874e+01  0.000000e+00
     vertex  5.214740e+00  3.950777e+01  0.000000e+00
     vertex  0.000000e+00  4.400000e+01  0.000000e+00
   endloop
 endfacet
 facet normal  2.034852e-15 -9.725743e-16 -1.000000e+00
   outer loop
     vertex  4.456279e+00  3.871199e+01  1.421085e-14
     vertex  0.000000e+00  4.400000e+01  0.000000e+00
     vertex  4.476392e+00  3.875407e+01  1.421085e-14
   endloop
 endfacet
 facet normal -0.000000e+00  0.000000e+00 -1.000000e+00
   outer loop
     vertex  5.298619e+00  3.954857e+01  0.000000e+00
     vertex  5.256400e+00  3.952874e+01  0.000000e+00
     vertex  0.000000e+00  4.400000e+01  0.000000e+00
   endloop
 endfacet
 facet normal  2.087450e-15 -9.282492e-16 -1.000000e+00
   outer loop
     vertex  4.437327e+00  3.866937e+01  1.421085e-14
     vertex  0.000000e+00  4.400000e+01  0.000000e+00
     vertex  4.456279e+00  3.871199e+01  1.421085e-14
   endloop
 endfacet
 facet normal -0.000000e+00  0.000000e+00 -1.000000e+00
   outer loop
     vertex  5.341367e+00  3.956723e+01  0.000000e+00
     vertex  5.298619e+00  3.954857e+01  0.000000e+00
     vertex  0.000000e+00  4.400000e+01  0.000000e+00
   endloop
 endfacet
 facet normal  2.141916e-15 -8.829106e-16 -1.000000e+00
   outer loop
     vertex  4.419552e+00  3.862625e+01  1.421085e-14
     vertex  0.000000e+00  4.400000e+01  0.000000e+00
     vertex  4.437327e+00  3.866937e+01  1.421085e-14
   endloop
 endfacet
 facet normal -0.000000e+00  0.000000e+00 -1.000000e+00
   outer loop
     vertex  5.384610e+00  3.958471e+01  0.000000e+00
     vertex  5.341367e+00  3.956723e+01  0.000000e+00
     vertex  0.000000e+00  4.400000e+01  0.000000e+00
   endloop
 endfacet
 facet normal  2.198449e-15 -8.364164e-16 -1.000000e+00
   outer loop
     vertex  4.402966e+00  3.858265e+01  1.421085e-14
     vertex  0.000000e+00  4.400000e+01  0.000000e+00
     vertex  4.419552e+00  3.862625e+01  1.421085e-14
   endloop
 endfacet
 facet normal -0.000000e+00  0.000000e+00 -1.000000e+00
   outer loop
     vertex  5.428317e+00  3.960099e+01  0.000000e+00
     vertex  5.384610e+00  3.958471e+01  0.000000e+00
     vertex  0.000000e+00  4.400000e+01  0.000000e+00
   endloop
 endfacet
 facet normal  2.257268e-15 -7.886110e-16 -1.000000e+00
   outer loop
     vertex  4.387583e+00  3.853862e+01  1.421085e-14
     vertex  0.000000e+00  4.400000e+01  0.000000e+00
     vertex  4.402966e+00  3.858265e+01  1.421085e-14
   endloop
 endfacet
 facet normal -0.000000e+00  0.000000e+00 -1.000000e+00
   outer loop
     vertex  5.472454e+00  3.961607e+01  0.000000e+00
     vertex  5.428317e+00  3.960099e+01  0.000000e+00
     vertex  0.000000e+00  4.400000e+01  0.000000e+00
   endloop
 endfacet
 facet normal  2.318618e-15 -7.393230e-16 -1.000000e+00
   outer loop
     vertex  4.373413e+00  3.849418e+01  1.421085e-14
     vertex  0.000000e+00  4.400000e+01  0.000000e+00
     vertex  4.387583e+00  3.853862e+01  1.421085e-14
   endloop
 endfacet
 facet normal -0.000000e+00  0.000000e+00 -1.000000e+00
   outer loop
     vertex  5.516988e+00  3.962994e+01  0.000000e+00
     vertex  5.472454e+00  3.961607e+01  0.000000e+00
     vertex  0.000000e+00  4.400000e+01  0.000000e+00
   endloop
 endfacet
 facet normal  2.382774e-15 -6.883624e-16 -1.000000e+00
   outer loop
     vertex  4.360468e+00  3.844937e+01  1.421085e-14
     vertex  0.000000e+00  4.400000e+01  0.000000e+00
     vertex  4.373413e+00  3.849418e+01  1.421085e-14
   endloop
 endfacet
 facet normal -0.000000e+00  0.000000e+00 -1.000000e+00
   outer loop
     vertex  5.561885e+00  3.964258e+01  0.000000e+00
     vertex  5.516988e+00  3.962994e+01  0.000000e+00
     vertex  0.000000e+00  4.400000e+01  0.000000e+00
   endloop
 endfacet
 facet normal  2.450043e-15 -6.355172e-16 -1.000000e+00
   outer loop
     vertex  4.348757e+00  3.840422e+01  1.421085e-14
     vertex  0.000000e+00  4.400000e+01  0.000000e+00
     vertex  4.360468e+00  3.844937e+01  1.421085e-14
   endloop
 endfacet
 facet normal -0.000000e+00  0.000000e+00 -1.000000e+00
   outer loop
     vertex  5.607113e+00  3.965398e+01  0.000000e+00
     vertex  5.561885e+00  3.964258e+01  0.000000e+00
     vertex  0.000000e+00  4.400000e+01  0.000000e+00
   endloop
 endfacet
 facet normal  2.520773e-15 -5.805499e-16 -1.000000e+00
   outer loop
     vertex  4.338289e+00  3.835877e+01  1.421085e-14
     vertex  0.000000e+00  4.400000e+01  0.000000e+00
     vertex  4.348757e+00  3.840422e+01  1.421085e-14
   endloop
 endfacet
 facet normal -0.000000e+00  0.000000e+00 -1.000000e+00
   outer loop
     vertex  5.652636e+00  3.966413e+01  0.000000e+00
     vertex  5.607113e+00  3.965398e+01  0.000000e+00
     vertex  0.000000e+00  4.400000e+01  0.000000e+00
   endloop
 endfacet
 facet normal  2.595357e-15 -5.231922e-16 -1.000000e+00
   outer loop
     vertex  4.329072e+00  3.831305e+01  1.421085e-14
     vertex  0.000000e+00  4.400000e+01  0.000000e+00
     vertex  4.338289e+00  3.835877e+01  1.421085e-14
   endloop
 endfacet
 facet normal -0.000000e+00  0.000000e+00 -1.000000e+00
   outer loop
     vertex  5.698420e+00  3.967304e+01  0.000000e+00
     vertex  5.652636e+00  3.966413e+01  0.000000e+00
     vertex  0.000000e+00  4.400000e+01  0.000000e+00
   endloop
 endfacet
 facet normal  2.674245e-15 -4.631399e-16 -1.000000e+00
   outer loop
     vertex  4.321113e+00  3.826709e+01  1.421085e-14
     vertex  0.000000e+00  4.400000e+01  0.000000e+00
     vertex  4.329072e+00  3.831305e+01  1.421085e-14
   endloop
 endfacet
 facet normal -0.000000e+00  0.000000e+00 -1.000000e+00
   outer loop
     vertex  5.744432e+00  3.968068e+01  0.000000e+00
     vertex  5.698420e+00  3.967304e+01  0.000000e+00
     vertex  0.000000e+00  4.400000e+01  0.000000e+00
   endloop
 endfacet
 facet normal  2.757954e-15 -4.000453e-16 -1.000000e+00
   outer loop
     vertex  4.314417e+00  3.822093e+01  1.421085e-14
     vertex  0.000000e+00  4.400000e+01  0.000000e+00
     vertex  4.321113e+00  3.826709e+01  1.421085e-14
   endloop
 endfacet
 facet normal -0.000000e+00  0.000000e+00 -1.000000e+00
   outer loop
     vertex  5.790636e+00  3.968706e+01  0.000000e+00
     vertex  5.744432e+00  3.968068e+01  0.000000e+00
     vertex  0.000000e+00  4.400000e+01  0.000000e+00
   endloop
 endfacet
 facet normal  2.847078e-15 -3.335089e-16 -1.000000e+00
   outer loop
     vertex  4.308991e+00  3.817461e+01  1.421085e-14
     vertex  0.000000e+00  4.400000e+01  0.000000e+00
     vertex  4.314417e+00  3.822093e+01  1.421085e-14
   endloop
 endfacet
 facet normal -0.000000e+00  0.000000e+00 -1.000000e+00
   outer loop
     vertex  5.836998e+00  3.969217e+01  0.000000e+00
     vertex  5.790636e+00  3.968706e+01  0.000000e+00
     vertex  0.000000e+00  4.400000e+01  0.000000e+00
   endloop
 endfacet
 facet normal  2.942308e-15 -2.630686e-16 -1.000000e+00
   outer loop
     vertex  4.304837e+00  3.812815e+01  1.421085e-14
     vertex  0.000000e+00  4.400000e+01  0.000000e+00
     vertex  4.308991e+00  3.817461e+01  1.421085e-14
   endloop
 endfacet
 facet normal -0.000000e+00  0.000000e+00 -1.000000e+00
   outer loop
     vertex  5.883482e+00  3.969600e+01  0.000000e+00
     vertex  5.836998e+00  3.969217e+01  0.000000e+00
     vertex  0.000000e+00  4.400000e+01  0.000000e+00
   endloop
 endfacet
 facet normal  3.044448e-15 -1.881862e-16 -1.000000e+00
   outer loop
     vertex  4.301959e+00  3.808160e+01  1.421085e-14
     vertex  0.000000e+00  4.400000e+01  0.000000e+00
     vertex  4.304837e+00  3.812815e+01  1.421085e-14
   endloop
 endfacet
 facet normal -0.000000e+00  0.000000e+00 -1.000000e+00
   outer loop
     vertex  5.930054e+00  3.969856e+01  0.000000e+00
     vertex  5.883482e+00  3.969600e+01  0.000000e+00
     vertex  0.000000e+00  4.400000e+01  0.000000e+00
   endloop
 endfacet
 facet normal  3.154448e-15 -1.082301e-16 -1.000000e+00
   outer loop
     vertex  4.300360e+00  3.803498e+01  1.421085e-14
     vertex  0.000000e+00  4.400000e+01  0.000000e+00
     vertex  4.301959e+00  3.808160e+01  1.421085e-14
   endloop
 endfacet
 facet normal -0.000000e+00  0.000000e+00 -1.000000e+00
   outer loop
     vertex  5.976679e+00  3.969984e+01  0.000000e+00
     vertex  5.930054e+00  3.969856e+01  0.000000e+00
     vertex  0.000000e+00  4.400000e+01  0.000000e+00
   endloop
 endfacet
 facet normal  3.273427e-15 -2.245401e-17 -1.000000e+00
   outer loop
     vertex  4.300040e+00  3.798834e+01  1.421085e-14
     vertex  0.000000e+00  4.400000e+01  0.000000e+00
     vertex  4.300360e+00  3.803498e+01  1.421085e-14
   endloop
 endfacet
 facet normal  0.000000e+00  0.000000e+00 -1.000000e+00
   outer loop
     vertex  6.023321e+00  3.969984e+01  0.000000e+00
     vertex  5.976679e+00  3.969984e+01  0.000000e+00
     vertex  0.000000e+00  4.400000e+01  0.000000e+00
   endloop
 endfacet
 facet normal  3.402727e-15  7.003160e-17 -1.000000e+00
   outer loop
     vertex  4.301000e+00  3.794171e+01  1.421085e-14
     vertex  0.000000e+00  4.400000e+01  0.000000e+00
     vertex  4.300040e+00  3.798834e+01  1.421085e-14
   endloop
 endfacet
 facet normal  0.000000e+00  0.000000e+00 -1.000000e+00
   outer loop
     vertex  6.069946e+00  3.969856e+01  0.000000e+00
     vertex  6.023321e+00  3.969984e+01  0.000000e+00
     vertex  0.000000e+00  4.400000e+01  0.000000e+00
   endloop
 endfacet
 facet normal  3.543957e-15  1.702962e-16 -1.000000e+00
   outer loop
     vertex  4.303238e+00  3.789512e+01  1.421085e-14
     vertex  0.000000e+00  4.400000e+01  0.000000e+00
     vertex  4.301000e+00  3.794171e+01  1.421085e-14
   endloop
 endfacet
 facet normal  0.000000e+00  0.000000e+00 -1.000000e+00
   outer loop
     vertex  6.116518e+00  3.969600e+01  0.000000e+00
     vertex  6.069946e+00  3.969856e+01  0.000000e+00
     vertex  0.000000e+00  4.400000e+01  0.000000e+00
   endloop
 endfacet
 facet normal  3.699077e-15  2.796377e-16 -1.000000e+00
   outer loop
     vertex  4.306754e+00  3.784861e+01  1.421085e-14
     vertex  0.000000e+00  4.400000e+01  0.000000e+00
     vertex  4.303238e+00  3.789512e+01  1.421085e-14
   endloop
 endfacet
 facet normal  0.000000e+00  0.000000e+00 -1.000000e+00
   outer loop
     vertex  6.163002e+00  3.969217e+01  0.000000e+00
     vertex  6.116518e+00  3.969600e+01  0.000000e+00
     vertex  0.000000e+00  4.400000e+01  0.000000e+00
   endloop
 endfacet
 facet normal  3.870489e-15  3.996482e-16 -1.000000e+00
   outer loop
     vertex  4.311545e+00  3.780221e+01  1.421085e-14
     vertex  0.000000e+00  4.400000e+01  0.000000e+00
     vertex  4.306754e+00  3.784861e+01  1.421085e-14
   endloop
 endfacet
 facet normal  0.000000e+00  0.000000e+00 -1.000000e+00
   outer loop
     vertex  6.209364e+00  3.968706e+01  0.000000e+00
     vertex  6.163002e+00  3.969217e+01  0.000000e+00
     vertex  0.000000e+00  4.400000e+01  0.000000e+00
   endloop
 endfacet
 facet normal  4.061179e-15  5.323028e-16 -1.000000e+00
   outer loop
     vertex  4.317607e+00  3.775597e+01  1.421085e-14
     vertex  0.000000e+00  4.400000e+01  0.000000e+00
     vertex  4.311545e+00  3.780221e+01  1.421085e-14
   endloop
 endfacet
 facet normal  0.000000e+00  0.000000e+00 -1.000000e+00
   outer loop
     vertex  6.255568e+00  3.968068e+01  0.000000e+00
     vertex  6.209364e+00  3.968706e+01  0.000000e+00
     vertex  0.000000e+00  4.400000e+01  0.000000e+00
   endloop
 endfacet
 facet normal  4.274895e-15  6.800831e-16 -1.000000e+00
   outer loop
     vertex  4.324935e+00  3.770990e+01  1.421085e-14
     vertex  0.000000e+00  4.400000e+01  0.000000e+00
     vertex  4.317607e+00  3.775597e+01  1.421085e-14
   endloop
 endfacet
 facet normal  0.000000e+00  0.000000e+00 -1.000000e+00
   outer loop
     vertex  6.301580e+00  3.967304e+01  0.000000e+00
     vertex  6.255568e+00  3.968068e+01  0.000000e+00
     vertex  0.000000e+00  4.400000e+01  0.000000e+00
   endloop
 endfacet
 facet normal  4.516422e-15  8.461518e-16 -1.000000e+00
   outer loop
     vertex  4.333524e+00  3.766406e+01  1.421085e-14
     vertex  0.000000e+00  4.400000e+01  0.000000e+00
     vertex  4.324935e+00  3.770990e+01  1.421085e-14
   endloop
 endfacet
 facet normal  0.000000e+00  0.000000e+00 -1.000000e+00
   outer loop
     vertex  6.347364e+00  3.966413e+01  0.000000e+00
     vertex  6.301580e+00  3.967304e+01  0.000000e+00
     vertex  0.000000e+00  4.400000e+01  0.000000e+00
   endloop
 endfacet
 facet normal  4.791955e-15  1.034605e-15 -1.000000e+00
   outer loop
     vertex  4.343367e+00  3.761847e+01  1.421085e-14
     vertex  0.000000e+00  4.400000e+01  0.000000e+00
     vertex  4.333524e+00  3.766406e+01  1.421085e-14
   endloop
 endfacet
 facet normal  0.000000e+00  0.000000e+00 -1.000000e+00
   outer loop
     vertex  6.392887e+00  3.965398e+01  0.000000e+00
     vertex  6.347364e+00  3.966413e+01  0.000000e+00
     vertex  0.000000e+00  4.400000e+01  0.000000e+00
   endloop
 endfacet
 facet normal  5.109665e-15  1.250843e-15 -1.000000e+00
   outer loop
     vertex  4.354458e+00  3.757316e+01  1.421085e-14
     vertex  0.000000e+00  4.400000e+01  0.000000e+00
     vertex  4.343367e+00  3.761847e+01  1.421085e-14
   endloop
 endfacet
 facet normal  0.000000e+00  0.000000e+00 -1.000000e+00
   outer loop
     vertex  6.438115e+00  3.964258e+01  0.000000e+00
     vertex  6.392887e+00  3.965398e+01  0.000000e+00
     vertex  0.000000e+00  4.400000e+01  0.000000e+00
   endloop
 endfacet
 facet normal  5.480560e-15  1.502140e-15 -1.000000e+00
   outer loop
     vertex  4.366787e+00  3.752818e+01  1.421085e-14
     vertex  0.000000e+00  4.400000e+01  0.000000e+00
     vertex  4.354458e+00  3.757316e+01  1.421085e-14
   endloop
 endfacet
 facet normal  0.000000e+00  0.000000e+00 -1.000000e+00
   outer loop
     vertex  6.483012e+00  3.962994e+01  0.000000e+00
     vertex  6.438115e+00  3.964258e+01  0.000000e+00
     vertex  0.000000e+00  4.400000e+01  0.000000e+00
   endloop
 endfacet
 facet normal  5.919830e-15  1.798533e-15 -1.000000e+00
   outer loop
     vertex  4.380346e+00  3.748355e+01  1.421085e-14
     vertex  0.000000e+00  4.400000e+01  0.000000e+00
     vertex  4.366787e+00  3.752818e+01  1.421085e-14
   endloop
 endfacet
 facet normal  0.000000e+00  0.000000e+00 -1.000000e+00
   outer loop
     vertex  6.527546e+00  3.961607e+01  0.000000e+00
     vertex  6.483012e+00  3.962994e+01  0.000000e+00
     vertex  0.000000e+00  4.400000e+01  0.000000e+00
   endloop
 endfacet
 facet normal  6.449040e-15  2.154267e-15 -1.000000e+00
   outer loop
     vertex  4.395123e+00  3.743931e+01  1.421085e-14
     vertex  0.000000e+00  4.400000e+01  0.000000e+00
     vertex  4.380346e+00  3.748355e+01  1.421085e-14
   endloop
 endfacet
 facet normal  0.000000e+00  0.000000e+00 -1.000000e+00
   outer loop
     vertex  6.571683e+00  3.960099e+01  0.000000e+00
     vertex  6.527546e+00  3.961607e+01  0.000000e+00
     vertex  0.000000e+00  4.400000e+01  0.000000e+00
   endloop
 endfacet
 facet normal  7.099875e-15  2.590273e-15 -1.000000e+00
   outer loop
     vertex  4.411109e+00  3.739549e+01  1.421085e-14
     vertex  0.000000e+00  4.400000e+01  0.000000e+00
     vertex  4.395123e+00  3.743931e+01  1.421085e-14
   endloop
 endfacet
 facet normal  0.000000e+00  0.000000e+00 -1.000000e+00
   outer loop
     vertex  6.615390e+00  3.958471e+01  0.000000e+00
     vertex  6.571683e+00  3.960099e+01  0.000000e+00
     vertex  0.000000e+00  4.400000e+01  0.000000e+00
   endloop
 endfacet
 facet normal  7.920863e-15  3.138606e-15 -1.000000e+00
   outer loop
     vertex  4.428291e+00  3.735213e+01  1.421085e-14
     vertex  0.000000e+00  4.400000e+01  0.000000e+00
     vertex  4.411109e+00  3.739549e+01  1.421085e-14
   endloop
 endfacet
 facet normal  0.000000e+00  0.000000e+00 -1.000000e+00
   outer loop
     vertex  6.658633e+00  3.956723e+01  0.000000e+00
     vertex  6.615390e+00  3.958471e+01  0.000000e+00
     vertex  0.000000e+00  4.400000e+01  0.000000e+00
   endloop
 endfacet
 facet normal  8.990280e-15  3.850968e-15 -1.000000e+00
   outer loop
     vertex  4.446657e+00  3.730926e+01  1.421085e-14
     vertex  0.000000e+00  4.400000e+01  0.000000e+00
     vertex  4.428291e+00  3.735213e+01  1.421085e-14
   endloop
 endfacet
 facet normal  0.000000e+00  0.000000e+00 -1.000000e+00
   outer loop
     vertex  6.701381e+00  3.954857e+01  0.000000e+00
     vertex  6.658633e+00  3.956723e+01  0.000000e+00
     vertex  0.000000e+00  4.400000e+01  0.000000e+00
   endloop
 endfacet
 facet normal  1.044308e-14  4.816499e-15 -1.000000e+00
   outer loop
     vertex  4.466191e+00  3.726690e+01  1.421085e-14
     vertex  0.000000e+00  4.400000e+01  0.000000e+00
     vertex  4.446657e+00  3.730926e+01  1.421085e-14
   endloop
 endfacet
 facet normal  0.000000e+00  0.000000e+00 -1.000000e+00
   outer loop
     vertex  6.743600e+00  3.952874e+01  0.000000e+00
     vertex  6.701381e+00  3.954857e+01  0.000000e+00
     vertex  0.000000e+00  4.400000e+01  0.000000e+00
   endloop
 endfacet
 facet normal  1.253355e-14  6.203145e-15 -1.000000e+00
   outer loop
     vertex  4.486880e+00  3.722510e+01  1.421085e-14
     vertex  0.000000e+00  4.400000e+01  0.000000e+00
     vertex  4.466191e+00  3.726690e+01  1.421085e-14
   endloop
 endfacet
 facet normal -1.037498e-17  7.562153e-16 -1.000000e+00
   outer loop
     vertex  1.300000e+01  2.700000e+01  7.105427e-15
     vertex  6.000000e+00  3.630000e+01  1.421085e-14
     vertex  6.046638e+00  3.630064e+01  1.421085e-14
   endloop
 endfacet
 facet normal -3.052035e-17  7.411542e-16 -1.000000e+00
   outer loop
     vertex  1.300000e+01  2.700000e+01  7.105427e-15
     vertex  6.046638e+00  3.630064e+01  1.421085e-14
     vertex  6.093241e+00  3.630256e+01  1.421085e-14
   endloop
 endfacet
 facet normal -4.992844e-17  7.267445e-16 -1.000000e+00
   outer loop
     vertex  1.300000e+01  2.700000e+01  7.105427e-15
     vertex  6.093241e+00  3.630256e+01  1.421085e-14
     vertex  6.139773e+00  3.630576e+01  1.421085e-14
   endloop
 endfacet
 facet normal -6.867429e-17  7.129250e-16 -1.000000e+00
   outer loop
     vertex  1.300000e+01  2.700000e+01  7.105427e-15
     vertex  6.139773e+00  3.630576e+01  1.421085e-14
     vertex  6.186201e+00  3.631023e+01  1.421085e-14
   endloop
 endfacet
 facet normal -8.682541e-17  6.996409e-16 -1.000000e+00
   outer loop
     vertex  1.300000e+01  2.700000e+01  7.105427e-15
     vertex  6.186201e+00  3.631023e+01  1.421085e-14
     vertex  6.232488e+00  3.631597e+01  1.421085e-14
   endloop
 endfacet
 facet normal -1.044429e-16  6.868429e-16 -1.000000e+00
   outer loop
     vertex  1.300000e+01  2.700000e+01  7.105427e-15
     vertex  6.232488e+00  3.631597e+01  1.421085e-14
     vertex  6.278600e+00  3.632298e+01  1.421085e-14
   endloop
 endfacet
 facet normal -1.215821e-16  6.744863e-16 -1.000000e+00
   outer loop
     vertex  1.300000e+01  2.700000e+01  7.105427e-15
     vertex  6.278600e+00  3.632298e+01  1.421085e-14
     vertex  6.324502e+00  3.633126e+01  1.421085e-14
   endloop
 endfacet
 facet normal -1.382940e-16  6.625308e-16 -1.000000e+00
   outer loop
     vertex  1.300000e+01  2.700000e+01  7.105427e-15
     vertex  6.324502e+00  3.633126e+01  1.421085e-14
     vertex  6.370161e+00  3.634079e+01  1.421085e-14
   endloop
 endfacet
 facet normal -1.546249e-16  6.509396e-16 -1.000000e+00
   outer loop
     vertex  1.300000e+01  2.700000e+01  7.105427e-15
     vertex  6.370161e+00  3.634079e+01  1.421085e-14
     vertex  6.415540e+00  3.635157e+01  1.421085e-14
   endloop
 endfacet
 facet normal  6.805304e-16  1.306679e-15 -1.000000e+00
   outer loop
     vertex  1.300000e+01  2.700000e+01  7.105427e-15
     vertex  5.194130e+00  3.650315e+01  1.421085e-14
     vertex  5.235498e+00  3.648160e+01  1.421085e-14
   endloop
 endfacet
 facet normal -1.706179e-16  6.396789e-16 -1.000000e+00
   outer loop
     vertex  1.300000e+01  2.700000e+01  7.105427e-15
     vertex  6.415540e+00  3.635157e+01  1.421085e-14
     vertex  6.460607e+00  3.636359e+01  1.421085e-14
   endloop
 endfacet
 facet normal  6.058298e-16  1.245506e-15 -1.000000e+00
   outer loop
     vertex  1.300000e+01  2.700000e+01  7.105427e-15
     vertex  5.235498e+00  3.648160e+01  1.421085e-14
     vertex  5.277442e+00  3.646120e+01  1.421085e-14
   endloop
 endfacet
 facet normal -1.863129e-16  6.287177e-16 -1.000000e+00
   outer loop
     vertex  1.300000e+01  2.700000e+01  7.105427e-15
     vertex  6.460607e+00  3.636359e+01  1.421085e-14
     vertex  6.505327e+00  3.637684e+01  1.421085e-14
   endloop
 endfacet
 facet normal  5.396516e-16  1.191489e-15 -1.000000e+00
   outer loop
     vertex  1.300000e+01  2.700000e+01  7.105427e-15
     vertex  5.277442e+00  3.646120e+01  1.421085e-14
     vertex  5.319929e+00  3.644196e+01  1.421085e-14
   endloop
 endfacet
 facet normal -2.017471e-16  6.180275e-16 -1.000000e+00
   outer loop
     vertex  1.300000e+01  2.700000e+01  7.105427e-15
     vertex  6.505327e+00  3.637684e+01  1.421085e-14
     vertex  6.549667e+00  3.639132e+01  1.421085e-14
   endloop
 endfacet
 facet normal  4.805119e-16  1.143385e-15 -1.000000e+00
   outer loop
     vertex  1.300000e+01  2.700000e+01  7.105427e-15
     vertex  5.319929e+00  3.644196e+01  1.421085e-14
     vertex  5.362929e+00  3.642388e+01  1.421085e-14
   endloop
 endfacet
 facet normal -2.169556e-16  6.075817e-16 -1.000000e+00
   outer loop
     vertex  1.300000e+01  2.700000e+01  7.105427e-15
     vertex  6.549667e+00  3.639132e+01  1.421085e-14
     vertex  6.593592e+00  3.640700e+01  1.421085e-14
   endloop
 endfacet
 facet normal  4.272496e-16  1.100222e-15 -1.000000e+00
   outer loop
     vertex  1.300000e+01  2.700000e+01  7.105427e-15
     vertex  5.362929e+00  3.642388e+01  1.421085e-14
     vertex  5.406408e+00  3.640700e+01  1.421085e-14
   endloop
 endfacet
 facet normal -2.319714e-16  5.973556e-16 -1.000000e+00
   outer loop
     vertex  1.300000e+01  2.700000e+01  7.105427e-15
     vertex  6.593592e+00  3.640700e+01  1.421085e-14
     vertex  6.637071e+00  3.642388e+01  1.421085e-14
   endloop
 endfacet
 facet normal  3.789438e-16  1.061228e-15 -1.000000e+00
   outer loop
     vertex  1.300000e+01  2.700000e+01  7.105427e-15
     vertex  5.406408e+00  3.640700e+01  1.421085e-14
     vertex  5.450333e+00  3.639132e+01  1.421085e-14
   endloop
 endfacet
 facet normal -2.468259e-16  5.873259e-16 -1.000000e+00
   outer loop
     vertex  1.300000e+01  2.700000e+01  7.105427e-15
     vertex  6.637071e+00  3.642388e+01  1.421085e-14
     vertex  6.680071e+00  3.644196e+01  1.421085e-14
   endloop
 endfacet
 facet normal  3.348540e-16  1.025784e-15 -1.000000e+00
   outer loop
     vertex  1.300000e+01  2.700000e+01  7.105427e-15
     vertex  5.450333e+00  3.639132e+01  1.421085e-14
     vertex  5.494673e+00  3.637684e+01  1.421085e-14
   endloop
 endfacet
 facet normal -2.615492e-16  5.774709e-16 -1.000000e+00
   outer loop
     vertex  1.300000e+01  2.700000e+01  7.105427e-15
     vertex  6.680071e+00  3.644196e+01  1.421085e-14
     vertex  6.722558e+00  3.646120e+01  1.421085e-14
   endloop
 endfacet
 facet normal  2.943782e-16  9.933870e-16 -1.000000e+00
   outer loop
     vertex  1.300000e+01  2.700000e+01  7.105427e-15
     vertex  5.494673e+00  3.637684e+01  1.421085e-14
     vertex  5.539393e+00  3.636359e+01  1.421085e-14
   endloop
 endfacet
 facet normal -2.761704e-16  5.677699e-16 -1.000000e+00
   outer loop
     vertex  1.300000e+01  2.700000e+01  7.105427e-15
     vertex  6.722558e+00  3.646120e+01  1.421085e-14
     vertex  6.764502e+00  3.648160e+01  1.421085e-14
   endloop
 endfacet
 facet normal  2.570215e-16  9.636223e-16 -1.000000e+00
   outer loop
     vertex  1.300000e+01  2.700000e+01  7.105427e-15
     vertex  5.539393e+00  3.636359e+01  1.421085e-14
     vertex  5.584460e+00  3.635157e+01  1.421085e-14
   endloop
 endfacet
 facet normal -2.907174e-16  5.582032e-16 -1.000000e+00
   outer loop
     vertex  1.300000e+01  2.700000e+01  7.105427e-15
     vertex  6.764502e+00  3.648160e+01  1.421085e-14
     vertex  6.805870e+00  3.650315e+01  1.421085e-14
   endloop
 endfacet
 facet normal  2.223734e-16  9.361474e-16 -1.000000e+00
   outer loop
     vertex  1.300000e+01  2.700000e+01  7.105427e-15
     vertex  5.584460e+00  3.635157e+01  1.421085e-14
     vertex  5.629839e+00  3.634079e+01  1.421085e-14
   endloop
 endfacet
 facet normal -3.052178e-16  5.487519e-16 -1.000000e+00
   outer loop
     vertex  1.300000e+01  2.700000e+01  7.105427e-15
     vertex  6.805870e+00  3.650315e+01  1.421085e-14
     vertex  6.846632e+00  3.652582e+01  1.421085e-14
   endloop
 endfacet
 facet normal  1.900906e-16  9.106753e-16 -1.000000e+00
   outer loop
     vertex  1.300000e+01  2.700000e+01  7.105427e-15
     vertex  5.629839e+00  3.634079e+01  1.421085e-14
     vertex  5.675498e+00  3.633126e+01  1.421085e-14
   endloop
 endfacet
 facet normal -3.196985e-16  5.393978e-16 -1.000000e+00
   outer loop
     vertex  1.300000e+01  2.700000e+01  7.105427e-15
     vertex  6.846632e+00  3.652582e+01  1.421085e-14
     vertex  6.886756e+00  3.654960e+01  1.421085e-14
   endloop
 endfacet
 facet normal  1.598832e-16  8.869642e-16 -1.000000e+00
   outer loop
     vertex  1.300000e+01  2.700000e+01  7.105427e-15
     vertex  5.675498e+00  3.633126e+01  1.421085e-14
     vertex  5.721400e+00  3.632298e+01  1.421085e-14
   endloop
 endfacet
 facet normal -3.341864e-16  5.301233e-16 -1.000000e+00
   outer loop
     vertex  1.300000e+01  2.700000e+01  7.105427e-15
     vertex  6.886756e+00  3.654960e+01  1.421085e-14
     vertex  6.926212e+00  3.657447e+01  1.421085e-14
   endloop
 endfacet
 facet normal  1.315047e-16  8.648087e-16 -1.000000e+00
   outer loop
     vertex  1.300000e+01  2.700000e+01  7.105427e-15
     vertex  5.721400e+00  3.632298e+01  1.421085e-14
     vertex  5.767512e+00  3.631597e+01  1.421085e-14
   endloop
 endfacet
 facet normal -3.487081e-16  5.209111e-16 -1.000000e+00
   outer loop
     vertex  1.300000e+01  2.700000e+01  7.105427e-15
     vertex  6.926212e+00  3.657447e+01  1.421085e-14
     vertex  6.964972e+00  3.660042e+01  1.421085e-14
   endloop
 endfacet
 facet normal  1.047445e-16  8.440333e-16 -1.000000e+00
   outer loop
     vertex  1.300000e+01  2.700000e+01  7.105427e-15
     vertex  5.767512e+00  3.631597e+01  1.421085e-14
     vertex  5.813799e+00  3.631023e+01  1.421085e-14
   endloop
 endfacet
 facet normal -3.632905e-16  5.117443e-16 -1.000000e+00
   outer loop
     vertex  1.300000e+01  2.700000e+01  7.105427e-15
     vertex  6.964972e+00  3.660042e+01  1.421085e-14
     vertex  7.003005e+00  3.662742e+01  1.421085e-14
   endloop
 endfacet
 facet normal  7.942077e-17  8.244869e-16 -1.000000e+00
   outer loop
     vertex  1.300000e+01  2.700000e+01  7.105427e-15
     vertex  5.813799e+00  3.631023e+01  1.421085e-14
     vertex  5.860227e+00  3.630576e+01  1.421085e-14
   endloop
 endfacet
 facet normal -3.779607e-16  5.026061e-16 -1.000000e+00
   outer loop
     vertex  1.300000e+01  2.700000e+01  7.105427e-15
     vertex  7.003005e+00  3.662742e+01  1.421085e-14
     vertex  7.040283e+00  3.665545e+01  1.421085e-14
   endloop
 endfacet
 facet normal  5.537608e-17  8.060388e-16 -1.000000e+00
   outer loop
     vertex  1.300000e+01  2.700000e+01  7.105427e-15
     vertex  5.860227e+00  3.630576e+01  1.421085e-14
     vertex  5.906759e+00  3.630256e+01  1.421085e-14
   endloop
 endfacet
 facet normal -3.927465e-16  4.934797e-16 -1.000000e+00
   outer loop
     vertex  1.300000e+01  2.700000e+01  7.105427e-15
     vertex  7.040283e+00  3.665545e+01  1.421085e-14
     vertex  7.076778e+00  3.668450e+01  1.421085e-14
   endloop
 endfacet
 facet normal  3.247312e-17  7.885752e-16 -1.000000e+00
   outer loop
     vertex  1.300000e+01  2.700000e+01  7.105427e-15
     vertex  5.906759e+00  3.630256e+01  1.421085e-14
     vertex  5.953362e+00  3.630064e+01  1.421085e-14
   endloop
 endfacet
 facet normal -4.076763e-16  4.843484e-16 -1.000000e+00
   outer loop
     vertex  1.300000e+01  2.700000e+01  7.105427e-15
     vertex  7.076778e+00  3.668450e+01  1.421085e-14
     vertex  7.112462e+00  3.671453e+01  1.421085e-14
   endloop
 endfacet
 facet normal  1.059149e-17  7.719965e-16 -1.000000e+00
   outer loop
     vertex  1.300000e+01  2.700000e+01  7.105427e-15
     vertex  5.953362e+00  3.630064e+01  1.421085e-14
     vertex  6.000000e+00  3.630000e+01  1.421085e-14
   endloop
 endfacet
 facet normal -4.227795e-16  4.751950e-16 -1.000000e+00
   outer loop
     vertex  1.300000e+01  2.700000e+01  7.105427e-15
     vertex  7.112462e+00  3.671453e+01  1.421085e-14
     vertex  7.147309e+00  3.674553e+01  1.421085e-14
   endloop
 endfacet
 facet normal -4.380867e-16  4.660022e-16 -1.000000e+00
   outer loop
     vertex  1.300000e+01  2.700000e+01  7.105427e-15
     vertex  7.147309e+00  3.674553e+01  1.421085e-14
     vertex  7.181292e+00  3.677748e+01  1.421085e-14
   endloop
 endfacet
 facet normal -4.536299e-16  4.567523e-16 -1.000000e+00
   outer loop
     vertex  1.300000e+01  2.700000e+01  7.105427e-15
     vertex  7.181292e+00  3.677748e+01  1.421085e-14
     vertex  7.214386e+00  3.681035e+01  1.421085e-14
   endloop
 endfacet
 facet normal -4.694429e-16  4.474266e-16 -1.000000e+00
   outer loop
     vertex  1.300000e+01  2.700000e+01  7.105427e-15
     vertex  7.214386e+00  3.681035e+01  1.421085e-14
     vertex  7.246566e+00  3.684411e+01  1.421085e-14
   endloop
 endfacet
 facet normal -4.855613e-16  4.380062e-16 -1.000000e+00
   outer loop
     vertex  1.300000e+01  2.700000e+01  7.105427e-15
     vertex  7.246566e+00  3.684411e+01  1.421085e-14
     vertex  7.277807e+00  3.687875e+01  1.421085e-14
   endloop
 endfacet
 facet normal -5.020233e-16  4.284707e-16 -1.000000e+00
   outer loop
     vertex  1.300000e+01  2.700000e+01  7.105427e-15
     vertex  7.277807e+00  3.687875e+01  1.421085e-14
     vertex  7.308087e+00  3.691422e+01  1.421085e-14
   endloop
 endfacet
 facet normal -5.188695e-16  4.187990e-16 -1.000000e+00
   outer loop
     vertex  1.300000e+01  2.700000e+01  7.105427e-15
     vertex  7.308087e+00  3.691422e+01  1.421085e-14
     vertex  7.337382e+00  3.695052e+01  1.421085e-14
   endloop
 endfacet
 facet normal -5.361440e-16  4.089685e-16 -1.000000e+00
   outer loop
     vertex  1.300000e+01  2.700000e+01  7.105427e-15
     vertex  7.337382e+00  3.695052e+01  1.421085e-14
     vertex  7.365670e+00  3.698760e+01  1.421085e-14
   endloop
 endfacet
 facet normal -5.538941e-16  3.989550e-16 -1.000000e+00
   outer loop
     vertex  1.300000e+01  2.700000e+01  7.105427e-15
     vertex  7.365670e+00  3.698760e+01  1.421085e-14
     vertex  7.392930e+00  3.702545e+01  1.421085e-14
   endloop
 endfacet
 facet normal -5.721717e-16  3.887327e-16 -1.000000e+00
   outer loop
     vertex  1.300000e+01  2.700000e+01  7.105427e-15
     vertex  7.392930e+00  3.702545e+01  1.421085e-14
     vertex  7.419142e+00  3.706403e+01  1.421085e-14
   endloop
 endfacet
 facet normal -5.910330e-16  3.782734e-16 -1.000000e+00
   outer loop
     vertex  1.300000e+01  2.700000e+01  7.105427e-15
     vertex  7.419142e+00  3.706403e+01  1.421085e-14
     vertex  7.444285e+00  3.710332e+01  1.421085e-14
   endloop
 endfacet
 facet normal -6.105403e-16  3.675466e-16 -1.000000e+00
   outer loop
     vertex  1.300000e+01  2.700000e+01  7.105427e-15
     vertex  7.444285e+00  3.710332e+01  1.421085e-14
     vertex  7.468341e+00  3.714328e+01  1.421085e-14
   endloop
 endfacet
 facet normal -6.307617e-16  3.565188e-16 -1.000000e+00
   outer loop
     vertex  1.300000e+01  2.700000e+01  7.105427e-15
     vertex  7.468341e+00  3.714328e+01  1.421085e-14
     vertex  7.491292e+00  3.718388e+01  1.421085e-14
   endloop
 endfacet
 facet normal -6.517730e-16  3.451533e-16 -1.000000e+00
   outer loop
     vertex  1.300000e+01  2.700000e+01  7.105427e-15
     vertex  7.491292e+00  3.718388e+01  1.421085e-14
     vertex  7.513120e+00  3.722510e+01  1.421085e-14
   endloop
 endfacet
 facet normal -6.736586e-16  3.334093e-16 -1.000000e+00
   outer loop
     vertex  1.300000e+01  2.700000e+01  7.105427e-15
     vertex  7.513120e+00  3.722510e+01  1.421085e-14
     vertex  7.533809e+00  3.726690e+01  1.421085e-14
   endloop
 endfacet
 facet normal -6.965126e-16  3.212416e-16 -1.000000e+00
   outer loop
     vertex  1.300000e+01  2.700000e+01  7.105427e-15
     vertex  7.533809e+00  3.726690e+01  1.421085e-14
     vertex  7.553343e+00  3.730926e+01  1.421085e-14
   endloop
 endfacet
 facet normal -7.204411e-16  3.085995e-16 -1.000000e+00
   outer loop
     vertex  1.300000e+01  2.700000e+01  7.105427e-15
     vertex  7.553343e+00  3.730926e+01  1.421085e-14
     vertex  7.571709e+00  3.735213e+01  1.421085e-14
   endloop
 endfacet
 facet normal -7.455636e-16  2.954262e-16 -1.000000e+00
   outer loop
     vertex  1.300000e+01  2.700000e+01  7.105427e-15
     vertex  7.571709e+00  3.735213e+01  1.421085e-14
     vertex  7.588891e+00  3.739549e+01  1.421085e-14
   endloop
 endfacet
 facet normal -7.720156e-16  2.816572e-16 -1.000000e+00
   outer loop
     vertex  1.300000e+01  2.700000e+01  7.105427e-15
     vertex  7.588891e+00  3.739549e+01  1.421085e-14
     vertex  7.604877e+00  3.743931e+01  1.421085e-14
   endloop
 endfacet
 facet normal -7.999519e-16  2.672196e-16 -1.000000e+00
   outer loop
     vertex  1.300000e+01  2.700000e+01  7.105427e-15
     vertex  7.604877e+00  3.743931e+01  1.421085e-14
     vertex  7.619654e+00  3.748355e+01  1.421085e-14
   endloop
 endfacet
 facet normal -8.295495e-16  2.520295e-16 -1.000000e+00
   outer loop
     vertex  1.300000e+01  2.700000e+01  7.105427e-15
     vertex  7.619654e+00  3.748355e+01  1.421085e-14
     vertex  7.633213e+00  3.752818e+01  1.421085e-14
   endloop
 endfacet
 facet normal -8.610129e-16  2.359909e-16 -1.000000e+00
   outer loop
     vertex  1.300000e+01  2.700000e+01  7.105427e-15
     vertex  7.633213e+00  3.752818e+01  1.421085e-14
     vertex  7.645542e+00  3.757316e+01  1.421085e-14
   endloop
 endfacet
 facet normal -8.945789e-16  2.189924e-16 -1.000000e+00
   outer loop
     vertex  1.300000e+01  2.700000e+01  7.105427e-15
     vertex  7.645542e+00  3.757316e+01  1.421085e-14
     vertex  7.656633e+00  3.761847e+01  1.421085e-14
   endloop
 endfacet
 facet normal -9.305240e-16  2.009043e-16 -1.000000e+00
   outer loop
     vertex  1.300000e+01  2.700000e+01  7.105427e-15
     vertex  7.656633e+00  3.761847e+01  1.421085e-14
     vertex  7.666476e+00  3.766406e+01  1.421085e-14
   endloop
 endfacet
 facet normal -9.691728e-16  1.815745e-16 -1.000000e+00
   outer loop
     vertex  1.300000e+01  2.700000e+01  7.105427e-15
     vertex  7.666476e+00  3.766406e+01  1.421085e-14
     vertex  7.675065e+00  3.770990e+01  1.421085e-14
   endloop
 endfacet
 facet normal -1.010909e-15  1.608232e-16 -1.000000e+00
   outer loop
     vertex  1.300000e+01  2.700000e+01  7.105427e-15
     vertex  7.675065e+00  3.770990e+01  1.421085e-14
     vertex  7.682393e+00  3.775597e+01  1.421085e-14
   endloop
 endfacet
 facet normal -1.056192e-15  1.384361e-16 -1.000000e+00
   outer loop
     vertex  1.300000e+01  2.700000e+01  7.105427e-15
     vertex  7.682393e+00  3.775597e+01  1.421085e-14
     vertex  7.688455e+00  3.780221e+01  1.421085e-14
   endloop
 endfacet
 facet normal -1.105571e-15  1.141560e-16 -1.000000e+00
   outer loop
     vertex  1.300000e+01  2.700000e+01  7.105427e-15
     vertex  7.688455e+00  3.780221e+01  1.421085e-14
     vertex  7.693246e+00  3.784861e+01  1.421085e-14
   endloop
 endfacet
 facet normal -1.159715e-15  8.767055e-17 -1.000000e+00
   outer loop
     vertex  1.300000e+01  2.700000e+01  7.105427e-15
     vertex  7.693246e+00  3.784861e+01  1.421085e-14
     vertex  7.696762e+00  3.789512e+01  1.421085e-14
   endloop
 endfacet
 facet normal -1.219444e-15  5.859738e-17 -1.000000e+00
   outer loop
     vertex  1.300000e+01  2.700000e+01  7.105427e-15
     vertex  7.696762e+00  3.789512e+01  1.421085e-14
     vertex  7.699000e+00  3.794171e+01  1.421085e-14
   endloop
 endfacet
 facet normal -1.285773e-15  2.646252e-17 -1.000000e+00
   outer loop
     vertex  1.300000e+01  2.700000e+01  7.105427e-15
     vertex  7.699000e+00  3.794171e+01  1.421085e-14
     vertex  7.699960e+00  3.798834e+01  1.421085e-14
   endloop
 endfacet
 facet normal -1.359977e-15 -9.328738e-18 -1.000000e+00
   outer loop
     vertex  1.300000e+01  2.700000e+01  7.105427e-15
     vertex  7.699960e+00  3.798834e+01  1.421085e-14
     vertex  7.699640e+00  3.803498e+01  1.421085e-14
   endloop
 endfacet
 facet normal -0.000000e+00  0.000000e+00 -1.000000e+00
   outer loop
     vertex  3.680205e+01  3.920620e+01  0.000000e+00
     vertex  7.230592e+00  3.917288e+01  0.000000e+00
     vertex  7.197952e+00  3.920620e+01  0.000000e+00
   endloop
 endfacet
 facet normal  0.000000e+00  0.000000e+00 -1.000000e+00
   outer loop
     vertex  3.680205e+01  3.920620e+01  0.000000e+00
     vertex  7.197952e+00  3.920620e+01  0.000000e+00
     vertex  7.164410e+00  3.923861e+01  0.000000e+00
   endloop
 endfacet
 facet normal  2.385053e-16  2.401469e-16 -1.000000e+00
   outer loop
     vertex  4.802048e+00  7.206197e+00  7.105427e-15
     vertex  4.785614e+00  3.681035e+01  1.421085e-14
     vertex  4.818708e+00  3.677748e+01  1.421085e-14
   endloop
 endfacet
 facet normal  2.513975e-16  2.396073e-16 -1.000000e+00
   outer loop
     vertex  4.769408e+00  7.172879e+00  7.105427e-15
     vertex  4.753434e+00  3.684411e+01  1.421085e-14
     vertex  4.785614e+00  3.681035e+01  1.421085e-14
   endloop
 endfacet
 facet normal -2.448664e-16  2.398786e-16 -1.000000e+00
   outer loop
     vertex  4.769408e+00  7.172879e+00  7.105427e-15
     vertex  4.785614e+00  3.681035e+01  1.421085e-14
     vertex  4.802048e+00  7.206197e+00  7.105427e-15
   endloop
 endfacet
 facet normal  0.000000e+00  0.000000e+00 -1.000000e+00
   outer loop
     vertex  3.676941e+01  3.917288e+01  0.000000e+00
     vertex  7.230592e+00  3.917288e+01  0.000000e+00
     vertex  3.680205e+01  3.920620e+01  0.000000e+00
   endloop
 endfacet
 facet normal -0.000000e+00  0.000000e+00 -1.000000e+00
   outer loop
     vertex  3.683559e+01  3.923861e+01  0.000000e+00
     vertex  3.680205e+01  3.920620e+01  0.000000e+00
     vertex  7.164410e+00  3.923861e+01  0.000000e+00
   endloop
 endfacet
 facet normal  2.262568e-16  2.406743e-16 -1.000000e+00
   outer loop
     vertex  4.835590e+00  7.238608e+00  7.105427e-15
     vertex  4.818708e+00  3.677748e+01  1.421085e-14
     vertex  4.852691e+00  3.674553e+01  1.421085e-14
   endloop
 endfacet
 facet normal -2.323050e-16  2.404122e-16 -1.000000e+00
   outer loop
     vertex  4.835590e+00  7.238608e+00  7.105427e-15
     vertex  4.802048e+00  7.206197e+00  7.105427e-15
     vertex  4.818708e+00  3.677748e+01  1.421085e-14
   endloop
 endfacet
 facet normal  0.000000e+00  0.000000e+00 -1.000000e+00
   outer loop
     vertex  3.673769e+01  3.913868e+01  0.000000e+00
     vertex  7.230592e+00  3.917288e+01  0.000000e+00
     vertex  3.676941e+01  3.917288e+01  0.000000e+00
   endloop
 endfacet
 facet normal  0.000000e+00  0.000000e+00 -1.000000e+00
   outer loop
     vertex  3.673769e+01  3.913868e+01  0.000000e+00
     vertex  7.262305e+00  3.913868e+01  0.000000e+00
     vertex  7.230592e+00  3.917288e+01  0.000000e+00
   endloop
 endfacet
 facet normal  2.650105e-16  2.390558e-16 -1.000000e+00
   outer loop
     vertex  4.737695e+00  7.138677e+00  7.105427e-15
     vertex  4.722193e+00  3.687875e+01  1.421085e-14
     vertex  4.753434e+00  3.684411e+01  1.421085e-14
   endloop
 endfacet
 facet normal -2.581086e-16  2.393330e-16 -1.000000e+00
   outer loop
     vertex  4.737695e+00  7.138677e+00  7.105427e-15
     vertex  4.753434e+00  3.684411e+01  1.421085e-14
     vertex  4.769408e+00  7.172879e+00  7.105427e-15
   endloop
 endfacet
 facet normal  0.000000e+00  0.000000e+00 -1.000000e+00
   outer loop
     vertex  3.687001e+01  3.927009e+01  0.000000e+00
     vertex  3.683559e+01  3.923861e+01  0.000000e+00
     vertex  7.164410e+00  3.923861e+01  0.000000e+00
   endloop
 endfacet
 facet normal -0.000000e+00  0.000000e+00 -1.000000e+00
   outer loop
     vertex  3.687001e+01  3.927009e+01  0.000000e+00
     vertex  7.164410e+00  3.923861e+01  0.000000e+00
     vertex  7.129992e+00  3.927009e+01  0.000000e+00
   endloop
 endfacet
 facet normal  2.145848e-16  2.411886e-16 -1.000000e+00
   outer loop
     vertex  4.870008e+00  7.270086e+00  7.105427e-15
     vertex  4.852691e+00  3.674553e+01  1.421085e-14
     vertex  4.887538e+00  3.671453e+01  1.421085e-14
   endloop
 endfacet
 facet normal -2.203526e-16  2.409331e-16 -1.000000e+00
   outer loop
     vertex  4.870008e+00  7.270086e+00  7.105427e-15
     vertex  4.835590e+00  7.238608e+00  7.105427e-15
     vertex  4.852691e+00  3.674553e+01  1.421085e-14
   endloop
 endfacet
 facet normal  2.794336e-16  2.384931e-16 -1.000000e+00
   outer loop
     vertex  4.706931e+00  7.103618e+00  7.105427e-15
     vertex  4.691913e+00  3.691422e+01  1.421085e-14
     vertex  4.722193e+00  3.687875e+01  1.421085e-14
   endloop
 endfacet
 facet normal -2.721147e-16  2.387758e-16 -1.000000e+00
   outer loop
     vertex  4.706931e+00  7.103618e+00  7.105427e-15
     vertex  4.722193e+00  3.687875e+01  1.421085e-14
     vertex  4.737695e+00  7.138677e+00  7.105427e-15
   endloop
 endfacet
 facet normal  0.000000e+00  0.000000e+00 -1.000000e+00
   outer loop
     vertex  3.670693e+01  3.910362e+01  0.000000e+00
     vertex  7.293069e+00  3.910362e+01  0.000000e+00
     vertex  7.262305e+00  3.913868e+01  0.000000e+00
   endloop
 endfacet
 facet normal  0.000000e+00  0.000000e+00 -1.000000e+00
   outer loop
     vertex  3.670693e+01  3.910362e+01  0.000000e+00
     vertex  7.262305e+00  3.913868e+01  0.000000e+00
     vertex  3.673769e+01  3.913868e+01  0.000000e+00
   endloop
 endfacet
 facet normal  0.000000e+00  0.000000e+00 -1.000000e+00
   outer loop
     vertex  3.690528e+01  3.930061e+01  0.000000e+00
     vertex  3.687001e+01  3.927009e+01  0.000000e+00
     vertex  7.129992e+00  3.927009e+01  0.000000e+00
   endloop
 endfacet
 facet normal -0.000000e+00  0.000000e+00 -1.000000e+00
   outer loop
     vertex  3.690528e+01  3.930061e+01  0.000000e+00
     vertex  7.129992e+00  3.927009e+01  0.000000e+00
     vertex  7.094723e+00  3.930061e+01  0.000000e+00
   endloop
 endfacet
 facet normal  2.034302e-16  2.416895e-16 -1.000000e+00
   outer loop
     vertex  4.905277e+00  7.300608e+00  7.105427e-15
     vertex  4.887538e+00  3.671453e+01  1.421085e-14
     vertex  4.923222e+00  3.668450e+01  1.421085e-14
   endloop
 endfacet
 facet normal -2.089462e-16  2.414408e-16 -1.000000e+00
   outer loop
     vertex  4.905277e+00  7.300608e+00  7.105427e-15
     vertex  4.870008e+00  7.270086e+00  7.105427e-15
     vertex  4.887538e+00  3.671453e+01  1.421085e-14
   endloop
 endfacet
 facet normal  0.000000e+00  0.000000e+00 -1.000000e+00
   outer loop
     vertex  3.667714e+01  3.906773e+01  0.000000e+00
     vertex  7.293069e+00  3.910362e+01  0.000000e+00
     vertex  3.670693e+01  3.910362e+01  0.000000e+00
   endloop
 endfacet
 facet normal  0.000000e+00  0.000000e+00 -1.000000e+00
   outer loop
     vertex  3.667714e+01  3.906773e+01  0.000000e+00
     vertex  7.322859e+00  3.906773e+01  0.000000e+00
     vertex  7.293069e+00  3.910362e+01  0.000000e+00
   endloop
 endfacet
 facet normal -2.869805e-16  2.382078e-16 -1.000000e+00
   outer loop
     vertex  4.677141e+00  7.067729e+00  7.105427e-15
     vertex  4.691913e+00  3.691422e+01  1.421085e-14
     vertex  4.706931e+00  7.103618e+00  7.105427e-15
   endloop
 endfacet
 facet normal  2.947699e-16  2.379198e-16 -1.000000e+00
   outer loop
     vertex  4.677141e+00  7.067729e+00  7.105427e-15
     vertex  4.662618e+00  3.695052e+01  1.421085e-14
     vertex  4.691913e+00  3.691422e+01  1.421085e-14
   endloop
 endfacet
 facet normal  1.927412e-16  2.421763e-16 -1.000000e+00
   outer loop
     vertex  4.941370e+00  7.330152e+00  7.105427e-15
     vertex  4.923222e+00  3.668450e+01  1.421085e-14
     vertex  4.959717e+00  3.665545e+01  1.421085e-14
   endloop
 endfacet
 facet normal -1.980305e-16  2.419347e-16 -1.000000e+00
   outer loop
     vertex  4.941370e+00  7.330152e+00  7.105427e-15
     vertex  4.905277e+00  7.300608e+00  7.105427e-15
     vertex  4.923222e+00  3.668450e+01  1.421085e-14
   endloop
 endfacet
 facet normal  0.000000e+00  0.000000e+00 -1.000000e+00
   outer loop
     vertex  3.694137e+01  3.933015e+01  0.000000e+00
     vertex  3.690528e+01  3.930061e+01  0.000000e+00
     vertex  7.094723e+00  3.930061e+01  0.000000e+00
   endloop
 endfacet
 facet normal -0.000000e+00  0.000000e+00 -1.000000e+00
   outer loop
     vertex  3.694137e+01  3.933015e+01  0.000000e+00
     vertex  7.094723e+00  3.930061e+01  0.000000e+00
     vertex  7.058630e+00  3.933015e+01  0.000000e+00
   endloop
 endfacet
 facet normal  0.000000e+00  0.000000e+00 -1.000000e+00
   outer loop
     vertex  3.664835e+01  3.903104e+01  0.000000e+00
     vertex  7.322859e+00  3.906773e+01  0.000000e+00
     vertex  3.667714e+01  3.906773e+01  0.000000e+00
   endloop
 endfacet
 facet normal  0.000000e+00  0.000000e+00 -1.000000e+00
   outer loop
     vertex  3.664835e+01  3.903104e+01  0.000000e+00
     vertex  7.351653e+00  3.903104e+01  0.000000e+00
     vertex  7.322859e+00  3.906773e+01  0.000000e+00
   endloop
 endfacet
 facet normal -3.028175e-16  2.376294e-16 -1.000000e+00
   outer loop
     vertex  4.648347e+00  7.031036e+00  7.105427e-15
     vertex  4.662618e+00  3.695052e+01  1.421085e-14
     vertex  4.677141e+00  7.067729e+00  7.105427e-15
   endloop
 endfacet
 facet normal  3.111403e-16  2.373365e-16 -1.000000e+00
   outer loop
     vertex  4.648347e+00  7.031036e+00  7.105427e-15
     vertex  4.634330e+00  3.698760e+01  1.421085e-14
     vertex  4.662618e+00  3.695052e+01  1.421085e-14
   endloop
 endfacet
 facet normal  0.000000e+00  0.000000e+00 -1.000000e+00
   outer loop
     vertex  3.697826e+01  3.935869e+01  0.000000e+00
     vertex  3.694137e+01  3.933015e+01  0.000000e+00
     vertex  7.058630e+00  3.933015e+01  0.000000e+00
   endloop
 endfacet
 facet normal -0.000000e+00  0.000000e+00 -1.000000e+00
   outer loop
     vertex  3.697826e+01  3.935869e+01  0.000000e+00
     vertex  7.058630e+00  3.933015e+01  0.000000e+00
     vertex  7.021740e+00  3.935869e+01  0.000000e+00
   endloop
 endfacet
 facet normal  1.824720e-16  2.426484e-16 -1.000000e+00
   outer loop
     vertex  4.978260e+00  7.358693e+00  7.105427e-15
     vertex  4.959717e+00  3.665545e+01  1.421085e-14
     vertex  4.996995e+00  3.662742e+01  1.421085e-14
   endloop
 endfacet
 facet normal -1.875568e-16  2.424142e-16 -1.000000e+00
   outer loop
     vertex  4.978260e+00  7.358693e+00  7.105427e-15
     vertex  4.941370e+00  7.330152e+00  7.105427e-15
     vertex  4.959717e+00  3.665545e+01  1.421085e-14
   endloop
 endfacet
 facet normal -3.679386e-28 -3.792658e-13 -1.000000e+00
   outer loop
     vertex  3.662057e+01  3.899357e+01  1.421085e-14
     vertex  7.351653e+00  3.903104e+01  0.000000e+00
     vertex  3.664835e+01  3.903104e+01  0.000000e+00
   endloop
 endfacet
 facet normal -0.000000e+00 -3.792658e-13 -1.000000e+00
   outer loop
     vertex  3.662057e+01  3.899357e+01  1.421085e-14
     vertex  7.379430e+00  3.899357e+01  1.421085e-14
     vertex  7.351653e+00  3.903104e+01  0.000000e+00
   endloop
 endfacet
 facet normal -3.197565e-16  2.370413e-16 -1.000000e+00
   outer loop
     vertex  4.620570e+00  6.993566e+00  7.105427e-15
     vertex  4.634330e+00  3.698760e+01  1.421085e-14
     vertex  4.648347e+00  7.031036e+00  7.105427e-15
   endloop
 endfacet
 facet normal  3.286863e-16  2.367439e-16 -1.000000e+00
   outer loop
     vertex  4.620570e+00  6.993566e+00  7.105427e-15
     vertex  4.607070e+00  3.702545e+01  1.421085e-14
     vertex  4.634330e+00  3.698760e+01  1.421085e-14
   endloop
 endfacet
 facet normal  0.000000e+00  0.000000e+00 -1.000000e+00
   outer loop
     vertex  3.701592e+01  3.938621e+01  0.000000e+00
     vertex  3.697826e+01  3.935869e+01  0.000000e+00
     vertex  7.021740e+00  3.935869e+01  0.000000e+00
   endloop
 endfacet
 facet normal -0.000000e+00  0.000000e+00 -1.000000e+00
   outer loop
     vertex  3.701592e+01  3.938621e+01  0.000000e+00
     vertex  7.021740e+00  3.935869e+01  0.000000e+00
     vertex  6.984081e+00  3.938621e+01  0.000000e+00
   endloop
 endfacet
 facet normal  1.725820e-16  2.431053e-16 -1.000000e+00
   outer loop
     vertex  5.015919e+00  7.386212e+00  7.105427e-15
     vertex  4.996995e+00  3.662742e+01  1.421085e-14
     vertex  5.035028e+00  3.660042e+01  1.421085e-14
   endloop
 endfacet
 facet normal -1.774820e-16  2.428788e-16 -1.000000e+00
   outer loop
     vertex  5.015919e+00  7.386212e+00  7.105427e-15
     vertex  4.978260e+00  7.358693e+00  7.105427e-15
     vertex  4.996995e+00  3.662742e+01  1.421085e-14
   endloop
 endfacet
 facet normal  0.000000e+00  0.000000e+00 -1.000000e+00
   outer loop
     vertex  3.659383e+01  3.895535e+01  1.421085e-14
     vertex  7.379430e+00  3.899357e+01  1.421085e-14
     vertex  3.662057e+01  3.899357e+01  1.421085e-14
   endloop
 endfacet
 facet normal  0.000000e+00  0.000000e+00 -1.000000e+00
   outer loop
     vertex  3.659383e+01  3.895535e+01  1.421085e-14
     vertex  7.406168e+00  3.895535e+01  1.421085e-14
     vertex  7.379430e+00  3.899357e+01  1.421085e-14
   endloop
 endfacet
 facet normal -3.379513e-16  2.364442e-16 -1.000000e+00
   outer loop
     vertex  4.593832e+00  6.955349e+00  7.105427e-15
     vertex  4.607070e+00  3.702545e+01  1.421085e-14
     vertex  4.620570e+00  6.993566e+00  7.105427e-15
   endloop
 endfacet
 facet normal  3.475756e-16  2.361424e-16 -1.000000e+00
   outer loop
     vertex  4.593832e+00  6.955349e+00  7.105427e-15
     vertex  4.580858e+00  3.706403e+01  1.421085e-14
     vertex  4.607070e+00  3.702545e+01  1.421085e-14
   endloop
 endfacet
 facet normal -1.677677e-16  2.433280e-16 -1.000000e+00
   outer loop
     vertex  5.054319e+00  7.412688e+00  7.105427e-15
     vertex  5.015919e+00  7.386212e+00  7.105427e-15
     vertex  5.035028e+00  3.660042e+01  1.421085e-14
   endloop
 endfacet
 facet normal  1.630349e-16  2.435466e-16 -1.000000e+00
   outer loop
     vertex  5.054319e+00  7.412688e+00  7.105427e-15
     vertex  5.035028e+00  3.660042e+01  1.421085e-14
     vertex  5.073788e+00  3.657447e+01  1.421085e-14
   endloop
 endfacet
 facet normal  0.000000e+00  0.000000e+00 -1.000000e+00
   outer loop
     vertex  3.705432e+01  3.941269e+01  0.000000e+00
     vertex  3.701592e+01  3.938621e+01  0.000000e+00
     vertex  6.984081e+00  3.938621e+01  0.000000e+00
   endloop
 endfacet
 facet normal -0.000000e+00  0.000000e+00 -1.000000e+00
   outer loop
     vertex  3.705432e+01  3.941269e+01  0.000000e+00
     vertex  6.984081e+00  3.938621e+01  0.000000e+00
     vertex  6.945681e+00  3.941269e+01  0.000000e+00
   endloop
 endfacet
 facet normal -3.575849e-16  2.358386e-16 -1.000000e+00
   outer loop
     vertex  4.568152e+00  6.916412e+00  7.105427e-15
     vertex  4.580858e+00  3.706403e+01  1.421085e-14
     vertex  4.593832e+00  6.955349e+00  7.105427e-15
   endloop
 endfacet
 facet normal  3.680080e-16  2.355327e-16 -1.000000e+00
   outer loop
     vertex  4.568152e+00  6.916412e+00  7.105427e-15
     vertex  4.555715e+00  3.710332e+01  1.421085e-14
     vertex  4.580858e+00  3.706403e+01  1.421085e-14
   endloop
 endfacet
 facet normal  0.000000e+00  0.000000e+00 -1.000000e+00
   outer loop
     vertex  3.656815e+01  3.891641e+01  1.421085e-14
     vertex  7.406168e+00  3.895535e+01  1.421085e-14
     vertex  3.659383e+01  3.895535e+01  1.421085e-14
   endloop
 endfacet
 facet normal -0.000000e+00  0.000000e+00 -1.000000e+00
   outer loop
     vertex  3.656815e+01  3.891641e+01  1.421085e-14
     vertex  7.456450e+00  3.887679e+01  1.421085e-14
     vertex  7.431848e+00  3.891641e+01  1.421085e-14
   endloop
 endfacet
 facet normal  0.000000e+00  0.000000e+00 -1.000000e+00
   outer loop
     vertex  3.656815e+01  3.891641e+01  1.421085e-14
     vertex  7.431848e+00  3.891641e+01  1.421085e-14
     vertex  7.406168e+00  3.895535e+01  1.421085e-14
   endloop
 endfacet
 facet normal -1.583796e-16  2.437612e-16 -1.000000e+00
   outer loop
     vertex  5.093431e+00  7.438100e+00  7.105427e-15
     vertex  5.054319e+00  7.412688e+00  7.105427e-15
     vertex  5.073788e+00  3.657447e+01  1.421085e-14
   endloop
 endfacet
 facet normal  1.537982e-16  2.439716e-16 -1.000000e+00
   outer loop
     vertex  5.093431e+00  7.438100e+00  7.105427e-15
     vertex  5.073788e+00  3.657447e+01  1.421085e-14
     vertex  5.113244e+00  3.654960e+01  1.421085e-14
   endloop
 endfacet
 facet normal  0.000000e+00  0.000000e+00 -1.000000e+00
   outer loop
     vertex  3.709343e+01  3.943810e+01  0.000000e+00
     vertex  3.705432e+01  3.941269e+01  0.000000e+00
     vertex  6.945681e+00  3.941269e+01  0.000000e+00
   endloop
 endfacet
 facet normal -0.000000e+00  0.000000e+00 -1.000000e+00
   outer loop
     vertex  3.709343e+01  3.943810e+01  0.000000e+00
     vertex  6.945681e+00  3.941269e+01  0.000000e+00
     vertex  6.906569e+00  3.943810e+01  0.000000e+00
   endloop
 endfacet
 facet normal  0.000000e+00  0.000000e+00 -1.000000e+00
   outer loop
     vertex  3.654355e+01  3.887679e+01  1.421085e-14
     vertex  7.456450e+00  3.887679e+01  1.421085e-14
     vertex  3.656815e+01  3.891641e+01  1.421085e-14
   endloop
 endfacet
 facet normal -3.788760e-16  2.352250e-16 -1.000000e+00
   outer loop
     vertex  4.543550e+00  6.876786e+00  7.105427e-15
     vertex  4.555715e+00  3.710332e+01  1.421085e-14
     vertex  4.568152e+00  6.916412e+00  7.105427e-15
   endloop
 endfacet
 facet normal  3.902236e-16  2.349155e-16 -1.000000e+00
   outer loop
     vertex  4.543550e+00  6.876786e+00  7.105427e-15
     vertex  4.531659e+00  3.714328e+01  1.421085e-14
     vertex  4.555715e+00  3.710332e+01  1.421085e-14
   endloop
 endfacet
 facet normal  0.000000e+00  0.000000e+00 -1.000000e+00
   outer loop
     vertex  3.713322e+01  3.946243e+01  0.000000e+00
     vertex  3.709343e+01  3.943810e+01  0.000000e+00
     vertex  6.906569e+00  3.943810e+01  0.000000e+00
   endloop
 endfacet
 facet normal -0.000000e+00  0.000000e+00 -1.000000e+00
   outer loop
     vertex  3.713322e+01  3.946243e+01  0.000000e+00
     vertex  6.906569e+00  3.943810e+01  0.000000e+00
     vertex  6.866775e+00  3.946243e+01  0.000000e+00
   endloop
 endfacet
 facet normal  0.000000e+00  0.000000e+00 -1.000000e+00
   outer loop
     vertex  3.713322e+01  3.946243e+01  0.000000e+00
     vertex  6.866775e+00  3.946243e+01  0.000000e+00
     vertex  6.826329e+00  3.948566e+01  0.000000e+00
   endloop
 endfacet
 facet normal  1.448429e-16  2.443800e-16 -1.000000e+00
   outer loop
     vertex  5.133225e+00  7.462430e+00  7.105427e-15
     vertex  5.113244e+00  3.654960e+01  1.421085e-14
     vertex  5.153368e+00  3.652582e+01  1.421085e-14
   endloop
 endfacet
 facet normal -1.492871e-16  2.441779e-16 -1.000000e+00
   outer loop
     vertex  5.133225e+00  7.462430e+00  7.105427e-15
     vertex  5.093431e+00  7.438100e+00  7.105427e-15
     vertex  5.113244e+00  3.654960e+01  1.421085e-14
   endloop
 endfacet
 facet normal -4.020888e-16  2.346042e-16 -1.000000e+00
   outer loop
     vertex  4.520045e+00  6.836500e+00  7.105427e-15
     vertex  4.531659e+00  3.714328e+01  1.421085e-14
     vertex  4.543550e+00  6.876786e+00  7.105427e-15
   endloop
 endfacet
 facet normal  4.145137e-16  2.342913e-16 -1.000000e+00
   outer loop
     vertex  4.520045e+00  6.836500e+00  7.105427e-15
     vertex  4.508708e+00  3.718388e+01  1.421085e-14
     vertex  4.531659e+00  3.714328e+01  1.421085e-14
   endloop
 endfacet
 facet normal  0.000000e+00  0.000000e+00 -1.000000e+00
   outer loop
     vertex  3.652004e+01  3.883650e+01  1.421085e-14
     vertex  7.456450e+00  3.887679e+01  1.421085e-14
     vertex  3.654355e+01  3.887679e+01  1.421085e-14
   endloop
 endfacet
 facet normal  0.000000e+00  0.000000e+00 -1.000000e+00
   outer loop
     vertex  3.652004e+01  3.883650e+01  1.421085e-14
     vertex  7.479955e+00  3.883650e+01  1.421085e-14
     vertex  7.456450e+00  3.887679e+01  1.421085e-14
   endloop
 endfacet
 facet normal -0.000000e+00  0.000000e+00 -1.000000e+00
   outer loop
     vertex  3.717367e+01  3.948566e+01  0.000000e+00
     vertex  3.713322e+01  3.946243e+01  0.000000e+00
     vertex  6.826329e+00  3.948566e+01  0.000000e+00
   endloop
 endfacet
 facet normal  1.361426e-16  2.447711e-16 -1.000000e+00
   outer loop
     vertex  5.173671e+00  7.485658e+00  7.105427e-15
     vertex  5.153368e+00  3.652582e+01  1.421085e-14
     vertex  5.194130e+00  3.650315e+01  1.421085e-14
   endloop
 endfacet
 facet normal  0.000000e+00  0.000000e+00 -1.000000e+00
   outer loop
     vertex  5.173671e+00  7.485658e+00  7.105427e-15
     vertex  1.300000e+01  2.700000e+01  7.105427e-15
     vertex  1.300000e+01  1.700000e+01  7.105427e-15
   endloop
 endfacet
 facet normal -1.404624e-16  2.445777e-16 -1.000000e+00
   outer loop
     vertex  5.173671e+00  7.485658e+00  7.105427e-15
     vertex  5.133225e+00  7.462430e+00  7.105427e-15
     vertex  5.153368e+00  3.652582e+01  1.421085e-14
   endloop
 endfacet
 facet normal -6.116322e-16  2.452983e-16 -1.000000e+00
   outer loop
     vertex  5.173671e+00  7.485658e+00  7.105427e-15
     vertex  5.194130e+00  3.650315e+01  1.421085e-14
     vertex  1.300000e+01  2.700000e+01  7.105427e-15
   endloop
 endfacet
 facet normal  0.000000e+00  0.000000e+00 -1.000000e+00
   outer loop
     vertex  3.649765e+01  3.879558e+01  1.421085e-14
     vertex  7.479955e+00  3.883650e+01  1.421085e-14
     vertex  3.652004e+01  3.883650e+01  1.421085e-14
   endloop
 endfacet
 facet normal  0.000000e+00  0.000000e+00 -1.000000e+00
   outer loop
     vertex  3.649765e+01  3.879558e+01  1.421085e-14
     vertex  7.502347e+00  3.879558e+01  1.421085e-14
     vertex  7.479955e+00  3.883650e+01  1.421085e-14
   endloop
 endfacet
 facet normal -4.275451e-16  2.339767e-16 -1.000000e+00
   outer loop
     vertex  4.497653e+00  6.795584e+00  7.105427e-15
     vertex  4.508708e+00  3.718388e+01  1.421085e-14
     vertex  4.520045e+00  6.836500e+00  7.105427e-15
   endloop
 endfacet
 facet normal  4.412350e-16  2.336606e-16 -1.000000e+00
   outer loop
     vertex  4.497653e+00  6.795584e+00  7.105427e-15
     vertex  4.486880e+00  3.722510e+01  1.421085e-14
     vertex  4.508708e+00  3.718388e+01  1.421085e-14
   endloop
 endfacet
 facet normal -0.000000e+00  0.000000e+00 -1.000000e+00
   outer loop
     vertex  3.721474e+01  3.950777e+01  0.000000e+00
     vertex  6.826329e+00  3.948566e+01  0.000000e+00
     vertex  6.785260e+00  3.950777e+01  0.000000e+00
   endloop
 endfacet
 facet normal  0.000000e+00  0.000000e+00 -1.000000e+00
   outer loop
     vertex  3.721474e+01  3.950777e+01  0.000000e+00
     vertex  3.717367e+01  3.948566e+01  0.000000e+00
     vertex  6.826329e+00  3.948566e+01  0.000000e+00
   endloop
 endfacet
 facet normal -0.000000e+00  0.000000e+00 -1.000000e+00
   outer loop
     vertex  5.214740e+00  7.507769e+00  7.105427e-15
     vertex  5.173671e+00  7.485658e+00  7.105427e-15
     vertex  1.300000e+01  1.700000e+01  7.105427e-15
   endloop
 endfacet
 facet normal  0.000000e+00  0.000000e+00 -1.000000e+00
   outer loop
     vertex  3.647639e+01  3.875407e+01  1.421085e-14
     vertex  7.502347e+00  3.879558e+01  1.421085e-14
     vertex  3.649765e+01  3.879558e+01  1.421085e-14
   endloop
 endfacet
 facet normal  0.000000e+00  0.000000e+00 -1.000000e+00
   outer loop
     vertex  3.647639e+01  3.875407e+01  1.421085e-14
     vertex  7.523608e+00  3.875407e+01  1.421085e-14
     vertex  7.502347e+00  3.879558e+01  1.421085e-14
   endloop
 endfacet
 facet normal -4.556413e-16  2.333431e-16 -1.000000e+00
   outer loop
     vertex  4.476392e+00  6.754069e+00  7.105427e-15
     vertex  4.486880e+00  3.722510e+01  1.421085e-14
     vertex  4.497653e+00  6.795584e+00  7.105427e-15
   endloop
 endfacet
 facet normal  3.517470e-15  2.319756e-16 -1.000000e+00
   outer loop
     vertex  4.476392e+00  6.754069e+00  7.105427e-15
     vertex  0.000000e+00  4.400000e+01  0.000000e+00
     vertex  4.486880e+00  3.722510e+01  1.421085e-14
   endloop
 endfacet
 facet normal -0.000000e+00  0.000000e+00 -1.000000e+00
   outer loop
     vertex  5.256400e+00  7.528744e+00  7.105427e-15
     vertex  5.214740e+00  7.507769e+00  7.105427e-15
     vertex  1.300000e+01  1.700000e+01  7.105427e-15
   endloop
 endfacet
 facet normal -0.000000e+00  0.000000e+00 -1.000000e+00
   outer loop
     vertex  3.725640e+01  3.952874e+01  0.000000e+00
     vertex  6.785260e+00  3.950777e+01  0.000000e+00
     vertex  6.743600e+00  3.952874e+01  0.000000e+00
   endloop
 endfacet
 facet normal  0.000000e+00  0.000000e+00 -1.000000e+00
   outer loop
     vertex  3.725640e+01  3.952874e+01  0.000000e+00
     vertex  3.721474e+01  3.950777e+01  0.000000e+00
     vertex  6.785260e+00  3.950777e+01  0.000000e+00
   endloop
 endfacet
 facet normal  0.000000e+00  0.000000e+00 -1.000000e+00
   outer loop
     vertex  3.725640e+01  3.952874e+01  0.000000e+00
     vertex  6.743600e+00  3.952874e+01  0.000000e+00
     vertex  0.000000e+00  4.400000e+01  0.000000e+00
   endloop
 endfacet
 facet normal  0.000000e+00  0.000000e+00 -1.000000e+00
   outer loop
     vertex  3.645628e+01  3.871199e+01  1.421085e-14
     vertex  7.523608e+00  3.875407e+01  1.421085e-14
     vertex  3.647639e+01  3.875407e+01  1.421085e-14
   endloop
 endfacet
 facet normal -0.000000e+00  0.000000e+00 -1.000000e+00
   outer loop
     vertex  3.645628e+01  3.871199e+01  1.421085e-14
     vertex  7.562673e+00  3.866937e+01  1.421085e-14
     vertex  7.543721e+00  3.871199e+01  1.421085e-14
   endloop
 endfacet
 facet normal  0.000000e+00  0.000000e+00 -1.000000e+00
   outer loop
     vertex  3.645628e+01  3.871199e+01  1.421085e-14
     vertex  7.543721e+00  3.871199e+01  1.421085e-14
     vertex  7.523608e+00  3.875407e+01  1.421085e-14
   endloop
 endfacet
 facet normal -0.000000e+00  0.000000e+00 -1.000000e+00
   outer loop
     vertex  5.298619e+00  7.548569e+00  7.105427e-15
     vertex  5.256400e+00  7.528744e+00  7.105427e-15
     vertex  1.300000e+01  1.700000e+01  7.105427e-15
   endloop
 endfacet
 facet normal  0.000000e+00  0.000000e+00 -1.000000e+00
   outer loop
     vertex  3.643733e+01  3.866937e+01  1.421085e-14
     vertex  7.562673e+00  3.866937e+01  1.421085e-14
     vertex  3.645628e+01  3.871199e+01  1.421085e-14
   endloop
 endfacet
 facet normal -0.000000e+00  0.000000e+00 -1.000000e+00
   outer loop
     vertex  5.341367e+00  7.567228e+00  7.105427e-15
     vertex  5.298619e+00  7.548569e+00  7.105427e-15
     vertex  1.300000e+01  1.700000e+01  7.105427e-15
   endloop
 endfacet
 facet normal -0.000000e+00  0.000000e+00 -1.000000e+00
   outer loop
     vertex  3.641955e+01  3.862625e+01  1.421085e-14
     vertex  7.597034e+00  3.858265e+01  1.421085e-14
     vertex  7.580448e+00  3.862625e+01  1.421085e-14
   endloop
 endfacet
 facet normal  0.000000e+00  0.000000e+00 -1.000000e+00
   outer loop
     vertex  3.641955e+01  3.862625e+01  1.421085e-14
     vertex  7.580448e+00  3.862625e+01  1.421085e-14
     vertex  7.562673e+00  3.866937e+01  1.421085e-14
   endloop
 endfacet
 facet normal  0.000000e+00  0.000000e+00 -1.000000e+00
   outer loop
     vertex  3.641955e+01  3.862625e+01  1.421085e-14
     vertex  7.562673e+00  3.866937e+01  1.421085e-14
     vertex  3.643733e+01  3.866937e+01  1.421085e-14
   endloop
 endfacet
 facet normal -0.000000e+00  0.000000e+00 -1.000000e+00
   outer loop
     vertex  5.384610e+00  7.584707e+00  7.105427e-15
     vertex  5.341367e+00  7.567228e+00  7.105427e-15
     vertex  1.300000e+01  1.700000e+01  7.105427e-15
   endloop
 endfacet
 facet normal  0.000000e+00  0.000000e+00 -1.000000e+00
   outer loop
     vertex  3.640297e+01  3.858265e+01  1.421085e-14
     vertex  7.597034e+00  3.858265e+01  1.421085e-14
     vertex  3.641955e+01  3.862625e+01  1.421085e-14
   endloop
 endfacet
 facet normal -0.000000e+00  0.000000e+00 -1.000000e+00
   outer loop
     vertex  5.428317e+00  7.600993e+00  7.105427e-15
     vertex  5.384610e+00  7.584707e+00  7.105427e-15
     vertex  1.300000e+01  1.700000e+01  7.105427e-15
   endloop
 endfacet
 facet normal  0.000000e+00  0.000000e+00 -1.000000e+00
   outer loop
     vertex  3.638758e+01  3.853862e+01  1.421085e-14
     vertex  7.597034e+00  3.858265e+01  1.421085e-14
     vertex  3.640297e+01  3.858265e+01  1.421085e-14
   endloop
 endfacet
 facet normal  0.000000e+00  0.000000e+00 -1.000000e+00
   outer loop
     vertex  3.638758e+01  3.853862e+01  1.421085e-14
     vertex  7.612417e+00  3.853862e+01  1.421085e-14
     vertex  7.597034e+00  3.858265e+01  1.421085e-14
   endloop
 endfacet
 facet normal -0.000000e+00  0.000000e+00 -1.000000e+00
   outer loop
     vertex  5.472454e+00  7.616074e+00  7.105427e-15
     vertex  5.428317e+00  7.600993e+00  7.105427e-15
     vertex  1.300000e+01  1.700000e+01  7.105427e-15
   endloop
 endfacet
 facet normal  0.000000e+00  0.000000e+00 -1.000000e+00
   outer loop
     vertex  3.637341e+01  3.849418e+01  1.421085e-14
     vertex  7.612417e+00  3.853862e+01  1.421085e-14
     vertex  3.638758e+01  3.853862e+01  1.421085e-14
   endloop
 endfacet
 facet normal -0.000000e+00  0.000000e+00 -1.000000e+00
   outer loop
     vertex  3.637341e+01  3.849418e+01  1.421085e-14
     vertex  7.639532e+00  3.844937e+01  1.421085e-14
     vertex  7.626587e+00  3.849418e+01  1.421085e-14
   endloop
 endfacet
 facet normal  0.000000e+00  0.000000e+00 -1.000000e+00
   outer loop
     vertex  3.637341e+01  3.849418e+01  1.421085e-14
     vertex  7.626587e+00  3.849418e+01  1.421085e-14
     vertex  7.612417e+00  3.853862e+01  1.421085e-14
   endloop
 endfacet
 facet normal -0.000000e+00  0.000000e+00 -1.000000e+00
   outer loop
     vertex  5.516988e+00  7.629938e+00  7.105427e-15
     vertex  5.472454e+00  7.616074e+00  7.105427e-15
     vertex  1.300000e+01  1.700000e+01  7.105427e-15
   endloop
 endfacet
 facet normal  0.000000e+00  0.000000e+00 -1.000000e+00
   outer loop
     vertex  3.636047e+01  3.844937e+01  1.421085e-14
     vertex  7.639532e+00  3.844937e+01  1.421085e-14
     vertex  3.637341e+01  3.849418e+01  1.421085e-14
   endloop
 endfacet
 facet normal -0.000000e+00  0.000000e+00 -1.000000e+00
   outer loop
     vertex  5.561885e+00  7.642576e+00  7.105427e-15
     vertex  5.516988e+00  7.629938e+00  7.105427e-15
     vertex  1.300000e+01  1.700000e+01  7.105427e-15
   endloop
 endfacet
 facet normal  0.000000e+00  0.000000e+00 -1.000000e+00
   outer loop
     vertex  3.634876e+01  3.840422e+01  1.421085e-14
     vertex  7.651243e+00  3.840422e+01  1.421085e-14
     vertex  7.639532e+00  3.844937e+01  1.421085e-14
   endloop
 endfacet
 facet normal  0.000000e+00  0.000000e+00 -1.000000e+00
   outer loop
     vertex  3.634876e+01  3.840422e+01  1.421085e-14
     vertex  7.639532e+00  3.844937e+01  1.421085e-14
     vertex  3.636047e+01  3.844937e+01  1.421085e-14
   endloop
 endfacet
 facet normal -0.000000e+00  0.000000e+00 -1.000000e+00
   outer loop
     vertex  5.607113e+00  7.653977e+00  7.105427e-15
     vertex  5.561885e+00  7.642576e+00  7.105427e-15
     vertex  1.300000e+01  1.700000e+01  7.105427e-15
   endloop
 endfacet
 facet normal  0.000000e+00  0.000000e+00 -1.000000e+00
   outer loop
     vertex  3.633829e+01  3.835877e+01  1.421085e-14
     vertex  7.651243e+00  3.840422e+01  1.421085e-14
     vertex  3.634876e+01  3.840422e+01  1.421085e-14
   endloop
 endfacet
 facet normal -0.000000e+00  0.000000e+00 -1.000000e+00
   outer loop
     vertex  3.633829e+01  3.835877e+01  1.421085e-14
     vertex  7.670928e+00  3.831305e+01  1.421085e-14
     vertex  7.661711e+00  3.835877e+01  1.421085e-14
   endloop
 endfacet
 facet normal  0.000000e+00  0.000000e+00 -1.000000e+00
   outer loop
     vertex  3.633829e+01  3.835877e+01  1.421085e-14
     vertex  7.661711e+00  3.835877e+01  1.421085e-14
     vertex  7.651243e+00  3.840422e+01  1.421085e-14
   endloop
 endfacet
 facet normal -0.000000e+00  0.000000e+00 -1.000000e+00
   outer loop
     vertex  5.652636e+00  7.664133e+00  7.105427e-15
     vertex  5.607113e+00  7.653977e+00  7.105427e-15
     vertex  1.300000e+01  1.700000e+01  7.105427e-15
   endloop
 endfacet
 facet normal  0.000000e+00  0.000000e+00 -1.000000e+00
   outer loop
     vertex  3.632907e+01  3.831305e+01  1.421085e-14
     vertex  7.670928e+00  3.831305e+01  1.421085e-14
     vertex  3.633829e+01  3.835877e+01  1.421085e-14
   endloop
 endfacet
 facet normal -0.000000e+00  0.000000e+00 -1.000000e+00
   outer loop
     vertex  5.698420e+00  7.673036e+00  7.105427e-15
     vertex  5.652636e+00  7.664133e+00  7.105427e-15
     vertex  1.300000e+01  1.700000e+01  7.105427e-15
   endloop
 endfacet
 facet normal  0.000000e+00  0.000000e+00 -1.000000e+00
   outer loop
     vertex  3.632111e+01  3.826709e+01  1.421085e-14
     vertex  7.670928e+00  3.831305e+01  1.421085e-14
     vertex  3.632907e+01  3.831305e+01  1.421085e-14
   endloop
 endfacet
 facet normal  0.000000e+00  0.000000e+00 -1.000000e+00
   outer loop
     vertex  3.632111e+01  3.826709e+01  1.421085e-14
     vertex  7.678887e+00  3.826709e+01  1.421085e-14
     vertex  7.670928e+00  3.831305e+01  1.421085e-14
   endloop
 endfacet
 facet normal -0.000000e+00  0.000000e+00 -1.000000e+00
   outer loop
     vertex  5.744432e+00  7.680680e+00  7.105427e-15
     vertex  5.698420e+00  7.673036e+00  7.105427e-15
     vertex  1.300000e+01  1.700000e+01  7.105427e-15
   endloop
 endfacet
 facet normal  0.000000e+00  0.000000e+00 -1.000000e+00
   outer loop
     vertex  3.631442e+01  3.822093e+01  1.421085e-14
     vertex  7.678887e+00  3.826709e+01  1.421085e-14
     vertex  3.632111e+01  3.826709e+01  1.421085e-14
   endloop
 endfacet
 facet normal  0.000000e+00  0.000000e+00 -1.000000e+00
   outer loop
     vertex  3.631442e+01  3.822093e+01  1.421085e-14
     vertex  7.685583e+00  3.822093e+01  1.421085e-14
     vertex  7.678887e+00  3.826709e+01  1.421085e-14
   endloop
 endfacet
 facet normal -0.000000e+00  0.000000e+00 -1.000000e+00
   outer loop
     vertex  5.790636e+00  7.687059e+00  7.105427e-15
     vertex  5.744432e+00  7.680680e+00  7.105427e-15
     vertex  1.300000e+01  1.700000e+01  7.105427e-15
   endloop
 endfacet
 facet normal  0.000000e+00  0.000000e+00 -1.000000e+00
   outer loop
     vertex  3.630899e+01  3.817461e+01  1.421085e-14
     vertex  7.691009e+00  3.817461e+01  1.421085e-14
     vertex  7.685583e+00  3.822093e+01  1.421085e-14
   endloop
 endfacet
 facet normal  0.000000e+00  0.000000e+00 -1.000000e+00
   outer loop
     vertex  3.630899e+01  3.817461e+01  1.421085e-14
     vertex  7.685583e+00  3.822093e+01  1.421085e-14
     vertex  3.631442e+01  3.822093e+01  1.421085e-14
   endloop
 endfacet
 facet normal -0.000000e+00  0.000000e+00 -1.000000e+00
   outer loop
     vertex  5.836998e+00  7.692167e+00  7.105427e-15
     vertex  5.790636e+00  7.687059e+00  7.105427e-15
     vertex  1.300000e+01  1.700000e+01  7.105427e-15
   endloop
 endfacet
 facet normal  0.000000e+00  0.000000e+00 -1.000000e+00
   outer loop
     vertex  3.630484e+01  3.812815e+01  1.421085e-14
     vertex  7.691009e+00  3.817461e+01  1.421085e-14
     vertex  3.630899e+01  3.817461e+01  1.421085e-14
   endloop
 endfacet
 facet normal  0.000000e+00  0.000000e+00 -1.000000e+00
   outer loop
     vertex  3.630484e+01  3.812815e+01  1.421085e-14
     vertex  7.695163e+00  3.812815e+01  1.421085e-14
     vertex  7.691009e+00  3.817461e+01  1.421085e-14
   endloop
 endfacet
 facet normal -0.000000e+00  0.000000e+00 -1.000000e+00
   outer loop
     vertex  5.883482e+00  7.696002e+00  7.105427e-15
     vertex  5.836998e+00  7.692167e+00  7.105427e-15
     vertex  1.300000e+01  1.700000e+01  7.105427e-15
   endloop
 endfacet
 facet normal  0.000000e+00  0.000000e+00 -1.000000e+00
   outer loop
     vertex  3.630196e+01  3.808160e+01  1.421085e-14
     vertex  7.698041e+00  3.808160e+01  1.421085e-14
     vertex  7.695163e+00  3.812815e+01  1.421085e-14
   endloop
 endfacet
 facet normal  0.000000e+00  0.000000e+00 -1.000000e+00
   outer loop
     vertex  3.630196e+01  3.808160e+01  1.421085e-14
     vertex  7.695163e+00  3.812815e+01  1.421085e-14
     vertex  3.630484e+01  3.812815e+01  1.421085e-14
   endloop
 endfacet
 facet normal -0.000000e+00  0.000000e+00 -1.000000e+00
   outer loop
     vertex  5.930054e+00  7.698560e+00  7.105427e-15
     vertex  5.883482e+00  7.696002e+00  7.105427e-15
     vertex  1.300000e+01  1.700000e+01  7.105427e-15
   endloop
 endfacet
 facet normal  0.000000e+00  0.000000e+00 -1.000000e+00
   outer loop
     vertex  3.630036e+01  3.803498e+01  1.421085e-14
     vertex  7.698041e+00  3.808160e+01  1.421085e-14
     vertex  3.630196e+01  3.808160e+01  1.421085e-14
   endloop
 endfacet
 facet normal  0.000000e+00  0.000000e+00 -1.000000e+00
   outer loop
     vertex  3.630036e+01  3.803498e+01  1.421085e-14
     vertex  7.699640e+00  3.803498e+01  1.421085e-14
     vertex  7.698041e+00  3.808160e+01  1.421085e-14
   endloop
 endfacet
 facet normal -0.000000e+00  0.000000e+00 -1.000000e+00
   outer loop
     vertex  5.976679e+00  7.699840e+00  7.105427e-15
     vertex  5.930054e+00  7.698560e+00  7.105427e-15
     vertex  1.300000e+01  1.700000e+01  7.105427e-15
   endloop
 endfacet
 facet normal  0.000000e+00  0.000000e+00 -1.000000e+00
   outer loop
     vertex  6.023321e+00  7.699840e+00  7.105427e-15
     vertex  5.976679e+00  7.699840e+00  7.105427e-15
     vertex  1.300000e+01  1.700000e+01  7.105427e-15
   endloop
 endfacet
 facet normal  0.000000e+00  0.000000e+00 -1.000000e+00
   outer loop
     vertex  6.069946e+00  7.698560e+00  7.105427e-15
     vertex  6.023321e+00  7.699840e+00  7.105427e-15
     vertex  1.300000e+01  1.700000e+01  7.105427e-15
   endloop
 endfacet
 facet normal  0.000000e+00  0.000000e+00 -1.000000e+00
   outer loop
     vertex  6.116518e+00  7.696002e+00  7.105427e-15
     vertex  6.069946e+00  7.698560e+00  7.105427e-15
     vertex  1.300000e+01  1.700000e+01  7.105427e-15
   endloop
 endfacet
 facet normal  0.000000e+00  0.000000e+00 -1.000000e+00
   outer loop
     vertex  6.163002e+00  7.692167e+00  7.105427e-15
     vertex  6.116518e+00  7.696002e+00  7.105427e-15
     vertex  1.300000e+01  1.700000e+01  7.105427e-15
   endloop
 endfacet
 facet normal  0.000000e+00  0.000000e+00 -1.000000e+00
   outer loop
     vertex  6.209364e+00  7.687059e+00  7.105427e-15
     vertex  6.163002e+00  7.692167e+00  7.105427e-15
     vertex  1.300000e+01  1.700000e+01  7.105427e-15
   endloop
 endfacet
 facet normal  0.000000e+00  0.000000e+00 -1.000000e+00
   outer loop
     vertex  6.255568e+00  7.680680e+00  7.105427e-15
     vertex  6.209364e+00  7.687059e+00  7.105427e-15
     vertex  1.300000e+01  1.700000e+01  7.105427e-15
   endloop
 endfacet
 facet normal  0.000000e+00  0.000000e+00 -1.000000e+00
   outer loop
     vertex  6.301580e+00  7.673036e+00  7.105427e-15
     vertex  6.255568e+00  7.680680e+00  7.105427e-15
     vertex  1.300000e+01  1.700000e+01  7.105427e-15
   endloop
 endfacet
 facet normal  0.000000e+00  0.000000e+00 -1.000000e+00
   outer loop
     vertex  6.347364e+00  7.664133e+00  7.105427e-15
     vertex  6.301580e+00  7.673036e+00  7.105427e-15
     vertex  1.300000e+01  1.700000e+01  7.105427e-15
   endloop
 endfacet
 facet normal  0.000000e+00  0.000000e+00 -1.000000e+00
   outer loop
     vertex  6.392887e+00  7.653977e+00  7.105427e-15
     vertex  6.347364e+00  7.664133e+00  7.105427e-15
     vertex  1.300000e+01  1.700000e+01  7.105427e-15
   endloop
 endfacet
 facet normal  0.000000e+00  0.000000e+00 -1.000000e+00
   outer loop
     vertex  6.438115e+00  7.642576e+00  7.105427e-15
     vertex  6.392887e+00  7.653977e+00  7.105427e-15
     vertex  1.300000e+01  1.700000e+01  7.105427e-15
   endloop
 endfacet
 facet normal  0.000000e+00  0.000000e+00 -1.000000e+00
   outer loop
     vertex  6.483012e+00  7.629938e+00  7.105427e-15
     vertex  6.438115e+00  7.642576e+00  7.105427e-15
     vertex  1.300000e+01  1.700000e+01  7.105427e-15
   endloop
 endfacet
 facet normal  0.000000e+00  0.000000e+00 -1.000000e+00
   outer loop
     vertex  6.527546e+00  7.616074e+00  7.105427e-15
     vertex  6.483012e+00  7.629938e+00  7.105427e-15
     vertex  1.300000e+01  1.700000e+01  7.105427e-15
   endloop
 endfacet
 facet normal  0.000000e+00  0.000000e+00 -1.000000e+00
   outer loop
     vertex  6.571683e+00  7.600993e+00  7.105427e-15
     vertex  6.527546e+00  7.616074e+00  7.105427e-15
     vertex  1.300000e+01  1.700000e+01  7.105427e-15
   endloop
 endfacet
 facet normal  0.000000e+00  0.000000e+00 -1.000000e+00
   outer loop
     vertex  6.615390e+00  7.584707e+00  7.105427e-15
     vertex  6.571683e+00  7.600993e+00  7.105427e-15
     vertex  1.300000e+01  1.700000e+01  7.105427e-15
   endloop
 endfacet
 facet normal  0.000000e+00  0.000000e+00 -1.000000e+00
   outer loop
     vertex  6.658633e+00  7.567228e+00  7.105427e-15
     vertex  6.615390e+00  7.584707e+00  7.105427e-15
     vertex  1.300000e+01  1.700000e+01  7.105427e-15
   endloop
 endfacet
 facet normal  0.000000e+00  0.000000e+00 -1.000000e+00
   outer loop
     vertex  6.701381e+00  7.548569e+00  7.105427e-15
     vertex  6.658633e+00  7.567228e+00  7.105427e-15
     vertex  1.300000e+01  1.700000e+01  7.105427e-15
   endloop
 endfacet
 facet normal  0.000000e+00  0.000000e+00 -1.000000e+00
   outer loop
     vertex  6.743600e+00  7.528744e+00  7.105427e-15
     vertex  6.701381e+00  7.548569e+00  7.105427e-15
     vertex  1.300000e+01  1.700000e+01  7.105427e-15
   endloop
 endfacet
 facet normal  0.000000e+00  0.000000e+00 -1.000000e+00
   outer loop
     vertex  6.785260e+00  7.507769e+00  7.105427e-15
     vertex  6.743600e+00  7.528744e+00  7.105427e-15
     vertex  1.300000e+01  1.700000e+01  7.105427e-15
   endloop
 endfacet
 facet normal  0.000000e+00  0.000000e+00 -1.000000e+00
   outer loop
     vertex  6.826329e+00  7.485658e+00  7.105427e-15
     vertex  6.785260e+00  7.507769e+00  7.105427e-15
     vertex  1.300000e+01  1.700000e+01  7.105427e-15
   endloop
 endfacet
 facet normal  0.000000e+00  0.000000e+00 -1.000000e+00
   outer loop
     vertex  6.866775e+00  7.462430e+00  7.105427e-15
     vertex  6.826329e+00  7.485658e+00  7.105427e-15
     vertex  1.300000e+01  1.700000e+01  7.105427e-15
   endloop
 endfacet
 facet normal  0.000000e+00  0.000000e+00 -1.000000e+00
   outer loop
     vertex  6.906569e+00  7.438100e+00  7.105427e-15
     vertex  6.866775e+00  7.462430e+00  7.105427e-15
     vertex  1.300000e+01  1.700000e+01  7.105427e-15
   endloop
 endfacet
 facet normal  0.000000e+00  0.000000e+00 -1.000000e+00
   outer loop
     vertex  6.945681e+00  7.412688e+00  7.105427e-15
     vertex  6.906569e+00  7.438100e+00  7.105427e-15
     vertex  1.300000e+01  1.700000e+01  7.105427e-15
   endloop
 endfacet
 facet normal  0.000000e+00  0.000000e+00 -1.000000e+00
   outer loop
     vertex  6.984081e+00  7.386212e+00  7.105427e-15
     vertex  6.945681e+00  7.412688e+00  7.105427e-15
     vertex  1.300000e+01  1.700000e+01  7.105427e-15
   endloop
 endfacet
 facet normal  0.000000e+00  0.000000e+00 -1.000000e+00
   outer loop
     vertex  7.021740e+00  7.358693e+00  7.105427e-15
     vertex  6.984081e+00  7.386212e+00  7.105427e-15
     vertex  1.300000e+01  1.700000e+01  7.105427e-15
   endloop
 endfacet
 facet normal  0.000000e+00  0.000000e+00 -1.000000e+00
   outer loop
     vertex  7.058630e+00  7.330152e+00  7.105427e-15
     vertex  7.021740e+00  7.358693e+00  7.105427e-15
     vertex  1.300000e+01  1.700000e+01  7.105427e-15
   endloop
 endfacet
 facet normal  0.000000e+00  0.000000e+00 -1.000000e+00
   outer loop
     vertex  7.094723e+00  7.300608e+00  7.105427e-15
     vertex  7.058630e+00  7.330152e+00  7.105427e-15
     vertex  1.300000e+01  1.700000e+01  7.105427e-15
   endloop
 endfacet
 facet normal  0.000000e+00  0.000000e+00 -1.000000e+00
   outer loop
     vertex  7.129992e+00  7.270086e+00  7.105427e-15
     vertex  7.094723e+00  7.300608e+00  7.105427e-15
     vertex  1.300000e+01  1.700000e+01  7.105427e-15
   endloop
 endfacet
 facet normal  0.000000e+00  0.000000e+00 -1.000000e+00
   outer loop
     vertex  7.164410e+00  7.238608e+00  7.105427e-15
     vertex  7.129992e+00  7.270086e+00  7.105427e-15
     vertex  1.300000e+01  1.700000e+01  7.105427e-15
   endloop
 endfacet
 facet normal  0.000000e+00  0.000000e+00 -1.000000e+00
   outer loop
     vertex  7.197952e+00  7.206197e+00  7.105427e-15
     vertex  7.164410e+00  7.238608e+00  7.105427e-15
     vertex  1.300000e+01  1.700000e+01  7.105427e-15
   endloop
 endfacet
 facet normal  0.000000e+00  0.000000e+00 -1.000000e+00
   outer loop
     vertex  4.400000e+01  4.400000e+01  0.000000e+00
     vertex  3.919795e+01  3.920620e+01  0.000000e+00
     vertex  3.916441e+01  3.923861e+01  0.000000e+00
   endloop
 endfacet
 facet normal  0.000000e+00  0.000000e+00 -1.000000e+00
   outer loop
     vertex  4.400000e+01  4.400000e+01  0.000000e+00
     vertex  3.916441e+01  3.923861e+01  0.000000e+00
     vertex  3.912999e+01  3.927009e+01  0.000000e+00
   endloop
 endfacet
 facet normal  0.000000e+00  0.000000e+00 -1.000000e+00
   outer loop
     vertex  4.400000e+01  4.400000e+01  0.000000e+00
     vertex  3.912999e+01  3.927009e+01  0.000000e+00
     vertex  3.909472e+01  3.930061e+01  0.000000e+00
   endloop
 endfacet
 facet normal  0.000000e+00  0.000000e+00 -1.000000e+00
   outer loop
     vertex  4.400000e+01  4.400000e+01  0.000000e+00
     vertex  3.909472e+01  3.930061e+01  0.000000e+00
     vertex  3.905863e+01  3.933015e+01  0.000000e+00
   endloop
 endfacet
 facet normal  0.000000e+00  0.000000e+00 -1.000000e+00
   outer loop
     vertex  4.400000e+01  4.400000e+01  0.000000e+00
     vertex  3.905863e+01  3.933015e+01  0.000000e+00
     vertex  3.902174e+01  3.935869e+01  0.000000e+00
   endloop
 endfacet
 facet normal  0.000000e+00  0.000000e+00 -1.000000e+00
   outer loop
     vertex  4.400000e+01  4.400000e+01  0.000000e+00
     vertex  3.902174e+01  3.935869e+01  0.000000e+00
     vertex  3.898408e+01  3.938621e+01  0.000000e+00
   endloop
 endfacet
 facet normal  0.000000e+00  0.000000e+00 -1.000000e+00
   outer loop
     vertex  4.400000e+01  4.400000e+01  0.000000e+00
     vertex  3.898408e+01  3.938621e+01  0.000000e+00
     vertex  3.894568e+01  3.941269e+01  0.000000e+00
   endloop
 endfacet
 facet normal  0.000000e+00  0.000000e+00 -1.000000e+00
   outer loop
     vertex  4.400000e+01  4.400000e+01  0.000000e+00
     vertex  3.894568e+01  3.941269e+01  0.000000e+00
     vertex  3.890657e+01  3.943810e+01  0.000000e+00
   endloop
 endfacet
 facet normal  0.000000e+00  0.000000e+00 -1.000000e+00
   outer loop
     vertex  4.400000e+01  4.400000e+01  0.000000e+00
     vertex  3.890657e+01  3.943810e+01  0.000000e+00
     vertex  3.886678e+01  3.946243e+01  0.000000e+00
   endloop
 endfacet
 facet normal  0.000000e+00  0.000000e+00 -1.000000e+00
   outer loop
     vertex  4.400000e+01  4.400000e+01  0.000000e+00
     vertex  3.886678e+01  3.946243e+01  0.000000e+00
     vertex  3.882633e+01  3.948566e+01  0.000000e+00
   endloop
 endfacet
 facet normal  0.000000e+00  0.000000e+00 -1.000000e+00
   outer loop
     vertex  4.400000e+01  4.400000e+01  0.000000e+00
     vertex  3.882633e+01  3.948566e+01  0.000000e+00
     vertex  3.878526e+01  3.950777e+01  0.000000e+00
   endloop
 endfacet
 facet normal  0.000000e+00  0.000000e+00 -1.000000e+00
   outer loop
     vertex  4.400000e+01  4.400000e+01  0.000000e+00
     vertex  3.878526e+01  3.950777e+01  0.000000e+00
     vertex  3.874360e+01  3.952874e+01  0.000000e+00
   endloop
 endfacet
 facet normal  0.000000e+00  0.000000e+00 -1.000000e+00
   outer loop
     vertex  4.400000e+01  4.400000e+01  0.000000e+00
     vertex  3.874360e+01  3.952874e+01  0.000000e+00
     vertex  3.870138e+01  3.954857e+01  0.000000e+00
   endloop
 endfacet
 facet normal  0.000000e+00  0.000000e+00 -1.000000e+00
   outer loop
     vertex  4.400000e+01  4.400000e+01  0.000000e+00
     vertex  3.870138e+01  3.954857e+01  0.000000e+00
     vertex  3.865863e+01  3.956723e+01  0.000000e+00
   endloop
 endfacet
 facet normal  0.000000e+00  0.000000e+00 -1.000000e+00
   outer loop
     vertex  4.400000e+01  4.400000e+01  0.000000e+00
     vertex  3.865863e+01  3.956723e+01  0.000000e+00
     vertex  3.861539e+01  3.958471e+01  0.000000e+00
   endloop
 endfacet
 facet normal  0.000000e+00  0.000000e+00 -1.000000e+00
   outer loop
     vertex  4.400000e+01  4.400000e+01  0.000000e+00
     vertex  3.861539e+01  3.958471e+01  0.000000e+00
     vertex  3.857168e+01  3.960099e+01  0.000000e+00
   endloop
 endfacet
 facet normal  0.000000e+00  0.000000e+00 -1.000000e+00
   outer loop
     vertex  4.400000e+01  4.400000e+01  0.000000e+00
     vertex  3.857168e+01  3.960099e+01  0.000000e+00
     vertex  3.852755e+01  3.961607e+01  0.000000e+00
   endloop
 endfacet
 facet normal  0.000000e+00  0.000000e+00 -1.000000e+00
   outer loop
     vertex  4.400000e+01  4.400000e+01  0.000000e+00
     vertex  3.852755e+01  3.961607e+01  0.000000e+00
     vertex  3.848301e+01  3.962994e+01  0.000000e+00
   endloop
 endfacet
 facet normal  0.000000e+00  0.000000e+00 -1.000000e+00
   outer loop
     vertex  4.400000e+01  4.400000e+01  0.000000e+00
     vertex  3.848301e+01  3.962994e+01  0.000000e+00
     vertex  3.843811e+01  3.964258e+01  0.000000e+00
   endloop
 endfacet
 facet normal  0.000000e+00  0.000000e+00 -1.000000e+00
   outer loop
     vertex  4.400000e+01  4.400000e+01  0.000000e+00
     vertex  3.843811e+01  3.964258e+01  0.000000e+00
     vertex  3.839289e+01  3.965398e+01  0.000000e+00
   endloop
 endfacet
 facet normal  0.000000e+00  0.000000e+00 -1.000000e+00
   outer loop
     vertex  4.400000e+01  4.400000e+01  0.000000e+00
     vertex  3.839289e+01  3.965398e+01  0.000000e+00
     vertex  3.834736e+01  3.966413e+01  0.000000e+00
   endloop
 endfacet
 facet normal  0.000000e+00  0.000000e+00 -1.000000e+00
   outer loop
     vertex  4.400000e+01  4.400000e+01  0.000000e+00
     vertex  3.834736e+01  3.966413e+01  0.000000e+00
     vertex  3.830158e+01  3.967304e+01  0.000000e+00
   endloop
 endfacet
 facet normal  0.000000e+00  0.000000e+00 -1.000000e+00
   outer loop
     vertex  4.400000e+01  4.400000e+01  0.000000e+00
     vertex  3.830158e+01  3.967304e+01  0.000000e+00
     vertex  3.825557e+01  3.968068e+01  0.000000e+00
   endloop
 endfacet
 facet normal  0.000000e+00  0.000000e+00 -1.000000e+00
   outer loop
     vertex  4.400000e+01  4.400000e+01  0.000000e+00
     vertex  3.825557e+01  3.968068e+01  0.000000e+00
     vertex  3.820936e+01  3.968706e+01  0.000000e+00
   endloop
 endfacet
 facet normal  0.000000e+00  0.000000e+00 -1.000000e+00
   outer loop
     vertex  4.400000e+01  4.400000e+01  0.000000e+00
     vertex  3.820936e+01  3.968706e+01  0.000000e+00
     vertex  3.816300e+01  3.969217e+01  0.000000e+00
   endloop
 endfacet
 facet normal  0.000000e+00  0.000000e+00 -1.000000e+00
   outer loop
     vertex  4.400000e+01  4.400000e+01  0.000000e+00
     vertex  3.816300e+01  3.969217e+01  0.000000e+00
     vertex  3.811652e+01  3.969600e+01  0.000000e+00
   endloop
 endfacet
 facet normal  0.000000e+00  0.000000e+00 -1.000000e+00
   outer loop
     vertex  4.400000e+01  4.400000e+01  0.000000e+00
     vertex  3.811652e+01  3.969600e+01  0.000000e+00
     vertex  3.806995e+01  3.969856e+01  0.000000e+00
   endloop
 endfacet
 facet normal  0.000000e+00  0.000000e+00 -1.000000e+00
   outer loop
     vertex  4.400000e+01  4.400000e+01  0.000000e+00
     vertex  3.806995e+01  3.969856e+01  0.000000e+00
     vertex  3.802332e+01  3.969984e+01  0.000000e+00
   endloop
 endfacet
 facet normal  0.000000e+00  0.000000e+00 -1.000000e+00
   outer loop
     vertex  4.400000e+01  4.400000e+01  0.000000e+00
     vertex  3.802332e+01  3.969984e+01  0.000000e+00
     vertex  3.797668e+01  3.969984e+01  0.000000e+00
   endloop
 endfacet
 facet normal  0.000000e+00  0.000000e+00 -1.000000e+00
   outer loop
     vertex  4.400000e+01  4.400000e+01  0.000000e+00
     vertex  3.797668e+01  3.969984e+01  0.000000e+00
     vertex  3.793005e+01  3.969856e+01  0.000000e+00
   endloop
 endfacet
 facet normal  0.000000e+00  0.000000e+00 -1.000000e+00
   outer loop
     vertex  4.400000e+01  4.400000e+01  0.000000e+00
     vertex  3.793005e+01  3.969856e+01  0.000000e+00
     vertex  3.788348e+01  3.969600e+01  0.000000e+00
   endloop
 endfacet
 facet normal  0.000000e+00  0.000000e+00 -1.000000e+00
   outer loop
     vertex  4.400000e+01  4.400000e+01  0.000000e+00
     vertex  3.788348e+01  3.969600e+01  0.000000e+00
     vertex  3.783700e+01  3.969217e+01  0.000000e+00
   endloop
 endfacet
 facet normal -0.000000e+00  0.000000e+00 -1.000000e+00
   outer loop
     vertex  4.400000e+01  4.400000e+01  0.000000e+00
     vertex  3.725640e+01  3.952874e+01  0.000000e+00
     vertex  0.000000e+00  4.400000e+01  0.000000e+00
   endloop
 endfacet
 facet normal  0.000000e+00  0.000000e+00 -1.000000e+00
   outer loop
     vertex  4.400000e+01  4.400000e+01  0.000000e+00
     vertex  3.783700e+01  3.969217e+01  0.000000e+00
     vertex  3.779064e+01  3.968706e+01  0.000000e+00
   endloop
 endfacet
 facet normal  0.000000e+00  0.000000e+00 -1.000000e+00
   outer loop
     vertex  4.400000e+01  4.400000e+01  0.000000e+00
     vertex  3.779064e+01  3.968706e+01  0.000000e+00
     vertex  3.774443e+01  3.968068e+01  0.000000e+00
   endloop
 endfacet
 facet normal  0.000000e+00  0.000000e+00 -1.000000e+00
   outer loop
     vertex  4.400000e+01  4.400000e+01  0.000000e+00
     vertex  3.774443e+01  3.968068e+01  0.000000e+00
     vertex  3.769842e+01  3.967304e+01  0.000000e+00
   endloop
 endfacet
 facet normal  0.000000e+00  0.000000e+00 -1.000000e+00
   outer loop
     vertex  4.400000e+01  4.400000e+01  0.000000e+00
     vertex  3.769842e+01  3.967304e+01  0.000000e+00
     vertex  3.765264e+01  3.966413e+01  0.000000e+00
   endloop
 endfacet
 facet normal  0.000000e+00  0.000000e+00 -1.000000e+00
   outer loop
     vertex  4.400000e+01  4.400000e+01  0.000000e+00
     vertex  3.765264e+01  3.966413e+01  0.000000e+00
     vertex  3.760711e+01  3.965398e+01  0.000000e+00
   endloop
 endfacet
 facet normal  0.000000e+00  0.000000e+00 -1.000000e+00
   outer loop
     vertex  4.400000e+01  4.400000e+01  0.000000e+00
     vertex  3.760711e+01  3.965398e+01  0.000000e+00
     vertex  3.756189e+01  3.964258e+01  0.000000e+00
   endloop
 endfacet
 facet normal  0.000000e+00  0.000000e+00 -1.000000e+00
   outer loop
     vertex  4.400000e+01  4.400000e+01  0.000000e+00
     vertex  3.756189e+01  3.964258e+01  0.000000e+00
     vertex  3.751699e+01  3.962994e+01  0.000000e+00
   endloop
 endfacet
 facet normal  0.000000e+00  0.000000e+00 -1.000000e+00
   outer loop
     vertex  4.400000e+01  4.400000e+01  0.000000e+00
     vertex  3.751699e+01  3.962994e+01  0.000000e+00
     vertex  3.747245e+01  3.961607e+01  0.000000e+00
   endloop
 endfacet
 facet normal  0.000000e+00  0.000000e+00 -1.000000e+00
   outer loop
     vertex  4.400000e+01  4.400000e+01  0.000000e+00
     vertex  3.747245e+01  3.961607e+01  0.000000e+00
     vertex  3.742832e+01  3.960099e+01  0.000000e+00
   endloop
 endfacet
 facet normal  0.000000e+00  0.000000e+00 -1.000000e+00
   outer loop
     vertex  4.400000e+01  4.400000e+01  0.000000e+00
     vertex  3.742832e+01  3.960099e+01  0.000000e+00
     vertex  3.738461e+01  3.958471e+01  0.000000e+00
   endloop
 endfacet
 facet normal  0.000000e+00  0.000000e+00 -1.000000e+00
   outer loop
     vertex  4.400000e+01  4.400000e+01  0.000000e+00
     vertex  3.738461e+01  3.958471e+01  0.000000e+00
     vertex  3.734137e+01  3.956723e+01  0.000000e+00
   endloop
 endfacet
 facet normal  0.000000e+00  0.000000e+00 -1.000000e+00
   outer loop
     vertex  4.400000e+01  4.400000e+01  0.000000e+00
     vertex  3.734137e+01  3.956723e+01  0.000000e+00
     vertex  3.729862e+01  3.954857e+01  0.000000e+00
   endloop
 endfacet
 facet normal  0.000000e+00  0.000000e+00 -1.000000e+00
   outer loop
     vertex  4.400000e+01  4.400000e+01  0.000000e+00
     vertex  3.729862e+01  3.954857e+01  0.000000e+00
     vertex  3.725640e+01  3.952874e+01  0.000000e+00
   endloop
 endfacet
 facet normal  0.000000e+00  0.000000e+00 -1.000000e+00
   outer loop
     vertex  0.000000e+00  0.000000e+00  7.105427e-15
     vertex  4.321113e+00  6.267090e+00  7.105427e-15
     vertex  4.314417e+00  6.220931e+00  7.105427e-15
   endloop
 endfacet
 facet normal  0.000000e+00  0.000000e+00 -1.000000e+00
   outer loop
     vertex  0.000000e+00  0.000000e+00  7.105427e-15
     vertex  4.314417e+00  6.220931e+00  7.105427e-15
     vertex  4.308991e+00  6.174606e+00  7.105427e-15
   endloop
 endfacet
 facet normal  0.000000e+00  0.000000e+00 -1.000000e+00
   outer loop
     vertex  0.000000e+00  0.000000e+00  7.105427e-15
     vertex  4.308991e+00  6.174606e+00  7.105427e-15
     vertex  4.304837e+00  6.128149e+00  7.105427e-15
   endloop
 endfacet
 facet normal  0.000000e+00  0.000000e+00 -1.000000e+00
   outer loop
     vertex  0.000000e+00  0.000000e+00  7.105427e-15
     vertex  4.304837e+00  6.128149e+00  7.105427e-15
     vertex  4.301959e+00  6.081595e+00  7.105427e-15
   endloop
 endfacet
 facet normal  0.000000e+00  0.000000e+00 -1.000000e+00
   outer loop
     vertex  0.000000e+00  0.000000e+00  7.105427e-15
     vertex  4.301959e+00  6.081595e+00  7.105427e-15
     vertex  4.300360e+00  6.034980e+00  7.105427e-15
   endloop
 endfacet
 facet normal  0.000000e+00  0.000000e+00 -1.000000e+00
   outer loop
     vertex  0.000000e+00  0.000000e+00  7.105427e-15
     vertex  4.300360e+00  6.034980e+00  7.105427e-15
     vertex  4.300040e+00  5.988339e+00  7.105427e-15
   endloop
 endfacet
 facet normal  0.000000e+00  0.000000e+00 -1.000000e+00
   outer loop
     vertex  0.000000e+00  0.000000e+00  7.105427e-15
     vertex  4.300040e+00  5.988339e+00  7.105427e-15
     vertex  4.301000e+00  5.941707e+00  7.105427e-15
   endloop
 endfacet
 facet normal  0.000000e+00  0.000000e+00 -1.000000e+00
   outer loop
     vertex  0.000000e+00  0.000000e+00  7.105427e-15
     vertex  4.301000e+00  5.941707e+00  7.105427e-15
     vertex  4.303238e+00  5.895118e+00  7.105427e-15
   endloop
 endfacet
 facet normal  0.000000e+00  0.000000e+00 -1.000000e+00
   outer loop
     vertex  0.000000e+00  0.000000e+00  7.105427e-15
     vertex  4.303238e+00  5.895118e+00  7.105427e-15
     vertex  4.306754e+00  5.848609e+00  7.105427e-15
   endloop
 endfacet
 facet normal  0.000000e+00  0.000000e+00 -1.000000e+00
   outer loop
     vertex  0.000000e+00  0.000000e+00  7.105427e-15
     vertex  4.306754e+00  5.848609e+00  7.105427e-15
     vertex  4.311545e+00  5.802213e+00  7.105427e-15
   endloop
 endfacet
 facet normal  0.000000e+00  0.000000e+00 -1.000000e+00
   outer loop
     vertex  0.000000e+00  0.000000e+00  7.105427e-15
     vertex  4.311545e+00  5.802213e+00  7.105427e-15
     vertex  4.317607e+00  5.755966e+00  7.105427e-15
   endloop
 endfacet
 facet normal  0.000000e+00  0.000000e+00 -1.000000e+00
   outer loop
     vertex  0.000000e+00  0.000000e+00  7.105427e-15
     vertex  4.317607e+00  5.755966e+00  7.105427e-15
     vertex  4.324935e+00  5.709903e+00  7.105427e-15
   endloop
 endfacet
 facet normal  0.000000e+00  0.000000e+00 -1.000000e+00
   outer loop
     vertex  0.000000e+00  0.000000e+00  7.105427e-15
     vertex  4.324935e+00  5.709903e+00  7.105427e-15
     vertex  4.333524e+00  5.664059e+00  7.105427e-15
   endloop
 endfacet
 facet normal  0.000000e+00  0.000000e+00 -1.000000e+00
   outer loop
     vertex  0.000000e+00  0.000000e+00  7.105427e-15
     vertex  4.333524e+00  5.664059e+00  7.105427e-15
     vertex  4.343367e+00  5.618467e+00  7.105427e-15
   endloop
 endfacet
 facet normal  0.000000e+00  0.000000e+00 -1.000000e+00
   outer loop
     vertex  0.000000e+00  0.000000e+00  7.105427e-15
     vertex  4.343367e+00  5.618467e+00  7.105427e-15
     vertex  4.354458e+00  5.573162e+00  7.105427e-15
   endloop
 endfacet
 facet normal  0.000000e+00  0.000000e+00 -1.000000e+00
   outer loop
     vertex  0.000000e+00  0.000000e+00  7.105427e-15
     vertex  4.354458e+00  5.573162e+00  7.105427e-15
     vertex  4.366787e+00  5.528179e+00  7.105427e-15
   endloop
 endfacet
 facet normal  0.000000e+00  0.000000e+00 -1.000000e+00
   outer loop
     vertex  0.000000e+00  0.000000e+00  7.105427e-15
     vertex  4.366787e+00  5.528179e+00  7.105427e-15
     vertex  4.380346e+00  5.483551e+00  7.105427e-15
   endloop
 endfacet
 facet normal  0.000000e+00  0.000000e+00 -1.000000e+00
   outer loop
     vertex  0.000000e+00  0.000000e+00  7.105427e-15
     vertex  4.380346e+00  5.483551e+00  7.105427e-15
     vertex  4.395123e+00  5.439312e+00  7.105427e-15
   endloop
 endfacet
 facet normal  0.000000e+00  0.000000e+00 -1.000000e+00
   outer loop
     vertex  0.000000e+00  0.000000e+00  7.105427e-15
     vertex  4.395123e+00  5.439312e+00  7.105427e-15
     vertex  4.411109e+00  5.395495e+00  7.105427e-15
   endloop
 endfacet
 facet normal  0.000000e+00  0.000000e+00 -1.000000e+00
   outer loop
     vertex  0.000000e+00  0.000000e+00  7.105427e-15
     vertex  4.411109e+00  5.395495e+00  7.105427e-15
     vertex  4.428291e+00  5.352132e+00  7.105427e-15
   endloop
 endfacet
 facet normal  0.000000e+00  0.000000e+00 -1.000000e+00
   outer loop
     vertex  0.000000e+00  0.000000e+00  7.105427e-15
     vertex  4.428291e+00  5.352132e+00  7.105427e-15
     vertex  4.446657e+00  5.309258e+00  7.105427e-15
   endloop
 endfacet
 facet normal  0.000000e+00  0.000000e+00 -1.000000e+00
   outer loop
     vertex  0.000000e+00  0.000000e+00  7.105427e-15
     vertex  4.446657e+00  5.309258e+00  7.105427e-15
     vertex  4.466191e+00  5.266903e+00  7.105427e-15
   endloop
 endfacet
 facet normal  0.000000e+00  0.000000e+00 -1.000000e+00
   outer loop
     vertex  0.000000e+00  0.000000e+00  7.105427e-15
     vertex  4.466191e+00  5.266903e+00  7.105427e-15
     vertex  4.486880e+00  5.225101e+00  7.105427e-15
   endloop
 endfacet
 facet normal  0.000000e+00  0.000000e+00 -1.000000e+00
   outer loop
     vertex  0.000000e+00  0.000000e+00  7.105427e-15
     vertex  4.486880e+00  5.225101e+00  7.105427e-15
     vertex  4.508708e+00  5.183881e+00  7.105427e-15
   endloop
 endfacet
 facet normal  0.000000e+00  0.000000e+00 -1.000000e+00
   outer loop
     vertex  0.000000e+00  0.000000e+00  7.105427e-15
     vertex  4.508708e+00  5.183881e+00  7.105427e-15
     vertex  4.531659e+00  5.143276e+00  7.105427e-15
   endloop
 endfacet
 facet normal  0.000000e+00  0.000000e+00 -1.000000e+00
   outer loop
     vertex  0.000000e+00  0.000000e+00  7.105427e-15
     vertex  4.531659e+00  5.143276e+00  7.105427e-15
     vertex  4.555715e+00  5.103316e+00  7.105427e-15
   endloop
 endfacet
 facet normal  0.000000e+00  0.000000e+00 -1.000000e+00
   outer loop
     vertex  0.000000e+00  0.000000e+00  7.105427e-15
     vertex  4.555715e+00  5.103316e+00  7.105427e-15
     vertex  4.580858e+00  5.064031e+00  7.105427e-15
   endloop
 endfacet
 facet normal  0.000000e+00  0.000000e+00 -1.000000e+00
   outer loop
     vertex  0.000000e+00  0.000000e+00  7.105427e-15
     vertex  4.580858e+00  5.064031e+00  7.105427e-15
     vertex  4.607070e+00  5.025451e+00  7.105427e-15
   endloop
 endfacet
 facet normal  0.000000e+00  0.000000e+00 -1.000000e+00
   outer loop
     vertex  0.000000e+00  0.000000e+00  7.105427e-15
     vertex  4.607070e+00  5.025451e+00  7.105427e-15
     vertex  4.634330e+00  4.987604e+00  7.105427e-15
   endloop
 endfacet
 facet normal  0.000000e+00  0.000000e+00 -1.000000e+00
   outer loop
     vertex  0.000000e+00  0.000000e+00  7.105427e-15
     vertex  4.634330e+00  4.987604e+00  7.105427e-15
     vertex  4.662618e+00  4.950519e+00  7.105427e-15
   endloop
 endfacet
 facet normal  0.000000e+00  0.000000e+00 -1.000000e+00
   outer loop
     vertex  0.000000e+00  0.000000e+00  7.105427e-15
     vertex  4.662618e+00  4.950519e+00  7.105427e-15
     vertex  4.691913e+00  4.914224e+00  7.105427e-15
   endloop
 endfacet
 facet normal  0.000000e+00  0.000000e+00 -1.000000e+00
   outer loop
     vertex  0.000000e+00  0.000000e+00  7.105427e-15
     vertex  4.691913e+00  4.914224e+00  7.105427e-15
     vertex  4.722193e+00  4.878747e+00  7.105427e-15
   endloop
 endfacet
 facet normal  0.000000e+00  0.000000e+00 -1.000000e+00
   outer loop
     vertex  0.000000e+00  0.000000e+00  7.105427e-15
     vertex  4.722193e+00  4.878747e+00  7.105427e-15
     vertex  4.753434e+00  4.844113e+00  7.105427e-15
   endloop
 endfacet
 facet normal  0.000000e+00  0.000000e+00 -1.000000e+00
   outer loop
     vertex  0.000000e+00  0.000000e+00  7.105427e-15
     vertex  4.753434e+00  4.844113e+00  7.105427e-15
     vertex  4.785614e+00  4.810350e+00  7.105427e-15
   endloop
 endfacet
 facet normal  2.436547e-16 -1.614870e-16 -1.000000e+00
   outer loop
     vertex  0.000000e+00  0.000000e+00  7.105427e-15
     vertex  0.000000e+00  4.400000e+01  0.000000e+00
     vertex  4.476392e+00  6.754069e+00  7.105427e-15
   endloop
 endfacet
 facet normal  0.000000e+00  0.000000e+00 -1.000000e+00
   outer loop
     vertex  0.000000e+00  0.000000e+00  7.105427e-15
     vertex  4.476392e+00  6.754069e+00  7.105427e-15
     vertex  4.456279e+00  6.711986e+00  7.105427e-15
   endloop
 endfacet
 facet normal  0.000000e+00  0.000000e+00 -1.000000e+00
   outer loop
     vertex  0.000000e+00  0.000000e+00  7.105427e-15
     vertex  4.456279e+00  6.711986e+00  7.105427e-15
     vertex  4.437327e+00  6.669368e+00  7.105427e-15
   endloop
 endfacet
 facet normal  0.000000e+00  0.000000e+00 -1.000000e+00
   outer loop
     vertex  0.000000e+00  0.000000e+00  7.105427e-15
     vertex  4.437327e+00  6.669368e+00  7.105427e-15
     vertex  4.419552e+00  6.626245e+00  7.105427e-15
   endloop
 endfacet
 facet normal  0.000000e+00  0.000000e+00 -1.000000e+00
   outer loop
     vertex  0.000000e+00  0.000000e+00  7.105427e-15
     vertex  4.419552e+00  6.626245e+00  7.105427e-15
     vertex  4.402966e+00  6.582652e+00  7.105427e-15
   endloop
 endfacet
 facet normal  0.000000e+00  0.000000e+00 -1.000000e+00
   outer loop
     vertex  0.000000e+00  0.000000e+00  7.105427e-15
     vertex  4.402966e+00  6.582652e+00  7.105427e-15
     vertex  4.387583e+00  6.538619e+00  7.105427e-15
   endloop
 endfacet
 facet normal  0.000000e+00  0.000000e+00 -1.000000e+00
   outer loop
     vertex  0.000000e+00  0.000000e+00  7.105427e-15
     vertex  4.387583e+00  6.538619e+00  7.105427e-15
     vertex  4.373413e+00  6.494181e+00  7.105427e-15
   endloop
 endfacet
 facet normal  0.000000e+00  0.000000e+00 -1.000000e+00
   outer loop
     vertex  0.000000e+00  0.000000e+00  7.105427e-15
     vertex  4.373413e+00  6.494181e+00  7.105427e-15
     vertex  4.360468e+00  6.449371e+00  7.105427e-15
   endloop
 endfacet
 facet normal  0.000000e+00  0.000000e+00 -1.000000e+00
   outer loop
     vertex  0.000000e+00  0.000000e+00  7.105427e-15
     vertex  4.360468e+00  6.449371e+00  7.105427e-15
     vertex  4.348757e+00  6.404223e+00  7.105427e-15
   endloop
 endfacet
 facet normal  0.000000e+00  0.000000e+00 -1.000000e+00
   outer loop
     vertex  0.000000e+00  0.000000e+00  7.105427e-15
     vertex  4.348757e+00  6.404223e+00  7.105427e-15
     vertex  4.338289e+00  6.358771e+00  7.105427e-15
   endloop
 endfacet
 facet normal  0.000000e+00  0.000000e+00 -1.000000e+00
   outer loop
     vertex  0.000000e+00  0.000000e+00  7.105427e-15
     vertex  4.338289e+00  6.358771e+00  7.105427e-15
     vertex  4.329072e+00  6.313048e+00  7.105427e-15
   endloop
 endfacet
 facet normal  0.000000e+00  0.000000e+00 -1.000000e+00
   outer loop
     vertex  0.000000e+00  0.000000e+00  7.105427e-15
     vertex  4.329072e+00  6.313048e+00  7.105427e-15
     vertex  4.321113e+00  6.267090e+00  7.105427e-15
   endloop
 endfacet
 facet normal -0.000000e+00  0.000000e+00 -1.000000e+00
   outer loop
     vertex  4.818708e+00  4.777482e+00  7.105427e-15
     vertex  0.000000e+00  0.000000e+00  7.105427e-15
     vertex  4.785614e+00  4.810350e+00  7.105427e-15
   endloop
 endfacet
 facet normal  0.000000e+00  0.000000e+00 -1.000000e+00
   outer loop
     vertex  7.230592e+00  7.172879e+00  7.105427e-15
     vertex  7.197952e+00  7.206197e+00  7.105427e-15
     vertex  1.300000e+01  1.700000e+01  7.105427e-15
   endloop
 endfacet
 facet normal  0.000000e+00  0.000000e+00 -1.000000e+00
   outer loop
     vertex  3.923059e+01  3.917288e+01  0.000000e+00
     vertex  3.919795e+01  3.920620e+01  0.000000e+00
     vertex  4.400000e+01  4.400000e+01  0.000000e+00
   endloop
 endfacet
 facet normal -0.000000e+00  0.000000e+00 -1.000000e+00
   outer loop
     vertex  4.852691e+00  4.745535e+00  7.105427e-15
     vertex  0.000000e+00  0.000000e+00  7.105427e-15
     vertex  4.818708e+00  4.777482e+00  7.105427e-15
   endloop
 endfacet
 facet normal  0.000000e+00  0.000000e+00 -1.000000e+00
   outer loop
     vertex  7.262305e+00  7.138677e+00  7.105427e-15
     vertex  7.230592e+00  7.172879e+00  7.105427e-15
     vertex  1.300000e+01  1.700000e+01  7.105427e-15
   endloop
 endfacet
 facet normal  0.000000e+00  0.000000e+00 -1.000000e+00
   outer loop
     vertex  3.926231e+01  3.913868e+01  0.000000e+00
     vertex  3.923059e+01  3.917288e+01  0.000000e+00
     vertex  4.400000e+01  4.400000e+01  0.000000e+00
   endloop
 endfacet
 facet normal -0.000000e+00  0.000000e+00 -1.000000e+00
   outer loop
     vertex  4.887538e+00  4.714532e+00  7.105427e-15
     vertex  0.000000e+00  0.000000e+00  7.105427e-15
     vertex  4.852691e+00  4.745535e+00  7.105427e-15
   endloop
 endfacet
 facet normal  0.000000e+00  0.000000e+00 -1.000000e+00
   outer loop
     vertex  3.929307e+01  3.910362e+01  0.000000e+00
     vertex  3.926231e+01  3.913868e+01  0.000000e+00
     vertex  4.400000e+01  4.400000e+01  0.000000e+00
   endloop
 endfacet
 facet normal  0.000000e+00  0.000000e+00 -1.000000e+00
   outer loop
     vertex  7.293069e+00  7.103618e+00  7.105427e-15
     vertex  7.262305e+00  7.138677e+00  7.105427e-15
     vertex  1.300000e+01  1.700000e+01  7.105427e-15
   endloop
 endfacet
 facet normal -0.000000e+00  0.000000e+00 -1.000000e+00
   outer loop
     vertex  4.923222e+00  4.684496e+00  7.105427e-15
     vertex  0.000000e+00  0.000000e+00  7.105427e-15
     vertex  4.887538e+00  4.714532e+00  7.105427e-15
   endloop
 endfacet
 facet normal  0.000000e+00  0.000000e+00 -1.000000e+00
   outer loop
     vertex  3.932286e+01  3.906773e+01  0.000000e+00
     vertex  3.929307e+01  3.910362e+01  0.000000e+00
     vertex  4.400000e+01  4.400000e+01  0.000000e+00
   endloop
 endfacet
 facet normal  0.000000e+00  0.000000e+00 -1.000000e+00
   outer loop
     vertex  7.322859e+00  7.067729e+00  7.105427e-15
     vertex  7.293069e+00  7.103618e+00  7.105427e-15
     vertex  1.300000e+01  1.700000e+01  7.105427e-15
   endloop
 endfacet
 facet normal -0.000000e+00  0.000000e+00 -1.000000e+00
   outer loop
     vertex  4.959717e+00  4.655451e+00  7.105427e-15
     vertex  0.000000e+00  0.000000e+00  7.105427e-15
     vertex  4.923222e+00  4.684496e+00  7.105427e-15
   endloop
 endfacet
 facet normal  0.000000e+00  0.000000e+00 -1.000000e+00
   outer loop
     vertex  3.935165e+01  3.903104e+01  0.000000e+00
     vertex  3.932286e+01  3.906773e+01  0.000000e+00
     vertex  4.400000e+01  4.400000e+01  0.000000e+00
   endloop
 endfacet
 facet normal  0.000000e+00  0.000000e+00 -1.000000e+00
   outer loop
     vertex  7.351653e+00  7.031036e+00  7.105427e-15
     vertex  7.322859e+00  7.067729e+00  7.105427e-15
     vertex  1.300000e+01  1.700000e+01  7.105427e-15
   endloop
 endfacet
 facet normal -0.000000e+00  0.000000e+00 -1.000000e+00
   outer loop
     vertex  4.996995e+00  4.627418e+00  7.105427e-15
     vertex  0.000000e+00  0.000000e+00  7.105427e-15
     vertex  4.959717e+00  4.655451e+00  7.105427e-15
   endloop
 endfacet
 facet normal  2.261851e-13 -2.115907e-13 -1.000000e+00
   outer loop
     vertex  3.937943e+01  3.899357e+01  1.421085e-14
     vertex  3.935165e+01  3.903104e+01  0.000000e+00
     vertex  4.400000e+01  4.400000e+01  0.000000e+00
   endloop
 endfacet
 facet normal  0.000000e+00  0.000000e+00 -1.000000e+00
   outer loop
     vertex  7.379430e+00  6.993566e+00  7.105427e-15
     vertex  7.351653e+00  7.031036e+00  7.105427e-15
     vertex  1.300000e+01  1.700000e+01  7.105427e-15
   endloop
 endfacet
 facet normal -0.000000e+00  0.000000e+00 -1.000000e+00
   outer loop
     vertex  5.035028e+00  4.600418e+00  7.105427e-15
     vertex  0.000000e+00  0.000000e+00  7.105427e-15
     vertex  4.996995e+00  4.627418e+00  7.105427e-15
   endloop
 endfacet
 facet normal -1.749401e-15 -1.223950e-15 -1.000000e+00
   outer loop
     vertex  3.940617e+01  3.895535e+01  1.421085e-14
     vertex  3.937943e+01  3.899357e+01  1.421085e-14
     vertex  4.400000e+01  4.400000e+01  0.000000e+00
   endloop
 endfacet
 facet normal  0.000000e+00  0.000000e+00 -1.000000e+00
   outer loop
     vertex  7.406168e+00  6.955349e+00  7.105427e-15
     vertex  7.379430e+00  6.993566e+00  7.105427e-15
     vertex  1.300000e+01  1.700000e+01  7.105427e-15
   endloop
 endfacet
 facet normal -0.000000e+00  0.000000e+00 -1.000000e+00
   outer loop
     vertex  5.073788e+00  4.574472e+00  7.105427e-15
     vertex  0.000000e+00  0.000000e+00  7.105427e-15
     vertex  5.035028e+00  4.600418e+00  7.105427e-15
   endloop
 endfacet
 facet normal -1.794087e-15 -1.183257e-15 -1.000000e+00
   outer loop
     vertex  3.943185e+01  3.891641e+01  1.421085e-14
     vertex  3.940617e+01  3.895535e+01  1.421085e-14
     vertex  4.400000e+01  4.400000e+01  0.000000e+00
   endloop
 endfacet
 facet normal  0.000000e+00  0.000000e+00 -1.000000e+00
   outer loop
     vertex  7.431848e+00  6.916412e+00  7.105427e-15
     vertex  7.406168e+00  6.955349e+00  7.105427e-15
     vertex  1.300000e+01  1.700000e+01  7.105427e-15
   endloop
 endfacet
 facet normal -0.000000e+00  0.000000e+00 -1.000000e+00
   outer loop
     vertex  5.113244e+00  4.549599e+00  7.105427e-15
     vertex  0.000000e+00  0.000000e+00  7.105427e-15
     vertex  5.073788e+00  4.574472e+00  7.105427e-15
   endloop
 endfacet
 facet normal -1.839761e-15 -1.142215e-15 -1.000000e+00
   outer loop
     vertex  3.945645e+01  3.887679e+01  1.421085e-14
     vertex  3.943185e+01  3.891641e+01  1.421085e-14
     vertex  4.400000e+01  4.400000e+01  0.000000e+00
   endloop
 endfacet
 facet normal  0.000000e+00  0.000000e+00 -1.000000e+00
   outer loop
     vertex  7.456450e+00  6.876786e+00  7.105427e-15
     vertex  7.431848e+00  6.916412e+00  7.105427e-15
     vertex  1.300000e+01  1.700000e+01  7.105427e-15
   endloop
 endfacet
 facet normal -0.000000e+00  0.000000e+00 -1.000000e+00
   outer loop
     vertex  5.153368e+00  4.525817e+00  7.105427e-15
     vertex  0.000000e+00  0.000000e+00  7.105427e-15
     vertex  5.113244e+00  4.549599e+00  7.105427e-15
   endloop
 endfacet
 facet normal  0.000000e+00  0.000000e+00 -1.000000e+00
   outer loop
     vertex  7.479955e+00  6.836500e+00  7.105427e-15
     vertex  7.456450e+00  6.876786e+00  7.105427e-15
     vertex  1.300000e+01  1.700000e+01  7.105427e-15
   endloop
 endfacet
 facet normal -1.886540e-15 -1.100728e-15 -1.000000e+00
   outer loop
     vertex  3.947996e+01  3.883650e+01  1.421085e-14
     vertex  3.945645e+01  3.887679e+01  1.421085e-14
     vertex  4.400000e+01  4.400000e+01  0.000000e+00
   endloop
 endfacet
 facet normal -0.000000e+00  0.000000e+00 -1.000000e+00
   outer loop
     vertex  5.194130e+00  4.503146e+00  7.105427e-15
     vertex  0.000000e+00  0.000000e+00  7.105427e-15
     vertex  5.153368e+00  4.525817e+00  7.105427e-15
   endloop
 endfacet
 facet normal -1.934555e-15 -1.058697e-15 -1.000000e+00
   outer loop
     vertex  3.950235e+01  3.879558e+01  1.421085e-14
     vertex  3.947996e+01  3.883650e+01  1.421085e-14
     vertex  4.400000e+01  4.400000e+01  0.000000e+00
   endloop
 endfacet
 facet normal  0.000000e+00  0.000000e+00 -1.000000e+00
   outer loop
     vertex  7.502347e+00  6.795584e+00  7.105427e-15
     vertex  7.479955e+00  6.836500e+00  7.105427e-15
     vertex  1.300000e+01  1.700000e+01  7.105427e-15
   endloop
 endfacet
 facet normal -0.000000e+00  0.000000e+00 -1.000000e+00
   outer loop
     vertex  5.235498e+00  4.481601e+00  7.105427e-15
     vertex  0.000000e+00  0.000000e+00  7.105427e-15
     vertex  5.194130e+00  4.503146e+00  7.105427e-15
   endloop
 endfacet
 facet normal -1.983942e-15 -1.016017e-15 -1.000000e+00
   outer loop
     vertex  3.952361e+01  3.875407e+01  1.421085e-14
     vertex  3.950235e+01  3.879558e+01  1.421085e-14
     vertex  4.400000e+01  4.400000e+01  0.000000e+00
   endloop
 endfacet
 facet normal  0.000000e+00  0.000000e+00 -1.000000e+00
   outer loop
     vertex  7.523608e+00  6.754069e+00  7.105427e-15
     vertex  7.502347e+00  6.795584e+00  7.105427e-15
     vertex  1.300000e+01  1.700000e+01  7.105427e-15
   endloop
 endfacet
 facet normal -0.000000e+00  0.000000e+00 -1.000000e+00
   outer loop
     vertex  5.277442e+00  4.461199e+00  7.105427e-15
     vertex  0.000000e+00  0.000000e+00  7.105427e-15
     vertex  5.235498e+00  4.481601e+00  7.105427e-15
   endloop
 endfacet
 facet normal -2.034852e-15 -9.725743e-16 -1.000000e+00
   outer loop
     vertex  3.954372e+01  3.871199e+01  1.421085e-14
     vertex  3.952361e+01  3.875407e+01  1.421085e-14
     vertex  4.400000e+01  4.400000e+01  0.000000e+00
   endloop
 endfacet
 facet normal  0.000000e+00  0.000000e+00 -1.000000e+00
   outer loop
     vertex  7.543721e+00  6.711986e+00  7.105427e-15
     vertex  7.523608e+00  6.754069e+00  7.105427e-15
     vertex  1.300000e+01  1.700000e+01  7.105427e-15
   endloop
 endfacet
 facet normal -0.000000e+00  0.000000e+00 -1.000000e+00
   outer loop
     vertex  5.319929e+00  4.441955e+00  7.105427e-15
     vertex  0.000000e+00  0.000000e+00  7.105427e-15
     vertex  5.277442e+00  4.461199e+00  7.105427e-15
   endloop
 endfacet
 facet normal -2.087450e-15 -9.282492e-16 -1.000000e+00
   outer loop
     vertex  3.956267e+01  3.866937e+01  1.421085e-14
     vertex  3.954372e+01  3.871199e+01  1.421085e-14
     vertex  4.400000e+01  4.400000e+01  0.000000e+00
   endloop
 endfacet
 facet normal  0.000000e+00  0.000000e+00 -1.000000e+00
   outer loop
     vertex  7.562673e+00  6.669368e+00  7.105427e-15
     vertex  7.543721e+00  6.711986e+00  7.105427e-15
     vertex  1.300000e+01  1.700000e+01  7.105427e-15
   endloop
 endfacet
 facet normal -0.000000e+00  0.000000e+00 -1.000000e+00
   outer loop
     vertex  5.362929e+00  4.423885e+00  7.105427e-15
     vertex  0.000000e+00  0.000000e+00  7.105427e-15
     vertex  5.319929e+00  4.441955e+00  7.105427e-15
   endloop
 endfacet
 facet normal -2.141916e-15 -8.829106e-16 -1.000000e+00
   outer loop
     vertex  3.958045e+01  3.862625e+01  1.421085e-14
     vertex  3.956267e+01  3.866937e+01  1.421085e-14
     vertex  4.400000e+01  4.400000e+01  0.000000e+00
   endloop
 endfacet
 facet normal  0.000000e+00  0.000000e+00 -1.000000e+00
   outer loop
     vertex  7.580448e+00  6.626245e+00  7.105427e-15
     vertex  7.562673e+00  6.669368e+00  7.105427e-15
     vertex  1.300000e+01  1.700000e+01  7.105427e-15
   endloop
 endfacet
 facet normal -0.000000e+00  0.000000e+00 -1.000000e+00
   outer loop
     vertex  5.406408e+00  4.407000e+00  7.105427e-15
     vertex  0.000000e+00  0.000000e+00  7.105427e-15
     vertex  5.362929e+00  4.423885e+00  7.105427e-15
   endloop
 endfacet
 facet normal -2.198449e-15 -8.364164e-16 -1.000000e+00
   outer loop
     vertex  3.959703e+01  3.858265e+01  1.421085e-14
     vertex  3.958045e+01  3.862625e+01  1.421085e-14
     vertex  4.400000e+01  4.400000e+01  0.000000e+00
   endloop
 endfacet
 facet normal  0.000000e+00  0.000000e+00 -1.000000e+00
   outer loop
     vertex  7.597034e+00  6.582652e+00  7.105427e-15
     vertex  7.580448e+00  6.626245e+00  7.105427e-15
     vertex  1.300000e+01  1.700000e+01  7.105427e-15
   endloop
 endfacet
 facet normal -0.000000e+00  0.000000e+00 -1.000000e+00
   outer loop
     vertex  5.450333e+00  4.391315e+00  7.105427e-15
     vertex  0.000000e+00  0.000000e+00  7.105427e-15
     vertex  5.406408e+00  4.407000e+00  7.105427e-15
   endloop
 endfacet
 facet normal -2.257268e-15 -7.886110e-16 -1.000000e+00
   outer loop
     vertex  3.961242e+01  3.853862e+01  1.421085e-14
     vertex  3.959703e+01  3.858265e+01  1.421085e-14
     vertex  4.400000e+01  4.400000e+01  0.000000e+00
   endloop
 endfacet
 facet normal  0.000000e+00  0.000000e+00 -1.000000e+00
   outer loop
     vertex  7.612417e+00  6.538619e+00  7.105427e-15
     vertex  7.597034e+00  6.582652e+00  7.105427e-15
     vertex  1.300000e+01  1.700000e+01  7.105427e-15
   endloop
 endfacet
 facet normal -0.000000e+00  0.000000e+00 -1.000000e+00
   outer loop
     vertex  5.494673e+00  4.376841e+00  7.105427e-15
     vertex  0.000000e+00  0.000000e+00  7.105427e-15
     vertex  5.450333e+00  4.391315e+00  7.105427e-15
   endloop
 endfacet
 facet normal -2.318618e-15 -7.393230e-16 -1.000000e+00
   outer loop
     vertex  3.962659e+01  3.849418e+01  1.421085e-14
     vertex  3.961242e+01  3.853862e+01  1.421085e-14
     vertex  4.400000e+01  4.400000e+01  0.000000e+00
   endloop
 endfacet
 facet normal  0.000000e+00  0.000000e+00 -1.000000e+00
   outer loop
     vertex  7.626587e+00  6.494181e+00  7.105427e-15
     vertex  7.612417e+00  6.538619e+00  7.105427e-15
     vertex  1.300000e+01  1.700000e+01  7.105427e-15
   endloop
 endfacet
 facet normal -0.000000e+00  0.000000e+00 -1.000000e+00
   outer loop
     vertex  5.539393e+00  4.363589e+00  7.105427e-15
     vertex  0.000000e+00  0.000000e+00  7.105427e-15
     vertex  5.494673e+00  4.376841e+00  7.105427e-15
   endloop
 endfacet
 facet normal -2.382774e-15 -6.883624e-16 -1.000000e+00
   outer loop
     vertex  3.963953e+01  3.844937e+01  1.421085e-14
     vertex  3.962659e+01  3.849418e+01  1.421085e-14
     vertex  4.400000e+01  4.400000e+01  0.000000e+00
   endloop
 endfacet
 facet normal  0.000000e+00  0.000000e+00 -1.000000e+00
   outer loop
     vertex  7.639532e+00  6.449371e+00  7.105427e-15
     vertex  7.626587e+00  6.494181e+00  7.105427e-15
     vertex  1.300000e+01  1.700000e+01  7.105427e-15
   endloop
 endfacet
 facet normal -0.000000e+00  0.000000e+00 -1.000000e+00
   outer loop
     vertex  5.584460e+00  4.351569e+00  7.105427e-15
     vertex  0.000000e+00  0.000000e+00  7.105427e-15
     vertex  5.539393e+00  4.363589e+00  7.105427e-15
   endloop
 endfacet
 facet normal -2.450043e-15 -6.355172e-16 -1.000000e+00
   outer loop
     vertex  3.965124e+01  3.840422e+01  1.421085e-14
     vertex  3.963953e+01  3.844937e+01  1.421085e-14
     vertex  4.400000e+01  4.400000e+01  0.000000e+00
   endloop
 endfacet
 facet normal  0.000000e+00  0.000000e+00 -1.000000e+00
   outer loop
     vertex  7.651243e+00  6.404223e+00  7.105427e-15
     vertex  7.639532e+00  6.449371e+00  7.105427e-15
     vertex  1.300000e+01  1.700000e+01  7.105427e-15
   endloop
 endfacet
 facet normal -0.000000e+00  0.000000e+00 -1.000000e+00
   outer loop
     vertex  5.629839e+00  4.340789e+00  7.105427e-15
     vertex  0.000000e+00  0.000000e+00  7.105427e-15
     vertex  5.584460e+00  4.351569e+00  7.105427e-15
   endloop
 endfacet
 facet normal -2.520773e-15 -5.805499e-16 -1.000000e+00
   outer loop
     vertex  3.966171e+01  3.835877e+01  1.421085e-14
     vertex  3.965124e+01  3.840422e+01  1.421085e-14
     vertex  4.400000e+01  4.400000e+01  0.000000e+00
   endloop
 endfacet
 facet normal  0.000000e+00  0.000000e+00 -1.000000e+00
   outer loop
     vertex  7.661711e+00  6.358771e+00  7.105427e-15
     vertex  7.651243e+00  6.404223e+00  7.105427e-15
     vertex  1.300000e+01  1.700000e+01  7.105427e-15
   endloop
 endfacet
 facet normal -0.000000e+00  0.000000e+00 -1.000000e+00
   outer loop
     vertex  5.675498e+00  4.331259e+00  7.105427e-15
     vertex  0.000000e+00  0.000000e+00  7.105427e-15
     vertex  5.629839e+00  4.340789e+00  7.105427e-15
   endloop
 endfacet
 facet normal -2.595357e-15 -5.231922e-16 -1.000000e+00
   outer loop
     vertex  3.967093e+01  3.831305e+01  1.421085e-14
     vertex  3.966171e+01  3.835877e+01  1.421085e-14
     vertex  4.400000e+01  4.400000e+01  0.000000e+00
   endloop
 endfacet
 facet normal  0.000000e+00  0.000000e+00 -1.000000e+00
   outer loop
     vertex  7.670928e+00  6.313048e+00  7.105427e-15
     vertex  7.661711e+00  6.358771e+00  7.105427e-15
     vertex  1.300000e+01  1.700000e+01  7.105427e-15
   endloop
 endfacet
 facet normal -0.000000e+00  0.000000e+00 -1.000000e+00
   outer loop
     vertex  5.721400e+00  4.322984e+00  7.105427e-15
     vertex  0.000000e+00  0.000000e+00  7.105427e-15
     vertex  5.675498e+00  4.331259e+00  7.105427e-15
   endloop
 endfacet
 facet normal -2.674245e-15 -4.631399e-16 -1.000000e+00
   outer loop
     vertex  3.967889e+01  3.826709e+01  1.421085e-14
     vertex  3.967093e+01  3.831305e+01  1.421085e-14
     vertex  4.400000e+01  4.400000e+01  0.000000e+00
   endloop
 endfacet
 facet normal  0.000000e+00  0.000000e+00 -1.000000e+00
   outer loop
     vertex  7.678887e+00  6.267090e+00  7.105427e-15
     vertex  7.670928e+00  6.313048e+00  7.105427e-15
     vertex  1.300000e+01  1.700000e+01  7.105427e-15
   endloop
 endfacet
 facet normal -0.000000e+00  0.000000e+00 -1.000000e+00
   outer loop
     vertex  5.767512e+00  4.315972e+00  7.105427e-15
     vertex  0.000000e+00  0.000000e+00  7.105427e-15
     vertex  5.721400e+00  4.322984e+00  7.105427e-15
   endloop
 endfacet
 facet normal -2.757954e-15 -4.000453e-16 -1.000000e+00
   outer loop
     vertex  3.968558e+01  3.822093e+01  1.421085e-14
     vertex  3.967889e+01  3.826709e+01  1.421085e-14
     vertex  4.400000e+01  4.400000e+01  0.000000e+00
   endloop
 endfacet
 facet normal  0.000000e+00  0.000000e+00 -1.000000e+00
   outer loop
     vertex  7.685583e+00  6.220931e+00  7.105427e-15
     vertex  7.678887e+00  6.267090e+00  7.105427e-15
     vertex  1.300000e+01  1.700000e+01  7.105427e-15
   endloop
 endfacet
 facet normal -0.000000e+00  0.000000e+00 -1.000000e+00
   outer loop
     vertex  5.813799e+00  4.310228e+00  7.105427e-15
     vertex  0.000000e+00  0.000000e+00  7.105427e-15
     vertex  5.767512e+00  4.315972e+00  7.105427e-15
   endloop
 endfacet
 facet normal -2.847078e-15 -3.335089e-16 -1.000000e+00
   outer loop
     vertex  3.969101e+01  3.817461e+01  1.421085e-14
     vertex  3.968558e+01  3.822093e+01  1.421085e-14
     vertex  4.400000e+01  4.400000e+01  0.000000e+00
   endloop
 endfacet
 facet normal  0.000000e+00  0.000000e+00 -1.000000e+00
   outer loop
     vertex  7.691009e+00  6.174606e+00  7.105427e-15
     vertex  7.685583e+00  6.220931e+00  7.105427e-15
     vertex  1.300000e+01  1.700000e+01  7.105427e-15
   endloop
 endfacet
 facet normal -0.000000e+00  0.000000e+00 -1.000000e+00
   outer loop
     vertex  5.860227e+00  4.305756e+00  7.105427e-15
     vertex  0.000000e+00  0.000000e+00  7.105427e-15
     vertex  5.813799e+00  4.310228e+00  7.105427e-15
   endloop
 endfacet
 facet normal -2.942308e-15 -2.630686e-16 -1.000000e+00
   outer loop
     vertex  3.969516e+01  3.812815e+01  1.421085e-14
     vertex  3.969101e+01  3.817461e+01  1.421085e-14
     vertex  4.400000e+01  4.400000e+01  0.000000e+00
   endloop
 endfacet
 facet normal  0.000000e+00  0.000000e+00 -1.000000e+00
   outer loop
     vertex  7.695163e+00  6.128149e+00  7.105427e-15
     vertex  7.691009e+00  6.174606e+00  7.105427e-15
     vertex  1.300000e+01  1.700000e+01  7.105427e-15
   endloop
 endfacet
 facet normal -0.000000e+00  0.000000e+00 -1.000000e+00
   outer loop
     vertex  5.906759e+00  4.302559e+00  7.105427e-15
     vertex  0.000000e+00  0.000000e+00  7.105427e-15
     vertex  5.860227e+00  4.305756e+00  7.105427e-15
   endloop
 endfacet
 facet normal -3.044448e-15 -1.881862e-16 -1.000000e+00
   outer loop
     vertex  3.969804e+01  3.808160e+01  1.421085e-14
     vertex  3.969516e+01  3.812815e+01  1.421085e-14
     vertex  4.400000e+01  4.400000e+01  0.000000e+00
   endloop
 endfacet
 facet normal  0.000000e+00  0.000000e+00 -1.000000e+00
   outer loop
     vertex  7.698041e+00  6.081595e+00  7.105427e-15
     vertex  7.695163e+00  6.128149e+00  7.105427e-15
     vertex  1.300000e+01  1.700000e+01  7.105427e-15
   endloop
 endfacet
 facet normal -0.000000e+00  0.000000e+00 -1.000000e+00
   outer loop
     vertex  5.953362e+00  4.300640e+00  7.105427e-15
     vertex  0.000000e+00  0.000000e+00  7.105427e-15
     vertex  5.906759e+00  4.302559e+00  7.105427e-15
   endloop
 endfacet
 facet normal -3.154448e-15 -1.082301e-16 -1.000000e+00
   outer loop
     vertex  3.969964e+01  3.803498e+01  1.421085e-14
     vertex  3.969804e+01  3.808160e+01  1.421085e-14
     vertex  4.400000e+01  4.400000e+01  0.000000e+00
   endloop
 endfacet
 facet normal  0.000000e+00  0.000000e+00 -1.000000e+00
   outer loop
     vertex  7.699640e+00  6.034980e+00  7.105427e-15
     vertex  7.698041e+00  6.081595e+00  7.105427e-15
     vertex  1.300000e+01  1.700000e+01  7.105427e-15
   endloop
 endfacet
 facet normal -0.000000e+00  0.000000e+00 -1.000000e+00
   outer loop
     vertex  6.000000e+00  4.300000e+00  7.105427e-15
     vertex  0.000000e+00  0.000000e+00  7.105427e-15
     vertex  5.953362e+00  4.300640e+00  7.105427e-15
   endloop
 endfacet
 facet normal -3.273427e-15 -2.245401e-17 -1.000000e+00
   outer loop
     vertex  3.969996e+01  3.798834e+01  1.421085e-14
     vertex  3.969964e+01  3.803498e+01  1.421085e-14
     vertex  4.400000e+01  4.400000e+01  0.000000e+00
   endloop
 endfacet
 facet normal  0.000000e+00  0.000000e+00 -1.000000e+00
   outer loop
     vertex  7.699960e+00  5.988339e+00  7.105427e-15
     vertex  7.699640e+00  6.034980e+00  7.105427e-15
     vertex  1.300000e+01  1.700000e+01  7.105427e-15
   endloop
 endfacet
 facet normal  0.000000e+00  0.000000e+00 -1.000000e+00
   outer loop
     vertex  6.046638e+00  4.300640e+00  7.105427e-15
     vertex  0.000000e+00  0.000000e+00  7.105427e-15
     vertex  6.000000e+00  4.300000e+00  7.105427e-15
   endloop
 endfacet
 facet normal -3.402727e-15  7.003160e-17 -1.000000e+00
   outer loop
     vertex  3.969900e+01  3.794171e+01  1.421085e-14
     vertex  3.969996e+01  3.798834e+01  1.421085e-14
     vertex  4.400000e+01  4.400000e+01  0.000000e+00
   endloop
 endfacet
 facet normal  0.000000e+00  0.000000e+00 -1.000000e+00
   outer loop
     vertex  6.093241e+00  4.302559e+00  7.105427e-15
     vertex  0.000000e+00  0.000000e+00  7.105427e-15
     vertex  6.046638e+00  4.300640e+00  7.105427e-15
   endloop
 endfacet
 facet normal -3.543957e-15  1.702962e-16 -1.000000e+00
   outer loop
     vertex  3.969676e+01  3.789512e+01  1.421085e-14
     vertex  3.969900e+01  3.794171e+01  1.421085e-14
     vertex  4.400000e+01  4.400000e+01  0.000000e+00
   endloop
 endfacet
 facet normal  0.000000e+00  0.000000e+00 -1.000000e+00
   outer loop
     vertex  6.139773e+00  4.305756e+00  7.105427e-15
     vertex  0.000000e+00  0.000000e+00  7.105427e-15
     vertex  6.093241e+00  4.302559e+00  7.105427e-15
   endloop
 endfacet
 facet normal -3.699077e-15  2.796377e-16 -1.000000e+00
   outer loop
     vertex  3.969325e+01  3.784861e+01  1.421085e-14
     vertex  3.969676e+01  3.789512e+01  1.421085e-14
     vertex  4.400000e+01  4.400000e+01  0.000000e+00
   endloop
 endfacet
 facet normal  0.000000e+00  0.000000e+00 -1.000000e+00
   outer loop
     vertex  6.186201e+00  4.310228e+00  7.105427e-15
     vertex  0.000000e+00  0.000000e+00  7.105427e-15
     vertex  6.139773e+00  4.305756e+00  7.105427e-15
   endloop
 endfacet
 facet normal -3.870489e-15  3.996482e-16 -1.000000e+00
   outer loop
     vertex  3.968846e+01  3.780221e+01  1.421085e-14
     vertex  3.969325e+01  3.784861e+01  1.421085e-14
     vertex  4.400000e+01  4.400000e+01  0.000000e+00
   endloop
 endfacet
 facet normal  0.000000e+00  0.000000e+00 -1.000000e+00
   outer loop
     vertex  6.232488e+00  4.315972e+00  7.105427e-15
     vertex  0.000000e+00  0.000000e+00  7.105427e-15
     vertex  6.186201e+00  4.310228e+00  7.105427e-15
   endloop
 endfacet
 facet normal -4.061179e-15  5.323028e-16 -1.000000e+00
   outer loop
     vertex  3.968239e+01  3.775597e+01  1.421085e-14
     vertex  3.968846e+01  3.780221e+01  1.421085e-14
     vertex  4.400000e+01  4.400000e+01  0.000000e+00
   endloop
 endfacet
 facet normal  0.000000e+00  0.000000e+00 -1.000000e+00
   outer loop
     vertex  6.278600e+00  4.322984e+00  7.105427e-15
     vertex  0.000000e+00  0.000000e+00  7.105427e-15
     vertex  6.232488e+00  4.315972e+00  7.105427e-15
   endloop
 endfacet
 facet normal -4.274895e-15  6.800831e-16 -1.000000e+00
   outer loop
     vertex  3.967507e+01  3.770990e+01  1.421085e-14
     vertex  3.968239e+01  3.775597e+01  1.421085e-14
     vertex  4.400000e+01  4.400000e+01  0.000000e+00
   endloop
 endfacet
 facet normal  0.000000e+00  0.000000e+00 -1.000000e+00
   outer loop
     vertex  6.324502e+00  4.331259e+00  7.105427e-15
     vertex  0.000000e+00  0.000000e+00  7.105427e-15
     vertex  6.278600e+00  4.322984e+00  7.105427e-15
   endloop
 endfacet
 facet normal -4.516422e-15  8.461518e-16 -1.000000e+00
   outer loop
     vertex  3.966648e+01  3.766406e+01  1.421085e-14
     vertex  3.967507e+01  3.770990e+01  1.421085e-14
     vertex  4.400000e+01  4.400000e+01  0.000000e+00
   endloop
 endfacet
 facet normal  0.000000e+00  0.000000e+00 -1.000000e+00
   outer loop
     vertex  6.370161e+00  4.340789e+00  7.105427e-15
     vertex  0.000000e+00  0.000000e+00  7.105427e-15
     vertex  6.324502e+00  4.331259e+00  7.105427e-15
   endloop
 endfacet
 facet normal -4.791955e-15  1.034605e-15 -1.000000e+00
   outer loop
     vertex  3.965663e+01  3.761847e+01  1.421085e-14
     vertex  3.966648e+01  3.766406e+01  1.421085e-14
     vertex  4.400000e+01  4.400000e+01  0.000000e+00
   endloop
 endfacet
 facet normal  0.000000e+00  0.000000e+00 -1.000000e+00
   outer loop
     vertex  6.415540e+00  4.351569e+00  7.105427e-15
     vertex  0.000000e+00  0.000000e+00  7.105427e-15
     vertex  6.370161e+00  4.340789e+00  7.105427e-15
   endloop
 endfacet
 facet normal -5.109665e-15  1.250843e-15 -1.000000e+00
   outer loop
     vertex  3.964554e+01  3.757316e+01  1.421085e-14
     vertex  3.965663e+01  3.761847e+01  1.421085e-14
     vertex  4.400000e+01  4.400000e+01  0.000000e+00
   endloop
 endfacet
 facet normal  0.000000e+00  0.000000e+00 -1.000000e+00
   outer loop
     vertex  6.460607e+00  4.363589e+00  7.105427e-15
     vertex  0.000000e+00  0.000000e+00  7.105427e-15
     vertex  6.415540e+00  4.351569e+00  7.105427e-15
   endloop
 endfacet
 facet normal -5.480560e-15  1.502140e-15 -1.000000e+00
   outer loop
     vertex  3.963321e+01  3.752818e+01  1.421085e-14
     vertex  3.964554e+01  3.757316e+01  1.421085e-14
     vertex  4.400000e+01  4.400000e+01  0.000000e+00
   endloop
 endfacet
 facet normal  0.000000e+00  0.000000e+00 -1.000000e+00
   outer loop
     vertex  6.505327e+00  4.376841e+00  7.105427e-15
     vertex  0.000000e+00  0.000000e+00  7.105427e-15
     vertex  6.460607e+00  4.363589e+00  7.105427e-15
   endloop
 endfacet
 facet normal -5.919830e-15  1.798533e-15 -1.000000e+00
   outer loop
     vertex  3.961965e+01  3.748355e+01  1.421085e-14
     vertex  3.963321e+01  3.752818e+01  1.421085e-14
     vertex  4.400000e+01  4.400000e+01  0.000000e+00
   endloop
 endfacet
 facet normal  0.000000e+00  0.000000e+00 -1.000000e+00
   outer loop
     vertex  6.549667e+00  4.391315e+00  7.105427e-15
     vertex  0.000000e+00  0.000000e+00  7.105427e-15
     vertex  6.505327e+00  4.376841e+00  7.105427e-15
   endloop
 endfacet
 facet normal -6.449040e-15  2.154267e-15 -1.000000e+00
   outer loop
     vertex  3.960488e+01  3.743931e+01  1.421085e-14
     vertex  3.961965e+01  3.748355e+01  1.421085e-14
     vertex  4.400000e+01  4.400000e+01  0.000000e+00
   endloop
 endfacet
 facet normal  0.000000e+00  0.000000e+00 -1.000000e+00
   outer loop
     vertex  6.593592e+00  4.407000e+00  7.105427e-15
     vertex  0.000000e+00  0.000000e+00  7.105427e-15
     vertex  6.549667e+00  4.391315e+00  7.105427e-15
   endloop
 endfacet
 facet normal -7.099875e-15  2.590273e-15 -1.000000e+00
   outer loop
     vertex  3.958889e+01  3.739549e+01  1.421085e-14
     vertex  3.960488e+01  3.743931e+01  1.421085e-14
     vertex  4.400000e+01  4.400000e+01  0.000000e+00
   endloop
 endfacet
 facet normal  0.000000e+00  0.000000e+00 -1.000000e+00
   outer loop
     vertex  6.637071e+00  4.423885e+00  7.105427e-15
     vertex  0.000000e+00  0.000000e+00  7.105427e-15
     vertex  6.593592e+00  4.407000e+00  7.105427e-15
   endloop
 endfacet
 facet normal -7.920863e-15  3.138606e-15 -1.000000e+00
   outer loop
     vertex  3.957171e+01  3.735213e+01  1.421085e-14
     vertex  3.958889e+01  3.739549e+01  1.421085e-14
     vertex  4.400000e+01  4.400000e+01  0.000000e+00
   endloop
 endfacet
 facet normal  0.000000e+00  0.000000e+00 -1.000000e+00
   outer loop
     vertex  6.680071e+00  4.441955e+00  7.105427e-15
     vertex  0.000000e+00  0.000000e+00  7.105427e-15
     vertex  6.637071e+00  4.423885e+00  7.105427e-15
   endloop
 endfacet
 facet normal -8.990280e-15  3.850968e-15 -1.000000e+00
   outer loop
     vertex  3.955334e+01  3.730926e+01  1.421085e-14
     vertex  3.957171e+01  3.735213e+01  1.421085e-14
     vertex  4.400000e+01  4.400000e+01  0.000000e+00
   endloop
 endfacet
 facet normal  0.000000e+00  0.000000e+00 -1.000000e+00
   outer loop
     vertex  6.722558e+00  4.461199e+00  7.105427e-15
     vertex  0.000000e+00  0.000000e+00  7.105427e-15
     vertex  6.680071e+00  4.441955e+00  7.105427e-15
   endloop
 endfacet
 facet normal  0.000000e+00  0.000000e+00 -1.000000e+00
   outer loop
     vertex  6.764502e+00  4.481601e+00  7.105427e-15
     vertex  0.000000e+00  0.000000e+00  7.105427e-15
     vertex  6.722558e+00  4.461199e+00  7.105427e-15
   endloop
 endfacet
 facet normal  0.000000e+00  6.439003e-16 -1.000000e+00
   outer loop
     vertex  3.100000e+01  2.700000e+01  7.105427e-15
     vertex  7.699640e+00  3.803498e+01  1.421085e-14
     vertex  3.630036e+01  3.803498e+01  1.421085e-14
   endloop
 endfacet
 facet normal  0.000000e+00  6.439003e-16 -1.000000e+00
   outer loop
     vertex  3.100000e+01  2.700000e+01  7.105427e-15
     vertex  1.300000e+01  2.700000e+01  7.105427e-15
     vertex  7.699640e+00  3.803498e+01  1.421085e-14
   endloop
 endfacet
 facet normal -1.059149e-17  7.719965e-16 -1.000000e+00
   outer loop
     vertex  3.100000e+01  2.700000e+01  7.105427e-15
     vertex  3.800000e+01  3.630000e+01  1.421085e-14
     vertex  3.804664e+01  3.630064e+01  1.421085e-14
   endloop
 endfacet
 facet normal -3.247312e-17  7.885752e-16 -1.000000e+00
   outer loop
     vertex  3.100000e+01  2.700000e+01  7.105427e-15
     vertex  3.804664e+01  3.630064e+01  1.421085e-14
     vertex  3.809324e+01  3.630256e+01  1.421085e-14
   endloop
 endfacet
 facet normal -5.537608e-17  8.060388e-16 -1.000000e+00
   outer loop
     vertex  3.100000e+01  2.700000e+01  7.105427e-15
     vertex  3.809324e+01  3.630256e+01  1.421085e-14
     vertex  3.813977e+01  3.630576e+01  1.421085e-14
   endloop
 endfacet
 facet normal -7.942077e-17  8.244869e-16 -1.000000e+00
   outer loop
     vertex  3.100000e+01  2.700000e+01  7.105427e-15
     vertex  3.813977e+01  3.630576e+01  1.421085e-14
     vertex  3.818620e+01  3.631023e+01  1.421085e-14
   endloop
 endfacet
 facet normal -1.047445e-16  8.440333e-16 -1.000000e+00
   outer loop
     vertex  3.100000e+01  2.700000e+01  7.105427e-15
     vertex  3.818620e+01  3.631023e+01  1.421085e-14
     vertex  3.823249e+01  3.631597e+01  1.421085e-14
   endloop
 endfacet
 facet normal -1.315047e-16  8.648087e-16 -1.000000e+00
   outer loop
     vertex  3.100000e+01  2.700000e+01  7.105427e-15
     vertex  3.823249e+01  3.631597e+01  1.421085e-14
     vertex  3.827860e+01  3.632298e+01  1.421085e-14
   endloop
 endfacet
 facet normal -1.598832e-16  8.869642e-16 -1.000000e+00
   outer loop
     vertex  3.100000e+01  2.700000e+01  7.105427e-15
     vertex  3.827860e+01  3.632298e+01  1.421085e-14
     vertex  3.832450e+01  3.633126e+01  1.421085e-14
   endloop
 endfacet
 facet normal -1.900906e-16  9.106753e-16 -1.000000e+00
   outer loop
     vertex  3.100000e+01  2.700000e+01  7.105427e-15
     vertex  3.832450e+01  3.633126e+01  1.421085e-14
     vertex  3.837016e+01  3.634079e+01  1.421085e-14
   endloop
 endfacet
 facet normal -2.223734e-16  9.361474e-16 -1.000000e+00
   outer loop
     vertex  3.100000e+01  2.700000e+01  7.105427e-15
     vertex  3.837016e+01  3.634079e+01  1.421085e-14
     vertex  3.841554e+01  3.635157e+01  1.421085e-14
   endloop
 endfacet
 facet normal -2.570215e-16  9.636223e-16 -1.000000e+00
   outer loop
     vertex  3.100000e+01  2.700000e+01  7.105427e-15
     vertex  3.841554e+01  3.635157e+01  1.421085e-14
     vertex  3.846061e+01  3.636359e+01  1.421085e-14
   endloop
 endfacet
 facet normal -2.943782e-16  9.933870e-16 -1.000000e+00
   outer loop
     vertex  3.100000e+01  2.700000e+01  7.105427e-15
     vertex  3.846061e+01  3.636359e+01  1.421085e-14
     vertex  3.850533e+01  3.637684e+01  1.421085e-14
   endloop
 endfacet
 facet normal -3.348540e-16  1.025784e-15 -1.000000e+00
   outer loop
     vertex  3.100000e+01  2.700000e+01  7.105427e-15
     vertex  3.850533e+01  3.637684e+01  1.421085e-14
     vertex  3.854967e+01  3.639132e+01  1.421085e-14
   endloop
 endfacet
 facet normal -3.789438e-16  1.061228e-15 -1.000000e+00
   outer loop
     vertex  3.100000e+01  2.700000e+01  7.105427e-15
     vertex  3.854967e+01  3.639132e+01  1.421085e-14
     vertex  3.859359e+01  3.640700e+01  1.421085e-14
   endloop
 endfacet
 facet normal -4.272496e-16  1.100222e-15 -1.000000e+00
   outer loop
     vertex  3.100000e+01  2.700000e+01  7.105427e-15
     vertex  3.859359e+01  3.640700e+01  1.421085e-14
     vertex  3.863707e+01  3.642388e+01  1.421085e-14
   endloop
 endfacet
 facet normal -4.805119e-16  1.143385e-15 -1.000000e+00
   outer loop
     vertex  3.100000e+01  2.700000e+01  7.105427e-15
     vertex  3.863707e+01  3.642388e+01  1.421085e-14
     vertex  3.868007e+01  3.644196e+01  1.421085e-14
   endloop
 endfacet
 facet normal -5.396516e-16  1.191489e-15 -1.000000e+00
   outer loop
     vertex  3.100000e+01  2.700000e+01  7.105427e-15
     vertex  3.868007e+01  3.644196e+01  1.421085e-14
     vertex  3.872256e+01  3.646120e+01  1.421085e-14
   endloop
 endfacet
 facet normal -6.058298e-16  1.245506e-15 -1.000000e+00
   outer loop
     vertex  3.100000e+01  2.700000e+01  7.105427e-15
     vertex  3.872256e+01  3.646120e+01  1.421085e-14
     vertex  3.876450e+01  3.648160e+01  1.421085e-14
   endloop
 endfacet
 facet normal -6.805304e-16  1.306679e-15 -1.000000e+00
   outer loop
     vertex  3.100000e+01  2.700000e+01  7.105427e-15
     vertex  3.876450e+01  3.648160e+01  1.421085e-14
     vertex  3.880587e+01  3.650315e+01  1.421085e-14
   endloop
 endfacet
 facet normal  1.359977e-15 -9.328738e-18 -1.000000e+00
   outer loop
     vertex  3.100000e+01  2.700000e+01  7.105427e-15
     vertex  3.630036e+01  3.803498e+01  1.421085e-14
     vertex  3.630004e+01  3.798834e+01  1.421085e-14
   endloop
 endfacet
 facet normal  1.285773e-15  2.646252e-17 -1.000000e+00
   outer loop
     vertex  3.100000e+01  2.700000e+01  7.105427e-15
     vertex  3.630004e+01  3.798834e+01  1.421085e-14
     vertex  3.630100e+01  3.794171e+01  1.421085e-14
   endloop
 endfacet
 facet normal  1.219444e-15  5.859738e-17 -1.000000e+00
   outer loop
     vertex  3.100000e+01  2.700000e+01  7.105427e-15
     vertex  3.630100e+01  3.794171e+01  1.421085e-14
     vertex  3.630324e+01  3.789512e+01  1.421085e-14
   endloop
 endfacet
 facet normal  1.159715e-15  8.767055e-17 -1.000000e+00
   outer loop
     vertex  3.100000e+01  2.700000e+01  7.105427e-15
     vertex  3.630324e+01  3.789512e+01  1.421085e-14
     vertex  3.630675e+01  3.784861e+01  1.421085e-14
   endloop
 endfacet
 facet normal  1.105571e-15  1.141560e-16 -1.000000e+00
   outer loop
     vertex  3.100000e+01  2.700000e+01  7.105427e-15
     vertex  3.630675e+01  3.784861e+01  1.421085e-14
     vertex  3.631154e+01  3.780221e+01  1.421085e-14
   endloop
 endfacet
 facet normal  1.056192e-15  1.384361e-16 -1.000000e+00
   outer loop
     vertex  3.100000e+01  2.700000e+01  7.105427e-15
     vertex  3.631154e+01  3.780221e+01  1.421085e-14
     vertex  3.631761e+01  3.775597e+01  1.421085e-14
   endloop
 endfacet
 facet normal  1.010909e-15  1.608232e-16 -1.000000e+00
   outer loop
     vertex  3.100000e+01  2.700000e+01  7.105427e-15
     vertex  3.631761e+01  3.775597e+01  1.421085e-14
     vertex  3.632493e+01  3.770990e+01  1.421085e-14
   endloop
 endfacet
 facet normal  9.691728e-16  1.815745e-16 -1.000000e+00
   outer loop
     vertex  3.100000e+01  2.700000e+01  7.105427e-15
     vertex  3.632493e+01  3.770990e+01  1.421085e-14
     vertex  3.633352e+01  3.766406e+01  1.421085e-14
   endloop
 endfacet
 facet normal  9.305240e-16  2.009043e-16 -1.000000e+00
   outer loop
     vertex  3.100000e+01  2.700000e+01  7.105427e-15
     vertex  3.633352e+01  3.766406e+01  1.421085e-14
     vertex  3.634337e+01  3.761847e+01  1.421085e-14
   endloop
 endfacet
 facet normal  8.945789e-16  2.189924e-16 -1.000000e+00
   outer loop
     vertex  3.100000e+01  2.700000e+01  7.105427e-15
     vertex  3.634337e+01  3.761847e+01  1.421085e-14
     vertex  3.635446e+01  3.757316e+01  1.421085e-14
   endloop
 endfacet
 facet normal  8.610129e-16  2.359909e-16 -1.000000e+00
   outer loop
     vertex  3.100000e+01  2.700000e+01  7.105427e-15
     vertex  3.635446e+01  3.757316e+01  1.421085e-14
     vertex  3.636679e+01  3.752818e+01  1.421085e-14
   endloop
 endfacet
 facet normal  8.295495e-16  2.520295e-16 -1.000000e+00
   outer loop
     vertex  3.100000e+01  2.700000e+01  7.105427e-15
     vertex  3.636679e+01  3.752818e+01  1.421085e-14
     vertex  3.638035e+01  3.748355e+01  1.421085e-14
   endloop
 endfacet
 facet normal  7.999519e-16  2.672196e-16 -1.000000e+00
   outer loop
     vertex  3.100000e+01  2.700000e+01  7.105427e-15
     vertex  3.638035e+01  3.748355e+01  1.421085e-14
     vertex  3.639512e+01  3.743931e+01  1.421085e-14
   endloop
 endfacet
 facet normal  7.720156e-16  2.816572e-16 -1.000000e+00
   outer loop
     vertex  3.100000e+01  2.700000e+01  7.105427e-15
     vertex  3.639512e+01  3.743931e+01  1.421085e-14
     vertex  3.641111e+01  3.739549e+01  1.421085e-14
   endloop
 endfacet
 facet normal  7.455636e-16  2.954262e-16 -1.000000e+00
   outer loop
     vertex  3.100000e+01  2.700000e+01  7.105427e-15
     vertex  3.641111e+01  3.739549e+01  1.421085e-14
     vertex  3.642829e+01  3.735213e+01  1.421085e-14
   endloop
 endfacet
 facet normal  7.204411e-16  3.085995e-16 -1.000000e+00
   outer loop
     vertex  3.100000e+01  2.700000e+01  7.105427e-15
     vertex  3.642829e+01  3.735213e+01  1.421085e-14
     vertex  3.644666e+01  3.730926e+01  1.421085e-14
   endloop
 endfacet
 facet normal  6.965126e-16  3.212416e-16 -1.000000e+00
   outer loop
     vertex  3.100000e+01  2.700000e+01  7.105427e-15
     vertex  3.644666e+01  3.730926e+01  1.421085e-14
     vertex  3.646619e+01  3.726690e+01  1.421085e-14
   endloop
 endfacet
 facet normal  6.736586e-16  3.334093e-16 -1.000000e+00
   outer loop
     vertex  3.100000e+01  2.700000e+01  7.105427e-15
     vertex  3.646619e+01  3.726690e+01  1.421085e-14
     vertex  3.648688e+01  3.722510e+01  1.421085e-14
   endloop
 endfacet
 facet normal  6.517730e-16  3.451533e-16 -1.000000e+00
   outer loop
     vertex  3.100000e+01  2.700000e+01  7.105427e-15
     vertex  3.648688e+01  3.722510e+01  1.421085e-14
     vertex  3.650871e+01  3.718388e+01  1.421085e-14
   endloop
 endfacet
 facet normal  6.307617e-16  3.565188e-16 -1.000000e+00
   outer loop
     vertex  3.100000e+01  2.700000e+01  7.105427e-15
     vertex  3.650871e+01  3.718388e+01  1.421085e-14
     vertex  3.653166e+01  3.714328e+01  1.421085e-14
   endloop
 endfacet
 facet normal  6.105403e-16  3.675466e-16 -1.000000e+00
   outer loop
     vertex  3.100000e+01  2.700000e+01  7.105427e-15
     vertex  3.653166e+01  3.714328e+01  1.421085e-14
     vertex  3.655572e+01  3.710332e+01  1.421085e-14
   endloop
 endfacet
 facet normal  5.910330e-16  3.782734e-16 -1.000000e+00
   outer loop
     vertex  3.100000e+01  2.700000e+01  7.105427e-15
     vertex  3.655572e+01  3.710332e+01  1.421085e-14
     vertex  3.658086e+01  3.706403e+01  1.421085e-14
   endloop
 endfacet
 facet normal  5.721717e-16  3.887327e-16 -1.000000e+00
   outer loop
     vertex  3.100000e+01  2.700000e+01  7.105427e-15
     vertex  3.658086e+01  3.706403e+01  1.421085e-14
     vertex  3.660707e+01  3.702545e+01  1.421085e-14
   endloop
 endfacet
 facet normal  5.538941e-16  3.989550e-16 -1.000000e+00
   outer loop
     vertex  3.100000e+01  2.700000e+01  7.105427e-15
     vertex  3.660707e+01  3.702545e+01  1.421085e-14
     vertex  3.663433e+01  3.698760e+01  1.421085e-14
   endloop
 endfacet
 facet normal  5.361440e-16  4.089685e-16 -1.000000e+00
   outer loop
     vertex  3.100000e+01  2.700000e+01  7.105427e-15
     vertex  3.663433e+01  3.698760e+01  1.421085e-14
     vertex  3.666262e+01  3.695052e+01  1.421085e-14
   endloop
 endfacet
 facet normal  5.188695e-16  4.187990e-16 -1.000000e+00
   outer loop
     vertex  3.100000e+01  2.700000e+01  7.105427e-15
     vertex  3.666262e+01  3.695052e+01  1.421085e-14
     vertex  3.669191e+01  3.691422e+01  1.421085e-14
   endloop
 endfacet
 facet normal  5.020233e-16  4.284707e-16 -1.000000e+00
   outer loop
     vertex  3.100000e+01  2.700000e+01  7.105427e-15
     vertex  3.669191e+01  3.691422e+01  1.421085e-14
     vertex  3.672219e+01  3.687875e+01  1.421085e-14
   endloop
 endfacet
 facet normal  4.855613e-16  4.380062e-16 -1.000000e+00
   outer loop
     vertex  3.100000e+01  2.700000e+01  7.105427e-15
     vertex  3.672219e+01  3.687875e+01  1.421085e-14
     vertex  3.675343e+01  3.684411e+01  1.421085e-14
   endloop
 endfacet
 facet normal  4.694429e-16  4.474266e-16 -1.000000e+00
   outer loop
     vertex  3.100000e+01  2.700000e+01  7.105427e-15
     vertex  3.675343e+01  3.684411e+01  1.421085e-14
     vertex  3.678561e+01  3.681035e+01  1.421085e-14
   endloop
 endfacet
 facet normal  4.536299e-16  4.567523e-16 -1.000000e+00
   outer loop
     vertex  3.100000e+01  2.700000e+01  7.105427e-15
     vertex  3.678561e+01  3.681035e+01  1.421085e-14
     vertex  3.681871e+01  3.677748e+01  1.421085e-14
   endloop
 endfacet
 facet normal  4.380867e-16  4.660022e-16 -1.000000e+00
   outer loop
     vertex  3.100000e+01  2.700000e+01  7.105427e-15
     vertex  3.681871e+01  3.677748e+01  1.421085e-14
     vertex  3.685269e+01  3.674553e+01  1.421085e-14
   endloop
 endfacet
 facet normal  4.227795e-16  4.751950e-16 -1.000000e+00
   outer loop
     vertex  3.100000e+01  2.700000e+01  7.105427e-15
     vertex  3.685269e+01  3.674553e+01  1.421085e-14
     vertex  3.688754e+01  3.671453e+01  1.421085e-14
   endloop
 endfacet
 facet normal  4.076763e-16  4.843484e-16 -1.000000e+00
   outer loop
     vertex  3.100000e+01  2.700000e+01  7.105427e-15
     vertex  3.688754e+01  3.671453e+01  1.421085e-14
     vertex  3.692322e+01  3.668450e+01  1.421085e-14
   endloop
 endfacet
 facet normal  3.927465e-16  4.934797e-16 -1.000000e+00
   outer loop
     vertex  3.100000e+01  2.700000e+01  7.105427e-15
     vertex  3.692322e+01  3.668450e+01  1.421085e-14
     vertex  3.695972e+01  3.665545e+01  1.421085e-14
   endloop
 endfacet
 facet normal  3.779607e-16  5.026061e-16 -1.000000e+00
   outer loop
     vertex  3.100000e+01  2.700000e+01  7.105427e-15
     vertex  3.695972e+01  3.665545e+01  1.421085e-14
     vertex  3.699700e+01  3.662742e+01  1.421085e-14
   endloop
 endfacet
 facet normal  3.632905e-16  5.117443e-16 -1.000000e+00
   outer loop
     vertex  3.100000e+01  2.700000e+01  7.105427e-15
     vertex  3.699700e+01  3.662742e+01  1.421085e-14
     vertex  3.703503e+01  3.660042e+01  1.421085e-14
   endloop
 endfacet
 facet normal  3.487081e-16  5.209111e-16 -1.000000e+00
   outer loop
     vertex  3.100000e+01  2.700000e+01  7.105427e-15
     vertex  3.703503e+01  3.660042e+01  1.421085e-14
     vertex  3.707379e+01  3.657447e+01  1.421085e-14
   endloop
 endfacet
 facet normal  3.341864e-16  5.301233e-16 -1.000000e+00
   outer loop
     vertex  3.100000e+01  2.700000e+01  7.105427e-15
     vertex  3.707379e+01  3.657447e+01  1.421085e-14
     vertex  3.711324e+01  3.654960e+01  1.421085e-14
   endloop
 endfacet
 facet normal  3.196985e-16  5.393978e-16 -1.000000e+00
   outer loop
     vertex  3.100000e+01  2.700000e+01  7.105427e-15
     vertex  3.711324e+01  3.654960e+01  1.421085e-14
     vertex  3.715337e+01  3.652582e+01  1.421085e-14
   endloop
 endfacet
 facet normal  3.052178e-16  5.487519e-16 -1.000000e+00
   outer loop
     vertex  3.100000e+01  2.700000e+01  7.105427e-15
     vertex  3.715337e+01  3.652582e+01  1.421085e-14
     vertex  3.719413e+01  3.650315e+01  1.421085e-14
   endloop
 endfacet
 facet normal  2.907174e-16  5.582032e-16 -1.000000e+00
   outer loop
     vertex  3.100000e+01  2.700000e+01  7.105427e-15
     vertex  3.719413e+01  3.650315e+01  1.421085e-14
     vertex  3.723550e+01  3.648160e+01  1.421085e-14
   endloop
 endfacet
 facet normal  2.761704e-16  5.677699e-16 -1.000000e+00
   outer loop
     vertex  3.100000e+01  2.700000e+01  7.105427e-15
     vertex  3.723550e+01  3.648160e+01  1.421085e-14
     vertex  3.727744e+01  3.646120e+01  1.421085e-14
   endloop
 endfacet
 facet normal  2.615492e-16  5.774709e-16 -1.000000e+00
   outer loop
     vertex  3.100000e+01  2.700000e+01  7.105427e-15
     vertex  3.727744e+01  3.646120e+01  1.421085e-14
     vertex  3.731993e+01  3.644196e+01  1.421085e-14
   endloop
 endfacet
 facet normal  2.468259e-16  5.873259e-16 -1.000000e+00
   outer loop
     vertex  3.100000e+01  2.700000e+01  7.105427e-15
     vertex  3.731993e+01  3.644196e+01  1.421085e-14
     vertex  3.736293e+01  3.642388e+01  1.421085e-14
   endloop
 endfacet
 facet normal  2.319714e-16  5.973556e-16 -1.000000e+00
   outer loop
     vertex  3.100000e+01  2.700000e+01  7.105427e-15
     vertex  3.736293e+01  3.642388e+01  1.421085e-14
     vertex  3.740641e+01  3.640700e+01  1.421085e-14
   endloop
 endfacet
 facet normal  2.169556e-16  6.075817e-16 -1.000000e+00
   outer loop
     vertex  3.100000e+01  2.700000e+01  7.105427e-15
     vertex  3.740641e+01  3.640700e+01  1.421085e-14
     vertex  3.745033e+01  3.639132e+01  1.421085e-14
   endloop
 endfacet
 facet normal  2.017471e-16  6.180275e-16 -1.000000e+00
   outer loop
     vertex  3.100000e+01  2.700000e+01  7.105427e-15
     vertex  3.745033e+01  3.639132e+01  1.421085e-14
     vertex  3.749467e+01  3.637684e+01  1.421085e-14
   endloop
 endfacet
 facet normal  1.863129e-16  6.287177e-16 -1.000000e+00
   outer loop
     vertex  3.100000e+01  2.700000e+01  7.105427e-15
     vertex  3.749467e+01  3.637684e+01  1.421085e-14
     vertex  3.753939e+01  3.636359e+01  1.421085e-14
   endloop
 endfacet
 facet normal  1.706179e-16  6.396789e-16 -1.000000e+00
   outer loop
     vertex  3.100000e+01  2.700000e+01  7.105427e-15
     vertex  3.753939e+01  3.636359e+01  1.421085e-14
     vertex  3.758446e+01  3.635157e+01  1.421085e-14
   endloop
 endfacet
 facet normal  1.546249e-16  6.509396e-16 -1.000000e+00
   outer loop
     vertex  3.100000e+01  2.700000e+01  7.105427e-15
     vertex  3.758446e+01  3.635157e+01  1.421085e-14
     vertex  3.762984e+01  3.634079e+01  1.421085e-14
   endloop
 endfacet
 facet normal  1.382940e-16  6.625308e-16 -1.000000e+00
   outer loop
     vertex  3.100000e+01  2.700000e+01  7.105427e-15
     vertex  3.762984e+01  3.634079e+01  1.421085e-14
     vertex  3.767550e+01  3.633126e+01  1.421085e-14
   endloop
 endfacet
 facet normal  1.215821e-16  6.744863e-16 -1.000000e+00
   outer loop
     vertex  3.100000e+01  2.700000e+01  7.105427e-15
     vertex  3.767550e+01  3.633126e+01  1.421085e-14
     vertex  3.772140e+01  3.632298e+01  1.421085e-14
   endloop
 endfacet
 facet normal  1.044429e-16  6.868429e-16 -1.000000e+00
   outer loop
     vertex  3.100000e+01  2.700000e+01  7.105427e-15
     vertex  3.772140e+01  3.632298e+01  1.421085e-14
     vertex  3.776751e+01  3.631597e+01  1.421085e-14
   endloop
 endfacet
 facet normal  8.682541e-17  6.996409e-16 -1.000000e+00
   outer loop
     vertex  3.100000e+01  2.700000e+01  7.105427e-15
     vertex  3.776751e+01  3.631597e+01  1.421085e-14
     vertex  3.781380e+01  3.631023e+01  1.421085e-14
   endloop
 endfacet
 facet normal  6.867429e-17  7.129250e-16 -1.000000e+00
   outer loop
     vertex  3.100000e+01  2.700000e+01  7.105427e-15
     vertex  3.781380e+01  3.631023e+01  1.421085e-14
     vertex  3.786023e+01  3.630576e+01  1.421085e-14
   endloop
 endfacet
 facet normal  4.992844e-17  7.267445e-16 -1.000000e+00
   outer loop
     vertex  3.100000e+01  2.700000e+01  7.105427e-15
     vertex  3.786023e+01  3.630576e+01  1.421085e-14
     vertex  3.790676e+01  3.630256e+01  1.421085e-14
   endloop
 endfacet
 facet normal  3.052035e-17  7.411542e-16 -1.000000e+00
   outer loop
     vertex  3.100000e+01  2.700000e+01  7.105427e-15
     vertex  3.790676e+01  3.630256e+01  1.421085e-14
     vertex  3.795336e+01  3.630064e+01  1.421085e-14
   endloop
 endfacet
 facet normal  1.037498e-17  7.562153e-16 -1.000000e+00
   outer loop
     vertex  3.100000e+01  2.700000e+01  7.105427e-15
     vertex  3.795336e+01  3.630064e+01  1.421085e-14
     vertex  3.800000e+01  3.630000e+01  1.421085e-14
   endloop
 endfacet
 facet normal  0.000000e+00  0.000000e+00 -1.000000e+00
   outer loop
     vertex  3.676941e+01  7.172879e+00  7.105427e-15
     vertex  3.100000e+01  1.700000e+01  7.105427e-15
     vertex  3.680205e+01  7.206197e+00  7.105427e-15
   endloop
 endfacet
 facet normal -0.000000e+00  0.000000e+00 -1.000000e+00
   outer loop
     vertex  3.683559e+01  7.238608e+00  7.105427e-15
     vertex  3.680205e+01  7.206197e+00  7.105427e-15
     vertex  3.100000e+01  1.700000e+01  7.105427e-15
   endloop
 endfacet
 facet normal  0.000000e+00  0.000000e+00 -1.000000e+00
   outer loop
     vertex  3.673769e+01  7.138677e+00  7.105427e-15
     vertex  3.100000e+01  1.700000e+01  7.105427e-15
     vertex  3.676941e+01  7.172879e+00  7.105427e-15
   endloop
 endfacet
 facet normal -0.000000e+00  0.000000e+00 -1.000000e+00
   outer loop
     vertex  3.687001e+01  7.270086e+00  7.105427e-15
     vertex  3.683559e+01  7.238608e+00  7.105427e-15
     vertex  3.100000e+01  1.700000e+01  7.105427e-15
   endloop
 endfacet
 facet normal  0.000000e+00  0.000000e+00 -1.000000e+00
   outer loop
     vertex  3.670693e+01  7.103618e+00  7.105427e-15
     vertex  3.100000e+01  1.700000e+01  7.105427e-15
     vertex  3.673769e+01  7.138677e+00  7.105427e-15
   endloop
 endfacet
 facet normal -0.000000e+00  0.000000e+00 -1.000000e+00
   outer loop
     vertex  3.690528e+01  7.300608e+00  7.105427e-15
     vertex  3.687001e+01  7.270086e+00  7.105427e-15
     vertex  3.100000e+01  1.700000e+01  7.105427e-15
   endloop
 endfacet
 facet normal  0.000000e+00  0.000000e+00 -1.000000e+00
   outer loop
     vertex  3.667714e+01  7.067729e+00  7.105427e-15
     vertex  3.100000e+01  1.700000e+01  7.105427e-15
     vertex  3.670693e+01  7.103618e+00  7.105427e-15
   endloop
 endfacet
 facet normal -0.000000e+00  0.000000e+00 -1.000000e+00
   outer loop
     vertex  3.694137e+01  7.330152e+00  7.105427e-15
     vertex  3.690528e+01  7.300608e+00  7.105427e-15
     vertex  3.100000e+01  1.700000e+01  7.105427e-15
   endloop
 endfacet
 facet normal  0.000000e+00  0.000000e+00 -1.000000e+00
   outer loop
     vertex  3.664835e+01  7.031036e+00  7.105427e-15
     vertex  3.100000e+01  1.700000e+01  7.105427e-15
     vertex  3.667714e+01  7.067729e+00  7.105427e-15
   endloop
 endfacet
 facet normal -0.000000e+00  0.000000e+00 -1.000000e+00
   outer loop
     vertex  3.697826e+01  7.358693e+00  7.105427e-15
     vertex  3.694137e+01  7.330152e+00  7.105427e-15
     vertex  3.100000e+01  1.700000e+01  7.105427e-15
   endloop
 endfacet
 facet normal  0.000000e+00  0.000000e+00 -1.000000e+00
   outer loop
     vertex  3.662057e+01  6.993566e+00  7.105427e-15
     vertex  3.100000e+01  1.700000e+01  7.105427e-15
     vertex  3.664835e+01  7.031036e+00  7.105427e-15
   endloop
 endfacet
 facet normal -0.000000e+00  0.000000e+00 -1.000000e+00
   outer loop
     vertex  3.701592e+01  7.386212e+00  7.105427e-15
     vertex  3.697826e+01  7.358693e+00  7.105427e-15
     vertex  3.100000e+01  1.700000e+01  7.105427e-15
   endloop
 endfacet
 facet normal  0.000000e+00  0.000000e+00 -1.000000e+00
   outer loop
     vertex  3.659383e+01  6.955349e+00  7.105427e-15
     vertex  3.100000e+01  1.700000e+01  7.105427e-15
     vertex  3.662057e+01  6.993566e+00  7.105427e-15
   endloop
 endfacet
 facet normal -0.000000e+00  0.000000e+00 -1.000000e+00
   outer loop
     vertex  3.705432e+01  7.412688e+00  7.105427e-15
     vertex  3.701592e+01  7.386212e+00  7.105427e-15
     vertex  3.100000e+01  1.700000e+01  7.105427e-15
   endloop
 endfacet
 facet normal  0.000000e+00  0.000000e+00 -1.000000e+00
   outer loop
     vertex  3.656815e+01  6.916412e+00  7.105427e-15
     vertex  3.100000e+01  1.700000e+01  7.105427e-15
     vertex  3.659383e+01  6.955349e+00  7.105427e-15
   endloop
 endfacet
 facet normal -0.000000e+00  0.000000e+00 -1.000000e+00
   outer loop
     vertex  3.709343e+01  7.438100e+00  7.105427e-15
     vertex  3.705432e+01  7.412688e+00  7.105427e-15
     vertex  3.100000e+01  1.700000e+01  7.105427e-15
   endloop
 endfacet
 facet normal  0.000000e+00  0.000000e+00 -1.000000e+00
   outer loop
     vertex  3.654355e+01  6.876786e+00  7.105427e-15
     vertex  3.100000e+01  1.700000e+01  7.105427e-15
     vertex  3.656815e+01  6.916412e+00  7.105427e-15
   endloop
 endfacet
 facet normal -0.000000e+00  0.000000e+00 -1.000000e+00
   outer loop
     vertex  3.713322e+01  7.462430e+00  7.105427e-15
     vertex  3.709343e+01  7.438100e+00  7.105427e-15
     vertex  3.100000e+01  1.700000e+01  7.105427e-15
   endloop
 endfacet
 facet normal  0.000000e+00  0.000000e+00 -1.000000e+00
   outer loop
     vertex  3.652004e+01  6.836500e+00  7.105427e-15
     vertex  3.100000e+01  1.700000e+01  7.105427e-15
     vertex  3.654355e+01  6.876786e+00  7.105427e-15
   endloop
 endfacet
 facet normal -0.000000e+00  0.000000e+00 -1.000000e+00
   outer loop
     vertex  3.717367e+01  7.485658e+00  7.105427e-15
     vertex  3.713322e+01  7.462430e+00  7.105427e-15
     vertex  3.100000e+01  1.700000e+01  7.105427e-15
   endloop
 endfacet
 facet normal  0.000000e+00  0.000000e+00 -1.000000e+00
   outer loop
     vertex  3.649765e+01  6.795584e+00  7.105427e-15
     vertex  3.100000e+01  1.700000e+01  7.105427e-15
     vertex  3.652004e+01  6.836500e+00  7.105427e-15
   endloop
 endfacet
 facet normal -0.000000e+00  0.000000e+00 -1.000000e+00
   outer loop
     vertex  3.721474e+01  7.507769e+00  7.105427e-15
     vertex  3.717367e+01  7.485658e+00  7.105427e-15
     vertex  3.100000e+01  1.700000e+01  7.105427e-15
   endloop
 endfacet
 facet normal  0.000000e+00  0.000000e+00 -1.000000e+00
   outer loop
     vertex  3.647639e+01  6.754069e+00  7.105427e-15
     vertex  3.100000e+01  1.700000e+01  7.105427e-15
     vertex  3.649765e+01  6.795584e+00  7.105427e-15
   endloop
 endfacet
 facet normal -0.000000e+00  0.000000e+00 -1.000000e+00
   outer loop
     vertex  3.725640e+01  7.528744e+00  7.105427e-15
     vertex  3.721474e+01  7.507769e+00  7.105427e-15
     vertex  3.100000e+01  1.700000e+01  7.105427e-15
   endloop
 endfacet
 facet normal  0.000000e+00  0.000000e+00 -1.000000e+00
   outer loop
     vertex  3.645628e+01  6.711986e+00  7.105427e-15
     vertex  3.100000e+01  1.700000e+01  7.105427e-15
     vertex  3.647639e+01  6.754069e+00  7.105427e-15
   endloop
 endfacet
 facet normal -0.000000e+00  0.000000e+00 -1.000000e+00
   outer loop
     vertex  3.729862e+01  7.548569e+00  7.105427e-15
     vertex  3.725640e+01  7.528744e+00  7.105427e-15
     vertex  3.100000e+01  1.700000e+01  7.105427e-15
   endloop
 endfacet
 facet normal  0.000000e+00  0.000000e+00 -1.000000e+00
   outer loop
     vertex  3.643733e+01  6.669368e+00  7.105427e-15
     vertex  3.100000e+01  1.700000e+01  7.105427e-15
     vertex  3.645628e+01  6.711986e+00  7.105427e-15
   endloop
 endfacet
 facet normal -0.000000e+00  0.000000e+00 -1.000000e+00
   outer loop
     vertex  3.734137e+01  7.567228e+00  7.105427e-15
     vertex  3.729862e+01  7.548569e+00  7.105427e-15
     vertex  3.100000e+01  1.700000e+01  7.105427e-15
   endloop
 endfacet
 facet normal  0.000000e+00  0.000000e+00 -1.000000e+00
   outer loop
     vertex  3.641955e+01  6.626245e+00  7.105427e-15
     vertex  3.100000e+01  1.700000e+01  7.105427e-15
     vertex  3.643733e+01  6.669368e+00  7.105427e-15
   endloop
 endfacet
 facet normal -0.000000e+00  0.000000e+00 -1.000000e+00
   outer loop
     vertex  3.738461e+01  7.584707e+00  7.105427e-15
     vertex  3.734137e+01  7.567228e+00  7.105427e-15
     vertex  3.100000e+01  1.700000e+01  7.105427e-15
   endloop
 endfacet
 facet normal  0.000000e+00  0.000000e+00 -1.000000e+00
   outer loop
     vertex  3.640297e+01  6.582652e+00  7.105427e-15
     vertex  3.100000e+01  1.700000e+01  7.105427e-15
     vertex  3.641955e+01  6.626245e+00  7.105427e-15
   endloop
 endfacet
 facet normal -0.000000e+00  0.000000e+00 -1.000000e+00
   outer loop
     vertex  3.742832e+01  7.600993e+00  7.105427e-15
     vertex  3.738461e+01  7.584707e+00  7.105427e-15
     vertex  3.100000e+01  1.700000e+01  7.105427e-15
   endloop
 endfacet
 facet normal  0.000000e+00  0.000000e+00 -1.000000e+00
   outer loop
     vertex  3.638758e+01  6.538619e+00  7.105427e-15
     vertex  3.100000e+01  1.700000e+01  7.105427e-15
     vertex  3.640297e+01  6.582652e+00  7.105427e-15
   endloop
 endfacet
 facet normal -0.000000e+00  0.000000e+00 -1.000000e+00
   outer loop
     vertex  3.747245e+01  7.616074e+00  7.105427e-15
     vertex  3.742832e+01  7.600993e+00  7.105427e-15
     vertex  3.100000e+01  1.700000e+01  7.105427e-15
   endloop
 endfacet
 facet normal  0.000000e+00  0.000000e+00 -1.000000e+00
   outer loop
     vertex  3.637341e+01  6.494181e+00  7.105427e-15
     vertex  3.100000e+01  1.700000e+01  7.105427e-15
     vertex  3.638758e+01  6.538619e+00  7.105427e-15
   endloop
 endfacet
 facet normal -0.000000e+00  0.000000e+00 -1.000000e+00
   outer loop
     vertex  3.751699e+01  7.629938e+00  7.105427e-15
     vertex  3.747245e+01  7.616074e+00  7.105427e-15
     vertex  3.100000e+01  1.700000e+01  7.105427e-15
   endloop
 endfacet
 facet normal  0.000000e+00  0.000000e+00 -1.000000e+00
   outer loop
     vertex  3.636047e+01  6.449371e+00  7.105427e-15
     vertex  3.100000e+01  1.700000e+01  7.105427e-15
     vertex  3.637341e+01  6.494181e+00  7.105427e-15
   endloop
 endfacet
 facet normal -0.000000e+00  0.000000e+00 -1.000000e+00
   outer loop
     vertex  3.756189e+01  7.642576e+00  7.105427e-15
     vertex  3.751699e+01  7.629938e+00  7.105427e-15
     vertex  3.100000e+01  1.700000e+01  7.105427e-15
   endloop
 endfacet
 facet normal  0.000000e+00  0.000000e+00 -1.000000e+00
   outer loop
     vertex  3.634876e+01  6.404223e+00  7.105427e-15
     vertex  3.100000e+01  1.700000e+01  7.105427e-15
     vertex  3.636047e+01  6.449371e+00  7.105427e-15
   endloop
 endfacet
 facet normal -0.000000e+00  0.000000e+00 -1.000000e+00
   outer loop
     vertex  3.760711e+01  7.653977e+00  7.105427e-15
     vertex  3.756189e+01  7.642576e+00  7.105427e-15
     vertex  3.100000e+01  1.700000e+01  7.105427e-15
   endloop
 endfacet
 facet normal  0.000000e+00  0.000000e+00 -1.000000e+00
   outer loop
     vertex  3.633829e+01  6.358771e+00  7.105427e-15
     vertex  3.100000e+01  1.700000e+01  7.105427e-15
     vertex  3.634876e+01  6.404223e+00  7.105427e-15
   endloop
 endfacet
 facet normal -0.000000e+00  0.000000e+00 -1.000000e+00
   outer loop
     vertex  3.765264e+01  7.664133e+00  7.105427e-15
     vertex  3.760711e+01  7.653977e+00  7.105427e-15
     vertex  3.100000e+01  1.700000e+01  7.105427e-15
   endloop
 endfacet
 facet normal  0.000000e+00  0.000000e+00 -1.000000e+00
   outer loop
     vertex  3.632907e+01  6.313048e+00  7.105427e-15
     vertex  3.100000e+01  1.700000e+01  7.105427e-15
     vertex  3.633829e+01  6.358771e+00  7.105427e-15
   endloop
 endfacet
 facet normal -0.000000e+00  0.000000e+00 -1.000000e+00
   outer loop
     vertex  3.769842e+01  7.673036e+00  7.105427e-15
     vertex  3.765264e+01  7.664133e+00  7.105427e-15
     vertex  3.100000e+01  1.700000e+01  7.105427e-15
   endloop
 endfacet
 facet normal  0.000000e+00  0.000000e+00 -1.000000e+00
   outer loop
     vertex  3.632111e+01  6.267090e+00  7.105427e-15
     vertex  3.100000e+01  1.700000e+01  7.105427e-15
     vertex  3.632907e+01  6.313048e+00  7.105427e-15
   endloop
 endfacet
 facet normal -0.000000e+00  0.000000e+00 -1.000000e+00
   outer loop
     vertex  3.774443e+01  7.680680e+00  7.105427e-15
     vertex  3.769842e+01  7.673036e+00  7.105427e-15
     vertex  3.100000e+01  1.700000e+01  7.105427e-15
   endloop
 endfacet
 facet normal  0.000000e+00  0.000000e+00 -1.000000e+00
   outer loop
     vertex  3.631442e+01  6.220931e+00  7.105427e-15
     vertex  3.100000e+01  1.700000e+01  7.105427e-15
     vertex  3.632111e+01  6.267090e+00  7.105427e-15
   endloop
 endfacet
 facet normal -0.000000e+00  0.000000e+00 -1.000000e+00
   outer loop
     vertex  3.779064e+01  7.687059e+00  7.105427e-15
     vertex  3.774443e+01  7.680680e+00  7.105427e-15
     vertex  3.100000e+01  1.700000e+01  7.105427e-15
   endloop
 endfacet
 facet normal  0.000000e+00  0.000000e+00 -1.000000e+00
   outer loop
     vertex  3.630899e+01  6.174606e+00  7.105427e-15
     vertex  3.100000e+01  1.700000e+01  7.105427e-15
     vertex  3.631442e+01  6.220931e+00  7.105427e-15
   endloop
 endfacet
 facet normal -0.000000e+00  0.000000e+00 -1.000000e+00
   outer loop
     vertex  3.783700e+01  7.692167e+00  7.105427e-15
     vertex  3.779064e+01  7.687059e+00  7.105427e-15
     vertex  3.100000e+01  1.700000e+01  7.105427e-15
   endloop
 endfacet
 facet normal  0.000000e+00  0.000000e+00 -1.000000e+00
   outer loop
     vertex  3.630484e+01  6.128149e+00  7.105427e-15
     vertex  3.100000e+01  1.700000e+01  7.105427e-15
     vertex  3.630899e+01  6.174606e+00  7.105427e-15
   endloop
 endfacet
 facet normal -0.000000e+00  0.000000e+00 -1.000000e+00
   outer loop
     vertex  3.788348e+01  7.696002e+00  7.105427e-15
     vertex  3.783700e+01  7.692167e+00  7.105427e-15
     vertex  3.100000e+01  1.700000e+01  7.105427e-15
   endloop
 endfacet
 facet normal  0.000000e+00  0.000000e+00 -1.000000e+00
   outer loop
     vertex  3.630196e+01  6.081595e+00  7.105427e-15
     vertex  3.100000e+01  1.700000e+01  7.105427e-15
     vertex  3.630484e+01  6.128149e+00  7.105427e-15
   endloop
 endfacet
 facet normal -0.000000e+00  0.000000e+00 -1.000000e+00
   outer loop
     vertex  3.793005e+01  7.698560e+00  7.105427e-15
     vertex  3.788348e+01  7.696002e+00  7.105427e-15
     vertex  3.100000e+01  1.700000e+01  7.105427e-15
   endloop
 endfacet
 facet normal  0.000000e+00  0.000000e+00 -1.000000e+00
   outer loop
     vertex  3.630036e+01  6.034980e+00  7.105427e-15
     vertex  3.100000e+01  1.700000e+01  7.105427e-15
     vertex  3.630196e+01  6.081595e+00  7.105427e-15
   endloop
 endfacet
 facet normal -0.000000e+00  0.000000e+00 -1.000000e+00
   outer loop
     vertex  3.797668e+01  7.699840e+00  7.105427e-15
     vertex  3.793005e+01  7.698560e+00  7.105427e-15
     vertex  3.100000e+01  1.700000e+01  7.105427e-15
   endloop
 endfacet
 facet normal  0.000000e+00  0.000000e+00 -1.000000e+00
   outer loop
     vertex  3.630004e+01  5.988339e+00  7.105427e-15
     vertex  1.300000e+01  1.700000e+01  7.105427e-15
     vertex  3.100000e+01  1.700000e+01  7.105427e-15
   endloop
 endfacet
 facet normal  0.000000e+00  0.000000e+00 -1.000000e+00
   outer loop
     vertex  3.630004e+01  5.988339e+00  7.105427e-15
     vertex  7.699960e+00  5.988339e+00  7.105427e-15
     vertex  1.300000e+01  1.700000e+01  7.105427e-15
   endloop
 endfacet
 facet normal -0.000000e+00  0.000000e+00 -1.000000e+00
   outer loop
     vertex  3.630004e+01  5.988339e+00  7.105427e-15
     vertex  7.699000e+00  5.941707e+00  7.105427e-15
     vertex  7.699960e+00  5.988339e+00  7.105427e-15
   endloop
 endfacet
 facet normal  0.000000e+00  0.000000e+00 -1.000000e+00
   outer loop
     vertex  3.630004e+01  5.988339e+00  7.105427e-15
     vertex  3.100000e+01  1.700000e+01  7.105427e-15
     vertex  3.630036e+01  6.034980e+00  7.105427e-15
   endloop
 endfacet
 facet normal  0.000000e+00  0.000000e+00 -1.000000e+00
   outer loop
     vertex  3.802332e+01  7.699840e+00  7.105427e-15
     vertex  3.797668e+01  7.699840e+00  7.105427e-15
     vertex  3.100000e+01  1.700000e+01  7.105427e-15
   endloop
 endfacet
 facet normal  0.000000e+00  0.000000e+00 -1.000000e+00
   outer loop
     vertex  3.630100e+01  5.941707e+00  7.105427e-15
     vertex  7.699000e+00  5.941707e+00  7.105427e-15
     vertex  3.630004e+01  5.988339e+00  7.105427e-15
   endloop
 endfacet
 facet normal -0.000000e+00  0.000000e+00 -1.000000e+00
   outer loop
     vertex  3.630100e+01  5.941707e+00  7.105427e-15
     vertex  7.696762e+00  5.895118e+00  7.105427e-15
     vertex  7.699000e+00  5.941707e+00  7.105427e-15
   endloop
 endfacet
 facet normal  0.000000e+00  0.000000e+00 -1.000000e+00
   outer loop
     vertex  3.806995e+01  7.698560e+00  7.105427e-15
     vertex  3.802332e+01  7.699840e+00  7.105427e-15
     vertex  3.100000e+01  1.700000e+01  7.105427e-15
   endloop
 endfacet
 facet normal  0.000000e+00  0.000000e+00 -1.000000e+00
   outer loop
     vertex  3.630324e+01  5.895118e+00  7.105427e-15
     vertex  7.696762e+00  5.895118e+00  7.105427e-15
     vertex  3.630100e+01  5.941707e+00  7.105427e-15
   endloop
 endfacet
 facet normal -0.000000e+00  0.000000e+00 -1.000000e+00
   outer loop
     vertex  3.630324e+01  5.895118e+00  7.105427e-15
     vertex  7.693246e+00  5.848609e+00  7.105427e-15
     vertex  7.696762e+00  5.895118e+00  7.105427e-15
   endloop
 endfacet
 facet normal  0.000000e+00  0.000000e+00 -1.000000e+00
   outer loop
     vertex  3.811652e+01  7.696002e+00  7.105427e-15
     vertex  3.806995e+01  7.698560e+00  7.105427e-15
     vertex  3.100000e+01  1.700000e+01  7.105427e-15
   endloop
 endfacet
 facet normal  0.000000e+00  0.000000e+00 -1.000000e+00
   outer loop
     vertex  3.630675e+01  5.848609e+00  7.105427e-15
     vertex  7.693246e+00  5.848609e+00  7.105427e-15
     vertex  3.630324e+01  5.895118e+00  7.105427e-15
   endloop
 endfacet
 facet normal  0.000000e+00  0.000000e+00 -1.000000e+00
   outer loop
     vertex  3.816300e+01  7.692167e+00  7.105427e-15
     vertex  3.811652e+01  7.696002e+00  7.105427e-15
     vertex  3.100000e+01  1.700000e+01  7.105427e-15
   endloop
 endfacet
 facet normal  0.000000e+00  0.000000e+00 -1.000000e+00
   outer loop
     vertex  3.631154e+01  5.802213e+00  7.105427e-15
     vertex  7.693246e+00  5.848609e+00  7.105427e-15
     vertex  3.630675e+01  5.848609e+00  7.105427e-15
   endloop
 endfacet
 facet normal -0.000000e+00  0.000000e+00 -1.000000e+00
   outer loop
     vertex  3.631154e+01  5.802213e+00  7.105427e-15
     vertex  7.682393e+00  5.755966e+00  7.105427e-15
     vertex  7.688455e+00  5.802213e+00  7.105427e-15
   endloop
 endfacet
 facet normal  0.000000e+00  0.000000e+00 -1.000000e+00
   outer loop
     vertex  3.631154e+01  5.802213e+00  7.105427e-15
     vertex  7.688455e+00  5.802213e+00  7.105427e-15
     vertex  7.693246e+00  5.848609e+00  7.105427e-15
   endloop
 endfacet
 facet normal  0.000000e+00  0.000000e+00 -1.000000e+00
   outer loop
     vertex  3.820936e+01  7.687059e+00  7.105427e-15
     vertex  3.816300e+01  7.692167e+00  7.105427e-15
     vertex  3.100000e+01  1.700000e+01  7.105427e-15
   endloop
 endfacet
 facet normal  0.000000e+00  0.000000e+00 -1.000000e+00
   outer loop
     vertex  3.631761e+01  5.755966e+00  7.105427e-15
     vertex  7.682393e+00  5.755966e+00  7.105427e-15
     vertex  3.631154e+01  5.802213e+00  7.105427e-15
   endloop
 endfacet
 facet normal -0.000000e+00  0.000000e+00 -1.000000e+00
   outer loop
     vertex  3.631761e+01  5.755966e+00  7.105427e-15
     vertex  7.675065e+00  5.709903e+00  7.105427e-15
     vertex  7.682393e+00  5.755966e+00  7.105427e-15
   endloop
 endfacet
 facet normal  0.000000e+00  0.000000e+00 -1.000000e+00
   outer loop
     vertex  3.825557e+01  7.680680e+00  7.105427e-15
     vertex  3.820936e+01  7.687059e+00  7.105427e-15
     vertex  3.100000e+01  1.700000e+01  7.105427e-15
   endloop
 endfacet
 facet normal  0.000000e+00  0.000000e+00 -1.000000e+00
   outer loop
     vertex  3.632493e+01  5.709903e+00  7.105427e-15
     vertex  7.675065e+00  5.709903e+00  7.105427e-15
     vertex  3.631761e+01  5.755966e+00  7.105427e-15
   endloop
 endfacet
 facet normal  0.000000e+00  0.000000e+00 -1.000000e+00
   outer loop
     vertex  3.830158e+01  7.673036e+00  7.105427e-15
     vertex  3.825557e+01  7.680680e+00  7.105427e-15
     vertex  3.100000e+01  1.700000e+01  7.105427e-15
   endloop
 endfacet
 facet normal  0.000000e+00  0.000000e+00 -1.000000e+00
   outer loop
     vertex  3.633352e+01  5.664059e+00  7.105427e-15
     vertex  7.675065e+00  5.709903e+00  7.105427e-15
     vertex  3.632493e+01  5.709903e+00  7.105427e-15
   endloop
 endfacet
 facet normal  0.000000e+00  0.000000e+00 -1.000000e+00
   outer loop
     vertex  3.633352e+01  5.664059e+00  7.105427e-15
     vertex  7.666476e+00  5.664059e+00  7.105427e-15
     vertex  7.675065e+00  5.709903e+00  7.105427e-15
   endloop
 endfacet
 facet normal  0.000000e+00  0.000000e+00 -1.000000e+00
   outer loop
     vertex  3.834736e+01  7.664133e+00  7.105427e-15
     vertex  3.830158e+01  7.673036e+00  7.105427e-15
     vertex  3.100000e+01  1.700000e+01  7.105427e-15
   endloop
 endfacet
 facet normal  0.000000e+00  0.000000e+00 -1.000000e+00
   outer loop
     vertex  3.634337e+01  5.618467e+00  7.105427e-15
     vertex  7.666476e+00  5.664059e+00  7.105427e-15
     vertex  3.633352e+01  5.664059e+00  7.105427e-15
   endloop
 endfacet
 facet normal -0.000000e+00  0.000000e+00 -1.000000e+00
   outer loop
     vertex  3.634337e+01  5.618467e+00  7.105427e-15
     vertex  7.645542e+00  5.573162e+00  7.105427e-15
     vertex  7.656633e+00  5.618467e+00  7.105427e-15
   endloop
 endfacet
 facet normal  0.000000e+00  0.000000e+00 -1.000000e+00
   outer loop
     vertex  3.634337e+01  5.618467e+00  7.105427e-15
     vertex  7.656633e+00  5.618467e+00  7.105427e-15
     vertex  7.666476e+00  5.664059e+00  7.105427e-15
   endloop
 endfacet
 facet normal  0.000000e+00  0.000000e+00 -1.000000e+00
   outer loop
     vertex  3.839289e+01  7.653977e+00  7.105427e-15
     vertex  3.834736e+01  7.664133e+00  7.105427e-15
     vertex  3.100000e+01  1.700000e+01  7.105427e-15
   endloop
 endfacet
 facet normal  0.000000e+00  0.000000e+00 -1.000000e+00
   outer loop
     vertex  3.635446e+01  5.573162e+00  7.105427e-15
     vertex  7.645542e+00  5.573162e+00  7.105427e-15
     vertex  3.634337e+01  5.618467e+00  7.105427e-15
   endloop
 endfacet
 facet normal -0.000000e+00  0.000000e+00 -1.000000e+00
   outer loop
     vertex  3.635446e+01  5.573162e+00  7.105427e-15
     vertex  7.633213e+00  5.528179e+00  7.105427e-15
     vertex  7.645542e+00  5.573162e+00  7.105427e-15
   endloop
 endfacet
 facet normal  0.000000e+00  0.000000e+00 -1.000000e+00
   outer loop
     vertex  3.843811e+01  7.642576e+00  7.105427e-15
     vertex  3.839289e+01  7.653977e+00  7.105427e-15
     vertex  3.100000e+01  1.700000e+01  7.105427e-15
   endloop
 endfacet
 facet normal  0.000000e+00  0.000000e+00 -1.000000e+00
   outer loop
     vertex  3.636679e+01  5.528179e+00  7.105427e-15
     vertex  7.633213e+00  5.528179e+00  7.105427e-15
     vertex  3.635446e+01  5.573162e+00  7.105427e-15
   endloop
 endfacet
 facet normal  0.000000e+00  0.000000e+00 -1.000000e+00
   outer loop
     vertex  3.848301e+01  7.629938e+00  7.105427e-15
     vertex  3.843811e+01  7.642576e+00  7.105427e-15
     vertex  3.100000e+01  1.700000e+01  7.105427e-15
   endloop
 endfacet
 facet normal  0.000000e+00  0.000000e+00 -1.000000e+00
   outer loop
     vertex  3.638035e+01  5.483551e+00  7.105427e-15
     vertex  7.633213e+00  5.528179e+00  7.105427e-15
     vertex  3.636679e+01  5.528179e+00  7.105427e-15
   endloop
 endfacet
 facet normal -0.000000e+00  0.000000e+00 -1.000000e+00
   outer loop
     vertex  3.638035e+01  5.483551e+00  7.105427e-15
     vertex  7.604877e+00  5.439312e+00  7.105427e-15
     vertex  7.619654e+00  5.483551e+00  7.105427e-15
   endloop
 endfacet
 facet normal  0.000000e+00  0.000000e+00 -1.000000e+00
   outer loop
     vertex  3.638035e+01  5.483551e+00  7.105427e-15
     vertex  7.619654e+00  5.483551e+00  7.105427e-15
     vertex  7.633213e+00  5.528179e+00  7.105427e-15
   endloop
 endfacet
 facet normal  0.000000e+00  0.000000e+00 -1.000000e+00
   outer loop
     vertex  3.852755e+01  7.616074e+00  7.105427e-15
     vertex  3.848301e+01  7.629938e+00  7.105427e-15
     vertex  3.100000e+01  1.700000e+01  7.105427e-15
   endloop
 endfacet
 facet normal  0.000000e+00  0.000000e+00 -1.000000e+00
   outer loop
     vertex  3.639512e+01  5.439312e+00  7.105427e-15
     vertex  7.604877e+00  5.439312e+00  7.105427e-15
     vertex  3.638035e+01  5.483551e+00  7.105427e-15
   endloop
 endfacet
 facet normal  0.000000e+00  0.000000e+00 -1.000000e+00
   outer loop
     vertex  3.857168e+01  7.600993e+00  7.105427e-15
     vertex  3.852755e+01  7.616074e+00  7.105427e-15
     vertex  3.100000e+01  1.700000e+01  7.105427e-15
   endloop
 endfacet
 facet normal  0.000000e+00  0.000000e+00 -1.000000e+00
   outer loop
     vertex  3.641111e+01  5.395495e+00  7.105427e-15
     vertex  7.588891e+00  5.395495e+00  7.105427e-15
     vertex  7.604877e+00  5.439312e+00  7.105427e-15
   endloop
 endfacet
 facet normal  0.000000e+00  0.000000e+00 -1.000000e+00
   outer loop
     vertex  3.641111e+01  5.395495e+00  7.105427e-15
     vertex  7.604877e+00  5.439312e+00  7.105427e-15
     vertex  3.639512e+01  5.439312e+00  7.105427e-15
   endloop
 endfacet
 facet normal  0.000000e+00  0.000000e+00 -1.000000e+00
   outer loop
     vertex  3.861539e+01  7.584707e+00  7.105427e-15
     vertex  3.857168e+01  7.600993e+00  7.105427e-15
     vertex  3.100000e+01  1.700000e+01  7.105427e-15
   endloop
 endfacet
 facet normal  0.000000e+00  0.000000e+00 -1.000000e+00
   outer loop
     vertex  3.642829e+01  5.352132e+00  7.105427e-15
     vertex  7.588891e+00  5.395495e+00  7.105427e-15
     vertex  3.641111e+01  5.395495e+00  7.105427e-15
   endloop
 endfacet
 facet normal -0.000000e+00  0.000000e+00 -1.000000e+00
   outer loop
     vertex  3.642829e+01  5.352132e+00  7.105427e-15
     vertex  7.553343e+00  5.309258e+00  7.105427e-15
     vertex  7.571709e+00  5.352132e+00  7.105427e-15
   endloop
 endfacet
 facet normal  0.000000e+00  0.000000e+00 -1.000000e+00
   outer loop
     vertex  3.642829e+01  5.352132e+00  7.105427e-15
     vertex  7.571709e+00  5.352132e+00  7.105427e-15
     vertex  7.588891e+00  5.395495e+00  7.105427e-15
   endloop
 endfacet
 facet normal  0.000000e+00  0.000000e+00 -1.000000e+00
   outer loop
     vertex  3.865863e+01  7.567228e+00  7.105427e-15
     vertex  3.861539e+01  7.584707e+00  7.105427e-15
     vertex  3.100000e+01  1.700000e+01  7.105427e-15
   endloop
 endfacet
 facet normal  0.000000e+00  0.000000e+00 -1.000000e+00
   outer loop
     vertex  3.644666e+01  5.309258e+00  7.105427e-15
     vertex  7.553343e+00  5.309258e+00  7.105427e-15
     vertex  3.642829e+01  5.352132e+00  7.105427e-15
   endloop
 endfacet
 facet normal  0.000000e+00  0.000000e+00 -1.000000e+00
   outer loop
     vertex  3.870138e+01  7.548569e+00  7.105427e-15
     vertex  3.865863e+01  7.567228e+00  7.105427e-15
     vertex  3.100000e+01  1.700000e+01  7.105427e-15
   endloop
 endfacet
 facet normal  0.000000e+00  0.000000e+00 -1.000000e+00
   outer loop
     vertex  3.646619e+01  5.266903e+00  7.105427e-15
     vertex  7.553343e+00  5.309258e+00  7.105427e-15
     vertex  3.644666e+01  5.309258e+00  7.105427e-15
   endloop
 endfacet
 facet normal -0.000000e+00  0.000000e+00 -1.000000e+00
   outer loop
     vertex  3.646619e+01  5.266903e+00  7.105427e-15
     vertex  7.513120e+00  5.225101e+00  7.105427e-15
     vertex  7.533809e+00  5.266903e+00  7.105427e-15
   endloop
 endfacet
 facet normal  0.000000e+00  0.000000e+00 -1.000000e+00
   outer loop
     vertex  3.646619e+01  5.266903e+00  7.105427e-15
     vertex  7.533809e+00  5.266903e+00  7.105427e-15
     vertex  7.553343e+00  5.309258e+00  7.105427e-15
   endloop
 endfacet
 facet normal  0.000000e+00  0.000000e+00 -1.000000e+00
   outer loop
     vertex  3.874360e+01  7.528744e+00  7.105427e-15
     vertex  3.870138e+01  7.548569e+00  7.105427e-15
     vertex  3.100000e+01  1.700000e+01  7.105427e-15
   endloop
 endfacet
 facet normal  0.000000e+00  0.000000e+00 -1.000000e+00
   outer loop
     vertex  3.648688e+01  5.225101e+00  7.105427e-15
     vertex  7.513120e+00  5.225101e+00  7.105427e-15
     vertex  3.646619e+01  5.266903e+00  7.105427e-15
   endloop
 endfacet
 facet normal  0.000000e+00  0.000000e+00 -1.000000e+00
   outer loop
     vertex  3.878526e+01  7.507769e+00  7.105427e-15
     vertex  3.874360e+01  7.528744e+00  7.105427e-15
     vertex  3.100000e+01  1.700000e+01  7.105427e-15
   endloop
 endfacet
 facet normal  0.000000e+00  0.000000e+00 -1.000000e+00
   outer loop
     vertex  3.650871e+01  5.183881e+00  7.105427e-15
     vertex  7.513120e+00  5.225101e+00  7.105427e-15
     vertex  3.648688e+01  5.225101e+00  7.105427e-15
   endloop
 endfacet
 facet normal  0.000000e+00  0.000000e+00 -1.000000e+00
   outer loop
     vertex  3.650871e+01  5.183881e+00  7.105427e-15
     vertex  7.491292e+00  5.183881e+00  7.105427e-15
     vertex  7.513120e+00  5.225101e+00  7.105427e-15
   endloop
 endfacet
 facet normal  0.000000e+00  0.000000e+00 -1.000000e+00
   outer loop
     vertex  3.882633e+01  7.485658e+00  7.105427e-15
     vertex  3.100000e+01  1.700000e+01  7.105427e-15
     vertex  3.100000e+01  2.700000e+01  7.105427e-15
   endloop
 endfacet
 facet normal  0.000000e+00  0.000000e+00 -1.000000e+00
   outer loop
     vertex  3.882633e+01  7.485658e+00  7.105427e-15
     vertex  3.878526e+01  7.507769e+00  7.105427e-15
     vertex  3.100000e+01  1.700000e+01  7.105427e-15
   endloop
 endfacet
 facet normal  6.116322e-16  2.452983e-16 -1.000000e+00
   outer loop
     vertex  3.882633e+01  7.485658e+00  7.105427e-15
     vertex  3.100000e+01  2.700000e+01  7.105427e-15
     vertex  3.880587e+01  3.650315e+01  1.421085e-14
   endloop
 endfacet
 facet normal -1.361426e-16  2.447711e-16 -1.000000e+00
   outer loop
     vertex  3.882633e+01  7.485658e+00  7.105427e-15
     vertex  3.880587e+01  3.650315e+01  1.421085e-14
     vertex  3.884663e+01  3.652582e+01  1.421085e-14
   endloop
 endfacet
 facet normal  0.000000e+00  0.000000e+00 -1.000000e+00
   outer loop
     vertex  3.653166e+01  5.143276e+00  7.105427e-15
     vertex  7.468341e+00  5.143276e+00  7.105427e-15
     vertex  7.491292e+00  5.183881e+00  7.105427e-15
   endloop
 endfacet
 facet normal  0.000000e+00  0.000000e+00 -1.000000e+00
   outer loop
     vertex  3.653166e+01  5.143276e+00  7.105427e-15
     vertex  7.491292e+00  5.183881e+00  7.105427e-15
     vertex  3.650871e+01  5.183881e+00  7.105427e-15
   endloop
 endfacet
 facet normal  1.404624e-16  2.445777e-16 -1.000000e+00
   outer loop
     vertex  3.886678e+01  7.462430e+00  7.105427e-15
     vertex  3.882633e+01  7.485658e+00  7.105427e-15
     vertex  3.884663e+01  3.652582e+01  1.421085e-14
   endloop
 endfacet
 facet normal -1.448429e-16  2.443800e-16 -1.000000e+00
   outer loop
     vertex  3.886678e+01  7.462430e+00  7.105427e-15
     vertex  3.884663e+01  3.652582e+01  1.421085e-14
     vertex  3.888676e+01  3.654960e+01  1.421085e-14
   endloop
 endfacet
 facet normal  0.000000e+00  0.000000e+00 -1.000000e+00
   outer loop
     vertex  3.655572e+01  5.103316e+00  7.105427e-15
     vertex  7.444285e+00  5.103316e+00  7.105427e-15
     vertex  7.468341e+00  5.143276e+00  7.105427e-15
   endloop
 endfacet
 facet normal  0.000000e+00  0.000000e+00 -1.000000e+00
   outer loop
     vertex  3.655572e+01  5.103316e+00  7.105427e-15
     vertex  7.468341e+00  5.143276e+00  7.105427e-15
     vertex  3.653166e+01  5.143276e+00  7.105427e-15
   endloop
 endfacet
 facet normal  1.492871e-16  2.441779e-16 -1.000000e+00
   outer loop
     vertex  3.890657e+01  7.438100e+00  7.105427e-15
     vertex  3.886678e+01  7.462430e+00  7.105427e-15
     vertex  3.888676e+01  3.654960e+01  1.421085e-14
   endloop
 endfacet
 facet normal -1.537982e-16  2.439716e-16 -1.000000e+00
   outer loop
     vertex  3.890657e+01  7.438100e+00  7.105427e-15
     vertex  3.888676e+01  3.654960e+01  1.421085e-14
     vertex  3.892621e+01  3.657447e+01  1.421085e-14
   endloop
 endfacet
 facet normal -0.000000e+00  0.000000e+00 -1.000000e+00
   outer loop
     vertex  3.658086e+01  5.064031e+00  7.105427e-15
     vertex  7.392930e+00  5.025451e+00  7.105427e-15
     vertex  7.419142e+00  5.064031e+00  7.105427e-15
   endloop
 endfacet
 facet normal  0.000000e+00  0.000000e+00 -1.000000e+00
   outer loop
     vertex  3.658086e+01  5.064031e+00  7.105427e-15
     vertex  7.419142e+00  5.064031e+00  7.105427e-15
     vertex  7.444285e+00  5.103316e+00  7.105427e-15
   endloop
 endfacet
 facet normal  0.000000e+00  0.000000e+00 -1.000000e+00
   outer loop
     vertex  3.658086e+01  5.064031e+00  7.105427e-15
     vertex  7.444285e+00  5.103316e+00  7.105427e-15
     vertex  3.655572e+01  5.103316e+00  7.105427e-15
   endloop
 endfacet
 facet normal -1.630349e-16  2.435466e-16 -1.000000e+00
   outer loop
     vertex  3.894568e+01  7.412688e+00  7.105427e-15
     vertex  3.892621e+01  3.657447e+01  1.421085e-14
     vertex  3.896497e+01  3.660042e+01  1.421085e-14
   endloop
 endfacet
 facet normal  1.583796e-16  2.437612e-16 -1.000000e+00
   outer loop
     vertex  3.894568e+01  7.412688e+00  7.105427e-15
     vertex  3.890657e+01  7.438100e+00  7.105427e-15
     vertex  3.892621e+01  3.657447e+01  1.421085e-14
   endloop
 endfacet
 facet normal -0.000000e+00  0.000000e+00 -1.000000e+00
   outer loop
     vertex  3.660707e+01  5.025451e+00  7.105427e-15
     vertex  7.365670e+00  4.987604e+00  7.105427e-15
     vertex  7.392930e+00  5.025451e+00  7.105427e-15
   endloop
 endfacet
 facet normal  0.000000e+00  0.000000e+00 -1.000000e+00
   outer loop
     vertex  3.660707e+01  5.025451e+00  7.105427e-15
     vertex  7.392930e+00  5.025451e+00  7.105427e-15
     vertex  3.658086e+01  5.064031e+00  7.105427e-15
   endloop
 endfacet
 facet normal -1.725820e-16  2.431053e-16 -1.000000e+00
   outer loop
     vertex  3.898408e+01  7.386212e+00  7.105427e-15
     vertex  3.896497e+01  3.660042e+01  1.421085e-14
     vertex  3.900300e+01  3.662742e+01  1.421085e-14
   endloop
 endfacet
 facet normal  1.677677e-16  2.433280e-16 -1.000000e+00
   outer loop
     vertex  3.898408e+01  7.386212e+00  7.105427e-15
     vertex  3.894568e+01  7.412688e+00  7.105427e-15
     vertex  3.896497e+01  3.660042e+01  1.421085e-14
   endloop
 endfacet
 facet normal  0.000000e+00  0.000000e+00 -1.000000e+00
   outer loop
     vertex  3.663433e+01  4.987604e+00  7.105427e-15
     vertex  7.365670e+00  4.987604e+00  7.105427e-15
     vertex  3.660707e+01  5.025451e+00  7.105427e-15
   endloop
 endfacet
 facet normal -1.824720e-16  2.426484e-16 -1.000000e+00
   outer loop
     vertex  3.902174e+01  7.358693e+00  7.105427e-15
     vertex  3.900300e+01  3.662742e+01  1.421085e-14
     vertex  3.904028e+01  3.665545e+01  1.421085e-14
   endloop
 endfacet
 facet normal  1.774820e-16  2.428788e-16 -1.000000e+00
   outer loop
     vertex  3.902174e+01  7.358693e+00  7.105427e-15
     vertex  3.898408e+01  7.386212e+00  7.105427e-15
     vertex  3.900300e+01  3.662742e+01  1.421085e-14
   endloop
 endfacet
 facet normal  0.000000e+00  0.000000e+00 -1.000000e+00
   outer loop
     vertex  3.666262e+01  4.950519e+00  7.105427e-15
     vertex  7.365670e+00  4.987604e+00  7.105427e-15
     vertex  3.663433e+01  4.987604e+00  7.105427e-15
   endloop
 endfacet
 facet normal  0.000000e+00  0.000000e+00 -1.000000e+00
   outer loop
     vertex  3.666262e+01  4.950519e+00  7.105427e-15
     vertex  7.337382e+00  4.950519e+00  7.105427e-15
     vertex  7.365670e+00  4.987604e+00  7.105427e-15
   endloop
 endfacet
 facet normal -1.927412e-16  2.421763e-16 -1.000000e+00
   outer loop
     vertex  3.905863e+01  7.330152e+00  7.105427e-15
     vertex  3.904028e+01  3.665545e+01  1.421085e-14
     vertex  3.907678e+01  3.668450e+01  1.421085e-14
   endloop
 endfacet
 facet normal  1.875568e-16  2.424142e-16 -1.000000e+00
   outer loop
     vertex  3.905863e+01  7.330152e+00  7.105427e-15
     vertex  3.902174e+01  7.358693e+00  7.105427e-15
     vertex  3.904028e+01  3.665545e+01  1.421085e-14
   endloop
 endfacet
 facet normal  0.000000e+00  0.000000e+00 -1.000000e+00
   outer loop
     vertex  3.669191e+01  4.914224e+00  7.105427e-15
     vertex  7.337382e+00  4.950519e+00  7.105427e-15
     vertex  3.666262e+01  4.950519e+00  7.105427e-15
   endloop
 endfacet
 facet normal  0.000000e+00  0.000000e+00 -1.000000e+00
   outer loop
     vertex  3.669191e+01  4.914224e+00  7.105427e-15
     vertex  7.308087e+00  4.914224e+00  7.105427e-15
     vertex  7.337382e+00  4.950519e+00  7.105427e-15
   endloop
 endfacet
 facet normal  1.980305e-16  2.419347e-16 -1.000000e+00
   outer loop
     vertex  3.909472e+01  7.300608e+00  7.105427e-15
     vertex  3.905863e+01  7.330152e+00  7.105427e-15
     vertex  3.907678e+01  3.668450e+01  1.421085e-14
   endloop
 endfacet
 facet normal -2.034302e-16  2.416895e-16 -1.000000e+00
   outer loop
     vertex  3.909472e+01  7.300608e+00  7.105427e-15
     vertex  3.907678e+01  3.668450e+01  1.421085e-14
     vertex  3.911246e+01  3.671453e+01  1.421085e-14
   endloop
 endfacet
 facet normal  0.000000e+00  0.000000e+00 -1.000000e+00
   outer loop
     vertex  3.672219e+01  4.878747e+00  7.105427e-15
     vertex  7.308087e+00  4.914224e+00  7.105427e-15
     vertex  3.669191e+01  4.914224e+00  7.105427e-15
   endloop
 endfacet
 facet normal  0.000000e+00  0.000000e+00 -1.000000e+00
   outer loop
     vertex  3.672219e+01  4.878747e+00  7.105427e-15
     vertex  7.277807e+00  4.878747e+00  7.105427e-15
     vertex  7.308087e+00  4.914224e+00  7.105427e-15
   endloop
 endfacet
 facet normal  2.089462e-16  2.414408e-16 -1.000000e+00
   outer loop
     vertex  3.912999e+01  7.270086e+00  7.105427e-15
     vertex  3.909472e+01  7.300608e+00  7.105427e-15
     vertex  3.911246e+01  3.671453e+01  1.421085e-14
   endloop
 endfacet
 facet normal -2.145848e-16  2.411886e-16 -1.000000e+00
   outer loop
     vertex  3.912999e+01  7.270086e+00  7.105427e-15
     vertex  3.911246e+01  3.671453e+01  1.421085e-14
     vertex  3.914731e+01  3.674553e+01  1.421085e-14
   endloop
 endfacet
 facet normal  0.000000e+00  0.000000e+00 -1.000000e+00
   outer loop
     vertex  3.675343e+01  4.844113e+00  7.105427e-15
     vertex  7.277807e+00  4.878747e+00  7.105427e-15
     vertex  3.672219e+01  4.878747e+00  7.105427e-15
   endloop
 endfacet
 facet normal -0.000000e+00  0.000000e+00 -1.000000e+00
   outer loop
     vertex  3.675343e+01  4.844113e+00  7.105427e-15
     vertex  7.214386e+00  4.810350e+00  7.105427e-15
     vertex  7.246566e+00  4.844113e+00  7.105427e-15
   endloop
 endfacet
 facet normal  0.000000e+00  0.000000e+00 -1.000000e+00
   outer loop
     vertex  3.675343e+01  4.844113e+00  7.105427e-15
     vertex  7.246566e+00  4.844113e+00  7.105427e-15
     vertex  7.277807e+00  4.878747e+00  7.105427e-15
   endloop
 endfacet
 facet normal -2.262568e-16  2.406743e-16 -1.000000e+00
   outer loop
     vertex  3.916441e+01  7.238608e+00  7.105427e-15
     vertex  3.914731e+01  3.674553e+01  1.421085e-14
     vertex  3.918129e+01  3.677748e+01  1.421085e-14
   endloop
 endfacet
 facet normal  2.203526e-16  2.409331e-16 -1.000000e+00
   outer loop
     vertex  3.916441e+01  7.238608e+00  7.105427e-15
     vertex  3.912999e+01  7.270086e+00  7.105427e-15
     vertex  3.914731e+01  3.674553e+01  1.421085e-14
   endloop
 endfacet
 facet normal  0.000000e+00  0.000000e+00 -1.000000e+00
   outer loop
     vertex  3.678561e+01  4.810350e+00  7.105427e-15
     vertex  7.214386e+00  4.810350e+00  7.105427e-15
     vertex  3.675343e+01  4.844113e+00  7.105427e-15
   endloop
 endfacet
 facet normal  2.323050e-16  2.404122e-16 -1.000000e+00
   outer loop
     vertex  3.919795e+01  7.206197e+00  7.105427e-15
     vertex  3.916441e+01  7.238608e+00  7.105427e-15
     vertex  3.918129e+01  3.677748e+01  1.421085e-14
   endloop
 endfacet
 facet normal -2.385053e-16  2.401469e-16 -1.000000e+00
   outer loop
     vertex  3.919795e+01  7.206197e+00  7.105427e-15
     vertex  3.918129e+01  3.677748e+01  1.421085e-14
     vertex  3.921439e+01  3.681035e+01  1.421085e-14
   endloop
 endfacet
 facet normal  0.000000e+00  0.000000e+00 -1.000000e+00
   outer loop
     vertex  3.681871e+01  4.777482e+00  7.105427e-15
     vertex  7.214386e+00  4.810350e+00  7.105427e-15
     vertex  3.678561e+01  4.810350e+00  7.105427e-15
   endloop
 endfacet
 facet normal  0.000000e+00  0.000000e+00 -1.000000e+00
   outer loop
     vertex  3.681871e+01  4.777482e+00  7.105427e-15
     vertex  7.181292e+00  4.777482e+00  7.105427e-15
     vertex  7.214386e+00  4.810350e+00  7.105427e-15
   endloop
 endfacet
 facet normal  2.448664e-16  2.398786e-16 -1.000000e+00
   outer loop
     vertex  3.923059e+01  7.172879e+00  7.105427e-15
     vertex  3.919795e+01  7.206197e+00  7.105427e-15
     vertex  3.921439e+01  3.681035e+01  1.421085e-14
   endloop
 endfacet
 facet normal -2.513975e-16  2.396073e-16 -1.000000e+00
   outer loop
     vertex  3.923059e+01  7.172879e+00  7.105427e-15
     vertex  3.921439e+01  3.681035e+01  1.421085e-14
     vertex  3.924657e+01  3.684411e+01  1.421085e-14
   endloop
 endfacet
 facet normal  0.000000e+00  0.000000e+00 -1.000000e+00
   outer loop
     vertex  3.685269e+01  4.745535e+00  7.105427e-15
     vertex  7.181292e+00  4.777482e+00  7.105427e-15
     vertex  3.681871e+01  4.777482e+00  7.105427e-15
   endloop
 endfacet
 facet normal  0.000000e+00  0.000000e+00 -1.000000e+00
   outer loop
     vertex  3.685269e+01  4.745535e+00  7.105427e-15
     vertex  7.147309e+00  4.745535e+00  7.105427e-15
     vertex  7.181292e+00  4.777482e+00  7.105427e-15
   endloop
 endfacet
 facet normal  2.581086e-16  2.393330e-16 -1.000000e+00
   outer loop
     vertex  3.926231e+01  7.138677e+00  7.105427e-15
     vertex  3.923059e+01  7.172879e+00  7.105427e-15
     vertex  3.924657e+01  3.684411e+01  1.421085e-14
   endloop
 endfacet
 facet normal -2.650105e-16  2.390558e-16 -1.000000e+00
   outer loop
     vertex  3.926231e+01  7.138677e+00  7.105427e-15
     vertex  3.924657e+01  3.684411e+01  1.421085e-14
     vertex  3.927781e+01  3.687875e+01  1.421085e-14
   endloop
 endfacet
 facet normal  0.000000e+00  0.000000e+00 -1.000000e+00
   outer loop
     vertex  3.688754e+01  4.714532e+00  7.105427e-15
     vertex  7.147309e+00  4.745535e+00  7.105427e-15
     vertex  3.685269e+01  4.745535e+00  7.105427e-15
   endloop
 endfacet
 facet normal  0.000000e+00  0.000000e+00 -1.000000e+00
   outer loop
     vertex  3.688754e+01  4.714532e+00  7.105427e-15
     vertex  7.112462e+00  4.714532e+00  7.105427e-15
     vertex  7.147309e+00  4.745535e+00  7.105427e-15
   endloop
 endfacet
 facet normal  2.721147e-16  2.387758e-16 -1.000000e+00
   outer loop
     vertex  3.929307e+01  7.103618e+00  7.105427e-15
     vertex  3.926231e+01  7.138677e+00  7.105427e-15
     vertex  3.927781e+01  3.687875e+01  1.421085e-14
   endloop
 endfacet
 facet normal -2.794336e-16  2.384931e-16 -1.000000e+00
   outer loop
     vertex  3.929307e+01  7.103618e+00  7.105427e-15
     vertex  3.927781e+01  3.687875e+01  1.421085e-14
     vertex  3.930809e+01  3.691422e+01  1.421085e-14
   endloop
 endfacet
 facet normal  0.000000e+00  0.000000e+00 -1.000000e+00
   outer loop
     vertex  3.692322e+01  4.684496e+00  7.105427e-15
     vertex  7.112462e+00  4.714532e+00  7.105427e-15
     vertex  3.688754e+01  4.714532e+00  7.105427e-15
   endloop
 endfacet
 facet normal -0.000000e+00  0.000000e+00 -1.000000e+00
   outer loop
     vertex  3.692322e+01  4.684496e+00  7.105427e-15
     vertex  7.040283e+00  4.655451e+00  7.105427e-15
     vertex  7.076778e+00  4.684496e+00  7.105427e-15
   endloop
 endfacet
 facet normal  0.000000e+00  0.000000e+00 -1.000000e+00
   outer loop
     vertex  3.692322e+01  4.684496e+00  7.105427e-15
     vertex  7.076778e+00  4.684496e+00  7.105427e-15
     vertex  7.112462e+00  4.714532e+00  7.105427e-15
   endloop
 endfacet
 facet normal  2.869805e-16  2.382078e-16 -1.000000e+00
   outer loop
     vertex  3.932286e+01  7.067729e+00  7.105427e-15
     vertex  3.929307e+01  7.103618e+00  7.105427e-15
     vertex  3.930809e+01  3.691422e+01  1.421085e-14
   endloop
 endfacet
 facet normal -2.947699e-16  2.379198e-16 -1.000000e+00
   outer loop
     vertex  3.932286e+01  7.067729e+00  7.105427e-15
     vertex  3.930809e+01  3.691422e+01  1.421085e-14
     vertex  3.933738e+01  3.695052e+01  1.421085e-14
   endloop
 endfacet
 facet normal  0.000000e+00  0.000000e+00 -1.000000e+00
   outer loop
     vertex  3.695972e+01  4.655451e+00  7.105427e-15
     vertex  7.040283e+00  4.655451e+00  7.105427e-15
     vertex  3.692322e+01  4.684496e+00  7.105427e-15
   endloop
 endfacet
 facet normal  3.028175e-16  2.376294e-16 -1.000000e+00
   outer loop
     vertex  3.935165e+01  7.031036e+00  7.105427e-15
     vertex  3.932286e+01  7.067729e+00  7.105427e-15
     vertex  3.933738e+01  3.695052e+01  1.421085e-14
   endloop
 endfacet
 facet normal -3.111403e-16  2.373365e-16 -1.000000e+00
   outer loop
     vertex  3.935165e+01  7.031036e+00  7.105427e-15
     vertex  3.933738e+01  3.695052e+01  1.421085e-14
     vertex  3.936567e+01  3.698760e+01  1.421085e-14
   endloop
 endfacet
 facet normal  0.000000e+00  0.000000e+00 -1.000000e+00
   outer loop
     vertex  3.699700e+01  4.627418e+00  7.105427e-15
     vertex  7.040283e+00  4.655451e+00  7.105427e-15
     vertex  3.695972e+01  4.655451e+00  7.105427e-15
   endloop
 endfacet
 facet normal  0.000000e+00  0.000000e+00 -1.000000e+00
   outer loop
     vertex  3.699700e+01  4.627418e+00  7.105427e-15
     vertex  7.003005e+00  4.627418e+00  7.105427e-15
     vertex  7.040283e+00  4.655451e+00  7.105427e-15
   endloop
 endfacet
 facet normal  3.197565e-16  2.370413e-16 -1.000000e+00
   outer loop
     vertex  3.937943e+01  6.993566e+00  7.105427e-15
     vertex  3.935165e+01  7.031036e+00  7.105427e-15
     vertex  3.936567e+01  3.698760e+01  1.421085e-14
   endloop
 endfacet
 facet normal -3.286863e-16  2.367439e-16 -1.000000e+00
   outer loop
     vertex  3.937943e+01  6.993566e+00  7.105427e-15
     vertex  3.936567e+01  3.698760e+01  1.421085e-14
     vertex  3.939293e+01  3.702545e+01  1.421085e-14
   endloop
 endfacet
 facet normal  0.000000e+00  0.000000e+00 -1.000000e+00
   outer loop
     vertex  3.703503e+01  4.600418e+00  7.105427e-15
     vertex  7.003005e+00  4.627418e+00  7.105427e-15
     vertex  3.699700e+01  4.627418e+00  7.105427e-15
   endloop
 endfacet
 facet normal -0.000000e+00  0.000000e+00 -1.000000e+00
   outer loop
     vertex  3.703503e+01  4.600418e+00  7.105427e-15
     vertex  6.926212e+00  4.574472e+00  7.105427e-15
     vertex  6.964972e+00  4.600418e+00  7.105427e-15
   endloop
 endfacet
 facet normal  0.000000e+00  0.000000e+00 -1.000000e+00
   outer loop
     vertex  3.703503e+01  4.600418e+00  7.105427e-15
     vertex  6.964972e+00  4.600418e+00  7.105427e-15
     vertex  7.003005e+00  4.627418e+00  7.105427e-15
   endloop
 endfacet
 facet normal  3.379513e-16  2.364442e-16 -1.000000e+00
   outer loop
     vertex  3.940617e+01  6.955349e+00  7.105427e-15
     vertex  3.937943e+01  6.993566e+00  7.105427e-15
     vertex  3.939293e+01  3.702545e+01  1.421085e-14
   endloop
 endfacet
 facet normal  0.000000e+00  0.000000e+00 -1.000000e+00
   outer loop
     vertex  3.707379e+01  4.574472e+00  7.105427e-15
     vertex  6.926212e+00  4.574472e+00  7.105427e-15
     vertex  3.703503e+01  4.600418e+00  7.105427e-15
   endloop
 endfacet
 facet normal  0.000000e+00  0.000000e+00 -1.000000e+00
   outer loop
     vertex  3.711324e+01  4.549599e+00  7.105427e-15
     vertex  6.926212e+00  4.574472e+00  7.105427e-15
     vertex  3.707379e+01  4.574472e+00  7.105427e-15
   endloop
 endfacet
 facet normal  0.000000e+00  0.000000e+00 -1.000000e+00
   outer loop
     vertex  3.711324e+01  4.549599e+00  7.105427e-15
     vertex  6.886756e+00  4.549599e+00  7.105427e-15
     vertex  6.926212e+00  4.574472e+00  7.105427e-15
   endloop
 endfacet
 facet normal  0.000000e+00  0.000000e+00 -1.000000e+00
   outer loop
     vertex  3.715337e+01  4.525817e+00  7.105427e-15
     vertex  6.846632e+00  4.525817e+00  7.105427e-15
     vertex  6.886756e+00  4.549599e+00  7.105427e-15
   endloop
 endfacet
 facet normal  0.000000e+00  0.000000e+00 -1.000000e+00
   outer loop
     vertex  3.715337e+01  4.525817e+00  7.105427e-15
     vertex  6.886756e+00  4.549599e+00  7.105427e-15
     vertex  3.711324e+01  4.549599e+00  7.105427e-15
   endloop
 endfacet
 facet normal -0.000000e+00  0.000000e+00 -1.000000e+00
   outer loop
     vertex  3.719413e+01  4.503146e+00  7.105427e-15
     vertex  6.764502e+00  4.481601e+00  7.105427e-15
     vertex  6.805870e+00  4.503146e+00  7.105427e-15
   endloop
 endfacet
 facet normal  0.000000e+00  0.000000e+00 -1.000000e+00
   outer loop
     vertex  3.719413e+01  4.503146e+00  7.105427e-15
     vertex  6.805870e+00  4.503146e+00  7.105427e-15
     vertex  6.846632e+00  4.525817e+00  7.105427e-15
   endloop
 endfacet
 facet normal  0.000000e+00  0.000000e+00 -1.000000e+00
   outer loop
     vertex  3.719413e+01  4.503146e+00  7.105427e-15
     vertex  6.846632e+00  4.525817e+00  7.105427e-15
     vertex  3.715337e+01  4.525817e+00  7.105427e-15
   endloop
 endfacet
 facet normal  0.000000e+00  0.000000e+00 -1.000000e+00
   outer loop
     vertex  3.723550e+01  4.481601e+00  7.105427e-15
     vertex  6.764502e+00  4.481601e+00  7.105427e-15
     vertex  3.719413e+01  4.503146e+00  7.105427e-15
   endloop
 endfacet
 facet normal -0.000000e+00  0.000000e+00 -1.000000e+00
   outer loop
     vertex  3.723550e+01  4.481601e+00  7.105427e-15
     vertex  0.000000e+00  0.000000e+00  7.105427e-15
     vertex  6.764502e+00  4.481601e+00  7.105427e-15
   endloop
 endfacet
 facet normal  0.000000e+00  0.000000e+00 -1.000000e+00
   outer loop
     vertex  4.400000e+01  0.000000e+00  7.105427e-15
     vertex  3.727744e+01  4.461199e+00  7.105427e-15
     vertex  3.731993e+01  4.441955e+00  7.105427e-15
   endloop
 endfacet
 facet normal  0.000000e+00  0.000000e+00 -1.000000e+00
   outer loop
     vertex  4.400000e+01  0.000000e+00  7.105427e-15
     vertex  3.850533e+01  4.376841e+00  7.105427e-15
     vertex  3.854967e+01  4.391315e+00  7.105427e-15
   endloop
 endfacet
 facet normal  0.000000e+00  0.000000e+00 -1.000000e+00
   outer loop
     vertex  4.400000e+01  0.000000e+00  7.105427e-15
     vertex  3.731993e+01  4.441955e+00  7.105427e-15
     vertex  3.736293e+01  4.423885e+00  7.105427e-15
   endloop
 endfacet
 facet normal  0.000000e+00  0.000000e+00 -1.000000e+00
   outer loop
     vertex  4.400000e+01  0.000000e+00  7.105427e-15
     vertex  3.854967e+01  4.391315e+00  7.105427e-15
     vertex  3.859359e+01  4.407000e+00  7.105427e-15
   endloop
 endfacet
 facet normal  0.000000e+00  0.000000e+00 -1.000000e+00
   outer loop
     vertex  4.400000e+01  0.000000e+00  7.105427e-15
     vertex  3.736293e+01  4.423885e+00  7.105427e-15
     vertex  3.740641e+01  4.407000e+00  7.105427e-15
   endloop
 endfacet
 facet normal  0.000000e+00  0.000000e+00 -1.000000e+00
   outer loop
     vertex  4.400000e+01  0.000000e+00  7.105427e-15
     vertex  3.859359e+01  4.407000e+00  7.105427e-15
     vertex  3.863707e+01  4.423885e+00  7.105427e-15
   endloop
 endfacet
 facet normal  0.000000e+00  0.000000e+00 -1.000000e+00
   outer loop
     vertex  4.400000e+01  0.000000e+00  7.105427e-15
     vertex  3.740641e+01  4.407000e+00  7.105427e-15
     vertex  3.745033e+01  4.391315e+00  7.105427e-15
   endloop
 endfacet
 facet normal  0.000000e+00  0.000000e+00 -1.000000e+00
   outer loop
     vertex  4.400000e+01  0.000000e+00  7.105427e-15
     vertex  3.863707e+01  4.423885e+00  7.105427e-15
     vertex  3.868007e+01  4.441955e+00  7.105427e-15
   endloop
 endfacet
 facet normal  0.000000e+00  0.000000e+00 -1.000000e+00
   outer loop
     vertex  4.400000e+01  0.000000e+00  7.105427e-15
     vertex  3.745033e+01  4.391315e+00  7.105427e-15
     vertex  3.749467e+01  4.376841e+00  7.105427e-15
   endloop
 endfacet
 facet normal  0.000000e+00  0.000000e+00 -1.000000e+00
   outer loop
     vertex  4.400000e+01  0.000000e+00  7.105427e-15
     vertex  3.868007e+01  4.441955e+00  7.105427e-15
     vertex  3.872256e+01  4.461199e+00  7.105427e-15
   endloop
 endfacet
 facet normal  0.000000e+00  0.000000e+00 -1.000000e+00
   outer loop
     vertex  4.400000e+01  0.000000e+00  7.105427e-15
     vertex  3.749467e+01  4.376841e+00  7.105427e-15
     vertex  3.753939e+01  4.363589e+00  7.105427e-15
   endloop
 endfacet
 facet normal  0.000000e+00  0.000000e+00 -1.000000e+00
   outer loop
     vertex  4.400000e+01  0.000000e+00  7.105427e-15
     vertex  3.872256e+01  4.461199e+00  7.105427e-15
     vertex  3.876450e+01  4.481601e+00  7.105427e-15
   endloop
 endfacet
 facet normal  0.000000e+00  0.000000e+00 -1.000000e+00
   outer loop
     vertex  4.400000e+01  0.000000e+00  7.105427e-15
     vertex  3.753939e+01  4.363589e+00  7.105427e-15
     vertex  3.758446e+01  4.351569e+00  7.105427e-15
   endloop
 endfacet
 facet normal  0.000000e+00  0.000000e+00 -1.000000e+00
   outer loop
     vertex  4.400000e+01  0.000000e+00  7.105427e-15
     vertex  3.876450e+01  4.481601e+00  7.105427e-15
     vertex  3.880587e+01  4.503146e+00  7.105427e-15
   endloop
 endfacet
 facet normal  0.000000e+00  0.000000e+00 -1.000000e+00
   outer loop
     vertex  4.400000e+01  0.000000e+00  7.105427e-15
     vertex  3.758446e+01  4.351569e+00  7.105427e-15
     vertex  3.762984e+01  4.340789e+00  7.105427e-15
   endloop
 endfacet
 facet normal  0.000000e+00  0.000000e+00 -1.000000e+00
   outer loop
     vertex  4.400000e+01  0.000000e+00  7.105427e-15
     vertex  3.880587e+01  4.503146e+00  7.105427e-15
     vertex  3.884663e+01  4.525817e+00  7.105427e-15
   endloop
 endfacet
 facet normal  0.000000e+00  0.000000e+00 -1.000000e+00
   outer loop
     vertex  4.400000e+01  0.000000e+00  7.105427e-15
     vertex  3.762984e+01  4.340789e+00  7.105427e-15
     vertex  3.767550e+01  4.331259e+00  7.105427e-15
   endloop
 endfacet
 facet normal  0.000000e+00  0.000000e+00 -1.000000e+00
   outer loop
     vertex  4.400000e+01  0.000000e+00  7.105427e-15
     vertex  3.884663e+01  4.525817e+00  7.105427e-15
     vertex  3.888676e+01  4.549599e+00  7.105427e-15
   endloop
 endfacet
 facet normal  0.000000e+00  0.000000e+00 -1.000000e+00
   outer loop
     vertex  4.400000e+01  0.000000e+00  7.105427e-15
     vertex  3.767550e+01  4.331259e+00  7.105427e-15
     vertex  3.772140e+01  4.322984e+00  7.105427e-15
   endloop
 endfacet
 facet normal  0.000000e+00  0.000000e+00 -1.000000e+00
   outer loop
     vertex  4.400000e+01  0.000000e+00  7.105427e-15
     vertex  3.888676e+01  4.549599e+00  7.105427e-15
     vertex  3.892621e+01  4.574472e+00  7.105427e-15
   endloop
 endfacet
 facet normal  0.000000e+00  0.000000e+00 -1.000000e+00
   outer loop
     vertex  4.400000e+01  0.000000e+00  7.105427e-15
     vertex  3.772140e+01  4.322984e+00  7.105427e-15
     vertex  3.776751e+01  4.315972e+00  7.105427e-15
   endloop
 endfacet
 facet normal  0.000000e+00  0.000000e+00 -1.000000e+00
   outer loop
     vertex  4.400000e+01  0.000000e+00  7.105427e-15
     vertex  3.892621e+01  4.574472e+00  7.105427e-15
     vertex  3.896497e+01  4.600418e+00  7.105427e-15
   endloop
 endfacet
 facet normal  0.000000e+00  0.000000e+00 -1.000000e+00
   outer loop
     vertex  4.400000e+01  0.000000e+00  7.105427e-15
     vertex  3.776751e+01  4.315972e+00  7.105427e-15
     vertex  3.781380e+01  4.310228e+00  7.105427e-15
   endloop
 endfacet
 facet normal  0.000000e+00  0.000000e+00 -1.000000e+00
   outer loop
     vertex  4.400000e+01  0.000000e+00  7.105427e-15
     vertex  3.896497e+01  4.600418e+00  7.105427e-15
     vertex  3.900300e+01  4.627418e+00  7.105427e-15
   endloop
 endfacet
 facet normal  0.000000e+00  0.000000e+00 -1.000000e+00
   outer loop
     vertex  4.400000e+01  0.000000e+00  7.105427e-15
     vertex  3.781380e+01  4.310228e+00  7.105427e-15
     vertex  3.786023e+01  4.305756e+00  7.105427e-15
   endloop
 endfacet
 facet normal  0.000000e+00  0.000000e+00 -1.000000e+00
   outer loop
     vertex  4.400000e+01  0.000000e+00  7.105427e-15
     vertex  3.900300e+01  4.627418e+00  7.105427e-15
     vertex  3.904028e+01  4.655451e+00  7.105427e-15
   endloop
 endfacet
 facet normal  0.000000e+00  0.000000e+00 -1.000000e+00
   outer loop
     vertex  4.400000e+01  0.000000e+00  7.105427e-15
     vertex  3.786023e+01  4.305756e+00  7.105427e-15
     vertex  3.790676e+01  4.302559e+00  7.105427e-15
   endloop
 endfacet
 facet normal  0.000000e+00  0.000000e+00 -1.000000e+00
   outer loop
     vertex  4.400000e+01  0.000000e+00  7.105427e-15
     vertex  3.904028e+01  4.655451e+00  7.105427e-15
     vertex  3.907678e+01  4.684496e+00  7.105427e-15
   endloop
 endfacet
 facet normal  0.000000e+00  0.000000e+00 -1.000000e+00
   outer loop
     vertex  4.400000e+01  0.000000e+00  7.105427e-15
     vertex  3.790676e+01  4.302559e+00  7.105427e-15
     vertex  3.795336e+01  4.300640e+00  7.105427e-15
   endloop
 endfacet
 facet normal  0.000000e+00  0.000000e+00 -1.000000e+00
   outer loop
     vertex  4.400000e+01  0.000000e+00  7.105427e-15
     vertex  3.907678e+01  4.684496e+00  7.105427e-15
     vertex  3.911246e+01  4.714532e+00  7.105427e-15
   endloop
 endfacet
 facet normal  0.000000e+00  0.000000e+00 -1.000000e+00
   outer loop
     vertex  4.400000e+01  0.000000e+00  7.105427e-15
     vertex  3.795336e+01  4.300640e+00  7.105427e-15
     vertex  3.800000e+01  4.300000e+00  7.105427e-15
   endloop
 endfacet
 facet normal  0.000000e+00  0.000000e+00 -1.000000e+00
   outer loop
     vertex  4.400000e+01  0.000000e+00  7.105427e-15
     vertex  3.911246e+01  4.714532e+00  7.105427e-15
     vertex  3.914731e+01  4.745535e+00  7.105427e-15
   endloop
 endfacet
 facet normal  0.000000e+00  0.000000e+00 -1.000000e+00
   outer loop
     vertex  4.400000e+01  0.000000e+00  7.105427e-15
     vertex  3.914731e+01  4.745535e+00  7.105427e-15
     vertex  3.918129e+01  4.777482e+00  7.105427e-15
   endloop
 endfacet
 facet normal  0.000000e+00  0.000000e+00 -1.000000e+00
   outer loop
     vertex  4.400000e+01  0.000000e+00  7.105427e-15
     vertex  3.918129e+01  4.777482e+00  7.105427e-15
     vertex  3.921439e+01  4.810350e+00  7.105427e-15
   endloop
 endfacet
 facet normal  0.000000e+00  0.000000e+00 -1.000000e+00
   outer loop
     vertex  4.400000e+01  0.000000e+00  7.105427e-15
     vertex  3.921439e+01  4.810350e+00  7.105427e-15
     vertex  3.924657e+01  4.844113e+00  7.105427e-15
   endloop
 endfacet
 facet normal  0.000000e+00  0.000000e+00 -1.000000e+00
   outer loop
     vertex  4.400000e+01  0.000000e+00  7.105427e-15
     vertex  3.924657e+01  4.844113e+00  7.105427e-15
     vertex  3.927781e+01  4.878747e+00  7.105427e-15
   endloop
 endfacet
 facet normal  0.000000e+00  0.000000e+00 -1.000000e+00
   outer loop
     vertex  4.400000e+01  0.000000e+00  7.105427e-15
     vertex  3.927781e+01  4.878747e+00  7.105427e-15
     vertex  3.930809e+01  4.914224e+00  7.105427e-15
   endloop
 endfacet
 facet normal  0.000000e+00  0.000000e+00 -1.000000e+00
   outer loop
     vertex  4.400000e+01  0.000000e+00  7.105427e-15
     vertex  3.930809e+01  4.914224e+00  7.105427e-15
     vertex  3.933738e+01  4.950519e+00  7.105427e-15
   endloop
 endfacet
 facet normal  0.000000e+00  0.000000e+00 -1.000000e+00
   outer loop
     vertex  4.400000e+01  0.000000e+00  7.105427e-15
     vertex  3.933738e+01  4.950519e+00  7.105427e-15
     vertex  3.936567e+01  4.987604e+00  7.105427e-15
   endloop
 endfacet
 facet normal  0.000000e+00  0.000000e+00 -1.000000e+00
   outer loop
     vertex  4.400000e+01  0.000000e+00  7.105427e-15
     vertex  3.936567e+01  4.987604e+00  7.105427e-15
     vertex  3.939293e+01  5.025451e+00  7.105427e-15
   endloop
 endfacet
 facet normal  0.000000e+00  0.000000e+00 -1.000000e+00
   outer loop
     vertex  4.400000e+01  0.000000e+00  7.105427e-15
     vertex  3.939293e+01  5.025451e+00  7.105427e-15
     vertex  3.941914e+01  5.064031e+00  7.105427e-15
   endloop
 endfacet
 facet normal  0.000000e+00  0.000000e+00 -1.000000e+00
   outer loop
     vertex  4.400000e+01  0.000000e+00  7.105427e-15
     vertex  3.941914e+01  5.064031e+00  7.105427e-15
     vertex  3.944428e+01  5.103316e+00  7.105427e-15
   endloop
 endfacet
 facet normal  0.000000e+00  0.000000e+00 -1.000000e+00
   outer loop
     vertex  4.400000e+01  0.000000e+00  7.105427e-15
     vertex  3.944428e+01  5.103316e+00  7.105427e-15
     vertex  3.946834e+01  5.143276e+00  7.105427e-15
   endloop
 endfacet
 facet normal  0.000000e+00  0.000000e+00 -1.000000e+00
   outer loop
     vertex  4.400000e+01  0.000000e+00  7.105427e-15
     vertex  3.946834e+01  5.143276e+00  7.105427e-15
     vertex  3.949129e+01  5.183881e+00  7.105427e-15
   endloop
 endfacet
 facet normal  0.000000e+00  0.000000e+00 -1.000000e+00
   outer loop
     vertex  4.400000e+01  0.000000e+00  7.105427e-15
     vertex  3.949129e+01  5.183881e+00  7.105427e-15
     vertex  3.951312e+01  5.225101e+00  7.105427e-15
   endloop
 endfacet
 facet normal  0.000000e+00  0.000000e+00 -1.000000e+00
   outer loop
     vertex  4.400000e+01  0.000000e+00  7.105427e-15
     vertex  3.951312e+01  5.225101e+00  7.105427e-15
     vertex  3.953381e+01  5.266903e+00  7.105427e-15
   endloop
 endfacet
 facet normal  0.000000e+00  0.000000e+00 -1.000000e+00
   outer loop
     vertex  4.400000e+01  0.000000e+00  7.105427e-15
     vertex  3.953381e+01  5.266903e+00  7.105427e-15
     vertex  3.955334e+01  5.309258e+00  7.105427e-15
   endloop
 endfacet
 facet normal  0.000000e+00  0.000000e+00 -1.000000e+00
   outer loop
     vertex  4.400000e+01  0.000000e+00  7.105427e-15
     vertex  3.955334e+01  5.309258e+00  7.105427e-15
     vertex  3.957171e+01  5.352132e+00  7.105427e-15
   endloop
 endfacet
 facet normal  0.000000e+00  0.000000e+00 -1.000000e+00
   outer loop
     vertex  4.400000e+01  0.000000e+00  7.105427e-15
     vertex  3.957171e+01  5.352132e+00  7.105427e-15
     vertex  3.958889e+01  5.395495e+00  7.105427e-15
   endloop
 endfacet
 facet normal  0.000000e+00  0.000000e+00 -1.000000e+00
   outer loop
     vertex  4.400000e+01  0.000000e+00  7.105427e-15
     vertex  3.958889e+01  5.395495e+00  7.105427e-15
     vertex  3.960488e+01  5.439312e+00  7.105427e-15
   endloop
 endfacet
 facet normal  0.000000e+00  0.000000e+00 -1.000000e+00
   outer loop
     vertex  4.400000e+01  0.000000e+00  7.105427e-15
     vertex  3.960488e+01  5.439312e+00  7.105427e-15
     vertex  3.961965e+01  5.483551e+00  7.105427e-15
   endloop
 endfacet
 facet normal  0.000000e+00  0.000000e+00 -1.000000e+00
   outer loop
     vertex  4.400000e+01  0.000000e+00  7.105427e-15
     vertex  3.961965e+01  5.483551e+00  7.105427e-15
     vertex  3.963321e+01  5.528179e+00  7.105427e-15
   endloop
 endfacet
 facet normal  0.000000e+00  0.000000e+00 -1.000000e+00
   outer loop
     vertex  4.400000e+01  0.000000e+00  7.105427e-15
     vertex  3.963321e+01  5.528179e+00  7.105427e-15
     vertex  3.964554e+01  5.573162e+00  7.105427e-15
   endloop
 endfacet
 facet normal  0.000000e+00  0.000000e+00 -1.000000e+00
   outer loop
     vertex  4.400000e+01  0.000000e+00  7.105427e-15
     vertex  3.964554e+01  5.573162e+00  7.105427e-15
     vertex  3.965663e+01  5.618467e+00  7.105427e-15
   endloop
 endfacet
 facet normal  0.000000e+00  0.000000e+00 -1.000000e+00
   outer loop
     vertex  4.400000e+01  0.000000e+00  7.105427e-15
     vertex  3.965663e+01  5.618467e+00  7.105427e-15
     vertex  3.966648e+01  5.664059e+00  7.105427e-15
   endloop
 endfacet
 facet normal  0.000000e+00  0.000000e+00 -1.000000e+00
   outer loop
     vertex  4.400000e+01  0.000000e+00  7.105427e-15
     vertex  3.966648e+01  5.664059e+00  7.105427e-15
     vertex  3.967507e+01  5.709903e+00  7.105427e-15
   endloop
 endfacet
 facet normal  0.000000e+00  0.000000e+00 -1.000000e+00
   outer loop
     vertex  4.400000e+01  0.000000e+00  7.105427e-15
     vertex  3.967507e+01  5.709903e+00  7.105427e-15
     vertex  3.968239e+01  5.755966e+00  7.105427e-15
   endloop
 endfacet
 facet normal  0.000000e+00  0.000000e+00 -1.000000e+00
   outer loop
     vertex  4.400000e+01  0.000000e+00  7.105427e-15
     vertex  3.968239e+01  5.755966e+00  7.105427e-15
     vertex  3.968846e+01  5.802213e+00  7.105427e-15
   endloop
 endfacet
 facet normal  0.000000e+00  0.000000e+00 -1.000000e+00
   outer loop
     vertex  4.400000e+01  0.000000e+00  7.105427e-15
     vertex  3.968846e+01  5.802213e+00  7.105427e-15
     vertex  3.969325e+01  5.848609e+00  7.105427e-15
   endloop
 endfacet
 facet normal  0.000000e+00  0.000000e+00 -1.000000e+00
   outer loop
     vertex  4.400000e+01  0.000000e+00  7.105427e-15
     vertex  3.969325e+01  5.848609e+00  7.105427e-15
     vertex  3.969676e+01  5.895118e+00  7.105427e-15
   endloop
 endfacet
 facet normal  0.000000e+00  0.000000e+00 -1.000000e+00
   outer loop
     vertex  4.400000e+01  0.000000e+00  7.105427e-15
     vertex  3.969676e+01  5.895118e+00  7.105427e-15
     vertex  3.969900e+01  5.941707e+00  7.105427e-15
   endloop
 endfacet
 facet normal  0.000000e+00  0.000000e+00 -1.000000e+00
   outer loop
     vertex  4.400000e+01  0.000000e+00  7.105427e-15
     vertex  3.969900e+01  5.941707e+00  7.105427e-15
     vertex  3.969996e+01  5.988339e+00  7.105427e-15
   endloop
 endfacet
 facet normal  0.000000e+00  0.000000e+00 -1.000000e+00
   outer loop
     vertex  4.400000e+01  0.000000e+00  7.105427e-15
     vertex  3.969996e+01  5.988339e+00  7.105427e-15
     vertex  3.969964e+01  6.034980e+00  7.105427e-15
   endloop
 endfacet
 facet normal  0.000000e+00  0.000000e+00 -1.000000e+00
   outer loop
     vertex  4.400000e+01  0.000000e+00  7.105427e-15
     vertex  3.969964e+01  6.034980e+00  7.105427e-15
     vertex  3.969804e+01  6.081595e+00  7.105427e-15
   endloop
 endfacet
 facet normal  0.000000e+00  0.000000e+00 -1.000000e+00
   outer loop
     vertex  4.400000e+01  0.000000e+00  7.105427e-15
     vertex  3.969804e+01  6.081595e+00  7.105427e-15
     vertex  3.969516e+01  6.128149e+00  7.105427e-15
   endloop
 endfacet
 facet normal  0.000000e+00  0.000000e+00 -1.000000e+00
   outer loop
     vertex  4.400000e+01  0.000000e+00  7.105427e-15
     vertex  3.969516e+01  6.128149e+00  7.105427e-15
     vertex  3.969101e+01  6.174606e+00  7.105427e-15
   endloop
 endfacet
 facet normal  0.000000e+00  0.000000e+00 -1.000000e+00
   outer loop
     vertex  4.400000e+01  0.000000e+00  7.105427e-15
     vertex  3.969101e+01  6.174606e+00  7.105427e-15
     vertex  3.968558e+01  6.220931e+00  7.105427e-15
   endloop
 endfacet
 facet normal  0.000000e+00  0.000000e+00 -1.000000e+00
   outer loop
     vertex  4.400000e+01  0.000000e+00  7.105427e-15
     vertex  3.968558e+01  6.220931e+00  7.105427e-15
     vertex  3.967889e+01  6.267090e+00  7.105427e-15
   endloop
 endfacet
 facet normal  0.000000e+00  0.000000e+00 -1.000000e+00
   outer loop
     vertex  4.400000e+01  0.000000e+00  7.105427e-15
     vertex  3.967889e+01  6.267090e+00  7.105427e-15
     vertex  3.967093e+01  6.313048e+00  7.105427e-15
   endloop
 endfacet
 facet normal  0.000000e+00  0.000000e+00 -1.000000e+00
   outer loop
     vertex  4.400000e+01  0.000000e+00  7.105427e-15
     vertex  3.967093e+01  6.313048e+00  7.105427e-15
     vertex  3.966171e+01  6.358771e+00  7.105427e-15
   endloop
 endfacet
 facet normal  0.000000e+00  0.000000e+00 -1.000000e+00
   outer loop
     vertex  4.400000e+01  0.000000e+00  7.105427e-15
     vertex  3.966171e+01  6.358771e+00  7.105427e-15
     vertex  3.965124e+01  6.404223e+00  7.105427e-15
   endloop
 endfacet
 facet normal  0.000000e+00  0.000000e+00 -1.000000e+00
   outer loop
     vertex  4.400000e+01  0.000000e+00  7.105427e-15
     vertex  3.965124e+01  6.404223e+00  7.105427e-15
     vertex  3.963953e+01  6.449371e+00  7.105427e-15
   endloop
 endfacet
 facet normal  0.000000e+00  0.000000e+00 -1.000000e+00
   outer loop
     vertex  4.400000e+01  0.000000e+00  7.105427e-15
     vertex  3.963953e+01  6.449371e+00  7.105427e-15
     vertex  3.962659e+01  6.494181e+00  7.105427e-15
   endloop
 endfacet
 facet normal  0.000000e+00  0.000000e+00 -1.000000e+00
   outer loop
     vertex  4.400000e+01  0.000000e+00  7.105427e-15
     vertex  3.962659e+01  6.494181e+00  7.105427e-15
     vertex  3.961242e+01  6.538619e+00  7.105427e-15
   endloop
 endfacet
 facet normal  0.000000e+00  0.000000e+00 -1.000000e+00
   outer loop
     vertex  4.400000e+01  0.000000e+00  7.105427e-15
     vertex  3.961242e+01  6.538619e+00  7.105427e-15
     vertex  3.959703e+01  6.582652e+00  7.105427e-15
   endloop
 endfacet
 facet normal  0.000000e+00  0.000000e+00 -1.000000e+00
   outer loop
     vertex  4.400000e+01  0.000000e+00  7.105427e-15
     vertex  3.959703e+01  6.582652e+00  7.105427e-15
     vertex  3.958045e+01  6.626245e+00  7.105427e-15
   endloop
 endfacet
 facet normal  0.000000e+00  0.000000e+00 -1.000000e+00
   outer loop
     vertex  4.400000e+01  0.000000e+00  7.105427e-15
     vertex  3.958045e+01  6.626245e+00  7.105427e-15
     vertex  3.956267e+01  6.669368e+00  7.105427e-15
   endloop
 endfacet
 facet normal  0.000000e+00  0.000000e+00 -1.000000e+00
   outer loop
     vertex  4.400000e+01  0.000000e+00  7.105427e-15
     vertex  3.956267e+01  6.669368e+00  7.105427e-15
     vertex  3.954372e+01  6.711986e+00  7.105427e-15
   endloop
 endfacet
 facet normal  0.000000e+00  0.000000e+00 -1.000000e+00
   outer loop
     vertex  4.400000e+01  0.000000e+00  7.105427e-15
     vertex  0.000000e+00  0.000000e+00  7.105427e-15
     vertex  3.723550e+01  4.481601e+00  7.105427e-15
   endloop
 endfacet
 facet normal  0.000000e+00  0.000000e+00 -1.000000e+00
   outer loop
     vertex  4.400000e+01  0.000000e+00  7.105427e-15
     vertex  3.800000e+01  4.300000e+00  7.105427e-15
     vertex  3.804664e+01  4.300640e+00  7.105427e-15
   endloop
 endfacet
 facet normal  0.000000e+00  0.000000e+00 -1.000000e+00
   outer loop
     vertex  4.400000e+01  0.000000e+00  7.105427e-15
     vertex  3.804664e+01  4.300640e+00  7.105427e-15
     vertex  3.809324e+01  4.302559e+00  7.105427e-15
   endloop
 endfacet
 facet normal  0.000000e+00  0.000000e+00 -1.000000e+00
   outer loop
     vertex  4.400000e+01  0.000000e+00  7.105427e-15
     vertex  3.809324e+01  4.302559e+00  7.105427e-15
     vertex  3.813977e+01  4.305756e+00  7.105427e-15
   endloop
 endfacet
 facet normal  0.000000e+00  0.000000e+00 -1.000000e+00
   outer loop
     vertex  4.400000e+01  0.000000e+00  7.105427e-15
     vertex  3.813977e+01  4.305756e+00  7.105427e-15
     vertex  3.818620e+01  4.310228e+00  7.105427e-15
   endloop
 endfacet
 facet normal  0.000000e+00  0.000000e+00 -1.000000e+00
   outer loop
     vertex  4.400000e+01  0.000000e+00  7.105427e-15
     vertex  3.818620e+01  4.310228e+00  7.105427e-15
     vertex  3.823249e+01  4.315972e+00  7.105427e-15
   endloop
 endfacet
 facet normal  0.000000e+00  0.000000e+00 -1.000000e+00
   outer loop
     vertex  4.400000e+01  0.000000e+00  7.105427e-15
     vertex  3.823249e+01  4.315972e+00  7.105427e-15
     vertex  3.827860e+01  4.322984e+00  7.105427e-15
   endloop
 endfacet
 facet normal  0.000000e+00  0.000000e+00 -1.000000e+00
   outer loop
     vertex  4.400000e+01  0.000000e+00  7.105427e-15
     vertex  3.827860e+01  4.322984e+00  7.105427e-15
     vertex  3.832450e+01  4.331259e+00  7.105427e-15
   endloop
 endfacet
 facet normal  0.000000e+00  0.000000e+00 -1.000000e+00
   outer loop
     vertex  4.400000e+01  0.000000e+00  7.105427e-15
     vertex  3.832450e+01  4.331259e+00  7.105427e-15
     vertex  3.837016e+01  4.340789e+00  7.105427e-15
   endloop
 endfacet
 facet normal  0.000000e+00  0.000000e+00 -1.000000e+00
   outer loop
     vertex  4.400000e+01  0.000000e+00  7.105427e-15
     vertex  3.837016e+01  4.340789e+00  7.105427e-15
     vertex  3.841554e+01  4.351569e+00  7.105427e-15
   endloop
 endfacet
 facet normal  0.000000e+00  0.000000e+00 -1.000000e+00
   outer loop
     vertex  4.400000e+01  0.000000e+00  7.105427e-15
     vertex  3.841554e+01  4.351569e+00  7.105427e-15
     vertex  3.846061e+01  4.363589e+00  7.105427e-15
   endloop
 endfacet
 facet normal  0.000000e+00  0.000000e+00 -1.000000e+00
   outer loop
     vertex  4.400000e+01  0.000000e+00  7.105427e-15
     vertex  3.723550e+01  4.481601e+00  7.105427e-15
     vertex  3.727744e+01  4.461199e+00  7.105427e-15
   endloop
 endfacet
 facet normal  0.000000e+00  0.000000e+00 -1.000000e+00
   outer loop
     vertex  4.400000e+01  0.000000e+00  7.105427e-15
     vertex  3.846061e+01  4.363589e+00  7.105427e-15
     vertex  3.850533e+01  4.376841e+00  7.105427e-15
   endloop
 endfacet
 facet normal -2.952867e-15 -1.614870e-16 -1.000000e+00
   outer loop
     vertex  4.400000e+01  0.000000e+00  7.105427e-15
     vertex  3.955334e+01  3.730926e+01  1.421085e-14
     vertex  4.400000e+01  4.400000e+01  0.000000e+00
   endloop
 endfacet
 facet normal -3.281313e-16  1.513388e-16 -1.000000e+00
   outer loop
     vertex  4.400000e+01  0.000000e+00  7.105427e-15
     vertex  3.953381e+01  3.726690e+01  1.421085e-14
     vertex  3.955334e+01  3.730926e+01  1.421085e-14
   endloop
 endfacet
 facet normal -3.101392e-16  1.534951e-16 -1.000000e+00
   outer loop
     vertex  4.400000e+01  0.000000e+00  7.105427e-15
     vertex  3.951312e+01  3.722510e+01  1.421085e-14
     vertex  3.953381e+01  3.726690e+01  1.421085e-14
   endloop
 endfacet
 facet normal -2.936148e-16  1.554868e-16 -1.000000e+00
   outer loop
     vertex  4.400000e+01  0.000000e+00  7.105427e-15
     vertex  3.949129e+01  3.718388e+01  1.421085e-14
     vertex  3.951312e+01  3.722510e+01  1.421085e-14
   endloop
 endfacet
 facet normal -2.783630e-16  1.573362e-16 -1.000000e+00
   outer loop
     vertex  4.400000e+01  0.000000e+00  7.105427e-15
     vertex  3.946834e+01  3.714328e+01  1.421085e-14
     vertex  3.949129e+01  3.718388e+01  1.421085e-14
   endloop
 endfacet
 facet normal -2.642209e-16  1.590616e-16 -1.000000e+00
   outer loop
     vertex  4.400000e+01  0.000000e+00  7.105427e-15
     vertex  3.944428e+01  3.710332e+01  1.421085e-14
     vertex  3.946834e+01  3.714328e+01  1.421085e-14
   endloop
 endfacet
 facet normal -2.510520e-16  1.606785e-16 -1.000000e+00
   outer loop
     vertex  4.400000e+01  0.000000e+00  7.105427e-15
     vertex  3.941914e+01  3.706403e+01  1.421085e-14
     vertex  3.944428e+01  3.710332e+01  1.421085e-14
   endloop
 endfacet
 facet normal -2.387407e-16  1.622001e-16 -1.000000e+00
   outer loop
     vertex  4.400000e+01  0.000000e+00  7.105427e-15
     vertex  3.939293e+01  3.702545e+01  1.421085e-14
     vertex  3.941914e+01  3.706403e+01  1.421085e-14
   endloop
 endfacet
 facet normal  3.557128e-16  2.361679e-16 -1.000000e+00
   outer loop
     vertex  4.400000e+01  0.000000e+00  7.105427e-15
     vertex  3.954372e+01  6.711986e+00  7.105427e-15
     vertex  3.939293e+01  3.702545e+01  1.421085e-14
   endloop
 endfacet
 facet normal  4.955738e-16  2.368636e-16 -1.000000e+00
   outer loop
     vertex  3.954372e+01  6.711986e+00  7.105427e-15
     vertex  3.952361e+01  6.754069e+00  7.105427e-15
     vertex  3.939293e+01  3.702545e+01  1.421085e-14
   endloop
 endfacet
 facet normal  4.622345e-16  2.367197e-16 -1.000000e+00
   outer loop
     vertex  3.952361e+01  6.754069e+00  7.105427e-15
     vertex  3.950235e+01  6.795584e+00  7.105427e-15
     vertex  3.939293e+01  3.702545e+01  1.421085e-14
   endloop
 endfacet
 facet normal  4.323597e-16  2.366115e-16 -1.000000e+00
   outer loop
     vertex  3.950235e+01  6.795584e+00  7.105427e-15
     vertex  3.947996e+01  6.836500e+00  7.105427e-15
     vertex  3.939293e+01  3.702545e+01  1.421085e-14
   endloop
 endfacet
 facet normal  4.053959e-16  2.365338e-16 -1.000000e+00
   outer loop
     vertex  3.947996e+01  6.836500e+00  7.105427e-15
     vertex  3.945645e+01  6.876786e+00  7.105427e-15
     vertex  3.939293e+01  3.702545e+01  1.421085e-14
   endloop
 endfacet
 facet normal  3.809009e-16  2.364822e-16 -1.000000e+00
   outer loop
     vertex  3.945645e+01  6.876786e+00  7.105427e-15
     vertex  3.943185e+01  6.916412e+00  7.105427e-15
     vertex  3.939293e+01  3.702545e+01  1.421085e-14
   endloop
 endfacet
 facet normal  3.585169e-16  2.364533e-16 -1.000000e+00
   outer loop
     vertex  3.943185e+01  6.916412e+00  7.105427e-15
     vertex  3.940617e+01  6.955349e+00  7.105427e-15
     vertex  3.939293e+01  3.702545e+01  1.421085e-14
   endloop
 endfacet
 facet normal  0.000000e+00 -1.000000e+00  0.000000e+00
   outer loop
     vertex  4.400000e+01  0.000000e+00  7.105427e-15
     vertex  0.000000e+00  0.000000e+00  3.000000e+00
     vertex  0.000000e+00  0.000000e+00  7.105427e-15
   endloop
 endfacet
 facet normal -0.000000e+00 -1.000000e+00 -0.000000e+00
   outer loop
     vertex  4.400000e+01  0.000000e+00  3.000000e+00
     vertex  0.000000e+00  0.000000e+00  3.000000e+00
     vertex  4.400000e+01  0.000000e+00  7.105427e-15
   endloop
 endfacet
 facet normal  0.000000e+00 -0.000000e+00  1.000000e+00
   outer loop
     vertex  4.769408e+00  3.917288e+01  3.000000e+00
     vertex  4.802048e+00  3.920620e+01  3.000000e+00
     vertex  0.000000e+00  4.400000e+01  3.000000e+00
   endloop
 endfacet
 facet normal  0.000000e+00  0.000000e+00  1.000000e+00
   outer loop
     vertex  4.835590e+00  3.923861e+01  3.000000e+00
     vertex  0.000000e+00  4.400000e+01  3.000000e+00
     vertex  4.802048e+00  3.920620e+01  3.000000e+00
   endloop
 endfacet
 facet normal  0.000000e+00 -0.000000e+00  1.000000e+00
   outer loop
     vertex  4.737695e+00  3.913868e+01  3.000000e+00
     vertex  4.769408e+00  3.917288e+01  3.000000e+00
     vertex  0.000000e+00  4.400000e+01  3.000000e+00
   endloop
 endfacet
 facet normal  0.000000e+00  0.000000e+00  1.000000e+00
   outer loop
     vertex  4.870008e+00  3.927009e+01  3.000000e+00
     vertex  0.000000e+00  4.400000e+01  3.000000e+00
     vertex  4.835590e+00  3.923861e+01  3.000000e+00
   endloop
 endfacet
 facet normal  0.000000e+00 -0.000000e+00  1.000000e+00
   outer loop
     vertex  4.706931e+00  3.910362e+01  3.000000e+00
     vertex  4.737695e+00  3.913868e+01  3.000000e+00
     vertex  0.000000e+00  4.400000e+01  3.000000e+00
   endloop
 endfacet
 facet normal  0.000000e+00  0.000000e+00  1.000000e+00
   outer loop
     vertex  4.905277e+00  3.930061e+01  3.000000e+00
     vertex  0.000000e+00  4.400000e+01  3.000000e+00
     vertex  4.870008e+00  3.927009e+01  3.000000e+00
   endloop
 endfacet
 facet normal  0.000000e+00 -0.000000e+00  1.000000e+00
   outer loop
     vertex  4.677141e+00  3.906773e+01  3.000000e+00
     vertex  4.706931e+00  3.910362e+01  3.000000e+00
     vertex  0.000000e+00  4.400000e+01  3.000000e+00
   endloop
 endfacet
 facet normal  0.000000e+00  0.000000e+00  1.000000e+00
   outer loop
     vertex  4.941370e+00  3.933015e+01  3.000000e+00
     vertex  0.000000e+00  4.400000e+01  3.000000e+00
     vertex  4.905277e+00  3.930061e+01  3.000000e+00
   endloop
 endfacet
 facet normal  0.000000e+00 -0.000000e+00  1.000000e+00
   outer loop
     vertex  4.648347e+00  3.903104e+01  3.000000e+00
     vertex  4.677141e+00  3.906773e+01  3.000000e+00
     vertex  0.000000e+00  4.400000e+01  3.000000e+00
   endloop
 endfacet
 facet normal  0.000000e+00  0.000000e+00  1.000000e+00
   outer loop
     vertex  4.978260e+00  3.935869e+01  3.000000e+00
     vertex  0.000000e+00  4.400000e+01  3.000000e+00
     vertex  4.941370e+00  3.933015e+01  3.000000e+00
   endloop
 endfacet
 facet normal  2.261851e-13  2.115907e-13  1.000000e+00
   outer loop
     vertex  4.620570e+00  3.899357e+01  3.000000e+00
     vertex  4.648347e+00  3.903104e+01  3.000000e+00
     vertex  0.000000e+00  4.400000e+01  3.000000e+00
   endloop
 endfacet
 facet normal  0.000000e+00  0.000000e+00  1.000000e+00
   outer loop
     vertex  5.015919e+00  3.938621e+01  3.000000e+00
     vertex  0.000000e+00  4.400000e+01  3.000000e+00
     vertex  4.978260e+00  3.935869e+01  3.000000e+00
   endloop
 endfacet
 facet normal -1.749401e-15  1.223950e-15  1.000000e+00
   outer loop
     vertex  4.593832e+00  3.895535e+01  3.000000e+00
     vertex  4.620570e+00  3.899357e+01  3.000000e+00
     vertex  0.000000e+00  4.400000e+01  3.000000e+00
   endloop
 endfacet
 facet normal  0.000000e+00  0.000000e+00  1.000000e+00
   outer loop
     vertex  5.054319e+00  3.941269e+01  3.000000e+00
     vertex  0.000000e+00  4.400000e+01  3.000000e+00
     vertex  5.015919e+00  3.938621e+01  3.000000e+00
   endloop
 endfacet
 facet normal -1.794087e-15  1.183257e-15  1.000000e+00
   outer loop
     vertex  4.568152e+00  3.891641e+01  3.000000e+00
     vertex  4.593832e+00  3.895535e+01  3.000000e+00
     vertex  0.000000e+00  4.400000e+01  3.000000e+00
   endloop
 endfacet
 facet normal  0.000000e+00  0.000000e+00  1.000000e+00
   outer loop
     vertex  5.093431e+00  3.943810e+01  3.000000e+00
     vertex  0.000000e+00  4.400000e+01  3.000000e+00
     vertex  5.054319e+00  3.941269e+01  3.000000e+00
   endloop
 endfacet
 facet normal -1.839761e-15  1.142215e-15  1.000000e+00
   outer loop
     vertex  4.543550e+00  3.887679e+01  3.000000e+00
     vertex  4.568152e+00  3.891641e+01  3.000000e+00
     vertex  0.000000e+00  4.400000e+01  3.000000e+00
   endloop
 endfacet
 facet normal  0.000000e+00  0.000000e+00  1.000000e+00
   outer loop
     vertex  5.133225e+00  3.946243e+01  3.000000e+00
     vertex  0.000000e+00  4.400000e+01  3.000000e+00
     vertex  5.093431e+00  3.943810e+01  3.000000e+00
   endloop
 endfacet
 facet normal -1.886540e-15  1.100728e-15  1.000000e+00
   outer loop
     vertex  4.520045e+00  3.883650e+01  3.000000e+00
     vertex  4.543550e+00  3.887679e+01  3.000000e+00
     vertex  0.000000e+00  4.400000e+01  3.000000e+00
   endloop
 endfacet
 facet normal  0.000000e+00  0.000000e+00  1.000000e+00
   outer loop
     vertex  5.173671e+00  3.948566e+01  3.000000e+00
     vertex  0.000000e+00  4.400000e+01  3.000000e+00
     vertex  5.133225e+00  3.946243e+01  3.000000e+00
   endloop
 endfacet
 facet normal -1.934555e-15  1.058697e-15  1.000000e+00
   outer loop
     vertex  4.497653e+00  3.879558e+01  3.000000e+00
     vertex  4.520045e+00  3.883650e+01  3.000000e+00
     vertex  0.000000e+00  4.400000e+01  3.000000e+00
   endloop
 endfacet
 facet normal  0.000000e+00  0.000000e+00  1.000000e+00
   outer loop
     vertex  5.214740e+00  3.950777e+01  3.000000e+00
     vertex  0.000000e+00  4.400000e+01  3.000000e+00
     vertex  5.173671e+00  3.948566e+01  3.000000e+00
   endloop
 endfacet
 facet normal -1.983942e-15  1.016017e-15  1.000000e+00
   outer loop
     vertex  4.476392e+00  3.875407e+01  3.000000e+00
     vertex  4.497653e+00  3.879558e+01  3.000000e+00
     vertex  0.000000e+00  4.400000e+01  3.000000e+00
   endloop
 endfacet
 facet normal  0.000000e+00  0.000000e+00  1.000000e+00
   outer loop
     vertex  5.256400e+00  3.952874e+01  3.000000e+00
     vertex  0.000000e+00  4.400000e+01  3.000000e+00
     vertex  5.214740e+00  3.950777e+01  3.000000e+00
   endloop
 endfacet
 facet normal -2.034852e-15  9.725743e-16  1.000000e+00
   outer loop
     vertex  4.456279e+00  3.871199e+01  3.000000e+00
     vertex  4.476392e+00  3.875407e+01  3.000000e+00
     vertex  0.000000e+00  4.400000e+01  3.000000e+00
   endloop
 endfacet
 facet normal  0.000000e+00  0.000000e+00  1.000000e+00
   outer loop
     vertex  5.298619e+00  3.954857e+01  3.000000e+00
     vertex  0.000000e+00  4.400000e+01  3.000000e+00
     vertex  5.256400e+00  3.952874e+01  3.000000e+00
   endloop
 endfacet
 facet normal -2.087450e-15  9.282492e-16  1.000000e+00
   outer loop
     vertex  4.437327e+00  3.866937e+01  3.000000e+00
     vertex  4.456279e+00  3.871199e+01  3.000000e+00
     vertex  0.000000e+00  4.400000e+01  3.000000e+00
   endloop
 endfacet
 facet normal  0.000000e+00  0.000000e+00  1.000000e+00
   outer loop
     vertex  5.341367e+00  3.956723e+01  3.000000e+00
     vertex  0.000000e+00  4.400000e+01  3.000000e+00
     vertex  5.298619e+00  3.954857e+01  3.000000e+00
   endloop
 endfacet
 facet normal -2.141916e-15  8.829106e-16  1.000000e+00
   outer loop
     vertex  4.419552e+00  3.862625e+01  3.000000e+00
     vertex  4.437327e+00  3.866937e+01  3.000000e+00
     vertex  0.000000e+00  4.400000e+01  3.000000e+00
   endloop
 endfacet
 facet normal  0.000000e+00  0.000000e+00  1.000000e+00
   outer loop
     vertex  5.384610e+00  3.958471e+01  3.000000e+00
     vertex  0.000000e+00  4.400000e+01  3.000000e+00
     vertex  5.341367e+00  3.956723e+01  3.000000e+00
   endloop
 endfacet
 facet normal -2.198449e-15  8.364164e-16  1.000000e+00
   outer loop
     vertex  4.402966e+00  3.858265e+01  3.000000e+00
     vertex  4.419552e+00  3.862625e+01  3.000000e+00
     vertex  0.000000e+00  4.400000e+01  3.000000e+00
   endloop
 endfacet
 facet normal  0.000000e+00  0.000000e+00  1.000000e+00
   outer loop
     vertex  5.428317e+00  3.960099e+01  3.000000e+00
     vertex  0.000000e+00  4.400000e+01  3.000000e+00
     vertex  5.384610e+00  3.958471e+01  3.000000e+00
   endloop
 endfacet
 facet normal -2.257268e-15  7.886110e-16  1.000000e+00
   outer loop
     vertex  4.387583e+00  3.853862e+01  3.000000e+00
     vertex  4.402966e+00  3.858265e+01  3.000000e+00
     vertex  0.000000e+00  4.400000e+01  3.000000e+00
   endloop
 endfacet
 facet normal  0.000000e+00  0.000000e+00  1.000000e+00
   outer loop
     vertex  5.472454e+00  3.961607e+01  3.000000e+00
     vertex  0.000000e+00  4.400000e+01  3.000000e+00
     vertex  5.428317e+00  3.960099e+01  3.000000e+00
   endloop
 endfacet
 facet normal -2.318618e-15  7.393230e-16  1.000000e+00
   outer loop
     vertex  4.373413e+00  3.849418e+01  3.000000e+00
     vertex  4.387583e+00  3.853862e+01  3.000000e+00
     vertex  0.000000e+00  4.400000e+01  3.000000e+00
   endloop
 endfacet
 facet normal  0.000000e+00  0.000000e+00  1.000000e+00
   outer loop
     vertex  5.516988e+00  3.962994e+01  3.000000e+00
     vertex  0.000000e+00  4.400000e+01  3.000000e+00
     vertex  5.472454e+00  3.961607e+01  3.000000e+00
   endloop
 endfacet
 facet normal -2.382774e-15  6.883624e-16  1.000000e+00
   outer loop
     vertex  4.360468e+00  3.844937e+01  3.000000e+00
     vertex  4.373413e+00  3.849418e+01  3.000000e+00
     vertex  0.000000e+00  4.400000e+01  3.000000e+00
   endloop
 endfacet
 facet normal  0.000000e+00  0.000000e+00  1.000000e+00
   outer loop
     vertex  5.561885e+00  3.964258e+01  3.000000e+00
     vertex  0.000000e+00  4.400000e+01  3.000000e+00
     vertex  5.516988e+00  3.962994e+01  3.000000e+00
   endloop
 endfacet
 facet normal -2.450043e-15  6.355172e-16  1.000000e+00
   outer loop
     vertex  4.348757e+00  3.840422e+01  3.000000e+00
     vertex  4.360468e+00  3.844937e+01  3.000000e+00
     vertex  0.000000e+00  4.400000e+01  3.000000e+00
   endloop
 endfacet
 facet normal  0.000000e+00  0.000000e+00  1.000000e+00
   outer loop
     vertex  5.607113e+00  3.965398e+01  3.000000e+00
     vertex  0.000000e+00  4.400000e+01  3.000000e+00
     vertex  5.561885e+00  3.964258e+01  3.000000e+00
   endloop
 endfacet
 facet normal -2.520773e-15  5.805499e-16  1.000000e+00
   outer loop
     vertex  4.338289e+00  3.835877e+01  3.000000e+00
     vertex  4.348757e+00  3.840422e+01  3.000000e+00
     vertex  0.000000e+00  4.400000e+01  3.000000e+00
   endloop
 endfacet
 facet normal  0.000000e+00  0.000000e+00  1.000000e+00
   outer loop
     vertex  5.652636e+00  3.966413e+01  3.000000e+00
     vertex  0.000000e+00  4.400000e+01  3.000000e+00
     vertex  5.607113e+00  3.965398e+01  3.000000e+00
   endloop
 endfacet
 facet normal -2.595357e-15  5.231922e-16  1.000000e+00
   outer loop
     vertex  4.329072e+00  3.831305e+01  3.000000e+00
     vertex  4.338289e+00  3.835877e+01  3.000000e+00
     vertex  0.000000e+00  4.400000e+01  3.000000e+00
   endloop
 endfacet
 facet normal  0.000000e+00  0.000000e+00  1.000000e+00
   outer loop
     vertex  5.698420e+00  3.967304e+01  3.000000e+00
     vertex  0.000000e+00  4.400000e+01  3.000000e+00
     vertex  5.652636e+00  3.966413e+01  3.000000e+00
   endloop
 endfacet
 facet normal -2.674245e-15  4.631399e-16  1.000000e+00
   outer loop
     vertex  4.321113e+00  3.826709e+01  3.000000e+00
     vertex  4.329072e+00  3.831305e+01  3.000000e+00
     vertex  0.000000e+00  4.400000e+01  3.000000e+00
   endloop
 endfacet
 facet normal  0.000000e+00  0.000000e+00  1.000000e+00
   outer loop
     vertex  5.744432e+00  3.968068e+01  3.000000e+00
     vertex  0.000000e+00  4.400000e+01  3.000000e+00
     vertex  5.698420e+00  3.967304e+01  3.000000e+00
   endloop
 endfacet
 facet normal -2.757954e-15  4.000453e-16  1.000000e+00
   outer loop
     vertex  4.314417e+00  3.822093e+01  3.000000e+00
     vertex  4.321113e+00  3.826709e+01  3.000000e+00
     vertex  0.000000e+00  4.400000e+01  3.000000e+00
   endloop
 endfacet
 facet normal  0.000000e+00  0.000000e+00  1.000000e+00
   outer loop
     vertex  5.790636e+00  3.968706e+01  3.000000e+00
     vertex  0.000000e+00  4.400000e+01  3.000000e+00
     vertex  5.744432e+00  3.968068e+01  3.000000e+00
   endloop
 endfacet
 facet normal -2.847078e-15  3.335089e-16  1.000000e+00
   outer loop
     vertex  4.308991e+00  3.817461e+01  3.000000e+00
     vertex  4.314417e+00  3.822093e+01  3.000000e+00
     vertex  0.000000e+00  4.400000e+01  3.000000e+00
   endloop
 endfacet
 facet normal  0.000000e+00  0.000000e+00  1.000000e+00
   outer loop
     vertex  5.836998e+00  3.969217e+01  3.000000e+00
     vertex  0.000000e+00  4.400000e+01  3.000000e+00
     vertex  5.790636e+00  3.968706e+01  3.000000e+00
   endloop
 endfacet
 facet normal -2.942308e-15  2.630686e-16  1.000000e+00
   outer loop
     vertex  4.304837e+00  3.812815e+01  3.000000e+00
     vertex  4.308991e+00  3.817461e+01  3.000000e+00
     vertex  0.000000e+00  4.400000e+01  3.000000e+00
   endloop
 endfacet
 facet normal  0.000000e+00  0.000000e+00  1.000000e+00
   outer loop
     vertex  5.883482e+00  3.969600e+01  3.000000e+00
     vertex  0.000000e+00  4.400000e+01  3.000000e+00
     vertex  5.836998e+00  3.969217e+01  3.000000e+00
   endloop
 endfacet
 facet normal -3.044448e-15  1.881862e-16  1.000000e+00
   outer loop
     vertex  4.301959e+00  3.808160e+01  3.000000e+00
     vertex  4.304837e+00  3.812815e+01  3.000000e+00
     vertex  0.000000e+00  4.400000e+01  3.000000e+00
   endloop
 endfacet
 facet normal  0.000000e+00  0.000000e+00  1.000000e+00
   outer loop
     vertex  5.930054e+00  3.969856e+01  3.000000e+00
     vertex  0.000000e+00  4.400000e+01  3.000000e+00
     vertex  5.883482e+00  3.969600e+01  3.000000e+00
   endloop
 endfacet
 facet normal -3.154448e-15  1.082301e-16  1.000000e+00
   outer loop
     vertex  4.300360e+00  3.803498e+01  3.000000e+00
     vertex  4.301959e+00  3.808160e+01  3.000000e+00
     vertex  0.000000e+00  4.400000e+01  3.000000e+00
   endloop
 endfacet
 facet normal  0.000000e+00  0.000000e+00  1.000000e+00
   outer loop
     vertex  5.976679e+00  3.969984e+01  3.000000e+00
     vertex  0.000000e+00  4.400000e+01  3.000000e+00
     vertex  5.930054e+00  3.969856e+01  3.000000e+00
   endloop
 endfacet
 facet normal -3.273427e-15  2.245401e-17  1.000000e+00
   outer loop
     vertex  4.300040e+00  3.798834e+01  3.000000e+00
     vertex  4.300360e+00  3.803498e+01  3.000000e+00
     vertex  0.000000e+00  4.400000e+01  3.000000e+00
   endloop
 endfacet
 facet normal  0.000000e+00  0.000000e+00  1.000000e+00
   outer loop
     vertex  6.023321e+00  3.969984e+01  3.000000e+00
     vertex  0.000000e+00  4.400000e+01  3.000000e+00
     vertex  5.976679e+00  3.969984e+01  3.000000e+00
   endloop
 endfacet
 facet normal -3.402727e-15 -7.003160e-17  1.000000e+00
   outer loop
     vertex  4.301000e+00  3.794171e+01  3.000000e+00
     vertex  4.300040e+00  3.798834e+01  3.000000e+00
     vertex  0.000000e+00  4.400000e+01  3.000000e+00
   endloop
 endfacet
 facet normal  0.000000e+00  0.000000e+00  1.000000e+00
   outer loop
     vertex  6.069946e+00  3.969856e+01  3.000000e+00
     vertex  0.000000e+00  4.400000e+01  3.000000e+00
     vertex  6.023321e+00  3.969984e+01  3.000000e+00
   endloop
 endfacet
 facet normal -3.543957e-15 -1.702962e-16  1.000000e+00
   outer loop
     vertex  4.303238e+00  3.789512e+01  3.000000e+00
     vertex  4.301000e+00  3.794171e+01  3.000000e+00
     vertex  0.000000e+00  4.400000e+01  3.000000e+00
   endloop
 endfacet
 facet normal  0.000000e+00  0.000000e+00  1.000000e+00
   outer loop
     vertex  6.116518e+00  3.969600e+01  3.000000e+00
     vertex  0.000000e+00  4.400000e+01  3.000000e+00
     vertex  6.069946e+00  3.969856e+01  3.000000e+00
   endloop
 endfacet
 facet normal -3.699077e-15 -2.796377e-16  1.000000e+00
   outer loop
     vertex  4.306754e+00  3.784861e+01  3.000000e+00
     vertex  4.303238e+00  3.789512e+01  3.000000e+00
     vertex  0.000000e+00  4.400000e+01  3.000000e+00
   endloop
 endfacet
 facet normal  0.000000e+00  0.000000e+00  1.000000e+00
   outer loop
     vertex  6.163002e+00  3.969217e+01  3.000000e+00
     vertex  0.000000e+00  4.400000e+01  3.000000e+00
     vertex  6.116518e+00  3.969600e+01  3.000000e+00
   endloop
 endfacet
 facet normal -3.870489e-15 -3.996482e-16  1.000000e+00
   outer loop
     vertex  4.311545e+00  3.780221e+01  3.000000e+00
     vertex  4.306754e+00  3.784861e+01  3.000000e+00
     vertex  0.000000e+00  4.400000e+01  3.000000e+00
   endloop
 endfacet
 facet normal  0.000000e+00  0.000000e+00  1.000000e+00
   outer loop
     vertex  6.209364e+00  3.968706e+01  3.000000e+00
     vertex  0.000000e+00  4.400000e+01  3.000000e+00
     vertex  6.163002e+00  3.969217e+01  3.000000e+00
   endloop
 endfacet
 facet normal -4.061179e-15 -5.323028e-16  1.000000e+00
   outer loop
     vertex  4.317607e+00  3.775597e+01  3.000000e+00
     vertex  4.311545e+00  3.780221e+01  3.000000e+00
     vertex  0.000000e+00  4.400000e+01  3.000000e+00
   endloop
 endfacet
 facet normal  0.000000e+00  0.000000e+00  1.000000e+00
   outer loop
     vertex  6.255568e+00  3.968068e+01  3.000000e+00
     vertex  0.000000e+00  4.400000e+01  3.000000e+00
     vertex  6.209364e+00  3.968706e+01  3.000000e+00
   endloop
 endfacet
 facet normal -4.274895e-15 -6.800831e-16  1.000000e+00
   outer loop
     vertex  4.324935e+00  3.770990e+01  3.000000e+00
     vertex  4.317607e+00  3.775597e+01  3.000000e+00
     vertex  0.000000e+00  4.400000e+01  3.000000e+00
   endloop
 endfacet
 facet normal  0.000000e+00  0.000000e+00  1.000000e+00
   outer loop
     vertex  6.301580e+00  3.967304e+01  3.000000e+00
     vertex  0.000000e+00  4.400000e+01  3.000000e+00
     vertex  6.255568e+00  3.968068e+01  3.000000e+00
   endloop
 endfacet
 facet normal -4.516422e-15 -8.461518e-16  1.000000e+00
   outer loop
     vertex  4.333524e+00  3.766406e+01  3.000000e+00
     vertex  4.324935e+00  3.770990e+01  3.000000e+00
     vertex  0.000000e+00  4.400000e+01  3.000000e+00
   endloop
 endfacet
 facet normal  0.000000e+00  0.000000e+00  1.000000e+00
   outer loop
     vertex  6.347364e+00  3.966413e+01  3.000000e+00
     vertex  0.000000e+00  4.400000e+01  3.000000e+00
     vertex  6.301580e+00  3.967304e+01  3.000000e+00
   endloop
 endfacet
 facet normal -4.791955e-15 -1.034605e-15  1.000000e+00
   outer loop
     vertex  4.343367e+00  3.761847e+01  3.000000e+00
     vertex  4.333524e+00  3.766406e+01  3.000000e+00
     vertex  0.000000e+00  4.400000e+01  3.000000e+00
   endloop
 endfacet
 facet normal  0.000000e+00  0.000000e+00  1.000000e+00
   outer loop
     vertex  6.392887e+00  3.965398e+01  3.000000e+00
     vertex  0.000000e+00  4.400000e+01  3.000000e+00
     vertex  6.347364e+00  3.966413e+01  3.000000e+00
   endloop
 endfacet
 facet normal -5.109665e-15 -1.250843e-15  1.000000e+00
   outer loop
     vertex  4.354458e+00  3.757316e+01  3.000000e+00
     vertex  4.343367e+00  3.761847e+01  3.000000e+00
     vertex  0.000000e+00  4.400000e+01  3.000000e+00
   endloop
 endfacet
 facet normal  0.000000e+00  0.000000e+00  1.000000e+00
   outer loop
     vertex  6.438115e+00  3.964258e+01  3.000000e+00
     vertex  0.000000e+00  4.400000e+01  3.000000e+00
     vertex  6.392887e+00  3.965398e+01  3.000000e+00
   endloop
 endfacet
 facet normal -5.480560e-15 -1.502140e-15  1.000000e+00
   outer loop
     vertex  4.366787e+00  3.752818e+01  3.000000e+00
     vertex  4.354458e+00  3.757316e+01  3.000000e+00
     vertex  0.000000e+00  4.400000e+01  3.000000e+00
   endloop
 endfacet
 facet normal  0.000000e+00  0.000000e+00  1.000000e+00
   outer loop
     vertex  6.483012e+00  3.962994e+01  3.000000e+00
     vertex  0.000000e+00  4.400000e+01  3.000000e+00
     vertex  6.438115e+00  3.964258e+01  3.000000e+00
   endloop
 endfacet
 facet normal -5.919830e-15 -1.798533e-15  1.000000e+00
   outer loop
     vertex  4.380346e+00  3.748355e+01  3.000000e+00
     vertex  4.366787e+00  3.752818e+01  3.000000e+00
     vertex  0.000000e+00  4.400000e+01  3.000000e+00
   endloop
 endfacet
 facet normal  0.000000e+00  0.000000e+00  1.000000e+00
   outer loop
     vertex  6.527546e+00  3.961607e+01  3.000000e+00
     vertex  0.000000e+00  4.400000e+01  3.000000e+00
     vertex  6.483012e+00  3.962994e+01  3.000000e+00
   endloop
 endfacet
 facet normal -6.449040e-15 -2.154267e-15  1.000000e+00
   outer loop
     vertex  4.395123e+00  3.743931e+01  3.000000e+00
     vertex  4.380346e+00  3.748355e+01  3.000000e+00
     vertex  0.000000e+00  4.400000e+01  3.000000e+00
   endloop
 endfacet
 facet normal  0.000000e+00  0.000000e+00  1.000000e+00
   outer loop
     vertex  6.571683e+00  3.960099e+01  3.000000e+00
     vertex  0.000000e+00  4.400000e+01  3.000000e+00
     vertex  6.527546e+00  3.961607e+01  3.000000e+00
   endloop
 endfacet
 facet normal -7.099875e-15 -2.590273e-15  1.000000e+00
   outer loop
     vertex  4.411109e+00  3.739549e+01  3.000000e+00
     vertex  4.395123e+00  3.743931e+01  3.000000e+00
     vertex  0.000000e+00  4.400000e+01  3.000000e+00
   endloop
 endfacet
 facet normal  0.000000e+00  0.000000e+00  1.000000e+00
   outer loop
     vertex  6.615390e+00  3.958471e+01  3.000000e+00
     vertex  0.000000e+00  4.400000e+01  3.000000e+00
     vertex  6.571683e+00  3.960099e+01  3.000000e+00
   endloop
 endfacet
 facet normal -7.920863e-15 -3.138606e-15  1.000000e+00
   outer loop
     vertex  4.428291e+00  3.735213e+01  3.000000e+00
     vertex  4.411109e+00  3.739549e+01  3.000000e+00
     vertex  0.000000e+00  4.400000e+01  3.000000e+00
   endloop
 endfacet
 facet normal  0.000000e+00  0.000000e+00  1.000000e+00
   outer loop
     vertex  6.658633e+00  3.956723e+01  3.000000e+00
     vertex  0.000000e+00  4.400000e+01  3.000000e+00
     vertex  6.615390e+00  3.958471e+01  3.000000e+00
   endloop
 endfacet
 facet normal -8.990280e-15 -3.850968e-15  1.000000e+00
   outer loop
     vertex  4.446657e+00  3.730926e+01  3.000000e+00
     vertex  4.428291e+00  3.735213e+01  3.000000e+00
     vertex  0.000000e+00  4.400000e+01  3.000000e+00
   endloop
 endfacet
 facet normal  0.000000e+00  0.000000e+00  1.000000e+00
   outer loop
     vertex  6.701381e+00  3.954857e+01  3.000000e+00
     vertex  0.000000e+00  4.400000e+01  3.000000e+00
     vertex  6.658633e+00  3.956723e+01  3.000000e+00
   endloop
 endfacet
 facet normal -1.044308e-14 -4.816499e-15  1.000000e+00
   outer loop
     vertex  4.466191e+00  3.726690e+01  3.000000e+00
     vertex  4.446657e+00  3.730926e+01  3.000000e+00
     vertex  0.000000e+00  4.400000e+01  3.000000e+00
   endloop
 endfacet
 facet normal  0.000000e+00  0.000000e+00  1.000000e+00
   outer loop
     vertex  6.743600e+00  3.952874e+01  3.000000e+00
     vertex  0.000000e+00  4.400000e+01  3.000000e+00
     vertex  6.701381e+00  3.954857e+01  3.000000e+00
   endloop
 endfacet
 facet normal -1.253355e-14 -6.203145e-15  1.000000e+00
   outer loop
     vertex  4.486880e+00  3.722510e+01  3.000000e+00
     vertex  4.466191e+00  3.726690e+01  3.000000e+00
     vertex  0.000000e+00  4.400000e+01  3.000000e+00
   endloop
 endfacet
 facet normal  2.917660e-17 -2.126636e-15  1.000000e+00
   outer loop
     vertex  9.000000e+00  3.300000e+01  3.000000e+00
     vertex  6.046638e+00  3.630064e+01  3.000000e+00
     vertex  6.000000e+00  3.630000e+01  3.000000e+00
   endloop
 endfacet
 facet normal  8.549849e-17 -2.076240e-15  1.000000e+00
   outer loop
     vertex  9.000000e+00  3.300000e+01  3.000000e+00
     vertex  6.093241e+00  3.630256e+01  3.000000e+00
     vertex  6.046638e+00  3.630064e+01  3.000000e+00
   endloop
 endfacet
 facet normal  1.393825e-16 -2.028813e-15  1.000000e+00
   outer loop
     vertex  9.000000e+00  3.300000e+01  3.000000e+00
     vertex  6.139773e+00  3.630576e+01  3.000000e+00
     vertex  6.093241e+00  3.630256e+01  3.000000e+00
   endloop
 endfacet
 facet normal  1.911186e-16 -1.984050e-15  1.000000e+00
   outer loop
     vertex  9.000000e+00  3.300000e+01  3.000000e+00
     vertex  6.186201e+00  3.631023e+01  3.000000e+00
     vertex  6.139773e+00  3.630576e+01  3.000000e+00
   endloop
 endfacet
 facet normal  2.409625e-16 -1.941681e-15  1.000000e+00
   outer loop
     vertex  9.000000e+00  3.300000e+01  3.000000e+00
     vertex  6.232488e+00  3.631597e+01  3.000000e+00
     vertex  6.186201e+00  3.631023e+01  3.000000e+00
   endloop
 endfacet
 facet normal  2.891419e-16 -1.901471e-15  1.000000e+00
   outer loop
     vertex  9.000000e+00  3.300000e+01  3.000000e+00
     vertex  6.278600e+00  3.632298e+01  3.000000e+00
     vertex  6.232488e+00  3.631597e+01  3.000000e+00
   endloop
 endfacet
 facet normal -4.074193e-15 -6.462933e-15  1.000000e+00
   outer loop
     vertex  9.000000e+00  3.300000e+01  3.000000e+00
     vertex  5.113244e+00  3.654960e+01  3.000000e+00
     vertex  5.073788e+00  3.657447e+01  3.000000e+00
   endloop
 endfacet
 facet normal  3.358602e-16 -1.863210e-15  1.000000e+00
   outer loop
     vertex  9.000000e+00  3.300000e+01  3.000000e+00
     vertex  6.324502e+00  3.633126e+01  3.000000e+00
     vertex  6.278600e+00  3.632298e+01  3.000000e+00
   endloop
 endfacet
 facet normal -3.380070e-15 -5.702879e-15  1.000000e+00
   outer loop
     vertex  9.000000e+00  3.300000e+01  3.000000e+00
     vertex  5.153368e+00  3.652582e+01  3.000000e+00
     vertex  5.113244e+00  3.654960e+01  3.000000e+00
   endloop
 endfacet
 facet normal  3.813009e-16 -1.826714e-15  1.000000e+00
   outer loop
     vertex  9.000000e+00  3.300000e+01  3.000000e+00
     vertex  6.370161e+00  3.634079e+01  3.000000e+00
     vertex  6.324502e+00  3.633126e+01  3.000000e+00
   endloop
 endfacet
 facet normal -2.850786e-15 -5.125436e-15  1.000000e+00
   outer loop
     vertex  9.000000e+00  3.300000e+01  3.000000e+00
     vertex  5.194130e+00  3.650315e+01  3.000000e+00
     vertex  5.153368e+00  3.652582e+01  3.000000e+00
   endloop
 endfacet
 facet normal  4.256305e-16 -1.791819e-15  1.000000e+00
   outer loop
     vertex  9.000000e+00  3.300000e+01  3.000000e+00
     vertex  6.415540e+00  3.635157e+01  3.000000e+00
     vertex  6.370161e+00  3.634079e+01  3.000000e+00
   endloop
 endfacet
 facet normal -2.432965e-15 -4.671509e-15  1.000000e+00
   outer loop
     vertex  9.000000e+00  3.300000e+01  3.000000e+00
     vertex  5.235498e+00  3.648160e+01  3.000000e+00
     vertex  5.194130e+00  3.650315e+01  3.000000e+00
   endloop
 endfacet
 facet normal  4.690011e-16 -1.758375e-15  1.000000e+00
   outer loop
     vertex  9.000000e+00  3.300000e+01  3.000000e+00
     vertex  6.460607e+00  3.636359e+01  3.000000e+00
     vertex  6.415540e+00  3.635157e+01  3.000000e+00
   endloop
 endfacet
 facet normal -2.094013e-15 -4.305015e-15  1.000000e+00
   outer loop
     vertex  9.000000e+00  3.300000e+01  3.000000e+00
     vertex  5.277442e+00  3.646120e+01  3.000000e+00
     vertex  5.235498e+00  3.648160e+01  3.000000e+00
   endloop
 endfacet
 facet normal  5.115530e-16 -1.726249e-15  1.000000e+00
   outer loop
     vertex  9.000000e+00  3.300000e+01  3.000000e+00
     vertex  6.505327e+00  3.637684e+01  3.000000e+00
     vertex  6.460607e+00  3.636359e+01  3.000000e+00
   endloop
 endfacet
 facet normal -1.812898e-15 -4.002673e-15  1.000000e+00
   outer loop
     vertex  9.000000e+00  3.300000e+01  3.000000e+00
     vertex  5.319929e+00  3.644196e+01  3.000000e+00
     vertex  5.277442e+00  3.646120e+01  3.000000e+00
   endloop
 endfacet
 facet normal  5.534162e-16 -1.695323e-15  1.000000e+00
   outer loop
     vertex  9.000000e+00  3.300000e+01  3.000000e+00
     vertex  6.549667e+00  3.639132e+01  3.000000e+00
     vertex  6.505327e+00  3.637684e+01  3.000000e+00
   endloop
 endfacet
 facet normal -1.575443e-15 -3.748791e-15  1.000000e+00
   outer loop
     vertex  9.000000e+00  3.300000e+01  3.000000e+00
     vertex  5.362929e+00  3.642388e+01  3.000000e+00
     vertex  5.319929e+00  3.644196e+01  3.000000e+00
   endloop
 endfacet
 facet normal  5.947122e-16 -1.665485e-15  1.000000e+00
   outer loop
     vertex  9.000000e+00  3.300000e+01  3.000000e+00
     vertex  6.593592e+00  3.640700e+01  3.000000e+00
     vertex  6.549667e+00  3.639132e+01  3.000000e+00
   endloop
 endfacet
 facet normal -1.371740e-15 -3.532404e-15  1.000000e+00
   outer loop
     vertex  9.000000e+00  3.300000e+01  3.000000e+00
     vertex  5.406408e+00  3.640700e+01  3.000000e+00
     vertex  5.362929e+00  3.642388e+01  3.000000e+00
   endloop
 endfacet
 facet normal  6.355558e-16 -1.636637e-15  1.000000e+00
   outer loop
     vertex  9.000000e+00  3.300000e+01  3.000000e+00
     vertex  6.637071e+00  3.642388e+01  3.000000e+00
     vertex  6.593592e+00  3.640700e+01  3.000000e+00
   endloop
 endfacet
 facet normal -1.194656e-15 -3.345622e-15  1.000000e+00
   outer loop
     vertex  9.000000e+00  3.300000e+01  3.000000e+00
     vertex  5.450333e+00  3.639132e+01  3.000000e+00
     vertex  5.406408e+00  3.640700e+01  3.000000e+00
   endloop
 endfacet
 facet normal  6.760562e-16 -1.608686e-15  1.000000e+00
   outer loop
     vertex  9.000000e+00  3.300000e+01  3.000000e+00
     vertex  6.680071e+00  3.644196e+01  3.000000e+00
     vertex  6.637071e+00  3.642388e+01  3.000000e+00
   endloop
 endfacet
 facet normal -1.038925e-15 -3.182619e-15  1.000000e+00
   outer loop
     vertex  9.000000e+00  3.300000e+01  3.000000e+00
     vertex  5.494673e+00  3.637684e+01  3.000000e+00
     vertex  5.450333e+00  3.639132e+01  3.000000e+00
   endloop
 endfacet
 facet normal  7.163181e-16 -1.581549e-15  1.000000e+00
   outer loop
     vertex  9.000000e+00  3.300000e+01  3.000000e+00
     vertex  6.722558e+00  3.646120e+01  3.000000e+00
     vertex  6.680071e+00  3.644196e+01  3.000000e+00
   endloop
 endfacet
 facet normal -9.005710e-16 -3.039001e-15  1.000000e+00
   outer loop
     vertex  9.000000e+00  3.300000e+01  3.000000e+00
     vertex  5.539393e+00  3.636359e+01  3.000000e+00
     vertex  5.494673e+00  3.637684e+01  3.000000e+00
   endloop
 endfacet
 facet normal  7.564429e-16 -1.555147e-15  1.000000e+00
   outer loop
     vertex  9.000000e+00  3.300000e+01  3.000000e+00
     vertex  6.764502e+00  3.648160e+01  3.000000e+00
     vertex  6.722558e+00  3.646120e+01  3.000000e+00
   endloop
 endfacet
 facet normal -7.765386e-16 -2.911391e-15  1.000000e+00
   outer loop
     vertex  9.000000e+00  3.300000e+01  3.000000e+00
     vertex  5.584460e+00  3.635157e+01  3.000000e+00
     vertex  5.539393e+00  3.636359e+01  3.000000e+00
   endloop
 endfacet
 facet normal  7.965297e-16 -1.529408e-15  1.000000e+00
   outer loop
     vertex  9.000000e+00  3.300000e+01  3.000000e+00
     vertex  6.805870e+00  3.650315e+01  3.000000e+00
     vertex  6.764502e+00  3.648160e+01  3.000000e+00
   endloop
 endfacet
 facet normal -6.644382e-16 -2.797151e-15  1.000000e+00
   outer loop
     vertex  9.000000e+00  3.300000e+01  3.000000e+00
     vertex  5.629839e+00  3.634079e+01  3.000000e+00
     vertex  5.584460e+00  3.635157e+01  3.000000e+00
   endloop
 endfacet
 facet normal  8.366763e-16 -1.504263e-15  1.000000e+00
   outer loop
     vertex  9.000000e+00  3.300000e+01  3.000000e+00
     vertex  6.846632e+00  3.652582e+01  3.000000e+00
     vertex  6.805870e+00  3.650315e+01  3.000000e+00
   endloop
 endfacet
 facet normal -5.623740e-16 -2.694189e-15  1.000000e+00
   outer loop
     vertex  9.000000e+00  3.300000e+01  3.000000e+00
     vertex  5.675498e+00  3.633126e+01  3.000000e+00
     vertex  5.629839e+00  3.634079e+01  3.000000e+00
   endloop
 endfacet
 facet normal  8.769800e-16 -1.479647e-15  1.000000e+00
   outer loop
     vertex  9.000000e+00  3.300000e+01  3.000000e+00
     vertex  6.886756e+00  3.654960e+01  3.000000e+00
     vertex  6.846632e+00  3.652582e+01  3.000000e+00
   endloop
 endfacet
 facet normal -4.688222e-16 -2.600827e-15  1.000000e+00
   outer loop
     vertex  9.000000e+00  3.300000e+01  3.000000e+00
     vertex  5.721400e+00  3.632298e+01  3.000000e+00
     vertex  5.675498e+00  3.633126e+01  3.000000e+00
   endloop
 endfacet
 facet normal  9.175387e-16 -1.455501e-15  1.000000e+00
   outer loop
     vertex  9.000000e+00  3.300000e+01  3.000000e+00
     vertex  6.926212e+00  3.657447e+01  3.000000e+00
     vertex  6.886756e+00  3.654960e+01  3.000000e+00
   endloop
 endfacet
 facet normal -3.825431e-16 -2.515701e-15  1.000000e+00
   outer loop
     vertex  9.000000e+00  3.300000e+01  3.000000e+00
     vertex  5.767512e+00  3.631597e+01  3.000000e+00
     vertex  5.721400e+00  3.632298e+01  3.000000e+00
   endloop
 endfacet
 facet normal  9.584514e-16 -1.431765e-15  1.000000e+00
   outer loop
     vertex  9.000000e+00  3.300000e+01  3.000000e+00
     vertex  6.964972e+00  3.660042e+01  3.000000e+00
     vertex  6.926212e+00  3.657447e+01  3.000000e+00
   endloop
 endfacet
 facet normal -3.025172e-16 -2.437689e-15  1.000000e+00
   outer loop
     vertex  9.000000e+00  3.300000e+01  3.000000e+00
     vertex  5.813799e+00  3.631023e+01  3.000000e+00
     vertex  5.767512e+00  3.631597e+01  3.000000e+00
   endloop
 endfacet
 facet normal  9.998196e-16 -1.408383e-15  1.000000e+00
   outer loop
     vertex  9.000000e+00  3.300000e+01  3.000000e+00
     vertex  7.003005e+00  3.662742e+01  3.000000e+00
     vertex  6.964972e+00  3.660042e+01  3.000000e+00
   endloop
 endfacet
 facet normal -2.278980e-16 -2.365866e-15  1.000000e+00
   outer loop
     vertex  9.000000e+00  3.300000e+01  3.000000e+00
     vertex  5.860227e+00  3.630576e+01  3.000000e+00
     vertex  5.813799e+00  3.631023e+01  3.000000e+00
   endloop
 endfacet
 facet normal  1.041748e-15 -1.385300e-15  1.000000e+00
   outer loop
     vertex  9.000000e+00  3.300000e+01  3.000000e+00
     vertex  7.040283e+00  3.665545e+01  3.000000e+00
     vertex  7.003005e+00  3.662742e+01  3.000000e+00
   endloop
 endfacet
 facet normal -1.579760e-16 -2.299455e-15  1.000000e+00
   outer loop
     vertex  9.000000e+00  3.300000e+01  3.000000e+00
     vertex  5.906759e+00  3.630256e+01  3.000000e+00
     vertex  5.860227e+00  3.630576e+01  3.000000e+00
   endloop
 endfacet
 facet normal  1.084346e-15 -1.362463e-15  1.000000e+00
   outer loop
     vertex  9.000000e+00  3.300000e+01  3.000000e+00
     vertex  7.076778e+00  3.668450e+01  3.000000e+00
     vertex  7.040283e+00  3.665545e+01  3.000000e+00
   endloop
 endfacet
 facet normal -9.215156e-17 -2.237802e-15  1.000000e+00
   outer loop
     vertex  9.000000e+00  3.300000e+01  3.000000e+00
     vertex  5.953362e+00  3.630064e+01  3.000000e+00
     vertex  5.906759e+00  3.630256e+01  3.000000e+00
   endloop
 endfacet
 facet normal  1.127726e-15 -1.339819e-15  1.000000e+00
   outer loop
     vertex  9.000000e+00  3.300000e+01  3.000000e+00
     vertex  7.112462e+00  3.671453e+01  3.000000e+00
     vertex  7.076778e+00  3.668450e+01  3.000000e+00
   endloop
 endfacet
 facet normal -2.991360e-17 -2.180354e-15  1.000000e+00
   outer loop
     vertex  9.000000e+00  3.300000e+01  3.000000e+00
     vertex  6.000000e+00  3.630000e+01  3.000000e+00
     vertex  5.953362e+00  3.630064e+01  3.000000e+00
   endloop
 endfacet
 facet normal  1.172012e-15 -1.317316e-15  1.000000e+00
   outer loop
     vertex  9.000000e+00  3.300000e+01  3.000000e+00
     vertex  7.147309e+00  3.674553e+01  3.000000e+00
     vertex  7.112462e+00  3.671453e+01  3.000000e+00
   endloop
 endfacet
 facet normal  1.217330e-15 -1.294900e-15  1.000000e+00
   outer loop
     vertex  9.000000e+00  3.300000e+01  3.000000e+00
     vertex  7.181292e+00  3.677748e+01  3.000000e+00
     vertex  7.147309e+00  3.674553e+01  3.000000e+00
   endloop
 endfacet
 facet normal  1.263818e-15 -1.272517e-15  1.000000e+00
   outer loop
     vertex  9.000000e+00  3.300000e+01  3.000000e+00
     vertex  7.214386e+00  3.681035e+01  3.000000e+00
     vertex  7.181292e+00  3.677748e+01  3.000000e+00
   endloop
 endfacet
 facet normal  1.311627e-15 -1.250113e-15  1.000000e+00
   outer loop
     vertex  9.000000e+00  3.300000e+01  3.000000e+00
     vertex  7.246566e+00  3.684411e+01  3.000000e+00
     vertex  7.214386e+00  3.681035e+01  3.000000e+00
   endloop
 endfacet
 facet normal  1.360916e-15 -1.227630e-15  1.000000e+00
   outer loop
     vertex  9.000000e+00  3.300000e+01  3.000000e+00
     vertex  7.277807e+00  3.687875e+01  3.000000e+00
     vertex  7.246566e+00  3.684411e+01  3.000000e+00
   endloop
 endfacet
 facet normal  1.411864e-15 -1.205009e-15  1.000000e+00
   outer loop
     vertex  9.000000e+00  3.300000e+01  3.000000e+00
     vertex  7.308087e+00  3.691422e+01  3.000000e+00
     vertex  7.277807e+00  3.687875e+01  3.000000e+00
   endloop
 endfacet
 facet normal  1.464665e-15 -1.182186e-15  1.000000e+00
   outer loop
     vertex  9.000000e+00  3.300000e+01  3.000000e+00
     vertex  7.337382e+00  3.695052e+01  3.000000e+00
     vertex  7.308087e+00  3.691422e+01  3.000000e+00
   endloop
 endfacet
 facet normal  1.519533e-15 -1.159094e-15  1.000000e+00
   outer loop
     vertex  9.000000e+00  3.300000e+01  3.000000e+00
     vertex  7.365670e+00  3.698760e+01  3.000000e+00
     vertex  7.337382e+00  3.695052e+01  3.000000e+00
   endloop
 endfacet
 facet normal  1.576708e-15 -1.135661e-15  1.000000e+00
   outer loop
     vertex  9.000000e+00  3.300000e+01  3.000000e+00
     vertex  7.392930e+00  3.702545e+01  3.000000e+00
     vertex  7.365670e+00  3.698760e+01  3.000000e+00
   endloop
 endfacet
 facet normal  1.636458e-15 -1.111807e-15  1.000000e+00
   outer loop
     vertex  9.000000e+00  3.300000e+01  3.000000e+00
     vertex  7.419142e+00  3.706403e+01  3.000000e+00
     vertex  7.392930e+00  3.702545e+01  3.000000e+00
   endloop
 endfacet
 facet normal  1.699081e-15 -1.087447e-15  1.000000e+00
   outer loop
     vertex  9.000000e+00  3.300000e+01  3.000000e+00
     vertex  7.444285e+00  3.710332e+01  3.000000e+00
     vertex  7.419142e+00  3.706403e+01  3.000000e+00
   endloop
 endfacet
 facet normal  1.764920e-15 -1.062486e-15  1.000000e+00
   outer loop
     vertex  9.000000e+00  3.300000e+01  3.000000e+00
     vertex  7.468341e+00  3.714328e+01  3.000000e+00
     vertex  7.444285e+00  3.710332e+01  3.000000e+00
   endloop
 endfacet
 facet normal  1.834359e-15 -1.036816e-15  1.000000e+00
   outer loop
     vertex  9.000000e+00  3.300000e+01  3.000000e+00
     vertex  7.491292e+00  3.718388e+01  3.000000e+00
     vertex  7.468341e+00  3.714328e+01  3.000000e+00
   endloop
 endfacet
 facet normal  1.907842e-15 -1.010318e-15  1.000000e+00
   outer loop
     vertex  9.000000e+00  3.300000e+01  3.000000e+00
     vertex  7.513120e+00  3.722510e+01  3.000000e+00
     vertex  7.491292e+00  3.718388e+01  3.000000e+00
   endloop
 endfacet
 facet normal  1.985876e-15 -9.828563e-16  1.000000e+00
   outer loop
     vertex  9.000000e+00  3.300000e+01  3.000000e+00
     vertex  7.533809e+00  3.726690e+01  3.000000e+00
     vertex  7.513120e+00  3.722510e+01  3.000000e+00
   endloop
 endfacet
 facet normal  2.069051e-15 -9.542759e-16  1.000000e+00
   outer loop
     vertex  9.000000e+00  3.300000e+01  3.000000e+00
     vertex  7.553343e+00  3.730926e+01  3.000000e+00
     vertex  7.533809e+00  3.726690e+01  3.000000e+00
   endloop
 endfacet
 facet normal  2.158052e-15 -9.243973e-16  1.000000e+00
   outer loop
     vertex  9.000000e+00  3.300000e+01  3.000000e+00
     vertex  7.571709e+00  3.735213e+01  3.000000e+00
     vertex  7.553343e+00  3.730926e+01  3.000000e+00
   endloop
 endfacet
 facet normal  2.253685e-15 -8.930124e-16  1.000000e+00
   outer loop
     vertex  9.000000e+00  3.300000e+01  3.000000e+00
     vertex  7.588891e+00  3.739549e+01  3.000000e+00
     vertex  7.571709e+00  3.735213e+01  3.000000e+00
   endloop
 endfacet
 facet normal  2.356901e-15 -8.598765e-16  1.000000e+00
   outer loop
     vertex  9.000000e+00  3.300000e+01  3.000000e+00
     vertex  7.604877e+00  3.743931e+01  3.000000e+00
     vertex  7.588891e+00  3.739549e+01  3.000000e+00
   endloop
 endfacet
 facet normal  2.468833e-15 -8.247001e-16  1.000000e+00
   outer loop
     vertex  9.000000e+00  3.300000e+01  3.000000e+00
     vertex  7.619654e+00  3.748355e+01  3.000000e+00
     vertex  7.604877e+00  3.743931e+01  3.000000e+00
   endloop
 endfacet
 facet normal  2.590843e-15 -7.871368e-16  1.000000e+00
   outer loop
     vertex  9.000000e+00  3.300000e+01  3.000000e+00
     vertex  7.633213e+00  3.752818e+01  3.000000e+00
     vertex  7.619654e+00  3.748355e+01  3.000000e+00
   endloop
 endfacet
 facet normal  2.724585e-15 -7.467683e-16  1.000000e+00
   outer loop
     vertex  9.000000e+00  3.300000e+01  3.000000e+00
     vertex  7.645542e+00  3.757316e+01  3.000000e+00
     vertex  7.633213e+00  3.752818e+01  3.000000e+00
   endloop
 endfacet
 facet normal  2.872081e-15 -7.030837e-16  1.000000e+00
   outer loop
     vertex  9.000000e+00  3.300000e+01  3.000000e+00
     vertex  7.656633e+00  3.761847e+01  3.000000e+00
     vertex  7.645542e+00  3.757316e+01  3.000000e+00
   endloop
 endfacet
 facet normal  3.035839e-15 -6.554514e-16  1.000000e+00
   outer loop
     vertex  9.000000e+00  3.300000e+01  3.000000e+00
     vertex  7.666476e+00  3.766406e+01  3.000000e+00
     vertex  7.656633e+00  3.761847e+01  3.000000e+00
   endloop
 endfacet
 facet normal  3.219007e-15 -6.030810e-16  1.000000e+00
   outer loop
     vertex  9.000000e+00  3.300000e+01  3.000000e+00
     vertex  7.675065e+00  3.770990e+01  3.000000e+00
     vertex  7.666476e+00  3.766406e+01  3.000000e+00
   endloop
 endfacet
 facet normal  3.425586e-15 -5.449685e-16  1.000000e+00
   outer loop
     vertex  9.000000e+00  3.300000e+01  3.000000e+00
     vertex  7.682393e+00  3.775597e+01  3.000000e+00
     vertex  7.675065e+00  3.770990e+01  3.000000e+00
   endloop
 endfacet
 facet normal  3.660750e-15 -4.798182e-16  1.000000e+00
   outer loop
     vertex  9.000000e+00  3.300000e+01  3.000000e+00
     vertex  7.688455e+00  3.780221e+01  3.000000e+00
     vertex  7.682393e+00  3.775597e+01  3.000000e+00
   endloop
 endfacet
 facet normal  3.931301e-15 -4.059273e-16  1.000000e+00
   outer loop
     vertex  9.000000e+00  3.300000e+01  3.000000e+00
     vertex  7.693246e+00  3.784861e+01  3.000000e+00
     vertex  7.688455e+00  3.780221e+01  3.000000e+00
   endloop
 endfacet
 facet normal  4.246374e-15 -3.210115e-16  1.000000e+00
   outer loop
     vertex  9.000000e+00  3.300000e+01  3.000000e+00
     vertex  7.696762e+00  3.789512e+01  3.000000e+00
     vertex  7.693246e+00  3.784861e+01  3.000000e+00
   endloop
 endfacet
 facet normal  4.618528e-15 -2.219320e-16  1.000000e+00
   outer loop
     vertex  9.000000e+00  3.300000e+01  3.000000e+00
     vertex  7.699000e+00  3.794171e+01  3.000000e+00
     vertex  7.696762e+00  3.789512e+01  3.000000e+00
   endloop
 endfacet
 facet normal  5.065518e-15 -1.042535e-16  1.000000e+00
   outer loop
     vertex  9.000000e+00  3.300000e+01  3.000000e+00
     vertex  7.699960e+00  3.798834e+01  3.000000e+00
     vertex  7.699000e+00  3.794171e+01  3.000000e+00
   endloop
 endfacet
 facet normal  5.613289e-15  3.850424e-17  1.000000e+00
   outer loop
     vertex  9.000000e+00  3.300000e+01  3.000000e+00
     vertex  7.699640e+00  3.803498e+01  3.000000e+00
     vertex  7.699960e+00  3.798834e+01  3.000000e+00
   endloop
 endfacet
 facet normal  6.301327e-15  2.162005e-16  1.000000e+00
   outer loop
     vertex  9.000000e+00  3.300000e+01  3.000000e+00
     vertex  7.698041e+00  3.808160e+01  3.000000e+00
     vertex  7.699640e+00  3.803498e+01  3.000000e+00
   endloop
 endfacet
 facet normal  7.192812e-15  4.446085e-16  1.000000e+00
   outer loop
     vertex  9.000000e+00  3.300000e+01  3.000000e+00
     vertex  7.695163e+00  3.812815e+01  3.000000e+00
     vertex  7.698041e+00  3.808160e+01  3.000000e+00
   endloop
 endfacet
 facet normal -2.385053e-16 -2.401469e-16  1.000000e+00
   outer loop
     vertex  4.802048e+00  7.206197e+00  3.000000e+00
     vertex  4.818708e+00  3.677748e+01  3.000000e+00
     vertex  4.785614e+00  3.681035e+01  3.000000e+00
   endloop
 endfacet
 facet normal  0.000000e+00  0.000000e+00  1.000000e+00
   outer loop
     vertex  3.680205e+01  3.920620e+01  3.000000e+00
     vertex  7.197952e+00  3.920620e+01  3.000000e+00
     vertex  7.230592e+00  3.917288e+01  3.000000e+00
   endloop
 endfacet
 facet normal  0.000000e+00  0.000000e+00  1.000000e+00
   outer loop
     vertex  3.680205e+01  3.920620e+01  3.000000e+00
     vertex  7.164410e+00  3.923861e+01  3.000000e+00
     vertex  7.197952e+00  3.920620e+01  3.000000e+00
   endloop
 endfacet
 facet normal -2.513975e-16 -2.396073e-16  1.000000e+00
   outer loop
     vertex  4.769408e+00  7.172879e+00  3.000000e+00
     vertex  4.785614e+00  3.681035e+01  3.000000e+00
     vertex  4.753434e+00  3.684411e+01  3.000000e+00
   endloop
 endfacet
 facet normal  2.448664e-16 -2.398786e-16  1.000000e+00
   outer loop
     vertex  4.769408e+00  7.172879e+00  3.000000e+00
     vertex  4.802048e+00  7.206197e+00  3.000000e+00
     vertex  4.785614e+00  3.681035e+01  3.000000e+00
   endloop
 endfacet
 facet normal  0.000000e+00 -0.000000e+00  1.000000e+00
   outer loop
     vertex  3.676941e+01  3.917288e+01  3.000000e+00
     vertex  3.680205e+01  3.920620e+01  3.000000e+00
     vertex  7.230592e+00  3.917288e+01  3.000000e+00
   endloop
 endfacet
 facet normal  0.000000e+00  0.000000e+00  1.000000e+00
   outer loop
     vertex  3.683559e+01  3.923861e+01  3.000000e+00
     vertex  7.164410e+00  3.923861e+01  3.000000e+00
     vertex  3.680205e+01  3.920620e+01  3.000000e+00
   endloop
 endfacet
 facet normal -2.262568e-16 -2.406743e-16  1.000000e+00
   outer loop
     vertex  4.835590e+00  7.238608e+00  3.000000e+00
     vertex  4.852691e+00  3.674553e+01  3.000000e+00
     vertex  4.818708e+00  3.677748e+01  3.000000e+00
   endloop
 endfacet
 facet normal  2.323050e-16 -2.404122e-16  1.000000e+00
   outer loop
     vertex  4.835590e+00  7.238608e+00  3.000000e+00
     vertex  4.818708e+00  3.677748e+01  3.000000e+00
     vertex  4.802048e+00  7.206197e+00  3.000000e+00
   endloop
 endfacet
 facet normal  0.000000e+00 -0.000000e+00  1.000000e+00
   outer loop
     vertex  3.673769e+01  3.913868e+01  3.000000e+00
     vertex  3.676941e+01  3.917288e+01  3.000000e+00
     vertex  7.230592e+00  3.917288e+01  3.000000e+00
   endloop
 endfacet
 facet normal  0.000000e+00  0.000000e+00  1.000000e+00
   outer loop
     vertex  3.673769e+01  3.913868e+01  3.000000e+00
     vertex  7.230592e+00  3.917288e+01  3.000000e+00
     vertex  7.262305e+00  3.913868e+01  3.000000e+00
   endloop
 endfacet
 facet normal -2.650105e-16 -2.390558e-16  1.000000e+00
   outer loop
     vertex  4.737695e+00  7.138677e+00  3.000000e+00
     vertex  4.753434e+00  3.684411e+01  3.000000e+00
     vertex  4.722193e+00  3.687875e+01  3.000000e+00
   endloop
 endfacet
 facet normal  2.581086e-16 -2.393330e-16  1.000000e+00
   outer loop
     vertex  4.737695e+00  7.138677e+00  3.000000e+00
     vertex  4.769408e+00  7.172879e+00  3.000000e+00
     vertex  4.753434e+00  3.684411e+01  3.000000e+00
   endloop
 endfacet
 facet normal  0.000000e+00  0.000000e+00  1.000000e+00
   outer loop
     vertex  3.687001e+01  3.927009e+01  3.000000e+00
     vertex  7.164410e+00  3.923861e+01  3.000000e+00
     vertex  3.683559e+01  3.923861e+01  3.000000e+00
   endloop
 endfacet
 facet normal  0.000000e+00  0.000000e+00  1.000000e+00
   outer loop
     vertex  3.687001e+01  3.927009e+01  3.000000e+00
     vertex  7.129992e+00  3.927009e+01  3.000000e+00
     vertex  7.164410e+00  3.923861e+01  3.000000e+00
   endloop
 endfacet
 facet normal -2.145848e-16 -2.411886e-16  1.000000e+00
   outer loop
     vertex  4.870008e+00  7.270086e+00  3.000000e+00
     vertex  4.887538e+00  3.671453e+01  3.000000e+00
     vertex  4.852691e+00  3.674553e+01  3.000000e+00
   endloop
 endfacet
 facet normal  2.203526e-16 -2.409331e-16  1.000000e+00
   outer loop
     vertex  4.870008e+00  7.270086e+00  3.000000e+00
     vertex  4.852691e+00  3.674553e+01  3.000000e+00
     vertex  4.835590e+00  7.238608e+00  3.000000e+00
   endloop
 endfacet
 facet normal  0.000000e+00  0.000000e+00  1.000000e+00
   outer loop
     vertex  3.670693e+01  3.910362e+01  3.000000e+00
     vertex  7.262305e+00  3.913868e+01  3.000000e+00
     vertex  7.293069e+00  3.910362e+01  3.000000e+00
   endloop
 endfacet
 facet normal  0.000000e+00 -0.000000e+00  1.000000e+00
   outer loop
     vertex  3.670693e+01  3.910362e+01  3.000000e+00
     vertex  3.673769e+01  3.913868e+01  3.000000e+00
     vertex  7.262305e+00  3.913868e+01  3.000000e+00
   endloop
 endfacet
 facet normal -2.794336e-16 -2.384931e-16  1.000000e+00
   outer loop
     vertex  4.706931e+00  7.103618e+00  3.000000e+00
     vertex  4.722193e+00  3.687875e+01  3.000000e+00
     vertex  4.691913e+00  3.691422e+01  3.000000e+00
   endloop
 endfacet
 facet normal  2.721147e-16 -2.387758e-16  1.000000e+00
   outer loop
     vertex  4.706931e+00  7.103618e+00  3.000000e+00
     vertex  4.737695e+00  7.138677e+00  3.000000e+00
     vertex  4.722193e+00  3.687875e+01  3.000000e+00
   endloop
 endfacet
 facet normal  0.000000e+00  0.000000e+00  1.000000e+00
   outer loop
     vertex  3.690528e+01  3.930061e+01  3.000000e+00
     vertex  7.129992e+00  3.927009e+01  3.000000e+00
     vertex  3.687001e+01  3.927009e+01  3.000000e+00
   endloop
 endfacet
 facet normal  0.000000e+00  0.000000e+00  1.000000e+00
   outer loop
     vertex  3.690528e+01  3.930061e+01  3.000000e+00
     vertex  7.094723e+00  3.930061e+01  3.000000e+00
     vertex  7.129992e+00  3.927009e+01  3.000000e+00
   endloop
 endfacet
 facet normal -2.034302e-16 -2.416895e-16  1.000000e+00
   outer loop
     vertex  4.905277e+00  7.300608e+00  3.000000e+00
     vertex  4.923222e+00  3.668450e+01  3.000000e+00
     vertex  4.887538e+00  3.671453e+01  3.000000e+00
   endloop
 endfacet
 facet normal  2.089462e-16 -2.414408e-16  1.000000e+00
   outer loop
     vertex  4.905277e+00  7.300608e+00  3.000000e+00
     vertex  4.887538e+00  3.671453e+01  3.000000e+00
     vertex  4.870008e+00  7.270086e+00  3.000000e+00
   endloop
 endfacet
 facet normal  0.000000e+00 -0.000000e+00  1.000000e+00
   outer loop
     vertex  3.667714e+01  3.906773e+01  3.000000e+00
     vertex  3.670693e+01  3.910362e+01  3.000000e+00
     vertex  7.293069e+00  3.910362e+01  3.000000e+00
   endloop
 endfacet
 facet normal  0.000000e+00  0.000000e+00  1.000000e+00
   outer loop
     vertex  3.667714e+01  3.906773e+01  3.000000e+00
     vertex  7.293069e+00  3.910362e+01  3.000000e+00
     vertex  7.322859e+00  3.906773e+01  3.000000e+00
   endloop
 endfacet
 facet normal  2.869805e-16 -2.382078e-16  1.000000e+00
   outer loop
     vertex  4.677141e+00  7.067729e+00  3.000000e+00
     vertex  4.706931e+00  7.103618e+00  3.000000e+00
     vertex  4.691913e+00  3.691422e+01  3.000000e+00
   endloop
 endfacet
 facet normal -2.947699e-16 -2.379198e-16  1.000000e+00
   outer loop
     vertex  4.677141e+00  7.067729e+00  3.000000e+00
     vertex  4.691913e+00  3.691422e+01  3.000000e+00
     vertex  4.662618e+00  3.695052e+01  3.000000e+00
   endloop
 endfacet
 facet normal  0.000000e+00  0.000000e+00  1.000000e+00
   outer loop
     vertex  3.694137e+01  3.933015e+01  3.000000e+00
     vertex  7.094723e+00  3.930061e+01  3.000000e+00
     vertex  3.690528e+01  3.930061e+01  3.000000e+00
   endloop
 endfacet
 facet normal  0.000000e+00  0.000000e+00  1.000000e+00
   outer loop
     vertex  3.694137e+01  3.933015e+01  3.000000e+00
     vertex  7.058630e+00  3.933015e+01  3.000000e+00
     vertex  7.094723e+00  3.930061e+01  3.000000e+00
   endloop
 endfacet
 facet normal -1.927412e-16 -2.421763e-16  1.000000e+00
   outer loop
     vertex  4.941370e+00  7.330152e+00  3.000000e+00
     vertex  4.959717e+00  3.665545e+01  3.000000e+00
     vertex  4.923222e+00  3.668450e+01  3.000000e+00
   endloop
 endfacet
 facet normal  1.980305e-16 -2.419347e-16  1.000000e+00
   outer loop
     vertex  4.941370e+00  7.330152e+00  3.000000e+00
     vertex  4.923222e+00  3.668450e+01  3.000000e+00
     vertex  4.905277e+00  7.300608e+00  3.000000e+00
   endloop
 endfacet
 facet normal  3.028175e-16 -2.376294e-16  1.000000e+00
   outer loop
     vertex  4.648347e+00  7.031036e+00  3.000000e+00
     vertex  4.677141e+00  7.067729e+00  3.000000e+00
     vertex  4.662618e+00  3.695052e+01  3.000000e+00
   endloop
 endfacet
 facet normal -3.111403e-16 -2.373365e-16  1.000000e+00
   outer loop
     vertex  4.648347e+00  7.031036e+00  3.000000e+00
     vertex  4.662618e+00  3.695052e+01  3.000000e+00
     vertex  4.634330e+00  3.698760e+01  3.000000e+00
   endloop
 endfacet
 facet normal  0.000000e+00 -0.000000e+00  1.000000e+00
   outer loop
     vertex  3.664835e+01  3.903104e+01  3.000000e+00
     vertex  3.667714e+01  3.906773e+01  3.000000e+00
     vertex  7.322859e+00  3.906773e+01  3.000000e+00
   endloop
 endfacet
 facet normal  0.000000e+00  0.000000e+00  1.000000e+00
   outer loop
     vertex  3.664835e+01  3.903104e+01  3.000000e+00
     vertex  7.322859e+00  3.906773e+01  3.000000e+00
     vertex  7.351653e+00  3.903104e+01  3.000000e+00
   endloop
 endfacet
 facet normal -1.824720e-16 -2.426484e-16  1.000000e+00
   outer loop
     vertex  4.978260e+00  7.358693e+00  3.000000e+00
     vertex  4.996995e+00  3.662742e+01  3.000000e+00
     vertex  4.959717e+00  3.665545e+01  3.000000e+00
   endloop
 endfacet
 facet normal  1.875568e-16 -2.424142e-16  1.000000e+00
   outer loop
     vertex  4.978260e+00  7.358693e+00  3.000000e+00
     vertex  4.959717e+00  3.665545e+01  3.000000e+00
     vertex  4.941370e+00  7.330152e+00  3.000000e+00
   endloop
 endfacet
 facet normal  0.000000e+00  0.000000e+00  1.000000e+00
   outer loop
     vertex  3.697826e+01  3.935869e+01  3.000000e+00
     vertex  7.058630e+00  3.933015e+01  3.000000e+00
     vertex  3.694137e+01  3.933015e+01  3.000000e+00
   endloop
 endfacet
 facet normal  0.000000e+00  0.000000e+00  1.000000e+00
   outer loop
     vertex  3.697826e+01  3.935869e+01  3.000000e+00
     vertex  7.021740e+00  3.935869e+01  3.000000e+00
     vertex  7.058630e+00  3.933015e+01  3.000000e+00
   endloop
 endfacet
 facet normal  3.197565e-16 -2.370413e-16  1.000000e+00
   outer loop
     vertex  4.620570e+00  6.993566e+00  3.000000e+00
     vertex  4.648347e+00  7.031036e+00  3.000000e+00
     vertex  4.634330e+00  3.698760e+01  3.000000e+00
   endloop
 endfacet
 facet normal -3.286863e-16 -2.367439e-16  1.000000e+00
   outer loop
     vertex  4.620570e+00  6.993566e+00  3.000000e+00
     vertex  4.634330e+00  3.698760e+01  3.000000e+00
     vertex  4.607070e+00  3.702545e+01  3.000000e+00
   endloop
 endfacet
 facet normal  3.679386e-28  3.792658e-13  1.000000e+00
   outer loop
     vertex  3.662057e+01  3.899357e+01  3.000000e+00
     vertex  3.664835e+01  3.903104e+01  3.000000e+00
     vertex  7.351653e+00  3.903104e+01  3.000000e+00
   endloop
 endfacet
 facet normal  0.000000e+00  3.792658e-13  1.000000e+00
   outer loop
     vertex  3.662057e+01  3.899357e+01  3.000000e+00
     vertex  7.351653e+00  3.903104e+01  3.000000e+00
     vertex  7.379430e+00  3.899357e+01  3.000000e+00
   endloop
 endfacet
 facet normal  0.000000e+00  0.000000e+00  1.000000e+00
   outer loop
     vertex  3.701592e+01  3.938621e+01  3.000000e+00
     vertex  6.984081e+00  3.938621e+01  3.000000e+00
     vertex  7.021740e+00  3.935869e+01  3.000000e+00
   endloop
 endfacet
 facet normal  0.000000e+00  0.000000e+00  1.000000e+00
   outer loop
     vertex  3.701592e+01  3.938621e+01  3.000000e+00
     vertex  7.021740e+00  3.935869e+01  3.000000e+00
     vertex  3.697826e+01  3.935869e+01  3.000000e+00
   endloop
 endfacet
 facet normal  1.774820e-16 -2.428788e-16  1.000000e+00
   outer loop
     vertex  5.015919e+00  7.386212e+00  3.000000e+00
     vertex  4.996995e+00  3.662742e+01  3.000000e+00
     vertex  4.978260e+00  7.358693e+00  3.000000e+00
   endloop
 endfacet
 facet normal -1.725820e-16 -2.431053e-16  1.000000e+00
   outer loop
     vertex  5.015919e+00  7.386212e+00  3.000000e+00
     vertex  5.035028e+00  3.660042e+01  3.000000e+00
     vertex  4.996995e+00  3.662742e+01  3.000000e+00
   endloop
 endfacet
 facet normal  0.000000e+00 -0.000000e+00  1.000000e+00
   outer loop
     vertex  3.659383e+01  3.895535e+01  3.000000e+00
     vertex  3.662057e+01  3.899357e+01  3.000000e+00
     vertex  7.379430e+00  3.899357e+01  3.000000e+00
   endloop
 endfacet
 facet normal  0.000000e+00  0.000000e+00  1.000000e+00
   outer loop
     vertex  3.659383e+01  3.895535e+01  3.000000e+00
     vertex  7.379430e+00  3.899357e+01  3.000000e+00
     vertex  7.406168e+00  3.895535e+01  3.000000e+00
   endloop
 endfacet
 facet normal  3.379513e-16 -2.364442e-16  1.000000e+00
   outer loop
     vertex  4.593832e+00  6.955349e+00  3.000000e+00
     vertex  4.620570e+00  6.993566e+00  3.000000e+00
     vertex  4.607070e+00  3.702545e+01  3.000000e+00
   endloop
 endfacet
 facet normal -3.475756e-16 -2.361424e-16  1.000000e+00
   outer loop
     vertex  4.593832e+00  6.955349e+00  3.000000e+00
     vertex  4.607070e+00  3.702545e+01  3.000000e+00
     vertex  4.580858e+00  3.706403e+01  3.000000e+00
   endloop
 endfacet
 facet normal -1.630349e-16 -2.435466e-16  1.000000e+00
   outer loop
     vertex  5.054319e+00  7.412688e+00  3.000000e+00
     vertex  5.073788e+00  3.657447e+01  3.000000e+00
     vertex  5.035028e+00  3.660042e+01  3.000000e+00
   endloop
 endfacet
 facet normal  1.586950e-15 -2.447149e-16  1.000000e+00
   outer loop
     vertex  5.054319e+00  7.412688e+00  3.000000e+00
     vertex  9.000000e+00  3.300000e+01  3.000000e+00
     vertex  5.073788e+00  3.657447e+01  3.000000e+00
   endloop
 endfacet
 facet normal  1.677677e-16 -2.433280e-16  1.000000e+00
   outer loop
     vertex  5.054319e+00  7.412688e+00  3.000000e+00
     vertex  5.035028e+00  3.660042e+01  3.000000e+00
     vertex  5.015919e+00  7.386212e+00  3.000000e+00
   endloop
 endfacet
 facet normal  0.000000e+00  0.000000e+00  1.000000e+00
   outer loop
     vertex  3.705432e+01  3.941269e+01  3.000000e+00
     vertex  6.984081e+00  3.938621e+01  3.000000e+00
     vertex  3.701592e+01  3.938621e+01  3.000000e+00
   endloop
 endfacet
 facet normal  0.000000e+00  0.000000e+00  1.000000e+00
   outer loop
     vertex  3.705432e+01  3.941269e+01  3.000000e+00
     vertex  6.945681e+00  3.941269e+01  3.000000e+00
     vertex  6.984081e+00  3.938621e+01  3.000000e+00
   endloop
 endfacet
 facet normal  0.000000e+00 -0.000000e+00  1.000000e+00
   outer loop
     vertex  3.656815e+01  3.891641e+01  3.000000e+00
     vertex  3.659383e+01  3.895535e+01  3.000000e+00
     vertex  7.406168e+00  3.895535e+01  3.000000e+00
   endloop
 endfacet
 facet normal  0.000000e+00  0.000000e+00  1.000000e+00
   outer loop
     vertex  3.656815e+01  3.891641e+01  3.000000e+00
     vertex  7.431848e+00  3.891641e+01  3.000000e+00
     vertex  7.456450e+00  3.887679e+01  3.000000e+00
   endloop
 endfacet
 facet normal  0.000000e+00  0.000000e+00  1.000000e+00
   outer loop
     vertex  3.656815e+01  3.891641e+01  3.000000e+00
     vertex  7.406168e+00  3.895535e+01  3.000000e+00
     vertex  7.431848e+00  3.891641e+01  3.000000e+00
   endloop
 endfacet
 facet normal  3.575849e-16 -2.358386e-16  1.000000e+00
   outer loop
     vertex  4.568152e+00  6.916412e+00  3.000000e+00
     vertex  4.593832e+00  6.955349e+00  3.000000e+00
     vertex  4.580858e+00  3.706403e+01  3.000000e+00
   endloop
 endfacet
 facet normal -3.680080e-16 -2.355327e-16  1.000000e+00
   outer loop
     vertex  4.568152e+00  6.916412e+00  3.000000e+00
     vertex  4.580858e+00  3.706403e+01  3.000000e+00
     vertex  4.555715e+00  3.710332e+01  3.000000e+00
   endloop
 endfacet
 facet normal  0.000000e+00  0.000000e+00  1.000000e+00
   outer loop
     vertex  3.709343e+01  3.943810e+01  3.000000e+00
     vertex  6.945681e+00  3.941269e+01  3.000000e+00
     vertex  3.705432e+01  3.941269e+01  3.000000e+00
   endloop
 endfacet
 facet normal  0.000000e+00  0.000000e+00  1.000000e+00
   outer loop
     vertex  3.709343e+01  3.943810e+01  3.000000e+00
     vertex  6.906569e+00  3.943810e+01  3.000000e+00
     vertex  6.945681e+00  3.941269e+01  3.000000e+00
   endloop
 endfacet
 facet normal  3.788760e-16 -2.352250e-16  1.000000e+00
   outer loop
     vertex  4.543550e+00  6.876786e+00  3.000000e+00
     vertex  4.568152e+00  6.916412e+00  3.000000e+00
     vertex  4.555715e+00  3.710332e+01  3.000000e+00
   endloop
 endfacet
 facet normal -3.902236e-16 -2.349155e-16  1.000000e+00
   outer loop
     vertex  4.543550e+00  6.876786e+00  3.000000e+00
     vertex  4.555715e+00  3.710332e+01  3.000000e+00
     vertex  4.531659e+00  3.714328e+01  3.000000e+00
   endloop
 endfacet
 facet normal  0.000000e+00 -0.000000e+00  1.000000e+00
   outer loop
     vertex  3.654355e+01  3.887679e+01  3.000000e+00
     vertex  3.656815e+01  3.891641e+01  3.000000e+00
     vertex  7.456450e+00  3.887679e+01  3.000000e+00
   endloop
 endfacet
 facet normal  0.000000e+00  0.000000e+00  1.000000e+00
   outer loop
     vertex  3.713322e+01  3.946243e+01  3.000000e+00
     vertex  6.906569e+00  3.943810e+01  3.000000e+00
     vertex  3.709343e+01  3.943810e+01  3.000000e+00
   endloop
 endfacet
 facet normal  0.000000e+00  0.000000e+00  1.000000e+00
   outer loop
     vertex  3.713322e+01  3.946243e+01  3.000000e+00
     vertex  6.866775e+00  3.946243e+01  3.000000e+00
     vertex  6.906569e+00  3.943810e+01  3.000000e+00
   endloop
 endfacet
 facet normal  0.000000e+00  0.000000e+00  1.000000e+00
   outer loop
     vertex  3.713322e+01  3.946243e+01  3.000000e+00
     vertex  6.826329e+00  3.948566e+01  3.000000e+00
     vertex  6.866775e+00  3.946243e+01  3.000000e+00
   endloop
 endfacet
 facet normal  4.020888e-16 -2.346042e-16  1.000000e+00
   outer loop
     vertex  4.520045e+00  6.836500e+00  3.000000e+00
     vertex  4.543550e+00  6.876786e+00  3.000000e+00
     vertex  4.531659e+00  3.714328e+01  3.000000e+00
   endloop
 endfacet
 facet normal -4.145137e-16 -2.342913e-16  1.000000e+00
   outer loop
     vertex  4.520045e+00  6.836500e+00  3.000000e+00
     vertex  4.531659e+00  3.714328e+01  3.000000e+00
     vertex  4.508708e+00  3.718388e+01  3.000000e+00
   endloop
 endfacet
 facet normal  0.000000e+00 -0.000000e+00  1.000000e+00
   outer loop
     vertex  3.652004e+01  3.883650e+01  3.000000e+00
     vertex  3.654355e+01  3.887679e+01  3.000000e+00
     vertex  7.456450e+00  3.887679e+01  3.000000e+00
   endloop
 endfacet
 facet normal  0.000000e+00  0.000000e+00  1.000000e+00
   outer loop
     vertex  3.652004e+01  3.883650e+01  3.000000e+00
     vertex  7.456450e+00  3.887679e+01  3.000000e+00
     vertex  7.479955e+00  3.883650e+01  3.000000e+00
   endloop
 endfacet
 facet normal  0.000000e+00  0.000000e+00  1.000000e+00
   outer loop
     vertex  3.717367e+01  3.948566e+01  3.000000e+00
     vertex  6.826329e+00  3.948566e+01  3.000000e+00
     vertex  3.713322e+01  3.946243e+01  3.000000e+00
   endloop
 endfacet
 facet normal  0.000000e+00 -0.000000e+00  1.000000e+00
   outer loop
     vertex  3.649765e+01  3.879558e+01  3.000000e+00
     vertex  3.652004e+01  3.883650e+01  3.000000e+00
     vertex  7.479955e+00  3.883650e+01  3.000000e+00
   endloop
 endfacet
 facet normal  0.000000e+00  0.000000e+00  1.000000e+00
   outer loop
     vertex  3.649765e+01  3.879558e+01  3.000000e+00
     vertex  7.479955e+00  3.883650e+01  3.000000e+00
     vertex  7.502347e+00  3.879558e+01  3.000000e+00
   endloop
 endfacet
 facet normal  4.275451e-16 -2.339767e-16  1.000000e+00
   outer loop
     vertex  4.497653e+00  6.795584e+00  3.000000e+00
     vertex  4.520045e+00  6.836500e+00  3.000000e+00
     vertex  4.508708e+00  3.718388e+01  3.000000e+00
   endloop
 endfacet
 facet normal -4.412350e-16 -2.336606e-16  1.000000e+00
   outer loop
     vertex  4.497653e+00  6.795584e+00  3.000000e+00
     vertex  4.508708e+00  3.718388e+01  3.000000e+00
     vertex  4.486880e+00  3.722510e+01  3.000000e+00
   endloop
 endfacet
 facet normal  0.000000e+00  0.000000e+00  1.000000e+00
   outer loop
     vertex  3.721474e+01  3.950777e+01  3.000000e+00
     vertex  6.785260e+00  3.950777e+01  3.000000e+00
     vertex  6.826329e+00  3.948566e+01  3.000000e+00
   endloop
 endfacet
 facet normal  0.000000e+00  0.000000e+00  1.000000e+00
   outer loop
     vertex  3.721474e+01  3.950777e+01  3.000000e+00
     vertex  6.826329e+00  3.948566e+01  3.000000e+00
     vertex  3.717367e+01  3.948566e+01  3.000000e+00
   endloop
 endfacet
 facet normal  0.000000e+00 -0.000000e+00  1.000000e+00
   outer loop
     vertex  3.647639e+01  3.875407e+01  3.000000e+00
     vertex  3.649765e+01  3.879558e+01  3.000000e+00
     vertex  7.502347e+00  3.879558e+01  3.000000e+00
   endloop
 endfacet
 facet normal  0.000000e+00  0.000000e+00  1.000000e+00
   outer loop
     vertex  3.647639e+01  3.875407e+01  3.000000e+00
     vertex  7.502347e+00  3.879558e+01  3.000000e+00
     vertex  7.523608e+00  3.875407e+01  3.000000e+00
   endloop
 endfacet
 facet normal  4.556413e-16 -2.333431e-16  1.000000e+00
   outer loop
     vertex  4.476392e+00  6.754069e+00  3.000000e+00
     vertex  4.497653e+00  6.795584e+00  3.000000e+00
     vertex  4.486880e+00  3.722510e+01  3.000000e+00
   endloop
 endfacet
 facet normal -3.517470e-15 -2.319756e-16  1.000000e+00
   outer loop
     vertex  4.476392e+00  6.754069e+00  3.000000e+00
     vertex  4.486880e+00  3.722510e+01  3.000000e+00
     vertex  0.000000e+00  4.400000e+01  3.000000e+00
   endloop
 endfacet
 facet normal  0.000000e+00  0.000000e+00  1.000000e+00
   outer loop
     vertex  3.725640e+01  3.952874e+01  3.000000e+00
     vertex  6.743600e+00  3.952874e+01  3.000000e+00
     vertex  6.785260e+00  3.950777e+01  3.000000e+00
   endloop
 endfacet
 facet normal  0.000000e+00  0.000000e+00  1.000000e+00
   outer loop
     vertex  3.725640e+01  3.952874e+01  3.000000e+00
     vertex  6.785260e+00  3.950777e+01  3.000000e+00
     vertex  3.721474e+01  3.950777e+01  3.000000e+00
   endloop
 endfacet
 facet normal  0.000000e+00  0.000000e+00  1.000000e+00
   outer loop
     vertex  3.725640e+01  3.952874e+01  3.000000e+00
     vertex  0.000000e+00  4.400000e+01  3.000000e+00
     vertex  6.743600e+00  3.952874e+01  3.000000e+00
   endloop
 endfacet
 facet normal  0.000000e+00 -0.000000e+00  1.000000e+00
   outer loop
     vertex  3.645628e+01  3.871199e+01  3.000000e+00
     vertex  3.647639e+01  3.875407e+01  3.000000e+00
     vertex  7.523608e+00  3.875407e+01  3.000000e+00
   endloop
 endfacet
 facet normal  0.000000e+00  0.000000e+00  1.000000e+00
   outer loop
     vertex  3.645628e+01  3.871199e+01  3.000000e+00
     vertex  7.543721e+00  3.871199e+01  3.000000e+00
     vertex  7.562673e+00  3.866937e+01  3.000000e+00
   endloop
 endfacet
 facet normal  0.000000e+00  0.000000e+00  1.000000e+00
   outer loop
     vertex  3.645628e+01  3.871199e+01  3.000000e+00
     vertex  7.523608e+00  3.875407e+01  3.000000e+00
     vertex  7.543721e+00  3.871199e+01  3.000000e+00
   endloop
 endfacet
 facet normal  0.000000e+00 -0.000000e+00  1.000000e+00
   outer loop
     vertex  3.643733e+01  3.866937e+01  3.000000e+00
     vertex  3.645628e+01  3.871199e+01  3.000000e+00
     vertex  7.562673e+00  3.866937e+01  3.000000e+00
   endloop
 endfacet
 facet normal  0.000000e+00  0.000000e+00  1.000000e+00
   outer loop
     vertex  3.641955e+01  3.862625e+01  3.000000e+00
     vertex  7.580448e+00  3.862625e+01  3.000000e+00
     vertex  7.597034e+00  3.858265e+01  3.000000e+00
   endloop
 endfacet
 facet normal  0.000000e+00  0.000000e+00  1.000000e+00
   outer loop
     vertex  3.641955e+01  3.862625e+01  3.000000e+00
     vertex  7.562673e+00  3.866937e+01  3.000000e+00
     vertex  7.580448e+00  3.862625e+01  3.000000e+00
   endloop
 endfacet
 facet normal  0.000000e+00 -0.000000e+00  1.000000e+00
   outer loop
     vertex  3.641955e+01  3.862625e+01  3.000000e+00
     vertex  3.643733e+01  3.866937e+01  3.000000e+00
     vertex  7.562673e+00  3.866937e+01  3.000000e+00
   endloop
 endfacet
 facet normal  0.000000e+00 -0.000000e+00  1.000000e+00
   outer loop
     vertex  3.640297e+01  3.858265e+01  3.000000e+00
     vertex  3.641955e+01  3.862625e+01  3.000000e+00
     vertex  7.597034e+00  3.858265e+01  3.000000e+00
   endloop
 endfacet
 facet normal  0.000000e+00  0.000000e+00  1.000000e+00
   outer loop
     vertex  3.638758e+01  3.853862e+01  3.000000e+00
     vertex  7.597034e+00  3.858265e+01  3.000000e+00
     vertex  7.612417e+00  3.853862e+01  3.000000e+00
   endloop
 endfacet
 facet normal  0.000000e+00 -0.000000e+00  1.000000e+00
   outer loop
     vertex  3.638758e+01  3.853862e+01  3.000000e+00
     vertex  3.640297e+01  3.858265e+01  3.000000e+00
     vertex  7.597034e+00  3.858265e+01  3.000000e+00
   endloop
 endfacet
 facet normal  0.000000e+00 -0.000000e+00  1.000000e+00
   outer loop
     vertex  3.637341e+01  3.849418e+01  3.000000e+00
     vertex  3.638758e+01  3.853862e+01  3.000000e+00
     vertex  7.612417e+00  3.853862e+01  3.000000e+00
   endloop
 endfacet
 facet normal  0.000000e+00  0.000000e+00  1.000000e+00
   outer loop
     vertex  3.637341e+01  3.849418e+01  3.000000e+00
     vertex  7.626587e+00  3.849418e+01  3.000000e+00
     vertex  7.639532e+00  3.844937e+01  3.000000e+00
   endloop
 endfacet
 facet normal  0.000000e+00  0.000000e+00  1.000000e+00
   outer loop
     vertex  3.637341e+01  3.849418e+01  3.000000e+00
     vertex  7.612417e+00  3.853862e+01  3.000000e+00
     vertex  7.626587e+00  3.849418e+01  3.000000e+00
   endloop
 endfacet
 facet normal  0.000000e+00 -0.000000e+00  1.000000e+00
   outer loop
     vertex  3.636047e+01  3.844937e+01  3.000000e+00
     vertex  3.637341e+01  3.849418e+01  3.000000e+00
     vertex  7.639532e+00  3.844937e+01  3.000000e+00
   endloop
 endfacet
 facet normal  0.000000e+00 -0.000000e+00  1.000000e+00
   outer loop
     vertex  3.634876e+01  3.840422e+01  3.000000e+00
     vertex  3.636047e+01  3.844937e+01  3.000000e+00
     vertex  7.639532e+00  3.844937e+01  3.000000e+00
   endloop
 endfacet
 facet normal  0.000000e+00  0.000000e+00  1.000000e+00
   outer loop
     vertex  3.634876e+01  3.840422e+01  3.000000e+00
     vertex  7.639532e+00  3.844937e+01  3.000000e+00
     vertex  7.651243e+00  3.840422e+01  3.000000e+00
   endloop
 endfacet
 facet normal  0.000000e+00 -0.000000e+00  1.000000e+00
   outer loop
     vertex  3.633829e+01  3.835877e+01  3.000000e+00
     vertex  3.634876e+01  3.840422e+01  3.000000e+00
     vertex  7.651243e+00  3.840422e+01  3.000000e+00
   endloop
 endfacet
 facet normal  0.000000e+00  0.000000e+00  1.000000e+00
   outer loop
     vertex  3.633829e+01  3.835877e+01  3.000000e+00
     vertex  7.661711e+00  3.835877e+01  3.000000e+00
     vertex  7.670928e+00  3.831305e+01  3.000000e+00
   endloop
 endfacet
 facet normal  0.000000e+00  0.000000e+00  1.000000e+00
   outer loop
     vertex  3.633829e+01  3.835877e+01  3.000000e+00
     vertex  7.651243e+00  3.840422e+01  3.000000e+00
     vertex  7.661711e+00  3.835877e+01  3.000000e+00
   endloop
 endfacet
 facet normal  0.000000e+00 -0.000000e+00  1.000000e+00
   outer loop
     vertex  9.000000e+00  1.100000e+01  3.000000e+00
     vertex  9.000000e+00  3.300000e+01  3.000000e+00
     vertex  5.054319e+00  7.412688e+00  3.000000e+00
   endloop
 endfacet
 facet normal  0.000000e+00  0.000000e+00  1.000000e+00
   outer loop
     vertex  9.000000e+00  1.100000e+01  3.000000e+00
     vertex  5.607113e+00  7.653977e+00  3.000000e+00
     vertex  5.652636e+00  7.664133e+00  3.000000e+00
   endloop
 endfacet
 facet normal  0.000000e+00  0.000000e+00  1.000000e+00
   outer loop
     vertex  9.000000e+00  1.100000e+01  3.000000e+00
     vertex  5.561885e+00  7.642576e+00  3.000000e+00
     vertex  5.607113e+00  7.653977e+00  3.000000e+00
   endloop
 endfacet
 facet normal  0.000000e+00  0.000000e+00  1.000000e+00
   outer loop
     vertex  9.000000e+00  1.100000e+01  3.000000e+00
     vertex  5.516988e+00  7.629938e+00  3.000000e+00
     vertex  5.561885e+00  7.642576e+00  3.000000e+00
   endloop
 endfacet
 facet normal  0.000000e+00  0.000000e+00  1.000000e+00
   outer loop
     vertex  9.000000e+00  1.100000e+01  3.000000e+00
     vertex  5.472454e+00  7.616074e+00  3.000000e+00
     vertex  5.516988e+00  7.629938e+00  3.000000e+00
   endloop
 endfacet
 facet normal  0.000000e+00  0.000000e+00  1.000000e+00
   outer loop
     vertex  9.000000e+00  1.100000e+01  3.000000e+00
     vertex  5.428317e+00  7.600993e+00  3.000000e+00
     vertex  5.472454e+00  7.616074e+00  3.000000e+00
   endloop
 endfacet
 facet normal  0.000000e+00  0.000000e+00  1.000000e+00
   outer loop
     vertex  9.000000e+00  1.100000e+01  3.000000e+00
     vertex  5.384610e+00  7.584707e+00  3.000000e+00
     vertex  5.428317e+00  7.600993e+00  3.000000e+00
   endloop
 endfacet
 facet normal  0.000000e+00  0.000000e+00  1.000000e+00
   outer loop
     vertex  9.000000e+00  1.100000e+01  3.000000e+00
     vertex  5.341367e+00  7.567228e+00  3.000000e+00
     vertex  5.384610e+00  7.584707e+00  3.000000e+00
   endloop
 endfacet
 facet normal  0.000000e+00  0.000000e+00  1.000000e+00
   outer loop
     vertex  9.000000e+00  1.100000e+01  3.000000e+00
     vertex  5.298619e+00  7.548569e+00  3.000000e+00
     vertex  5.341367e+00  7.567228e+00  3.000000e+00
   endloop
 endfacet
 facet normal  0.000000e+00  0.000000e+00  1.000000e+00
   outer loop
     vertex  9.000000e+00  1.100000e+01  3.000000e+00
     vertex  5.256400e+00  7.528744e+00  3.000000e+00
     vertex  5.298619e+00  7.548569e+00  3.000000e+00
   endloop
 endfacet
 facet normal  0.000000e+00  0.000000e+00  1.000000e+00
   outer loop
     vertex  9.000000e+00  1.100000e+01  3.000000e+00
     vertex  5.214740e+00  7.507769e+00  3.000000e+00
     vertex  5.256400e+00  7.528744e+00  3.000000e+00
   endloop
 endfacet
 facet normal  0.000000e+00  0.000000e+00  1.000000e+00
   outer loop
     vertex  9.000000e+00  1.100000e+01  3.000000e+00
     vertex  5.173671e+00  7.485658e+00  3.000000e+00
     vertex  5.214740e+00  7.507769e+00  3.000000e+00
   endloop
 endfacet
 facet normal  0.000000e+00  0.000000e+00  1.000000e+00
   outer loop
     vertex  9.000000e+00  1.100000e+01  3.000000e+00
     vertex  5.133225e+00  7.462430e+00  3.000000e+00
     vertex  5.173671e+00  7.485658e+00  3.000000e+00
   endloop
 endfacet
 facet normal  0.000000e+00  0.000000e+00  1.000000e+00
   outer loop
     vertex  9.000000e+00  1.100000e+01  3.000000e+00
     vertex  5.093431e+00  7.438100e+00  3.000000e+00
     vertex  5.133225e+00  7.462430e+00  3.000000e+00
   endloop
 endfacet
 facet normal  0.000000e+00  0.000000e+00  1.000000e+00
   outer loop
     vertex  9.000000e+00  1.100000e+01  3.000000e+00
     vertex  5.054319e+00  7.412688e+00  3.000000e+00
     vertex  5.093431e+00  7.438100e+00  3.000000e+00
   endloop
 endfacet
 facet normal  0.000000e+00 -0.000000e+00  1.000000e+00
   outer loop
     vertex  3.632907e+01  3.831305e+01  3.000000e+00
     vertex  3.633829e+01  3.835877e+01  3.000000e+00
     vertex  7.670928e+00  3.831305e+01  3.000000e+00
   endloop
 endfacet
 facet normal  0.000000e+00 -0.000000e+00  1.000000e+00
   outer loop
     vertex  5.698420e+00  7.673036e+00  3.000000e+00
     vertex  9.000000e+00  1.100000e+01  3.000000e+00
     vertex  5.652636e+00  7.664133e+00  3.000000e+00
   endloop
 endfacet
 facet normal  0.000000e+00  0.000000e+00  1.000000e+00
   outer loop
     vertex  3.632111e+01  3.826709e+01  3.000000e+00
     vertex  7.670928e+00  3.831305e+01  3.000000e+00
     vertex  7.678887e+00  3.826709e+01  3.000000e+00
   endloop
 endfacet
 facet normal  0.000000e+00 -0.000000e+00  1.000000e+00
   outer loop
     vertex  3.632111e+01  3.826709e+01  3.000000e+00
     vertex  3.632907e+01  3.831305e+01  3.000000e+00
     vertex  7.670928e+00  3.831305e+01  3.000000e+00
   endloop
 endfacet
 facet normal  0.000000e+00 -0.000000e+00  1.000000e+00
   outer loop
     vertex  5.744432e+00  7.680680e+00  3.000000e+00
     vertex  9.000000e+00  1.100000e+01  3.000000e+00
     vertex  5.698420e+00  7.673036e+00  3.000000e+00
   endloop
 endfacet
 facet normal  0.000000e+00  0.000000e+00  1.000000e+00
   outer loop
     vertex  3.631442e+01  3.822093e+01  3.000000e+00
     vertex  7.678887e+00  3.826709e+01  3.000000e+00
     vertex  7.685583e+00  3.822093e+01  3.000000e+00
   endloop
 endfacet
 facet normal  0.000000e+00 -0.000000e+00  1.000000e+00
   outer loop
     vertex  3.631442e+01  3.822093e+01  3.000000e+00
     vertex  3.632111e+01  3.826709e+01  3.000000e+00
     vertex  7.678887e+00  3.826709e+01  3.000000e+00
   endloop
 endfacet
 facet normal  0.000000e+00 -0.000000e+00  1.000000e+00
   outer loop
     vertex  5.790636e+00  7.687059e+00  3.000000e+00
     vertex  9.000000e+00  1.100000e+01  3.000000e+00
     vertex  5.744432e+00  7.680680e+00  3.000000e+00
   endloop
 endfacet
 facet normal  0.000000e+00  0.000000e+00  1.000000e+00
   outer loop
     vertex  3.630899e+01  3.817461e+01  3.000000e+00
     vertex  7.685583e+00  3.822093e+01  3.000000e+00
     vertex  7.691009e+00  3.817461e+01  3.000000e+00
   endloop
 endfacet
 facet normal  0.000000e+00 -0.000000e+00  1.000000e+00
   outer loop
     vertex  3.630899e+01  3.817461e+01  3.000000e+00
     vertex  3.631442e+01  3.822093e+01  3.000000e+00
     vertex  7.685583e+00  3.822093e+01  3.000000e+00
   endloop
 endfacet
 facet normal  0.000000e+00 -0.000000e+00  1.000000e+00
   outer loop
     vertex  5.836998e+00  7.692167e+00  3.000000e+00
     vertex  9.000000e+00  1.100000e+01  3.000000e+00
     vertex  5.790636e+00  7.687059e+00  3.000000e+00
   endloop
 endfacet
 facet normal  0.000000e+00 -0.000000e+00  1.000000e+00
   outer loop
     vertex  3.630484e+01  3.812815e+01  3.000000e+00
     vertex  3.630899e+01  3.817461e+01  3.000000e+00
     vertex  7.691009e+00  3.817461e+01  3.000000e+00
   endloop
 endfacet
 facet normal  0.000000e+00  0.000000e+00  1.000000e+00
   outer loop
     vertex  3.630484e+01  3.812815e+01  3.000000e+00
     vertex  7.691009e+00  3.817461e+01  3.000000e+00
     vertex  7.695163e+00  3.812815e+01  3.000000e+00
   endloop
 endfacet
 facet normal  0.000000e+00 -0.000000e+00  1.000000e+00
   outer loop
     vertex  5.883482e+00  7.696002e+00  3.000000e+00
     vertex  9.000000e+00  1.100000e+01  3.000000e+00
     vertex  5.836998e+00  7.692167e+00  3.000000e+00
   endloop
 endfacet
 facet normal  0.000000e+00 -0.000000e+00  1.000000e+00
   outer loop
     vertex  5.930054e+00  7.698560e+00  3.000000e+00
     vertex  9.000000e+00  1.100000e+01  3.000000e+00
     vertex  5.883482e+00  7.696002e+00  3.000000e+00
   endloop
 endfacet
 facet normal  0.000000e+00 -0.000000e+00  1.000000e+00
   outer loop
     vertex  5.976679e+00  7.699840e+00  3.000000e+00
     vertex  9.000000e+00  1.100000e+01  3.000000e+00
     vertex  5.930054e+00  7.698560e+00  3.000000e+00
   endloop
 endfacet
 facet normal  0.000000e+00 -0.000000e+00  1.000000e+00
   outer loop
     vertex  6.023321e+00  7.699840e+00  3.000000e+00
     vertex  9.000000e+00  1.100000e+01  3.000000e+00
     vertex  5.976679e+00  7.699840e+00  3.000000e+00
   endloop
 endfacet
 facet normal  0.000000e+00 -0.000000e+00  1.000000e+00
   outer loop
     vertex  6.069946e+00  7.698560e+00  3.000000e+00
     vertex  9.000000e+00  1.100000e+01  3.000000e+00
     vertex  6.023321e+00  7.699840e+00  3.000000e+00
   endloop
 endfacet
 facet normal  0.000000e+00 -0.000000e+00  1.000000e+00
   outer loop
     vertex  6.116518e+00  7.696002e+00  3.000000e+00
     vertex  9.000000e+00  1.100000e+01  3.000000e+00
     vertex  6.069946e+00  7.698560e+00  3.000000e+00
   endloop
 endfacet
 facet normal  0.000000e+00 -0.000000e+00  1.000000e+00
   outer loop
     vertex  6.163002e+00  7.692167e+00  3.000000e+00
     vertex  9.000000e+00  1.100000e+01  3.000000e+00
     vertex  6.116518e+00  7.696002e+00  3.000000e+00
   endloop
 endfacet
 facet normal  0.000000e+00 -0.000000e+00  1.000000e+00
   outer loop
     vertex  6.209364e+00  7.687059e+00  3.000000e+00
     vertex  9.000000e+00  1.100000e+01  3.000000e+00
     vertex  6.163002e+00  7.692167e+00  3.000000e+00
   endloop
 endfacet
 facet normal  0.000000e+00 -0.000000e+00  1.000000e+00
   outer loop
     vertex  6.255568e+00  7.680680e+00  3.000000e+00
     vertex  9.000000e+00  1.100000e+01  3.000000e+00
     vertex  6.209364e+00  7.687059e+00  3.000000e+00
   endloop
 endfacet
 facet normal  0.000000e+00 -0.000000e+00  1.000000e+00
   outer loop
     vertex  6.301580e+00  7.673036e+00  3.000000e+00
     vertex  9.000000e+00  1.100000e+01  3.000000e+00
     vertex  6.255568e+00  7.680680e+00  3.000000e+00
   endloop
 endfacet
 facet normal  0.000000e+00 -0.000000e+00  1.000000e+00
   outer loop
     vertex  6.347364e+00  7.664133e+00  3.000000e+00
     vertex  9.000000e+00  1.100000e+01  3.000000e+00
     vertex  6.301580e+00  7.673036e+00  3.000000e+00
   endloop
 endfacet
 facet normal  0.000000e+00 -0.000000e+00  1.000000e+00
   outer loop
     vertex  6.392887e+00  7.653977e+00  3.000000e+00
     vertex  9.000000e+00  1.100000e+01  3.000000e+00
     vertex  6.347364e+00  7.664133e+00  3.000000e+00
   endloop
 endfacet
 facet normal  0.000000e+00 -0.000000e+00  1.000000e+00
   outer loop
     vertex  6.438115e+00  7.642576e+00  3.000000e+00
     vertex  9.000000e+00  1.100000e+01  3.000000e+00
     vertex  6.392887e+00  7.653977e+00  3.000000e+00
   endloop
 endfacet
 facet normal  0.000000e+00 -0.000000e+00  1.000000e+00
   outer loop
     vertex  6.483012e+00  7.629938e+00  3.000000e+00
     vertex  9.000000e+00  1.100000e+01  3.000000e+00
     vertex  6.438115e+00  7.642576e+00  3.000000e+00
   endloop
 endfacet
 facet normal  0.000000e+00 -0.000000e+00  1.000000e+00
   outer loop
     vertex  6.527546e+00  7.616074e+00  3.000000e+00
     vertex  9.000000e+00  1.100000e+01  3.000000e+00
     vertex  6.483012e+00  7.629938e+00  3.000000e+00
   endloop
 endfacet
 facet normal  0.000000e+00 -0.000000e+00  1.000000e+00
   outer loop
     vertex  6.571683e+00  7.600993e+00  3.000000e+00
     vertex  9.000000e+00  1.100000e+01  3.000000e+00
     vertex  6.527546e+00  7.616074e+00  3.000000e+00
   endloop
 endfacet
 facet normal  0.000000e+00 -0.000000e+00  1.000000e+00
   outer loop
     vertex  6.615390e+00  7.584707e+00  3.000000e+00
     vertex  9.000000e+00  1.100000e+01  3.000000e+00
     vertex  6.571683e+00  7.600993e+00  3.000000e+00
   endloop
 endfacet
 facet normal  0.000000e+00 -0.000000e+00  1.000000e+00
   outer loop
     vertex  6.658633e+00  7.567228e+00  3.000000e+00
     vertex  9.000000e+00  1.100000e+01  3.000000e+00
     vertex  6.615390e+00  7.584707e+00  3.000000e+00
   endloop
 endfacet
 facet normal  0.000000e+00 -0.000000e+00  1.000000e+00
   outer loop
     vertex  6.701381e+00  7.548569e+00  3.000000e+00
     vertex  9.000000e+00  1.100000e+01  3.000000e+00
     vertex  6.658633e+00  7.567228e+00  3.000000e+00
   endloop
 endfacet
 facet normal  0.000000e+00 -0.000000e+00  1.000000e+00
   outer loop
     vertex  6.743600e+00  7.528744e+00  3.000000e+00
     vertex  9.000000e+00  1.100000e+01  3.000000e+00
     vertex  6.701381e+00  7.548569e+00  3.000000e+00
   endloop
 endfacet
 facet normal  0.000000e+00 -0.000000e+00  1.000000e+00
   outer loop
     vertex  6.785260e+00  7.507769e+00  3.000000e+00
     vertex  9.000000e+00  1.100000e+01  3.000000e+00
     vertex  6.743600e+00  7.528744e+00  3.000000e+00
   endloop
 endfacet
 facet normal  0.000000e+00 -0.000000e+00  1.000000e+00
   outer loop
     vertex  6.826329e+00  7.485658e+00  3.000000e+00
     vertex  9.000000e+00  1.100000e+01  3.000000e+00
     vertex  6.785260e+00  7.507769e+00  3.000000e+00
   endloop
 endfacet
 facet normal  0.000000e+00 -0.000000e+00  1.000000e+00
   outer loop
     vertex  6.866775e+00  7.462430e+00  3.000000e+00
     vertex  9.000000e+00  1.100000e+01  3.000000e+00
     vertex  6.826329e+00  7.485658e+00  3.000000e+00
   endloop
 endfacet
 facet normal  0.000000e+00 -0.000000e+00  1.000000e+00
   outer loop
     vertex  6.906569e+00  7.438100e+00  3.000000e+00
     vertex  9.000000e+00  1.100000e+01  3.000000e+00
     vertex  6.866775e+00  7.462430e+00  3.000000e+00
   endloop
 endfacet
 facet normal  0.000000e+00 -0.000000e+00  1.000000e+00
   outer loop
     vertex  6.945681e+00  7.412688e+00  3.000000e+00
     vertex  9.000000e+00  1.100000e+01  3.000000e+00
     vertex  6.906569e+00  7.438100e+00  3.000000e+00
   endloop
 endfacet
 facet normal  0.000000e+00 -0.000000e+00  1.000000e+00
   outer loop
     vertex  6.984081e+00  7.386212e+00  3.000000e+00
     vertex  9.000000e+00  1.100000e+01  3.000000e+00
     vertex  6.945681e+00  7.412688e+00  3.000000e+00
   endloop
 endfacet
 facet normal  0.000000e+00 -0.000000e+00  1.000000e+00
   outer loop
     vertex  7.021740e+00  7.358693e+00  3.000000e+00
     vertex  9.000000e+00  1.100000e+01  3.000000e+00
     vertex  6.984081e+00  7.386212e+00  3.000000e+00
   endloop
 endfacet
 facet normal  0.000000e+00 -0.000000e+00  1.000000e+00
   outer loop
     vertex  7.058630e+00  7.330152e+00  3.000000e+00
     vertex  9.000000e+00  1.100000e+01  3.000000e+00
     vertex  7.021740e+00  7.358693e+00  3.000000e+00
   endloop
 endfacet
 facet normal  0.000000e+00 -0.000000e+00  1.000000e+00
   outer loop
     vertex  7.094723e+00  7.300608e+00  3.000000e+00
     vertex  9.000000e+00  1.100000e+01  3.000000e+00
     vertex  7.058630e+00  7.330152e+00  3.000000e+00
   endloop
 endfacet
 facet normal  0.000000e+00 -0.000000e+00  1.000000e+00
   outer loop
     vertex  7.129992e+00  7.270086e+00  3.000000e+00
     vertex  9.000000e+00  1.100000e+01  3.000000e+00
     vertex  7.094723e+00  7.300608e+00  3.000000e+00
   endloop
 endfacet
 facet normal  0.000000e+00 -0.000000e+00  1.000000e+00
   outer loop
     vertex  7.164410e+00  7.238608e+00  3.000000e+00
     vertex  9.000000e+00  1.100000e+01  3.000000e+00
     vertex  7.129992e+00  7.270086e+00  3.000000e+00
   endloop
 endfacet
 facet normal  0.000000e+00 -0.000000e+00  1.000000e+00
   outer loop
     vertex  7.197952e+00  7.206197e+00  3.000000e+00
     vertex  9.000000e+00  1.100000e+01  3.000000e+00
     vertex  7.164410e+00  7.238608e+00  3.000000e+00
   endloop
 endfacet
 facet normal  0.000000e+00  0.000000e+00  1.000000e+00
   outer loop
     vertex  4.400000e+01  4.400000e+01  3.000000e+00
     vertex  3.916441e+01  3.923861e+01  3.000000e+00
     vertex  3.919795e+01  3.920620e+01  3.000000e+00
   endloop
 endfacet
 facet normal  0.000000e+00  0.000000e+00  1.000000e+00
   outer loop
     vertex  4.400000e+01  4.400000e+01  3.000000e+00
     vertex  3.912999e+01  3.927009e+01  3.000000e+00
     vertex  3.916441e+01  3.923861e+01  3.000000e+00
   endloop
 endfacet
 facet normal  0.000000e+00  0.000000e+00  1.000000e+00
   outer loop
     vertex  4.400000e+01  4.400000e+01  3.000000e+00
     vertex  3.909472e+01  3.930061e+01  3.000000e+00
     vertex  3.912999e+01  3.927009e+01  3.000000e+00
   endloop
 endfacet
 facet normal  0.000000e+00  0.000000e+00  1.000000e+00
   outer loop
     vertex  4.400000e+01  4.400000e+01  3.000000e+00
     vertex  3.905863e+01  3.933015e+01  3.000000e+00
     vertex  3.909472e+01  3.930061e+01  3.000000e+00
   endloop
 endfacet
 facet normal  0.000000e+00  0.000000e+00  1.000000e+00
   outer loop
     vertex  4.400000e+01  4.400000e+01  3.000000e+00
     vertex  3.902174e+01  3.935869e+01  3.000000e+00
     vertex  3.905863e+01  3.933015e+01  3.000000e+00
   endloop
 endfacet
 facet normal  0.000000e+00  0.000000e+00  1.000000e+00
   outer loop
     vertex  4.400000e+01  4.400000e+01  3.000000e+00
     vertex  3.898408e+01  3.938621e+01  3.000000e+00
     vertex  3.902174e+01  3.935869e+01  3.000000e+00
   endloop
 endfacet
 facet normal  0.000000e+00  0.000000e+00  1.000000e+00
   outer loop
     vertex  4.400000e+01  4.400000e+01  3.000000e+00
     vertex  3.894568e+01  3.941269e+01  3.000000e+00
     vertex  3.898408e+01  3.938621e+01  3.000000e+00
   endloop
 endfacet
 facet normal  0.000000e+00  0.000000e+00  1.000000e+00
   outer loop
     vertex  4.400000e+01  4.400000e+01  3.000000e+00
     vertex  3.890657e+01  3.943810e+01  3.000000e+00
     vertex  3.894568e+01  3.941269e+01  3.000000e+00
   endloop
 endfacet
 facet normal  0.000000e+00  0.000000e+00  1.000000e+00
   outer loop
     vertex  4.400000e+01  4.400000e+01  3.000000e+00
     vertex  3.886678e+01  3.946243e+01  3.000000e+00
     vertex  3.890657e+01  3.943810e+01  3.000000e+00
   endloop
 endfacet
 facet normal  0.000000e+00  0.000000e+00  1.000000e+00
   outer loop
     vertex  4.400000e+01  4.400000e+01  3.000000e+00
     vertex  3.882633e+01  3.948566e+01  3.000000e+00
     vertex  3.886678e+01  3.946243e+01  3.000000e+00
   endloop
 endfacet
 facet normal  0.000000e+00  0.000000e+00  1.000000e+00
   outer loop
     vertex  4.400000e+01  4.400000e+01  3.000000e+00
     vertex  3.878526e+01  3.950777e+01  3.000000e+00
     vertex  3.882633e+01  3.948566e+01  3.000000e+00
   endloop
 endfacet
 facet normal  0.000000e+00  0.000000e+00  1.000000e+00
   outer loop
     vertex  4.400000e+01  4.400000e+01  3.000000e+00
     vertex  3.874360e+01  3.952874e+01  3.000000e+00
     vertex  3.878526e+01  3.950777e+01  3.000000e+00
   endloop
 endfacet
 facet normal  0.000000e+00  0.000000e+00  1.000000e+00
   outer loop
     vertex  4.400000e+01  4.400000e+01  3.000000e+00
     vertex  3.870138e+01  3.954857e+01  3.000000e+00
     vertex  3.874360e+01  3.952874e+01  3.000000e+00
   endloop
 endfacet
 facet normal  0.000000e+00  0.000000e+00  1.000000e+00
   outer loop
     vertex  4.400000e+01  4.400000e+01  3.000000e+00
     vertex  3.865863e+01  3.956723e+01  3.000000e+00
     vertex  3.870138e+01  3.954857e+01  3.000000e+00
   endloop
 endfacet
 facet normal  0.000000e+00  0.000000e+00  1.000000e+00
   outer loop
     vertex  4.400000e+01  4.400000e+01  3.000000e+00
     vertex  3.861539e+01  3.958471e+01  3.000000e+00
     vertex  3.865863e+01  3.956723e+01  3.000000e+00
   endloop
 endfacet
 facet normal  0.000000e+00  0.000000e+00  1.000000e+00
   outer loop
     vertex  4.400000e+01  4.400000e+01  3.000000e+00
     vertex  3.857168e+01  3.960099e+01  3.000000e+00
     vertex  3.861539e+01  3.958471e+01  3.000000e+00
   endloop
 endfacet
 facet normal  0.000000e+00  0.000000e+00  1.000000e+00
   outer loop
     vertex  4.400000e+01  4.400000e+01  3.000000e+00
     vertex  3.852755e+01  3.961607e+01  3.000000e+00
     vertex  3.857168e+01  3.960099e+01  3.000000e+00
   endloop
 endfacet
 facet normal  0.000000e+00  0.000000e+00  1.000000e+00
   outer loop
     vertex  4.400000e+01  4.400000e+01  3.000000e+00
     vertex  3.848301e+01  3.962994e+01  3.000000e+00
     vertex  3.852755e+01  3.961607e+01  3.000000e+00
   endloop
 endfacet
 facet normal  0.000000e+00  0.000000e+00  1.000000e+00
   outer loop
     vertex  4.400000e+01  4.400000e+01  3.000000e+00
     vertex  3.843811e+01  3.964258e+01  3.000000e+00
     vertex  3.848301e+01  3.962994e+01  3.000000e+00
   endloop
 endfacet
 facet normal  0.000000e+00  0.000000e+00  1.000000e+00
   outer loop
     vertex  4.400000e+01  4.400000e+01  3.000000e+00
     vertex  3.839289e+01  3.965398e+01  3.000000e+00
     vertex  3.843811e+01  3.964258e+01  3.000000e+00
   endloop
 endfacet
 facet normal  0.000000e+00  0.000000e+00  1.000000e+00
   outer loop
     vertex  4.400000e+01  4.400000e+01  3.000000e+00
     vertex  3.834736e+01  3.966413e+01  3.000000e+00
     vertex  3.839289e+01  3.965398e+01  3.000000e+00
   endloop
 endfacet
 facet normal  0.000000e+00  0.000000e+00  1.000000e+00
   outer loop
     vertex  4.400000e+01  4.400000e+01  3.000000e+00
     vertex  3.830158e+01  3.967304e+01  3.000000e+00
     vertex  3.834736e+01  3.966413e+01  3.000000e+00
   endloop
 endfacet
 facet normal  0.000000e+00  0.000000e+00  1.000000e+00
   outer loop
     vertex  4.400000e+01  4.400000e+01  3.000000e+00
     vertex  3.825557e+01  3.968068e+01  3.000000e+00
     vertex  3.830158e+01  3.967304e+01  3.000000e+00
   endloop
 endfacet
 facet normal  0.000000e+00  0.000000e+00  1.000000e+00
   outer loop
     vertex  4.400000e+01  4.400000e+01  3.000000e+00
     vertex  3.820936e+01  3.968706e+01  3.000000e+00
     vertex  3.825557e+01  3.968068e+01  3.000000e+00
   endloop
 endfacet
 facet normal  0.000000e+00  0.000000e+00  1.000000e+00
   outer loop
     vertex  4.400000e+01  4.400000e+01  3.000000e+00
     vertex  3.816300e+01  3.969217e+01  3.000000e+00
     vertex  3.820936e+01  3.968706e+01  3.000000e+00
   endloop
 endfacet
 facet normal  0.000000e+00  0.000000e+00  1.000000e+00
   outer loop
     vertex  4.400000e+01  4.400000e+01  3.000000e+00
     vertex  3.811652e+01  3.969600e+01  3.000000e+00
     vertex  3.816300e+01  3.969217e+01  3.000000e+00
   endloop
 endfacet
 facet normal  0.000000e+00  0.000000e+00  1.000000e+00
   outer loop
     vertex  4.400000e+01  4.400000e+01  3.000000e+00
     vertex  3.806995e+01  3.969856e+01  3.000000e+00
     vertex  3.811652e+01  3.969600e+01  3.000000e+00
   endloop
 endfacet
 facet normal  0.000000e+00  0.000000e+00  1.000000e+00
   outer loop
     vertex  4.400000e+01  4.400000e+01  3.000000e+00
     vertex  3.802332e+01  3.969984e+01  3.000000e+00
     vertex  3.806995e+01  3.969856e+01  3.000000e+00
   endloop
 endfacet
 facet normal  0.000000e+00  0.000000e+00  1.000000e+00
   outer loop
     vertex  4.400000e+01  4.400000e+01  3.000000e+00
     vertex  3.797668e+01  3.969984e+01  3.000000e+00
     vertex  3.802332e+01  3.969984e+01  3.000000e+00
   endloop
 endfacet
 facet normal  0.000000e+00  0.000000e+00  1.000000e+00
   outer loop
     vertex  4.400000e+01  4.400000e+01  3.000000e+00
     vertex  3.793005e+01  3.969856e+01  3.000000e+00
     vertex  3.797668e+01  3.969984e+01  3.000000e+00
   endloop
 endfacet
 facet normal  0.000000e+00  0.000000e+00  1.000000e+00
   outer loop
     vertex  4.400000e+01  4.400000e+01  3.000000e+00
     vertex  0.000000e+00  4.400000e+01  3.000000e+00
     vertex  3.725640e+01  3.952874e+01  3.000000e+00
   endloop
 endfacet
 facet normal  0.000000e+00  0.000000e+00  1.000000e+00
   outer loop
     vertex  4.400000e+01  4.400000e+01  3.000000e+00
     vertex  3.788348e+01  3.969600e+01  3.000000e+00
     vertex  3.793005e+01  3.969856e+01  3.000000e+00
   endloop
 endfacet
 facet normal  0.000000e+00  0.000000e+00  1.000000e+00
   outer loop
     vertex  4.400000e+01  4.400000e+01  3.000000e+00
     vertex  3.783700e+01  3.969217e+01  3.000000e+00
     vertex  3.788348e+01  3.969600e+01  3.000000e+00
   endloop
 endfacet
 facet normal  0.000000e+00  0.000000e+00  1.000000e+00
   outer loop
     vertex  4.400000e+01  4.400000e+01  3.000000e+00
     vertex  3.779064e+01  3.968706e+01  3.000000e+00
     vertex  3.783700e+01  3.969217e+01  3.000000e+00
   endloop
 endfacet
 facet normal  0.000000e+00  0.000000e+00  1.000000e+00
   outer loop
     vertex  4.400000e+01  4.400000e+01  3.000000e+00
     vertex  3.774443e+01  3.968068e+01  3.000000e+00
     vertex  3.779064e+01  3.968706e+01  3.000000e+00
   endloop
 endfacet
 facet normal  0.000000e+00  0.000000e+00  1.000000e+00
   outer loop
     vertex  4.400000e+01  4.400000e+01  3.000000e+00
     vertex  3.769842e+01  3.967304e+01  3.000000e+00
     vertex  3.774443e+01  3.968068e+01  3.000000e+00
   endloop
 endfacet
 facet normal  0.000000e+00  0.000000e+00  1.000000e+00
   outer loop
     vertex  4.400000e+01  4.400000e+01  3.000000e+00
     vertex  3.765264e+01  3.966413e+01  3.000000e+00
     vertex  3.769842e+01  3.967304e+01  3.000000e+00
   endloop
 endfacet
 facet normal  0.000000e+00  0.000000e+00  1.000000e+00
   outer loop
     vertex  4.400000e+01  4.400000e+01  3.000000e+00
     vertex  3.760711e+01  3.965398e+01  3.000000e+00
     vertex  3.765264e+01  3.966413e+01  3.000000e+00
   endloop
 endfacet
 facet normal  0.000000e+00  0.000000e+00  1.000000e+00
   outer loop
     vertex  4.400000e+01  4.400000e+01  3.000000e+00
     vertex  3.756189e+01  3.964258e+01  3.000000e+00
     vertex  3.760711e+01  3.965398e+01  3.000000e+00
   endloop
 endfacet
 facet normal  0.000000e+00  0.000000e+00  1.000000e+00
   outer loop
     vertex  4.400000e+01  4.400000e+01  3.000000e+00
     vertex  3.751699e+01  3.962994e+01  3.000000e+00
     vertex  3.756189e+01  3.964258e+01  3.000000e+00
   endloop
 endfacet
 facet normal  0.000000e+00  0.000000e+00  1.000000e+00
   outer loop
     vertex  4.400000e+01  4.400000e+01  3.000000e+00
     vertex  3.747245e+01  3.961607e+01  3.000000e+00
     vertex  3.751699e+01  3.962994e+01  3.000000e+00
   endloop
 endfacet
 facet normal  0.000000e+00  0.000000e+00  1.000000e+00
   outer loop
     vertex  4.400000e+01  4.400000e+01  3.000000e+00
     vertex  3.742832e+01  3.960099e+01  3.000000e+00
     vertex  3.747245e+01  3.961607e+01  3.000000e+00
   endloop
 endfacet
 facet normal  0.000000e+00  0.000000e+00  1.000000e+00
   outer loop
     vertex  4.400000e+01  4.400000e+01  3.000000e+00
     vertex  3.738461e+01  3.958471e+01  3.000000e+00
     vertex  3.742832e+01  3.960099e+01  3.000000e+00
   endloop
 endfacet
 facet normal  0.000000e+00  0.000000e+00  1.000000e+00
   outer loop
     vertex  4.400000e+01  4.400000e+01  3.000000e+00
     vertex  3.734137e+01  3.956723e+01  3.000000e+00
     vertex  3.738461e+01  3.958471e+01  3.000000e+00
   endloop
 endfacet
 facet normal  0.000000e+00  0.000000e+00  1.000000e+00
   outer loop
     vertex  4.400000e+01  4.400000e+01  3.000000e+00
     vertex  3.729862e+01  3.954857e+01  3.000000e+00
     vertex  3.734137e+01  3.956723e+01  3.000000e+00
   endloop
 endfacet
 facet normal  0.000000e+00  0.000000e+00  1.000000e+00
   outer loop
     vertex  4.400000e+01  4.400000e+01  3.000000e+00
     vertex  3.725640e+01  3.952874e+01  3.000000e+00
     vertex  3.729862e+01  3.954857e+01  3.000000e+00
   endloop
 endfacet
 facet normal  0.000000e+00  0.000000e+00  1.000000e+00
   outer loop
     vertex  0.000000e+00  0.000000e+00  3.000000e+00
     vertex  4.321113e+00  6.267090e+00  3.000000e+00
     vertex  4.329072e+00  6.313048e+00  3.000000e+00
   endloop
 endfacet
 facet normal  0.000000e+00  0.000000e+00  1.000000e+00
   outer loop
     vertex  0.000000e+00  0.000000e+00  3.000000e+00
     vertex  4.314417e+00  6.220931e+00  3.000000e+00
     vertex  4.321113e+00  6.267090e+00  3.000000e+00
   endloop
 endfacet
 facet normal  0.000000e+00  0.000000e+00  1.000000e+00
   outer loop
     vertex  0.000000e+00  0.000000e+00  3.000000e+00
     vertex  4.308991e+00  6.174606e+00  3.000000e+00
     vertex  4.314417e+00  6.220931e+00  3.000000e+00
   endloop
 endfacet
 facet normal  0.000000e+00  0.000000e+00  1.000000e+00
   outer loop
     vertex  0.000000e+00  0.000000e+00  3.000000e+00
     vertex  4.304837e+00  6.128149e+00  3.000000e+00
     vertex  4.308991e+00  6.174606e+00  3.000000e+00
   endloop
 endfacet
 facet normal  0.000000e+00  0.000000e+00  1.000000e+00
   outer loop
     vertex  0.000000e+00  0.000000e+00  3.000000e+00
     vertex  4.301959e+00  6.081595e+00  3.000000e+00
     vertex  4.304837e+00  6.128149e+00  3.000000e+00
   endloop
 endfacet
 facet normal  0.000000e+00  0.000000e+00  1.000000e+00
   outer loop
     vertex  0.000000e+00  0.000000e+00  3.000000e+00
     vertex  4.300360e+00  6.034980e+00  3.000000e+00
     vertex  4.301959e+00  6.081595e+00  3.000000e+00
   endloop
 endfacet
 facet normal  0.000000e+00  0.000000e+00  1.000000e+00
   outer loop
     vertex  0.000000e+00  0.000000e+00  3.000000e+00
     vertex  4.300040e+00  5.988339e+00  3.000000e+00
     vertex  4.300360e+00  6.034980e+00  3.000000e+00
   endloop
 endfacet
 facet normal  0.000000e+00  0.000000e+00  1.000000e+00
   outer loop
     vertex  0.000000e+00  0.000000e+00  3.000000e+00
     vertex  4.301000e+00  5.941707e+00  3.000000e+00
     vertex  4.300040e+00  5.988339e+00  3.000000e+00
   endloop
 endfacet
 facet normal  0.000000e+00  0.000000e+00  1.000000e+00
   outer loop
     vertex  0.000000e+00  0.000000e+00  3.000000e+00
     vertex  4.303238e+00  5.895118e+00  3.000000e+00
     vertex  4.301000e+00  5.941707e+00  3.000000e+00
   endloop
 endfacet
 facet normal  0.000000e+00  0.000000e+00  1.000000e+00
   outer loop
     vertex  0.000000e+00  0.000000e+00  3.000000e+00
     vertex  4.306754e+00  5.848609e+00  3.000000e+00
     vertex  4.303238e+00  5.895118e+00  3.000000e+00
   endloop
 endfacet
 facet normal  0.000000e+00  0.000000e+00  1.000000e+00
   outer loop
     vertex  0.000000e+00  0.000000e+00  3.000000e+00
     vertex  4.311545e+00  5.802213e+00  3.000000e+00
     vertex  4.306754e+00  5.848609e+00  3.000000e+00
   endloop
 endfacet
 facet normal  0.000000e+00  0.000000e+00  1.000000e+00
   outer loop
     vertex  0.000000e+00  0.000000e+00  3.000000e+00
     vertex  4.317607e+00  5.755966e+00  3.000000e+00
     vertex  4.311545e+00  5.802213e+00  3.000000e+00
   endloop
 endfacet
 facet normal  0.000000e+00  0.000000e+00  1.000000e+00
   outer loop
     vertex  0.000000e+00  0.000000e+00  3.000000e+00
     vertex  4.324935e+00  5.709903e+00  3.000000e+00
     vertex  4.317607e+00  5.755966e+00  3.000000e+00
   endloop
 endfacet
 facet normal  0.000000e+00  0.000000e+00  1.000000e+00
   outer loop
     vertex  0.000000e+00  0.000000e+00  3.000000e+00
     vertex  4.333524e+00  5.664059e+00  3.000000e+00
     vertex  4.324935e+00  5.709903e+00  3.000000e+00
   endloop
 endfacet
 facet normal  0.000000e+00  0.000000e+00  1.000000e+00
   outer loop
     vertex  0.000000e+00  0.000000e+00  3.000000e+00
     vertex  4.343367e+00  5.618467e+00  3.000000e+00
     vertex  4.333524e+00  5.664059e+00  3.000000e+00
   endloop
 endfacet
 facet normal  0.000000e+00  0.000000e+00  1.000000e+00
   outer loop
     vertex  0.000000e+00  0.000000e+00  3.000000e+00
     vertex  4.354458e+00  5.573162e+00  3.000000e+00
     vertex  4.343367e+00  5.618467e+00  3.000000e+00
   endloop
 endfacet
 facet normal  0.000000e+00  0.000000e+00  1.000000e+00
   outer loop
     vertex  0.000000e+00  0.000000e+00  3.000000e+00
     vertex  4.366787e+00  5.528179e+00  3.000000e+00
     vertex  4.354458e+00  5.573162e+00  3.000000e+00
   endloop
 endfacet
 facet normal  0.000000e+00  0.000000e+00  1.000000e+00
   outer loop
     vertex  0.000000e+00  0.000000e+00  3.000000e+00
     vertex  4.380346e+00  5.483551e+00  3.000000e+00
     vertex  4.366787e+00  5.528179e+00  3.000000e+00
   endloop
 endfacet
 facet normal  0.000000e+00  0.000000e+00  1.000000e+00
   outer loop
     vertex  0.000000e+00  0.000000e+00  3.000000e+00
     vertex  4.395123e+00  5.439312e+00  3.000000e+00
     vertex  4.380346e+00  5.483551e+00  3.000000e+00
   endloop
 endfacet
 facet normal  0.000000e+00  0.000000e+00  1.000000e+00
   outer loop
     vertex  0.000000e+00  0.000000e+00  3.000000e+00
     vertex  4.411109e+00  5.395495e+00  3.000000e+00
     vertex  4.395123e+00  5.439312e+00  3.000000e+00
   endloop
 endfacet
 facet normal  0.000000e+00  0.000000e+00  1.000000e+00
   outer loop
     vertex  0.000000e+00  0.000000e+00  3.000000e+00
     vertex  4.428291e+00  5.352132e+00  3.000000e+00
     vertex  4.411109e+00  5.395495e+00  3.000000e+00
   endloop
 endfacet
 facet normal  0.000000e+00  0.000000e+00  1.000000e+00
   outer loop
     vertex  0.000000e+00  0.000000e+00  3.000000e+00
     vertex  4.446657e+00  5.309258e+00  3.000000e+00
     vertex  4.428291e+00  5.352132e+00  3.000000e+00
   endloop
 endfacet
 facet normal  0.000000e+00  0.000000e+00  1.000000e+00
   outer loop
     vertex  0.000000e+00  0.000000e+00  3.000000e+00
     vertex  4.466191e+00  5.266903e+00  3.000000e+00
     vertex  4.446657e+00  5.309258e+00  3.000000e+00
   endloop
 endfacet
 facet normal  0.000000e+00  0.000000e+00  1.000000e+00
   outer loop
     vertex  0.000000e+00  0.000000e+00  3.000000e+00
     vertex  4.486880e+00  5.225101e+00  3.000000e+00
     vertex  4.466191e+00  5.266903e+00  3.000000e+00
   endloop
 endfacet
 facet normal  0.000000e+00  0.000000e+00  1.000000e+00
   outer loop
     vertex  0.000000e+00  0.000000e+00  3.000000e+00
     vertex  4.508708e+00  5.183881e+00  3.000000e+00
     vertex  4.486880e+00  5.225101e+00  3.000000e+00
   endloop
 endfacet
 facet normal  0.000000e+00  0.000000e+00  1.000000e+00
   outer loop
     vertex  0.000000e+00  0.000000e+00  3.000000e+00
     vertex  4.531659e+00  5.143276e+00  3.000000e+00
     vertex  4.508708e+00  5.183881e+00  3.000000e+00
   endloop
 endfacet
 facet normal  0.000000e+00  0.000000e+00  1.000000e+00
   outer loop
     vertex  0.000000e+00  0.000000e+00  3.000000e+00
     vertex  4.555715e+00  5.103316e+00  3.000000e+00
     vertex  4.531659e+00  5.143276e+00  3.000000e+00
   endloop
 endfacet
 facet normal  0.000000e+00  0.000000e+00  1.000000e+00
   outer loop
     vertex  0.000000e+00  0.000000e+00  3.000000e+00
     vertex  4.580858e+00  5.064031e+00  3.000000e+00
     vertex  4.555715e+00  5.103316e+00  3.000000e+00
   endloop
 endfacet
 facet normal  0.000000e+00  0.000000e+00  1.000000e+00
   outer loop
     vertex  0.000000e+00  0.000000e+00  3.000000e+00
     vertex  4.607070e+00  5.025451e+00  3.000000e+00
     vertex  4.580858e+00  5.064031e+00  3.000000e+00
   endloop
 endfacet
 facet normal  0.000000e+00  0.000000e+00  1.000000e+00
   outer loop
     vertex  0.000000e+00  0.000000e+00  3.000000e+00
     vertex  4.634330e+00  4.987604e+00  3.000000e+00
     vertex  4.607070e+00  5.025451e+00  3.000000e+00
   endloop
 endfacet
 facet normal  0.000000e+00  0.000000e+00  1.000000e+00
   outer loop
     vertex  0.000000e+00  0.000000e+00  3.000000e+00
     vertex  4.662618e+00  4.950519e+00  3.000000e+00
     vertex  4.634330e+00  4.987604e+00  3.000000e+00
   endloop
 endfacet
 facet normal  0.000000e+00  0.000000e+00  1.000000e+00
   outer loop
     vertex  0.000000e+00  0.000000e+00  3.000000e+00
     vertex  4.691913e+00  4.914224e+00  3.000000e+00
     vertex  4.662618e+00  4.950519e+00  3.000000e+00
   endloop
 endfacet
 facet normal  0.000000e+00  0.000000e+00  1.000000e+00
   outer loop
     vertex  0.000000e+00  0.000000e+00  3.000000e+00
     vertex  4.722193e+00  4.878747e+00  3.000000e+00
     vertex  4.691913e+00  4.914224e+00  3.000000e+00
   endloop
 endfacet
 facet normal  0.000000e+00  0.000000e+00  1.000000e+00
   outer loop
     vertex  0.000000e+00  0.000000e+00  3.000000e+00
     vertex  4.753434e+00  4.844113e+00  3.000000e+00
     vertex  4.722193e+00  4.878747e+00  3.000000e+00
   endloop
 endfacet
 facet normal  0.000000e+00  0.000000e+00  1.000000e+00
   outer loop
     vertex  0.000000e+00  0.000000e+00  3.000000e+00
     vertex  4.785614e+00  4.810350e+00  3.000000e+00
     vertex  4.753434e+00  4.844113e+00  3.000000e+00
   endloop
 endfacet
 facet normal -2.436547e-16  1.614870e-16  1.000000e+00
   outer loop
     vertex  0.000000e+00  0.000000e+00  3.000000e+00
     vertex  4.476392e+00  6.754069e+00  3.000000e+00
     vertex  0.000000e+00  4.400000e+01  3.000000e+00
   endloop
 endfacet
 facet normal  0.000000e+00  0.000000e+00  1.000000e+00
   outer loop
     vertex  0.000000e+00  0.000000e+00  3.000000e+00
     vertex  4.456279e+00  6.711986e+00  3.000000e+00
     vertex  4.476392e+00  6.754069e+00  3.000000e+00
   endloop
 endfacet
 facet normal  0.000000e+00  0.000000e+00  1.000000e+00
   outer loop
     vertex  0.000000e+00  0.000000e+00  3.000000e+00
     vertex  4.437327e+00  6.669368e+00  3.000000e+00
     vertex  4.456279e+00  6.711986e+00  3.000000e+00
   endloop
 endfacet
 facet normal  0.000000e+00  0.000000e+00  1.000000e+00
   outer loop
     vertex  0.000000e+00  0.000000e+00  3.000000e+00
     vertex  4.419552e+00  6.626245e+00  3.000000e+00
     vertex  4.437327e+00  6.669368e+00  3.000000e+00
   endloop
 endfacet
 facet normal  0.000000e+00  0.000000e+00  1.000000e+00
   outer loop
     vertex  0.000000e+00  0.000000e+00  3.000000e+00
     vertex  4.402966e+00  6.582652e+00  3.000000e+00
     vertex  4.419552e+00  6.626245e+00  3.000000e+00
   endloop
 endfacet
 facet normal  0.000000e+00  0.000000e+00  1.000000e+00
   outer loop
     vertex  0.000000e+00  0.000000e+00  3.000000e+00
     vertex  4.387583e+00  6.538619e+00  3.000000e+00
     vertex  4.402966e+00  6.582652e+00  3.000000e+00
   endloop
 endfacet
 facet normal  0.000000e+00  0.000000e+00  1.000000e+00
   outer loop
     vertex  0.000000e+00  0.000000e+00  3.000000e+00
     vertex  4.373413e+00  6.494181e+00  3.000000e+00
     vertex  4.387583e+00  6.538619e+00  3.000000e+00
   endloop
 endfacet
 facet normal  0.000000e+00  0.000000e+00  1.000000e+00
   outer loop
     vertex  0.000000e+00  0.000000e+00  3.000000e+00
     vertex  4.360468e+00  6.449371e+00  3.000000e+00
     vertex  4.373413e+00  6.494181e+00  3.000000e+00
   endloop
 endfacet
 facet normal  0.000000e+00  0.000000e+00  1.000000e+00
   outer loop
     vertex  0.000000e+00  0.000000e+00  3.000000e+00
     vertex  4.348757e+00  6.404223e+00  3.000000e+00
     vertex  4.360468e+00  6.449371e+00  3.000000e+00
   endloop
 endfacet
 facet normal  0.000000e+00  0.000000e+00  1.000000e+00
   outer loop
     vertex  0.000000e+00  0.000000e+00  3.000000e+00
     vertex  4.338289e+00  6.358771e+00  3.000000e+00
     vertex  4.348757e+00  6.404223e+00  3.000000e+00
   endloop
 endfacet
 facet normal  0.000000e+00  0.000000e+00  1.000000e+00
   outer loop
     vertex  0.000000e+00  0.000000e+00  3.000000e+00
     vertex  4.329072e+00  6.313048e+00  3.000000e+00
     vertex  4.338289e+00  6.358771e+00  3.000000e+00
   endloop
 endfacet
 facet normal  0.000000e+00  0.000000e+00  1.000000e+00
   outer loop
     vertex  4.818708e+00  4.777482e+00  3.000000e+00
     vertex  4.785614e+00  4.810350e+00  3.000000e+00
     vertex  0.000000e+00  0.000000e+00  3.000000e+00
   endloop
 endfacet
 facet normal  0.000000e+00 -0.000000e+00  1.000000e+00
   outer loop
     vertex  7.230592e+00  7.172879e+00  3.000000e+00
     vertex  9.000000e+00  1.100000e+01  3.000000e+00
     vertex  7.197952e+00  7.206197e+00  3.000000e+00
   endloop
 endfacet
 facet normal  0.000000e+00 -0.000000e+00  1.000000e+00
   outer loop
     vertex  3.923059e+01  3.917288e+01  3.000000e+00
     vertex  4.400000e+01  4.400000e+01  3.000000e+00
     vertex  3.919795e+01  3.920620e+01  3.000000e+00
   endloop
 endfacet
 facet normal  0.000000e+00  0.000000e+00  1.000000e+00
   outer loop
     vertex  4.852691e+00  4.745535e+00  3.000000e+00
     vertex  4.818708e+00  4.777482e+00  3.000000e+00
     vertex  0.000000e+00  0.000000e+00  3.000000e+00
   endloop
 endfacet
 facet normal  0.000000e+00 -0.000000e+00  1.000000e+00
   outer loop
     vertex  3.926231e+01  3.913868e+01  3.000000e+00
     vertex  4.400000e+01  4.400000e+01  3.000000e+00
     vertex  3.923059e+01  3.917288e+01  3.000000e+00
   endloop
 endfacet
 facet normal  0.000000e+00 -0.000000e+00  1.000000e+00
   outer loop
     vertex  7.262305e+00  7.138677e+00  3.000000e+00
     vertex  9.000000e+00  1.100000e+01  3.000000e+00
     vertex  7.230592e+00  7.172879e+00  3.000000e+00
   endloop
 endfacet
 facet normal  0.000000e+00  0.000000e+00  1.000000e+00
   outer loop
     vertex  4.887538e+00  4.714532e+00  3.000000e+00
     vertex  4.852691e+00  4.745535e+00  3.000000e+00
     vertex  0.000000e+00  0.000000e+00  3.000000e+00
   endloop
 endfacet
 facet normal  0.000000e+00 -0.000000e+00  1.000000e+00
   outer loop
     vertex  7.293069e+00  7.103618e+00  3.000000e+00
     vertex  9.000000e+00  1.100000e+01  3.000000e+00
     vertex  7.262305e+00  7.138677e+00  3.000000e+00
   endloop
 endfacet
 facet normal  0.000000e+00 -0.000000e+00  1.000000e+00
   outer loop
     vertex  3.929307e+01  3.910362e+01  3.000000e+00
     vertex  4.400000e+01  4.400000e+01  3.000000e+00
     vertex  3.926231e+01  3.913868e+01  3.000000e+00
   endloop
 endfacet
 facet normal  0.000000e+00  0.000000e+00  1.000000e+00
   outer loop
     vertex  4.923222e+00  4.684496e+00  3.000000e+00
     vertex  4.887538e+00  4.714532e+00  3.000000e+00
     vertex  0.000000e+00  0.000000e+00  3.000000e+00
   endloop
 endfacet
 facet normal  0.000000e+00 -0.000000e+00  1.000000e+00
   outer loop
     vertex  3.932286e+01  3.906773e+01  3.000000e+00
     vertex  4.400000e+01  4.400000e+01  3.000000e+00
     vertex  3.929307e+01  3.910362e+01  3.000000e+00
   endloop
 endfacet
 facet normal  0.000000e+00 -0.000000e+00  1.000000e+00
   outer loop
     vertex  7.322859e+00  7.067729e+00  3.000000e+00
     vertex  9.000000e+00  1.100000e+01  3.000000e+00
     vertex  7.293069e+00  7.103618e+00  3.000000e+00
   endloop
 endfacet
 facet normal  0.000000e+00  0.000000e+00  1.000000e+00
   outer loop
     vertex  4.959717e+00  4.655451e+00  3.000000e+00
     vertex  4.923222e+00  4.684496e+00  3.000000e+00
     vertex  0.000000e+00  0.000000e+00  3.000000e+00
   endloop
 endfacet
 facet normal  0.000000e+00 -0.000000e+00  1.000000e+00
   outer loop
     vertex  3.935165e+01  3.903104e+01  3.000000e+00
     vertex  4.400000e+01  4.400000e+01  3.000000e+00
     vertex  3.932286e+01  3.906773e+01  3.000000e+00
   endloop
 endfacet
 facet normal  0.000000e+00 -0.000000e+00  1.000000e+00
   outer loop
     vertex  7.351653e+00  7.031036e+00  3.000000e+00
     vertex  9.000000e+00  1.100000e+01  3.000000e+00
     vertex  7.322859e+00  7.067729e+00  3.000000e+00
   endloop
 endfacet
 facet normal  0.000000e+00  0.000000e+00  1.000000e+00
   outer loop
     vertex  4.996995e+00  4.627418e+00  3.000000e+00
     vertex  4.959717e+00  4.655451e+00  3.000000e+00
     vertex  0.000000e+00  0.000000e+00  3.000000e+00
   endloop
 endfacet
 facet normal -2.261851e-13  2.115907e-13  1.000000e+00
   outer loop
     vertex  3.937943e+01  3.899357e+01  3.000000e+00
     vertex  4.400000e+01  4.400000e+01  3.000000e+00
     vertex  3.935165e+01  3.903104e+01  3.000000e+00
   endloop
 endfacet
 facet normal  0.000000e+00 -0.000000e+00  1.000000e+00
   outer loop
     vertex  7.379430e+00  6.993566e+00  3.000000e+00
     vertex  9.000000e+00  1.100000e+01  3.000000e+00
     vertex  7.351653e+00  7.031036e+00  3.000000e+00
   endloop
 endfacet
 facet normal  0.000000e+00  0.000000e+00  1.000000e+00
   outer loop
     vertex  5.035028e+00  4.600418e+00  3.000000e+00
     vertex  4.996995e+00  4.627418e+00  3.000000e+00
     vertex  0.000000e+00  0.000000e+00  3.000000e+00
   endloop
 endfacet
 facet normal  1.749401e-15  1.223950e-15  1.000000e+00
   outer loop
     vertex  3.940617e+01  3.895535e+01  3.000000e+00
     vertex  4.400000e+01  4.400000e+01  3.000000e+00
     vertex  3.937943e+01  3.899357e+01  3.000000e+00
   endloop
 endfacet
 facet normal  0.000000e+00 -0.000000e+00  1.000000e+00
   outer loop
     vertex  7.406168e+00  6.955349e+00  3.000000e+00
     vertex  9.000000e+00  1.100000e+01  3.000000e+00
     vertex  7.379430e+00  6.993566e+00  3.000000e+00
   endloop
 endfacet
 facet normal  0.000000e+00  0.000000e+00  1.000000e+00
   outer loop
     vertex  5.073788e+00  4.574472e+00  3.000000e+00
     vertex  5.035028e+00  4.600418e+00  3.000000e+00
     vertex  0.000000e+00  0.000000e+00  3.000000e+00
   endloop
 endfacet
 facet normal  1.794087e-15  1.183257e-15  1.000000e+00
   outer loop
     vertex  3.943185e+01  3.891641e+01  3.000000e+00
     vertex  4.400000e+01  4.400000e+01  3.000000e+00
     vertex  3.940617e+01  3.895535e+01  3.000000e+00
   endloop
 endfacet
 facet normal  0.000000e+00 -0.000000e+00  1.000000e+00
   outer loop
     vertex  7.431848e+00  6.916412e+00  3.000000e+00
     vertex  9.000000e+00  1.100000e+01  3.000000e+00
     vertex  7.406168e+00  6.955349e+00  3.000000e+00
   endloop
 endfacet
 facet normal  0.000000e+00  0.000000e+00  1.000000e+00
   outer loop
     vertex  5.113244e+00  4.549599e+00  3.000000e+00
     vertex  5.073788e+00  4.574472e+00  3.000000e+00
     vertex  0.000000e+00  0.000000e+00  3.000000e+00
   endloop
 endfacet
 facet normal  1.839761e-15  1.142215e-15  1.000000e+00
   outer loop
     vertex  3.945645e+01  3.887679e+01  3.000000e+00
     vertex  4.400000e+01  4.400000e+01  3.000000e+00
     vertex  3.943185e+01  3.891641e+01  3.000000e+00
   endloop
 endfacet
 facet normal  0.000000e+00 -0.000000e+00  1.000000e+00
   outer loop
     vertex  7.456450e+00  6.876786e+00  3.000000e+00
     vertex  9.000000e+00  1.100000e+01  3.000000e+00
     vertex  7.431848e+00  6.916412e+00  3.000000e+00
   endloop
 endfacet
 facet normal  0.000000e+00  0.000000e+00  1.000000e+00
   outer loop
     vertex  5.153368e+00  4.525817e+00  3.000000e+00
     vertex  5.113244e+00  4.549599e+00  3.000000e+00
     vertex  0.000000e+00  0.000000e+00  3.000000e+00
   endloop
 endfacet
 facet normal  1.886540e-15  1.100728e-15  1.000000e+00
   outer loop
     vertex  3.947996e+01  3.883650e+01  3.000000e+00
     vertex  4.400000e+01  4.400000e+01  3.000000e+00
     vertex  3.945645e+01  3.887679e+01  3.000000e+00
   endloop
 endfacet
 facet normal  0.000000e+00 -0.000000e+00  1.000000e+00
   outer loop
     vertex  7.479955e+00  6.836500e+00  3.000000e+00
     vertex  9.000000e+00  1.100000e+01  3.000000e+00
     vertex  7.456450e+00  6.876786e+00  3.000000e+00
   endloop
 endfacet
 facet normal  0.000000e+00  0.000000e+00  1.000000e+00
   outer loop
     vertex  5.194130e+00  4.503146e+00  3.000000e+00
     vertex  5.153368e+00  4.525817e+00  3.000000e+00
     vertex  0.000000e+00  0.000000e+00  3.000000e+00
   endloop
 endfacet
 facet normal  0.000000e+00 -0.000000e+00  1.000000e+00
   outer loop
     vertex  7.502347e+00  6.795584e+00  3.000000e+00
     vertex  9.000000e+00  1.100000e+01  3.000000e+00
     vertex  7.479955e+00  6.836500e+00  3.000000e+00
   endloop
 endfacet
 facet normal  1.934555e-15  1.058697e-15  1.000000e+00
   outer loop
     vertex  3.950235e+01  3.879558e+01  3.000000e+00
     vertex  4.400000e+01  4.400000e+01  3.000000e+00
     vertex  3.947996e+01  3.883650e+01  3.000000e+00
   endloop
 endfacet
 facet normal  0.000000e+00  0.000000e+00  1.000000e+00
   outer loop
     vertex  5.235498e+00  4.481601e+00  3.000000e+00
     vertex  5.194130e+00  4.503146e+00  3.000000e+00
     vertex  0.000000e+00  0.000000e+00  3.000000e+00
   endloop
 endfacet
 facet normal  1.983942e-15  1.016017e-15  1.000000e+00
   outer loop
     vertex  3.952361e+01  3.875407e+01  3.000000e+00
     vertex  4.400000e+01  4.400000e+01  3.000000e+00
     vertex  3.950235e+01  3.879558e+01  3.000000e+00
   endloop
 endfacet
 facet normal  0.000000e+00 -0.000000e+00  1.000000e+00
   outer loop
     vertex  7.523608e+00  6.754069e+00  3.000000e+00
     vertex  9.000000e+00  1.100000e+01  3.000000e+00
     vertex  7.502347e+00  6.795584e+00  3.000000e+00
   endloop
 endfacet
 facet normal  0.000000e+00  0.000000e+00  1.000000e+00
   outer loop
     vertex  5.277442e+00  4.461199e+00  3.000000e+00
     vertex  5.235498e+00  4.481601e+00  3.000000e+00
     vertex  0.000000e+00  0.000000e+00  3.000000e+00
   endloop
 endfacet
 facet normal  2.034852e-15  9.725743e-16  1.000000e+00
   outer loop
     vertex  3.954372e+01  3.871199e+01  3.000000e+00
     vertex  4.400000e+01  4.400000e+01  3.000000e+00
     vertex  3.952361e+01  3.875407e+01  3.000000e+00
   endloop
 endfacet
 facet normal  0.000000e+00 -0.000000e+00  1.000000e+00
   outer loop
     vertex  7.543721e+00  6.711986e+00  3.000000e+00
     vertex  9.000000e+00  1.100000e+01  3.000000e+00
     vertex  7.523608e+00  6.754069e+00  3.000000e+00
   endloop
 endfacet
 facet normal  0.000000e+00  0.000000e+00  1.000000e+00
   outer loop
     vertex  5.319929e+00  4.441955e+00  3.000000e+00
     vertex  5.277442e+00  4.461199e+00  3.000000e+00
     vertex  0.000000e+00  0.000000e+00  3.000000e+00
   endloop
 endfacet
 facet normal  2.087450e-15  9.282492e-16  1.000000e+00
   outer loop
     vertex  3.956267e+01  3.866937e+01  3.000000e+00
     vertex  4.400000e+01  4.400000e+01  3.000000e+00
     vertex  3.954372e+01  3.871199e+01  3.000000e+00
   endloop
 endfacet
 facet normal  0.000000e+00 -0.000000e+00  1.000000e+00
   outer loop
     vertex  7.562673e+00  6.669368e+00  3.000000e+00
     vertex  9.000000e+00  1.100000e+01  3.000000e+00
     vertex  7.543721e+00  6.711986e+00  3.000000e+00
   endloop
 endfacet
 facet normal  0.000000e+00  0.000000e+00  1.000000e+00
   outer loop
     vertex  5.362929e+00  4.423885e+00  3.000000e+00
     vertex  5.319929e+00  4.441955e+00  3.000000e+00
     vertex  0.000000e+00  0.000000e+00  3.000000e+00
   endloop
 endfacet
 facet normal  2.141916e-15  8.829106e-16  1.000000e+00
   outer loop
     vertex  3.958045e+01  3.862625e+01  3.000000e+00
     vertex  4.400000e+01  4.400000e+01  3.000000e+00
     vertex  3.956267e+01  3.866937e+01  3.000000e+00
   endloop
 endfacet
 facet normal  0.000000e+00 -0.000000e+00  1.000000e+00
   outer loop
     vertex  7.580448e+00  6.626245e+00  3.000000e+00
     vertex  9.000000e+00  1.100000e+01  3.000000e+00
     vertex  7.562673e+00  6.669368e+00  3.000000e+00
   endloop
 endfacet
 facet normal  0.000000e+00  0.000000e+00  1.000000e+00
   outer loop
     vertex  5.406408e+00  4.407000e+00  3.000000e+00
     vertex  5.362929e+00  4.423885e+00  3.000000e+00
     vertex  0.000000e+00  0.000000e+00  3.000000e+00
   endloop
 endfacet
 facet normal  2.198449e-15  8.364164e-16  1.000000e+00
   outer loop
     vertex  3.959703e+01  3.858265e+01  3.000000e+00
     vertex  4.400000e+01  4.400000e+01  3.000000e+00
     vertex  3.958045e+01  3.862625e+01  3.000000e+00
   endloop
 endfacet
 facet normal  0.000000e+00 -0.000000e+00  1.000000e+00
   outer loop
     vertex  7.597034e+00  6.582652e+00  3.000000e+00
     vertex  9.000000e+00  1.100000e+01  3.000000e+00
     vertex  7.580448e+00  6.626245e+00  3.000000e+00
   endloop
 endfacet
 facet normal  0.000000e+00  0.000000e+00  1.000000e+00
   outer loop
     vertex  5.450333e+00  4.391315e+00  3.000000e+00
     vertex  5.406408e+00  4.407000e+00  3.000000e+00
     vertex  0.000000e+00  0.000000e+00  3.000000e+00
   endloop
 endfacet
 facet normal  2.257268e-15  7.886110e-16  1.000000e+00
   outer loop
     vertex  3.961242e+01  3.853862e+01  3.000000e+00
     vertex  4.400000e+01  4.400000e+01  3.000000e+00
     vertex  3.959703e+01  3.858265e+01  3.000000e+00
   endloop
 endfacet
 facet normal  0.000000e+00 -0.000000e+00  1.000000e+00
   outer loop
     vertex  7.612417e+00  6.538619e+00  3.000000e+00
     vertex  9.000000e+00  1.100000e+01  3.000000e+00
     vertex  7.597034e+00  6.582652e+00  3.000000e+00
   endloop
 endfacet
 facet normal  0.000000e+00  0.000000e+00  1.000000e+00
   outer loop
     vertex  5.494673e+00  4.376841e+00  3.000000e+00
     vertex  5.450333e+00  4.391315e+00  3.000000e+00
     vertex  0.000000e+00  0.000000e+00  3.000000e+00
   endloop
 endfacet
 facet normal  2.318618e-15  7.393230e-16  1.000000e+00
   outer loop
     vertex  3.962659e+01  3.849418e+01  3.000000e+00
     vertex  4.400000e+01  4.400000e+01  3.000000e+00
     vertex  3.961242e+01  3.853862e+01  3.000000e+00
   endloop
 endfacet
 facet normal  0.000000e+00 -0.000000e+00  1.000000e+00
   outer loop
     vertex  7.626587e+00  6.494181e+00  3.000000e+00
     vertex  9.000000e+00  1.100000e+01  3.000000e+00
     vertex  7.612417e+00  6.538619e+00  3.000000e+00
   endloop
 endfacet
 facet normal  0.000000e+00  0.000000e+00  1.000000e+00
   outer loop
     vertex  5.539393e+00  4.363589e+00  3.000000e+00
     vertex  5.494673e+00  4.376841e+00  3.000000e+00
     vertex  0.000000e+00  0.000000e+00  3.000000e+00
   endloop
 endfacet
 facet normal  2.382774e-15  6.883624e-16  1.000000e+00
   outer loop
     vertex  3.963953e+01  3.844937e+01  3.000000e+00
     vertex  4.400000e+01  4.400000e+01  3.000000e+00
     vertex  3.962659e+01  3.849418e+01  3.000000e+00
   endloop
 endfacet
 facet normal  0.000000e+00 -0.000000e+00  1.000000e+00
   outer loop
     vertex  7.639532e+00  6.449371e+00  3.000000e+00
     vertex  9.000000e+00  1.100000e+01  3.000000e+00
     vertex  7.626587e+00  6.494181e+00  3.000000e+00
   endloop
 endfacet
 facet normal  0.000000e+00  0.000000e+00  1.000000e+00
   outer loop
     vertex  5.584460e+00  4.351569e+00  3.000000e+00
     vertex  5.539393e+00  4.363589e+00  3.000000e+00
     vertex  0.000000e+00  0.000000e+00  3.000000e+00
   endloop
 endfacet
 facet normal  2.450043e-15  6.355172e-16  1.000000e+00
   outer loop
     vertex  3.965124e+01  3.840422e+01  3.000000e+00
     vertex  4.400000e+01  4.400000e+01  3.000000e+00
     vertex  3.963953e+01  3.844937e+01  3.000000e+00
   endloop
 endfacet
 facet normal  0.000000e+00 -0.000000e+00  1.000000e+00
   outer loop
     vertex  7.651243e+00  6.404223e+00  3.000000e+00
     vertex  9.000000e+00  1.100000e+01  3.000000e+00
     vertex  7.639532e+00  6.449371e+00  3.000000e+00
   endloop
 endfacet
 facet normal  0.000000e+00  0.000000e+00  1.000000e+00
   outer loop
     vertex  5.629839e+00  4.340789e+00  3.000000e+00
     vertex  5.584460e+00  4.351569e+00  3.000000e+00
     vertex  0.000000e+00  0.000000e+00  3.000000e+00
   endloop
 endfacet
 facet normal  2.520773e-15  5.805499e-16  1.000000e+00
   outer loop
     vertex  3.966171e+01  3.835877e+01  3.000000e+00
     vertex  4.400000e+01  4.400000e+01  3.000000e+00
     vertex  3.965124e+01  3.840422e+01  3.000000e+00
   endloop
 endfacet
 facet normal  0.000000e+00 -0.000000e+00  1.000000e+00
   outer loop
     vertex  7.661711e+00  6.358771e+00  3.000000e+00
     vertex  9.000000e+00  1.100000e+01  3.000000e+00
     vertex  7.651243e+00  6.404223e+00  3.000000e+00
   endloop
 endfacet
 facet normal  0.000000e+00  0.000000e+00  1.000000e+00
   outer loop
     vertex  5.675498e+00  4.331259e+00  3.000000e+00
     vertex  5.629839e+00  4.340789e+00  3.000000e+00
     vertex  0.000000e+00  0.000000e+00  3.000000e+00
   endloop
 endfacet
 facet normal  2.595357e-15  5.231922e-16  1.000000e+00
   outer loop
     vertex  3.967093e+01  3.831305e+01  3.000000e+00
     vertex  4.400000e+01  4.400000e+01  3.000000e+00
     vertex  3.966171e+01  3.835877e+01  3.000000e+00
   endloop
 endfacet
 facet normal  0.000000e+00 -0.000000e+00  1.000000e+00
   outer loop
     vertex  7.670928e+00  6.313048e+00  3.000000e+00
     vertex  9.000000e+00  1.100000e+01  3.000000e+00
     vertex  7.661711e+00  6.358771e+00  3.000000e+00
   endloop
 endfacet
 facet normal  0.000000e+00  0.000000e+00  1.000000e+00
   outer loop
     vertex  5.721400e+00  4.322984e+00  3.000000e+00
     vertex  5.675498e+00  4.331259e+00  3.000000e+00
     vertex  0.000000e+00  0.000000e+00  3.000000e+00
   endloop
 endfacet
 facet normal  2.674245e-15  4.631399e-16  1.000000e+00
   outer loop
     vertex  3.967889e+01  3.826709e+01  3.000000e+00
     vertex  4.400000e+01  4.400000e+01  3.000000e+00
     vertex  3.967093e+01  3.831305e+01  3.000000e+00
   endloop
 endfacet
 facet normal  0.000000e+00 -0.000000e+00  1.000000e+00
   outer loop
     vertex  7.678887e+00  6.267090e+00  3.000000e+00
     vertex  9.000000e+00  1.100000e+01  3.000000e+00
     vertex  7.670928e+00  6.313048e+00  3.000000e+00
   endloop
 endfacet
 facet normal  0.000000e+00  0.000000e+00  1.000000e+00
   outer loop
     vertex  5.767512e+00  4.315972e+00  3.000000e+00
     vertex  5.721400e+00  4.322984e+00  3.000000e+00
     vertex  0.000000e+00  0.000000e+00  3.000000e+00
   endloop
 endfacet
 facet normal  2.757954e-15  4.000453e-16  1.000000e+00
   outer loop
     vertex  3.968558e+01  3.822093e+01  3.000000e+00
     vertex  4.400000e+01  4.400000e+01  3.000000e+00
     vertex  3.967889e+01  3.826709e+01  3.000000e+00
   endloop
 endfacet
 facet normal  0.000000e+00 -0.000000e+00  1.000000e+00
   outer loop
     vertex  7.685583e+00  6.220931e+00  3.000000e+00
     vertex  9.000000e+00  1.100000e+01  3.000000e+00
     vertex  7.678887e+00  6.267090e+00  3.000000e+00
   endloop
 endfacet
 facet normal  0.000000e+00  0.000000e+00  1.000000e+00
   outer loop
     vertex  5.813799e+00  4.310228e+00  3.000000e+00
     vertex  5.767512e+00  4.315972e+00  3.000000e+00
     vertex  0.000000e+00  0.000000e+00  3.000000e+00
   endloop
 endfacet
 facet normal  2.847078e-15  3.335089e-16  1.000000e+00
   outer loop
     vertex  3.969101e+01  3.817461e+01  3.000000e+00
     vertex  4.400000e+01  4.400000e+01  3.000000e+00
     vertex  3.968558e+01  3.822093e+01  3.000000e+00
   endloop
 endfacet
 facet normal  0.000000e+00 -0.000000e+00  1.000000e+00
   outer loop
     vertex  7.691009e+00  6.174606e+00  3.000000e+00
     vertex  9.000000e+00  1.100000e+01  3.000000e+00
     vertex  7.685583e+00  6.220931e+00  3.000000e+00
   endloop
 endfacet
 facet normal  0.000000e+00  0.000000e+00  1.000000e+00
   outer loop
     vertex  5.860227e+00  4.305756e+00  3.000000e+00
     vertex  5.813799e+00  4.310228e+00  3.000000e+00
     vertex  0.000000e+00  0.000000e+00  3.000000e+00
   endloop
 endfacet
 facet normal  2.942308e-15  2.630686e-16  1.000000e+00
   outer loop
     vertex  3.969516e+01  3.812815e+01  3.000000e+00
     vertex  4.400000e+01  4.400000e+01  3.000000e+00
     vertex  3.969101e+01  3.817461e+01  3.000000e+00
   endloop
 endfacet
 facet normal  0.000000e+00 -0.000000e+00  1.000000e+00
   outer loop
     vertex  7.695163e+00  6.128149e+00  3.000000e+00
     vertex  9.000000e+00  1.100000e+01  3.000000e+00
     vertex  7.691009e+00  6.174606e+00  3.000000e+00
   endloop
 endfacet
 facet normal  0.000000e+00  0.000000e+00  1.000000e+00
   outer loop
     vertex  5.906759e+00  4.302559e+00  3.000000e+00
     vertex  5.860227e+00  4.305756e+00  3.000000e+00
     vertex  0.000000e+00  0.000000e+00  3.000000e+00
   endloop
 endfacet
 facet normal  3.044448e-15  1.881862e-16  1.000000e+00
   outer loop
     vertex  3.969804e+01  3.808160e+01  3.000000e+00
     vertex  4.400000e+01  4.400000e+01  3.000000e+00
     vertex  3.969516e+01  3.812815e+01  3.000000e+00
   endloop
 endfacet
 facet normal  0.000000e+00 -0.000000e+00  1.000000e+00
   outer loop
     vertex  7.698041e+00  6.081595e+00  3.000000e+00
     vertex  9.000000e+00  1.100000e+01  3.000000e+00
     vertex  7.695163e+00  6.128149e+00  3.000000e+00
   endloop
 endfacet
 facet normal  0.000000e+00  0.000000e+00  1.000000e+00
   outer loop
     vertex  5.953362e+00  4.300640e+00  3.000000e+00
     vertex  5.906759e+00  4.302559e+00  3.000000e+00
     vertex  0.000000e+00  0.000000e+00  3.000000e+00
   endloop
 endfacet
 facet normal  3.154448e-15  1.082301e-16  1.000000e+00
   outer loop
     vertex  3.969964e+01  3.803498e+01  3.000000e+00
     vertex  4.400000e+01  4.400000e+01  3.000000e+00
     vertex  3.969804e+01  3.808160e+01  3.000000e+00
   endloop
 endfacet
 facet normal  0.000000e+00 -0.000000e+00  1.000000e+00
   outer loop
     vertex  7.699640e+00  6.034980e+00  3.000000e+00
     vertex  9.000000e+00  1.100000e+01  3.000000e+00
     vertex  7.698041e+00  6.081595e+00  3.000000e+00
   endloop
 endfacet
 facet normal  0.000000e+00  0.000000e+00  1.000000e+00
   outer loop
     vertex  6.000000e+00  4.300000e+00  3.000000e+00
     vertex  5.953362e+00  4.300640e+00  3.000000e+00
     vertex  0.000000e+00  0.000000e+00  3.000000e+00
   endloop
 endfacet
 facet normal  3.273427e-15  2.245401e-17  1.000000e+00
   outer loop
     vertex  3.969996e+01  3.798834e+01  3.000000e+00
     vertex  4.400000e+01  4.400000e+01  3.000000e+00
     vertex  3.969964e+01  3.803498e+01  3.000000e+00
   endloop
 endfacet
 facet normal  0.000000e+00 -0.000000e+00  1.000000e+00
   outer loop
     vertex  7.699960e+00  5.988339e+00  3.000000e+00
     vertex  9.000000e+00  1.100000e+01  3.000000e+00
     vertex  7.699640e+00  6.034980e+00  3.000000e+00
   endloop
 endfacet
 facet normal  0.000000e+00  0.000000e+00  1.000000e+00
   outer loop
     vertex  6.046638e+00  4.300640e+00  3.000000e+00
     vertex  6.000000e+00  4.300000e+00  3.000000e+00
     vertex  0.000000e+00  0.000000e+00  3.000000e+00
   endloop
 endfacet
 facet normal  3.402727e-15 -7.003160e-17  1.000000e+00
   outer loop
     vertex  3.969900e+01  3.794171e+01  3.000000e+00
     vertex  4.400000e+01  4.400000e+01  3.000000e+00
     vertex  3.969996e+01  3.798834e+01  3.000000e+00
   endloop
 endfacet
 facet normal  0.000000e+00  0.000000e+00  1.000000e+00
   outer loop
     vertex  7.699000e+00  5.941707e+00  3.000000e+00
     vertex  9.000000e+00  1.100000e+01  3.000000e+00
     vertex  7.699960e+00  5.988339e+00  3.000000e+00
   endloop
 endfacet
 facet normal  0.000000e+00  0.000000e+00  1.000000e+00
   outer loop
     vertex  6.093241e+00  4.302559e+00  3.000000e+00
     vertex  6.046638e+00  4.300640e+00  3.000000e+00
     vertex  0.000000e+00  0.000000e+00  3.000000e+00
   endloop
 endfacet
 facet normal  3.543957e-15 -1.702962e-16  1.000000e+00
   outer loop
     vertex  3.969676e+01  3.789512e+01  3.000000e+00
     vertex  4.400000e+01  4.400000e+01  3.000000e+00
     vertex  3.969900e+01  3.794171e+01  3.000000e+00
   endloop
 endfacet
 facet normal  0.000000e+00  0.000000e+00  1.000000e+00
   outer loop
     vertex  6.139773e+00  4.305756e+00  3.000000e+00
     vertex  6.093241e+00  4.302559e+00  3.000000e+00
     vertex  0.000000e+00  0.000000e+00  3.000000e+00
   endloop
 endfacet
 facet normal  3.699077e-15 -2.796377e-16  1.000000e+00
   outer loop
     vertex  3.969325e+01  3.784861e+01  3.000000e+00
     vertex  4.400000e+01  4.400000e+01  3.000000e+00
     vertex  3.969676e+01  3.789512e+01  3.000000e+00
   endloop
 endfacet
 facet normal  0.000000e+00  0.000000e+00  1.000000e+00
   outer loop
     vertex  6.186201e+00  4.310228e+00  3.000000e+00
     vertex  6.139773e+00  4.305756e+00  3.000000e+00
     vertex  0.000000e+00  0.000000e+00  3.000000e+00
   endloop
 endfacet
 facet normal  3.870489e-15 -3.996482e-16  1.000000e+00
   outer loop
     vertex  3.968846e+01  3.780221e+01  3.000000e+00
     vertex  4.400000e+01  4.400000e+01  3.000000e+00
     vertex  3.969325e+01  3.784861e+01  3.000000e+00
   endloop
 endfacet
 facet normal  0.000000e+00  0.000000e+00  1.000000e+00
   outer loop
     vertex  6.232488e+00  4.315972e+00  3.000000e+00
     vertex  6.186201e+00  4.310228e+00  3.000000e+00
     vertex  0.000000e+00  0.000000e+00  3.000000e+00
   endloop
 endfacet
 facet normal  4.061179e-15 -5.323028e-16  1.000000e+00
   outer loop
     vertex  3.968239e+01  3.775597e+01  3.000000e+00
     vertex  4.400000e+01  4.400000e+01  3.000000e+00
     vertex  3.968846e+01  3.780221e+01  3.000000e+00
   endloop
 endfacet
 facet normal  0.000000e+00  0.000000e+00  1.000000e+00
   outer loop
     vertex  6.278600e+00  4.322984e+00  3.000000e+00
     vertex  6.232488e+00  4.315972e+00  3.000000e+00
     vertex  0.000000e+00  0.000000e+00  3.000000e+00
   endloop
 endfacet
 facet normal  4.274895e-15 -6.800831e-16  1.000000e+00
   outer loop
     vertex  3.967507e+01  3.770990e+01  3.000000e+00
     vertex  4.400000e+01  4.400000e+01  3.000000e+00
     vertex  3.968239e+01  3.775597e+01  3.000000e+00
   endloop
 endfacet
 facet normal  0.000000e+00  0.000000e+00  1.000000e+00
   outer loop
     vertex  6.324502e+00  4.331259e+00  3.000000e+00
     vertex  6.278600e+00  4.322984e+00  3.000000e+00
     vertex  0.000000e+00  0.000000e+00  3.000000e+00
   endloop
 endfacet
 facet normal -7.192812e-15  4.446085e-16  1.000000e+00
   outer loop
     vertex  3.500000e+01  3.300000e+01  3.000000e+00
     vertex  3.630196e+01  3.808160e+01  3.000000e+00
     vertex  3.630484e+01  3.812815e+01  3.000000e+00
   endloop
 endfacet
 facet normal -6.301327e-15  2.162005e-16  1.000000e+00
   outer loop
     vertex  3.500000e+01  3.300000e+01  3.000000e+00
     vertex  3.630036e+01  3.803498e+01  3.000000e+00
     vertex  3.630196e+01  3.808160e+01  3.000000e+00
   endloop
 endfacet
 facet normal -5.613289e-15  3.850424e-17  1.000000e+00
   outer loop
     vertex  3.500000e+01  3.300000e+01  3.000000e+00
     vertex  3.630004e+01  3.798834e+01  3.000000e+00
     vertex  3.630036e+01  3.803498e+01  3.000000e+00
   endloop
 endfacet
 facet normal -5.065518e-15 -1.042535e-16  1.000000e+00
   outer loop
     vertex  3.500000e+01  3.300000e+01  3.000000e+00
     vertex  3.630100e+01  3.794171e+01  3.000000e+00
     vertex  3.630004e+01  3.798834e+01  3.000000e+00
   endloop
 endfacet
 facet normal -4.618528e-15 -2.219320e-16  1.000000e+00
   outer loop
     vertex  3.500000e+01  3.300000e+01  3.000000e+00
     vertex  3.630324e+01  3.789512e+01  3.000000e+00
     vertex  3.630100e+01  3.794171e+01  3.000000e+00
   endloop
 endfacet
 facet normal -4.246374e-15 -3.210115e-16  1.000000e+00
   outer loop
     vertex  3.500000e+01  3.300000e+01  3.000000e+00
     vertex  3.630675e+01  3.784861e+01  3.000000e+00
     vertex  3.630324e+01  3.789512e+01  3.000000e+00
   endloop
 endfacet
 facet normal -3.931301e-15 -4.059273e-16  1.000000e+00
   outer loop
     vertex  3.500000e+01  3.300000e+01  3.000000e+00
     vertex  3.631154e+01  3.780221e+01  3.000000e+00
     vertex  3.630675e+01  3.784861e+01  3.000000e+00
   endloop
 endfacet
 facet normal -3.660750e-15 -4.798182e-16  1.000000e+00
   outer loop
     vertex  3.500000e+01  3.300000e+01  3.000000e+00
     vertex  3.631761e+01  3.775597e+01  3.000000e+00
     vertex  3.631154e+01  3.780221e+01  3.000000e+00
   endloop
 endfacet
 facet normal -3.425586e-15 -5.449685e-16  1.000000e+00
   outer loop
     vertex  3.500000e+01  3.300000e+01  3.000000e+00
     vertex  3.632493e+01  3.770990e+01  3.000000e+00
     vertex  3.631761e+01  3.775597e+01  3.000000e+00
   endloop
 endfacet
 facet normal -3.219007e-15 -6.030810e-16  1.000000e+00
   outer loop
     vertex  3.500000e+01  3.300000e+01  3.000000e+00
     vertex  3.633352e+01  3.766406e+01  3.000000e+00
     vertex  3.632493e+01  3.770990e+01  3.000000e+00
   endloop
 endfacet
 facet normal -3.035839e-15 -6.554514e-16  1.000000e+00
   outer loop
     vertex  3.500000e+01  3.300000e+01  3.000000e+00
     vertex  3.634337e+01  3.761847e+01  3.000000e+00
     vertex  3.633352e+01  3.766406e+01  3.000000e+00
   endloop
 endfacet
 facet normal -2.872081e-15 -7.030837e-16  1.000000e+00
   outer loop
     vertex  3.500000e+01  3.300000e+01  3.000000e+00
     vertex  3.635446e+01  3.757316e+01  3.000000e+00
     vertex  3.634337e+01  3.761847e+01  3.000000e+00
   endloop
 endfacet
 facet normal -2.724585e-15 -7.467683e-16  1.000000e+00
   outer loop
     vertex  3.500000e+01  3.300000e+01  3.000000e+00
     vertex  3.636679e+01  3.752818e+01  3.000000e+00
     vertex  3.635446e+01  3.757316e+01  3.000000e+00
   endloop
 endfacet
 facet normal -2.590843e-15 -7.871368e-16  1.000000e+00
   outer loop
     vertex  3.500000e+01  3.300000e+01  3.000000e+00
     vertex  3.638035e+01  3.748355e+01  3.000000e+00
     vertex  3.636679e+01  3.752818e+01  3.000000e+00
   endloop
 endfacet
 facet normal -2.468833e-15 -8.247001e-16  1.000000e+00
   outer loop
     vertex  3.500000e+01  3.300000e+01  3.000000e+00
     vertex  3.639512e+01  3.743931e+01  3.000000e+00
     vertex  3.638035e+01  3.748355e+01  3.000000e+00
   endloop
 endfacet
 facet normal -2.356901e-15 -8.598765e-16  1.000000e+00
   outer loop
     vertex  3.500000e+01  3.300000e+01  3.000000e+00
     vertex  3.641111e+01  3.739549e+01  3.000000e+00
     vertex  3.639512e+01  3.743931e+01  3.000000e+00
   endloop
 endfacet
 facet normal -2.253685e-15 -8.930124e-16  1.000000e+00
   outer loop
     vertex  3.500000e+01  3.300000e+01  3.000000e+00
     vertex  3.642829e+01  3.735213e+01  3.000000e+00
     vertex  3.641111e+01  3.739549e+01  3.000000e+00
   endloop
 endfacet
 facet normal -2.158052e-15 -9.243973e-16  1.000000e+00
   outer loop
     vertex  3.500000e+01  3.300000e+01  3.000000e+00
     vertex  3.644666e+01  3.730926e+01  3.000000e+00
     vertex  3.642829e+01  3.735213e+01  3.000000e+00
   endloop
 endfacet
 facet normal -2.069051e-15 -9.542759e-16  1.000000e+00
   outer loop
     vertex  3.500000e+01  3.300000e+01  3.000000e+00
     vertex  3.646619e+01  3.726690e+01  3.000000e+00
     vertex  3.644666e+01  3.730926e+01  3.000000e+00
   endloop
 endfacet
 facet normal -1.985876e-15 -9.828563e-16  1.000000e+00
   outer loop
     vertex  3.500000e+01  3.300000e+01  3.000000e+00
     vertex  3.648688e+01  3.722510e+01  3.000000e+00
     vertex  3.646619e+01  3.726690e+01  3.000000e+00
   endloop
 endfacet
 facet normal -1.907842e-15 -1.010318e-15  1.000000e+00
   outer loop
     vertex  3.500000e+01  3.300000e+01  3.000000e+00
     vertex  3.650871e+01  3.718388e+01  3.000000e+00
     vertex  3.648688e+01  3.722510e+01  3.000000e+00
   endloop
 endfacet
 facet normal -1.834359e-15 -1.036816e-15  1.000000e+00
   outer loop
     vertex  3.500000e+01  3.300000e+01  3.000000e+00
     vertex  3.653166e+01  3.714328e+01  3.000000e+00
     vertex  3.650871e+01  3.718388e+01  3.000000e+00
   endloop
 endfacet
 facet normal -1.764920e-15 -1.062486e-15  1.000000e+00
   outer loop
     vertex  3.500000e+01  3.300000e+01  3.000000e+00
     vertex  3.655572e+01  3.710332e+01  3.000000e+00
     vertex  3.653166e+01  3.714328e+01  3.000000e+00
   endloop
 endfacet
 facet normal -1.699081e-15 -1.087447e-15  1.000000e+00
   outer loop
     vertex  3.500000e+01  3.300000e+01  3.000000e+00
     vertex  3.658086e+01  3.706403e+01  3.000000e+00
     vertex  3.655572e+01  3.710332e+01  3.000000e+00
   endloop
 endfacet
 facet normal -1.636458e-15 -1.111807e-15  1.000000e+00
   outer loop
     vertex  3.500000e+01  3.300000e+01  3.000000e+00
     vertex  3.660707e+01  3.702545e+01  3.000000e+00
     vertex  3.658086e+01  3.706403e+01  3.000000e+00
   endloop
 endfacet
 facet normal -1.576708e-15 -1.135661e-15  1.000000e+00
   outer loop
     vertex  3.500000e+01  3.300000e+01  3.000000e+00
     vertex  3.663433e+01  3.698760e+01  3.000000e+00
     vertex  3.660707e+01  3.702545e+01  3.000000e+00
   endloop
 endfacet
 facet normal -1.519533e-15 -1.159094e-15  1.000000e+00
   outer loop
     vertex  3.500000e+01  3.300000e+01  3.000000e+00
     vertex  3.666262e+01  3.695052e+01  3.000000e+00
     vertex  3.663433e+01  3.698760e+01  3.000000e+00
   endloop
 endfacet
 facet normal -1.464665e-15 -1.182186e-15  1.000000e+00
   outer loop
     vertex  3.500000e+01  3.300000e+01  3.000000e+00
     vertex  3.669191e+01  3.691422e+01  3.000000e+00
     vertex  3.666262e+01  3.695052e+01  3.000000e+00
   endloop
 endfacet
 facet normal -1.411864e-15 -1.205009e-15  1.000000e+00
   outer loop
     vertex  3.500000e+01  3.300000e+01  3.000000e+00
     vertex  3.672219e+01  3.687875e+01  3.000000e+00
     vertex  3.669191e+01  3.691422e+01  3.000000e+00
   endloop
 endfacet
 facet normal  0.000000e+00 -1.385574e-15  1.000000e+00
   outer loop
     vertex  3.500000e+01  3.300000e+01  3.000000e+00
     vertex  7.695163e+00  3.812815e+01  3.000000e+00
     vertex  9.000000e+00  3.300000e+01  3.000000e+00
   endloop
 endfacet
 facet normal -1.360916e-15 -1.227630e-15  1.000000e+00
   outer loop
     vertex  3.500000e+01  3.300000e+01  3.000000e+00
     vertex  3.675343e+01  3.684411e+01  3.000000e+00
     vertex  3.672219e+01  3.687875e+01  3.000000e+00
   endloop
 endfacet
 facet normal -1.311627e-15 -1.250113e-15  1.000000e+00
   outer loop
     vertex  3.500000e+01  3.300000e+01  3.000000e+00
     vertex  3.678561e+01  3.681035e+01  3.000000e+00
     vertex  3.675343e+01  3.684411e+01  3.000000e+00
   endloop
 endfacet
 facet normal -1.263818e-15 -1.272517e-15  1.000000e+00
   outer loop
     vertex  3.500000e+01  3.300000e+01  3.000000e+00
     vertex  3.681871e+01  3.677748e+01  3.000000e+00
     vertex  3.678561e+01  3.681035e+01  3.000000e+00
   endloop
 endfacet
 facet normal -1.217330e-15 -1.294900e-15  1.000000e+00
   outer loop
     vertex  3.500000e+01  3.300000e+01  3.000000e+00
     vertex  3.685269e+01  3.674553e+01  3.000000e+00
     vertex  3.681871e+01  3.677748e+01  3.000000e+00
   endloop
 endfacet
 facet normal -1.172012e-15 -1.317316e-15  1.000000e+00
   outer loop
     vertex  3.500000e+01  3.300000e+01  3.000000e+00
     vertex  3.688754e+01  3.671453e+01  3.000000e+00
     vertex  3.685269e+01  3.674553e+01  3.000000e+00
   endloop
 endfacet
 facet normal  2.991360e-17 -2.180354e-15  1.000000e+00
   outer loop
     vertex  3.500000e+01  3.300000e+01  3.000000e+00
     vertex  3.804664e+01  3.630064e+01  3.000000e+00
     vertex  3.800000e+01  3.630000e+01  3.000000e+00
   endloop
 endfacet
 facet normal -1.127726e-15 -1.339819e-15  1.000000e+00
   outer loop
     vertex  3.500000e+01  3.300000e+01  3.000000e+00
     vertex  3.692322e+01  3.668450e+01  3.000000e+00
     vertex  3.688754e+01  3.671453e+01  3.000000e+00
   endloop
 endfacet
 facet normal  9.215156e-17 -2.237802e-15  1.000000e+00
   outer loop
     vertex  3.500000e+01  3.300000e+01  3.000000e+00
     vertex  3.809324e+01  3.630256e+01  3.000000e+00
     vertex  3.804664e+01  3.630064e+01  3.000000e+00
   endloop
 endfacet
 facet normal -1.084346e-15 -1.362463e-15  1.000000e+00
   outer loop
     vertex  3.500000e+01  3.300000e+01  3.000000e+00
     vertex  3.695972e+01  3.665545e+01  3.000000e+00
     vertex  3.692322e+01  3.668450e+01  3.000000e+00
   endloop
 endfacet
 facet normal  1.579760e-16 -2.299455e-15  1.000000e+00
   outer loop
     vertex  3.500000e+01  3.300000e+01  3.000000e+00
     vertex  3.813977e+01  3.630576e+01  3.000000e+00
     vertex  3.809324e+01  3.630256e+01  3.000000e+00
   endloop
 endfacet
 facet normal -1.041748e-15 -1.385300e-15  1.000000e+00
   outer loop
     vertex  3.500000e+01  3.300000e+01  3.000000e+00
     vertex  3.699700e+01  3.662742e+01  3.000000e+00
     vertex  3.695972e+01  3.665545e+01  3.000000e+00
   endloop
 endfacet
 facet normal  2.278980e-16 -2.365866e-15  1.000000e+00
   outer loop
     vertex  3.500000e+01  3.300000e+01  3.000000e+00
     vertex  3.818620e+01  3.631023e+01  3.000000e+00
     vertex  3.813977e+01  3.630576e+01  3.000000e+00
   endloop
 endfacet
 facet normal -9.998196e-16 -1.408383e-15  1.000000e+00
   outer loop
     vertex  3.500000e+01  3.300000e+01  3.000000e+00
     vertex  3.703503e+01  3.660042e+01  3.000000e+00
     vertex  3.699700e+01  3.662742e+01  3.000000e+00
   endloop
 endfacet
 facet normal  3.025172e-16 -2.437689e-15  1.000000e+00
   outer loop
     vertex  3.500000e+01  3.300000e+01  3.000000e+00
     vertex  3.823249e+01  3.631597e+01  3.000000e+00
     vertex  3.818620e+01  3.631023e+01  3.000000e+00
   endloop
 endfacet
 facet normal -9.584514e-16 -1.431765e-15  1.000000e+00
   outer loop
     vertex  3.500000e+01  3.300000e+01  3.000000e+00
     vertex  3.707379e+01  3.657447e+01  3.000000e+00
     vertex  3.703503e+01  3.660042e+01  3.000000e+00
   endloop
 endfacet
 facet normal  3.825431e-16 -2.515701e-15  1.000000e+00
   outer loop
     vertex  3.500000e+01  3.300000e+01  3.000000e+00
     vertex  3.827860e+01  3.632298e+01  3.000000e+00
     vertex  3.823249e+01  3.631597e+01  3.000000e+00
   endloop
 endfacet
 facet normal -9.175387e-16 -1.455501e-15  1.000000e+00
   outer loop
     vertex  3.500000e+01  3.300000e+01  3.000000e+00
     vertex  3.711324e+01  3.654960e+01  3.000000e+00
     vertex  3.707379e+01  3.657447e+01  3.000000e+00
   endloop
 endfacet
 facet normal  4.688222e-16 -2.600827e-15  1.000000e+00
   outer loop
     vertex  3.500000e+01  3.300000e+01  3.000000e+00
     vertex  3.832450e+01  3.633126e+01  3.000000e+00
     vertex  3.827860e+01  3.632298e+01  3.000000e+00
   endloop
 endfacet
 facet normal -8.769800e-16 -1.479647e-15  1.000000e+00
   outer loop
     vertex  3.500000e+01  3.300000e+01  3.000000e+00
     vertex  3.715337e+01  3.652582e+01  3.000000e+00
     vertex  3.711324e+01  3.654960e+01  3.000000e+00
   endloop
 endfacet
 facet normal -8.366763e-16 -1.504263e-15  1.000000e+00
   outer loop
     vertex  3.500000e+01  3.300000e+01  3.000000e+00
     vertex  3.719413e+01  3.650315e+01  3.000000e+00
     vertex  3.715337e+01  3.652582e+01  3.000000e+00
   endloop
 endfacet
 facet normal -7.965297e-16 -1.529408e-15  1.000000e+00
   outer loop
     vertex  3.500000e+01  3.300000e+01  3.000000e+00
     vertex  3.723550e+01  3.648160e+01  3.000000e+00
     vertex  3.719413e+01  3.650315e+01  3.000000e+00
   endloop
 endfacet
 facet normal -7.564429e-16 -1.555147e-15  1.000000e+00
   outer loop
     vertex  3.500000e+01  3.300000e+01  3.000000e+00
     vertex  3.727744e+01  3.646120e+01  3.000000e+00
     vertex  3.723550e+01  3.648160e+01  3.000000e+00
   endloop
 endfacet
 facet normal -7.163181e-16 -1.581549e-15  1.000000e+00
   outer loop
     vertex  3.500000e+01  3.300000e+01  3.000000e+00
     vertex  3.731993e+01  3.644196e+01  3.000000e+00
     vertex  3.727744e+01  3.646120e+01  3.000000e+00
   endloop
 endfacet
 facet normal -6.760562e-16 -1.608686e-15  1.000000e+00
   outer loop
     vertex  3.500000e+01  3.300000e+01  3.000000e+00
     vertex  3.736293e+01  3.642388e+01  3.000000e+00
     vertex  3.731993e+01  3.644196e+01  3.000000e+00
   endloop
 endfacet
 facet normal -6.355558e-16 -1.636637e-15  1.000000e+00
   outer loop
     vertex  3.500000e+01  3.300000e+01  3.000000e+00
     vertex  3.740641e+01  3.640700e+01  3.000000e+00
     vertex  3.736293e+01  3.642388e+01  3.000000e+00
   endloop
 endfacet
 facet normal -5.947122e-16 -1.665485e-15  1.000000e+00
   outer loop
     vertex  3.500000e+01  3.300000e+01  3.000000e+00
     vertex  3.745033e+01  3.639132e+01  3.000000e+00
     vertex  3.740641e+01  3.640700e+01  3.000000e+00
   endloop
 endfacet
 facet normal -5.534162e-16 -1.695323e-15  1.000000e+00
   outer loop
     vertex  3.500000e+01  3.300000e+01  3.000000e+00
     vertex  3.749467e+01  3.637684e+01  3.000000e+00
     vertex  3.745033e+01  3.639132e+01  3.000000e+00
   endloop
 endfacet
 facet normal -5.115530e-16 -1.726249e-15  1.000000e+00
   outer loop
     vertex  3.500000e+01  3.300000e+01  3.000000e+00
     vertex  3.753939e+01  3.636359e+01  3.000000e+00
     vertex  3.749467e+01  3.637684e+01  3.000000e+00
   endloop
 endfacet
 facet normal -4.690011e-16 -1.758375e-15  1.000000e+00
   outer loop
     vertex  3.500000e+01  3.300000e+01  3.000000e+00
     vertex  3.758446e+01  3.635157e+01  3.000000e+00
     vertex  3.753939e+01  3.636359e+01  3.000000e+00
   endloop
 endfacet
 facet normal -4.256305e-16 -1.791819e-15  1.000000e+00
   outer loop
     vertex  3.500000e+01  3.300000e+01  3.000000e+00
     vertex  3.762984e+01  3.634079e+01  3.000000e+00
     vertex  3.758446e+01  3.635157e+01  3.000000e+00
   endloop
 endfacet
 facet normal -3.813009e-16 -1.826714e-15  1.000000e+00
   outer loop
     vertex  3.500000e+01  3.300000e+01  3.000000e+00
     vertex  3.767550e+01  3.633126e+01  3.000000e+00
     vertex  3.762984e+01  3.634079e+01  3.000000e+00
   endloop
 endfacet
 facet normal -3.358602e-16 -1.863210e-15  1.000000e+00
   outer loop
     vertex  3.500000e+01  3.300000e+01  3.000000e+00
     vertex  3.772140e+01  3.632298e+01  3.000000e+00
     vertex  3.767550e+01  3.633126e+01  3.000000e+00
   endloop
 endfacet
 facet normal -2.891419e-16 -1.901471e-15  1.000000e+00
   outer loop
     vertex  3.500000e+01  3.300000e+01  3.000000e+00
     vertex  3.776751e+01  3.631597e+01  3.000000e+00
     vertex  3.772140e+01  3.632298e+01  3.000000e+00
   endloop
 endfacet
 facet normal -2.409625e-16 -1.941681e-15  1.000000e+00
   outer loop
     vertex  3.500000e+01  3.300000e+01  3.000000e+00
     vertex  3.781380e+01  3.631023e+01  3.000000e+00
     vertex  3.776751e+01  3.631597e+01  3.000000e+00
   endloop
 endfacet
 facet normal -1.911186e-16 -1.984050e-15  1.000000e+00
   outer loop
     vertex  3.500000e+01  3.300000e+01  3.000000e+00
     vertex  3.786023e+01  3.630576e+01  3.000000e+00
     vertex  3.781380e+01  3.631023e+01  3.000000e+00
   endloop
 endfacet
 facet normal  0.000000e+00 -1.385574e-15  1.000000e+00
   outer loop
     vertex  3.500000e+01  3.300000e+01  3.000000e+00
     vertex  3.630484e+01  3.812815e+01  3.000000e+00
     vertex  7.695163e+00  3.812815e+01  3.000000e+00
   endloop
 endfacet
 facet normal -1.393825e-16 -2.028813e-15  1.000000e+00
   outer loop
     vertex  3.500000e+01  3.300000e+01  3.000000e+00
     vertex  3.790676e+01  3.630256e+01  3.000000e+00
     vertex  3.786023e+01  3.630576e+01  3.000000e+00
   endloop
 endfacet
 facet normal -8.549849e-17 -2.076240e-15  1.000000e+00
   outer loop
     vertex  3.500000e+01  3.300000e+01  3.000000e+00
     vertex  3.795336e+01  3.630064e+01  3.000000e+00
     vertex  3.790676e+01  3.630256e+01  3.000000e+00
   endloop
 endfacet
 facet normal -2.917660e-17 -2.126636e-15  1.000000e+00
   outer loop
     vertex  3.500000e+01  3.300000e+01  3.000000e+00
     vertex  3.800000e+01  3.630000e+01  3.000000e+00
     vertex  3.795336e+01  3.630064e+01  3.000000e+00
   endloop
 endfacet
 facet normal  4.516422e-15 -8.461518e-16  1.000000e+00
   outer loop
     vertex  3.966648e+01  3.766406e+01  3.000000e+00
     vertex  4.400000e+01  4.400000e+01  3.000000e+00
     vertex  3.967507e+01  3.770990e+01  3.000000e+00
   endloop
 endfacet
 facet normal  5.623740e-16 -2.694189e-15  1.000000e+00
   outer loop
     vertex  3.837016e+01  3.634079e+01  3.000000e+00
     vertex  3.832450e+01  3.633126e+01  3.000000e+00
     vertex  3.500000e+01  3.300000e+01  3.000000e+00
   endloop
 endfacet
 facet normal  0.000000e+00  0.000000e+00  1.000000e+00
   outer loop
     vertex  6.370161e+00  4.340789e+00  3.000000e+00
     vertex  6.324502e+00  4.331259e+00  3.000000e+00
     vertex  0.000000e+00  0.000000e+00  3.000000e+00
   endloop
 endfacet
 facet normal  4.791955e-15 -1.034605e-15  1.000000e+00
   outer loop
     vertex  3.965663e+01  3.761847e+01  3.000000e+00
     vertex  4.400000e+01  4.400000e+01  3.000000e+00
     vertex  3.966648e+01  3.766406e+01  3.000000e+00
   endloop
 endfacet
 facet normal  6.644382e-16 -2.797151e-15  1.000000e+00
   outer loop
     vertex  3.841554e+01  3.635157e+01  3.000000e+00
     vertex  3.837016e+01  3.634079e+01  3.000000e+00
     vertex  3.500000e+01  3.300000e+01  3.000000e+00
   endloop
 endfacet
 facet normal  0.000000e+00  0.000000e+00  1.000000e+00
   outer loop
     vertex  6.415540e+00  4.351569e+00  3.000000e+00
     vertex  6.370161e+00  4.340789e+00  3.000000e+00
     vertex  0.000000e+00  0.000000e+00  3.000000e+00
   endloop
 endfacet
 facet normal  5.109665e-15 -1.250843e-15  1.000000e+00
   outer loop
     vertex  3.964554e+01  3.757316e+01  3.000000e+00
     vertex  4.400000e+01  4.400000e+01  3.000000e+00
     vertex  3.965663e+01  3.761847e+01  3.000000e+00
   endloop
 endfacet
 facet normal  7.765386e-16 -2.911391e-15  1.000000e+00
   outer loop
     vertex  3.846061e+01  3.636359e+01  3.000000e+00
     vertex  3.841554e+01  3.635157e+01  3.000000e+00
     vertex  3.500000e+01  3.300000e+01  3.000000e+00
   endloop
 endfacet
 facet normal  0.000000e+00  0.000000e+00  1.000000e+00
   outer loop
     vertex  6.460607e+00  4.363589e+00  3.000000e+00
     vertex  6.415540e+00  4.351569e+00  3.000000e+00
     vertex  0.000000e+00  0.000000e+00  3.000000e+00
   endloop
 endfacet
 facet normal  5.480560e-15 -1.502140e-15  1.000000e+00
   outer loop
     vertex  3.963321e+01  3.752818e+01  3.000000e+00
     vertex  4.400000e+01  4.400000e+01  3.000000e+00
     vertex  3.964554e+01  3.757316e+01  3.000000e+00
   endloop
 endfacet
 facet normal  9.005710e-16 -3.039001e-15  1.000000e+00
   outer loop
     vertex  3.850533e+01  3.637684e+01  3.000000e+00
     vertex  3.846061e+01  3.636359e+01  3.000000e+00
     vertex  3.500000e+01  3.300000e+01  3.000000e+00
   endloop
 endfacet
 facet normal  0.000000e+00  0.000000e+00  1.000000e+00
   outer loop
     vertex  6.505327e+00  4.376841e+00  3.000000e+00
     vertex  6.460607e+00  4.363589e+00  3.000000e+00
     vertex  0.000000e+00  0.000000e+00  3.000000e+00
   endloop
 endfacet
 facet normal  5.919830e-15 -1.798533e-15  1.000000e+00
   outer loop
     vertex  3.961965e+01  3.748355e+01  3.000000e+00
     vertex  4.400000e+01  4.400000e+01  3.000000e+00
     vertex  3.963321e+01  3.752818e+01  3.000000e+00
   endloop
 endfacet
 facet normal  1.038925e-15 -3.182619e-15  1.000000e+00
   outer loop
     vertex  3.854967e+01  3.639132e+01  3.000000e+00
     vertex  3.850533e+01  3.637684e+01  3.000000e+00
     vertex  3.500000e+01  3.300000e+01  3.000000e+00
   endloop
 endfacet
 facet normal  0.000000e+00  0.000000e+00  1.000000e+00
   outer loop
     vertex  6.549667e+00  4.391315e+00  3.000000e+00
     vertex  6.505327e+00  4.376841e+00  3.000000e+00
     vertex  0.000000e+00  0.000000e+00  3.000000e+00
   endloop
 endfacet
 facet normal  6.449040e-15 -2.154267e-15  1.000000e+00
   outer loop
     vertex  3.960488e+01  3.743931e+01  3.000000e+00
     vertex  4.400000e+01  4.400000e+01  3.000000e+00
     vertex  3.961965e+01  3.748355e+01  3.000000e+00
   endloop
 endfacet
 facet normal  1.194656e-15 -3.345622e-15  1.000000e+00
   outer loop
     vertex  3.859359e+01  3.640700e+01  3.000000e+00
     vertex  3.854967e+01  3.639132e+01  3.000000e+00
     vertex  3.500000e+01  3.300000e+01  3.000000e+00
   endloop
 endfacet
 facet normal  0.000000e+00  0.000000e+00  1.000000e+00
   outer loop
     vertex  6.593592e+00  4.407000e+00  3.000000e+00
     vertex  6.549667e+00  4.391315e+00  3.000000e+00
     vertex  0.000000e+00  0.000000e+00  3.000000e+00
   endloop
 endfacet
 facet normal  7.099875e-15 -2.590273e-15  1.000000e+00
   outer loop
     vertex  3.958889e+01  3.739549e+01  3.000000e+00
     vertex  4.400000e+01  4.400000e+01  3.000000e+00
     vertex  3.960488e+01  3.743931e+01  3.000000e+00
   endloop
 endfacet
 facet normal  1.371740e-15 -3.532404e-15  1.000000e+00
   outer loop
     vertex  3.863707e+01  3.642388e+01  3.000000e+00
     vertex  3.859359e+01  3.640700e+01  3.000000e+00
     vertex  3.500000e+01  3.300000e+01  3.000000e+00
   endloop
 endfacet
 facet normal  0.000000e+00  0.000000e+00  1.000000e+00
   outer loop
     vertex  6.637071e+00  4.423885e+00  3.000000e+00
     vertex  6.593592e+00  4.407000e+00  3.000000e+00
     vertex  0.000000e+00  0.000000e+00  3.000000e+00
   endloop
 endfacet
 facet normal  7.920863e-15 -3.138606e-15  1.000000e+00
   outer loop
     vertex  3.957171e+01  3.735213e+01  3.000000e+00
     vertex  4.400000e+01  4.400000e+01  3.000000e+00
     vertex  3.958889e+01  3.739549e+01  3.000000e+00
   endloop
 endfacet
 facet normal  1.575443e-15 -3.748791e-15  1.000000e+00
   outer loop
     vertex  3.868007e+01  3.644196e+01  3.000000e+00
     vertex  3.863707e+01  3.642388e+01  3.000000e+00
     vertex  3.500000e+01  3.300000e+01  3.000000e+00
   endloop
 endfacet
 facet normal  0.000000e+00  0.000000e+00  1.000000e+00
   outer loop
     vertex  6.680071e+00  4.441955e+00  3.000000e+00
     vertex  6.637071e+00  4.423885e+00  3.000000e+00
     vertex  0.000000e+00  0.000000e+00  3.000000e+00
   endloop
 endfacet
 facet normal  8.990280e-15 -3.850968e-15  1.000000e+00
   outer loop
     vertex  3.955334e+01  3.730926e+01  3.000000e+00
     vertex  4.400000e+01  4.400000e+01  3.000000e+00
     vertex  3.957171e+01  3.735213e+01  3.000000e+00
   endloop
 endfacet
 facet normal  0.000000e+00  0.000000e+00  1.000000e+00
   outer loop
     vertex  6.722558e+00  4.461199e+00  3.000000e+00
     vertex  6.680071e+00  4.441955e+00  3.000000e+00
     vertex  0.000000e+00  0.000000e+00  3.000000e+00
   endloop
 endfacet
 facet normal  1.812898e-15 -4.002673e-15  1.000000e+00
   outer loop
     vertex  3.872256e+01  3.646120e+01  3.000000e+00
     vertex  3.868007e+01  3.644196e+01  3.000000e+00
     vertex  3.500000e+01  3.300000e+01  3.000000e+00
   endloop
 endfacet
 facet normal  0.000000e+00  0.000000e+00  1.000000e+00
   outer loop
     vertex  6.764502e+00  4.481601e+00  3.000000e+00
     vertex  6.722558e+00  4.461199e+00  3.000000e+00
     vertex  0.000000e+00  0.000000e+00  3.000000e+00
   endloop
 endfacet
 facet normal  2.094013e-15 -4.305015e-15  1.000000e+00
   outer loop
     vertex  3.876450e+01  3.648160e+01  3.000000e+00
     vertex  3.872256e+01  3.646120e+01  3.000000e+00
     vertex  3.500000e+01  3.300000e+01  3.000000e+00
   endloop
 endfacet
 facet normal  2.432965e-15 -4.671509e-15  1.000000e+00
   outer loop
     vertex  3.880587e+01  3.650315e+01  3.000000e+00
     vertex  3.876450e+01  3.648160e+01  3.000000e+00
     vertex  3.500000e+01  3.300000e+01  3.000000e+00
   endloop
 endfacet
 facet normal  2.850786e-15 -5.125436e-15  1.000000e+00
   outer loop
     vertex  3.884663e+01  3.652582e+01  3.000000e+00
     vertex  3.880587e+01  3.650315e+01  3.000000e+00
     vertex  3.500000e+01  3.300000e+01  3.000000e+00
   endloop
 endfacet
 facet normal  3.380070e-15 -5.702879e-15  1.000000e+00
   outer loop
     vertex  3.888676e+01  3.654960e+01  3.000000e+00
     vertex  3.884663e+01  3.652582e+01  3.000000e+00
     vertex  3.500000e+01  3.300000e+01  3.000000e+00
   endloop
 endfacet
 facet normal -1.828113e-15  0.000000e+00  1.000000e+00
   outer loop
     vertex  3.500000e+01  1.600000e+01  3.000000e+00
     vertex  3.888676e+01  3.654960e+01  3.000000e+00
     vertex  3.500000e+01  3.300000e+01  3.000000e+00
   endloop
 endfacet
 facet normal  2.474786e-16 -3.925778e-16  1.000000e+00
   outer loop
     vertex  3.500000e+01  1.600000e+01  3.000000e+00
     vertex  3.892621e+01  3.657447e+01  3.000000e+00
     vertex  3.888676e+01  3.654960e+01  3.000000e+00
   endloop
 endfacet
 facet normal  2.650430e-16 -3.959296e-16  1.000000e+00
   outer loop
     vertex  3.500000e+01  1.600000e+01  3.000000e+00
     vertex  3.896497e+01  3.660042e+01  3.000000e+00
     vertex  3.892621e+01  3.657447e+01  3.000000e+00
   endloop
 endfacet
 facet normal  2.836098e-16 -3.995032e-16  1.000000e+00
   outer loop
     vertex  3.500000e+01  1.600000e+01  3.000000e+00
     vertex  3.900300e+01  3.662742e+01  3.000000e+00
     vertex  3.896497e+01  3.660042e+01  3.000000e+00
   endloop
 endfacet
 facet normal  3.033007e-16 -4.033244e-16  1.000000e+00
   outer loop
     vertex  3.500000e+01  1.600000e+01  3.000000e+00
     vertex  3.904028e+01  3.665545e+01  3.000000e+00
     vertex  3.900300e+01  3.662742e+01  3.000000e+00
   endloop
 endfacet
 facet normal  3.242568e-16 -4.074235e-16  1.000000e+00
   outer loop
     vertex  3.500000e+01  1.600000e+01  3.000000e+00
     vertex  3.907678e+01  3.668450e+01  3.000000e+00
     vertex  3.904028e+01  3.665545e+01  3.000000e+00
   endloop
 endfacet
 facet normal  3.466422e-16 -4.118355e-16  1.000000e+00
   outer loop
     vertex  3.500000e+01  1.600000e+01  3.000000e+00
     vertex  3.911246e+01  3.671453e+01  3.000000e+00
     vertex  3.907678e+01  3.668450e+01  3.000000e+00
   endloop
 endfacet
 facet normal  3.706492e-16 -4.166016e-16  1.000000e+00
   outer loop
     vertex  3.500000e+01  1.600000e+01  3.000000e+00
     vertex  3.914731e+01  3.674553e+01  3.000000e+00
     vertex  3.911246e+01  3.671453e+01  3.000000e+00
   endloop
 endfacet
 facet normal  3.965046e-16 -4.217705e-16  1.000000e+00
   outer loop
     vertex  3.500000e+01  1.600000e+01  3.000000e+00
     vertex  3.918129e+01  3.677748e+01  3.000000e+00
     vertex  3.914731e+01  3.674553e+01  3.000000e+00
   endloop
 endfacet
 facet normal  4.244783e-16 -4.273999e-16  1.000000e+00
   outer loop
     vertex  3.500000e+01  1.600000e+01  3.000000e+00
     vertex  3.921439e+01  3.681035e+01  3.000000e+00
     vertex  3.918129e+01  3.677748e+01  3.000000e+00
   endloop
 endfacet
 facet normal  4.548933e-16 -4.335594e-16  1.000000e+00
   outer loop
     vertex  3.500000e+01  1.600000e+01  3.000000e+00
     vertex  3.924657e+01  3.684411e+01  3.000000e+00
     vertex  3.921439e+01  3.681035e+01  3.000000e+00
   endloop
 endfacet
 facet normal  4.881407e-16 -4.403329e-16  1.000000e+00
   outer loop
     vertex  3.500000e+01  1.600000e+01  3.000000e+00
     vertex  3.927781e+01  3.687875e+01  3.000000e+00
     vertex  3.924657e+01  3.684411e+01  3.000000e+00
   endloop
 endfacet
 facet normal  5.246976e-16 -4.478230e-16  1.000000e+00
   outer loop
     vertex  3.500000e+01  1.600000e+01  3.000000e+00
     vertex  3.930809e+01  3.691422e+01  3.000000e+00
     vertex  3.927781e+01  3.687875e+01  3.000000e+00
   endloop
 endfacet
 facet normal  5.651533e-16 -4.561564e-16  1.000000e+00
   outer loop
     vertex  3.500000e+01  1.600000e+01  3.000000e+00
     vertex  3.933738e+01  3.695052e+01  3.000000e+00
     vertex  3.930809e+01  3.691422e+01  3.000000e+00
   endloop
 endfacet
 facet normal  0.000000e+00  0.000000e+00  1.000000e+00
   outer loop
     vertex  3.000000e+01  1.100000e+01  3.000000e+00
     vertex  9.000000e+00  1.100000e+01  3.000000e+00
     vertex  7.699000e+00  5.941707e+00  3.000000e+00
   endloop
 endfacet
 facet normal  0.000000e+00  0.000000e+00  1.000000e+00
   outer loop
     vertex  3.000000e+01  1.100000e+01  3.000000e+00
     vertex  7.444285e+00  5.103316e+00  3.000000e+00
     vertex  7.419142e+00  5.064031e+00  3.000000e+00
   endloop
 endfacet
 facet normal  0.000000e+00  0.000000e+00  1.000000e+00
   outer loop
     vertex  3.000000e+01  1.100000e+01  3.000000e+00
     vertex  7.468341e+00  5.143276e+00  3.000000e+00
     vertex  7.444285e+00  5.103316e+00  3.000000e+00
   endloop
 endfacet
 facet normal  0.000000e+00  0.000000e+00  1.000000e+00
   outer loop
     vertex  3.000000e+01  1.100000e+01  3.000000e+00
     vertex  7.491292e+00  5.183881e+00  3.000000e+00
     vertex  7.468341e+00  5.143276e+00  3.000000e+00
   endloop
 endfacet
 facet normal  0.000000e+00  0.000000e+00  1.000000e+00
   outer loop
     vertex  3.000000e+01  1.100000e+01  3.000000e+00
     vertex  7.513120e+00  5.225101e+00  3.000000e+00
     vertex  7.491292e+00  5.183881e+00  3.000000e+00
   endloop
 endfacet
 facet normal  0.000000e+00  0.000000e+00  1.000000e+00
   outer loop
     vertex  3.000000e+01  1.100000e+01  3.000000e+00
     vertex  7.533809e+00  5.266903e+00  3.000000e+00
     vertex  7.513120e+00  5.225101e+00  3.000000e+00
   endloop
 endfacet
 facet normal  0.000000e+00  0.000000e+00  1.000000e+00
   outer loop
     vertex  3.000000e+01  1.100000e+01  3.000000e+00
     vertex  7.553343e+00  5.309258e+00  3.000000e+00
     vertex  7.533809e+00  5.266903e+00  3.000000e+00
   endloop
 endfacet
 facet normal  0.000000e+00  0.000000e+00  1.000000e+00
   outer loop
     vertex  3.000000e+01  1.100000e+01  3.000000e+00
     vertex  7.571709e+00  5.352132e+00  3.000000e+00
     vertex  7.553343e+00  5.309258e+00  3.000000e+00
   endloop
 endfacet
 facet normal  0.000000e+00  0.000000e+00  1.000000e+00
   outer loop
     vertex  3.000000e+01  1.100000e+01  3.000000e+00
     vertex  7.588891e+00  5.395495e+00  3.000000e+00
     vertex  7.571709e+00  5.352132e+00  3.000000e+00
   endloop
 endfacet
 facet normal  0.000000e+00  0.000000e+00  1.000000e+00
   outer loop
     vertex  3.000000e+01  1.100000e+01  3.000000e+00
     vertex  7.604877e+00  5.439312e+00  3.000000e+00
     vertex  7.588891e+00  5.395495e+00  3.000000e+00
   endloop
 endfacet
 facet normal  0.000000e+00  0.000000e+00  1.000000e+00
   outer loop
     vertex  3.000000e+01  1.100000e+01  3.000000e+00
     vertex  7.619654e+00  5.483551e+00  3.000000e+00
     vertex  7.604877e+00  5.439312e+00  3.000000e+00
   endloop
 endfacet
 facet normal  0.000000e+00  0.000000e+00  1.000000e+00
   outer loop
     vertex  3.000000e+01  1.100000e+01  3.000000e+00
     vertex  7.633213e+00  5.528179e+00  3.000000e+00
     vertex  7.619654e+00  5.483551e+00  3.000000e+00
   endloop
 endfacet
 facet normal  0.000000e+00  0.000000e+00  1.000000e+00
   outer loop
     vertex  3.000000e+01  1.100000e+01  3.000000e+00
     vertex  7.645542e+00  5.573162e+00  3.000000e+00
     vertex  7.633213e+00  5.528179e+00  3.000000e+00
   endloop
 endfacet
 facet normal  0.000000e+00  0.000000e+00  1.000000e+00
   outer loop
     vertex  3.000000e+01  1.100000e+01  3.000000e+00
     vertex  7.656633e+00  5.618467e+00  3.000000e+00
     vertex  7.645542e+00  5.573162e+00  3.000000e+00
   endloop
 endfacet
 facet normal  0.000000e+00  0.000000e+00  1.000000e+00
   outer loop
     vertex  3.000000e+01  1.100000e+01  3.000000e+00
     vertex  7.666476e+00  5.664059e+00  3.000000e+00
     vertex  7.656633e+00  5.618467e+00  3.000000e+00
   endloop
 endfacet
 facet normal  0.000000e+00  0.000000e+00  1.000000e+00
   outer loop
     vertex  3.000000e+01  1.100000e+01  3.000000e+00
     vertex  7.675065e+00  5.709903e+00  3.000000e+00
     vertex  7.666476e+00  5.664059e+00  3.000000e+00
   endloop
 endfacet
 facet normal  0.000000e+00  0.000000e+00  1.000000e+00
   outer loop
     vertex  3.000000e+01  1.100000e+01  3.000000e+00
     vertex  7.682393e+00  5.755966e+00  3.000000e+00
     vertex  7.675065e+00  5.709903e+00  3.000000e+00
   endloop
 endfacet
 facet normal  0.000000e+00  0.000000e+00  1.000000e+00
   outer loop
     vertex  3.000000e+01  1.100000e+01  3.000000e+00
     vertex  7.688455e+00  5.802213e+00  3.000000e+00
     vertex  7.682393e+00  5.755966e+00  3.000000e+00
   endloop
 endfacet
 facet normal  0.000000e+00  0.000000e+00  1.000000e+00
   outer loop
     vertex  3.000000e+01  1.100000e+01  3.000000e+00
     vertex  7.693246e+00  5.848609e+00  3.000000e+00
     vertex  7.688455e+00  5.802213e+00  3.000000e+00
   endloop
 endfacet
 facet normal  0.000000e+00  0.000000e+00  1.000000e+00
   outer loop
     vertex  3.000000e+01  1.100000e+01  3.000000e+00
     vertex  7.696762e+00  5.895118e+00  3.000000e+00
     vertex  7.693246e+00  5.848609e+00  3.000000e+00
   endloop
 endfacet
 facet normal  0.000000e+00  0.000000e+00  1.000000e+00
   outer loop
     vertex  3.000000e+01  1.100000e+01  3.000000e+00
     vertex  7.699000e+00  5.941707e+00  3.000000e+00
     vertex  7.696762e+00  5.895118e+00  3.000000e+00
   endloop
 endfacet
 facet normal  0.000000e+00 -0.000000e+00  1.000000e+00
   outer loop
     vertex  3.676941e+01  7.172879e+00  3.000000e+00
     vertex  3.680205e+01  7.206197e+00  3.000000e+00
     vertex  3.000000e+01  1.100000e+01  3.000000e+00
   endloop
 endfacet
 facet normal  0.000000e+00  0.000000e+00  1.000000e+00
   outer loop
     vertex  3.683559e+01  7.238608e+00  3.000000e+00
     vertex  3.000000e+01  1.100000e+01  3.000000e+00
     vertex  3.680205e+01  7.206197e+00  3.000000e+00
   endloop
 endfacet
 facet normal  0.000000e+00 -0.000000e+00  1.000000e+00
   outer loop
     vertex  3.673769e+01  7.138677e+00  3.000000e+00
     vertex  3.676941e+01  7.172879e+00  3.000000e+00
     vertex  3.000000e+01  1.100000e+01  3.000000e+00
   endloop
 endfacet
 facet normal  0.000000e+00  0.000000e+00  1.000000e+00
   outer loop
     vertex  3.687001e+01  7.270086e+00  3.000000e+00
     vertex  3.000000e+01  1.100000e+01  3.000000e+00
     vertex  3.683559e+01  7.238608e+00  3.000000e+00
   endloop
 endfacet
 facet normal  0.000000e+00 -0.000000e+00  1.000000e+00
   outer loop
     vertex  3.670693e+01  7.103618e+00  3.000000e+00
     vertex  3.673769e+01  7.138677e+00  3.000000e+00
     vertex  3.000000e+01  1.100000e+01  3.000000e+00
   endloop
 endfacet
 facet normal  0.000000e+00  0.000000e+00  1.000000e+00
   outer loop
     vertex  3.690528e+01  7.300608e+00  3.000000e+00
     vertex  3.000000e+01  1.100000e+01  3.000000e+00
     vertex  3.687001e+01  7.270086e+00  3.000000e+00
   endloop
 endfacet
 facet normal  0.000000e+00 -0.000000e+00  1.000000e+00
   outer loop
     vertex  3.667714e+01  7.067729e+00  3.000000e+00
     vertex  3.670693e+01  7.103618e+00  3.000000e+00
     vertex  3.000000e+01  1.100000e+01  3.000000e+00
   endloop
 endfacet
 facet normal  0.000000e+00  0.000000e+00  1.000000e+00
   outer loop
     vertex  3.694137e+01  7.330152e+00  3.000000e+00
     vertex  3.000000e+01  1.100000e+01  3.000000e+00
     vertex  3.690528e+01  7.300608e+00  3.000000e+00
   endloop
 endfacet
 facet normal  0.000000e+00 -0.000000e+00  1.000000e+00
   outer loop
     vertex  3.664835e+01  7.031036e+00  3.000000e+00
     vertex  3.667714e+01  7.067729e+00  3.000000e+00
     vertex  3.000000e+01  1.100000e+01  3.000000e+00
   endloop
 endfacet
 facet normal  0.000000e+00  0.000000e+00  1.000000e+00
   outer loop
     vertex  3.697826e+01  7.358693e+00  3.000000e+00
     vertex  3.000000e+01  1.100000e+01  3.000000e+00
     vertex  3.694137e+01  7.330152e+00  3.000000e+00
   endloop
 endfacet
 facet normal  0.000000e+00 -0.000000e+00  1.000000e+00
   outer loop
     vertex  3.662057e+01  6.993566e+00  3.000000e+00
     vertex  3.664835e+01  7.031036e+00  3.000000e+00
     vertex  3.000000e+01  1.100000e+01  3.000000e+00
   endloop
 endfacet
 facet normal  0.000000e+00  0.000000e+00  1.000000e+00
   outer loop
     vertex  3.701592e+01  7.386212e+00  3.000000e+00
     vertex  3.000000e+01  1.100000e+01  3.000000e+00
     vertex  3.697826e+01  7.358693e+00  3.000000e+00
   endloop
 endfacet
 facet normal  0.000000e+00 -0.000000e+00  1.000000e+00
   outer loop
     vertex  3.659383e+01  6.955349e+00  3.000000e+00
     vertex  3.662057e+01  6.993566e+00  3.000000e+00
     vertex  3.000000e+01  1.100000e+01  3.000000e+00
   endloop
 endfacet
 facet normal  0.000000e+00  0.000000e+00  1.000000e+00
   outer loop
     vertex  3.705432e+01  7.412688e+00  3.000000e+00
     vertex  3.000000e+01  1.100000e+01  3.000000e+00
     vertex  3.701592e+01  7.386212e+00  3.000000e+00
   endloop
 endfacet
 facet normal  0.000000e+00 -0.000000e+00  1.000000e+00
   outer loop
     vertex  3.656815e+01  6.916412e+00  3.000000e+00
     vertex  3.659383e+01  6.955349e+00  3.000000e+00
     vertex  3.000000e+01  1.100000e+01  3.000000e+00
   endloop
 endfacet
 facet normal  0.000000e+00  0.000000e+00  1.000000e+00
   outer loop
     vertex  3.709343e+01  7.438100e+00  3.000000e+00
     vertex  3.000000e+01  1.100000e+01  3.000000e+00
     vertex  3.705432e+01  7.412688e+00  3.000000e+00
   endloop
 endfacet
 facet normal  0.000000e+00  0.000000e+00  1.000000e+00
   outer loop
     vertex  3.709343e+01  7.438100e+00  3.000000e+00
     vertex  3.500000e+01  1.600000e+01  3.000000e+00
     vertex  3.000000e+01  1.100000e+01  3.000000e+00
   endloop
 endfacet
 facet normal  0.000000e+00 -0.000000e+00  1.000000e+00
   outer loop
     vertex  3.654355e+01  6.876786e+00  3.000000e+00
     vertex  3.656815e+01  6.916412e+00  3.000000e+00
     vertex  3.000000e+01  1.100000e+01  3.000000e+00
   endloop
 endfacet
 facet normal  0.000000e+00  0.000000e+00  1.000000e+00
   outer loop
     vertex  3.713322e+01  7.462430e+00  3.000000e+00
     vertex  3.500000e+01  1.600000e+01  3.000000e+00
     vertex  3.709343e+01  7.438100e+00  3.000000e+00
   endloop
 endfacet
 facet normal  0.000000e+00 -0.000000e+00  1.000000e+00
   outer loop
     vertex  3.652004e+01  6.836500e+00  3.000000e+00
     vertex  3.654355e+01  6.876786e+00  3.000000e+00
     vertex  3.000000e+01  1.100000e+01  3.000000e+00
   endloop
 endfacet
 facet normal  0.000000e+00  0.000000e+00  1.000000e+00
   outer loop
     vertex  3.717367e+01  7.485658e+00  3.000000e+00
     vertex  3.500000e+01  1.600000e+01  3.000000e+00
     vertex  3.713322e+01  7.462430e+00  3.000000e+00
   endloop
 endfacet
 facet normal  0.000000e+00 -0.000000e+00  1.000000e+00
   outer loop
     vertex  3.649765e+01  6.795584e+00  3.000000e+00
     vertex  3.652004e+01  6.836500e+00  3.000000e+00
     vertex  3.000000e+01  1.100000e+01  3.000000e+00
   endloop
 endfacet
 facet normal  0.000000e+00  0.000000e+00  1.000000e+00
   outer loop
     vertex  3.721474e+01  7.507769e+00  3.000000e+00
     vertex  3.500000e+01  1.600000e+01  3.000000e+00
     vertex  3.717367e+01  7.485658e+00  3.000000e+00
   endloop
 endfacet
 facet normal  0.000000e+00 -0.000000e+00  1.000000e+00
   outer loop
     vertex  3.647639e+01  6.754069e+00  3.000000e+00
     vertex  3.649765e+01  6.795584e+00  3.000000e+00
     vertex  3.000000e+01  1.100000e+01  3.000000e+00
   endloop
 endfacet
 facet normal  0.000000e+00  0.000000e+00  1.000000e+00
   outer loop
     vertex  3.725640e+01  7.528744e+00  3.000000e+00
     vertex  3.500000e+01  1.600000e+01  3.000000e+00
     vertex  3.721474e+01  7.507769e+00  3.000000e+00
   endloop
 endfacet
 facet normal  0.000000e+00 -0.000000e+00  1.000000e+00
   outer loop
     vertex  3.645628e+01  6.711986e+00  3.000000e+00
     vertex  3.647639e+01  6.754069e+00  3.000000e+00
     vertex  3.000000e+01  1.100000e+01  3.000000e+00
   endloop
 endfacet
 facet normal  0.000000e+00  0.000000e+00  1.000000e+00
   outer loop
     vertex  3.729862e+01  7.548569e+00  3.000000e+00
     vertex  3.500000e+01  1.600000e+01  3.000000e+00
     vertex  3.725640e+01  7.528744e+00  3.000000e+00
   endloop
 endfacet
 facet normal  0.000000e+00 -0.000000e+00  1.000000e+00
   outer loop
     vertex  3.643733e+01  6.669368e+00  3.000000e+00
     vertex  3.645628e+01  6.711986e+00  3.000000e+00
     vertex  3.000000e+01  1.100000e+01  3.000000e+00
   endloop
 endfacet
 facet normal  0.000000e+00  0.000000e+00  1.000000e+00
   outer loop
     vertex  3.734137e+01  7.567228e+00  3.000000e+00
     vertex  3.500000e+01  1.600000e+01  3.000000e+00
     vertex  3.729862e+01  7.548569e+00  3.000000e+00
   endloop
 endfacet
 facet normal  0.000000e+00 -0.000000e+00  1.000000e+00
   outer loop
     vertex  3.641955e+01  6.626245e+00  3.000000e+00
     vertex  3.643733e+01  6.669368e+00  3.000000e+00
     vertex  3.000000e+01  1.100000e+01  3.000000e+00
   endloop
 endfacet
 facet normal  0.000000e+00  0.000000e+00  1.000000e+00
   outer loop
     vertex  3.738461e+01  7.584707e+00  3.000000e+00
     vertex  3.500000e+01  1.600000e+01  3.000000e+00
     vertex  3.734137e+01  7.567228e+00  3.000000e+00
   endloop
 endfacet
 facet normal  0.000000e+00 -0.000000e+00  1.000000e+00
   outer loop
     vertex  3.640297e+01  6.582652e+00  3.000000e+00
     vertex  3.641955e+01  6.626245e+00  3.000000e+00
     vertex  3.000000e+01  1.100000e+01  3.000000e+00
   endloop
 endfacet
 facet normal  0.000000e+00  0.000000e+00  1.000000e+00
   outer loop
     vertex  3.742832e+01  7.600993e+00  3.000000e+00
     vertex  3.500000e+01  1.600000e+01  3.000000e+00
     vertex  3.738461e+01  7.584707e+00  3.000000e+00
   endloop
 endfacet
 facet normal  0.000000e+00 -0.000000e+00  1.000000e+00
   outer loop
     vertex  3.638758e+01  6.538619e+00  3.000000e+00
     vertex  3.640297e+01  6.582652e+00  3.000000e+00
     vertex  3.000000e+01  1.100000e+01  3.000000e+00
   endloop
 endfacet
 facet normal  0.000000e+00  0.000000e+00  1.000000e+00
   outer loop
     vertex  3.747245e+01  7.616074e+00  3.000000e+00
     vertex  3.500000e+01  1.600000e+01  3.000000e+00
     vertex  3.742832e+01  7.600993e+00  3.000000e+00
   endloop
 endfacet
 facet normal  0.000000e+00 -0.000000e+00  1.000000e+00
   outer loop
     vertex  3.637341e+01  6.494181e+00  3.000000e+00
     vertex  3.638758e+01  6.538619e+00  3.000000e+00
     vertex  3.000000e+01  1.100000e+01  3.000000e+00
   endloop
 endfacet
 facet normal  0.000000e+00  0.000000e+00  1.000000e+00
   outer loop
     vertex  3.751699e+01  7.629938e+00  3.000000e+00
     vertex  3.500000e+01  1.600000e+01  3.000000e+00
     vertex  3.747245e+01  7.616074e+00  3.000000e+00
   endloop
 endfacet
 facet normal  0.000000e+00 -0.000000e+00  1.000000e+00
   outer loop
     vertex  3.636047e+01  6.449371e+00  3.000000e+00
     vertex  3.637341e+01  6.494181e+00  3.000000e+00
     vertex  3.000000e+01  1.100000e+01  3.000000e+00
   endloop
 endfacet
 facet normal  0.000000e+00  0.000000e+00  1.000000e+00
   outer loop
     vertex  3.756189e+01  7.642576e+00  3.000000e+00
     vertex  3.500000e+01  1.600000e+01  3.000000e+00
     vertex  3.751699e+01  7.629938e+00  3.000000e+00
   endloop
 endfacet
 facet normal  0.000000e+00 -0.000000e+00  1.000000e+00
   outer loop
     vertex  3.634876e+01  6.404223e+00  3.000000e+00
     vertex  3.636047e+01  6.449371e+00  3.000000e+00
     vertex  3.000000e+01  1.100000e+01  3.000000e+00
   endloop
 endfacet
 facet normal  0.000000e+00  0.000000e+00  1.000000e+00
   outer loop
     vertex  3.760711e+01  7.653977e+00  3.000000e+00
     vertex  3.500000e+01  1.600000e+01  3.000000e+00
     vertex  3.756189e+01  7.642576e+00  3.000000e+00
   endloop
 endfacet
 facet normal  0.000000e+00 -0.000000e+00  1.000000e+00
   outer loop
     vertex  3.633829e+01  6.358771e+00  3.000000e+00
     vertex  3.634876e+01  6.404223e+00  3.000000e+00
     vertex  3.000000e+01  1.100000e+01  3.000000e+00
   endloop
 endfacet
 facet normal  0.000000e+00  0.000000e+00  1.000000e+00
   outer loop
     vertex  3.765264e+01  7.664133e+00  3.000000e+00
     vertex  3.500000e+01  1.600000e+01  3.000000e+00
     vertex  3.760711e+01  7.653977e+00  3.000000e+00
   endloop
 endfacet
 facet normal  0.000000e+00 -0.000000e+00  1.000000e+00
   outer loop
     vertex  3.632907e+01  6.313048e+00  3.000000e+00
     vertex  3.633829e+01  6.358771e+00  3.000000e+00
     vertex  3.000000e+01  1.100000e+01  3.000000e+00
   endloop
 endfacet
 facet normal  0.000000e+00  0.000000e+00  1.000000e+00
   outer loop
     vertex  3.769842e+01  7.673036e+00  3.000000e+00
     vertex  3.500000e+01  1.600000e+01  3.000000e+00
     vertex  3.765264e+01  7.664133e+00  3.000000e+00
   endloop
 endfacet
 facet normal  0.000000e+00 -0.000000e+00  1.000000e+00
   outer loop
     vertex  3.632111e+01  6.267090e+00  3.000000e+00
     vertex  3.632907e+01  6.313048e+00  3.000000e+00
     vertex  3.000000e+01  1.100000e+01  3.000000e+00
   endloop
 endfacet
 facet normal  0.000000e+00  0.000000e+00  1.000000e+00
   outer loop
     vertex  3.774443e+01  7.680680e+00  3.000000e+00
     vertex  3.500000e+01  1.600000e+01  3.000000e+00
     vertex  3.769842e+01  7.673036e+00  3.000000e+00
   endloop
 endfacet
 facet normal  0.000000e+00 -0.000000e+00  1.000000e+00
   outer loop
     vertex  3.631442e+01  6.220931e+00  3.000000e+00
     vertex  3.632111e+01  6.267090e+00  3.000000e+00
     vertex  3.000000e+01  1.100000e+01  3.000000e+00
   endloop
 endfacet
 facet normal  0.000000e+00  0.000000e+00  1.000000e+00
   outer loop
     vertex  3.779064e+01  7.687059e+00  3.000000e+00
     vertex  3.500000e+01  1.600000e+01  3.000000e+00
     vertex  3.774443e+01  7.680680e+00  3.000000e+00
   endloop
 endfacet
 facet normal  0.000000e+00 -0.000000e+00  1.000000e+00
   outer loop
     vertex  3.630899e+01  6.174606e+00  3.000000e+00
     vertex  3.631442e+01  6.220931e+00  3.000000e+00
     vertex  3.000000e+01  1.100000e+01  3.000000e+00
   endloop
 endfacet
 facet normal  0.000000e+00  0.000000e+00  1.000000e+00
   outer loop
     vertex  3.783700e+01  7.692167e+00  3.000000e+00
     vertex  3.500000e+01  1.600000e+01  3.000000e+00
     vertex  3.779064e+01  7.687059e+00  3.000000e+00
   endloop
 endfacet
 facet normal  0.000000e+00 -0.000000e+00  1.000000e+00
   outer loop
     vertex  3.630484e+01  6.128149e+00  3.000000e+00
     vertex  3.630899e+01  6.174606e+00  3.000000e+00
     vertex  3.000000e+01  1.100000e+01  3.000000e+00
   endloop
 endfacet
 facet normal  0.000000e+00  0.000000e+00  1.000000e+00
   outer loop
     vertex  3.788348e+01  7.696002e+00  3.000000e+00
     vertex  3.500000e+01  1.600000e+01  3.000000e+00
     vertex  3.783700e+01  7.692167e+00  3.000000e+00
   endloop
 endfacet
 facet normal  0.000000e+00 -0.000000e+00  1.000000e+00
   outer loop
     vertex  3.630196e+01  6.081595e+00  3.000000e+00
     vertex  3.630484e+01  6.128149e+00  3.000000e+00
     vertex  3.000000e+01  1.100000e+01  3.000000e+00
   endloop
 endfacet
 facet normal  0.000000e+00  0.000000e+00  1.000000e+00
   outer loop
     vertex  3.793005e+01  7.698560e+00  3.000000e+00
     vertex  3.500000e+01  1.600000e+01  3.000000e+00
     vertex  3.788348e+01  7.696002e+00  3.000000e+00
   endloop
 endfacet
 facet normal  0.000000e+00 -0.000000e+00  1.000000e+00
   outer loop
     vertex  3.630036e+01  6.034980e+00  3.000000e+00
     vertex  3.630196e+01  6.081595e+00  3.000000e+00
     vertex  3.000000e+01  1.100000e+01  3.000000e+00
   endloop
 endfacet
 facet normal  0.000000e+00  0.000000e+00  1.000000e+00
   outer loop
     vertex  3.797668e+01  7.699840e+00  3.000000e+00
     vertex  3.500000e+01  1.600000e+01  3.000000e+00
     vertex  3.793005e+01  7.698560e+00  3.000000e+00
   endloop
 endfacet
 facet normal  0.000000e+00 -0.000000e+00  1.000000e+00
   outer loop
     vertex  3.630004e+01  5.988339e+00  3.000000e+00
     vertex  3.630036e+01  6.034980e+00  3.000000e+00
     vertex  3.000000e+01  1.100000e+01  3.000000e+00
   endloop
 endfacet
 facet normal  0.000000e+00  0.000000e+00  1.000000e+00
   outer loop
     vertex  3.802332e+01  7.699840e+00  3.000000e+00
     vertex  3.500000e+01  1.600000e+01  3.000000e+00
     vertex  3.797668e+01  7.699840e+00  3.000000e+00
   endloop
 endfacet
 facet normal  0.000000e+00  0.000000e+00  1.000000e+00
   outer loop
     vertex  3.630100e+01  5.941707e+00  3.000000e+00
     vertex  3.630004e+01  5.988339e+00  3.000000e+00
     vertex  3.000000e+01  1.100000e+01  3.000000e+00
   endloop
 endfacet
 facet normal  0.000000e+00  0.000000e+00  1.000000e+00
   outer loop
     vertex  3.806995e+01  7.698560e+00  3.000000e+00
     vertex  3.500000e+01  1.600000e+01  3.000000e+00
     vertex  3.802332e+01  7.699840e+00  3.000000e+00
   endloop
 endfacet
 facet normal  0.000000e+00  0.000000e+00  1.000000e+00
   outer loop
     vertex  3.630324e+01  5.895118e+00  3.000000e+00
     vertex  3.630100e+01  5.941707e+00  3.000000e+00
     vertex  3.000000e+01  1.100000e+01  3.000000e+00
   endloop
 endfacet
 facet normal  0.000000e+00  0.000000e+00  1.000000e+00
   outer loop
     vertex  3.811652e+01  7.696002e+00  3.000000e+00
     vertex  3.500000e+01  1.600000e+01  3.000000e+00
     vertex  3.806995e+01  7.698560e+00  3.000000e+00
   endloop
 endfacet
 facet normal  0.000000e+00  0.000000e+00  1.000000e+00
   outer loop
     vertex  3.630675e+01  5.848609e+00  3.000000e+00
     vertex  3.630324e+01  5.895118e+00  3.000000e+00
     vertex  3.000000e+01  1.100000e+01  3.000000e+00
   endloop
 endfacet
 facet normal  0.000000e+00  0.000000e+00  1.000000e+00
   outer loop
     vertex  3.816300e+01  7.692167e+00  3.000000e+00
     vertex  3.500000e+01  1.600000e+01  3.000000e+00
     vertex  3.811652e+01  7.696002e+00  3.000000e+00
   endloop
 endfacet
 facet normal  0.000000e+00  0.000000e+00  1.000000e+00
   outer loop
     vertex  3.631154e+01  5.802213e+00  3.000000e+00
     vertex  3.630675e+01  5.848609e+00  3.000000e+00
     vertex  3.000000e+01  1.100000e+01  3.000000e+00
   endloop
 endfacet
 facet normal  0.000000e+00  0.000000e+00  1.000000e+00
   outer loop
     vertex  3.820936e+01  7.687059e+00  3.000000e+00
     vertex  3.500000e+01  1.600000e+01  3.000000e+00
     vertex  3.816300e+01  7.692167e+00  3.000000e+00
   endloop
 endfacet
 facet normal  0.000000e+00  0.000000e+00  1.000000e+00
   outer loop
     vertex  3.631761e+01  5.755966e+00  3.000000e+00
     vertex  3.631154e+01  5.802213e+00  3.000000e+00
     vertex  3.000000e+01  1.100000e+01  3.000000e+00
   endloop
 endfacet
 facet normal  0.000000e+00  0.000000e+00  1.000000e+00
   outer loop
     vertex  3.825557e+01  7.680680e+00  3.000000e+00
     vertex  3.500000e+01  1.600000e+01  3.000000e+00
     vertex  3.820936e+01  7.687059e+00  3.000000e+00
   endloop
 endfacet
 facet normal  0.000000e+00  0.000000e+00  1.000000e+00
   outer loop
     vertex  3.632493e+01  5.709903e+00  3.000000e+00
     vertex  3.631761e+01  5.755966e+00  3.000000e+00
     vertex  3.000000e+01  1.100000e+01  3.000000e+00
   endloop
 endfacet
 facet normal  0.000000e+00  0.000000e+00  1.000000e+00
   outer loop
     vertex  3.830158e+01  7.673036e+00  3.000000e+00
     vertex  3.500000e+01  1.600000e+01  3.000000e+00
     vertex  3.825557e+01  7.680680e+00  3.000000e+00
   endloop
 endfacet
 facet normal  0.000000e+00  0.000000e+00  1.000000e+00
   outer loop
     vertex  3.633352e+01  5.664059e+00  3.000000e+00
     vertex  3.632493e+01  5.709903e+00  3.000000e+00
     vertex  3.000000e+01  1.100000e+01  3.000000e+00
   endloop
 endfacet
 facet normal  0.000000e+00  0.000000e+00  1.000000e+00
   outer loop
     vertex  3.834736e+01  7.664133e+00  3.000000e+00
     vertex  3.500000e+01  1.600000e+01  3.000000e+00
     vertex  3.830158e+01  7.673036e+00  3.000000e+00
   endloop
 endfacet
 facet normal  0.000000e+00  0.000000e+00  1.000000e+00
   outer loop
     vertex  3.634337e+01  5.618467e+00  3.000000e+00
     vertex  3.633352e+01  5.664059e+00  3.000000e+00
     vertex  3.000000e+01  1.100000e+01  3.000000e+00
   endloop
 endfacet
 facet normal  0.000000e+00  0.000000e+00  1.000000e+00
   outer loop
     vertex  3.839289e+01  7.653977e+00  3.000000e+00
     vertex  3.500000e+01  1.600000e+01  3.000000e+00
     vertex  3.834736e+01  7.664133e+00  3.000000e+00
   endloop
 endfacet
 facet normal  0.000000e+00  0.000000e+00  1.000000e+00
   outer loop
     vertex  3.635446e+01  5.573162e+00  3.000000e+00
     vertex  3.634337e+01  5.618467e+00  3.000000e+00
     vertex  3.000000e+01  1.100000e+01  3.000000e+00
   endloop
 endfacet
 facet normal  0.000000e+00  0.000000e+00  1.000000e+00
   outer loop
     vertex  3.843811e+01  7.642576e+00  3.000000e+00
     vertex  3.500000e+01  1.600000e+01  3.000000e+00
     vertex  3.839289e+01  7.653977e+00  3.000000e+00
   endloop
 endfacet
 facet normal  0.000000e+00  0.000000e+00  1.000000e+00
   outer loop
     vertex  3.636679e+01  5.528179e+00  3.000000e+00
     vertex  3.635446e+01  5.573162e+00  3.000000e+00
     vertex  3.000000e+01  1.100000e+01  3.000000e+00
   endloop
 endfacet
 facet normal  0.000000e+00  0.000000e+00  1.000000e+00
   outer loop
     vertex  3.848301e+01  7.629938e+00  3.000000e+00
     vertex  3.500000e+01  1.600000e+01  3.000000e+00
     vertex  3.843811e+01  7.642576e+00  3.000000e+00
   endloop
 endfacet
 facet normal  0.000000e+00  0.000000e+00  1.000000e+00
   outer loop
     vertex  3.638035e+01  5.483551e+00  3.000000e+00
     vertex  3.636679e+01  5.528179e+00  3.000000e+00
     vertex  3.000000e+01  1.100000e+01  3.000000e+00
   endloop
 endfacet
 facet normal  0.000000e+00  0.000000e+00  1.000000e+00
   outer loop
     vertex  3.852755e+01  7.616074e+00  3.000000e+00
     vertex  3.500000e+01  1.600000e+01  3.000000e+00
     vertex  3.848301e+01  7.629938e+00  3.000000e+00
   endloop
 endfacet
 facet normal  0.000000e+00  0.000000e+00  1.000000e+00
   outer loop
     vertex  3.639512e+01  5.439312e+00  3.000000e+00
     vertex  3.638035e+01  5.483551e+00  3.000000e+00
     vertex  3.000000e+01  1.100000e+01  3.000000e+00
   endloop
 endfacet
 facet normal  0.000000e+00  0.000000e+00  1.000000e+00
   outer loop
     vertex  3.857168e+01  7.600993e+00  3.000000e+00
     vertex  3.500000e+01  1.600000e+01  3.000000e+00
     vertex  3.852755e+01  7.616074e+00  3.000000e+00
   endloop
 endfacet
 facet normal  0.000000e+00  0.000000e+00  1.000000e+00
   outer loop
     vertex  3.641111e+01  5.395495e+00  3.000000e+00
     vertex  3.639512e+01  5.439312e+00  3.000000e+00
     vertex  3.000000e+01  1.100000e+01  3.000000e+00
   endloop
 endfacet
 facet normal  0.000000e+00  0.000000e+00  1.000000e+00
   outer loop
     vertex  3.861539e+01  7.584707e+00  3.000000e+00
     vertex  3.500000e+01  1.600000e+01  3.000000e+00
     vertex  3.857168e+01  7.600993e+00  3.000000e+00
   endloop
 endfacet
 facet normal  0.000000e+00  0.000000e+00  1.000000e+00
   outer loop
     vertex  3.642829e+01  5.352132e+00  3.000000e+00
     vertex  3.641111e+01  5.395495e+00  3.000000e+00
     vertex  3.000000e+01  1.100000e+01  3.000000e+00
   endloop
 endfacet
 facet normal  0.000000e+00  0.000000e+00  1.000000e+00
   outer loop
     vertex  3.865863e+01  7.567228e+00  3.000000e+00
     vertex  3.500000e+01  1.600000e+01  3.000000e+00
     vertex  3.861539e+01  7.584707e+00  3.000000e+00
   endloop
 endfacet
 facet normal  0.000000e+00  0.000000e+00  1.000000e+00
   outer loop
     vertex  3.644666e+01  5.309258e+00  3.000000e+00
     vertex  3.642829e+01  5.352132e+00  3.000000e+00
     vertex  3.000000e+01  1.100000e+01  3.000000e+00
   endloop
 endfacet
 facet normal  0.000000e+00  0.000000e+00  1.000000e+00
   outer loop
     vertex  3.870138e+01  7.548569e+00  3.000000e+00
     vertex  3.500000e+01  1.600000e+01  3.000000e+00
     vertex  3.865863e+01  7.567228e+00  3.000000e+00
   endloop
 endfacet
 facet normal  0.000000e+00  0.000000e+00  1.000000e+00
   outer loop
     vertex  3.646619e+01  5.266903e+00  3.000000e+00
     vertex  3.644666e+01  5.309258e+00  3.000000e+00
     vertex  3.000000e+01  1.100000e+01  3.000000e+00
   endloop
 endfacet
 facet normal  0.000000e+00  0.000000e+00  1.000000e+00
   outer loop
     vertex  3.874360e+01  7.528744e+00  3.000000e+00
     vertex  3.500000e+01  1.600000e+01  3.000000e+00
     vertex  3.870138e+01  7.548569e+00  3.000000e+00
   endloop
 endfacet
 facet normal  0.000000e+00  0.000000e+00  1.000000e+00
   outer loop
     vertex  3.648688e+01  5.225101e+00  3.000000e+00
     vertex  3.646619e+01  5.266903e+00  3.000000e+00
     vertex  3.000000e+01  1.100000e+01  3.000000e+00
   endloop
 endfacet
 facet normal  0.000000e+00  0.000000e+00  1.000000e+00
   outer loop
     vertex  3.878526e+01  7.507769e+00  3.000000e+00
     vertex  3.500000e+01  1.600000e+01  3.000000e+00
     vertex  3.874360e+01  7.528744e+00  3.000000e+00
   endloop
 endfacet
 facet normal  0.000000e+00  0.000000e+00  1.000000e+00
   outer loop
     vertex  3.650871e+01  5.183881e+00  3.000000e+00
     vertex  3.648688e+01  5.225101e+00  3.000000e+00
     vertex  3.000000e+01  1.100000e+01  3.000000e+00
   endloop
 endfacet
 facet normal  0.000000e+00  0.000000e+00  1.000000e+00
   outer loop
     vertex  3.882633e+01  7.485658e+00  3.000000e+00
     vertex  3.500000e+01  1.600000e+01  3.000000e+00
     vertex  3.878526e+01  7.507769e+00  3.000000e+00
   endloop
 endfacet
 facet normal  0.000000e+00  0.000000e+00  1.000000e+00
   outer loop
     vertex  3.653166e+01  5.143276e+00  3.000000e+00
     vertex  3.650871e+01  5.183881e+00  3.000000e+00
     vertex  3.000000e+01  1.100000e+01  3.000000e+00
   endloop
 endfacet
 facet normal  0.000000e+00  0.000000e+00  1.000000e+00
   outer loop
     vertex  3.886678e+01  7.462430e+00  3.000000e+00
     vertex  3.500000e+01  1.600000e+01  3.000000e+00
     vertex  3.882633e+01  7.485658e+00  3.000000e+00
   endloop
 endfacet
 facet normal  0.000000e+00  0.000000e+00  1.000000e+00
   outer loop
     vertex  3.655572e+01  5.103316e+00  3.000000e+00
     vertex  3.653166e+01  5.143276e+00  3.000000e+00
     vertex  3.000000e+01  1.100000e+01  3.000000e+00
   endloop
 endfacet
 facet normal  0.000000e+00  0.000000e+00  1.000000e+00
   outer loop
     vertex  3.890657e+01  7.438100e+00  3.000000e+00
     vertex  3.500000e+01  1.600000e+01  3.000000e+00
     vertex  3.886678e+01  7.462430e+00  3.000000e+00
   endloop
 endfacet
 facet normal  0.000000e+00  0.000000e+00  1.000000e+00
   outer loop
     vertex  3.658086e+01  5.064031e+00  3.000000e+00
     vertex  7.419142e+00  5.064031e+00  3.000000e+00
     vertex  7.392930e+00  5.025451e+00  3.000000e+00
   endloop
 endfacet
 facet normal  0.000000e+00  0.000000e+00  1.000000e+00
   outer loop
     vertex  3.658086e+01  5.064031e+00  3.000000e+00
     vertex  3.000000e+01  1.100000e+01  3.000000e+00
     vertex  7.419142e+00  5.064031e+00  3.000000e+00
   endloop
 endfacet
 facet normal  0.000000e+00  0.000000e+00  1.000000e+00
   outer loop
     vertex  3.658086e+01  5.064031e+00  3.000000e+00
     vertex  3.655572e+01  5.103316e+00  3.000000e+00
     vertex  3.000000e+01  1.100000e+01  3.000000e+00
   endloop
 endfacet
 facet normal  0.000000e+00  0.000000e+00  1.000000e+00
   outer loop
     vertex  3.894568e+01  7.412688e+00  3.000000e+00
     vertex  3.500000e+01  1.600000e+01  3.000000e+00
     vertex  3.890657e+01  7.438100e+00  3.000000e+00
   endloop
 endfacet
 facet normal  0.000000e+00  0.000000e+00  1.000000e+00
   outer loop
     vertex  3.660707e+01  5.025451e+00  3.000000e+00
     vertex  7.392930e+00  5.025451e+00  3.000000e+00
     vertex  7.365670e+00  4.987604e+00  3.000000e+00
   endloop
 endfacet
 facet normal  0.000000e+00  0.000000e+00  1.000000e+00
   outer loop
     vertex  3.660707e+01  5.025451e+00  3.000000e+00
     vertex  3.658086e+01  5.064031e+00  3.000000e+00
     vertex  7.392930e+00  5.025451e+00  3.000000e+00
   endloop
 endfacet
 facet normal  0.000000e+00  0.000000e+00  1.000000e+00
   outer loop
     vertex  3.898408e+01  7.386212e+00  3.000000e+00
     vertex  3.500000e+01  1.600000e+01  3.000000e+00
     vertex  3.894568e+01  7.412688e+00  3.000000e+00
   endloop
 endfacet
 facet normal  0.000000e+00  0.000000e+00  1.000000e+00
   outer loop
     vertex  3.663433e+01  4.987604e+00  3.000000e+00
     vertex  3.660707e+01  5.025451e+00  3.000000e+00
     vertex  7.365670e+00  4.987604e+00  3.000000e+00
   endloop
 endfacet
 facet normal  0.000000e+00  0.000000e+00  1.000000e+00
   outer loop
     vertex  3.902174e+01  7.358693e+00  3.000000e+00
     vertex  3.500000e+01  1.600000e+01  3.000000e+00
     vertex  3.898408e+01  7.386212e+00  3.000000e+00
   endloop
 endfacet
 facet normal  0.000000e+00  0.000000e+00  1.000000e+00
   outer loop
     vertex  3.666262e+01  4.950519e+00  3.000000e+00
     vertex  3.663433e+01  4.987604e+00  3.000000e+00
     vertex  7.365670e+00  4.987604e+00  3.000000e+00
   endloop
 endfacet
 facet normal  0.000000e+00  0.000000e+00  1.000000e+00
   outer loop
     vertex  3.666262e+01  4.950519e+00  3.000000e+00
     vertex  7.365670e+00  4.987604e+00  3.000000e+00
     vertex  7.337382e+00  4.950519e+00  3.000000e+00
   endloop
 endfacet
 facet normal  0.000000e+00  0.000000e+00  1.000000e+00
   outer loop
     vertex  3.905863e+01  7.330152e+00  3.000000e+00
     vertex  3.500000e+01  1.600000e+01  3.000000e+00
     vertex  3.902174e+01  7.358693e+00  3.000000e+00
   endloop
 endfacet
 facet normal  0.000000e+00  0.000000e+00  1.000000e+00
   outer loop
     vertex  3.669191e+01  4.914224e+00  3.000000e+00
     vertex  3.666262e+01  4.950519e+00  3.000000e+00
     vertex  7.337382e+00  4.950519e+00  3.000000e+00
   endloop
 endfacet
 facet normal  0.000000e+00  0.000000e+00  1.000000e+00
   outer loop
     vertex  3.669191e+01  4.914224e+00  3.000000e+00
     vertex  7.337382e+00  4.950519e+00  3.000000e+00
     vertex  7.308087e+00  4.914224e+00  3.000000e+00
   endloop
 endfacet
 facet normal  0.000000e+00  0.000000e+00  1.000000e+00
   outer loop
     vertex  3.909472e+01  7.300608e+00  3.000000e+00
     vertex  3.500000e+01  1.600000e+01  3.000000e+00
     vertex  3.905863e+01  7.330152e+00  3.000000e+00
   endloop
 endfacet
 facet normal  0.000000e+00  0.000000e+00  1.000000e+00
   outer loop
     vertex  3.672219e+01  4.878747e+00  3.000000e+00
     vertex  3.669191e+01  4.914224e+00  3.000000e+00
     vertex  7.308087e+00  4.914224e+00  3.000000e+00
   endloop
 endfacet
 facet normal  0.000000e+00  0.000000e+00  1.000000e+00
   outer loop
     vertex  3.672219e+01  4.878747e+00  3.000000e+00
     vertex  7.308087e+00  4.914224e+00  3.000000e+00
     vertex  7.277807e+00  4.878747e+00  3.000000e+00
   endloop
 endfacet
 facet normal  0.000000e+00  0.000000e+00  1.000000e+00
   outer loop
     vertex  3.912999e+01  7.270086e+00  3.000000e+00
     vertex  3.500000e+01  1.600000e+01  3.000000e+00
     vertex  3.909472e+01  7.300608e+00  3.000000e+00
   endloop
 endfacet
 facet normal  0.000000e+00  0.000000e+00  1.000000e+00
   outer loop
     vertex  3.675343e+01  4.844113e+00  3.000000e+00
     vertex  3.672219e+01  4.878747e+00  3.000000e+00
     vertex  7.277807e+00  4.878747e+00  3.000000e+00
   endloop
 endfacet
 facet normal  0.000000e+00  0.000000e+00  1.000000e+00
   outer loop
     vertex  3.675343e+01  4.844113e+00  3.000000e+00
     vertex  7.246566e+00  4.844113e+00  3.000000e+00
     vertex  7.214386e+00  4.810350e+00  3.000000e+00
   endloop
 endfacet
 facet normal  0.000000e+00  0.000000e+00  1.000000e+00
   outer loop
     vertex  3.675343e+01  4.844113e+00  3.000000e+00
     vertex  7.277807e+00  4.878747e+00  3.000000e+00
     vertex  7.246566e+00  4.844113e+00  3.000000e+00
   endloop
 endfacet
 facet normal  0.000000e+00  0.000000e+00  1.000000e+00
   outer loop
     vertex  3.916441e+01  7.238608e+00  3.000000e+00
     vertex  3.500000e+01  1.600000e+01  3.000000e+00
     vertex  3.912999e+01  7.270086e+00  3.000000e+00
   endloop
 endfacet
 facet normal  0.000000e+00  0.000000e+00  1.000000e+00
   outer loop
     vertex  3.678561e+01  4.810350e+00  3.000000e+00
     vertex  3.675343e+01  4.844113e+00  3.000000e+00
     vertex  7.214386e+00  4.810350e+00  3.000000e+00
   endloop
 endfacet
 facet normal  0.000000e+00  0.000000e+00  1.000000e+00
   outer loop
     vertex  3.919795e+01  7.206197e+00  3.000000e+00
     vertex  3.500000e+01  1.600000e+01  3.000000e+00
     vertex  3.916441e+01  7.238608e+00  3.000000e+00
   endloop
 endfacet
 facet normal  0.000000e+00  0.000000e+00  1.000000e+00
   outer loop
     vertex  3.681871e+01  4.777482e+00  3.000000e+00
     vertex  7.214386e+00  4.810350e+00  3.000000e+00
     vertex  7.181292e+00  4.777482e+00  3.000000e+00
   endloop
 endfacet
 facet normal  0.000000e+00  0.000000e+00  1.000000e+00
   outer loop
     vertex  3.681871e+01  4.777482e+00  3.000000e+00
     vertex  3.678561e+01  4.810350e+00  3.000000e+00
     vertex  7.214386e+00  4.810350e+00  3.000000e+00
   endloop
 endfacet
 facet normal  0.000000e+00  0.000000e+00  1.000000e+00
   outer loop
     vertex  3.923059e+01  7.172879e+00  3.000000e+00
     vertex  3.500000e+01  1.600000e+01  3.000000e+00
     vertex  3.919795e+01  7.206197e+00  3.000000e+00
   endloop
 endfacet
 facet normal  0.000000e+00  0.000000e+00  1.000000e+00
   outer loop
     vertex  3.685269e+01  4.745535e+00  3.000000e+00
     vertex  3.681871e+01  4.777482e+00  3.000000e+00
     vertex  7.181292e+00  4.777482e+00  3.000000e+00
   endloop
 endfacet
 facet normal  0.000000e+00  0.000000e+00  1.000000e+00
   outer loop
     vertex  3.685269e+01  4.745535e+00  3.000000e+00
     vertex  7.181292e+00  4.777482e+00  3.000000e+00
     vertex  7.147309e+00  4.745535e+00  3.000000e+00
   endloop
 endfacet
 facet normal  0.000000e+00  0.000000e+00  1.000000e+00
   outer loop
     vertex  3.926231e+01  7.138677e+00  3.000000e+00
     vertex  3.500000e+01  1.600000e+01  3.000000e+00
     vertex  3.923059e+01  7.172879e+00  3.000000e+00
   endloop
 endfacet
 facet normal  0.000000e+00  0.000000e+00  1.000000e+00
   outer loop
     vertex  3.688754e+01  4.714532e+00  3.000000e+00
     vertex  3.685269e+01  4.745535e+00  3.000000e+00
     vertex  7.147309e+00  4.745535e+00  3.000000e+00
   endloop
 endfacet
 facet normal  0.000000e+00  0.000000e+00  1.000000e+00
   outer loop
     vertex  3.688754e+01  4.714532e+00  3.000000e+00
     vertex  7.147309e+00  4.745535e+00  3.000000e+00
     vertex  7.112462e+00  4.714532e+00  3.000000e+00
   endloop
 endfacet
 facet normal  0.000000e+00  0.000000e+00  1.000000e+00
   outer loop
     vertex  3.929307e+01  7.103618e+00  3.000000e+00
     vertex  3.500000e+01  1.600000e+01  3.000000e+00
     vertex  3.926231e+01  7.138677e+00  3.000000e+00
   endloop
 endfacet
 facet normal  0.000000e+00  0.000000e+00  1.000000e+00
   outer loop
     vertex  3.692322e+01  4.684496e+00  3.000000e+00
     vertex  3.688754e+01  4.714532e+00  3.000000e+00
     vertex  7.112462e+00  4.714532e+00  3.000000e+00
   endloop
 endfacet
 facet normal  0.000000e+00  0.000000e+00  1.000000e+00
   outer loop
     vertex  3.692322e+01  4.684496e+00  3.000000e+00
     vertex  7.076778e+00  4.684496e+00  3.000000e+00
     vertex  7.040283e+00  4.655451e+00  3.000000e+00
   endloop
 endfacet
 facet normal  0.000000e+00  0.000000e+00  1.000000e+00
   outer loop
     vertex  3.692322e+01  4.684496e+00  3.000000e+00
     vertex  7.112462e+00  4.714532e+00  3.000000e+00
     vertex  7.076778e+00  4.684496e+00  3.000000e+00
   endloop
 endfacet
 facet normal  0.000000e+00  0.000000e+00  1.000000e+00
   outer loop
     vertex  3.932286e+01  7.067729e+00  3.000000e+00
     vertex  3.500000e+01  1.600000e+01  3.000000e+00
     vertex  3.929307e+01  7.103618e+00  3.000000e+00
   endloop
 endfacet
 facet normal  0.000000e+00  0.000000e+00  1.000000e+00
   outer loop
     vertex  3.695972e+01  4.655451e+00  3.000000e+00
     vertex  3.692322e+01  4.684496e+00  3.000000e+00
     vertex  7.040283e+00  4.655451e+00  3.000000e+00
   endloop
 endfacet
 facet normal  0.000000e+00  0.000000e+00  1.000000e+00
   outer loop
     vertex  3.935165e+01  7.031036e+00  3.000000e+00
     vertex  3.500000e+01  1.600000e+01  3.000000e+00
     vertex  3.932286e+01  7.067729e+00  3.000000e+00
   endloop
 endfacet
 facet normal -4.899495e-16 -2.377187e-16  1.000000e+00
   outer loop
     vertex  3.935165e+01  7.031036e+00  3.000000e+00
     vertex  3.933738e+01  3.695052e+01  3.000000e+00
     vertex  3.500000e+01  1.600000e+01  3.000000e+00
   endloop
 endfacet
 facet normal  3.111403e-16 -2.373365e-16  1.000000e+00
   outer loop
     vertex  3.935165e+01  7.031036e+00  3.000000e+00
     vertex  3.936567e+01  3.698760e+01  3.000000e+00
     vertex  3.933738e+01  3.695052e+01  3.000000e+00
   endloop
 endfacet
 facet normal  0.000000e+00  0.000000e+00  1.000000e+00
   outer loop
     vertex  3.699700e+01  4.627418e+00  3.000000e+00
     vertex  3.695972e+01  4.655451e+00  3.000000e+00
     vertex  7.040283e+00  4.655451e+00  3.000000e+00
   endloop
 endfacet
 facet normal  0.000000e+00  0.000000e+00  1.000000e+00
   outer loop
     vertex  3.699700e+01  4.627418e+00  3.000000e+00
     vertex  7.040283e+00  4.655451e+00  3.000000e+00
     vertex  7.003005e+00  4.627418e+00  3.000000e+00
   endloop
 endfacet
 facet normal -3.197565e-16 -2.370413e-16  1.000000e+00
   outer loop
     vertex  3.937943e+01  6.993566e+00  3.000000e+00
     vertex  3.936567e+01  3.698760e+01  3.000000e+00
     vertex  3.935165e+01  7.031036e+00  3.000000e+00
   endloop
 endfacet
 facet normal  3.286863e-16 -2.367439e-16  1.000000e+00
   outer loop
     vertex  3.937943e+01  6.993566e+00  3.000000e+00
     vertex  3.939293e+01  3.702545e+01  3.000000e+00
     vertex  3.936567e+01  3.698760e+01  3.000000e+00
   endloop
 endfacet
 facet normal  0.000000e+00  0.000000e+00  1.000000e+00
   outer loop
     vertex  3.703503e+01  4.600418e+00  3.000000e+00
     vertex  3.699700e+01  4.627418e+00  3.000000e+00
     vertex  7.003005e+00  4.627418e+00  3.000000e+00
   endloop
 endfacet
 facet normal  0.000000e+00  0.000000e+00  1.000000e+00
   outer loop
     vertex  3.703503e+01  4.600418e+00  3.000000e+00
     vertex  6.964972e+00  4.600418e+00  3.000000e+00
     vertex  6.926212e+00  4.574472e+00  3.000000e+00
   endloop
 endfacet
 facet normal  0.000000e+00  0.000000e+00  1.000000e+00
   outer loop
     vertex  3.703503e+01  4.600418e+00  3.000000e+00
     vertex  7.003005e+00  4.627418e+00  3.000000e+00
     vertex  6.964972e+00  4.600418e+00  3.000000e+00
   endloop
 endfacet
 facet normal -3.379513e-16 -2.364442e-16  1.000000e+00
   outer loop
     vertex  3.940617e+01  6.955349e+00  3.000000e+00
     vertex  3.939293e+01  3.702545e+01  3.000000e+00
     vertex  3.937943e+01  6.993566e+00  3.000000e+00
   endloop
 endfacet
 facet normal  0.000000e+00  0.000000e+00  1.000000e+00
   outer loop
     vertex  3.707379e+01  4.574472e+00  3.000000e+00
     vertex  3.703503e+01  4.600418e+00  3.000000e+00
     vertex  6.926212e+00  4.574472e+00  3.000000e+00
   endloop
 endfacet
 facet normal  0.000000e+00  0.000000e+00  1.000000e+00
   outer loop
     vertex  3.711324e+01  4.549599e+00  3.000000e+00
     vertex  3.707379e+01  4.574472e+00  3.000000e+00
     vertex  6.926212e+00  4.574472e+00  3.000000e+00
   endloop
 endfacet
 facet normal  0.000000e+00  0.000000e+00  1.000000e+00
   outer loop
     vertex  3.711324e+01  4.549599e+00  3.000000e+00
     vertex  6.926212e+00  4.574472e+00  3.000000e+00
     vertex  6.886756e+00  4.549599e+00  3.000000e+00
   endloop
 endfacet
 facet normal  0.000000e+00  0.000000e+00  1.000000e+00
   outer loop
     vertex  3.715337e+01  4.525817e+00  3.000000e+00
     vertex  6.886756e+00  4.549599e+00  3.000000e+00
     vertex  6.846632e+00  4.525817e+00  3.000000e+00
   endloop
 endfacet
 facet normal  0.000000e+00  0.000000e+00  1.000000e+00
   outer loop
     vertex  3.715337e+01  4.525817e+00  3.000000e+00
     vertex  3.711324e+01  4.549599e+00  3.000000e+00
     vertex  6.886756e+00  4.549599e+00  3.000000e+00
   endloop
 endfacet
 facet normal  0.000000e+00  0.000000e+00  1.000000e+00
   outer loop
     vertex  3.719413e+01  4.503146e+00  3.000000e+00
     vertex  6.805870e+00  4.503146e+00  3.000000e+00
     vertex  6.764502e+00  4.481601e+00  3.000000e+00
   endloop
 endfacet
 facet normal  0.000000e+00  0.000000e+00  1.000000e+00
   outer loop
     vertex  3.719413e+01  4.503146e+00  3.000000e+00
     vertex  6.846632e+00  4.525817e+00  3.000000e+00
     vertex  6.805870e+00  4.503146e+00  3.000000e+00
   endloop
 endfacet
 facet normal  0.000000e+00  0.000000e+00  1.000000e+00
   outer loop
     vertex  3.719413e+01  4.503146e+00  3.000000e+00
     vertex  3.715337e+01  4.525817e+00  3.000000e+00
     vertex  6.846632e+00  4.525817e+00  3.000000e+00
   endloop
 endfacet
 facet normal  0.000000e+00  0.000000e+00  1.000000e+00
   outer loop
     vertex  3.723550e+01  4.481601e+00  3.000000e+00
     vertex  3.719413e+01  4.503146e+00  3.000000e+00
     vertex  6.764502e+00  4.481601e+00  3.000000e+00
   endloop
 endfacet
 facet normal  0.000000e+00  0.000000e+00  1.000000e+00
   outer loop
     vertex  3.723550e+01  4.481601e+00  3.000000e+00
     vertex  6.764502e+00  4.481601e+00  3.000000e+00
     vertex  0.000000e+00  0.000000e+00  3.000000e+00
   endloop
 endfacet
 facet normal  0.000000e+00  0.000000e+00  1.000000e+00
   outer loop
     vertex  4.400000e+01  0.000000e+00  3.000000e+00
     vertex  3.727744e+01  4.461199e+00  3.000000e+00
     vertex  3.723550e+01  4.481601e+00  3.000000e+00
   endloop
 endfacet
 facet normal  0.000000e+00  0.000000e+00  1.000000e+00
   outer loop
     vertex  4.400000e+01  0.000000e+00  3.000000e+00
     vertex  3.850533e+01  4.376841e+00  3.000000e+00
     vertex  3.846061e+01  4.363589e+00  3.000000e+00
   endloop
 endfacet
 facet normal  0.000000e+00  0.000000e+00  1.000000e+00
   outer loop
     vertex  4.400000e+01  0.000000e+00  3.000000e+00
     vertex  3.731993e+01  4.441955e+00  3.000000e+00
     vertex  3.727744e+01  4.461199e+00  3.000000e+00
   endloop
 endfacet
 facet normal  0.000000e+00  0.000000e+00  1.000000e+00
   outer loop
     vertex  4.400000e+01  0.000000e+00  3.000000e+00
     vertex  3.854967e+01  4.391315e+00  3.000000e+00
     vertex  3.850533e+01  4.376841e+00  3.000000e+00
   endloop
 endfacet
 facet normal  0.000000e+00  0.000000e+00  1.000000e+00
   outer loop
     vertex  4.400000e+01  0.000000e+00  3.000000e+00
     vertex  3.736293e+01  4.423885e+00  3.000000e+00
     vertex  3.731993e+01  4.441955e+00  3.000000e+00
   endloop
 endfacet
 facet normal  0.000000e+00  0.000000e+00  1.000000e+00
   outer loop
     vertex  4.400000e+01  0.000000e+00  3.000000e+00
     vertex  3.859359e+01  4.407000e+00  3.000000e+00
     vertex  3.854967e+01  4.391315e+00  3.000000e+00
   endloop
 endfacet
 facet normal  0.000000e+00  0.000000e+00  1.000000e+00
   outer loop
     vertex  4.400000e+01  0.000000e+00  3.000000e+00
     vertex  3.740641e+01  4.407000e+00  3.000000e+00
     vertex  3.736293e+01  4.423885e+00  3.000000e+00
   endloop
 endfacet
 facet normal  0.000000e+00  0.000000e+00  1.000000e+00
   outer loop
     vertex  4.400000e+01  0.000000e+00  3.000000e+00
     vertex  3.863707e+01  4.423885e+00  3.000000e+00
     vertex  3.859359e+01  4.407000e+00  3.000000e+00
   endloop
 endfacet
 facet normal  0.000000e+00  0.000000e+00  1.000000e+00
   outer loop
     vertex  4.400000e+01  0.000000e+00  3.000000e+00
     vertex  3.745033e+01  4.391315e+00  3.000000e+00
     vertex  3.740641e+01  4.407000e+00  3.000000e+00
   endloop
 endfacet
 facet normal  0.000000e+00  0.000000e+00  1.000000e+00
   outer loop
     vertex  4.400000e+01  0.000000e+00  3.000000e+00
     vertex  3.868007e+01  4.441955e+00  3.000000e+00
     vertex  3.863707e+01  4.423885e+00  3.000000e+00
   endloop
 endfacet
 facet normal  0.000000e+00  0.000000e+00  1.000000e+00
   outer loop
     vertex  4.400000e+01  0.000000e+00  3.000000e+00
     vertex  3.749467e+01  4.376841e+00  3.000000e+00
     vertex  3.745033e+01  4.391315e+00  3.000000e+00
   endloop
 endfacet
 facet normal  0.000000e+00  0.000000e+00  1.000000e+00
   outer loop
     vertex  4.400000e+01  0.000000e+00  3.000000e+00
     vertex  3.872256e+01  4.461199e+00  3.000000e+00
     vertex  3.868007e+01  4.441955e+00  3.000000e+00
   endloop
 endfacet
 facet normal  0.000000e+00  0.000000e+00  1.000000e+00
   outer loop
     vertex  4.400000e+01  0.000000e+00  3.000000e+00
     vertex  3.753939e+01  4.363589e+00  3.000000e+00
     vertex  3.749467e+01  4.376841e+00  3.000000e+00
   endloop
 endfacet
 facet normal  0.000000e+00  0.000000e+00  1.000000e+00
   outer loop
     vertex  4.400000e+01  0.000000e+00  3.000000e+00
     vertex  3.876450e+01  4.481601e+00  3.000000e+00
     vertex  3.872256e+01  4.461199e+00  3.000000e+00
   endloop
 endfacet
 facet normal  0.000000e+00  0.000000e+00  1.000000e+00
   outer loop
     vertex  4.400000e+01  0.000000e+00  3.000000e+00
     vertex  3.758446e+01  4.351569e+00  3.000000e+00
     vertex  3.753939e+01  4.363589e+00  3.000000e+00
   endloop
 endfacet
 facet normal  0.000000e+00  0.000000e+00  1.000000e+00
   outer loop
     vertex  4.400000e+01  0.000000e+00  3.000000e+00
     vertex  3.880587e+01  4.503146e+00  3.000000e+00
     vertex  3.876450e+01  4.481601e+00  3.000000e+00
   endloop
 endfacet
 facet normal  0.000000e+00  0.000000e+00  1.000000e+00
   outer loop
     vertex  4.400000e+01  0.000000e+00  3.000000e+00
     vertex  3.762984e+01  4.340789e+00  3.000000e+00
     vertex  3.758446e+01  4.351569e+00  3.000000e+00
   endloop
 endfacet
 facet normal  0.000000e+00  0.000000e+00  1.000000e+00
   outer loop
     vertex  4.400000e+01  0.000000e+00  3.000000e+00
     vertex  3.884663e+01  4.525817e+00  3.000000e+00
     vertex  3.880587e+01  4.503146e+00  3.000000e+00
   endloop
 endfacet
 facet normal  0.000000e+00  0.000000e+00  1.000000e+00
   outer loop
     vertex  4.400000e+01  0.000000e+00  3.000000e+00
     vertex  3.767550e+01  4.331259e+00  3.000000e+00
     vertex  3.762984e+01  4.340789e+00  3.000000e+00
   endloop
 endfacet
 facet normal  0.000000e+00  0.000000e+00  1.000000e+00
   outer loop
     vertex  4.400000e+01  0.000000e+00  3.000000e+00
     vertex  3.888676e+01  4.549599e+00  3.000000e+00
     vertex  3.884663e+01  4.525817e+00  3.000000e+00
   endloop
 endfacet
 facet normal  0.000000e+00  0.000000e+00  1.000000e+00
   outer loop
     vertex  4.400000e+01  0.000000e+00  3.000000e+00
     vertex  3.772140e+01  4.322984e+00  3.000000e+00
     vertex  3.767550e+01  4.331259e+00  3.000000e+00
   endloop
 endfacet
 facet normal  0.000000e+00  0.000000e+00  1.000000e+00
   outer loop
     vertex  4.400000e+01  0.000000e+00  3.000000e+00
     vertex  3.892621e+01  4.574472e+00  3.000000e+00
     vertex  3.888676e+01  4.549599e+00  3.000000e+00
   endloop
 endfacet
 facet normal  0.000000e+00  0.000000e+00  1.000000e+00
   outer loop
     vertex  4.400000e+01  0.000000e+00  3.000000e+00
     vertex  3.776751e+01  4.315972e+00  3.000000e+00
     vertex  3.772140e+01  4.322984e+00  3.000000e+00
   endloop
 endfacet
 facet normal  0.000000e+00  0.000000e+00  1.000000e+00
   outer loop
     vertex  4.400000e+01  0.000000e+00  3.000000e+00
     vertex  3.896497e+01  4.600418e+00  3.000000e+00
     vertex  3.892621e+01  4.574472e+00  3.000000e+00
   endloop
 endfacet
 facet normal  0.000000e+00  0.000000e+00  1.000000e+00
   outer loop
     vertex  4.400000e+01  0.000000e+00  3.000000e+00
     vertex  3.781380e+01  4.310228e+00  3.000000e+00
     vertex  3.776751e+01  4.315972e+00  3.000000e+00
   endloop
 endfacet
 facet normal  0.000000e+00  0.000000e+00  1.000000e+00
   outer loop
     vertex  4.400000e+01  0.000000e+00  3.000000e+00
     vertex  3.900300e+01  4.627418e+00  3.000000e+00
     vertex  3.896497e+01  4.600418e+00  3.000000e+00
   endloop
 endfacet
 facet normal  0.000000e+00  0.000000e+00  1.000000e+00
   outer loop
     vertex  4.400000e+01  0.000000e+00  3.000000e+00
     vertex  3.786023e+01  4.305756e+00  3.000000e+00
     vertex  3.781380e+01  4.310228e+00  3.000000e+00
   endloop
 endfacet
 facet normal  0.000000e+00  0.000000e+00  1.000000e+00
   outer loop
     vertex  4.400000e+01  0.000000e+00  3.000000e+00
     vertex  3.904028e+01  4.655451e+00  3.000000e+00
     vertex  3.900300e+01  4.627418e+00  3.000000e+00
   endloop
 endfacet
 facet normal  0.000000e+00  0.000000e+00  1.000000e+00
   outer loop
     vertex  4.400000e+01  0.000000e+00  3.000000e+00
     vertex  3.790676e+01  4.302559e+00  3.000000e+00
     vertex  3.786023e+01  4.305756e+00  3.000000e+00
   endloop
 endfacet
 facet normal  0.000000e+00  0.000000e+00  1.000000e+00
   outer loop
     vertex  4.400000e+01  0.000000e+00  3.000000e+00
     vertex  3.907678e+01  4.684496e+00  3.000000e+00
     vertex  3.904028e+01  4.655451e+00  3.000000e+00
   endloop
 endfacet
 facet normal  0.000000e+00  0.000000e+00  1.000000e+00
   outer loop
     vertex  4.400000e+01  0.000000e+00  3.000000e+00
     vertex  3.795336e+01  4.300640e+00  3.000000e+00
     vertex  3.790676e+01  4.302559e+00  3.000000e+00
   endloop
 endfacet
 facet normal  0.000000e+00  0.000000e+00  1.000000e+00
   outer loop
     vertex  4.400000e+01  0.000000e+00  3.000000e+00
     vertex  3.911246e+01  4.714532e+00  3.000000e+00
     vertex  3.907678e+01  4.684496e+00  3.000000e+00
   endloop
 endfacet
 facet normal  0.000000e+00  0.000000e+00  1.000000e+00
   outer loop
     vertex  4.400000e+01  0.000000e+00  3.000000e+00
     vertex  3.800000e+01  4.300000e+00  3.000000e+00
     vertex  3.795336e+01  4.300640e+00  3.000000e+00
   endloop
 endfacet
 facet normal  0.000000e+00  0.000000e+00  1.000000e+00
   outer loop
     vertex  4.400000e+01  0.000000e+00  3.000000e+00
     vertex  3.914731e+01  4.745535e+00  3.000000e+00
     vertex  3.911246e+01  4.714532e+00  3.000000e+00
   endloop
 endfacet
 facet normal  0.000000e+00  0.000000e+00  1.000000e+00
   outer loop
     vertex  4.400000e+01  0.000000e+00  3.000000e+00
     vertex  3.918129e+01  4.777482e+00  3.000000e+00
     vertex  3.914731e+01  4.745535e+00  3.000000e+00
   endloop
 endfacet
 facet normal  0.000000e+00  0.000000e+00  1.000000e+00
   outer loop
     vertex  4.400000e+01  0.000000e+00  3.000000e+00
     vertex  3.921439e+01  4.810350e+00  3.000000e+00
     vertex  3.918129e+01  4.777482e+00  3.000000e+00
   endloop
 endfacet
 facet normal  0.000000e+00  0.000000e+00  1.000000e+00
   outer loop
     vertex  4.400000e+01  0.000000e+00  3.000000e+00
     vertex  3.924657e+01  4.844113e+00  3.000000e+00
     vertex  3.921439e+01  4.810350e+00  3.000000e+00
   endloop
 endfacet
 facet normal  0.000000e+00  0.000000e+00  1.000000e+00
   outer loop
     vertex  4.400000e+01  0.000000e+00  3.000000e+00
     vertex  3.927781e+01  4.878747e+00  3.000000e+00
     vertex  3.924657e+01  4.844113e+00  3.000000e+00
   endloop
 endfacet
 facet normal  0.000000e+00  0.000000e+00  1.000000e+00
   outer loop
     vertex  4.400000e+01  0.000000e+00  3.000000e+00
     vertex  3.930809e+01  4.914224e+00  3.000000e+00
     vertex  3.927781e+01  4.878747e+00  3.000000e+00
   endloop
 endfacet
 facet normal  0.000000e+00  0.000000e+00  1.000000e+00
   outer loop
     vertex  4.400000e+01  0.000000e+00  3.000000e+00
     vertex  3.933738e+01  4.950519e+00  3.000000e+00
     vertex  3.930809e+01  4.914224e+00  3.000000e+00
   endloop
 endfacet
 facet normal  0.000000e+00  0.000000e+00  1.000000e+00
   outer loop
     vertex  4.400000e+01  0.000000e+00  3.000000e+00
     vertex  3.936567e+01  4.987604e+00  3.000000e+00
     vertex  3.933738e+01  4.950519e+00  3.000000e+00
   endloop
 endfacet
 facet normal  0.000000e+00  0.000000e+00  1.000000e+00
   outer loop
     vertex  4.400000e+01  0.000000e+00  3.000000e+00
     vertex  3.939293e+01  5.025451e+00  3.000000e+00
     vertex  3.936567e+01  4.987604e+00  3.000000e+00
   endloop
 endfacet
 facet normal  0.000000e+00  0.000000e+00  1.000000e+00
   outer loop
     vertex  4.400000e+01  0.000000e+00  3.000000e+00
     vertex  3.941914e+01  5.064031e+00  3.000000e+00
     vertex  3.939293e+01  5.025451e+00  3.000000e+00
   endloop
 endfacet
 facet normal  0.000000e+00  0.000000e+00  1.000000e+00
   outer loop
     vertex  4.400000e+01  0.000000e+00  3.000000e+00
     vertex  3.944428e+01  5.103316e+00  3.000000e+00
     vertex  3.941914e+01  5.064031e+00  3.000000e+00
   endloop
 endfacet
 facet normal  0.000000e+00  0.000000e+00  1.000000e+00
   outer loop
     vertex  4.400000e+01  0.000000e+00  3.000000e+00
     vertex  3.946834e+01  5.143276e+00  3.000000e+00
     vertex  3.944428e+01  5.103316e+00  3.000000e+00
   endloop
 endfacet
 facet normal  0.000000e+00  0.000000e+00  1.000000e+00
   outer loop
     vertex  4.400000e+01  0.000000e+00  3.000000e+00
     vertex  3.949129e+01  5.183881e+00  3.000000e+00
     vertex  3.946834e+01  5.143276e+00  3.000000e+00
   endloop
 endfacet
 facet normal  0.000000e+00  0.000000e+00  1.000000e+00
   outer loop
     vertex  4.400000e+01  0.000000e+00  3.000000e+00
     vertex  3.951312e+01  5.225101e+00  3.000000e+00
     vertex  3.949129e+01  5.183881e+00  3.000000e+00
   endloop
 endfacet
 facet normal  0.000000e+00  0.000000e+00  1.000000e+00
   outer loop
     vertex  4.400000e+01  0.000000e+00  3.000000e+00
     vertex  3.953381e+01  5.266903e+00  3.000000e+00
     vertex  3.951312e+01  5.225101e+00  3.000000e+00
   endloop
 endfacet
 facet normal  0.000000e+00  0.000000e+00  1.000000e+00
   outer loop
     vertex  4.400000e+01  0.000000e+00  3.000000e+00
     vertex  3.955334e+01  5.309258e+00  3.000000e+00
     vertex  3.953381e+01  5.266903e+00  3.000000e+00
   endloop
 endfacet
 facet normal  0.000000e+00  0.000000e+00  1.000000e+00
   outer loop
     vertex  4.400000e+01  0.000000e+00  3.000000e+00
     vertex  3.957171e+01  5.352132e+00  3.000000e+00
     vertex  3.955334e+01  5.309258e+00  3.000000e+00
   endloop
 endfacet
 facet normal  0.000000e+00  0.000000e+00  1.000000e+00
   outer loop
     vertex  4.400000e+01  0.000000e+00  3.000000e+00
     vertex  3.958889e+01  5.395495e+00  3.000000e+00
     vertex  3.957171e+01  5.352132e+00  3.000000e+00
   endloop
 endfacet
 facet normal  0.000000e+00  0.000000e+00  1.000000e+00
   outer loop
     vertex  4.400000e+01  0.000000e+00  3.000000e+00
     vertex  3.960488e+01  5.439312e+00  3.000000e+00
     vertex  3.958889e+01  5.395495e+00  3.000000e+00
   endloop
 endfacet
 facet normal  0.000000e+00  0.000000e+00  1.000000e+00
   outer loop
     vertex  4.400000e+01  0.000000e+00  3.000000e+00
     vertex  3.961965e+01  5.483551e+00  3.000000e+00
     vertex  3.960488e+01  5.439312e+00  3.000000e+00
   endloop
 endfacet
 facet normal  0.000000e+00  0.000000e+00  1.000000e+00
   outer loop
     vertex  4.400000e+01  0.000000e+00  3.000000e+00
     vertex  3.963321e+01  5.528179e+00  3.000000e+00
     vertex  3.961965e+01  5.483551e+00  3.000000e+00
   endloop
 endfacet
 facet normal  0.000000e+00  0.000000e+00  1.000000e+00
   outer loop
     vertex  4.400000e+01  0.000000e+00  3.000000e+00
     vertex  3.964554e+01  5.573162e+00  3.000000e+00
     vertex  3.963321e+01  5.528179e+00  3.000000e+00
   endloop
 endfacet
 facet normal  0.000000e+00  0.000000e+00  1.000000e+00
   outer loop
     vertex  4.400000e+01  0.000000e+00  3.000000e+00
     vertex  3.965663e+01  5.618467e+00  3.000000e+00
     vertex  3.964554e+01  5.573162e+00  3.000000e+00
   endloop
 endfacet
 facet normal  0.000000e+00  0.000000e+00  1.000000e+00
   outer loop
     vertex  4.400000e+01  0.000000e+00  3.000000e+00
     vertex  3.966648e+01  5.664059e+00  3.000000e+00
     vertex  3.965663e+01  5.618467e+00  3.000000e+00
   endloop
 endfacet
 facet normal  0.000000e+00  0.000000e+00  1.000000e+00
   outer loop
     vertex  4.400000e+01  0.000000e+00  3.000000e+00
     vertex  3.967507e+01  5.709903e+00  3.000000e+00
     vertex  3.966648e+01  5.664059e+00  3.000000e+00
   endloop
 endfacet
 facet normal  0.000000e+00  0.000000e+00  1.000000e+00
   outer loop
     vertex  4.400000e+01  0.000000e+00  3.000000e+00
     vertex  3.968239e+01  5.755966e+00  3.000000e+00
     vertex  3.967507e+01  5.709903e+00  3.000000e+00
   endloop
 endfacet
 facet normal  0.000000e+00  0.000000e+00  1.000000e+00
   outer loop
     vertex  4.400000e+01  0.000000e+00  3.000000e+00
     vertex  3.968846e+01  5.802213e+00  3.000000e+00
     vertex  3.968239e+01  5.755966e+00  3.000000e+00
   endloop
 endfacet
 facet normal  0.000000e+00  0.000000e+00  1.000000e+00
   outer loop
     vertex  4.400000e+01  0.000000e+00  3.000000e+00
     vertex  3.969325e+01  5.848609e+00  3.000000e+00
     vertex  3.968846e+01  5.802213e+00  3.000000e+00
   endloop
 endfacet
 facet normal  0.000000e+00  0.000000e+00  1.000000e+00
   outer loop
     vertex  4.400000e+01  0.000000e+00  3.000000e+00
     vertex  3.969676e+01  5.895118e+00  3.000000e+00
     vertex  3.969325e+01  5.848609e+00  3.000000e+00
   endloop
 endfacet
 facet normal  0.000000e+00  0.000000e+00  1.000000e+00
   outer loop
     vertex  4.400000e+01  0.000000e+00  3.000000e+00
     vertex  3.969900e+01  5.941707e+00  3.000000e+00
     vertex  3.969676e+01  5.895118e+00  3.000000e+00
   endloop
 endfacet
 facet normal  0.000000e+00  0.000000e+00  1.000000e+00
   outer loop
     vertex  4.400000e+01  0.000000e+00  3.000000e+00
     vertex  3.969996e+01  5.988339e+00  3.000000e+00
     vertex  3.969900e+01  5.941707e+00  3.000000e+00
   endloop
 endfacet
 facet normal  0.000000e+00  0.000000e+00  1.000000e+00
   outer loop
     vertex  4.400000e+01  0.000000e+00  3.000000e+00
     vertex  3.969964e+01  6.034980e+00  3.000000e+00
     vertex  3.969996e+01  5.988339e+00  3.000000e+00
   endloop
 endfacet
 facet normal  0.000000e+00  0.000000e+00  1.000000e+00
   outer loop
     vertex  4.400000e+01  0.000000e+00  3.000000e+00
     vertex  3.969804e+01  6.081595e+00  3.000000e+00
     vertex  3.969964e+01  6.034980e+00  3.000000e+00
   endloop
 endfacet
 facet normal  0.000000e+00  0.000000e+00  1.000000e+00
   outer loop
     vertex  4.400000e+01  0.000000e+00  3.000000e+00
     vertex  3.969516e+01  6.128149e+00  3.000000e+00
     vertex  3.969804e+01  6.081595e+00  3.000000e+00
   endloop
 endfacet
 facet normal  0.000000e+00  0.000000e+00  1.000000e+00
   outer loop
     vertex  4.400000e+01  0.000000e+00  3.000000e+00
     vertex  3.969101e+01  6.174606e+00  3.000000e+00
     vertex  3.969516e+01  6.128149e+00  3.000000e+00
   endloop
 endfacet
 facet normal  0.000000e+00  0.000000e+00  1.000000e+00
   outer loop
     vertex  4.400000e+01  0.000000e+00  3.000000e+00
     vertex  3.968558e+01  6.220931e+00  3.000000e+00
     vertex  3.969101e+01  6.174606e+00  3.000000e+00
   endloop
 endfacet
 facet normal  0.000000e+00  0.000000e+00  1.000000e+00
   outer loop
     vertex  4.400000e+01  0.000000e+00  3.000000e+00
     vertex  3.967889e+01  6.267090e+00  3.000000e+00
     vertex  3.968558e+01  6.220931e+00  3.000000e+00
   endloop
 endfacet
 facet normal  0.000000e+00  0.000000e+00  1.000000e+00
   outer loop
     vertex  4.400000e+01  0.000000e+00  3.000000e+00
     vertex  3.967093e+01  6.313048e+00  3.000000e+00
     vertex  3.967889e+01  6.267090e+00  3.000000e+00
   endloop
 endfacet
 facet normal  0.000000e+00  0.000000e+00  1.000000e+00
   outer loop
     vertex  4.400000e+01  0.000000e+00  3.000000e+00
     vertex  3.966171e+01  6.358771e+00  3.000000e+00
     vertex  3.967093e+01  6.313048e+00  3.000000e+00
   endloop
 endfacet
 facet normal  0.000000e+00  0.000000e+00  1.000000e+00
   outer loop
     vertex  4.400000e+01  0.000000e+00  3.000000e+00
     vertex  3.965124e+01  6.404223e+00  3.000000e+00
     vertex  3.966171e+01  6.358771e+00  3.000000e+00
   endloop
 endfacet
 facet normal  0.000000e+00  0.000000e+00  1.000000e+00
   outer loop
     vertex  4.400000e+01  0.000000e+00  3.000000e+00
     vertex  3.963953e+01  6.449371e+00  3.000000e+00
     vertex  3.965124e+01  6.404223e+00  3.000000e+00
   endloop
 endfacet
 facet normal  0.000000e+00  0.000000e+00  1.000000e+00
   outer loop
     vertex  4.400000e+01  0.000000e+00  3.000000e+00
     vertex  3.962659e+01  6.494181e+00  3.000000e+00
     vertex  3.963953e+01  6.449371e+00  3.000000e+00
   endloop
 endfacet
 facet normal  0.000000e+00  0.000000e+00  1.000000e+00
   outer loop
     vertex  4.400000e+01  0.000000e+00  3.000000e+00
     vertex  3.961242e+01  6.538619e+00  3.000000e+00
     vertex  3.962659e+01  6.494181e+00  3.000000e+00
   endloop
 endfacet
 facet normal  0.000000e+00  0.000000e+00  1.000000e+00
   outer loop
     vertex  4.400000e+01  0.000000e+00  3.000000e+00
     vertex  3.959703e+01  6.582652e+00  3.000000e+00
     vertex  3.961242e+01  6.538619e+00  3.000000e+00
   endloop
 endfacet
 facet normal  0.000000e+00  0.000000e+00  1.000000e+00
   outer loop
     vertex  4.400000e+01  0.000000e+00  3.000000e+00
     vertex  3.958045e+01  6.626245e+00  3.000000e+00
     vertex  3.959703e+01  6.582652e+00  3.000000e+00
   endloop
 endfacet
 facet normal  0.000000e+00  0.000000e+00  1.000000e+00
   outer loop
     vertex  4.400000e+01  0.000000e+00  3.000000e+00
     vertex  3.956267e+01  6.669368e+00  3.000000e+00
     vertex  3.958045e+01  6.626245e+00  3.000000e+00
   endloop
 endfacet
 facet normal  0.000000e+00  0.000000e+00  1.000000e+00
   outer loop
     vertex  4.400000e+01  0.000000e+00  3.000000e+00
     vertex  3.954372e+01  6.711986e+00  3.000000e+00
     vertex  3.956267e+01  6.669368e+00  3.000000e+00
   endloop
 endfacet
 facet normal  0.000000e+00  0.000000e+00  1.000000e+00
   outer loop
     vertex  4.400000e+01  0.000000e+00  3.000000e+00
     vertex  3.723550e+01  4.481601e+00  3.000000e+00
     vertex  0.000000e+00  0.000000e+00  3.000000e+00
   endloop
 endfacet
 facet normal  0.000000e+00  0.000000e+00  1.000000e+00
   outer loop
     vertex  4.400000e+01  0.000000e+00  3.000000e+00
     vertex  3.804664e+01  4.300640e+00  3.000000e+00
     vertex  3.800000e+01  4.300000e+00  3.000000e+00
   endloop
 endfacet
 facet normal  0.000000e+00  0.000000e+00  1.000000e+00
   outer loop
     vertex  4.400000e+01  0.000000e+00  3.000000e+00
     vertex  3.809324e+01  4.302559e+00  3.000000e+00
     vertex  3.804664e+01  4.300640e+00  3.000000e+00
   endloop
 endfacet
 facet normal  0.000000e+00  0.000000e+00  1.000000e+00
   outer loop
     vertex  4.400000e+01  0.000000e+00  3.000000e+00
     vertex  3.813977e+01  4.305756e+00  3.000000e+00
     vertex  3.809324e+01  4.302559e+00  3.000000e+00
   endloop
 endfacet
 facet normal  0.000000e+00  0.000000e+00  1.000000e+00
   outer loop
     vertex  4.400000e+01  0.000000e+00  3.000000e+00
     vertex  3.818620e+01  4.310228e+00  3.000000e+00
     vertex  3.813977e+01  4.305756e+00  3.000000e+00
   endloop
 endfacet
 facet normal  0.000000e+00  0.000000e+00  1.000000e+00
   outer loop
     vertex  4.400000e+01  0.000000e+00  3.000000e+00
     vertex  3.823249e+01  4.315972e+00  3.000000e+00
     vertex  3.818620e+01  4.310228e+00  3.000000e+00
   endloop
 endfacet
 facet normal  0.000000e+00  0.000000e+00  1.000000e+00
   outer loop
     vertex  4.400000e+01  0.000000e+00  3.000000e+00
     vertex  3.827860e+01  4.322984e+00  3.000000e+00
     vertex  3.823249e+01  4.315972e+00  3.000000e+00
   endloop
 endfacet
 facet normal  0.000000e+00  0.000000e+00  1.000000e+00
   outer loop
     vertex  4.400000e+01  0.000000e+00  3.000000e+00
     vertex  3.832450e+01  4.331259e+00  3.000000e+00
     vertex  3.827860e+01  4.322984e+00  3.000000e+00
   endloop
 endfacet
 facet normal  0.000000e+00  0.000000e+00  1.000000e+00
   outer loop
     vertex  4.400000e+01  0.000000e+00  3.000000e+00
     vertex  3.837016e+01  4.340789e+00  3.000000e+00
     vertex  3.832450e+01  4.331259e+00  3.000000e+00
   endloop
 endfacet
 facet normal  0.000000e+00  0.000000e+00  1.000000e+00
   outer loop
     vertex  4.400000e+01  0.000000e+00  3.000000e+00
     vertex  3.841554e+01  4.351569e+00  3.000000e+00
     vertex  3.837016e+01  4.340789e+00  3.000000e+00
   endloop
 endfacet
 facet normal  0.000000e+00  0.000000e+00  1.000000e+00
   outer loop
     vertex  4.400000e+01  0.000000e+00  3.000000e+00
     vertex  3.846061e+01  4.363589e+00  3.000000e+00
     vertex  3.841554e+01  4.351569e+00  3.000000e+00
   endloop
 endfacet
 facet normal  2.952867e-15  1.614870e-16  1.000000e+00
   outer loop
     vertex  4.400000e+01  0.000000e+00  3.000000e+00
     vertex  4.400000e+01  4.400000e+01  3.000000e+00
     vertex  3.955334e+01  3.730926e+01  3.000000e+00
   endloop
 endfacet
 facet normal  3.281313e-16 -1.513388e-16  1.000000e+00
   outer loop
     vertex  4.400000e+01  0.000000e+00  3.000000e+00
     vertex  3.955334e+01  3.730926e+01  3.000000e+00
     vertex  3.953381e+01  3.726690e+01  3.000000e+00
   endloop
 endfacet
 facet normal  3.101392e-16 -1.534951e-16  1.000000e+00
   outer loop
     vertex  4.400000e+01  0.000000e+00  3.000000e+00
     vertex  3.953381e+01  3.726690e+01  3.000000e+00
     vertex  3.951312e+01  3.722510e+01  3.000000e+00
   endloop
 endfacet
 facet normal  2.936148e-16 -1.554868e-16  1.000000e+00
   outer loop
     vertex  4.400000e+01  0.000000e+00  3.000000e+00
     vertex  3.951312e+01  3.722510e+01  3.000000e+00
     vertex  3.949129e+01  3.718388e+01  3.000000e+00
   endloop
 endfacet
 facet normal  2.783630e-16 -1.573362e-16  1.000000e+00
   outer loop
     vertex  4.400000e+01  0.000000e+00  3.000000e+00
     vertex  3.949129e+01  3.718388e+01  3.000000e+00
     vertex  3.946834e+01  3.714328e+01  3.000000e+00
   endloop
 endfacet
 facet normal  2.642209e-16 -1.590616e-16  1.000000e+00
   outer loop
     vertex  4.400000e+01  0.000000e+00  3.000000e+00
     vertex  3.946834e+01  3.714328e+01  3.000000e+00
     vertex  3.944428e+01  3.710332e+01  3.000000e+00
   endloop
 endfacet
 facet normal  2.510520e-16 -1.606785e-16  1.000000e+00
   outer loop
     vertex  4.400000e+01  0.000000e+00  3.000000e+00
     vertex  3.944428e+01  3.710332e+01  3.000000e+00
     vertex  3.941914e+01  3.706403e+01  3.000000e+00
   endloop
 endfacet
 facet normal  2.387407e-16 -1.622001e-16  1.000000e+00
   outer loop
     vertex  4.400000e+01  0.000000e+00  3.000000e+00
     vertex  3.941914e+01  3.706403e+01  3.000000e+00
     vertex  3.939293e+01  3.702545e+01  3.000000e+00
   endloop
 endfacet
 facet normal -3.557128e-16 -2.361679e-16  1.000000e+00
   outer loop
     vertex  4.400000e+01  0.000000e+00  3.000000e+00
     vertex  3.939293e+01  3.702545e+01  3.000000e+00
     vertex  3.954372e+01  6.711986e+00  3.000000e+00
   endloop
 endfacet
 facet normal -4.955738e-16 -2.368636e-16  1.000000e+00
   outer loop
     vertex  3.954372e+01  6.711986e+00  3.000000e+00
     vertex  3.939293e+01  3.702545e+01  3.000000e+00
     vertex  3.952361e+01  6.754069e+00  3.000000e+00
   endloop
 endfacet
 facet normal -4.622345e-16 -2.367197e-16  1.000000e+00
   outer loop
     vertex  3.952361e+01  6.754069e+00  3.000000e+00
     vertex  3.939293e+01  3.702545e+01  3.000000e+00
     vertex  3.950235e+01  6.795584e+00  3.000000e+00
   endloop
 endfacet
 facet normal -4.323597e-16 -2.366115e-16  1.000000e+00
   outer loop
     vertex  3.950235e+01  6.795584e+00  3.000000e+00
     vertex  3.939293e+01  3.702545e+01  3.000000e+00
     vertex  3.947996e+01  6.836500e+00  3.000000e+00
   endloop
 endfacet
 facet normal -4.053959e-16 -2.365338e-16  1.000000e+00
   outer loop
     vertex  3.947996e+01  6.836500e+00  3.000000e+00
     vertex  3.939293e+01  3.702545e+01  3.000000e+00
     vertex  3.945645e+01  6.876786e+00  3.000000e+00
   endloop
 endfacet
 facet normal -3.809009e-16 -2.364822e-16  1.000000e+00
   outer loop
     vertex  3.945645e+01  6.876786e+00  3.000000e+00
     vertex  3.939293e+01  3.702545e+01  3.000000e+00
     vertex  3.943185e+01  6.916412e+00  3.000000e+00
   endloop
 endfacet
 facet normal -3.585169e-16 -2.364533e-16  1.000000e+00
   outer loop
     vertex  3.943185e+01  6.916412e+00  3.000000e+00
     vertex  3.939293e+01  3.702545e+01  3.000000e+00
     vertex  3.940617e+01  6.955349e+00  3.000000e+00
   endloop
 endfacet
 facet normal  0.000000e+00  1.000000e+00  0.000000e+00
   outer loop
     vertex  4.400000e+01  4.400000e+01  0.000000e+00
     vertex  0.000000e+00  4.400000e+01  0.000000e+00
     vertex  0.000000e+00  4.400000e+01  3.000000e+00
   endloop
 endfacet
 facet normal  0.000000e+00  1.000000e+00  0.000000e+00
   outer loop
     vertex  4.400000e+01  4.400000e+01  3.000000e+00
     vertex  4.400000e+01  4.400000e+01  0.000000e+00
     vertex  0.000000e+00  4.400000e+01  3.000000e+00
   endloop
 endfacet
 facet normal  1.000000e+00  0.000000e+00  0.000000e+00
   outer loop
     vertex  4.400000e+01  0.000000e+00  3.000000e+00
     vertex  4.400000e+01  4.400000e+01  0.000000e+00
     vertex  4.400000e+01  4.400000e+01  3.000000e+00
   endloop
 endfacet
 facet normal  1.000000e+00 -0.000000e+00  0.000000e+00
   outer loop
     vertex  4.400000e+01  0.000000e+00  7.105427e-15
     vertex  4.400000e+01  4.400000e+01  0.000000e+00
     vertex  4.400000e+01  0.000000e+00  3.000000e+00
   endloop
 endfacet
 facet normal -1.371831e-02  9.999059e-01  0.000000e+00
   outer loop
     vertex  6.046638e+00  3.630064e+01  3.000000e+00
     vertex  6.000000e+00  3.630000e+01  1.421085e-14
     vertex  6.000000e+00  3.630000e+01  3.000000e+00
   endloop
 endfacet
 facet normal -1.371831e-02  9.999059e-01  0.000000e+00
   outer loop
     vertex  6.046638e+00  3.630064e+01  3.000000e+00
     vertex  6.046638e+00  3.630064e+01  1.421085e-14
     vertex  6.000000e+00  3.630000e+01  1.421085e-14
   endloop
 endfacet
 facet normal -4.114462e-02  9.991532e-01  0.000000e+00
   outer loop
     vertex  6.093241e+00  3.630256e+01  3.000000e+00
     vertex  6.093241e+00  3.630256e+01  1.421085e-14
     vertex  6.046638e+00  3.630064e+01  1.421085e-14
   endloop
 endfacet
 facet normal -4.114462e-02  9.991532e-01  0.000000e+00
   outer loop
     vertex  6.093241e+00  3.630256e+01  3.000000e+00
     vertex  6.046638e+00  3.630064e+01  1.421085e-14
     vertex  6.046638e+00  3.630064e+01  3.000000e+00
   endloop
 endfacet
 facet normal -6.853995e-02  9.976484e-01  0.000000e+00
   outer loop
     vertex  6.139773e+00  3.630576e+01  3.000000e+00
     vertex  6.139773e+00  3.630576e+01  1.421085e-14
     vertex  6.093241e+00  3.630256e+01  1.421085e-14
   endloop
 endfacet
 facet normal -6.853995e-02  9.976484e-01  0.000000e+00
   outer loop
     vertex  6.139773e+00  3.630576e+01  3.000000e+00
     vertex  6.093241e+00  3.630256e+01  1.421085e-14
     vertex  6.093241e+00  3.630256e+01  3.000000e+00
   endloop
 endfacet
 facet normal -9.588368e-02  9.953925e-01  0.000000e+00
   outer loop
     vertex  6.186201e+00  3.631023e+01  3.000000e+00
     vertex  6.186201e+00  3.631023e+01  1.421085e-14
     vertex  6.139773e+00  3.630576e+01  1.421085e-14
   endloop
 endfacet
 facet normal -9.588368e-02  9.953925e-01  0.000000e+00
   outer loop
     vertex  6.186201e+00  3.631023e+01  3.000000e+00
     vertex  6.139773e+00  3.630576e+01  1.421085e-14
     vertex  6.139773e+00  3.630576e+01  3.000000e+00
   endloop
 endfacet
 facet normal -1.231552e-01  9.923874e-01  0.000000e+00
   outer loop
     vertex  6.232488e+00  3.631597e+01  3.000000e+00
     vertex  6.232488e+00  3.631597e+01  1.421085e-14
     vertex  6.186201e+00  3.631023e+01  1.421085e-14
   endloop
 endfacet
 facet normal -1.231552e-01  9.923874e-01  0.000000e+00
   outer loop
     vertex  6.232488e+00  3.631597e+01  3.000000e+00
     vertex  6.186201e+00  3.631023e+01  1.421085e-14
     vertex  6.186201e+00  3.631023e+01  3.000000e+00
   endloop
 endfacet
 facet normal -1.503341e-01  9.886353e-01  0.000000e+00
   outer loop
     vertex  6.278600e+00  3.632298e+01  3.000000e+00
     vertex  6.278600e+00  3.632298e+01  1.421085e-14
     vertex  6.232488e+00  3.631597e+01  1.421085e-14
   endloop
 endfacet
 facet normal -1.773998e-01  9.841389e-01  0.000000e+00
   outer loop
     vertex  6.278600e+00  3.632298e+01  3.000000e+00
     vertex  6.324502e+00  3.633126e+01  1.421085e-14
     vertex  6.278600e+00  3.632298e+01  1.421085e-14
   endloop
 endfacet
 facet normal -1.503341e-01  9.886353e-01  0.000000e+00
   outer loop
     vertex  6.278600e+00  3.632298e+01  3.000000e+00
     vertex  6.232488e+00  3.631597e+01  1.421085e-14
     vertex  6.232488e+00  3.631597e+01  3.000000e+00
   endloop
 endfacet
 facet normal -1.773998e-01  9.841389e-01  0.000000e+00
   outer loop
     vertex  6.324502e+00  3.633126e+01  3.000000e+00
     vertex  6.324502e+00  3.633126e+01  1.421085e-14
     vertex  6.278600e+00  3.632298e+01  3.000000e+00
   endloop
 endfacet
 facet normal -2.043319e-01  9.789017e-01  0.000000e+00
   outer loop
     vertex  6.370161e+00  3.634079e+01  3.000000e+00
     vertex  6.370161e+00  3.634079e+01  1.421085e-14
     vertex  6.324502e+00  3.633126e+01  1.421085e-14
   endloop
 endfacet
 facet normal -2.043319e-01  9.789017e-01  0.000000e+00
   outer loop
     vertex  6.370161e+00  3.634079e+01  3.000000e+00
     vertex  6.324502e+00  3.633126e+01  1.421085e-14
     vertex  6.324502e+00  3.633126e+01  3.000000e+00
   endloop
 endfacet
 facet normal -2.311102e-01  9.729276e-01  0.000000e+00
   outer loop
     vertex  6.415540e+00  3.635157e+01  3.000000e+00
     vertex  6.415540e+00  3.635157e+01  1.421085e-14
     vertex  6.370161e+00  3.634079e+01  1.421085e-14
   endloop
 endfacet
 facet normal -2.311102e-01  9.729276e-01  0.000000e+00
   outer loop
     vertex  6.415540e+00  3.635157e+01  3.000000e+00
     vertex  6.370161e+00  3.634079e+01  1.421085e-14
     vertex  6.370161e+00  3.634079e+01  3.000000e+00
   endloop
 endfacet
 facet normal -2.577146e-01  9.662211e-01  0.000000e+00
   outer loop
     vertex  6.460607e+00  3.636359e+01  3.000000e+00
     vertex  6.415540e+00  3.635157e+01  1.421085e-14
     vertex  6.415540e+00  3.635157e+01  3.000000e+00
   endloop
 endfacet
 facet normal -2.577146e-01  9.662211e-01  0.000000e+00
   outer loop
     vertex  6.460607e+00  3.636359e+01  3.000000e+00
     vertex  6.460607e+00  3.636359e+01  1.421085e-14
     vertex  6.415540e+00  3.635157e+01  1.421085e-14
   endloop
 endfacet
 facet normal -2.841250e-01  9.587873e-01  0.000000e+00
   outer loop
     vertex  6.460607e+00  3.636359e+01  3.000000e+00
     vertex  6.505327e+00  3.637684e+01  1.421085e-14
     vertex  6.460607e+00  3.636359e+01  1.421085e-14
   endloop
 endfacet
 facet normal -2.841250e-01  9.587873e-01  0.000000e+00
   outer loop
     vertex  6.505327e+00  3.637684e+01  3.000000e+00
     vertex  6.505327e+00  3.637684e+01  1.421085e-14
     vertex  6.460607e+00  3.636359e+01  3.000000e+00
   endloop
 endfacet
 facet normal -3.103214e-01  9.506317e-01  0.000000e+00
   outer loop
     vertex  6.505327e+00  3.637684e+01  3.000000e+00
     vertex  6.549667e+00  3.639132e+01  1.421085e-14
     vertex  6.505327e+00  3.637684e+01  1.421085e-14
   endloop
 endfacet
 facet normal -3.103214e-01  9.506317e-01  0.000000e+00
   outer loop
     vertex  6.549667e+00  3.639132e+01  3.000000e+00
     vertex  6.549667e+00  3.639132e+01  1.421085e-14
     vertex  6.505327e+00  3.637684e+01  3.000000e+00
   endloop
 endfacet
 facet normal -3.362843e-01  9.417605e-01  0.000000e+00
   outer loop
     vertex  6.549667e+00  3.639132e+01  3.000000e+00
     vertex  6.593592e+00  3.640700e+01  1.421085e-14
     vertex  6.549667e+00  3.639132e+01  1.421085e-14
   endloop
 endfacet
 facet normal -3.362843e-01  9.417605e-01  0.000000e+00
   outer loop
     vertex  6.593592e+00  3.640700e+01  3.000000e+00
     vertex  6.593592e+00  3.640700e+01  1.421085e-14
     vertex  6.549667e+00  3.639132e+01  3.000000e+00
   endloop
 endfacet
 facet normal -3.619940e-01  9.321804e-01  0.000000e+00
   outer loop
     vertex  6.637071e+00  3.642388e+01  3.000000e+00
     vertex  6.593592e+00  3.640700e+01  1.421085e-14
     vertex  6.593592e+00  3.640700e+01  3.000000e+00
   endloop
 endfacet
 facet normal -3.619940e-01  9.321804e-01  0.000000e+00
   outer loop
     vertex  6.637071e+00  3.642388e+01  3.000000e+00
     vertex  6.637071e+00  3.642388e+01  1.421085e-14
     vertex  6.593592e+00  3.640700e+01  1.421085e-14
   endloop
 endfacet
 facet normal -3.874313e-01  9.218986e-01  0.000000e+00
   outer loop
     vertex  6.680071e+00  3.644196e+01  3.000000e+00
     vertex  6.637071e+00  3.642388e+01  1.421085e-14
     vertex  6.637071e+00  3.642388e+01  3.000000e+00
   endloop
 endfacet
 facet normal -3.874313e-01  9.218986e-01  0.000000e+00
   outer loop
     vertex  6.680071e+00  3.644196e+01  3.000000e+00
     vertex  6.680071e+00  3.644196e+01  1.421085e-14
     vertex  6.637071e+00  3.642388e+01  1.421085e-14
   endloop
 endfacet
 facet normal -4.125769e-01  9.109228e-01  0.000000e+00
   outer loop
     vertex  6.722558e+00  3.646120e+01  3.000000e+00
     vertex  6.680071e+00  3.644196e+01  1.421085e-14
     vertex  6.680071e+00  3.644196e+01  3.000000e+00
   endloop
 endfacet
 facet normal -4.125769e-01  9.109228e-01  0.000000e+00
   outer loop
     vertex  6.722558e+00  3.646120e+01  3.000000e+00
     vertex  6.722558e+00  3.646120e+01  1.421085e-14
     vertex  6.680071e+00  3.644196e+01  1.421085e-14
   endloop
 endfacet
 facet normal -4.374119e-01  8.992613e-01  0.000000e+00
   outer loop
     vertex  6.764502e+00  3.648160e+01  3.000000e+00
     vertex  6.722558e+00  3.646120e+01  1.421085e-14
     vertex  6.722558e+00  3.646120e+01  3.000000e+00
   endloop
 endfacet
 facet normal -4.374119e-01  8.992613e-01  0.000000e+00
   outer loop
     vertex  6.764502e+00  3.648160e+01  3.000000e+00
     vertex  6.764502e+00  3.648160e+01  1.421085e-14
     vertex  6.722558e+00  3.646120e+01  1.421085e-14
   endloop
 endfacet
 facet normal -4.619176e-01  8.869228e-01  0.000000e+00
   outer loop
     vertex  6.805870e+00  3.650315e+01  3.000000e+00
     vertex  6.764502e+00  3.648160e+01  1.421085e-14
     vertex  6.764502e+00  3.648160e+01  3.000000e+00
   endloop
 endfacet
 facet normal -4.619176e-01  8.869228e-01  0.000000e+00
   outer loop
     vertex  6.805870e+00  3.650315e+01  3.000000e+00
     vertex  6.805870e+00  3.650315e+01  1.421085e-14
     vertex  6.764502e+00  3.648160e+01  1.421085e-14
   endloop
 endfacet
 facet normal -4.860756e-01  8.739167e-01  0.000000e+00
   outer loop
     vertex  6.846632e+00  3.652582e+01  3.000000e+00
     vertex  6.805870e+00  3.650315e+01  1.421085e-14
     vertex  6.805870e+00  3.650315e+01  3.000000e+00
   endloop
 endfacet
 facet normal -4.860756e-01  8.739167e-01  0.000000e+00
   outer loop
     vertex  6.846632e+00  3.652582e+01  3.000000e+00
     vertex  6.846632e+00  3.652582e+01  1.421085e-14
     vertex  6.805870e+00  3.650315e+01  1.421085e-14
   endloop
 endfacet
 facet normal -5.098678e-01  8.602528e-01  0.000000e+00
   outer loop
     vertex  6.886756e+00  3.654960e+01  3.000000e+00
     vertex  6.846632e+00  3.652582e+01  1.421085e-14
     vertex  6.846632e+00  3.652582e+01  3.000000e+00
   endloop
 endfacet
 facet normal -5.098678e-01  8.602528e-01  0.000000e+00
   outer loop
     vertex  6.886756e+00  3.654960e+01  3.000000e+00
     vertex  6.886756e+00  3.654960e+01  1.421085e-14
     vertex  6.846632e+00  3.652582e+01  1.421085e-14
   endloop
 endfacet
 facet normal -5.332761e-01  8.459413e-01  0.000000e+00
   outer loop
     vertex  6.926212e+00  3.657447e+01  3.000000e+00
     vertex  6.886756e+00  3.654960e+01  1.421085e-14
     vertex  6.886756e+00  3.654960e+01  3.000000e+00
   endloop
 endfacet
 facet normal -5.332761e-01  8.459413e-01  0.000000e+00
   outer loop
     vertex  6.926212e+00  3.657447e+01  3.000000e+00
     vertex  6.926212e+00  3.657447e+01  1.421085e-14
     vertex  6.886756e+00  3.654960e+01  1.421085e-14
   endloop
 endfacet
 facet normal -5.562829e-01  8.309929e-01  0.000000e+00
   outer loop
     vertex  6.964972e+00  3.660042e+01  3.000000e+00
     vertex  6.964972e+00  3.660042e+01  1.421085e-14
     vertex  6.926212e+00  3.657447e+01  1.421085e-14
   endloop
 endfacet
 facet normal -5.562829e-01  8.309929e-01  0.000000e+00
   outer loop
     vertex  6.964972e+00  3.660042e+01  3.000000e+00
     vertex  6.926212e+00  3.657447e+01  1.421085e-14
     vertex  6.926212e+00  3.657447e+01  3.000000e+00
   endloop
 endfacet
 facet normal -5.788711e-01  8.154191e-01  0.000000e+00
   outer loop
     vertex  7.003005e+00  3.662742e+01  3.000000e+00
     vertex  7.003005e+00  3.662742e+01  1.421085e-14
     vertex  6.964972e+00  3.660042e+01  1.421085e-14
   endloop
 endfacet
 facet normal -5.788711e-01  8.154191e-01  0.000000e+00
   outer loop
     vertex  7.003005e+00  3.662742e+01  3.000000e+00
     vertex  6.964972e+00  3.660042e+01  1.421085e-14
     vertex  6.964972e+00  3.660042e+01  3.000000e+00
   endloop
 endfacet
 facet normal -6.010234e-01  7.992314e-01  0.000000e+00
   outer loop
     vertex  7.040283e+00  3.665545e+01  3.000000e+00
     vertex  7.040283e+00  3.665545e+01  1.421085e-14
     vertex  7.003005e+00  3.662742e+01  1.421085e-14
   endloop
 endfacet
 facet normal -6.010234e-01  7.992314e-01  0.000000e+00
   outer loop
     vertex  7.040283e+00  3.665545e+01  3.000000e+00
     vertex  7.003005e+00  3.662742e+01  1.421085e-14
     vertex  7.003005e+00  3.662742e+01  3.000000e+00
   endloop
 endfacet
 facet normal -6.227234e-01  7.824421e-01  0.000000e+00
   outer loop
     vertex  7.076778e+00  3.668450e+01  3.000000e+00
     vertex  7.076778e+00  3.668450e+01  1.421085e-14
     vertex  7.040283e+00  3.665545e+01  1.421085e-14
   endloop
 endfacet
 facet normal -6.227234e-01  7.824421e-01  0.000000e+00
   outer loop
     vertex  7.076778e+00  3.668450e+01  3.000000e+00
     vertex  7.040283e+00  3.665545e+01  1.421085e-14
     vertex  7.040283e+00  3.665545e+01  3.000000e+00
   endloop
 endfacet
 facet normal -6.439545e-01  7.650637e-01  0.000000e+00
   outer loop
     vertex  7.112462e+00  3.671453e+01  3.000000e+00
     vertex  7.112462e+00  3.671453e+01  1.421085e-14
     vertex  7.076778e+00  3.668450e+01  1.421085e-14
   endloop
 endfacet
 facet normal -6.439545e-01  7.650637e-01  0.000000e+00
   outer loop
     vertex  7.112462e+00  3.671453e+01  3.000000e+00
     vertex  7.076778e+00  3.668450e+01  1.421085e-14
     vertex  7.076778e+00  3.668450e+01  3.000000e+00
   endloop
 endfacet
 facet normal -6.647010e-01  7.471095e-01  0.000000e+00
   outer loop
     vertex  7.147309e+00  3.674553e+01  3.000000e+00
     vertex  7.147309e+00  3.674553e+01  1.421085e-14
     vertex  7.112462e+00  3.671453e+01  1.421085e-14
   endloop
 endfacet
 facet normal -6.849470e-01  7.285929e-01  0.000000e+00
   outer loop
     vertex  7.147309e+00  3.674553e+01  3.000000e+00
     vertex  7.181292e+00  3.677748e+01  1.421085e-14
     vertex  7.147309e+00  3.674553e+01  1.421085e-14
   endloop
 endfacet
 facet normal -6.647010e-01  7.471095e-01  0.000000e+00
   outer loop
     vertex  7.147309e+00  3.674553e+01  3.000000e+00
     vertex  7.112462e+00  3.671453e+01  1.421085e-14
     vertex  7.112462e+00  3.671453e+01  3.000000e+00
   endloop
 endfacet
 facet normal -6.849470e-01  7.285929e-01  0.000000e+00
   outer loop
     vertex  7.181292e+00  3.677748e+01  3.000000e+00
     vertex  7.181292e+00  3.677748e+01  1.421085e-14
     vertex  7.147309e+00  3.674553e+01  3.000000e+00
   endloop
 endfacet
 facet normal -7.046775e-01  7.095278e-01  0.000000e+00
   outer loop
     vertex  7.214386e+00  3.681035e+01  3.000000e+00
     vertex  7.214386e+00  3.681035e+01  1.421085e-14
     vertex  7.181292e+00  3.677748e+01  1.421085e-14
   endloop
 endfacet
 facet normal -7.238775e-01  6.899286e-01  0.000000e+00
   outer loop
     vertex  7.214386e+00  3.681035e+01  3.000000e+00
     vertex  7.246566e+00  3.684411e+01  1.421085e-14
     vertex  7.214386e+00  3.681035e+01  1.421085e-14
   endloop
 endfacet
 facet normal -7.046775e-01  7.095278e-01  0.000000e+00
   outer loop
     vertex  7.214386e+00  3.681035e+01  3.000000e+00
     vertex  7.181292e+00  3.677748e+01  1.421085e-14
     vertex  7.181292e+00  3.677748e+01  3.000000e+00
   endloop
 endfacet
 facet normal -7.238775e-01  6.899286e-01  0.000000e+00
   outer loop
     vertex  7.246566e+00  3.684411e+01  3.000000e+00
     vertex  7.246566e+00  3.684411e+01  1.421085e-14
     vertex  7.214386e+00  3.681035e+01  3.000000e+00
   endloop
 endfacet
 facet normal -7.425325e-01  6.698100e-01  0.000000e+00
   outer loop
     vertex  7.277807e+00  3.687875e+01  3.000000e+00
     vertex  7.277807e+00  3.687875e+01  1.421085e-14
     vertex  7.246566e+00  3.684411e+01  1.421085e-14
   endloop
 endfacet
 facet normal -7.425325e-01  6.698100e-01  0.000000e+00
   outer loop
     vertex  7.277807e+00  3.687875e+01  3.000000e+00
     vertex  7.246566e+00  3.684411e+01  1.421085e-14
     vertex  7.246566e+00  3.684411e+01  3.000000e+00
   endloop
 endfacet
 facet normal -7.606287e-01  6.491872e-01  0.000000e+00
   outer loop
     vertex  7.308087e+00  3.691422e+01  3.000000e+00
     vertex  7.308087e+00  3.691422e+01  1.421085e-14
     vertex  7.277807e+00  3.687875e+01  1.421085e-14
   endloop
 endfacet
 facet normal -7.781522e-01  6.280757e-01  0.000000e+00
   outer loop
     vertex  7.308087e+00  3.691422e+01  3.000000e+00
     vertex  7.337382e+00  3.695052e+01  1.421085e-14
     vertex  7.308087e+00  3.691422e+01  1.421085e-14
   endloop
 endfacet
 facet normal -7.606287e-01  6.491872e-01  0.000000e+00
   outer loop
     vertex  7.308087e+00  3.691422e+01  3.000000e+00
     vertex  7.277807e+00  3.687875e+01  1.421085e-14
     vertex  7.277807e+00  3.687875e+01  3.000000e+00
   endloop
 endfacet
 facet normal -7.950900e-01  6.064915e-01  0.000000e+00
   outer loop
     vertex  7.337382e+00  3.695052e+01  3.000000e+00
     vertex  7.365670e+00  3.698760e+01  1.421085e-14
     vertex  7.337382e+00  3.695052e+01  1.421085e-14
   endloop
 endfacet
 facet normal -7.781522e-01  6.280757e-01  0.000000e+00
   outer loop
     vertex  7.337382e+00  3.695052e+01  3.000000e+00
     vertex  7.337382e+00  3.695052e+01  1.421085e-14
     vertex  7.308087e+00  3.691422e+01  3.000000e+00
   endloop
 endfacet
 facet normal -7.950900e-01  6.064915e-01  0.000000e+00
   outer loop
     vertex  7.365670e+00  3.698760e+01  3.000000e+00
     vertex  7.365670e+00  3.698760e+01  1.421085e-14
     vertex  7.337382e+00  3.695052e+01  3.000000e+00
   endloop
 endfacet
 facet normal -8.114292e-01  5.844507e-01  0.000000e+00
   outer loop
     vertex  7.392930e+00  3.702545e+01  3.000000e+00
     vertex  7.365670e+00  3.698760e+01  1.421085e-14
     vertex  7.365670e+00  3.698760e+01  3.000000e+00
   endloop
 endfacet
 facet normal -8.114292e-01  5.844507e-01  0.000000e+00
   outer loop
     vertex  7.392930e+00  3.702545e+01  3.000000e+00
     vertex  7.392930e+00  3.702545e+01  1.421085e-14
     vertex  7.365670e+00  3.698760e+01  1.421085e-14
   endloop
 endfacet
 facet normal -8.271577e-01  5.619699e-01  0.000000e+00
   outer loop
     vertex  7.419142e+00  3.706403e+01  3.000000e+00
     vertex  7.419142e+00  3.706403e+01  1.421085e-14
     vertex  7.392930e+00  3.702545e+01  1.421085e-14
   endloop
 endfacet
 facet normal -8.271577e-01  5.619699e-01  0.000000e+00
   outer loop
     vertex  7.419142e+00  3.706403e+01  3.000000e+00
     vertex  7.392930e+00  3.702545e+01  1.421085e-14
     vertex  7.392930e+00  3.702545e+01  3.000000e+00
   endloop
 endfacet
 facet normal -8.422635e-01  5.390661e-01  0.000000e+00
   outer loop
     vertex  7.444285e+00  3.710332e+01  3.000000e+00
     vertex  7.419142e+00  3.706403e+01  1.421085e-14
     vertex  7.419142e+00  3.706403e+01  3.000000e+00
   endloop
 endfacet
 facet normal -8.422635e-01  5.390661e-01  0.000000e+00
   outer loop
     vertex  7.444285e+00  3.710332e+01  3.000000e+00
     vertex  7.444285e+00  3.710332e+01  1.421085e-14
     vertex  7.419142e+00  3.706403e+01  1.421085e-14
   endloop
 endfacet
 facet normal -8.567352e-01  5.157565e-01  0.000000e+00
   outer loop
     vertex  7.468341e+00  3.714328e+01  3.000000e+00
     vertex  7.444285e+00  3.710332e+01  1.421085e-14
     vertex  7.444285e+00  3.710332e+01  3.000000e+00
   endloop
 endfacet
 facet normal -8.567352e-01  5.157565e-01  0.000000e+00
   outer loop
     vertex  7.468341e+00  3.714328e+01  3.000000e+00
     vertex  7.468341e+00  3.714328e+01  1.421085e-14
     vertex  7.444285e+00  3.710332e+01  1.421085e-14
   endloop
 endfacet
 facet normal -8.705620e-01  4.920587e-01  0.000000e+00
   outer loop
     vertex  7.491292e+00  3.718388e+01  3.000000e+00
     vertex  7.468341e+00  3.714328e+01  1.421085e-14
     vertex  7.468341e+00  3.714328e+01  3.000000e+00
   endloop
 endfacet
 facet normal -8.705620e-01  4.920587e-01  0.000000e+00
   outer loop
     vertex  7.491292e+00  3.718388e+01  3.000000e+00
     vertex  7.491292e+00  3.718388e+01  1.421085e-14
     vertex  7.468341e+00  3.714328e+01  1.421085e-14
   endloop
 endfacet
 facet normal -8.837335e-01  4.679904e-01  0.000000e+00
   outer loop
     vertex  7.513120e+00  3.722510e+01  3.000000e+00
     vertex  7.491292e+00  3.718388e+01  1.421085e-14
     vertex  7.491292e+00  3.718388e+01  3.000000e+00
   endloop
 endfacet
 facet normal -8.837335e-01  4.679904e-01  0.000000e+00
   outer loop
     vertex  7.513120e+00  3.722510e+01  3.000000e+00
     vertex  7.513120e+00  3.722510e+01  1.421085e-14
     vertex  7.491292e+00  3.718388e+01  1.421085e-14
   endloop
 endfacet
 facet normal -8.962398e-01  4.435699e-01  0.000000e+00
   outer loop
     vertex  7.533809e+00  3.726690e+01  3.000000e+00
     vertex  7.513120e+00  3.722510e+01  1.421085e-14
     vertex  7.513120e+00  3.722510e+01  3.000000e+00
   endloop
 endfacet
 facet normal -8.962398e-01  4.435699e-01  0.000000e+00
   outer loop
     vertex  7.533809e+00  3.726690e+01  3.000000e+00
     vertex  7.533809e+00  3.726690e+01  1.421085e-14
     vertex  7.513120e+00  3.722510e+01  1.421085e-14
   endloop
 endfacet
 facet normal -9.080714e-01  4.188155e-01  0.000000e+00
   outer loop
     vertex  7.553343e+00  3.730926e+01  3.000000e+00
     vertex  7.533809e+00  3.726690e+01  1.421085e-14
     vertex  7.533809e+00  3.726690e+01  3.000000e+00
   endloop
 endfacet
 facet normal -9.080714e-01  4.188155e-01  0.000000e+00
   outer loop
     vertex  7.553343e+00  3.730926e+01  3.000000e+00
     vertex  7.553343e+00  3.730926e+01  1.421085e-14
     vertex  7.533809e+00  3.726690e+01  1.421085e-14
   endloop
 endfacet
 facet normal -9.192194e-01  3.937458e-01  0.000000e+00
   outer loop
     vertex  7.571709e+00  3.735213e+01  3.000000e+00
     vertex  7.553343e+00  3.730926e+01  1.421085e-14
     vertex  7.553343e+00  3.730926e+01  3.000000e+00
   endloop
 endfacet
 facet normal -9.192194e-01  3.937458e-01  0.000000e+00
   outer loop
     vertex  7.571709e+00  3.735213e+01  3.000000e+00
     vertex  7.571709e+00  3.735213e+01  1.421085e-14
     vertex  7.553343e+00  3.730926e+01  1.421085e-14
   endloop
 endfacet
 facet normal -9.296754e-01  3.683796e-01  0.000000e+00
   outer loop
     vertex  7.588891e+00  3.739549e+01  3.000000e+00
     vertex  7.571709e+00  3.735213e+01  1.421085e-14
     vertex  7.571709e+00  3.735213e+01  3.000000e+00
   endloop
 endfacet
 facet normal -9.296754e-01  3.683796e-01  0.000000e+00
   outer loop
     vertex  7.588891e+00  3.739549e+01  3.000000e+00
     vertex  7.588891e+00  3.739549e+01  1.421085e-14
     vertex  7.571709e+00  3.735213e+01  1.421085e-14
   endloop
 endfacet
 facet normal -9.394317e-01  3.427362e-01  0.000000e+00
   outer loop
     vertex  7.588891e+00  3.739549e+01  3.000000e+00
     vertex  7.604877e+00  3.743931e+01  1.421085e-14
     vertex  7.588891e+00  3.739549e+01  1.421085e-14
   endloop
 endfacet
 facet normal -9.394317e-01  3.427362e-01  0.000000e+00
   outer loop
     vertex  7.604877e+00  3.743931e+01  3.000000e+00
     vertex  7.604877e+00  3.743931e+01  1.421085e-14
     vertex  7.588891e+00  3.739549e+01  3.000000e+00
   endloop
 endfacet
 facet normal -9.484807e-01  3.168348e-01  0.000000e+00
   outer loop
     vertex  7.619654e+00  3.748355e+01  3.000000e+00
     vertex  7.604877e+00  3.743931e+01  1.421085e-14
     vertex  7.604877e+00  3.743931e+01  3.000000e+00
   endloop
 endfacet
 facet normal -9.484807e-01  3.168348e-01  0.000000e+00
   outer loop
     vertex  7.619654e+00  3.748355e+01  3.000000e+00
     vertex  7.619654e+00  3.748355e+01  1.421085e-14
     vertex  7.604877e+00  3.743931e+01  1.421085e-14
   endloop
 endfacet
 facet normal -9.568158e-01  2.906949e-01  0.000000e+00
   outer loop
     vertex  7.633213e+00  3.752818e+01  3.000000e+00
     vertex  7.619654e+00  3.748355e+01  1.421085e-14
     vertex  7.619654e+00  3.748355e+01  3.000000e+00
   endloop
 endfacet
 facet normal -9.568158e-01  2.906949e-01  0.000000e+00
   outer loop
     vertex  7.633213e+00  3.752818e+01  3.000000e+00
     vertex  7.633213e+00  3.752818e+01  1.421085e-14
     vertex  7.619654e+00  3.748355e+01  1.421085e-14
   endloop
 endfacet
 facet normal -9.644306e-01  2.643362e-01  0.000000e+00
   outer loop
     vertex  7.645542e+00  3.757316e+01  3.000000e+00
     vertex  7.633213e+00  3.752818e+01  1.421085e-14
     vertex  7.633213e+00  3.752818e+01  3.000000e+00
   endloop
 endfacet
 facet normal -9.644306e-01  2.643362e-01  0.000000e+00
   outer loop
     vertex  7.645542e+00  3.757316e+01  3.000000e+00
     vertex  7.645542e+00  3.757316e+01  1.421085e-14
     vertex  7.633213e+00  3.752818e+01  1.421085e-14
   endloop
 endfacet
 facet normal -9.713194e-01  2.377784e-01  0.000000e+00
   outer loop
     vertex  7.656633e+00  3.761847e+01  3.000000e+00
     vertex  7.645542e+00  3.757316e+01  1.421085e-14
     vertex  7.645542e+00  3.757316e+01  3.000000e+00
   endloop
 endfacet
 facet normal -9.713194e-01  2.377784e-01  0.000000e+00
   outer loop
     vertex  7.656633e+00  3.761847e+01  3.000000e+00
     vertex  7.656633e+00  3.761847e+01  1.421085e-14
     vertex  7.645542e+00  3.757316e+01  1.421085e-14
   endloop
 endfacet
 facet normal -9.774771e-01  2.110417e-01  0.000000e+00
   outer loop
     vertex  7.666476e+00  3.766406e+01  3.000000e+00
     vertex  7.656633e+00  3.761847e+01  1.421085e-14
     vertex  7.656633e+00  3.761847e+01  3.000000e+00
   endloop
 endfacet
 facet normal -9.774771e-01  2.110417e-01  0.000000e+00
   outer loop
     vertex  7.666476e+00  3.766406e+01  3.000000e+00
     vertex  7.666476e+00  3.766406e+01  1.421085e-14
     vertex  7.656633e+00  3.761847e+01  1.421085e-14
   endloop
 endfacet
 facet normal -9.828989e-01  1.841461e-01  0.000000e+00
   outer loop
     vertex  7.675065e+00  3.770990e+01  3.000000e+00
     vertex  7.666476e+00  3.766406e+01  1.421085e-14
     vertex  7.666476e+00  3.766406e+01  3.000000e+00
   endloop
 endfacet
 facet normal -9.828989e-01  1.841461e-01  0.000000e+00
   outer loop
     vertex  7.675065e+00  3.770990e+01  3.000000e+00
     vertex  7.675065e+00  3.770990e+01  1.421085e-14
     vertex  7.666476e+00  3.766406e+01  1.421085e-14
   endloop
 endfacet
 facet normal -9.875808e-01  1.571119e-01  0.000000e+00
   outer loop
     vertex  7.675065e+00  3.770990e+01  3.000000e+00
     vertex  7.682393e+00  3.775597e+01  1.421085e-14
     vertex  7.675065e+00  3.770990e+01  1.421085e-14
   endloop
 endfacet
 facet normal -9.875808e-01  1.571119e-01  0.000000e+00
   outer loop
     vertex  7.682393e+00  3.775597e+01  3.000000e+00
     vertex  7.682393e+00  3.775597e+01  1.421085e-14
     vertex  7.675065e+00  3.770990e+01  3.000000e+00
   endloop
 endfacet
 facet normal -9.915193e-01  1.299594e-01  0.000000e+00
   outer loop
     vertex  7.682393e+00  3.775597e+01  3.000000e+00
     vertex  7.688455e+00  3.780221e+01  1.421085e-14
     vertex  7.682393e+00  3.775597e+01  1.421085e-14
   endloop
 endfacet
 facet normal -9.915193e-01  1.299594e-01  0.000000e+00
   outer loop
     vertex  7.688455e+00  3.780221e+01  3.000000e+00
     vertex  7.688455e+00  3.780221e+01  1.421085e-14
     vertex  7.682393e+00  3.775597e+01  3.000000e+00
   endloop
 endfacet
 facet normal -9.947114e-01  1.027091e-01  0.000000e+00
   outer loop
     vertex  7.693246e+00  3.784861e+01  3.000000e+00
     vertex  7.688455e+00  3.780221e+01  1.421085e-14
     vertex  7.688455e+00  3.780221e+01  3.000000e+00
   endloop
 endfacet
 facet normal -9.947114e-01  1.027091e-01  0.000000e+00
   outer loop
     vertex  7.693246e+00  3.784861e+01  3.000000e+00
     vertex  7.693246e+00  3.784861e+01  1.421085e-14
     vertex  7.688455e+00  3.780221e+01  1.421085e-14
   endloop
 endfacet
 facet normal -9.971548e-01  7.538152e-02  0.000000e+00
   outer loop
     vertex  7.696762e+00  3.789512e+01  3.000000e+00
     vertex  7.693246e+00  3.784861e+01  1.421085e-14
     vertex  7.693246e+00  3.784861e+01  3.000000e+00
   endloop
 endfacet
 facet normal -9.971548e-01  7.538152e-02  0.000000e+00
   outer loop
     vertex  7.696762e+00  3.789512e+01  3.000000e+00
     vertex  7.696762e+00  3.789512e+01  1.421085e-14
     vertex  7.693246e+00  3.784861e+01  1.421085e-14
   endloop
 endfacet
 facet normal -9.988475e-01  4.799716e-02  0.000000e+00
   outer loop
     vertex  7.699000e+00  3.794171e+01  3.000000e+00
     vertex  7.696762e+00  3.789512e+01  1.421085e-14
     vertex  7.696762e+00  3.789512e+01  3.000000e+00
   endloop
 endfacet
 facet normal -9.988475e-01  4.799716e-02  0.000000e+00
   outer loop
     vertex  7.699000e+00  3.794171e+01  3.000000e+00
     vertex  7.699000e+00  3.794171e+01  1.421085e-14
     vertex  7.696762e+00  3.789512e+01  1.421085e-14
   endloop
 endfacet
 facet normal -9.997883e-01  2.057667e-02  0.000000e+00
   outer loop
     vertex  7.699960e+00  3.798834e+01  3.000000e+00
     vertex  7.699960e+00  3.798834e+01  1.421085e-14
     vertex  7.699000e+00  3.794171e+01  1.421085e-14
   endloop
 endfacet
 facet normal -9.997883e-01  2.057667e-02  0.000000e+00
   outer loop
     vertex  7.699960e+00  3.798834e+01  3.000000e+00
     vertex  7.699000e+00  3.794171e+01  1.421085e-14
     vertex  7.699000e+00  3.794171e+01  3.000000e+00
   endloop
 endfacet
 facet normal -9.999765e-01 -6.859319e-03 -0.000000e+00
   outer loop
     vertex  7.699960e+00  3.798834e+01  3.000000e+00
     vertex  7.699640e+00  3.803498e+01  1.421085e-14
     vertex  7.699960e+00  3.798834e+01  1.421085e-14
   endloop
 endfacet
 facet normal -9.999765e-01 -6.859319e-03 -0.000000e+00
   outer loop
     vertex  7.699640e+00  3.803498e+01  3.000000e+00
     vertex  7.699640e+00  3.803498e+01  1.421085e-14
     vertex  7.699960e+00  3.798834e+01  3.000000e+00
   endloop
 endfacet
 facet normal -9.994119e-01 -3.429014e-02 -0.000000e+00
   outer loop
     vertex  7.698041e+00  3.808160e+01  3.000000e+00
     vertex  7.698041e+00  3.808160e+01  1.421085e-14
     vertex  7.699640e+00  3.803498e+01  1.421085e-14
   endloop
 endfacet
 facet normal -9.994119e-01 -3.429014e-02  0.000000e+00
   outer loop
     vertex  7.698041e+00  3.808160e+01  3.000000e+00
     vertex  7.699640e+00  3.803498e+01  1.421085e-14
     vertex  7.699640e+00  3.803498e+01  3.000000e+00
   endloop
 endfacet
 facet normal -9.980950e-01 -6.169515e-02 -0.000000e+00
   outer loop
     vertex  7.695163e+00  3.812815e+01  3.000000e+00
     vertex  7.695163e+00  3.812815e+01  1.421085e-14
     vertex  7.698041e+00  3.808160e+01  1.421085e-14
   endloop
 endfacet
 facet normal -9.960268e-01 -8.905371e-02 -0.000000e+00
   outer loop
     vertex  7.695163e+00  3.812815e+01  3.000000e+00
     vertex  7.691009e+00  3.817461e+01  1.421085e-14
     vertex  7.695163e+00  3.812815e+01  1.421085e-14
   endloop
 endfacet
 facet normal -9.980950e-01 -6.169515e-02  0.000000e+00
   outer loop
     vertex  7.695163e+00  3.812815e+01  3.000000e+00
     vertex  7.698041e+00  3.808160e+01  1.421085e-14
     vertex  7.698041e+00  3.808160e+01  3.000000e+00
   endloop
 endfacet
 facet normal -9.960268e-01 -8.905371e-02 -0.000000e+00
   outer loop
     vertex  7.691009e+00  3.817461e+01  3.000000e+00
     vertex  7.691009e+00  3.817461e+01  1.421085e-14
     vertex  7.695163e+00  3.812815e+01  3.000000e+00
   endloop
 endfacet
 facet normal -9.932088e-01 -1.163452e-01  0.000000e+00
   outer loop
     vertex  7.685583e+00  3.822093e+01  3.000000e+00
     vertex  7.691009e+00  3.817461e+01  1.421085e-14
     vertex  7.691009e+00  3.817461e+01  3.000000e+00
   endloop
 endfacet
 facet normal -9.932088e-01 -1.163452e-01 -0.000000e+00
   outer loop
     vertex  7.685583e+00  3.822093e+01  3.000000e+00
     vertex  7.685583e+00  3.822093e+01  1.421085e-14
     vertex  7.691009e+00  3.817461e+01  1.421085e-14
   endloop
 endfacet
 facet normal -9.896432e-01 -1.435492e-01  0.000000e+00
   outer loop
     vertex  7.678887e+00  3.826709e+01  3.000000e+00
     vertex  7.685583e+00  3.822093e+01  1.421085e-14
     vertex  7.685583e+00  3.822093e+01  3.000000e+00
   endloop
 endfacet
 facet normal -9.896432e-01 -1.435492e-01 -0.000000e+00
   outer loop
     vertex  7.678887e+00  3.826709e+01  3.000000e+00
     vertex  7.678887e+00  3.826709e+01  1.421085e-14
     vertex  7.685583e+00  3.822093e+01  1.421085e-14
   endloop
 endfacet
 facet normal -9.853326e-01 -1.706451e-01 -0.000000e+00
   outer loop
     vertex  7.678887e+00  3.826709e+01  3.000000e+00
     vertex  7.670928e+00  3.831305e+01  1.421085e-14
     vertex  7.678887e+00  3.826709e+01  1.421085e-14
   endloop
 endfacet
 facet normal -9.853326e-01 -1.706451e-01 -0.000000e+00
   outer loop
     vertex  7.670928e+00  3.831305e+01  3.000000e+00
     vertex  7.670928e+00  3.831305e+01  1.421085e-14
     vertex  7.678887e+00  3.826709e+01  3.000000e+00
   endloop
 endfacet
 facet normal -9.802802e-01 -1.976125e-01  0.000000e+00
   outer loop
     vertex  7.661711e+00  3.835877e+01  3.000000e+00
     vertex  7.670928e+00  3.831305e+01  1.421085e-14
     vertex  7.670928e+00  3.831305e+01  3.000000e+00
   endloop
 endfacet
 facet normal -9.802802e-01 -1.976125e-01 -0.000000e+00
   outer loop
     vertex  7.661711e+00  3.835877e+01  3.000000e+00
     vertex  7.661711e+00  3.835877e+01  1.421085e-14
     vertex  7.670928e+00  3.831305e+01  1.421085e-14
   endloop
 endfacet
 facet normal -9.744899e-01 -2.244312e-01  0.000000e+00
   outer loop
     vertex  7.651243e+00  3.840422e+01  3.000000e+00
     vertex  7.661711e+00  3.835877e+01  1.421085e-14
     vertex  7.661711e+00  3.835877e+01  3.000000e+00
   endloop
 endfacet
 facet normal -9.744899e-01 -2.244312e-01 -0.000000e+00
   outer loop
     vertex  7.651243e+00  3.840422e+01  3.000000e+00
     vertex  7.651243e+00  3.840422e+01  1.421085e-14
     vertex  7.661711e+00  3.835877e+01  1.421085e-14
   endloop
 endfacet
 facet normal -9.679661e-01 -2.510809e-01 -0.000000e+00
   outer loop
     vertex  7.651243e+00  3.840422e+01  3.000000e+00
     vertex  7.639532e+00  3.844937e+01  1.421085e-14
     vertex  7.651243e+00  3.840422e+01  1.421085e-14
   endloop
 endfacet
 facet normal -9.679661e-01 -2.510809e-01 -0.000000e+00
   outer loop
     vertex  7.639532e+00  3.844937e+01  3.000000e+00
     vertex  7.639532e+00  3.844937e+01  1.421085e-14
     vertex  7.651243e+00  3.840422e+01  3.000000e+00
   endloop
 endfacet
 facet normal -9.607136e-01 -2.775416e-01  0.000000e+00
   outer loop
     vertex  7.626587e+00  3.849418e+01  3.000000e+00
     vertex  7.639532e+00  3.844937e+01  1.421085e-14
     vertex  7.639532e+00  3.844937e+01  3.000000e+00
   endloop
 endfacet
 facet normal -9.607136e-01 -2.775416e-01 -0.000000e+00
   outer loop
     vertex  7.626587e+00  3.849418e+01  3.000000e+00
     vertex  7.626587e+00  3.849418e+01  1.421085e-14
     vertex  7.639532e+00  3.844937e+01  1.421085e-14
   endloop
 endfacet
 facet normal -9.527379e-01 -3.037934e-01  0.000000e+00
   outer loop
     vertex  7.612417e+00  3.853862e+01  3.000000e+00
     vertex  7.626587e+00  3.849418e+01  1.421085e-14
     vertex  7.626587e+00  3.849418e+01  3.000000e+00
   endloop
 endfacet
 facet normal -9.527379e-01 -3.037934e-01 -0.000000e+00
   outer loop
     vertex  7.612417e+00  3.853862e+01  3.000000e+00
     vertex  7.612417e+00  3.853862e+01  1.421085e-14
     vertex  7.626587e+00  3.849418e+01  1.421085e-14
   endloop
 endfacet
 facet normal -9.440450e-01 -3.298166e-01  0.000000e+00
   outer loop
     vertex  7.597034e+00  3.858265e+01  3.000000e+00
     vertex  7.612417e+00  3.853862e+01  1.421085e-14
     vertex  7.612417e+00  3.853862e+01  3.000000e+00
   endloop
 endfacet
 facet normal -9.440450e-01 -3.298166e-01 -0.000000e+00
   outer loop
     vertex  7.597034e+00  3.858265e+01  3.000000e+00
     vertex  7.597034e+00  3.858265e+01  1.421085e-14
     vertex  7.612417e+00  3.853862e+01  1.421085e-14
   endloop
 endfacet
 facet normal -9.346415e-01 -3.555914e-01 -0.000000e+00
   outer loop
     vertex  7.597034e+00  3.858265e+01  3.000000e+00
     vertex  7.580448e+00  3.862625e+01  1.421085e-14
     vertex  7.597034e+00  3.858265e+01  1.421085e-14
   endloop
 endfacet
 facet normal -9.346415e-01 -3.555914e-01 -0.000000e+00
   outer loop
     vertex  7.580448e+00  3.862625e+01  3.000000e+00
     vertex  7.580448e+00  3.862625e+01  1.421085e-14
     vertex  7.597034e+00  3.858265e+01  3.000000e+00
   endloop
 endfacet
 facet normal -9.137314e-01 -4.063188e-01 -0.000000e+00
   outer loop
     vertex  7.562673e+00  3.866937e+01  3.000000e+00
     vertex  7.543721e+00  3.871199e+01  1.421085e-14
     vertex  7.562673e+00  3.866937e+01  1.421085e-14
   endloop
 endfacet
 facet normal -9.245344e-01 -3.810986e-01  0.000000e+00
   outer loop
     vertex  7.562673e+00  3.866937e+01  3.000000e+00
     vertex  7.580448e+00  3.862625e+01  1.421085e-14
     vertex  7.580448e+00  3.862625e+01  3.000000e+00
   endloop
 endfacet
 facet normal -9.245344e-01 -3.810986e-01 -0.000000e+00
   outer loop
     vertex  7.562673e+00  3.866937e+01  3.000000e+00
     vertex  7.562673e+00  3.866937e+01  1.421085e-14
     vertex  7.580448e+00  3.862625e+01  1.421085e-14
   endloop
 endfacet
 facet normal -9.137314e-01 -4.063188e-01 -0.000000e+00
   outer loop
     vertex  7.543721e+00  3.871199e+01  3.000000e+00
     vertex  7.543721e+00  3.871199e+01  1.421085e-14
     vertex  7.562673e+00  3.866937e+01  3.000000e+00
   endloop
 endfacet
 facet normal -9.022405e-01 -4.312333e-01 -0.000000e+00
   outer loop
     vertex  7.523608e+00  3.875407e+01  3.000000e+00
     vertex  7.523608e+00  3.875407e+01  1.421085e-14
     vertex  7.543721e+00  3.871199e+01  1.421085e-14
   endloop
 endfacet
 facet normal -9.022405e-01 -4.312333e-01  0.000000e+00
   outer loop
     vertex  7.523608e+00  3.875407e+01  3.000000e+00
     vertex  7.543721e+00  3.871199e+01  1.421085e-14
     vertex  7.543721e+00  3.871199e+01  3.000000e+00
   endloop
 endfacet
 facet normal -8.900704e-01 -4.558231e-01 -0.000000e+00
   outer loop
     vertex  7.502347e+00  3.879558e+01  3.000000e+00
     vertex  7.502347e+00  3.879558e+01  1.421085e-14
     vertex  7.523608e+00  3.875407e+01  1.421085e-14
   endloop
 endfacet
 facet normal -8.772303e-01 -4.800697e-01 -0.000000e+00
   outer loop
     vertex  7.502347e+00  3.879558e+01  3.000000e+00
     vertex  7.479955e+00  3.883650e+01  1.421085e-14
     vertex  7.502347e+00  3.879558e+01  1.421085e-14
   endloop
 endfacet
 facet normal -8.900704e-01 -4.558231e-01  0.000000e+00
   outer loop
     vertex  7.502347e+00  3.879558e+01  3.000000e+00
     vertex  7.523608e+00  3.875407e+01  1.421085e-14
     vertex  7.523608e+00  3.875407e+01  3.000000e+00
   endloop
 endfacet
 facet normal -8.772303e-01 -4.800697e-01 -0.000000e+00
   outer loop
     vertex  7.479955e+00  3.883650e+01  3.000000e+00
     vertex  7.479955e+00  3.883650e+01  1.421085e-14
     vertex  7.502347e+00  3.879558e+01  3.000000e+00
   endloop
 endfacet
 facet normal -8.637299e-01 -5.039550e-01 -0.000000e+00
   outer loop
     vertex  7.456450e+00  3.887679e+01  3.000000e+00
     vertex  7.456450e+00  3.887679e+01  1.421085e-14
     vertex  7.479955e+00  3.883650e+01  1.421085e-14
   endloop
 endfacet
 facet normal -8.637299e-01 -5.039550e-01  0.000000e+00
   outer loop
     vertex  7.456450e+00  3.887679e+01  3.000000e+00
     vertex  7.479955e+00  3.883650e+01  1.421085e-14
     vertex  7.479955e+00  3.883650e+01  3.000000e+00
   endloop
 endfacet
 facet normal -8.495793e-01 -5.274609e-01 -0.000000e+00
   outer loop
     vertex  7.431848e+00  3.891641e+01  3.000000e+00
     vertex  7.431848e+00  3.891641e+01  1.421085e-14
     vertex  7.456450e+00  3.887679e+01  1.421085e-14
   endloop
 endfacet
 facet normal -8.347891e-01 -5.505698e-01 -0.000000e+00
   outer loop
     vertex  7.431848e+00  3.891641e+01  3.000000e+00
     vertex  7.406168e+00  3.895535e+01  1.421085e-14
     vertex  7.431848e+00  3.891641e+01  1.421085e-14
   endloop
 endfacet
 facet normal -8.495793e-01 -5.274609e-01  0.000000e+00
   outer loop
     vertex  7.431848e+00  3.891641e+01  3.000000e+00
     vertex  7.456450e+00  3.887679e+01  1.421085e-14
     vertex  7.456450e+00  3.887679e+01  3.000000e+00
   endloop
 endfacet
 facet normal -8.347891e-01 -5.505698e-01 -0.000000e+00
   outer loop
     vertex  7.406168e+00  3.895535e+01  3.000000e+00
     vertex  7.406168e+00  3.895535e+01  1.421085e-14
     vertex  7.431848e+00  3.891641e+01  3.000000e+00
   endloop
 endfacet
 facet normal -8.193706e-01 -5.732642e-01 -0.000000e+00
   outer loop
     vertex  7.379430e+00  3.899357e+01  3.000000e+00
     vertex  7.379430e+00  3.899357e+01  1.421085e-14
     vertex  7.406168e+00  3.895535e+01  1.421085e-14
   endloop
 endfacet
 facet normal -8.193706e-01 -5.732642e-01  0.000000e+00
   outer loop
     vertex  7.379430e+00  3.899357e+01  3.000000e+00
     vertex  7.406168e+00  3.895535e+01  1.421085e-14
     vertex  7.406168e+00  3.895535e+01  3.000000e+00
   endloop
 endfacet
 facet normal -8.033352e-01 -5.955271e-01 -0.000000e+00
   outer loop
     vertex  7.351653e+00  3.903104e+01  3.000000e+00
     vertex  7.351653e+00  3.903104e+01  0.000000e+00
     vertex  7.379430e+00  3.899357e+01  1.421085e-14
   endloop
 endfacet
 facet normal -7.866951e-01 -6.173417e-01 -0.000000e+00
   outer loop
     vertex  7.351653e+00  3.903104e+01  3.000000e+00
     vertex  7.322859e+00  3.906773e+01  0.000000e+00
     vertex  7.351653e+00  3.903104e+01  0.000000e+00
   endloop
 endfacet
 facet normal -8.033352e-01 -5.955271e-01  0.000000e+00
   outer loop
     vertex  7.351653e+00  3.903104e+01  3.000000e+00
     vertex  7.379430e+00  3.899357e+01  1.421085e-14
     vertex  7.379430e+00  3.899357e+01  3.000000e+00
   endloop
 endfacet
 facet normal -7.866951e-01 -6.173417e-01 -0.000000e+00
   outer loop
     vertex  7.322859e+00  3.906773e+01  3.000000e+00
     vertex  7.322859e+00  3.906773e+01  0.000000e+00
     vertex  7.351653e+00  3.903104e+01  3.000000e+00
   endloop
 endfacet
 facet normal -7.694628e-01 -6.386916e-01 -0.000000e+00
   outer loop
     vertex  7.293069e+00  3.910362e+01  3.000000e+00
     vertex  7.293069e+00  3.910362e+01  0.000000e+00
     vertex  7.322859e+00  3.906773e+01  0.000000e+00
   endloop
 endfacet
 facet normal -7.694628e-01 -6.386916e-01  0.000000e+00
   outer loop
     vertex  7.293069e+00  3.910362e+01  3.000000e+00
     vertex  7.322859e+00  3.906773e+01  0.000000e+00
     vertex  7.322859e+00  3.906773e+01  3.000000e+00
   endloop
 endfacet
 facet normal -7.516513e-01 -6.595607e-01 -0.000000e+00
   outer loop
     vertex  7.262305e+00  3.913868e+01  3.000000e+00
     vertex  7.262305e+00  3.913868e+01  0.000000e+00
     vertex  7.293069e+00  3.910362e+01  0.000000e+00
   endloop
 endfacet
 facet normal -7.516513e-01 -6.595607e-01  0.000000e+00
   outer loop
     vertex  7.262305e+00  3.913868e+01  3.000000e+00
     vertex  7.293069e+00  3.910362e+01  0.000000e+00
     vertex  7.293069e+00  3.910362e+01  3.000000e+00
   endloop
 endfacet
 facet normal -7.332740e-01 -6.799333e-01 -0.000000e+00
   outer loop
     vertex  7.230592e+00  3.917288e+01  3.000000e+00
     vertex  7.230592e+00  3.917288e+01  0.000000e+00
     vertex  7.262305e+00  3.913868e+01  0.000000e+00
   endloop
 endfacet
 facet normal -7.143447e-01 -6.997940e-01 -0.000000e+00
   outer loop
     vertex  7.230592e+00  3.917288e+01  3.000000e+00
     vertex  7.197952e+00  3.920620e+01  0.000000e+00
     vertex  7.230592e+00  3.917288e+01  0.000000e+00
   endloop
 endfacet
 facet normal -7.332740e-01 -6.799333e-01  0.000000e+00
   outer loop
     vertex  7.230592e+00  3.917288e+01  3.000000e+00
     vertex  7.262305e+00  3.913868e+01  0.000000e+00
     vertex  7.262305e+00  3.913868e+01  3.000000e+00
   endloop
 endfacet
 facet normal -7.143447e-01 -6.997940e-01 -0.000000e+00
   outer loop
     vertex  7.197952e+00  3.920620e+01  3.000000e+00
     vertex  7.197952e+00  3.920620e+01  0.000000e+00
     vertex  7.230592e+00  3.917288e+01  3.000000e+00
   endloop
 endfacet
 facet normal -6.948776e-01 -7.191280e-01 -0.000000e+00
   outer loop
     vertex  7.197952e+00  3.920620e+01  3.000000e+00
     vertex  7.164410e+00  3.923861e+01  0.000000e+00
     vertex  7.197952e+00  3.920620e+01  0.000000e+00
   endloop
 endfacet
 facet normal -6.948776e-01 -7.191280e-01 -0.000000e+00
   outer loop
     vertex  7.164410e+00  3.923861e+01  3.000000e+00
     vertex  7.164410e+00  3.923861e+01  0.000000e+00
     vertex  7.197952e+00  3.920620e+01  3.000000e+00
   endloop
 endfacet
 facet normal -6.748875e-01 -7.379206e-01 -0.000000e+00
   outer loop
     vertex  7.164410e+00  3.923861e+01  3.000000e+00
     vertex  7.129992e+00  3.927009e+01  0.000000e+00
     vertex  7.164410e+00  3.923861e+01  0.000000e+00
   endloop
 endfacet
 facet normal -6.748875e-01 -7.379206e-01 -0.000000e+00
   outer loop
     vertex  7.129992e+00  3.927009e+01  3.000000e+00
     vertex  7.129992e+00  3.927009e+01  0.000000e+00
     vertex  7.164410e+00  3.923861e+01  3.000000e+00
   endloop
 endfacet
 facet normal -6.543893e-01 -7.561578e-01  0.000000e+00
   outer loop
     vertex  7.094723e+00  3.930061e+01  3.000000e+00
     vertex  7.129992e+00  3.927009e+01  0.000000e+00
     vertex  7.129992e+00  3.927009e+01  3.000000e+00
   endloop
 endfacet
 facet normal -6.543893e-01 -7.561578e-01 -0.000000e+00
   outer loop
     vertex  7.094723e+00  3.930061e+01  3.000000e+00
     vertex  7.094723e+00  3.930061e+01  0.000000e+00
     vertex  7.129992e+00  3.927009e+01  0.000000e+00
   endloop
 endfacet
 facet normal -6.333986e-01 -7.738257e-01 -0.000000e+00
   outer loop
     vertex  7.094723e+00  3.930061e+01  3.000000e+00
     vertex  7.058630e+00  3.933015e+01  0.000000e+00
     vertex  7.094723e+00  3.930061e+01  0.000000e+00
   endloop
 endfacet
 facet normal -6.333986e-01 -7.738257e-01 -0.000000e+00
   outer loop
     vertex  7.058630e+00  3.933015e+01  3.000000e+00
     vertex  7.058630e+00  3.933015e+01  0.000000e+00
     vertex  7.094723e+00  3.930061e+01  3.000000e+00
   endloop
 endfacet
 facet normal -6.119310e-01 -7.909112e-01 -0.000000e+00
   outer loop
     vertex  7.021740e+00  3.935869e+01  3.000000e+00
     vertex  7.021740e+00  3.935869e+01  0.000000e+00
     vertex  7.058630e+00  3.933015e+01  0.000000e+00
   endloop
 endfacet
 facet normal -6.119310e-01 -7.909112e-01  0.000000e+00
   outer loop
     vertex  7.021740e+00  3.935869e+01  3.000000e+00
     vertex  7.058630e+00  3.933015e+01  0.000000e+00
     vertex  7.058630e+00  3.933015e+01  3.000000e+00
   endloop
 endfacet
 facet normal -5.900028e-01 -8.074012e-01  0.000000e+00
   outer loop
     vertex  6.984081e+00  3.938621e+01  3.000000e+00
     vertex  7.021740e+00  3.935869e+01  0.000000e+00
     vertex  7.021740e+00  3.935869e+01  3.000000e+00
   endloop
 endfacet
 facet normal -5.900028e-01 -8.074012e-01 -0.000000e+00
   outer loop
     vertex  6.984081e+00  3.938621e+01  3.000000e+00
     vertex  6.984081e+00  3.938621e+01  0.000000e+00
     vertex  7.021740e+00  3.935869e+01  0.000000e+00
   endloop
 endfacet
 facet normal -5.676304e-01 -8.232835e-01 -0.000000e+00
   outer loop
     vertex  6.984081e+00  3.938621e+01  3.000000e+00
     vertex  6.945681e+00  3.941269e+01  0.000000e+00
     vertex  6.984081e+00  3.938621e+01  0.000000e+00
   endloop
 endfacet
 facet normal -5.448308e-01 -8.385460e-01 -0.000000e+00
   outer loop
     vertex  6.945681e+00  3.941269e+01  3.000000e+00
     vertex  6.906569e+00  3.943810e+01  0.000000e+00
     vertex  6.945681e+00  3.941269e+01  0.000000e+00
   endloop
 endfacet
 facet normal -5.676304e-01 -8.232835e-01 -0.000000e+00
   outer loop
     vertex  6.945681e+00  3.941269e+01  3.000000e+00
     vertex  6.945681e+00  3.941269e+01  0.000000e+00
     vertex  6.984081e+00  3.938621e+01  3.000000e+00
   endloop
 endfacet
 facet normal -5.448308e-01 -8.385460e-01 -0.000000e+00
   outer loop
     vertex  6.906569e+00  3.943810e+01  3.000000e+00
     vertex  6.906569e+00  3.943810e+01  0.000000e+00
     vertex  6.945681e+00  3.941269e+01  3.000000e+00
   endloop
 endfacet
 facet normal -5.216210e-01 -8.531773e-01 -0.000000e+00
   outer loop
     vertex  6.866775e+00  3.946243e+01  3.000000e+00
     vertex  6.866775e+00  3.946243e+01  0.000000e+00
     vertex  6.906569e+00  3.943810e+01  0.000000e+00
   endloop
 endfacet
 facet normal -4.980186e-01 -8.671664e-01 -0.000000e+00
   outer loop
     vertex  6.866775e+00  3.946243e+01  3.000000e+00
     vertex  6.826329e+00  3.948566e+01  0.000000e+00
     vertex  6.866775e+00  3.946243e+01  0.000000e+00
   endloop
 endfacet
 facet normal -5.216210e-01 -8.531773e-01  0.000000e+00
   outer loop
     vertex  6.866775e+00  3.946243e+01  3.000000e+00
     vertex  6.906569e+00  3.943810e+01  0.000000e+00
     vertex  6.906569e+00  3.943810e+01  3.000000e+00
   endloop
 endfacet
 facet normal -4.980186e-01 -8.671664e-01 -0.000000e+00
   outer loop
     vertex  6.826329e+00  3.948566e+01  3.000000e+00
     vertex  6.826329e+00  3.948566e+01  0.000000e+00
     vertex  6.866775e+00  3.946243e+01  3.000000e+00
   endloop
 endfacet
 facet normal -4.740412e-01 -8.805026e-01 -0.000000e+00
   outer loop
     vertex  6.785260e+00  3.950777e+01  3.000000e+00
     vertex  6.785260e+00  3.950777e+01  0.000000e+00
     vertex  6.826329e+00  3.948566e+01  0.000000e+00
   endloop
 endfacet
 facet normal -4.740412e-01 -8.805026e-01  0.000000e+00
   outer loop
     vertex  6.785260e+00  3.950777e+01  3.000000e+00
     vertex  6.826329e+00  3.948566e+01  0.000000e+00
     vertex  6.826329e+00  3.948566e+01  3.000000e+00
   endloop
 endfacet
 facet normal -4.497071e-01 -8.931761e-01 -0.000000e+00
   outer loop
     vertex  6.743600e+00  3.952874e+01  3.000000e+00
     vertex  6.743600e+00  3.952874e+01  0.000000e+00
     vertex  6.785260e+00  3.950777e+01  0.000000e+00
   endloop
 endfacet
 facet normal -4.250344e-01 -9.051772e-01 -0.000000e+00
   outer loop
     vertex  6.743600e+00  3.952874e+01  3.000000e+00
     vertex  6.701381e+00  3.954857e+01  0.000000e+00
     vertex  6.743600e+00  3.952874e+01  0.000000e+00
   endloop
 endfacet
 facet normal -4.497071e-01 -8.931761e-01  0.000000e+00
   outer loop
     vertex  6.743600e+00  3.952874e+01  3.000000e+00
     vertex  6.785260e+00  3.950777e+01  0.000000e+00
     vertex  6.785260e+00  3.950777e+01  3.000000e+00
   endloop
 endfacet
 facet normal -4.250344e-01 -9.051772e-01 -0.000000e+00
   outer loop
     vertex  6.701381e+00  3.954857e+01  3.000000e+00
     vertex  6.701381e+00  3.954857e+01  0.000000e+00
     vertex  6.743600e+00  3.952874e+01  3.000000e+00
   endloop
 endfacet
 facet normal -4.000417e-01 -9.164969e-01 -0.000000e+00
   outer loop
     vertex  6.658633e+00  3.956723e+01  3.000000e+00
     vertex  6.658633e+00  3.956723e+01  0.000000e+00
     vertex  6.701381e+00  3.954857e+01  0.000000e+00
   endloop
 endfacet
 facet normal -4.000417e-01 -9.164969e-01  0.000000e+00
   outer loop
     vertex  6.658633e+00  3.956723e+01  3.000000e+00
     vertex  6.701381e+00  3.954857e+01  0.000000e+00
     vertex  6.701381e+00  3.954857e+01  3.000000e+00
   endloop
 endfacet
 facet normal -3.747479e-01 -9.271267e-01 -0.000000e+00
   outer loop
     vertex  6.615390e+00  3.958471e+01  3.000000e+00
     vertex  6.615390e+00  3.958471e+01  0.000000e+00
     vertex  6.658633e+00  3.956723e+01  0.000000e+00
   endloop
 endfacet
 facet normal -3.491720e-01 -9.370586e-01 -0.000000e+00
   outer loop
     vertex  6.615390e+00  3.958471e+01  3.000000e+00
     vertex  6.571683e+00  3.960099e+01  0.000000e+00
     vertex  6.615390e+00  3.958471e+01  0.000000e+00
   endloop
 endfacet
 facet normal -3.747479e-01 -9.271267e-01  0.000000e+00
   outer loop
     vertex  6.615390e+00  3.958471e+01  3.000000e+00
     vertex  6.658633e+00  3.956723e+01  0.000000e+00
     vertex  6.658633e+00  3.956723e+01  3.000000e+00
   endloop
 endfacet
 facet normal -3.491720e-01 -9.370586e-01 -0.000000e+00
   outer loop
     vertex  6.571683e+00  3.960099e+01  3.000000e+00
     vertex  6.571683e+00  3.960099e+01  0.000000e+00
     vertex  6.615390e+00  3.958471e+01  3.000000e+00
   endloop
 endfacet
 facet normal -3.233333e-01 -9.462851e-01 -0.000000e+00
   outer loop
     vertex  6.527546e+00  3.961607e+01  3.000000e+00
     vertex  6.527546e+00  3.961607e+01  0.000000e+00
     vertex  6.571683e+00  3.960099e+01  0.000000e+00
   endloop
 endfacet
 facet normal -3.233333e-01 -9.462851e-01  0.000000e+00
   outer loop
     vertex  6.527546e+00  3.961607e+01  3.000000e+00
     vertex  6.571683e+00  3.960099e+01  0.000000e+00
     vertex  6.571683e+00  3.960099e+01  3.000000e+00
   endloop
 endfacet
 facet normal -2.972512e-01 -9.547993e-01 -0.000000e+00
   outer loop
     vertex  6.483012e+00  3.962994e+01  3.000000e+00
     vertex  6.483012e+00  3.962994e+01  0.000000e+00
     vertex  6.527546e+00  3.961607e+01  0.000000e+00
   endloop
 endfacet
 facet normal -2.709453e-01 -9.625948e-01 -0.000000e+00
   outer loop
     vertex  6.483012e+00  3.962994e+01  3.000000e+00
     vertex  6.438115e+00  3.964258e+01  0.000000e+00
     vertex  6.483012e+00  3.962994e+01  0.000000e+00
   endloop
 endfacet
 facet normal -2.972512e-01 -9.547993e-01  0.000000e+00
   outer loop
     vertex  6.483012e+00  3.962994e+01  3.000000e+00
     vertex  6.527546e+00  3.961607e+01  0.000000e+00
     vertex  6.527546e+00  3.961607e+01  3.000000e+00
   endloop
 endfacet
 facet normal -2.709453e-01 -9.625948e-01 -0.000000e+00
   outer loop
     vertex  6.438115e+00  3.964258e+01  3.000000e+00
     vertex  6.438115e+00  3.964258e+01  0.000000e+00
     vertex  6.483012e+00  3.962994e+01  3.000000e+00
   endloop
 endfacet
 facet normal -2.444354e-01 -9.696656e-01 -0.000000e+00
   outer loop
     vertex  6.392887e+00  3.965398e+01  3.000000e+00
     vertex  6.392887e+00  3.965398e+01  0.000000e+00
     vertex  6.438115e+00  3.964258e+01  0.000000e+00
   endloop
 endfacet
 facet normal -2.444354e-01 -9.696656e-01  0.000000e+00
   outer loop
     vertex  6.392887e+00  3.965398e+01  3.000000e+00
     vertex  6.438115e+00  3.964258e+01  0.000000e+00
     vertex  6.438115e+00  3.964258e+01  3.000000e+00
   endloop
 endfacet
 facet normal -2.177416e-01 -9.760065e-01 -0.000000e+00
   outer loop
     vertex  6.347364e+00  3.966413e+01  3.000000e+00
     vertex  6.347364e+00  3.966413e+01  0.000000e+00
     vertex  6.392887e+00  3.965398e+01  0.000000e+00
   endloop
 endfacet
 facet normal -1.908838e-01 -9.816126e-01 -0.000000e+00
   outer loop
     vertex  6.347364e+00  3.966413e+01  3.000000e+00
     vertex  6.301580e+00  3.967304e+01  0.000000e+00
     vertex  6.347364e+00  3.966413e+01  0.000000e+00
   endloop
 endfacet
 facet normal -2.177416e-01 -9.760065e-01  0.000000e+00
   outer loop
     vertex  6.347364e+00  3.966413e+01  3.000000e+00
     vertex  6.392887e+00  3.965398e+01  0.000000e+00
     vertex  6.392887e+00  3.965398e+01  3.000000e+00
   endloop
 endfacet
 facet normal -1.908838e-01 -9.816126e-01 -0.000000e+00
   outer loop
     vertex  6.301580e+00  3.967304e+01  3.000000e+00
     vertex  6.301580e+00  3.967304e+01  0.000000e+00
     vertex  6.347364e+00  3.966413e+01  3.000000e+00
   endloop
 endfacet
 facet normal -1.638824e-01 -9.864799e-01 -0.000000e+00
   outer loop
     vertex  6.255568e+00  3.968068e+01  3.000000e+00
     vertex  6.255568e+00  3.968068e+01  0.000000e+00
     vertex  6.301580e+00  3.967304e+01  0.000000e+00
   endloop
 endfacet
 facet normal -1.638824e-01 -9.864799e-01  0.000000e+00
   outer loop
     vertex  6.255568e+00  3.968068e+01  3.000000e+00
     vertex  6.301580e+00  3.967304e+01  0.000000e+00
     vertex  6.301580e+00  3.967304e+01  3.000000e+00
   endloop
 endfacet
 facet normal -1.367575e-01 -9.906046e-01 -0.000000e+00
   outer loop
     vertex  6.209364e+00  3.968706e+01  3.000000e+00
     vertex  6.209364e+00  3.968706e+01  0.000000e+00
     vertex  6.255568e+00  3.968068e+01  0.000000e+00
   endloop
 endfacet
 facet normal -1.095298e-01 -9.939835e-01 -0.000000e+00
   outer loop
     vertex  6.209364e+00  3.968706e+01  3.000000e+00
     vertex  6.163002e+00  3.969217e+01  0.000000e+00
     vertex  6.209364e+00  3.968706e+01  0.000000e+00
   endloop
 endfacet
 facet normal -1.367575e-01 -9.906046e-01  0.000000e+00
   outer loop
     vertex  6.209364e+00  3.968706e+01  3.000000e+00
     vertex  6.255568e+00  3.968068e+01  0.000000e+00
     vertex  6.255568e+00  3.968068e+01  3.000000e+00
   endloop
 endfacet
 facet normal -1.095298e-01 -9.939835e-01 -0.000000e+00
   outer loop
     vertex  6.163002e+00  3.969217e+01  3.000000e+00
     vertex  6.163002e+00  3.969217e+01  0.000000e+00
     vertex  6.209364e+00  3.968706e+01  3.000000e+00
   endloop
 endfacet
 facet normal -8.221955e-02 -9.966142e-01  0.000000e+00
   outer loop
     vertex  6.116518e+00  3.969600e+01  3.000000e+00
     vertex  6.163002e+00  3.969217e+01  0.000000e+00
     vertex  6.163002e+00  3.969217e+01  3.000000e+00
   endloop
 endfacet
 facet normal -8.221955e-02 -9.966142e-01 -0.000000e+00
   outer loop
     vertex  6.116518e+00  3.969600e+01  3.000000e+00
     vertex  6.116518e+00  3.969600e+01  0.000000e+00
     vertex  6.163002e+00  3.969217e+01  0.000000e+00
   endloop
 endfacet
 facet normal -5.484744e-02 -9.984947e-01 -0.000000e+00
   outer loop
     vertex  6.116518e+00  3.969600e+01  3.000000e+00
     vertex  6.069946e+00  3.969856e+01  0.000000e+00
     vertex  6.116518e+00  3.969600e+01  0.000000e+00
   endloop
 endfacet
 facet normal -5.484744e-02 -9.984947e-01 -0.000000e+00
   outer loop
     vertex  6.069946e+00  3.969856e+01  3.000000e+00
     vertex  6.069946e+00  3.969856e+01  0.000000e+00
     vertex  6.116518e+00  3.969600e+01  3.000000e+00
   endloop
 endfacet
 facet normal -2.743405e-02 -9.996236e-01 -0.000000e+00
   outer loop
     vertex  6.069946e+00  3.969856e+01  3.000000e+00
     vertex  6.023321e+00  3.969984e+01  0.000000e+00
     vertex  6.069946e+00  3.969856e+01  0.000000e+00
   endloop
 endfacet
 facet normal -2.743405e-02 -9.996236e-01 -0.000000e+00
   outer loop
     vertex  6.023321e+00  3.969984e+01  3.000000e+00
     vertex  6.023321e+00  3.969984e+01  0.000000e+00
     vertex  6.069946e+00  3.969856e+01  3.000000e+00
   endloop
 endfacet
 facet normal  0.000000e+00 -1.000000e+00 -0.000000e+00
   outer loop
     vertex  6.023321e+00  3.969984e+01  3.000000e+00
     vertex  5.976679e+00  3.969984e+01  0.000000e+00
     vertex  6.023321e+00  3.969984e+01  0.000000e+00
   endloop
 endfacet
 facet normal  0.000000e+00 -1.000000e+00  0.000000e+00
   outer loop
     vertex  5.976679e+00  3.969984e+01  3.000000e+00
     vertex  5.976679e+00  3.969984e+01  0.000000e+00
     vertex  6.023321e+00  3.969984e+01  3.000000e+00
   endloop
 endfacet
 facet normal  2.743405e-02 -9.996236e-01  0.000000e+00
   outer loop
     vertex  5.930054e+00  3.969856e+01  3.000000e+00
     vertex  5.976679e+00  3.969984e+01  0.000000e+00
     vertex  5.976679e+00  3.969984e+01  3.000000e+00
   endloop
 endfacet
 facet normal  2.743405e-02 -9.996236e-01  0.000000e+00
   outer loop
     vertex  5.930054e+00  3.969856e+01  3.000000e+00
     vertex  5.930054e+00  3.969856e+01  0.000000e+00
     vertex  5.976679e+00  3.969984e+01  0.000000e+00
   endloop
 endfacet
 facet normal  5.484744e-02 -9.984947e-01  0.000000e+00
   outer loop
     vertex  5.883482e+00  3.969600e+01  3.000000e+00
     vertex  5.930054e+00  3.969856e+01  0.000000e+00
     vertex  5.930054e+00  3.969856e+01  3.000000e+00
   endloop
 endfacet
 facet normal  5.484744e-02 -9.984947e-01  0.000000e+00
   outer loop
     vertex  5.883482e+00  3.969600e+01  3.000000e+00
     vertex  5.883482e+00  3.969600e+01  0.000000e+00
     vertex  5.930054e+00  3.969856e+01  0.000000e+00
   endloop
 endfacet
 facet normal  8.221955e-02 -9.966142e-01  0.000000e+00
   outer loop
     vertex  5.836998e+00  3.969217e+01  3.000000e+00
     vertex  5.883482e+00  3.969600e+01  0.000000e+00
     vertex  5.883482e+00  3.969600e+01  3.000000e+00
   endloop
 endfacet
 facet normal  8.221955e-02 -9.966142e-01  0.000000e+00
   outer loop
     vertex  5.836998e+00  3.969217e+01  3.000000e+00
     vertex  5.836998e+00  3.969217e+01  0.000000e+00
     vertex  5.883482e+00  3.969600e+01  0.000000e+00
   endloop
 endfacet
 facet normal  1.095298e-01 -9.939835e-01  0.000000e+00
   outer loop
     vertex  5.836998e+00  3.969217e+01  3.000000e+00
     vertex  5.790636e+00  3.968706e+01  0.000000e+00
     vertex  5.836998e+00  3.969217e+01  0.000000e+00
   endloop
 endfacet
 facet normal  1.095298e-01 -9.939835e-01  0.000000e+00
   outer loop
     vertex  5.790636e+00  3.968706e+01  3.000000e+00
     vertex  5.790636e+00  3.968706e+01  0.000000e+00
     vertex  5.836998e+00  3.969217e+01  3.000000e+00
   endloop
 endfacet
 facet normal  1.367575e-01 -9.906046e-01  0.000000e+00
   outer loop
     vertex  5.790636e+00  3.968706e+01  3.000000e+00
     vertex  5.744432e+00  3.968068e+01  0.000000e+00
     vertex  5.790636e+00  3.968706e+01  0.000000e+00
   endloop
 endfacet
 facet normal  1.367575e-01 -9.906046e-01  0.000000e+00
   outer loop
     vertex  5.744432e+00  3.968068e+01  3.000000e+00
     vertex  5.744432e+00  3.968068e+01  0.000000e+00
     vertex  5.790636e+00  3.968706e+01  3.000000e+00
   endloop
 endfacet
 facet normal  1.638824e-01 -9.864799e-01  0.000000e+00
   outer loop
     vertex  5.744432e+00  3.968068e+01  3.000000e+00
     vertex  5.698420e+00  3.967304e+01  0.000000e+00
     vertex  5.744432e+00  3.968068e+01  0.000000e+00
   endloop
 endfacet
 facet normal  1.638824e-01 -9.864799e-01  0.000000e+00
   outer loop
     vertex  5.698420e+00  3.967304e+01  3.000000e+00
     vertex  5.698420e+00  3.967304e+01  0.000000e+00
     vertex  5.744432e+00  3.968068e+01  3.000000e+00
   endloop
 endfacet
 facet normal  1.908838e-01 -9.816126e-01  0.000000e+00
   outer loop
     vertex  5.652636e+00  3.966413e+01  3.000000e+00
     vertex  5.698420e+00  3.967304e+01  0.000000e+00
     vertex  5.698420e+00  3.967304e+01  3.000000e+00
   endloop
 endfacet
 facet normal  1.908838e-01 -9.816126e-01  0.000000e+00
   outer loop
     vertex  5.652636e+00  3.966413e+01  3.000000e+00
     vertex  5.652636e+00  3.966413e+01  0.000000e+00
     vertex  5.698420e+00  3.967304e+01  0.000000e+00
   endloop
 endfacet
 facet normal  2.177416e-01 -9.760065e-01  0.000000e+00
   outer loop
     vertex  5.652636e+00  3.966413e+01  3.000000e+00
     vertex  5.607113e+00  3.965398e+01  0.000000e+00
     vertex  5.652636e+00  3.966413e+01  0.000000e+00
   endloop
 endfacet
 facet normal  2.177416e-01 -9.760065e-01  0.000000e+00
   outer loop
     vertex  5.607113e+00  3.965398e+01  3.000000e+00
     vertex  5.607113e+00  3.965398e+01  0.000000e+00
     vertex  5.652636e+00  3.966413e+01  3.000000e+00
   endloop
 endfacet
 facet normal  2.444354e-01 -9.696656e-01  0.000000e+00
   outer loop
     vertex  5.561885e+00  3.964258e+01  3.000000e+00
     vertex  5.561885e+00  3.964258e+01  0.000000e+00
     vertex  5.607113e+00  3.965398e+01  0.000000e+00
   endloop
 endfacet
 facet normal  2.709453e-01 -9.625948e-01  0.000000e+00
   outer loop
     vertex  5.561885e+00  3.964258e+01  3.000000e+00
     vertex  5.516988e+00  3.962994e+01  0.000000e+00
     vertex  5.561885e+00  3.964258e+01  0.000000e+00
   endloop
 endfacet
 facet normal  2.444354e-01 -9.696656e-01  0.000000e+00
   outer loop
     vertex  5.561885e+00  3.964258e+01  3.000000e+00
     vertex  5.607113e+00  3.965398e+01  0.000000e+00
     vertex  5.607113e+00  3.965398e+01  3.000000e+00
   endloop
 endfacet
 facet normal  2.709453e-01 -9.625948e-01  0.000000e+00
   outer loop
     vertex  5.516988e+00  3.962994e+01  3.000000e+00
     vertex  5.516988e+00  3.962994e+01  0.000000e+00
     vertex  5.561885e+00  3.964258e+01  3.000000e+00
   endloop
 endfacet
 facet normal  2.972512e-01 -9.547993e-01  0.000000e+00
   outer loop
     vertex  5.472454e+00  3.961607e+01  3.000000e+00
     vertex  5.472454e+00  3.961607e+01  0.000000e+00
     vertex  5.516988e+00  3.962994e+01  0.000000e+00
   endloop
 endfacet
 facet normal  2.972512e-01 -9.547993e-01  0.000000e+00
   outer loop
     vertex  5.472454e+00  3.961607e+01  3.000000e+00
     vertex  5.516988e+00  3.962994e+01  0.000000e+00
     vertex  5.516988e+00  3.962994e+01  3.000000e+00
   endloop
 endfacet
 facet normal  3.233333e-01 -9.462851e-01  0.000000e+00
   outer loop
     vertex  5.428317e+00  3.960099e+01  3.000000e+00
     vertex  5.428317e+00  3.960099e+01  0.000000e+00
     vertex  5.472454e+00  3.961607e+01  0.000000e+00
   endloop
 endfacet
 facet normal  3.491720e-01 -9.370586e-01  0.000000e+00
   outer loop
     vertex  5.428317e+00  3.960099e+01  3.000000e+00
     vertex  5.384610e+00  3.958471e+01  0.000000e+00
     vertex  5.428317e+00  3.960099e+01  0.000000e+00
   endloop
 endfacet
 facet normal  3.233333e-01 -9.462851e-01  0.000000e+00
   outer loop
     vertex  5.428317e+00  3.960099e+01  3.000000e+00
     vertex  5.472454e+00  3.961607e+01  0.000000e+00
     vertex  5.472454e+00  3.961607e+01  3.000000e+00
   endloop
 endfacet
 facet normal  3.491720e-01 -9.370586e-01  0.000000e+00
   outer loop
     vertex  5.384610e+00  3.958471e+01  3.000000e+00
     vertex  5.384610e+00  3.958471e+01  0.000000e+00
     vertex  5.428317e+00  3.960099e+01  3.000000e+00
   endloop
 endfacet
 facet normal  3.747479e-01 -9.271267e-01  0.000000e+00
   outer loop
     vertex  5.341367e+00  3.956723e+01  3.000000e+00
     vertex  5.341367e+00  3.956723e+01  0.000000e+00
     vertex  5.384610e+00  3.958471e+01  0.000000e+00
   endloop
 endfacet
 facet normal  3.747479e-01 -9.271267e-01  0.000000e+00
   outer loop
     vertex  5.341367e+00  3.956723e+01  3.000000e+00
     vertex  5.384610e+00  3.958471e+01  0.000000e+00
     vertex  5.384610e+00  3.958471e+01  3.000000e+00
   endloop
 endfacet
 facet normal  4.000417e-01 -9.164969e-01  0.000000e+00
   outer loop
     vertex  5.298619e+00  3.954857e+01  3.000000e+00
     vertex  5.298619e+00  3.954857e+01  0.000000e+00
     vertex  5.341367e+00  3.956723e+01  0.000000e+00
   endloop
 endfacet
 facet normal  4.250344e-01 -9.051772e-01  0.000000e+00
   outer loop
     vertex  5.298619e+00  3.954857e+01  3.000000e+00
     vertex  5.256400e+00  3.952874e+01  0.000000e+00
     vertex  5.298619e+00  3.954857e+01  0.000000e+00
   endloop
 endfacet
 facet normal  4.000417e-01 -9.164969e-01  0.000000e+00
   outer loop
     vertex  5.298619e+00  3.954857e+01  3.000000e+00
     vertex  5.341367e+00  3.956723e+01  0.000000e+00
     vertex  5.341367e+00  3.956723e+01  3.000000e+00
   endloop
 endfacet
 facet normal  4.497071e-01 -8.931761e-01  0.000000e+00
   outer loop
     vertex  5.256400e+00  3.952874e+01  3.000000e+00
     vertex  5.214740e+00  3.950777e+01  0.000000e+00
     vertex  5.256400e+00  3.952874e+01  0.000000e+00
   endloop
 endfacet
 facet normal  4.250344e-01 -9.051772e-01  0.000000e+00
   outer loop
     vertex  5.256400e+00  3.952874e+01  3.000000e+00
     vertex  5.256400e+00  3.952874e+01  0.000000e+00
     vertex  5.298619e+00  3.954857e+01  3.000000e+00
   endloop
 endfacet
 facet normal  4.497071e-01 -8.931761e-01  0.000000e+00
   outer loop
     vertex  5.214740e+00  3.950777e+01  3.000000e+00
     vertex  5.214740e+00  3.950777e+01  0.000000e+00
     vertex  5.256400e+00  3.952874e+01  3.000000e+00
   endloop
 endfacet
 facet normal  4.740412e-01 -8.805026e-01  0.000000e+00
   outer loop
     vertex  5.173671e+00  3.948566e+01  3.000000e+00
     vertex  5.173671e+00  3.948566e+01  0.000000e+00
     vertex  5.214740e+00  3.950777e+01  0.000000e+00
   endloop
 endfacet
 facet normal  4.740412e-01 -8.805026e-01  0.000000e+00
   outer loop
     vertex  5.173671e+00  3.948566e+01  3.000000e+00
     vertex  5.214740e+00  3.950777e+01  0.000000e+00
     vertex  5.214740e+00  3.950777e+01  3.000000e+00
   endloop
 endfacet
 facet normal  4.980186e-01 -8.671664e-01  0.000000e+00
   outer loop
     vertex  5.133225e+00  3.946243e+01  3.000000e+00
     vertex  5.133225e+00  3.946243e+01  0.000000e+00
     vertex  5.173671e+00  3.948566e+01  0.000000e+00
   endloop
 endfacet
 facet normal  5.216210e-01 -8.531773e-01  0.000000e+00
   outer loop
     vertex  5.133225e+00  3.946243e+01  3.000000e+00
     vertex  5.093431e+00  3.943810e+01  0.000000e+00
     vertex  5.133225e+00  3.946243e+01  0.000000e+00
   endloop
 endfacet
 facet normal  4.980186e-01 -8.671664e-01  0.000000e+00
   outer loop
     vertex  5.133225e+00  3.946243e+01  3.000000e+00
     vertex  5.173671e+00  3.948566e+01  0.000000e+00
     vertex  5.173671e+00  3.948566e+01  3.000000e+00
   endloop
 endfacet
 facet normal  5.216210e-01 -8.531773e-01  0.000000e+00
   outer loop
     vertex  5.093431e+00  3.943810e+01  3.000000e+00
     vertex  5.093431e+00  3.943810e+01  0.000000e+00
     vertex  5.133225e+00  3.946243e+01  3.000000e+00
   endloop
 endfacet
 facet normal  5.448308e-01 -8.385460e-01  0.000000e+00
   outer loop
     vertex  5.054319e+00  3.941269e+01  3.000000e+00
     vertex  5.093431e+00  3.943810e+01  0.000000e+00
     vertex  5.093431e+00  3.943810e+01  3.000000e+00
   endloop
 endfacet
 facet normal  5.448308e-01 -8.385460e-01  0.000000e+00
   outer loop
     vertex  5.054319e+00  3.941269e+01  3.000000e+00
     vertex  5.054319e+00  3.941269e+01  0.000000e+00
     vertex  5.093431e+00  3.943810e+01  0.000000e+00
   endloop
 endfacet
 facet normal  5.676304e-01 -8.232835e-01  0.000000e+00
   outer loop
     vertex  5.054319e+00  3.941269e+01  3.000000e+00
     vertex  5.015919e+00  3.938621e+01  0.000000e+00
     vertex  5.054319e+00  3.941269e+01  0.000000e+00
   endloop
 endfacet
 facet normal  5.676304e-01 -8.232835e-01  0.000000e+00
   outer loop
     vertex  5.015919e+00  3.938621e+01  3.000000e+00
     vertex  5.015919e+00  3.938621e+01  0.000000e+00
     vertex  5.054319e+00  3.941269e+01  3.000000e+00
   endloop
 endfacet
 facet normal  5.900028e-01 -8.074012e-01  0.000000e+00
   outer loop
     vertex  5.015919e+00  3.938621e+01  3.000000e+00
     vertex  4.978260e+00  3.935869e+01  0.000000e+00
     vertex  5.015919e+00  3.938621e+01  0.000000e+00
   endloop
 endfacet
 facet normal  5.900028e-01 -8.074012e-01  0.000000e+00
   outer loop
     vertex  4.978260e+00  3.935869e+01  3.000000e+00
     vertex  4.978260e+00  3.935869e+01  0.000000e+00
     vertex  5.015919e+00  3.938621e+01  3.000000e+00
   endloop
 endfacet
 facet normal  6.119310e-01 -7.909112e-01  0.000000e+00
   outer loop
     vertex  4.941370e+00  3.933015e+01  3.000000e+00
     vertex  4.978260e+00  3.935869e+01  0.000000e+00
     vertex  4.978260e+00  3.935869e+01  3.000000e+00
   endloop
 endfacet
 facet normal  6.119310e-01 -7.909112e-01  0.000000e+00
   outer loop
     vertex  4.941370e+00  3.933015e+01  3.000000e+00
     vertex  4.941370e+00  3.933015e+01  0.000000e+00
     vertex  4.978260e+00  3.935869e+01  0.000000e+00
   endloop
 endfacet
 facet normal  6.333986e-01 -7.738257e-01  0.000000e+00
   outer loop
     vertex  4.941370e+00  3.933015e+01  3.000000e+00
     vertex  4.905277e+00  3.930061e+01  0.000000e+00
     vertex  4.941370e+00  3.933015e+01  0.000000e+00
   endloop
 endfacet
 facet normal  6.333986e-01 -7.738257e-01  0.000000e+00
   outer loop
     vertex  4.905277e+00  3.930061e+01  3.000000e+00
     vertex  4.905277e+00  3.930061e+01  0.000000e+00
     vertex  4.941370e+00  3.933015e+01  3.000000e+00
   endloop
 endfacet
 facet normal  6.543893e-01 -7.561578e-01  0.000000e+00
   outer loop
     vertex  4.870008e+00  3.927009e+01  3.000000e+00
     vertex  4.905277e+00  3.930061e+01  0.000000e+00
     vertex  4.905277e+00  3.930061e+01  3.000000e+00
   endloop
 endfacet
 facet normal  6.543893e-01 -7.561578e-01  0.000000e+00
   outer loop
     vertex  4.870008e+00  3.927009e+01  3.000000e+00
     vertex  4.870008e+00  3.927009e+01  0.000000e+00
     vertex  4.905277e+00  3.930061e+01  0.000000e+00
   endloop
 endfacet
 facet normal  6.748875e-01 -7.379206e-01  0.000000e+00
   outer loop
     vertex  4.870008e+00  3.927009e+01  3.000000e+00
     vertex  4.835590e+00  3.923861e+01  0.000000e+00
     vertex  4.870008e+00  3.927009e+01  0.000000e+00
   endloop
 endfacet
 facet normal  6.748875e-01 -7.379206e-01  0.000000e+00
   outer loop
     vertex  4.835590e+00  3.923861e+01  3.000000e+00
     vertex  4.835590e+00  3.923861e+01  0.000000e+00
     vertex  4.870008e+00  3.927009e+01  3.000000e+00
   endloop
 endfacet
 facet normal  6.948776e-01 -7.191280e-01  0.000000e+00
   outer loop
     vertex  4.835590e+00  3.923861e+01  3.000000e+00
     vertex  4.802048e+00  3.920620e+01  0.000000e+00
     vertex  4.835590e+00  3.923861e+01  0.000000e+00
   endloop
 endfacet
 facet normal  6.948776e-01 -7.191280e-01  0.000000e+00
   outer loop
     vertex  4.802048e+00  3.920620e+01  3.000000e+00
     vertex  4.802048e+00  3.920620e+01  0.000000e+00
     vertex  4.835590e+00  3.923861e+01  3.000000e+00
   endloop
 endfacet
 facet normal  7.143447e-01 -6.997940e-01  0.000000e+00
   outer loop
     vertex  4.802048e+00  3.920620e+01  3.000000e+00
     vertex  4.769408e+00  3.917288e+01  0.000000e+00
     vertex  4.802048e+00  3.920620e+01  0.000000e+00
   endloop
 endfacet
 facet normal  7.143447e-01 -6.997940e-01  0.000000e+00
   outer loop
     vertex  4.769408e+00  3.917288e+01  3.000000e+00
     vertex  4.769408e+00  3.917288e+01  0.000000e+00
     vertex  4.802048e+00  3.920620e+01  3.000000e+00
   endloop
 endfacet
 facet normal  7.332740e-01 -6.799333e-01  0.000000e+00
   outer loop
     vertex  4.737695e+00  3.913868e+01  3.000000e+00
     vertex  4.769408e+00  3.917288e+01  0.000000e+00
     vertex  4.769408e+00  3.917288e+01  3.000000e+00
   endloop
 endfacet
 facet normal  7.332740e-01 -6.799333e-01  0.000000e+00
   outer loop
     vertex  4.737695e+00  3.913868e+01  3.000000e+00
     vertex  4.737695e+00  3.913868e+01  0.000000e+00
     vertex  4.769408e+00  3.917288e+01  0.000000e+00
   endloop
 endfacet
 facet normal  7.516513e-01 -6.595607e-01  0.000000e+00
   outer loop
     vertex  4.706931e+00  3.910362e+01  3.000000e+00
     vertex  4.737695e+00  3.913868e+01  0.000000e+00
     vertex  4.737695e+00  3.913868e+01  3.000000e+00
   endloop
 endfacet
 facet normal  7.516513e-01 -6.595607e-01  0.000000e+00
   outer loop
     vertex  4.706931e+00  3.910362e+01  3.000000e+00
     vertex  4.706931e+00  3.910362e+01  0.000000e+00
     vertex  4.737695e+00  3.913868e+01  0.000000e+00
   endloop
 endfacet
 facet normal  7.694628e-01 -6.386916e-01  0.000000e+00
   outer loop
     vertex  4.706931e+00  3.910362e+01  3.000000e+00
     vertex  4.677141e+00  3.906773e+01  0.000000e+00
     vertex  4.706931e+00  3.910362e+01  0.000000e+00
   endloop
 endfacet
 facet normal  7.694628e-01 -6.386916e-01  0.000000e+00
   outer loop
     vertex  4.677141e+00  3.906773e+01  3.000000e+00
     vertex  4.677141e+00  3.906773e+01  0.000000e+00
     vertex  4.706931e+00  3.910362e+01  3.000000e+00
   endloop
 endfacet
 facet normal  7.866951e-01 -6.173417e-01  0.000000e+00
   outer loop
     vertex  4.648347e+00  3.903104e+01  3.000000e+00
     vertex  4.677141e+00  3.906773e+01  0.000000e+00
     vertex  4.677141e+00  3.906773e+01  3.000000e+00
   endloop
 endfacet
 facet normal  7.866951e-01 -6.173417e-01  0.000000e+00
   outer loop
     vertex  4.648347e+00  3.903104e+01  3.000000e+00
     vertex  4.648347e+00  3.903104e+01  0.000000e+00
     vertex  4.677141e+00  3.906773e+01  0.000000e+00
   endloop
 endfacet
 facet normal  8.033352e-01 -5.955271e-01  0.000000e+00
   outer loop
     vertex  4.648347e+00  3.903104e+01  3.000000e+00
     vertex  4.620570e+00  3.899357e+01  1.421085e-14
     vertex  4.648347e+00  3.903104e+01  0.000000e+00
   endloop
 endfacet
 facet normal  8.033352e-01 -5.955271e-01  0.000000e+00
   outer loop
     vertex  4.620570e+00  3.899357e+01  3.000000e+00
     vertex  4.620570e+00  3.899357e+01  1.421085e-14
     vertex  4.648347e+00  3.903104e+01  3.000000e+00
   endloop
 endfacet
 facet normal  8.193706e-01 -5.732642e-01  0.000000e+00
   outer loop
     vertex  4.620570e+00  3.899357e+01  3.000000e+00
     vertex  4.593832e+00  3.895535e+01  1.421085e-14
     vertex  4.620570e+00  3.899357e+01  1.421085e-14
   endloop
 endfacet
 facet normal  8.193706e-01 -5.732642e-01  0.000000e+00
   outer loop
     vertex  4.593832e+00  3.895535e+01  3.000000e+00
     vertex  4.593832e+00  3.895535e+01  1.421085e-14
     vertex  4.620570e+00  3.899357e+01  3.000000e+00
   endloop
 endfacet
 facet normal  8.347891e-01 -5.505698e-01  0.000000e+00
   outer loop
     vertex  4.593832e+00  3.895535e+01  3.000000e+00
     vertex  4.568152e+00  3.891641e+01  1.421085e-14
     vertex  4.593832e+00  3.895535e+01  1.421085e-14
   endloop
 endfacet
 facet normal  8.347891e-01 -5.505698e-01  0.000000e+00
   outer loop
     vertex  4.568152e+00  3.891641e+01  3.000000e+00
     vertex  4.568152e+00  3.891641e+01  1.421085e-14
     vertex  4.593832e+00  3.895535e+01  3.000000e+00
   endloop
 endfacet
 facet normal  8.495793e-01 -5.274609e-01  0.000000e+00
   outer loop
     vertex  4.543550e+00  3.887679e+01  3.000000e+00
     vertex  4.568152e+00  3.891641e+01  1.421085e-14
     vertex  4.568152e+00  3.891641e+01  3.000000e+00
   endloop
 endfacet
 facet normal  8.495793e-01 -5.274609e-01  0.000000e+00
   outer loop
     vertex  4.543550e+00  3.887679e+01  3.000000e+00
     vertex  4.543550e+00  3.887679e+01  1.421085e-14
     vertex  4.568152e+00  3.891641e+01  1.421085e-14
   endloop
 endfacet
 facet normal  8.637299e-01 -5.039550e-01  0.000000e+00
   outer loop
     vertex  4.543550e+00  3.887679e+01  3.000000e+00
     vertex  4.520045e+00  3.883650e+01  1.421085e-14
     vertex  4.543550e+00  3.887679e+01  1.421085e-14
   endloop
 endfacet
 facet normal  8.637299e-01 -5.039550e-01  0.000000e+00
   outer loop
     vertex  4.520045e+00  3.883650e+01  3.000000e+00
     vertex  4.520045e+00  3.883650e+01  1.421085e-14
     vertex  4.543550e+00  3.887679e+01  3.000000e+00
   endloop
 endfacet
 facet normal  8.772303e-01 -4.800697e-01  0.000000e+00
   outer loop
     vertex  4.497653e+00  3.879558e+01  3.000000e+00
     vertex  4.520045e+00  3.883650e+01  1.421085e-14
     vertex  4.520045e+00  3.883650e+01  3.000000e+00
   endloop
 endfacet
 facet normal  8.772303e-01 -4.800697e-01  0.000000e+00
   outer loop
     vertex  4.497653e+00  3.879558e+01  3.000000e+00
     vertex  4.497653e+00  3.879558e+01  1.421085e-14
     vertex  4.520045e+00  3.883650e+01  1.421085e-14
   endloop
 endfacet
 facet normal  8.900704e-01 -4.558231e-01  0.000000e+00
   outer loop
     vertex  4.497653e+00  3.879558e+01  3.000000e+00
     vertex  4.476392e+00  3.875407e+01  1.421085e-14
     vertex  4.497653e+00  3.879558e+01  1.421085e-14
   endloop
 endfacet
 facet normal  8.900704e-01 -4.558231e-01  0.000000e+00
   outer loop
     vertex  4.476392e+00  3.875407e+01  3.000000e+00
     vertex  4.476392e+00  3.875407e+01  1.421085e-14
     vertex  4.497653e+00  3.879558e+01  3.000000e+00
   endloop
 endfacet
 facet normal  9.022405e-01 -4.312333e-01  0.000000e+00
   outer loop
     vertex  4.456279e+00  3.871199e+01  3.000000e+00
     vertex  4.476392e+00  3.875407e+01  1.421085e-14
     vertex  4.476392e+00  3.875407e+01  3.000000e+00
   endloop
 endfacet
 facet normal  9.022405e-01 -4.312333e-01  0.000000e+00
   outer loop
     vertex  4.456279e+00  3.871199e+01  3.000000e+00
     vertex  4.456279e+00  3.871199e+01  1.421085e-14
     vertex  4.476392e+00  3.875407e+01  1.421085e-14
   endloop
 endfacet
 facet normal  9.137314e-01 -4.063188e-01  0.000000e+00
   outer loop
     vertex  4.437327e+00  3.866937e+01  3.000000e+00
     vertex  4.456279e+00  3.871199e+01  1.421085e-14
     vertex  4.456279e+00  3.871199e+01  3.000000e+00
   endloop
 endfacet
 facet normal  9.137314e-01 -4.063188e-01  0.000000e+00
   outer loop
     vertex  4.437327e+00  3.866937e+01  3.000000e+00
     vertex  4.437327e+00  3.866937e+01  1.421085e-14
     vertex  4.456279e+00  3.871199e+01  1.421085e-14
   endloop
 endfacet
 facet normal  9.245344e-01 -3.810986e-01  0.000000e+00
   outer loop
     vertex  4.437327e+00  3.866937e+01  3.000000e+00
     vertex  4.419552e+00  3.862625e+01  1.421085e-14
     vertex  4.437327e+00  3.866937e+01  1.421085e-14
   endloop
 endfacet
 facet normal  9.245344e-01 -3.810986e-01  0.000000e+00
   outer loop
     vertex  4.419552e+00  3.862625e+01  3.000000e+00
     vertex  4.419552e+00  3.862625e+01  1.421085e-14
     vertex  4.437327e+00  3.866937e+01  3.000000e+00
   endloop
 endfacet
 facet normal  9.346415e-01 -3.555914e-01  0.000000e+00
   outer loop
     vertex  4.402966e+00  3.858265e+01  3.000000e+00
     vertex  4.402966e+00  3.858265e+01  1.421085e-14
     vertex  4.419552e+00  3.862625e+01  1.421085e-14
   endloop
 endfacet
 facet normal  9.346415e-01 -3.555914e-01  0.000000e+00
   outer loop
     vertex  4.402966e+00  3.858265e+01  3.000000e+00
     vertex  4.419552e+00  3.862625e+01  1.421085e-14
     vertex  4.419552e+00  3.862625e+01  3.000000e+00
   endloop
 endfacet
 facet normal  9.440450e-01 -3.298166e-01  0.000000e+00
   outer loop
     vertex  4.387583e+00  3.853862e+01  3.000000e+00
     vertex  4.387583e+00  3.853862e+01  1.421085e-14
     vertex  4.402966e+00  3.858265e+01  1.421085e-14
   endloop
 endfacet
 facet normal  9.527379e-01 -3.037934e-01  0.000000e+00
   outer loop
     vertex  4.387583e+00  3.853862e+01  3.000000e+00
     vertex  4.373413e+00  3.849418e+01  1.421085e-14
     vertex  4.387583e+00  3.853862e+01  1.421085e-14
   endloop
 endfacet
 facet normal  9.440450e-01 -3.298166e-01  0.000000e+00
   outer loop
     vertex  4.387583e+00  3.853862e+01  3.000000e+00
     vertex  4.402966e+00  3.858265e+01  1.421085e-14
     vertex  4.402966e+00  3.858265e+01  3.000000e+00
   endloop
 endfacet
 facet normal  9.607136e-01 -2.775416e-01  0.000000e+00
   outer loop
     vertex  4.373413e+00  3.849418e+01  3.000000e+00
     vertex  4.360468e+00  3.844937e+01  1.421085e-14
     vertex  4.373413e+00  3.849418e+01  1.421085e-14
   endloop
 endfacet
 facet normal  9.527379e-01 -3.037934e-01  0.000000e+00
   outer loop
     vertex  4.373413e+00  3.849418e+01  3.000000e+00
     vertex  4.373413e+00  3.849418e+01  1.421085e-14
     vertex  4.387583e+00  3.853862e+01  3.000000e+00
   endloop
 endfacet
 facet normal  9.607136e-01 -2.775416e-01  0.000000e+00
   outer loop
     vertex  4.360468e+00  3.844937e+01  3.000000e+00
     vertex  4.360468e+00  3.844937e+01  1.421085e-14
     vertex  4.373413e+00  3.849418e+01  3.000000e+00
   endloop
 endfacet
 facet normal  9.679661e-01 -2.510809e-01  0.000000e+00
   outer loop
     vertex  4.348757e+00  3.840422e+01  3.000000e+00
     vertex  4.360468e+00  3.844937e+01  1.421085e-14
     vertex  4.360468e+00  3.844937e+01  3.000000e+00
   endloop
 endfacet
 facet normal  9.679661e-01 -2.510809e-01  0.000000e+00
   outer loop
     vertex  4.348757e+00  3.840422e+01  3.000000e+00
     vertex  4.348757e+00  3.840422e+01  1.421085e-14
     vertex  4.360468e+00  3.844937e+01  1.421085e-14
   endloop
 endfacet
 facet normal  9.744899e-01 -2.244312e-01  0.000000e+00
   outer loop
     vertex  4.348757e+00  3.840422e+01  3.000000e+00
     vertex  4.338289e+00  3.835877e+01  1.421085e-14
     vertex  4.348757e+00  3.840422e+01  1.421085e-14
   endloop
 endfacet
 facet normal  9.744899e-01 -2.244312e-01  0.000000e+00
   outer loop
     vertex  4.338289e+00  3.835877e+01  3.000000e+00
     vertex  4.338289e+00  3.835877e+01  1.421085e-14
     vertex  4.348757e+00  3.840422e+01  3.000000e+00
   endloop
 endfacet
 facet normal  9.802802e-01 -1.976125e-01  0.000000e+00
   outer loop
     vertex  4.329072e+00  3.831305e+01  3.000000e+00
     vertex  4.338289e+00  3.835877e+01  1.421085e-14
     vertex  4.338289e+00  3.835877e+01  3.000000e+00
   endloop
 endfacet
 facet normal  9.802802e-01 -1.976125e-01  0.000000e+00
   outer loop
     vertex  4.329072e+00  3.831305e+01  3.000000e+00
     vertex  4.329072e+00  3.831305e+01  1.421085e-14
     vertex  4.338289e+00  3.835877e+01  1.421085e-14
   endloop
 endfacet
 facet normal  9.853326e-01 -1.706451e-01  0.000000e+00
   outer loop
     vertex  4.329072e+00  3.831305e+01  3.000000e+00
     vertex  4.321113e+00  3.826709e+01  1.421085e-14
     vertex  4.329072e+00  3.831305e+01  1.421085e-14
   endloop
 endfacet
 facet normal  9.853326e-01 -1.706451e-01  0.000000e+00
   outer loop
     vertex  4.321113e+00  3.826709e+01  3.000000e+00
     vertex  4.321113e+00  3.826709e+01  1.421085e-14
     vertex  4.329072e+00  3.831305e+01  3.000000e+00
   endloop
 endfacet
 facet normal  9.896432e-01 -1.435492e-01  0.000000e+00
   outer loop
     vertex  4.321113e+00  3.826709e+01  3.000000e+00
     vertex  4.314417e+00  3.822093e+01  1.421085e-14
     vertex  4.321113e+00  3.826709e+01  1.421085e-14
   endloop
 endfacet
 facet normal  9.896432e-01 -1.435492e-01  0.000000e+00
   outer loop
     vertex  4.314417e+00  3.822093e+01  3.000000e+00
     vertex  4.314417e+00  3.822093e+01  1.421085e-14
     vertex  4.321113e+00  3.826709e+01  3.000000e+00
   endloop
 endfacet
 facet normal  9.932088e-01 -1.163452e-01  0.000000e+00
   outer loop
     vertex  4.314417e+00  3.822093e+01  3.000000e+00
     vertex  4.308991e+00  3.817461e+01  1.421085e-14
     vertex  4.314417e+00  3.822093e+01  1.421085e-14
   endloop
 endfacet
 facet normal  9.932088e-01 -1.163452e-01  0.000000e+00
   outer loop
     vertex  4.308991e+00  3.817461e+01  3.000000e+00
     vertex  4.308991e+00  3.817461e+01  1.421085e-14
     vertex  4.314417e+00  3.822093e+01  3.000000e+00
   endloop
 endfacet
 facet normal  9.960268e-01 -8.905371e-02  0.000000e+00
   outer loop
     vertex  4.304837e+00  3.812815e+01  3.000000e+00
     vertex  4.308991e+00  3.817461e+01  1.421085e-14
     vertex  4.308991e+00  3.817461e+01  3.000000e+00
   endloop
 endfacet
 facet normal  9.960268e-01 -8.905371e-02  0.000000e+00
   outer loop
     vertex  4.304837e+00  3.812815e+01  3.000000e+00
     vertex  4.304837e+00  3.812815e+01  1.421085e-14
     vertex  4.308991e+00  3.817461e+01  1.421085e-14
   endloop
 endfacet
 facet normal  9.980950e-01 -6.169515e-02  0.000000e+00
   outer loop
     vertex  4.304837e+00  3.812815e+01  3.000000e+00
     vertex  4.301959e+00  3.808160e+01  1.421085e-14
     vertex  4.304837e+00  3.812815e+01  1.421085e-14
   endloop
 endfacet
 facet normal  9.980950e-01 -6.169515e-02  0.000000e+00
   outer loop
     vertex  4.301959e+00  3.808160e+01  3.000000e+00
     vertex  4.301959e+00  3.808160e+01  1.421085e-14
     vertex  4.304837e+00  3.812815e+01  3.000000e+00
   endloop
 endfacet
 facet normal  9.994119e-01 -3.429014e-02  0.000000e+00
   outer loop
     vertex  4.300360e+00  3.803498e+01  3.000000e+00
     vertex  4.301959e+00  3.808160e+01  1.421085e-14
     vertex  4.301959e+00  3.808160e+01  3.000000e+00
   endloop
 endfacet
 facet normal  9.994119e-01 -3.429014e-02  0.000000e+00
   outer loop
     vertex  4.300360e+00  3.803498e+01  3.000000e+00
     vertex  4.300360e+00  3.803498e+01  1.421085e-14
     vertex  4.301959e+00  3.808160e+01  1.421085e-14
   endloop
 endfacet
 facet normal  9.999765e-01 -6.859319e-03  0.000000e+00
   outer loop
     vertex  4.300360e+00  3.803498e+01  3.000000e+00
     vertex  4.300040e+00  3.798834e+01  1.421085e-14
     vertex  4.300360e+00  3.803498e+01  1.421085e-14
   endloop
 endfacet
 facet normal  9.999765e-01 -6.859319e-03  0.000000e+00
   outer loop
     vertex  4.300040e+00  3.798834e+01  3.000000e+00
     vertex  4.300040e+00  3.798834e+01  1.421085e-14
     vertex  4.300360e+00  3.803498e+01  3.000000e+00
   endloop
 endfacet
 facet normal  9.988475e-01  4.799716e-02  0.000000e+00
   outer loop
     vertex  4.301000e+00  3.794171e+01  3.000000e+00
     vertex  4.303238e+00  3.789512e+01  1.421085e-14
     vertex  4.301000e+00  3.794171e+01  1.421085e-14
   endloop
 endfacet
 facet normal  9.997883e-01  2.057667e-02  0.000000e+00
   outer loop
     vertex  4.301000e+00  3.794171e+01  3.000000e+00
     vertex  4.300040e+00  3.798834e+01  1.421085e-14
     vertex  4.300040e+00  3.798834e+01  3.000000e+00
   endloop
 endfacet
 facet normal  9.997883e-01  2.057667e-02  0.000000e+00
   outer loop
     vertex  4.301000e+00  3.794171e+01  3.000000e+00
     vertex  4.301000e+00  3.794171e+01  1.421085e-14
     vertex  4.300040e+00  3.798834e+01  1.421085e-14
   endloop
 endfacet
 facet normal  9.988475e-01  4.799716e-02  0.000000e+00
   outer loop
     vertex  4.303238e+00  3.789512e+01  3.000000e+00
     vertex  4.303238e+00  3.789512e+01  1.421085e-14
     vertex  4.301000e+00  3.794171e+01  3.000000e+00
   endloop
 endfacet
 facet normal  9.971548e-01  7.538152e-02  0.000000e+00
   outer loop
     vertex  4.306754e+00  3.784861e+01  3.000000e+00
     vertex  4.306754e+00  3.784861e+01  1.421085e-14
     vertex  4.303238e+00  3.789512e+01  1.421085e-14
   endloop
 endfacet
 facet normal  9.971548e-01  7.538152e-02  0.000000e+00
   outer loop
     vertex  4.306754e+00  3.784861e+01  3.000000e+00
     vertex  4.303238e+00  3.789512e+01  1.421085e-14
     vertex  4.303238e+00  3.789512e+01  3.000000e+00
   endloop
 endfacet
 facet normal  9.947114e-01  1.027091e-01  0.000000e+00
   outer loop
     vertex  4.311545e+00  3.780221e+01  3.000000e+00
     vertex  4.311545e+00  3.780221e+01  1.421085e-14
     vertex  4.306754e+00  3.784861e+01  1.421085e-14
   endloop
 endfacet
 facet normal  9.947114e-01  1.027091e-01  0.000000e+00
   outer loop
     vertex  4.311545e+00  3.780221e+01  3.000000e+00
     vertex  4.306754e+00  3.784861e+01  1.421085e-14
     vertex  4.306754e+00  3.784861e+01  3.000000e+00
   endloop
 endfacet
 facet normal  9.915193e-01  1.299594e-01  0.000000e+00
   outer loop
     vertex  4.317607e+00  3.775597e+01  3.000000e+00
     vertex  4.317607e+00  3.775597e+01  1.421085e-14
     vertex  4.311545e+00  3.780221e+01  1.421085e-14
   endloop
 endfacet
 facet normal  9.915193e-01  1.299594e-01  0.000000e+00
   outer loop
     vertex  4.317607e+00  3.775597e+01  3.000000e+00
     vertex  4.311545e+00  3.780221e+01  1.421085e-14
     vertex  4.311545e+00  3.780221e+01  3.000000e+00
   endloop
 endfacet
 facet normal  9.875808e-01  1.571119e-01  0.000000e+00
   outer loop
     vertex  4.324935e+00  3.770990e+01  3.000000e+00
     vertex  4.324935e+00  3.770990e+01  1.421085e-14
     vertex  4.317607e+00  3.775597e+01  1.421085e-14
   endloop
 endfacet
 facet normal  9.828989e-01  1.841461e-01  0.000000e+00
   outer loop
     vertex  4.324935e+00  3.770990e+01  3.000000e+00
     vertex  4.333524e+00  3.766406e+01  1.421085e-14
     vertex  4.324935e+00  3.770990e+01  1.421085e-14
   endloop
 endfacet
 facet normal  9.875808e-01  1.571119e-01  0.000000e+00
   outer loop
     vertex  4.324935e+00  3.770990e+01  3.000000e+00
     vertex  4.317607e+00  3.775597e+01  1.421085e-14
     vertex  4.317607e+00  3.775597e+01  3.000000e+00
   endloop
 endfacet
 facet normal  9.774771e-01  2.110417e-01  0.000000e+00
   outer loop
     vertex  4.333524e+00  3.766406e+01  3.000000e+00
     vertex  4.343367e+00  3.761847e+01  1.421085e-14
     vertex  4.333524e+00  3.766406e+01  1.421085e-14
   endloop
 endfacet
 facet normal  9.828989e-01  1.841461e-01  0.000000e+00
   outer loop
     vertex  4.333524e+00  3.766406e+01  3.000000e+00
     vertex  4.333524e+00  3.766406e+01  1.421085e-14
     vertex  4.324935e+00  3.770990e+01  3.000000e+00
   endloop
 endfacet
 facet normal  9.713194e-01  2.377784e-01  0.000000e+00
   outer loop
     vertex  4.343367e+00  3.761847e+01  3.000000e+00
     vertex  4.354458e+00  3.757316e+01  1.421085e-14
     vertex  4.343367e+00  3.761847e+01  1.421085e-14
   endloop
 endfacet
 facet normal  9.774771e-01  2.110417e-01  0.000000e+00
   outer loop
     vertex  4.343367e+00  3.761847e+01  3.000000e+00
     vertex  4.343367e+00  3.761847e+01  1.421085e-14
     vertex  4.333524e+00  3.766406e+01  3.000000e+00
   endloop
 endfacet
 facet normal  9.644306e-01  2.643362e-01  0.000000e+00
   outer loop
     vertex  4.354458e+00  3.757316e+01  3.000000e+00
     vertex  4.366787e+00  3.752818e+01  1.421085e-14
     vertex  4.354458e+00  3.757316e+01  1.421085e-14
   endloop
 endfacet
 facet normal  9.713194e-01  2.377784e-01  0.000000e+00
   outer loop
     vertex  4.354458e+00  3.757316e+01  3.000000e+00
     vertex  4.354458e+00  3.757316e+01  1.421085e-14
     vertex  4.343367e+00  3.761847e+01  3.000000e+00
   endloop
 endfacet
 facet normal  9.644306e-01  2.643362e-01  0.000000e+00
   outer loop
     vertex  4.366787e+00  3.752818e+01  3.000000e+00
     vertex  4.366787e+00  3.752818e+01  1.421085e-14
     vertex  4.354458e+00  3.757316e+01  3.000000e+00
   endloop
 endfacet
 facet normal  9.568158e-01  2.906949e-01  0.000000e+00
   outer loop
     vertex  4.380346e+00  3.748355e+01  3.000000e+00
     vertex  4.380346e+00  3.748355e+01  1.421085e-14
     vertex  4.366787e+00  3.752818e+01  1.421085e-14
   endloop
 endfacet
 facet normal  9.568158e-01  2.906949e-01  0.000000e+00
   outer loop
     vertex  4.380346e+00  3.748355e+01  3.000000e+00
     vertex  4.366787e+00  3.752818e+01  1.421085e-14
     vertex  4.366787e+00  3.752818e+01  3.000000e+00
   endloop
 endfacet
 facet normal  9.484807e-01  3.168348e-01  0.000000e+00
   outer loop
     vertex  4.395123e+00  3.743931e+01  3.000000e+00
     vertex  4.395123e+00  3.743931e+01  1.421085e-14
     vertex  4.380346e+00  3.748355e+01  1.421085e-14
   endloop
 endfacet
 facet normal  9.394317e-01  3.427362e-01  0.000000e+00
   outer loop
     vertex  4.395123e+00  3.743931e+01  3.000000e+00
     vertex  4.411109e+00  3.739549e+01  1.421085e-14
     vertex  4.395123e+00  3.743931e+01  1.421085e-14
   endloop
 endfacet
 facet normal  9.484807e-01  3.168348e-01  0.000000e+00
   outer loop
     vertex  4.395123e+00  3.743931e+01  3.000000e+00
     vertex  4.380346e+00  3.748355e+01  1.421085e-14
     vertex  4.380346e+00  3.748355e+01  3.000000e+00
   endloop
 endfacet
 facet normal  9.394317e-01  3.427362e-01  0.000000e+00
   outer loop
     vertex  4.411109e+00  3.739549e+01  3.000000e+00
     vertex  4.411109e+00  3.739549e+01  1.421085e-14
     vertex  4.395123e+00  3.743931e+01  3.000000e+00
   endloop
 endfacet
 facet normal  9.296754e-01  3.683796e-01  0.000000e+00
   outer loop
     vertex  4.428291e+00  3.735213e+01  3.000000e+00
     vertex  4.428291e+00  3.735213e+01  1.421085e-14
     vertex  4.411109e+00  3.739549e+01  1.421085e-14
   endloop
 endfacet
 facet normal  9.296754e-01  3.683796e-01  0.000000e+00
   outer loop
     vertex  4.428291e+00  3.735213e+01  3.000000e+00
     vertex  4.411109e+00  3.739549e+01  1.421085e-14
     vertex  4.411109e+00  3.739549e+01  3.000000e+00
   endloop
 endfacet
 facet normal  9.192194e-01  3.937458e-01  0.000000e+00
   outer loop
     vertex  4.446657e+00  3.730926e+01  3.000000e+00
     vertex  4.428291e+00  3.735213e+01  1.421085e-14
     vertex  4.428291e+00  3.735213e+01  3.000000e+00
   endloop
 endfacet
 facet normal  9.192194e-01  3.937458e-01  0.000000e+00
   outer loop
     vertex  4.446657e+00  3.730926e+01  3.000000e+00
     vertex  4.446657e+00  3.730926e+01  1.421085e-14
     vertex  4.428291e+00  3.735213e+01  1.421085e-14
   endloop
 endfacet
 facet normal  9.080714e-01  4.188155e-01  0.000000e+00
   outer loop
     vertex  4.446657e+00  3.730926e+01  3.000000e+00
     vertex  4.466191e+00  3.726690e+01  1.421085e-14
     vertex  4.446657e+00  3.730926e+01  1.421085e-14
   endloop
 endfacet
 facet normal  9.080714e-01  4.188155e-01  0.000000e+00
   outer loop
     vertex  4.466191e+00  3.726690e+01  3.000000e+00
     vertex  4.466191e+00  3.726690e+01  1.421085e-14
     vertex  4.446657e+00  3.730926e+01  3.000000e+00
   endloop
 endfacet
 facet normal  8.962398e-01  4.435699e-01  0.000000e+00
   outer loop
     vertex  4.486880e+00  3.722510e+01  3.000000e+00
     vertex  4.486880e+00  3.722510e+01  1.421085e-14
     vertex  4.466191e+00  3.726690e+01  1.421085e-14
   endloop
 endfacet
 facet normal  8.837335e-01  4.679904e-01  0.000000e+00
   outer loop
     vertex  4.486880e+00  3.722510e+01  3.000000e+00
     vertex  4.508708e+00  3.718388e+01  1.421085e-14
     vertex  4.486880e+00  3.722510e+01  1.421085e-14
   endloop
 endfacet
 facet normal  8.962398e-01  4.435699e-01  0.000000e+00
   outer loop
     vertex  4.486880e+00  3.722510e+01  3.000000e+00
     vertex  4.466191e+00  3.726690e+01  1.421085e-14
     vertex  4.466191e+00  3.726690e+01  3.000000e+00
   endloop
 endfacet
 facet normal  8.837335e-01  4.679904e-01  0.000000e+00
   outer loop
     vertex  4.508708e+00  3.718388e+01  3.000000e+00
     vertex  4.508708e+00  3.718388e+01  1.421085e-14
     vertex  4.486880e+00  3.722510e+01  3.000000e+00
   endloop
 endfacet
 facet normal  8.705620e-01  4.920587e-01  0.000000e+00
   outer loop
     vertex  4.508708e+00  3.718388e+01  3.000000e+00
     vertex  4.531659e+00  3.714328e+01  1.421085e-14
     vertex  4.508708e+00  3.718388e+01  1.421085e-14
   endloop
 endfacet
 facet normal  8.705620e-01  4.920587e-01  0.000000e+00
   outer loop
     vertex  4.531659e+00  3.714328e+01  3.000000e+00
     vertex  4.531659e+00  3.714328e+01  1.421085e-14
     vertex  4.508708e+00  3.718388e+01  3.000000e+00
   endloop
 endfacet
 facet normal  8.567352e-01  5.157565e-01  0.000000e+00
   outer loop
     vertex  4.531659e+00  3.714328e+01  3.000000e+00
     vertex  4.555715e+00  3.710332e+01  1.421085e-14
     vertex  4.531659e+00  3.714328e+01  1.421085e-14
   endloop
 endfacet
 facet normal  8.567352e-01  5.157565e-01  0.000000e+00
   outer loop
     vertex  4.555715e+00  3.710332e+01  3.000000e+00
     vertex  4.555715e+00  3.710332e+01  1.421085e-14
     vertex  4.531659e+00  3.714328e+01  3.000000e+00
   endloop
 endfacet
 facet normal  8.422635e-01  5.390661e-01  0.000000e+00
   outer loop
     vertex  4.580858e+00  3.706403e+01  3.000000e+00
     vertex  4.580858e+00  3.706403e+01  1.421085e-14
     vertex  4.555715e+00  3.710332e+01  1.421085e-14
   endloop
 endfacet
 facet normal  8.422635e-01  5.390661e-01  0.000000e+00
   outer loop
     vertex  4.580858e+00  3.706403e+01  3.000000e+00
     vertex  4.555715e+00  3.710332e+01  1.421085e-14
     vertex  4.555715e+00  3.710332e+01  3.000000e+00
   endloop
 endfacet
 facet normal  8.271577e-01  5.619699e-01  0.000000e+00
   outer loop
     vertex  4.607070e+00  3.702545e+01  3.000000e+00
     vertex  4.607070e+00  3.702545e+01  1.421085e-14
     vertex  4.580858e+00  3.706403e+01  1.421085e-14
   endloop
 endfacet
 facet normal  8.114292e-01  5.844507e-01  0.000000e+00
   outer loop
     vertex  4.607070e+00  3.702545e+01  3.000000e+00
     vertex  4.634330e+00  3.698760e+01  1.421085e-14
     vertex  4.607070e+00  3.702545e+01  1.421085e-14
   endloop
 endfacet
 facet normal  8.271577e-01  5.619699e-01  0.000000e+00
   outer loop
     vertex  4.607070e+00  3.702545e+01  3.000000e+00
     vertex  4.580858e+00  3.706403e+01  1.421085e-14
     vertex  4.580858e+00  3.706403e+01  3.000000e+00
   endloop
 endfacet
 facet normal  8.114292e-01  5.844507e-01  0.000000e+00
   outer loop
     vertex  4.634330e+00  3.698760e+01  3.000000e+00
     vertex  4.634330e+00  3.698760e+01  1.421085e-14
     vertex  4.607070e+00  3.702545e+01  3.000000e+00
   endloop
 endfacet
 facet normal  7.950900e-01  6.064915e-01  0.000000e+00
   outer loop
     vertex  4.662618e+00  3.695052e+01  3.000000e+00
     vertex  4.662618e+00  3.695052e+01  1.421085e-14
     vertex  4.634330e+00  3.698760e+01  1.421085e-14
   endloop
 endfacet
 facet normal  7.781522e-01  6.280757e-01  0.000000e+00
   outer loop
     vertex  4.662618e+00  3.695052e+01  3.000000e+00
     vertex  4.691913e+00  3.691422e+01  1.421085e-14
     vertex  4.662618e+00  3.695052e+01  1.421085e-14
   endloop
 endfacet
 facet normal  7.950900e-01  6.064915e-01  0.000000e+00
   outer loop
     vertex  4.662618e+00  3.695052e+01  3.000000e+00
     vertex  4.634330e+00  3.698760e+01  1.421085e-14
     vertex  4.634330e+00  3.698760e+01  3.000000e+00
   endloop
 endfacet
 facet normal  7.781522e-01  6.280757e-01  0.000000e+00
   outer loop
     vertex  4.691913e+00  3.691422e+01  3.000000e+00
     vertex  4.691913e+00  3.691422e+01  1.421085e-14
     vertex  4.662618e+00  3.695052e+01  3.000000e+00
   endloop
 endfacet
 facet normal  7.606287e-01  6.491872e-01  0.000000e+00
   outer loop
     vertex  4.691913e+00  3.691422e+01  3.000000e+00
     vertex  4.722193e+00  3.687875e+01  1.421085e-14
     vertex  4.691913e+00  3.691422e+01  1.421085e-14
   endloop
 endfacet
 facet normal  7.606287e-01  6.491872e-01  0.000000e+00
   outer loop
     vertex  4.722193e+00  3.687875e+01  3.000000e+00
     vertex  4.722193e+00  3.687875e+01  1.421085e-14
     vertex  4.691913e+00  3.691422e+01  3.000000e+00
   endloop
 endfacet
 facet normal  7.425325e-01  6.698100e-01  0.000000e+00
   outer loop
     vertex  4.753434e+00  3.684411e+01  3.000000e+00
     vertex  4.753434e+00  3.684411e+01  1.421085e-14
     vertex  4.722193e+00  3.687875e+01  1.421085e-14
   endloop
 endfacet
 facet normal  7.425325e-01  6.698100e-01  0.000000e+00
   outer loop
     vertex  4.753434e+00  3.684411e+01  3.000000e+00
     vertex  4.722193e+00  3.687875e+01  1.421085e-14
     vertex  4.722193e+00  3.687875e+01  3.000000e+00
   endloop
 endfacet
 facet normal  7.238775e-01  6.899286e-01  0.000000e+00
   outer loop
     vertex  4.785614e+00  3.681035e+01  3.000000e+00
     vertex  4.785614e+00  3.681035e+01  1.421085e-14
     vertex  4.753434e+00  3.684411e+01  1.421085e-14
   endloop
 endfacet
 facet normal  7.238775e-01  6.899286e-01  0.000000e+00
   outer loop
     vertex  4.785614e+00  3.681035e+01  3.000000e+00
     vertex  4.753434e+00  3.684411e+01  1.421085e-14
     vertex  4.753434e+00  3.684411e+01  3.000000e+00
   endloop
 endfacet
 facet normal  7.046775e-01  7.095278e-01  0.000000e+00
   outer loop
     vertex  4.818708e+00  3.677748e+01  3.000000e+00
     vertex  4.818708e+00  3.677748e+01  1.421085e-14
     vertex  4.785614e+00  3.681035e+01  1.421085e-14
   endloop
 endfacet
 facet normal  7.046775e-01  7.095278e-01  0.000000e+00
   outer loop
     vertex  4.818708e+00  3.677748e+01  3.000000e+00
     vertex  4.785614e+00  3.681035e+01  1.421085e-14
     vertex  4.785614e+00  3.681035e+01  3.000000e+00
   endloop
 endfacet
 facet normal  6.849470e-01  7.285929e-01  0.000000e+00
   outer loop
     vertex  4.852691e+00  3.674553e+01  3.000000e+00
     vertex  4.852691e+00  3.674553e+01  1.421085e-14
     vertex  4.818708e+00  3.677748e+01  1.421085e-14
   endloop
 endfacet
 facet normal  6.849470e-01  7.285929e-01  0.000000e+00
   outer loop
     vertex  4.852691e+00  3.674553e+01  3.000000e+00
     vertex  4.818708e+00  3.677748e+01  1.421085e-14
     vertex  4.818708e+00  3.677748e+01  3.000000e+00
   endloop
 endfacet
 facet normal  6.647010e-01  7.471095e-01  0.000000e+00
   outer loop
     vertex  4.887538e+00  3.671453e+01  3.000000e+00
     vertex  4.887538e+00  3.671453e+01  1.421085e-14
     vertex  4.852691e+00  3.674553e+01  1.421085e-14
   endloop
 endfacet
 facet normal  6.647010e-01  7.471095e-01  0.000000e+00
   outer loop
     vertex  4.887538e+00  3.671453e+01  3.000000e+00
     vertex  4.852691e+00  3.674553e+01  1.421085e-14
     vertex  4.852691e+00  3.674553e+01  3.000000e+00
   endloop
 endfacet
 facet normal  6.439545e-01  7.650637e-01  0.000000e+00
   outer loop
     vertex  4.923222e+00  3.668450e+01  3.000000e+00
     vertex  4.923222e+00  3.668450e+01  1.421085e-14
     vertex  4.887538e+00  3.671453e+01  1.421085e-14
   endloop
 endfacet
 facet normal  6.439545e-01  7.650637e-01  0.000000e+00
   outer loop
     vertex  4.923222e+00  3.668450e+01  3.000000e+00
     vertex  4.887538e+00  3.671453e+01  1.421085e-14
     vertex  4.887538e+00  3.671453e+01  3.000000e+00
   endloop
 endfacet
 facet normal  6.227234e-01  7.824421e-01  0.000000e+00
   outer loop
     vertex  4.959717e+00  3.665545e+01  3.000000e+00
     vertex  4.959717e+00  3.665545e+01  1.421085e-14
     vertex  4.923222e+00  3.668450e+01  1.421085e-14
   endloop
 endfacet
 facet normal  6.227234e-01  7.824421e-01  0.000000e+00
   outer loop
     vertex  4.959717e+00  3.665545e+01  3.000000e+00
     vertex  4.923222e+00  3.668450e+01  1.421085e-14
     vertex  4.923222e+00  3.668450e+01  3.000000e+00
   endloop
 endfacet
 facet normal  6.010234e-01  7.992314e-01  0.000000e+00
   outer loop
     vertex  4.996995e+00  3.662742e+01  3.000000e+00
     vertex  4.996995e+00  3.662742e+01  1.421085e-14
     vertex  4.959717e+00  3.665545e+01  1.421085e-14
   endloop
 endfacet
 facet normal  6.010234e-01  7.992314e-01  0.000000e+00
   outer loop
     vertex  4.996995e+00  3.662742e+01  3.000000e+00
     vertex  4.959717e+00  3.665545e+01  1.421085e-14
     vertex  4.959717e+00  3.665545e+01  3.000000e+00
   endloop
 endfacet
 facet normal  5.788711e-01  8.154191e-01  0.000000e+00
   outer loop
     vertex  5.035028e+00  3.660042e+01  3.000000e+00
     vertex  5.035028e+00  3.660042e+01  1.421085e-14
     vertex  4.996995e+00  3.662742e+01  1.421085e-14
   endloop
 endfacet
 facet normal  5.562829e-01  8.309929e-01  0.000000e+00
   outer loop
     vertex  5.035028e+00  3.660042e+01  3.000000e+00
     vertex  5.073788e+00  3.657447e+01  1.421085e-14
     vertex  5.035028e+00  3.660042e+01  1.421085e-14
   endloop
 endfacet
 facet normal  5.788711e-01  8.154191e-01  0.000000e+00
   outer loop
     vertex  5.035028e+00  3.660042e+01  3.000000e+00
     vertex  4.996995e+00  3.662742e+01  1.421085e-14
     vertex  4.996995e+00  3.662742e+01  3.000000e+00
   endloop
 endfacet
 facet normal  5.562829e-01  8.309929e-01  0.000000e+00
   outer loop
     vertex  5.073788e+00  3.657447e+01  3.000000e+00
     vertex  5.073788e+00  3.657447e+01  1.421085e-14
     vertex  5.035028e+00  3.660042e+01  3.000000e+00
   endloop
 endfacet
 facet normal  5.332761e-01  8.459413e-01  0.000000e+00
   outer loop
     vertex  5.113244e+00  3.654960e+01  3.000000e+00
     vertex  5.113244e+00  3.654960e+01  1.421085e-14
     vertex  5.073788e+00  3.657447e+01  1.421085e-14
   endloop
 endfacet
 facet normal  5.098678e-01  8.602528e-01  0.000000e+00
   outer loop
     vertex  5.113244e+00  3.654960e+01  3.000000e+00
     vertex  5.153368e+00  3.652582e+01  1.421085e-14
     vertex  5.113244e+00  3.654960e+01  1.421085e-14
   endloop
 endfacet
 facet normal  5.332761e-01  8.459413e-01  0.000000e+00
   outer loop
     vertex  5.113244e+00  3.654960e+01  3.000000e+00
     vertex  5.073788e+00  3.657447e+01  1.421085e-14
     vertex  5.073788e+00  3.657447e+01  3.000000e+00
   endloop
 endfacet
 facet normal  5.098678e-01  8.602528e-01  0.000000e+00
   outer loop
     vertex  5.153368e+00  3.652582e+01  3.000000e+00
     vertex  5.153368e+00  3.652582e+01  1.421085e-14
     vertex  5.113244e+00  3.654960e+01  3.000000e+00
   endloop
 endfacet
 facet normal  4.860756e-01  8.739167e-01  0.000000e+00
   outer loop
     vertex  5.194130e+00  3.650315e+01  3.000000e+00
     vertex  5.194130e+00  3.650315e+01  1.421085e-14
     vertex  5.153368e+00  3.652582e+01  1.421085e-14
   endloop
 endfacet
 facet normal  4.860756e-01  8.739167e-01  0.000000e+00
   outer loop
     vertex  5.194130e+00  3.650315e+01  3.000000e+00
     vertex  5.153368e+00  3.652582e+01  1.421085e-14
     vertex  5.153368e+00  3.652582e+01  3.000000e+00
   endloop
 endfacet
 facet normal  4.619176e-01  8.869228e-01  0.000000e+00
   outer loop
     vertex  5.235498e+00  3.648160e+01  3.000000e+00
     vertex  5.194130e+00  3.650315e+01  1.421085e-14
     vertex  5.194130e+00  3.650315e+01  3.000000e+00
   endloop
 endfacet
 facet normal  4.619176e-01  8.869228e-01  0.000000e+00
   outer loop
     vertex  5.235498e+00  3.648160e+01  3.000000e+00
     vertex  5.235498e+00  3.648160e+01  1.421085e-14
     vertex  5.194130e+00  3.650315e+01  1.421085e-14
   endloop
 endfacet
 facet normal  4.374119e-01  8.992613e-01  0.000000e+00
   outer loop
     vertex  5.235498e+00  3.648160e+01  3.000000e+00
     vertex  5.277442e+00  3.646120e+01  1.421085e-14
     vertex  5.235498e+00  3.648160e+01  1.421085e-14
   endloop
 endfacet
 facet normal  4.374119e-01  8.992613e-01  0.000000e+00
   outer loop
     vertex  5.277442e+00  3.646120e+01  3.000000e+00
     vertex  5.277442e+00  3.646120e+01  1.421085e-14
     vertex  5.235498e+00  3.648160e+01  3.000000e+00
   endloop
 endfacet
 facet normal  4.125769e-01  9.109228e-01  0.000000e+00
   outer loop
     vertex  5.319929e+00  3.644196e+01  3.000000e+00
     vertex  5.277442e+00  3.646120e+01  1.421085e-14
     vertex  5.277442e+00  3.646120e+01  3.000000e+00
   endloop
 endfacet
 facet normal  4.125769e-01  9.109228e-01  0.000000e+00
   outer loop
     vertex  5.319929e+00  3.644196e+01  3.000000e+00
     vertex  5.319929e+00  3.644196e+01  1.421085e-14
     vertex  5.277442e+00  3.646120e+01  1.421085e-14
   endloop
 endfacet
 facet normal  3.874313e-01  9.218986e-01  0.000000e+00
   outer loop
     vertex  5.362929e+00  3.642388e+01  3.000000e+00
     vertex  5.319929e+00  3.644196e+01  1.421085e-14
     vertex  5.319929e+00  3.644196e+01  3.000000e+00
   endloop
 endfacet
 facet normal  3.874313e-01  9.218986e-01  0.000000e+00
   outer loop
     vertex  5.362929e+00  3.642388e+01  3.000000e+00
     vertex  5.362929e+00  3.642388e+01  1.421085e-14
     vertex  5.319929e+00  3.644196e+01  1.421085e-14
   endloop
 endfacet
 facet normal  3.619940e-01  9.321804e-01  0.000000e+00
   outer loop
     vertex  5.406408e+00  3.640700e+01  3.000000e+00
     vertex  5.362929e+00  3.642388e+01  1.421085e-14
     vertex  5.362929e+00  3.642388e+01  3.000000e+00
   endloop
 endfacet
 facet normal  3.619940e-01  9.321804e-01  0.000000e+00
   outer loop
     vertex  5.406408e+00  3.640700e+01  3.000000e+00
     vertex  5.406408e+00  3.640700e+01  1.421085e-14
     vertex  5.362929e+00  3.642388e+01  1.421085e-14
   endloop
 endfacet
 facet normal  3.362843e-01  9.417605e-01  0.000000e+00
   outer loop
     vertex  5.450333e+00  3.639132e+01  3.000000e+00
     vertex  5.406408e+00  3.640700e+01  1.421085e-14
     vertex  5.406408e+00  3.640700e+01  3.000000e+00
   endloop
 endfacet
 facet normal  3.362843e-01  9.417605e-01  0.000000e+00
   outer loop
     vertex  5.450333e+00  3.639132e+01  3.000000e+00
     vertex  5.450333e+00  3.639132e+01  1.421085e-14
     vertex  5.406408e+00  3.640700e+01  1.421085e-14
   endloop
 endfacet
 facet normal  3.103214e-01  9.506317e-01  0.000000e+00
   outer loop
     vertex  5.494673e+00  3.637684e+01  3.000000e+00
     vertex  5.450333e+00  3.639132e+01  1.421085e-14
     vertex  5.450333e+00  3.639132e+01  3.000000e+00
   endloop
 endfacet
 facet normal  3.103214e-01  9.506317e-01  0.000000e+00
   outer loop
     vertex  5.494673e+00  3.637684e+01  3.000000e+00
     vertex  5.494673e+00  3.637684e+01  1.421085e-14
     vertex  5.450333e+00  3.639132e+01  1.421085e-14
   endloop
 endfacet
 facet normal  2.841250e-01  9.587873e-01  0.000000e+00
   outer loop
     vertex  5.494673e+00  3.637684e+01  3.000000e+00
     vertex  5.539393e+00  3.636359e+01  1.421085e-14
     vertex  5.494673e+00  3.637684e+01  1.421085e-14
   endloop
 endfacet
 facet normal  2.841250e-01  9.587873e-01  0.000000e+00
   outer loop
     vertex  5.539393e+00  3.636359e+01  3.000000e+00
     vertex  5.539393e+00  3.636359e+01  1.421085e-14
     vertex  5.494673e+00  3.637684e+01  3.000000e+00
   endloop
 endfacet
 facet normal  2.577146e-01  9.662211e-01  0.000000e+00
   outer loop
     vertex  5.584460e+00  3.635157e+01  3.000000e+00
     vertex  5.539393e+00  3.636359e+01  1.421085e-14
     vertex  5.539393e+00  3.636359e+01  3.000000e+00
   endloop
 endfacet
 facet normal  2.577146e-01  9.662211e-01  0.000000e+00
   outer loop
     vertex  5.584460e+00  3.635157e+01  3.000000e+00
     vertex  5.584460e+00  3.635157e+01  1.421085e-14
     vertex  5.539393e+00  3.636359e+01  1.421085e-14
   endloop
 endfacet
 facet normal  2.311102e-01  9.729276e-01  0.000000e+00
   outer loop
     vertex  5.629839e+00  3.634079e+01  3.000000e+00
     vertex  5.584460e+00  3.635157e+01  1.421085e-14
     vertex  5.584460e+00  3.635157e+01  3.000000e+00
   endloop
 endfacet
 facet normal  2.311102e-01  9.729276e-01  0.000000e+00
   outer loop
     vertex  5.629839e+00  3.634079e+01  3.000000e+00
     vertex  5.629839e+00  3.634079e+01  1.421085e-14
     vertex  5.584460e+00  3.635157e+01  1.421085e-14
   endloop
 endfacet
 facet normal  2.043319e-01  9.789017e-01  0.000000e+00
   outer loop
     vertex  5.675498e+00  3.633126e+01  3.000000e+00
     vertex  5.629839e+00  3.634079e+01  1.421085e-14
     vertex  5.629839e+00  3.634079e+01  3.000000e+00
   endloop
 endfacet
 facet normal  2.043319e-01  9.789017e-01  0.000000e+00
   outer loop
     vertex  5.675498e+00  3.633126e+01  3.000000e+00
     vertex  5.675498e+00  3.633126e+01  1.421085e-14
     vertex  5.629839e+00  3.634079e+01  1.421085e-14
   endloop
 endfacet
 facet normal  1.773998e-01  9.841389e-01  0.000000e+00
   outer loop
     vertex  5.721400e+00  3.632298e+01  3.000000e+00
     vertex  5.675498e+00  3.633126e+01  1.421085e-14
     vertex  5.675498e+00  3.633126e+01  3.000000e+00
   endloop
 endfacet
 facet normal  1.773998e-01  9.841389e-01  0.000000e+00
   outer loop
     vertex  5.721400e+00  3.632298e+01  3.000000e+00
     vertex  5.721400e+00  3.632298e+01  1.421085e-14
     vertex  5.675498e+00  3.633126e+01  1.421085e-14
   endloop
 endfacet
 facet normal  1.503341e-01  9.886353e-01  0.000000e+00
   outer loop
     vertex  5.767512e+00  3.631597e+01  3.000000e+00
     vertex  5.721400e+00  3.632298e+01  1.421085e-14
     vertex  5.721400e+00  3.632298e+01  3.000000e+00
   endloop
 endfacet
 facet normal  1.503341e-01  9.886353e-01  0.000000e+00
   outer loop
     vertex  5.767512e+00  3.631597e+01  3.000000e+00
     vertex  5.767512e+00  3.631597e+01  1.421085e-14
     vertex  5.721400e+00  3.632298e+01  1.421085e-14
   endloop
 endfacet
 facet normal  1.231552e-01  9.923874e-01  0.000000e+00
   outer loop
     vertex  5.767512e+00  3.631597e+01  3.000000e+00
     vertex  5.813799e+00  3.631023e+01  1.421085e-14
     vertex  5.767512e+00  3.631597e+01  1.421085e-14
   endloop
 endfacet
 facet normal  1.231552e-01  9.923874e-01  0.000000e+00
   outer loop
     vertex  5.813799e+00  3.631023e+01  3.000000e+00
     vertex  5.813799e+00  3.631023e+01  1.421085e-14
     vertex  5.767512e+00  3.631597e+01  3.000000e+00
   endloop
 endfacet
 facet normal  9.588368e-02  9.953925e-01  0.000000e+00
   outer loop
     vertex  5.860227e+00  3.630576e+01  3.000000e+00
     vertex  5.860227e+00  3.630576e+01  1.421085e-14
     vertex  5.813799e+00  3.631023e+01  1.421085e-14
   endloop
 endfacet
 facet normal  6.853995e-02  9.976484e-01  0.000000e+00
   outer loop
     vertex  5.860227e+00  3.630576e+01  3.000000e+00
     vertex  5.906759e+00  3.630256e+01  1.421085e-14
     vertex  5.860227e+00  3.630576e+01  1.421085e-14
   endloop
 endfacet
 facet normal  9.588368e-02  9.953925e-01  0.000000e+00
   outer loop
     vertex  5.860227e+00  3.630576e+01  3.000000e+00
     vertex  5.813799e+00  3.631023e+01  1.421085e-14
     vertex  5.813799e+00  3.631023e+01  3.000000e+00
   endloop
 endfacet
 facet normal  6.853995e-02  9.976484e-01  0.000000e+00
   outer loop
     vertex  5.906759e+00  3.630256e+01  3.000000e+00
     vertex  5.906759e+00  3.630256e+01  1.421085e-14
     vertex  5.860227e+00  3.630576e+01  3.000000e+00
   endloop
 endfacet
 facet normal  4.114462e-02  9.991532e-01  0.000000e+00
   outer loop
     vertex  5.953362e+00  3.630064e+01  3.000000e+00
     vertex  5.953362e+00  3.630064e+01  1.421085e-14
     vertex  5.906759e+00  3.630256e+01  1.421085e-14
   endloop
 endfacet
 facet normal  4.114462e-02  9.991532e-01  0.000000e+00
   outer loop
     vertex  5.953362e+00  3.630064e+01  3.000000e+00
     vertex  5.906759e+00  3.630256e+01  1.421085e-14
     vertex  5.906759e+00  3.630256e+01  3.000000e+00
   endloop
 endfacet
 facet normal  1.371831e-02  9.999059e-01  0.000000e+00
   outer loop
     vertex  6.000000e+00  3.630000e+01  3.000000e+00
     vertex  6.000000e+00  3.630000e+01  1.421085e-14
     vertex  5.953362e+00  3.630064e+01  1.421085e-14
   endloop
 endfacet
 facet normal  1.371831e-02  9.999059e-01  0.000000e+00
   outer loop
     vertex  6.000000e+00  3.630000e+01  3.000000e+00
     vertex  5.953362e+00  3.630064e+01  1.421085e-14
     vertex  5.953362e+00  3.630064e+01  3.000000e+00
   endloop
 endfacet
 facet normal  0.000000e+00  1.000000e+00  0.000000e+00
   outer loop
     vertex  3.100000e+01  1.700000e+01  4.400000e+00
     vertex  1.300000e+01  1.700000e+01  7.105427e-15
     vertex  1.300000e+01  1.700000e+01  4.400000e+00
   endloop
 endfacet
 facet normal  0.000000e+00  1.000000e+00  0.000000e+00
   outer loop
     vertex  3.100000e+01  1.700000e+01  4.400000e+00
     vertex  3.100000e+01  1.700000e+01  7.105427e-15
     vertex  1.300000e+01  1.700000e+01  7.105427e-15
   endloop
 endfacet
 facet normal  1.000000e+00 -0.000000e+00  0.000000e+00
   outer loop
     vertex  1.300000e+01  1.700000e+01  4.400000e+00
     vertex  1.300000e+01  2.700000e+01  7.105427e-15
     vertex  1.300000e+01  2.700000e+01  4.400000e+00
   endloop
 endfacet
 facet normal  1.000000e+00  0.000000e+00  0.000000e+00
   outer loop
     vertex  1.300000e+01  1.700000e+01  7.105427e-15
     vertex  1.300000e+01  2.700000e+01  7.105427e-15
     vertex  1.300000e+01  1.700000e+01  4.400000e+00
   endloop
 endfacet
 facet normal -1.000000e+00  0.000000e+00  0.000000e+00
   outer loop
     vertex  3.100000e+01  1.700000e+01  4.400000e+00
     vertex  3.100000e+01  2.700000e+01  4.400000e+00
     vertex  3.100000e+01  2.700000e+01  7.105427e-15
   endloop
 endfacet
 facet normal -1.000000e+00  0.000000e+00  0.000000e+00
   outer loop
     vertex  3.100000e+01  1.700000e+01  7.105427e-15
     vertex  3.100000e+01  1.700000e+01  4.400000e+00
     vertex  3.100000e+01  2.700000e+01  7.105427e-15
   endloop
 endfacet
 facet normal -0.000000e+00 -1.000000e+00  0.000000e+00
   outer loop
     vertex  3.100000e+01  2.700000e+01  4.400000e+00
     vertex  1.300000e+01  2.700000e+01  4.400000e+00
     vertex  1.300000e+01  2.700000e+01  7.105427e-15
   endloop
 endfacet
 facet normal  0.000000e+00 -1.000000e+00 -0.000000e+00
   outer loop
     vertex  3.100000e+01  2.700000e+01  4.400000e+00
     vertex  1.300000e+01  2.700000e+01  7.105427e-15
     vertex  3.100000e+01  2.700000e+01  7.105427e-15
   endloop
 endfacet
 facet normal -1.371831e-02  9.999059e-01  0.000000e+00
   outer loop
     vertex  6.046638e+00  4.300640e+00  3.000000e+00
     vertex  6.000000e+00  4.300000e+00  7.105427e-15
     vertex  6.000000e+00  4.300000e+00  3.000000e+00
   endloop
 endfacet
 facet normal -1.371831e-02  9.999059e-01  0.000000e+00
   outer loop
     vertex  6.046638e+00  4.300640e+00  3.000000e+00
     vertex  6.046638e+00  4.300640e+00  7.105427e-15
     vertex  6.000000e+00  4.300000e+00  7.105427e-15
   endloop
 endfacet
 facet normal -4.114462e-02  9.991532e-01  0.000000e+00
   outer loop
     vertex  6.093241e+00  4.302559e+00  3.000000e+00
     vertex  6.093241e+00  4.302559e+00  7.105427e-15
     vertex  6.046638e+00  4.300640e+00  7.105427e-15
   endloop
 endfacet
 facet normal -4.114462e-02  9.991532e-01  0.000000e+00
   outer loop
     vertex  6.093241e+00  4.302559e+00  3.000000e+00
     vertex  6.046638e+00  4.300640e+00  7.105427e-15
     vertex  6.046638e+00  4.300640e+00  3.000000e+00
   endloop
 endfacet
 facet normal -6.853995e-02  9.976484e-01  0.000000e+00
   outer loop
     vertex  6.139773e+00  4.305756e+00  3.000000e+00
     vertex  6.139773e+00  4.305756e+00  7.105427e-15
     vertex  6.093241e+00  4.302559e+00  7.105427e-15
   endloop
 endfacet
 facet normal -6.853995e-02  9.976484e-01  0.000000e+00
   outer loop
     vertex  6.139773e+00  4.305756e+00  3.000000e+00
     vertex  6.093241e+00  4.302559e+00  7.105427e-15
     vertex  6.093241e+00  4.302559e+00  3.000000e+00
   endloop
 endfacet
 facet normal -9.588368e-02  9.953925e-01  0.000000e+00
   outer loop
     vertex  6.186201e+00  4.310228e+00  3.000000e+00
     vertex  6.186201e+00  4.310228e+00  7.105427e-15
     vertex  6.139773e+00  4.305756e+00  7.105427e-15
   endloop
 endfacet
 facet normal -9.588368e-02  9.953925e-01  0.000000e+00
   outer loop
     vertex  6.186201e+00  4.310228e+00  3.000000e+00
     vertex  6.139773e+00  4.305756e+00  7.105427e-15
     vertex  6.139773e+00  4.305756e+00  3.000000e+00
   endloop
 endfacet
 facet normal -1.231552e-01  9.923874e-01  0.000000e+00
   outer loop
     vertex  6.232488e+00  4.315972e+00  3.000000e+00
     vertex  6.232488e+00  4.315972e+00  7.105427e-15
     vertex  6.186201e+00  4.310228e+00  7.105427e-15
   endloop
 endfacet
 facet normal -1.231552e-01  9.923874e-01  0.000000e+00
   outer loop
     vertex  6.232488e+00  4.315972e+00  3.000000e+00
     vertex  6.186201e+00  4.310228e+00  7.105427e-15
     vertex  6.186201e+00  4.310228e+00  3.000000e+00
   endloop
 endfacet
 facet normal -1.503341e-01  9.886353e-01  0.000000e+00
   outer loop
     vertex  6.278600e+00  4.322984e+00  3.000000e+00
     vertex  6.278600e+00  4.322984e+00  7.105427e-15
     vertex  6.232488e+00  4.315972e+00  7.105427e-15
   endloop
 endfacet
 facet normal -1.773998e-01  9.841389e-01  0.000000e+00
   outer loop
     vertex  6.278600e+00  4.322984e+00  3.000000e+00
     vertex  6.324502e+00  4.331259e+00  7.105427e-15
     vertex  6.278600e+00  4.322984e+00  7.105427e-15
   endloop
 endfacet
 facet normal -1.503341e-01  9.886353e-01  0.000000e+00
   outer loop
     vertex  6.278600e+00  4.322984e+00  3.000000e+00
     vertex  6.232488e+00  4.315972e+00  7.105427e-15
     vertex  6.232488e+00  4.315972e+00  3.000000e+00
   endloop
 endfacet
 facet normal -1.773998e-01  9.841389e-01  0.000000e+00
   outer loop
     vertex  6.324502e+00  4.331259e+00  3.000000e+00
     vertex  6.324502e+00  4.331259e+00  7.105427e-15
     vertex  6.278600e+00  4.322984e+00  3.000000e+00
   endloop
 endfacet
 facet normal -2.043319e-01  9.789017e-01  0.000000e+00
   outer loop
     vertex  6.370161e+00  4.340789e+00  3.000000e+00
     vertex  6.370161e+00  4.340789e+00  7.105427e-15
     vertex  6.324502e+00  4.331259e+00  7.105427e-15
   endloop
 endfacet
 facet normal -2.043319e-01  9.789017e-01  0.000000e+00
   outer loop
     vertex  6.370161e+00  4.340789e+00  3.000000e+00
     vertex  6.324502e+00  4.331259e+00  7.105427e-15
     vertex  6.324502e+00  4.331259e+00  3.000000e+00
   endloop
 endfacet
 facet normal -2.311102e-01  9.729276e-01  0.000000e+00
   outer loop
     vertex  6.415540e+00  4.351569e+00  3.000000e+00
     vertex  6.415540e+00  4.351569e+00  7.105427e-15
     vertex  6.370161e+00  4.340789e+00  7.105427e-15
   endloop
 endfacet
 facet normal -2.311102e-01  9.729276e-01  0.000000e+00
   outer loop
     vertex  6.415540e+00  4.351569e+00  3.000000e+00
     vertex  6.370161e+00  4.340789e+00  7.105427e-15
     vertex  6.370161e+00  4.340789e+00  3.000000e+00
   endloop
 endfacet
 facet normal -2.577146e-01  9.662211e-01  0.000000e+00
   outer loop
     vertex  6.460607e+00  4.363589e+00  3.000000e+00
     vertex  6.415540e+00  4.351569e+00  7.105427e-15
     vertex  6.415540e+00  4.351569e+00  3.000000e+00
   endloop
 endfacet
 facet normal -2.577146e-01  9.662211e-01  0.000000e+00
   outer loop
     vertex  6.460607e+00  4.363589e+00  3.000000e+00
     vertex  6.460607e+00  4.363589e+00  7.105427e-15
     vertex  6.415540e+00  4.351569e+00  7.105427e-15
   endloop
 endfacet
 facet normal -2.841250e-01  9.587873e-01  0.000000e+00
   outer loop
     vertex  6.460607e+00  4.363589e+00  3.000000e+00
     vertex  6.505327e+00  4.376841e+00  7.105427e-15
     vertex  6.460607e+00  4.363589e+00  7.105427e-15
   endloop
 endfacet
 facet normal -2.841250e-01  9.587873e-01  0.000000e+00
   outer loop
     vertex  6.505327e+00  4.376841e+00  3.000000e+00
     vertex  6.505327e+00  4.376841e+00  7.105427e-15
     vertex  6.460607e+00  4.363589e+00  3.000000e+00
   endloop
 endfacet
 facet normal -3.103214e-01  9.506317e-01  0.000000e+00
   outer loop
     vertex  6.505327e+00  4.376841e+00  3.000000e+00
     vertex  6.549667e+00  4.391315e+00  7.105427e-15
     vertex  6.505327e+00  4.376841e+00  7.105427e-15
   endloop
 endfacet
 facet normal -3.103214e-01  9.506317e-01  0.000000e+00
   outer loop
     vertex  6.549667e+00  4.391315e+00  3.000000e+00
     vertex  6.549667e+00  4.391315e+00  7.105427e-15
     vertex  6.505327e+00  4.376841e+00  3.000000e+00
   endloop
 endfacet
 facet normal -3.362843e-01  9.417605e-01  0.000000e+00
   outer loop
     vertex  6.549667e+00  4.391315e+00  3.000000e+00
     vertex  6.593592e+00  4.407000e+00  7.105427e-15
     vertex  6.549667e+00  4.391315e+00  7.105427e-15
   endloop
 endfacet
 facet normal -3.362843e-01  9.417605e-01  0.000000e+00
   outer loop
     vertex  6.593592e+00  4.407000e+00  3.000000e+00
     vertex  6.593592e+00  4.407000e+00  7.105427e-15
     vertex  6.549667e+00  4.391315e+00  3.000000e+00
   endloop
 endfacet
 facet normal -3.619940e-01  9.321804e-01  0.000000e+00
   outer loop
     vertex  6.637071e+00  4.423885e+00  3.000000e+00
     vertex  6.593592e+00  4.407000e+00  7.105427e-15
     vertex  6.593592e+00  4.407000e+00  3.000000e+00
   endloop
 endfacet
 facet normal -3.619940e-01  9.321804e-01  0.000000e+00
   outer loop
     vertex  6.637071e+00  4.423885e+00  3.000000e+00
     vertex  6.637071e+00  4.423885e+00  7.105427e-15
     vertex  6.593592e+00  4.407000e+00  7.105427e-15
   endloop
 endfacet
 facet normal -3.874313e-01  9.218986e-01  0.000000e+00
   outer loop
     vertex  6.680071e+00  4.441955e+00  3.000000e+00
     vertex  6.637071e+00  4.423885e+00  7.105427e-15
     vertex  6.637071e+00  4.423885e+00  3.000000e+00
   endloop
 endfacet
 facet normal -3.874313e-01  9.218986e-01  0.000000e+00
   outer loop
     vertex  6.680071e+00  4.441955e+00  3.000000e+00
     vertex  6.680071e+00  4.441955e+00  7.105427e-15
     vertex  6.637071e+00  4.423885e+00  7.105427e-15
   endloop
 endfacet
 facet normal -4.125769e-01  9.109228e-01  0.000000e+00
   outer loop
     vertex  6.722558e+00  4.461199e+00  3.000000e+00
     vertex  6.680071e+00  4.441955e+00  7.105427e-15
     vertex  6.680071e+00  4.441955e+00  3.000000e+00
   endloop
 endfacet
 facet normal -4.125769e-01  9.109228e-01  0.000000e+00
   outer loop
     vertex  6.722558e+00  4.461199e+00  3.000000e+00
     vertex  6.722558e+00  4.461199e+00  7.105427e-15
     vertex  6.680071e+00  4.441955e+00  7.105427e-15
   endloop
 endfacet
 facet normal -4.374119e-01  8.992613e-01  0.000000e+00
   outer loop
     vertex  6.764502e+00  4.481601e+00  3.000000e+00
     vertex  6.722558e+00  4.461199e+00  7.105427e-15
     vertex  6.722558e+00  4.461199e+00  3.000000e+00
   endloop
 endfacet
 facet normal -4.374119e-01  8.992613e-01  0.000000e+00
   outer loop
     vertex  6.764502e+00  4.481601e+00  3.000000e+00
     vertex  6.764502e+00  4.481601e+00  7.105427e-15
     vertex  6.722558e+00  4.461199e+00  7.105427e-15
   endloop
 endfacet
 facet normal -4.619176e-01  8.869228e-01  0.000000e+00
   outer loop
     vertex  6.805870e+00  4.503146e+00  3.000000e+00
     vertex  6.764502e+00  4.481601e+00  7.105427e-15
     vertex  6.764502e+00  4.481601e+00  3.000000e+00
   endloop
 endfacet
 facet normal -4.619176e-01  8.869228e-01  0.000000e+00
   outer loop
     vertex  6.805870e+00  4.503146e+00  3.000000e+00
     vertex  6.805870e+00  4.503146e+00  7.105427e-15
     vertex  6.764502e+00  4.481601e+00  7.105427e-15
   endloop
 endfacet
 facet normal -4.860756e-01  8.739167e-01  0.000000e+00
   outer loop
     vertex  6.846632e+00  4.525817e+00  3.000000e+00
     vertex  6.805870e+00  4.503146e+00  7.105427e-15
     vertex  6.805870e+00  4.503146e+00  3.000000e+00
   endloop
 endfacet
 facet normal -4.860756e-01  8.739167e-01  0.000000e+00
   outer loop
     vertex  6.846632e+00  4.525817e+00  3.000000e+00
     vertex  6.846632e+00  4.525817e+00  7.105427e-15
     vertex  6.805870e+00  4.503146e+00  7.105427e-15
   endloop
 endfacet
 facet normal -5.098678e-01  8.602528e-01  0.000000e+00
   outer loop
     vertex  6.886756e+00  4.549599e+00  3.000000e+00
     vertex  6.846632e+00  4.525817e+00  7.105427e-15
     vertex  6.846632e+00  4.525817e+00  3.000000e+00
   endloop
 endfacet
 facet normal -5.098678e-01  8.602528e-01  0.000000e+00
   outer loop
     vertex  6.886756e+00  4.549599e+00  3.000000e+00
     vertex  6.886756e+00  4.549599e+00  7.105427e-15
     vertex  6.846632e+00  4.525817e+00  7.105427e-15
   endloop
 endfacet
 facet normal -5.332761e-01  8.459413e-01  0.000000e+00
   outer loop
     vertex  6.926212e+00  4.574472e+00  3.000000e+00
     vertex  6.886756e+00  4.549599e+00  7.105427e-15
     vertex  6.886756e+00  4.549599e+00  3.000000e+00
   endloop
 endfacet
 facet normal -5.332761e-01  8.459413e-01  0.000000e+00
   outer loop
     vertex  6.926212e+00  4.574472e+00  3.000000e+00
     vertex  6.926212e+00  4.574472e+00  7.105427e-15
     vertex  6.886756e+00  4.549599e+00  7.105427e-15
   endloop
 endfacet
 facet normal -5.562829e-01  8.309929e-01  0.000000e+00
   outer loop
     vertex  6.964972e+00  4.600418e+00  3.000000e+00
     vertex  6.964972e+00  4.600418e+00  7.105427e-15
     vertex  6.926212e+00  4.574472e+00  7.105427e-15
   endloop
 endfacet
 facet normal -5.562829e-01  8.309929e-01  0.000000e+00
   outer loop
     vertex  6.964972e+00  4.600418e+00  3.000000e+00
     vertex  6.926212e+00  4.574472e+00  7.105427e-15
     vertex  6.926212e+00  4.574472e+00  3.000000e+00
   endloop
 endfacet
 facet normal -5.788711e-01  8.154191e-01  0.000000e+00
   outer loop
     vertex  7.003005e+00  4.627418e+00  3.000000e+00
     vertex  7.003005e+00  4.627418e+00  7.105427e-15
     vertex  6.964972e+00  4.600418e+00  7.105427e-15
   endloop
 endfacet
 facet normal -5.788711e-01  8.154191e-01  0.000000e+00
   outer loop
     vertex  7.003005e+00  4.627418e+00  3.000000e+00
     vertex  6.964972e+00  4.600418e+00  7.105427e-15
     vertex  6.964972e+00  4.600418e+00  3.000000e+00
   endloop
 endfacet
 facet normal -6.010234e-01  7.992314e-01  0.000000e+00
   outer loop
     vertex  7.040283e+00  4.655451e+00  3.000000e+00
     vertex  7.040283e+00  4.655451e+00  7.105427e-15
     vertex  7.003005e+00  4.627418e+00  7.105427e-15
   endloop
 endfacet
 facet normal -6.010234e-01  7.992314e-01  0.000000e+00
   outer loop
     vertex  7.040283e+00  4.655451e+00  3.000000e+00
     vertex  7.003005e+00  4.627418e+00  7.105427e-15
     vertex  7.003005e+00  4.627418e+00  3.000000e+00
   endloop
 endfacet
 facet normal -6.227234e-01  7.824421e-01  0.000000e+00
   outer loop
     vertex  7.076778e+00  4.684496e+00  3.000000e+00
     vertex  7.076778e+00  4.684496e+00  7.105427e-15
     vertex  7.040283e+00  4.655451e+00  7.105427e-15
   endloop
 endfacet
 facet normal -6.227234e-01  7.824421e-01  0.000000e+00
   outer loop
     vertex  7.076778e+00  4.684496e+00  3.000000e+00
     vertex  7.040283e+00  4.655451e+00  7.105427e-15
     vertex  7.040283e+00  4.655451e+00  3.000000e+00
   endloop
 endfacet
 facet normal -6.439545e-01  7.650637e-01  0.000000e+00
   outer loop
     vertex  7.112462e+00  4.714532e+00  3.000000e+00
     vertex  7.112462e+00  4.714532e+00  7.105427e-15
     vertex  7.076778e+00  4.684496e+00  7.105427e-15
   endloop
 endfacet
 facet normal -6.439545e-01  7.650637e-01  0.000000e+00
   outer loop
     vertex  7.112462e+00  4.714532e+00  3.000000e+00
     vertex  7.076778e+00  4.684496e+00  7.105427e-15
     vertex  7.076778e+00  4.684496e+00  3.000000e+00
   endloop
 endfacet
 facet normal -6.647010e-01  7.471095e-01  0.000000e+00
   outer loop
     vertex  7.147309e+00  4.745535e+00  3.000000e+00
     vertex  7.147309e+00  4.745535e+00  7.105427e-15
     vertex  7.112462e+00  4.714532e+00  7.105427e-15
   endloop
 endfacet
 facet normal -6.849470e-01  7.285929e-01  0.000000e+00
   outer loop
     vertex  7.147309e+00  4.745535e+00  3.000000e+00
     vertex  7.181292e+00  4.777482e+00  7.105427e-15
     vertex  7.147309e+00  4.745535e+00  7.105427e-15
   endloop
 endfacet
 facet normal -6.647010e-01  7.471095e-01  0.000000e+00
   outer loop
     vertex  7.147309e+00  4.745535e+00  3.000000e+00
     vertex  7.112462e+00  4.714532e+00  7.105427e-15
     vertex  7.112462e+00  4.714532e+00  3.000000e+00
   endloop
 endfacet
 facet normal -6.849470e-01  7.285929e-01  0.000000e+00
   outer loop
     vertex  7.181292e+00  4.777482e+00  3.000000e+00
     vertex  7.181292e+00  4.777482e+00  7.105427e-15
     vertex  7.147309e+00  4.745535e+00  3.000000e+00
   endloop
 endfacet
 facet normal -7.046775e-01  7.095278e-01  0.000000e+00
   outer loop
     vertex  7.214386e+00  4.810350e+00  3.000000e+00
     vertex  7.214386e+00  4.810350e+00  7.105427e-15
     vertex  7.181292e+00  4.777482e+00  7.105427e-15
   endloop
 endfacet
 facet normal -7.238775e-01  6.899286e-01  0.000000e+00
   outer loop
     vertex  7.214386e+00  4.810350e+00  3.000000e+00
     vertex  7.246566e+00  4.844113e+00  7.105427e-15
     vertex  7.214386e+00  4.810350e+00  7.105427e-15
   endloop
 endfacet
 facet normal -7.046775e-01  7.095278e-01  0.000000e+00
   outer loop
     vertex  7.214386e+00  4.810350e+00  3.000000e+00
     vertex  7.181292e+00  4.777482e+00  7.105427e-15
     vertex  7.181292e+00  4.777482e+00  3.000000e+00
   endloop
 endfacet
 facet normal -7.238775e-01  6.899286e-01  0.000000e+00
   outer loop
     vertex  7.246566e+00  4.844113e+00  3.000000e+00
     vertex  7.246566e+00  4.844113e+00  7.105427e-15
     vertex  7.214386e+00  4.810350e+00  3.000000e+00
   endloop
 endfacet
 facet normal -7.425325e-01  6.698100e-01  0.000000e+00
   outer loop
     vertex  7.277807e+00  4.878747e+00  3.000000e+00
     vertex  7.277807e+00  4.878747e+00  7.105427e-15
     vertex  7.246566e+00  4.844113e+00  7.105427e-15
   endloop
 endfacet
 facet normal -7.425325e-01  6.698100e-01  0.000000e+00
   outer loop
     vertex  7.277807e+00  4.878747e+00  3.000000e+00
     vertex  7.246566e+00  4.844113e+00  7.105427e-15
     vertex  7.246566e+00  4.844113e+00  3.000000e+00
   endloop
 endfacet
 facet normal -7.606287e-01  6.491872e-01  0.000000e+00
   outer loop
     vertex  7.308087e+00  4.914224e+00  3.000000e+00
     vertex  7.308087e+00  4.914224e+00  7.105427e-15
     vertex  7.277807e+00  4.878747e+00  7.105427e-15
   endloop
 endfacet
 facet normal -7.781522e-01  6.280757e-01  0.000000e+00
   outer loop
     vertex  7.308087e+00  4.914224e+00  3.000000e+00
     vertex  7.337382e+00  4.950519e+00  7.105427e-15
     vertex  7.308087e+00  4.914224e+00  7.105427e-15
   endloop
 endfacet
 facet normal -7.606287e-01  6.491872e-01  0.000000e+00
   outer loop
     vertex  7.308087e+00  4.914224e+00  3.000000e+00
     vertex  7.277807e+00  4.878747e+00  7.105427e-15
     vertex  7.277807e+00  4.878747e+00  3.000000e+00
   endloop
 endfacet
 facet normal -7.950900e-01  6.064915e-01  0.000000e+00
   outer loop
     vertex  7.337382e+00  4.950519e+00  3.000000e+00
     vertex  7.365670e+00  4.987604e+00  7.105427e-15
     vertex  7.337382e+00  4.950519e+00  7.105427e-15
   endloop
 endfacet
 facet normal -7.781522e-01  6.280757e-01  0.000000e+00
   outer loop
     vertex  7.337382e+00  4.950519e+00  3.000000e+00
     vertex  7.337382e+00  4.950519e+00  7.105427e-15
     vertex  7.308087e+00  4.914224e+00  3.000000e+00
   endloop
 endfacet
 facet normal -7.950900e-01  6.064915e-01  0.000000e+00
   outer loop
     vertex  7.365670e+00  4.987604e+00  3.000000e+00
     vertex  7.365670e+00  4.987604e+00  7.105427e-15
     vertex  7.337382e+00  4.950519e+00  3.000000e+00
   endloop
 endfacet
 facet normal -8.114292e-01  5.844507e-01  0.000000e+00
   outer loop
     vertex  7.392930e+00  5.025451e+00  3.000000e+00
     vertex  7.365670e+00  4.987604e+00  7.105427e-15
     vertex  7.365670e+00  4.987604e+00  3.000000e+00
   endloop
 endfacet
 facet normal -8.114292e-01  5.844507e-01  0.000000e+00
   outer loop
     vertex  7.392930e+00  5.025451e+00  3.000000e+00
     vertex  7.392930e+00  5.025451e+00  7.105427e-15
     vertex  7.365670e+00  4.987604e+00  7.105427e-15
   endloop
 endfacet
 facet normal -8.271577e-01  5.619699e-01  0.000000e+00
   outer loop
     vertex  7.419142e+00  5.064031e+00  3.000000e+00
     vertex  7.419142e+00  5.064031e+00  7.105427e-15
     vertex  7.392930e+00  5.025451e+00  7.105427e-15
   endloop
 endfacet
 facet normal -8.271577e-01  5.619699e-01  0.000000e+00
   outer loop
     vertex  7.419142e+00  5.064031e+00  3.000000e+00
     vertex  7.392930e+00  5.025451e+00  7.105427e-15
     vertex  7.392930e+00  5.025451e+00  3.000000e+00
   endloop
 endfacet
 facet normal -8.422635e-01  5.390661e-01  0.000000e+00
   outer loop
     vertex  7.444285e+00  5.103316e+00  3.000000e+00
     vertex  7.419142e+00  5.064031e+00  7.105427e-15
     vertex  7.419142e+00  5.064031e+00  3.000000e+00
   endloop
 endfacet
 facet normal -8.422635e-01  5.390661e-01  0.000000e+00
   outer loop
     vertex  7.444285e+00  5.103316e+00  3.000000e+00
     vertex  7.444285e+00  5.103316e+00  7.105427e-15
     vertex  7.419142e+00  5.064031e+00  7.105427e-15
   endloop
 endfacet
 facet normal -8.567352e-01  5.157565e-01  0.000000e+00
   outer loop
     vertex  7.468341e+00  5.143276e+00  3.000000e+00
     vertex  7.444285e+00  5.103316e+00  7.105427e-15
     vertex  7.444285e+00  5.103316e+00  3.000000e+00
   endloop
 endfacet
 facet normal -8.567352e-01  5.157565e-01  0.000000e+00
   outer loop
     vertex  7.468341e+00  5.143276e+00  3.000000e+00
     vertex  7.468341e+00  5.143276e+00  7.105427e-15
     vertex  7.444285e+00  5.103316e+00  7.105427e-15
   endloop
 endfacet
 facet normal -8.705620e-01  4.920587e-01  0.000000e+00
   outer loop
     vertex  7.491292e+00  5.183881e+00  3.000000e+00
     vertex  7.468341e+00  5.143276e+00  7.105427e-15
     vertex  7.468341e+00  5.143276e+00  3.000000e+00
   endloop
 endfacet
 facet normal -8.705620e-01  4.920587e-01  0.000000e+00
   outer loop
     vertex  7.491292e+00  5.183881e+00  3.000000e+00
     vertex  7.491292e+00  5.183881e+00  7.105427e-15
     vertex  7.468341e+00  5.143276e+00  7.105427e-15
   endloop
 endfacet
 facet normal -8.837335e-01  4.679904e-01  0.000000e+00
   outer loop
     vertex  7.513120e+00  5.225101e+00  3.000000e+00
     vertex  7.491292e+00  5.183881e+00  7.105427e-15
     vertex  7.491292e+00  5.183881e+00  3.000000e+00
   endloop
 endfacet
 facet normal -8.837335e-01  4.679904e-01  0.000000e+00
   outer loop
     vertex  7.513120e+00  5.225101e+00  3.000000e+00
     vertex  7.513120e+00  5.225101e+00  7.105427e-15
     vertex  7.491292e+00  5.183881e+00  7.105427e-15
   endloop
 endfacet
 facet normal -8.962398e-01  4.435699e-01  0.000000e+00
   outer loop
     vertex  7.533809e+00  5.266903e+00  3.000000e+00
     vertex  7.513120e+00  5.225101e+00  7.105427e-15
     vertex  7.513120e+00  5.225101e+00  3.000000e+00
   endloop
 endfacet
 facet normal -8.962398e-01  4.435699e-01  0.000000e+00
   outer loop
     vertex  7.533809e+00  5.266903e+00  3.000000e+00
     vertex  7.533809e+00  5.266903e+00  7.105427e-15
     vertex  7.513120e+00  5.225101e+00  7.105427e-15
   endloop
 endfacet
 facet normal -9.080714e-01  4.188155e-01  0.000000e+00
   outer loop
     vertex  7.553343e+00  5.309258e+00  3.000000e+00
     vertex  7.533809e+00  5.266903e+00  7.105427e-15
     vertex  7.533809e+00  5.266903e+00  3.000000e+00
   endloop
 endfacet
 facet normal -9.080714e-01  4.188155e-01  0.000000e+00
   outer loop
     vertex  7.553343e+00  5.309258e+00  3.000000e+00
     vertex  7.553343e+00  5.309258e+00  7.105427e-15
     vertex  7.533809e+00  5.266903e+00  7.105427e-15
   endloop
 endfacet
 facet normal -9.192194e-01  3.937458e-01  0.000000e+00
   outer loop
     vertex  7.571709e+00  5.352132e+00  3.000000e+00
     vertex  7.553343e+00  5.309258e+00  7.105427e-15
     vertex  7.553343e+00  5.309258e+00  3.000000e+00
   endloop
 endfacet
 facet normal -9.192194e-01  3.937458e-01  0.000000e+00
   outer loop
     vertex  7.571709e+00  5.352132e+00  3.000000e+00
     vertex  7.571709e+00  5.352132e+00  7.105427e-15
     vertex  7.553343e+00  5.309258e+00  7.105427e-15
   endloop
 endfacet
 facet normal -9.296754e-01  3.683796e-01  0.000000e+00
   outer loop
     vertex  7.588891e+00  5.395495e+00  3.000000e+00
     vertex  7.571709e+00  5.352132e+00  7.105427e-15
     vertex  7.571709e+00  5.352132e+00  3.000000e+00
   endloop
 endfacet
 facet normal -9.296754e-01  3.683796e-01  0.000000e+00
   outer loop
     vertex  7.588891e+00  5.395495e+00  3.000000e+00
     vertex  7.588891e+00  5.395495e+00  7.105427e-15
     vertex  7.571709e+00  5.352132e+00  7.105427e-15
   endloop
 endfacet
 facet normal -9.394317e-01  3.427362e-01  0.000000e+00
   outer loop
     vertex  7.588891e+00  5.395495e+00  3.000000e+00
     vertex  7.604877e+00  5.439312e+00  7.105427e-15
     vertex  7.588891e+00  5.395495e+00  7.105427e-15
   endloop
 endfacet
 facet normal -9.394317e-01  3.427362e-01  0.000000e+00
   outer loop
     vertex  7.604877e+00  5.439312e+00  3.000000e+00
     vertex  7.604877e+00  5.439312e+00  7.105427e-15
     vertex  7.588891e+00  5.395495e+00  3.000000e+00
   endloop
 endfacet
 facet normal -9.484807e-01  3.168348e-01  0.000000e+00
   outer loop
     vertex  7.619654e+00  5.483551e+00  3.000000e+00
     vertex  7.604877e+00  5.439312e+00  7.105427e-15
     vertex  7.604877e+00  5.439312e+00  3.000000e+00
   endloop
 endfacet
 facet normal -9.484807e-01  3.168348e-01  0.000000e+00
   outer loop
     vertex  7.619654e+00  5.483551e+00  3.000000e+00
     vertex  7.619654e+00  5.483551e+00  7.105427e-15
     vertex  7.604877e+00  5.439312e+00  7.105427e-15
   endloop
 endfacet
 facet normal -9.568158e-01  2.906949e-01  0.000000e+00
   outer loop
     vertex  7.633213e+00  5.528179e+00  3.000000e+00
     vertex  7.619654e+00  5.483551e+00  7.105427e-15
     vertex  7.619654e+00  5.483551e+00  3.000000e+00
   endloop
 endfacet
 facet normal -9.568158e-01  2.906949e-01  0.000000e+00
   outer loop
     vertex  7.633213e+00  5.528179e+00  3.000000e+00
     vertex  7.633213e+00  5.528179e+00  7.105427e-15
     vertex  7.619654e+00  5.483551e+00  7.105427e-15
   endloop
 endfacet
 facet normal -9.644306e-01  2.643362e-01  0.000000e+00
   outer loop
     vertex  7.645542e+00  5.573162e+00  3.000000e+00
     vertex  7.633213e+00  5.528179e+00  7.105427e-15
     vertex  7.633213e+00  5.528179e+00  3.000000e+00
   endloop
 endfacet
 facet normal -9.644306e-01  2.643362e-01  0.000000e+00
   outer loop
     vertex  7.645542e+00  5.573162e+00  3.000000e+00
     vertex  7.645542e+00  5.573162e+00  7.105427e-15
     vertex  7.633213e+00  5.528179e+00  7.105427e-15
   endloop
 endfacet
 facet normal -9.713194e-01  2.377784e-01  0.000000e+00
   outer loop
     vertex  7.656633e+00  5.618467e+00  3.000000e+00
     vertex  7.645542e+00  5.573162e+00  7.105427e-15
     vertex  7.645542e+00  5.573162e+00  3.000000e+00
   endloop
 endfacet
 facet normal -9.713194e-01  2.377784e-01  0.000000e+00
   outer loop
     vertex  7.656633e+00  5.618467e+00  3.000000e+00
     vertex  7.656633e+00  5.618467e+00  7.105427e-15
     vertex  7.645542e+00  5.573162e+00  7.105427e-15
   endloop
 endfacet
 facet normal -9.774771e-01  2.110417e-01  0.000000e+00
   outer loop
     vertex  7.666476e+00  5.664059e+00  3.000000e+00
     vertex  7.656633e+00  5.618467e+00  7.105427e-15
     vertex  7.656633e+00  5.618467e+00  3.000000e+00
   endloop
 endfacet
 facet normal -9.774771e-01  2.110417e-01  0.000000e+00
   outer loop
     vertex  7.666476e+00  5.664059e+00  3.000000e+00
     vertex  7.666476e+00  5.664059e+00  7.105427e-15
     vertex  7.656633e+00  5.618467e+00  7.105427e-15
   endloop
 endfacet
 facet normal -9.828989e-01  1.841461e-01  0.000000e+00
   outer loop
     vertex  7.675065e+00  5.709903e+00  3.000000e+00
     vertex  7.666476e+00  5.664059e+00  7.105427e-15
     vertex  7.666476e+00  5.664059e+00  3.000000e+00
   endloop
 endfacet
 facet normal -9.828989e-01  1.841461e-01  0.000000e+00
   outer loop
     vertex  7.675065e+00  5.709903e+00  3.000000e+00
     vertex  7.675065e+00  5.709903e+00  7.105427e-15
     vertex  7.666476e+00  5.664059e+00  7.105427e-15
   endloop
 endfacet
 facet normal -9.875808e-01  1.571119e-01  0.000000e+00
   outer loop
     vertex  7.675065e+00  5.709903e+00  3.000000e+00
     vertex  7.682393e+00  5.755966e+00  7.105427e-15
     vertex  7.675065e+00  5.709903e+00  7.105427e-15
   endloop
 endfacet
 facet normal -9.875808e-01  1.571119e-01  0.000000e+00
   outer loop
     vertex  7.682393e+00  5.755966e+00  3.000000e+00
     vertex  7.682393e+00  5.755966e+00  7.105427e-15
     vertex  7.675065e+00  5.709903e+00  3.000000e+00
   endloop
 endfacet
 facet normal -9.915193e-01  1.299594e-01  0.000000e+00
   outer loop
     vertex  7.682393e+00  5.755966e+00  3.000000e+00
     vertex  7.688455e+00  5.802213e+00  7.105427e-15
     vertex  7.682393e+00  5.755966e+00  7.105427e-15
   endloop
 endfacet
 facet normal -9.915193e-01  1.299594e-01  0.000000e+00
   outer loop
     vertex  7.688455e+00  5.802213e+00  3.000000e+00
     vertex  7.688455e+00  5.802213e+00  7.105427e-15
     vertex  7.682393e+00  5.755966e+00  3.000000e+00
   endloop
 endfacet
 facet normal -9.947114e-01  1.027091e-01  0.000000e+00
   outer loop
     vertex  7.693246e+00  5.848609e+00  3.000000e+00
     vertex  7.688455e+00  5.802213e+00  7.105427e-15
     vertex  7.688455e+00  5.802213e+00  3.000000e+00
   endloop
 endfacet
 facet normal -9.947114e-01  1.027091e-01  0.000000e+00
   outer loop
     vertex  7.693246e+00  5.848609e+00  3.000000e+00
     vertex  7.693246e+00  5.848609e+00  7.105427e-15
     vertex  7.688455e+00  5.802213e+00  7.105427e-15
   endloop
 endfacet
 facet normal -9.971548e-01  7.538152e-02  0.000000e+00
   outer loop
     vertex  7.696762e+00  5.895118e+00  3.000000e+00
     vertex  7.693246e+00  5.848609e+00  7.105427e-15
     vertex  7.693246e+00  5.848609e+00  3.000000e+00
   endloop
 endfacet
 facet normal -9.971548e-01  7.538152e-02  0.000000e+00
   outer loop
     vertex  7.696762e+00  5.895118e+00  3.000000e+00
     vertex  7.696762e+00  5.895118e+00  7.105427e-15
     vertex  7.693246e+00  5.848609e+00  7.105427e-15
   endloop
 endfacet
 facet normal -9.988475e-01  4.799716e-02  0.000000e+00
   outer loop
     vertex  7.699000e+00  5.941707e+00  3.000000e+00
     vertex  7.696762e+00  5.895118e+00  7.105427e-15
     vertex  7.696762e+00  5.895118e+00  3.000000e+00
   endloop
 endfacet
 facet normal -9.988475e-01  4.799716e-02  0.000000e+00
   outer loop
     vertex  7.699000e+00  5.941707e+00  3.000000e+00
     vertex  7.699000e+00  5.941707e+00  7.105427e-15
     vertex  7.696762e+00  5.895118e+00  7.105427e-15
   endloop
 endfacet
 facet normal -9.997883e-01  2.057667e-02  0.000000e+00
   outer loop
     vertex  7.699960e+00  5.988339e+00  3.000000e+00
     vertex  7.699960e+00  5.988339e+00  7.105427e-15
     vertex  7.699000e+00  5.941707e+00  7.105427e-15
   endloop
 endfacet
 facet normal -9.997883e-01  2.057667e-02  0.000000e+00
   outer loop
     vertex  7.699960e+00  5.988339e+00  3.000000e+00
     vertex  7.699000e+00  5.941707e+00  7.105427e-15
     vertex  7.699000e+00  5.941707e+00  3.000000e+00
   endloop
 endfacet
 facet normal -9.999765e-01 -6.859319e-03 -0.000000e+00
   outer loop
     vertex  7.699960e+00  5.988339e+00  3.000000e+00
     vertex  7.699640e+00  6.034980e+00  7.105427e-15
     vertex  7.699960e+00  5.988339e+00  7.105427e-15
   endloop
 endfacet
 facet normal -9.999765e-01 -6.859319e-03 -0.000000e+00
   outer loop
     vertex  7.699640e+00  6.034980e+00  3.000000e+00
     vertex  7.699640e+00  6.034980e+00  7.105427e-15
     vertex  7.699960e+00  5.988339e+00  3.000000e+00
   endloop
 endfacet
 facet normal -9.994119e-01 -3.429014e-02 -0.000000e+00
   outer loop
     vertex  7.698041e+00  6.081595e+00  3.000000e+00
     vertex  7.698041e+00  6.081595e+00  7.105427e-15
     vertex  7.699640e+00  6.034980e+00  7.105427e-15
   endloop
 endfacet
 facet normal -9.994119e-01 -3.429014e-02  0.000000e+00
   outer loop
     vertex  7.698041e+00  6.081595e+00  3.000000e+00
     vertex  7.699640e+00  6.034980e+00  7.105427e-15
     vertex  7.699640e+00  6.034980e+00  3.000000e+00
   endloop
 endfacet
 facet normal -9.980950e-01 -6.169515e-02 -0.000000e+00
   outer loop
     vertex  7.695163e+00  6.128149e+00  3.000000e+00
     vertex  7.695163e+00  6.128149e+00  7.105427e-15
     vertex  7.698041e+00  6.081595e+00  7.105427e-15
   endloop
 endfacet
 facet normal -9.960268e-01 -8.905371e-02 -0.000000e+00
   outer loop
     vertex  7.695163e+00  6.128149e+00  3.000000e+00
     vertex  7.691009e+00  6.174606e+00  7.105427e-15
     vertex  7.695163e+00  6.128149e+00  7.105427e-15
   endloop
 endfacet
 facet normal -9.980950e-01 -6.169515e-02  0.000000e+00
   outer loop
     vertex  7.695163e+00  6.128149e+00  3.000000e+00
     vertex  7.698041e+00  6.081595e+00  7.105427e-15
     vertex  7.698041e+00  6.081595e+00  3.000000e+00
   endloop
 endfacet
 facet normal -9.960268e-01 -8.905371e-02 -0.000000e+00
   outer loop
     vertex  7.691009e+00  6.174606e+00  3.000000e+00
     vertex  7.691009e+00  6.174606e+00  7.105427e-15
     vertex  7.695163e+00  6.128149e+00  3.000000e+00
   endloop
 endfacet
 facet normal -9.932088e-01 -1.163452e-01  0.000000e+00
   outer loop
     vertex  7.685583e+00  6.220931e+00  3.000000e+00
     vertex  7.691009e+00  6.174606e+00  7.105427e-15
     vertex  7.691009e+00  6.174606e+00  3.000000e+00
   endloop
 endfacet
 facet normal -9.932088e-01 -1.163452e-01 -0.000000e+00
   outer loop
     vertex  7.685583e+00  6.220931e+00  3.000000e+00
     vertex  7.685583e+00  6.220931e+00  7.105427e-15
     vertex  7.691009e+00  6.174606e+00  7.105427e-15
   endloop
 endfacet
 facet normal -9.896432e-01 -1.435492e-01  0.000000e+00
   outer loop
     vertex  7.678887e+00  6.267090e+00  3.000000e+00
     vertex  7.685583e+00  6.220931e+00  7.105427e-15
     vertex  7.685583e+00  6.220931e+00  3.000000e+00
   endloop
 endfacet
 facet normal -9.896432e-01 -1.435492e-01 -0.000000e+00
   outer loop
     vertex  7.678887e+00  6.267090e+00  3.000000e+00
     vertex  7.678887e+00  6.267090e+00  7.105427e-15
     vertex  7.685583e+00  6.220931e+00  7.105427e-15
   endloop
 endfacet
 facet normal -9.853326e-01 -1.706451e-01 -0.000000e+00
   outer loop
     vertex  7.678887e+00  6.267090e+00  3.000000e+00
     vertex  7.670928e+00  6.313048e+00  7.105427e-15
     vertex  7.678887e+00  6.267090e+00  7.105427e-15
   endloop
 endfacet
 facet normal -9.853326e-01 -1.706451e-01 -0.000000e+00
   outer loop
     vertex  7.670928e+00  6.313048e+00  3.000000e+00
     vertex  7.670928e+00  6.313048e+00  7.105427e-15
     vertex  7.678887e+00  6.267090e+00  3.000000e+00
   endloop
 endfacet
 facet normal -9.802802e-01 -1.976125e-01  0.000000e+00
   outer loop
     vertex  7.661711e+00  6.358771e+00  3.000000e+00
     vertex  7.670928e+00  6.313048e+00  7.105427e-15
     vertex  7.670928e+00  6.313048e+00  3.000000e+00
   endloop
 endfacet
 facet normal -9.802802e-01 -1.976125e-01 -0.000000e+00
   outer loop
     vertex  7.661711e+00  6.358771e+00  3.000000e+00
     vertex  7.661711e+00  6.358771e+00  7.105427e-15
     vertex  7.670928e+00  6.313048e+00  7.105427e-15
   endloop
 endfacet
 facet normal -9.744899e-01 -2.244312e-01  0.000000e+00
   outer loop
     vertex  7.651243e+00  6.404223e+00  3.000000e+00
     vertex  7.661711e+00  6.358771e+00  7.105427e-15
     vertex  7.661711e+00  6.358771e+00  3.000000e+00
   endloop
 endfacet
 facet normal -9.744899e-01 -2.244312e-01 -0.000000e+00
   outer loop
     vertex  7.651243e+00  6.404223e+00  3.000000e+00
     vertex  7.651243e+00  6.404223e+00  7.105427e-15
     vertex  7.661711e+00  6.358771e+00  7.105427e-15
   endloop
 endfacet
 facet normal -9.679661e-01 -2.510809e-01 -0.000000e+00
   outer loop
     vertex  7.651243e+00  6.404223e+00  3.000000e+00
     vertex  7.639532e+00  6.449371e+00  7.105427e-15
     vertex  7.651243e+00  6.404223e+00  7.105427e-15
   endloop
 endfacet
 facet normal -9.679661e-01 -2.510809e-01 -0.000000e+00
   outer loop
     vertex  7.639532e+00  6.449371e+00  3.000000e+00
     vertex  7.639532e+00  6.449371e+00  7.105427e-15
     vertex  7.651243e+00  6.404223e+00  3.000000e+00
   endloop
 endfacet
 facet normal -9.607136e-01 -2.775416e-01  0.000000e+00
   outer loop
     vertex  7.626587e+00  6.494181e+00  3.000000e+00
     vertex  7.639532e+00  6.449371e+00  7.105427e-15
     vertex  7.639532e+00  6.449371e+00  3.000000e+00
   endloop
 endfacet
 facet normal -9.607136e-01 -2.775416e-01 -0.000000e+00
   outer loop
     vertex  7.626587e+00  6.494181e+00  3.000000e+00
     vertex  7.626587e+00  6.494181e+00  7.105427e-15
     vertex  7.639532e+00  6.449371e+00  7.105427e-15
   endloop
 endfacet
 facet normal -9.527379e-01 -3.037934e-01  0.000000e+00
   outer loop
     vertex  7.612417e+00  6.538619e+00  3.000000e+00
     vertex  7.626587e+00  6.494181e+00  7.105427e-15
     vertex  7.626587e+00  6.494181e+00  3.000000e+00
   endloop
 endfacet
 facet normal -9.527379e-01 -3.037934e-01 -0.000000e+00
   outer loop
     vertex  7.612417e+00  6.538619e+00  3.000000e+00
     vertex  7.612417e+00  6.538619e+00  7.105427e-15
     vertex  7.626587e+00  6.494181e+00  7.105427e-15
   endloop
 endfacet
 facet normal -9.440450e-01 -3.298166e-01  0.000000e+00
   outer loop
     vertex  7.597034e+00  6.582652e+00  3.000000e+00
     vertex  7.612417e+00  6.538619e+00  7.105427e-15
     vertex  7.612417e+00  6.538619e+00  3.000000e+00
   endloop
 endfacet
 facet normal -9.440450e-01 -3.298166e-01 -0.000000e+00
   outer loop
     vertex  7.597034e+00  6.582652e+00  3.000000e+00
     vertex  7.597034e+00  6.582652e+00  7.105427e-15
     vertex  7.612417e+00  6.538619e+00  7.105427e-15
   endloop
 endfacet
 facet normal -9.346415e-01 -3.555914e-01 -0.000000e+00
   outer loop
     vertex  7.597034e+00  6.582652e+00  3.000000e+00
     vertex  7.580448e+00  6.626245e+00  7.105427e-15
     vertex  7.597034e+00  6.582652e+00  7.105427e-15
   endloop
 endfacet
 facet normal -9.346415e-01 -3.555914e-01 -0.000000e+00
   outer loop
     vertex  7.580448e+00  6.626245e+00  3.000000e+00
     vertex  7.580448e+00  6.626245e+00  7.105427e-15
     vertex  7.597034e+00  6.582652e+00  3.000000e+00
   endloop
 endfacet
 facet normal -9.137314e-01 -4.063188e-01 -0.000000e+00
   outer loop
     vertex  7.562673e+00  6.669368e+00  3.000000e+00
     vertex  7.543721e+00  6.711986e+00  7.105427e-15
     vertex  7.562673e+00  6.669368e+00  7.105427e-15
   endloop
 endfacet
 facet normal -9.245344e-01 -3.810986e-01  0.000000e+00
   outer loop
     vertex  7.562673e+00  6.669368e+00  3.000000e+00
     vertex  7.580448e+00  6.626245e+00  7.105427e-15
     vertex  7.580448e+00  6.626245e+00  3.000000e+00
   endloop
 endfacet
 facet normal -9.245344e-01 -3.810986e-01 -0.000000e+00
   outer loop
     vertex  7.562673e+00  6.669368e+00  3.000000e+00
     vertex  7.562673e+00  6.669368e+00  7.105427e-15
     vertex  7.580448e+00  6.626245e+00  7.105427e-15
   endloop
 endfacet
 facet normal -9.137314e-01 -4.063188e-01 -0.000000e+00
   outer loop
     vertex  7.543721e+00  6.711986e+00  3.000000e+00
     vertex  7.543721e+00  6.711986e+00  7.105427e-15
     vertex  7.562673e+00  6.669368e+00  3.000000e+00
   endloop
 endfacet
 facet normal -9.022405e-01 -4.312333e-01 -0.000000e+00
   outer loop
     vertex  7.523608e+00  6.754069e+00  3.000000e+00
     vertex  7.523608e+00  6.754069e+00  7.105427e-15
     vertex  7.543721e+00  6.711986e+00  7.105427e-15
   endloop
 endfacet
 facet normal -9.022405e-01 -4.312333e-01  0.000000e+00
   outer loop
     vertex  7.523608e+00  6.754069e+00  3.000000e+00
     vertex  7.543721e+00  6.711986e+00  7.105427e-15
     vertex  7.543721e+00  6.711986e+00  3.000000e+00
   endloop
 endfacet
 facet normal -8.900704e-01 -4.558231e-01 -0.000000e+00
   outer loop
     vertex  7.502347e+00  6.795584e+00  3.000000e+00
     vertex  7.502347e+00  6.795584e+00  7.105427e-15
     vertex  7.523608e+00  6.754069e+00  7.105427e-15
   endloop
 endfacet
 facet normal -8.772303e-01 -4.800697e-01 -0.000000e+00
   outer loop
     vertex  7.502347e+00  6.795584e+00  3.000000e+00
     vertex  7.479955e+00  6.836500e+00  7.105427e-15
     vertex  7.502347e+00  6.795584e+00  7.105427e-15
   endloop
 endfacet
 facet normal -8.900704e-01 -4.558231e-01  0.000000e+00
   outer loop
     vertex  7.502347e+00  6.795584e+00  3.000000e+00
     vertex  7.523608e+00  6.754069e+00  7.105427e-15
     vertex  7.523608e+00  6.754069e+00  3.000000e+00
   endloop
 endfacet
 facet normal -8.772303e-01 -4.800697e-01 -0.000000e+00
   outer loop
     vertex  7.479955e+00  6.836500e+00  3.000000e+00
     vertex  7.479955e+00  6.836500e+00  7.105427e-15
     vertex  7.502347e+00  6.795584e+00  3.000000e+00
   endloop
 endfacet
 facet normal -8.637299e-01 -5.039550e-01 -0.000000e+00
   outer loop
     vertex  7.456450e+00  6.876786e+00  3.000000e+00
     vertex  7.456450e+00  6.876786e+00  7.105427e-15
     vertex  7.479955e+00  6.836500e+00  7.105427e-15
   endloop
 endfacet
 facet normal -8.637299e-01 -5.039550e-01  0.000000e+00
   outer loop
     vertex  7.456450e+00  6.876786e+00  3.000000e+00
     vertex  7.479955e+00  6.836500e+00  7.105427e-15
     vertex  7.479955e+00  6.836500e+00  3.000000e+00
   endloop
 endfacet
 facet normal -8.495793e-01 -5.274609e-01 -0.000000e+00
   outer loop
     vertex  7.431848e+00  6.916412e+00  3.000000e+00
     vertex  7.431848e+00  6.916412e+00  7.105427e-15
     vertex  7.456450e+00  6.876786e+00  7.105427e-15
   endloop
 endfacet
 facet normal -8.347891e-01 -5.505698e-01 -0.000000e+00
   outer loop
     vertex  7.431848e+00  6.916412e+00  3.000000e+00
     vertex  7.406168e+00  6.955349e+00  7.105427e-15
     vertex  7.431848e+00  6.916412e+00  7.105427e-15
   endloop
 endfacet
 facet normal -8.495793e-01 -5.274609e-01  0.000000e+00
   outer loop
     vertex  7.431848e+00  6.916412e+00  3.000000e+00
     vertex  7.456450e+00  6.876786e+00  7.105427e-15
     vertex  7.456450e+00  6.876786e+00  3.000000e+00
   endloop
 endfacet
 facet normal -8.347891e-01 -5.505698e-01 -0.000000e+00
   outer loop
     vertex  7.406168e+00  6.955349e+00  3.000000e+00
     vertex  7.406168e+00  6.955349e+00  7.105427e-15
     vertex  7.431848e+00  6.916412e+00  3.000000e+00
   endloop
 endfacet
 facet normal -8.193706e-01 -5.732642e-01 -0.000000e+00
   outer loop
     vertex  7.379430e+00  6.993566e+00  3.000000e+00
     vertex  7.379430e+00  6.993566e+00  7.105427e-15
     vertex  7.406168e+00  6.955349e+00  7.105427e-15
   endloop
 endfacet
 facet normal -8.193706e-01 -5.732642e-01  0.000000e+00
   outer loop
     vertex  7.379430e+00  6.993566e+00  3.000000e+00
     vertex  7.406168e+00  6.955349e+00  7.105427e-15
     vertex  7.406168e+00  6.955349e+00  3.000000e+00
   endloop
 endfacet
 facet normal -8.033352e-01 -5.955271e-01 -0.000000e+00
   outer loop
     vertex  7.351653e+00  7.031036e+00  3.000000e+00
     vertex  7.351653e+00  7.031036e+00  7.105427e-15
     vertex  7.379430e+00  6.993566e+00  7.105427e-15
   endloop
 endfacet
 facet normal -7.866951e-01 -6.173417e-01 -0.000000e+00
   outer loop
     vertex  7.351653e+00  7.031036e+00  3.000000e+00
     vertex  7.322859e+00  7.067729e+00  7.105427e-15
     vertex  7.351653e+00  7.031036e+00  7.105427e-15
   endloop
 endfacet
 facet normal -8.033352e-01 -5.955271e-01  0.000000e+00
   outer loop
     vertex  7.351653e+00  7.031036e+00  3.000000e+00
     vertex  7.379430e+00  6.993566e+00  7.105427e-15
     vertex  7.379430e+00  6.993566e+00  3.000000e+00
   endloop
 endfacet
 facet normal -7.866951e-01 -6.173417e-01 -0.000000e+00
   outer loop
     vertex  7.322859e+00  7.067729e+00  3.000000e+00
     vertex  7.322859e+00  7.067729e+00  7.105427e-15
     vertex  7.351653e+00  7.031036e+00  3.000000e+00
   endloop
 endfacet
 facet normal -7.694628e-01 -6.386916e-01 -0.000000e+00
   outer loop
     vertex  7.293069e+00  7.103618e+00  3.000000e+00
     vertex  7.293069e+00  7.103618e+00  7.105427e-15
     vertex  7.322859e+00  7.067729e+00  7.105427e-15
   endloop
 endfacet
 facet normal -7.694628e-01 -6.386916e-01  0.000000e+00
   outer loop
     vertex  7.293069e+00  7.103618e+00  3.000000e+00
     vertex  7.322859e+00  7.067729e+00  7.105427e-15
     vertex  7.322859e+00  7.067729e+00  3.000000e+00
   endloop
 endfacet
 facet normal -7.516513e-01 -6.595607e-01 -0.000000e+00
   outer loop
     vertex  7.262305e+00  7.138677e+00  3.000000e+00
     vertex  7.262305e+00  7.138677e+00  7.105427e-15
     vertex  7.293069e+00  7.103618e+00  7.105427e-15
   endloop
 endfacet
 facet normal -7.516513e-01 -6.595607e-01  0.000000e+00
   outer loop
     vertex  7.262305e+00  7.138677e+00  3.000000e+00
     vertex  7.293069e+00  7.103618e+00  7.105427e-15
     vertex  7.293069e+00  7.103618e+00  3.000000e+00
   endloop
 endfacet
 facet normal -7.332740e-01 -6.799333e-01 -0.000000e+00
   outer loop
     vertex  7.230592e+00  7.172879e+00  3.000000e+00
     vertex  7.230592e+00  7.172879e+00  7.105427e-15
     vertex  7.262305e+00  7.138677e+00  7.105427e-15
   endloop
 endfacet
 facet normal -7.143447e-01 -6.997940e-01 -0.000000e+00
   outer loop
     vertex  7.230592e+00  7.172879e+00  3.000000e+00
     vertex  7.197952e+00  7.206197e+00  7.105427e-15
     vertex  7.230592e+00  7.172879e+00  7.105427e-15
   endloop
 endfacet
 facet normal -7.332740e-01 -6.799333e-01  0.000000e+00
   outer loop
     vertex  7.230592e+00  7.172879e+00  3.000000e+00
     vertex  7.262305e+00  7.138677e+00  7.105427e-15
     vertex  7.262305e+00  7.138677e+00  3.000000e+00
   endloop
 endfacet
 facet normal -7.143447e-01 -6.997940e-01 -0.000000e+00
   outer loop
     vertex  7.197952e+00  7.206197e+00  3.000000e+00
     vertex  7.197952e+00  7.206197e+00  7.105427e-15
     vertex  7.230592e+00  7.172879e+00  3.000000e+00
   endloop
 endfacet
 facet normal -6.948776e-01 -7.191280e-01 -0.000000e+00
   outer loop
     vertex  7.197952e+00  7.206197e+00  3.000000e+00
     vertex  7.164410e+00  7.238608e+00  7.105427e-15
     vertex  7.197952e+00  7.206197e+00  7.105427e-15
   endloop
 endfacet
 facet normal -6.948776e-01 -7.191280e-01 -0.000000e+00
   outer loop
     vertex  7.164410e+00  7.238608e+00  3.000000e+00
     vertex  7.164410e+00  7.238608e+00  7.105427e-15
     vertex  7.197952e+00  7.206197e+00  3.000000e+00
   endloop
 endfacet
 facet normal -6.748875e-01 -7.379206e-01 -0.000000e+00
   outer loop
     vertex  7.164410e+00  7.238608e+00  3.000000e+00
     vertex  7.129992e+00  7.270086e+00  7.105427e-15
     vertex  7.164410e+00  7.238608e+00  7.105427e-15
   endloop
 endfacet
 facet normal -6.748875e-01 -7.379206e-01 -0.000000e+00
   outer loop
     vertex  7.129992e+00  7.270086e+00  3.000000e+00
     vertex  7.129992e+00  7.270086e+00  7.105427e-15
     vertex  7.164410e+00  7.238608e+00  3.000000e+00
   endloop
 endfacet
 facet normal -6.543893e-01 -7.561578e-01  0.000000e+00
   outer loop
     vertex  7.094723e+00  7.300608e+00  3.000000e+00
     vertex  7.129992e+00  7.270086e+00  7.105427e-15
     vertex  7.129992e+00  7.270086e+00  3.000000e+00
   endloop
 endfacet
 facet normal -6.543893e-01 -7.561578e-01 -0.000000e+00
   outer loop
     vertex  7.094723e+00  7.300608e+00  3.000000e+00
     vertex  7.094723e+00  7.300608e+00  7.105427e-15
     vertex  7.129992e+00  7.270086e+00  7.105427e-15
   endloop
 endfacet
 facet normal -6.333986e-01 -7.738257e-01 -0.000000e+00
   outer loop
     vertex  7.094723e+00  7.300608e+00  3.000000e+00
     vertex  7.058630e+00  7.330152e+00  7.105427e-15
     vertex  7.094723e+00  7.300608e+00  7.105427e-15
   endloop
 endfacet
 facet normal -6.333986e-01 -7.738257e-01 -0.000000e+00
   outer loop
     vertex  7.058630e+00  7.330152e+00  3.000000e+00
     vertex  7.058630e+00  7.330152e+00  7.105427e-15
     vertex  7.094723e+00  7.300608e+00  3.000000e+00
   endloop
 endfacet
 facet normal -6.119310e-01 -7.909112e-01 -0.000000e+00
   outer loop
     vertex  7.021740e+00  7.358693e+00  3.000000e+00
     vertex  7.021740e+00  7.358693e+00  7.105427e-15
     vertex  7.058630e+00  7.330152e+00  7.105427e-15
   endloop
 endfacet
 facet normal -6.119310e-01 -7.909112e-01  0.000000e+00
   outer loop
     vertex  7.021740e+00  7.358693e+00  3.000000e+00
     vertex  7.058630e+00  7.330152e+00  7.105427e-15
     vertex  7.058630e+00  7.330152e+00  3.000000e+00
   endloop
 endfacet
 facet normal -5.900028e-01 -8.074012e-01  0.000000e+00
   outer loop
     vertex  6.984081e+00  7.386212e+00  3.000000e+00
     vertex  7.021740e+00  7.358693e+00  7.105427e-15
     vertex  7.021740e+00  7.358693e+00  3.000000e+00
   endloop
 endfacet
 facet normal -5.900028e-01 -8.074012e-01 -0.000000e+00
   outer loop
     vertex  6.984081e+00  7.386212e+00  3.000000e+00
     vertex  6.984081e+00  7.386212e+00  7.105427e-15
     vertex  7.021740e+00  7.358693e+00  7.105427e-15
   endloop
 endfacet
 facet normal -5.676304e-01 -8.232835e-01 -0.000000e+00
   outer loop
     vertex  6.984081e+00  7.386212e+00  3.000000e+00
     vertex  6.945681e+00  7.412688e+00  7.105427e-15
     vertex  6.984081e+00  7.386212e+00  7.105427e-15
   endloop
 endfacet
 facet normal -5.448308e-01 -8.385460e-01 -0.000000e+00
   outer loop
     vertex  6.945681e+00  7.412688e+00  3.000000e+00
     vertex  6.906569e+00  7.438100e+00  7.105427e-15
     vertex  6.945681e+00  7.412688e+00  7.105427e-15
   endloop
 endfacet
 facet normal -5.676304e-01 -8.232835e-01 -0.000000e+00
   outer loop
     vertex  6.945681e+00  7.412688e+00  3.000000e+00
     vertex  6.945681e+00  7.412688e+00  7.105427e-15
     vertex  6.984081e+00  7.386212e+00  3.000000e+00
   endloop
 endfacet
 facet normal -5.448308e-01 -8.385460e-01 -0.000000e+00
   outer loop
     vertex  6.906569e+00  7.438100e+00  3.000000e+00
     vertex  6.906569e+00  7.438100e+00  7.105427e-15
     vertex  6.945681e+00  7.412688e+00  3.000000e+00
   endloop
 endfacet
 facet normal -5.216210e-01 -8.531773e-01 -0.000000e+00
   outer loop
     vertex  6.866775e+00  7.462430e+00  3.000000e+00
     vertex  6.866775e+00  7.462430e+00  7.105427e-15
     vertex  6.906569e+00  7.438100e+00  7.105427e-15
   endloop
 endfacet
 facet normal -4.980186e-01 -8.671664e-01 -0.000000e+00
   outer loop
     vertex  6.866775e+00  7.462430e+00  3.000000e+00
     vertex  6.826329e+00  7.485658e+00  7.105427e-15
     vertex  6.866775e+00  7.462430e+00  7.105427e-15
   endloop
 endfacet
 facet normal -5.216210e-01 -8.531773e-01  0.000000e+00
   outer loop
     vertex  6.866775e+00  7.462430e+00  3.000000e+00
     vertex  6.906569e+00  7.438100e+00  7.105427e-15
     vertex  6.906569e+00  7.438100e+00  3.000000e+00
   endloop
 endfacet
 facet normal -4.980186e-01 -8.671664e-01 -0.000000e+00
   outer loop
     vertex  6.826329e+00  7.485658e+00  3.000000e+00
     vertex  6.826329e+00  7.485658e+00  7.105427e-15
     vertex  6.866775e+00  7.462430e+00  3.000000e+00
   endloop
 endfacet
 facet normal -4.740412e-01 -8.805026e-01 -0.000000e+00
   outer loop
     vertex  6.785260e+00  7.507769e+00  3.000000e+00
     vertex  6.785260e+00  7.507769e+00  7.105427e-15
     vertex  6.826329e+00  7.485658e+00  7.105427e-15
   endloop
 endfacet
 facet normal -4.740412e-01 -8.805026e-01  0.000000e+00
   outer loop
     vertex  6.785260e+00  7.507769e+00  3.000000e+00
     vertex  6.826329e+00  7.485658e+00  7.105427e-15
     vertex  6.826329e+00  7.485658e+00  3.000000e+00
   endloop
 endfacet
 facet normal -4.497071e-01 -8.931761e-01 -0.000000e+00
   outer loop
     vertex  6.743600e+00  7.528744e+00  3.000000e+00
     vertex  6.743600e+00  7.528744e+00  7.105427e-15
     vertex  6.785260e+00  7.507769e+00  7.105427e-15
   endloop
 endfacet
 facet normal -4.250344e-01 -9.051772e-01 -0.000000e+00
   outer loop
     vertex  6.743600e+00  7.528744e+00  3.000000e+00
     vertex  6.701381e+00  7.548569e+00  7.105427e-15
     vertex  6.743600e+00  7.528744e+00  7.105427e-15
   endloop
 endfacet
 facet normal -4.497071e-01 -8.931761e-01  0.000000e+00
   outer loop
     vertex  6.743600e+00  7.528744e+00  3.000000e+00
     vertex  6.785260e+00  7.507769e+00  7.105427e-15
     vertex  6.785260e+00  7.507769e+00  3.000000e+00
   endloop
 endfacet
 facet normal -4.250344e-01 -9.051772e-01 -0.000000e+00
   outer loop
     vertex  6.701381e+00  7.548569e+00  3.000000e+00
     vertex  6.701381e+00  7.548569e+00  7.105427e-15
     vertex  6.743600e+00  7.528744e+00  3.000000e+00
   endloop
 endfacet
 facet normal -4.000417e-01 -9.164969e-01 -0.000000e+00
   outer loop
     vertex  6.658633e+00  7.567228e+00  3.000000e+00
     vertex  6.658633e+00  7.567228e+00  7.105427e-15
     vertex  6.701381e+00  7.548569e+00  7.105427e-15
   endloop
 endfacet
 facet normal -4.000417e-01 -9.164969e-01  0.000000e+00
   outer loop
     vertex  6.658633e+00  7.567228e+00  3.000000e+00
     vertex  6.701381e+00  7.548569e+00  7.105427e-15
     vertex  6.701381e+00  7.548569e+00  3.000000e+00
   endloop
 endfacet
 facet normal -3.747479e-01 -9.271267e-01 -0.000000e+00
   outer loop
     vertex  6.615390e+00  7.584707e+00  3.000000e+00
     vertex  6.615390e+00  7.584707e+00  7.105427e-15
     vertex  6.658633e+00  7.567228e+00  7.105427e-15
   endloop
 endfacet
 facet normal -3.491720e-01 -9.370586e-01 -0.000000e+00
   outer loop
     vertex  6.615390e+00  7.584707e+00  3.000000e+00
     vertex  6.571683e+00  7.600993e+00  7.105427e-15
     vertex  6.615390e+00  7.584707e+00  7.105427e-15
   endloop
 endfacet
 facet normal -3.747479e-01 -9.271267e-01  0.000000e+00
   outer loop
     vertex  6.615390e+00  7.584707e+00  3.000000e+00
     vertex  6.658633e+00  7.567228e+00  7.105427e-15
     vertex  6.658633e+00  7.567228e+00  3.000000e+00
   endloop
 endfacet
 facet normal -3.491720e-01 -9.370586e-01 -0.000000e+00
   outer loop
     vertex  6.571683e+00  7.600993e+00  3.000000e+00
     vertex  6.571683e+00  7.600993e+00  7.105427e-15
     vertex  6.615390e+00  7.584707e+00  3.000000e+00
   endloop
 endfacet
 facet normal -3.233333e-01 -9.462851e-01 -0.000000e+00
   outer loop
     vertex  6.527546e+00  7.616074e+00  3.000000e+00
     vertex  6.527546e+00  7.616074e+00  7.105427e-15
     vertex  6.571683e+00  7.600993e+00  7.105427e-15
   endloop
 endfacet
 facet normal -3.233333e-01 -9.462851e-01  0.000000e+00
   outer loop
     vertex  6.527546e+00  7.616074e+00  3.000000e+00
     vertex  6.571683e+00  7.600993e+00  7.105427e-15
     vertex  6.571683e+00  7.600993e+00  3.000000e+00
   endloop
 endfacet
 facet normal -2.972512e-01 -9.547993e-01 -0.000000e+00
   outer loop
     vertex  6.483012e+00  7.629938e+00  3.000000e+00
     vertex  6.483012e+00  7.629938e+00  7.105427e-15
     vertex  6.527546e+00  7.616074e+00  7.105427e-15
   endloop
 endfacet
 facet normal -2.709453e-01 -9.625948e-01 -0.000000e+00
   outer loop
     vertex  6.483012e+00  7.629938e+00  3.000000e+00
     vertex  6.438115e+00  7.642576e+00  7.105427e-15
     vertex  6.483012e+00  7.629938e+00  7.105427e-15
   endloop
 endfacet
 facet normal -2.972512e-01 -9.547993e-01  0.000000e+00
   outer loop
     vertex  6.483012e+00  7.629938e+00  3.000000e+00
     vertex  6.527546e+00  7.616074e+00  7.105427e-15
     vertex  6.527546e+00  7.616074e+00  3.000000e+00
   endloop
 endfacet
 facet normal -2.709453e-01 -9.625948e-01 -0.000000e+00
   outer loop
     vertex  6.438115e+00  7.642576e+00  3.000000e+00
     vertex  6.438115e+00  7.642576e+00  7.105427e-15
     vertex  6.483012e+00  7.629938e+00  3.000000e+00
   endloop
 endfacet
 facet normal -2.444354e-01 -9.696656e-01 -0.000000e+00
   outer loop
     vertex  6.392887e+00  7.653977e+00  3.000000e+00
     vertex  6.392887e+00  7.653977e+00  7.105427e-15
     vertex  6.438115e+00  7.642576e+00  7.105427e-15
   endloop
 endfacet
 facet normal -2.444354e-01 -9.696656e-01  0.000000e+00
   outer loop
     vertex  6.392887e+00  7.653977e+00  3.000000e+00
     vertex  6.438115e+00  7.642576e+00  7.105427e-15
     vertex  6.438115e+00  7.642576e+00  3.000000e+00
   endloop
 endfacet
 facet normal -2.177416e-01 -9.760065e-01 -0.000000e+00
   outer loop
     vertex  6.347364e+00  7.664133e+00  3.000000e+00
     vertex  6.347364e+00  7.664133e+00  7.105427e-15
     vertex  6.392887e+00  7.653977e+00  7.105427e-15
   endloop
 endfacet
 facet normal -1.908838e-01 -9.816126e-01 -0.000000e+00
   outer loop
     vertex  6.347364e+00  7.664133e+00  3.000000e+00
     vertex  6.301580e+00  7.673036e+00  7.105427e-15
     vertex  6.347364e+00  7.664133e+00  7.105427e-15
   endloop
 endfacet
 facet normal -2.177416e-01 -9.760065e-01  0.000000e+00
   outer loop
     vertex  6.347364e+00  7.664133e+00  3.000000e+00
     vertex  6.392887e+00  7.653977e+00  7.105427e-15
     vertex  6.392887e+00  7.653977e+00  3.000000e+00
   endloop
 endfacet
 facet normal -1.908838e-01 -9.816126e-01 -0.000000e+00
   outer loop
     vertex  6.301580e+00  7.673036e+00  3.000000e+00
     vertex  6.301580e+00  7.673036e+00  7.105427e-15
     vertex  6.347364e+00  7.664133e+00  3.000000e+00
   endloop
 endfacet
 facet normal -1.638824e-01 -9.864799e-01 -0.000000e+00
   outer loop
     vertex  6.255568e+00  7.680680e+00  3.000000e+00
     vertex  6.255568e+00  7.680680e+00  7.105427e-15
     vertex  6.301580e+00  7.673036e+00  7.105427e-15
   endloop
 endfacet
 facet normal -1.638824e-01 -9.864799e-01  0.000000e+00
   outer loop
     vertex  6.255568e+00  7.680680e+00  3.000000e+00
     vertex  6.301580e+00  7.673036e+00  7.105427e-15
     vertex  6.301580e+00  7.673036e+00  3.000000e+00
   endloop
 endfacet
 facet normal -1.367575e-01 -9.906046e-01 -0.000000e+00
   outer loop
     vertex  6.209364e+00  7.687059e+00  3.000000e+00
     vertex  6.209364e+00  7.687059e+00  7.105427e-15
     vertex  6.255568e+00  7.680680e+00  7.105427e-15
   endloop
 endfacet
 facet normal -1.095298e-01 -9.939835e-01 -0.000000e+00
   outer loop
     vertex  6.209364e+00  7.687059e+00  3.000000e+00
     vertex  6.163002e+00  7.692167e+00  7.105427e-15
     vertex  6.209364e+00  7.687059e+00  7.105427e-15
   endloop
 endfacet
 facet normal -1.367575e-01 -9.906046e-01  0.000000e+00
   outer loop
     vertex  6.209364e+00  7.687059e+00  3.000000e+00
     vertex  6.255568e+00  7.680680e+00  7.105427e-15
     vertex  6.255568e+00  7.680680e+00  3.000000e+00
   endloop
 endfacet
 facet normal -1.095298e-01 -9.939835e-01 -0.000000e+00
   outer loop
     vertex  6.163002e+00  7.692167e+00  3.000000e+00
     vertex  6.163002e+00  7.692167e+00  7.105427e-15
     vertex  6.209364e+00  7.687059e+00  3.000000e+00
   endloop
 endfacet
 facet normal -8.221955e-02 -9.966142e-01  0.000000e+00
   outer loop
     vertex  6.116518e+00  7.696002e+00  3.000000e+00
     vertex  6.163002e+00  7.692167e+00  7.105427e-15
     vertex  6.163002e+00  7.692167e+00  3.000000e+00
   endloop
 endfacet
 facet normal -8.221955e-02 -9.966142e-01 -0.000000e+00
   outer loop
     vertex  6.116518e+00  7.696002e+00  3.000000e+00
     vertex  6.116518e+00  7.696002e+00  7.105427e-15
     vertex  6.163002e+00  7.692167e+00  7.105427e-15
   endloop
 endfacet
 facet normal -5.484744e-02 -9.984947e-01 -0.000000e+00
   outer loop
     vertex  6.116518e+00  7.696002e+00  3.000000e+00
     vertex  6.069946e+00  7.698560e+00  7.105427e-15
     vertex  6.116518e+00  7.696002e+00  7.105427e-15
   endloop
 endfacet
 facet normal -5.484744e-02 -9.984947e-01 -0.000000e+00
   outer loop
     vertex  6.069946e+00  7.698560e+00  3.000000e+00
     vertex  6.069946e+00  7.698560e+00  7.105427e-15
     vertex  6.116518e+00  7.696002e+00  3.000000e+00
   endloop
 endfacet
 facet normal -2.743405e-02 -9.996236e-01 -0.000000e+00
   outer loop
     vertex  6.069946e+00  7.698560e+00  3.000000e+00
     vertex  6.023321e+00  7.699840e+00  7.105427e-15
     vertex  6.069946e+00  7.698560e+00  7.105427e-15
   endloop
 endfacet
 facet normal -2.743405e-02 -9.996236e-01 -0.000000e+00
   outer loop
     vertex  6.023321e+00  7.699840e+00  3.000000e+00
     vertex  6.023321e+00  7.699840e+00  7.105427e-15
     vertex  6.069946e+00  7.698560e+00  3.000000e+00
   endloop
 endfacet
 facet normal  0.000000e+00 -1.000000e+00 -0.000000e+00
   outer loop
     vertex  6.023321e+00  7.699840e+00  3.000000e+00
     vertex  5.976679e+00  7.699840e+00  7.105427e-15
     vertex  6.023321e+00  7.699840e+00  7.105427e-15
   endloop
 endfacet
 facet normal  0.000000e+00 -1.000000e+00  0.000000e+00
   outer loop
     vertex  5.976679e+00  7.699840e+00  3.000000e+00
     vertex  5.976679e+00  7.699840e+00  7.105427e-15
     vertex  6.023321e+00  7.699840e+00  3.000000e+00
   endloop
 endfacet
 facet normal  2.743405e-02 -9.996236e-01  0.000000e+00
   outer loop
     vertex  5.930054e+00  7.698560e+00  3.000000e+00
     vertex  5.976679e+00  7.699840e+00  7.105427e-15
     vertex  5.976679e+00  7.699840e+00  3.000000e+00
   endloop
 endfacet
 facet normal  2.743405e-02 -9.996236e-01  0.000000e+00
   outer loop
     vertex  5.930054e+00  7.698560e+00  3.000000e+00
     vertex  5.930054e+00  7.698560e+00  7.105427e-15
     vertex  5.976679e+00  7.699840e+00  7.105427e-15
   endloop
 endfacet
 facet normal  5.484744e-02 -9.984947e-01  0.000000e+00
   outer loop
     vertex  5.883482e+00  7.696002e+00  3.000000e+00
     vertex  5.930054e+00  7.698560e+00  7.105427e-15
     vertex  5.930054e+00  7.698560e+00  3.000000e+00
   endloop
 endfacet
 facet normal  5.484744e-02 -9.984947e-01  0.000000e+00
   outer loop
     vertex  5.883482e+00  7.696002e+00  3.000000e+00
     vertex  5.883482e+00  7.696002e+00  7.105427e-15
     vertex  5.930054e+00  7.698560e+00  7.105427e-15
   endloop
 endfacet
 facet normal  8.221955e-02 -9.966142e-01  0.000000e+00
   outer loop
     vertex  5.836998e+00  7.692167e+00  3.000000e+00
     vertex  5.883482e+00  7.696002e+00  7.105427e-15
     vertex  5.883482e+00  7.696002e+00  3.000000e+00
   endloop
 endfacet
 facet normal  8.221955e-02 -9.966142e-01  0.000000e+00
   outer loop
     vertex  5.836998e+00  7.692167e+00  3.000000e+00
     vertex  5.836998e+00  7.692167e+00  7.105427e-15
     vertex  5.883482e+00  7.696002e+00  7.105427e-15
   endloop
 endfacet
 facet normal  1.095298e-01 -9.939835e-01  0.000000e+00
   outer loop
     vertex  5.836998e+00  7.692167e+00  3.000000e+00
     vertex  5.790636e+00  7.687059e+00  7.105427e-15
     vertex  5.836998e+00  7.692167e+00  7.105427e-15
   endloop
 endfacet
 facet normal  1.095298e-01 -9.939835e-01  0.000000e+00
   outer loop
     vertex  5.790636e+00  7.687059e+00  3.000000e+00
     vertex  5.790636e+00  7.687059e+00  7.105427e-15
     vertex  5.836998e+00  7.692167e+00  3.000000e+00
   endloop
 endfacet
 facet normal  1.367575e-01 -9.906046e-01  0.000000e+00
   outer loop
     vertex  5.790636e+00  7.687059e+00  3.000000e+00
     vertex  5.744432e+00  7.680680e+00  7.105427e-15
     vertex  5.790636e+00  7.687059e+00  7.105427e-15
   endloop
 endfacet
 facet normal  1.367575e-01 -9.906046e-01  0.000000e+00
   outer loop
     vertex  5.744432e+00  7.680680e+00  3.000000e+00
     vertex  5.744432e+00  7.680680e+00  7.105427e-15
     vertex  5.790636e+00  7.687059e+00  3.000000e+00
   endloop
 endfacet
 facet normal  1.638824e-01 -9.864799e-01  0.000000e+00
   outer loop
     vertex  5.744432e+00  7.680680e+00  3.000000e+00
     vertex  5.698420e+00  7.673036e+00  7.105427e-15
     vertex  5.744432e+00  7.680680e+00  7.105427e-15
   endloop
 endfacet
 facet normal  1.638824e-01 -9.864799e-01  0.000000e+00
   outer loop
     vertex  5.698420e+00  7.673036e+00  3.000000e+00
     vertex  5.698420e+00  7.673036e+00  7.105427e-15
     vertex  5.744432e+00  7.680680e+00  3.000000e+00
   endloop
 endfacet
 facet normal  1.908838e-01 -9.816126e-01  0.000000e+00
   outer loop
     vertex  5.652636e+00  7.664133e+00  3.000000e+00
     vertex  5.698420e+00  7.673036e+00  7.105427e-15
     vertex  5.698420e+00  7.673036e+00  3.000000e+00
   endloop
 endfacet
 facet normal  1.908838e-01 -9.816126e-01  0.000000e+00
   outer loop
     vertex  5.652636e+00  7.664133e+00  3.000000e+00
     vertex  5.652636e+00  7.664133e+00  7.105427e-15
     vertex  5.698420e+00  7.673036e+00  7.105427e-15
   endloop
 endfacet
 facet normal  2.177416e-01 -9.760065e-01  0.000000e+00
   outer loop
     vertex  5.652636e+00  7.664133e+00  3.000000e+00
     vertex  5.607113e+00  7.653977e+00  7.105427e-15
     vertex  5.652636e+00  7.664133e+00  7.105427e-15
   endloop
 endfacet
 facet normal  2.177416e-01 -9.760065e-01  0.000000e+00
   outer loop
     vertex  5.607113e+00  7.653977e+00  3.000000e+00
     vertex  5.607113e+00  7.653977e+00  7.105427e-15
     vertex  5.652636e+00  7.664133e+00  3.000000e+00
   endloop
 endfacet
 facet normal  2.444354e-01 -9.696656e-01  0.000000e+00
   outer loop
     vertex  5.561885e+00  7.642576e+00  3.000000e+00
     vertex  5.561885e+00  7.642576e+00  7.105427e-15
     vertex  5.607113e+00  7.653977e+00  7.105427e-15
   endloop
 endfacet
 facet normal  2.709453e-01 -9.625948e-01  0.000000e+00
   outer loop
     vertex  5.561885e+00  7.642576e+00  3.000000e+00
     vertex  5.516988e+00  7.629938e+00  7.105427e-15
     vertex  5.561885e+00  7.642576e+00  7.105427e-15
   endloop
 endfacet
 facet normal  2.444354e-01 -9.696656e-01  0.000000e+00
   outer loop
     vertex  5.561885e+00  7.642576e+00  3.000000e+00
     vertex  5.607113e+00  7.653977e+00  7.105427e-15
     vertex  5.607113e+00  7.653977e+00  3.000000e+00
   endloop
 endfacet
 facet normal  2.709453e-01 -9.625948e-01  0.000000e+00
   outer loop
     vertex  5.516988e+00  7.629938e+00  3.000000e+00
     vertex  5.516988e+00  7.629938e+00  7.105427e-15
     vertex  5.561885e+00  7.642576e+00  3.000000e+00
   endloop
 endfacet
 facet normal  2.972512e-01 -9.547993e-01  0.000000e+00
   outer loop
     vertex  5.472454e+00  7.616074e+00  3.000000e+00
     vertex  5.472454e+00  7.616074e+00  7.105427e-15
     vertex  5.516988e+00  7.629938e+00  7.105427e-15
   endloop
 endfacet
 facet normal  2.972512e-01 -9.547993e-01  0.000000e+00
   outer loop
     vertex  5.472454e+00  7.616074e+00  3.000000e+00
     vertex  5.516988e+00  7.629938e+00  7.105427e-15
     vertex  5.516988e+00  7.629938e+00  3.000000e+00
   endloop
 endfacet
 facet normal  3.233333e-01 -9.462851e-01  0.000000e+00
   outer loop
     vertex  5.428317e+00  7.600993e+00  3.000000e+00
     vertex  5.428317e+00  7.600993e+00  7.105427e-15
     vertex  5.472454e+00  7.616074e+00  7.105427e-15
   endloop
 endfacet
 facet normal  3.491720e-01 -9.370586e-01  0.000000e+00
   outer loop
     vertex  5.428317e+00  7.600993e+00  3.000000e+00
     vertex  5.384610e+00  7.584707e+00  7.105427e-15
     vertex  5.428317e+00  7.600993e+00  7.105427e-15
   endloop
 endfacet
 facet normal  3.233333e-01 -9.462851e-01  0.000000e+00
   outer loop
     vertex  5.428317e+00  7.600993e+00  3.000000e+00
     vertex  5.472454e+00  7.616074e+00  7.105427e-15
     vertex  5.472454e+00  7.616074e+00  3.000000e+00
   endloop
 endfacet
 facet normal  3.491720e-01 -9.370586e-01  0.000000e+00
   outer loop
     vertex  5.384610e+00  7.584707e+00  3.000000e+00
     vertex  5.384610e+00  7.584707e+00  7.105427e-15
     vertex  5.428317e+00  7.600993e+00  3.000000e+00
   endloop
 endfacet
 facet normal  3.747479e-01 -9.271267e-01  0.000000e+00
   outer loop
     vertex  5.341367e+00  7.567228e+00  3.000000e+00
     vertex  5.341367e+00  7.567228e+00  7.105427e-15
     vertex  5.384610e+00  7.584707e+00  7.105427e-15
   endloop
 endfacet
 facet normal  3.747479e-01 -9.271267e-01  0.000000e+00
   outer loop
     vertex  5.341367e+00  7.567228e+00  3.000000e+00
     vertex  5.384610e+00  7.584707e+00  7.105427e-15
     vertex  5.384610e+00  7.584707e+00  3.000000e+00
   endloop
 endfacet
 facet normal  4.000417e-01 -9.164969e-01  0.000000e+00
   outer loop
     vertex  5.298619e+00  7.548569e+00  3.000000e+00
     vertex  5.298619e+00  7.548569e+00  7.105427e-15
     vertex  5.341367e+00  7.567228e+00  7.105427e-15
   endloop
 endfacet
 facet normal  4.250344e-01 -9.051772e-01  0.000000e+00
   outer loop
     vertex  5.298619e+00  7.548569e+00  3.000000e+00
     vertex  5.256400e+00  7.528744e+00  7.105427e-15
     vertex  5.298619e+00  7.548569e+00  7.105427e-15
   endloop
 endfacet
 facet normal  4.000417e-01 -9.164969e-01  0.000000e+00
   outer loop
     vertex  5.298619e+00  7.548569e+00  3.000000e+00
     vertex  5.341367e+00  7.567228e+00  7.105427e-15
     vertex  5.341367e+00  7.567228e+00  3.000000e+00
   endloop
 endfacet
 facet normal  4.497071e-01 -8.931761e-01  0.000000e+00
   outer loop
     vertex  5.256400e+00  7.528744e+00  3.000000e+00
     vertex  5.214740e+00  7.507769e+00  7.105427e-15
     vertex  5.256400e+00  7.528744e+00  7.105427e-15
   endloop
 endfacet
 facet normal  4.250344e-01 -9.051772e-01  0.000000e+00
   outer loop
     vertex  5.256400e+00  7.528744e+00  3.000000e+00
     vertex  5.256400e+00  7.528744e+00  7.105427e-15
     vertex  5.298619e+00  7.548569e+00  3.000000e+00
   endloop
 endfacet
 facet normal  4.497071e-01 -8.931761e-01  0.000000e+00
   outer loop
     vertex  5.214740e+00  7.507769e+00  3.000000e+00
     vertex  5.214740e+00  7.507769e+00  7.105427e-15
     vertex  5.256400e+00  7.528744e+00  3.000000e+00
   endloop
 endfacet
 facet normal  4.740412e-01 -8.805026e-01  0.000000e+00
   outer loop
     vertex  5.173671e+00  7.485658e+00  3.000000e+00
     vertex  5.173671e+00  7.485658e+00  7.105427e-15
     vertex  5.214740e+00  7.507769e+00  7.105427e-15
   endloop
 endfacet
 facet normal  4.740412e-01 -8.805026e-01  0.000000e+00
   outer loop
     vertex  5.173671e+00  7.485658e+00  3.000000e+00
     vertex  5.214740e+00  7.507769e+00  7.105427e-15
     vertex  5.214740e+00  7.507769e+00  3.000000e+00
   endloop
 endfacet
 facet normal  4.980186e-01 -8.671664e-01  0.000000e+00
   outer loop
     vertex  5.133225e+00  7.462430e+00  3.000000e+00
     vertex  5.133225e+00  7.462430e+00  7.105427e-15
     vertex  5.173671e+00  7.485658e+00  7.105427e-15
   endloop
 endfacet
 facet normal  5.216210e-01 -8.531773e-01  0.000000e+00
   outer loop
     vertex  5.133225e+00  7.462430e+00  3.000000e+00
     vertex  5.093431e+00  7.438100e+00  7.105427e-15
     vertex  5.133225e+00  7.462430e+00  7.105427e-15
   endloop
 endfacet
 facet normal  4.980186e-01 -8.671664e-01  0.000000e+00
   outer loop
     vertex  5.133225e+00  7.462430e+00  3.000000e+00
     vertex  5.173671e+00  7.485658e+00  7.105427e-15
     vertex  5.173671e+00  7.485658e+00  3.000000e+00
   endloop
 endfacet
 facet normal  5.216210e-01 -8.531773e-01  0.000000e+00
   outer loop
     vertex  5.093431e+00  7.438100e+00  3.000000e+00
     vertex  5.093431e+00  7.438100e+00  7.105427e-15
     vertex  5.133225e+00  7.462430e+00  3.000000e+00
   endloop
 endfacet
 facet normal  5.448308e-01 -8.385460e-01  0.000000e+00
   outer loop
     vertex  5.054319e+00  7.412688e+00  3.000000e+00
     vertex  5.093431e+00  7.438100e+00  7.105427e-15
     vertex  5.093431e+00  7.438100e+00  3.000000e+00
   endloop
 endfacet
 facet normal  5.448308e-01 -8.385460e-01  0.000000e+00
   outer loop
     vertex  5.054319e+00  7.412688e+00  3.000000e+00
     vertex  5.054319e+00  7.412688e+00  7.105427e-15
     vertex  5.093431e+00  7.438100e+00  7.105427e-15
   endloop
 endfacet
 facet normal  5.676304e-01 -8.232835e-01  0.000000e+00
   outer loop
     vertex  5.054319e+00  7.412688e+00  3.000000e+00
     vertex  5.015919e+00  7.386212e+00  7.105427e-15
     vertex  5.054319e+00  7.412688e+00  7.105427e-15
   endloop
 endfacet
 facet normal  5.676304e-01 -8.232835e-01  0.000000e+00
   outer loop
     vertex  5.015919e+00  7.386212e+00  3.000000e+00
     vertex  5.015919e+00  7.386212e+00  7.105427e-15
     vertex  5.054319e+00  7.412688e+00  3.000000e+00
   endloop
 endfacet
 facet normal  5.900028e-01 -8.074012e-01  0.000000e+00
   outer loop
     vertex  5.015919e+00  7.386212e+00  3.000000e+00
     vertex  4.978260e+00  7.358693e+00  7.105427e-15
     vertex  5.015919e+00  7.386212e+00  7.105427e-15
   endloop
 endfacet
 facet normal  5.900028e-01 -8.074012e-01  0.000000e+00
   outer loop
     vertex  4.978260e+00  7.358693e+00  3.000000e+00
     vertex  4.978260e+00  7.358693e+00  7.105427e-15
     vertex  5.015919e+00  7.386212e+00  3.000000e+00
   endloop
 endfacet
 facet normal  6.119310e-01 -7.909112e-01  0.000000e+00
   outer loop
     vertex  4.941370e+00  7.330152e+00  3.000000e+00
     vertex  4.978260e+00  7.358693e+00  7.105427e-15
     vertex  4.978260e+00  7.358693e+00  3.000000e+00
   endloop
 endfacet
 facet normal  6.119310e-01 -7.909112e-01  0.000000e+00
   outer loop
     vertex  4.941370e+00  7.330152e+00  3.000000e+00
     vertex  4.941370e+00  7.330152e+00  7.105427e-15
     vertex  4.978260e+00  7.358693e+00  7.105427e-15
   endloop
 endfacet
 facet normal  6.333986e-01 -7.738257e-01  0.000000e+00
   outer loop
     vertex  4.941370e+00  7.330152e+00  3.000000e+00
     vertex  4.905277e+00  7.300608e+00  7.105427e-15
     vertex  4.941370e+00  7.330152e+00  7.105427e-15
   endloop
 endfacet
 facet normal  6.333986e-01 -7.738257e-01  0.000000e+00
   outer loop
     vertex  4.905277e+00  7.300608e+00  3.000000e+00
     vertex  4.905277e+00  7.300608e+00  7.105427e-15
     vertex  4.941370e+00  7.330152e+00  3.000000e+00
   endloop
 endfacet
 facet normal  6.543893e-01 -7.561578e-01  0.000000e+00
   outer loop
     vertex  4.870008e+00  7.270086e+00  3.000000e+00
     vertex  4.905277e+00  7.300608e+00  7.105427e-15
     vertex  4.905277e+00  7.300608e+00  3.000000e+00
   endloop
 endfacet
 facet normal  6.543893e-01 -7.561578e-01  0.000000e+00
   outer loop
     vertex  4.870008e+00  7.270086e+00  3.000000e+00
     vertex  4.870008e+00  7.270086e+00  7.105427e-15
     vertex  4.905277e+00  7.300608e+00  7.105427e-15
   endloop
 endfacet
 facet normal  6.748875e-01 -7.379206e-01  0.000000e+00
   outer loop
     vertex  4.870008e+00  7.270086e+00  3.000000e+00
     vertex  4.835590e+00  7.238608e+00  7.105427e-15
     vertex  4.870008e+00  7.270086e+00  7.105427e-15
   endloop
 endfacet
 facet normal  6.748875e-01 -7.379206e-01  0.000000e+00
   outer loop
     vertex  4.835590e+00  7.238608e+00  3.000000e+00
     vertex  4.835590e+00  7.238608e+00  7.105427e-15
     vertex  4.870008e+00  7.270086e+00  3.000000e+00
   endloop
 endfacet
 facet normal  6.948776e-01 -7.191280e-01  0.000000e+00
   outer loop
     vertex  4.835590e+00  7.238608e+00  3.000000e+00
     vertex  4.802048e+00  7.206197e+00  7.105427e-15
     vertex  4.835590e+00  7.238608e+00  7.105427e-15
   endloop
 endfacet
 facet normal  6.948776e-01 -7.191280e-01  0.000000e+00
   outer loop
     vertex  4.802048e+00  7.206197e+00  3.000000e+00
     vertex  4.802048e+00  7.206197e+00  7.105427e-15
     vertex  4.835590e+00  7.238608e+00  3.000000e+00
   endloop
 endfacet
 facet normal  7.143447e-01 -6.997940e-01  0.000000e+00
   outer loop
     vertex  4.802048e+00  7.206197e+00  3.000000e+00
     vertex  4.769408e+00  7.172879e+00  7.105427e-15
     vertex  4.802048e+00  7.206197e+00  7.105427e-15
   endloop
 endfacet
 facet normal  7.143447e-01 -6.997940e-01  0.000000e+00
   outer loop
     vertex  4.769408e+00  7.172879e+00  3.000000e+00
     vertex  4.769408e+00  7.172879e+00  7.105427e-15
     vertex  4.802048e+00  7.206197e+00  3.000000e+00
   endloop
 endfacet
 facet normal  7.332740e-01 -6.799333e-01  0.000000e+00
   outer loop
     vertex  4.737695e+00  7.138677e+00  3.000000e+00
     vertex  4.769408e+00  7.172879e+00  7.105427e-15
     vertex  4.769408e+00  7.172879e+00  3.000000e+00
   endloop
 endfacet
 facet normal  7.332740e-01 -6.799333e-01  0.000000e+00
   outer loop
     vertex  4.737695e+00  7.138677e+00  3.000000e+00
     vertex  4.737695e+00  7.138677e+00  7.105427e-15
     vertex  4.769408e+00  7.172879e+00  7.105427e-15
   endloop
 endfacet
 facet normal  7.516513e-01 -6.595607e-01  0.000000e+00
   outer loop
     vertex  4.706931e+00  7.103618e+00  3.000000e+00
     vertex  4.737695e+00  7.138677e+00  7.105427e-15
     vertex  4.737695e+00  7.138677e+00  3.000000e+00
   endloop
 endfacet
 facet normal  7.516513e-01 -6.595607e-01  0.000000e+00
   outer loop
     vertex  4.706931e+00  7.103618e+00  3.000000e+00
     vertex  4.706931e+00  7.103618e+00  7.105427e-15
     vertex  4.737695e+00  7.138677e+00  7.105427e-15
   endloop
 endfacet
 facet normal  7.694628e-01 -6.386916e-01  0.000000e+00
   outer loop
     vertex  4.706931e+00  7.103618e+00  3.000000e+00
     vertex  4.677141e+00  7.067729e+00  7.105427e-15
     vertex  4.706931e+00  7.103618e+00  7.105427e-15
   endloop
 endfacet
 facet normal  7.694628e-01 -6.386916e-01  0.000000e+00
   outer loop
     vertex  4.677141e+00  7.067729e+00  3.000000e+00
     vertex  4.677141e+00  7.067729e+00  7.105427e-15
     vertex  4.706931e+00  7.103618e+00  3.000000e+00
   endloop
 endfacet
 facet normal  7.866951e-01 -6.173417e-01  0.000000e+00
   outer loop
     vertex  4.648347e+00  7.031036e+00  3.000000e+00
     vertex  4.677141e+00  7.067729e+00  7.105427e-15
     vertex  4.677141e+00  7.067729e+00  3.000000e+00
   endloop
 endfacet
 facet normal  7.866951e-01 -6.173417e-01  0.000000e+00
   outer loop
     vertex  4.648347e+00  7.031036e+00  3.000000e+00
     vertex  4.648347e+00  7.031036e+00  7.105427e-15
     vertex  4.677141e+00  7.067729e+00  7.105427e-15
   endloop
 endfacet
 facet normal  8.033352e-01 -5.955271e-01  0.000000e+00
   outer loop
     vertex  4.648347e+00  7.031036e+00  3.000000e+00
     vertex  4.620570e+00  6.993566e+00  7.105427e-15
     vertex  4.648347e+00  7.031036e+00  7.105427e-15
   endloop
 endfacet
 facet normal  8.033352e-01 -5.955271e-01  0.000000e+00
   outer loop
     vertex  4.620570e+00  6.993566e+00  3.000000e+00
     vertex  4.620570e+00  6.993566e+00  7.105427e-15
     vertex  4.648347e+00  7.031036e+00  3.000000e+00
   endloop
 endfacet
 facet normal  8.193706e-01 -5.732642e-01  0.000000e+00
   outer loop
     vertex  4.620570e+00  6.993566e+00  3.000000e+00
     vertex  4.593832e+00  6.955349e+00  7.105427e-15
     vertex  4.620570e+00  6.993566e+00  7.105427e-15
   endloop
 endfacet
 facet normal  8.193706e-01 -5.732642e-01  0.000000e+00
   outer loop
     vertex  4.593832e+00  6.955349e+00  3.000000e+00
     vertex  4.593832e+00  6.955349e+00  7.105427e-15
     vertex  4.620570e+00  6.993566e+00  3.000000e+00
   endloop
 endfacet
 facet normal  8.347891e-01 -5.505698e-01  0.000000e+00
   outer loop
     vertex  4.593832e+00  6.955349e+00  3.000000e+00
     vertex  4.568152e+00  6.916412e+00  7.105427e-15
     vertex  4.593832e+00  6.955349e+00  7.105427e-15
   endloop
 endfacet
 facet normal  8.347891e-01 -5.505698e-01  0.000000e+00
   outer loop
     vertex  4.568152e+00  6.916412e+00  3.000000e+00
     vertex  4.568152e+00  6.916412e+00  7.105427e-15
     vertex  4.593832e+00  6.955349e+00  3.000000e+00
   endloop
 endfacet
 facet normal  8.495793e-01 -5.274609e-01  0.000000e+00
   outer loop
     vertex  4.543550e+00  6.876786e+00  3.000000e+00
     vertex  4.568152e+00  6.916412e+00  7.105427e-15
     vertex  4.568152e+00  6.916412e+00  3.000000e+00
   endloop
 endfacet
 facet normal  8.495793e-01 -5.274609e-01  0.000000e+00
   outer loop
     vertex  4.543550e+00  6.876786e+00  3.000000e+00
     vertex  4.543550e+00  6.876786e+00  7.105427e-15
     vertex  4.568152e+00  6.916412e+00  7.105427e-15
   endloop
 endfacet
 facet normal  8.637299e-01 -5.039550e-01  0.000000e+00
   outer loop
     vertex  4.543550e+00  6.876786e+00  3.000000e+00
     vertex  4.520045e+00  6.836500e+00  7.105427e-15
     vertex  4.543550e+00  6.876786e+00  7.105427e-15
   endloop
 endfacet
 facet normal  8.637299e-01 -5.039550e-01  0.000000e+00
   outer loop
     vertex  4.520045e+00  6.836500e+00  3.000000e+00
     vertex  4.520045e+00  6.836500e+00  7.105427e-15
     vertex  4.543550e+00  6.876786e+00  3.000000e+00
   endloop
 endfacet
 facet normal  8.772303e-01 -4.800697e-01  0.000000e+00
   outer loop
     vertex  4.497653e+00  6.795584e+00  3.000000e+00
     vertex  4.520045e+00  6.836500e+00  7.105427e-15
     vertex  4.520045e+00  6.836500e+00  3.000000e+00
   endloop
 endfacet
 facet normal  8.772303e-01 -4.800697e-01  0.000000e+00
   outer loop
     vertex  4.497653e+00  6.795584e+00  3.000000e+00
     vertex  4.497653e+00  6.795584e+00  7.105427e-15
     vertex  4.520045e+00  6.836500e+00  7.105427e-15
   endloop
 endfacet
 facet normal  8.900704e-01 -4.558231e-01  0.000000e+00
   outer loop
     vertex  4.497653e+00  6.795584e+00  3.000000e+00
     vertex  4.476392e+00  6.754069e+00  7.105427e-15
     vertex  4.497653e+00  6.795584e+00  7.105427e-15
   endloop
 endfacet
 facet normal  8.900704e-01 -4.558231e-01  0.000000e+00
   outer loop
     vertex  4.476392e+00  6.754069e+00  3.000000e+00
     vertex  4.476392e+00  6.754069e+00  7.105427e-15
     vertex  4.497653e+00  6.795584e+00  3.000000e+00
   endloop
 endfacet
 facet normal  9.022405e-01 -4.312333e-01  0.000000e+00
   outer loop
     vertex  4.456279e+00  6.711986e+00  3.000000e+00
     vertex  4.476392e+00  6.754069e+00  7.105427e-15
     vertex  4.476392e+00  6.754069e+00  3.000000e+00
   endloop
 endfacet
 facet normal  9.022405e-01 -4.312333e-01  0.000000e+00
   outer loop
     vertex  4.456279e+00  6.711986e+00  3.000000e+00
     vertex  4.456279e+00  6.711986e+00  7.105427e-15
     vertex  4.476392e+00  6.754069e+00  7.105427e-15
   endloop
 endfacet
 facet normal  9.137314e-01 -4.063188e-01  0.000000e+00
   outer loop
     vertex  4.437327e+00  6.669368e+00  3.000000e+00
     vertex  4.456279e+00  6.711986e+00  7.105427e-15
     vertex  4.456279e+00  6.711986e+00  3.000000e+00
   endloop
 endfacet
 facet normal  9.137314e-01 -4.063188e-01  0.000000e+00
   outer loop
     vertex  4.437327e+00  6.669368e+00  3.000000e+00
     vertex  4.437327e+00  6.669368e+00  7.105427e-15
     vertex  4.456279e+00  6.711986e+00  7.105427e-15
   endloop
 endfacet
 facet normal  9.245344e-01 -3.810986e-01  0.000000e+00
   outer loop
     vertex  4.437327e+00  6.669368e+00  3.000000e+00
     vertex  4.419552e+00  6.626245e+00  7.105427e-15
     vertex  4.437327e+00  6.669368e+00  7.105427e-15
   endloop
 endfacet
 facet normal  9.245344e-01 -3.810986e-01  0.000000e+00
   outer loop
     vertex  4.419552e+00  6.626245e+00  3.000000e+00
     vertex  4.419552e+00  6.626245e+00  7.105427e-15
     vertex  4.437327e+00  6.669368e+00  3.000000e+00
   endloop
 endfacet
 facet normal  9.346415e-01 -3.555914e-01  0.000000e+00
   outer loop
     vertex  4.402966e+00  6.582652e+00  3.000000e+00
     vertex  4.402966e+00  6.582652e+00  7.105427e-15
     vertex  4.419552e+00  6.626245e+00  7.105427e-15
   endloop
 endfacet
 facet normal  9.346415e-01 -3.555914e-01  0.000000e+00
   outer loop
     vertex  4.402966e+00  6.582652e+00  3.000000e+00
     vertex  4.419552e+00  6.626245e+00  7.105427e-15
     vertex  4.419552e+00  6.626245e+00  3.000000e+00
   endloop
 endfacet
 facet normal  9.440450e-01 -3.298166e-01  0.000000e+00
   outer loop
     vertex  4.387583e+00  6.538619e+00  3.000000e+00
     vertex  4.387583e+00  6.538619e+00  7.105427e-15
     vertex  4.402966e+00  6.582652e+00  7.105427e-15
   endloop
 endfacet
 facet normal  9.527379e-01 -3.037934e-01  0.000000e+00
   outer loop
     vertex  4.387583e+00  6.538619e+00  3.000000e+00
     vertex  4.373413e+00  6.494181e+00  7.105427e-15
     vertex  4.387583e+00  6.538619e+00  7.105427e-15
   endloop
 endfacet
 facet normal  9.440450e-01 -3.298166e-01  0.000000e+00
   outer loop
     vertex  4.387583e+00  6.538619e+00  3.000000e+00
     vertex  4.402966e+00  6.582652e+00  7.105427e-15
     vertex  4.402966e+00  6.582652e+00  3.000000e+00
   endloop
 endfacet
 facet normal  9.607136e-01 -2.775416e-01  0.000000e+00
   outer loop
     vertex  4.373413e+00  6.494181e+00  3.000000e+00
     vertex  4.360468e+00  6.449371e+00  7.105427e-15
     vertex  4.373413e+00  6.494181e+00  7.105427e-15
   endloop
 endfacet
 facet normal  9.527379e-01 -3.037934e-01  0.000000e+00
   outer loop
     vertex  4.373413e+00  6.494181e+00  3.000000e+00
     vertex  4.373413e+00  6.494181e+00  7.105427e-15
     vertex  4.387583e+00  6.538619e+00  3.000000e+00
   endloop
 endfacet
 facet normal  9.607136e-01 -2.775416e-01  0.000000e+00
   outer loop
     vertex  4.360468e+00  6.449371e+00  3.000000e+00
     vertex  4.360468e+00  6.449371e+00  7.105427e-15
     vertex  4.373413e+00  6.494181e+00  3.000000e+00
   endloop
 endfacet
 facet normal  9.679661e-01 -2.510809e-01  0.000000e+00
   outer loop
     vertex  4.348757e+00  6.404223e+00  3.000000e+00
     vertex  4.360468e+00  6.449371e+00  7.105427e-15
     vertex  4.360468e+00  6.449371e+00  3.000000e+00
   endloop
 endfacet
 facet normal  9.679661e-01 -2.510809e-01  0.000000e+00
   outer loop
     vertex  4.348757e+00  6.404223e+00  3.000000e+00
     vertex  4.348757e+00  6.404223e+00  7.105427e-15
     vertex  4.360468e+00  6.449371e+00  7.105427e-15
   endloop
 endfacet
 facet normal  9.744899e-01 -2.244312e-01  0.000000e+00
   outer loop
     vertex  4.348757e+00  6.404223e+00  3.000000e+00
     vertex  4.338289e+00  6.358771e+00  7.105427e-15
     vertex  4.348757e+00  6.404223e+00  7.105427e-15
   endloop
 endfacet
 facet normal  9.744899e-01 -2.244312e-01  0.000000e+00
   outer loop
     vertex  4.338289e+00  6.358771e+00  3.000000e+00
     vertex  4.338289e+00  6.358771e+00  7.105427e-15
     vertex  4.348757e+00  6.404223e+00  3.000000e+00
   endloop
 endfacet
 facet normal  9.802802e-01 -1.976125e-01  0.000000e+00
   outer loop
     vertex  4.329072e+00  6.313048e+00  3.000000e+00
     vertex  4.338289e+00  6.358771e+00  7.105427e-15
     vertex  4.338289e+00  6.358771e+00  3.000000e+00
   endloop
 endfacet
 facet normal  9.802802e-01 -1.976125e-01  0.000000e+00
   outer loop
     vertex  4.329072e+00  6.313048e+00  3.000000e+00
     vertex  4.329072e+00  6.313048e+00  7.105427e-15
     vertex  4.338289e+00  6.358771e+00  7.105427e-15
   endloop
 endfacet
 facet normal  9.853326e-01 -1.706451e-01  0.000000e+00
   outer loop
     vertex  4.329072e+00  6.313048e+00  3.000000e+00
     vertex  4.321113e+00  6.267090e+00  7.105427e-15
     vertex  4.329072e+00  6.313048e+00  7.105427e-15
   endloop
 endfacet
 facet normal  9.853326e-01 -1.706451e-01  0.000000e+00
   outer loop
     vertex  4.321113e+00  6.267090e+00  3.000000e+00
     vertex  4.321113e+00  6.267090e+00  7.105427e-15
     vertex  4.329072e+00  6.313048e+00  3.000000e+00
   endloop
 endfacet
 facet normal  9.896432e-01 -1.435492e-01  0.000000e+00
   outer loop
     vertex  4.321113e+00  6.267090e+00  3.000000e+00
     vertex  4.314417e+00  6.220931e+00  7.105427e-15
     vertex  4.321113e+00  6.267090e+00  7.105427e-15
   endloop
 endfacet
 facet normal  9.896432e-01 -1.435492e-01  0.000000e+00
   outer loop
     vertex  4.314417e+00  6.220931e+00  3.000000e+00
     vertex  4.314417e+00  6.220931e+00  7.105427e-15
     vertex  4.321113e+00  6.267090e+00  3.000000e+00
   endloop
 endfacet
 facet normal  9.932088e-01 -1.163452e-01  0.000000e+00
   outer loop
     vertex  4.314417e+00  6.220931e+00  3.000000e+00
     vertex  4.308991e+00  6.174606e+00  7.105427e-15
     vertex  4.314417e+00  6.220931e+00  7.105427e-15
   endloop
 endfacet
 facet normal  9.932088e-01 -1.163452e-01  0.000000e+00
   outer loop
     vertex  4.308991e+00  6.174606e+00  3.000000e+00
     vertex  4.308991e+00  6.174606e+00  7.105427e-15
     vertex  4.314417e+00  6.220931e+00  3.000000e+00
   endloop
 endfacet
 facet normal  9.960268e-01 -8.905371e-02  0.000000e+00
   outer loop
     vertex  4.304837e+00  6.128149e+00  3.000000e+00
     vertex  4.308991e+00  6.174606e+00  7.105427e-15
     vertex  4.308991e+00  6.174606e+00  3.000000e+00
   endloop
 endfacet
 facet normal  9.960268e-01 -8.905371e-02  0.000000e+00
   outer loop
     vertex  4.304837e+00  6.128149e+00  3.000000e+00
     vertex  4.304837e+00  6.128149e+00  7.105427e-15
     vertex  4.308991e+00  6.174606e+00  7.105427e-15
   endloop
 endfacet
 facet normal  9.980950e-01 -6.169515e-02  0.000000e+00
   outer loop
     vertex  4.304837e+00  6.128149e+00  3.000000e+00
     vertex  4.301959e+00  6.081595e+00  7.105427e-15
     vertex  4.304837e+00  6.128149e+00  7.105427e-15
   endloop
 endfacet
 facet normal  9.980950e-01 -6.169515e-02  0.000000e+00
   outer loop
     vertex  4.301959e+00  6.081595e+00  3.000000e+00
     vertex  4.301959e+00  6.081595e+00  7.105427e-15
     vertex  4.304837e+00  6.128149e+00  3.000000e+00
   endloop
 endfacet
 facet normal  9.994119e-01 -3.429014e-02  0.000000e+00
   outer loop
     vertex  4.300360e+00  6.034980e+00  3.000000e+00
     vertex  4.301959e+00  6.081595e+00  7.105427e-15
     vertex  4.301959e+00  6.081595e+00  3.000000e+00
   endloop
 endfacet
 facet normal  9.994119e-01 -3.429014e-02  0.000000e+00
   outer loop
     vertex  4.300360e+00  6.034980e+00  3.000000e+00
     vertex  4.300360e+00  6.034980e+00  7.105427e-15
     vertex  4.301959e+00  6.081595e+00  7.105427e-15
   endloop
 endfacet
 facet normal  9.999765e-01 -6.859319e-03  0.000000e+00
   outer loop
     vertex  4.300360e+00  6.034980e+00  3.000000e+00
     vertex  4.300040e+00  5.988339e+00  7.105427e-15
     vertex  4.300360e+00  6.034980e+00  7.105427e-15
   endloop
 endfacet
 facet normal  9.999765e-01 -6.859319e-03  0.000000e+00
   outer loop
     vertex  4.300040e+00  5.988339e+00  3.000000e+00
     vertex  4.300040e+00  5.988339e+00  7.105427e-15
     vertex  4.300360e+00  6.034980e+00  3.000000e+00
   endloop
 endfacet
 facet normal  9.988475e-01  4.799716e-02  0.000000e+00
   outer loop
     vertex  4.301000e+00  5.941707e+00  3.000000e+00
     vertex  4.303238e+00  5.895118e+00  7.105427e-15
     vertex  4.301000e+00  5.941707e+00  7.105427e-15
   endloop
 endfacet
 facet normal  9.997883e-01  2.057667e-02  0.000000e+00
   outer loop
     vertex  4.301000e+00  5.941707e+00  3.000000e+00
     vertex  4.300040e+00  5.988339e+00  7.105427e-15
     vertex  4.300040e+00  5.988339e+00  3.000000e+00
   endloop
 endfacet
 facet normal  9.997883e-01  2.057667e-02  0.000000e+00
   outer loop
     vertex  4.301000e+00  5.941707e+00  3.000000e+00
     vertex  4.301000e+00  5.941707e+00  7.105427e-15
     vertex  4.300040e+00  5.988339e+00  7.105427e-15
   endloop
 endfacet
 facet normal  9.988475e-01  4.799716e-02  0.000000e+00
   outer loop
     vertex  4.303238e+00  5.895118e+00  3.000000e+00
     vertex  4.303238e+00  5.895118e+00  7.105427e-15
     vertex  4.301000e+00  5.941707e+00  3.000000e+00
   endloop
 endfacet
 facet normal  9.971548e-01  7.538152e-02  0.000000e+00
   outer loop
     vertex  4.306754e+00  5.848609e+00  3.000000e+00
     vertex  4.306754e+00  5.848609e+00  7.105427e-15
     vertex  4.303238e+00  5.895118e+00  7.105427e-15
   endloop
 endfacet
 facet normal  9.971548e-01  7.538152e-02  0.000000e+00
   outer loop
     vertex  4.306754e+00  5.848609e+00  3.000000e+00
     vertex  4.303238e+00  5.895118e+00  7.105427e-15
     vertex  4.303238e+00  5.895118e+00  3.000000e+00
   endloop
 endfacet
 facet normal  9.947114e-01  1.027091e-01  0.000000e+00
   outer loop
     vertex  4.311545e+00  5.802213e+00  3.000000e+00
     vertex  4.311545e+00  5.802213e+00  7.105427e-15
     vertex  4.306754e+00  5.848609e+00  7.105427e-15
   endloop
 endfacet
 facet normal  9.947114e-01  1.027091e-01  0.000000e+00
   outer loop
     vertex  4.311545e+00  5.802213e+00  3.000000e+00
     vertex  4.306754e+00  5.848609e+00  7.105427e-15
     vertex  4.306754e+00  5.848609e+00  3.000000e+00
   endloop
 endfacet
 facet normal  9.915193e-01  1.299594e-01  0.000000e+00
   outer loop
     vertex  4.317607e+00  5.755966e+00  3.000000e+00
     vertex  4.317607e+00  5.755966e+00  7.105427e-15
     vertex  4.311545e+00  5.802213e+00  7.105427e-15
   endloop
 endfacet
 facet normal  9.915193e-01  1.299594e-01  0.000000e+00
   outer loop
     vertex  4.317607e+00  5.755966e+00  3.000000e+00
     vertex  4.311545e+00  5.802213e+00  7.105427e-15
     vertex  4.311545e+00  5.802213e+00  3.000000e+00
   endloop
 endfacet
 facet normal  9.875808e-01  1.571119e-01  0.000000e+00
   outer loop
     vertex  4.324935e+00  5.709903e+00  3.000000e+00
     vertex  4.324935e+00  5.709903e+00  7.105427e-15
     vertex  4.317607e+00  5.755966e+00  7.105427e-15
   endloop
 endfacet
 facet normal  9.828989e-01  1.841461e-01  0.000000e+00
   outer loop
     vertex  4.324935e+00  5.709903e+00  3.000000e+00
     vertex  4.333524e+00  5.664059e+00  7.105427e-15
     vertex  4.324935e+00  5.709903e+00  7.105427e-15
   endloop
 endfacet
 facet normal  9.875808e-01  1.571119e-01  0.000000e+00
   outer loop
     vertex  4.324935e+00  5.709903e+00  3.000000e+00
     vertex  4.317607e+00  5.755966e+00  7.105427e-15
     vertex  4.317607e+00  5.755966e+00  3.000000e+00
   endloop
 endfacet
 facet normal  9.774771e-01  2.110417e-01  0.000000e+00
   outer loop
     vertex  4.333524e+00  5.664059e+00  3.000000e+00
     vertex  4.343367e+00  5.618467e+00  7.105427e-15
     vertex  4.333524e+00  5.664059e+00  7.105427e-15
   endloop
 endfacet
 facet normal  9.828989e-01  1.841461e-01  0.000000e+00
   outer loop
     vertex  4.333524e+00  5.664059e+00  3.000000e+00
     vertex  4.333524e+00  5.664059e+00  7.105427e-15
     vertex  4.324935e+00  5.709903e+00  3.000000e+00
   endloop
 endfacet
 facet normal  9.713194e-01  2.377784e-01  0.000000e+00
   outer loop
     vertex  4.343367e+00  5.618467e+00  3.000000e+00
     vertex  4.354458e+00  5.573162e+00  7.105427e-15
     vertex  4.343367e+00  5.618467e+00  7.105427e-15
   endloop
 endfacet
 facet normal  9.774771e-01  2.110417e-01  0.000000e+00
   outer loop
     vertex  4.343367e+00  5.618467e+00  3.000000e+00
     vertex  4.343367e+00  5.618467e+00  7.105427e-15
     vertex  4.333524e+00  5.664059e+00  3.000000e+00
   endloop
 endfacet
 facet normal  9.644306e-01  2.643362e-01  0.000000e+00
   outer loop
     vertex  4.354458e+00  5.573162e+00  3.000000e+00
     vertex  4.366787e+00  5.528179e+00  7.105427e-15
     vertex  4.354458e+00  5.573162e+00  7.105427e-15
   endloop
 endfacet
 facet normal  9.713194e-01  2.377784e-01  0.000000e+00
   outer loop
     vertex  4.354458e+00  5.573162e+00  3.000000e+00
     vertex  4.354458e+00  5.573162e+00  7.105427e-15
     vertex  4.343367e+00  5.618467e+00  3.000000e+00
   endloop
 endfacet
 facet normal  9.644306e-01  2.643362e-01  0.000000e+00
   outer loop
     vertex  4.366787e+00  5.528179e+00  3.000000e+00
     vertex  4.366787e+00  5.528179e+00  7.105427e-15
     vertex  4.354458e+00  5.573162e+00  3.000000e+00
   endloop
 endfacet
 facet normal  9.568158e-01  2.906949e-01  0.000000e+00
   outer loop
     vertex  4.380346e+00  5.483551e+00  3.000000e+00
     vertex  4.380346e+00  5.483551e+00  7.105427e-15
     vertex  4.366787e+00  5.528179e+00  7.105427e-15
   endloop
 endfacet
 facet normal  9.568158e-01  2.906949e-01  0.000000e+00
   outer loop
     vertex  4.380346e+00  5.483551e+00  3.000000e+00
     vertex  4.366787e+00  5.528179e+00  7.105427e-15
     vertex  4.366787e+00  5.528179e+00  3.000000e+00
   endloop
 endfacet
 facet normal  9.484807e-01  3.168348e-01  0.000000e+00
   outer loop
     vertex  4.395123e+00  5.439312e+00  3.000000e+00
     vertex  4.395123e+00  5.439312e+00  7.105427e-15
     vertex  4.380346e+00  5.483551e+00  7.105427e-15
   endloop
 endfacet
 facet normal  9.394317e-01  3.427362e-01  0.000000e+00
   outer loop
     vertex  4.395123e+00  5.439312e+00  3.000000e+00
     vertex  4.411109e+00  5.395495e+00  7.105427e-15
     vertex  4.395123e+00  5.439312e+00  7.105427e-15
   endloop
 endfacet
 facet normal  9.484807e-01  3.168348e-01  0.000000e+00
   outer loop
     vertex  4.395123e+00  5.439312e+00  3.000000e+00
     vertex  4.380346e+00  5.483551e+00  7.105427e-15
     vertex  4.380346e+00  5.483551e+00  3.000000e+00
   endloop
 endfacet
 facet normal  9.394317e-01  3.427362e-01  0.000000e+00
   outer loop
     vertex  4.411109e+00  5.395495e+00  3.000000e+00
     vertex  4.411109e+00  5.395495e+00  7.105427e-15
     vertex  4.395123e+00  5.439312e+00  3.000000e+00
   endloop
 endfacet
 facet normal  9.296754e-01  3.683796e-01  0.000000e+00
   outer loop
     vertex  4.428291e+00  5.352132e+00  3.000000e+00
     vertex  4.428291e+00  5.352132e+00  7.105427e-15
     vertex  4.411109e+00  5.395495e+00  7.105427e-15
   endloop
 endfacet
 facet normal  9.296754e-01  3.683796e-01  0.000000e+00
   outer loop
     vertex  4.428291e+00  5.352132e+00  3.000000e+00
     vertex  4.411109e+00  5.395495e+00  7.105427e-15
     vertex  4.411109e+00  5.395495e+00  3.000000e+00
   endloop
 endfacet
 facet normal  9.192194e-01  3.937458e-01  0.000000e+00
   outer loop
     vertex  4.446657e+00  5.309258e+00  3.000000e+00
     vertex  4.428291e+00  5.352132e+00  7.105427e-15
     vertex  4.428291e+00  5.352132e+00  3.000000e+00
   endloop
 endfacet
 facet normal  9.192194e-01  3.937458e-01  0.000000e+00
   outer loop
     vertex  4.446657e+00  5.309258e+00  3.000000e+00
     vertex  4.446657e+00  5.309258e+00  7.105427e-15
     vertex  4.428291e+00  5.352132e+00  7.105427e-15
   endloop
 endfacet
 facet normal  9.080714e-01  4.188155e-01  0.000000e+00
   outer loop
     vertex  4.446657e+00  5.309258e+00  3.000000e+00
     vertex  4.466191e+00  5.266903e+00  7.105427e-15
     vertex  4.446657e+00  5.309258e+00  7.105427e-15
   endloop
 endfacet
 facet normal  9.080714e-01  4.188155e-01  0.000000e+00
   outer loop
     vertex  4.466191e+00  5.266903e+00  3.000000e+00
     vertex  4.466191e+00  5.266903e+00  7.105427e-15
     vertex  4.446657e+00  5.309258e+00  3.000000e+00
   endloop
 endfacet
 facet normal  8.962398e-01  4.435699e-01  0.000000e+00
   outer loop
     vertex  4.486880e+00  5.225101e+00  3.000000e+00
     vertex  4.486880e+00  5.225101e+00  7.105427e-15
     vertex  4.466191e+00  5.266903e+00  7.105427e-15
   endloop
 endfacet
 facet normal  8.837335e-01  4.679904e-01  0.000000e+00
   outer loop
     vertex  4.486880e+00  5.225101e+00  3.000000e+00
     vertex  4.508708e+00  5.183881e+00  7.105427e-15
     vertex  4.486880e+00  5.225101e+00  7.105427e-15
   endloop
 endfacet
 facet normal  8.962398e-01  4.435699e-01  0.000000e+00
   outer loop
     vertex  4.486880e+00  5.225101e+00  3.000000e+00
     vertex  4.466191e+00  5.266903e+00  7.105427e-15
     vertex  4.466191e+00  5.266903e+00  3.000000e+00
   endloop
 endfacet
 facet normal  8.837335e-01  4.679904e-01  0.000000e+00
   outer loop
     vertex  4.508708e+00  5.183881e+00  3.000000e+00
     vertex  4.508708e+00  5.183881e+00  7.105427e-15
     vertex  4.486880e+00  5.225101e+00  3.000000e+00
   endloop
 endfacet
 facet normal  8.705620e-01  4.920587e-01  0.000000e+00
   outer loop
     vertex  4.508708e+00  5.183881e+00  3.000000e+00
     vertex  4.531659e+00  5.143276e+00  7.105427e-15
     vertex  4.508708e+00  5.183881e+00  7.105427e-15
   endloop
 endfacet
 facet normal  8.705620e-01  4.920587e-01  0.000000e+00
   outer loop
     vertex  4.531659e+00  5.143276e+00  3.000000e+00
     vertex  4.531659e+00  5.143276e+00  7.105427e-15
     vertex  4.508708e+00  5.183881e+00  3.000000e+00
   endloop
 endfacet
 facet normal  8.567352e-01  5.157565e-01  0.000000e+00
   outer loop
     vertex  4.531659e+00  5.143276e+00  3.000000e+00
     vertex  4.555715e+00  5.103316e+00  7.105427e-15
     vertex  4.531659e+00  5.143276e+00  7.105427e-15
   endloop
 endfacet
 facet normal  8.567352e-01  5.157565e-01  0.000000e+00
   outer loop
     vertex  4.555715e+00  5.103316e+00  3.000000e+00
     vertex  4.555715e+00  5.103316e+00  7.105427e-15
     vertex  4.531659e+00  5.143276e+00  3.000000e+00
   endloop
 endfacet
 facet normal  8.422635e-01  5.390661e-01  0.000000e+00
   outer loop
     vertex  4.580858e+00  5.064031e+00  3.000000e+00
     vertex  4.580858e+00  5.064031e+00  7.105427e-15
     vertex  4.555715e+00  5.103316e+00  7.105427e-15
   endloop
 endfacet
 facet normal  8.422635e-01  5.390661e-01  0.000000e+00
   outer loop
     vertex  4.580858e+00  5.064031e+00  3.000000e+00
     vertex  4.555715e+00  5.103316e+00  7.105427e-15
     vertex  4.555715e+00  5.103316e+00  3.000000e+00
   endloop
 endfacet
 facet normal  8.271577e-01  5.619699e-01  0.000000e+00
   outer loop
     vertex  4.607070e+00  5.025451e+00  3.000000e+00
     vertex  4.607070e+00  5.025451e+00  7.105427e-15
     vertex  4.580858e+00  5.064031e+00  7.105427e-15
   endloop
 endfacet
 facet normal  8.114292e-01  5.844507e-01  0.000000e+00
   outer loop
     vertex  4.607070e+00  5.025451e+00  3.000000e+00
     vertex  4.634330e+00  4.987604e+00  7.105427e-15
     vertex  4.607070e+00  5.025451e+00  7.105427e-15
   endloop
 endfacet
 facet normal  8.271577e-01  5.619699e-01  0.000000e+00
   outer loop
     vertex  4.607070e+00  5.025451e+00  3.000000e+00
     vertex  4.580858e+00  5.064031e+00  7.105427e-15
     vertex  4.580858e+00  5.064031e+00  3.000000e+00
   endloop
 endfacet
 facet normal  8.114292e-01  5.844507e-01  0.000000e+00
   outer loop
     vertex  4.634330e+00  4.987604e+00  3.000000e+00
     vertex  4.634330e+00  4.987604e+00  7.105427e-15
     vertex  4.607070e+00  5.025451e+00  3.000000e+00
   endloop
 endfacet
 facet normal  7.950900e-01  6.064915e-01  0.000000e+00
   outer loop
     vertex  4.662618e+00  4.950519e+00  3.000000e+00
     vertex  4.662618e+00  4.950519e+00  7.105427e-15
     vertex  4.634330e+00  4.987604e+00  7.105427e-15
   endloop
 endfacet
 facet normal  7.781522e-01  6.280757e-01  0.000000e+00
   outer loop
     vertex  4.662618e+00  4.950519e+00  3.000000e+00
     vertex  4.691913e+00  4.914224e+00  7.105427e-15
     vertex  4.662618e+00  4.950519e+00  7.105427e-15
   endloop
 endfacet
 facet normal  7.950900e-01  6.064915e-01  0.000000e+00
   outer loop
     vertex  4.662618e+00  4.950519e+00  3.000000e+00
     vertex  4.634330e+00  4.987604e+00  7.105427e-15
     vertex  4.634330e+00  4.987604e+00  3.000000e+00
   endloop
 endfacet
 facet normal  7.781522e-01  6.280757e-01  0.000000e+00
   outer loop
     vertex  4.691913e+00  4.914224e+00  3.000000e+00
     vertex  4.691913e+00  4.914224e+00  7.105427e-15
     vertex  4.662618e+00  4.950519e+00  3.000000e+00
   endloop
 endfacet
 facet normal  7.606287e-01  6.491872e-01  0.000000e+00
   outer loop
     vertex  4.691913e+00  4.914224e+00  3.000000e+00
     vertex  4.722193e+00  4.878747e+00  7.105427e-15
     vertex  4.691913e+00  4.914224e+00  7.105427e-15
   endloop
 endfacet
 facet normal  7.606287e-01  6.491872e-01  0.000000e+00
   outer loop
     vertex  4.722193e+00  4.878747e+00  3.000000e+00
     vertex  4.722193e+00  4.878747e+00  7.105427e-15
     vertex  4.691913e+00  4.914224e+00  3.000000e+00
   endloop
 endfacet
 facet normal  7.425325e-01  6.698100e-01  0.000000e+00
   outer loop
     vertex  4.753434e+00  4.844113e+00  3.000000e+00
     vertex  4.753434e+00  4.844113e+00  7.105427e-15
     vertex  4.722193e+00  4.878747e+00  7.105427e-15
   endloop
 endfacet
 facet normal  7.425325e-01  6.698100e-01  0.000000e+00
   outer loop
     vertex  4.753434e+00  4.844113e+00  3.000000e+00
     vertex  4.722193e+00  4.878747e+00  7.105427e-15
     vertex  4.722193e+00  4.878747e+00  3.000000e+00
   endloop
 endfacet
 facet normal  7.238775e-01  6.899286e-01  0.000000e+00
   outer loop
     vertex  4.785614e+00  4.810350e+00  3.000000e+00
     vertex  4.785614e+00  4.810350e+00  7.105427e-15
     vertex  4.753434e+00  4.844113e+00  7.105427e-15
   endloop
 endfacet
 facet normal  7.238775e-01  6.899286e-01  0.000000e+00
   outer loop
     vertex  4.785614e+00  4.810350e+00  3.000000e+00
     vertex  4.753434e+00  4.844113e+00  7.105427e-15
     vertex  4.753434e+00  4.844113e+00  3.000000e+00
   endloop
 endfacet
 facet normal  7.046775e-01  7.095278e-01  0.000000e+00
   outer loop
     vertex  4.818708e+00  4.777482e+00  3.000000e+00
     vertex  4.818708e+00  4.777482e+00  7.105427e-15
     vertex  4.785614e+00  4.810350e+00  7.105427e-15
   endloop
 endfacet
 facet normal  7.046775e-01  7.095278e-01  0.000000e+00
   outer loop
     vertex  4.818708e+00  4.777482e+00  3.000000e+00
     vertex  4.785614e+00  4.810350e+00  7.105427e-15
     vertex  4.785614e+00  4.810350e+00  3.000000e+00
   endloop
 endfacet
 facet normal  6.849470e-01  7.285929e-01  0.000000e+00
   outer loop
     vertex  4.852691e+00  4.745535e+00  3.000000e+00
     vertex  4.852691e+00  4.745535e+00  7.105427e-15
     vertex  4.818708e+00  4.777482e+00  7.105427e-15
   endloop
 endfacet
 facet normal  6.849470e-01  7.285929e-01  0.000000e+00
   outer loop
     vertex  4.852691e+00  4.745535e+00  3.000000e+00
     vertex  4.818708e+00  4.777482e+00  7.105427e-15
     vertex  4.818708e+00  4.777482e+00  3.000000e+00
   endloop
 endfacet
 facet normal  6.647010e-01  7.471095e-01  0.000000e+00
   outer loop
     vertex  4.887538e+00  4.714532e+00  3.000000e+00
     vertex  4.887538e+00  4.714532e+00  7.105427e-15
     vertex  4.852691e+00  4.745535e+00  7.105427e-15
   endloop
 endfacet
 facet normal  6.647010e-01  7.471095e-01  0.000000e+00
   outer loop
     vertex  4.887538e+00  4.714532e+00  3.000000e+00
     vertex  4.852691e+00  4.745535e+00  7.105427e-15
     vertex  4.852691e+00  4.745535e+00  3.000000e+00
   endloop
 endfacet
 facet normal  6.439545e-01  7.650637e-01  0.000000e+00
   outer loop
     vertex  4.923222e+00  4.684496e+00  3.000000e+00
     vertex  4.923222e+00  4.684496e+00  7.105427e-15
     vertex  4.887538e+00  4.714532e+00  7.105427e-15
   endloop
 endfacet
 facet normal  6.439545e-01  7.650637e-01  0.000000e+00
   outer loop
     vertex  4.923222e+00  4.684496e+00  3.000000e+00
     vertex  4.887538e+00  4.714532e+00  7.105427e-15
     vertex  4.887538e+00  4.714532e+00  3.000000e+00
   endloop
 endfacet
 facet normal  6.227234e-01  7.824421e-01  0.000000e+00
   outer loop
     vertex  4.959717e+00  4.655451e+00  3.000000e+00
     vertex  4.959717e+00  4.655451e+00  7.105427e-15
     vertex  4.923222e+00  4.684496e+00  7.105427e-15
   endloop
 endfacet
 facet normal  6.227234e-01  7.824421e-01  0.000000e+00
   outer loop
     vertex  4.959717e+00  4.655451e+00  3.000000e+00
     vertex  4.923222e+00  4.684496e+00  7.105427e-15
     vertex  4.923222e+00  4.684496e+00  3.000000e+00
   endloop
 endfacet
 facet normal  6.010234e-01  7.992314e-01  0.000000e+00
   outer loop
     vertex  4.996995e+00  4.627418e+00  3.000000e+00
     vertex  4.996995e+00  4.627418e+00  7.105427e-15
     vertex  4.959717e+00  4.655451e+00  7.105427e-15
   endloop
 endfacet
 facet normal  6.010234e-01  7.992314e-01  0.000000e+00
   outer loop
     vertex  4.996995e+00  4.627418e+00  3.000000e+00
     vertex  4.959717e+00  4.655451e+00  7.105427e-15
     vertex  4.959717e+00  4.655451e+00  3.000000e+00
   endloop
 endfacet
 facet normal  5.788711e-01  8.154191e-01  0.000000e+00
   outer loop
     vertex  5.035028e+00  4.600418e+00  3.000000e+00
     vertex  5.035028e+00  4.600418e+00  7.105427e-15
     vertex  4.996995e+00  4.627418e+00  7.105427e-15
   endloop
 endfacet
 facet normal  5.562829e-01  8.309929e-01  0.000000e+00
   outer loop
     vertex  5.035028e+00  4.600418e+00  3.000000e+00
     vertex  5.073788e+00  4.574472e+00  7.105427e-15
     vertex  5.035028e+00  4.600418e+00  7.105427e-15
   endloop
 endfacet
 facet normal  5.788711e-01  8.154191e-01  0.000000e+00
   outer loop
     vertex  5.035028e+00  4.600418e+00  3.000000e+00
     vertex  4.996995e+00  4.627418e+00  7.105427e-15
     vertex  4.996995e+00  4.627418e+00  3.000000e+00
   endloop
 endfacet
 facet normal  5.562829e-01  8.309929e-01  0.000000e+00
   outer loop
     vertex  5.073788e+00  4.574472e+00  3.000000e+00
     vertex  5.073788e+00  4.574472e+00  7.105427e-15
     vertex  5.035028e+00  4.600418e+00  3.000000e+00
   endloop
 endfacet
 facet normal  5.332761e-01  8.459413e-01  0.000000e+00
   outer loop
     vertex  5.113244e+00  4.549599e+00  3.000000e+00
     vertex  5.113244e+00  4.549599e+00  7.105427e-15
     vertex  5.073788e+00  4.574472e+00  7.105427e-15
   endloop
 endfacet
 facet normal  5.098678e-01  8.602528e-01  0.000000e+00
   outer loop
     vertex  5.113244e+00  4.549599e+00  3.000000e+00
     vertex  5.153368e+00  4.525817e+00  7.105427e-15
     vertex  5.113244e+00  4.549599e+00  7.105427e-15
   endloop
 endfacet
 facet normal  5.332761e-01  8.459413e-01  0.000000e+00
   outer loop
     vertex  5.113244e+00  4.549599e+00  3.000000e+00
     vertex  5.073788e+00  4.574472e+00  7.105427e-15
     vertex  5.073788e+00  4.574472e+00  3.000000e+00
   endloop
 endfacet
 facet normal  5.098678e-01  8.602528e-01  0.000000e+00
   outer loop
     vertex  5.153368e+00  4.525817e+00  3.000000e+00
     vertex  5.153368e+00  4.525817e+00  7.105427e-15
     vertex  5.113244e+00  4.549599e+00  3.000000e+00
   endloop
 endfacet
 facet normal  4.860756e-01  8.739167e-01  0.000000e+00
   outer loop
     vertex  5.194130e+00  4.503146e+00  3.000000e+00
     vertex  5.194130e+00  4.503146e+00  7.105427e-15
     vertex  5.153368e+00  4.525817e+00  7.105427e-15
   endloop
 endfacet
 facet normal  4.860756e-01  8.739167e-01  0.000000e+00
   outer loop
     vertex  5.194130e+00  4.503146e+00  3.000000e+00
     vertex  5.153368e+00  4.525817e+00  7.105427e-15
     vertex  5.153368e+00  4.525817e+00  3.000000e+00
   endloop
 endfacet
 facet normal  4.619176e-01  8.869228e-01  0.000000e+00
   outer loop
     vertex  5.235498e+00  4.481601e+00  3.000000e+00
     vertex  5.194130e+00  4.503146e+00  7.105427e-15
     vertex  5.194130e+00  4.503146e+00  3.000000e+00
   endloop
 endfacet
 facet normal  4.619176e-01  8.869228e-01  0.000000e+00
   outer loop
     vertex  5.235498e+00  4.481601e+00  3.000000e+00
     vertex  5.235498e+00  4.481601e+00  7.105427e-15
     vertex  5.194130e+00  4.503146e+00  7.105427e-15
   endloop
 endfacet
 facet normal  4.374119e-01  8.992613e-01  0.000000e+00
   outer loop
     vertex  5.235498e+00  4.481601e+00  3.000000e+00
     vertex  5.277442e+00  4.461199e+00  7.105427e-15
     vertex  5.235498e+00  4.481601e+00  7.105427e-15
   endloop
 endfacet
 facet normal  4.374119e-01  8.992613e-01  0.000000e+00
   outer loop
     vertex  5.277442e+00  4.461199e+00  3.000000e+00
     vertex  5.277442e+00  4.461199e+00  7.105427e-15
     vertex  5.235498e+00  4.481601e+00  3.000000e+00
   endloop
 endfacet
 facet normal  4.125769e-01  9.109228e-01  0.000000e+00
   outer loop
     vertex  5.319929e+00  4.441955e+00  3.000000e+00
     vertex  5.277442e+00  4.461199e+00  7.105427e-15
     vertex  5.277442e+00  4.461199e+00  3.000000e+00
   endloop
 endfacet
 facet normal  4.125769e-01  9.109228e-01  0.000000e+00
   outer loop
     vertex  5.319929e+00  4.441955e+00  3.000000e+00
     vertex  5.319929e+00  4.441955e+00  7.105427e-15
     vertex  5.277442e+00  4.461199e+00  7.105427e-15
   endloop
 endfacet
 facet normal  3.874313e-01  9.218986e-01  0.000000e+00
   outer loop
     vertex  5.362929e+00  4.423885e+00  3.000000e+00
     vertex  5.319929e+00  4.441955e+00  7.105427e-15
     vertex  5.319929e+00  4.441955e+00  3.000000e+00
   endloop
 endfacet
 facet normal  3.874313e-01  9.218986e-01  0.000000e+00
   outer loop
     vertex  5.362929e+00  4.423885e+00  3.000000e+00
     vertex  5.362929e+00  4.423885e+00  7.105427e-15
     vertex  5.319929e+00  4.441955e+00  7.105427e-15
   endloop
 endfacet
 facet normal  3.619940e-01  9.321804e-01  0.000000e+00
   outer loop
     vertex  5.406408e+00  4.407000e+00  3.000000e+00
     vertex  5.362929e+00  4.423885e+00  7.105427e-15
     vertex  5.362929e+00  4.423885e+00  3.000000e+00
   endloop
 endfacet
 facet normal  3.619940e-01  9.321804e-01  0.000000e+00
   outer loop
     vertex  5.406408e+00  4.407000e+00  3.000000e+00
     vertex  5.406408e+00  4.407000e+00  7.105427e-15
     vertex  5.362929e+00  4.423885e+00  7.105427e-15
   endloop
 endfacet
 facet normal  3.362843e-01  9.417605e-01  0.000000e+00
   outer loop
     vertex  5.450333e+00  4.391315e+00  3.000000e+00
     vertex  5.406408e+00  4.407000e+00  7.105427e-15
     vertex  5.406408e+00  4.407000e+00  3.000000e+00
   endloop
 endfacet
 facet normal  3.362843e-01  9.417605e-01  0.000000e+00
   outer loop
     vertex  5.450333e+00  4.391315e+00  3.000000e+00
     vertex  5.450333e+00  4.391315e+00  7.105427e-15
     vertex  5.406408e+00  4.407000e+00  7.105427e-15
   endloop
 endfacet
 facet normal  3.103214e-01  9.506317e-01  0.000000e+00
   outer loop
     vertex  5.494673e+00  4.376841e+00  3.000000e+00
     vertex  5.450333e+00  4.391315e+00  7.105427e-15
     vertex  5.450333e+00  4.391315e+00  3.000000e+00
   endloop
 endfacet
 facet normal  3.103214e-01  9.506317e-01  0.000000e+00
   outer loop
     vertex  5.494673e+00  4.376841e+00  3.000000e+00
     vertex  5.494673e+00  4.376841e+00  7.105427e-15
     vertex  5.450333e+00  4.391315e+00  7.105427e-15
   endloop
 endfacet
 facet normal  2.841250e-01  9.587873e-01  0.000000e+00
   outer loop
     vertex  5.494673e+00  4.376841e+00  3.000000e+00
     vertex  5.539393e+00  4.363589e+00  7.105427e-15
     vertex  5.494673e+00  4.376841e+00  7.105427e-15
   endloop
 endfacet
 facet normal  2.841250e-01  9.587873e-01  0.000000e+00
   outer loop
     vertex  5.539393e+00  4.363589e+00  3.000000e+00
     vertex  5.539393e+00  4.363589e+00  7.105427e-15
     vertex  5.494673e+00  4.376841e+00  3.000000e+00
   endloop
 endfacet
 facet normal  2.577146e-01  9.662211e-01  0.000000e+00
   outer loop
     vertex  5.584460e+00  4.351569e+00  3.000000e+00
     vertex  5.539393e+00  4.363589e+00  7.105427e-15
     vertex  5.539393e+00  4.363589e+00  3.000000e+00
   endloop
 endfacet
 facet normal  2.577146e-01  9.662211e-01  0.000000e+00
   outer loop
     vertex  5.584460e+00  4.351569e+00  3.000000e+00
     vertex  5.584460e+00  4.351569e+00  7.105427e-15
     vertex  5.539393e+00  4.363589e+00  7.105427e-15
   endloop
 endfacet
 facet normal  2.311102e-01  9.729276e-01  0.000000e+00
   outer loop
     vertex  5.629839e+00  4.340789e+00  3.000000e+00
     vertex  5.584460e+00  4.351569e+00  7.105427e-15
     vertex  5.584460e+00  4.351569e+00  3.000000e+00
   endloop
 endfacet
 facet normal  2.311102e-01  9.729276e-01  0.000000e+00
   outer loop
     vertex  5.629839e+00  4.340789e+00  3.000000e+00
     vertex  5.629839e+00  4.340789e+00  7.105427e-15
     vertex  5.584460e+00  4.351569e+00  7.105427e-15
   endloop
 endfacet
 facet normal  2.043319e-01  9.789017e-01  0.000000e+00
   outer loop
     vertex  5.675498e+00  4.331259e+00  3.000000e+00
     vertex  5.629839e+00  4.340789e+00  7.105427e-15
     vertex  5.629839e+00  4.340789e+00  3.000000e+00
   endloop
 endfacet
 facet normal  2.043319e-01  9.789017e-01  0.000000e+00
   outer loop
     vertex  5.675498e+00  4.331259e+00  3.000000e+00
     vertex  5.675498e+00  4.331259e+00  7.105427e-15
     vertex  5.629839e+00  4.340789e+00  7.105427e-15
   endloop
 endfacet
 facet normal  1.773998e-01  9.841389e-01  0.000000e+00
   outer loop
     vertex  5.721400e+00  4.322984e+00  3.000000e+00
     vertex  5.675498e+00  4.331259e+00  7.105427e-15
     vertex  5.675498e+00  4.331259e+00  3.000000e+00
   endloop
 endfacet
 facet normal  1.773998e-01  9.841389e-01  0.000000e+00
   outer loop
     vertex  5.721400e+00  4.322984e+00  3.000000e+00
     vertex  5.721400e+00  4.322984e+00  7.105427e-15
     vertex  5.675498e+00  4.331259e+00  7.105427e-15
   endloop
 endfacet
 facet normal  1.503341e-01  9.886353e-01  0.000000e+00
   outer loop
     vertex  5.767512e+00  4.315972e+00  3.000000e+00
     vertex  5.721400e+00  4.322984e+00  7.105427e-15
     vertex  5.721400e+00  4.322984e+00  3.000000e+00
   endloop
 endfacet
 facet normal  1.503341e-01  9.886353e-01  0.000000e+00
   outer loop
     vertex  5.767512e+00  4.315972e+00  3.000000e+00
     vertex  5.767512e+00  4.315972e+00  7.105427e-15
     vertex  5.721400e+00  4.322984e+00  7.105427e-15
   endloop
 endfacet
 facet normal  1.231552e-01  9.923874e-01  0.000000e+00
   outer loop
     vertex  5.767512e+00  4.315972e+00  3.000000e+00
     vertex  5.813799e+00  4.310228e+00  7.105427e-15
     vertex  5.767512e+00  4.315972e+00  7.105427e-15
   endloop
 endfacet
 facet normal  1.231552e-01  9.923874e-01  0.000000e+00
   outer loop
     vertex  5.813799e+00  4.310228e+00  3.000000e+00
     vertex  5.813799e+00  4.310228e+00  7.105427e-15
     vertex  5.767512e+00  4.315972e+00  3.000000e+00
   endloop
 endfacet
 facet normal  9.588368e-02  9.953925e-01  0.000000e+00
   outer loop
     vertex  5.860227e+00  4.305756e+00  3.000000e+00
     vertex  5.860227e+00  4.305756e+00  7.105427e-15
     vertex  5.813799e+00  4.310228e+00  7.105427e-15
   endloop
 endfacet
 facet normal  6.853995e-02  9.976484e-01  0.000000e+00
   outer loop
     vertex  5.860227e+00  4.305756e+00  3.000000e+00
     vertex  5.906759e+00  4.302559e+00  7.105427e-15
     vertex  5.860227e+00  4.305756e+00  7.105427e-15
   endloop
 endfacet
 facet normal  9.588368e-02  9.953925e-01  0.000000e+00
   outer loop
     vertex  5.860227e+00  4.305756e+00  3.000000e+00
     vertex  5.813799e+00  4.310228e+00  7.105427e-15
     vertex  5.813799e+00  4.310228e+00  3.000000e+00
   endloop
 endfacet
 facet normal  6.853995e-02  9.976484e-01  0.000000e+00
   outer loop
     vertex  5.906759e+00  4.302559e+00  3.000000e+00
     vertex  5.906759e+00  4.302559e+00  7.105427e-15
     vertex  5.860227e+00  4.305756e+00  3.000000e+00
   endloop
 endfacet
 facet normal  4.114462e-02  9.991532e-01  0.000000e+00
   outer loop
     vertex  5.953362e+00  4.300640e+00  3.000000e+00
     vertex  5.953362e+00  4.300640e+00  7.105427e-15
     vertex  5.906759e+00  4.302559e+00  7.105427e-15
   endloop
 endfacet
 facet normal  4.114462e-02  9.991532e-01  0.000000e+00
   outer loop
     vertex  5.953362e+00  4.300640e+00  3.000000e+00
     vertex  5.906759e+00  4.302559e+00  7.105427e-15
     vertex  5.906759e+00  4.302559e+00  3.000000e+00
   endloop
 endfacet
 facet normal  1.371831e-02  9.999059e-01  0.000000e+00
   outer loop
     vertex  6.000000e+00  4.300000e+00  3.000000e+00
     vertex  6.000000e+00  4.300000e+00  7.105427e-15
     vertex  5.953362e+00  4.300640e+00  7.105427e-15
   endloop
 endfacet
 facet normal  1.371831e-02  9.999059e-01  0.000000e+00
   outer loop
     vertex  6.000000e+00  4.300000e+00  3.000000e+00
     vertex  5.953362e+00  4.300640e+00  7.105427e-15
     vertex  5.953362e+00  4.300640e+00  3.000000e+00
   endloop
 endfacet
 facet normal -1.371831e-02  9.999059e-01  0.000000e+00
   outer loop
     vertex  3.804664e+01  3.630064e+01  3.000000e+00
     vertex  3.800000e+01  3.630000e+01  1.421085e-14
     vertex  3.800000e+01  3.630000e+01  3.000000e+00
   endloop
 endfacet
 facet normal -1.371831e-02  9.999059e-01  0.000000e+00
   outer loop
     vertex  3.804664e+01  3.630064e+01  3.000000e+00
     vertex  3.804664e+01  3.630064e+01  1.421085e-14
     vertex  3.800000e+01  3.630000e+01  1.421085e-14
   endloop
 endfacet
 facet normal -4.114462e-02  9.991532e-01  0.000000e+00
   outer loop
     vertex  3.809324e+01  3.630256e+01  3.000000e+00
     vertex  3.809324e+01  3.630256e+01  1.421085e-14
     vertex  3.804664e+01  3.630064e+01  1.421085e-14
   endloop
 endfacet
 facet normal -4.114462e-02  9.991532e-01  0.000000e+00
   outer loop
     vertex  3.809324e+01  3.630256e+01  3.000000e+00
     vertex  3.804664e+01  3.630064e+01  1.421085e-14
     vertex  3.804664e+01  3.630064e+01  3.000000e+00
   endloop
 endfacet
 facet normal -6.853995e-02  9.976484e-01  0.000000e+00
   outer loop
     vertex  3.813977e+01  3.630576e+01  3.000000e+00
     vertex  3.813977e+01  3.630576e+01  1.421085e-14
     vertex  3.809324e+01  3.630256e+01  1.421085e-14
   endloop
 endfacet
 facet normal -6.853995e-02  9.976484e-01  0.000000e+00
   outer loop
     vertex  3.813977e+01  3.630576e+01  3.000000e+00
     vertex  3.809324e+01  3.630256e+01  1.421085e-14
     vertex  3.809324e+01  3.630256e+01  3.000000e+00
   endloop
 endfacet
 facet normal -9.588368e-02  9.953925e-01  0.000000e+00
   outer loop
     vertex  3.818620e+01  3.631023e+01  3.000000e+00
     vertex  3.818620e+01  3.631023e+01  1.421085e-14
     vertex  3.813977e+01  3.630576e+01  1.421085e-14
   endloop
 endfacet
 facet normal -9.588368e-02  9.953925e-01  0.000000e+00
   outer loop
     vertex  3.818620e+01  3.631023e+01  3.000000e+00
     vertex  3.813977e+01  3.630576e+01  1.421085e-14
     vertex  3.813977e+01  3.630576e+01  3.000000e+00
   endloop
 endfacet
 facet normal -1.231552e-01  9.923874e-01  0.000000e+00
   outer loop
     vertex  3.823249e+01  3.631597e+01  3.000000e+00
     vertex  3.823249e+01  3.631597e+01  1.421085e-14
     vertex  3.818620e+01  3.631023e+01  1.421085e-14
   endloop
 endfacet
 facet normal -1.231552e-01  9.923874e-01  0.000000e+00
   outer loop
     vertex  3.823249e+01  3.631597e+01  3.000000e+00
     vertex  3.818620e+01  3.631023e+01  1.421085e-14
     vertex  3.818620e+01  3.631023e+01  3.000000e+00
   endloop
 endfacet
 facet normal -1.503341e-01  9.886353e-01  0.000000e+00
   outer loop
     vertex  3.827860e+01  3.632298e+01  3.000000e+00
     vertex  3.827860e+01  3.632298e+01  1.421085e-14
     vertex  3.823249e+01  3.631597e+01  1.421085e-14
   endloop
 endfacet
 facet normal -1.773998e-01  9.841389e-01  0.000000e+00
   outer loop
     vertex  3.827860e+01  3.632298e+01  3.000000e+00
     vertex  3.832450e+01  3.633126e+01  1.421085e-14
     vertex  3.827860e+01  3.632298e+01  1.421085e-14
   endloop
 endfacet
 facet normal -1.503341e-01  9.886353e-01  0.000000e+00
   outer loop
     vertex  3.827860e+01  3.632298e+01  3.000000e+00
     vertex  3.823249e+01  3.631597e+01  1.421085e-14
     vertex  3.823249e+01  3.631597e+01  3.000000e+00
   endloop
 endfacet
 facet normal -1.773998e-01  9.841389e-01  0.000000e+00
   outer loop
     vertex  3.832450e+01  3.633126e+01  3.000000e+00
     vertex  3.832450e+01  3.633126e+01  1.421085e-14
     vertex  3.827860e+01  3.632298e+01  3.000000e+00
   endloop
 endfacet
 facet normal -2.043319e-01  9.789017e-01  0.000000e+00
   outer loop
     vertex  3.837016e+01  3.634079e+01  3.000000e+00
     vertex  3.837016e+01  3.634079e+01  1.421085e-14
     vertex  3.832450e+01  3.633126e+01  1.421085e-14
   endloop
 endfacet
 facet normal -2.043319e-01  9.789017e-01  0.000000e+00
   outer loop
     vertex  3.837016e+01  3.634079e+01  3.000000e+00
     vertex  3.832450e+01  3.633126e+01  1.421085e-14
     vertex  3.832450e+01  3.633126e+01  3.000000e+00
   endloop
 endfacet
 facet normal -2.311102e-01  9.729276e-01  0.000000e+00
   outer loop
     vertex  3.841554e+01  3.635157e+01  3.000000e+00
     vertex  3.841554e+01  3.635157e+01  1.421085e-14
     vertex  3.837016e+01  3.634079e+01  1.421085e-14
   endloop
 endfacet
 facet normal -2.311102e-01  9.729276e-01  0.000000e+00
   outer loop
     vertex  3.841554e+01  3.635157e+01  3.000000e+00
     vertex  3.837016e+01  3.634079e+01  1.421085e-14
     vertex  3.837016e+01  3.634079e+01  3.000000e+00
   endloop
 endfacet
 facet normal -2.577146e-01  9.662211e-01  0.000000e+00
   outer loop
     vertex  3.846061e+01  3.636359e+01  3.000000e+00
     vertex  3.841554e+01  3.635157e+01  1.421085e-14
     vertex  3.841554e+01  3.635157e+01  3.000000e+00
   endloop
 endfacet
 facet normal -2.577146e-01  9.662211e-01  0.000000e+00
   outer loop
     vertex  3.846061e+01  3.636359e+01  3.000000e+00
     vertex  3.846061e+01  3.636359e+01  1.421085e-14
     vertex  3.841554e+01  3.635157e+01  1.421085e-14
   endloop
 endfacet
 facet normal -2.841250e-01  9.587873e-01  0.000000e+00
   outer loop
     vertex  3.846061e+01  3.636359e+01  3.000000e+00
     vertex  3.850533e+01  3.637684e+01  1.421085e-14
     vertex  3.846061e+01  3.636359e+01  1.421085e-14
   endloop
 endfacet
 facet normal -2.841250e-01  9.587873e-01  0.000000e+00
   outer loop
     vertex  3.850533e+01  3.637684e+01  3.000000e+00
     vertex  3.850533e+01  3.637684e+01  1.421085e-14
     vertex  3.846061e+01  3.636359e+01  3.000000e+00
   endloop
 endfacet
 facet normal -3.103214e-01  9.506317e-01  0.000000e+00
   outer loop
     vertex  3.850533e+01  3.637684e+01  3.000000e+00
     vertex  3.854967e+01  3.639132e+01  1.421085e-14
     vertex  3.850533e+01  3.637684e+01  1.421085e-14
   endloop
 endfacet
 facet normal -3.103214e-01  9.506317e-01  0.000000e+00
   outer loop
     vertex  3.854967e+01  3.639132e+01  3.000000e+00
     vertex  3.854967e+01  3.639132e+01  1.421085e-14
     vertex  3.850533e+01  3.637684e+01  3.000000e+00
   endloop
 endfacet
 facet normal -3.362843e-01  9.417605e-01  0.000000e+00
   outer loop
     vertex  3.854967e+01  3.639132e+01  3.000000e+00
     vertex  3.859359e+01  3.640700e+01  1.421085e-14
     vertex  3.854967e+01  3.639132e+01  1.421085e-14
   endloop
 endfacet
 facet normal -3.362843e-01  9.417605e-01  0.000000e+00
   outer loop
     vertex  3.859359e+01  3.640700e+01  3.000000e+00
     vertex  3.859359e+01  3.640700e+01  1.421085e-14
     vertex  3.854967e+01  3.639132e+01  3.000000e+00
   endloop
 endfacet
 facet normal -3.619940e-01  9.321804e-01  0.000000e+00
   outer loop
     vertex  3.863707e+01  3.642388e+01  3.000000e+00
     vertex  3.859359e+01  3.640700e+01  1.421085e-14
     vertex  3.859359e+01  3.640700e+01  3.000000e+00
   endloop
 endfacet
 facet normal -3.619940e-01  9.321804e-01  0.000000e+00
   outer loop
     vertex  3.863707e+01  3.642388e+01  3.000000e+00
     vertex  3.863707e+01  3.642388e+01  1.421085e-14
     vertex  3.859359e+01  3.640700e+01  1.421085e-14
   endloop
 endfacet
 facet normal -3.874313e-01  9.218986e-01  0.000000e+00
   outer loop
     vertex  3.868007e+01  3.644196e+01  3.000000e+00
     vertex  3.863707e+01  3.642388e+01  1.421085e-14
     vertex  3.863707e+01  3.642388e+01  3.000000e+00
   endloop
 endfacet
 facet normal -3.874313e-01  9.218986e-01  0.000000e+00
   outer loop
     vertex  3.868007e+01  3.644196e+01  3.000000e+00
     vertex  3.868007e+01  3.644196e+01  1.421085e-14
     vertex  3.863707e+01  3.642388e+01  1.421085e-14
   endloop
 endfacet
 facet normal -4.125769e-01  9.109228e-01  0.000000e+00
   outer loop
     vertex  3.872256e+01  3.646120e+01  3.000000e+00
     vertex  3.868007e+01  3.644196e+01  1.421085e-14
     vertex  3.868007e+01  3.644196e+01  3.000000e+00
   endloop
 endfacet
 facet normal -4.125769e-01  9.109228e-01  0.000000e+00
   outer loop
     vertex  3.872256e+01  3.646120e+01  3.000000e+00
     vertex  3.872256e+01  3.646120e+01  1.421085e-14
     vertex  3.868007e+01  3.644196e+01  1.421085e-14
   endloop
 endfacet
 facet normal -4.374119e-01  8.992613e-01  0.000000e+00
   outer loop
     vertex  3.876450e+01  3.648160e+01  3.000000e+00
     vertex  3.872256e+01  3.646120e+01  1.421085e-14
     vertex  3.872256e+01  3.646120e+01  3.000000e+00
   endloop
 endfacet
 facet normal -4.374119e-01  8.992613e-01  0.000000e+00
   outer loop
     vertex  3.876450e+01  3.648160e+01  3.000000e+00
     vertex  3.876450e+01  3.648160e+01  1.421085e-14
     vertex  3.872256e+01  3.646120e+01  1.421085e-14
   endloop
 endfacet
 facet normal -4.619176e-01  8.869228e-01  0.000000e+00
   outer loop
     vertex  3.880587e+01  3.650315e+01  3.000000e+00
     vertex  3.876450e+01  3.648160e+01  1.421085e-14
     vertex  3.876450e+01  3.648160e+01  3.000000e+00
   endloop
 endfacet
 facet normal -4.619176e-01  8.869228e-01  0.000000e+00
   outer loop
     vertex  3.880587e+01  3.650315e+01  3.000000e+00
     vertex  3.880587e+01  3.650315e+01  1.421085e-14
     vertex  3.876450e+01  3.648160e+01  1.421085e-14
   endloop
 endfacet
 facet normal -4.860756e-01  8.739167e-01  0.000000e+00
   outer loop
     vertex  3.884663e+01  3.652582e+01  3.000000e+00
     vertex  3.880587e+01  3.650315e+01  1.421085e-14
     vertex  3.880587e+01  3.650315e+01  3.000000e+00
   endloop
 endfacet
 facet normal -4.860756e-01  8.739167e-01  0.000000e+00
   outer loop
     vertex  3.884663e+01  3.652582e+01  3.000000e+00
     vertex  3.884663e+01  3.652582e+01  1.421085e-14
     vertex  3.880587e+01  3.650315e+01  1.421085e-14
   endloop
 endfacet
 facet normal -5.098678e-01  8.602528e-01  0.000000e+00
   outer loop
     vertex  3.888676e+01  3.654960e+01  3.000000e+00
     vertex  3.884663e+01  3.652582e+01  1.421085e-14
     vertex  3.884663e+01  3.652582e+01  3.000000e+00
   endloop
 endfacet
 facet normal -5.098678e-01  8.602528e-01  0.000000e+00
   outer loop
     vertex  3.888676e+01  3.654960e+01  3.000000e+00
     vertex  3.888676e+01  3.654960e+01  1.421085e-14
     vertex  3.884663e+01  3.652582e+01  1.421085e-14
   endloop
 endfacet
 facet normal -5.332761e-01  8.459413e-01  0.000000e+00
   outer loop
     vertex  3.892621e+01  3.657447e+01  3.000000e+00
     vertex  3.888676e+01  3.654960e+01  1.421085e-14
     vertex  3.888676e+01  3.654960e+01  3.000000e+00
   endloop
 endfacet
 facet normal -5.332761e-01  8.459413e-01  0.000000e+00
   outer loop
     vertex  3.892621e+01  3.657447e+01  3.000000e+00
     vertex  3.892621e+01  3.657447e+01  1.421085e-14
     vertex  3.888676e+01  3.654960e+01  1.421085e-14
   endloop
 endfacet
 facet normal -5.562829e-01  8.309929e-01  0.000000e+00
   outer loop
     vertex  3.896497e+01  3.660042e+01  3.000000e+00
     vertex  3.896497e+01  3.660042e+01  1.421085e-14
     vertex  3.892621e+01  3.657447e+01  1.421085e-14
   endloop
 endfacet
 facet normal -5.562829e-01  8.309929e-01  0.000000e+00
   outer loop
     vertex  3.896497e+01  3.660042e+01  3.000000e+00
     vertex  3.892621e+01  3.657447e+01  1.421085e-14
     vertex  3.892621e+01  3.657447e+01  3.000000e+00
   endloop
 endfacet
 facet normal -5.788711e-01  8.154191e-01  0.000000e+00
   outer loop
     vertex  3.900300e+01  3.662742e+01  3.000000e+00
     vertex  3.900300e+01  3.662742e+01  1.421085e-14
     vertex  3.896497e+01  3.660042e+01  1.421085e-14
   endloop
 endfacet
 facet normal -5.788711e-01  8.154191e-01  0.000000e+00
   outer loop
     vertex  3.900300e+01  3.662742e+01  3.000000e+00
     vertex  3.896497e+01  3.660042e+01  1.421085e-14
     vertex  3.896497e+01  3.660042e+01  3.000000e+00
   endloop
 endfacet
 facet normal -6.010234e-01  7.992314e-01  0.000000e+00
   outer loop
     vertex  3.904028e+01  3.665545e+01  3.000000e+00
     vertex  3.904028e+01  3.665545e+01  1.421085e-14
     vertex  3.900300e+01  3.662742e+01  1.421085e-14
   endloop
 endfacet
 facet normal -6.010234e-01  7.992314e-01  0.000000e+00
   outer loop
     vertex  3.904028e+01  3.665545e+01  3.000000e+00
     vertex  3.900300e+01  3.662742e+01  1.421085e-14
     vertex  3.900300e+01  3.662742e+01  3.000000e+00
   endloop
 endfacet
 facet normal -6.227234e-01  7.824421e-01  0.000000e+00
   outer loop
     vertex  3.907678e+01  3.668450e+01  3.000000e+00
     vertex  3.907678e+01  3.668450e+01  1.421085e-14
     vertex  3.904028e+01  3.665545e+01  1.421085e-14
   endloop
 endfacet
 facet normal -6.227234e-01  7.824421e-01  0.000000e+00
   outer loop
     vertex  3.907678e+01  3.668450e+01  3.000000e+00
     vertex  3.904028e+01  3.665545e+01  1.421085e-14
     vertex  3.904028e+01  3.665545e+01  3.000000e+00
   endloop
 endfacet
 facet normal -6.439545e-01  7.650637e-01  0.000000e+00
   outer loop
     vertex  3.911246e+01  3.671453e+01  3.000000e+00
     vertex  3.911246e+01  3.671453e+01  1.421085e-14
     vertex  3.907678e+01  3.668450e+01  1.421085e-14
   endloop
 endfacet
 facet normal -6.439545e-01  7.650637e-01  0.000000e+00
   outer loop
     vertex  3.911246e+01  3.671453e+01  3.000000e+00
     vertex  3.907678e+01  3.668450e+01  1.421085e-14
     vertex  3.907678e+01  3.668450e+01  3.000000e+00
   endloop
 endfacet
 facet normal -6.647010e-01  7.471095e-01  0.000000e+00
   outer loop
     vertex  3.914731e+01  3.674553e+01  3.000000e+00
     vertex  3.914731e+01  3.674553e+01  1.421085e-14
     vertex  3.911246e+01  3.671453e+01  1.421085e-14
   endloop
 endfacet
 facet normal -6.849470e-01  7.285929e-01  0.000000e+00
   outer loop
     vertex  3.914731e+01  3.674553e+01  3.000000e+00
     vertex  3.918129e+01  3.677748e+01  1.421085e-14
     vertex  3.914731e+01  3.674553e+01  1.421085e-14
   endloop
 endfacet
 facet normal -6.647010e-01  7.471095e-01  0.000000e+00
   outer loop
     vertex  3.914731e+01  3.674553e+01  3.000000e+00
     vertex  3.911246e+01  3.671453e+01  1.421085e-14
     vertex  3.911246e+01  3.671453e+01  3.000000e+00
   endloop
 endfacet
 facet normal -6.849470e-01  7.285929e-01  0.000000e+00
   outer loop
     vertex  3.918129e+01  3.677748e+01  3.000000e+00
     vertex  3.918129e+01  3.677748e+01  1.421085e-14
     vertex  3.914731e+01  3.674553e+01  3.000000e+00
   endloop
 endfacet
 facet normal -7.046775e-01  7.095278e-01  0.000000e+00
   outer loop
     vertex  3.921439e+01  3.681035e+01  3.000000e+00
     vertex  3.921439e+01  3.681035e+01  1.421085e-14
     vertex  3.918129e+01  3.677748e+01  1.421085e-14
   endloop
 endfacet
 facet normal -7.238775e-01  6.899286e-01  0.000000e+00
   outer loop
     vertex  3.921439e+01  3.681035e+01  3.000000e+00
     vertex  3.924657e+01  3.684411e+01  1.421085e-14
     vertex  3.921439e+01  3.681035e+01  1.421085e-14
   endloop
 endfacet
 facet normal -7.046775e-01  7.095278e-01  0.000000e+00
   outer loop
     vertex  3.921439e+01  3.681035e+01  3.000000e+00
     vertex  3.918129e+01  3.677748e+01  1.421085e-14
     vertex  3.918129e+01  3.677748e+01  3.000000e+00
   endloop
 endfacet
 facet normal -7.238775e-01  6.899286e-01  0.000000e+00
   outer loop
     vertex  3.924657e+01  3.684411e+01  3.000000e+00
     vertex  3.924657e+01  3.684411e+01  1.421085e-14
     vertex  3.921439e+01  3.681035e+01  3.000000e+00
   endloop
 endfacet
 facet normal -7.425325e-01  6.698100e-01  0.000000e+00
   outer loop
     vertex  3.927781e+01  3.687875e+01  3.000000e+00
     vertex  3.927781e+01  3.687875e+01  1.421085e-14
     vertex  3.924657e+01  3.684411e+01  1.421085e-14
   endloop
 endfacet
 facet normal -7.425325e-01  6.698100e-01  0.000000e+00
   outer loop
     vertex  3.927781e+01  3.687875e+01  3.000000e+00
     vertex  3.924657e+01  3.684411e+01  1.421085e-14
     vertex  3.924657e+01  3.684411e+01  3.000000e+00
   endloop
 endfacet
 facet normal -7.606287e-01  6.491872e-01  0.000000e+00
   outer loop
     vertex  3.930809e+01  3.691422e+01  3.000000e+00
     vertex  3.930809e+01  3.691422e+01  1.421085e-14
     vertex  3.927781e+01  3.687875e+01  1.421085e-14
   endloop
 endfacet
 facet normal -7.781522e-01  6.280757e-01  0.000000e+00
   outer loop
     vertex  3.930809e+01  3.691422e+01  3.000000e+00
     vertex  3.933738e+01  3.695052e+01  1.421085e-14
     vertex  3.930809e+01  3.691422e+01  1.421085e-14
   endloop
 endfacet
 facet normal -7.606287e-01  6.491872e-01  0.000000e+00
   outer loop
     vertex  3.930809e+01  3.691422e+01  3.000000e+00
     vertex  3.927781e+01  3.687875e+01  1.421085e-14
     vertex  3.927781e+01  3.687875e+01  3.000000e+00
   endloop
 endfacet
 facet normal -7.950900e-01  6.064915e-01  0.000000e+00
   outer loop
     vertex  3.933738e+01  3.695052e+01  3.000000e+00
     vertex  3.936567e+01  3.698760e+01  1.421085e-14
     vertex  3.933738e+01  3.695052e+01  1.421085e-14
   endloop
 endfacet
 facet normal -7.781522e-01  6.280757e-01  0.000000e+00
   outer loop
     vertex  3.933738e+01  3.695052e+01  3.000000e+00
     vertex  3.933738e+01  3.695052e+01  1.421085e-14
     vertex  3.930809e+01  3.691422e+01  3.000000e+00
   endloop
 endfacet
 facet normal -7.950900e-01  6.064915e-01  0.000000e+00
   outer loop
     vertex  3.936567e+01  3.698760e+01  3.000000e+00
     vertex  3.936567e+01  3.698760e+01  1.421085e-14
     vertex  3.933738e+01  3.695052e+01  3.000000e+00
   endloop
 endfacet
 facet normal -8.114292e-01  5.844507e-01  0.000000e+00
   outer loop
     vertex  3.939293e+01  3.702545e+01  3.000000e+00
     vertex  3.936567e+01  3.698760e+01  1.421085e-14
     vertex  3.936567e+01  3.698760e+01  3.000000e+00
   endloop
 endfacet
 facet normal -8.114292e-01  5.844507e-01  0.000000e+00
   outer loop
     vertex  3.939293e+01  3.702545e+01  3.000000e+00
     vertex  3.939293e+01  3.702545e+01  1.421085e-14
     vertex  3.936567e+01  3.698760e+01  1.421085e-14
   endloop
 endfacet
 facet normal -8.271577e-01  5.619699e-01  0.000000e+00
   outer loop
     vertex  3.941914e+01  3.706403e+01  3.000000e+00
     vertex  3.941914e+01  3.706403e+01  1.421085e-14
     vertex  3.939293e+01  3.702545e+01  1.421085e-14
   endloop
 endfacet
 facet normal -8.271577e-01  5.619699e-01  0.000000e+00
   outer loop
     vertex  3.941914e+01  3.706403e+01  3.000000e+00
     vertex  3.939293e+01  3.702545e+01  1.421085e-14
     vertex  3.939293e+01  3.702545e+01  3.000000e+00
   endloop
 endfacet
 facet normal -8.422635e-01  5.390661e-01  0.000000e+00
   outer loop
     vertex  3.944428e+01  3.710332e+01  3.000000e+00
     vertex  3.941914e+01  3.706403e+01  1.421085e-14
     vertex  3.941914e+01  3.706403e+01  3.000000e+00
   endloop
 endfacet
 facet normal -8.422635e-01  5.390661e-01  0.000000e+00
   outer loop
     vertex  3.944428e+01  3.710332e+01  3.000000e+00
     vertex  3.944428e+01  3.710332e+01  1.421085e-14
     vertex  3.941914e+01  3.706403e+01  1.421085e-14
   endloop
 endfacet
 facet normal -8.567352e-01  5.157565e-01  0.000000e+00
   outer loop
     vertex  3.946834e+01  3.714328e+01  3.000000e+00
     vertex  3.944428e+01  3.710332e+01  1.421085e-14
     vertex  3.944428e+01  3.710332e+01  3.000000e+00
   endloop
 endfacet
 facet normal -8.567352e-01  5.157565e-01  0.000000e+00
   outer loop
     vertex  3.946834e+01  3.714328e+01  3.000000e+00
     vertex  3.946834e+01  3.714328e+01  1.421085e-14
     vertex  3.944428e+01  3.710332e+01  1.421085e-14
   endloop
 endfacet
 facet normal -8.705620e-01  4.920587e-01  0.000000e+00
   outer loop
     vertex  3.949129e+01  3.718388e+01  3.000000e+00
     vertex  3.946834e+01  3.714328e+01  1.421085e-14
     vertex  3.946834e+01  3.714328e+01  3.000000e+00
   endloop
 endfacet
 facet normal -8.705620e-01  4.920587e-01  0.000000e+00
   outer loop
     vertex  3.949129e+01  3.718388e+01  3.000000e+00
     vertex  3.949129e+01  3.718388e+01  1.421085e-14
     vertex  3.946834e+01  3.714328e+01  1.421085e-14
   endloop
 endfacet
 facet normal -8.837335e-01  4.679904e-01  0.000000e+00
   outer loop
     vertex  3.951312e+01  3.722510e+01  3.000000e+00
     vertex  3.949129e+01  3.718388e+01  1.421085e-14
     vertex  3.949129e+01  3.718388e+01  3.000000e+00
   endloop
 endfacet
 facet normal -8.837335e-01  4.679904e-01  0.000000e+00
   outer loop
     vertex  3.951312e+01  3.722510e+01  3.000000e+00
     vertex  3.951312e+01  3.722510e+01  1.421085e-14
     vertex  3.949129e+01  3.718388e+01  1.421085e-14
   endloop
 endfacet
 facet normal -8.962398e-01  4.435699e-01  0.000000e+00
   outer loop
     vertex  3.953381e+01  3.726690e+01  3.000000e+00
     vertex  3.951312e+01  3.722510e+01  1.421085e-14
     vertex  3.951312e+01  3.722510e+01  3.000000e+00
   endloop
 endfacet
 facet normal -8.962398e-01  4.435699e-01  0.000000e+00
   outer loop
     vertex  3.953381e+01  3.726690e+01  3.000000e+00
     vertex  3.953381e+01  3.726690e+01  1.421085e-14
     vertex  3.951312e+01  3.722510e+01  1.421085e-14
   endloop
 endfacet
 facet normal -9.080714e-01  4.188155e-01  0.000000e+00
   outer loop
     vertex  3.955334e+01  3.730926e+01  3.000000e+00
     vertex  3.953381e+01  3.726690e+01  1.421085e-14
     vertex  3.953381e+01  3.726690e+01  3.000000e+00
   endloop
 endfacet
 facet normal -9.080714e-01  4.188155e-01  0.000000e+00
   outer loop
     vertex  3.955334e+01  3.730926e+01  3.000000e+00
     vertex  3.955334e+01  3.730926e+01  1.421085e-14
     vertex  3.953381e+01  3.726690e+01  1.421085e-14
   endloop
 endfacet
 facet normal -9.192194e-01  3.937458e-01  0.000000e+00
   outer loop
     vertex  3.957171e+01  3.735213e+01  3.000000e+00
     vertex  3.955334e+01  3.730926e+01  1.421085e-14
     vertex  3.955334e+01  3.730926e+01  3.000000e+00
   endloop
 endfacet
 facet normal -9.192194e-01  3.937458e-01  0.000000e+00
   outer loop
     vertex  3.957171e+01  3.735213e+01  3.000000e+00
     vertex  3.957171e+01  3.735213e+01  1.421085e-14
     vertex  3.955334e+01  3.730926e+01  1.421085e-14
   endloop
 endfacet
 facet normal -9.296754e-01  3.683796e-01  0.000000e+00
   outer loop
     vertex  3.958889e+01  3.739549e+01  3.000000e+00
     vertex  3.957171e+01  3.735213e+01  1.421085e-14
     vertex  3.957171e+01  3.735213e+01  3.000000e+00
   endloop
 endfacet
 facet normal -9.296754e-01  3.683796e-01  0.000000e+00
   outer loop
     vertex  3.958889e+01  3.739549e+01  3.000000e+00
     vertex  3.958889e+01  3.739549e+01  1.421085e-14
     vertex  3.957171e+01  3.735213e+01  1.421085e-14
   endloop
 endfacet
 facet normal -9.394317e-01  3.427362e-01  0.000000e+00
   outer loop
     vertex  3.958889e+01  3.739549e+01  3.000000e+00
     vertex  3.960488e+01  3.743931e+01  1.421085e-14
     vertex  3.958889e+01  3.739549e+01  1.421085e-14
   endloop
 endfacet
 facet normal -9.394317e-01  3.427362e-01  0.000000e+00
   outer loop
     vertex  3.960488e+01  3.743931e+01  3.000000e+00
     vertex  3.960488e+01  3.743931e+01  1.421085e-14
     vertex  3.958889e+01  3.739549e+01  3.000000e+00
   endloop
 endfacet
 facet normal -9.484807e-01  3.168348e-01  0.000000e+00
   outer loop
     vertex  3.961965e+01  3.748355e+01  3.000000e+00
     vertex  3.960488e+01  3.743931e+01  1.421085e-14
     vertex  3.960488e+01  3.743931e+01  3.000000e+00
   endloop
 endfacet
 facet normal -9.484807e-01  3.168348e-01  0.000000e+00
   outer loop
     vertex  3.961965e+01  3.748355e+01  3.000000e+00
     vertex  3.961965e+01  3.748355e+01  1.421085e-14
     vertex  3.960488e+01  3.743931e+01  1.421085e-14
   endloop
 endfacet
 facet normal -9.568158e-01  2.906949e-01  0.000000e+00
   outer loop
     vertex  3.963321e+01  3.752818e+01  3.000000e+00
     vertex  3.961965e+01  3.748355e+01  1.421085e-14
     vertex  3.961965e+01  3.748355e+01  3.000000e+00
   endloop
 endfacet
 facet normal -9.568158e-01  2.906949e-01  0.000000e+00
   outer loop
     vertex  3.963321e+01  3.752818e+01  3.000000e+00
     vertex  3.963321e+01  3.752818e+01  1.421085e-14
     vertex  3.961965e+01  3.748355e+01  1.421085e-14
   endloop
 endfacet
 facet normal -9.644306e-01  2.643362e-01  0.000000e+00
   outer loop
     vertex  3.964554e+01  3.757316e+01  3.000000e+00
     vertex  3.963321e+01  3.752818e+01  1.421085e-14
     vertex  3.963321e+01  3.752818e+01  3.000000e+00
   endloop
 endfacet
 facet normal -9.644306e-01  2.643362e-01  0.000000e+00
   outer loop
     vertex  3.964554e+01  3.757316e+01  3.000000e+00
     vertex  3.964554e+01  3.757316e+01  1.421085e-14
     vertex  3.963321e+01  3.752818e+01  1.421085e-14
   endloop
 endfacet
 facet normal -9.713194e-01  2.377784e-01  0.000000e+00
   outer loop
     vertex  3.965663e+01  3.761847e+01  3.000000e+00
     vertex  3.964554e+01  3.757316e+01  1.421085e-14
     vertex  3.964554e+01  3.757316e+01  3.000000e+00
   endloop
 endfacet
 facet normal -9.713194e-01  2.377784e-01  0.000000e+00
   outer loop
     vertex  3.965663e+01  3.761847e+01  3.000000e+00
     vertex  3.965663e+01  3.761847e+01  1.421085e-14
     vertex  3.964554e+01  3.757316e+01  1.421085e-14
   endloop
 endfacet
 facet normal -9.774771e-01  2.110417e-01  0.000000e+00
   outer loop
     vertex  3.966648e+01  3.766406e+01  3.000000e+00
     vertex  3.965663e+01  3.761847e+01  1.421085e-14
     vertex  3.965663e+01  3.761847e+01  3.000000e+00
   endloop
 endfacet
 facet normal -9.774771e-01  2.110417e-01  0.000000e+00
   outer loop
     vertex  3.966648e+01  3.766406e+01  3.000000e+00
     vertex  3.966648e+01  3.766406e+01  1.421085e-14
     vertex  3.965663e+01  3.761847e+01  1.421085e-14
   endloop
 endfacet
 facet normal -9.828989e-01  1.841461e-01  0.000000e+00
   outer loop
     vertex  3.967507e+01  3.770990e+01  3.000000e+00
     vertex  3.966648e+01  3.766406e+01  1.421085e-14
     vertex  3.966648e+01  3.766406e+01  3.000000e+00
   endloop
 endfacet
 facet normal -9.828989e-01  1.841461e-01  0.000000e+00
   outer loop
     vertex  3.967507e+01  3.770990e+01  3.000000e+00
     vertex  3.967507e+01  3.770990e+01  1.421085e-14
     vertex  3.966648e+01  3.766406e+01  1.421085e-14
   endloop
 endfacet
 facet normal -9.875808e-01  1.571119e-01  0.000000e+00
   outer loop
     vertex  3.967507e+01  3.770990e+01  3.000000e+00
     vertex  3.968239e+01  3.775597e+01  1.421085e-14
     vertex  3.967507e+01  3.770990e+01  1.421085e-14
   endloop
 endfacet
 facet normal -9.875808e-01  1.571119e-01  0.000000e+00
   outer loop
     vertex  3.968239e+01  3.775597e+01  3.000000e+00
     vertex  3.968239e+01  3.775597e+01  1.421085e-14
     vertex  3.967507e+01  3.770990e+01  3.000000e+00
   endloop
 endfacet
 facet normal -9.915193e-01  1.299594e-01  0.000000e+00
   outer loop
     vertex  3.968239e+01  3.775597e+01  3.000000e+00
     vertex  3.968846e+01  3.780221e+01  1.421085e-14
     vertex  3.968239e+01  3.775597e+01  1.421085e-14
   endloop
 endfacet
 facet normal -9.915193e-01  1.299594e-01  0.000000e+00
   outer loop
     vertex  3.968846e+01  3.780221e+01  3.000000e+00
     vertex  3.968846e+01  3.780221e+01  1.421085e-14
     vertex  3.968239e+01  3.775597e+01  3.000000e+00
   endloop
 endfacet
 facet normal -9.947114e-01  1.027091e-01  0.000000e+00
   outer loop
     vertex  3.969325e+01  3.784861e+01  3.000000e+00
     vertex  3.968846e+01  3.780221e+01  1.421085e-14
     vertex  3.968846e+01  3.780221e+01  3.000000e+00
   endloop
 endfacet
 facet normal -9.947114e-01  1.027091e-01  0.000000e+00
   outer loop
     vertex  3.969325e+01  3.784861e+01  3.000000e+00
     vertex  3.969325e+01  3.784861e+01  1.421085e-14
     vertex  3.968846e+01  3.780221e+01  1.421085e-14
   endloop
 endfacet
 facet normal -9.971548e-01  7.538152e-02  0.000000e+00
   outer loop
     vertex  3.969676e+01  3.789512e+01  3.000000e+00
     vertex  3.969325e+01  3.784861e+01  1.421085e-14
     vertex  3.969325e+01  3.784861e+01  3.000000e+00
   endloop
 endfacet
 facet normal -9.971548e-01  7.538152e-02  0.000000e+00
   outer loop
     vertex  3.969676e+01  3.789512e+01  3.000000e+00
     vertex  3.969676e+01  3.789512e+01  1.421085e-14
     vertex  3.969325e+01  3.784861e+01  1.421085e-14
   endloop
 endfacet
 facet normal -9.988475e-01  4.799716e-02  0.000000e+00
   outer loop
     vertex  3.969900e+01  3.794171e+01  3.000000e+00
     vertex  3.969676e+01  3.789512e+01  1.421085e-14
     vertex  3.969676e+01  3.789512e+01  3.000000e+00
   endloop
 endfacet
 facet normal -9.988475e-01  4.799716e-02  0.000000e+00
   outer loop
     vertex  3.969900e+01  3.794171e+01  3.000000e+00
     vertex  3.969900e+01  3.794171e+01  1.421085e-14
     vertex  3.969676e+01  3.789512e+01  1.421085e-14
   endloop
 endfacet
 facet normal -9.997883e-01  2.057667e-02  0.000000e+00
   outer loop
     vertex  3.969996e+01  3.798834e+01  3.000000e+00
     vertex  3.969996e+01  3.798834e+01  1.421085e-14
     vertex  3.969900e+01  3.794171e+01  1.421085e-14
   endloop
 endfacet
 facet normal -9.997883e-01  2.057667e-02  0.000000e+00
   outer loop
     vertex  3.969996e+01  3.798834e+01  3.000000e+00
     vertex  3.969900e+01  3.794171e+01  1.421085e-14
     vertex  3.969900e+01  3.794171e+01  3.000000e+00
   endloop
 endfacet
 facet normal -9.999765e-01 -6.859319e-03 -0.000000e+00
   outer loop
     vertex  3.969996e+01  3.798834e+01  3.000000e+00
     vertex  3.969964e+01  3.803498e+01  1.421085e-14
     vertex  3.969996e+01  3.798834e+01  1.421085e-14
   endloop
 endfacet
 facet normal -9.999765e-01 -6.859319e-03 -0.000000e+00
   outer loop
     vertex  3.969964e+01  3.803498e+01  3.000000e+00
     vertex  3.969964e+01  3.803498e+01  1.421085e-14
     vertex  3.969996e+01  3.798834e+01  3.000000e+00
   endloop
 endfacet
 facet normal -9.994119e-01 -3.429014e-02 -0.000000e+00
   outer loop
     vertex  3.969804e+01  3.808160e+01  3.000000e+00
     vertex  3.969804e+01  3.808160e+01  1.421085e-14
     vertex  3.969964e+01  3.803498e+01  1.421085e-14
   endloop
 endfacet
 facet normal -9.994119e-01 -3.429014e-02  0.000000e+00
   outer loop
     vertex  3.969804e+01  3.808160e+01  3.000000e+00
     vertex  3.969964e+01  3.803498e+01  1.421085e-14
     vertex  3.969964e+01  3.803498e+01  3.000000e+00
   endloop
 endfacet
 facet normal -9.980950e-01 -6.169515e-02 -0.000000e+00
   outer loop
     vertex  3.969516e+01  3.812815e+01  3.000000e+00
     vertex  3.969516e+01  3.812815e+01  1.421085e-14
     vertex  3.969804e+01  3.808160e+01  1.421085e-14
   endloop
 endfacet
 facet normal -9.960268e-01 -8.905371e-02 -0.000000e+00
   outer loop
     vertex  3.969516e+01  3.812815e+01  3.000000e+00
     vertex  3.969101e+01  3.817461e+01  1.421085e-14
     vertex  3.969516e+01  3.812815e+01  1.421085e-14
   endloop
 endfacet
 facet normal -9.980950e-01 -6.169515e-02  0.000000e+00
   outer loop
     vertex  3.969516e+01  3.812815e+01  3.000000e+00
     vertex  3.969804e+01  3.808160e+01  1.421085e-14
     vertex  3.969804e+01  3.808160e+01  3.000000e+00
   endloop
 endfacet
 facet normal -9.960268e-01 -8.905371e-02 -0.000000e+00
   outer loop
     vertex  3.969101e+01  3.817461e+01  3.000000e+00
     vertex  3.969101e+01  3.817461e+01  1.421085e-14
     vertex  3.969516e+01  3.812815e+01  3.000000e+00
   endloop
 endfacet
 facet normal -9.932088e-01 -1.163452e-01  0.000000e+00
   outer loop
     vertex  3.968558e+01  3.822093e+01  3.000000e+00
     vertex  3.969101e+01  3.817461e+01  1.421085e-14
     vertex  3.969101e+01  3.817461e+01  3.000000e+00
   endloop
 endfacet
 facet normal -9.932088e-01 -1.163452e-01 -0.000000e+00
   outer loop
     vertex  3.968558e+01  3.822093e+01  3.000000e+00
     vertex  3.968558e+01  3.822093e+01  1.421085e-14
     vertex  3.969101e+01  3.817461e+01  1.421085e-14
   endloop
 endfacet
 facet normal -9.896432e-01 -1.435492e-01  0.000000e+00
   outer loop
     vertex  3.967889e+01  3.826709e+01  3.000000e+00
     vertex  3.968558e+01  3.822093e+01  1.421085e-14
     vertex  3.968558e+01  3.822093e+01  3.000000e+00
   endloop
 endfacet
 facet normal -9.896432e-01 -1.435492e-01 -0.000000e+00
   outer loop
     vertex  3.967889e+01  3.826709e+01  3.000000e+00
     vertex  3.967889e+01  3.826709e+01  1.421085e-14
     vertex  3.968558e+01  3.822093e+01  1.421085e-14
   endloop
 endfacet
 facet normal -9.853326e-01 -1.706451e-01 -0.000000e+00
   outer loop
     vertex  3.967889e+01  3.826709e+01  3.000000e+00
     vertex  3.967093e+01  3.831305e+01  1.421085e-14
     vertex  3.967889e+01  3.826709e+01  1.421085e-14
   endloop
 endfacet
 facet normal -9.853326e-01 -1.706451e-01 -0.000000e+00
   outer loop
     vertex  3.967093e+01  3.831305e+01  3.000000e+00
     vertex  3.967093e+01  3.831305e+01  1.421085e-14
     vertex  3.967889e+01  3.826709e+01  3.000000e+00
   endloop
 endfacet
 facet normal -9.802802e-01 -1.976125e-01  0.000000e+00
   outer loop
     vertex  3.966171e+01  3.835877e+01  3.000000e+00
     vertex  3.967093e+01  3.831305e+01  1.421085e-14
     vertex  3.967093e+01  3.831305e+01  3.000000e+00
   endloop
 endfacet
 facet normal -9.802802e-01 -1.976125e-01 -0.000000e+00
   outer loop
     vertex  3.966171e+01  3.835877e+01  3.000000e+00
     vertex  3.966171e+01  3.835877e+01  1.421085e-14
     vertex  3.967093e+01  3.831305e+01  1.421085e-14
   endloop
 endfacet
 facet normal -9.744899e-01 -2.244312e-01  0.000000e+00
   outer loop
     vertex  3.965124e+01  3.840422e+01  3.000000e+00
     vertex  3.966171e+01  3.835877e+01  1.421085e-14
     vertex  3.966171e+01  3.835877e+01  3.000000e+00
   endloop
 endfacet
 facet normal -9.744899e-01 -2.244312e-01 -0.000000e+00
   outer loop
     vertex  3.965124e+01  3.840422e+01  3.000000e+00
     vertex  3.965124e+01  3.840422e+01  1.421085e-14
     vertex  3.966171e+01  3.835877e+01  1.421085e-14
   endloop
 endfacet
 facet normal -9.679661e-01 -2.510809e-01 -0.000000e+00
   outer loop
     vertex  3.965124e+01  3.840422e+01  3.000000e+00
     vertex  3.963953e+01  3.844937e+01  1.421085e-14
     vertex  3.965124e+01  3.840422e+01  1.421085e-14
   endloop
 endfacet
 facet normal -9.679661e-01 -2.510809e-01 -0.000000e+00
   outer loop
     vertex  3.963953e+01  3.844937e+01  3.000000e+00
     vertex  3.963953e+01  3.844937e+01  1.421085e-14
     vertex  3.965124e+01  3.840422e+01  3.000000e+00
   endloop
 endfacet
 facet normal -9.607136e-01 -2.775416e-01  0.000000e+00
   outer loop
     vertex  3.962659e+01  3.849418e+01  3.000000e+00
     vertex  3.963953e+01  3.844937e+01  1.421085e-14
     vertex  3.963953e+01  3.844937e+01  3.000000e+00
   endloop
 endfacet
 facet normal -9.607136e-01 -2.775416e-01 -0.000000e+00
   outer loop
     vertex  3.962659e+01  3.849418e+01  3.000000e+00
     vertex  3.962659e+01  3.849418e+01  1.421085e-14
     vertex  3.963953e+01  3.844937e+01  1.421085e-14
   endloop
 endfacet
 facet normal -9.527379e-01 -3.037934e-01  0.000000e+00
   outer loop
     vertex  3.961242e+01  3.853862e+01  3.000000e+00
     vertex  3.962659e+01  3.849418e+01  1.421085e-14
     vertex  3.962659e+01  3.849418e+01  3.000000e+00
   endloop
 endfacet
 facet normal -9.527379e-01 -3.037934e-01 -0.000000e+00
   outer loop
     vertex  3.961242e+01  3.853862e+01  3.000000e+00
     vertex  3.961242e+01  3.853862e+01  1.421085e-14
     vertex  3.962659e+01  3.849418e+01  1.421085e-14
   endloop
 endfacet
 facet normal -9.440450e-01 -3.298166e-01  0.000000e+00
   outer loop
     vertex  3.959703e+01  3.858265e+01  3.000000e+00
     vertex  3.961242e+01  3.853862e+01  1.421085e-14
     vertex  3.961242e+01  3.853862e+01  3.000000e+00
   endloop
 endfacet
 facet normal -9.440450e-01 -3.298166e-01 -0.000000e+00
   outer loop
     vertex  3.959703e+01  3.858265e+01  3.000000e+00
     vertex  3.959703e+01  3.858265e+01  1.421085e-14
     vertex  3.961242e+01  3.853862e+01  1.421085e-14
   endloop
 endfacet
 facet normal -9.346415e-01 -3.555914e-01 -0.000000e+00
   outer loop
     vertex  3.959703e+01  3.858265e+01  3.000000e+00
     vertex  3.958045e+01  3.862625e+01  1.421085e-14
     vertex  3.959703e+01  3.858265e+01  1.421085e-14
   endloop
 endfacet
 facet normal -9.346415e-01 -3.555914e-01 -0.000000e+00
   outer loop
     vertex  3.958045e+01  3.862625e+01  3.000000e+00
     vertex  3.958045e+01  3.862625e+01  1.421085e-14
     vertex  3.959703e+01  3.858265e+01  3.000000e+00
   endloop
 endfacet
 facet normal -9.137314e-01 -4.063188e-01 -0.000000e+00
   outer loop
     vertex  3.956267e+01  3.866937e+01  3.000000e+00
     vertex  3.954372e+01  3.871199e+01  1.421085e-14
     vertex  3.956267e+01  3.866937e+01  1.421085e-14
   endloop
 endfacet
 facet normal -9.245344e-01 -3.810986e-01  0.000000e+00
   outer loop
     vertex  3.956267e+01  3.866937e+01  3.000000e+00
     vertex  3.958045e+01  3.862625e+01  1.421085e-14
     vertex  3.958045e+01  3.862625e+01  3.000000e+00
   endloop
 endfacet
 facet normal -9.245344e-01 -3.810986e-01 -0.000000e+00
   outer loop
     vertex  3.956267e+01  3.866937e+01  3.000000e+00
     vertex  3.956267e+01  3.866937e+01  1.421085e-14
     vertex  3.958045e+01  3.862625e+01  1.421085e-14
   endloop
 endfacet
 facet normal -9.137314e-01 -4.063188e-01 -0.000000e+00
   outer loop
     vertex  3.954372e+01  3.871199e+01  3.000000e+00
     vertex  3.954372e+01  3.871199e+01  1.421085e-14
     vertex  3.956267e+01  3.866937e+01  3.000000e+00
   endloop
 endfacet
 facet normal -9.022405e-01 -4.312333e-01 -0.000000e+00
   outer loop
     vertex  3.952361e+01  3.875407e+01  3.000000e+00
     vertex  3.952361e+01  3.875407e+01  1.421085e-14
     vertex  3.954372e+01  3.871199e+01  1.421085e-14
   endloop
 endfacet
 facet normal -9.022405e-01 -4.312333e-01  0.000000e+00
   outer loop
     vertex  3.952361e+01  3.875407e+01  3.000000e+00
     vertex  3.954372e+01  3.871199e+01  1.421085e-14
     vertex  3.954372e+01  3.871199e+01  3.000000e+00
   endloop
 endfacet
 facet normal -8.900704e-01 -4.558231e-01 -0.000000e+00
   outer loop
     vertex  3.950235e+01  3.879558e+01  3.000000e+00
     vertex  3.950235e+01  3.879558e+01  1.421085e-14
     vertex  3.952361e+01  3.875407e+01  1.421085e-14
   endloop
 endfacet
 facet normal -8.772303e-01 -4.800697e-01 -0.000000e+00
   outer loop
     vertex  3.950235e+01  3.879558e+01  3.000000e+00
     vertex  3.947996e+01  3.883650e+01  1.421085e-14
     vertex  3.950235e+01  3.879558e+01  1.421085e-14
   endloop
 endfacet
 facet normal -8.900704e-01 -4.558231e-01  0.000000e+00
   outer loop
     vertex  3.950235e+01  3.879558e+01  3.000000e+00
     vertex  3.952361e+01  3.875407e+01  1.421085e-14
     vertex  3.952361e+01  3.875407e+01  3.000000e+00
   endloop
 endfacet
 facet normal -8.772303e-01 -4.800697e-01 -0.000000e+00
   outer loop
     vertex  3.947996e+01  3.883650e+01  3.000000e+00
     vertex  3.947996e+01  3.883650e+01  1.421085e-14
     vertex  3.950235e+01  3.879558e+01  3.000000e+00
   endloop
 endfacet
 facet normal -8.637299e-01 -5.039550e-01 -0.000000e+00
   outer loop
     vertex  3.945645e+01  3.887679e+01  3.000000e+00
     vertex  3.945645e+01  3.887679e+01  1.421085e-14
     vertex  3.947996e+01  3.883650e+01  1.421085e-14
   endloop
 endfacet
 facet normal -8.637299e-01 -5.039550e-01  0.000000e+00
   outer loop
     vertex  3.945645e+01  3.887679e+01  3.000000e+00
     vertex  3.947996e+01  3.883650e+01  1.421085e-14
     vertex  3.947996e+01  3.883650e+01  3.000000e+00
   endloop
 endfacet
 facet normal -8.495793e-01 -5.274609e-01 -0.000000e+00
   outer loop
     vertex  3.943185e+01  3.891641e+01  3.000000e+00
     vertex  3.943185e+01  3.891641e+01  1.421085e-14
     vertex  3.945645e+01  3.887679e+01  1.421085e-14
   endloop
 endfacet
 facet normal -8.347891e-01 -5.505698e-01 -0.000000e+00
   outer loop
     vertex  3.943185e+01  3.891641e+01  3.000000e+00
     vertex  3.940617e+01  3.895535e+01  1.421085e-14
     vertex  3.943185e+01  3.891641e+01  1.421085e-14
   endloop
 endfacet
 facet normal -8.495793e-01 -5.274609e-01  0.000000e+00
   outer loop
     vertex  3.943185e+01  3.891641e+01  3.000000e+00
     vertex  3.945645e+01  3.887679e+01  1.421085e-14
     vertex  3.945645e+01  3.887679e+01  3.000000e+00
   endloop
 endfacet
 facet normal -8.347891e-01 -5.505698e-01 -0.000000e+00
   outer loop
     vertex  3.940617e+01  3.895535e+01  3.000000e+00
     vertex  3.940617e+01  3.895535e+01  1.421085e-14
     vertex  3.943185e+01  3.891641e+01  3.000000e+00
   endloop
 endfacet
 facet normal -8.193706e-01 -5.732642e-01 -0.000000e+00
   outer loop
     vertex  3.937943e+01  3.899357e+01  3.000000e+00
     vertex  3.937943e+01  3.899357e+01  1.421085e-14
     vertex  3.940617e+01  3.895535e+01  1.421085e-14
   endloop
 endfacet
 facet normal -8.193706e-01 -5.732642e-01  0.000000e+00
   outer loop
     vertex  3.937943e+01  3.899357e+01  3.000000e+00
     vertex  3.940617e+01  3.895535e+01  1.421085e-14
     vertex  3.940617e+01  3.895535e+01  3.000000e+00
   endloop
 endfacet
 facet normal -8.033352e-01 -5.955271e-01 -0.000000e+00
   outer loop
     vertex  3.935165e+01  3.903104e+01  3.000000e+00
     vertex  3.935165e+01  3.903104e+01  0.000000e+00
     vertex  3.937943e+01  3.899357e+01  1.421085e-14
   endloop
 endfacet
 facet normal -7.866951e-01 -6.173417e-01 -0.000000e+00
   outer loop
     vertex  3.935165e+01  3.903104e+01  3.000000e+00
     vertex  3.932286e+01  3.906773e+01  0.000000e+00
     vertex  3.935165e+01  3.903104e+01  0.000000e+00
   endloop
 endfacet
 facet normal -8.033352e-01 -5.955271e-01  0.000000e+00
   outer loop
     vertex  3.935165e+01  3.903104e+01  3.000000e+00
     vertex  3.937943e+01  3.899357e+01  1.421085e-14
     vertex  3.937943e+01  3.899357e+01  3.000000e+00
   endloop
 endfacet
 facet normal -7.866951e-01 -6.173417e-01 -0.000000e+00
   outer loop
     vertex  3.932286e+01  3.906773e+01  3.000000e+00
     vertex  3.932286e+01  3.906773e+01  0.000000e+00
     vertex  3.935165e+01  3.903104e+01  3.000000e+00
   endloop
 endfacet
 facet normal -7.694628e-01 -6.386916e-01 -0.000000e+00
   outer loop
     vertex  3.929307e+01  3.910362e+01  3.000000e+00
     vertex  3.929307e+01  3.910362e+01  0.000000e+00
     vertex  3.932286e+01  3.906773e+01  0.000000e+00
   endloop
 endfacet
 facet normal -7.694628e-01 -6.386916e-01  0.000000e+00
   outer loop
     vertex  3.929307e+01  3.910362e+01  3.000000e+00
     vertex  3.932286e+01  3.906773e+01  0.000000e+00
     vertex  3.932286e+01  3.906773e+01  3.000000e+00
   endloop
 endfacet
 facet normal -7.516513e-01 -6.595607e-01 -0.000000e+00
   outer loop
     vertex  3.926231e+01  3.913868e+01  3.000000e+00
     vertex  3.926231e+01  3.913868e+01  0.000000e+00
     vertex  3.929307e+01  3.910362e+01  0.000000e+00
   endloop
 endfacet
 facet normal -7.516513e-01 -6.595607e-01  0.000000e+00
   outer loop
     vertex  3.926231e+01  3.913868e+01  3.000000e+00
     vertex  3.929307e+01  3.910362e+01  0.000000e+00
     vertex  3.929307e+01  3.910362e+01  3.000000e+00
   endloop
 endfacet
 facet normal -7.332740e-01 -6.799333e-01 -0.000000e+00
   outer loop
     vertex  3.923059e+01  3.917288e+01  3.000000e+00
     vertex  3.923059e+01  3.917288e+01  0.000000e+00
     vertex  3.926231e+01  3.913868e+01  0.000000e+00
   endloop
 endfacet
 facet normal -7.143447e-01 -6.997940e-01 -0.000000e+00
   outer loop
     vertex  3.923059e+01  3.917288e+01  3.000000e+00
     vertex  3.919795e+01  3.920620e+01  0.000000e+00
     vertex  3.923059e+01  3.917288e+01  0.000000e+00
   endloop
 endfacet
 facet normal -7.332740e-01 -6.799333e-01  0.000000e+00
   outer loop
     vertex  3.923059e+01  3.917288e+01  3.000000e+00
     vertex  3.926231e+01  3.913868e+01  0.000000e+00
     vertex  3.926231e+01  3.913868e+01  3.000000e+00
   endloop
 endfacet
 facet normal -7.143447e-01 -6.997940e-01 -0.000000e+00
   outer loop
     vertex  3.919795e+01  3.920620e+01  3.000000e+00
     vertex  3.919795e+01  3.920620e+01  0.000000e+00
     vertex  3.923059e+01  3.917288e+01  3.000000e+00
   endloop
 endfacet
 facet normal -6.948776e-01 -7.191280e-01 -0.000000e+00
   outer loop
     vertex  3.919795e+01  3.920620e+01  3.000000e+00
     vertex  3.916441e+01  3.923861e+01  0.000000e+00
     vertex  3.919795e+01  3.920620e+01  0.000000e+00
   endloop
 endfacet
 facet normal -6.948776e-01 -7.191280e-01 -0.000000e+00
   outer loop
     vertex  3.916441e+01  3.923861e+01  3.000000e+00
     vertex  3.916441e+01  3.923861e+01  0.000000e+00
     vertex  3.919795e+01  3.920620e+01  3.000000e+00
   endloop
 endfacet
 facet normal -6.748875e-01 -7.379206e-01 -0.000000e+00
   outer loop
     vertex  3.916441e+01  3.923861e+01  3.000000e+00
     vertex  3.912999e+01  3.927009e+01  0.000000e+00
     vertex  3.916441e+01  3.923861e+01  0.000000e+00
   endloop
 endfacet
 facet normal -6.748875e-01 -7.379206e-01 -0.000000e+00
   outer loop
     vertex  3.912999e+01  3.927009e+01  3.000000e+00
     vertex  3.912999e+01  3.927009e+01  0.000000e+00
     vertex  3.916441e+01  3.923861e+01  3.000000e+00
   endloop
 endfacet
 facet normal -6.543893e-01 -7.561578e-01  0.000000e+00
   outer loop
     vertex  3.909472e+01  3.930061e+01  3.000000e+00
     vertex  3.912999e+01  3.927009e+01  0.000000e+00
     vertex  3.912999e+01  3.927009e+01  3.000000e+00
   endloop
 endfacet
 facet normal -6.543893e-01 -7.561578e-01 -0.000000e+00
   outer loop
     vertex  3.909472e+01  3.930061e+01  3.000000e+00
     vertex  3.909472e+01  3.930061e+01  0.000000e+00
     vertex  3.912999e+01  3.927009e+01  0.000000e+00
   endloop
 endfacet
 facet normal -6.333986e-01 -7.738257e-01 -0.000000e+00
   outer loop
     vertex  3.909472e+01  3.930061e+01  3.000000e+00
     vertex  3.905863e+01  3.933015e+01  0.000000e+00
     vertex  3.909472e+01  3.930061e+01  0.000000e+00
   endloop
 endfacet
 facet normal -6.333986e-01 -7.738257e-01 -0.000000e+00
   outer loop
     vertex  3.905863e+01  3.933015e+01  3.000000e+00
     vertex  3.905863e+01  3.933015e+01  0.000000e+00
     vertex  3.909472e+01  3.930061e+01  3.000000e+00
   endloop
 endfacet
 facet normal -6.119310e-01 -7.909112e-01 -0.000000e+00
   outer loop
     vertex  3.902174e+01  3.935869e+01  3.000000e+00
     vertex  3.902174e+01  3.935869e+01  0.000000e+00
     vertex  3.905863e+01  3.933015e+01  0.000000e+00
   endloop
 endfacet
 facet normal -6.119310e-01 -7.909112e-01  0.000000e+00
   outer loop
     vertex  3.902174e+01  3.935869e+01  3.000000e+00
     vertex  3.905863e+01  3.933015e+01  0.000000e+00
     vertex  3.905863e+01  3.933015e+01  3.000000e+00
   endloop
 endfacet
 facet normal -5.900028e-01 -8.074012e-01  0.000000e+00
   outer loop
     vertex  3.898408e+01  3.938621e+01  3.000000e+00
     vertex  3.902174e+01  3.935869e+01  0.000000e+00
     vertex  3.902174e+01  3.935869e+01  3.000000e+00
   endloop
 endfacet
 facet normal -5.900028e-01 -8.074012e-01 -0.000000e+00
   outer loop
     vertex  3.898408e+01  3.938621e+01  3.000000e+00
     vertex  3.898408e+01  3.938621e+01  0.000000e+00
     vertex  3.902174e+01  3.935869e+01  0.000000e+00
   endloop
 endfacet
 facet normal -5.676304e-01 -8.232835e-01 -0.000000e+00
   outer loop
     vertex  3.898408e+01  3.938621e+01  3.000000e+00
     vertex  3.894568e+01  3.941269e+01  0.000000e+00
     vertex  3.898408e+01  3.938621e+01  0.000000e+00
   endloop
 endfacet
 facet normal -5.448308e-01 -8.385460e-01 -0.000000e+00
   outer loop
     vertex  3.894568e+01  3.941269e+01  3.000000e+00
     vertex  3.890657e+01  3.943810e+01  0.000000e+00
     vertex  3.894568e+01  3.941269e+01  0.000000e+00
   endloop
 endfacet
 facet normal -5.676304e-01 -8.232835e-01 -0.000000e+00
   outer loop
     vertex  3.894568e+01  3.941269e+01  3.000000e+00
     vertex  3.894568e+01  3.941269e+01  0.000000e+00
     vertex  3.898408e+01  3.938621e+01  3.000000e+00
   endloop
 endfacet
 facet normal -5.448308e-01 -8.385460e-01 -0.000000e+00
   outer loop
     vertex  3.890657e+01  3.943810e+01  3.000000e+00
     vertex  3.890657e+01  3.943810e+01  0.000000e+00
     vertex  3.894568e+01  3.941269e+01  3.000000e+00
   endloop
 endfacet
 facet normal -5.216210e-01 -8.531773e-01 -0.000000e+00
   outer loop
     vertex  3.886678e+01  3.946243e+01  3.000000e+00
     vertex  3.886678e+01  3.946243e+01  0.000000e+00
     vertex  3.890657e+01  3.943810e+01  0.000000e+00
   endloop
 endfacet
 facet normal -4.980186e-01 -8.671664e-01 -0.000000e+00
   outer loop
     vertex  3.886678e+01  3.946243e+01  3.000000e+00
     vertex  3.882633e+01  3.948566e+01  0.000000e+00
     vertex  3.886678e+01  3.946243e+01  0.000000e+00
   endloop
 endfacet
 facet normal -5.216210e-01 -8.531773e-01  0.000000e+00
   outer loop
     vertex  3.886678e+01  3.946243e+01  3.000000e+00
     vertex  3.890657e+01  3.943810e+01  0.000000e+00
     vertex  3.890657e+01  3.943810e+01  3.000000e+00
   endloop
 endfacet
 facet normal -4.980186e-01 -8.671664e-01 -0.000000e+00
   outer loop
     vertex  3.882633e+01  3.948566e+01  3.000000e+00
     vertex  3.882633e+01  3.948566e+01  0.000000e+00
     vertex  3.886678e+01  3.946243e+01  3.000000e+00
   endloop
 endfacet
 facet normal -4.740412e-01 -8.805026e-01 -0.000000e+00
   outer loop
     vertex  3.878526e+01  3.950777e+01  3.000000e+00
     vertex  3.878526e+01  3.950777e+01  0.000000e+00
     vertex  3.882633e+01  3.948566e+01  0.000000e+00
   endloop
 endfacet
 facet normal -4.740412e-01 -8.805026e-01  0.000000e+00
   outer loop
     vertex  3.878526e+01  3.950777e+01  3.000000e+00
     vertex  3.882633e+01  3.948566e+01  0.000000e+00
     vertex  3.882633e+01  3.948566e+01  3.000000e+00
   endloop
 endfacet
 facet normal -4.497071e-01 -8.931761e-01 -0.000000e+00
   outer loop
     vertex  3.874360e+01  3.952874e+01  3.000000e+00
     vertex  3.874360e+01  3.952874e+01  0.000000e+00
     vertex  3.878526e+01  3.950777e+01  0.000000e+00
   endloop
 endfacet
 facet normal -4.250344e-01 -9.051772e-01 -0.000000e+00
   outer loop
     vertex  3.874360e+01  3.952874e+01  3.000000e+00
     vertex  3.870138e+01  3.954857e+01  0.000000e+00
     vertex  3.874360e+01  3.952874e+01  0.000000e+00
   endloop
 endfacet
 facet normal -4.497071e-01 -8.931761e-01  0.000000e+00
   outer loop
     vertex  3.874360e+01  3.952874e+01  3.000000e+00
     vertex  3.878526e+01  3.950777e+01  0.000000e+00
     vertex  3.878526e+01  3.950777e+01  3.000000e+00
   endloop
 endfacet
 facet normal -4.250344e-01 -9.051772e-01 -0.000000e+00
   outer loop
     vertex  3.870138e+01  3.954857e+01  3.000000e+00
     vertex  3.870138e+01  3.954857e+01  0.000000e+00
     vertex  3.874360e+01  3.952874e+01  3.000000e+00
   endloop
 endfacet
 facet normal -4.000417e-01 -9.164969e-01 -0.000000e+00
   outer loop
     vertex  3.865863e+01  3.956723e+01  3.000000e+00
     vertex  3.865863e+01  3.956723e+01  0.000000e+00
     vertex  3.870138e+01  3.954857e+01  0.000000e+00
   endloop
 endfacet
 facet normal -4.000417e-01 -9.164969e-01  0.000000e+00
   outer loop
     vertex  3.865863e+01  3.956723e+01  3.000000e+00
     vertex  3.870138e+01  3.954857e+01  0.000000e+00
     vertex  3.870138e+01  3.954857e+01  3.000000e+00
   endloop
 endfacet
 facet normal -3.747479e-01 -9.271267e-01 -0.000000e+00
   outer loop
     vertex  3.861539e+01  3.958471e+01  3.000000e+00
     vertex  3.861539e+01  3.958471e+01  0.000000e+00
     vertex  3.865863e+01  3.956723e+01  0.000000e+00
   endloop
 endfacet
 facet normal -3.491720e-01 -9.370586e-01 -0.000000e+00
   outer loop
     vertex  3.861539e+01  3.958471e+01  3.000000e+00
     vertex  3.857168e+01  3.960099e+01  0.000000e+00
     vertex  3.861539e+01  3.958471e+01  0.000000e+00
   endloop
 endfacet
 facet normal -3.747479e-01 -9.271267e-01  0.000000e+00
   outer loop
     vertex  3.861539e+01  3.958471e+01  3.000000e+00
     vertex  3.865863e+01  3.956723e+01  0.000000e+00
     vertex  3.865863e+01  3.956723e+01  3.000000e+00
   endloop
 endfacet
 facet normal -3.491720e-01 -9.370586e-01 -0.000000e+00
   outer loop
     vertex  3.857168e+01  3.960099e+01  3.000000e+00
     vertex  3.857168e+01  3.960099e+01  0.000000e+00
     vertex  3.861539e+01  3.958471e+01  3.000000e+00
   endloop
 endfacet
 facet normal -3.233333e-01 -9.462851e-01 -0.000000e+00
   outer loop
     vertex  3.852755e+01  3.961607e+01  3.000000e+00
     vertex  3.852755e+01  3.961607e+01  0.000000e+00
     vertex  3.857168e+01  3.960099e+01  0.000000e+00
   endloop
 endfacet
 facet normal -3.233333e-01 -9.462851e-01  0.000000e+00
   outer loop
     vertex  3.852755e+01  3.961607e+01  3.000000e+00
     vertex  3.857168e+01  3.960099e+01  0.000000e+00
     vertex  3.857168e+01  3.960099e+01  3.000000e+00
   endloop
 endfacet
 facet normal -2.972512e-01 -9.547993e-01 -0.000000e+00
   outer loop
     vertex  3.848301e+01  3.962994e+01  3.000000e+00
     vertex  3.848301e+01  3.962994e+01  0.000000e+00
     vertex  3.852755e+01  3.961607e+01  0.000000e+00
   endloop
 endfacet
 facet normal -2.709453e-01 -9.625948e-01 -0.000000e+00
   outer loop
     vertex  3.848301e+01  3.962994e+01  3.000000e+00
     vertex  3.843811e+01  3.964258e+01  0.000000e+00
     vertex  3.848301e+01  3.962994e+01  0.000000e+00
   endloop
 endfacet
 facet normal -2.972512e-01 -9.547993e-01  0.000000e+00
   outer loop
     vertex  3.848301e+01  3.962994e+01  3.000000e+00
     vertex  3.852755e+01  3.961607e+01  0.000000e+00
     vertex  3.852755e+01  3.961607e+01  3.000000e+00
   endloop
 endfacet
 facet normal -2.709453e-01 -9.625948e-01 -0.000000e+00
   outer loop
     vertex  3.843811e+01  3.964258e+01  3.000000e+00
     vertex  3.843811e+01  3.964258e+01  0.000000e+00
     vertex  3.848301e+01  3.962994e+01  3.000000e+00
   endloop
 endfacet
 facet normal -2.444354e-01 -9.696656e-01 -0.000000e+00
   outer loop
     vertex  3.839289e+01  3.965398e+01  3.000000e+00
     vertex  3.839289e+01  3.965398e+01  0.000000e+00
     vertex  3.843811e+01  3.964258e+01  0.000000e+00
   endloop
 endfacet
 facet normal -2.444354e-01 -9.696656e-01  0.000000e+00
   outer loop
     vertex  3.839289e+01  3.965398e+01  3.000000e+00
     vertex  3.843811e+01  3.964258e+01  0.000000e+00
     vertex  3.843811e+01  3.964258e+01  3.000000e+00
   endloop
 endfacet
 facet normal -2.177416e-01 -9.760065e-01 -0.000000e+00
   outer loop
     vertex  3.834736e+01  3.966413e+01  3.000000e+00
     vertex  3.834736e+01  3.966413e+01  0.000000e+00
     vertex  3.839289e+01  3.965398e+01  0.000000e+00
   endloop
 endfacet
 facet normal -1.908838e-01 -9.816126e-01 -0.000000e+00
   outer loop
     vertex  3.834736e+01  3.966413e+01  3.000000e+00
     vertex  3.830158e+01  3.967304e+01  0.000000e+00
     vertex  3.834736e+01  3.966413e+01  0.000000e+00
   endloop
 endfacet
 facet normal -2.177416e-01 -9.760065e-01  0.000000e+00
   outer loop
     vertex  3.834736e+01  3.966413e+01  3.000000e+00
     vertex  3.839289e+01  3.965398e+01  0.000000e+00
     vertex  3.839289e+01  3.965398e+01  3.000000e+00
   endloop
 endfacet
 facet normal -1.908838e-01 -9.816126e-01 -0.000000e+00
   outer loop
     vertex  3.830158e+01  3.967304e+01  3.000000e+00
     vertex  3.830158e+01  3.967304e+01  0.000000e+00
     vertex  3.834736e+01  3.966413e+01  3.000000e+00
   endloop
 endfacet
 facet normal -1.638824e-01 -9.864799e-01 -0.000000e+00
   outer loop
     vertex  3.825557e+01  3.968068e+01  3.000000e+00
     vertex  3.825557e+01  3.968068e+01  0.000000e+00
     vertex  3.830158e+01  3.967304e+01  0.000000e+00
   endloop
 endfacet
 facet normal -1.638824e-01 -9.864799e-01  0.000000e+00
   outer loop
     vertex  3.825557e+01  3.968068e+01  3.000000e+00
     vertex  3.830158e+01  3.967304e+01  0.000000e+00
     vertex  3.830158e+01  3.967304e+01  3.000000e+00
   endloop
 endfacet
 facet normal -1.367575e-01 -9.906046e-01 -0.000000e+00
   outer loop
     vertex  3.820936e+01  3.968706e+01  3.000000e+00
     vertex  3.820936e+01  3.968706e+01  0.000000e+00
     vertex  3.825557e+01  3.968068e+01  0.000000e+00
   endloop
 endfacet
 facet normal -1.095298e-01 -9.939835e-01 -0.000000e+00
   outer loop
     vertex  3.820936e+01  3.968706e+01  3.000000e+00
     vertex  3.816300e+01  3.969217e+01  0.000000e+00
     vertex  3.820936e+01  3.968706e+01  0.000000e+00
   endloop
 endfacet
 facet normal -1.367575e-01 -9.906046e-01  0.000000e+00
   outer loop
     vertex  3.820936e+01  3.968706e+01  3.000000e+00
     vertex  3.825557e+01  3.968068e+01  0.000000e+00
     vertex  3.825557e+01  3.968068e+01  3.000000e+00
   endloop
 endfacet
 facet normal -1.095298e-01 -9.939835e-01 -0.000000e+00
   outer loop
     vertex  3.816300e+01  3.969217e+01  3.000000e+00
     vertex  3.816300e+01  3.969217e+01  0.000000e+00
     vertex  3.820936e+01  3.968706e+01  3.000000e+00
   endloop
 endfacet
 facet normal -8.221955e-02 -9.966142e-01  0.000000e+00
   outer loop
     vertex  3.811652e+01  3.969600e+01  3.000000e+00
     vertex  3.816300e+01  3.969217e+01  0.000000e+00
     vertex  3.816300e+01  3.969217e+01  3.000000e+00
   endloop
 endfacet
 facet normal -8.221955e-02 -9.966142e-01 -0.000000e+00
   outer loop
     vertex  3.811652e+01  3.969600e+01  3.000000e+00
     vertex  3.811652e+01  3.969600e+01  0.000000e+00
     vertex  3.816300e+01  3.969217e+01  0.000000e+00
   endloop
 endfacet
 facet normal -5.484744e-02 -9.984947e-01 -0.000000e+00
   outer loop
     vertex  3.811652e+01  3.969600e+01  3.000000e+00
     vertex  3.806995e+01  3.969856e+01  0.000000e+00
     vertex  3.811652e+01  3.969600e+01  0.000000e+00
   endloop
 endfacet
 facet normal -5.484744e-02 -9.984947e-01 -0.000000e+00
   outer loop
     vertex  3.806995e+01  3.969856e+01  3.000000e+00
     vertex  3.806995e+01  3.969856e+01  0.000000e+00
     vertex  3.811652e+01  3.969600e+01  3.000000e+00
   endloop
 endfacet
 facet normal -2.743405e-02 -9.996236e-01 -0.000000e+00
   outer loop
     vertex  3.806995e+01  3.969856e+01  3.000000e+00
     vertex  3.802332e+01  3.969984e+01  0.000000e+00
     vertex  3.806995e+01  3.969856e+01  0.000000e+00
   endloop
 endfacet
 facet normal -2.743405e-02 -9.996236e-01 -0.000000e+00
   outer loop
     vertex  3.802332e+01  3.969984e+01  3.000000e+00
     vertex  3.802332e+01  3.969984e+01  0.000000e+00
     vertex  3.806995e+01  3.969856e+01  3.000000e+00
   endloop
 endfacet
 facet normal  0.000000e+00 -1.000000e+00 -0.000000e+00
   outer loop
     vertex  3.802332e+01  3.969984e+01  3.000000e+00
     vertex  3.797668e+01  3.969984e+01  0.000000e+00
     vertex  3.802332e+01  3.969984e+01  0.000000e+00
   endloop
 endfacet
 facet normal  0.000000e+00 -1.000000e+00  0.000000e+00
   outer loop
     vertex  3.797668e+01  3.969984e+01  3.000000e+00
     vertex  3.797668e+01  3.969984e+01  0.000000e+00
     vertex  3.802332e+01  3.969984e+01  3.000000e+00
   endloop
 endfacet
 facet normal  2.743405e-02 -9.996236e-01  0.000000e+00
   outer loop
     vertex  3.793005e+01  3.969856e+01  3.000000e+00
     vertex  3.797668e+01  3.969984e+01  0.000000e+00
     vertex  3.797668e+01  3.969984e+01  3.000000e+00
   endloop
 endfacet
 facet normal  2.743405e-02 -9.996236e-01  0.000000e+00
   outer loop
     vertex  3.793005e+01  3.969856e+01  3.000000e+00
     vertex  3.793005e+01  3.969856e+01  0.000000e+00
     vertex  3.797668e+01  3.969984e+01  0.000000e+00
   endloop
 endfacet
 facet normal  5.484744e-02 -9.984947e-01  0.000000e+00
   outer loop
     vertex  3.788348e+01  3.969600e+01  3.000000e+00
     vertex  3.793005e+01  3.969856e+01  0.000000e+00
     vertex  3.793005e+01  3.969856e+01  3.000000e+00
   endloop
 endfacet
 facet normal  5.484744e-02 -9.984947e-01  0.000000e+00
   outer loop
     vertex  3.788348e+01  3.969600e+01  3.000000e+00
     vertex  3.788348e+01  3.969600e+01  0.000000e+00
     vertex  3.793005e+01  3.969856e+01  0.000000e+00
   endloop
 endfacet
 facet normal  8.221955e-02 -9.966142e-01  0.000000e+00
   outer loop
     vertex  3.783700e+01  3.969217e+01  3.000000e+00
     vertex  3.788348e+01  3.969600e+01  0.000000e+00
     vertex  3.788348e+01  3.969600e+01  3.000000e+00
   endloop
 endfacet
 facet normal  8.221955e-02 -9.966142e-01  0.000000e+00
   outer loop
     vertex  3.783700e+01  3.969217e+01  3.000000e+00
     vertex  3.783700e+01  3.969217e+01  0.000000e+00
     vertex  3.788348e+01  3.969600e+01  0.000000e+00
   endloop
 endfacet
 facet normal  1.095298e-01 -9.939835e-01  0.000000e+00
   outer loop
     vertex  3.783700e+01  3.969217e+01  3.000000e+00
     vertex  3.779064e+01  3.968706e+01  0.000000e+00
     vertex  3.783700e+01  3.969217e+01  0.000000e+00
   endloop
 endfacet
 facet normal  1.095298e-01 -9.939835e-01  0.000000e+00
   outer loop
     vertex  3.779064e+01  3.968706e+01  3.000000e+00
     vertex  3.779064e+01  3.968706e+01  0.000000e+00
     vertex  3.783700e+01  3.969217e+01  3.000000e+00
   endloop
 endfacet
 facet normal  1.367575e-01 -9.906046e-01  0.000000e+00
   outer loop
     vertex  3.779064e+01  3.968706e+01  3.000000e+00
     vertex  3.774443e+01  3.968068e+01  0.000000e+00
     vertex  3.779064e+01  3.968706e+01  0.000000e+00
   endloop
 endfacet
 facet normal  1.367575e-01 -9.906046e-01  0.000000e+00
   outer loop
     vertex  3.774443e+01  3.968068e+01  3.000000e+00
     vertex  3.774443e+01  3.968068e+01  0.000000e+00
     vertex  3.779064e+01  3.968706e+01  3.000000e+00
   endloop
 endfacet
 facet normal  1.638824e-01 -9.864799e-01  0.000000e+00
   outer loop
     vertex  3.774443e+01  3.968068e+01  3.000000e+00
     vertex  3.769842e+01  3.967304e+01  0.000000e+00
     vertex  3.774443e+01  3.968068e+01  0.000000e+00
   endloop
 endfacet
 facet normal  1.638824e-01 -9.864799e-01  0.000000e+00
   outer loop
     vertex  3.769842e+01  3.967304e+01  3.000000e+00
     vertex  3.769842e+01  3.967304e+01  0.000000e+00
     vertex  3.774443e+01  3.968068e+01  3.000000e+00
   endloop
 endfacet
 facet normal  1.908838e-01 -9.816126e-01  0.000000e+00
   outer loop
     vertex  3.765264e+01  3.966413e+01  3.000000e+00
     vertex  3.769842e+01  3.967304e+01  0.000000e+00
     vertex  3.769842e+01  3.967304e+01  3.000000e+00
   endloop
 endfacet
 facet normal  1.908838e-01 -9.816126e-01  0.000000e+00
   outer loop
     vertex  3.765264e+01  3.966413e+01  3.000000e+00
     vertex  3.765264e+01  3.966413e+01  0.000000e+00
     vertex  3.769842e+01  3.967304e+01  0.000000e+00
   endloop
 endfacet
 facet normal  2.177416e-01 -9.760065e-01  0.000000e+00
   outer loop
     vertex  3.765264e+01  3.966413e+01  3.000000e+00
     vertex  3.760711e+01  3.965398e+01  0.000000e+00
     vertex  3.765264e+01  3.966413e+01  0.000000e+00
   endloop
 endfacet
 facet normal  2.177416e-01 -9.760065e-01  0.000000e+00
   outer loop
     vertex  3.760711e+01  3.965398e+01  3.000000e+00
     vertex  3.760711e+01  3.965398e+01  0.000000e+00
     vertex  3.765264e+01  3.966413e+01  3.000000e+00
   endloop
 endfacet
 facet normal  2.444354e-01 -9.696656e-01  0.000000e+00
   outer loop
     vertex  3.756189e+01  3.964258e+01  3.000000e+00
     vertex  3.756189e+01  3.964258e+01  0.000000e+00
     vertex  3.760711e+01  3.965398e+01  0.000000e+00
   endloop
 endfacet
 facet normal  2.709453e-01 -9.625948e-01  0.000000e+00
   outer loop
     vertex  3.756189e+01  3.964258e+01  3.000000e+00
     vertex  3.751699e+01  3.962994e+01  0.000000e+00
     vertex  3.756189e+01  3.964258e+01  0.000000e+00
   endloop
 endfacet
 facet normal  2.444354e-01 -9.696656e-01  0.000000e+00
   outer loop
     vertex  3.756189e+01  3.964258e+01  3.000000e+00
     vertex  3.760711e+01  3.965398e+01  0.000000e+00
     vertex  3.760711e+01  3.965398e+01  3.000000e+00
   endloop
 endfacet
 facet normal  2.709453e-01 -9.625948e-01  0.000000e+00
   outer loop
     vertex  3.751699e+01  3.962994e+01  3.000000e+00
     vertex  3.751699e+01  3.962994e+01  0.000000e+00
     vertex  3.756189e+01  3.964258e+01  3.000000e+00
   endloop
 endfacet
 facet normal  2.972512e-01 -9.547993e-01  0.000000e+00
   outer loop
     vertex  3.747245e+01  3.961607e+01  3.000000e+00
     vertex  3.747245e+01  3.961607e+01  0.000000e+00
     vertex  3.751699e+01  3.962994e+01  0.000000e+00
   endloop
 endfacet
 facet normal  2.972512e-01 -9.547993e-01  0.000000e+00
   outer loop
     vertex  3.747245e+01  3.961607e+01  3.000000e+00
     vertex  3.751699e+01  3.962994e+01  0.000000e+00
     vertex  3.751699e+01  3.962994e+01  3.000000e+00
   endloop
 endfacet
 facet normal  3.233333e-01 -9.462851e-01  0.000000e+00
   outer loop
     vertex  3.742832e+01  3.960099e+01  3.000000e+00
     vertex  3.742832e+01  3.960099e+01  0.000000e+00
     vertex  3.747245e+01  3.961607e+01  0.000000e+00
   endloop
 endfacet
 facet normal  3.491720e-01 -9.370586e-01  0.000000e+00
   outer loop
     vertex  3.742832e+01  3.960099e+01  3.000000e+00
     vertex  3.738461e+01  3.958471e+01  0.000000e+00
     vertex  3.742832e+01  3.960099e+01  0.000000e+00
   endloop
 endfacet
 facet normal  3.233333e-01 -9.462851e-01  0.000000e+00
   outer loop
     vertex  3.742832e+01  3.960099e+01  3.000000e+00
     vertex  3.747245e+01  3.961607e+01  0.000000e+00
     vertex  3.747245e+01  3.961607e+01  3.000000e+00
   endloop
 endfacet
 facet normal  3.491720e-01 -9.370586e-01  0.000000e+00
   outer loop
     vertex  3.738461e+01  3.958471e+01  3.000000e+00
     vertex  3.738461e+01  3.958471e+01  0.000000e+00
     vertex  3.742832e+01  3.960099e+01  3.000000e+00
   endloop
 endfacet
 facet normal  3.747479e-01 -9.271267e-01  0.000000e+00
   outer loop
     vertex  3.734137e+01  3.956723e+01  3.000000e+00
     vertex  3.734137e+01  3.956723e+01  0.000000e+00
     vertex  3.738461e+01  3.958471e+01  0.000000e+00
   endloop
 endfacet
 facet normal  3.747479e-01 -9.271267e-01  0.000000e+00
   outer loop
     vertex  3.734137e+01  3.956723e+01  3.000000e+00
     vertex  3.738461e+01  3.958471e+01  0.000000e+00
     vertex  3.738461e+01  3.958471e+01  3.000000e+00
   endloop
 endfacet
 facet normal  4.000417e-01 -9.164969e-01  0.000000e+00
   outer loop
     vertex  3.729862e+01  3.954857e+01  3.000000e+00
     vertex  3.729862e+01  3.954857e+01  0.000000e+00
     vertex  3.734137e+01  3.956723e+01  0.000000e+00
   endloop
 endfacet
 facet normal  4.250344e-01 -9.051772e-01  0.000000e+00
   outer loop
     vertex  3.729862e+01  3.954857e+01  3.000000e+00
     vertex  3.725640e+01  3.952874e+01  0.000000e+00
     vertex  3.729862e+01  3.954857e+01  0.000000e+00
   endloop
 endfacet
 facet normal  4.000417e-01 -9.164969e-01  0.000000e+00
   outer loop
     vertex  3.729862e+01  3.954857e+01  3.000000e+00
     vertex  3.734137e+01  3.956723e+01  0.000000e+00
     vertex  3.734137e+01  3.956723e+01  3.000000e+00
   endloop
 endfacet
 facet normal  4.497071e-01 -8.931761e-01  0.000000e+00
   outer loop
     vertex  3.725640e+01  3.952874e+01  3.000000e+00
     vertex  3.721474e+01  3.950777e+01  0.000000e+00
     vertex  3.725640e+01  3.952874e+01  0.000000e+00
   endloop
 endfacet
 facet normal  4.250344e-01 -9.051772e-01  0.000000e+00
   outer loop
     vertex  3.725640e+01  3.952874e+01  3.000000e+00
     vertex  3.725640e+01  3.952874e+01  0.000000e+00
     vertex  3.729862e+01  3.954857e+01  3.000000e+00
   endloop
 endfacet
 facet normal  4.497071e-01 -8.931761e-01  0.000000e+00
   outer loop
     vertex  3.721474e+01  3.950777e+01  3.000000e+00
     vertex  3.721474e+01  3.950777e+01  0.000000e+00
     vertex  3.725640e+01  3.952874e+01  3.000000e+00
   endloop
 endfacet
 facet normal  4.740412e-01 -8.805026e-01  0.000000e+00
   outer loop
     vertex  3.717367e+01  3.948566e+01  3.000000e+00
     vertex  3.717367e+01  3.948566e+01  0.000000e+00
     vertex  3.721474e+01  3.950777e+01  0.000000e+00
   endloop
 endfacet
 facet normal  4.740412e-01 -8.805026e-01  0.000000e+00
   outer loop
     vertex  3.717367e+01  3.948566e+01  3.000000e+00
     vertex  3.721474e+01  3.950777e+01  0.000000e+00
     vertex  3.721474e+01  3.950777e+01  3.000000e+00
   endloop
 endfacet
 facet normal  4.980186e-01 -8.671664e-01  0.000000e+00
   outer loop
     vertex  3.713322e+01  3.946243e+01  3.000000e+00
     vertex  3.713322e+01  3.946243e+01  0.000000e+00
     vertex  3.717367e+01  3.948566e+01  0.000000e+00
   endloop
 endfacet
 facet normal  5.216210e-01 -8.531773e-01  0.000000e+00
   outer loop
     vertex  3.713322e+01  3.946243e+01  3.000000e+00
     vertex  3.709343e+01  3.943810e+01  0.000000e+00
     vertex  3.713322e+01  3.946243e+01  0.000000e+00
   endloop
 endfacet
 facet normal  4.980186e-01 -8.671664e-01  0.000000e+00
   outer loop
     vertex  3.713322e+01  3.946243e+01  3.000000e+00
     vertex  3.717367e+01  3.948566e+01  0.000000e+00
     vertex  3.717367e+01  3.948566e+01  3.000000e+00
   endloop
 endfacet
 facet normal  5.216210e-01 -8.531773e-01  0.000000e+00
   outer loop
     vertex  3.709343e+01  3.943810e+01  3.000000e+00
     vertex  3.709343e+01  3.943810e+01  0.000000e+00
     vertex  3.713322e+01  3.946243e+01  3.000000e+00
   endloop
 endfacet
 facet normal  5.448308e-01 -8.385460e-01  0.000000e+00
   outer loop
     vertex  3.705432e+01  3.941269e+01  3.000000e+00
     vertex  3.709343e+01  3.943810e+01  0.000000e+00
     vertex  3.709343e+01  3.943810e+01  3.000000e+00
   endloop
 endfacet
 facet normal  5.448308e-01 -8.385460e-01  0.000000e+00
   outer loop
     vertex  3.705432e+01  3.941269e+01  3.000000e+00
     vertex  3.705432e+01  3.941269e+01  0.000000e+00
     vertex  3.709343e+01  3.943810e+01  0.000000e+00
   endloop
 endfacet
 facet normal  5.676304e-01 -8.232835e-01  0.000000e+00
   outer loop
     vertex  3.705432e+01  3.941269e+01  3.000000e+00
     vertex  3.701592e+01  3.938621e+01  0.000000e+00
     vertex  3.705432e+01  3.941269e+01  0.000000e+00
   endloop
 endfacet
 facet normal  5.676304e-01 -8.232835e-01  0.000000e+00
   outer loop
     vertex  3.701592e+01  3.938621e+01  3.000000e+00
     vertex  3.701592e+01  3.938621e+01  0.000000e+00
     vertex  3.705432e+01  3.941269e+01  3.000000e+00
   endloop
 endfacet
 facet normal  5.900028e-01 -8.074012e-01  0.000000e+00
   outer loop
     vertex  3.701592e+01  3.938621e+01  3.000000e+00
     vertex  3.697826e+01  3.935869e+01  0.000000e+00
     vertex  3.701592e+01  3.938621e+01  0.000000e+00
   endloop
 endfacet
 facet normal  5.900028e-01 -8.074012e-01  0.000000e+00
   outer loop
     vertex  3.697826e+01  3.935869e+01  3.000000e+00
     vertex  3.697826e+01  3.935869e+01  0.000000e+00
     vertex  3.701592e+01  3.938621e+01  3.000000e+00
   endloop
 endfacet
 facet normal  6.119310e-01 -7.909112e-01  0.000000e+00
   outer loop
     vertex  3.694137e+01  3.933015e+01  3.000000e+00
     vertex  3.697826e+01  3.935869e+01  0.000000e+00
     vertex  3.697826e+01  3.935869e+01  3.000000e+00
   endloop
 endfacet
 facet normal  6.119310e-01 -7.909112e-01  0.000000e+00
   outer loop
     vertex  3.694137e+01  3.933015e+01  3.000000e+00
     vertex  3.694137e+01  3.933015e+01  0.000000e+00
     vertex  3.697826e+01  3.935869e+01  0.000000e+00
   endloop
 endfacet
 facet normal  6.333986e-01 -7.738257e-01  0.000000e+00
   outer loop
     vertex  3.694137e+01  3.933015e+01  3.000000e+00
     vertex  3.690528e+01  3.930061e+01  0.000000e+00
     vertex  3.694137e+01  3.933015e+01  0.000000e+00
   endloop
 endfacet
 facet normal  6.333986e-01 -7.738257e-01  0.000000e+00
   outer loop
     vertex  3.690528e+01  3.930061e+01  3.000000e+00
     vertex  3.690528e+01  3.930061e+01  0.000000e+00
     vertex  3.694137e+01  3.933015e+01  3.000000e+00
   endloop
 endfacet
 facet normal  6.543893e-01 -7.561578e-01  0.000000e+00
   outer loop
     vertex  3.687001e+01  3.927009e+01  3.000000e+00
     vertex  3.690528e+01  3.930061e+01  0.000000e+00
     vertex  3.690528e+01  3.930061e+01  3.000000e+00
   endloop
 endfacet
 facet normal  6.543893e-01 -7.561578e-01  0.000000e+00
   outer loop
     vertex  3.687001e+01  3.927009e+01  3.000000e+00
     vertex  3.687001e+01  3.927009e+01  0.000000e+00
     vertex  3.690528e+01  3.930061e+01  0.000000e+00
   endloop
 endfacet
 facet normal  6.748875e-01 -7.379206e-01  0.000000e+00
   outer loop
     vertex  3.687001e+01  3.927009e+01  3.000000e+00
     vertex  3.683559e+01  3.923861e+01  0.000000e+00
     vertex  3.687001e+01  3.927009e+01  0.000000e+00
   endloop
 endfacet
 facet normal  6.748875e-01 -7.379206e-01  0.000000e+00
   outer loop
     vertex  3.683559e+01  3.923861e+01  3.000000e+00
     vertex  3.683559e+01  3.923861e+01  0.000000e+00
     vertex  3.687001e+01  3.927009e+01  3.000000e+00
   endloop
 endfacet
 facet normal  6.948776e-01 -7.191280e-01  0.000000e+00
   outer loop
     vertex  3.683559e+01  3.923861e+01  3.000000e+00
     vertex  3.680205e+01  3.920620e+01  0.000000e+00
     vertex  3.683559e+01  3.923861e+01  0.000000e+00
   endloop
 endfacet
 facet normal  6.948776e-01 -7.191280e-01  0.000000e+00
   outer loop
     vertex  3.680205e+01  3.920620e+01  3.000000e+00
     vertex  3.680205e+01  3.920620e+01  0.000000e+00
     vertex  3.683559e+01  3.923861e+01  3.000000e+00
   endloop
 endfacet
 facet normal  7.143447e-01 -6.997940e-01  0.000000e+00
   outer loop
     vertex  3.680205e+01  3.920620e+01  3.000000e+00
     vertex  3.676941e+01  3.917288e+01  0.000000e+00
     vertex  3.680205e+01  3.920620e+01  0.000000e+00
   endloop
 endfacet
 facet normal  7.143447e-01 -6.997940e-01  0.000000e+00
   outer loop
     vertex  3.676941e+01  3.917288e+01  3.000000e+00
     vertex  3.676941e+01  3.917288e+01  0.000000e+00
     vertex  3.680205e+01  3.920620e+01  3.000000e+00
   endloop
 endfacet
 facet normal  7.332740e-01 -6.799333e-01  0.000000e+00
   outer loop
     vertex  3.673769e+01  3.913868e+01  3.000000e+00
     vertex  3.676941e+01  3.917288e+01  0.000000e+00
     vertex  3.676941e+01  3.917288e+01  3.000000e+00
   endloop
 endfacet
 facet normal  7.332740e-01 -6.799333e-01  0.000000e+00
   outer loop
     vertex  3.673769e+01  3.913868e+01  3.000000e+00
     vertex  3.673769e+01  3.913868e+01  0.000000e+00
     vertex  3.676941e+01  3.917288e+01  0.000000e+00
   endloop
 endfacet
 facet normal  7.516513e-01 -6.595607e-01  0.000000e+00
   outer loop
     vertex  3.670693e+01  3.910362e+01  3.000000e+00
     vertex  3.673769e+01  3.913868e+01  0.000000e+00
     vertex  3.673769e+01  3.913868e+01  3.000000e+00
   endloop
 endfacet
 facet normal  7.516513e-01 -6.595607e-01  0.000000e+00
   outer loop
     vertex  3.670693e+01  3.910362e+01  3.000000e+00
     vertex  3.670693e+01  3.910362e+01  0.000000e+00
     vertex  3.673769e+01  3.913868e+01  0.000000e+00
   endloop
 endfacet
 facet normal  7.694628e-01 -6.386916e-01  0.000000e+00
   outer loop
     vertex  3.670693e+01  3.910362e+01  3.000000e+00
     vertex  3.667714e+01  3.906773e+01  0.000000e+00
     vertex  3.670693e+01  3.910362e+01  0.000000e+00
   endloop
 endfacet
 facet normal  7.694628e-01 -6.386916e-01  0.000000e+00
   outer loop
     vertex  3.667714e+01  3.906773e+01  3.000000e+00
     vertex  3.667714e+01  3.906773e+01  0.000000e+00
     vertex  3.670693e+01  3.910362e+01  3.000000e+00
   endloop
 endfacet
 facet normal  7.866951e-01 -6.173417e-01  0.000000e+00
   outer loop
     vertex  3.664835e+01  3.903104e+01  3.000000e+00
     vertex  3.667714e+01  3.906773e+01  0.000000e+00
     vertex  3.667714e+01  3.906773e+01  3.000000e+00
   endloop
 endfacet
 facet normal  7.866951e-01 -6.173417e-01  0.000000e+00
   outer loop
     vertex  3.664835e+01  3.903104e+01  3.000000e+00
     vertex  3.664835e+01  3.903104e+01  0.000000e+00
     vertex  3.667714e+01  3.906773e+01  0.000000e+00
   endloop
 endfacet
 facet normal  8.033352e-01 -5.955271e-01  0.000000e+00
   outer loop
     vertex  3.664835e+01  3.903104e+01  3.000000e+00
     vertex  3.662057e+01  3.899357e+01  1.421085e-14
     vertex  3.664835e+01  3.903104e+01  0.000000e+00
   endloop
 endfacet
 facet normal  8.033352e-01 -5.955271e-01  0.000000e+00
   outer loop
     vertex  3.662057e+01  3.899357e+01  3.000000e+00
     vertex  3.662057e+01  3.899357e+01  1.421085e-14
     vertex  3.664835e+01  3.903104e+01  3.000000e+00
   endloop
 endfacet
 facet normal  8.193706e-01 -5.732642e-01  0.000000e+00
   outer loop
     vertex  3.662057e+01  3.899357e+01  3.000000e+00
     vertex  3.659383e+01  3.895535e+01  1.421085e-14
     vertex  3.662057e+01  3.899357e+01  1.421085e-14
   endloop
 endfacet
 facet normal  8.193706e-01 -5.732642e-01  0.000000e+00
   outer loop
     vertex  3.659383e+01  3.895535e+01  3.000000e+00
     vertex  3.659383e+01  3.895535e+01  1.421085e-14
     vertex  3.662057e+01  3.899357e+01  3.000000e+00
   endloop
 endfacet
 facet normal  8.347891e-01 -5.505698e-01  0.000000e+00
   outer loop
     vertex  3.659383e+01  3.895535e+01  3.000000e+00
     vertex  3.656815e+01  3.891641e+01  1.421085e-14
     vertex  3.659383e+01  3.895535e+01  1.421085e-14
   endloop
 endfacet
 facet normal  8.347891e-01 -5.505698e-01  0.000000e+00
   outer loop
     vertex  3.656815e+01  3.891641e+01  3.000000e+00
     vertex  3.656815e+01  3.891641e+01  1.421085e-14
     vertex  3.659383e+01  3.895535e+01  3.000000e+00
   endloop
 endfacet
 facet normal  8.495793e-01 -5.274609e-01  0.000000e+00
   outer loop
     vertex  3.654355e+01  3.887679e+01  3.000000e+00
     vertex  3.656815e+01  3.891641e+01  1.421085e-14
     vertex  3.656815e+01  3.891641e+01  3.000000e+00
   endloop
 endfacet
 facet normal  8.495793e-01 -5.274609e-01  0.000000e+00
   outer loop
     vertex  3.654355e+01  3.887679e+01  3.000000e+00
     vertex  3.654355e+01  3.887679e+01  1.421085e-14
     vertex  3.656815e+01  3.891641e+01  1.421085e-14
   endloop
 endfacet
 facet normal  8.637299e-01 -5.039550e-01  0.000000e+00
   outer loop
     vertex  3.654355e+01  3.887679e+01  3.000000e+00
     vertex  3.652004e+01  3.883650e+01  1.421085e-14
     vertex  3.654355e+01  3.887679e+01  1.421085e-14
   endloop
 endfacet
 facet normal  8.637299e-01 -5.039550e-01  0.000000e+00
   outer loop
     vertex  3.652004e+01  3.883650e+01  3.000000e+00
     vertex  3.652004e+01  3.883650e+01  1.421085e-14
     vertex  3.654355e+01  3.887679e+01  3.000000e+00
   endloop
 endfacet
 facet normal  8.772303e-01 -4.800697e-01  0.000000e+00
   outer loop
     vertex  3.649765e+01  3.879558e+01  3.000000e+00
     vertex  3.652004e+01  3.883650e+01  1.421085e-14
     vertex  3.652004e+01  3.883650e+01  3.000000e+00
   endloop
 endfacet
 facet normal  8.772303e-01 -4.800697e-01  0.000000e+00
   outer loop
     vertex  3.649765e+01  3.879558e+01  3.000000e+00
     vertex  3.649765e+01  3.879558e+01  1.421085e-14
     vertex  3.652004e+01  3.883650e+01  1.421085e-14
   endloop
 endfacet
 facet normal  8.900704e-01 -4.558231e-01  0.000000e+00
   outer loop
     vertex  3.649765e+01  3.879558e+01  3.000000e+00
     vertex  3.647639e+01  3.875407e+01  1.421085e-14
     vertex  3.649765e+01  3.879558e+01  1.421085e-14
   endloop
 endfacet
 facet normal  8.900704e-01 -4.558231e-01  0.000000e+00
   outer loop
     vertex  3.647639e+01  3.875407e+01  3.000000e+00
     vertex  3.647639e+01  3.875407e+01  1.421085e-14
     vertex  3.649765e+01  3.879558e+01  3.000000e+00
   endloop
 endfacet
 facet normal  9.022405e-01 -4.312333e-01  0.000000e+00
   outer loop
     vertex  3.645628e+01  3.871199e+01  3.000000e+00
     vertex  3.647639e+01  3.875407e+01  1.421085e-14
     vertex  3.647639e+01  3.875407e+01  3.000000e+00
   endloop
 endfacet
 facet normal  9.022405e-01 -4.312333e-01  0.000000e+00
   outer loop
     vertex  3.645628e+01  3.871199e+01  3.000000e+00
     vertex  3.645628e+01  3.871199e+01  1.421085e-14
     vertex  3.647639e+01  3.875407e+01  1.421085e-14
   endloop
 endfacet
 facet normal  9.137314e-01 -4.063188e-01  0.000000e+00
   outer loop
     vertex  3.643733e+01  3.866937e+01  3.000000e+00
     vertex  3.645628e+01  3.871199e+01  1.421085e-14
     vertex  3.645628e+01  3.871199e+01  3.000000e+00
   endloop
 endfacet
 facet normal  9.137314e-01 -4.063188e-01  0.000000e+00
   outer loop
     vertex  3.643733e+01  3.866937e+01  3.000000e+00
     vertex  3.643733e+01  3.866937e+01  1.421085e-14
     vertex  3.645628e+01  3.871199e+01  1.421085e-14
   endloop
 endfacet
 facet normal  9.245344e-01 -3.810986e-01  0.000000e+00
   outer loop
     vertex  3.643733e+01  3.866937e+01  3.000000e+00
     vertex  3.641955e+01  3.862625e+01  1.421085e-14
     vertex  3.643733e+01  3.866937e+01  1.421085e-14
   endloop
 endfacet
 facet normal  9.245344e-01 -3.810986e-01  0.000000e+00
   outer loop
     vertex  3.641955e+01  3.862625e+01  3.000000e+00
     vertex  3.641955e+01  3.862625e+01  1.421085e-14
     vertex  3.643733e+01  3.866937e+01  3.000000e+00
   endloop
 endfacet
 facet normal  9.346415e-01 -3.555914e-01  0.000000e+00
   outer loop
     vertex  3.640297e+01  3.858265e+01  3.000000e+00
     vertex  3.640297e+01  3.858265e+01  1.421085e-14
     vertex  3.641955e+01  3.862625e+01  1.421085e-14
   endloop
 endfacet
 facet normal  9.346415e-01 -3.555914e-01  0.000000e+00
   outer loop
     vertex  3.640297e+01  3.858265e+01  3.000000e+00
     vertex  3.641955e+01  3.862625e+01  1.421085e-14
     vertex  3.641955e+01  3.862625e+01  3.000000e+00
   endloop
 endfacet
 facet normal  9.440450e-01 -3.298166e-01  0.000000e+00
   outer loop
     vertex  3.638758e+01  3.853862e+01  3.000000e+00
     vertex  3.638758e+01  3.853862e+01  1.421085e-14
     vertex  3.640297e+01  3.858265e+01  1.421085e-14
   endloop
 endfacet
 facet normal  9.527379e-01 -3.037934e-01  0.000000e+00
   outer loop
     vertex  3.638758e+01  3.853862e+01  3.000000e+00
     vertex  3.637341e+01  3.849418e+01  1.421085e-14
     vertex  3.638758e+01  3.853862e+01  1.421085e-14
   endloop
 endfacet
 facet normal  9.440450e-01 -3.298166e-01  0.000000e+00
   outer loop
     vertex  3.638758e+01  3.853862e+01  3.000000e+00
     vertex  3.640297e+01  3.858265e+01  1.421085e-14
     vertex  3.640297e+01  3.858265e+01  3.000000e+00
   endloop
 endfacet
 facet normal  9.607136e-01 -2.775416e-01  0.000000e+00
   outer loop
     vertex  3.637341e+01  3.849418e+01  3.000000e+00
     vertex  3.636047e+01  3.844937e+01  1.421085e-14
     vertex  3.637341e+01  3.849418e+01  1.421085e-14
   endloop
 endfacet
 facet normal  9.527379e-01 -3.037934e-01  0.000000e+00
   outer loop
     vertex  3.637341e+01  3.849418e+01  3.000000e+00
     vertex  3.637341e+01  3.849418e+01  1.421085e-14
     vertex  3.638758e+01  3.853862e+01  3.000000e+00
   endloop
 endfacet
 facet normal  9.607136e-01 -2.775416e-01  0.000000e+00
   outer loop
     vertex  3.636047e+01  3.844937e+01  3.000000e+00
     vertex  3.636047e+01  3.844937e+01  1.421085e-14
     vertex  3.637341e+01  3.849418e+01  3.000000e+00
   endloop
 endfacet
 facet normal  9.679661e-01 -2.510809e-01  0.000000e+00
   outer loop
     vertex  3.634876e+01  3.840422e+01  3.000000e+00
     vertex  3.636047e+01  3.844937e+01  1.421085e-14
     vertex  3.636047e+01  3.844937e+01  3.000000e+00
   endloop
 endfacet
 facet normal  9.679661e-01 -2.510809e-01  0.000000e+00
   outer loop
     vertex  3.634876e+01  3.840422e+01  3.000000e+00
     vertex  3.634876e+01  3.840422e+01  1.421085e-14
     vertex  3.636047e+01  3.844937e+01  1.421085e-14
   endloop
 endfacet
 facet normal  9.744899e-01 -2.244312e-01  0.000000e+00
   outer loop
     vertex  3.634876e+01  3.840422e+01  3.000000e+00
     vertex  3.633829e+01  3.835877e+01  1.421085e-14
     vertex  3.634876e+01  3.840422e+01  1.421085e-14
   endloop
 endfacet
 facet normal  9.744899e-01 -2.244312e-01  0.000000e+00
   outer loop
     vertex  3.633829e+01  3.835877e+01  3.000000e+00
     vertex  3.633829e+01  3.835877e+01  1.421085e-14
     vertex  3.634876e+01  3.840422e+01  3.000000e+00
   endloop
 endfacet
 facet normal  9.802802e-01 -1.976125e-01  0.000000e+00
   outer loop
     vertex  3.632907e+01  3.831305e+01  3.000000e+00
     vertex  3.633829e+01  3.835877e+01  1.421085e-14
     vertex  3.633829e+01  3.835877e+01  3.000000e+00
   endloop
 endfacet
 facet normal  9.802802e-01 -1.976125e-01  0.000000e+00
   outer loop
     vertex  3.632907e+01  3.831305e+01  3.000000e+00
     vertex  3.632907e+01  3.831305e+01  1.421085e-14
     vertex  3.633829e+01  3.835877e+01  1.421085e-14
   endloop
 endfacet
 facet normal  9.853326e-01 -1.706451e-01  0.000000e+00
   outer loop
     vertex  3.632907e+01  3.831305e+01  3.000000e+00
     vertex  3.632111e+01  3.826709e+01  1.421085e-14
     vertex  3.632907e+01  3.831305e+01  1.421085e-14
   endloop
 endfacet
 facet normal  9.853326e-01 -1.706451e-01  0.000000e+00
   outer loop
     vertex  3.632111e+01  3.826709e+01  3.000000e+00
     vertex  3.632111e+01  3.826709e+01  1.421085e-14
     vertex  3.632907e+01  3.831305e+01  3.000000e+00
   endloop
 endfacet
 facet normal  9.896432e-01 -1.435492e-01  0.000000e+00
   outer loop
     vertex  3.632111e+01  3.826709e+01  3.000000e+00
     vertex  3.631442e+01  3.822093e+01  1.421085e-14
     vertex  3.632111e+01  3.826709e+01  1.421085e-14
   endloop
 endfacet
 facet normal  9.896432e-01 -1.435492e-01  0.000000e+00
   outer loop
     vertex  3.631442e+01  3.822093e+01  3.000000e+00
     vertex  3.631442e+01  3.822093e+01  1.421085e-14
     vertex  3.632111e+01  3.826709e+01  3.000000e+00
   endloop
 endfacet
 facet normal  9.932088e-01 -1.163452e-01  0.000000e+00
   outer loop
     vertex  3.631442e+01  3.822093e+01  3.000000e+00
     vertex  3.630899e+01  3.817461e+01  1.421085e-14
     vertex  3.631442e+01  3.822093e+01  1.421085e-14
   endloop
 endfacet
 facet normal  9.932088e-01 -1.163452e-01  0.000000e+00
   outer loop
     vertex  3.630899e+01  3.817461e+01  3.000000e+00
     vertex  3.630899e+01  3.817461e+01  1.421085e-14
     vertex  3.631442e+01  3.822093e+01  3.000000e+00
   endloop
 endfacet
 facet normal  9.960268e-01 -8.905371e-02  0.000000e+00
   outer loop
     vertex  3.630484e+01  3.812815e+01  3.000000e+00
     vertex  3.630899e+01  3.817461e+01  1.421085e-14
     vertex  3.630899e+01  3.817461e+01  3.000000e+00
   endloop
 endfacet
 facet normal  9.960268e-01 -8.905371e-02  0.000000e+00
   outer loop
     vertex  3.630484e+01  3.812815e+01  3.000000e+00
     vertex  3.630484e+01  3.812815e+01  1.421085e-14
     vertex  3.630899e+01  3.817461e+01  1.421085e-14
   endloop
 endfacet
 facet normal  9.980950e-01 -6.169515e-02  0.000000e+00
   outer loop
     vertex  3.630484e+01  3.812815e+01  3.000000e+00
     vertex  3.630196e+01  3.808160e+01  1.421085e-14
     vertex  3.630484e+01  3.812815e+01  1.421085e-14
   endloop
 endfacet
 facet normal  9.980950e-01 -6.169515e-02  0.000000e+00
   outer loop
     vertex  3.630196e+01  3.808160e+01  3.000000e+00
     vertex  3.630196e+01  3.808160e+01  1.421085e-14
     vertex  3.630484e+01  3.812815e+01  3.000000e+00
   endloop
 endfacet
 facet normal  9.994119e-01 -3.429014e-02  0.000000e+00
   outer loop
     vertex  3.630036e+01  3.803498e+01  3.000000e+00
     vertex  3.630196e+01  3.808160e+01  1.421085e-14
     vertex  3.630196e+01  3.808160e+01  3.000000e+00
   endloop
 endfacet
 facet normal  9.994119e-01 -3.429014e-02  0.000000e+00
   outer loop
     vertex  3.630036e+01  3.803498e+01  3.000000e+00
     vertex  3.630036e+01  3.803498e+01  1.421085e-14
     vertex  3.630196e+01  3.808160e+01  1.421085e-14
   endloop
 endfacet
 facet normal  9.999765e-01 -6.859319e-03  0.000000e+00
   outer loop
     vertex  3.630036e+01  3.803498e+01  3.000000e+00
     vertex  3.630004e+01  3.798834e+01  1.421085e-14
     vertex  3.630036e+01  3.803498e+01  1.421085e-14
   endloop
 endfacet
 facet normal  9.999765e-01 -6.859319e-03  0.000000e+00
   outer loop
     vertex  3.630004e+01  3.798834e+01  3.000000e+00
     vertex  3.630004e+01  3.798834e+01  1.421085e-14
     vertex  3.630036e+01  3.803498e+01  3.000000e+00
   endloop
 endfacet
 facet normal  9.988475e-01  4.799716e-02  0.000000e+00
   outer loop
     vertex  3.630100e+01  3.794171e+01  3.000000e+00
     vertex  3.630324e+01  3.789512e+01  1.421085e-14
     vertex  3.630100e+01  3.794171e+01  1.421085e-14
   endloop
 endfacet
 facet normal  9.997883e-01  2.057667e-02  0.000000e+00
   outer loop
     vertex  3.630100e+01  3.794171e+01  3.000000e+00
     vertex  3.630004e+01  3.798834e+01  1.421085e-14
     vertex  3.630004e+01  3.798834e+01  3.000000e+00
   endloop
 endfacet
 facet normal  9.997883e-01  2.057667e-02  0.000000e+00
   outer loop
     vertex  3.630100e+01  3.794171e+01  3.000000e+00
     vertex  3.630100e+01  3.794171e+01  1.421085e-14
     vertex  3.630004e+01  3.798834e+01  1.421085e-14
   endloop
 endfacet
 facet normal  9.988475e-01  4.799716e-02  0.000000e+00
   outer loop
     vertex  3.630324e+01  3.789512e+01  3.000000e+00
     vertex  3.630324e+01  3.789512e+01  1.421085e-14
     vertex  3.630100e+01  3.794171e+01  3.000000e+00
   endloop
 endfacet
 facet normal  9.971548e-01  7.538152e-02  0.000000e+00
   outer loop
     vertex  3.630675e+01  3.784861e+01  3.000000e+00
     vertex  3.630675e+01  3.784861e+01  1.421085e-14
     vertex  3.630324e+01  3.789512e+01  1.421085e-14
   endloop
 endfacet
 facet normal  9.971548e-01  7.538152e-02  0.000000e+00
   outer loop
     vertex  3.630675e+01  3.784861e+01  3.000000e+00
     vertex  3.630324e+01  3.789512e+01  1.421085e-14
     vertex  3.630324e+01  3.789512e+01  3.000000e+00
   endloop
 endfacet
 facet normal  9.947114e-01  1.027091e-01  0.000000e+00
   outer loop
     vertex  3.631154e+01  3.780221e+01  3.000000e+00
     vertex  3.631154e+01  3.780221e+01  1.421085e-14
     vertex  3.630675e+01  3.784861e+01  1.421085e-14
   endloop
 endfacet
 facet normal  9.947114e-01  1.027091e-01  0.000000e+00
   outer loop
     vertex  3.631154e+01  3.780221e+01  3.000000e+00
     vertex  3.630675e+01  3.784861e+01  1.421085e-14
     vertex  3.630675e+01  3.784861e+01  3.000000e+00
   endloop
 endfacet
 facet normal  9.915193e-01  1.299594e-01  0.000000e+00
   outer loop
     vertex  3.631761e+01  3.775597e+01  3.000000e+00
     vertex  3.631761e+01  3.775597e+01  1.421085e-14
     vertex  3.631154e+01  3.780221e+01  1.421085e-14
   endloop
 endfacet
 facet normal  9.915193e-01  1.299594e-01  0.000000e+00
   outer loop
     vertex  3.631761e+01  3.775597e+01  3.000000e+00
     vertex  3.631154e+01  3.780221e+01  1.421085e-14
     vertex  3.631154e+01  3.780221e+01  3.000000e+00
   endloop
 endfacet
 facet normal  9.875808e-01  1.571119e-01  0.000000e+00
   outer loop
     vertex  3.632493e+01  3.770990e+01  3.000000e+00
     vertex  3.632493e+01  3.770990e+01  1.421085e-14
     vertex  3.631761e+01  3.775597e+01  1.421085e-14
   endloop
 endfacet
 facet normal  9.828989e-01  1.841461e-01  0.000000e+00
   outer loop
     vertex  3.632493e+01  3.770990e+01  3.000000e+00
     vertex  3.633352e+01  3.766406e+01  1.421085e-14
     vertex  3.632493e+01  3.770990e+01  1.421085e-14
   endloop
 endfacet
 facet normal  9.875808e-01  1.571119e-01  0.000000e+00
   outer loop
     vertex  3.632493e+01  3.770990e+01  3.000000e+00
     vertex  3.631761e+01  3.775597e+01  1.421085e-14
     vertex  3.631761e+01  3.775597e+01  3.000000e+00
   endloop
 endfacet
 facet normal  9.774771e-01  2.110417e-01  0.000000e+00
   outer loop
     vertex  3.633352e+01  3.766406e+01  3.000000e+00
     vertex  3.634337e+01  3.761847e+01  1.421085e-14
     vertex  3.633352e+01  3.766406e+01  1.421085e-14
   endloop
 endfacet
 facet normal  9.828989e-01  1.841461e-01  0.000000e+00
   outer loop
     vertex  3.633352e+01  3.766406e+01  3.000000e+00
     vertex  3.633352e+01  3.766406e+01  1.421085e-14
     vertex  3.632493e+01  3.770990e+01  3.000000e+00
   endloop
 endfacet
 facet normal  9.713194e-01  2.377784e-01  0.000000e+00
   outer loop
     vertex  3.634337e+01  3.761847e+01  3.000000e+00
     vertex  3.635446e+01  3.757316e+01  1.421085e-14
     vertex  3.634337e+01  3.761847e+01  1.421085e-14
   endloop
 endfacet
 facet normal  9.774771e-01  2.110417e-01  0.000000e+00
   outer loop
     vertex  3.634337e+01  3.761847e+01  3.000000e+00
     vertex  3.634337e+01  3.761847e+01  1.421085e-14
     vertex  3.633352e+01  3.766406e+01  3.000000e+00
   endloop
 endfacet
 facet normal  9.644306e-01  2.643362e-01  0.000000e+00
   outer loop
     vertex  3.635446e+01  3.757316e+01  3.000000e+00
     vertex  3.636679e+01  3.752818e+01  1.421085e-14
     vertex  3.635446e+01  3.757316e+01  1.421085e-14
   endloop
 endfacet
 facet normal  9.713194e-01  2.377784e-01  0.000000e+00
   outer loop
     vertex  3.635446e+01  3.757316e+01  3.000000e+00
     vertex  3.635446e+01  3.757316e+01  1.421085e-14
     vertex  3.634337e+01  3.761847e+01  3.000000e+00
   endloop
 endfacet
 facet normal  9.644306e-01  2.643362e-01  0.000000e+00
   outer loop
     vertex  3.636679e+01  3.752818e+01  3.000000e+00
     vertex  3.636679e+01  3.752818e+01  1.421085e-14
     vertex  3.635446e+01  3.757316e+01  3.000000e+00
   endloop
 endfacet
 facet normal  9.568158e-01  2.906949e-01  0.000000e+00
   outer loop
     vertex  3.638035e+01  3.748355e+01  3.000000e+00
     vertex  3.638035e+01  3.748355e+01  1.421085e-14
     vertex  3.636679e+01  3.752818e+01  1.421085e-14
   endloop
 endfacet
 facet normal  9.568158e-01  2.906949e-01  0.000000e+00
   outer loop
     vertex  3.638035e+01  3.748355e+01  3.000000e+00
     vertex  3.636679e+01  3.752818e+01  1.421085e-14
     vertex  3.636679e+01  3.752818e+01  3.000000e+00
   endloop
 endfacet
 facet normal  9.484807e-01  3.168348e-01  0.000000e+00
   outer loop
     vertex  3.639512e+01  3.743931e+01  3.000000e+00
     vertex  3.639512e+01  3.743931e+01  1.421085e-14
     vertex  3.638035e+01  3.748355e+01  1.421085e-14
   endloop
 endfacet
 facet normal  9.394317e-01  3.427362e-01  0.000000e+00
   outer loop
     vertex  3.639512e+01  3.743931e+01  3.000000e+00
     vertex  3.641111e+01  3.739549e+01  1.421085e-14
     vertex  3.639512e+01  3.743931e+01  1.421085e-14
   endloop
 endfacet
 facet normal  9.484807e-01  3.168348e-01  0.000000e+00
   outer loop
     vertex  3.639512e+01  3.743931e+01  3.000000e+00
     vertex  3.638035e+01  3.748355e+01  1.421085e-14
     vertex  3.638035e+01  3.748355e+01  3.000000e+00
   endloop
 endfacet
 facet normal  9.394317e-01  3.427362e-01  0.000000e+00
   outer loop
     vertex  3.641111e+01  3.739549e+01  3.000000e+00
     vertex  3.641111e+01  3.739549e+01  1.421085e-14
     vertex  3.639512e+01  3.743931e+01  3.000000e+00
   endloop
 endfacet
 facet normal  9.296754e-01  3.683796e-01  0.000000e+00
   outer loop
     vertex  3.642829e+01  3.735213e+01  3.000000e+00
     vertex  3.642829e+01  3.735213e+01  1.421085e-14
     vertex  3.641111e+01  3.739549e+01  1.421085e-14
   endloop
 endfacet
 facet normal  9.296754e-01  3.683796e-01  0.000000e+00
   outer loop
     vertex  3.642829e+01  3.735213e+01  3.000000e+00
     vertex  3.641111e+01  3.739549e+01  1.421085e-14
     vertex  3.641111e+01  3.739549e+01  3.000000e+00
   endloop
 endfacet
 facet normal  9.192194e-01  3.937458e-01  0.000000e+00
   outer loop
     vertex  3.644666e+01  3.730926e+01  3.000000e+00
     vertex  3.642829e+01  3.735213e+01  1.421085e-14
     vertex  3.642829e+01  3.735213e+01  3.000000e+00
   endloop
 endfacet
 facet normal  9.192194e-01  3.937458e-01  0.000000e+00
   outer loop
     vertex  3.644666e+01  3.730926e+01  3.000000e+00
     vertex  3.644666e+01  3.730926e+01  1.421085e-14
     vertex  3.642829e+01  3.735213e+01  1.421085e-14
   endloop
 endfacet
 facet normal  9.080714e-01  4.188155e-01  0.000000e+00
   outer loop
     vertex  3.644666e+01  3.730926e+01  3.000000e+00
     vertex  3.646619e+01  3.726690e+01  1.421085e-14
     vertex  3.644666e+01  3.730926e+01  1.421085e-14
   endloop
 endfacet
 facet normal  9.080714e-01  4.188155e-01  0.000000e+00
   outer loop
     vertex  3.646619e+01  3.726690e+01  3.000000e+00
     vertex  3.646619e+01  3.726690e+01  1.421085e-14
     vertex  3.644666e+01  3.730926e+01  3.000000e+00
   endloop
 endfacet
 facet normal  8.962398e-01  4.435699e-01  0.000000e+00
   outer loop
     vertex  3.648688e+01  3.722510e+01  3.000000e+00
     vertex  3.648688e+01  3.722510e+01  1.421085e-14
     vertex  3.646619e+01  3.726690e+01  1.421085e-14
   endloop
 endfacet
 facet normal  8.837335e-01  4.679904e-01  0.000000e+00
   outer loop
     vertex  3.648688e+01  3.722510e+01  3.000000e+00
     vertex  3.650871e+01  3.718388e+01  1.421085e-14
     vertex  3.648688e+01  3.722510e+01  1.421085e-14
   endloop
 endfacet
 facet normal  8.962398e-01  4.435699e-01  0.000000e+00
   outer loop
     vertex  3.648688e+01  3.722510e+01  3.000000e+00
     vertex  3.646619e+01  3.726690e+01  1.421085e-14
     vertex  3.646619e+01  3.726690e+01  3.000000e+00
   endloop
 endfacet
 facet normal  8.837335e-01  4.679904e-01  0.000000e+00
   outer loop
     vertex  3.650871e+01  3.718388e+01  3.000000e+00
     vertex  3.650871e+01  3.718388e+01  1.421085e-14
     vertex  3.648688e+01  3.722510e+01  3.000000e+00
   endloop
 endfacet
 facet normal  8.705620e-01  4.920587e-01  0.000000e+00
   outer loop
     vertex  3.650871e+01  3.718388e+01  3.000000e+00
     vertex  3.653166e+01  3.714328e+01  1.421085e-14
     vertex  3.650871e+01  3.718388e+01  1.421085e-14
   endloop
 endfacet
 facet normal  8.705620e-01  4.920587e-01  0.000000e+00
   outer loop
     vertex  3.653166e+01  3.714328e+01  3.000000e+00
     vertex  3.653166e+01  3.714328e+01  1.421085e-14
     vertex  3.650871e+01  3.718388e+01  3.000000e+00
   endloop
 endfacet
 facet normal  8.567352e-01  5.157565e-01  0.000000e+00
   outer loop
     vertex  3.653166e+01  3.714328e+01  3.000000e+00
     vertex  3.655572e+01  3.710332e+01  1.421085e-14
     vertex  3.653166e+01  3.714328e+01  1.421085e-14
   endloop
 endfacet
 facet normal  8.567352e-01  5.157565e-01  0.000000e+00
   outer loop
     vertex  3.655572e+01  3.710332e+01  3.000000e+00
     vertex  3.655572e+01  3.710332e+01  1.421085e-14
     vertex  3.653166e+01  3.714328e+01  3.000000e+00
   endloop
 endfacet
 facet normal  8.422635e-01  5.390661e-01  0.000000e+00
   outer loop
     vertex  3.658086e+01  3.706403e+01  3.000000e+00
     vertex  3.658086e+01  3.706403e+01  1.421085e-14
     vertex  3.655572e+01  3.710332e+01  1.421085e-14
   endloop
 endfacet
 facet normal  8.422635e-01  5.390661e-01  0.000000e+00
   outer loop
     vertex  3.658086e+01  3.706403e+01  3.000000e+00
     vertex  3.655572e+01  3.710332e+01  1.421085e-14
     vertex  3.655572e+01  3.710332e+01  3.000000e+00
   endloop
 endfacet
 facet normal  8.271577e-01  5.619699e-01  0.000000e+00
   outer loop
     vertex  3.660707e+01  3.702545e+01  3.000000e+00
     vertex  3.660707e+01  3.702545e+01  1.421085e-14
     vertex  3.658086e+01  3.706403e+01  1.421085e-14
   endloop
 endfacet
 facet normal  8.114292e-01  5.844507e-01  0.000000e+00
   outer loop
     vertex  3.660707e+01  3.702545e+01  3.000000e+00
     vertex  3.663433e+01  3.698760e+01  1.421085e-14
     vertex  3.660707e+01  3.702545e+01  1.421085e-14
   endloop
 endfacet
 facet normal  8.271577e-01  5.619699e-01  0.000000e+00
   outer loop
     vertex  3.660707e+01  3.702545e+01  3.000000e+00
     vertex  3.658086e+01  3.706403e+01  1.421085e-14
     vertex  3.658086e+01  3.706403e+01  3.000000e+00
   endloop
 endfacet
 facet normal  8.114292e-01  5.844507e-01  0.000000e+00
   outer loop
     vertex  3.663433e+01  3.698760e+01  3.000000e+00
     vertex  3.663433e+01  3.698760e+01  1.421085e-14
     vertex  3.660707e+01  3.702545e+01  3.000000e+00
   endloop
 endfacet
 facet normal  7.950900e-01  6.064915e-01  0.000000e+00
   outer loop
     vertex  3.666262e+01  3.695052e+01  3.000000e+00
     vertex  3.666262e+01  3.695052e+01  1.421085e-14
     vertex  3.663433e+01  3.698760e+01  1.421085e-14
   endloop
 endfacet
 facet normal  7.781522e-01  6.280757e-01  0.000000e+00
   outer loop
     vertex  3.666262e+01  3.695052e+01  3.000000e+00
     vertex  3.669191e+01  3.691422e+01  1.421085e-14
     vertex  3.666262e+01  3.695052e+01  1.421085e-14
   endloop
 endfacet
 facet normal  7.950900e-01  6.064915e-01  0.000000e+00
   outer loop
     vertex  3.666262e+01  3.695052e+01  3.000000e+00
     vertex  3.663433e+01  3.698760e+01  1.421085e-14
     vertex  3.663433e+01  3.698760e+01  3.000000e+00
   endloop
 endfacet
 facet normal  7.781522e-01  6.280757e-01  0.000000e+00
   outer loop
     vertex  3.669191e+01  3.691422e+01  3.000000e+00
     vertex  3.669191e+01  3.691422e+01  1.421085e-14
     vertex  3.666262e+01  3.695052e+01  3.000000e+00
   endloop
 endfacet
 facet normal  7.606287e-01  6.491872e-01  0.000000e+00
   outer loop
     vertex  3.669191e+01  3.691422e+01  3.000000e+00
     vertex  3.672219e+01  3.687875e+01  1.421085e-14
     vertex  3.669191e+01  3.691422e+01  1.421085e-14
   endloop
 endfacet
 facet normal  7.606287e-01  6.491872e-01  0.000000e+00
   outer loop
     vertex  3.672219e+01  3.687875e+01  3.000000e+00
     vertex  3.672219e+01  3.687875e+01  1.421085e-14
     vertex  3.669191e+01  3.691422e+01  3.000000e+00
   endloop
 endfacet
 facet normal  7.425325e-01  6.698100e-01  0.000000e+00
   outer loop
     vertex  3.675343e+01  3.684411e+01  3.000000e+00
     vertex  3.675343e+01  3.684411e+01  1.421085e-14
     vertex  3.672219e+01  3.687875e+01  1.421085e-14
   endloop
 endfacet
 facet normal  7.425325e-01  6.698100e-01  0.000000e+00
   outer loop
     vertex  3.675343e+01  3.684411e+01  3.000000e+00
     vertex  3.672219e+01  3.687875e+01  1.421085e-14
     vertex  3.672219e+01  3.687875e+01  3.000000e+00
   endloop
 endfacet
 facet normal  7.238775e-01  6.899286e-01  0.000000e+00
   outer loop
     vertex  3.678561e+01  3.681035e+01  3.000000e+00
     vertex  3.678561e+01  3.681035e+01  1.421085e-14
     vertex  3.675343e+01  3.684411e+01  1.421085e-14
   endloop
 endfacet
 facet normal  7.238775e-01  6.899286e-01  0.000000e+00
   outer loop
     vertex  3.678561e+01  3.681035e+01  3.000000e+00
     vertex  3.675343e+01  3.684411e+01  1.421085e-14
     vertex  3.675343e+01  3.684411e+01  3.000000e+00
   endloop
 endfacet
 facet normal  7.046775e-01  7.095278e-01  0.000000e+00
   outer loop
     vertex  3.681871e+01  3.677748e+01  3.000000e+00
     vertex  3.681871e+01  3.677748e+01  1.421085e-14
     vertex  3.678561e+01  3.681035e+01  1.421085e-14
   endloop
 endfacet
 facet normal  7.046775e-01  7.095278e-01  0.000000e+00
   outer loop
     vertex  3.681871e+01  3.677748e+01  3.000000e+00
     vertex  3.678561e+01  3.681035e+01  1.421085e-14
     vertex  3.678561e+01  3.681035e+01  3.000000e+00
   endloop
 endfacet
 facet normal  6.849470e-01  7.285929e-01  0.000000e+00
   outer loop
     vertex  3.685269e+01  3.674553e+01  3.000000e+00
     vertex  3.685269e+01  3.674553e+01  1.421085e-14
     vertex  3.681871e+01  3.677748e+01  1.421085e-14
   endloop
 endfacet
 facet normal  6.849470e-01  7.285929e-01  0.000000e+00
   outer loop
     vertex  3.685269e+01  3.674553e+01  3.000000e+00
     vertex  3.681871e+01  3.677748e+01  1.421085e-14
     vertex  3.681871e+01  3.677748e+01  3.000000e+00
   endloop
 endfacet
 facet normal  6.647010e-01  7.471095e-01  0.000000e+00
   outer loop
     vertex  3.688754e+01  3.671453e+01  3.000000e+00
     vertex  3.688754e+01  3.671453e+01  1.421085e-14
     vertex  3.685269e+01  3.674553e+01  1.421085e-14
   endloop
 endfacet
 facet normal  6.647010e-01  7.471095e-01  0.000000e+00
   outer loop
     vertex  3.688754e+01  3.671453e+01  3.000000e+00
     vertex  3.685269e+01  3.674553e+01  1.421085e-14
     vertex  3.685269e+01  3.674553e+01  3.000000e+00
   endloop
 endfacet
 facet normal  6.439545e-01  7.650637e-01  0.000000e+00
   outer loop
     vertex  3.692322e+01  3.668450e+01  3.000000e+00
     vertex  3.692322e+01  3.668450e+01  1.421085e-14
     vertex  3.688754e+01  3.671453e+01  1.421085e-14
   endloop
 endfacet
 facet normal  6.439545e-01  7.650637e-01  0.000000e+00
   outer loop
     vertex  3.692322e+01  3.668450e+01  3.000000e+00
     vertex  3.688754e+01  3.671453e+01  1.421085e-14
     vertex  3.688754e+01  3.671453e+01  3.000000e+00
   endloop
 endfacet
 facet normal  6.227234e-01  7.824421e-01  0.000000e+00
   outer loop
     vertex  3.695972e+01  3.665545e+01  3.000000e+00
     vertex  3.695972e+01  3.665545e+01  1.421085e-14
     vertex  3.692322e+01  3.668450e+01  1.421085e-14
   endloop
 endfacet
 facet normal  6.227234e-01  7.824421e-01  0.000000e+00
   outer loop
     vertex  3.695972e+01  3.665545e+01  3.000000e+00
     vertex  3.692322e+01  3.668450e+01  1.421085e-14
     vertex  3.692322e+01  3.668450e+01  3.000000e+00
   endloop
 endfacet
 facet normal  6.010234e-01  7.992314e-01  0.000000e+00
   outer loop
     vertex  3.699700e+01  3.662742e+01  3.000000e+00
     vertex  3.699700e+01  3.662742e+01  1.421085e-14
     vertex  3.695972e+01  3.665545e+01  1.421085e-14
   endloop
 endfacet
 facet normal  6.010234e-01  7.992314e-01  0.000000e+00
   outer loop
     vertex  3.699700e+01  3.662742e+01  3.000000e+00
     vertex  3.695972e+01  3.665545e+01  1.421085e-14
     vertex  3.695972e+01  3.665545e+01  3.000000e+00
   endloop
 endfacet
 facet normal  5.788711e-01  8.154191e-01  0.000000e+00
   outer loop
     vertex  3.703503e+01  3.660042e+01  3.000000e+00
     vertex  3.703503e+01  3.660042e+01  1.421085e-14
     vertex  3.699700e+01  3.662742e+01  1.421085e-14
   endloop
 endfacet
 facet normal  5.562829e-01  8.309929e-01  0.000000e+00
   outer loop
     vertex  3.703503e+01  3.660042e+01  3.000000e+00
     vertex  3.707379e+01  3.657447e+01  1.421085e-14
     vertex  3.703503e+01  3.660042e+01  1.421085e-14
   endloop
 endfacet
 facet normal  5.788711e-01  8.154191e-01  0.000000e+00
   outer loop
     vertex  3.703503e+01  3.660042e+01  3.000000e+00
     vertex  3.699700e+01  3.662742e+01  1.421085e-14
     vertex  3.699700e+01  3.662742e+01  3.000000e+00
   endloop
 endfacet
 facet normal  5.562829e-01  8.309929e-01  0.000000e+00
   outer loop
     vertex  3.707379e+01  3.657447e+01  3.000000e+00
     vertex  3.707379e+01  3.657447e+01  1.421085e-14
     vertex  3.703503e+01  3.660042e+01  3.000000e+00
   endloop
 endfacet
 facet normal  5.332761e-01  8.459413e-01  0.000000e+00
   outer loop
     vertex  3.711324e+01  3.654960e+01  3.000000e+00
     vertex  3.711324e+01  3.654960e+01  1.421085e-14
     vertex  3.707379e+01  3.657447e+01  1.421085e-14
   endloop
 endfacet
 facet normal  5.098678e-01  8.602528e-01  0.000000e+00
   outer loop
     vertex  3.711324e+01  3.654960e+01  3.000000e+00
     vertex  3.715337e+01  3.652582e+01  1.421085e-14
     vertex  3.711324e+01  3.654960e+01  1.421085e-14
   endloop
 endfacet
 facet normal  5.332761e-01  8.459413e-01  0.000000e+00
   outer loop
     vertex  3.711324e+01  3.654960e+01  3.000000e+00
     vertex  3.707379e+01  3.657447e+01  1.421085e-14
     vertex  3.707379e+01  3.657447e+01  3.000000e+00
   endloop
 endfacet
 facet normal  5.098678e-01  8.602528e-01  0.000000e+00
   outer loop
     vertex  3.715337e+01  3.652582e+01  3.000000e+00
     vertex  3.715337e+01  3.652582e+01  1.421085e-14
     vertex  3.711324e+01  3.654960e+01  3.000000e+00
   endloop
 endfacet
 facet normal  4.860756e-01  8.739167e-01  0.000000e+00
   outer loop
     vertex  3.719413e+01  3.650315e+01  3.000000e+00
     vertex  3.719413e+01  3.650315e+01  1.421085e-14
     vertex  3.715337e+01  3.652582e+01  1.421085e-14
   endloop
 endfacet
 facet normal  4.860756e-01  8.739167e-01  0.000000e+00
   outer loop
     vertex  3.719413e+01  3.650315e+01  3.000000e+00
     vertex  3.715337e+01  3.652582e+01  1.421085e-14
     vertex  3.715337e+01  3.652582e+01  3.000000e+00
   endloop
 endfacet
 facet normal  4.619176e-01  8.869228e-01  0.000000e+00
   outer loop
     vertex  3.723550e+01  3.648160e+01  3.000000e+00
     vertex  3.719413e+01  3.650315e+01  1.421085e-14
     vertex  3.719413e+01  3.650315e+01  3.000000e+00
   endloop
 endfacet
 facet normal  4.619176e-01  8.869228e-01  0.000000e+00
   outer loop
     vertex  3.723550e+01  3.648160e+01  3.000000e+00
     vertex  3.723550e+01  3.648160e+01  1.421085e-14
     vertex  3.719413e+01  3.650315e+01  1.421085e-14
   endloop
 endfacet
 facet normal  4.374119e-01  8.992613e-01  0.000000e+00
   outer loop
     vertex  3.723550e+01  3.648160e+01  3.000000e+00
     vertex  3.727744e+01  3.646120e+01  1.421085e-14
     vertex  3.723550e+01  3.648160e+01  1.421085e-14
   endloop
 endfacet
 facet normal  4.374119e-01  8.992613e-01  0.000000e+00
   outer loop
     vertex  3.727744e+01  3.646120e+01  3.000000e+00
     vertex  3.727744e+01  3.646120e+01  1.421085e-14
     vertex  3.723550e+01  3.648160e+01  3.000000e+00
   endloop
 endfacet
 facet normal  4.125769e-01  9.109228e-01  0.000000e+00
   outer loop
     vertex  3.731993e+01  3.644196e+01  3.000000e+00
     vertex  3.727744e+01  3.646120e+01  1.421085e-14
     vertex  3.727744e+01  3.646120e+01  3.000000e+00
   endloop
 endfacet
 facet normal  4.125769e-01  9.109228e-01  0.000000e+00
   outer loop
     vertex  3.731993e+01  3.644196e+01  3.000000e+00
     vertex  3.731993e+01  3.644196e+01  1.421085e-14
     vertex  3.727744e+01  3.646120e+01  1.421085e-14
   endloop
 endfacet
 facet normal  3.874313e-01  9.218986e-01  0.000000e+00
   outer loop
     vertex  3.736293e+01  3.642388e+01  3.000000e+00
     vertex  3.731993e+01  3.644196e+01  1.421085e-14
     vertex  3.731993e+01  3.644196e+01  3.000000e+00
   endloop
 endfacet
 facet normal  3.874313e-01  9.218986e-01  0.000000e+00
   outer loop
     vertex  3.736293e+01  3.642388e+01  3.000000e+00
     vertex  3.736293e+01  3.642388e+01  1.421085e-14
     vertex  3.731993e+01  3.644196e+01  1.421085e-14
   endloop
 endfacet
 facet normal  3.619940e-01  9.321804e-01  0.000000e+00
   outer loop
     vertex  3.740641e+01  3.640700e+01  3.000000e+00
     vertex  3.736293e+01  3.642388e+01  1.421085e-14
     vertex  3.736293e+01  3.642388e+01  3.000000e+00
   endloop
 endfacet
 facet normal  3.619940e-01  9.321804e-01  0.000000e+00
   outer loop
     vertex  3.740641e+01  3.640700e+01  3.000000e+00
     vertex  3.740641e+01  3.640700e+01  1.421085e-14
     vertex  3.736293e+01  3.642388e+01  1.421085e-14
   endloop
 endfacet
 facet normal  3.362843e-01  9.417605e-01  0.000000e+00
   outer loop
     vertex  3.745033e+01  3.639132e+01  3.000000e+00
     vertex  3.740641e+01  3.640700e+01  1.421085e-14
     vertex  3.740641e+01  3.640700e+01  3.000000e+00
   endloop
 endfacet
 facet normal  3.362843e-01  9.417605e-01  0.000000e+00
   outer loop
     vertex  3.745033e+01  3.639132e+01  3.000000e+00
     vertex  3.745033e+01  3.639132e+01  1.421085e-14
     vertex  3.740641e+01  3.640700e+01  1.421085e-14
   endloop
 endfacet
 facet normal  3.103214e-01  9.506317e-01  0.000000e+00
   outer loop
     vertex  3.749467e+01  3.637684e+01  3.000000e+00
     vertex  3.745033e+01  3.639132e+01  1.421085e-14
     vertex  3.745033e+01  3.639132e+01  3.000000e+00
   endloop
 endfacet
 facet normal  3.103214e-01  9.506317e-01  0.000000e+00
   outer loop
     vertex  3.749467e+01  3.637684e+01  3.000000e+00
     vertex  3.749467e+01  3.637684e+01  1.421085e-14
     vertex  3.745033e+01  3.639132e+01  1.421085e-14
   endloop
 endfacet
 facet normal  2.841250e-01  9.587873e-01  0.000000e+00
   outer loop
     vertex  3.749467e+01  3.637684e+01  3.000000e+00
     vertex  3.753939e+01  3.636359e+01  1.421085e-14
     vertex  3.749467e+01  3.637684e+01  1.421085e-14
   endloop
 endfacet
 facet normal  2.841250e-01  9.587873e-01  0.000000e+00
   outer loop
     vertex  3.753939e+01  3.636359e+01  3.000000e+00
     vertex  3.753939e+01  3.636359e+01  1.421085e-14
     vertex  3.749467e+01  3.637684e+01  3.000000e+00
   endloop
 endfacet
 facet normal  2.577146e-01  9.662211e-01  0.000000e+00
   outer loop
     vertex  3.758446e+01  3.635157e+01  3.000000e+00
     vertex  3.753939e+01  3.636359e+01  1.421085e-14
     vertex  3.753939e+01  3.636359e+01  3.000000e+00
   endloop
 endfacet
 facet normal  2.577146e-01  9.662211e-01  0.000000e+00
   outer loop
     vertex  3.758446e+01  3.635157e+01  3.000000e+00
     vertex  3.758446e+01  3.635157e+01  1.421085e-14
     vertex  3.753939e+01  3.636359e+01  1.421085e-14
   endloop
 endfacet
 facet normal  2.311102e-01  9.729276e-01  0.000000e+00
   outer loop
     vertex  3.762984e+01  3.634079e+01  3.000000e+00
     vertex  3.758446e+01  3.635157e+01  1.421085e-14
     vertex  3.758446e+01  3.635157e+01  3.000000e+00
   endloop
 endfacet
 facet normal  2.311102e-01  9.729276e-01  0.000000e+00
   outer loop
     vertex  3.762984e+01  3.634079e+01  3.000000e+00
     vertex  3.762984e+01  3.634079e+01  1.421085e-14
     vertex  3.758446e+01  3.635157e+01  1.421085e-14
   endloop
 endfacet
 facet normal  2.043319e-01  9.789017e-01  0.000000e+00
   outer loop
     vertex  3.767550e+01  3.633126e+01  3.000000e+00
     vertex  3.762984e+01  3.634079e+01  1.421085e-14
     vertex  3.762984e+01  3.634079e+01  3.000000e+00
   endloop
 endfacet
 facet normal  2.043319e-01  9.789017e-01  0.000000e+00
   outer loop
     vertex  3.767550e+01  3.633126e+01  3.000000e+00
     vertex  3.767550e+01  3.633126e+01  1.421085e-14
     vertex  3.762984e+01  3.634079e+01  1.421085e-14
   endloop
 endfacet
 facet normal  1.773998e-01  9.841389e-01  0.000000e+00
   outer loop
     vertex  3.772140e+01  3.632298e+01  3.000000e+00
     vertex  3.767550e+01  3.633126e+01  1.421085e-14
     vertex  3.767550e+01  3.633126e+01  3.000000e+00
   endloop
 endfacet
 facet normal  1.773998e-01  9.841389e-01  0.000000e+00
   outer loop
     vertex  3.772140e+01  3.632298e+01  3.000000e+00
     vertex  3.772140e+01  3.632298e+01  1.421085e-14
     vertex  3.767550e+01  3.633126e+01  1.421085e-14
   endloop
 endfacet
 facet normal  1.503341e-01  9.886353e-01  0.000000e+00
   outer loop
     vertex  3.776751e+01  3.631597e+01  3.000000e+00
     vertex  3.772140e+01  3.632298e+01  1.421085e-14
     vertex  3.772140e+01  3.632298e+01  3.000000e+00
   endloop
 endfacet
 facet normal  1.503341e-01  9.886353e-01  0.000000e+00
   outer loop
     vertex  3.776751e+01  3.631597e+01  3.000000e+00
     vertex  3.776751e+01  3.631597e+01  1.421085e-14
     vertex  3.772140e+01  3.632298e+01  1.421085e-14
   endloop
 endfacet
 facet normal  1.231552e-01  9.923874e-01  0.000000e+00
   outer loop
     vertex  3.776751e+01  3.631597e+01  3.000000e+00
     vertex  3.781380e+01  3.631023e+01  1.421085e-14
     vertex  3.776751e+01  3.631597e+01  1.421085e-14
   endloop
 endfacet
 facet normal  1.231552e-01  9.923874e-01  0.000000e+00
   outer loop
     vertex  3.781380e+01  3.631023e+01  3.000000e+00
     vertex  3.781380e+01  3.631023e+01  1.421085e-14
     vertex  3.776751e+01  3.631597e+01  3.000000e+00
   endloop
 endfacet
 facet normal  9.588368e-02  9.953925e-01  0.000000e+00
   outer loop
     vertex  3.786023e+01  3.630576e+01  3.000000e+00
     vertex  3.786023e+01  3.630576e+01  1.421085e-14
     vertex  3.781380e+01  3.631023e+01  1.421085e-14
   endloop
 endfacet
 facet normal  6.853995e-02  9.976484e-01  0.000000e+00
   outer loop
     vertex  3.786023e+01  3.630576e+01  3.000000e+00
     vertex  3.790676e+01  3.630256e+01  1.421085e-14
     vertex  3.786023e+01  3.630576e+01  1.421085e-14
   endloop
 endfacet
 facet normal  9.588368e-02  9.953925e-01  0.000000e+00
   outer loop
     vertex  3.786023e+01  3.630576e+01  3.000000e+00
     vertex  3.781380e+01  3.631023e+01  1.421085e-14
     vertex  3.781380e+01  3.631023e+01  3.000000e+00
   endloop
 endfacet
 facet normal  6.853995e-02  9.976484e-01  0.000000e+00
   outer loop
     vertex  3.790676e+01  3.630256e+01  3.000000e+00
     vertex  3.790676e+01  3.630256e+01  1.421085e-14
     vertex  3.786023e+01  3.630576e+01  3.000000e+00
   endloop
 endfacet
 facet normal  4.114462e-02  9.991532e-01  0.000000e+00
   outer loop
     vertex  3.795336e+01  3.630064e+01  3.000000e+00
     vertex  3.795336e+01  3.630064e+01  1.421085e-14
     vertex  3.790676e+01  3.630256e+01  1.421085e-14
   endloop
 endfacet
 facet normal  4.114462e-02  9.991532e-01  0.000000e+00
   outer loop
     vertex  3.795336e+01  3.630064e+01  3.000000e+00
     vertex  3.790676e+01  3.630256e+01  1.421085e-14
     vertex  3.790676e+01  3.630256e+01  3.000000e+00
   endloop
 endfacet
 facet normal  1.371831e-02  9.999059e-01  0.000000e+00
   outer loop
     vertex  3.800000e+01  3.630000e+01  3.000000e+00
     vertex  3.800000e+01  3.630000e+01  1.421085e-14
     vertex  3.795336e+01  3.630064e+01  1.421085e-14
   endloop
 endfacet
 facet normal  1.371831e-02  9.999059e-01  0.000000e+00
   outer loop
     vertex  3.800000e+01  3.630000e+01  3.000000e+00
     vertex  3.795336e+01  3.630064e+01  1.421085e-14
     vertex  3.795336e+01  3.630064e+01  3.000000e+00
   endloop
 endfacet
 facet normal -1.371831e-02  9.999059e-01  0.000000e+00
   outer loop
     vertex  3.804664e+01  4.300640e+00  3.000000e+00
     vertex  3.800000e+01  4.300000e+00  7.105427e-15
     vertex  3.800000e+01  4.300000e+00  3.000000e+00
   endloop
 endfacet
 facet normal -1.371831e-02  9.999059e-01  0.000000e+00
   outer loop
     vertex  3.804664e+01  4.300640e+00  3.000000e+00
     vertex  3.804664e+01  4.300640e+00  7.105427e-15
     vertex  3.800000e+01  4.300000e+00  7.105427e-15
   endloop
 endfacet
 facet normal -4.114462e-02  9.991532e-01  0.000000e+00
   outer loop
     vertex  3.809324e+01  4.302559e+00  3.000000e+00
     vertex  3.809324e+01  4.302559e+00  7.105427e-15
     vertex  3.804664e+01  4.300640e+00  7.105427e-15
   endloop
 endfacet
 facet normal -4.114462e-02  9.991532e-01  0.000000e+00
   outer loop
     vertex  3.809324e+01  4.302559e+00  3.000000e+00
     vertex  3.804664e+01  4.300640e+00  7.105427e-15
     vertex  3.804664e+01  4.300640e+00  3.000000e+00
   endloop
 endfacet
 facet normal -6.853995e-02  9.976484e-01  0.000000e+00
   outer loop
     vertex  3.813977e+01  4.305756e+00  3.000000e+00
     vertex  3.813977e+01  4.305756e+00  7.105427e-15
     vertex  3.809324e+01  4.302559e+00  7.105427e-15
   endloop
 endfacet
 facet normal -6.853995e-02  9.976484e-01  0.000000e+00
   outer loop
     vertex  3.813977e+01  4.305756e+00  3.000000e+00
     vertex  3.809324e+01  4.302559e+00  7.105427e-15
     vertex  3.809324e+01  4.302559e+00  3.000000e+00
   endloop
 endfacet
 facet normal -9.588368e-02  9.953925e-01  0.000000e+00
   outer loop
     vertex  3.818620e+01  4.310228e+00  3.000000e+00
     vertex  3.818620e+01  4.310228e+00  7.105427e-15
     vertex  3.813977e+01  4.305756e+00  7.105427e-15
   endloop
 endfacet
 facet normal -9.588368e-02  9.953925e-01  0.000000e+00
   outer loop
     vertex  3.818620e+01  4.310228e+00  3.000000e+00
     vertex  3.813977e+01  4.305756e+00  7.105427e-15
     vertex  3.813977e+01  4.305756e+00  3.000000e+00
   endloop
 endfacet
 facet normal -1.231552e-01  9.923874e-01  0.000000e+00
   outer loop
     vertex  3.823249e+01  4.315972e+00  3.000000e+00
     vertex  3.823249e+01  4.315972e+00  7.105427e-15
     vertex  3.818620e+01  4.310228e+00  7.105427e-15
   endloop
 endfacet
 facet normal -1.231552e-01  9.923874e-01  0.000000e+00
   outer loop
     vertex  3.823249e+01  4.315972e+00  3.000000e+00
     vertex  3.818620e+01  4.310228e+00  7.105427e-15
     vertex  3.818620e+01  4.310228e+00  3.000000e+00
   endloop
 endfacet
 facet normal -1.503341e-01  9.886353e-01  0.000000e+00
   outer loop
     vertex  3.827860e+01  4.322984e+00  3.000000e+00
     vertex  3.827860e+01  4.322984e+00  7.105427e-15
     vertex  3.823249e+01  4.315972e+00  7.105427e-15
   endloop
 endfacet
 facet normal -1.773998e-01  9.841389e-01  0.000000e+00
   outer loop
     vertex  3.827860e+01  4.322984e+00  3.000000e+00
     vertex  3.832450e+01  4.331259e+00  7.105427e-15
     vertex  3.827860e+01  4.322984e+00  7.105427e-15
   endloop
 endfacet
 facet normal -1.503341e-01  9.886353e-01  0.000000e+00
   outer loop
     vertex  3.827860e+01  4.322984e+00  3.000000e+00
     vertex  3.823249e+01  4.315972e+00  7.105427e-15
     vertex  3.823249e+01  4.315972e+00  3.000000e+00
   endloop
 endfacet
 facet normal -1.773998e-01  9.841389e-01  0.000000e+00
   outer loop
     vertex  3.832450e+01  4.331259e+00  3.000000e+00
     vertex  3.832450e+01  4.331259e+00  7.105427e-15
     vertex  3.827860e+01  4.322984e+00  3.000000e+00
   endloop
 endfacet
 facet normal -2.043319e-01  9.789017e-01  0.000000e+00
   outer loop
     vertex  3.837016e+01  4.340789e+00  3.000000e+00
     vertex  3.837016e+01  4.340789e+00  7.105427e-15
     vertex  3.832450e+01  4.331259e+00  7.105427e-15
   endloop
 endfacet
 facet normal -2.043319e-01  9.789017e-01  0.000000e+00
   outer loop
     vertex  3.837016e+01  4.340789e+00  3.000000e+00
     vertex  3.832450e+01  4.331259e+00  7.105427e-15
     vertex  3.832450e+01  4.331259e+00  3.000000e+00
   endloop
 endfacet
 facet normal -2.311102e-01  9.729276e-01  0.000000e+00
   outer loop
     vertex  3.841554e+01  4.351569e+00  3.000000e+00
     vertex  3.841554e+01  4.351569e+00  7.105427e-15
     vertex  3.837016e+01  4.340789e+00  7.105427e-15
   endloop
 endfacet
 facet normal -2.311102e-01  9.729276e-01  0.000000e+00
   outer loop
     vertex  3.841554e+01  4.351569e+00  3.000000e+00
     vertex  3.837016e+01  4.340789e+00  7.105427e-15
     vertex  3.837016e+01  4.340789e+00  3.000000e+00
   endloop
 endfacet
 facet normal -2.577146e-01  9.662211e-01  0.000000e+00
   outer loop
     vertex  3.846061e+01  4.363589e+00  3.000000e+00
     vertex  3.841554e+01  4.351569e+00  7.105427e-15
     vertex  3.841554e+01  4.351569e+00  3.000000e+00
   endloop
 endfacet
 facet normal -2.577146e-01  9.662211e-01  0.000000e+00
   outer loop
     vertex  3.846061e+01  4.363589e+00  3.000000e+00
     vertex  3.846061e+01  4.363589e+00  7.105427e-15
     vertex  3.841554e+01  4.351569e+00  7.105427e-15
   endloop
 endfacet
 facet normal -2.841250e-01  9.587873e-01  0.000000e+00
   outer loop
     vertex  3.846061e+01  4.363589e+00  3.000000e+00
     vertex  3.850533e+01  4.376841e+00  7.105427e-15
     vertex  3.846061e+01  4.363589e+00  7.105427e-15
   endloop
 endfacet
 facet normal -2.841250e-01  9.587873e-01  0.000000e+00
   outer loop
     vertex  3.850533e+01  4.376841e+00  3.000000e+00
     vertex  3.850533e+01  4.376841e+00  7.105427e-15
     vertex  3.846061e+01  4.363589e+00  3.000000e+00
   endloop
 endfacet
 facet normal -3.103214e-01  9.506317e-01  0.000000e+00
   outer loop
     vertex  3.850533e+01  4.376841e+00  3.000000e+00
     vertex  3.854967e+01  4.391315e+00  7.105427e-15
     vertex  3.850533e+01  4.376841e+00  7.105427e-15
   endloop
 endfacet
 facet normal -3.103214e-01  9.506317e-01  0.000000e+00
   outer loop
     vertex  3.854967e+01  4.391315e+00  3.000000e+00
     vertex  3.854967e+01  4.391315e+00  7.105427e-15
     vertex  3.850533e+01  4.376841e+00  3.000000e+00
   endloop
 endfacet
 facet normal -3.362843e-01  9.417605e-01  0.000000e+00
   outer loop
     vertex  3.854967e+01  4.391315e+00  3.000000e+00
     vertex  3.859359e+01  4.407000e+00  7.105427e-15
     vertex  3.854967e+01  4.391315e+00  7.105427e-15
   endloop
 endfacet
 facet normal -3.362843e-01  9.417605e-01  0.000000e+00
   outer loop
     vertex  3.859359e+01  4.407000e+00  3.000000e+00
     vertex  3.859359e+01  4.407000e+00  7.105427e-15
     vertex  3.854967e+01  4.391315e+00  3.000000e+00
   endloop
 endfacet
 facet normal -3.619940e-01  9.321804e-01  0.000000e+00
   outer loop
     vertex  3.863707e+01  4.423885e+00  3.000000e+00
     vertex  3.859359e+01  4.407000e+00  7.105427e-15
     vertex  3.859359e+01  4.407000e+00  3.000000e+00
   endloop
 endfacet
 facet normal -3.619940e-01  9.321804e-01  0.000000e+00
   outer loop
     vertex  3.863707e+01  4.423885e+00  3.000000e+00
     vertex  3.863707e+01  4.423885e+00  7.105427e-15
     vertex  3.859359e+01  4.407000e+00  7.105427e-15
   endloop
 endfacet
 facet normal -3.874313e-01  9.218986e-01  0.000000e+00
   outer loop
     vertex  3.868007e+01  4.441955e+00  3.000000e+00
     vertex  3.863707e+01  4.423885e+00  7.105427e-15
     vertex  3.863707e+01  4.423885e+00  3.000000e+00
   endloop
 endfacet
 facet normal -3.874313e-01  9.218986e-01  0.000000e+00
   outer loop
     vertex  3.868007e+01  4.441955e+00  3.000000e+00
     vertex  3.868007e+01  4.441955e+00  7.105427e-15
     vertex  3.863707e+01  4.423885e+00  7.105427e-15
   endloop
 endfacet
 facet normal -4.125769e-01  9.109228e-01  0.000000e+00
   outer loop
     vertex  3.872256e+01  4.461199e+00  3.000000e+00
     vertex  3.868007e+01  4.441955e+00  7.105427e-15
     vertex  3.868007e+01  4.441955e+00  3.000000e+00
   endloop
 endfacet
 facet normal -4.125769e-01  9.109228e-01  0.000000e+00
   outer loop
     vertex  3.872256e+01  4.461199e+00  3.000000e+00
     vertex  3.872256e+01  4.461199e+00  7.105427e-15
     vertex  3.868007e+01  4.441955e+00  7.105427e-15
   endloop
 endfacet
 facet normal -4.374119e-01  8.992613e-01  0.000000e+00
   outer loop
     vertex  3.876450e+01  4.481601e+00  3.000000e+00
     vertex  3.872256e+01  4.461199e+00  7.105427e-15
     vertex  3.872256e+01  4.461199e+00  3.000000e+00
   endloop
 endfacet
 facet normal -4.374119e-01  8.992613e-01  0.000000e+00
   outer loop
     vertex  3.876450e+01  4.481601e+00  3.000000e+00
     vertex  3.876450e+01  4.481601e+00  7.105427e-15
     vertex  3.872256e+01  4.461199e+00  7.105427e-15
   endloop
 endfacet
 facet normal -4.619176e-01  8.869228e-01  0.000000e+00
   outer loop
     vertex  3.880587e+01  4.503146e+00  3.000000e+00
     vertex  3.876450e+01  4.481601e+00  7.105427e-15
     vertex  3.876450e+01  4.481601e+00  3.000000e+00
   endloop
 endfacet
 facet normal -4.619176e-01  8.869228e-01  0.000000e+00
   outer loop
     vertex  3.880587e+01  4.503146e+00  3.000000e+00
     vertex  3.880587e+01  4.503146e+00  7.105427e-15
     vertex  3.876450e+01  4.481601e+00  7.105427e-15
   endloop
 endfacet
 facet normal -4.860756e-01  8.739167e-01  0.000000e+00
   outer loop
     vertex  3.884663e+01  4.525817e+00  3.000000e+00
     vertex  3.880587e+01  4.503146e+00  7.105427e-15
     vertex  3.880587e+01  4.503146e+00  3.000000e+00
   endloop
 endfacet
 facet normal -4.860756e-01  8.739167e-01  0.000000e+00
   outer loop
     vertex  3.884663e+01  4.525817e+00  3.000000e+00
     vertex  3.884663e+01  4.525817e+00  7.105427e-15
     vertex  3.880587e+01  4.503146e+00  7.105427e-15
   endloop
 endfacet
 facet normal -5.098678e-01  8.602528e-01  0.000000e+00
   outer loop
     vertex  3.888676e+01  4.549599e+00  3.000000e+00
     vertex  3.884663e+01  4.525817e+00  7.105427e-15
     vertex  3.884663e+01  4.525817e+00  3.000000e+00
   endloop
 endfacet
 facet normal -5.098678e-01  8.602528e-01  0.000000e+00
   outer loop
     vertex  3.888676e+01  4.549599e+00  3.000000e+00
     vertex  3.888676e+01  4.549599e+00  7.105427e-15
     vertex  3.884663e+01  4.525817e+00  7.105427e-15
   endloop
 endfacet
 facet normal -5.332761e-01  8.459413e-01  0.000000e+00
   outer loop
     vertex  3.892621e+01  4.574472e+00  3.000000e+00
     vertex  3.888676e+01  4.549599e+00  7.105427e-15
     vertex  3.888676e+01  4.549599e+00  3.000000e+00
   endloop
 endfacet
 facet normal -5.332761e-01  8.459413e-01  0.000000e+00
   outer loop
     vertex  3.892621e+01  4.574472e+00  3.000000e+00
     vertex  3.892621e+01  4.574472e+00  7.105427e-15
     vertex  3.888676e+01  4.549599e+00  7.105427e-15
   endloop
 endfacet
 facet normal -5.562829e-01  8.309929e-01  0.000000e+00
   outer loop
     vertex  3.896497e+01  4.600418e+00  3.000000e+00
     vertex  3.896497e+01  4.600418e+00  7.105427e-15
     vertex  3.892621e+01  4.574472e+00  7.105427e-15
   endloop
 endfacet
 facet normal -5.562829e-01  8.309929e-01  0.000000e+00
   outer loop
     vertex  3.896497e+01  4.600418e+00  3.000000e+00
     vertex  3.892621e+01  4.574472e+00  7.105427e-15
     vertex  3.892621e+01  4.574472e+00  3.000000e+00
   endloop
 endfacet
 facet normal -5.788711e-01  8.154191e-01  0.000000e+00
   outer loop
     vertex  3.900300e+01  4.627418e+00  3.000000e+00
     vertex  3.900300e+01  4.627418e+00  7.105427e-15
     vertex  3.896497e+01  4.600418e+00  7.105427e-15
   endloop
 endfacet
 facet normal -5.788711e-01  8.154191e-01  0.000000e+00
   outer loop
     vertex  3.900300e+01  4.627418e+00  3.000000e+00
     vertex  3.896497e+01  4.600418e+00  7.105427e-15
     vertex  3.896497e+01  4.600418e+00  3.000000e+00
   endloop
 endfacet
 facet normal -6.010234e-01  7.992314e-01  0.000000e+00
   outer loop
     vertex  3.904028e+01  4.655451e+00  3.000000e+00
     vertex  3.904028e+01  4.655451e+00  7.105427e-15
     vertex  3.900300e+01  4.627418e+00  7.105427e-15
   endloop
 endfacet
 facet normal -6.010234e-01  7.992314e-01  0.000000e+00
   outer loop
     vertex  3.904028e+01  4.655451e+00  3.000000e+00
     vertex  3.900300e+01  4.627418e+00  7.105427e-15
     vertex  3.900300e+01  4.627418e+00  3.000000e+00
   endloop
 endfacet
 facet normal -6.227234e-01  7.824421e-01  0.000000e+00
   outer loop
     vertex  3.907678e+01  4.684496e+00  3.000000e+00
     vertex  3.907678e+01  4.684496e+00  7.105427e-15
     vertex  3.904028e+01  4.655451e+00  7.105427e-15
   endloop
 endfacet
 facet normal -6.227234e-01  7.824421e-01  0.000000e+00
   outer loop
     vertex  3.907678e+01  4.684496e+00  3.000000e+00
     vertex  3.904028e+01  4.655451e+00  7.105427e-15
     vertex  3.904028e+01  4.655451e+00  3.000000e+00
   endloop
 endfacet
 facet normal -6.439545e-01  7.650637e-01  0.000000e+00
   outer loop
     vertex  3.911246e+01  4.714532e+00  3.000000e+00
     vertex  3.911246e+01  4.714532e+00  7.105427e-15
     vertex  3.907678e+01  4.684496e+00  7.105427e-15
   endloop
 endfacet
 facet normal -6.439545e-01  7.650637e-01  0.000000e+00
   outer loop
     vertex  3.911246e+01  4.714532e+00  3.000000e+00
     vertex  3.907678e+01  4.684496e+00  7.105427e-15
     vertex  3.907678e+01  4.684496e+00  3.000000e+00
   endloop
 endfacet
 facet normal -6.647010e-01  7.471095e-01  0.000000e+00
   outer loop
     vertex  3.914731e+01  4.745535e+00  3.000000e+00
     vertex  3.914731e+01  4.745535e+00  7.105427e-15
     vertex  3.911246e+01  4.714532e+00  7.105427e-15
   endloop
 endfacet
 facet normal -6.849470e-01  7.285929e-01  0.000000e+00
   outer loop
     vertex  3.914731e+01  4.745535e+00  3.000000e+00
     vertex  3.918129e+01  4.777482e+00  7.105427e-15
     vertex  3.914731e+01  4.745535e+00  7.105427e-15
   endloop
 endfacet
 facet normal -6.647010e-01  7.471095e-01  0.000000e+00
   outer loop
     vertex  3.914731e+01  4.745535e+00  3.000000e+00
     vertex  3.911246e+01  4.714532e+00  7.105427e-15
     vertex  3.911246e+01  4.714532e+00  3.000000e+00
   endloop
 endfacet
 facet normal -6.849470e-01  7.285929e-01  0.000000e+00
   outer loop
     vertex  3.918129e+01  4.777482e+00  3.000000e+00
     vertex  3.918129e+01  4.777482e+00  7.105427e-15
     vertex  3.914731e+01  4.745535e+00  3.000000e+00
   endloop
 endfacet
 facet normal -7.046775e-01  7.095278e-01  0.000000e+00
   outer loop
     vertex  3.921439e+01  4.810350e+00  3.000000e+00
     vertex  3.921439e+01  4.810350e+00  7.105427e-15
     vertex  3.918129e+01  4.777482e+00  7.105427e-15
   endloop
 endfacet
 facet normal -7.238775e-01  6.899286e-01  0.000000e+00
   outer loop
     vertex  3.921439e+01  4.810350e+00  3.000000e+00
     vertex  3.924657e+01  4.844113e+00  7.105427e-15
     vertex  3.921439e+01  4.810350e+00  7.105427e-15
   endloop
 endfacet
 facet normal -7.046775e-01  7.095278e-01  0.000000e+00
   outer loop
     vertex  3.921439e+01  4.810350e+00  3.000000e+00
     vertex  3.918129e+01  4.777482e+00  7.105427e-15
     vertex  3.918129e+01  4.777482e+00  3.000000e+00
   endloop
 endfacet
 facet normal -7.238775e-01  6.899286e-01  0.000000e+00
   outer loop
     vertex  3.924657e+01  4.844113e+00  3.000000e+00
     vertex  3.924657e+01  4.844113e+00  7.105427e-15
     vertex  3.921439e+01  4.810350e+00  3.000000e+00
   endloop
 endfacet
 facet normal -7.425325e-01  6.698100e-01  0.000000e+00
   outer loop
     vertex  3.927781e+01  4.878747e+00  3.000000e+00
     vertex  3.927781e+01  4.878747e+00  7.105427e-15
     vertex  3.924657e+01  4.844113e+00  7.105427e-15
   endloop
 endfacet
 facet normal -7.425325e-01  6.698100e-01  0.000000e+00
   outer loop
     vertex  3.927781e+01  4.878747e+00  3.000000e+00
     vertex  3.924657e+01  4.844113e+00  7.105427e-15
     vertex  3.924657e+01  4.844113e+00  3.000000e+00
   endloop
 endfacet
 facet normal -7.606287e-01  6.491872e-01  0.000000e+00
   outer loop
     vertex  3.930809e+01  4.914224e+00  3.000000e+00
     vertex  3.930809e+01  4.914224e+00  7.105427e-15
     vertex  3.927781e+01  4.878747e+00  7.105427e-15
   endloop
 endfacet
 facet normal -7.781522e-01  6.280757e-01  0.000000e+00
   outer loop
     vertex  3.930809e+01  4.914224e+00  3.000000e+00
     vertex  3.933738e+01  4.950519e+00  7.105427e-15
     vertex  3.930809e+01  4.914224e+00  7.105427e-15
   endloop
 endfacet
 facet normal -7.606287e-01  6.491872e-01  0.000000e+00
   outer loop
     vertex  3.930809e+01  4.914224e+00  3.000000e+00
     vertex  3.927781e+01  4.878747e+00  7.105427e-15
     vertex  3.927781e+01  4.878747e+00  3.000000e+00
   endloop
 endfacet
 facet normal -7.950900e-01  6.064915e-01  0.000000e+00
   outer loop
     vertex  3.933738e+01  4.950519e+00  3.000000e+00
     vertex  3.936567e+01  4.987604e+00  7.105427e-15
     vertex  3.933738e+01  4.950519e+00  7.105427e-15
   endloop
 endfacet
 facet normal -7.781522e-01  6.280757e-01  0.000000e+00
   outer loop
     vertex  3.933738e+01  4.950519e+00  3.000000e+00
     vertex  3.933738e+01  4.950519e+00  7.105427e-15
     vertex  3.930809e+01  4.914224e+00  3.000000e+00
   endloop
 endfacet
 facet normal -7.950900e-01  6.064915e-01  0.000000e+00
   outer loop
     vertex  3.936567e+01  4.987604e+00  3.000000e+00
     vertex  3.936567e+01  4.987604e+00  7.105427e-15
     vertex  3.933738e+01  4.950519e+00  3.000000e+00
   endloop
 endfacet
 facet normal -8.114292e-01  5.844507e-01  0.000000e+00
   outer loop
     vertex  3.939293e+01  5.025451e+00  3.000000e+00
     vertex  3.936567e+01  4.987604e+00  7.105427e-15
     vertex  3.936567e+01  4.987604e+00  3.000000e+00
   endloop
 endfacet
 facet normal -8.114292e-01  5.844507e-01  0.000000e+00
   outer loop
     vertex  3.939293e+01  5.025451e+00  3.000000e+00
     vertex  3.939293e+01  5.025451e+00  7.105427e-15
     vertex  3.936567e+01  4.987604e+00  7.105427e-15
   endloop
 endfacet
 facet normal -8.271577e-01  5.619699e-01  0.000000e+00
   outer loop
     vertex  3.941914e+01  5.064031e+00  3.000000e+00
     vertex  3.941914e+01  5.064031e+00  7.105427e-15
     vertex  3.939293e+01  5.025451e+00  7.105427e-15
   endloop
 endfacet
 facet normal -8.271577e-01  5.619699e-01  0.000000e+00
   outer loop
     vertex  3.941914e+01  5.064031e+00  3.000000e+00
     vertex  3.939293e+01  5.025451e+00  7.105427e-15
     vertex  3.939293e+01  5.025451e+00  3.000000e+00
   endloop
 endfacet
 facet normal -8.422635e-01  5.390661e-01  0.000000e+00
   outer loop
     vertex  3.944428e+01  5.103316e+00  3.000000e+00
     vertex  3.941914e+01  5.064031e+00  7.105427e-15
     vertex  3.941914e+01  5.064031e+00  3.000000e+00
   endloop
 endfacet
 facet normal -8.422635e-01  5.390661e-01  0.000000e+00
   outer loop
     vertex  3.944428e+01  5.103316e+00  3.000000e+00
     vertex  3.944428e+01  5.103316e+00  7.105427e-15
     vertex  3.941914e+01  5.064031e+00  7.105427e-15
   endloop
 endfacet
 facet normal -8.567352e-01  5.157565e-01  0.000000e+00
   outer loop
     vertex  3.946834e+01  5.143276e+00  3.000000e+00
     vertex  3.944428e+01  5.103316e+00  7.105427e-15
     vertex  3.944428e+01  5.103316e+00  3.000000e+00
   endloop
 endfacet
 facet normal -8.567352e-01  5.157565e-01  0.000000e+00
   outer loop
     vertex  3.946834e+01  5.143276e+00  3.000000e+00
     vertex  3.946834e+01  5.143276e+00  7.105427e-15
     vertex  3.944428e+01  5.103316e+00  7.105427e-15
   endloop
 endfacet
 facet normal -8.705620e-01  4.920587e-01  0.000000e+00
   outer loop
     vertex  3.949129e+01  5.183881e+00  3.000000e+00
     vertex  3.946834e+01  5.143276e+00  7.105427e-15
     vertex  3.946834e+01  5.143276e+00  3.000000e+00
   endloop
 endfacet
 facet normal -8.705620e-01  4.920587e-01  0.000000e+00
   outer loop
     vertex  3.949129e+01  5.183881e+00  3.000000e+00
     vertex  3.949129e+01  5.183881e+00  7.105427e-15
     vertex  3.946834e+01  5.143276e+00  7.105427e-15
   endloop
 endfacet
 facet normal -8.837335e-01  4.679904e-01  0.000000e+00
   outer loop
     vertex  3.951312e+01  5.225101e+00  3.000000e+00
     vertex  3.949129e+01  5.183881e+00  7.105427e-15
     vertex  3.949129e+01  5.183881e+00  3.000000e+00
   endloop
 endfacet
 facet normal -8.837335e-01  4.679904e-01  0.000000e+00
   outer loop
     vertex  3.951312e+01  5.225101e+00  3.000000e+00
     vertex  3.951312e+01  5.225101e+00  7.105427e-15
     vertex  3.949129e+01  5.183881e+00  7.105427e-15
   endloop
 endfacet
 facet normal -8.962398e-01  4.435699e-01  0.000000e+00
   outer loop
     vertex  3.953381e+01  5.266903e+00  3.000000e+00
     vertex  3.951312e+01  5.225101e+00  7.105427e-15
     vertex  3.951312e+01  5.225101e+00  3.000000e+00
   endloop
 endfacet
 facet normal -8.962398e-01  4.435699e-01  0.000000e+00
   outer loop
     vertex  3.953381e+01  5.266903e+00  3.000000e+00
     vertex  3.953381e+01  5.266903e+00  7.105427e-15
     vertex  3.951312e+01  5.225101e+00  7.105427e-15
   endloop
 endfacet
 facet normal -9.080714e-01  4.188155e-01  0.000000e+00
   outer loop
     vertex  3.955334e+01  5.309258e+00  3.000000e+00
     vertex  3.953381e+01  5.266903e+00  7.105427e-15
     vertex  3.953381e+01  5.266903e+00  3.000000e+00
   endloop
 endfacet
 facet normal -9.080714e-01  4.188155e-01  0.000000e+00
   outer loop
     vertex  3.955334e+01  5.309258e+00  3.000000e+00
     vertex  3.955334e+01  5.309258e+00  7.105427e-15
     vertex  3.953381e+01  5.266903e+00  7.105427e-15
   endloop
 endfacet
 facet normal -9.192194e-01  3.937458e-01  0.000000e+00
   outer loop
     vertex  3.957171e+01  5.352132e+00  3.000000e+00
     vertex  3.955334e+01  5.309258e+00  7.105427e-15
     vertex  3.955334e+01  5.309258e+00  3.000000e+00
   endloop
 endfacet
 facet normal -9.192194e-01  3.937458e-01  0.000000e+00
   outer loop
     vertex  3.957171e+01  5.352132e+00  3.000000e+00
     vertex  3.957171e+01  5.352132e+00  7.105427e-15
     vertex  3.955334e+01  5.309258e+00  7.105427e-15
   endloop
 endfacet
 facet normal -9.296754e-01  3.683796e-01  0.000000e+00
   outer loop
     vertex  3.958889e+01  5.395495e+00  3.000000e+00
     vertex  3.957171e+01  5.352132e+00  7.105427e-15
     vertex  3.957171e+01  5.352132e+00  3.000000e+00
   endloop
 endfacet
 facet normal -9.296754e-01  3.683796e-01  0.000000e+00
   outer loop
     vertex  3.958889e+01  5.395495e+00  3.000000e+00
     vertex  3.958889e+01  5.395495e+00  7.105427e-15
     vertex  3.957171e+01  5.352132e+00  7.105427e-15
   endloop
 endfacet
 facet normal -9.394317e-01  3.427362e-01  0.000000e+00
   outer loop
     vertex  3.958889e+01  5.395495e+00  3.000000e+00
     vertex  3.960488e+01  5.439312e+00  7.105427e-15
     vertex  3.958889e+01  5.395495e+00  7.105427e-15
   endloop
 endfacet
 facet normal -9.394317e-01  3.427362e-01  0.000000e+00
   outer loop
     vertex  3.960488e+01  5.439312e+00  3.000000e+00
     vertex  3.960488e+01  5.439312e+00  7.105427e-15
     vertex  3.958889e+01  5.395495e+00  3.000000e+00
   endloop
 endfacet
 facet normal -9.484807e-01  3.168348e-01  0.000000e+00
   outer loop
     vertex  3.961965e+01  5.483551e+00  3.000000e+00
     vertex  3.960488e+01  5.439312e+00  7.105427e-15
     vertex  3.960488e+01  5.439312e+00  3.000000e+00
   endloop
 endfacet
 facet normal -9.484807e-01  3.168348e-01  0.000000e+00
   outer loop
     vertex  3.961965e+01  5.483551e+00  3.000000e+00
     vertex  3.961965e+01  5.483551e+00  7.105427e-15
     vertex  3.960488e+01  5.439312e+00  7.105427e-15
   endloop
 endfacet
 facet normal -9.568158e-01  2.906949e-01  0.000000e+00
   outer loop
     vertex  3.963321e+01  5.528179e+00  3.000000e+00
     vertex  3.961965e+01  5.483551e+00  7.105427e-15
     vertex  3.961965e+01  5.483551e+00  3.000000e+00
   endloop
 endfacet
 facet normal -9.568158e-01  2.906949e-01  0.000000e+00
   outer loop
     vertex  3.963321e+01  5.528179e+00  3.000000e+00
     vertex  3.963321e+01  5.528179e+00  7.105427e-15
     vertex  3.961965e+01  5.483551e+00  7.105427e-15
   endloop
 endfacet
 facet normal -9.644306e-01  2.643362e-01  0.000000e+00
   outer loop
     vertex  3.964554e+01  5.573162e+00  3.000000e+00
     vertex  3.963321e+01  5.528179e+00  7.105427e-15
     vertex  3.963321e+01  5.528179e+00  3.000000e+00
   endloop
 endfacet
 facet normal -9.644306e-01  2.643362e-01  0.000000e+00
   outer loop
     vertex  3.964554e+01  5.573162e+00  3.000000e+00
     vertex  3.964554e+01  5.573162e+00  7.105427e-15
     vertex  3.963321e+01  5.528179e+00  7.105427e-15
   endloop
 endfacet
 facet normal -9.713194e-01  2.377784e-01  0.000000e+00
   outer loop
     vertex  3.965663e+01  5.618467e+00  3.000000e+00
     vertex  3.964554e+01  5.573162e+00  7.105427e-15
     vertex  3.964554e+01  5.573162e+00  3.000000e+00
   endloop
 endfacet
 facet normal -9.713194e-01  2.377784e-01  0.000000e+00
   outer loop
     vertex  3.965663e+01  5.618467e+00  3.000000e+00
     vertex  3.965663e+01  5.618467e+00  7.105427e-15
     vertex  3.964554e+01  5.573162e+00  7.105427e-15
   endloop
 endfacet
 facet normal -9.774771e-01  2.110417e-01  0.000000e+00
   outer loop
     vertex  3.966648e+01  5.664059e+00  3.000000e+00
     vertex  3.965663e+01  5.618467e+00  7.105427e-15
     vertex  3.965663e+01  5.618467e+00  3.000000e+00
   endloop
 endfacet
 facet normal -9.774771e-01  2.110417e-01  0.000000e+00
   outer loop
     vertex  3.966648e+01  5.664059e+00  3.000000e+00
     vertex  3.966648e+01  5.664059e+00  7.105427e-15
     vertex  3.965663e+01  5.618467e+00  7.105427e-15
   endloop
 endfacet
 facet normal -9.828989e-01  1.841461e-01  0.000000e+00
   outer loop
     vertex  3.967507e+01  5.709903e+00  3.000000e+00
     vertex  3.966648e+01  5.664059e+00  7.105427e-15
     vertex  3.966648e+01  5.664059e+00  3.000000e+00
   endloop
 endfacet
 facet normal -9.828989e-01  1.841461e-01  0.000000e+00
   outer loop
     vertex  3.967507e+01  5.709903e+00  3.000000e+00
     vertex  3.967507e+01  5.709903e+00  7.105427e-15
     vertex  3.966648e+01  5.664059e+00  7.105427e-15
   endloop
 endfacet
 facet normal -9.875808e-01  1.571119e-01  0.000000e+00
   outer loop
     vertex  3.967507e+01  5.709903e+00  3.000000e+00
     vertex  3.968239e+01  5.755966e+00  7.105427e-15
     vertex  3.967507e+01  5.709903e+00  7.105427e-15
   endloop
 endfacet
 facet normal -9.875808e-01  1.571119e-01  0.000000e+00
   outer loop
     vertex  3.968239e+01  5.755966e+00  3.000000e+00
     vertex  3.968239e+01  5.755966e+00  7.105427e-15
     vertex  3.967507e+01  5.709903e+00  3.000000e+00
   endloop
 endfacet
 facet normal -9.915193e-01  1.299594e-01  0.000000e+00
   outer loop
     vertex  3.968239e+01  5.755966e+00  3.000000e+00
     vertex  3.968846e+01  5.802213e+00  7.105427e-15
     vertex  3.968239e+01  5.755966e+00  7.105427e-15
   endloop
 endfacet
 facet normal -9.915193e-01  1.299594e-01  0.000000e+00
   outer loop
     vertex  3.968846e+01  5.802213e+00  3.000000e+00
     vertex  3.968846e+01  5.802213e+00  7.105427e-15
     vertex  3.968239e+01  5.755966e+00  3.000000e+00
   endloop
 endfacet
 facet normal -9.947114e-01  1.027091e-01  0.000000e+00
   outer loop
     vertex  3.969325e+01  5.848609e+00  3.000000e+00
     vertex  3.968846e+01  5.802213e+00  7.105427e-15
     vertex  3.968846e+01  5.802213e+00  3.000000e+00
   endloop
 endfacet
 facet normal -9.947114e-01  1.027091e-01  0.000000e+00
   outer loop
     vertex  3.969325e+01  5.848609e+00  3.000000e+00
     vertex  3.969325e+01  5.848609e+00  7.105427e-15
     vertex  3.968846e+01  5.802213e+00  7.105427e-15
   endloop
 endfacet
 facet normal -9.971548e-01  7.538152e-02  0.000000e+00
   outer loop
     vertex  3.969676e+01  5.895118e+00  3.000000e+00
     vertex  3.969325e+01  5.848609e+00  7.105427e-15
     vertex  3.969325e+01  5.848609e+00  3.000000e+00
   endloop
 endfacet
 facet normal -9.971548e-01  7.538152e-02  0.000000e+00
   outer loop
     vertex  3.969676e+01  5.895118e+00  3.000000e+00
     vertex  3.969676e+01  5.895118e+00  7.105427e-15
     vertex  3.969325e+01  5.848609e+00  7.105427e-15
   endloop
 endfacet
 facet normal -9.988475e-01  4.799716e-02  0.000000e+00
   outer loop
     vertex  3.969900e+01  5.941707e+00  3.000000e+00
     vertex  3.969676e+01  5.895118e+00  7.105427e-15
     vertex  3.969676e+01  5.895118e+00  3.000000e+00
   endloop
 endfacet
 facet normal -9.988475e-01  4.799716e-02  0.000000e+00
   outer loop
     vertex  3.969900e+01  5.941707e+00  3.000000e+00
     vertex  3.969900e+01  5.941707e+00  7.105427e-15
     vertex  3.969676e+01  5.895118e+00  7.105427e-15
   endloop
 endfacet
 facet normal -9.997883e-01  2.057667e-02  0.000000e+00
   outer loop
     vertex  3.969996e+01  5.988339e+00  3.000000e+00
     vertex  3.969996e+01  5.988339e+00  7.105427e-15
     vertex  3.969900e+01  5.941707e+00  7.105427e-15
   endloop
 endfacet
 facet normal -9.997883e-01  2.057667e-02  0.000000e+00
   outer loop
     vertex  3.969996e+01  5.988339e+00  3.000000e+00
     vertex  3.969900e+01  5.941707e+00  7.105427e-15
     vertex  3.969900e+01  5.941707e+00  3.000000e+00
   endloop
 endfacet
 facet normal -9.999765e-01 -6.859319e-03 -0.000000e+00
   outer loop
     vertex  3.969996e+01  5.988339e+00  3.000000e+00
     vertex  3.969964e+01  6.034980e+00  7.105427e-15
     vertex  3.969996e+01  5.988339e+00  7.105427e-15
   endloop
 endfacet
 facet normal -9.999765e-01 -6.859319e-03 -0.000000e+00
   outer loop
     vertex  3.969964e+01  6.034980e+00  3.000000e+00
     vertex  3.969964e+01  6.034980e+00  7.105427e-15
     vertex  3.969996e+01  5.988339e+00  3.000000e+00
   endloop
 endfacet
 facet normal -9.994119e-01 -3.429014e-02 -0.000000e+00
   outer loop
     vertex  3.969804e+01  6.081595e+00  3.000000e+00
     vertex  3.969804e+01  6.081595e+00  7.105427e-15
     vertex  3.969964e+01  6.034980e+00  7.105427e-15
   endloop
 endfacet
 facet normal -9.994119e-01 -3.429014e-02  0.000000e+00
   outer loop
     vertex  3.969804e+01  6.081595e+00  3.000000e+00
     vertex  3.969964e+01  6.034980e+00  7.105427e-15
     vertex  3.969964e+01  6.034980e+00  3.000000e+00
   endloop
 endfacet
 facet normal -9.980950e-01 -6.169515e-02 -0.000000e+00
   outer loop
     vertex  3.969516e+01  6.128149e+00  3.000000e+00
     vertex  3.969516e+01  6.128149e+00  7.105427e-15
     vertex  3.969804e+01  6.081595e+00  7.105427e-15
   endloop
 endfacet
 facet normal -9.960268e-01 -8.905371e-02 -0.000000e+00
   outer loop
     vertex  3.969516e+01  6.128149e+00  3.000000e+00
     vertex  3.969101e+01  6.174606e+00  7.105427e-15
     vertex  3.969516e+01  6.128149e+00  7.105427e-15
   endloop
 endfacet
 facet normal -9.980950e-01 -6.169515e-02  0.000000e+00
   outer loop
     vertex  3.969516e+01  6.128149e+00  3.000000e+00
     vertex  3.969804e+01  6.081595e+00  7.105427e-15
     vertex  3.969804e+01  6.081595e+00  3.000000e+00
   endloop
 endfacet
 facet normal -9.960268e-01 -8.905371e-02 -0.000000e+00
   outer loop
     vertex  3.969101e+01  6.174606e+00  3.000000e+00
     vertex  3.969101e+01  6.174606e+00  7.105427e-15
     vertex  3.969516e+01  6.128149e+00  3.000000e+00
   endloop
 endfacet
 facet normal -9.932088e-01 -1.163452e-01  0.000000e+00
   outer loop
     vertex  3.968558e+01  6.220931e+00  3.000000e+00
     vertex  3.969101e+01  6.174606e+00  7.105427e-15
     vertex  3.969101e+01  6.174606e+00  3.000000e+00
   endloop
 endfacet
 facet normal -9.932088e-01 -1.163452e-01 -0.000000e+00
   outer loop
     vertex  3.968558e+01  6.220931e+00  3.000000e+00
     vertex  3.968558e+01  6.220931e+00  7.105427e-15
     vertex  3.969101e+01  6.174606e+00  7.105427e-15
   endloop
 endfacet
 facet normal -9.896432e-01 -1.435492e-01  0.000000e+00
   outer loop
     vertex  3.967889e+01  6.267090e+00  3.000000e+00
     vertex  3.968558e+01  6.220931e+00  7.105427e-15
     vertex  3.968558e+01  6.220931e+00  3.000000e+00
   endloop
 endfacet
 facet normal -9.896432e-01 -1.435492e-01 -0.000000e+00
   outer loop
     vertex  3.967889e+01  6.267090e+00  3.000000e+00
     vertex  3.967889e+01  6.267090e+00  7.105427e-15
     vertex  3.968558e+01  6.220931e+00  7.105427e-15
   endloop
 endfacet
 facet normal -9.853326e-01 -1.706451e-01 -0.000000e+00
   outer loop
     vertex  3.967889e+01  6.267090e+00  3.000000e+00
     vertex  3.967093e+01  6.313048e+00  7.105427e-15
     vertex  3.967889e+01  6.267090e+00  7.105427e-15
   endloop
 endfacet
 facet normal -9.853326e-01 -1.706451e-01 -0.000000e+00
   outer loop
     vertex  3.967093e+01  6.313048e+00  3.000000e+00
     vertex  3.967093e+01  6.313048e+00  7.105427e-15
     vertex  3.967889e+01  6.267090e+00  3.000000e+00
   endloop
 endfacet
 facet normal -9.802802e-01 -1.976125e-01  0.000000e+00
   outer loop
     vertex  3.966171e+01  6.358771e+00  3.000000e+00
     vertex  3.967093e+01  6.313048e+00  7.105427e-15
     vertex  3.967093e+01  6.313048e+00  3.000000e+00
   endloop
 endfacet
 facet normal -9.802802e-01 -1.976125e-01 -0.000000e+00
   outer loop
     vertex  3.966171e+01  6.358771e+00  3.000000e+00
     vertex  3.966171e+01  6.358771e+00  7.105427e-15
     vertex  3.967093e+01  6.313048e+00  7.105427e-15
   endloop
 endfacet
 facet normal -9.744899e-01 -2.244312e-01  0.000000e+00
   outer loop
     vertex  3.965124e+01  6.404223e+00  3.000000e+00
     vertex  3.966171e+01  6.358771e+00  7.105427e-15
     vertex  3.966171e+01  6.358771e+00  3.000000e+00
   endloop
 endfacet
 facet normal -9.744899e-01 -2.244312e-01 -0.000000e+00
   outer loop
     vertex  3.965124e+01  6.404223e+00  3.000000e+00
     vertex  3.965124e+01  6.404223e+00  7.105427e-15
     vertex  3.966171e+01  6.358771e+00  7.105427e-15
   endloop
 endfacet
 facet normal -9.679661e-01 -2.510809e-01 -0.000000e+00
   outer loop
     vertex  3.965124e+01  6.404223e+00  3.000000e+00
     vertex  3.963953e+01  6.449371e+00  7.105427e-15
     vertex  3.965124e+01  6.404223e+00  7.105427e-15
   endloop
 endfacet
 facet normal -9.679661e-01 -2.510809e-01 -0.000000e+00
   outer loop
     vertex  3.963953e+01  6.449371e+00  3.000000e+00
     vertex  3.963953e+01  6.449371e+00  7.105427e-15
     vertex  3.965124e+01  6.404223e+00  3.000000e+00
   endloop
 endfacet
 facet normal -9.607136e-01 -2.775416e-01  0.000000e+00
   outer loop
     vertex  3.962659e+01  6.494181e+00  3.000000e+00
     vertex  3.963953e+01  6.449371e+00  7.105427e-15
     vertex  3.963953e+01  6.449371e+00  3.000000e+00
   endloop
 endfacet
 facet normal -9.607136e-01 -2.775416e-01 -0.000000e+00
   outer loop
     vertex  3.962659e+01  6.494181e+00  3.000000e+00
     vertex  3.962659e+01  6.494181e+00  7.105427e-15
     vertex  3.963953e+01  6.449371e+00  7.105427e-15
   endloop
 endfacet
 facet normal -9.527379e-01 -3.037934e-01  0.000000e+00
   outer loop
     vertex  3.961242e+01  6.538619e+00  3.000000e+00
     vertex  3.962659e+01  6.494181e+00  7.105427e-15
     vertex  3.962659e+01  6.494181e+00  3.000000e+00
   endloop
 endfacet
 facet normal -9.527379e-01 -3.037934e-01 -0.000000e+00
   outer loop
     vertex  3.961242e+01  6.538619e+00  3.000000e+00
     vertex  3.961242e+01  6.538619e+00  7.105427e-15
     vertex  3.962659e+01  6.494181e+00  7.105427e-15
   endloop
 endfacet
 facet normal -9.440450e-01 -3.298166e-01  0.000000e+00
   outer loop
     vertex  3.959703e+01  6.582652e+00  3.000000e+00
     vertex  3.961242e+01  6.538619e+00  7.105427e-15
     vertex  3.961242e+01  6.538619e+00  3.000000e+00
   endloop
 endfacet
 facet normal -9.440450e-01 -3.298166e-01 -0.000000e+00
   outer loop
     vertex  3.959703e+01  6.582652e+00  3.000000e+00
     vertex  3.959703e+01  6.582652e+00  7.105427e-15
     vertex  3.961242e+01  6.538619e+00  7.105427e-15
   endloop
 endfacet
 facet normal -9.346415e-01 -3.555914e-01 -0.000000e+00
   outer loop
     vertex  3.959703e+01  6.582652e+00  3.000000e+00
     vertex  3.958045e+01  6.626245e+00  7.105427e-15
     vertex  3.959703e+01  6.582652e+00  7.105427e-15
   endloop
 endfacet
 facet normal -9.346415e-01 -3.555914e-01 -0.000000e+00
   outer loop
     vertex  3.958045e+01  6.626245e+00  3.000000e+00
     vertex  3.958045e+01  6.626245e+00  7.105427e-15
     vertex  3.959703e+01  6.582652e+00  3.000000e+00
   endloop
 endfacet
 facet normal -9.137314e-01 -4.063188e-01 -0.000000e+00
   outer loop
     vertex  3.956267e+01  6.669368e+00  3.000000e+00
     vertex  3.954372e+01  6.711986e+00  7.105427e-15
     vertex  3.956267e+01  6.669368e+00  7.105427e-15
   endloop
 endfacet
 facet normal -9.245344e-01 -3.810986e-01  0.000000e+00
   outer loop
     vertex  3.956267e+01  6.669368e+00  3.000000e+00
     vertex  3.958045e+01  6.626245e+00  7.105427e-15
     vertex  3.958045e+01  6.626245e+00  3.000000e+00
   endloop
 endfacet
 facet normal -9.245344e-01 -3.810986e-01 -0.000000e+00
   outer loop
     vertex  3.956267e+01  6.669368e+00  3.000000e+00
     vertex  3.956267e+01  6.669368e+00  7.105427e-15
     vertex  3.958045e+01  6.626245e+00  7.105427e-15
   endloop
 endfacet
 facet normal -9.137314e-01 -4.063188e-01 -0.000000e+00
   outer loop
     vertex  3.954372e+01  6.711986e+00  3.000000e+00
     vertex  3.954372e+01  6.711986e+00  7.105427e-15
     vertex  3.956267e+01  6.669368e+00  3.000000e+00
   endloop
 endfacet
 facet normal -9.022405e-01 -4.312333e-01 -0.000000e+00
   outer loop
     vertex  3.952361e+01  6.754069e+00  3.000000e+00
     vertex  3.952361e+01  6.754069e+00  7.105427e-15
     vertex  3.954372e+01  6.711986e+00  7.105427e-15
   endloop
 endfacet
 facet normal -9.022405e-01 -4.312333e-01  0.000000e+00
   outer loop
     vertex  3.952361e+01  6.754069e+00  3.000000e+00
     vertex  3.954372e+01  6.711986e+00  7.105427e-15
     vertex  3.954372e+01  6.711986e+00  3.000000e+00
   endloop
 endfacet
 facet normal -8.900704e-01 -4.558231e-01 -0.000000e+00
   outer loop
     vertex  3.950235e+01  6.795584e+00  3.000000e+00
     vertex  3.950235e+01  6.795584e+00  7.105427e-15
     vertex  3.952361e+01  6.754069e+00  7.105427e-15
   endloop
 endfacet
 facet normal -8.772303e-01 -4.800697e-01 -0.000000e+00
   outer loop
     vertex  3.950235e+01  6.795584e+00  3.000000e+00
     vertex  3.947996e+01  6.836500e+00  7.105427e-15
     vertex  3.950235e+01  6.795584e+00  7.105427e-15
   endloop
 endfacet
 facet normal -8.900704e-01 -4.558231e-01  0.000000e+00
   outer loop
     vertex  3.950235e+01  6.795584e+00  3.000000e+00
     vertex  3.952361e+01  6.754069e+00  7.105427e-15
     vertex  3.952361e+01  6.754069e+00  3.000000e+00
   endloop
 endfacet
 facet normal -8.772303e-01 -4.800697e-01 -0.000000e+00
   outer loop
     vertex  3.947996e+01  6.836500e+00  3.000000e+00
     vertex  3.947996e+01  6.836500e+00  7.105427e-15
     vertex  3.950235e+01  6.795584e+00  3.000000e+00
   endloop
 endfacet
 facet normal -8.637299e-01 -5.039550e-01 -0.000000e+00
   outer loop
     vertex  3.945645e+01  6.876786e+00  3.000000e+00
     vertex  3.945645e+01  6.876786e+00  7.105427e-15
     vertex  3.947996e+01  6.836500e+00  7.105427e-15
   endloop
 endfacet
 facet normal -8.637299e-01 -5.039550e-01  0.000000e+00
   outer loop
     vertex  3.945645e+01  6.876786e+00  3.000000e+00
     vertex  3.947996e+01  6.836500e+00  7.105427e-15
     vertex  3.947996e+01  6.836500e+00  3.000000e+00
   endloop
 endfacet
 facet normal -8.495793e-01 -5.274609e-01 -0.000000e+00
   outer loop
     vertex  3.943185e+01  6.916412e+00  3.000000e+00
     vertex  3.943185e+01  6.916412e+00  7.105427e-15
     vertex  3.945645e+01  6.876786e+00  7.105427e-15
   endloop
 endfacet
 facet normal -8.347891e-01 -5.505698e-01 -0.000000e+00
   outer loop
     vertex  3.943185e+01  6.916412e+00  3.000000e+00
     vertex  3.940617e+01  6.955349e+00  7.105427e-15
     vertex  3.943185e+01  6.916412e+00  7.105427e-15
   endloop
 endfacet
 facet normal -8.495793e-01 -5.274609e-01  0.000000e+00
   outer loop
     vertex  3.943185e+01  6.916412e+00  3.000000e+00
     vertex  3.945645e+01  6.876786e+00  7.105427e-15
     vertex  3.945645e+01  6.876786e+00  3.000000e+00
   endloop
 endfacet
 facet normal -8.347891e-01 -5.505698e-01 -0.000000e+00
   outer loop
     vertex  3.940617e+01  6.955349e+00  3.000000e+00
     vertex  3.940617e+01  6.955349e+00  7.105427e-15
     vertex  3.943185e+01  6.916412e+00  3.000000e+00
   endloop
 endfacet
 facet normal -8.193706e-01 -5.732642e-01 -0.000000e+00
   outer loop
     vertex  3.937943e+01  6.993566e+00  3.000000e+00
     vertex  3.937943e+01  6.993566e+00  7.105427e-15
     vertex  3.940617e+01  6.955349e+00  7.105427e-15
   endloop
 endfacet
 facet normal -8.193706e-01 -5.732642e-01  0.000000e+00
   outer loop
     vertex  3.937943e+01  6.993566e+00  3.000000e+00
     vertex  3.940617e+01  6.955349e+00  7.105427e-15
     vertex  3.940617e+01  6.955349e+00  3.000000e+00
   endloop
 endfacet
 facet normal -8.033352e-01 -5.955271e-01 -0.000000e+00
   outer loop
     vertex  3.935165e+01  7.031036e+00  3.000000e+00
     vertex  3.935165e+01  7.031036e+00  7.105427e-15
     vertex  3.937943e+01  6.993566e+00  7.105427e-15
   endloop
 endfacet
 facet normal -7.866951e-01 -6.173417e-01 -0.000000e+00
   outer loop
     vertex  3.935165e+01  7.031036e+00  3.000000e+00
     vertex  3.932286e+01  7.067729e+00  7.105427e-15
     vertex  3.935165e+01  7.031036e+00  7.105427e-15
   endloop
 endfacet
 facet normal -8.033352e-01 -5.955271e-01  0.000000e+00
   outer loop
     vertex  3.935165e+01  7.031036e+00  3.000000e+00
     vertex  3.937943e+01  6.993566e+00  7.105427e-15
     vertex  3.937943e+01  6.993566e+00  3.000000e+00
   endloop
 endfacet
 facet normal -7.866951e-01 -6.173417e-01 -0.000000e+00
   outer loop
     vertex  3.932286e+01  7.067729e+00  3.000000e+00
     vertex  3.932286e+01  7.067729e+00  7.105427e-15
     vertex  3.935165e+01  7.031036e+00  3.000000e+00
   endloop
 endfacet
 facet normal -7.694628e-01 -6.386916e-01 -0.000000e+00
   outer loop
     vertex  3.929307e+01  7.103618e+00  3.000000e+00
     vertex  3.929307e+01  7.103618e+00  7.105427e-15
     vertex  3.932286e+01  7.067729e+00  7.105427e-15
   endloop
 endfacet
 facet normal -7.694628e-01 -6.386916e-01  0.000000e+00
   outer loop
     vertex  3.929307e+01  7.103618e+00  3.000000e+00
     vertex  3.932286e+01  7.067729e+00  7.105427e-15
     vertex  3.932286e+01  7.067729e+00  3.000000e+00
   endloop
 endfacet
 facet normal -7.516513e-01 -6.595607e-01 -0.000000e+00
   outer loop
     vertex  3.926231e+01  7.138677e+00  3.000000e+00
     vertex  3.926231e+01  7.138677e+00  7.105427e-15
     vertex  3.929307e+01  7.103618e+00  7.105427e-15
   endloop
 endfacet
 facet normal -7.516513e-01 -6.595607e-01  0.000000e+00
   outer loop
     vertex  3.926231e+01  7.138677e+00  3.000000e+00
     vertex  3.929307e+01  7.103618e+00  7.105427e-15
     vertex  3.929307e+01  7.103618e+00  3.000000e+00
   endloop
 endfacet
 facet normal -7.332740e-01 -6.799333e-01 -0.000000e+00
   outer loop
     vertex  3.923059e+01  7.172879e+00  3.000000e+00
     vertex  3.923059e+01  7.172879e+00  7.105427e-15
     vertex  3.926231e+01  7.138677e+00  7.105427e-15
   endloop
 endfacet
 facet normal -7.143447e-01 -6.997940e-01 -0.000000e+00
   outer loop
     vertex  3.923059e+01  7.172879e+00  3.000000e+00
     vertex  3.919795e+01  7.206197e+00  7.105427e-15
     vertex  3.923059e+01  7.172879e+00  7.105427e-15
   endloop
 endfacet
 facet normal -7.332740e-01 -6.799333e-01  0.000000e+00
   outer loop
     vertex  3.923059e+01  7.172879e+00  3.000000e+00
     vertex  3.926231e+01  7.138677e+00  7.105427e-15
     vertex  3.926231e+01  7.138677e+00  3.000000e+00
   endloop
 endfacet
 facet normal -7.143447e-01 -6.997940e-01 -0.000000e+00
   outer loop
     vertex  3.919795e+01  7.206197e+00  3.000000e+00
     vertex  3.919795e+01  7.206197e+00  7.105427e-15
     vertex  3.923059e+01  7.172879e+00  3.000000e+00
   endloop
 endfacet
 facet normal -6.948776e-01 -7.191280e-01 -0.000000e+00
   outer loop
     vertex  3.919795e+01  7.206197e+00  3.000000e+00
     vertex  3.916441e+01  7.238608e+00  7.105427e-15
     vertex  3.919795e+01  7.206197e+00  7.105427e-15
   endloop
 endfacet
 facet normal -6.948776e-01 -7.191280e-01 -0.000000e+00
   outer loop
     vertex  3.916441e+01  7.238608e+00  3.000000e+00
     vertex  3.916441e+01  7.238608e+00  7.105427e-15
     vertex  3.919795e+01  7.206197e+00  3.000000e+00
   endloop
 endfacet
 facet normal -6.748875e-01 -7.379206e-01 -0.000000e+00
   outer loop
     vertex  3.916441e+01  7.238608e+00  3.000000e+00
     vertex  3.912999e+01  7.270086e+00  7.105427e-15
     vertex  3.916441e+01  7.238608e+00  7.105427e-15
   endloop
 endfacet
 facet normal -6.748875e-01 -7.379206e-01 -0.000000e+00
   outer loop
     vertex  3.912999e+01  7.270086e+00  3.000000e+00
     vertex  3.912999e+01  7.270086e+00  7.105427e-15
     vertex  3.916441e+01  7.238608e+00  3.000000e+00
   endloop
 endfacet
 facet normal -6.543893e-01 -7.561578e-01  0.000000e+00
   outer loop
     vertex  3.909472e+01  7.300608e+00  3.000000e+00
     vertex  3.912999e+01  7.270086e+00  7.105427e-15
     vertex  3.912999e+01  7.270086e+00  3.000000e+00
   endloop
 endfacet
 facet normal -6.543893e-01 -7.561578e-01 -0.000000e+00
   outer loop
     vertex  3.909472e+01  7.300608e+00  3.000000e+00
     vertex  3.909472e+01  7.300608e+00  7.105427e-15
     vertex  3.912999e+01  7.270086e+00  7.105427e-15
   endloop
 endfacet
 facet normal -6.333986e-01 -7.738257e-01 -0.000000e+00
   outer loop
     vertex  3.909472e+01  7.300608e+00  3.000000e+00
     vertex  3.905863e+01  7.330152e+00  7.105427e-15
     vertex  3.909472e+01  7.300608e+00  7.105427e-15
   endloop
 endfacet
 facet normal -6.333986e-01 -7.738257e-01 -0.000000e+00
   outer loop
     vertex  3.905863e+01  7.330152e+00  3.000000e+00
     vertex  3.905863e+01  7.330152e+00  7.105427e-15
     vertex  3.909472e+01  7.300608e+00  3.000000e+00
   endloop
 endfacet
 facet normal -6.119310e-01 -7.909112e-01 -0.000000e+00
   outer loop
     vertex  3.902174e+01  7.358693e+00  3.000000e+00
     vertex  3.902174e+01  7.358693e+00  7.105427e-15
     vertex  3.905863e+01  7.330152e+00  7.105427e-15
   endloop
 endfacet
 facet normal -6.119310e-01 -7.909112e-01  0.000000e+00
   outer loop
     vertex  3.902174e+01  7.358693e+00  3.000000e+00
     vertex  3.905863e+01  7.330152e+00  7.105427e-15
     vertex  3.905863e+01  7.330152e+00  3.000000e+00
   endloop
 endfacet
 facet normal -5.900028e-01 -8.074012e-01  0.000000e+00
   outer loop
     vertex  3.898408e+01  7.386212e+00  3.000000e+00
     vertex  3.902174e+01  7.358693e+00  7.105427e-15
     vertex  3.902174e+01  7.358693e+00  3.000000e+00
   endloop
 endfacet
 facet normal -5.900028e-01 -8.074012e-01 -0.000000e+00
   outer loop
     vertex  3.898408e+01  7.386212e+00  3.000000e+00
     vertex  3.898408e+01  7.386212e+00  7.105427e-15
     vertex  3.902174e+01  7.358693e+00  7.105427e-15
   endloop
 endfacet
 facet normal -5.676304e-01 -8.232835e-01 -0.000000e+00
   outer loop
     vertex  3.898408e+01  7.386212e+00  3.000000e+00
     vertex  3.894568e+01  7.412688e+00  7.105427e-15
     vertex  3.898408e+01  7.386212e+00  7.105427e-15
   endloop
 endfacet
 facet normal -5.448308e-01 -8.385460e-01 -0.000000e+00
   outer loop
     vertex  3.894568e+01  7.412688e+00  3.000000e+00
     vertex  3.890657e+01  7.438100e+00  7.105427e-15
     vertex  3.894568e+01  7.412688e+00  7.105427e-15
   endloop
 endfacet
 facet normal -5.676304e-01 -8.232835e-01 -0.000000e+00
   outer loop
     vertex  3.894568e+01  7.412688e+00  3.000000e+00
     vertex  3.894568e+01  7.412688e+00  7.105427e-15
     vertex  3.898408e+01  7.386212e+00  3.000000e+00
   endloop
 endfacet
 facet normal -5.448308e-01 -8.385460e-01 -0.000000e+00
   outer loop
     vertex  3.890657e+01  7.438100e+00  3.000000e+00
     vertex  3.890657e+01  7.438100e+00  7.105427e-15
     vertex  3.894568e+01  7.412688e+00  3.000000e+00
   endloop
 endfacet
 facet normal -5.216210e-01 -8.531773e-01 -0.000000e+00
   outer loop
     vertex  3.886678e+01  7.462430e+00  3.000000e+00
     vertex  3.886678e+01  7.462430e+00  7.105427e-15
     vertex  3.890657e+01  7.438100e+00  7.105427e-15
   endloop
 endfacet
 facet normal -4.980186e-01 -8.671664e-01 -0.000000e+00
   outer loop
     vertex  3.886678e+01  7.462430e+00  3.000000e+00
     vertex  3.882633e+01  7.485658e+00  7.105427e-15
     vertex  3.886678e+01  7.462430e+00  7.105427e-15
   endloop
 endfacet
 facet normal -5.216210e-01 -8.531773e-01  0.000000e+00
   outer loop
     vertex  3.886678e+01  7.462430e+00  3.000000e+00
     vertex  3.890657e+01  7.438100e+00  7.105427e-15
     vertex  3.890657e+01  7.438100e+00  3.000000e+00
   endloop
 endfacet
 facet normal -4.980186e-01 -8.671664e-01 -0.000000e+00
   outer loop
     vertex  3.882633e+01  7.485658e+00  3.000000e+00
     vertex  3.882633e+01  7.485658e+00  7.105427e-15
     vertex  3.886678e+01  7.462430e+00  3.000000e+00
   endloop
 endfacet
 facet normal -4.740412e-01 -8.805026e-01 -0.000000e+00
   outer loop
     vertex  3.878526e+01  7.507769e+00  3.000000e+00
     vertex  3.878526e+01  7.507769e+00  7.105427e-15
     vertex  3.882633e+01  7.485658e+00  7.105427e-15
   endloop
 endfacet
 facet normal -4.740412e-01 -8.805026e-01  0.000000e+00
   outer loop
     vertex  3.878526e+01  7.507769e+00  3.000000e+00
     vertex  3.882633e+01  7.485658e+00  7.105427e-15
     vertex  3.882633e+01  7.485658e+00  3.000000e+00
   endloop
 endfacet
 facet normal -4.497071e-01 -8.931761e-01 -0.000000e+00
   outer loop
     vertex  3.874360e+01  7.528744e+00  3.000000e+00
     vertex  3.874360e+01  7.528744e+00  7.105427e-15
     vertex  3.878526e+01  7.507769e+00  7.105427e-15
   endloop
 endfacet
 facet normal -4.250344e-01 -9.051772e-01 -0.000000e+00
   outer loop
     vertex  3.874360e+01  7.528744e+00  3.000000e+00
     vertex  3.870138e+01  7.548569e+00  7.105427e-15
     vertex  3.874360e+01  7.528744e+00  7.105427e-15
   endloop
 endfacet
 facet normal -4.497071e-01 -8.931761e-01  0.000000e+00
   outer loop
     vertex  3.874360e+01  7.528744e+00  3.000000e+00
     vertex  3.878526e+01  7.507769e+00  7.105427e-15
     vertex  3.878526e+01  7.507769e+00  3.000000e+00
   endloop
 endfacet
 facet normal -4.250344e-01 -9.051772e-01 -0.000000e+00
   outer loop
     vertex  3.870138e+01  7.548569e+00  3.000000e+00
     vertex  3.870138e+01  7.548569e+00  7.105427e-15
     vertex  3.874360e+01  7.528744e+00  3.000000e+00
   endloop
 endfacet
 facet normal -4.000417e-01 -9.164969e-01 -0.000000e+00
   outer loop
     vertex  3.865863e+01  7.567228e+00  3.000000e+00
     vertex  3.865863e+01  7.567228e+00  7.105427e-15
     vertex  3.870138e+01  7.548569e+00  7.105427e-15
   endloop
 endfacet
 facet normal -4.000417e-01 -9.164969e-01  0.000000e+00
   outer loop
     vertex  3.865863e+01  7.567228e+00  3.000000e+00
     vertex  3.870138e+01  7.548569e+00  7.105427e-15
     vertex  3.870138e+01  7.548569e+00  3.000000e+00
   endloop
 endfacet
 facet normal -3.747479e-01 -9.271267e-01 -0.000000e+00
   outer loop
     vertex  3.861539e+01  7.584707e+00  3.000000e+00
     vertex  3.861539e+01  7.584707e+00  7.105427e-15
     vertex  3.865863e+01  7.567228e+00  7.105427e-15
   endloop
 endfacet
 facet normal -3.491720e-01 -9.370586e-01 -0.000000e+00
   outer loop
     vertex  3.861539e+01  7.584707e+00  3.000000e+00
     vertex  3.857168e+01  7.600993e+00  7.105427e-15
     vertex  3.861539e+01  7.584707e+00  7.105427e-15
   endloop
 endfacet
 facet normal -3.747479e-01 -9.271267e-01  0.000000e+00
   outer loop
     vertex  3.861539e+01  7.584707e+00  3.000000e+00
     vertex  3.865863e+01  7.567228e+00  7.105427e-15
     vertex  3.865863e+01  7.567228e+00  3.000000e+00
   endloop
 endfacet
 facet normal -3.491720e-01 -9.370586e-01 -0.000000e+00
   outer loop
     vertex  3.857168e+01  7.600993e+00  3.000000e+00
     vertex  3.857168e+01  7.600993e+00  7.105427e-15
     vertex  3.861539e+01  7.584707e+00  3.000000e+00
   endloop
 endfacet
 facet normal -3.233333e-01 -9.462851e-01 -0.000000e+00
   outer loop
     vertex  3.852755e+01  7.616074e+00  3.000000e+00
     vertex  3.852755e+01  7.616074e+00  7.105427e-15
     vertex  3.857168e+01  7.600993e+00  7.105427e-15
   endloop
 endfacet
 facet normal -3.233333e-01 -9.462851e-01  0.000000e+00
   outer loop
     vertex  3.852755e+01  7.616074e+00  3.000000e+00
     vertex  3.857168e+01  7.600993e+00  7.105427e-15
     vertex  3.857168e+01  7.600993e+00  3.000000e+00
   endloop
 endfacet
 facet normal -2.972512e-01 -9.547993e-01 -0.000000e+00
   outer loop
     vertex  3.848301e+01  7.629938e+00  3.000000e+00
     vertex  3.848301e+01  7.629938e+00  7.105427e-15
     vertex  3.852755e+01  7.616074e+00  7.105427e-15
   endloop
 endfacet
 facet normal -2.709453e-01 -9.625948e-01 -0.000000e+00
   outer loop
     vertex  3.848301e+01  7.629938e+00  3.000000e+00
     vertex  3.843811e+01  7.642576e+00  7.105427e-15
     vertex  3.848301e+01  7.629938e+00  7.105427e-15
   endloop
 endfacet
 facet normal -2.972512e-01 -9.547993e-01  0.000000e+00
   outer loop
     vertex  3.848301e+01  7.629938e+00  3.000000e+00
     vertex  3.852755e+01  7.616074e+00  7.105427e-15
     vertex  3.852755e+01  7.616074e+00  3.000000e+00
   endloop
 endfacet
 facet normal -2.709453e-01 -9.625948e-01 -0.000000e+00
   outer loop
     vertex  3.843811e+01  7.642576e+00  3.000000e+00
     vertex  3.843811e+01  7.642576e+00  7.105427e-15
     vertex  3.848301e+01  7.629938e+00  3.000000e+00
   endloop
 endfacet
 facet normal -2.444354e-01 -9.696656e-01 -0.000000e+00
   outer loop
     vertex  3.839289e+01  7.653977e+00  3.000000e+00
     vertex  3.839289e+01  7.653977e+00  7.105427e-15
     vertex  3.843811e+01  7.642576e+00  7.105427e-15
   endloop
 endfacet
 facet normal -2.444354e-01 -9.696656e-01  0.000000e+00
   outer loop
     vertex  3.839289e+01  7.653977e+00  3.000000e+00
     vertex  3.843811e+01  7.642576e+00  7.105427e-15
     vertex  3.843811e+01  7.642576e+00  3.000000e+00
   endloop
 endfacet
 facet normal -2.177416e-01 -9.760065e-01 -0.000000e+00
   outer loop
     vertex  3.834736e+01  7.664133e+00  3.000000e+00
     vertex  3.834736e+01  7.664133e+00  7.105427e-15
     vertex  3.839289e+01  7.653977e+00  7.105427e-15
   endloop
 endfacet
 facet normal -1.908838e-01 -9.816126e-01 -0.000000e+00
   outer loop
     vertex  3.834736e+01  7.664133e+00  3.000000e+00
     vertex  3.830158e+01  7.673036e+00  7.105427e-15
     vertex  3.834736e+01  7.664133e+00  7.105427e-15
   endloop
 endfacet
 facet normal -2.177416e-01 -9.760065e-01  0.000000e+00
   outer loop
     vertex  3.834736e+01  7.664133e+00  3.000000e+00
     vertex  3.839289e+01  7.653977e+00  7.105427e-15
     vertex  3.839289e+01  7.653977e+00  3.000000e+00
   endloop
 endfacet
 facet normal -1.908838e-01 -9.816126e-01 -0.000000e+00
   outer loop
     vertex  3.830158e+01  7.673036e+00  3.000000e+00
     vertex  3.830158e+01  7.673036e+00  7.105427e-15
     vertex  3.834736e+01  7.664133e+00  3.000000e+00
   endloop
 endfacet
 facet normal -1.638824e-01 -9.864799e-01 -0.000000e+00
   outer loop
     vertex  3.825557e+01  7.680680e+00  3.000000e+00
     vertex  3.825557e+01  7.680680e+00  7.105427e-15
     vertex  3.830158e+01  7.673036e+00  7.105427e-15
   endloop
 endfacet
 facet normal -1.638824e-01 -9.864799e-01  0.000000e+00
   outer loop
     vertex  3.825557e+01  7.680680e+00  3.000000e+00
     vertex  3.830158e+01  7.673036e+00  7.105427e-15
     vertex  3.830158e+01  7.673036e+00  3.000000e+00
   endloop
 endfacet
 facet normal -1.367575e-01 -9.906046e-01 -0.000000e+00
   outer loop
     vertex  3.820936e+01  7.687059e+00  3.000000e+00
     vertex  3.820936e+01  7.687059e+00  7.105427e-15
     vertex  3.825557e+01  7.680680e+00  7.105427e-15
   endloop
 endfacet
 facet normal -1.095298e-01 -9.939835e-01 -0.000000e+00
   outer loop
     vertex  3.820936e+01  7.687059e+00  3.000000e+00
     vertex  3.816300e+01  7.692167e+00  7.105427e-15
     vertex  3.820936e+01  7.687059e+00  7.105427e-15
   endloop
 endfacet
 facet normal -1.367575e-01 -9.906046e-01  0.000000e+00
   outer loop
     vertex  3.820936e+01  7.687059e+00  3.000000e+00
     vertex  3.825557e+01  7.680680e+00  7.105427e-15
     vertex  3.825557e+01  7.680680e+00  3.000000e+00
   endloop
 endfacet
 facet normal -1.095298e-01 -9.939835e-01 -0.000000e+00
   outer loop
     vertex  3.816300e+01  7.692167e+00  3.000000e+00
     vertex  3.816300e+01  7.692167e+00  7.105427e-15
     vertex  3.820936e+01  7.687059e+00  3.000000e+00
   endloop
 endfacet
 facet normal -8.221955e-02 -9.966142e-01  0.000000e+00
   outer loop
     vertex  3.811652e+01  7.696002e+00  3.000000e+00
     vertex  3.816300e+01  7.692167e+00  7.105427e-15
     vertex  3.816300e+01  7.692167e+00  3.000000e+00
   endloop
 endfacet
 facet normal -8.221955e-02 -9.966142e-01 -0.000000e+00
   outer loop
     vertex  3.811652e+01  7.696002e+00  3.000000e+00
     vertex  3.811652e+01  7.696002e+00  7.105427e-15
     vertex  3.816300e+01  7.692167e+00  7.105427e-15
   endloop
 endfacet
 facet normal -5.484744e-02 -9.984947e-01 -0.000000e+00
   outer loop
     vertex  3.811652e+01  7.696002e+00  3.000000e+00
     vertex  3.806995e+01  7.698560e+00  7.105427e-15
     vertex  3.811652e+01  7.696002e+00  7.105427e-15
   endloop
 endfacet
 facet normal -5.484744e-02 -9.984947e-01 -0.000000e+00
   outer loop
     vertex  3.806995e+01  7.698560e+00  3.000000e+00
     vertex  3.806995e+01  7.698560e+00  7.105427e-15
     vertex  3.811652e+01  7.696002e+00  3.000000e+00
   endloop
 endfacet
 facet normal -2.743405e-02 -9.996236e-01 -0.000000e+00
   outer loop
     vertex  3.806995e+01  7.698560e+00  3.000000e+00
     vertex  3.802332e+01  7.699840e+00  7.105427e-15
     vertex  3.806995e+01  7.698560e+00  7.105427e-15
   endloop
 endfacet
 facet normal -2.743405e-02 -9.996236e-01 -0.000000e+00
   outer loop
     vertex  3.802332e+01  7.699840e+00  3.000000e+00
     vertex  3.802332e+01  7.699840e+00  7.105427e-15
     vertex  3.806995e+01  7.698560e+00  3.000000e+00
   endloop
 endfacet
 facet normal  0.000000e+00 -1.000000e+00 -0.000000e+00
   outer loop
     vertex  3.802332e+01  7.699840e+00  3.000000e+00
     vertex  3.797668e+01  7.699840e+00  7.105427e-15
     vertex  3.802332e+01  7.699840e+00  7.105427e-15
   endloop
 endfacet
 facet normal  0.000000e+00 -1.000000e+00  0.000000e+00
   outer loop
     vertex  3.797668e+01  7.699840e+00  3.000000e+00
     vertex  3.797668e+01  7.699840e+00  7.105427e-15
     vertex  3.802332e+01  7.699840e+00  3.000000e+00
   endloop
 endfacet
 facet normal  2.743405e-02 -9.996236e-01  0.000000e+00
   outer loop
     vertex  3.793005e+01  7.698560e+00  3.000000e+00
     vertex  3.797668e+01  7.699840e+00  7.105427e-15
     vertex  3.797668e+01  7.699840e+00  3.000000e+00
   endloop
 endfacet
 facet normal  2.743405e-02 -9.996236e-01  0.000000e+00
   outer loop
     vertex  3.793005e+01  7.698560e+00  3.000000e+00
     vertex  3.793005e+01  7.698560e+00  7.105427e-15
     vertex  3.797668e+01  7.699840e+00  7.105427e-15
   endloop
 endfacet
 facet normal  5.484744e-02 -9.984947e-01  0.000000e+00
   outer loop
     vertex  3.788348e+01  7.696002e+00  3.000000e+00
     vertex  3.793005e+01  7.698560e+00  7.105427e-15
     vertex  3.793005e+01  7.698560e+00  3.000000e+00
   endloop
 endfacet
 facet normal  5.484744e-02 -9.984947e-01  0.000000e+00
   outer loop
     vertex  3.788348e+01  7.696002e+00  3.000000e+00
     vertex  3.788348e+01  7.696002e+00  7.105427e-15
     vertex  3.793005e+01  7.698560e+00  7.105427e-15
   endloop
 endfacet
 facet normal  8.221955e-02 -9.966142e-01  0.000000e+00
   outer loop
     vertex  3.783700e+01  7.692167e+00  3.000000e+00
     vertex  3.788348e+01  7.696002e+00  7.105427e-15
     vertex  3.788348e+01  7.696002e+00  3.000000e+00
   endloop
 endfacet
 facet normal  8.221955e-02 -9.966142e-01  0.000000e+00
   outer loop
     vertex  3.783700e+01  7.692167e+00  3.000000e+00
     vertex  3.783700e+01  7.692167e+00  7.105427e-15
     vertex  3.788348e+01  7.696002e+00  7.105427e-15
   endloop
 endfacet
 facet normal  1.095298e-01 -9.939835e-01  0.000000e+00
   outer loop
     vertex  3.783700e+01  7.692167e+00  3.000000e+00
     vertex  3.779064e+01  7.687059e+00  7.105427e-15
     vertex  3.783700e+01  7.692167e+00  7.105427e-15
   endloop
 endfacet
 facet normal  1.095298e-01 -9.939835e-01  0.000000e+00
   outer loop
     vertex  3.779064e+01  7.687059e+00  3.000000e+00
     vertex  3.779064e+01  7.687059e+00  7.105427e-15
     vertex  3.783700e+01  7.692167e+00  3.000000e+00
   endloop
 endfacet
 facet normal  1.367575e-01 -9.906046e-01  0.000000e+00
   outer loop
     vertex  3.779064e+01  7.687059e+00  3.000000e+00
     vertex  3.774443e+01  7.680680e+00  7.105427e-15
     vertex  3.779064e+01  7.687059e+00  7.105427e-15
   endloop
 endfacet
 facet normal  1.367575e-01 -9.906046e-01  0.000000e+00
   outer loop
     vertex  3.774443e+01  7.680680e+00  3.000000e+00
     vertex  3.774443e+01  7.680680e+00  7.105427e-15
     vertex  3.779064e+01  7.687059e+00  3.000000e+00
   endloop
 endfacet
 facet normal  1.638824e-01 -9.864799e-01  0.000000e+00
   outer loop
     vertex  3.774443e+01  7.680680e+00  3.000000e+00
     vertex  3.769842e+01  7.673036e+00  7.105427e-15
     vertex  3.774443e+01  7.680680e+00  7.105427e-15
   endloop
 endfacet
 facet normal  1.638824e-01 -9.864799e-01  0.000000e+00
   outer loop
     vertex  3.769842e+01  7.673036e+00  3.000000e+00
     vertex  3.769842e+01  7.673036e+00  7.105427e-15
     vertex  3.774443e+01  7.680680e+00  3.000000e+00
   endloop
 endfacet
 facet normal  1.908838e-01 -9.816126e-01  0.000000e+00
   outer loop
     vertex  3.765264e+01  7.664133e+00  3.000000e+00
     vertex  3.769842e+01  7.673036e+00  7.105427e-15
     vertex  3.769842e+01  7.673036e+00  3.000000e+00
   endloop
 endfacet
 facet normal  1.908838e-01 -9.816126e-01  0.000000e+00
   outer loop
     vertex  3.765264e+01  7.664133e+00  3.000000e+00
     vertex  3.765264e+01  7.664133e+00  7.105427e-15
     vertex  3.769842e+01  7.673036e+00  7.105427e-15
   endloop
 endfacet
 facet normal  2.177416e-01 -9.760065e-01  0.000000e+00
   outer loop
     vertex  3.765264e+01  7.664133e+00  3.000000e+00
     vertex  3.760711e+01  7.653977e+00  7.105427e-15
     vertex  3.765264e+01  7.664133e+00  7.105427e-15
   endloop
 endfacet
 facet normal  2.177416e-01 -9.760065e-01  0.000000e+00
   outer loop
     vertex  3.760711e+01  7.653977e+00  3.000000e+00
     vertex  3.760711e+01  7.653977e+00  7.105427e-15
     vertex  3.765264e+01  7.664133e+00  3.000000e+00
   endloop
 endfacet
 facet normal  2.444354e-01 -9.696656e-01  0.000000e+00
   outer loop
     vertex  3.756189e+01  7.642576e+00  3.000000e+00
     vertex  3.756189e+01  7.642576e+00  7.105427e-15
     vertex  3.760711e+01  7.653977e+00  7.105427e-15
   endloop
 endfacet
 facet normal  2.709453e-01 -9.625948e-01  0.000000e+00
   outer loop
     vertex  3.756189e+01  7.642576e+00  3.000000e+00
     vertex  3.751699e+01  7.629938e+00  7.105427e-15
     vertex  3.756189e+01  7.642576e+00  7.105427e-15
   endloop
 endfacet
 facet normal  2.444354e-01 -9.696656e-01  0.000000e+00
   outer loop
     vertex  3.756189e+01  7.642576e+00  3.000000e+00
     vertex  3.760711e+01  7.653977e+00  7.105427e-15
     vertex  3.760711e+01  7.653977e+00  3.000000e+00
   endloop
 endfacet
 facet normal  2.709453e-01 -9.625948e-01  0.000000e+00
   outer loop
     vertex  3.751699e+01  7.629938e+00  3.000000e+00
     vertex  3.751699e+01  7.629938e+00  7.105427e-15
     vertex  3.756189e+01  7.642576e+00  3.000000e+00
   endloop
 endfacet
 facet normal  2.972512e-01 -9.547993e-01  0.000000e+00
   outer loop
     vertex  3.747245e+01  7.616074e+00  3.000000e+00
     vertex  3.747245e+01  7.616074e+00  7.105427e-15
     vertex  3.751699e+01  7.629938e+00  7.105427e-15
   endloop
 endfacet
 facet normal  2.972512e-01 -9.547993e-01  0.000000e+00
   outer loop
     vertex  3.747245e+01  7.616074e+00  3.000000e+00
     vertex  3.751699e+01  7.629938e+00  7.105427e-15
     vertex  3.751699e+01  7.629938e+00  3.000000e+00
   endloop
 endfacet
 facet normal  3.233333e-01 -9.462851e-01  0.000000e+00
   outer loop
     vertex  3.742832e+01  7.600993e+00  3.000000e+00
     vertex  3.742832e+01  7.600993e+00  7.105427e-15
     vertex  3.747245e+01  7.616074e+00  7.105427e-15
   endloop
 endfacet
 facet normal  3.491720e-01 -9.370586e-01  0.000000e+00
   outer loop
     vertex  3.742832e+01  7.600993e+00  3.000000e+00
     vertex  3.738461e+01  7.584707e+00  7.105427e-15
     vertex  3.742832e+01  7.600993e+00  7.105427e-15
   endloop
 endfacet
 facet normal  3.233333e-01 -9.462851e-01  0.000000e+00
   outer loop
     vertex  3.742832e+01  7.600993e+00  3.000000e+00
     vertex  3.747245e+01  7.616074e+00  7.105427e-15
     vertex  3.747245e+01  7.616074e+00  3.000000e+00
   endloop
 endfacet
 facet normal  3.491720e-01 -9.370586e-01  0.000000e+00
   outer loop
     vertex  3.738461e+01  7.584707e+00  3.000000e+00
     vertex  3.738461e+01  7.584707e+00  7.105427e-15
     vertex  3.742832e+01  7.600993e+00  3.000000e+00
   endloop
 endfacet
 facet normal  3.747479e-01 -9.271267e-01  0.000000e+00
   outer loop
     vertex  3.734137e+01  7.567228e+00  3.000000e+00
     vertex  3.734137e+01  7.567228e+00  7.105427e-15
     vertex  3.738461e+01  7.584707e+00  7.105427e-15
   endloop
 endfacet
 facet normal  3.747479e-01 -9.271267e-01  0.000000e+00
   outer loop
     vertex  3.734137e+01  7.567228e+00  3.000000e+00
     vertex  3.738461e+01  7.584707e+00  7.105427e-15
     vertex  3.738461e+01  7.584707e+00  3.000000e+00
   endloop
 endfacet
 facet normal  4.000417e-01 -9.164969e-01  0.000000e+00
   outer loop
     vertex  3.729862e+01  7.548569e+00  3.000000e+00
     vertex  3.729862e+01  7.548569e+00  7.105427e-15
     vertex  3.734137e+01  7.567228e+00  7.105427e-15
   endloop
 endfacet
 facet normal  4.250344e-01 -9.051772e-01  0.000000e+00
   outer loop
     vertex  3.729862e+01  7.548569e+00  3.000000e+00
     vertex  3.725640e+01  7.528744e+00  7.105427e-15
     vertex  3.729862e+01  7.548569e+00  7.105427e-15
   endloop
 endfacet
 facet normal  4.000417e-01 -9.164969e-01  0.000000e+00
   outer loop
     vertex  3.729862e+01  7.548569e+00  3.000000e+00
     vertex  3.734137e+01  7.567228e+00  7.105427e-15
     vertex  3.734137e+01  7.567228e+00  3.000000e+00
   endloop
 endfacet
 facet normal  4.497071e-01 -8.931761e-01  0.000000e+00
   outer loop
     vertex  3.725640e+01  7.528744e+00  3.000000e+00
     vertex  3.721474e+01  7.507769e+00  7.105427e-15
     vertex  3.725640e+01  7.528744e+00  7.105427e-15
   endloop
 endfacet
 facet normal  4.250344e-01 -9.051772e-01  0.000000e+00
   outer loop
     vertex  3.725640e+01  7.528744e+00  3.000000e+00
     vertex  3.725640e+01  7.528744e+00  7.105427e-15
     vertex  3.729862e+01  7.548569e+00  3.000000e+00
   endloop
 endfacet
 facet normal  4.497071e-01 -8.931761e-01  0.000000e+00
   outer loop
     vertex  3.721474e+01  7.507769e+00  3.000000e+00
     vertex  3.721474e+01  7.507769e+00  7.105427e-15
     vertex  3.725640e+01  7.528744e+00  3.000000e+00
   endloop
 endfacet
 facet normal  4.740412e-01 -8.805026e-01  0.000000e+00
   outer loop
     vertex  3.717367e+01  7.485658e+00  3.000000e+00
     vertex  3.717367e+01  7.485658e+00  7.105427e-15
     vertex  3.721474e+01  7.507769e+00  7.105427e-15
   endloop
 endfacet
 facet normal  4.740412e-01 -8.805026e-01  0.000000e+00
   outer loop
     vertex  3.717367e+01  7.485658e+00  3.000000e+00
     vertex  3.721474e+01  7.507769e+00  7.105427e-15
     vertex  3.721474e+01  7.507769e+00  3.000000e+00
   endloop
 endfacet
 facet normal  4.980186e-01 -8.671664e-01  0.000000e+00
   outer loop
     vertex  3.713322e+01  7.462430e+00  3.000000e+00
     vertex  3.713322e+01  7.462430e+00  7.105427e-15
     vertex  3.717367e+01  7.485658e+00  7.105427e-15
   endloop
 endfacet
 facet normal  5.216210e-01 -8.531773e-01  0.000000e+00
   outer loop
     vertex  3.713322e+01  7.462430e+00  3.000000e+00
     vertex  3.709343e+01  7.438100e+00  7.105427e-15
     vertex  3.713322e+01  7.462430e+00  7.105427e-15
   endloop
 endfacet
 facet normal  4.980186e-01 -8.671664e-01  0.000000e+00
   outer loop
     vertex  3.713322e+01  7.462430e+00  3.000000e+00
     vertex  3.717367e+01  7.485658e+00  7.105427e-15
     vertex  3.717367e+01  7.485658e+00  3.000000e+00
   endloop
 endfacet
 facet normal  5.216210e-01 -8.531773e-01  0.000000e+00
   outer loop
     vertex  3.709343e+01  7.438100e+00  3.000000e+00
     vertex  3.709343e+01  7.438100e+00  7.105427e-15
     vertex  3.713322e+01  7.462430e+00  3.000000e+00
   endloop
 endfacet
 facet normal  5.448308e-01 -8.385460e-01  0.000000e+00
   outer loop
     vertex  3.705432e+01  7.412688e+00  3.000000e+00
     vertex  3.709343e+01  7.438100e+00  7.105427e-15
     vertex  3.709343e+01  7.438100e+00  3.000000e+00
   endloop
 endfacet
 facet normal  5.448308e-01 -8.385460e-01  0.000000e+00
   outer loop
     vertex  3.705432e+01  7.412688e+00  3.000000e+00
     vertex  3.705432e+01  7.412688e+00  7.105427e-15
     vertex  3.709343e+01  7.438100e+00  7.105427e-15
   endloop
 endfacet
 facet normal  5.676304e-01 -8.232835e-01  0.000000e+00
   outer loop
     vertex  3.705432e+01  7.412688e+00  3.000000e+00
     vertex  3.701592e+01  7.386212e+00  7.105427e-15
     vertex  3.705432e+01  7.412688e+00  7.105427e-15
   endloop
 endfacet
 facet normal  5.676304e-01 -8.232835e-01  0.000000e+00
   outer loop
     vertex  3.701592e+01  7.386212e+00  3.000000e+00
     vertex  3.701592e+01  7.386212e+00  7.105427e-15
     vertex  3.705432e+01  7.412688e+00  3.000000e+00
   endloop
 endfacet
 facet normal  5.900028e-01 -8.074012e-01  0.000000e+00
   outer loop
     vertex  3.701592e+01  7.386212e+00  3.000000e+00
     vertex  3.697826e+01  7.358693e+00  7.105427e-15
     vertex  3.701592e+01  7.386212e+00  7.105427e-15
   endloop
 endfacet
 facet normal  5.900028e-01 -8.074012e-01  0.000000e+00
   outer loop
     vertex  3.697826e+01  7.358693e+00  3.000000e+00
     vertex  3.697826e+01  7.358693e+00  7.105427e-15
     vertex  3.701592e+01  7.386212e+00  3.000000e+00
   endloop
 endfacet
 facet normal  6.119310e-01 -7.909112e-01  0.000000e+00
   outer loop
     vertex  3.694137e+01  7.330152e+00  3.000000e+00
     vertex  3.697826e+01  7.358693e+00  7.105427e-15
     vertex  3.697826e+01  7.358693e+00  3.000000e+00
   endloop
 endfacet
 facet normal  6.119310e-01 -7.909112e-01  0.000000e+00
   outer loop
     vertex  3.694137e+01  7.330152e+00  3.000000e+00
     vertex  3.694137e+01  7.330152e+00  7.105427e-15
     vertex  3.697826e+01  7.358693e+00  7.105427e-15
   endloop
 endfacet
 facet normal  6.333986e-01 -7.738257e-01  0.000000e+00
   outer loop
     vertex  3.694137e+01  7.330152e+00  3.000000e+00
     vertex  3.690528e+01  7.300608e+00  7.105427e-15
     vertex  3.694137e+01  7.330152e+00  7.105427e-15
   endloop
 endfacet
 facet normal  6.333986e-01 -7.738257e-01  0.000000e+00
   outer loop
     vertex  3.690528e+01  7.300608e+00  3.000000e+00
     vertex  3.690528e+01  7.300608e+00  7.105427e-15
     vertex  3.694137e+01  7.330152e+00  3.000000e+00
   endloop
 endfacet
 facet normal  6.543893e-01 -7.561578e-01  0.000000e+00
   outer loop
     vertex  3.687001e+01  7.270086e+00  3.000000e+00
     vertex  3.690528e+01  7.300608e+00  7.105427e-15
     vertex  3.690528e+01  7.300608e+00  3.000000e+00
   endloop
 endfacet
 facet normal  6.543893e-01 -7.561578e-01  0.000000e+00
   outer loop
     vertex  3.687001e+01  7.270086e+00  3.000000e+00
     vertex  3.687001e+01  7.270086e+00  7.105427e-15
     vertex  3.690528e+01  7.300608e+00  7.105427e-15
   endloop
 endfacet
 facet normal  6.748875e-01 -7.379206e-01  0.000000e+00
   outer loop
     vertex  3.687001e+01  7.270086e+00  3.000000e+00
     vertex  3.683559e+01  7.238608e+00  7.105427e-15
     vertex  3.687001e+01  7.270086e+00  7.105427e-15
   endloop
 endfacet
 facet normal  6.748875e-01 -7.379206e-01  0.000000e+00
   outer loop
     vertex  3.683559e+01  7.238608e+00  3.000000e+00
     vertex  3.683559e+01  7.238608e+00  7.105427e-15
     vertex  3.687001e+01  7.270086e+00  3.000000e+00
   endloop
 endfacet
 facet normal  6.948776e-01 -7.191280e-01  0.000000e+00
   outer loop
     vertex  3.683559e+01  7.238608e+00  3.000000e+00
     vertex  3.680205e+01  7.206197e+00  7.105427e-15
     vertex  3.683559e+01  7.238608e+00  7.105427e-15
   endloop
 endfacet
 facet normal  6.948776e-01 -7.191280e-01  0.000000e+00
   outer loop
     vertex  3.680205e+01  7.206197e+00  3.000000e+00
     vertex  3.680205e+01  7.206197e+00  7.105427e-15
     vertex  3.683559e+01  7.238608e+00  3.000000e+00
   endloop
 endfacet
 facet normal  7.143447e-01 -6.997940e-01  0.000000e+00
   outer loop
     vertex  3.680205e+01  7.206197e+00  3.000000e+00
     vertex  3.676941e+01  7.172879e+00  7.105427e-15
     vertex  3.680205e+01  7.206197e+00  7.105427e-15
   endloop
 endfacet
 facet normal  7.143447e-01 -6.997940e-01  0.000000e+00
   outer loop
     vertex  3.676941e+01  7.172879e+00  3.000000e+00
     vertex  3.676941e+01  7.172879e+00  7.105427e-15
     vertex  3.680205e+01  7.206197e+00  3.000000e+00
   endloop
 endfacet
 facet normal  7.332740e-01 -6.799333e-01  0.000000e+00
   outer loop
     vertex  3.673769e+01  7.138677e+00  3.000000e+00
     vertex  3.676941e+01  7.172879e+00  7.105427e-15
     vertex  3.676941e+01  7.172879e+00  3.000000e+00
   endloop
 endfacet
 facet normal  7.332740e-01 -6.799333e-01  0.000000e+00
   outer loop
     vertex  3.673769e+01  7.138677e+00  3.000000e+00
     vertex  3.673769e+01  7.138677e+00  7.105427e-15
     vertex  3.676941e+01  7.172879e+00  7.105427e-15
   endloop
 endfacet
 facet normal  7.516513e-01 -6.595607e-01  0.000000e+00
   outer loop
     vertex  3.670693e+01  7.103618e+00  3.000000e+00
     vertex  3.673769e+01  7.138677e+00  7.105427e-15
     vertex  3.673769e+01  7.138677e+00  3.000000e+00
   endloop
 endfacet
 facet normal  7.516513e-01 -6.595607e-01  0.000000e+00
   outer loop
     vertex  3.670693e+01  7.103618e+00  3.000000e+00
     vertex  3.670693e+01  7.103618e+00  7.105427e-15
     vertex  3.673769e+01  7.138677e+00  7.105427e-15
   endloop
 endfacet
 facet normal  7.694628e-01 -6.386916e-01  0.000000e+00
   outer loop
     vertex  3.670693e+01  7.103618e+00  3.000000e+00
     vertex  3.667714e+01  7.067729e+00  7.105427e-15
     vertex  3.670693e+01  7.103618e+00  7.105427e-15
   endloop
 endfacet
 facet normal  7.694628e-01 -6.386916e-01  0.000000e+00
   outer loop
     vertex  3.667714e+01  7.067729e+00  3.000000e+00
     vertex  3.667714e+01  7.067729e+00  7.105427e-15
     vertex  3.670693e+01  7.103618e+00  3.000000e+00
   endloop
 endfacet
 facet normal  7.866951e-01 -6.173417e-01  0.000000e+00
   outer loop
     vertex  3.664835e+01  7.031036e+00  3.000000e+00
     vertex  3.667714e+01  7.067729e+00  7.105427e-15
     vertex  3.667714e+01  7.067729e+00  3.000000e+00
   endloop
 endfacet
 facet normal  7.866951e-01 -6.173417e-01  0.000000e+00
   outer loop
     vertex  3.664835e+01  7.031036e+00  3.000000e+00
     vertex  3.664835e+01  7.031036e+00  7.105427e-15
     vertex  3.667714e+01  7.067729e+00  7.105427e-15
   endloop
 endfacet
 facet normal  8.033352e-01 -5.955271e-01  0.000000e+00
   outer loop
     vertex  3.664835e+01  7.031036e+00  3.000000e+00
     vertex  3.662057e+01  6.993566e+00  7.105427e-15
     vertex  3.664835e+01  7.031036e+00  7.105427e-15
   endloop
 endfacet
 facet normal  8.033352e-01 -5.955271e-01  0.000000e+00
   outer loop
     vertex  3.662057e+01  6.993566e+00  3.000000e+00
     vertex  3.662057e+01  6.993566e+00  7.105427e-15
     vertex  3.664835e+01  7.031036e+00  3.000000e+00
   endloop
 endfacet
 facet normal  8.193706e-01 -5.732642e-01  0.000000e+00
   outer loop
     vertex  3.662057e+01  6.993566e+00  3.000000e+00
     vertex  3.659383e+01  6.955349e+00  7.105427e-15
     vertex  3.662057e+01  6.993566e+00  7.105427e-15
   endloop
 endfacet
 facet normal  8.193706e-01 -5.732642e-01  0.000000e+00
   outer loop
     vertex  3.659383e+01  6.955349e+00  3.000000e+00
     vertex  3.659383e+01  6.955349e+00  7.105427e-15
     vertex  3.662057e+01  6.993566e+00  3.000000e+00
   endloop
 endfacet
 facet normal  8.347891e-01 -5.505698e-01  0.000000e+00
   outer loop
     vertex  3.659383e+01  6.955349e+00  3.000000e+00
     vertex  3.656815e+01  6.916412e+00  7.105427e-15
     vertex  3.659383e+01  6.955349e+00  7.105427e-15
   endloop
 endfacet
 facet normal  8.347891e-01 -5.505698e-01  0.000000e+00
   outer loop
     vertex  3.656815e+01  6.916412e+00  3.000000e+00
     vertex  3.656815e+01  6.916412e+00  7.105427e-15
     vertex  3.659383e+01  6.955349e+00  3.000000e+00
   endloop
 endfacet
 facet normal  8.495793e-01 -5.274609e-01  0.000000e+00
   outer loop
     vertex  3.654355e+01  6.876786e+00  3.000000e+00
     vertex  3.656815e+01  6.916412e+00  7.105427e-15
     vertex  3.656815e+01  6.916412e+00  3.000000e+00
   endloop
 endfacet
 facet normal  8.495793e-01 -5.274609e-01  0.000000e+00
   outer loop
     vertex  3.654355e+01  6.876786e+00  3.000000e+00
     vertex  3.654355e+01  6.876786e+00  7.105427e-15
     vertex  3.656815e+01  6.916412e+00  7.105427e-15
   endloop
 endfacet
 facet normal  8.637299e-01 -5.039550e-01  0.000000e+00
   outer loop
     vertex  3.654355e+01  6.876786e+00  3.000000e+00
     vertex  3.652004e+01  6.836500e+00  7.105427e-15
     vertex  3.654355e+01  6.876786e+00  7.105427e-15
   endloop
 endfacet
 facet normal  8.637299e-01 -5.039550e-01  0.000000e+00
   outer loop
     vertex  3.652004e+01  6.836500e+00  3.000000e+00
     vertex  3.652004e+01  6.836500e+00  7.105427e-15
     vertex  3.654355e+01  6.876786e+00  3.000000e+00
   endloop
 endfacet
 facet normal  8.772303e-01 -4.800697e-01  0.000000e+00
   outer loop
     vertex  3.649765e+01  6.795584e+00  3.000000e+00
     vertex  3.652004e+01  6.836500e+00  7.105427e-15
     vertex  3.652004e+01  6.836500e+00  3.000000e+00
   endloop
 endfacet
 facet normal  8.772303e-01 -4.800697e-01  0.000000e+00
   outer loop
     vertex  3.649765e+01  6.795584e+00  3.000000e+00
     vertex  3.649765e+01  6.795584e+00  7.105427e-15
     vertex  3.652004e+01  6.836500e+00  7.105427e-15
   endloop
 endfacet
 facet normal  8.900704e-01 -4.558231e-01  0.000000e+00
   outer loop
     vertex  3.649765e+01  6.795584e+00  3.000000e+00
     vertex  3.647639e+01  6.754069e+00  7.105427e-15
     vertex  3.649765e+01  6.795584e+00  7.105427e-15
   endloop
 endfacet
 facet normal  8.900704e-01 -4.558231e-01  0.000000e+00
   outer loop
     vertex  3.647639e+01  6.754069e+00  3.000000e+00
     vertex  3.647639e+01  6.754069e+00  7.105427e-15
     vertex  3.649765e+01  6.795584e+00  3.000000e+00
   endloop
 endfacet
 facet normal  9.022405e-01 -4.312333e-01  0.000000e+00
   outer loop
     vertex  3.645628e+01  6.711986e+00  3.000000e+00
     vertex  3.647639e+01  6.754069e+00  7.105427e-15
     vertex  3.647639e+01  6.754069e+00  3.000000e+00
   endloop
 endfacet
 facet normal  9.022405e-01 -4.312333e-01  0.000000e+00
   outer loop
     vertex  3.645628e+01  6.711986e+00  3.000000e+00
     vertex  3.645628e+01  6.711986e+00  7.105427e-15
     vertex  3.647639e+01  6.754069e+00  7.105427e-15
   endloop
 endfacet
 facet normal  9.137314e-01 -4.063188e-01  0.000000e+00
   outer loop
     vertex  3.643733e+01  6.669368e+00  3.000000e+00
     vertex  3.645628e+01  6.711986e+00  7.105427e-15
     vertex  3.645628e+01  6.711986e+00  3.000000e+00
   endloop
 endfacet
 facet normal  9.137314e-01 -4.063188e-01  0.000000e+00
   outer loop
     vertex  3.643733e+01  6.669368e+00  3.000000e+00
     vertex  3.643733e+01  6.669368e+00  7.105427e-15
     vertex  3.645628e+01  6.711986e+00  7.105427e-15
   endloop
 endfacet
 facet normal  9.245344e-01 -3.810986e-01  0.000000e+00
   outer loop
     vertex  3.643733e+01  6.669368e+00  3.000000e+00
     vertex  3.641955e+01  6.626245e+00  7.105427e-15
     vertex  3.643733e+01  6.669368e+00  7.105427e-15
   endloop
 endfacet
 facet normal  9.245344e-01 -3.810986e-01  0.000000e+00
   outer loop
     vertex  3.641955e+01  6.626245e+00  3.000000e+00
     vertex  3.641955e+01  6.626245e+00  7.105427e-15
     vertex  3.643733e+01  6.669368e+00  3.000000e+00
   endloop
 endfacet
 facet normal  9.346415e-01 -3.555914e-01  0.000000e+00
   outer loop
     vertex  3.640297e+01  6.582652e+00  3.000000e+00
     vertex  3.640297e+01  6.582652e+00  7.105427e-15
     vertex  3.641955e+01  6.626245e+00  7.105427e-15
   endloop
 endfacet
 facet normal  9.346415e-01 -3.555914e-01  0.000000e+00
   outer loop
     vertex  3.640297e+01  6.582652e+00  3.000000e+00
     vertex  3.641955e+01  6.626245e+00  7.105427e-15
     vertex  3.641955e+01  6.626245e+00  3.000000e+00
   endloop
 endfacet
 facet normal  9.440450e-01 -3.298166e-01  0.000000e+00
   outer loop
     vertex  3.638758e+01  6.538619e+00  3.000000e+00
     vertex  3.638758e+01  6.538619e+00  7.105427e-15
     vertex  3.640297e+01  6.582652e+00  7.105427e-15
   endloop
 endfacet
 facet normal  9.527379e-01 -3.037934e-01  0.000000e+00
   outer loop
     vertex  3.638758e+01  6.538619e+00  3.000000e+00
     vertex  3.637341e+01  6.494181e+00  7.105427e-15
     vertex  3.638758e+01  6.538619e+00  7.105427e-15
   endloop
 endfacet
 facet normal  9.440450e-01 -3.298166e-01  0.000000e+00
   outer loop
     vertex  3.638758e+01  6.538619e+00  3.000000e+00
     vertex  3.640297e+01  6.582652e+00  7.105427e-15
     vertex  3.640297e+01  6.582652e+00  3.000000e+00
   endloop
 endfacet
 facet normal  9.607136e-01 -2.775416e-01  0.000000e+00
   outer loop
     vertex  3.637341e+01  6.494181e+00  3.000000e+00
     vertex  3.636047e+01  6.449371e+00  7.105427e-15
     vertex  3.637341e+01  6.494181e+00  7.105427e-15
   endloop
 endfacet
 facet normal  9.527379e-01 -3.037934e-01  0.000000e+00
   outer loop
     vertex  3.637341e+01  6.494181e+00  3.000000e+00
     vertex  3.637341e+01  6.494181e+00  7.105427e-15
     vertex  3.638758e+01  6.538619e+00  3.000000e+00
   endloop
 endfacet
 facet normal  9.607136e-01 -2.775416e-01  0.000000e+00
   outer loop
     vertex  3.636047e+01  6.449371e+00  3.000000e+00
     vertex  3.636047e+01  6.449371e+00  7.105427e-15
     vertex  3.637341e+01  6.494181e+00  3.000000e+00
   endloop
 endfacet
 facet normal  9.679661e-01 -2.510809e-01  0.000000e+00
   outer loop
     vertex  3.634876e+01  6.404223e+00  3.000000e+00
     vertex  3.636047e+01  6.449371e+00  7.105427e-15
     vertex  3.636047e+01  6.449371e+00  3.000000e+00
   endloop
 endfacet
 facet normal  9.679661e-01 -2.510809e-01  0.000000e+00
   outer loop
     vertex  3.634876e+01  6.404223e+00  3.000000e+00
     vertex  3.634876e+01  6.404223e+00  7.105427e-15
     vertex  3.636047e+01  6.449371e+00  7.105427e-15
   endloop
 endfacet
 facet normal  9.744899e-01 -2.244312e-01  0.000000e+00
   outer loop
     vertex  3.634876e+01  6.404223e+00  3.000000e+00
     vertex  3.633829e+01  6.358771e+00  7.105427e-15
     vertex  3.634876e+01  6.404223e+00  7.105427e-15
   endloop
 endfacet
 facet normal  9.744899e-01 -2.244312e-01  0.000000e+00
   outer loop
     vertex  3.633829e+01  6.358771e+00  3.000000e+00
     vertex  3.633829e+01  6.358771e+00  7.105427e-15
     vertex  3.634876e+01  6.404223e+00  3.000000e+00
   endloop
 endfacet
 facet normal  9.802802e-01 -1.976125e-01  0.000000e+00
   outer loop
     vertex  3.632907e+01  6.313048e+00  3.000000e+00
     vertex  3.633829e+01  6.358771e+00  7.105427e-15
     vertex  3.633829e+01  6.358771e+00  3.000000e+00
   endloop
 endfacet
 facet normal  9.802802e-01 -1.976125e-01  0.000000e+00
   outer loop
     vertex  3.632907e+01  6.313048e+00  3.000000e+00
     vertex  3.632907e+01  6.313048e+00  7.105427e-15
     vertex  3.633829e+01  6.358771e+00  7.105427e-15
   endloop
 endfacet
 facet normal  9.853326e-01 -1.706451e-01  0.000000e+00
   outer loop
     vertex  3.632907e+01  6.313048e+00  3.000000e+00
     vertex  3.632111e+01  6.267090e+00  7.105427e-15
     vertex  3.632907e+01  6.313048e+00  7.105427e-15
   endloop
 endfacet
 facet normal  9.853326e-01 -1.706451e-01  0.000000e+00
   outer loop
     vertex  3.632111e+01  6.267090e+00  3.000000e+00
     vertex  3.632111e+01  6.267090e+00  7.105427e-15
     vertex  3.632907e+01  6.313048e+00  3.000000e+00
   endloop
 endfacet
 facet normal  9.896432e-01 -1.435492e-01  0.000000e+00
   outer loop
     vertex  3.632111e+01  6.267090e+00  3.000000e+00
     vertex  3.631442e+01  6.220931e+00  7.105427e-15
     vertex  3.632111e+01  6.267090e+00  7.105427e-15
   endloop
 endfacet
 facet normal  9.896432e-01 -1.435492e-01  0.000000e+00
   outer loop
     vertex  3.631442e+01  6.220931e+00  3.000000e+00
     vertex  3.631442e+01  6.220931e+00  7.105427e-15
     vertex  3.632111e+01  6.267090e+00  3.000000e+00
   endloop
 endfacet
 facet normal  9.932088e-01 -1.163452e-01  0.000000e+00
   outer loop
     vertex  3.631442e+01  6.220931e+00  3.000000e+00
     vertex  3.630899e+01  6.174606e+00  7.105427e-15
     vertex  3.631442e+01  6.220931e+00  7.105427e-15
   endloop
 endfacet
 facet normal  9.932088e-01 -1.163452e-01  0.000000e+00
   outer loop
     vertex  3.630899e+01  6.174606e+00  3.000000e+00
     vertex  3.630899e+01  6.174606e+00  7.105427e-15
     vertex  3.631442e+01  6.220931e+00  3.000000e+00
   endloop
 endfacet
 facet normal  9.960268e-01 -8.905371e-02  0.000000e+00
   outer loop
     vertex  3.630484e+01  6.128149e+00  3.000000e+00
     vertex  3.630899e+01  6.174606e+00  7.105427e-15
     vertex  3.630899e+01  6.174606e+00  3.000000e+00
   endloop
 endfacet
 facet normal  9.960268e-01 -8.905371e-02  0.000000e+00
   outer loop
     vertex  3.630484e+01  6.128149e+00  3.000000e+00
     vertex  3.630484e+01  6.128149e+00  7.105427e-15
     vertex  3.630899e+01  6.174606e+00  7.105427e-15
   endloop
 endfacet
 facet normal  9.980950e-01 -6.169515e-02  0.000000e+00
   outer loop
     vertex  3.630484e+01  6.128149e+00  3.000000e+00
     vertex  3.630196e+01  6.081595e+00  7.105427e-15
     vertex  3.630484e+01  6.128149e+00  7.105427e-15
   endloop
 endfacet
 facet normal  9.980950e-01 -6.169515e-02  0.000000e+00
   outer loop
     vertex  3.630196e+01  6.081595e+00  3.000000e+00
     vertex  3.630196e+01  6.081595e+00  7.105427e-15
     vertex  3.630484e+01  6.128149e+00  3.000000e+00
   endloop
 endfacet
 facet normal  9.994119e-01 -3.429014e-02  0.000000e+00
   outer loop
     vertex  3.630036e+01  6.034980e+00  3.000000e+00
     vertex  3.630196e+01  6.081595e+00  7.105427e-15
     vertex  3.630196e+01  6.081595e+00  3.000000e+00
   endloop
 endfacet
 facet normal  9.994119e-01 -3.429014e-02  0.000000e+00
   outer loop
     vertex  3.630036e+01  6.034980e+00  3.000000e+00
     vertex  3.630036e+01  6.034980e+00  7.105427e-15
     vertex  3.630196e+01  6.081595e+00  7.105427e-15
   endloop
 endfacet
 facet normal  9.999765e-01 -6.859319e-03  0.000000e+00
   outer loop
     vertex  3.630036e+01  6.034980e+00  3.000000e+00
     vertex  3.630004e+01  5.988339e+00  7.105427e-15
     vertex  3.630036e+01  6.034980e+00  7.105427e-15
   endloop
 endfacet
 facet normal  9.999765e-01 -6.859319e-03  0.000000e+00
   outer loop
     vertex  3.630004e+01  5.988339e+00  3.000000e+00
     vertex  3.630004e+01  5.988339e+00  7.105427e-15
     vertex  3.630036e+01  6.034980e+00  3.000000e+00
   endloop
 endfacet
 facet normal  9.988475e-01  4.799716e-02  0.000000e+00
   outer loop
     vertex  3.630100e+01  5.941707e+00  3.000000e+00
     vertex  3.630324e+01  5.895118e+00  7.105427e-15
     vertex  3.630100e+01  5.941707e+00  7.105427e-15
   endloop
 endfacet
 facet normal  9.997883e-01  2.057667e-02  0.000000e+00
   outer loop
     vertex  3.630100e+01  5.941707e+00  3.000000e+00
     vertex  3.630004e+01  5.988339e+00  7.105427e-15
     vertex  3.630004e+01  5.988339e+00  3.000000e+00
   endloop
 endfacet
 facet normal  9.997883e-01  2.057667e-02  0.000000e+00
   outer loop
     vertex  3.630100e+01  5.941707e+00  3.000000e+00
     vertex  3.630100e+01  5.941707e+00  7.105427e-15
     vertex  3.630004e+01  5.988339e+00  7.105427e-15
   endloop
 endfacet
 facet normal  9.988475e-01  4.799716e-02  0.000000e+00
   outer loop
     vertex  3.630324e+01  5.895118e+00  3.000000e+00
     vertex  3.630324e+01  5.895118e+00  7.105427e-15
     vertex  3.630100e+01  5.941707e+00  3.000000e+00
   endloop
 endfacet
 facet normal  9.971548e-01  7.538152e-02  0.000000e+00
   outer loop
     vertex  3.630675e+01  5.848609e+00  3.000000e+00
     vertex  3.630675e+01  5.848609e+00  7.105427e-15
     vertex  3.630324e+01  5.895118e+00  7.105427e-15
   endloop
 endfacet
 facet normal  9.971548e-01  7.538152e-02  0.000000e+00
   outer loop
     vertex  3.630675e+01  5.848609e+00  3.000000e+00
     vertex  3.630324e+01  5.895118e+00  7.105427e-15
     vertex  3.630324e+01  5.895118e+00  3.000000e+00
   endloop
 endfacet
 facet normal  9.947114e-01  1.027091e-01  0.000000e+00
   outer loop
     vertex  3.631154e+01  5.802213e+00  3.000000e+00
     vertex  3.631154e+01  5.802213e+00  7.105427e-15
     vertex  3.630675e+01  5.848609e+00  7.105427e-15
   endloop
 endfacet
 facet normal  9.947114e-01  1.027091e-01  0.000000e+00
   outer loop
     vertex  3.631154e+01  5.802213e+00  3.000000e+00
     vertex  3.630675e+01  5.848609e+00  7.105427e-15
     vertex  3.630675e+01  5.848609e+00  3.000000e+00
   endloop
 endfacet
 facet normal  9.915193e-01  1.299594e-01  0.000000e+00
   outer loop
     vertex  3.631761e+01  5.755966e+00  3.000000e+00
     vertex  3.631761e+01  5.755966e+00  7.105427e-15
     vertex  3.631154e+01  5.802213e+00  7.105427e-15
   endloop
 endfacet
 facet normal  9.915193e-01  1.299594e-01  0.000000e+00
   outer loop
     vertex  3.631761e+01  5.755966e+00  3.000000e+00
     vertex  3.631154e+01  5.802213e+00  7.105427e-15
     vertex  3.631154e+01  5.802213e+00  3.000000e+00
   endloop
 endfacet
 facet normal  9.875808e-01  1.571119e-01  0.000000e+00
   outer loop
     vertex  3.632493e+01  5.709903e+00  3.000000e+00
     vertex  3.632493e+01  5.709903e+00  7.105427e-15
     vertex  3.631761e+01  5.755966e+00  7.105427e-15
   endloop
 endfacet
 facet normal  9.828989e-01  1.841461e-01  0.000000e+00
   outer loop
     vertex  3.632493e+01  5.709903e+00  3.000000e+00
     vertex  3.633352e+01  5.664059e+00  7.105427e-15
     vertex  3.632493e+01  5.709903e+00  7.105427e-15
   endloop
 endfacet
 facet normal  9.875808e-01  1.571119e-01  0.000000e+00
   outer loop
     vertex  3.632493e+01  5.709903e+00  3.000000e+00
     vertex  3.631761e+01  5.755966e+00  7.105427e-15
     vertex  3.631761e+01  5.755966e+00  3.000000e+00
   endloop
 endfacet
 facet normal  9.774771e-01  2.110417e-01  0.000000e+00
   outer loop
     vertex  3.633352e+01  5.664059e+00  3.000000e+00
     vertex  3.634337e+01  5.618467e+00  7.105427e-15
     vertex  3.633352e+01  5.664059e+00  7.105427e-15
   endloop
 endfacet
 facet normal  9.828989e-01  1.841461e-01  0.000000e+00
   outer loop
     vertex  3.633352e+01  5.664059e+00  3.000000e+00
     vertex  3.633352e+01  5.664059e+00  7.105427e-15
     vertex  3.632493e+01  5.709903e+00  3.000000e+00
   endloop
 endfacet
 facet normal  9.713194e-01  2.377784e-01  0.000000e+00
   outer loop
     vertex  3.634337e+01  5.618467e+00  3.000000e+00
     vertex  3.635446e+01  5.573162e+00  7.105427e-15
     vertex  3.634337e+01  5.618467e+00  7.105427e-15
   endloop
 endfacet
 facet normal  9.774771e-01  2.110417e-01  0.000000e+00
   outer loop
     vertex  3.634337e+01  5.618467e+00  3.000000e+00
     vertex  3.634337e+01  5.618467e+00  7.105427e-15
     vertex  3.633352e+01  5.664059e+00  3.000000e+00
   endloop
 endfacet
 facet normal  9.644306e-01  2.643362e-01  0.000000e+00
   outer loop
     vertex  3.635446e+01  5.573162e+00  3.000000e+00
     vertex  3.636679e+01  5.528179e+00  7.105427e-15
     vertex  3.635446e+01  5.573162e+00  7.105427e-15
   endloop
 endfacet
 facet normal  9.713194e-01  2.377784e-01  0.000000e+00
   outer loop
     vertex  3.635446e+01  5.573162e+00  3.000000e+00
     vertex  3.635446e+01  5.573162e+00  7.105427e-15
     vertex  3.634337e+01  5.618467e+00  3.000000e+00
   endloop
 endfacet
 facet normal  9.644306e-01  2.643362e-01  0.000000e+00
   outer loop
     vertex  3.636679e+01  5.528179e+00  3.000000e+00
     vertex  3.636679e+01  5.528179e+00  7.105427e-15
     vertex  3.635446e+01  5.573162e+00  3.000000e+00
   endloop
 endfacet
 facet normal  9.568158e-01  2.906949e-01  0.000000e+00
   outer loop
     vertex  3.638035e+01  5.483551e+00  3.000000e+00
     vertex  3.638035e+01  5.483551e+00  7.105427e-15
     vertex  3.636679e+01  5.528179e+00  7.105427e-15
   endloop
 endfacet
 facet normal  9.568158e-01  2.906949e-01  0.000000e+00
   outer loop
     vertex  3.638035e+01  5.483551e+00  3.000000e+00
     vertex  3.636679e+01  5.528179e+00  7.105427e-15
     vertex  3.636679e+01  5.528179e+00  3.000000e+00
   endloop
 endfacet
 facet normal  9.484807e-01  3.168348e-01  0.000000e+00
   outer loop
     vertex  3.639512e+01  5.439312e+00  3.000000e+00
     vertex  3.639512e+01  5.439312e+00  7.105427e-15
     vertex  3.638035e+01  5.483551e+00  7.105427e-15
   endloop
 endfacet
 facet normal  9.394317e-01  3.427362e-01  0.000000e+00
   outer loop
     vertex  3.639512e+01  5.439312e+00  3.000000e+00
     vertex  3.641111e+01  5.395495e+00  7.105427e-15
     vertex  3.639512e+01  5.439312e+00  7.105427e-15
   endloop
 endfacet
 facet normal  9.484807e-01  3.168348e-01  0.000000e+00
   outer loop
     vertex  3.639512e+01  5.439312e+00  3.000000e+00
     vertex  3.638035e+01  5.483551e+00  7.105427e-15
     vertex  3.638035e+01  5.483551e+00  3.000000e+00
   endloop
 endfacet
 facet normal  9.394317e-01  3.427362e-01  0.000000e+00
   outer loop
     vertex  3.641111e+01  5.395495e+00  3.000000e+00
     vertex  3.641111e+01  5.395495e+00  7.105427e-15
     vertex  3.639512e+01  5.439312e+00  3.000000e+00
   endloop
 endfacet
 facet normal  9.296754e-01  3.683796e-01  0.000000e+00
   outer loop
     vertex  3.642829e+01  5.352132e+00  3.000000e+00
     vertex  3.642829e+01  5.352132e+00  7.105427e-15
     vertex  3.641111e+01  5.395495e+00  7.105427e-15
   endloop
 endfacet
 facet normal  9.296754e-01  3.683796e-01  0.000000e+00
   outer loop
     vertex  3.642829e+01  5.352132e+00  3.000000e+00
     vertex  3.641111e+01  5.395495e+00  7.105427e-15
     vertex  3.641111e+01  5.395495e+00  3.000000e+00
   endloop
 endfacet
 facet normal  9.192194e-01  3.937458e-01  0.000000e+00
   outer loop
     vertex  3.644666e+01  5.309258e+00  3.000000e+00
     vertex  3.642829e+01  5.352132e+00  7.105427e-15
     vertex  3.642829e+01  5.352132e+00  3.000000e+00
   endloop
 endfacet
 facet normal  9.192194e-01  3.937458e-01  0.000000e+00
   outer loop
     vertex  3.644666e+01  5.309258e+00  3.000000e+00
     vertex  3.644666e+01  5.309258e+00  7.105427e-15
     vertex  3.642829e+01  5.352132e+00  7.105427e-15
   endloop
 endfacet
 facet normal  9.080714e-01  4.188155e-01  0.000000e+00
   outer loop
     vertex  3.644666e+01  5.309258e+00  3.000000e+00
     vertex  3.646619e+01  5.266903e+00  7.105427e-15
     vertex  3.644666e+01  5.309258e+00  7.105427e-15
   endloop
 endfacet
 facet normal  9.080714e-01  4.188155e-01  0.000000e+00
   outer loop
     vertex  3.646619e+01  5.266903e+00  3.000000e+00
     vertex  3.646619e+01  5.266903e+00  7.105427e-15
     vertex  3.644666e+01  5.309258e+00  3.000000e+00
   endloop
 endfacet
 facet normal  8.962398e-01  4.435699e-01  0.000000e+00
   outer loop
     vertex  3.648688e+01  5.225101e+00  3.000000e+00
     vertex  3.648688e+01  5.225101e+00  7.105427e-15
     vertex  3.646619e+01  5.266903e+00  7.105427e-15
   endloop
 endfacet
 facet normal  8.837335e-01  4.679904e-01  0.000000e+00
   outer loop
     vertex  3.648688e+01  5.225101e+00  3.000000e+00
     vertex  3.650871e+01  5.183881e+00  7.105427e-15
     vertex  3.648688e+01  5.225101e+00  7.105427e-15
   endloop
 endfacet
 facet normal  8.962398e-01  4.435699e-01  0.000000e+00
   outer loop
     vertex  3.648688e+01  5.225101e+00  3.000000e+00
     vertex  3.646619e+01  5.266903e+00  7.105427e-15
     vertex  3.646619e+01  5.266903e+00  3.000000e+00
   endloop
 endfacet
 facet normal  8.837335e-01  4.679904e-01  0.000000e+00
   outer loop
     vertex  3.650871e+01  5.183881e+00  3.000000e+00
     vertex  3.650871e+01  5.183881e+00  7.105427e-15
     vertex  3.648688e+01  5.225101e+00  3.000000e+00
   endloop
 endfacet
 facet normal  8.705620e-01  4.920587e-01  0.000000e+00
   outer loop
     vertex  3.650871e+01  5.183881e+00  3.000000e+00
     vertex  3.653166e+01  5.143276e+00  7.105427e-15
     vertex  3.650871e+01  5.183881e+00  7.105427e-15
   endloop
 endfacet
 facet normal  8.705620e-01  4.920587e-01  0.000000e+00
   outer loop
     vertex  3.653166e+01  5.143276e+00  3.000000e+00
     vertex  3.653166e+01  5.143276e+00  7.105427e-15
     vertex  3.650871e+01  5.183881e+00  3.000000e+00
   endloop
 endfacet
 facet normal  8.567352e-01  5.157565e-01  0.000000e+00
   outer loop
     vertex  3.653166e+01  5.143276e+00  3.000000e+00
     vertex  3.655572e+01  5.103316e+00  7.105427e-15
     vertex  3.653166e+01  5.143276e+00  7.105427e-15
   endloop
 endfacet
 facet normal  8.567352e-01  5.157565e-01  0.000000e+00
   outer loop
     vertex  3.655572e+01  5.103316e+00  3.000000e+00
     vertex  3.655572e+01  5.103316e+00  7.105427e-15
     vertex  3.653166e+01  5.143276e+00  3.000000e+00
   endloop
 endfacet
 facet normal  8.422635e-01  5.390661e-01  0.000000e+00
   outer loop
     vertex  3.658086e+01  5.064031e+00  3.000000e+00
     vertex  3.658086e+01  5.064031e+00  7.105427e-15
     vertex  3.655572e+01  5.103316e+00  7.105427e-15
   endloop
 endfacet
 facet normal  8.422635e-01  5.390661e-01  0.000000e+00
   outer loop
     vertex  3.658086e+01  5.064031e+00  3.000000e+00
     vertex  3.655572e+01  5.103316e+00  7.105427e-15
     vertex  3.655572e+01  5.103316e+00  3.000000e+00
   endloop
 endfacet
 facet normal  8.271577e-01  5.619699e-01  0.000000e+00
   outer loop
     vertex  3.660707e+01  5.025451e+00  3.000000e+00
     vertex  3.660707e+01  5.025451e+00  7.105427e-15
     vertex  3.658086e+01  5.064031e+00  7.105427e-15
   endloop
 endfacet
 facet normal  8.114292e-01  5.844507e-01  0.000000e+00
   outer loop
     vertex  3.660707e+01  5.025451e+00  3.000000e+00
     vertex  3.663433e+01  4.987604e+00  7.105427e-15
     vertex  3.660707e+01  5.025451e+00  7.105427e-15
   endloop
 endfacet
 facet normal  8.271577e-01  5.619699e-01  0.000000e+00
   outer loop
     vertex  3.660707e+01  5.025451e+00  3.000000e+00
     vertex  3.658086e+01  5.064031e+00  7.105427e-15
     vertex  3.658086e+01  5.064031e+00  3.000000e+00
   endloop
 endfacet
 facet normal  8.114292e-01  5.844507e-01  0.000000e+00
   outer loop
     vertex  3.663433e+01  4.987604e+00  3.000000e+00
     vertex  3.663433e+01  4.987604e+00  7.105427e-15
     vertex  3.660707e+01  5.025451e+00  3.000000e+00
   endloop
 endfacet
 facet normal  7.950900e-01  6.064915e-01  0.000000e+00
   outer loop
     vertex  3.666262e+01  4.950519e+00  3.000000e+00
     vertex  3.666262e+01  4.950519e+00  7.105427e-15
     vertex  3.663433e+01  4.987604e+00  7.105427e-15
   endloop
 endfacet
 facet normal  7.781522e-01  6.280757e-01  0.000000e+00
   outer loop
     vertex  3.666262e+01  4.950519e+00  3.000000e+00
     vertex  3.669191e+01  4.914224e+00  7.105427e-15
     vertex  3.666262e+01  4.950519e+00  7.105427e-15
   endloop
 endfacet
 facet normal  7.950900e-01  6.064915e-01  0.000000e+00
   outer loop
     vertex  3.666262e+01  4.950519e+00  3.000000e+00
     vertex  3.663433e+01  4.987604e+00  7.105427e-15
     vertex  3.663433e+01  4.987604e+00  3.000000e+00
   endloop
 endfacet
 facet normal  7.781522e-01  6.280757e-01  0.000000e+00
   outer loop
     vertex  3.669191e+01  4.914224e+00  3.000000e+00
     vertex  3.669191e+01  4.914224e+00  7.105427e-15
     vertex  3.666262e+01  4.950519e+00  3.000000e+00
   endloop
 endfacet
 facet normal  7.606287e-01  6.491872e-01  0.000000e+00
   outer loop
     vertex  3.669191e+01  4.914224e+00  3.000000e+00
     vertex  3.672219e+01  4.878747e+00  7.105427e-15
     vertex  3.669191e+01  4.914224e+00  7.105427e-15
   endloop
 endfacet
 facet normal  7.606287e-01  6.491872e-01  0.000000e+00
   outer loop
     vertex  3.672219e+01  4.878747e+00  3.000000e+00
     vertex  3.672219e+01  4.878747e+00  7.105427e-15
     vertex  3.669191e+01  4.914224e+00  3.000000e+00
   endloop
 endfacet
 facet normal  7.425325e-01  6.698100e-01  0.000000e+00
   outer loop
     vertex  3.675343e+01  4.844113e+00  3.000000e+00
     vertex  3.675343e+01  4.844113e+00  7.105427e-15
     vertex  3.672219e+01  4.878747e+00  7.105427e-15
   endloop
 endfacet
 facet normal  7.425325e-01  6.698100e-01  0.000000e+00
   outer loop
     vertex  3.675343e+01  4.844113e+00  3.000000e+00
     vertex  3.672219e+01  4.878747e+00  7.105427e-15
     vertex  3.672219e+01  4.878747e+00  3.000000e+00
   endloop
 endfacet
 facet normal  7.238775e-01  6.899286e-01  0.000000e+00
   outer loop
     vertex  3.678561e+01  4.810350e+00  3.000000e+00
     vertex  3.678561e+01  4.810350e+00  7.105427e-15
     vertex  3.675343e+01  4.844113e+00  7.105427e-15
   endloop
 endfacet
 facet normal  7.238775e-01  6.899286e-01  0.000000e+00
   outer loop
     vertex  3.678561e+01  4.810350e+00  3.000000e+00
     vertex  3.675343e+01  4.844113e+00  7.105427e-15
     vertex  3.675343e+01  4.844113e+00  3.000000e+00
   endloop
 endfacet
 facet normal  7.046775e-01  7.095278e-01  0.000000e+00
   outer loop
     vertex  3.681871e+01  4.777482e+00  3.000000e+00
     vertex  3.681871e+01  4.777482e+00  7.105427e-15
     vertex  3.678561e+01  4.810350e+00  7.105427e-15
   endloop
 endfacet
 facet normal  7.046775e-01  7.095278e-01  0.000000e+00
   outer loop
     vertex  3.681871e+01  4.777482e+00  3.000000e+00
     vertex  3.678561e+01  4.810350e+00  7.105427e-15
     vertex  3.678561e+01  4.810350e+00  3.000000e+00
   endloop
 endfacet
 facet normal  6.849470e-01  7.285929e-01  0.000000e+00
   outer loop
     vertex  3.685269e+01  4.745535e+00  3.000000e+00
     vertex  3.685269e+01  4.745535e+00  7.105427e-15
     vertex  3.681871e+01  4.777482e+00  7.105427e-15
   endloop
 endfacet
 facet normal  6.849470e-01  7.285929e-01  0.000000e+00
   outer loop
     vertex  3.685269e+01  4.745535e+00  3.000000e+00
     vertex  3.681871e+01  4.777482e+00  7.105427e-15
     vertex  3.681871e+01  4.777482e+00  3.000000e+00
   endloop
 endfacet
 facet normal  6.647010e-01  7.471095e-01  0.000000e+00
   outer loop
     vertex  3.688754e+01  4.714532e+00  3.000000e+00
     vertex  3.688754e+01  4.714532e+00  7.105427e-15
     vertex  3.685269e+01  4.745535e+00  7.105427e-15
   endloop
 endfacet
 facet normal  6.647010e-01  7.471095e-01  0.000000e+00
   outer loop
     vertex  3.688754e+01  4.714532e+00  3.000000e+00
     vertex  3.685269e+01  4.745535e+00  7.105427e-15
     vertex  3.685269e+01  4.745535e+00  3.000000e+00
   endloop
 endfacet
 facet normal  6.439545e-01  7.650637e-01  0.000000e+00
   outer loop
     vertex  3.692322e+01  4.684496e+00  3.000000e+00
     vertex  3.692322e+01  4.684496e+00  7.105427e-15
     vertex  3.688754e+01  4.714532e+00  7.105427e-15
   endloop
 endfacet
 facet normal  6.439545e-01  7.650637e-01  0.000000e+00
   outer loop
     vertex  3.692322e+01  4.684496e+00  3.000000e+00
     vertex  3.688754e+01  4.714532e+00  7.105427e-15
     vertex  3.688754e+01  4.714532e+00  3.000000e+00
   endloop
 endfacet
 facet normal  6.227234e-01  7.824421e-01  0.000000e+00
   outer loop
     vertex  3.695972e+01  4.655451e+00  3.000000e+00
     vertex  3.695972e+01  4.655451e+00  7.105427e-15
     vertex  3.692322e+01  4.684496e+00  7.105427e-15
   endloop
 endfacet
 facet normal  6.227234e-01  7.824421e-01  0.000000e+00
   outer loop
     vertex  3.695972e+01  4.655451e+00  3.000000e+00
     vertex  3.692322e+01  4.684496e+00  7.105427e-15
     vertex  3.692322e+01  4.684496e+00  3.000000e+00
   endloop
 endfacet
 facet normal  6.010234e-01  7.992314e-01  0.000000e+00
   outer loop
     vertex  3.699700e+01  4.627418e+00  3.000000e+00
     vertex  3.699700e+01  4.627418e+00  7.105427e-15
     vertex  3.695972e+01  4.655451e+00  7.105427e-15
   endloop
 endfacet
 facet normal  6.010234e-01  7.992314e-01  0.000000e+00
   outer loop
     vertex  3.699700e+01  4.627418e+00  3.000000e+00
     vertex  3.695972e+01  4.655451e+00  7.105427e-15
     vertex  3.695972e+01  4.655451e+00  3.000000e+00
   endloop
 endfacet
 facet normal  5.788711e-01  8.154191e-01  0.000000e+00
   outer loop
     vertex  3.703503e+01  4.600418e+00  3.000000e+00
     vertex  3.703503e+01  4.600418e+00  7.105427e-15
     vertex  3.699700e+01  4.627418e+00  7.105427e-15
   endloop
 endfacet
 facet normal  5.562829e-01  8.309929e-01  0.000000e+00
   outer loop
     vertex  3.703503e+01  4.600418e+00  3.000000e+00
     vertex  3.707379e+01  4.574472e+00  7.105427e-15
     vertex  3.703503e+01  4.600418e+00  7.105427e-15
   endloop
 endfacet
 facet normal  5.788711e-01  8.154191e-01  0.000000e+00
   outer loop
     vertex  3.703503e+01  4.600418e+00  3.000000e+00
     vertex  3.699700e+01  4.627418e+00  7.105427e-15
     vertex  3.699700e+01  4.627418e+00  3.000000e+00
   endloop
 endfacet
 facet normal  5.562829e-01  8.309929e-01  0.000000e+00
   outer loop
     vertex  3.707379e+01  4.574472e+00  3.000000e+00
     vertex  3.707379e+01  4.574472e+00  7.105427e-15
     vertex  3.703503e+01  4.600418e+00  3.000000e+00
   endloop
 endfacet
 facet normal  5.332761e-01  8.459413e-01  0.000000e+00
   outer loop
     vertex  3.711324e+01  4.549599e+00  3.000000e+00
     vertex  3.711324e+01  4.549599e+00  7.105427e-15
     vertex  3.707379e+01  4.574472e+00  7.105427e-15
   endloop
 endfacet
 facet normal  5.098678e-01  8.602528e-01  0.000000e+00
   outer loop
     vertex  3.711324e+01  4.549599e+00  3.000000e+00
     vertex  3.715337e+01  4.525817e+00  7.105427e-15
     vertex  3.711324e+01  4.549599e+00  7.105427e-15
   endloop
 endfacet
 facet normal  5.332761e-01  8.459413e-01  0.000000e+00
   outer loop
     vertex  3.711324e+01  4.549599e+00  3.000000e+00
     vertex  3.707379e+01  4.574472e+00  7.105427e-15
     vertex  3.707379e+01  4.574472e+00  3.000000e+00
   endloop
 endfacet
 facet normal  5.098678e-01  8.602528e-01  0.000000e+00
   outer loop
     vertex  3.715337e+01  4.525817e+00  3.000000e+00
     vertex  3.715337e+01  4.525817e+00  7.105427e-15
     vertex  3.711324e+01  4.549599e+00  3.000000e+00
   endloop
 endfacet
 facet normal  4.860756e-01  8.739167e-01  0.000000e+00
   outer loop
     vertex  3.719413e+01  4.503146e+00  3.000000e+00
     vertex  3.719413e+01  4.503146e+00  7.105427e-15
     vertex  3.715337e+01  4.525817e+00  7.105427e-15
   endloop
 endfacet
 facet normal  4.860756e-01  8.739167e-01  0.000000e+00
   outer loop
     vertex  3.719413e+01  4.503146e+00  3.000000e+00
     vertex  3.715337e+01  4.525817e+00  7.105427e-15
     vertex  3.715337e+01  4.525817e+00  3.000000e+00
   endloop
 endfacet
 facet normal  4.619176e-01  8.869228e-01  0.000000e+00
   outer loop
     vertex  3.723550e+01  4.481601e+00  3.000000e+00
     vertex  3.719413e+01  4.503146e+00  7.105427e-15
     vertex  3.719413e+01  4.503146e+00  3.000000e+00
   endloop
 endfacet
 facet normal  4.619176e-01  8.869228e-01  0.000000e+00
   outer loop
     vertex  3.723550e+01  4.481601e+00  3.000000e+00
     vertex  3.723550e+01  4.481601e+00  7.105427e-15
     vertex  3.719413e+01  4.503146e+00  7.105427e-15
   endloop
 endfacet
 facet normal  4.374119e-01  8.992613e-01  0.000000e+00
   outer loop
     vertex  3.723550e+01  4.481601e+00  3.000000e+00
     vertex  3.727744e+01  4.461199e+00  7.105427e-15
     vertex  3.723550e+01  4.481601e+00  7.105427e-15
   endloop
 endfacet
 facet normal  4.374119e-01  8.992613e-01  0.000000e+00
   outer loop
     vertex  3.727744e+01  4.461199e+00  3.000000e+00
     vertex  3.727744e+01  4.461199e+00  7.105427e-15
     vertex  3.723550e+01  4.481601e+00  3.000000e+00
   endloop
 endfacet
 facet normal  4.125769e-01  9.109228e-01  0.000000e+00
   outer loop
     vertex  3.731993e+01  4.441955e+00  3.000000e+00
     vertex  3.727744e+01  4.461199e+00  7.105427e-15
     vertex  3.727744e+01  4.461199e+00  3.000000e+00
   endloop
 endfacet
 facet normal  4.125769e-01  9.109228e-01  0.000000e+00
   outer loop
     vertex  3.731993e+01  4.441955e+00  3.000000e+00
     vertex  3.731993e+01  4.441955e+00  7.105427e-15
     vertex  3.727744e+01  4.461199e+00  7.105427e-15
   endloop
 endfacet
 facet normal  3.874313e-01  9.218986e-01  0.000000e+00
   outer loop
     vertex  3.736293e+01  4.423885e+00  3.000000e+00
     vertex  3.731993e+01  4.441955e+00  7.105427e-15
     vertex  3.731993e+01  4.441955e+00  3.000000e+00
   endloop
 endfacet
 facet normal  3.874313e-01  9.218986e-01  0.000000e+00
   outer loop
     vertex  3.736293e+01  4.423885e+00  3.000000e+00
     vertex  3.736293e+01  4.423885e+00  7.105427e-15
     vertex  3.731993e+01  4.441955e+00  7.105427e-15
   endloop
 endfacet
 facet normal  3.619940e-01  9.321804e-01  0.000000e+00
   outer loop
     vertex  3.740641e+01  4.407000e+00  3.000000e+00
     vertex  3.736293e+01  4.423885e+00  7.105427e-15
     vertex  3.736293e+01  4.423885e+00  3.000000e+00
   endloop
 endfacet
 facet normal  3.619940e-01  9.321804e-01  0.000000e+00
   outer loop
     vertex  3.740641e+01  4.407000e+00  3.000000e+00
     vertex  3.740641e+01  4.407000e+00  7.105427e-15
     vertex  3.736293e+01  4.423885e+00  7.105427e-15
   endloop
 endfacet
 facet normal  3.362843e-01  9.417605e-01  0.000000e+00
   outer loop
     vertex  3.745033e+01  4.391315e+00  3.000000e+00
     vertex  3.740641e+01  4.407000e+00  7.105427e-15
     vertex  3.740641e+01  4.407000e+00  3.000000e+00
   endloop
 endfacet
 facet normal  3.362843e-01  9.417605e-01  0.000000e+00
   outer loop
     vertex  3.745033e+01  4.391315e+00  3.000000e+00
     vertex  3.745033e+01  4.391315e+00  7.105427e-15
     vertex  3.740641e+01  4.407000e+00  7.105427e-15
   endloop
 endfacet
 facet normal  3.103214e-01  9.506317e-01  0.000000e+00
   outer loop
     vertex  3.749467e+01  4.376841e+00  3.000000e+00
     vertex  3.745033e+01  4.391315e+00  7.105427e-15
     vertex  3.745033e+01  4.391315e+00  3.000000e+00
   endloop
 endfacet
 facet normal  3.103214e-01  9.506317e-01  0.000000e+00
   outer loop
     vertex  3.749467e+01  4.376841e+00  3.000000e+00
     vertex  3.749467e+01  4.376841e+00  7.105427e-15
     vertex  3.745033e+01  4.391315e+00  7.105427e-15
   endloop
 endfacet
 facet normal  2.841250e-01  9.587873e-01  0.000000e+00
   outer loop
     vertex  3.749467e+01  4.376841e+00  3.000000e+00
     vertex  3.753939e+01  4.363589e+00  7.105427e-15
     vertex  3.749467e+01  4.376841e+00  7.105427e-15
   endloop
 endfacet
 facet normal  2.841250e-01  9.587873e-01  0.000000e+00
   outer loop
     vertex  3.753939e+01  4.363589e+00  3.000000e+00
     vertex  3.753939e+01  4.363589e+00  7.105427e-15
     vertex  3.749467e+01  4.376841e+00  3.000000e+00
   endloop
 endfacet
 facet normal  2.577146e-01  9.662211e-01  0.000000e+00
   outer loop
     vertex  3.758446e+01  4.351569e+00  3.000000e+00
     vertex  3.753939e+01  4.363589e+00  7.105427e-15
     vertex  3.753939e+01  4.363589e+00  3.000000e+00
   endloop
 endfacet
 facet normal  2.577146e-01  9.662211e-01  0.000000e+00
   outer loop
     vertex  3.758446e+01  4.351569e+00  3.000000e+00
     vertex  3.758446e+01  4.351569e+00  7.105427e-15
     vertex  3.753939e+01  4.363589e+00  7.105427e-15
   endloop
 endfacet
 facet normal  2.311102e-01  9.729276e-01  0.000000e+00
   outer loop
     vertex  3.762984e+01  4.340789e+00  3.000000e+00
     vertex  3.758446e+01  4.351569e+00  7.105427e-15
     vertex  3.758446e+01  4.351569e+00  3.000000e+00
   endloop
 endfacet
 facet normal  2.311102e-01  9.729276e-01  0.000000e+00
   outer loop
     vertex  3.762984e+01  4.340789e+00  3.000000e+00
     vertex  3.762984e+01  4.340789e+00  7.105427e-15
     vertex  3.758446e+01  4.351569e+00  7.105427e-15
   endloop
 endfacet
 facet normal  2.043319e-01  9.789017e-01  0.000000e+00
   outer loop
     vertex  3.767550e+01  4.331259e+00  3.000000e+00
     vertex  3.762984e+01  4.340789e+00  7.105427e-15
     vertex  3.762984e+01  4.340789e+00  3.000000e+00
   endloop
 endfacet
 facet normal  2.043319e-01  9.789017e-01  0.000000e+00
   outer loop
     vertex  3.767550e+01  4.331259e+00  3.000000e+00
     vertex  3.767550e+01  4.331259e+00  7.105427e-15
     vertex  3.762984e+01  4.340789e+00  7.105427e-15
   endloop
 endfacet
 facet normal  1.773998e-01  9.841389e-01  0.000000e+00
   outer loop
     vertex  3.772140e+01  4.322984e+00  3.000000e+00
     vertex  3.767550e+01  4.331259e+00  7.105427e-15
     vertex  3.767550e+01  4.331259e+00  3.000000e+00
   endloop
 endfacet
 facet normal  1.773998e-01  9.841389e-01  0.000000e+00
   outer loop
     vertex  3.772140e+01  4.322984e+00  3.000000e+00
     vertex  3.772140e+01  4.322984e+00  7.105427e-15
     vertex  3.767550e+01  4.331259e+00  7.105427e-15
   endloop
 endfacet
 facet normal  1.503341e-01  9.886353e-01  0.000000e+00
   outer loop
     vertex  3.776751e+01  4.315972e+00  3.000000e+00
     vertex  3.772140e+01  4.322984e+00  7.105427e-15
     vertex  3.772140e+01  4.322984e+00  3.000000e+00
   endloop
 endfacet
 facet normal  1.503341e-01  9.886353e-01  0.000000e+00
   outer loop
     vertex  3.776751e+01  4.315972e+00  3.000000e+00
     vertex  3.776751e+01  4.315972e+00  7.105427e-15
     vertex  3.772140e+01  4.322984e+00  7.105427e-15
   endloop
 endfacet
 facet normal  1.231552e-01  9.923874e-01  0.000000e+00
   outer loop
     vertex  3.776751e+01  4.315972e+00  3.000000e+00
     vertex  3.781380e+01  4.310228e+00  7.105427e-15
     vertex  3.776751e+01  4.315972e+00  7.105427e-15
   endloop
 endfacet
 facet normal  1.231552e-01  9.923874e-01  0.000000e+00
   outer loop
     vertex  3.781380e+01  4.310228e+00  3.000000e+00
     vertex  3.781380e+01  4.310228e+00  7.105427e-15
     vertex  3.776751e+01  4.315972e+00  3.000000e+00
   endloop
 endfacet
 facet normal  9.588368e-02  9.953925e-01  0.000000e+00
   outer loop
     vertex  3.786023e+01  4.305756e+00  3.000000e+00
     vertex  3.786023e+01  4.305756e+00  7.105427e-15
     vertex  3.781380e+01  4.310228e+00  7.105427e-15
   endloop
 endfacet
 facet normal  6.853995e-02  9.976484e-01  0.000000e+00
   outer loop
     vertex  3.786023e+01  4.305756e+00  3.000000e+00
     vertex  3.790676e+01  4.302559e+00  7.105427e-15
     vertex  3.786023e+01  4.305756e+00  7.105427e-15
   endloop
 endfacet
 facet normal  9.588368e-02  9.953925e-01  0.000000e+00
   outer loop
     vertex  3.786023e+01  4.305756e+00  3.000000e+00
     vertex  3.781380e+01  4.310228e+00  7.105427e-15
     vertex  3.781380e+01  4.310228e+00  3.000000e+00
   endloop
 endfacet
 facet normal  6.853995e-02  9.976484e-01  0.000000e+00
   outer loop
     vertex  3.790676e+01  4.302559e+00  3.000000e+00
     vertex  3.790676e+01  4.302559e+00  7.105427e-15
     vertex  3.786023e+01  4.305756e+00  3.000000e+00
   endloop
 endfacet
 facet normal  4.114462e-02  9.991532e-01  0.000000e+00
   outer loop
     vertex  3.795336e+01  4.300640e+00  3.000000e+00
     vertex  3.795336e+01  4.300640e+00  7.105427e-15
     vertex  3.790676e+01  4.302559e+00  7.105427e-15
   endloop
 endfacet
 facet normal  4.114462e-02  9.991532e-01  0.000000e+00
   outer loop
     vertex  3.795336e+01  4.300640e+00  3.000000e+00
     vertex  3.790676e+01  4.302559e+00  7.105427e-15
     vertex  3.790676e+01  4.302559e+00  3.000000e+00
   endloop
 endfacet
 facet normal  1.371831e-02  9.999059e-01  0.000000e+00
   outer loop
     vertex  3.800000e+01  4.300000e+00  3.000000e+00
     vertex  3.800000e+01  4.300000e+00  7.105427e-15
     vertex  3.795336e+01  4.300640e+00  7.105427e-15
   endloop
 endfacet
 facet normal  1.371831e-02  9.999059e-01  0.000000e+00
   outer loop
     vertex  3.800000e+01  4.300000e+00  3.000000e+00
     vertex  3.795336e+01  4.300640e+00  7.105427e-15
     vertex  3.795336e+01  4.300640e+00  3.000000e+00
   endloop
 endfacet
 facet normal -1.000000e+00  0.000000e+00  0.000000e+00
   outer loop
     vertex  9.000000e+00  3.300000e+01  3.000000e+00
     vertex  9.000000e+00  1.100000e+01  3.000000e+00
     vertex  9.000000e+00  1.100000e+01  4.400000e+00
   endloop
 endfacet
 facet normal -1.000000e+00  0.000000e+00  0.000000e+00
   outer loop
     vertex  9.000000e+00  3.300000e+01  3.000000e+00
     vertex  9.000000e+00  1.100000e+01  4.400000e+00
     vertex  9.000000e+00  3.300000e+01  4.400000e+00
   endloop
 endfacet
 facet normal  0.000000e+00 -1.000000e+00  0.000000e+00
   outer loop
     vertex  9.000000e+00  1.100000e+01  3.000000e+00
     vertex  3.000000e+01  1.100000e+01  3.000000e+00
     vertex  3.000000e+01  1.100000e+01  4.400000e+00
   endloop
 endfacet
 facet normal  0.000000e+00 -1.000000e+00  0.000000e+00
   outer loop
     vertex  9.000000e+00  1.100000e+01  3.000000e+00
     vertex  3.000000e+01  1.100000e+01  4.400000e+00
     vertex  9.000000e+00  1.100000e+01  4.400000e+00
   endloop
 endfacet
 facet normal  0.000000e+00  1.000000e+00  0.000000e+00
   outer loop
     vertex  3.500000e+01  3.300000e+01  3.000000e+00
     vertex  9.000000e+00  3.300000e+01  3.000000e+00
     vertex  9.000000e+00  3.300000e+01  4.400000e+00
   endloop
 endfacet
 facet normal  0.000000e+00  1.000000e+00 -0.000000e+00
   outer loop
     vertex  3.500000e+01  3.300000e+01  3.000000e+00
     vertex  9.000000e+00  3.300000e+01  4.400000e+00
     vertex  3.500000e+01  3.300000e+01  4.400000e+00
   endloop
 endfacet
 facet normal  7.071068e-01 -7.071068e-01  0.000000e+00
   outer loop
     vertex  3.000000e+01  1.100000e+01  3.000000e+00
     vertex  3.500000e+01  1.600000e+01  3.000000e+00
     vertex  3.500000e+01  1.600000e+01  4.400000e+00
   endloop
 endfacet
 facet normal  7.071068e-01 -7.071068e-01  0.000000e+00
   outer loop
     vertex  3.000000e+01  1.100000e+01  3.000000e+00
     vertex  3.500000e+01  1.600000e+01  4.400000e+00
     vertex  3.000000e+01  1.100000e+01  4.400000e+00
   endloop
 endfacet
 facet normal  1.000000e+00  0.000000e+00  0.000000e+00
   outer loop
     vertex  3.500000e+01  1.600000e+01  3.000000e+00
     vertex  3.500000e+01  3.300000e+01  3.000000e+00
     vertex  3.500000e+01  3.300000e+01  4.400000e+00
   endloop
 endfacet
 facet normal  1.000000e+00  0.000000e+00  0.000000e+00
   outer loop
     vertex  3.500000e+01  1.600000e+01  3.000000e+00
     vertex  3.500000e+01  3.300000e+01  4.400000e+00
     vertex  3.500000e+01  1.600000e+01  4.400000e+00
   endloop
 endfacet
 facet normal  0.000000e+00  0.000000e+00  1.000000e+00
   outer loop
     vertex  3.000000e+01  1.100000e+01  4.400000e+00
     vertex  1.300000e+01  1.700000e+01  4.400000e+00
     vertex  9.000000e+00  1.100000e+01  4.400000e+00
   endloop
 endfacet
 facet normal  1.776357e-15  0.000000e+00  1.000000e+00
   outer loop
     vertex  9.000000e+00  3.300000e+01  4.400000e+00
     vertex  1.300000e+01  1.700000e+01  4.400000e+00
     vertex  1.300000e+01  2.700000e+01  4.400000e+00
   endloop
 endfacet
 facet normal  4.844610e-16 -3.229740e-16  1.000000e+00
   outer loop
     vertex  9.000000e+00  3.300000e+01  4.400000e+00
     vertex  9.000000e+00  1.100000e+01  4.400000e+00
     vertex  1.300000e+01  1.700000e+01  4.400000e+00
   endloop
 endfacet
 facet normal  0.000000e+00  0.000000e+00  1.000000e+00
   outer loop
     vertex  3.100000e+01  1.700000e+01  4.400000e+00
     vertex  1.300000e+01  1.700000e+01  4.400000e+00
     vertex  3.000000e+01  1.100000e+01  4.400000e+00
   endloop
 endfacet
 facet normal  0.000000e+00  0.000000e+00  1.000000e+00
   outer loop
     vertex  3.500000e+01  1.600000e+01  4.400000e+00
     vertex  3.100000e+01  1.700000e+01  4.400000e+00
     vertex  3.000000e+01  1.100000e+01  4.400000e+00
   endloop
 endfacet
 facet normal  0.000000e+00  0.000000e+00  1.000000e+00
   outer loop
     vertex  3.100000e+01  2.700000e+01  4.400000e+00
     vertex  3.100000e+01  1.700000e+01  4.400000e+00
     vertex  3.500000e+01  1.600000e+01  4.400000e+00
   endloop
 endfacet
 facet normal  0.000000e+00 -1.184238e-15  1.000000e+00
   outer loop
     vertex  3.500000e+01  3.300000e+01  4.400000e+00
     vertex  1.300000e+01  2.700000e+01  4.400000e+00
     vertex  3.100000e+01  2.700000e+01  4.400000e+00
   endloop
 endfacet
 facet normal  0.000000e+00 -1.184238e-15  1.000000e+00
   outer loop
     vertex  3.500000e+01  3.300000e+01  4.400000e+00
     vertex  9.000000e+00  3.300000e+01  4.400000e+00
     vertex  1.300000e+01  2.700000e+01  4.400000e+00
   endloop
 endfacet
 facet normal -1.149407e-15 -4.179663e-16  1.000000e+00
   outer loop
     vertex  3.500000e+01  3.300000e+01  4.400000e+00
     vertex  3.100000e+01  2.700000e+01  4.400000e+00
     vertex  3.500000e+01  1.600000e+01  4.400000e+00
   endloop
 endfacet
endsolid
