ISO-10303-21;
HEADER;
FILE_DESCRIPTION(('FreeCAD Model'),'2;1');
FILE_NAME('Open CASCADE Shape Model','2026-09-22T16:35:05',('FreeCAD'),(
    'FreeCAD'),'Open CASCADE STEP processor 7.8','FreeCAD','Unknown');
FILE_SCHEMA(('AUTOMOTIVE_DESIGN { 1 0 10303 214 1 1 1 1 }'));
ENDSEC;
DATA;
#1 = APPLICATION_PROTOCOL_DEFINITION('international standard',
  'automotive_design',2000,#2);
#2 = APPLICATION_CONTEXT(
  'core data for automotive mechanical design processes');
#3 = SHAPE_DEFINITION_REPRESENTATION(#4,#10);
#4 = PRODUCT_DEFINITION_SHAPE('','',#5);
#5 = PRODUCT_DEFINITION('design','',#6,#9);
#6 = PRODUCT_DEFINITION_FORMATION('','',#7);
#7 = PRODUCT('Open CASCADE STEP translator 7.8 1',
  'Open CASCADE STEP translator 7.8 1','',(#8));
#8 = PRODUCT_CONTEXT('',#2,'mechanical');
#9 = PRODUCT_DEFINITION_CONTEXT('part definition',#2,'design');
#10 = ADVANCED_BREP_SHAPE_REPRESENTATION('',(#11,#15),#5662);
#11 = AXIS2_PLACEMENT_3D('',#12,#13,#14);
#12 = CARTESIAN_POINT('',(0.,0.,0.));
#13 = DIRECTION('',(0.,0.,1.));
#14 = DIRECTION('',(1.,0.,-0.));
#15 = MANIFOLD_SOLID_BREP('',#16);
#16 = CLOSED_SHELL('',(#17,#50,#1438,#1470,#1495,#1520,#1545,#1570,#1595
    ,#1620,#1645,#1670,#1695,#1720,#1745,#1770,#1795,#1820,#1845,#1870,
    #1895,#1920,#1945,#1970,#1995,#2020,#2045,#2070,#2095,#2120,#2152,
    #2184,#2216,#2248,#2280,#2312,#2344,#2376,#2408,#2440,#2472,#2504,
    #2536,#2568,#2600,#2632,#2664,#2696,#2728,#2760,#2792,#2824,#2856,
    #2888,#2920,#2952,#2984,#3016,#3048,#3080,#3112,#3144,#3176,#3201,
    #3226,#3251,#3276,#3301,#3326,#3351,#3376,#3401,#3426,#3451,#3476,
    #3501,#3526,#3551,#3576,#3601,#3626,#3651,#3676,#3701,#3726,#3751,
    #3776,#3801,#3826,#3844,#4478,#4503,#4703,#4734,#4759,#4783,#4814,
    #4839,#4863,#4894,#4919,#4943,#4974,#4999,#5023,#5048,#5144,#5158,
    #5172,#5186,#5200,#5214,#5228,#5242,#5256,#5270,#5284,#5298,#5312,
    #5326,#5340,#5354,#5368,#5382,#5396,#5410,#5424,#5438,#5452,#5466,
    #5480,#5494,#5508,#5522,#5536,#5550,#5564,#5578,#5592,#5606,#5620,
    #5634,#5648));
#17 = ADVANCED_FACE('',(#18),#45,.T.);
#18 = FACE_BOUND('',#19,.T.);
#19 = EDGE_LOOP('',(#20,#29,#37,#44));
#20 = ORIENTED_EDGE('',*,*,#21,.F.);
#21 = EDGE_CURVE('',#22,#22,#24,.T.);
#22 = VERTEX_POINT('',#23);
#23 = CARTESIAN_POINT('',(20.044593171027,-4.909509373422E-15,7.4));
#24 = CIRCLE('',#25,20.044593171027);
#25 = AXIS2_PLACEMENT_3D('',#26,#27,#28);
#26 = CARTESIAN_POINT('',(0.,0.,7.4));
#27 = DIRECTION('',(0.,0.,1.));
#28 = DIRECTION('',(1.,0.,0.));
#29 = ORIENTED_EDGE('',*,*,#30,.F.);
#30 = EDGE_CURVE('',#31,#22,#33,.T.);
#31 = VERTEX_POINT('',#32);
#32 = CARTESIAN_POINT('',(20.044593171027,-4.909509373422E-15,6.7));
#33 = LINE('',#34,#35);
#34 = CARTESIAN_POINT('',(20.044593171027,-4.909509373422E-15,6.7));
#35 = VECTOR('',#36,1.);
#36 = DIRECTION('',(0.,0.,1.));
#37 = ORIENTED_EDGE('',*,*,#38,.T.);
#38 = EDGE_CURVE('',#31,#31,#39,.T.);
#39 = CIRCLE('',#40,20.044593171027);
#40 = AXIS2_PLACEMENT_3D('',#41,#42,#43);
#41 = CARTESIAN_POINT('',(0.,0.,6.7));
#42 = DIRECTION('',(0.,0.,1.));
#43 = DIRECTION('',(1.,0.,0.));
#44 = ORIENTED_EDGE('',*,*,#30,.T.);
#45 = CYLINDRICAL_SURFACE('',#46,20.044593171027);
#46 = AXIS2_PLACEMENT_3D('',#47,#48,#49);
#47 = CARTESIAN_POINT('',(0.,0.,6.7));
#48 = DIRECTION('',(0.,0.,1.));
#49 = DIRECTION('',(1.,0.,0.));
#50 = ADVANCED_FACE('',(#51,#54),#1433,.F.);
#51 = FACE_BOUND('',#52,.F.);
#52 = EDGE_LOOP('',(#53));
#53 = ORIENTED_EDGE('',*,*,#38,.T.);
#54 = FACE_BOUND('',#55,.F.);
#55 = EDGE_LOOP('',(#56,#67,#76,#85,#94,#103,#112,#121,#130,#139,#148,
    #157,#166,#175,#184,#193,#202,#211,#220,#229,#238,#247,#256,#265,
    #274,#283,#292,#301,#310,#319,#328,#337,#346,#355,#364,#373,#382,
    #391,#400,#409,#418,#427,#436,#445,#454,#463,#472,#481,#490,#499,
    #508,#517,#526,#535,#544,#553,#562,#571,#580,#589,#598,#607,#616,
    #625,#634,#643,#652,#661,#670,#679,#688,#697,#706,#715,#724,#733,
    #742,#751,#760,#769,#778,#787,#796,#805,#814,#823,#832,#841,#850,
    #859,#868,#877,#886,#895,#904,#913,#922,#931,#940,#949,#958,#967,
    #976,#985,#994,#1003,#1012,#1021,#1030,#1039,#1048,#1057,#1066,#1075
    ,#1084,#1093,#1102,#1111,#1120,#1129,#1138,#1147,#1156,#1165,#1174,
    #1183,#1192,#1201,#1210,#1219,#1228,#1237,#1246,#1255,#1264,#1273,
    #1282,#1291,#1300,#1309,#1318,#1327,#1336,#1345,#1354,#1363,#1372,
    #1381,#1390,#1399,#1408,#1417,#1426));
#56 = ORIENTED_EDGE('',*,*,#57,.F.);
#57 = EDGE_CURVE('',#58,#60,#62,.T.);
#58 = VERTEX_POINT('',#59);
#59 = CARTESIAN_POINT('',(18.833589998106,0.643878532621,6.7));
#60 = VERTEX_POINT('',#61);
#61 = CARTESIAN_POINT('',(18.797721255051,1.328294921666,6.7));
#62 = CIRCLE('',#63,18.844593171027);
#63 = AXIS2_PLACEMENT_3D('',#64,#65,#66);
#64 = CARTESIAN_POINT('',(0.,0.,6.7));
#65 = DIRECTION('',(0.,0.,1.));
#66 = DIRECTION('',(1.,0.,0.));
#67 = ORIENTED_EDGE('',*,*,#68,.T.);
#68 = EDGE_CURVE('',#58,#69,#71,.T.);
#69 = VERTEX_POINT('',#70);
#70 = CARTESIAN_POINT('',(18.833589998106,-0.643878532621,6.7));
#71 = CIRCLE('',#72,0.65);
#72 = AXIS2_PLACEMENT_3D('',#73,#74,#75);
#73 = CARTESIAN_POINT('',(18.744593171027,0.,6.7));
#74 = DIRECTION('',(0.,0.,1.));
#75 = DIRECTION('',(1.,0.,0.));
#76 = ORIENTED_EDGE('',*,*,#77,.F.);
#77 = EDGE_CURVE('',#78,#69,#80,.T.);
#78 = VERTEX_POINT('',#79);
#79 = CARTESIAN_POINT('',(18.797721255051,-1.328294921666,6.7));
#80 = CIRCLE('',#81,18.844593171027);
#81 = AXIS2_PLACEMENT_3D('',#82,#83,#84);
#82 = CARTESIAN_POINT('',(0.,0.,6.7));
#83 = DIRECTION('',(0.,0.,1.));
#84 = DIRECTION('',(1.,0.,0.));
#85 = ORIENTED_EDGE('',*,*,#86,.T.);
#86 = EDGE_CURVE('',#78,#87,#89,.T.);
#87 = VERTEX_POINT('',#88);
#88 = CARTESIAN_POINT('',(18.66311398796,-2.608997518964,6.7));
#89 = CIRCLE('',#90,0.65);
#90 = AXIS2_PLACEMENT_3D('',#91,#92,#93);
#91 = CARTESIAN_POINT('',(18.641908328357,-1.959343518745,6.7));
#92 = DIRECTION('',(0.,0.,1.));
#93 = DIRECTION('',(1.,0.,0.));
#94 = ORIENTED_EDGE('',*,*,#95,.F.);
#95 = EDGE_CURVE('',#96,#87,#98,.T.);
#96 = VERTEX_POINT('',#97);
#97 = CARTESIAN_POINT('',(18.55590074425,-3.285915298828,6.7));
#98 = CIRCLE('',#99,18.844593171027);
#99 = AXIS2_PLACEMENT_3D('',#100,#101,#102);
#100 = CARTESIAN_POINT('',(0.,0.,6.7));
#101 = DIRECTION('',(0.,0.,1.));
#102 = DIRECTION('',(1.,0.,0.));
#103 = ORIENTED_EDGE('',*,*,#104,.T.);
#104 = EDGE_CURVE('',#96,#105,#107,.T.);
#105 = VERTEX_POINT('',#106);
#106 = CARTESIAN_POINT('',(18.288160995453,-4.545531782522,6.7));
#107 = CIRCLE('',#108,0.65);
#108 = AXIS2_PLACEMENT_3D('',#109,#110,#111);
#109 = CARTESIAN_POINT('',(18.334978836972,-3.897220059879,6.7));
#110 = DIRECTION('',(0.,0.,1.));
#111 = DIRECTION('',(1.,0.,0.));
#112 = ORIENTED_EDGE('',*,*,#113,.F.);
#113 = EDGE_CURVE('',#114,#105,#116,.T.);
#114 = VERTEX_POINT('',#115);
#115 = CARTESIAN_POINT('',(18.110777901823,-5.207534500353,6.7));
#116 = CIRCLE('',#117,18.844593171027);
#117 = AXIS2_PLACEMENT_3D('',#118,#119,#120);
#118 = CARTESIAN_POINT('',(0.,0.,6.7));
#119 = DIRECTION('',(0.,0.,1.));
#120 = DIRECTION('',(1.,0.,0.));
#121 = ORIENTED_EDGE('',*,*,#122,.T.);
#122 = EDGE_CURVE('',#114,#123,#125,.T.);
#123 = VERTEX_POINT('',#124);
#124 = CARTESIAN_POINT('',(17.712839084037,-6.432264248656,6.7));
#125 = CIRCLE('',#126,0.65);
#126 = AXIS2_PLACEMENT_3D('',#127,#128,#129);
#127 = CARTESIAN_POINT('',(17.827167480607,-5.792397842492,6.7));
#128 = DIRECTION('',(0.,0.,1.));
#129 = DIRECTION('',(1.,0.,0.));
#130 = ORIENTED_EDGE('',*,*,#131,.F.);
#131 = EDGE_CURVE('',#132,#123,#134,.T.);
#132 = VERTEX_POINT('',#133);
#133 = CARTESIAN_POINT('',(17.46722958678,-7.072098864146,6.7));
#134 = CIRCLE('',#135,18.844593171027);
#135 = AXIS2_PLACEMENT_3D('',#136,#137,#138);
#136 = CARTESIAN_POINT('',(0.,0.,6.7));
#137 = DIRECTION('',(0.,0.,1.));
#138 = DIRECTION('',(1.,0.,0.));
#139 = ORIENTED_EDGE('',*,*,#140,.T.);
#140 = EDGE_CURVE('',#132,#141,#143,.T.);
#141 = VERTEX_POINT('',#142);
#142 = CARTESIAN_POINT('',(16.943451600966,-8.248523481645,6.7));
#143 = CIRCLE('',#144,0.65);
#144 = AXIS2_PLACEMENT_3D('',#145,#146,#147);
#145 = CARTESIAN_POINT('',(17.124037946751,-7.624112902205,6.7));
#146 = DIRECTION('',(0.,0.,1.));
#147 = DIRECTION('',(1.,0.,0.));
#148 = ORIENTED_EDGE('',*,*,#149,.F.);
#149 = EDGE_CURVE('',#150,#141,#152,.T.);
#150 = VERTEX_POINT('',#151);
#151 = CARTESIAN_POINT('',(16.632306649131,-8.859179832852,6.7));
#152 = CIRCLE('',#153,18.844593171027);
#153 = AXIS2_PLACEMENT_3D('',#154,#155,#156);
#154 = CARTESIAN_POINT('',(0.,0.,6.7));
#155 = DIRECTION('',(0.,0.,1.));
#156 = DIRECTION('',(1.,0.,0.));
#157 = ORIENTED_EDGE('',*,*,#158,.T.);
#158 = EDGE_CURVE('',#150,#159,#161,.T.);
#159 = VERTEX_POINT('',#160);
#160 = CARTESIAN_POINT('',(15.98842811651,-9.974410165254,6.7));
#161 = CIRCLE('',#162,0.65);
#162 = AXIS2_PLACEMENT_3D('',#163,#164,#165);
#163 = CARTESIAN_POINT('',(16.233293869714,-9.372296585514,6.7));
#164 = DIRECTION('',(0.,0.,1.));
#165 = DIRECTION('',(1.,0.,0.));
#166 = ORIENTED_EDGE('',*,*,#167,.F.);
#167 = EDGE_CURVE('',#168,#159,#170,.T.);
#168 = VERTEX_POINT('',#169);
#169 = CARTESIAN_POINT('',(15.6151566793,-10.5491977734,6.7));
#170 = CIRCLE('',#171,18.844593171027);
#171 = AXIS2_PLACEMENT_3D('',#172,#173,#174);
#172 = CARTESIAN_POINT('',(0.,0.,6.7));
#173 = DIRECTION('',(0.,0.,1.));
#174 = DIRECTION('',(1.,0.,0.));
#175 = ORIENTED_EDGE('',*,*,#176,.T.);
#176 = EDGE_CURVE('',#168,#177,#179,.T.);
#177 = VERTEX_POINT('',#178);
#178 = CARTESIAN_POINT('',(14.858232067816,-11.59101512381,6.7));
#179 = CIRCLE('',#180,0.65);
#180 = AXIS2_PLACEMENT_3D('',#181,#182,#183);
#181 = CARTESIAN_POINT('',(15.164694428006,-11.01779542615,6.7));
#182 = DIRECTION('',(0.,0.,1.));
#183 = DIRECTION('',(1.,0.,0.));
#184 = ORIENTED_EDGE('',*,*,#185,.F.);
#185 = EDGE_CURVE('',#186,#177,#188,.T.);
#186 = VERTEX_POINT('',#187);
#187 = CARTESIAN_POINT('',(14.426923785209,-12.12363649559,6.7));
#188 = CIRCLE('',#189,18.844593171027);
#189 = AXIS2_PLACEMENT_3D('',#190,#191,#192);
#190 = CARTESIAN_POINT('',(0.,0.,6.7));
#191 = DIRECTION('',(0.,0.,1.));
#192 = DIRECTION('',(1.,0.,0.));
#193 = ORIENTED_EDGE('',*,*,#194,.T.);
#194 = EDGE_CURVE('',#186,#195,#197,.T.);
#195 = VERTEX_POINT('',#196);
#196 = CARTESIAN_POINT('',(13.565246119301,-13.0806264951,6.7));
#197 = CIRCLE('',#198,0.65);
#198 = AXIS2_PLACEMENT_3D('',#199,#200,#201);
#199 = CARTESIAN_POINT('',(13.929947420728,-12.54258099448,6.7));
#200 = DIRECTION('',(0.,0.,1.));
#201 = DIRECTION('',(1.,0.,0.));
#202 = ORIENTED_EDGE('',*,*,#203,.F.);
#203 = EDGE_CURVE('',#204,#195,#206,.T.);
#204 = VERTEX_POINT('',#205);
#205 = CARTESIAN_POINT('',(13.0806264951,-13.5652461193,6.7));
#206 = CIRCLE('',#207,18.844593171027);
#207 = AXIS2_PLACEMENT_3D('',#208,#209,#210);
#208 = CARTESIAN_POINT('',(0.,0.,6.7));
#209 = DIRECTION('',(0.,0.,1.));
#210 = DIRECTION('',(1.,0.,0.));
#211 = ORIENTED_EDGE('',*,*,#212,.T.);
#212 = EDGE_CURVE('',#204,#213,#215,.T.);
#213 = VERTEX_POINT('',#214);
#214 = CARTESIAN_POINT('',(12.123636495594,-14.4269237852,6.7));
#215 = CIRCLE('',#216,0.65);
#216 = AXIS2_PLACEMENT_3D('',#217,#218,#219);
#217 = CARTESIAN_POINT('',(12.54258099448,-13.92994742072,6.7));
#218 = DIRECTION('',(0.,0.,1.));
#219 = DIRECTION('',(1.,0.,0.));
#220 = ORIENTED_EDGE('',*,*,#221,.F.);
#221 = EDGE_CURVE('',#222,#213,#224,.T.);
#222 = VERTEX_POINT('',#223);
#223 = CARTESIAN_POINT('',(11.591015123813,-14.85823206781,6.7));
#224 = CIRCLE('',#225,18.844593171027);
#225 = AXIS2_PLACEMENT_3D('',#226,#227,#228);
#226 = CARTESIAN_POINT('',(0.,0.,6.7));
#227 = DIRECTION('',(0.,0.,1.));
#228 = DIRECTION('',(1.,0.,0.));
#229 = ORIENTED_EDGE('',*,*,#230,.T.);
#230 = EDGE_CURVE('',#222,#231,#233,.T.);
#231 = VERTEX_POINT('',#232);
#232 = CARTESIAN_POINT('',(10.549197773406,-15.6151566793,6.7));
#233 = CIRCLE('',#234,0.65);
#234 = AXIS2_PLACEMENT_3D('',#235,#236,#237);
#235 = CARTESIAN_POINT('',(11.017795426152,-15.164694428,6.7));
#236 = DIRECTION('',(0.,0.,1.));
#237 = DIRECTION('',(1.,0.,0.));
#238 = ORIENTED_EDGE('',*,*,#239,.F.);
#239 = EDGE_CURVE('',#240,#231,#242,.T.);
#240 = VERTEX_POINT('',#241);
#241 = CARTESIAN_POINT('',(9.974410165254,-15.98842811651,6.7));
#242 = CIRCLE('',#243,18.844593171027);
#243 = AXIS2_PLACEMENT_3D('',#244,#245,#246);
#244 = CARTESIAN_POINT('',(0.,0.,6.7));
#245 = DIRECTION('',(0.,0.,1.));
#246 = DIRECTION('',(1.,0.,0.));
#247 = ORIENTED_EDGE('',*,*,#248,.T.);
#248 = EDGE_CURVE('',#240,#249,#251,.T.);
#249 = VERTEX_POINT('',#250);
#250 = CARTESIAN_POINT('',(8.859179832852,-16.63230664913,6.7));
#251 = CIRCLE('',#252,0.65);
#252 = AXIS2_PLACEMENT_3D('',#253,#254,#255);
#253 = CARTESIAN_POINT('',(9.372296585514,-16.23329386971,6.7));
#254 = DIRECTION('',(0.,0.,1.));
#255 = DIRECTION('',(1.,0.,0.));
#256 = ORIENTED_EDGE('',*,*,#257,.F.);
#257 = EDGE_CURVE('',#258,#249,#260,.T.);
#258 = VERTEX_POINT('',#259);
#259 = CARTESIAN_POINT('',(8.248523481645,-16.94345160096,6.7));
#260 = CIRCLE('',#261,18.844593171027);
#261 = AXIS2_PLACEMENT_3D('',#262,#263,#264);
#262 = CARTESIAN_POINT('',(0.,0.,6.7));
#263 = DIRECTION('',(0.,0.,1.));
#264 = DIRECTION('',(1.,0.,0.));
#265 = ORIENTED_EDGE('',*,*,#266,.T.);
#266 = EDGE_CURVE('',#258,#267,#269,.T.);
#267 = VERTEX_POINT('',#268);
#268 = CARTESIAN_POINT('',(7.072098864146,-17.46722958678,6.7));
#269 = CIRCLE('',#270,0.65);
#270 = AXIS2_PLACEMENT_3D('',#271,#272,#273);
#271 = CARTESIAN_POINT('',(7.624112902205,-17.12403794675,6.7));
#272 = DIRECTION('',(0.,0.,1.));
#273 = DIRECTION('',(1.,0.,0.));
#274 = ORIENTED_EDGE('',*,*,#275,.F.);
#275 = EDGE_CURVE('',#276,#267,#278,.T.);
#276 = VERTEX_POINT('',#277);
#277 = CARTESIAN_POINT('',(6.432264248656,-17.71283908403,6.7));
#278 = CIRCLE('',#279,18.844593171027);
#279 = AXIS2_PLACEMENT_3D('',#280,#281,#282);
#280 = CARTESIAN_POINT('',(0.,0.,6.7));
#281 = DIRECTION('',(0.,0.,1.));
#282 = DIRECTION('',(1.,0.,0.));
#283 = ORIENTED_EDGE('',*,*,#284,.T.);
#284 = EDGE_CURVE('',#276,#285,#287,.T.);
#285 = VERTEX_POINT('',#286);
#286 = CARTESIAN_POINT('',(5.207534500353,-18.11077790182,6.7));
#287 = CIRCLE('',#288,0.65);
#288 = AXIS2_PLACEMENT_3D('',#289,#290,#291);
#289 = CARTESIAN_POINT('',(5.792397842492,-17.8271674806,6.7));
#290 = DIRECTION('',(0.,0.,1.));
#291 = DIRECTION('',(1.,0.,0.));
#292 = ORIENTED_EDGE('',*,*,#293,.F.);
#293 = EDGE_CURVE('',#294,#285,#296,.T.);
#294 = VERTEX_POINT('',#295);
#295 = CARTESIAN_POINT('',(4.545531782522,-18.28816099545,6.7));
#296 = CIRCLE('',#297,18.844593171027);
#297 = AXIS2_PLACEMENT_3D('',#298,#299,#300);
#298 = CARTESIAN_POINT('',(0.,0.,6.7));
#299 = DIRECTION('',(0.,0.,1.));
#300 = DIRECTION('',(1.,0.,0.));
#301 = ORIENTED_EDGE('',*,*,#302,.T.);
#302 = EDGE_CURVE('',#294,#303,#305,.T.);
#303 = VERTEX_POINT('',#304);
#304 = CARTESIAN_POINT('',(3.285915298828,-18.55590074425,6.7));
#305 = CIRCLE('',#306,0.65);
#306 = AXIS2_PLACEMENT_3D('',#307,#308,#309);
#307 = CARTESIAN_POINT('',(3.897220059879,-18.33497883697,6.7));
#308 = DIRECTION('',(0.,0.,1.));
#309 = DIRECTION('',(1.,0.,0.));
#310 = ORIENTED_EDGE('',*,*,#311,.F.);
#311 = EDGE_CURVE('',#312,#303,#314,.T.);
#312 = VERTEX_POINT('',#313);
#313 = CARTESIAN_POINT('',(2.608997518964,-18.66311398796,6.7));
#314 = CIRCLE('',#315,18.844593171027);
#315 = AXIS2_PLACEMENT_3D('',#316,#317,#318);
#316 = CARTESIAN_POINT('',(0.,0.,6.7));
#317 = DIRECTION('',(0.,0.,1.));
#318 = DIRECTION('',(1.,0.,0.));
#319 = ORIENTED_EDGE('',*,*,#320,.T.);
#320 = EDGE_CURVE('',#312,#321,#323,.T.);
#321 = VERTEX_POINT('',#322);
#322 = CARTESIAN_POINT('',(2.609343518745,-18.64190832835,6.7));
#323 = CIRCLE('',#324,0.65);
#324 = AXIS2_PLACEMENT_3D('',#325,#326,#327);
#325 = CARTESIAN_POINT('',(1.959343518745,-18.64190832835,6.7));
#326 = DIRECTION('',(0.,0.,1.));
#327 = DIRECTION('',(1.,0.,0.));
#328 = ORIENTED_EDGE('',*,*,#329,.T.);
#329 = EDGE_CURVE('',#321,#330,#332,.T.);
#330 = VERTEX_POINT('',#331);
#331 = CARTESIAN_POINT('',(1.328294921666,-18.79772125505,6.7));
#332 = CIRCLE('',#333,0.65);
#333 = AXIS2_PLACEMENT_3D('',#334,#335,#336);
#334 = CARTESIAN_POINT('',(1.959343518745,-18.64190832835,6.7));
#335 = DIRECTION('',(0.,0.,1.));
#336 = DIRECTION('',(1.,0.,0.));
#337 = ORIENTED_EDGE('',*,*,#338,.F.);
#338 = EDGE_CURVE('',#339,#330,#341,.T.);
#339 = VERTEX_POINT('',#340);
#340 = CARTESIAN_POINT('',(0.643878532621,-18.8335899981,6.7));
#341 = CIRCLE('',#342,18.844593171027);
#342 = AXIS2_PLACEMENT_3D('',#343,#344,#345);
#343 = CARTESIAN_POINT('',(0.,0.,6.7));
#344 = DIRECTION('',(0.,0.,1.));
#345 = DIRECTION('',(1.,0.,0.));
#346 = ORIENTED_EDGE('',*,*,#347,.T.);
#347 = EDGE_CURVE('',#339,#348,#350,.T.);
#348 = VERTEX_POINT('',#349);
#349 = CARTESIAN_POINT('',(0.65,-18.74459317102,6.7));
#350 = CIRCLE('',#351,0.65);
#351 = AXIS2_PLACEMENT_3D('',#352,#353,#354);
#352 = CARTESIAN_POINT('',(-3.443325904233E-15,-18.74459317102,6.7));
#353 = DIRECTION('',(0.,0.,1.));
#354 = DIRECTION('',(1.,0.,0.));
#355 = ORIENTED_EDGE('',*,*,#356,.T.);
#356 = EDGE_CURVE('',#348,#357,#359,.T.);
#357 = VERTEX_POINT('',#358);
#358 = CARTESIAN_POINT('',(-0.643878532621,-18.8335899981,6.7));
#359 = CIRCLE('',#360,0.65);
#360 = AXIS2_PLACEMENT_3D('',#361,#362,#363);
#361 = CARTESIAN_POINT('',(-3.443325904233E-15,-18.74459317102,6.7));
#362 = DIRECTION('',(0.,0.,1.));
#363 = DIRECTION('',(1.,0.,0.));
#364 = ORIENTED_EDGE('',*,*,#365,.F.);
#365 = EDGE_CURVE('',#366,#357,#368,.T.);
#366 = VERTEX_POINT('',#367);
#367 = CARTESIAN_POINT('',(-1.328294921666,-18.79772125505,6.7));
#368 = CIRCLE('',#369,18.844593171027);
#369 = AXIS2_PLACEMENT_3D('',#370,#371,#372);
#370 = CARTESIAN_POINT('',(0.,0.,6.7));
#371 = DIRECTION('',(0.,0.,1.));
#372 = DIRECTION('',(1.,0.,0.));
#373 = ORIENTED_EDGE('',*,*,#374,.T.);
#374 = EDGE_CURVE('',#366,#375,#377,.T.);
#375 = VERTEX_POINT('',#376);
#376 = CARTESIAN_POINT('',(-1.309343518745,-18.64190832835,6.7));
#377 = CIRCLE('',#378,0.65);
#378 = AXIS2_PLACEMENT_3D('',#379,#380,#381);
#379 = CARTESIAN_POINT('',(-1.959343518745,-18.64190832835,6.7));
#380 = DIRECTION('',(0.,0.,1.));
#381 = DIRECTION('',(1.,0.,0.));
#382 = ORIENTED_EDGE('',*,*,#383,.T.);
#383 = EDGE_CURVE('',#375,#384,#386,.T.);
#384 = VERTEX_POINT('',#385);
#385 = CARTESIAN_POINT('',(-2.608997518964,-18.66311398796,6.7));
#386 = CIRCLE('',#387,0.65);
#387 = AXIS2_PLACEMENT_3D('',#388,#389,#390);
#388 = CARTESIAN_POINT('',(-1.959343518745,-18.64190832835,6.7));
#389 = DIRECTION('',(0.,0.,1.));
#390 = DIRECTION('',(1.,0.,0.));
#391 = ORIENTED_EDGE('',*,*,#392,.F.);
#392 = EDGE_CURVE('',#393,#384,#395,.T.);
#393 = VERTEX_POINT('',#394);
#394 = CARTESIAN_POINT('',(-3.285915298828,-18.55590074425,6.7));
#395 = CIRCLE('',#396,18.844593171027);
#396 = AXIS2_PLACEMENT_3D('',#397,#398,#399);
#397 = CARTESIAN_POINT('',(0.,0.,6.7));
#398 = DIRECTION('',(0.,0.,1.));
#399 = DIRECTION('',(1.,0.,0.));
#400 = ORIENTED_EDGE('',*,*,#401,.T.);
#401 = EDGE_CURVE('',#393,#402,#404,.T.);
#402 = VERTEX_POINT('',#403);
#403 = CARTESIAN_POINT('',(-3.247220059879,-18.33497883697,6.7));
#404 = CIRCLE('',#405,0.65);
#405 = AXIS2_PLACEMENT_3D('',#406,#407,#408);
#406 = CARTESIAN_POINT('',(-3.897220059879,-18.33497883697,6.7));
#407 = DIRECTION('',(0.,0.,1.));
#408 = DIRECTION('',(1.,0.,0.));
#409 = ORIENTED_EDGE('',*,*,#410,.T.);
#410 = EDGE_CURVE('',#402,#411,#413,.T.);
#411 = VERTEX_POINT('',#412);
#412 = CARTESIAN_POINT('',(-4.545531782522,-18.28816099545,6.7));
#413 = CIRCLE('',#414,0.65);
#414 = AXIS2_PLACEMENT_3D('',#415,#416,#417);
#415 = CARTESIAN_POINT('',(-3.897220059879,-18.33497883697,6.7));
#416 = DIRECTION('',(0.,0.,1.));
#417 = DIRECTION('',(1.,0.,0.));
#418 = ORIENTED_EDGE('',*,*,#419,.F.);
#419 = EDGE_CURVE('',#420,#411,#422,.T.);
#420 = VERTEX_POINT('',#421);
#421 = CARTESIAN_POINT('',(-5.207534500353,-18.11077790182,6.7));
#422 = CIRCLE('',#423,18.844593171027);
#423 = AXIS2_PLACEMENT_3D('',#424,#425,#426);
#424 = CARTESIAN_POINT('',(0.,0.,6.7));
#425 = DIRECTION('',(0.,0.,1.));
#426 = DIRECTION('',(1.,0.,0.));
#427 = ORIENTED_EDGE('',*,*,#428,.T.);
#428 = EDGE_CURVE('',#420,#429,#431,.T.);
#429 = VERTEX_POINT('',#430);
#430 = CARTESIAN_POINT('',(-5.142397842492,-17.8271674806,6.7));
#431 = CIRCLE('',#432,0.65);
#432 = AXIS2_PLACEMENT_3D('',#433,#434,#435);
#433 = CARTESIAN_POINT('',(-5.792397842492,-17.8271674806,6.7));
#434 = DIRECTION('',(0.,0.,1.));
#435 = DIRECTION('',(1.,0.,0.));
#436 = ORIENTED_EDGE('',*,*,#437,.T.);
#437 = EDGE_CURVE('',#429,#438,#440,.T.);
#438 = VERTEX_POINT('',#439);
#439 = CARTESIAN_POINT('',(-6.432264248656,-17.71283908403,6.7));
#440 = CIRCLE('',#441,0.65);
#441 = AXIS2_PLACEMENT_3D('',#442,#443,#444);
#442 = CARTESIAN_POINT('',(-5.792397842492,-17.8271674806,6.7));
#443 = DIRECTION('',(0.,0.,1.));
#444 = DIRECTION('',(1.,0.,0.));
#445 = ORIENTED_EDGE('',*,*,#446,.F.);
#446 = EDGE_CURVE('',#447,#438,#449,.T.);
#447 = VERTEX_POINT('',#448);
#448 = CARTESIAN_POINT('',(-7.072098864146,-17.46722958678,6.7));
#449 = CIRCLE('',#450,18.844593171027);
#450 = AXIS2_PLACEMENT_3D('',#451,#452,#453);
#451 = CARTESIAN_POINT('',(0.,0.,6.7));
#452 = DIRECTION('',(0.,0.,1.));
#453 = DIRECTION('',(1.,0.,0.));
#454 = ORIENTED_EDGE('',*,*,#455,.T.);
#455 = EDGE_CURVE('',#447,#456,#458,.T.);
#456 = VERTEX_POINT('',#457);
#457 = CARTESIAN_POINT('',(-6.974112902205,-17.12403794675,6.7));
#458 = CIRCLE('',#459,0.65);
#459 = AXIS2_PLACEMENT_3D('',#460,#461,#462);
#460 = CARTESIAN_POINT('',(-7.624112902205,-17.12403794675,6.7));
#461 = DIRECTION('',(0.,0.,1.));
#462 = DIRECTION('',(1.,0.,0.));
#463 = ORIENTED_EDGE('',*,*,#464,.T.);
#464 = EDGE_CURVE('',#456,#465,#467,.T.);
#465 = VERTEX_POINT('',#466);
#466 = CARTESIAN_POINT('',(-8.248523481645,-16.94345160096,6.7));
#467 = CIRCLE('',#468,0.65);
#468 = AXIS2_PLACEMENT_3D('',#469,#470,#471);
#469 = CARTESIAN_POINT('',(-7.624112902205,-17.12403794675,6.7));
#470 = DIRECTION('',(0.,0.,1.));
#471 = DIRECTION('',(1.,0.,0.));
#472 = ORIENTED_EDGE('',*,*,#473,.F.);
#473 = EDGE_CURVE('',#474,#465,#476,.T.);
#474 = VERTEX_POINT('',#475);
#475 = CARTESIAN_POINT('',(-8.859179832852,-16.63230664913,6.7));
#476 = CIRCLE('',#477,18.844593171027);
#477 = AXIS2_PLACEMENT_3D('',#478,#479,#480);
#478 = CARTESIAN_POINT('',(0.,0.,6.7));
#479 = DIRECTION('',(0.,0.,1.));
#480 = DIRECTION('',(1.,0.,0.));
#481 = ORIENTED_EDGE('',*,*,#482,.T.);
#482 = EDGE_CURVE('',#474,#483,#485,.T.);
#483 = VERTEX_POINT('',#484);
#484 = CARTESIAN_POINT('',(-8.722296585514,-16.23329386971,6.7));
#485 = CIRCLE('',#486,0.65);
#486 = AXIS2_PLACEMENT_3D('',#487,#488,#489);
#487 = CARTESIAN_POINT('',(-9.372296585514,-16.23329386971,6.7));
#488 = DIRECTION('',(0.,0.,1.));
#489 = DIRECTION('',(1.,0.,0.));
#490 = ORIENTED_EDGE('',*,*,#491,.T.);
#491 = EDGE_CURVE('',#483,#492,#494,.T.);
#492 = VERTEX_POINT('',#493);
#493 = CARTESIAN_POINT('',(-9.974410165254,-15.98842811651,6.7));
#494 = CIRCLE('',#495,0.65);
#495 = AXIS2_PLACEMENT_3D('',#496,#497,#498);
#496 = CARTESIAN_POINT('',(-9.372296585514,-16.23329386971,6.7));
#497 = DIRECTION('',(0.,0.,1.));
#498 = DIRECTION('',(1.,0.,0.));
#499 = ORIENTED_EDGE('',*,*,#500,.F.);
#500 = EDGE_CURVE('',#501,#492,#503,.T.);
#501 = VERTEX_POINT('',#502);
#502 = CARTESIAN_POINT('',(-10.5491977734,-15.6151566793,6.7));
#503 = CIRCLE('',#504,18.844593171027);
#504 = AXIS2_PLACEMENT_3D('',#505,#506,#507);
#505 = CARTESIAN_POINT('',(0.,0.,6.7));
#506 = DIRECTION('',(0.,0.,1.));
#507 = DIRECTION('',(1.,0.,0.));
#508 = ORIENTED_EDGE('',*,*,#509,.T.);
#509 = EDGE_CURVE('',#501,#510,#512,.T.);
#510 = VERTEX_POINT('',#511);
#511 = CARTESIAN_POINT('',(-10.36779542615,-15.164694428,6.7));
#512 = CIRCLE('',#513,0.65);
#513 = AXIS2_PLACEMENT_3D('',#514,#515,#516);
#514 = CARTESIAN_POINT('',(-11.01779542615,-15.164694428,6.7));
#515 = DIRECTION('',(0.,0.,1.));
#516 = DIRECTION('',(1.,0.,0.));
#517 = ORIENTED_EDGE('',*,*,#518,.T.);
#518 = EDGE_CURVE('',#510,#519,#521,.T.);
#519 = VERTEX_POINT('',#520);
#520 = CARTESIAN_POINT('',(-11.59101512381,-14.85823206781,6.7));
#521 = CIRCLE('',#522,0.65);
#522 = AXIS2_PLACEMENT_3D('',#523,#524,#525);
#523 = CARTESIAN_POINT('',(-11.01779542615,-15.164694428,6.7));
#524 = DIRECTION('',(0.,0.,1.));
#525 = DIRECTION('',(1.,0.,0.));
#526 = ORIENTED_EDGE('',*,*,#527,.F.);
#527 = EDGE_CURVE('',#528,#519,#530,.T.);
#528 = VERTEX_POINT('',#529);
#529 = CARTESIAN_POINT('',(-12.12363649559,-14.4269237852,6.7));
#530 = CIRCLE('',#531,18.844593171027);
#531 = AXIS2_PLACEMENT_3D('',#532,#533,#534);
#532 = CARTESIAN_POINT('',(0.,0.,6.7));
#533 = DIRECTION('',(0.,0.,1.));
#534 = DIRECTION('',(1.,0.,0.));
#535 = ORIENTED_EDGE('',*,*,#536,.T.);
#536 = EDGE_CURVE('',#528,#537,#539,.T.);
#537 = VERTEX_POINT('',#538);
#538 = CARTESIAN_POINT('',(-11.89258099448,-13.92994742072,6.7));
#539 = CIRCLE('',#540,0.65);
#540 = AXIS2_PLACEMENT_3D('',#541,#542,#543);
#541 = CARTESIAN_POINT('',(-12.54258099448,-13.92994742072,6.7));
#542 = DIRECTION('',(0.,0.,1.));
#543 = DIRECTION('',(1.,0.,0.));
#544 = ORIENTED_EDGE('',*,*,#545,.T.);
#545 = EDGE_CURVE('',#537,#546,#548,.T.);
#546 = VERTEX_POINT('',#547);
#547 = CARTESIAN_POINT('',(-13.0806264951,-13.5652461193,6.7));
#548 = CIRCLE('',#549,0.65);
#549 = AXIS2_PLACEMENT_3D('',#550,#551,#552);
#550 = CARTESIAN_POINT('',(-12.54258099448,-13.92994742072,6.7));
#551 = DIRECTION('',(0.,0.,1.));
#552 = DIRECTION('',(1.,0.,0.));
#553 = ORIENTED_EDGE('',*,*,#554,.F.);
#554 = EDGE_CURVE('',#555,#546,#557,.T.);
#555 = VERTEX_POINT('',#556);
#556 = CARTESIAN_POINT('',(-13.5652461193,-13.0806264951,6.7));
#557 = CIRCLE('',#558,18.844593171027);
#558 = AXIS2_PLACEMENT_3D('',#559,#560,#561);
#559 = CARTESIAN_POINT('',(0.,0.,6.7));
#560 = DIRECTION('',(0.,0.,1.));
#561 = DIRECTION('',(1.,0.,0.));
#562 = ORIENTED_EDGE('',*,*,#563,.T.);
#563 = EDGE_CURVE('',#555,#564,#566,.T.);
#564 = VERTEX_POINT('',#565);
#565 = CARTESIAN_POINT('',(-13.27994742072,-12.54258099448,6.7));
#566 = CIRCLE('',#567,0.65);
#567 = AXIS2_PLACEMENT_3D('',#568,#569,#570);
#568 = CARTESIAN_POINT('',(-13.92994742072,-12.54258099448,6.7));
#569 = DIRECTION('',(0.,0.,1.));
#570 = DIRECTION('',(1.,0.,0.));
#571 = ORIENTED_EDGE('',*,*,#572,.T.);
#572 = EDGE_CURVE('',#564,#573,#575,.T.);
#573 = VERTEX_POINT('',#574);
#574 = CARTESIAN_POINT('',(-14.4269237852,-12.12363649559,6.7));
#575 = CIRCLE('',#576,0.65);
#576 = AXIS2_PLACEMENT_3D('',#577,#578,#579);
#577 = CARTESIAN_POINT('',(-13.92994742072,-12.54258099448,6.7));
#578 = DIRECTION('',(0.,0.,1.));
#579 = DIRECTION('',(1.,0.,0.));
#580 = ORIENTED_EDGE('',*,*,#581,.F.);
#581 = EDGE_CURVE('',#582,#573,#584,.T.);
#582 = VERTEX_POINT('',#583);
#583 = CARTESIAN_POINT('',(-14.85823206781,-11.59101512381,6.7));
#584 = CIRCLE('',#585,18.844593171027);
#585 = AXIS2_PLACEMENT_3D('',#586,#587,#588);
#586 = CARTESIAN_POINT('',(0.,0.,6.7));
#587 = DIRECTION('',(0.,0.,1.));
#588 = DIRECTION('',(1.,0.,0.));
#589 = ORIENTED_EDGE('',*,*,#590,.T.);
#590 = EDGE_CURVE('',#582,#591,#593,.T.);
#591 = VERTEX_POINT('',#592);
#592 = CARTESIAN_POINT('',(-14.514694428,-11.01779542615,6.7));
#593 = CIRCLE('',#594,0.65);
#594 = AXIS2_PLACEMENT_3D('',#595,#596,#597);
#595 = CARTESIAN_POINT('',(-15.164694428,-11.01779542615,6.7));
#596 = DIRECTION('',(0.,0.,1.));
#597 = DIRECTION('',(1.,0.,0.));
#598 = ORIENTED_EDGE('',*,*,#599,.T.);
#599 = EDGE_CURVE('',#591,#600,#602,.T.);
#600 = VERTEX_POINT('',#601);
#601 = CARTESIAN_POINT('',(-15.6151566793,-10.5491977734,6.7));
#602 = CIRCLE('',#603,0.65);
#603 = AXIS2_PLACEMENT_3D('',#604,#605,#606);
#604 = CARTESIAN_POINT('',(-15.164694428,-11.01779542615,6.7));
#605 = DIRECTION('',(0.,0.,1.));
#606 = DIRECTION('',(1.,0.,0.));
#607 = ORIENTED_EDGE('',*,*,#608,.F.);
#608 = EDGE_CURVE('',#609,#600,#611,.T.);
#609 = VERTEX_POINT('',#610);
#610 = CARTESIAN_POINT('',(-15.98842811651,-9.974410165254,6.7));
#611 = CIRCLE('',#612,18.844593171027);
#612 = AXIS2_PLACEMENT_3D('',#613,#614,#615);
#613 = CARTESIAN_POINT('',(0.,0.,6.7));
#614 = DIRECTION('',(0.,0.,1.));
#615 = DIRECTION('',(1.,0.,0.));
#616 = ORIENTED_EDGE('',*,*,#617,.T.);
#617 = EDGE_CURVE('',#609,#618,#620,.T.);
#618 = VERTEX_POINT('',#619);
#619 = CARTESIAN_POINT('',(-15.58329386971,-9.372296585514,6.7));
#620 = CIRCLE('',#621,0.65);
#621 = AXIS2_PLACEMENT_3D('',#622,#623,#624);
#622 = CARTESIAN_POINT('',(-16.23329386971,-9.372296585514,6.7));
#623 = DIRECTION('',(0.,0.,1.));
#624 = DIRECTION('',(1.,0.,0.));
#625 = ORIENTED_EDGE('',*,*,#626,.T.);
#626 = EDGE_CURVE('',#618,#627,#629,.T.);
#627 = VERTEX_POINT('',#628);
#628 = CARTESIAN_POINT('',(-16.63230664913,-8.859179832852,6.7));
#629 = CIRCLE('',#630,0.65);
#630 = AXIS2_PLACEMENT_3D('',#631,#632,#633);
#631 = CARTESIAN_POINT('',(-16.23329386971,-9.372296585514,6.7));
#632 = DIRECTION('',(0.,0.,1.));
#633 = DIRECTION('',(1.,0.,0.));
#634 = ORIENTED_EDGE('',*,*,#635,.F.);
#635 = EDGE_CURVE('',#636,#627,#638,.T.);
#636 = VERTEX_POINT('',#637);
#637 = CARTESIAN_POINT('',(-16.94345160096,-8.248523481645,6.7));
#638 = CIRCLE('',#639,18.844593171027);
#639 = AXIS2_PLACEMENT_3D('',#640,#641,#642);
#640 = CARTESIAN_POINT('',(0.,0.,6.7));
#641 = DIRECTION('',(0.,0.,1.));
#642 = DIRECTION('',(1.,0.,0.));
#643 = ORIENTED_EDGE('',*,*,#644,.T.);
#644 = EDGE_CURVE('',#636,#645,#647,.T.);
#645 = VERTEX_POINT('',#646);
#646 = CARTESIAN_POINT('',(-16.47403794675,-7.624112902205,6.7));
#647 = CIRCLE('',#648,0.65);
#648 = AXIS2_PLACEMENT_3D('',#649,#650,#651);
#649 = CARTESIAN_POINT('',(-17.12403794675,-7.624112902205,6.7));
#650 = DIRECTION('',(0.,0.,1.));
#651 = DIRECTION('',(1.,0.,0.));
#652 = ORIENTED_EDGE('',*,*,#653,.T.);
#653 = EDGE_CURVE('',#645,#654,#656,.T.);
#654 = VERTEX_POINT('',#655);
#655 = CARTESIAN_POINT('',(-17.46722958678,-7.072098864146,6.7));
#656 = CIRCLE('',#657,0.65);
#657 = AXIS2_PLACEMENT_3D('',#658,#659,#660);
#658 = CARTESIAN_POINT('',(-17.12403794675,-7.624112902205,6.7));
#659 = DIRECTION('',(0.,0.,1.));
#660 = DIRECTION('',(1.,0.,0.));
#661 = ORIENTED_EDGE('',*,*,#662,.F.);
#662 = EDGE_CURVE('',#663,#654,#665,.T.);
#663 = VERTEX_POINT('',#664);
#664 = CARTESIAN_POINT('',(-17.71283908403,-6.432264248656,6.7));
#665 = CIRCLE('',#666,18.844593171027);
#666 = AXIS2_PLACEMENT_3D('',#667,#668,#669);
#667 = CARTESIAN_POINT('',(0.,0.,6.7));
#668 = DIRECTION('',(0.,0.,1.));
#669 = DIRECTION('',(1.,0.,0.));
#670 = ORIENTED_EDGE('',*,*,#671,.T.);
#671 = EDGE_CURVE('',#663,#672,#674,.T.);
#672 = VERTEX_POINT('',#673);
#673 = CARTESIAN_POINT('',(-17.1771674806,-5.792397842492,6.7));
#674 = CIRCLE('',#675,0.65);
#675 = AXIS2_PLACEMENT_3D('',#676,#677,#678);
#676 = CARTESIAN_POINT('',(-17.8271674806,-5.792397842492,6.7));
#677 = DIRECTION('',(0.,0.,1.));
#678 = DIRECTION('',(1.,0.,0.));
#679 = ORIENTED_EDGE('',*,*,#680,.T.);
#680 = EDGE_CURVE('',#672,#681,#683,.T.);
#681 = VERTEX_POINT('',#682);
#682 = CARTESIAN_POINT('',(-18.11077790182,-5.207534500353,6.7));
#683 = CIRCLE('',#684,0.65);
#684 = AXIS2_PLACEMENT_3D('',#685,#686,#687);
#685 = CARTESIAN_POINT('',(-17.8271674806,-5.792397842492,6.7));
#686 = DIRECTION('',(0.,0.,1.));
#687 = DIRECTION('',(1.,0.,0.));
#688 = ORIENTED_EDGE('',*,*,#689,.F.);
#689 = EDGE_CURVE('',#690,#681,#692,.T.);
#690 = VERTEX_POINT('',#691);
#691 = CARTESIAN_POINT('',(-18.28816099545,-4.545531782522,6.7));
#692 = CIRCLE('',#693,18.844593171027);
#693 = AXIS2_PLACEMENT_3D('',#694,#695,#696);
#694 = CARTESIAN_POINT('',(0.,0.,6.7));
#695 = DIRECTION('',(0.,0.,1.));
#696 = DIRECTION('',(1.,0.,0.));
#697 = ORIENTED_EDGE('',*,*,#698,.T.);
#698 = EDGE_CURVE('',#690,#699,#701,.T.);
#699 = VERTEX_POINT('',#700);
#700 = CARTESIAN_POINT('',(-17.68497883697,-3.897220059879,6.7));
#701 = CIRCLE('',#702,0.65);
#702 = AXIS2_PLACEMENT_3D('',#703,#704,#705);
#703 = CARTESIAN_POINT('',(-18.33497883697,-3.897220059879,6.7));
#704 = DIRECTION('',(0.,0.,1.));
#705 = DIRECTION('',(1.,0.,0.));
#706 = ORIENTED_EDGE('',*,*,#707,.T.);
#707 = EDGE_CURVE('',#699,#708,#710,.T.);
#708 = VERTEX_POINT('',#709);
#709 = CARTESIAN_POINT('',(-18.55590074425,-3.285915298828,6.7));
#710 = CIRCLE('',#711,0.65);
#711 = AXIS2_PLACEMENT_3D('',#712,#713,#714);
#712 = CARTESIAN_POINT('',(-18.33497883697,-3.897220059879,6.7));
#713 = DIRECTION('',(0.,0.,1.));
#714 = DIRECTION('',(1.,0.,0.));
#715 = ORIENTED_EDGE('',*,*,#716,.F.);
#716 = EDGE_CURVE('',#717,#708,#719,.T.);
#717 = VERTEX_POINT('',#718);
#718 = CARTESIAN_POINT('',(-18.66311398796,-2.608997518964,6.7));
#719 = CIRCLE('',#720,18.844593171027);
#720 = AXIS2_PLACEMENT_3D('',#721,#722,#723);
#721 = CARTESIAN_POINT('',(0.,0.,6.7));
#722 = DIRECTION('',(0.,0.,1.));
#723 = DIRECTION('',(1.,0.,0.));
#724 = ORIENTED_EDGE('',*,*,#725,.T.);
#725 = EDGE_CURVE('',#717,#726,#728,.T.);
#726 = VERTEX_POINT('',#727);
#727 = CARTESIAN_POINT('',(-17.99190832835,-1.959343518745,6.7));
#728 = CIRCLE('',#729,0.65);
#729 = AXIS2_PLACEMENT_3D('',#730,#731,#732);
#730 = CARTESIAN_POINT('',(-18.64190832835,-1.959343518745,6.7));
#731 = DIRECTION('',(0.,0.,1.));
#732 = DIRECTION('',(1.,0.,0.));
#733 = ORIENTED_EDGE('',*,*,#734,.T.);
#734 = EDGE_CURVE('',#726,#735,#737,.T.);
#735 = VERTEX_POINT('',#736);
#736 = CARTESIAN_POINT('',(-18.79772125505,-1.328294921666,6.7));
#737 = CIRCLE('',#738,0.65);
#738 = AXIS2_PLACEMENT_3D('',#739,#740,#741);
#739 = CARTESIAN_POINT('',(-18.64190832835,-1.959343518745,6.7));
#740 = DIRECTION('',(0.,0.,1.));
#741 = DIRECTION('',(1.,0.,0.));
#742 = ORIENTED_EDGE('',*,*,#743,.F.);
#743 = EDGE_CURVE('',#744,#735,#746,.T.);
#744 = VERTEX_POINT('',#745);
#745 = CARTESIAN_POINT('',(-18.8335899981,-0.643878532621,6.7));
#746 = CIRCLE('',#747,18.844593171027);
#747 = AXIS2_PLACEMENT_3D('',#748,#749,#750);
#748 = CARTESIAN_POINT('',(0.,0.,6.7));
#749 = DIRECTION('',(0.,0.,1.));
#750 = DIRECTION('',(1.,0.,0.));
#751 = ORIENTED_EDGE('',*,*,#752,.T.);
#752 = EDGE_CURVE('',#744,#753,#755,.T.);
#753 = VERTEX_POINT('',#754);
#754 = CARTESIAN_POINT('',(-18.09459317102,1.046061808922E-14,6.7));
#755 = CIRCLE('',#756,0.65);
#756 = AXIS2_PLACEMENT_3D('',#757,#758,#759);
#757 = CARTESIAN_POINT('',(-18.74459317102,1.06198221731E-14,6.7));
#758 = DIRECTION('',(0.,0.,1.));
#759 = DIRECTION('',(1.,0.,0.));
#760 = ORIENTED_EDGE('',*,*,#761,.T.);
#761 = EDGE_CURVE('',#753,#762,#764,.T.);
#762 = VERTEX_POINT('',#763);
#763 = CARTESIAN_POINT('',(-18.8335899981,0.643878532621,6.7));
#764 = CIRCLE('',#765,0.65);
#765 = AXIS2_PLACEMENT_3D('',#766,#767,#768);
#766 = CARTESIAN_POINT('',(-18.74459317102,1.06198221731E-14,6.7));
#767 = DIRECTION('',(0.,0.,1.));
#768 = DIRECTION('',(1.,0.,0.));
#769 = ORIENTED_EDGE('',*,*,#770,.F.);
#770 = EDGE_CURVE('',#771,#762,#773,.T.);
#771 = VERTEX_POINT('',#772);
#772 = CARTESIAN_POINT('',(-18.79772125505,1.328294921666,6.7));
#773 = CIRCLE('',#774,18.844593171027);
#774 = AXIS2_PLACEMENT_3D('',#775,#776,#777);
#775 = CARTESIAN_POINT('',(0.,0.,6.7));
#776 = DIRECTION('',(0.,0.,1.));
#777 = DIRECTION('',(1.,0.,0.));
#778 = ORIENTED_EDGE('',*,*,#779,.T.);
#779 = EDGE_CURVE('',#771,#780,#782,.T.);
#780 = VERTEX_POINT('',#781);
#781 = CARTESIAN_POINT('',(-17.99190832835,1.959343518745,6.7));
#782 = CIRCLE('',#783,0.65);
#783 = AXIS2_PLACEMENT_3D('',#784,#785,#786);
#784 = CARTESIAN_POINT('',(-18.64190832835,1.959343518745,6.7));
#785 = DIRECTION('',(0.,0.,1.));
#786 = DIRECTION('',(1.,0.,0.));
#787 = ORIENTED_EDGE('',*,*,#788,.T.);
#788 = EDGE_CURVE('',#780,#789,#791,.T.);
#789 = VERTEX_POINT('',#790);
#790 = CARTESIAN_POINT('',(-18.66311398796,2.608997518964,6.7));
#791 = CIRCLE('',#792,0.65);
#792 = AXIS2_PLACEMENT_3D('',#793,#794,#795);
#793 = CARTESIAN_POINT('',(-18.64190832835,1.959343518745,6.7));
#794 = DIRECTION('',(0.,0.,1.));
#795 = DIRECTION('',(1.,0.,0.));
#796 = ORIENTED_EDGE('',*,*,#797,.F.);
#797 = EDGE_CURVE('',#798,#789,#800,.T.);
#798 = VERTEX_POINT('',#799);
#799 = CARTESIAN_POINT('',(-18.55590074425,3.285915298828,6.7));
#800 = CIRCLE('',#801,18.844593171027);
#801 = AXIS2_PLACEMENT_3D('',#802,#803,#804);
#802 = CARTESIAN_POINT('',(0.,0.,6.7));
#803 = DIRECTION('',(0.,0.,1.));
#804 = DIRECTION('',(1.,0.,0.));
#805 = ORIENTED_EDGE('',*,*,#806,.T.);
#806 = EDGE_CURVE('',#798,#807,#809,.T.);
#807 = VERTEX_POINT('',#808);
#808 = CARTESIAN_POINT('',(-17.68497883697,3.897220059879,6.7));
#809 = CIRCLE('',#810,0.65);
#810 = AXIS2_PLACEMENT_3D('',#811,#812,#813);
#811 = CARTESIAN_POINT('',(-18.33497883697,3.897220059879,6.7));
#812 = DIRECTION('',(0.,0.,1.));
#813 = DIRECTION('',(1.,0.,0.));
#814 = ORIENTED_EDGE('',*,*,#815,.T.);
#815 = EDGE_CURVE('',#807,#816,#818,.T.);
#816 = VERTEX_POINT('',#817);
#817 = CARTESIAN_POINT('',(-18.28816099545,4.545531782522,6.7));
#818 = CIRCLE('',#819,0.65);
#819 = AXIS2_PLACEMENT_3D('',#820,#821,#822);
#820 = CARTESIAN_POINT('',(-18.33497883697,3.897220059879,6.7));
#821 = DIRECTION('',(0.,0.,1.));
#822 = DIRECTION('',(1.,0.,0.));
#823 = ORIENTED_EDGE('',*,*,#824,.F.);
#824 = EDGE_CURVE('',#825,#816,#827,.T.);
#825 = VERTEX_POINT('',#826);
#826 = CARTESIAN_POINT('',(-18.11077790182,5.207534500353,6.7));
#827 = CIRCLE('',#828,18.844593171027);
#828 = AXIS2_PLACEMENT_3D('',#829,#830,#831);
#829 = CARTESIAN_POINT('',(0.,0.,6.7));
#830 = DIRECTION('',(0.,0.,1.));
#831 = DIRECTION('',(1.,0.,0.));
#832 = ORIENTED_EDGE('',*,*,#833,.T.);
#833 = EDGE_CURVE('',#825,#834,#836,.T.);
#834 = VERTEX_POINT('',#835);
#835 = CARTESIAN_POINT('',(-17.1771674806,5.792397842492,6.7));
#836 = CIRCLE('',#837,0.65);
#837 = AXIS2_PLACEMENT_3D('',#838,#839,#840);
#838 = CARTESIAN_POINT('',(-17.8271674806,5.792397842492,6.7));
#839 = DIRECTION('',(0.,0.,1.));
#840 = DIRECTION('',(1.,0.,0.));
#841 = ORIENTED_EDGE('',*,*,#842,.T.);
#842 = EDGE_CURVE('',#834,#843,#845,.T.);
#843 = VERTEX_POINT('',#844);
#844 = CARTESIAN_POINT('',(-17.71283908403,6.432264248656,6.7));
#845 = CIRCLE('',#846,0.65);
#846 = AXIS2_PLACEMENT_3D('',#847,#848,#849);
#847 = CARTESIAN_POINT('',(-17.8271674806,5.792397842492,6.7));
#848 = DIRECTION('',(0.,0.,1.));
#849 = DIRECTION('',(1.,0.,0.));
#850 = ORIENTED_EDGE('',*,*,#851,.F.);
#851 = EDGE_CURVE('',#852,#843,#854,.T.);
#852 = VERTEX_POINT('',#853);
#853 = CARTESIAN_POINT('',(-17.46722958678,7.072098864146,6.7));
#854 = CIRCLE('',#855,18.844593171027);
#855 = AXIS2_PLACEMENT_3D('',#856,#857,#858);
#856 = CARTESIAN_POINT('',(0.,0.,6.7));
#857 = DIRECTION('',(0.,0.,1.));
#858 = DIRECTION('',(1.,0.,0.));
#859 = ORIENTED_EDGE('',*,*,#860,.T.);
#860 = EDGE_CURVE('',#852,#861,#863,.T.);
#861 = VERTEX_POINT('',#862);
#862 = CARTESIAN_POINT('',(-16.47403794675,7.624112902205,6.7));
#863 = CIRCLE('',#864,0.65);
#864 = AXIS2_PLACEMENT_3D('',#865,#866,#867);
#865 = CARTESIAN_POINT('',(-17.12403794675,7.624112902205,6.7));
#866 = DIRECTION('',(0.,0.,1.));
#867 = DIRECTION('',(1.,0.,0.));
#868 = ORIENTED_EDGE('',*,*,#869,.T.);
#869 = EDGE_CURVE('',#861,#870,#872,.T.);
#870 = VERTEX_POINT('',#871);
#871 = CARTESIAN_POINT('',(-16.94345160096,8.248523481645,6.7));
#872 = CIRCLE('',#873,0.65);
#873 = AXIS2_PLACEMENT_3D('',#874,#875,#876);
#874 = CARTESIAN_POINT('',(-17.12403794675,7.624112902205,6.7));
#875 = DIRECTION('',(0.,0.,1.));
#876 = DIRECTION('',(1.,0.,0.));
#877 = ORIENTED_EDGE('',*,*,#878,.F.);
#878 = EDGE_CURVE('',#879,#870,#881,.T.);
#879 = VERTEX_POINT('',#880);
#880 = CARTESIAN_POINT('',(-16.63230664913,8.859179832852,6.7));
#881 = CIRCLE('',#882,18.844593171027);
#882 = AXIS2_PLACEMENT_3D('',#883,#884,#885);
#883 = CARTESIAN_POINT('',(0.,0.,6.7));
#884 = DIRECTION('',(0.,0.,1.));
#885 = DIRECTION('',(1.,0.,0.));
#886 = ORIENTED_EDGE('',*,*,#887,.T.);
#887 = EDGE_CURVE('',#879,#888,#890,.T.);
#888 = VERTEX_POINT('',#889);
#889 = CARTESIAN_POINT('',(-15.58329386971,9.372296585514,6.7));
#890 = CIRCLE('',#891,0.65);
#891 = AXIS2_PLACEMENT_3D('',#892,#893,#894);
#892 = CARTESIAN_POINT('',(-16.23329386971,9.372296585514,6.7));
#893 = DIRECTION('',(0.,0.,1.));
#894 = DIRECTION('',(1.,0.,0.));
#895 = ORIENTED_EDGE('',*,*,#896,.T.);
#896 = EDGE_CURVE('',#888,#897,#899,.T.);
#897 = VERTEX_POINT('',#898);
#898 = CARTESIAN_POINT('',(-15.98842811651,9.974410165254,6.7));
#899 = CIRCLE('',#900,0.65);
#900 = AXIS2_PLACEMENT_3D('',#901,#902,#903);
#901 = CARTESIAN_POINT('',(-16.23329386971,9.372296585514,6.7));
#902 = DIRECTION('',(0.,0.,1.));
#903 = DIRECTION('',(1.,0.,0.));
#904 = ORIENTED_EDGE('',*,*,#905,.F.);
#905 = EDGE_CURVE('',#906,#897,#908,.T.);
#906 = VERTEX_POINT('',#907);
#907 = CARTESIAN_POINT('',(-15.6151566793,10.549197773406,6.7));
#908 = CIRCLE('',#909,18.844593171027);
#909 = AXIS2_PLACEMENT_3D('',#910,#911,#912);
#910 = CARTESIAN_POINT('',(0.,0.,6.7));
#911 = DIRECTION('',(0.,0.,1.));
#912 = DIRECTION('',(1.,0.,0.));
#913 = ORIENTED_EDGE('',*,*,#914,.T.);
#914 = EDGE_CURVE('',#906,#915,#917,.T.);
#915 = VERTEX_POINT('',#916);
#916 = CARTESIAN_POINT('',(-14.514694428,11.017795426152,6.7));
#917 = CIRCLE('',#918,0.65);
#918 = AXIS2_PLACEMENT_3D('',#919,#920,#921);
#919 = CARTESIAN_POINT('',(-15.164694428,11.017795426152,6.7));
#920 = DIRECTION('',(0.,0.,1.));
#921 = DIRECTION('',(1.,0.,0.));
#922 = ORIENTED_EDGE('',*,*,#923,.T.);
#923 = EDGE_CURVE('',#915,#924,#926,.T.);
#924 = VERTEX_POINT('',#925);
#925 = CARTESIAN_POINT('',(-14.85823206781,11.591015123813,6.7));
#926 = CIRCLE('',#927,0.65);
#927 = AXIS2_PLACEMENT_3D('',#928,#929,#930);
#928 = CARTESIAN_POINT('',(-15.164694428,11.017795426152,6.7));
#929 = DIRECTION('',(0.,0.,1.));
#930 = DIRECTION('',(1.,0.,0.));
#931 = ORIENTED_EDGE('',*,*,#932,.F.);
#932 = EDGE_CURVE('',#933,#924,#935,.T.);
#933 = VERTEX_POINT('',#934);
#934 = CARTESIAN_POINT('',(-14.4269237852,12.123636495594,6.7));
#935 = CIRCLE('',#936,18.844593171027);
#936 = AXIS2_PLACEMENT_3D('',#937,#938,#939);
#937 = CARTESIAN_POINT('',(0.,0.,6.7));
#938 = DIRECTION('',(0.,0.,1.));
#939 = DIRECTION('',(1.,0.,0.));
#940 = ORIENTED_EDGE('',*,*,#941,.T.);
#941 = EDGE_CURVE('',#933,#942,#944,.T.);
#942 = VERTEX_POINT('',#943);
#943 = CARTESIAN_POINT('',(-13.27994742072,12.54258099448,6.7));
#944 = CIRCLE('',#945,0.65);
#945 = AXIS2_PLACEMENT_3D('',#946,#947,#948);
#946 = CARTESIAN_POINT('',(-13.92994742072,12.54258099448,6.7));
#947 = DIRECTION('',(0.,0.,1.));
#948 = DIRECTION('',(1.,0.,0.));
#949 = ORIENTED_EDGE('',*,*,#950,.T.);
#950 = EDGE_CURVE('',#942,#951,#953,.T.);
#951 = VERTEX_POINT('',#952);
#952 = CARTESIAN_POINT('',(-13.5652461193,13.0806264951,6.7));
#953 = CIRCLE('',#954,0.65);
#954 = AXIS2_PLACEMENT_3D('',#955,#956,#957);
#955 = CARTESIAN_POINT('',(-13.92994742072,12.54258099448,6.7));
#956 = DIRECTION('',(0.,0.,1.));
#957 = DIRECTION('',(1.,0.,0.));
#958 = ORIENTED_EDGE('',*,*,#959,.F.);
#959 = EDGE_CURVE('',#960,#951,#962,.T.);
#960 = VERTEX_POINT('',#961);
#961 = CARTESIAN_POINT('',(-13.0806264951,13.565246119301,6.7));
#962 = CIRCLE('',#963,18.844593171027);
#963 = AXIS2_PLACEMENT_3D('',#964,#965,#966);
#964 = CARTESIAN_POINT('',(0.,0.,6.7));
#965 = DIRECTION('',(0.,0.,1.));
#966 = DIRECTION('',(1.,0.,0.));
#967 = ORIENTED_EDGE('',*,*,#968,.T.);
#968 = EDGE_CURVE('',#960,#969,#971,.T.);
#969 = VERTEX_POINT('',#970);
#970 = CARTESIAN_POINT('',(-11.89258099448,13.929947420728,6.7));
#971 = CIRCLE('',#972,0.65);
#972 = AXIS2_PLACEMENT_3D('',#973,#974,#975);
#973 = CARTESIAN_POINT('',(-12.54258099448,13.929947420728,6.7));
#974 = DIRECTION('',(0.,0.,1.));
#975 = DIRECTION('',(1.,0.,0.));
#976 = ORIENTED_EDGE('',*,*,#977,.T.);
#977 = EDGE_CURVE('',#969,#978,#980,.T.);
#978 = VERTEX_POINT('',#979);
#979 = CARTESIAN_POINT('',(-12.12363649559,14.426923785209,6.7));
#980 = CIRCLE('',#981,0.65);
#981 = AXIS2_PLACEMENT_3D('',#982,#983,#984);
#982 = CARTESIAN_POINT('',(-12.54258099448,13.929947420728,6.7));
#983 = DIRECTION('',(0.,0.,1.));
#984 = DIRECTION('',(1.,0.,0.));
#985 = ORIENTED_EDGE('',*,*,#986,.F.);
#986 = EDGE_CURVE('',#987,#978,#989,.T.);
#987 = VERTEX_POINT('',#988);
#988 = CARTESIAN_POINT('',(-11.59101512381,14.858232067816,6.7));
#989 = CIRCLE('',#990,18.844593171027);
#990 = AXIS2_PLACEMENT_3D('',#991,#992,#993);
#991 = CARTESIAN_POINT('',(0.,0.,6.7));
#992 = DIRECTION('',(0.,0.,1.));
#993 = DIRECTION('',(1.,0.,0.));
#994 = ORIENTED_EDGE('',*,*,#995,.T.);
#995 = EDGE_CURVE('',#987,#996,#998,.T.);
#996 = VERTEX_POINT('',#997);
#997 = CARTESIAN_POINT('',(-10.36779542615,15.164694428006,6.7));
#998 = CIRCLE('',#999,0.65);
#999 = AXIS2_PLACEMENT_3D('',#1000,#1001,#1002);
#1000 = CARTESIAN_POINT('',(-11.01779542615,15.164694428006,6.7));
#1001 = DIRECTION('',(0.,0.,1.));
#1002 = DIRECTION('',(1.,0.,0.));
#1003 = ORIENTED_EDGE('',*,*,#1004,.T.);
#1004 = EDGE_CURVE('',#996,#1005,#1007,.T.);
#1005 = VERTEX_POINT('',#1006);
#1006 = CARTESIAN_POINT('',(-10.5491977734,15.6151566793,6.7));
#1007 = CIRCLE('',#1008,0.65);
#1008 = AXIS2_PLACEMENT_3D('',#1009,#1010,#1011);
#1009 = CARTESIAN_POINT('',(-11.01779542615,15.164694428006,6.7));
#1010 = DIRECTION('',(0.,0.,1.));
#1011 = DIRECTION('',(1.,0.,0.));
#1012 = ORIENTED_EDGE('',*,*,#1013,.F.);
#1013 = EDGE_CURVE('',#1014,#1005,#1016,.T.);
#1014 = VERTEX_POINT('',#1015);
#1015 = CARTESIAN_POINT('',(-9.974410165254,15.98842811651,6.7));
#1016 = CIRCLE('',#1017,18.844593171027);
#1017 = AXIS2_PLACEMENT_3D('',#1018,#1019,#1020);
#1018 = CARTESIAN_POINT('',(0.,0.,6.7));
#1019 = DIRECTION('',(0.,0.,1.));
#1020 = DIRECTION('',(1.,0.,0.));
#1021 = ORIENTED_EDGE('',*,*,#1022,.T.);
#1022 = EDGE_CURVE('',#1014,#1023,#1025,.T.);
#1023 = VERTEX_POINT('',#1024);
#1024 = CARTESIAN_POINT('',(-8.722296585514,16.233293869714,6.7));
#1025 = CIRCLE('',#1026,0.65);
#1026 = AXIS2_PLACEMENT_3D('',#1027,#1028,#1029);
#1027 = CARTESIAN_POINT('',(-9.372296585514,16.233293869714,6.7));
#1028 = DIRECTION('',(0.,0.,1.));
#1029 = DIRECTION('',(1.,0.,0.));
#1030 = ORIENTED_EDGE('',*,*,#1031,.T.);
#1031 = EDGE_CURVE('',#1023,#1032,#1034,.T.);
#1032 = VERTEX_POINT('',#1033);
#1033 = CARTESIAN_POINT('',(-8.859179832852,16.632306649131,6.7));
#1034 = CIRCLE('',#1035,0.65);
#1035 = AXIS2_PLACEMENT_3D('',#1036,#1037,#1038);
#1036 = CARTESIAN_POINT('',(-9.372296585514,16.233293869714,6.7));
#1037 = DIRECTION('',(0.,0.,1.));
#1038 = DIRECTION('',(1.,0.,0.));
#1039 = ORIENTED_EDGE('',*,*,#1040,.F.);
#1040 = EDGE_CURVE('',#1041,#1032,#1043,.T.);
#1041 = VERTEX_POINT('',#1042);
#1042 = CARTESIAN_POINT('',(-8.248523481645,16.943451600966,6.7));
#1043 = CIRCLE('',#1044,18.844593171027);
#1044 = AXIS2_PLACEMENT_3D('',#1045,#1046,#1047);
#1045 = CARTESIAN_POINT('',(0.,0.,6.7));
#1046 = DIRECTION('',(0.,0.,1.));
#1047 = DIRECTION('',(1.,0.,0.));
#1048 = ORIENTED_EDGE('',*,*,#1049,.T.);
#1049 = EDGE_CURVE('',#1041,#1050,#1052,.T.);
#1050 = VERTEX_POINT('',#1051);
#1051 = CARTESIAN_POINT('',(-6.974112902205,17.124037946751,6.7));
#1052 = CIRCLE('',#1053,0.65);
#1053 = AXIS2_PLACEMENT_3D('',#1054,#1055,#1056);
#1054 = CARTESIAN_POINT('',(-7.624112902205,17.124037946751,6.7));
#1055 = DIRECTION('',(0.,0.,1.));
#1056 = DIRECTION('',(1.,0.,0.));
#1057 = ORIENTED_EDGE('',*,*,#1058,.T.);
#1058 = EDGE_CURVE('',#1050,#1059,#1061,.T.);
#1059 = VERTEX_POINT('',#1060);
#1060 = CARTESIAN_POINT('',(-7.072098864146,17.46722958678,6.7));
#1061 = CIRCLE('',#1062,0.65);
#1062 = AXIS2_PLACEMENT_3D('',#1063,#1064,#1065);
#1063 = CARTESIAN_POINT('',(-7.624112902205,17.124037946751,6.7));
#1064 = DIRECTION('',(0.,0.,1.));
#1065 = DIRECTION('',(1.,0.,0.));
#1066 = ORIENTED_EDGE('',*,*,#1067,.F.);
#1067 = EDGE_CURVE('',#1068,#1059,#1070,.T.);
#1068 = VERTEX_POINT('',#1069);
#1069 = CARTESIAN_POINT('',(-6.432264248656,17.712839084037,6.7));
#1070 = CIRCLE('',#1071,18.844593171027);
#1071 = AXIS2_PLACEMENT_3D('',#1072,#1073,#1074);
#1072 = CARTESIAN_POINT('',(0.,0.,6.7));
#1073 = DIRECTION('',(0.,0.,1.));
#1074 = DIRECTION('',(1.,0.,0.));
#1075 = ORIENTED_EDGE('',*,*,#1076,.T.);
#1076 = EDGE_CURVE('',#1068,#1077,#1079,.T.);
#1077 = VERTEX_POINT('',#1078);
#1078 = CARTESIAN_POINT('',(-5.142397842492,17.827167480607,6.7));
#1079 = CIRCLE('',#1080,0.65);
#1080 = AXIS2_PLACEMENT_3D('',#1081,#1082,#1083);
#1081 = CARTESIAN_POINT('',(-5.792397842492,17.827167480607,6.7));
#1082 = DIRECTION('',(0.,0.,1.));
#1083 = DIRECTION('',(1.,0.,0.));
#1084 = ORIENTED_EDGE('',*,*,#1085,.T.);
#1085 = EDGE_CURVE('',#1077,#1086,#1088,.T.);
#1086 = VERTEX_POINT('',#1087);
#1087 = CARTESIAN_POINT('',(-5.207534500353,18.110777901823,6.7));
#1088 = CIRCLE('',#1089,0.65);
#1089 = AXIS2_PLACEMENT_3D('',#1090,#1091,#1092);
#1090 = CARTESIAN_POINT('',(-5.792397842492,17.827167480607,6.7));
#1091 = DIRECTION('',(0.,0.,1.));
#1092 = DIRECTION('',(1.,0.,0.));
#1093 = ORIENTED_EDGE('',*,*,#1094,.F.);
#1094 = EDGE_CURVE('',#1095,#1086,#1097,.T.);
#1095 = VERTEX_POINT('',#1096);
#1096 = CARTESIAN_POINT('',(-4.545531782522,18.288160995453,6.7));
#1097 = CIRCLE('',#1098,18.844593171027);
#1098 = AXIS2_PLACEMENT_3D('',#1099,#1100,#1101);
#1099 = CARTESIAN_POINT('',(0.,0.,6.7));
#1100 = DIRECTION('',(0.,0.,1.));
#1101 = DIRECTION('',(1.,0.,0.));
#1102 = ORIENTED_EDGE('',*,*,#1103,.T.);
#1103 = EDGE_CURVE('',#1095,#1104,#1106,.T.);
#1104 = VERTEX_POINT('',#1105);
#1105 = CARTESIAN_POINT('',(-3.247220059879,18.334978836972,6.7));
#1106 = CIRCLE('',#1107,0.65);
#1107 = AXIS2_PLACEMENT_3D('',#1108,#1109,#1110);
#1108 = CARTESIAN_POINT('',(-3.897220059879,18.334978836972,6.7));
#1109 = DIRECTION('',(0.,0.,1.));
#1110 = DIRECTION('',(1.,0.,0.));
#1111 = ORIENTED_EDGE('',*,*,#1112,.T.);
#1112 = EDGE_CURVE('',#1104,#1113,#1115,.T.);
#1113 = VERTEX_POINT('',#1114);
#1114 = CARTESIAN_POINT('',(-3.285915298828,18.55590074425,6.7));
#1115 = CIRCLE('',#1116,0.65);
#1116 = AXIS2_PLACEMENT_3D('',#1117,#1118,#1119);
#1117 = CARTESIAN_POINT('',(-3.897220059879,18.334978836972,6.7));
#1118 = DIRECTION('',(0.,0.,1.));
#1119 = DIRECTION('',(1.,0.,0.));
#1120 = ORIENTED_EDGE('',*,*,#1121,.F.);
#1121 = EDGE_CURVE('',#1122,#1113,#1124,.T.);
#1122 = VERTEX_POINT('',#1123);
#1123 = CARTESIAN_POINT('',(-2.608997518964,18.66311398796,6.7));
#1124 = CIRCLE('',#1125,18.844593171027);
#1125 = AXIS2_PLACEMENT_3D('',#1126,#1127,#1128);
#1126 = CARTESIAN_POINT('',(0.,0.,6.7));
#1127 = DIRECTION('',(0.,0.,1.));
#1128 = DIRECTION('',(1.,0.,0.));
#1129 = ORIENTED_EDGE('',*,*,#1130,.T.);
#1130 = EDGE_CURVE('',#1122,#1131,#1133,.T.);
#1131 = VERTEX_POINT('',#1132);
#1132 = CARTESIAN_POINT('',(-1.309343518745,18.641908328357,6.7));
#1133 = CIRCLE('',#1134,0.65);
#1134 = AXIS2_PLACEMENT_3D('',#1135,#1136,#1137);
#1135 = CARTESIAN_POINT('',(-1.959343518745,18.641908328357,6.7));
#1136 = DIRECTION('',(0.,0.,1.));
#1137 = DIRECTION('',(1.,0.,0.));
#1138 = ORIENTED_EDGE('',*,*,#1139,.T.);
#1139 = EDGE_CURVE('',#1131,#1140,#1142,.T.);
#1140 = VERTEX_POINT('',#1141);
#1141 = CARTESIAN_POINT('',(-1.328294921666,18.797721255051,6.7));
#1142 = CIRCLE('',#1143,0.65);
#1143 = AXIS2_PLACEMENT_3D('',#1144,#1145,#1146);
#1144 = CARTESIAN_POINT('',(-1.959343518745,18.641908328357,6.7));
#1145 = DIRECTION('',(0.,0.,1.));
#1146 = DIRECTION('',(1.,0.,0.));
#1147 = ORIENTED_EDGE('',*,*,#1148,.F.);
#1148 = EDGE_CURVE('',#1149,#1140,#1151,.T.);
#1149 = VERTEX_POINT('',#1150);
#1150 = CARTESIAN_POINT('',(-0.643878532621,18.833589998106,6.7));
#1151 = CIRCLE('',#1152,18.844593171027);
#1152 = AXIS2_PLACEMENT_3D('',#1153,#1154,#1155);
#1153 = CARTESIAN_POINT('',(0.,0.,6.7));
#1154 = DIRECTION('',(0.,0.,1.));
#1155 = DIRECTION('',(1.,0.,0.));
#1156 = ORIENTED_EDGE('',*,*,#1157,.T.);
#1157 = EDGE_CURVE('',#1149,#1158,#1160,.T.);
#1158 = VERTEX_POINT('',#1159);
#1159 = CARTESIAN_POINT('',(0.65,18.744593171027,6.7));
#1160 = CIRCLE('',#1161,0.65);
#1161 = AXIS2_PLACEMENT_3D('',#1162,#1163,#1164);
#1162 = CARTESIAN_POINT('',(5.309911086552E-15,18.744593171027,6.7));
#1163 = DIRECTION('',(0.,0.,1.));
#1164 = DIRECTION('',(1.,0.,0.));
#1165 = ORIENTED_EDGE('',*,*,#1166,.T.);
#1166 = EDGE_CURVE('',#1158,#1167,#1169,.T.);
#1167 = VERTEX_POINT('',#1168);
#1168 = CARTESIAN_POINT('',(0.643878532621,18.833589998106,6.7));
#1169 = CIRCLE('',#1170,0.65);
#1170 = AXIS2_PLACEMENT_3D('',#1171,#1172,#1173);
#1171 = CARTESIAN_POINT('',(5.309911086552E-15,18.744593171027,6.7));
#1172 = DIRECTION('',(0.,0.,1.));
#1173 = DIRECTION('',(1.,0.,0.));
#1174 = ORIENTED_EDGE('',*,*,#1175,.F.);
#1175 = EDGE_CURVE('',#1176,#1167,#1178,.T.);
#1176 = VERTEX_POINT('',#1177);
#1177 = CARTESIAN_POINT('',(1.328294921666,18.797721255051,6.7));
#1178 = CIRCLE('',#1179,18.844593171027);
#1179 = AXIS2_PLACEMENT_3D('',#1180,#1181,#1182);
#1180 = CARTESIAN_POINT('',(0.,0.,6.7));
#1181 = DIRECTION('',(0.,0.,1.));
#1182 = DIRECTION('',(1.,0.,0.));
#1183 = ORIENTED_EDGE('',*,*,#1184,.T.);
#1184 = EDGE_CURVE('',#1176,#1185,#1187,.T.);
#1185 = VERTEX_POINT('',#1186);
#1186 = CARTESIAN_POINT('',(2.609343518745,18.641908328357,6.7));
#1187 = CIRCLE('',#1188,0.65);
#1188 = AXIS2_PLACEMENT_3D('',#1189,#1190,#1191);
#1189 = CARTESIAN_POINT('',(1.959343518745,18.641908328357,6.7));
#1190 = DIRECTION('',(0.,0.,1.));
#1191 = DIRECTION('',(1.,0.,0.));
#1192 = ORIENTED_EDGE('',*,*,#1193,.T.);
#1193 = EDGE_CURVE('',#1185,#1194,#1196,.T.);
#1194 = VERTEX_POINT('',#1195);
#1195 = CARTESIAN_POINT('',(2.608997518964,18.66311398796,6.7));
#1196 = CIRCLE('',#1197,0.65);
#1197 = AXIS2_PLACEMENT_3D('',#1198,#1199,#1200);
#1198 = CARTESIAN_POINT('',(1.959343518745,18.641908328357,6.7));
#1199 = DIRECTION('',(0.,0.,1.));
#1200 = DIRECTION('',(1.,0.,0.));
#1201 = ORIENTED_EDGE('',*,*,#1202,.F.);
#1202 = EDGE_CURVE('',#1203,#1194,#1205,.T.);
#1203 = VERTEX_POINT('',#1204);
#1204 = CARTESIAN_POINT('',(3.285915298828,18.55590074425,6.7));
#1205 = CIRCLE('',#1206,18.844593171027);
#1206 = AXIS2_PLACEMENT_3D('',#1207,#1208,#1209);
#1207 = CARTESIAN_POINT('',(0.,0.,6.7));
#1208 = DIRECTION('',(0.,0.,1.));
#1209 = DIRECTION('',(1.,0.,0.));
#1210 = ORIENTED_EDGE('',*,*,#1211,.T.);
#1211 = EDGE_CURVE('',#1203,#1212,#1214,.T.);
#1212 = VERTEX_POINT('',#1213);
#1213 = CARTESIAN_POINT('',(4.545531782522,18.288160995453,6.7));
#1214 = CIRCLE('',#1215,0.65);
#1215 = AXIS2_PLACEMENT_3D('',#1216,#1217,#1218);
#1216 = CARTESIAN_POINT('',(3.897220059879,18.334978836972,6.7));
#1217 = DIRECTION('',(0.,0.,1.));
#1218 = DIRECTION('',(1.,0.,0.));
#1219 = ORIENTED_EDGE('',*,*,#1220,.F.);
#1220 = EDGE_CURVE('',#1221,#1212,#1223,.T.);
#1221 = VERTEX_POINT('',#1222);
#1222 = CARTESIAN_POINT('',(5.207534500353,18.110777901823,6.7));
#1223 = CIRCLE('',#1224,18.844593171027);
#1224 = AXIS2_PLACEMENT_3D('',#1225,#1226,#1227);
#1225 = CARTESIAN_POINT('',(0.,0.,6.7));
#1226 = DIRECTION('',(0.,0.,1.));
#1227 = DIRECTION('',(1.,0.,0.));
#1228 = ORIENTED_EDGE('',*,*,#1229,.T.);
#1229 = EDGE_CURVE('',#1221,#1230,#1232,.T.);
#1230 = VERTEX_POINT('',#1231);
#1231 = CARTESIAN_POINT('',(6.432264248656,17.712839084037,6.7));
#1232 = CIRCLE('',#1233,0.65);
#1233 = AXIS2_PLACEMENT_3D('',#1234,#1235,#1236);
#1234 = CARTESIAN_POINT('',(5.792397842492,17.827167480607,6.7));
#1235 = DIRECTION('',(0.,0.,1.));
#1236 = DIRECTION('',(1.,0.,0.));
#1237 = ORIENTED_EDGE('',*,*,#1238,.F.);
#1238 = EDGE_CURVE('',#1239,#1230,#1241,.T.);
#1239 = VERTEX_POINT('',#1240);
#1240 = CARTESIAN_POINT('',(7.072098864146,17.46722958678,6.7));
#1241 = CIRCLE('',#1242,18.844593171027);
#1242 = AXIS2_PLACEMENT_3D('',#1243,#1244,#1245);
#1243 = CARTESIAN_POINT('',(0.,0.,6.7));
#1244 = DIRECTION('',(0.,0.,1.));
#1245 = DIRECTION('',(1.,0.,0.));
#1246 = ORIENTED_EDGE('',*,*,#1247,.T.);
#1247 = EDGE_CURVE('',#1239,#1248,#1250,.T.);
#1248 = VERTEX_POINT('',#1249);
#1249 = CARTESIAN_POINT('',(8.248523481645,16.943451600966,6.7));
#1250 = CIRCLE('',#1251,0.65);
#1251 = AXIS2_PLACEMENT_3D('',#1252,#1253,#1254);
#1252 = CARTESIAN_POINT('',(7.624112902205,17.124037946751,6.7));
#1253 = DIRECTION('',(0.,0.,1.));
#1254 = DIRECTION('',(1.,0.,0.));
#1255 = ORIENTED_EDGE('',*,*,#1256,.F.);
#1256 = EDGE_CURVE('',#1257,#1248,#1259,.T.);
#1257 = VERTEX_POINT('',#1258);
#1258 = CARTESIAN_POINT('',(8.859179832852,16.632306649131,6.7));
#1259 = CIRCLE('',#1260,18.844593171027);
#1260 = AXIS2_PLACEMENT_3D('',#1261,#1262,#1263);
#1261 = CARTESIAN_POINT('',(0.,0.,6.7));
#1262 = DIRECTION('',(0.,0.,1.));
#1263 = DIRECTION('',(1.,0.,0.));
#1264 = ORIENTED_EDGE('',*,*,#1265,.T.);
#1265 = EDGE_CURVE('',#1257,#1266,#1268,.T.);
#1266 = VERTEX_POINT('',#1267);
#1267 = CARTESIAN_POINT('',(9.974410165254,15.98842811651,6.7));
#1268 = CIRCLE('',#1269,0.65);
#1269 = AXIS2_PLACEMENT_3D('',#1270,#1271,#1272);
#1270 = CARTESIAN_POINT('',(9.372296585514,16.233293869714,6.7));
#1271 = DIRECTION('',(0.,0.,1.));
#1272 = DIRECTION('',(1.,0.,0.));
#1273 = ORIENTED_EDGE('',*,*,#1274,.F.);
#1274 = EDGE_CURVE('',#1275,#1266,#1277,.T.);
#1275 = VERTEX_POINT('',#1276);
#1276 = CARTESIAN_POINT('',(10.549197773406,15.6151566793,6.7));
#1277 = CIRCLE('',#1278,18.844593171027);
#1278 = AXIS2_PLACEMENT_3D('',#1279,#1280,#1281);
#1279 = CARTESIAN_POINT('',(0.,0.,6.7));
#1280 = DIRECTION('',(0.,0.,1.));
#1281 = DIRECTION('',(1.,0.,0.));
#1282 = ORIENTED_EDGE('',*,*,#1283,.T.);
#1283 = EDGE_CURVE('',#1275,#1284,#1286,.T.);
#1284 = VERTEX_POINT('',#1285);
#1285 = CARTESIAN_POINT('',(11.591015123813,14.858232067816,6.7));
#1286 = CIRCLE('',#1287,0.65);
#1287 = AXIS2_PLACEMENT_3D('',#1288,#1289,#1290);
#1288 = CARTESIAN_POINT('',(11.017795426152,15.164694428006,6.7));
#1289 = DIRECTION('',(0.,0.,1.));
#1290 = DIRECTION('',(1.,0.,0.));
#1291 = ORIENTED_EDGE('',*,*,#1292,.F.);
#1292 = EDGE_CURVE('',#1293,#1284,#1295,.T.);
#1293 = VERTEX_POINT('',#1294);
#1294 = CARTESIAN_POINT('',(12.123636495594,14.426923785209,6.7));
#1295 = CIRCLE('',#1296,18.844593171027);
#1296 = AXIS2_PLACEMENT_3D('',#1297,#1298,#1299);
#1297 = CARTESIAN_POINT('',(0.,0.,6.7));
#1298 = DIRECTION('',(0.,0.,1.));
#1299 = DIRECTION('',(1.,0.,0.));
#1300 = ORIENTED_EDGE('',*,*,#1301,.T.);
#1301 = EDGE_CURVE('',#1293,#1302,#1304,.T.);
#1302 = VERTEX_POINT('',#1303);
#1303 = CARTESIAN_POINT('',(13.0806264951,13.565246119301,6.7));
#1304 = CIRCLE('',#1305,0.65);
#1305 = AXIS2_PLACEMENT_3D('',#1306,#1307,#1308);
#1306 = CARTESIAN_POINT('',(12.54258099448,13.929947420728,6.7));
#1307 = DIRECTION('',(0.,0.,1.));
#1308 = DIRECTION('',(1.,0.,0.));
#1309 = ORIENTED_EDGE('',*,*,#1310,.F.);
#1310 = EDGE_CURVE('',#1311,#1302,#1313,.T.);
#1311 = VERTEX_POINT('',#1312);
#1312 = CARTESIAN_POINT('',(13.565246119301,13.0806264951,6.7));
#1313 = CIRCLE('',#1314,18.844593171027);
#1314 = AXIS2_PLACEMENT_3D('',#1315,#1316,#1317);
#1315 = CARTESIAN_POINT('',(0.,0.,6.7));
#1316 = DIRECTION('',(0.,0.,1.));
#1317 = DIRECTION('',(1.,0.,0.));
#1318 = ORIENTED_EDGE('',*,*,#1319,.T.);
#1319 = EDGE_CURVE('',#1311,#1320,#1322,.T.);
#1320 = VERTEX_POINT('',#1321);
#1321 = CARTESIAN_POINT('',(14.426923785209,12.123636495594,6.7));
#1322 = CIRCLE('',#1323,0.65);
#1323 = AXIS2_PLACEMENT_3D('',#1324,#1325,#1326);
#1324 = CARTESIAN_POINT('',(13.929947420728,12.54258099448,6.7));
#1325 = DIRECTION('',(0.,0.,1.));
#1326 = DIRECTION('',(1.,0.,0.));
#1327 = ORIENTED_EDGE('',*,*,#1328,.F.);
#1328 = EDGE_CURVE('',#1329,#1320,#1331,.T.);
#1329 = VERTEX_POINT('',#1330);
#1330 = CARTESIAN_POINT('',(14.858232067816,11.591015123813,6.7));
#1331 = CIRCLE('',#1332,18.844593171027);
#1332 = AXIS2_PLACEMENT_3D('',#1333,#1334,#1335);
#1333 = CARTESIAN_POINT('',(0.,0.,6.7));
#1334 = DIRECTION('',(0.,0.,1.));
#1335 = DIRECTION('',(1.,0.,0.));
#1336 = ORIENTED_EDGE('',*,*,#1337,.T.);
#1337 = EDGE_CURVE('',#1329,#1338,#1340,.T.);
#1338 = VERTEX_POINT('',#1339);
#1339 = CARTESIAN_POINT('',(15.6151566793,10.549197773406,6.7));
#1340 = CIRCLE('',#1341,0.65);
#1341 = AXIS2_PLACEMENT_3D('',#1342,#1343,#1344);
#1342 = CARTESIAN_POINT('',(15.164694428006,11.017795426152,6.7));
#1343 = DIRECTION('',(0.,0.,1.));
#1344 = DIRECTION('',(1.,0.,0.));
#1345 = ORIENTED_EDGE('',*,*,#1346,.F.);
#1346 = EDGE_CURVE('',#1347,#1338,#1349,.T.);
#1347 = VERTEX_POINT('',#1348);
#1348 = CARTESIAN_POINT('',(15.98842811651,9.974410165254,6.7));
#1349 = CIRCLE('',#1350,18.844593171027);
#1350 = AXIS2_PLACEMENT_3D('',#1351,#1352,#1353);
#1351 = CARTESIAN_POINT('',(0.,0.,6.7));
#1352 = DIRECTION('',(0.,0.,1.));
#1353 = DIRECTION('',(1.,0.,0.));
#1354 = ORIENTED_EDGE('',*,*,#1355,.T.);
#1355 = EDGE_CURVE('',#1347,#1356,#1358,.T.);
#1356 = VERTEX_POINT('',#1357);
#1357 = CARTESIAN_POINT('',(16.632306649131,8.859179832852,6.7));
#1358 = CIRCLE('',#1359,0.65);
#1359 = AXIS2_PLACEMENT_3D('',#1360,#1361,#1362);
#1360 = CARTESIAN_POINT('',(16.233293869714,9.372296585514,6.7));
#1361 = DIRECTION('',(0.,0.,1.));
#1362 = DIRECTION('',(1.,0.,0.));
#1363 = ORIENTED_EDGE('',*,*,#1364,.F.);
#1364 = EDGE_CURVE('',#1365,#1356,#1367,.T.);
#1365 = VERTEX_POINT('',#1366);
#1366 = CARTESIAN_POINT('',(16.943451600966,8.248523481645,6.7));
#1367 = CIRCLE('',#1368,18.844593171027);
#1368 = AXIS2_PLACEMENT_3D('',#1369,#1370,#1371);
#1369 = CARTESIAN_POINT('',(0.,0.,6.7));
#1370 = DIRECTION('',(0.,0.,1.));
#1371 = DIRECTION('',(1.,0.,0.));
#1372 = ORIENTED_EDGE('',*,*,#1373,.T.);
#1373 = EDGE_CURVE('',#1365,#1374,#1376,.T.);
#1374 = VERTEX_POINT('',#1375);
#1375 = CARTESIAN_POINT('',(17.46722958678,7.072098864146,6.7));
#1376 = CIRCLE('',#1377,0.65);
#1377 = AXIS2_PLACEMENT_3D('',#1378,#1379,#1380);
#1378 = CARTESIAN_POINT('',(17.124037946751,7.624112902205,6.7));
#1379 = DIRECTION('',(0.,0.,1.));
#1380 = DIRECTION('',(1.,0.,0.));
#1381 = ORIENTED_EDGE('',*,*,#1382,.F.);
#1382 = EDGE_CURVE('',#1383,#1374,#1385,.T.);
#1383 = VERTEX_POINT('',#1384);
#1384 = CARTESIAN_POINT('',(17.712839084037,6.432264248656,6.7));
#1385 = CIRCLE('',#1386,18.844593171027);
#1386 = AXIS2_PLACEMENT_3D('',#1387,#1388,#1389);
#1387 = CARTESIAN_POINT('',(0.,0.,6.7));
#1388 = DIRECTION('',(0.,0.,1.));
#1389 = DIRECTION('',(1.,0.,0.));
#1390 = ORIENTED_EDGE('',*,*,#1391,.T.);
#1391 = EDGE_CURVE('',#1383,#1392,#1394,.T.);
#1392 = VERTEX_POINT('',#1393);
#1393 = CARTESIAN_POINT('',(18.110777901823,5.207534500353,6.7));
#1394 = CIRCLE('',#1395,0.65);
#1395 = AXIS2_PLACEMENT_3D('',#1396,#1397,#1398);
#1396 = CARTESIAN_POINT('',(17.827167480607,5.792397842492,6.7));
#1397 = DIRECTION('',(0.,0.,1.));
#1398 = DIRECTION('',(1.,0.,0.));
#1399 = ORIENTED_EDGE('',*,*,#1400,.F.);
#1400 = EDGE_CURVE('',#1401,#1392,#1403,.T.);
#1401 = VERTEX_POINT('',#1402);
#1402 = CARTESIAN_POINT('',(18.288160995453,4.545531782522,6.7));
#1403 = CIRCLE('',#1404,18.844593171027);
#1404 = AXIS2_PLACEMENT_3D('',#1405,#1406,#1407);
#1405 = CARTESIAN_POINT('',(0.,0.,6.7));
#1406 = DIRECTION('',(0.,0.,1.));
#1407 = DIRECTION('',(1.,0.,0.));
#1408 = ORIENTED_EDGE('',*,*,#1409,.T.);
#1409 = EDGE_CURVE('',#1401,#1410,#1412,.T.);
#1410 = VERTEX_POINT('',#1411);
#1411 = CARTESIAN_POINT('',(18.55590074425,3.285915298828,6.7));
#1412 = CIRCLE('',#1413,0.65);
#1413 = AXIS2_PLACEMENT_3D('',#1414,#1415,#1416);
#1414 = CARTESIAN_POINT('',(18.334978836972,3.897220059879,6.7));
#1415 = DIRECTION('',(0.,0.,1.));
#1416 = DIRECTION('',(1.,0.,0.));
#1417 = ORIENTED_EDGE('',*,*,#1418,.F.);
#1418 = EDGE_CURVE('',#1419,#1410,#1421,.T.);
#1419 = VERTEX_POINT('',#1420);
#1420 = CARTESIAN_POINT('',(18.66311398796,2.608997518964,6.7));
#1421 = CIRCLE('',#1422,18.844593171027);
#1422 = AXIS2_PLACEMENT_3D('',#1423,#1424,#1425);
#1423 = CARTESIAN_POINT('',(0.,0.,6.7));
#1424 = DIRECTION('',(0.,0.,1.));
#1425 = DIRECTION('',(1.,0.,0.));
#1426 = ORIENTED_EDGE('',*,*,#1427,.T.);
#1427 = EDGE_CURVE('',#1419,#60,#1428,.T.);
#1428 = CIRCLE('',#1429,0.65);
#1429 = AXIS2_PLACEMENT_3D('',#1430,#1431,#1432);
#1430 = CARTESIAN_POINT('',(18.641908328357,1.959343518745,6.7));
#1431 = DIRECTION('',(0.,0.,1.));
#1432 = DIRECTION('',(1.,0.,0.));
#1433 = PLANE('',#1434);
#1434 = AXIS2_PLACEMENT_3D('',#1435,#1436,#1437);
#1435 = CARTESIAN_POINT('',(0.,0.,6.7));
#1436 = DIRECTION('',(0.,0.,1.));
#1437 = DIRECTION('',(1.,0.,0.));
#1438 = ADVANCED_FACE('',(#1439),#1465,.T.);
#1439 = FACE_BOUND('',#1440,.T.);
#1440 = EDGE_LOOP('',(#1441,#1442,#1450,#1459));
#1441 = ORIENTED_EDGE('',*,*,#57,.F.);
#1442 = ORIENTED_EDGE('',*,*,#1443,.F.);
#1443 = EDGE_CURVE('',#1444,#58,#1446,.T.);
#1444 = VERTEX_POINT('',#1445);
#1445 = CARTESIAN_POINT('',(18.833589998106,0.643878532621,0.7));
#1446 = LINE('',#1447,#1448);
#1447 = CARTESIAN_POINT('',(18.833589998106,0.643878532621,0.));
#1448 = VECTOR('',#1449,1.);
#1449 = DIRECTION('',(0.,0.,1.));
#1450 = ORIENTED_EDGE('',*,*,#1451,.T.);
#1451 = EDGE_CURVE('',#1444,#1452,#1454,.T.);
#1452 = VERTEX_POINT('',#1453);
#1453 = CARTESIAN_POINT('',(18.797721255051,1.328294921666,0.7));
#1454 = CIRCLE('',#1455,18.844593171027);
#1455 = AXIS2_PLACEMENT_3D('',#1456,#1457,#1458);
#1456 = CARTESIAN_POINT('',(0.,0.,0.7));
#1457 = DIRECTION('',(0.,0.,1.));
#1458 = DIRECTION('',(1.,0.,0.));
#1459 = ORIENTED_EDGE('',*,*,#1460,.T.);
#1460 = EDGE_CURVE('',#1452,#60,#1461,.T.);
#1461 = LINE('',#1462,#1463);
#1462 = CARTESIAN_POINT('',(18.797721255051,1.328294921666,0.));
#1463 = VECTOR('',#1464,1.);
#1464 = DIRECTION('',(0.,0.,1.));
#1465 = CYLINDRICAL_SURFACE('',#1466,18.844593171027);
#1466 = AXIS2_PLACEMENT_3D('',#1467,#1468,#1469);
#1467 = CARTESIAN_POINT('',(0.,0.,0.));
#1468 = DIRECTION('',(0.,0.,1.));
#1469 = DIRECTION('',(1.,0.,0.));
#1470 = ADVANCED_FACE('',(#1471),#1490,.F.);
#1471 = FACE_BOUND('',#1472,.F.);
#1472 = EDGE_LOOP('',(#1473,#1481,#1488,#1489));
#1473 = ORIENTED_EDGE('',*,*,#1474,.F.);
#1474 = EDGE_CURVE('',#1475,#1419,#1477,.T.);
#1475 = VERTEX_POINT('',#1476);
#1476 = CARTESIAN_POINT('',(18.66311398796,2.608997518964,0.7));
#1477 = LINE('',#1478,#1479);
#1478 = CARTESIAN_POINT('',(18.66311398796,2.608997518964,0.));
#1479 = VECTOR('',#1480,1.);
#1480 = DIRECTION('',(0.,0.,1.));
#1481 = ORIENTED_EDGE('',*,*,#1482,.T.);
#1482 = EDGE_CURVE('',#1475,#1452,#1483,.T.);
#1483 = CIRCLE('',#1484,0.65);
#1484 = AXIS2_PLACEMENT_3D('',#1485,#1486,#1487);
#1485 = CARTESIAN_POINT('',(18.641908328357,1.959343518745,0.7));
#1486 = DIRECTION('',(0.,0.,1.));
#1487 = DIRECTION('',(1.,0.,0.));
#1488 = ORIENTED_EDGE('',*,*,#1460,.T.);
#1489 = ORIENTED_EDGE('',*,*,#1427,.F.);
#1490 = CYLINDRICAL_SURFACE('',#1491,0.65);
#1491 = AXIS2_PLACEMENT_3D('',#1492,#1493,#1494);
#1492 = CARTESIAN_POINT('',(18.641908328357,1.959343518745,-0.1));
#1493 = DIRECTION('',(0.,0.,1.));
#1494 = DIRECTION('',(1.,0.,0.));
#1495 = ADVANCED_FACE('',(#1496),#1515,.T.);
#1496 = FACE_BOUND('',#1497,.T.);
#1497 = EDGE_LOOP('',(#1498,#1499,#1500,#1509));
#1498 = ORIENTED_EDGE('',*,*,#1418,.F.);
#1499 = ORIENTED_EDGE('',*,*,#1474,.F.);
#1500 = ORIENTED_EDGE('',*,*,#1501,.T.);
#1501 = EDGE_CURVE('',#1475,#1502,#1504,.T.);
#1502 = VERTEX_POINT('',#1503);
#1503 = CARTESIAN_POINT('',(18.55590074425,3.285915298828,0.7));
#1504 = CIRCLE('',#1505,18.844593171027);
#1505 = AXIS2_PLACEMENT_3D('',#1506,#1507,#1508);
#1506 = CARTESIAN_POINT('',(0.,0.,0.7));
#1507 = DIRECTION('',(0.,0.,1.));
#1508 = DIRECTION('',(1.,0.,0.));
#1509 = ORIENTED_EDGE('',*,*,#1510,.T.);
#1510 = EDGE_CURVE('',#1502,#1410,#1511,.T.);
#1511 = LINE('',#1512,#1513);
#1512 = CARTESIAN_POINT('',(18.55590074425,3.285915298828,0.));
#1513 = VECTOR('',#1514,1.);
#1514 = DIRECTION('',(0.,0.,1.));
#1515 = CYLINDRICAL_SURFACE('',#1516,18.844593171027);
#1516 = AXIS2_PLACEMENT_3D('',#1517,#1518,#1519);
#1517 = CARTESIAN_POINT('',(0.,0.,0.));
#1518 = DIRECTION('',(0.,0.,1.));
#1519 = DIRECTION('',(1.,0.,0.));
#1520 = ADVANCED_FACE('',(#1521),#1540,.F.);
#1521 = FACE_BOUND('',#1522,.F.);
#1522 = EDGE_LOOP('',(#1523,#1524,#1532,#1539));
#1523 = ORIENTED_EDGE('',*,*,#1409,.F.);
#1524 = ORIENTED_EDGE('',*,*,#1525,.F.);
#1525 = EDGE_CURVE('',#1526,#1401,#1528,.T.);
#1526 = VERTEX_POINT('',#1527);
#1527 = CARTESIAN_POINT('',(18.288160995453,4.545531782522,0.7));
#1528 = LINE('',#1529,#1530);
#1529 = CARTESIAN_POINT('',(18.288160995453,4.545531782522,0.));
#1530 = VECTOR('',#1531,1.);
#1531 = DIRECTION('',(0.,0.,1.));
#1532 = ORIENTED_EDGE('',*,*,#1533,.T.);
#1533 = EDGE_CURVE('',#1526,#1502,#1534,.T.);
#1534 = CIRCLE('',#1535,0.65);
#1535 = AXIS2_PLACEMENT_3D('',#1536,#1537,#1538);
#1536 = CARTESIAN_POINT('',(18.334978836972,3.897220059879,0.7));
#1537 = DIRECTION('',(0.,0.,1.));
#1538 = DIRECTION('',(1.,0.,0.));
#1539 = ORIENTED_EDGE('',*,*,#1510,.T.);
#1540 = CYLINDRICAL_SURFACE('',#1541,0.65);
#1541 = AXIS2_PLACEMENT_3D('',#1542,#1543,#1544);
#1542 = CARTESIAN_POINT('',(18.334978836972,3.897220059879,-0.1));
#1543 = DIRECTION('',(0.,0.,1.));
#1544 = DIRECTION('',(1.,0.,0.));
#1545 = ADVANCED_FACE('',(#1546),#1565,.T.);
#1546 = FACE_BOUND('',#1547,.T.);
#1547 = EDGE_LOOP('',(#1548,#1549,#1550,#1559));
#1548 = ORIENTED_EDGE('',*,*,#1400,.F.);
#1549 = ORIENTED_EDGE('',*,*,#1525,.F.);
#1550 = ORIENTED_EDGE('',*,*,#1551,.T.);
#1551 = EDGE_CURVE('',#1526,#1552,#1554,.T.);
#1552 = VERTEX_POINT('',#1553);
#1553 = CARTESIAN_POINT('',(18.110777901823,5.207534500353,0.7));
#1554 = CIRCLE('',#1555,18.844593171027);
#1555 = AXIS2_PLACEMENT_3D('',#1556,#1557,#1558);
#1556 = CARTESIAN_POINT('',(0.,0.,0.7));
#1557 = DIRECTION('',(0.,0.,1.));
#1558 = DIRECTION('',(1.,0.,0.));
#1559 = ORIENTED_EDGE('',*,*,#1560,.T.);
#1560 = EDGE_CURVE('',#1552,#1392,#1561,.T.);
#1561 = LINE('',#1562,#1563);
#1562 = CARTESIAN_POINT('',(18.110777901823,5.207534500353,0.));
#1563 = VECTOR('',#1564,1.);
#1564 = DIRECTION('',(0.,0.,1.));
#1565 = CYLINDRICAL_SURFACE('',#1566,18.844593171027);
#1566 = AXIS2_PLACEMENT_3D('',#1567,#1568,#1569);
#1567 = CARTESIAN_POINT('',(0.,0.,0.));
#1568 = DIRECTION('',(0.,0.,1.));
#1569 = DIRECTION('',(1.,0.,0.));
#1570 = ADVANCED_FACE('',(#1571),#1590,.F.);
#1571 = FACE_BOUND('',#1572,.F.);
#1572 = EDGE_LOOP('',(#1573,#1574,#1582,#1589));
#1573 = ORIENTED_EDGE('',*,*,#1391,.F.);
#1574 = ORIENTED_EDGE('',*,*,#1575,.F.);
#1575 = EDGE_CURVE('',#1576,#1383,#1578,.T.);
#1576 = VERTEX_POINT('',#1577);
#1577 = CARTESIAN_POINT('',(17.712839084037,6.432264248656,0.7));
#1578 = LINE('',#1579,#1580);
#1579 = CARTESIAN_POINT('',(17.712839084037,6.432264248656,0.));
#1580 = VECTOR('',#1581,1.);
#1581 = DIRECTION('',(0.,0.,1.));
#1582 = ORIENTED_EDGE('',*,*,#1583,.T.);
#1583 = EDGE_CURVE('',#1576,#1552,#1584,.T.);
#1584 = CIRCLE('',#1585,0.65);
#1585 = AXIS2_PLACEMENT_3D('',#1586,#1587,#1588);
#1586 = CARTESIAN_POINT('',(17.827167480607,5.792397842492,0.7));
#1587 = DIRECTION('',(0.,0.,1.));
#1588 = DIRECTION('',(1.,0.,0.));
#1589 = ORIENTED_EDGE('',*,*,#1560,.T.);
#1590 = CYLINDRICAL_SURFACE('',#1591,0.65);
#1591 = AXIS2_PLACEMENT_3D('',#1592,#1593,#1594);
#1592 = CARTESIAN_POINT('',(17.827167480607,5.792397842492,-0.1));
#1593 = DIRECTION('',(0.,0.,1.));
#1594 = DIRECTION('',(1.,0.,0.));
#1595 = ADVANCED_FACE('',(#1596),#1615,.T.);
#1596 = FACE_BOUND('',#1597,.T.);
#1597 = EDGE_LOOP('',(#1598,#1599,#1600,#1609));
#1598 = ORIENTED_EDGE('',*,*,#1382,.F.);
#1599 = ORIENTED_EDGE('',*,*,#1575,.F.);
#1600 = ORIENTED_EDGE('',*,*,#1601,.T.);
#1601 = EDGE_CURVE('',#1576,#1602,#1604,.T.);
#1602 = VERTEX_POINT('',#1603);
#1603 = CARTESIAN_POINT('',(17.46722958678,7.072098864146,0.7));
#1604 = CIRCLE('',#1605,18.844593171027);
#1605 = AXIS2_PLACEMENT_3D('',#1606,#1607,#1608);
#1606 = CARTESIAN_POINT('',(0.,0.,0.7));
#1607 = DIRECTION('',(0.,0.,1.));
#1608 = DIRECTION('',(1.,0.,0.));
#1609 = ORIENTED_EDGE('',*,*,#1610,.T.);
#1610 = EDGE_CURVE('',#1602,#1374,#1611,.T.);
#1611 = LINE('',#1612,#1613);
#1612 = CARTESIAN_POINT('',(17.46722958678,7.072098864146,0.));
#1613 = VECTOR('',#1614,1.);
#1614 = DIRECTION('',(0.,0.,1.));
#1615 = CYLINDRICAL_SURFACE('',#1616,18.844593171027);
#1616 = AXIS2_PLACEMENT_3D('',#1617,#1618,#1619);
#1617 = CARTESIAN_POINT('',(0.,0.,0.));
#1618 = DIRECTION('',(0.,0.,1.));
#1619 = DIRECTION('',(1.,0.,0.));
#1620 = ADVANCED_FACE('',(#1621),#1640,.F.);
#1621 = FACE_BOUND('',#1622,.F.);
#1622 = EDGE_LOOP('',(#1623,#1624,#1632,#1639));
#1623 = ORIENTED_EDGE('',*,*,#1373,.F.);
#1624 = ORIENTED_EDGE('',*,*,#1625,.F.);
#1625 = EDGE_CURVE('',#1626,#1365,#1628,.T.);
#1626 = VERTEX_POINT('',#1627);
#1627 = CARTESIAN_POINT('',(16.943451600966,8.248523481645,0.7));
#1628 = LINE('',#1629,#1630);
#1629 = CARTESIAN_POINT('',(16.943451600966,8.248523481645,0.));
#1630 = VECTOR('',#1631,1.);
#1631 = DIRECTION('',(0.,0.,1.));
#1632 = ORIENTED_EDGE('',*,*,#1633,.T.);
#1633 = EDGE_CURVE('',#1626,#1602,#1634,.T.);
#1634 = CIRCLE('',#1635,0.65);
#1635 = AXIS2_PLACEMENT_3D('',#1636,#1637,#1638);
#1636 = CARTESIAN_POINT('',(17.124037946751,7.624112902205,0.7));
#1637 = DIRECTION('',(0.,0.,1.));
#1638 = DIRECTION('',(1.,0.,0.));
#1639 = ORIENTED_EDGE('',*,*,#1610,.T.);
#1640 = CYLINDRICAL_SURFACE('',#1641,0.65);
#1641 = AXIS2_PLACEMENT_3D('',#1642,#1643,#1644);
#1642 = CARTESIAN_POINT('',(17.124037946751,7.624112902205,-0.1));
#1643 = DIRECTION('',(0.,0.,1.));
#1644 = DIRECTION('',(1.,0.,0.));
#1645 = ADVANCED_FACE('',(#1646),#1665,.T.);
#1646 = FACE_BOUND('',#1647,.T.);
#1647 = EDGE_LOOP('',(#1648,#1649,#1650,#1659));
#1648 = ORIENTED_EDGE('',*,*,#1364,.F.);
#1649 = ORIENTED_EDGE('',*,*,#1625,.F.);
#1650 = ORIENTED_EDGE('',*,*,#1651,.T.);
#1651 = EDGE_CURVE('',#1626,#1652,#1654,.T.);
#1652 = VERTEX_POINT('',#1653);
#1653 = CARTESIAN_POINT('',(16.632306649131,8.859179832852,0.7));
#1654 = CIRCLE('',#1655,18.844593171027);
#1655 = AXIS2_PLACEMENT_3D('',#1656,#1657,#1658);
#1656 = CARTESIAN_POINT('',(0.,0.,0.7));
#1657 = DIRECTION('',(0.,0.,1.));
#1658 = DIRECTION('',(1.,0.,0.));
#1659 = ORIENTED_EDGE('',*,*,#1660,.T.);
#1660 = EDGE_CURVE('',#1652,#1356,#1661,.T.);
#1661 = LINE('',#1662,#1663);
#1662 = CARTESIAN_POINT('',(16.632306649131,8.859179832852,0.));
#1663 = VECTOR('',#1664,1.);
#1664 = DIRECTION('',(0.,0.,1.));
#1665 = CYLINDRICAL_SURFACE('',#1666,18.844593171027);
#1666 = AXIS2_PLACEMENT_3D('',#1667,#1668,#1669);
#1667 = CARTESIAN_POINT('',(0.,0.,0.));
#1668 = DIRECTION('',(0.,0.,1.));
#1669 = DIRECTION('',(1.,0.,0.));
#1670 = ADVANCED_FACE('',(#1671),#1690,.F.);
#1671 = FACE_BOUND('',#1672,.F.);
#1672 = EDGE_LOOP('',(#1673,#1674,#1682,#1689));
#1673 = ORIENTED_EDGE('',*,*,#1355,.F.);
#1674 = ORIENTED_EDGE('',*,*,#1675,.F.);
#1675 = EDGE_CURVE('',#1676,#1347,#1678,.T.);
#1676 = VERTEX_POINT('',#1677);
#1677 = CARTESIAN_POINT('',(15.98842811651,9.974410165254,0.7));
#1678 = LINE('',#1679,#1680);
#1679 = CARTESIAN_POINT('',(15.98842811651,9.974410165254,0.));
#1680 = VECTOR('',#1681,1.);
#1681 = DIRECTION('',(0.,0.,1.));
#1682 = ORIENTED_EDGE('',*,*,#1683,.T.);
#1683 = EDGE_CURVE('',#1676,#1652,#1684,.T.);
#1684 = CIRCLE('',#1685,0.65);
#1685 = AXIS2_PLACEMENT_3D('',#1686,#1687,#1688);
#1686 = CARTESIAN_POINT('',(16.233293869714,9.372296585514,0.7));
#1687 = DIRECTION('',(0.,0.,1.));
#1688 = DIRECTION('',(1.,0.,0.));
#1689 = ORIENTED_EDGE('',*,*,#1660,.T.);
#1690 = CYLINDRICAL_SURFACE('',#1691,0.65);
#1691 = AXIS2_PLACEMENT_3D('',#1692,#1693,#1694);
#1692 = CARTESIAN_POINT('',(16.233293869714,9.372296585514,-0.1));
#1693 = DIRECTION('',(0.,0.,1.));
#1694 = DIRECTION('',(1.,0.,0.));
#1695 = ADVANCED_FACE('',(#1696),#1715,.T.);
#1696 = FACE_BOUND('',#1697,.T.);
#1697 = EDGE_LOOP('',(#1698,#1699,#1700,#1709));
#1698 = ORIENTED_EDGE('',*,*,#1346,.F.);
#1699 = ORIENTED_EDGE('',*,*,#1675,.F.);
#1700 = ORIENTED_EDGE('',*,*,#1701,.T.);
#1701 = EDGE_CURVE('',#1676,#1702,#1704,.T.);
#1702 = VERTEX_POINT('',#1703);
#1703 = CARTESIAN_POINT('',(15.6151566793,10.549197773406,0.7));
#1704 = CIRCLE('',#1705,18.844593171027);
#1705 = AXIS2_PLACEMENT_3D('',#1706,#1707,#1708);
#1706 = CARTESIAN_POINT('',(0.,0.,0.7));
#1707 = DIRECTION('',(0.,0.,1.));
#1708 = DIRECTION('',(1.,0.,0.));
#1709 = ORIENTED_EDGE('',*,*,#1710,.T.);
#1710 = EDGE_CURVE('',#1702,#1338,#1711,.T.);
#1711 = LINE('',#1712,#1713);
#1712 = CARTESIAN_POINT('',(15.6151566793,10.549197773406,0.));
#1713 = VECTOR('',#1714,1.);
#1714 = DIRECTION('',(0.,0.,1.));
#1715 = CYLINDRICAL_SURFACE('',#1716,18.844593171027);
#1716 = AXIS2_PLACEMENT_3D('',#1717,#1718,#1719);
#1717 = CARTESIAN_POINT('',(0.,0.,0.));
#1718 = DIRECTION('',(0.,0.,1.));
#1719 = DIRECTION('',(1.,0.,0.));
#1720 = ADVANCED_FACE('',(#1721),#1740,.F.);
#1721 = FACE_BOUND('',#1722,.F.);
#1722 = EDGE_LOOP('',(#1723,#1724,#1732,#1739));
#1723 = ORIENTED_EDGE('',*,*,#1337,.F.);
#1724 = ORIENTED_EDGE('',*,*,#1725,.F.);
#1725 = EDGE_CURVE('',#1726,#1329,#1728,.T.);
#1726 = VERTEX_POINT('',#1727);
#1727 = CARTESIAN_POINT('',(14.858232067816,11.591015123813,0.7));
#1728 = LINE('',#1729,#1730);
#1729 = CARTESIAN_POINT('',(14.858232067816,11.591015123813,0.));
#1730 = VECTOR('',#1731,1.);
#1731 = DIRECTION('',(0.,0.,1.));
#1732 = ORIENTED_EDGE('',*,*,#1733,.T.);
#1733 = EDGE_CURVE('',#1726,#1702,#1734,.T.);
#1734 = CIRCLE('',#1735,0.65);
#1735 = AXIS2_PLACEMENT_3D('',#1736,#1737,#1738);
#1736 = CARTESIAN_POINT('',(15.164694428006,11.017795426152,0.7));
#1737 = DIRECTION('',(0.,0.,1.));
#1738 = DIRECTION('',(1.,0.,0.));
#1739 = ORIENTED_EDGE('',*,*,#1710,.T.);
#1740 = CYLINDRICAL_SURFACE('',#1741,0.65);
#1741 = AXIS2_PLACEMENT_3D('',#1742,#1743,#1744);
#1742 = CARTESIAN_POINT('',(15.164694428006,11.017795426152,-0.1));
#1743 = DIRECTION('',(0.,0.,1.));
#1744 = DIRECTION('',(1.,0.,0.));
#1745 = ADVANCED_FACE('',(#1746),#1765,.T.);
#1746 = FACE_BOUND('',#1747,.T.);
#1747 = EDGE_LOOP('',(#1748,#1749,#1750,#1759));
#1748 = ORIENTED_EDGE('',*,*,#1328,.F.);
#1749 = ORIENTED_EDGE('',*,*,#1725,.F.);
#1750 = ORIENTED_EDGE('',*,*,#1751,.T.);
#1751 = EDGE_CURVE('',#1726,#1752,#1754,.T.);
#1752 = VERTEX_POINT('',#1753);
#1753 = CARTESIAN_POINT('',(14.426923785209,12.123636495594,0.7));
#1754 = CIRCLE('',#1755,18.844593171027);
#1755 = AXIS2_PLACEMENT_3D('',#1756,#1757,#1758);
#1756 = CARTESIAN_POINT('',(0.,0.,0.7));
#1757 = DIRECTION('',(0.,0.,1.));
#1758 = DIRECTION('',(1.,0.,0.));
#1759 = ORIENTED_EDGE('',*,*,#1760,.T.);
#1760 = EDGE_CURVE('',#1752,#1320,#1761,.T.);
#1761 = LINE('',#1762,#1763);
#1762 = CARTESIAN_POINT('',(14.426923785209,12.123636495594,0.));
#1763 = VECTOR('',#1764,1.);
#1764 = DIRECTION('',(0.,0.,1.));
#1765 = CYLINDRICAL_SURFACE('',#1766,18.844593171027);
#1766 = AXIS2_PLACEMENT_3D('',#1767,#1768,#1769);
#1767 = CARTESIAN_POINT('',(0.,0.,0.));
#1768 = DIRECTION('',(0.,0.,1.));
#1769 = DIRECTION('',(1.,0.,0.));
#1770 = ADVANCED_FACE('',(#1771),#1790,.F.);
#1771 = FACE_BOUND('',#1772,.F.);
#1772 = EDGE_LOOP('',(#1773,#1774,#1782,#1789));
#1773 = ORIENTED_EDGE('',*,*,#1319,.F.);
#1774 = ORIENTED_EDGE('',*,*,#1775,.F.);
#1775 = EDGE_CURVE('',#1776,#1311,#1778,.T.);
#1776 = VERTEX_POINT('',#1777);
#1777 = CARTESIAN_POINT('',(13.565246119301,13.0806264951,0.7));
#1778 = LINE('',#1779,#1780);
#1779 = CARTESIAN_POINT('',(13.565246119301,13.0806264951,0.));
#1780 = VECTOR('',#1781,1.);
#1781 = DIRECTION('',(0.,0.,1.));
#1782 = ORIENTED_EDGE('',*,*,#1783,.T.);
#1783 = EDGE_CURVE('',#1776,#1752,#1784,.T.);
#1784 = CIRCLE('',#1785,0.65);
#1785 = AXIS2_PLACEMENT_3D('',#1786,#1787,#1788);
#1786 = CARTESIAN_POINT('',(13.929947420728,12.54258099448,0.7));
#1787 = DIRECTION('',(0.,0.,1.));
#1788 = DIRECTION('',(1.,0.,0.));
#1789 = ORIENTED_EDGE('',*,*,#1760,.T.);
#1790 = CYLINDRICAL_SURFACE('',#1791,0.65);
#1791 = AXIS2_PLACEMENT_3D('',#1792,#1793,#1794);
#1792 = CARTESIAN_POINT('',(13.929947420728,12.54258099448,-0.1));
#1793 = DIRECTION('',(0.,0.,1.));
#1794 = DIRECTION('',(1.,0.,0.));
#1795 = ADVANCED_FACE('',(#1796),#1815,.T.);
#1796 = FACE_BOUND('',#1797,.T.);
#1797 = EDGE_LOOP('',(#1798,#1799,#1800,#1809));
#1798 = ORIENTED_EDGE('',*,*,#1310,.F.);
#1799 = ORIENTED_EDGE('',*,*,#1775,.F.);
#1800 = ORIENTED_EDGE('',*,*,#1801,.T.);
#1801 = EDGE_CURVE('',#1776,#1802,#1804,.T.);
#1802 = VERTEX_POINT('',#1803);
#1803 = CARTESIAN_POINT('',(13.0806264951,13.565246119301,0.7));
#1804 = CIRCLE('',#1805,18.844593171027);
#1805 = AXIS2_PLACEMENT_3D('',#1806,#1807,#1808);
#1806 = CARTESIAN_POINT('',(0.,0.,0.7));
#1807 = DIRECTION('',(0.,0.,1.));
#1808 = DIRECTION('',(1.,0.,0.));
#1809 = ORIENTED_EDGE('',*,*,#1810,.T.);
#1810 = EDGE_CURVE('',#1802,#1302,#1811,.T.);
#1811 = LINE('',#1812,#1813);
#1812 = CARTESIAN_POINT('',(13.0806264951,13.565246119301,0.));
#1813 = VECTOR('',#1814,1.);
#1814 = DIRECTION('',(0.,0.,1.));
#1815 = CYLINDRICAL_SURFACE('',#1816,18.844593171027);
#1816 = AXIS2_PLACEMENT_3D('',#1817,#1818,#1819);
#1817 = CARTESIAN_POINT('',(0.,0.,0.));
#1818 = DIRECTION('',(0.,0.,1.));
#1819 = DIRECTION('',(1.,0.,0.));
#1820 = ADVANCED_FACE('',(#1821),#1840,.F.);
#1821 = FACE_BOUND('',#1822,.F.);
#1822 = EDGE_LOOP('',(#1823,#1824,#1832,#1839));
#1823 = ORIENTED_EDGE('',*,*,#1301,.F.);
#1824 = ORIENTED_EDGE('',*,*,#1825,.F.);
#1825 = EDGE_CURVE('',#1826,#1293,#1828,.T.);
#1826 = VERTEX_POINT('',#1827);
#1827 = CARTESIAN_POINT('',(12.123636495594,14.426923785209,0.7));
#1828 = LINE('',#1829,#1830);
#1829 = CARTESIAN_POINT('',(12.123636495594,14.426923785209,0.));
#1830 = VECTOR('',#1831,1.);
#1831 = DIRECTION('',(0.,0.,1.));
#1832 = ORIENTED_EDGE('',*,*,#1833,.T.);
#1833 = EDGE_CURVE('',#1826,#1802,#1834,.T.);
#1834 = CIRCLE('',#1835,0.65);
#1835 = AXIS2_PLACEMENT_3D('',#1836,#1837,#1838);
#1836 = CARTESIAN_POINT('',(12.54258099448,13.929947420728,0.7));
#1837 = DIRECTION('',(0.,0.,1.));
#1838 = DIRECTION('',(1.,0.,0.));
#1839 = ORIENTED_EDGE('',*,*,#1810,.T.);
#1840 = CYLINDRICAL_SURFACE('',#1841,0.65);
#1841 = AXIS2_PLACEMENT_3D('',#1842,#1843,#1844);
#1842 = CARTESIAN_POINT('',(12.54258099448,13.929947420728,-0.1));
#1843 = DIRECTION('',(0.,0.,1.));
#1844 = DIRECTION('',(1.,0.,0.));
#1845 = ADVANCED_FACE('',(#1846),#1865,.T.);
#1846 = FACE_BOUND('',#1847,.T.);
#1847 = EDGE_LOOP('',(#1848,#1849,#1850,#1859));
#1848 = ORIENTED_EDGE('',*,*,#1292,.F.);
#1849 = ORIENTED_EDGE('',*,*,#1825,.F.);
#1850 = ORIENTED_EDGE('',*,*,#1851,.T.);
#1851 = EDGE_CURVE('',#1826,#1852,#1854,.T.);
#1852 = VERTEX_POINT('',#1853);
#1853 = CARTESIAN_POINT('',(11.591015123813,14.858232067816,0.7));
#1854 = CIRCLE('',#1855,18.844593171027);
#1855 = AXIS2_PLACEMENT_3D('',#1856,#1857,#1858);
#1856 = CARTESIAN_POINT('',(0.,0.,0.7));
#1857 = DIRECTION('',(0.,0.,1.));
#1858 = DIRECTION('',(1.,0.,0.));
#1859 = ORIENTED_EDGE('',*,*,#1860,.T.);
#1860 = EDGE_CURVE('',#1852,#1284,#1861,.T.);
#1861 = LINE('',#1862,#1863);
#1862 = CARTESIAN_POINT('',(11.591015123813,14.858232067816,0.));
#1863 = VECTOR('',#1864,1.);
#1864 = DIRECTION('',(0.,0.,1.));
#1865 = CYLINDRICAL_SURFACE('',#1866,18.844593171027);
#1866 = AXIS2_PLACEMENT_3D('',#1867,#1868,#1869);
#1867 = CARTESIAN_POINT('',(0.,0.,0.));
#1868 = DIRECTION('',(0.,0.,1.));
#1869 = DIRECTION('',(1.,0.,0.));
#1870 = ADVANCED_FACE('',(#1871),#1890,.F.);
#1871 = FACE_BOUND('',#1872,.F.);
#1872 = EDGE_LOOP('',(#1873,#1874,#1882,#1889));
#1873 = ORIENTED_EDGE('',*,*,#1283,.F.);
#1874 = ORIENTED_EDGE('',*,*,#1875,.F.);
#1875 = EDGE_CURVE('',#1876,#1275,#1878,.T.);
#1876 = VERTEX_POINT('',#1877);
#1877 = CARTESIAN_POINT('',(10.549197773406,15.6151566793,0.7));
#1878 = LINE('',#1879,#1880);
#1879 = CARTESIAN_POINT('',(10.549197773406,15.6151566793,0.));
#1880 = VECTOR('',#1881,1.);
#1881 = DIRECTION('',(0.,0.,1.));
#1882 = ORIENTED_EDGE('',*,*,#1883,.T.);
#1883 = EDGE_CURVE('',#1876,#1852,#1884,.T.);
#1884 = CIRCLE('',#1885,0.65);
#1885 = AXIS2_PLACEMENT_3D('',#1886,#1887,#1888);
#1886 = CARTESIAN_POINT('',(11.017795426152,15.164694428006,0.7));
#1887 = DIRECTION('',(0.,0.,1.));
#1888 = DIRECTION('',(1.,0.,0.));
#1889 = ORIENTED_EDGE('',*,*,#1860,.T.);
#1890 = CYLINDRICAL_SURFACE('',#1891,0.65);
#1891 = AXIS2_PLACEMENT_3D('',#1892,#1893,#1894);
#1892 = CARTESIAN_POINT('',(11.017795426152,15.164694428006,-0.1));
#1893 = DIRECTION('',(0.,0.,1.));
#1894 = DIRECTION('',(1.,0.,0.));
#1895 = ADVANCED_FACE('',(#1896),#1915,.T.);
#1896 = FACE_BOUND('',#1897,.T.);
#1897 = EDGE_LOOP('',(#1898,#1899,#1900,#1909));
#1898 = ORIENTED_EDGE('',*,*,#1274,.F.);
#1899 = ORIENTED_EDGE('',*,*,#1875,.F.);
#1900 = ORIENTED_EDGE('',*,*,#1901,.T.);
#1901 = EDGE_CURVE('',#1876,#1902,#1904,.T.);
#1902 = VERTEX_POINT('',#1903);
#1903 = CARTESIAN_POINT('',(9.974410165254,15.98842811651,0.7));
#1904 = CIRCLE('',#1905,18.844593171027);
#1905 = AXIS2_PLACEMENT_3D('',#1906,#1907,#1908);
#1906 = CARTESIAN_POINT('',(0.,0.,0.7));
#1907 = DIRECTION('',(0.,0.,1.));
#1908 = DIRECTION('',(1.,0.,0.));
#1909 = ORIENTED_EDGE('',*,*,#1910,.T.);
#1910 = EDGE_CURVE('',#1902,#1266,#1911,.T.);
#1911 = LINE('',#1912,#1913);
#1912 = CARTESIAN_POINT('',(9.974410165254,15.98842811651,0.));
#1913 = VECTOR('',#1914,1.);
#1914 = DIRECTION('',(0.,0.,1.));
#1915 = CYLINDRICAL_SURFACE('',#1916,18.844593171027);
#1916 = AXIS2_PLACEMENT_3D('',#1917,#1918,#1919);
#1917 = CARTESIAN_POINT('',(0.,0.,0.));
#1918 = DIRECTION('',(0.,0.,1.));
#1919 = DIRECTION('',(1.,0.,0.));
#1920 = ADVANCED_FACE('',(#1921),#1940,.F.);
#1921 = FACE_BOUND('',#1922,.F.);
#1922 = EDGE_LOOP('',(#1923,#1924,#1932,#1939));
#1923 = ORIENTED_EDGE('',*,*,#1265,.F.);
#1924 = ORIENTED_EDGE('',*,*,#1925,.F.);
#1925 = EDGE_CURVE('',#1926,#1257,#1928,.T.);
#1926 = VERTEX_POINT('',#1927);
#1927 = CARTESIAN_POINT('',(8.859179832852,16.632306649131,0.7));
#1928 = LINE('',#1929,#1930);
#1929 = CARTESIAN_POINT('',(8.859179832852,16.632306649131,0.));
#1930 = VECTOR('',#1931,1.);
#1931 = DIRECTION('',(0.,0.,1.));
#1932 = ORIENTED_EDGE('',*,*,#1933,.T.);
#1933 = EDGE_CURVE('',#1926,#1902,#1934,.T.);
#1934 = CIRCLE('',#1935,0.65);
#1935 = AXIS2_PLACEMENT_3D('',#1936,#1937,#1938);
#1936 = CARTESIAN_POINT('',(9.372296585514,16.233293869714,0.7));
#1937 = DIRECTION('',(0.,0.,1.));
#1938 = DIRECTION('',(1.,0.,0.));
#1939 = ORIENTED_EDGE('',*,*,#1910,.T.);
#1940 = CYLINDRICAL_SURFACE('',#1941,0.65);
#1941 = AXIS2_PLACEMENT_3D('',#1942,#1943,#1944);
#1942 = CARTESIAN_POINT('',(9.372296585514,16.233293869714,-0.1));
#1943 = DIRECTION('',(0.,0.,1.));
#1944 = DIRECTION('',(1.,0.,0.));
#1945 = ADVANCED_FACE('',(#1946),#1965,.T.);
#1946 = FACE_BOUND('',#1947,.T.);
#1947 = EDGE_LOOP('',(#1948,#1949,#1950,#1959));
#1948 = ORIENTED_EDGE('',*,*,#1256,.F.);
#1949 = ORIENTED_EDGE('',*,*,#1925,.F.);
#1950 = ORIENTED_EDGE('',*,*,#1951,.T.);
#1951 = EDGE_CURVE('',#1926,#1952,#1954,.T.);
#1952 = VERTEX_POINT('',#1953);
#1953 = CARTESIAN_POINT('',(8.248523481645,16.943451600966,0.7));
#1954 = CIRCLE('',#1955,18.844593171027);
#1955 = AXIS2_PLACEMENT_3D('',#1956,#1957,#1958);
#1956 = CARTESIAN_POINT('',(0.,0.,0.7));
#1957 = DIRECTION('',(0.,0.,1.));
#1958 = DIRECTION('',(1.,0.,0.));
#1959 = ORIENTED_EDGE('',*,*,#1960,.T.);
#1960 = EDGE_CURVE('',#1952,#1248,#1961,.T.);
#1961 = LINE('',#1962,#1963);
#1962 = CARTESIAN_POINT('',(8.248523481645,16.943451600966,0.));
#1963 = VECTOR('',#1964,1.);
#1964 = DIRECTION('',(0.,0.,1.));
#1965 = CYLINDRICAL_SURFACE('',#1966,18.844593171027);
#1966 = AXIS2_PLACEMENT_3D('',#1967,#1968,#1969);
#1967 = CARTESIAN_POINT('',(0.,0.,0.));
#1968 = DIRECTION('',(0.,0.,1.));
#1969 = DIRECTION('',(1.,0.,0.));
#1970 = ADVANCED_FACE('',(#1971),#1990,.F.);
#1971 = FACE_BOUND('',#1972,.F.);
#1972 = EDGE_LOOP('',(#1973,#1974,#1982,#1989));
#1973 = ORIENTED_EDGE('',*,*,#1247,.F.);
#1974 = ORIENTED_EDGE('',*,*,#1975,.F.);
#1975 = EDGE_CURVE('',#1976,#1239,#1978,.T.);
#1976 = VERTEX_POINT('',#1977);
#1977 = CARTESIAN_POINT('',(7.072098864146,17.46722958678,0.7));
#1978 = LINE('',#1979,#1980);
#1979 = CARTESIAN_POINT('',(7.072098864146,17.46722958678,0.));
#1980 = VECTOR('',#1981,1.);
#1981 = DIRECTION('',(0.,0.,1.));
#1982 = ORIENTED_EDGE('',*,*,#1983,.T.);
#1983 = EDGE_CURVE('',#1976,#1952,#1984,.T.);
#1984 = CIRCLE('',#1985,0.65);
#1985 = AXIS2_PLACEMENT_3D('',#1986,#1987,#1988);
#1986 = CARTESIAN_POINT('',(7.624112902205,17.124037946751,0.7));
#1987 = DIRECTION('',(0.,0.,1.));
#1988 = DIRECTION('',(1.,0.,0.));
#1989 = ORIENTED_EDGE('',*,*,#1960,.T.);
#1990 = CYLINDRICAL_SURFACE('',#1991,0.65);
#1991 = AXIS2_PLACEMENT_3D('',#1992,#1993,#1994);
#1992 = CARTESIAN_POINT('',(7.624112902205,17.124037946751,-0.1));
#1993 = DIRECTION('',(0.,0.,1.));
#1994 = DIRECTION('',(1.,0.,0.));
#1995 = ADVANCED_FACE('',(#1996),#2015,.T.);
#1996 = FACE_BOUND('',#1997,.T.);
#1997 = EDGE_LOOP('',(#1998,#1999,#2000,#2009));
#1998 = ORIENTED_EDGE('',*,*,#1238,.F.);
#1999 = ORIENTED_EDGE('',*,*,#1975,.F.);
#2000 = ORIENTED_EDGE('',*,*,#2001,.T.);
#2001 = EDGE_CURVE('',#1976,#2002,#2004,.T.);
#2002 = VERTEX_POINT('',#2003);
#2003 = CARTESIAN_POINT('',(6.432264248656,17.712839084037,0.7));
#2004 = CIRCLE('',#2005,18.844593171027);
#2005 = AXIS2_PLACEMENT_3D('',#2006,#2007,#2008);
#2006 = CARTESIAN_POINT('',(0.,0.,0.7));
#2007 = DIRECTION('',(0.,0.,1.));
#2008 = DIRECTION('',(1.,0.,0.));
#2009 = ORIENTED_EDGE('',*,*,#2010,.T.);
#2010 = EDGE_CURVE('',#2002,#1230,#2011,.T.);
#2011 = LINE('',#2012,#2013);
#2012 = CARTESIAN_POINT('',(6.432264248656,17.712839084037,0.));
#2013 = VECTOR('',#2014,1.);
#2014 = DIRECTION('',(0.,0.,1.));
#2015 = CYLINDRICAL_SURFACE('',#2016,18.844593171027);
#2016 = AXIS2_PLACEMENT_3D('',#2017,#2018,#2019);
#2017 = CARTESIAN_POINT('',(0.,0.,0.));
#2018 = DIRECTION('',(0.,0.,1.));
#2019 = DIRECTION('',(1.,0.,0.));
#2020 = ADVANCED_FACE('',(#2021),#2040,.F.);
#2021 = FACE_BOUND('',#2022,.F.);
#2022 = EDGE_LOOP('',(#2023,#2024,#2032,#2039));
#2023 = ORIENTED_EDGE('',*,*,#1229,.F.);
#2024 = ORIENTED_EDGE('',*,*,#2025,.F.);
#2025 = EDGE_CURVE('',#2026,#1221,#2028,.T.);
#2026 = VERTEX_POINT('',#2027);
#2027 = CARTESIAN_POINT('',(5.207534500353,18.110777901823,0.7));
#2028 = LINE('',#2029,#2030);
#2029 = CARTESIAN_POINT('',(5.207534500353,18.110777901823,0.));
#2030 = VECTOR('',#2031,1.);
#2031 = DIRECTION('',(0.,0.,1.));
#2032 = ORIENTED_EDGE('',*,*,#2033,.T.);
#2033 = EDGE_CURVE('',#2026,#2002,#2034,.T.);
#2034 = CIRCLE('',#2035,0.65);
#2035 = AXIS2_PLACEMENT_3D('',#2036,#2037,#2038);
#2036 = CARTESIAN_POINT('',(5.792397842492,17.827167480607,0.7));
#2037 = DIRECTION('',(0.,0.,1.));
#2038 = DIRECTION('',(1.,0.,0.));
#2039 = ORIENTED_EDGE('',*,*,#2010,.T.);
#2040 = CYLINDRICAL_SURFACE('',#2041,0.65);
#2041 = AXIS2_PLACEMENT_3D('',#2042,#2043,#2044);
#2042 = CARTESIAN_POINT('',(5.792397842492,17.827167480607,-0.1));
#2043 = DIRECTION('',(0.,0.,1.));
#2044 = DIRECTION('',(1.,0.,0.));
#2045 = ADVANCED_FACE('',(#2046),#2065,.T.);
#2046 = FACE_BOUND('',#2047,.T.);
#2047 = EDGE_LOOP('',(#2048,#2049,#2050,#2059));
#2048 = ORIENTED_EDGE('',*,*,#1220,.F.);
#2049 = ORIENTED_EDGE('',*,*,#2025,.F.);
#2050 = ORIENTED_EDGE('',*,*,#2051,.T.);
#2051 = EDGE_CURVE('',#2026,#2052,#2054,.T.);
#2052 = VERTEX_POINT('',#2053);
#2053 = CARTESIAN_POINT('',(4.545531782522,18.288160995453,0.7));
#2054 = CIRCLE('',#2055,18.844593171027);
#2055 = AXIS2_PLACEMENT_3D('',#2056,#2057,#2058);
#2056 = CARTESIAN_POINT('',(0.,0.,0.7));
#2057 = DIRECTION('',(0.,0.,1.));
#2058 = DIRECTION('',(1.,0.,0.));
#2059 = ORIENTED_EDGE('',*,*,#2060,.T.);
#2060 = EDGE_CURVE('',#2052,#1212,#2061,.T.);
#2061 = LINE('',#2062,#2063);
#2062 = CARTESIAN_POINT('',(4.545531782522,18.288160995453,0.));
#2063 = VECTOR('',#2064,1.);
#2064 = DIRECTION('',(0.,0.,1.));
#2065 = CYLINDRICAL_SURFACE('',#2066,18.844593171027);
#2066 = AXIS2_PLACEMENT_3D('',#2067,#2068,#2069);
#2067 = CARTESIAN_POINT('',(0.,0.,0.));
#2068 = DIRECTION('',(0.,0.,1.));
#2069 = DIRECTION('',(1.,0.,0.));
#2070 = ADVANCED_FACE('',(#2071),#2090,.F.);
#2071 = FACE_BOUND('',#2072,.F.);
#2072 = EDGE_LOOP('',(#2073,#2074,#2082,#2089));
#2073 = ORIENTED_EDGE('',*,*,#1211,.F.);
#2074 = ORIENTED_EDGE('',*,*,#2075,.F.);
#2075 = EDGE_CURVE('',#2076,#1203,#2078,.T.);
#2076 = VERTEX_POINT('',#2077);
#2077 = CARTESIAN_POINT('',(3.285915298828,18.55590074425,0.7));
#2078 = LINE('',#2079,#2080);
#2079 = CARTESIAN_POINT('',(3.285915298828,18.55590074425,0.));
#2080 = VECTOR('',#2081,1.);
#2081 = DIRECTION('',(0.,0.,1.));
#2082 = ORIENTED_EDGE('',*,*,#2083,.T.);
#2083 = EDGE_CURVE('',#2076,#2052,#2084,.T.);
#2084 = CIRCLE('',#2085,0.65);
#2085 = AXIS2_PLACEMENT_3D('',#2086,#2087,#2088);
#2086 = CARTESIAN_POINT('',(3.897220059879,18.334978836972,0.7));
#2087 = DIRECTION('',(0.,0.,1.));
#2088 = DIRECTION('',(1.,0.,0.));
#2089 = ORIENTED_EDGE('',*,*,#2060,.T.);
#2090 = CYLINDRICAL_SURFACE('',#2091,0.65);
#2091 = AXIS2_PLACEMENT_3D('',#2092,#2093,#2094);
#2092 = CARTESIAN_POINT('',(3.897220059879,18.334978836972,-0.1));
#2093 = DIRECTION('',(0.,0.,1.));
#2094 = DIRECTION('',(1.,0.,0.));
#2095 = ADVANCED_FACE('',(#2096),#2115,.T.);
#2096 = FACE_BOUND('',#2097,.T.);
#2097 = EDGE_LOOP('',(#2098,#2099,#2100,#2109));
#2098 = ORIENTED_EDGE('',*,*,#1202,.F.);
#2099 = ORIENTED_EDGE('',*,*,#2075,.F.);
#2100 = ORIENTED_EDGE('',*,*,#2101,.T.);
#2101 = EDGE_CURVE('',#2076,#2102,#2104,.T.);
#2102 = VERTEX_POINT('',#2103);
#2103 = CARTESIAN_POINT('',(2.608997518964,18.66311398796,0.7));
#2104 = CIRCLE('',#2105,18.844593171027);
#2105 = AXIS2_PLACEMENT_3D('',#2106,#2107,#2108);
#2106 = CARTESIAN_POINT('',(0.,0.,0.7));
#2107 = DIRECTION('',(0.,0.,1.));
#2108 = DIRECTION('',(1.,0.,0.));
#2109 = ORIENTED_EDGE('',*,*,#2110,.T.);
#2110 = EDGE_CURVE('',#2102,#1194,#2111,.T.);
#2111 = LINE('',#2112,#2113);
#2112 = CARTESIAN_POINT('',(2.608997518964,18.66311398796,0.));
#2113 = VECTOR('',#2114,1.);
#2114 = DIRECTION('',(0.,0.,1.));
#2115 = CYLINDRICAL_SURFACE('',#2116,18.844593171027);
#2116 = AXIS2_PLACEMENT_3D('',#2117,#2118,#2119);
#2117 = CARTESIAN_POINT('',(0.,0.,0.));
#2118 = DIRECTION('',(0.,0.,1.));
#2119 = DIRECTION('',(1.,0.,0.));
#2120 = ADVANCED_FACE('',(#2121),#2147,.T.);
#2121 = FACE_BOUND('',#2122,.T.);
#2122 = EDGE_LOOP('',(#2123,#2124,#2132,#2141));
#2123 = ORIENTED_EDGE('',*,*,#1175,.F.);
#2124 = ORIENTED_EDGE('',*,*,#2125,.F.);
#2125 = EDGE_CURVE('',#2126,#1176,#2128,.T.);
#2126 = VERTEX_POINT('',#2127);
#2127 = CARTESIAN_POINT('',(1.328294921666,18.797721255051,0.7));
#2128 = LINE('',#2129,#2130);
#2129 = CARTESIAN_POINT('',(1.328294921666,18.797721255051,0.));
#2130 = VECTOR('',#2131,1.);
#2131 = DIRECTION('',(0.,0.,1.));
#2132 = ORIENTED_EDGE('',*,*,#2133,.T.);
#2133 = EDGE_CURVE('',#2126,#2134,#2136,.T.);
#2134 = VERTEX_POINT('',#2135);
#2135 = CARTESIAN_POINT('',(0.643878532621,18.833589998106,0.7));
#2136 = CIRCLE('',#2137,18.844593171027);
#2137 = AXIS2_PLACEMENT_3D('',#2138,#2139,#2140);
#2138 = CARTESIAN_POINT('',(0.,0.,0.7));
#2139 = DIRECTION('',(0.,0.,1.));
#2140 = DIRECTION('',(1.,0.,0.));
#2141 = ORIENTED_EDGE('',*,*,#2142,.T.);
#2142 = EDGE_CURVE('',#2134,#1167,#2143,.T.);
#2143 = LINE('',#2144,#2145);
#2144 = CARTESIAN_POINT('',(0.643878532621,18.833589998106,0.));
#2145 = VECTOR('',#2146,1.);
#2146 = DIRECTION('',(0.,0.,1.));
#2147 = CYLINDRICAL_SURFACE('',#2148,18.844593171027);
#2148 = AXIS2_PLACEMENT_3D('',#2149,#2150,#2151);
#2149 = CARTESIAN_POINT('',(0.,0.,0.));
#2150 = DIRECTION('',(0.,0.,1.));
#2151 = DIRECTION('',(1.,0.,0.));
#2152 = ADVANCED_FACE('',(#2153),#2179,.T.);
#2153 = FACE_BOUND('',#2154,.T.);
#2154 = EDGE_LOOP('',(#2155,#2156,#2164,#2173));
#2155 = ORIENTED_EDGE('',*,*,#1148,.F.);
#2156 = ORIENTED_EDGE('',*,*,#2157,.F.);
#2157 = EDGE_CURVE('',#2158,#1149,#2160,.T.);
#2158 = VERTEX_POINT('',#2159);
#2159 = CARTESIAN_POINT('',(-0.643878532621,18.833589998106,0.7));
#2160 = LINE('',#2161,#2162);
#2161 = CARTESIAN_POINT('',(-0.643878532621,18.833589998106,0.));
#2162 = VECTOR('',#2163,1.);
#2163 = DIRECTION('',(0.,0.,1.));
#2164 = ORIENTED_EDGE('',*,*,#2165,.T.);
#2165 = EDGE_CURVE('',#2158,#2166,#2168,.T.);
#2166 = VERTEX_POINT('',#2167);
#2167 = CARTESIAN_POINT('',(-1.328294921666,18.797721255051,0.7));
#2168 = CIRCLE('',#2169,18.844593171027);
#2169 = AXIS2_PLACEMENT_3D('',#2170,#2171,#2172);
#2170 = CARTESIAN_POINT('',(0.,0.,0.7));
#2171 = DIRECTION('',(0.,0.,1.));
#2172 = DIRECTION('',(1.,0.,0.));
#2173 = ORIENTED_EDGE('',*,*,#2174,.T.);
#2174 = EDGE_CURVE('',#2166,#1140,#2175,.T.);
#2175 = LINE('',#2176,#2177);
#2176 = CARTESIAN_POINT('',(-1.328294921666,18.797721255051,0.));
#2177 = VECTOR('',#2178,1.);
#2178 = DIRECTION('',(0.,0.,1.));
#2179 = CYLINDRICAL_SURFACE('',#2180,18.844593171027);
#2180 = AXIS2_PLACEMENT_3D('',#2181,#2182,#2183);
#2181 = CARTESIAN_POINT('',(0.,0.,0.));
#2182 = DIRECTION('',(0.,0.,1.));
#2183 = DIRECTION('',(1.,0.,0.));
#2184 = ADVANCED_FACE('',(#2185),#2211,.T.);
#2185 = FACE_BOUND('',#2186,.T.);
#2186 = EDGE_LOOP('',(#2187,#2188,#2196,#2205));
#2187 = ORIENTED_EDGE('',*,*,#1121,.F.);
#2188 = ORIENTED_EDGE('',*,*,#2189,.F.);
#2189 = EDGE_CURVE('',#2190,#1122,#2192,.T.);
#2190 = VERTEX_POINT('',#2191);
#2191 = CARTESIAN_POINT('',(-2.608997518964,18.66311398796,0.7));
#2192 = LINE('',#2193,#2194);
#2193 = CARTESIAN_POINT('',(-2.608997518964,18.66311398796,0.));
#2194 = VECTOR('',#2195,1.);
#2195 = DIRECTION('',(0.,0.,1.));
#2196 = ORIENTED_EDGE('',*,*,#2197,.T.);
#2197 = EDGE_CURVE('',#2190,#2198,#2200,.T.);
#2198 = VERTEX_POINT('',#2199);
#2199 = CARTESIAN_POINT('',(-3.285915298828,18.55590074425,0.7));
#2200 = CIRCLE('',#2201,18.844593171027);
#2201 = AXIS2_PLACEMENT_3D('',#2202,#2203,#2204);
#2202 = CARTESIAN_POINT('',(0.,0.,0.7));
#2203 = DIRECTION('',(0.,0.,1.));
#2204 = DIRECTION('',(1.,0.,0.));
#2205 = ORIENTED_EDGE('',*,*,#2206,.T.);
#2206 = EDGE_CURVE('',#2198,#1113,#2207,.T.);
#2207 = LINE('',#2208,#2209);
#2208 = CARTESIAN_POINT('',(-3.285915298828,18.55590074425,0.));
#2209 = VECTOR('',#2210,1.);
#2210 = DIRECTION('',(0.,0.,1.));
#2211 = CYLINDRICAL_SURFACE('',#2212,18.844593171027);
#2212 = AXIS2_PLACEMENT_3D('',#2213,#2214,#2215);
#2213 = CARTESIAN_POINT('',(0.,0.,0.));
#2214 = DIRECTION('',(0.,0.,1.));
#2215 = DIRECTION('',(1.,0.,0.));
#2216 = ADVANCED_FACE('',(#2217),#2243,.T.);
#2217 = FACE_BOUND('',#2218,.T.);
#2218 = EDGE_LOOP('',(#2219,#2220,#2228,#2237));
#2219 = ORIENTED_EDGE('',*,*,#1094,.F.);
#2220 = ORIENTED_EDGE('',*,*,#2221,.F.);
#2221 = EDGE_CURVE('',#2222,#1095,#2224,.T.);
#2222 = VERTEX_POINT('',#2223);
#2223 = CARTESIAN_POINT('',(-4.545531782522,18.288160995453,0.7));
#2224 = LINE('',#2225,#2226);
#2225 = CARTESIAN_POINT('',(-4.545531782522,18.288160995453,0.));
#2226 = VECTOR('',#2227,1.);
#2227 = DIRECTION('',(0.,0.,1.));
#2228 = ORIENTED_EDGE('',*,*,#2229,.T.);
#2229 = EDGE_CURVE('',#2222,#2230,#2232,.T.);
#2230 = VERTEX_POINT('',#2231);
#2231 = CARTESIAN_POINT('',(-5.207534500353,18.110777901823,0.7));
#2232 = CIRCLE('',#2233,18.844593171027);
#2233 = AXIS2_PLACEMENT_3D('',#2234,#2235,#2236);
#2234 = CARTESIAN_POINT('',(0.,0.,0.7));
#2235 = DIRECTION('',(0.,0.,1.));
#2236 = DIRECTION('',(1.,0.,0.));
#2237 = ORIENTED_EDGE('',*,*,#2238,.T.);
#2238 = EDGE_CURVE('',#2230,#1086,#2239,.T.);
#2239 = LINE('',#2240,#2241);
#2240 = CARTESIAN_POINT('',(-5.207534500353,18.110777901823,0.));
#2241 = VECTOR('',#2242,1.);
#2242 = DIRECTION('',(0.,0.,1.));
#2243 = CYLINDRICAL_SURFACE('',#2244,18.844593171027);
#2244 = AXIS2_PLACEMENT_3D('',#2245,#2246,#2247);
#2245 = CARTESIAN_POINT('',(0.,0.,0.));
#2246 = DIRECTION('',(0.,0.,1.));
#2247 = DIRECTION('',(1.,0.,0.));
#2248 = ADVANCED_FACE('',(#2249),#2275,.T.);
#2249 = FACE_BOUND('',#2250,.T.);
#2250 = EDGE_LOOP('',(#2251,#2252,#2260,#2269));
#2251 = ORIENTED_EDGE('',*,*,#1067,.F.);
#2252 = ORIENTED_EDGE('',*,*,#2253,.F.);
#2253 = EDGE_CURVE('',#2254,#1068,#2256,.T.);
#2254 = VERTEX_POINT('',#2255);
#2255 = CARTESIAN_POINT('',(-6.432264248656,17.712839084037,0.7));
#2256 = LINE('',#2257,#2258);
#2257 = CARTESIAN_POINT('',(-6.432264248656,17.712839084037,0.));
#2258 = VECTOR('',#2259,1.);
#2259 = DIRECTION('',(0.,0.,1.));
#2260 = ORIENTED_EDGE('',*,*,#2261,.T.);
#2261 = EDGE_CURVE('',#2254,#2262,#2264,.T.);
#2262 = VERTEX_POINT('',#2263);
#2263 = CARTESIAN_POINT('',(-7.072098864146,17.46722958678,0.7));
#2264 = CIRCLE('',#2265,18.844593171027);
#2265 = AXIS2_PLACEMENT_3D('',#2266,#2267,#2268);
#2266 = CARTESIAN_POINT('',(0.,0.,0.7));
#2267 = DIRECTION('',(0.,0.,1.));
#2268 = DIRECTION('',(1.,0.,0.));
#2269 = ORIENTED_EDGE('',*,*,#2270,.T.);
#2270 = EDGE_CURVE('',#2262,#1059,#2271,.T.);
#2271 = LINE('',#2272,#2273);
#2272 = CARTESIAN_POINT('',(-7.072098864146,17.46722958678,0.));
#2273 = VECTOR('',#2274,1.);
#2274 = DIRECTION('',(0.,0.,1.));
#2275 = CYLINDRICAL_SURFACE('',#2276,18.844593171027);
#2276 = AXIS2_PLACEMENT_3D('',#2277,#2278,#2279);
#2277 = CARTESIAN_POINT('',(0.,0.,0.));
#2278 = DIRECTION('',(0.,0.,1.));
#2279 = DIRECTION('',(1.,0.,0.));
#2280 = ADVANCED_FACE('',(#2281),#2307,.T.);
#2281 = FACE_BOUND('',#2282,.T.);
#2282 = EDGE_LOOP('',(#2283,#2284,#2292,#2301));
#2283 = ORIENTED_EDGE('',*,*,#1040,.F.);
#2284 = ORIENTED_EDGE('',*,*,#2285,.F.);
#2285 = EDGE_CURVE('',#2286,#1041,#2288,.T.);
#2286 = VERTEX_POINT('',#2287);
#2287 = CARTESIAN_POINT('',(-8.248523481645,16.943451600966,0.7));
#2288 = LINE('',#2289,#2290);
#2289 = CARTESIAN_POINT('',(-8.248523481645,16.943451600966,0.));
#2290 = VECTOR('',#2291,1.);
#2291 = DIRECTION('',(0.,0.,1.));
#2292 = ORIENTED_EDGE('',*,*,#2293,.T.);
#2293 = EDGE_CURVE('',#2286,#2294,#2296,.T.);
#2294 = VERTEX_POINT('',#2295);
#2295 = CARTESIAN_POINT('',(-8.859179832852,16.632306649131,0.7));
#2296 = CIRCLE('',#2297,18.844593171027);
#2297 = AXIS2_PLACEMENT_3D('',#2298,#2299,#2300);
#2298 = CARTESIAN_POINT('',(0.,0.,0.7));
#2299 = DIRECTION('',(0.,0.,1.));
#2300 = DIRECTION('',(1.,0.,0.));
#2301 = ORIENTED_EDGE('',*,*,#2302,.T.);
#2302 = EDGE_CURVE('',#2294,#1032,#2303,.T.);
#2303 = LINE('',#2304,#2305);
#2304 = CARTESIAN_POINT('',(-8.859179832852,16.632306649131,0.));
#2305 = VECTOR('',#2306,1.);
#2306 = DIRECTION('',(0.,0.,1.));
#2307 = CYLINDRICAL_SURFACE('',#2308,18.844593171027);
#2308 = AXIS2_PLACEMENT_3D('',#2309,#2310,#2311);
#2309 = CARTESIAN_POINT('',(0.,0.,0.));
#2310 = DIRECTION('',(0.,0.,1.));
#2311 = DIRECTION('',(1.,0.,0.));
#2312 = ADVANCED_FACE('',(#2313),#2339,.T.);
#2313 = FACE_BOUND('',#2314,.T.);
#2314 = EDGE_LOOP('',(#2315,#2316,#2324,#2333));
#2315 = ORIENTED_EDGE('',*,*,#1013,.F.);
#2316 = ORIENTED_EDGE('',*,*,#2317,.F.);
#2317 = EDGE_CURVE('',#2318,#1014,#2320,.T.);
#2318 = VERTEX_POINT('',#2319);
#2319 = CARTESIAN_POINT('',(-9.974410165254,15.98842811651,0.7));
#2320 = LINE('',#2321,#2322);
#2321 = CARTESIAN_POINT('',(-9.974410165254,15.98842811651,0.));
#2322 = VECTOR('',#2323,1.);
#2323 = DIRECTION('',(0.,0.,1.));
#2324 = ORIENTED_EDGE('',*,*,#2325,.T.);
#2325 = EDGE_CURVE('',#2318,#2326,#2328,.T.);
#2326 = VERTEX_POINT('',#2327);
#2327 = CARTESIAN_POINT('',(-10.5491977734,15.6151566793,0.7));
#2328 = CIRCLE('',#2329,18.844593171027);
#2329 = AXIS2_PLACEMENT_3D('',#2330,#2331,#2332);
#2330 = CARTESIAN_POINT('',(0.,0.,0.7));
#2331 = DIRECTION('',(0.,0.,1.));
#2332 = DIRECTION('',(1.,0.,0.));
#2333 = ORIENTED_EDGE('',*,*,#2334,.T.);
#2334 = EDGE_CURVE('',#2326,#1005,#2335,.T.);
#2335 = LINE('',#2336,#2337);
#2336 = CARTESIAN_POINT('',(-10.5491977734,15.6151566793,0.));
#2337 = VECTOR('',#2338,1.);
#2338 = DIRECTION('',(0.,0.,1.));
#2339 = CYLINDRICAL_SURFACE('',#2340,18.844593171027);
#2340 = AXIS2_PLACEMENT_3D('',#2341,#2342,#2343);
#2341 = CARTESIAN_POINT('',(0.,0.,0.));
#2342 = DIRECTION('',(0.,0.,1.));
#2343 = DIRECTION('',(1.,0.,0.));
#2344 = ADVANCED_FACE('',(#2345),#2371,.T.);
#2345 = FACE_BOUND('',#2346,.T.);
#2346 = EDGE_LOOP('',(#2347,#2348,#2356,#2365));
#2347 = ORIENTED_EDGE('',*,*,#986,.F.);
#2348 = ORIENTED_EDGE('',*,*,#2349,.F.);
#2349 = EDGE_CURVE('',#2350,#987,#2352,.T.);
#2350 = VERTEX_POINT('',#2351);
#2351 = CARTESIAN_POINT('',(-11.59101512381,14.858232067816,0.7));
#2352 = LINE('',#2353,#2354);
#2353 = CARTESIAN_POINT('',(-11.59101512381,14.858232067816,0.));
#2354 = VECTOR('',#2355,1.);
#2355 = DIRECTION('',(0.,0.,1.));
#2356 = ORIENTED_EDGE('',*,*,#2357,.T.);
#2357 = EDGE_CURVE('',#2350,#2358,#2360,.T.);
#2358 = VERTEX_POINT('',#2359);
#2359 = CARTESIAN_POINT('',(-12.12363649559,14.426923785209,0.7));
#2360 = CIRCLE('',#2361,18.844593171027);
#2361 = AXIS2_PLACEMENT_3D('',#2362,#2363,#2364);
#2362 = CARTESIAN_POINT('',(0.,0.,0.7));
#2363 = DIRECTION('',(0.,0.,1.));
#2364 = DIRECTION('',(1.,0.,0.));
#2365 = ORIENTED_EDGE('',*,*,#2366,.T.);
#2366 = EDGE_CURVE('',#2358,#978,#2367,.T.);
#2367 = LINE('',#2368,#2369);
#2368 = CARTESIAN_POINT('',(-12.12363649559,14.426923785209,0.));
#2369 = VECTOR('',#2370,1.);
#2370 = DIRECTION('',(0.,0.,1.));
#2371 = CYLINDRICAL_SURFACE('',#2372,18.844593171027);
#2372 = AXIS2_PLACEMENT_3D('',#2373,#2374,#2375);
#2373 = CARTESIAN_POINT('',(0.,0.,0.));
#2374 = DIRECTION('',(0.,0.,1.));
#2375 = DIRECTION('',(1.,0.,0.));
#2376 = ADVANCED_FACE('',(#2377),#2403,.T.);
#2377 = FACE_BOUND('',#2378,.T.);
#2378 = EDGE_LOOP('',(#2379,#2380,#2388,#2397));
#2379 = ORIENTED_EDGE('',*,*,#959,.F.);
#2380 = ORIENTED_EDGE('',*,*,#2381,.F.);
#2381 = EDGE_CURVE('',#2382,#960,#2384,.T.);
#2382 = VERTEX_POINT('',#2383);
#2383 = CARTESIAN_POINT('',(-13.0806264951,13.565246119301,0.7));
#2384 = LINE('',#2385,#2386);
#2385 = CARTESIAN_POINT('',(-13.0806264951,13.565246119301,0.));
#2386 = VECTOR('',#2387,1.);
#2387 = DIRECTION('',(0.,0.,1.));
#2388 = ORIENTED_EDGE('',*,*,#2389,.T.);
#2389 = EDGE_CURVE('',#2382,#2390,#2392,.T.);
#2390 = VERTEX_POINT('',#2391);
#2391 = CARTESIAN_POINT('',(-13.5652461193,13.0806264951,0.7));
#2392 = CIRCLE('',#2393,18.844593171027);
#2393 = AXIS2_PLACEMENT_3D('',#2394,#2395,#2396);
#2394 = CARTESIAN_POINT('',(0.,0.,0.7));
#2395 = DIRECTION('',(0.,0.,1.));
#2396 = DIRECTION('',(1.,0.,0.));
#2397 = ORIENTED_EDGE('',*,*,#2398,.T.);
#2398 = EDGE_CURVE('',#2390,#951,#2399,.T.);
#2399 = LINE('',#2400,#2401);
#2400 = CARTESIAN_POINT('',(-13.5652461193,13.0806264951,0.));
#2401 = VECTOR('',#2402,1.);
#2402 = DIRECTION('',(0.,0.,1.));
#2403 = CYLINDRICAL_SURFACE('',#2404,18.844593171027);
#2404 = AXIS2_PLACEMENT_3D('',#2405,#2406,#2407);
#2405 = CARTESIAN_POINT('',(0.,0.,0.));
#2406 = DIRECTION('',(0.,0.,1.));
#2407 = DIRECTION('',(1.,0.,0.));
#2408 = ADVANCED_FACE('',(#2409),#2435,.T.);
#2409 = FACE_BOUND('',#2410,.T.);
#2410 = EDGE_LOOP('',(#2411,#2412,#2420,#2429));
#2411 = ORIENTED_EDGE('',*,*,#932,.F.);
#2412 = ORIENTED_EDGE('',*,*,#2413,.F.);
#2413 = EDGE_CURVE('',#2414,#933,#2416,.T.);
#2414 = VERTEX_POINT('',#2415);
#2415 = CARTESIAN_POINT('',(-14.4269237852,12.123636495594,0.7));
#2416 = LINE('',#2417,#2418);
#2417 = CARTESIAN_POINT('',(-14.4269237852,12.123636495594,0.));
#2418 = VECTOR('',#2419,1.);
#2419 = DIRECTION('',(0.,0.,1.));
#2420 = ORIENTED_EDGE('',*,*,#2421,.T.);
#2421 = EDGE_CURVE('',#2414,#2422,#2424,.T.);
#2422 = VERTEX_POINT('',#2423);
#2423 = CARTESIAN_POINT('',(-14.85823206781,11.591015123813,0.7));
#2424 = CIRCLE('',#2425,18.844593171027);
#2425 = AXIS2_PLACEMENT_3D('',#2426,#2427,#2428);
#2426 = CARTESIAN_POINT('',(0.,0.,0.7));
#2427 = DIRECTION('',(0.,0.,1.));
#2428 = DIRECTION('',(1.,0.,0.));
#2429 = ORIENTED_EDGE('',*,*,#2430,.T.);
#2430 = EDGE_CURVE('',#2422,#924,#2431,.T.);
#2431 = LINE('',#2432,#2433);
#2432 = CARTESIAN_POINT('',(-14.85823206781,11.591015123813,0.));
#2433 = VECTOR('',#2434,1.);
#2434 = DIRECTION('',(0.,0.,1.));
#2435 = CYLINDRICAL_SURFACE('',#2436,18.844593171027);
#2436 = AXIS2_PLACEMENT_3D('',#2437,#2438,#2439);
#2437 = CARTESIAN_POINT('',(0.,0.,0.));
#2438 = DIRECTION('',(0.,0.,1.));
#2439 = DIRECTION('',(1.,0.,0.));
#2440 = ADVANCED_FACE('',(#2441),#2467,.T.);
#2441 = FACE_BOUND('',#2442,.T.);
#2442 = EDGE_LOOP('',(#2443,#2444,#2452,#2461));
#2443 = ORIENTED_EDGE('',*,*,#905,.F.);
#2444 = ORIENTED_EDGE('',*,*,#2445,.F.);
#2445 = EDGE_CURVE('',#2446,#906,#2448,.T.);
#2446 = VERTEX_POINT('',#2447);
#2447 = CARTESIAN_POINT('',(-15.6151566793,10.549197773406,0.7));
#2448 = LINE('',#2449,#2450);
#2449 = CARTESIAN_POINT('',(-15.6151566793,10.549197773406,0.));
#2450 = VECTOR('',#2451,1.);
#2451 = DIRECTION('',(0.,0.,1.));
#2452 = ORIENTED_EDGE('',*,*,#2453,.T.);
#2453 = EDGE_CURVE('',#2446,#2454,#2456,.T.);
#2454 = VERTEX_POINT('',#2455);
#2455 = CARTESIAN_POINT('',(-15.98842811651,9.974410165254,0.7));
#2456 = CIRCLE('',#2457,18.844593171027);
#2457 = AXIS2_PLACEMENT_3D('',#2458,#2459,#2460);
#2458 = CARTESIAN_POINT('',(0.,0.,0.7));
#2459 = DIRECTION('',(0.,0.,1.));
#2460 = DIRECTION('',(1.,0.,0.));
#2461 = ORIENTED_EDGE('',*,*,#2462,.T.);
#2462 = EDGE_CURVE('',#2454,#897,#2463,.T.);
#2463 = LINE('',#2464,#2465);
#2464 = CARTESIAN_POINT('',(-15.98842811651,9.974410165254,0.));
#2465 = VECTOR('',#2466,1.);
#2466 = DIRECTION('',(0.,0.,1.));
#2467 = CYLINDRICAL_SURFACE('',#2468,18.844593171027);
#2468 = AXIS2_PLACEMENT_3D('',#2469,#2470,#2471);
#2469 = CARTESIAN_POINT('',(0.,0.,0.));
#2470 = DIRECTION('',(0.,0.,1.));
#2471 = DIRECTION('',(1.,0.,0.));
#2472 = ADVANCED_FACE('',(#2473),#2499,.T.);
#2473 = FACE_BOUND('',#2474,.T.);
#2474 = EDGE_LOOP('',(#2475,#2476,#2484,#2493));
#2475 = ORIENTED_EDGE('',*,*,#878,.F.);
#2476 = ORIENTED_EDGE('',*,*,#2477,.F.);
#2477 = EDGE_CURVE('',#2478,#879,#2480,.T.);
#2478 = VERTEX_POINT('',#2479);
#2479 = CARTESIAN_POINT('',(-16.63230664913,8.859179832852,0.7));
#2480 = LINE('',#2481,#2482);
#2481 = CARTESIAN_POINT('',(-16.63230664913,8.859179832852,0.));
#2482 = VECTOR('',#2483,1.);
#2483 = DIRECTION('',(0.,0.,1.));
#2484 = ORIENTED_EDGE('',*,*,#2485,.T.);
#2485 = EDGE_CURVE('',#2478,#2486,#2488,.T.);
#2486 = VERTEX_POINT('',#2487);
#2487 = CARTESIAN_POINT('',(-16.94345160096,8.248523481645,0.7));
#2488 = CIRCLE('',#2489,18.844593171027);
#2489 = AXIS2_PLACEMENT_3D('',#2490,#2491,#2492);
#2490 = CARTESIAN_POINT('',(0.,0.,0.7));
#2491 = DIRECTION('',(0.,0.,1.));
#2492 = DIRECTION('',(1.,0.,0.));
#2493 = ORIENTED_EDGE('',*,*,#2494,.T.);
#2494 = EDGE_CURVE('',#2486,#870,#2495,.T.);
#2495 = LINE('',#2496,#2497);
#2496 = CARTESIAN_POINT('',(-16.94345160096,8.248523481645,0.));
#2497 = VECTOR('',#2498,1.);
#2498 = DIRECTION('',(0.,0.,1.));
#2499 = CYLINDRICAL_SURFACE('',#2500,18.844593171027);
#2500 = AXIS2_PLACEMENT_3D('',#2501,#2502,#2503);
#2501 = CARTESIAN_POINT('',(0.,0.,0.));
#2502 = DIRECTION('',(0.,0.,1.));
#2503 = DIRECTION('',(1.,0.,0.));
#2504 = ADVANCED_FACE('',(#2505),#2531,.T.);
#2505 = FACE_BOUND('',#2506,.T.);
#2506 = EDGE_LOOP('',(#2507,#2508,#2516,#2525));
#2507 = ORIENTED_EDGE('',*,*,#851,.F.);
#2508 = ORIENTED_EDGE('',*,*,#2509,.F.);
#2509 = EDGE_CURVE('',#2510,#852,#2512,.T.);
#2510 = VERTEX_POINT('',#2511);
#2511 = CARTESIAN_POINT('',(-17.46722958678,7.072098864146,0.7));
#2512 = LINE('',#2513,#2514);
#2513 = CARTESIAN_POINT('',(-17.46722958678,7.072098864146,0.));
#2514 = VECTOR('',#2515,1.);
#2515 = DIRECTION('',(0.,0.,1.));
#2516 = ORIENTED_EDGE('',*,*,#2517,.T.);
#2517 = EDGE_CURVE('',#2510,#2518,#2520,.T.);
#2518 = VERTEX_POINT('',#2519);
#2519 = CARTESIAN_POINT('',(-17.71283908403,6.432264248656,0.7));
#2520 = CIRCLE('',#2521,18.844593171027);
#2521 = AXIS2_PLACEMENT_3D('',#2522,#2523,#2524);
#2522 = CARTESIAN_POINT('',(0.,0.,0.7));
#2523 = DIRECTION('',(0.,0.,1.));
#2524 = DIRECTION('',(1.,0.,0.));
#2525 = ORIENTED_EDGE('',*,*,#2526,.T.);
#2526 = EDGE_CURVE('',#2518,#843,#2527,.T.);
#2527 = LINE('',#2528,#2529);
#2528 = CARTESIAN_POINT('',(-17.71283908403,6.432264248656,0.));
#2529 = VECTOR('',#2530,1.);
#2530 = DIRECTION('',(0.,0.,1.));
#2531 = CYLINDRICAL_SURFACE('',#2532,18.844593171027);
#2532 = AXIS2_PLACEMENT_3D('',#2533,#2534,#2535);
#2533 = CARTESIAN_POINT('',(0.,0.,0.));
#2534 = DIRECTION('',(0.,0.,1.));
#2535 = DIRECTION('',(1.,0.,0.));
#2536 = ADVANCED_FACE('',(#2537),#2563,.T.);
#2537 = FACE_BOUND('',#2538,.T.);
#2538 = EDGE_LOOP('',(#2539,#2540,#2548,#2557));
#2539 = ORIENTED_EDGE('',*,*,#824,.F.);
#2540 = ORIENTED_EDGE('',*,*,#2541,.F.);
#2541 = EDGE_CURVE('',#2542,#825,#2544,.T.);
#2542 = VERTEX_POINT('',#2543);
#2543 = CARTESIAN_POINT('',(-18.11077790182,5.207534500353,0.7));
#2544 = LINE('',#2545,#2546);
#2545 = CARTESIAN_POINT('',(-18.11077790182,5.207534500353,0.));
#2546 = VECTOR('',#2547,1.);
#2547 = DIRECTION('',(0.,0.,1.));
#2548 = ORIENTED_EDGE('',*,*,#2549,.T.);
#2549 = EDGE_CURVE('',#2542,#2550,#2552,.T.);
#2550 = VERTEX_POINT('',#2551);
#2551 = CARTESIAN_POINT('',(-18.28816099545,4.545531782522,0.7));
#2552 = CIRCLE('',#2553,18.844593171027);
#2553 = AXIS2_PLACEMENT_3D('',#2554,#2555,#2556);
#2554 = CARTESIAN_POINT('',(0.,0.,0.7));
#2555 = DIRECTION('',(0.,0.,1.));
#2556 = DIRECTION('',(1.,0.,0.));
#2557 = ORIENTED_EDGE('',*,*,#2558,.T.);
#2558 = EDGE_CURVE('',#2550,#816,#2559,.T.);
#2559 = LINE('',#2560,#2561);
#2560 = CARTESIAN_POINT('',(-18.28816099545,4.545531782522,0.));
#2561 = VECTOR('',#2562,1.);
#2562 = DIRECTION('',(0.,0.,1.));
#2563 = CYLINDRICAL_SURFACE('',#2564,18.844593171027);
#2564 = AXIS2_PLACEMENT_3D('',#2565,#2566,#2567);
#2565 = CARTESIAN_POINT('',(0.,0.,0.));
#2566 = DIRECTION('',(0.,0.,1.));
#2567 = DIRECTION('',(1.,0.,0.));
#2568 = ADVANCED_FACE('',(#2569),#2595,.T.);
#2569 = FACE_BOUND('',#2570,.T.);
#2570 = EDGE_LOOP('',(#2571,#2572,#2580,#2589));
#2571 = ORIENTED_EDGE('',*,*,#797,.F.);
#2572 = ORIENTED_EDGE('',*,*,#2573,.F.);
#2573 = EDGE_CURVE('',#2574,#798,#2576,.T.);
#2574 = VERTEX_POINT('',#2575);
#2575 = CARTESIAN_POINT('',(-18.55590074425,3.285915298828,0.7));
#2576 = LINE('',#2577,#2578);
#2577 = CARTESIAN_POINT('',(-18.55590074425,3.285915298828,0.));
#2578 = VECTOR('',#2579,1.);
#2579 = DIRECTION('',(0.,0.,1.));
#2580 = ORIENTED_EDGE('',*,*,#2581,.T.);
#2581 = EDGE_CURVE('',#2574,#2582,#2584,.T.);
#2582 = VERTEX_POINT('',#2583);
#2583 = CARTESIAN_POINT('',(-18.66311398796,2.608997518964,0.7));
#2584 = CIRCLE('',#2585,18.844593171027);
#2585 = AXIS2_PLACEMENT_3D('',#2586,#2587,#2588);
#2586 = CARTESIAN_POINT('',(0.,0.,0.7));
#2587 = DIRECTION('',(0.,0.,1.));
#2588 = DIRECTION('',(1.,0.,0.));
#2589 = ORIENTED_EDGE('',*,*,#2590,.T.);
#2590 = EDGE_CURVE('',#2582,#789,#2591,.T.);
#2591 = LINE('',#2592,#2593);
#2592 = CARTESIAN_POINT('',(-18.66311398796,2.608997518964,0.));
#2593 = VECTOR('',#2594,1.);
#2594 = DIRECTION('',(0.,0.,1.));
#2595 = CYLINDRICAL_SURFACE('',#2596,18.844593171027);
#2596 = AXIS2_PLACEMENT_3D('',#2597,#2598,#2599);
#2597 = CARTESIAN_POINT('',(0.,0.,0.));
#2598 = DIRECTION('',(0.,0.,1.));
#2599 = DIRECTION('',(1.,0.,0.));
#2600 = ADVANCED_FACE('',(#2601),#2627,.T.);
#2601 = FACE_BOUND('',#2602,.T.);
#2602 = EDGE_LOOP('',(#2603,#2604,#2612,#2621));
#2603 = ORIENTED_EDGE('',*,*,#770,.F.);
#2604 = ORIENTED_EDGE('',*,*,#2605,.F.);
#2605 = EDGE_CURVE('',#2606,#771,#2608,.T.);
#2606 = VERTEX_POINT('',#2607);
#2607 = CARTESIAN_POINT('',(-18.79772125505,1.328294921666,0.7));
#2608 = LINE('',#2609,#2610);
#2609 = CARTESIAN_POINT('',(-18.79772125505,1.328294921666,0.));
#2610 = VECTOR('',#2611,1.);
#2611 = DIRECTION('',(0.,0.,1.));
#2612 = ORIENTED_EDGE('',*,*,#2613,.T.);
#2613 = EDGE_CURVE('',#2606,#2614,#2616,.T.);
#2614 = VERTEX_POINT('',#2615);
#2615 = CARTESIAN_POINT('',(-18.8335899981,0.643878532621,0.7));
#2616 = CIRCLE('',#2617,18.844593171027);
#2617 = AXIS2_PLACEMENT_3D('',#2618,#2619,#2620);
#2618 = CARTESIAN_POINT('',(0.,0.,0.7));
#2619 = DIRECTION('',(0.,0.,1.));
#2620 = DIRECTION('',(1.,0.,0.));
#2621 = ORIENTED_EDGE('',*,*,#2622,.T.);
#2622 = EDGE_CURVE('',#2614,#762,#2623,.T.);
#2623 = LINE('',#2624,#2625);
#2624 = CARTESIAN_POINT('',(-18.8335899981,0.643878532621,0.));
#2625 = VECTOR('',#2626,1.);
#2626 = DIRECTION('',(0.,0.,1.));
#2627 = CYLINDRICAL_SURFACE('',#2628,18.844593171027);
#2628 = AXIS2_PLACEMENT_3D('',#2629,#2630,#2631);
#2629 = CARTESIAN_POINT('',(0.,0.,0.));
#2630 = DIRECTION('',(0.,0.,1.));
#2631 = DIRECTION('',(1.,0.,0.));
#2632 = ADVANCED_FACE('',(#2633),#2659,.T.);
#2633 = FACE_BOUND('',#2634,.T.);
#2634 = EDGE_LOOP('',(#2635,#2636,#2644,#2653));
#2635 = ORIENTED_EDGE('',*,*,#743,.F.);
#2636 = ORIENTED_EDGE('',*,*,#2637,.F.);
#2637 = EDGE_CURVE('',#2638,#744,#2640,.T.);
#2638 = VERTEX_POINT('',#2639);
#2639 = CARTESIAN_POINT('',(-18.8335899981,-0.643878532621,0.7));
#2640 = LINE('',#2641,#2642);
#2641 = CARTESIAN_POINT('',(-18.8335899981,-0.643878532621,0.));
#2642 = VECTOR('',#2643,1.);
#2643 = DIRECTION('',(0.,0.,1.));
#2644 = ORIENTED_EDGE('',*,*,#2645,.T.);
#2645 = EDGE_CURVE('',#2638,#2646,#2648,.T.);
#2646 = VERTEX_POINT('',#2647);
#2647 = CARTESIAN_POINT('',(-18.79772125505,-1.328294921666,0.7));
#2648 = CIRCLE('',#2649,18.844593171027);
#2649 = AXIS2_PLACEMENT_3D('',#2650,#2651,#2652);
#2650 = CARTESIAN_POINT('',(0.,0.,0.7));
#2651 = DIRECTION('',(0.,0.,1.));
#2652 = DIRECTION('',(1.,0.,0.));
#2653 = ORIENTED_EDGE('',*,*,#2654,.T.);
#2654 = EDGE_CURVE('',#2646,#735,#2655,.T.);
#2655 = LINE('',#2656,#2657);
#2656 = CARTESIAN_POINT('',(-18.79772125505,-1.328294921666,0.));
#2657 = VECTOR('',#2658,1.);
#2658 = DIRECTION('',(0.,0.,1.));
#2659 = CYLINDRICAL_SURFACE('',#2660,18.844593171027);
#2660 = AXIS2_PLACEMENT_3D('',#2661,#2662,#2663);
#2661 = CARTESIAN_POINT('',(0.,0.,0.));
#2662 = DIRECTION('',(0.,0.,1.));
#2663 = DIRECTION('',(1.,0.,0.));
#2664 = ADVANCED_FACE('',(#2665),#2691,.T.);
#2665 = FACE_BOUND('',#2666,.T.);
#2666 = EDGE_LOOP('',(#2667,#2668,#2676,#2685));
#2667 = ORIENTED_EDGE('',*,*,#716,.F.);
#2668 = ORIENTED_EDGE('',*,*,#2669,.F.);
#2669 = EDGE_CURVE('',#2670,#717,#2672,.T.);
#2670 = VERTEX_POINT('',#2671);
#2671 = CARTESIAN_POINT('',(-18.66311398796,-2.608997518964,0.7));
#2672 = LINE('',#2673,#2674);
#2673 = CARTESIAN_POINT('',(-18.66311398796,-2.608997518964,0.));
#2674 = VECTOR('',#2675,1.);
#2675 = DIRECTION('',(0.,0.,1.));
#2676 = ORIENTED_EDGE('',*,*,#2677,.T.);
#2677 = EDGE_CURVE('',#2670,#2678,#2680,.T.);
#2678 = VERTEX_POINT('',#2679);
#2679 = CARTESIAN_POINT('',(-18.55590074425,-3.285915298828,0.7));
#2680 = CIRCLE('',#2681,18.844593171027);
#2681 = AXIS2_PLACEMENT_3D('',#2682,#2683,#2684);
#2682 = CARTESIAN_POINT('',(0.,0.,0.7));
#2683 = DIRECTION('',(0.,0.,1.));
#2684 = DIRECTION('',(1.,0.,0.));
#2685 = ORIENTED_EDGE('',*,*,#2686,.T.);
#2686 = EDGE_CURVE('',#2678,#708,#2687,.T.);
#2687 = LINE('',#2688,#2689);
#2688 = CARTESIAN_POINT('',(-18.55590074425,-3.285915298828,0.));
#2689 = VECTOR('',#2690,1.);
#2690 = DIRECTION('',(0.,0.,1.));
#2691 = CYLINDRICAL_SURFACE('',#2692,18.844593171027);
#2692 = AXIS2_PLACEMENT_3D('',#2693,#2694,#2695);
#2693 = CARTESIAN_POINT('',(0.,0.,0.));
#2694 = DIRECTION('',(0.,0.,1.));
#2695 = DIRECTION('',(1.,0.,0.));
#2696 = ADVANCED_FACE('',(#2697),#2723,.T.);
#2697 = FACE_BOUND('',#2698,.T.);
#2698 = EDGE_LOOP('',(#2699,#2700,#2708,#2717));
#2699 = ORIENTED_EDGE('',*,*,#689,.F.);
#2700 = ORIENTED_EDGE('',*,*,#2701,.F.);
#2701 = EDGE_CURVE('',#2702,#690,#2704,.T.);
#2702 = VERTEX_POINT('',#2703);
#2703 = CARTESIAN_POINT('',(-18.28816099545,-4.545531782522,0.7));
#2704 = LINE('',#2705,#2706);
#2705 = CARTESIAN_POINT('',(-18.28816099545,-4.545531782522,0.));
#2706 = VECTOR('',#2707,1.);
#2707 = DIRECTION('',(0.,0.,1.));
#2708 = ORIENTED_EDGE('',*,*,#2709,.T.);
#2709 = EDGE_CURVE('',#2702,#2710,#2712,.T.);
#2710 = VERTEX_POINT('',#2711);
#2711 = CARTESIAN_POINT('',(-18.11077790182,-5.207534500353,0.7));
#2712 = CIRCLE('',#2713,18.844593171027);
#2713 = AXIS2_PLACEMENT_3D('',#2714,#2715,#2716);
#2714 = CARTESIAN_POINT('',(0.,0.,0.7));
#2715 = DIRECTION('',(0.,0.,1.));
#2716 = DIRECTION('',(1.,0.,0.));
#2717 = ORIENTED_EDGE('',*,*,#2718,.T.);
#2718 = EDGE_CURVE('',#2710,#681,#2719,.T.);
#2719 = LINE('',#2720,#2721);
#2720 = CARTESIAN_POINT('',(-18.11077790182,-5.207534500353,0.));
#2721 = VECTOR('',#2722,1.);
#2722 = DIRECTION('',(0.,0.,1.));
#2723 = CYLINDRICAL_SURFACE('',#2724,18.844593171027);
#2724 = AXIS2_PLACEMENT_3D('',#2725,#2726,#2727);
#2725 = CARTESIAN_POINT('',(0.,0.,0.));
#2726 = DIRECTION('',(0.,0.,1.));
#2727 = DIRECTION('',(1.,0.,0.));
#2728 = ADVANCED_FACE('',(#2729),#2755,.T.);
#2729 = FACE_BOUND('',#2730,.T.);
#2730 = EDGE_LOOP('',(#2731,#2732,#2740,#2749));
#2731 = ORIENTED_EDGE('',*,*,#662,.F.);
#2732 = ORIENTED_EDGE('',*,*,#2733,.F.);
#2733 = EDGE_CURVE('',#2734,#663,#2736,.T.);
#2734 = VERTEX_POINT('',#2735);
#2735 = CARTESIAN_POINT('',(-17.71283908403,-6.432264248656,0.7));
#2736 = LINE('',#2737,#2738);
#2737 = CARTESIAN_POINT('',(-17.71283908403,-6.432264248656,0.));
#2738 = VECTOR('',#2739,1.);
#2739 = DIRECTION('',(0.,0.,1.));
#2740 = ORIENTED_EDGE('',*,*,#2741,.T.);
#2741 = EDGE_CURVE('',#2734,#2742,#2744,.T.);
#2742 = VERTEX_POINT('',#2743);
#2743 = CARTESIAN_POINT('',(-17.46722958678,-7.072098864146,0.7));
#2744 = CIRCLE('',#2745,18.844593171027);
#2745 = AXIS2_PLACEMENT_3D('',#2746,#2747,#2748);
#2746 = CARTESIAN_POINT('',(0.,0.,0.7));
#2747 = DIRECTION('',(0.,0.,1.));
#2748 = DIRECTION('',(1.,0.,0.));
#2749 = ORIENTED_EDGE('',*,*,#2750,.T.);
#2750 = EDGE_CURVE('',#2742,#654,#2751,.T.);
#2751 = LINE('',#2752,#2753);
#2752 = CARTESIAN_POINT('',(-17.46722958678,-7.072098864146,0.));
#2753 = VECTOR('',#2754,1.);
#2754 = DIRECTION('',(0.,0.,1.));
#2755 = CYLINDRICAL_SURFACE('',#2756,18.844593171027);
#2756 = AXIS2_PLACEMENT_3D('',#2757,#2758,#2759);
#2757 = CARTESIAN_POINT('',(0.,0.,0.));
#2758 = DIRECTION('',(0.,0.,1.));
#2759 = DIRECTION('',(1.,0.,0.));
#2760 = ADVANCED_FACE('',(#2761),#2787,.T.);
#2761 = FACE_BOUND('',#2762,.T.);
#2762 = EDGE_LOOP('',(#2763,#2764,#2772,#2781));
#2763 = ORIENTED_EDGE('',*,*,#635,.F.);
#2764 = ORIENTED_EDGE('',*,*,#2765,.F.);
#2765 = EDGE_CURVE('',#2766,#636,#2768,.T.);
#2766 = VERTEX_POINT('',#2767);
#2767 = CARTESIAN_POINT('',(-16.94345160096,-8.248523481645,0.7));
#2768 = LINE('',#2769,#2770);
#2769 = CARTESIAN_POINT('',(-16.94345160096,-8.248523481645,0.));
#2770 = VECTOR('',#2771,1.);
#2771 = DIRECTION('',(0.,0.,1.));
#2772 = ORIENTED_EDGE('',*,*,#2773,.T.);
#2773 = EDGE_CURVE('',#2766,#2774,#2776,.T.);
#2774 = VERTEX_POINT('',#2775);
#2775 = CARTESIAN_POINT('',(-16.63230664913,-8.859179832852,0.7));
#2776 = CIRCLE('',#2777,18.844593171027);
#2777 = AXIS2_PLACEMENT_3D('',#2778,#2779,#2780);
#2778 = CARTESIAN_POINT('',(0.,0.,0.7));
#2779 = DIRECTION('',(0.,0.,1.));
#2780 = DIRECTION('',(1.,0.,0.));
#2781 = ORIENTED_EDGE('',*,*,#2782,.T.);
#2782 = EDGE_CURVE('',#2774,#627,#2783,.T.);
#2783 = LINE('',#2784,#2785);
#2784 = CARTESIAN_POINT('',(-16.63230664913,-8.859179832852,0.));
#2785 = VECTOR('',#2786,1.);
#2786 = DIRECTION('',(0.,0.,1.));
#2787 = CYLINDRICAL_SURFACE('',#2788,18.844593171027);
#2788 = AXIS2_PLACEMENT_3D('',#2789,#2790,#2791);
#2789 = CARTESIAN_POINT('',(0.,0.,0.));
#2790 = DIRECTION('',(0.,0.,1.));
#2791 = DIRECTION('',(1.,0.,0.));
#2792 = ADVANCED_FACE('',(#2793),#2819,.T.);
#2793 = FACE_BOUND('',#2794,.T.);
#2794 = EDGE_LOOP('',(#2795,#2796,#2804,#2813));
#2795 = ORIENTED_EDGE('',*,*,#608,.F.);
#2796 = ORIENTED_EDGE('',*,*,#2797,.F.);
#2797 = EDGE_CURVE('',#2798,#609,#2800,.T.);
#2798 = VERTEX_POINT('',#2799);
#2799 = CARTESIAN_POINT('',(-15.98842811651,-9.974410165254,0.7));
#2800 = LINE('',#2801,#2802);
#2801 = CARTESIAN_POINT('',(-15.98842811651,-9.974410165254,0.));
#2802 = VECTOR('',#2803,1.);
#2803 = DIRECTION('',(0.,0.,1.));
#2804 = ORIENTED_EDGE('',*,*,#2805,.T.);
#2805 = EDGE_CURVE('',#2798,#2806,#2808,.T.);
#2806 = VERTEX_POINT('',#2807);
#2807 = CARTESIAN_POINT('',(-15.6151566793,-10.5491977734,0.7));
#2808 = CIRCLE('',#2809,18.844593171027);
#2809 = AXIS2_PLACEMENT_3D('',#2810,#2811,#2812);
#2810 = CARTESIAN_POINT('',(0.,0.,0.7));
#2811 = DIRECTION('',(0.,0.,1.));
#2812 = DIRECTION('',(1.,0.,0.));
#2813 = ORIENTED_EDGE('',*,*,#2814,.T.);
#2814 = EDGE_CURVE('',#2806,#600,#2815,.T.);
#2815 = LINE('',#2816,#2817);
#2816 = CARTESIAN_POINT('',(-15.6151566793,-10.5491977734,0.));
#2817 = VECTOR('',#2818,1.);
#2818 = DIRECTION('',(0.,0.,1.));
#2819 = CYLINDRICAL_SURFACE('',#2820,18.844593171027);
#2820 = AXIS2_PLACEMENT_3D('',#2821,#2822,#2823);
#2821 = CARTESIAN_POINT('',(0.,0.,0.));
#2822 = DIRECTION('',(0.,0.,1.));
#2823 = DIRECTION('',(1.,0.,0.));
#2824 = ADVANCED_FACE('',(#2825),#2851,.T.);
#2825 = FACE_BOUND('',#2826,.T.);
#2826 = EDGE_LOOP('',(#2827,#2828,#2836,#2845));
#2827 = ORIENTED_EDGE('',*,*,#581,.F.);
#2828 = ORIENTED_EDGE('',*,*,#2829,.F.);
#2829 = EDGE_CURVE('',#2830,#582,#2832,.T.);
#2830 = VERTEX_POINT('',#2831);
#2831 = CARTESIAN_POINT('',(-14.85823206781,-11.59101512381,0.7));
#2832 = LINE('',#2833,#2834);
#2833 = CARTESIAN_POINT('',(-14.85823206781,-11.59101512381,0.));
#2834 = VECTOR('',#2835,1.);
#2835 = DIRECTION('',(0.,0.,1.));
#2836 = ORIENTED_EDGE('',*,*,#2837,.T.);
#2837 = EDGE_CURVE('',#2830,#2838,#2840,.T.);
#2838 = VERTEX_POINT('',#2839);
#2839 = CARTESIAN_POINT('',(-14.4269237852,-12.12363649559,0.7));
#2840 = CIRCLE('',#2841,18.844593171027);
#2841 = AXIS2_PLACEMENT_3D('',#2842,#2843,#2844);
#2842 = CARTESIAN_POINT('',(0.,0.,0.7));
#2843 = DIRECTION('',(0.,0.,1.));
#2844 = DIRECTION('',(1.,0.,0.));
#2845 = ORIENTED_EDGE('',*,*,#2846,.T.);
#2846 = EDGE_CURVE('',#2838,#573,#2847,.T.);
#2847 = LINE('',#2848,#2849);
#2848 = CARTESIAN_POINT('',(-14.4269237852,-12.12363649559,0.));
#2849 = VECTOR('',#2850,1.);
#2850 = DIRECTION('',(0.,0.,1.));
#2851 = CYLINDRICAL_SURFACE('',#2852,18.844593171027);
#2852 = AXIS2_PLACEMENT_3D('',#2853,#2854,#2855);
#2853 = CARTESIAN_POINT('',(0.,0.,0.));
#2854 = DIRECTION('',(0.,0.,1.));
#2855 = DIRECTION('',(1.,0.,0.));
#2856 = ADVANCED_FACE('',(#2857),#2883,.T.);
#2857 = FACE_BOUND('',#2858,.T.);
#2858 = EDGE_LOOP('',(#2859,#2860,#2868,#2877));
#2859 = ORIENTED_EDGE('',*,*,#554,.F.);
#2860 = ORIENTED_EDGE('',*,*,#2861,.F.);
#2861 = EDGE_CURVE('',#2862,#555,#2864,.T.);
#2862 = VERTEX_POINT('',#2863);
#2863 = CARTESIAN_POINT('',(-13.5652461193,-13.0806264951,0.7));
#2864 = LINE('',#2865,#2866);
#2865 = CARTESIAN_POINT('',(-13.5652461193,-13.0806264951,0.));
#2866 = VECTOR('',#2867,1.);
#2867 = DIRECTION('',(0.,0.,1.));
#2868 = ORIENTED_EDGE('',*,*,#2869,.T.);
#2869 = EDGE_CURVE('',#2862,#2870,#2872,.T.);
#2870 = VERTEX_POINT('',#2871);
#2871 = CARTESIAN_POINT('',(-13.0806264951,-13.5652461193,0.7));
#2872 = CIRCLE('',#2873,18.844593171027);
#2873 = AXIS2_PLACEMENT_3D('',#2874,#2875,#2876);
#2874 = CARTESIAN_POINT('',(0.,0.,0.7));
#2875 = DIRECTION('',(0.,0.,1.));
#2876 = DIRECTION('',(1.,0.,0.));
#2877 = ORIENTED_EDGE('',*,*,#2878,.T.);
#2878 = EDGE_CURVE('',#2870,#546,#2879,.T.);
#2879 = LINE('',#2880,#2881);
#2880 = CARTESIAN_POINT('',(-13.0806264951,-13.5652461193,0.));
#2881 = VECTOR('',#2882,1.);
#2882 = DIRECTION('',(0.,0.,1.));
#2883 = CYLINDRICAL_SURFACE('',#2884,18.844593171027);
#2884 = AXIS2_PLACEMENT_3D('',#2885,#2886,#2887);
#2885 = CARTESIAN_POINT('',(0.,0.,0.));
#2886 = DIRECTION('',(0.,0.,1.));
#2887 = DIRECTION('',(1.,0.,0.));
#2888 = ADVANCED_FACE('',(#2889),#2915,.T.);
#2889 = FACE_BOUND('',#2890,.T.);
#2890 = EDGE_LOOP('',(#2891,#2892,#2900,#2909));
#2891 = ORIENTED_EDGE('',*,*,#527,.F.);
#2892 = ORIENTED_EDGE('',*,*,#2893,.F.);
#2893 = EDGE_CURVE('',#2894,#528,#2896,.T.);
#2894 = VERTEX_POINT('',#2895);
#2895 = CARTESIAN_POINT('',(-12.12363649559,-14.4269237852,0.7));
#2896 = LINE('',#2897,#2898);
#2897 = CARTESIAN_POINT('',(-12.12363649559,-14.4269237852,0.));
#2898 = VECTOR('',#2899,1.);
#2899 = DIRECTION('',(0.,0.,1.));
#2900 = ORIENTED_EDGE('',*,*,#2901,.T.);
#2901 = EDGE_CURVE('',#2894,#2902,#2904,.T.);
#2902 = VERTEX_POINT('',#2903);
#2903 = CARTESIAN_POINT('',(-11.59101512381,-14.85823206781,0.7));
#2904 = CIRCLE('',#2905,18.844593171027);
#2905 = AXIS2_PLACEMENT_3D('',#2906,#2907,#2908);
#2906 = CARTESIAN_POINT('',(0.,0.,0.7));
#2907 = DIRECTION('',(0.,0.,1.));
#2908 = DIRECTION('',(1.,0.,0.));
#2909 = ORIENTED_EDGE('',*,*,#2910,.T.);
#2910 = EDGE_CURVE('',#2902,#519,#2911,.T.);
#2911 = LINE('',#2912,#2913);
#2912 = CARTESIAN_POINT('',(-11.59101512381,-14.85823206781,0.));
#2913 = VECTOR('',#2914,1.);
#2914 = DIRECTION('',(0.,0.,1.));
#2915 = CYLINDRICAL_SURFACE('',#2916,18.844593171027);
#2916 = AXIS2_PLACEMENT_3D('',#2917,#2918,#2919);
#2917 = CARTESIAN_POINT('',(0.,0.,0.));
#2918 = DIRECTION('',(0.,0.,1.));
#2919 = DIRECTION('',(1.,0.,0.));
#2920 = ADVANCED_FACE('',(#2921),#2947,.T.);
#2921 = FACE_BOUND('',#2922,.T.);
#2922 = EDGE_LOOP('',(#2923,#2924,#2932,#2941));
#2923 = ORIENTED_EDGE('',*,*,#500,.F.);
#2924 = ORIENTED_EDGE('',*,*,#2925,.F.);
#2925 = EDGE_CURVE('',#2926,#501,#2928,.T.);
#2926 = VERTEX_POINT('',#2927);
#2927 = CARTESIAN_POINT('',(-10.5491977734,-15.6151566793,0.7));
#2928 = LINE('',#2929,#2930);
#2929 = CARTESIAN_POINT('',(-10.5491977734,-15.6151566793,0.));
#2930 = VECTOR('',#2931,1.);
#2931 = DIRECTION('',(0.,0.,1.));
#2932 = ORIENTED_EDGE('',*,*,#2933,.T.);
#2933 = EDGE_CURVE('',#2926,#2934,#2936,.T.);
#2934 = VERTEX_POINT('',#2935);
#2935 = CARTESIAN_POINT('',(-9.974410165254,-15.98842811651,0.7));
#2936 = CIRCLE('',#2937,18.844593171027);
#2937 = AXIS2_PLACEMENT_3D('',#2938,#2939,#2940);
#2938 = CARTESIAN_POINT('',(0.,0.,0.7));
#2939 = DIRECTION('',(0.,0.,1.));
#2940 = DIRECTION('',(1.,0.,0.));
#2941 = ORIENTED_EDGE('',*,*,#2942,.T.);
#2942 = EDGE_CURVE('',#2934,#492,#2943,.T.);
#2943 = LINE('',#2944,#2945);
#2944 = CARTESIAN_POINT('',(-9.974410165254,-15.98842811651,0.));
#2945 = VECTOR('',#2946,1.);
#2946 = DIRECTION('',(0.,0.,1.));
#2947 = CYLINDRICAL_SURFACE('',#2948,18.844593171027);
#2948 = AXIS2_PLACEMENT_3D('',#2949,#2950,#2951);
#2949 = CARTESIAN_POINT('',(0.,0.,0.));
#2950 = DIRECTION('',(0.,0.,1.));
#2951 = DIRECTION('',(1.,0.,0.));
#2952 = ADVANCED_FACE('',(#2953),#2979,.T.);
#2953 = FACE_BOUND('',#2954,.T.);
#2954 = EDGE_LOOP('',(#2955,#2956,#2964,#2973));
#2955 = ORIENTED_EDGE('',*,*,#473,.F.);
#2956 = ORIENTED_EDGE('',*,*,#2957,.F.);
#2957 = EDGE_CURVE('',#2958,#474,#2960,.T.);
#2958 = VERTEX_POINT('',#2959);
#2959 = CARTESIAN_POINT('',(-8.859179832852,-16.63230664913,0.7));
#2960 = LINE('',#2961,#2962);
#2961 = CARTESIAN_POINT('',(-8.859179832852,-16.63230664913,0.));
#2962 = VECTOR('',#2963,1.);
#2963 = DIRECTION('',(0.,0.,1.));
#2964 = ORIENTED_EDGE('',*,*,#2965,.T.);
#2965 = EDGE_CURVE('',#2958,#2966,#2968,.T.);
#2966 = VERTEX_POINT('',#2967);
#2967 = CARTESIAN_POINT('',(-8.248523481645,-16.94345160096,0.7));
#2968 = CIRCLE('',#2969,18.844593171027);
#2969 = AXIS2_PLACEMENT_3D('',#2970,#2971,#2972);
#2970 = CARTESIAN_POINT('',(0.,0.,0.7));
#2971 = DIRECTION('',(0.,0.,1.));
#2972 = DIRECTION('',(1.,0.,0.));
#2973 = ORIENTED_EDGE('',*,*,#2974,.T.);
#2974 = EDGE_CURVE('',#2966,#465,#2975,.T.);
#2975 = LINE('',#2976,#2977);
#2976 = CARTESIAN_POINT('',(-8.248523481645,-16.94345160096,0.));
#2977 = VECTOR('',#2978,1.);
#2978 = DIRECTION('',(0.,0.,1.));
#2979 = CYLINDRICAL_SURFACE('',#2980,18.844593171027);
#2980 = AXIS2_PLACEMENT_3D('',#2981,#2982,#2983);
#2981 = CARTESIAN_POINT('',(0.,0.,0.));
#2982 = DIRECTION('',(0.,0.,1.));
#2983 = DIRECTION('',(1.,0.,0.));
#2984 = ADVANCED_FACE('',(#2985),#3011,.T.);
#2985 = FACE_BOUND('',#2986,.T.);
#2986 = EDGE_LOOP('',(#2987,#2988,#2996,#3005));
#2987 = ORIENTED_EDGE('',*,*,#446,.F.);
#2988 = ORIENTED_EDGE('',*,*,#2989,.F.);
#2989 = EDGE_CURVE('',#2990,#447,#2992,.T.);
#2990 = VERTEX_POINT('',#2991);
#2991 = CARTESIAN_POINT('',(-7.072098864146,-17.46722958678,0.7));
#2992 = LINE('',#2993,#2994);
#2993 = CARTESIAN_POINT('',(-7.072098864146,-17.46722958678,0.));
#2994 = VECTOR('',#2995,1.);
#2995 = DIRECTION('',(0.,0.,1.));
#2996 = ORIENTED_EDGE('',*,*,#2997,.T.);
#2997 = EDGE_CURVE('',#2990,#2998,#3000,.T.);
#2998 = VERTEX_POINT('',#2999);
#2999 = CARTESIAN_POINT('',(-6.432264248656,-17.71283908403,0.7));
#3000 = CIRCLE('',#3001,18.844593171027);
#3001 = AXIS2_PLACEMENT_3D('',#3002,#3003,#3004);
#3002 = CARTESIAN_POINT('',(0.,0.,0.7));
#3003 = DIRECTION('',(0.,0.,1.));
#3004 = DIRECTION('',(1.,0.,0.));
#3005 = ORIENTED_EDGE('',*,*,#3006,.T.);
#3006 = EDGE_CURVE('',#2998,#438,#3007,.T.);
#3007 = LINE('',#3008,#3009);
#3008 = CARTESIAN_POINT('',(-6.432264248656,-17.71283908403,0.));
#3009 = VECTOR('',#3010,1.);
#3010 = DIRECTION('',(0.,0.,1.));
#3011 = CYLINDRICAL_SURFACE('',#3012,18.844593171027);
#3012 = AXIS2_PLACEMENT_3D('',#3013,#3014,#3015);
#3013 = CARTESIAN_POINT('',(0.,0.,0.));
#3014 = DIRECTION('',(0.,0.,1.));
#3015 = DIRECTION('',(1.,0.,0.));
#3016 = ADVANCED_FACE('',(#3017),#3043,.T.);
#3017 = FACE_BOUND('',#3018,.T.);
#3018 = EDGE_LOOP('',(#3019,#3020,#3028,#3037));
#3019 = ORIENTED_EDGE('',*,*,#419,.F.);
#3020 = ORIENTED_EDGE('',*,*,#3021,.F.);
#3021 = EDGE_CURVE('',#3022,#420,#3024,.T.);
#3022 = VERTEX_POINT('',#3023);
#3023 = CARTESIAN_POINT('',(-5.207534500353,-18.11077790182,0.7));
#3024 = LINE('',#3025,#3026);
#3025 = CARTESIAN_POINT('',(-5.207534500353,-18.11077790182,0.));
#3026 = VECTOR('',#3027,1.);
#3027 = DIRECTION('',(0.,0.,1.));
#3028 = ORIENTED_EDGE('',*,*,#3029,.T.);
#3029 = EDGE_CURVE('',#3022,#3030,#3032,.T.);
#3030 = VERTEX_POINT('',#3031);
#3031 = CARTESIAN_POINT('',(-4.545531782522,-18.28816099545,0.7));
#3032 = CIRCLE('',#3033,18.844593171027);
#3033 = AXIS2_PLACEMENT_3D('',#3034,#3035,#3036);
#3034 = CARTESIAN_POINT('',(0.,0.,0.7));
#3035 = DIRECTION('',(0.,0.,1.));
#3036 = DIRECTION('',(1.,0.,0.));
#3037 = ORIENTED_EDGE('',*,*,#3038,.T.);
#3038 = EDGE_CURVE('',#3030,#411,#3039,.T.);
#3039 = LINE('',#3040,#3041);
#3040 = CARTESIAN_POINT('',(-4.545531782522,-18.28816099545,0.));
#3041 = VECTOR('',#3042,1.);
#3042 = DIRECTION('',(0.,0.,1.));
#3043 = CYLINDRICAL_SURFACE('',#3044,18.844593171027);
#3044 = AXIS2_PLACEMENT_3D('',#3045,#3046,#3047);
#3045 = CARTESIAN_POINT('',(0.,0.,0.));
#3046 = DIRECTION('',(0.,0.,1.));
#3047 = DIRECTION('',(1.,0.,0.));
#3048 = ADVANCED_FACE('',(#3049),#3075,.T.);
#3049 = FACE_BOUND('',#3050,.T.);
#3050 = EDGE_LOOP('',(#3051,#3052,#3060,#3069));
#3051 = ORIENTED_EDGE('',*,*,#392,.F.);
#3052 = ORIENTED_EDGE('',*,*,#3053,.F.);
#3053 = EDGE_CURVE('',#3054,#393,#3056,.T.);
#3054 = VERTEX_POINT('',#3055);
#3055 = CARTESIAN_POINT('',(-3.285915298828,-18.55590074425,0.7));
#3056 = LINE('',#3057,#3058);
#3057 = CARTESIAN_POINT('',(-3.285915298828,-18.55590074425,0.));
#3058 = VECTOR('',#3059,1.);
#3059 = DIRECTION('',(0.,0.,1.));
#3060 = ORIENTED_EDGE('',*,*,#3061,.T.);
#3061 = EDGE_CURVE('',#3054,#3062,#3064,.T.);
#3062 = VERTEX_POINT('',#3063);
#3063 = CARTESIAN_POINT('',(-2.608997518964,-18.66311398796,0.7));
#3064 = CIRCLE('',#3065,18.844593171027);
#3065 = AXIS2_PLACEMENT_3D('',#3066,#3067,#3068);
#3066 = CARTESIAN_POINT('',(0.,0.,0.7));
#3067 = DIRECTION('',(0.,0.,1.));
#3068 = DIRECTION('',(1.,0.,0.));
#3069 = ORIENTED_EDGE('',*,*,#3070,.T.);
#3070 = EDGE_CURVE('',#3062,#384,#3071,.T.);
#3071 = LINE('',#3072,#3073);
#3072 = CARTESIAN_POINT('',(-2.608997518964,-18.66311398796,0.));
#3073 = VECTOR('',#3074,1.);
#3074 = DIRECTION('',(0.,0.,1.));
#3075 = CYLINDRICAL_SURFACE('',#3076,18.844593171027);
#3076 = AXIS2_PLACEMENT_3D('',#3077,#3078,#3079);
#3077 = CARTESIAN_POINT('',(0.,0.,0.));
#3078 = DIRECTION('',(0.,0.,1.));
#3079 = DIRECTION('',(1.,0.,0.));
#3080 = ADVANCED_FACE('',(#3081),#3107,.T.);
#3081 = FACE_BOUND('',#3082,.T.);
#3082 = EDGE_LOOP('',(#3083,#3084,#3092,#3101));
#3083 = ORIENTED_EDGE('',*,*,#365,.F.);
#3084 = ORIENTED_EDGE('',*,*,#3085,.F.);
#3085 = EDGE_CURVE('',#3086,#366,#3088,.T.);
#3086 = VERTEX_POINT('',#3087);
#3087 = CARTESIAN_POINT('',(-1.328294921666,-18.79772125505,0.7));
#3088 = LINE('',#3089,#3090);
#3089 = CARTESIAN_POINT('',(-1.328294921666,-18.79772125505,0.));
#3090 = VECTOR('',#3091,1.);
#3091 = DIRECTION('',(0.,0.,1.));
#3092 = ORIENTED_EDGE('',*,*,#3093,.T.);
#3093 = EDGE_CURVE('',#3086,#3094,#3096,.T.);
#3094 = VERTEX_POINT('',#3095);
#3095 = CARTESIAN_POINT('',(-0.643878532621,-18.8335899981,0.7));
#3096 = CIRCLE('',#3097,18.844593171027);
#3097 = AXIS2_PLACEMENT_3D('',#3098,#3099,#3100);
#3098 = CARTESIAN_POINT('',(0.,0.,0.7));
#3099 = DIRECTION('',(0.,0.,1.));
#3100 = DIRECTION('',(1.,0.,0.));
#3101 = ORIENTED_EDGE('',*,*,#3102,.T.);
#3102 = EDGE_CURVE('',#3094,#357,#3103,.T.);
#3103 = LINE('',#3104,#3105);
#3104 = CARTESIAN_POINT('',(-0.643878532621,-18.8335899981,0.));
#3105 = VECTOR('',#3106,1.);
#3106 = DIRECTION('',(0.,0.,1.));
#3107 = CYLINDRICAL_SURFACE('',#3108,18.844593171027);
#3108 = AXIS2_PLACEMENT_3D('',#3109,#3110,#3111);
#3109 = CARTESIAN_POINT('',(0.,0.,0.));
#3110 = DIRECTION('',(0.,0.,1.));
#3111 = DIRECTION('',(1.,0.,0.));
#3112 = ADVANCED_FACE('',(#3113),#3139,.T.);
#3113 = FACE_BOUND('',#3114,.T.);
#3114 = EDGE_LOOP('',(#3115,#3116,#3124,#3133));
#3115 = ORIENTED_EDGE('',*,*,#338,.F.);
#3116 = ORIENTED_EDGE('',*,*,#3117,.F.);
#3117 = EDGE_CURVE('',#3118,#339,#3120,.T.);
#3118 = VERTEX_POINT('',#3119);
#3119 = CARTESIAN_POINT('',(0.643878532621,-18.8335899981,0.7));
#3120 = LINE('',#3121,#3122);
#3121 = CARTESIAN_POINT('',(0.643878532621,-18.8335899981,0.));
#3122 = VECTOR('',#3123,1.);
#3123 = DIRECTION('',(0.,0.,1.));
#3124 = ORIENTED_EDGE('',*,*,#3125,.T.);
#3125 = EDGE_CURVE('',#3118,#3126,#3128,.T.);
#3126 = VERTEX_POINT('',#3127);
#3127 = CARTESIAN_POINT('',(1.328294921666,-18.79772125505,0.7));
#3128 = CIRCLE('',#3129,18.844593171027);
#3129 = AXIS2_PLACEMENT_3D('',#3130,#3131,#3132);
#3130 = CARTESIAN_POINT('',(0.,0.,0.7));
#3131 = DIRECTION('',(0.,0.,1.));
#3132 = DIRECTION('',(1.,0.,0.));
#3133 = ORIENTED_EDGE('',*,*,#3134,.T.);
#3134 = EDGE_CURVE('',#3126,#330,#3135,.T.);
#3135 = LINE('',#3136,#3137);
#3136 = CARTESIAN_POINT('',(1.328294921666,-18.79772125505,0.));
#3137 = VECTOR('',#3138,1.);
#3138 = DIRECTION('',(0.,0.,1.));
#3139 = CYLINDRICAL_SURFACE('',#3140,18.844593171027);
#3140 = AXIS2_PLACEMENT_3D('',#3141,#3142,#3143);
#3141 = CARTESIAN_POINT('',(0.,0.,0.));
#3142 = DIRECTION('',(0.,0.,1.));
#3143 = DIRECTION('',(1.,0.,0.));
#3144 = ADVANCED_FACE('',(#3145),#3171,.T.);
#3145 = FACE_BOUND('',#3146,.T.);
#3146 = EDGE_LOOP('',(#3147,#3148,#3156,#3165));
#3147 = ORIENTED_EDGE('',*,*,#311,.F.);
#3148 = ORIENTED_EDGE('',*,*,#3149,.F.);
#3149 = EDGE_CURVE('',#3150,#312,#3152,.T.);
#3150 = VERTEX_POINT('',#3151);
#3151 = CARTESIAN_POINT('',(2.608997518964,-18.66311398796,0.7));
#3152 = LINE('',#3153,#3154);
#3153 = CARTESIAN_POINT('',(2.608997518964,-18.66311398796,0.));
#3154 = VECTOR('',#3155,1.);
#3155 = DIRECTION('',(0.,0.,1.));
#3156 = ORIENTED_EDGE('',*,*,#3157,.T.);
#3157 = EDGE_CURVE('',#3150,#3158,#3160,.T.);
#3158 = VERTEX_POINT('',#3159);
#3159 = CARTESIAN_POINT('',(3.285915298828,-18.55590074425,0.7));
#3160 = CIRCLE('',#3161,18.844593171027);
#3161 = AXIS2_PLACEMENT_3D('',#3162,#3163,#3164);
#3162 = CARTESIAN_POINT('',(0.,0.,0.7));
#3163 = DIRECTION('',(0.,0.,1.));
#3164 = DIRECTION('',(1.,0.,0.));
#3165 = ORIENTED_EDGE('',*,*,#3166,.T.);
#3166 = EDGE_CURVE('',#3158,#303,#3167,.T.);
#3167 = LINE('',#3168,#3169);
#3168 = CARTESIAN_POINT('',(3.285915298828,-18.55590074425,0.));
#3169 = VECTOR('',#3170,1.);
#3170 = DIRECTION('',(0.,0.,1.));
#3171 = CYLINDRICAL_SURFACE('',#3172,18.844593171027);
#3172 = AXIS2_PLACEMENT_3D('',#3173,#3174,#3175);
#3173 = CARTESIAN_POINT('',(0.,0.,0.));
#3174 = DIRECTION('',(0.,0.,1.));
#3175 = DIRECTION('',(1.,0.,0.));
#3176 = ADVANCED_FACE('',(#3177),#3196,.F.);
#3177 = FACE_BOUND('',#3178,.F.);
#3178 = EDGE_LOOP('',(#3179,#3180,#3188,#3195));
#3179 = ORIENTED_EDGE('',*,*,#302,.F.);
#3180 = ORIENTED_EDGE('',*,*,#3181,.F.);
#3181 = EDGE_CURVE('',#3182,#294,#3184,.T.);
#3182 = VERTEX_POINT('',#3183);
#3183 = CARTESIAN_POINT('',(4.545531782522,-18.28816099545,0.7));
#3184 = LINE('',#3185,#3186);
#3185 = CARTESIAN_POINT('',(4.545531782522,-18.28816099545,0.));
#3186 = VECTOR('',#3187,1.);
#3187 = DIRECTION('',(0.,0.,1.));
#3188 = ORIENTED_EDGE('',*,*,#3189,.T.);
#3189 = EDGE_CURVE('',#3182,#3158,#3190,.T.);
#3190 = CIRCLE('',#3191,0.65);
#3191 = AXIS2_PLACEMENT_3D('',#3192,#3193,#3194);
#3192 = CARTESIAN_POINT('',(3.897220059879,-18.33497883697,0.7));
#3193 = DIRECTION('',(0.,0.,1.));
#3194 = DIRECTION('',(1.,0.,0.));
#3195 = ORIENTED_EDGE('',*,*,#3166,.T.);
#3196 = CYLINDRICAL_SURFACE('',#3197,0.65);
#3197 = AXIS2_PLACEMENT_3D('',#3198,#3199,#3200);
#3198 = CARTESIAN_POINT('',(3.897220059879,-18.33497883697,-0.1));
#3199 = DIRECTION('',(0.,0.,1.));
#3200 = DIRECTION('',(1.,0.,0.));
#3201 = ADVANCED_FACE('',(#3202),#3221,.T.);
#3202 = FACE_BOUND('',#3203,.T.);
#3203 = EDGE_LOOP('',(#3204,#3205,#3206,#3215));
#3204 = ORIENTED_EDGE('',*,*,#293,.F.);
#3205 = ORIENTED_EDGE('',*,*,#3181,.F.);
#3206 = ORIENTED_EDGE('',*,*,#3207,.T.);
#3207 = EDGE_CURVE('',#3182,#3208,#3210,.T.);
#3208 = VERTEX_POINT('',#3209);
#3209 = CARTESIAN_POINT('',(5.207534500353,-18.11077790182,0.7));
#3210 = CIRCLE('',#3211,18.844593171027);
#3211 = AXIS2_PLACEMENT_3D('',#3212,#3213,#3214);
#3212 = CARTESIAN_POINT('',(0.,0.,0.7));
#3213 = DIRECTION('',(0.,0.,1.));
#3214 = DIRECTION('',(1.,0.,0.));
#3215 = ORIENTED_EDGE('',*,*,#3216,.T.);
#3216 = EDGE_CURVE('',#3208,#285,#3217,.T.);
#3217 = LINE('',#3218,#3219);
#3218 = CARTESIAN_POINT('',(5.207534500353,-18.11077790182,0.));
#3219 = VECTOR('',#3220,1.);
#3220 = DIRECTION('',(0.,0.,1.));
#3221 = CYLINDRICAL_SURFACE('',#3222,18.844593171027);
#3222 = AXIS2_PLACEMENT_3D('',#3223,#3224,#3225);
#3223 = CARTESIAN_POINT('',(0.,0.,0.));
#3224 = DIRECTION('',(0.,0.,1.));
#3225 = DIRECTION('',(1.,0.,0.));
#3226 = ADVANCED_FACE('',(#3227),#3246,.F.);
#3227 = FACE_BOUND('',#3228,.F.);
#3228 = EDGE_LOOP('',(#3229,#3230,#3238,#3245));
#3229 = ORIENTED_EDGE('',*,*,#284,.F.);
#3230 = ORIENTED_EDGE('',*,*,#3231,.F.);
#3231 = EDGE_CURVE('',#3232,#276,#3234,.T.);
#3232 = VERTEX_POINT('',#3233);
#3233 = CARTESIAN_POINT('',(6.432264248656,-17.71283908403,0.7));
#3234 = LINE('',#3235,#3236);
#3235 = CARTESIAN_POINT('',(6.432264248656,-17.71283908403,0.));
#3236 = VECTOR('',#3237,1.);
#3237 = DIRECTION('',(0.,0.,1.));
#3238 = ORIENTED_EDGE('',*,*,#3239,.T.);
#3239 = EDGE_CURVE('',#3232,#3208,#3240,.T.);
#3240 = CIRCLE('',#3241,0.65);
#3241 = AXIS2_PLACEMENT_3D('',#3242,#3243,#3244);
#3242 = CARTESIAN_POINT('',(5.792397842492,-17.8271674806,0.7));
#3243 = DIRECTION('',(0.,0.,1.));
#3244 = DIRECTION('',(1.,0.,0.));
#3245 = ORIENTED_EDGE('',*,*,#3216,.T.);
#3246 = CYLINDRICAL_SURFACE('',#3247,0.65);
#3247 = AXIS2_PLACEMENT_3D('',#3248,#3249,#3250);
#3248 = CARTESIAN_POINT('',(5.792397842492,-17.8271674806,-0.1));
#3249 = DIRECTION('',(0.,0.,1.));
#3250 = DIRECTION('',(1.,0.,0.));
#3251 = ADVANCED_FACE('',(#3252),#3271,.T.);
#3252 = FACE_BOUND('',#3253,.T.);
#3253 = EDGE_LOOP('',(#3254,#3255,#3256,#3265));
#3254 = ORIENTED_EDGE('',*,*,#275,.F.);
#3255 = ORIENTED_EDGE('',*,*,#3231,.F.);
#3256 = ORIENTED_EDGE('',*,*,#3257,.T.);
#3257 = EDGE_CURVE('',#3232,#3258,#3260,.T.);
#3258 = VERTEX_POINT('',#3259);
#3259 = CARTESIAN_POINT('',(7.072098864146,-17.46722958678,0.7));
#3260 = CIRCLE('',#3261,18.844593171027);
#3261 = AXIS2_PLACEMENT_3D('',#3262,#3263,#3264);
#3262 = CARTESIAN_POINT('',(0.,0.,0.7));
#3263 = DIRECTION('',(0.,0.,1.));
#3264 = DIRECTION('',(1.,0.,0.));
#3265 = ORIENTED_EDGE('',*,*,#3266,.T.);
#3266 = EDGE_CURVE('',#3258,#267,#3267,.T.);
#3267 = LINE('',#3268,#3269);
#3268 = CARTESIAN_POINT('',(7.072098864146,-17.46722958678,0.));
#3269 = VECTOR('',#3270,1.);
#3270 = DIRECTION('',(0.,0.,1.));
#3271 = CYLINDRICAL_SURFACE('',#3272,18.844593171027);
#3272 = AXIS2_PLACEMENT_3D('',#3273,#3274,#3275);
#3273 = CARTESIAN_POINT('',(0.,0.,0.));
#3274 = DIRECTION('',(0.,0.,1.));
#3275 = DIRECTION('',(1.,0.,0.));
#3276 = ADVANCED_FACE('',(#3277),#3296,.F.);
#3277 = FACE_BOUND('',#3278,.F.);
#3278 = EDGE_LOOP('',(#3279,#3280,#3288,#3295));
#3279 = ORIENTED_EDGE('',*,*,#266,.F.);
#3280 = ORIENTED_EDGE('',*,*,#3281,.F.);
#3281 = EDGE_CURVE('',#3282,#258,#3284,.T.);
#3282 = VERTEX_POINT('',#3283);
#3283 = CARTESIAN_POINT('',(8.248523481645,-16.94345160096,0.7));
#3284 = LINE('',#3285,#3286);
#3285 = CARTESIAN_POINT('',(8.248523481645,-16.94345160096,0.));
#3286 = VECTOR('',#3287,1.);
#3287 = DIRECTION('',(0.,0.,1.));
#3288 = ORIENTED_EDGE('',*,*,#3289,.T.);
#3289 = EDGE_CURVE('',#3282,#3258,#3290,.T.);
#3290 = CIRCLE('',#3291,0.65);
#3291 = AXIS2_PLACEMENT_3D('',#3292,#3293,#3294);
#3292 = CARTESIAN_POINT('',(7.624112902205,-17.12403794675,0.7));
#3293 = DIRECTION('',(0.,0.,1.));
#3294 = DIRECTION('',(1.,0.,0.));
#3295 = ORIENTED_EDGE('',*,*,#3266,.T.);
#3296 = CYLINDRICAL_SURFACE('',#3297,0.65);
#3297 = AXIS2_PLACEMENT_3D('',#3298,#3299,#3300);
#3298 = CARTESIAN_POINT('',(7.624112902205,-17.12403794675,-0.1));
#3299 = DIRECTION('',(0.,0.,1.));
#3300 = DIRECTION('',(1.,0.,0.));
#3301 = ADVANCED_FACE('',(#3302),#3321,.T.);
#3302 = FACE_BOUND('',#3303,.T.);
#3303 = EDGE_LOOP('',(#3304,#3305,#3306,#3315));
#3304 = ORIENTED_EDGE('',*,*,#257,.F.);
#3305 = ORIENTED_EDGE('',*,*,#3281,.F.);
#3306 = ORIENTED_EDGE('',*,*,#3307,.T.);
#3307 = EDGE_CURVE('',#3282,#3308,#3310,.T.);
#3308 = VERTEX_POINT('',#3309);
#3309 = CARTESIAN_POINT('',(8.859179832852,-16.63230664913,0.7));
#3310 = CIRCLE('',#3311,18.844593171027);
#3311 = AXIS2_PLACEMENT_3D('',#3312,#3313,#3314);
#3312 = CARTESIAN_POINT('',(0.,0.,0.7));
#3313 = DIRECTION('',(0.,0.,1.));
#3314 = DIRECTION('',(1.,0.,0.));
#3315 = ORIENTED_EDGE('',*,*,#3316,.T.);
#3316 = EDGE_CURVE('',#3308,#249,#3317,.T.);
#3317 = LINE('',#3318,#3319);
#3318 = CARTESIAN_POINT('',(8.859179832852,-16.63230664913,0.));
#3319 = VECTOR('',#3320,1.);
#3320 = DIRECTION('',(0.,0.,1.));
#3321 = CYLINDRICAL_SURFACE('',#3322,18.844593171027);
#3322 = AXIS2_PLACEMENT_3D('',#3323,#3324,#3325);
#3323 = CARTESIAN_POINT('',(0.,0.,0.));
#3324 = DIRECTION('',(0.,0.,1.));
#3325 = DIRECTION('',(1.,0.,0.));
#3326 = ADVANCED_FACE('',(#3327),#3346,.F.);
#3327 = FACE_BOUND('',#3328,.F.);
#3328 = EDGE_LOOP('',(#3329,#3330,#3338,#3345));
#3329 = ORIENTED_EDGE('',*,*,#248,.F.);
#3330 = ORIENTED_EDGE('',*,*,#3331,.F.);
#3331 = EDGE_CURVE('',#3332,#240,#3334,.T.);
#3332 = VERTEX_POINT('',#3333);
#3333 = CARTESIAN_POINT('',(9.974410165254,-15.98842811651,0.7));
#3334 = LINE('',#3335,#3336);
#3335 = CARTESIAN_POINT('',(9.974410165254,-15.98842811651,0.));
#3336 = VECTOR('',#3337,1.);
#3337 = DIRECTION('',(0.,0.,1.));
#3338 = ORIENTED_EDGE('',*,*,#3339,.T.);
#3339 = EDGE_CURVE('',#3332,#3308,#3340,.T.);
#3340 = CIRCLE('',#3341,0.65);
#3341 = AXIS2_PLACEMENT_3D('',#3342,#3343,#3344);
#3342 = CARTESIAN_POINT('',(9.372296585514,-16.23329386971,0.7));
#3343 = DIRECTION('',(0.,0.,1.));
#3344 = DIRECTION('',(1.,0.,0.));
#3345 = ORIENTED_EDGE('',*,*,#3316,.T.);
#3346 = CYLINDRICAL_SURFACE('',#3347,0.65);
#3347 = AXIS2_PLACEMENT_3D('',#3348,#3349,#3350);
#3348 = CARTESIAN_POINT('',(9.372296585514,-16.23329386971,-0.1));
#3349 = DIRECTION('',(0.,0.,1.));
#3350 = DIRECTION('',(1.,0.,0.));
#3351 = ADVANCED_FACE('',(#3352),#3371,.T.);
#3352 = FACE_BOUND('',#3353,.T.);
#3353 = EDGE_LOOP('',(#3354,#3355,#3356,#3365));
#3354 = ORIENTED_EDGE('',*,*,#239,.F.);
#3355 = ORIENTED_EDGE('',*,*,#3331,.F.);
#3356 = ORIENTED_EDGE('',*,*,#3357,.T.);
#3357 = EDGE_CURVE('',#3332,#3358,#3360,.T.);
#3358 = VERTEX_POINT('',#3359);
#3359 = CARTESIAN_POINT('',(10.549197773406,-15.6151566793,0.7));
#3360 = CIRCLE('',#3361,18.844593171027);
#3361 = AXIS2_PLACEMENT_3D('',#3362,#3363,#3364);
#3362 = CARTESIAN_POINT('',(0.,0.,0.7));
#3363 = DIRECTION('',(0.,0.,1.));
#3364 = DIRECTION('',(1.,0.,0.));
#3365 = ORIENTED_EDGE('',*,*,#3366,.T.);
#3366 = EDGE_CURVE('',#3358,#231,#3367,.T.);
#3367 = LINE('',#3368,#3369);
#3368 = CARTESIAN_POINT('',(10.549197773406,-15.6151566793,0.));
#3369 = VECTOR('',#3370,1.);
#3370 = DIRECTION('',(0.,0.,1.));
#3371 = CYLINDRICAL_SURFACE('',#3372,18.844593171027);
#3372 = AXIS2_PLACEMENT_3D('',#3373,#3374,#3375);
#3373 = CARTESIAN_POINT('',(0.,0.,0.));
#3374 = DIRECTION('',(0.,0.,1.));
#3375 = DIRECTION('',(1.,0.,0.));
#3376 = ADVANCED_FACE('',(#3377),#3396,.F.);
#3377 = FACE_BOUND('',#3378,.F.);
#3378 = EDGE_LOOP('',(#3379,#3380,#3388,#3395));
#3379 = ORIENTED_EDGE('',*,*,#230,.F.);
#3380 = ORIENTED_EDGE('',*,*,#3381,.F.);
#3381 = EDGE_CURVE('',#3382,#222,#3384,.T.);
#3382 = VERTEX_POINT('',#3383);
#3383 = CARTESIAN_POINT('',(11.591015123813,-14.85823206781,0.7));
#3384 = LINE('',#3385,#3386);
#3385 = CARTESIAN_POINT('',(11.591015123813,-14.85823206781,0.));
#3386 = VECTOR('',#3387,1.);
#3387 = DIRECTION('',(0.,0.,1.));
#3388 = ORIENTED_EDGE('',*,*,#3389,.T.);
#3389 = EDGE_CURVE('',#3382,#3358,#3390,.T.);
#3390 = CIRCLE('',#3391,0.65);
#3391 = AXIS2_PLACEMENT_3D('',#3392,#3393,#3394);
#3392 = CARTESIAN_POINT('',(11.017795426152,-15.164694428,0.7));
#3393 = DIRECTION('',(0.,0.,1.));
#3394 = DIRECTION('',(1.,0.,0.));
#3395 = ORIENTED_EDGE('',*,*,#3366,.T.);
#3396 = CYLINDRICAL_SURFACE('',#3397,0.65);
#3397 = AXIS2_PLACEMENT_3D('',#3398,#3399,#3400);
#3398 = CARTESIAN_POINT('',(11.017795426152,-15.164694428,-0.1));
#3399 = DIRECTION('',(0.,0.,1.));
#3400 = DIRECTION('',(1.,0.,0.));
#3401 = ADVANCED_FACE('',(#3402),#3421,.T.);
#3402 = FACE_BOUND('',#3403,.T.);
#3403 = EDGE_LOOP('',(#3404,#3405,#3406,#3415));
#3404 = ORIENTED_EDGE('',*,*,#221,.F.);
#3405 = ORIENTED_EDGE('',*,*,#3381,.F.);
#3406 = ORIENTED_EDGE('',*,*,#3407,.T.);
#3407 = EDGE_CURVE('',#3382,#3408,#3410,.T.);
#3408 = VERTEX_POINT('',#3409);
#3409 = CARTESIAN_POINT('',(12.123636495594,-14.4269237852,0.7));
#3410 = CIRCLE('',#3411,18.844593171027);
#3411 = AXIS2_PLACEMENT_3D('',#3412,#3413,#3414);
#3412 = CARTESIAN_POINT('',(0.,0.,0.7));
#3413 = DIRECTION('',(0.,0.,1.));
#3414 = DIRECTION('',(1.,0.,0.));
#3415 = ORIENTED_EDGE('',*,*,#3416,.T.);
#3416 = EDGE_CURVE('',#3408,#213,#3417,.T.);
#3417 = LINE('',#3418,#3419);
#3418 = CARTESIAN_POINT('',(12.123636495594,-14.4269237852,0.));
#3419 = VECTOR('',#3420,1.);
#3420 = DIRECTION('',(0.,0.,1.));
#3421 = CYLINDRICAL_SURFACE('',#3422,18.844593171027);
#3422 = AXIS2_PLACEMENT_3D('',#3423,#3424,#3425);
#3423 = CARTESIAN_POINT('',(0.,0.,0.));
#3424 = DIRECTION('',(0.,0.,1.));
#3425 = DIRECTION('',(1.,0.,0.));
#3426 = ADVANCED_FACE('',(#3427),#3446,.F.);
#3427 = FACE_BOUND('',#3428,.F.);
#3428 = EDGE_LOOP('',(#3429,#3430,#3438,#3445));
#3429 = ORIENTED_EDGE('',*,*,#212,.F.);
#3430 = ORIENTED_EDGE('',*,*,#3431,.F.);
#3431 = EDGE_CURVE('',#3432,#204,#3434,.T.);
#3432 = VERTEX_POINT('',#3433);
#3433 = CARTESIAN_POINT('',(13.0806264951,-13.5652461193,0.7));
#3434 = LINE('',#3435,#3436);
#3435 = CARTESIAN_POINT('',(13.0806264951,-13.5652461193,0.));
#3436 = VECTOR('',#3437,1.);
#3437 = DIRECTION('',(0.,0.,1.));
#3438 = ORIENTED_EDGE('',*,*,#3439,.T.);
#3439 = EDGE_CURVE('',#3432,#3408,#3440,.T.);
#3440 = CIRCLE('',#3441,0.65);
#3441 = AXIS2_PLACEMENT_3D('',#3442,#3443,#3444);
#3442 = CARTESIAN_POINT('',(12.54258099448,-13.92994742072,0.7));
#3443 = DIRECTION('',(0.,0.,1.));
#3444 = DIRECTION('',(1.,0.,0.));
#3445 = ORIENTED_EDGE('',*,*,#3416,.T.);
#3446 = CYLINDRICAL_SURFACE('',#3447,0.65);
#3447 = AXIS2_PLACEMENT_3D('',#3448,#3449,#3450);
#3448 = CARTESIAN_POINT('',(12.54258099448,-13.92994742072,-0.1));
#3449 = DIRECTION('',(0.,0.,1.));
#3450 = DIRECTION('',(1.,0.,0.));
#3451 = ADVANCED_FACE('',(#3452),#3471,.T.);
#3452 = FACE_BOUND('',#3453,.T.);
#3453 = EDGE_LOOP('',(#3454,#3455,#3456,#3465));
#3454 = ORIENTED_EDGE('',*,*,#203,.F.);
#3455 = ORIENTED_EDGE('',*,*,#3431,.F.);
#3456 = ORIENTED_EDGE('',*,*,#3457,.T.);
#3457 = EDGE_CURVE('',#3432,#3458,#3460,.T.);
#3458 = VERTEX_POINT('',#3459);
#3459 = CARTESIAN_POINT('',(13.565246119301,-13.0806264951,0.7));
#3460 = CIRCLE('',#3461,18.844593171027);
#3461 = AXIS2_PLACEMENT_3D('',#3462,#3463,#3464);
#3462 = CARTESIAN_POINT('',(0.,0.,0.7));
#3463 = DIRECTION('',(0.,0.,1.));
#3464 = DIRECTION('',(1.,0.,0.));
#3465 = ORIENTED_EDGE('',*,*,#3466,.T.);
#3466 = EDGE_CURVE('',#3458,#195,#3467,.T.);
#3467 = LINE('',#3468,#3469);
#3468 = CARTESIAN_POINT('',(13.565246119301,-13.0806264951,0.));
#3469 = VECTOR('',#3470,1.);
#3470 = DIRECTION('',(0.,0.,1.));
#3471 = CYLINDRICAL_SURFACE('',#3472,18.844593171027);
#3472 = AXIS2_PLACEMENT_3D('',#3473,#3474,#3475);
#3473 = CARTESIAN_POINT('',(0.,0.,0.));
#3474 = DIRECTION('',(0.,0.,1.));
#3475 = DIRECTION('',(1.,0.,0.));
#3476 = ADVANCED_FACE('',(#3477),#3496,.F.);
#3477 = FACE_BOUND('',#3478,.F.);
#3478 = EDGE_LOOP('',(#3479,#3480,#3488,#3495));
#3479 = ORIENTED_EDGE('',*,*,#194,.F.);
#3480 = ORIENTED_EDGE('',*,*,#3481,.F.);
#3481 = EDGE_CURVE('',#3482,#186,#3484,.T.);
#3482 = VERTEX_POINT('',#3483);
#3483 = CARTESIAN_POINT('',(14.426923785209,-12.12363649559,0.7));
#3484 = LINE('',#3485,#3486);
#3485 = CARTESIAN_POINT('',(14.426923785209,-12.12363649559,0.));
#3486 = VECTOR('',#3487,1.);
#3487 = DIRECTION('',(0.,0.,1.));
#3488 = ORIENTED_EDGE('',*,*,#3489,.T.);
#3489 = EDGE_CURVE('',#3482,#3458,#3490,.T.);
#3490 = CIRCLE('',#3491,0.65);
#3491 = AXIS2_PLACEMENT_3D('',#3492,#3493,#3494);
#3492 = CARTESIAN_POINT('',(13.929947420728,-12.54258099448,0.7));
#3493 = DIRECTION('',(0.,0.,1.));
#3494 = DIRECTION('',(1.,0.,0.));
#3495 = ORIENTED_EDGE('',*,*,#3466,.T.);
#3496 = CYLINDRICAL_SURFACE('',#3497,0.65);
#3497 = AXIS2_PLACEMENT_3D('',#3498,#3499,#3500);
#3498 = CARTESIAN_POINT('',(13.929947420728,-12.54258099448,-0.1));
#3499 = DIRECTION('',(0.,0.,1.));
#3500 = DIRECTION('',(1.,0.,0.));
#3501 = ADVANCED_FACE('',(#3502),#3521,.T.);
#3502 = FACE_BOUND('',#3503,.T.);
#3503 = EDGE_LOOP('',(#3504,#3505,#3506,#3515));
#3504 = ORIENTED_EDGE('',*,*,#185,.F.);
#3505 = ORIENTED_EDGE('',*,*,#3481,.F.);
#3506 = ORIENTED_EDGE('',*,*,#3507,.T.);
#3507 = EDGE_CURVE('',#3482,#3508,#3510,.T.);
#3508 = VERTEX_POINT('',#3509);
#3509 = CARTESIAN_POINT('',(14.858232067816,-11.59101512381,0.7));
#3510 = CIRCLE('',#3511,18.844593171027);
#3511 = AXIS2_PLACEMENT_3D('',#3512,#3513,#3514);
#3512 = CARTESIAN_POINT('',(0.,0.,0.7));
#3513 = DIRECTION('',(0.,0.,1.));
#3514 = DIRECTION('',(1.,0.,0.));
#3515 = ORIENTED_EDGE('',*,*,#3516,.T.);
#3516 = EDGE_CURVE('',#3508,#177,#3517,.T.);
#3517 = LINE('',#3518,#3519);
#3518 = CARTESIAN_POINT('',(14.858232067816,-11.59101512381,0.));
#3519 = VECTOR('',#3520,1.);
#3520 = DIRECTION('',(0.,0.,1.));
#3521 = CYLINDRICAL_SURFACE('',#3522,18.844593171027);
#3522 = AXIS2_PLACEMENT_3D('',#3523,#3524,#3525);
#3523 = CARTESIAN_POINT('',(0.,0.,0.));
#3524 = DIRECTION('',(0.,0.,1.));
#3525 = DIRECTION('',(1.,0.,0.));
#3526 = ADVANCED_FACE('',(#3527),#3546,.F.);
#3527 = FACE_BOUND('',#3528,.F.);
#3528 = EDGE_LOOP('',(#3529,#3530,#3538,#3545));
#3529 = ORIENTED_EDGE('',*,*,#176,.F.);
#3530 = ORIENTED_EDGE('',*,*,#3531,.F.);
#3531 = EDGE_CURVE('',#3532,#168,#3534,.T.);
#3532 = VERTEX_POINT('',#3533);
#3533 = CARTESIAN_POINT('',(15.6151566793,-10.5491977734,0.7));
#3534 = LINE('',#3535,#3536);
#3535 = CARTESIAN_POINT('',(15.6151566793,-10.5491977734,0.));
#3536 = VECTOR('',#3537,1.);
#3537 = DIRECTION('',(0.,0.,1.));
#3538 = ORIENTED_EDGE('',*,*,#3539,.T.);
#3539 = EDGE_CURVE('',#3532,#3508,#3540,.T.);
#3540 = CIRCLE('',#3541,0.65);
#3541 = AXIS2_PLACEMENT_3D('',#3542,#3543,#3544);
#3542 = CARTESIAN_POINT('',(15.164694428006,-11.01779542615,0.7));
#3543 = DIRECTION('',(0.,0.,1.));
#3544 = DIRECTION('',(1.,0.,0.));
#3545 = ORIENTED_EDGE('',*,*,#3516,.T.);
#3546 = CYLINDRICAL_SURFACE('',#3547,0.65);
#3547 = AXIS2_PLACEMENT_3D('',#3548,#3549,#3550);
#3548 = CARTESIAN_POINT('',(15.164694428006,-11.01779542615,-0.1));
#3549 = DIRECTION('',(0.,0.,1.));
#3550 = DIRECTION('',(1.,0.,0.));
#3551 = ADVANCED_FACE('',(#3552),#3571,.T.);
#3552 = FACE_BOUND('',#3553,.T.);
#3553 = EDGE_LOOP('',(#3554,#3555,#3556,#3565));
#3554 = ORIENTED_EDGE('',*,*,#167,.F.);
#3555 = ORIENTED_EDGE('',*,*,#3531,.F.);
#3556 = ORIENTED_EDGE('',*,*,#3557,.T.);
#3557 = EDGE_CURVE('',#3532,#3558,#3560,.T.);
#3558 = VERTEX_POINT('',#3559);
#3559 = CARTESIAN_POINT('',(15.98842811651,-9.974410165254,0.7));
#3560 = CIRCLE('',#3561,18.844593171027);
#3561 = AXIS2_PLACEMENT_3D('',#3562,#3563,#3564);
#3562 = CARTESIAN_POINT('',(0.,0.,0.7));
#3563 = DIRECTION('',(0.,0.,1.));
#3564 = DIRECTION('',(1.,0.,0.));
#3565 = ORIENTED_EDGE('',*,*,#3566,.T.);
#3566 = EDGE_CURVE('',#3558,#159,#3567,.T.);
#3567 = LINE('',#3568,#3569);
#3568 = CARTESIAN_POINT('',(15.98842811651,-9.974410165254,0.));
#3569 = VECTOR('',#3570,1.);
#3570 = DIRECTION('',(0.,0.,1.));
#3571 = CYLINDRICAL_SURFACE('',#3572,18.844593171027);
#3572 = AXIS2_PLACEMENT_3D('',#3573,#3574,#3575);
#3573 = CARTESIAN_POINT('',(0.,0.,0.));
#3574 = DIRECTION('',(0.,0.,1.));
#3575 = DIRECTION('',(1.,0.,0.));
#3576 = ADVANCED_FACE('',(#3577),#3596,.F.);
#3577 = FACE_BOUND('',#3578,.F.);
#3578 = EDGE_LOOP('',(#3579,#3580,#3588,#3595));
#3579 = ORIENTED_EDGE('',*,*,#158,.F.);
#3580 = ORIENTED_EDGE('',*,*,#3581,.F.);
#3581 = EDGE_CURVE('',#3582,#150,#3584,.T.);
#3582 = VERTEX_POINT('',#3583);
#3583 = CARTESIAN_POINT('',(16.632306649131,-8.859179832852,0.7));
#3584 = LINE('',#3585,#3586);
#3585 = CARTESIAN_POINT('',(16.632306649131,-8.859179832852,0.));
#3586 = VECTOR('',#3587,1.);
#3587 = DIRECTION('',(0.,0.,1.));
#3588 = ORIENTED_EDGE('',*,*,#3589,.T.);
#3589 = EDGE_CURVE('',#3582,#3558,#3590,.T.);
#3590 = CIRCLE('',#3591,0.65);
#3591 = AXIS2_PLACEMENT_3D('',#3592,#3593,#3594);
#3592 = CARTESIAN_POINT('',(16.233293869714,-9.372296585514,0.7));
#3593 = DIRECTION('',(0.,0.,1.));
#3594 = DIRECTION('',(1.,0.,0.));
#3595 = ORIENTED_EDGE('',*,*,#3566,.T.);
#3596 = CYLINDRICAL_SURFACE('',#3597,0.65);
#3597 = AXIS2_PLACEMENT_3D('',#3598,#3599,#3600);
#3598 = CARTESIAN_POINT('',(16.233293869714,-9.372296585514,-0.1));
#3599 = DIRECTION('',(0.,0.,1.));
#3600 = DIRECTION('',(1.,0.,0.));
#3601 = ADVANCED_FACE('',(#3602),#3621,.T.);
#3602 = FACE_BOUND('',#3603,.T.);
#3603 = EDGE_LOOP('',(#3604,#3605,#3606,#3615));
#3604 = ORIENTED_EDGE('',*,*,#149,.F.);
#3605 = ORIENTED_EDGE('',*,*,#3581,.F.);
#3606 = ORIENTED_EDGE('',*,*,#3607,.T.);
#3607 = EDGE_CURVE('',#3582,#3608,#3610,.T.);
#3608 = VERTEX_POINT('',#3609);
#3609 = CARTESIAN_POINT('',(16.943451600966,-8.248523481645,0.7));
#3610 = CIRCLE('',#3611,18.844593171027);
#3611 = AXIS2_PLACEMENT_3D('',#3612,#3613,#3614);
#3612 = CARTESIAN_POINT('',(0.,0.,0.7));
#3613 = DIRECTION('',(0.,0.,1.));
#3614 = DIRECTION('',(1.,0.,0.));
#3615 = ORIENTED_EDGE('',*,*,#3616,.T.);
#3616 = EDGE_CURVE('',#3608,#141,#3617,.T.);
#3617 = LINE('',#3618,#3619);
#3618 = CARTESIAN_POINT('',(16.943451600966,-8.248523481645,0.));
#3619 = VECTOR('',#3620,1.);
#3620 = DIRECTION('',(0.,0.,1.));
#3621 = CYLINDRICAL_SURFACE('',#3622,18.844593171027);
#3622 = AXIS2_PLACEMENT_3D('',#3623,#3624,#3625);
#3623 = CARTESIAN_POINT('',(0.,0.,0.));
#3624 = DIRECTION('',(0.,0.,1.));
#3625 = DIRECTION('',(1.,0.,0.));
#3626 = ADVANCED_FACE('',(#3627),#3646,.F.);
#3627 = FACE_BOUND('',#3628,.F.);
#3628 = EDGE_LOOP('',(#3629,#3630,#3638,#3645));
#3629 = ORIENTED_EDGE('',*,*,#140,.F.);
#3630 = ORIENTED_EDGE('',*,*,#3631,.F.);
#3631 = EDGE_CURVE('',#3632,#132,#3634,.T.);
#3632 = VERTEX_POINT('',#3633);
#3633 = CARTESIAN_POINT('',(17.46722958678,-7.072098864146,0.7));
#3634 = LINE('',#3635,#3636);
#3635 = CARTESIAN_POINT('',(17.46722958678,-7.072098864146,0.));
#3636 = VECTOR('',#3637,1.);
#3637 = DIRECTION('',(0.,0.,1.));
#3638 = ORIENTED_EDGE('',*,*,#3639,.T.);
#3639 = EDGE_CURVE('',#3632,#3608,#3640,.T.);
#3640 = CIRCLE('',#3641,0.65);
#3641 = AXIS2_PLACEMENT_3D('',#3642,#3643,#3644);
#3642 = CARTESIAN_POINT('',(17.124037946751,-7.624112902205,0.7));
#3643 = DIRECTION('',(0.,0.,1.));
#3644 = DIRECTION('',(1.,0.,0.));
#3645 = ORIENTED_EDGE('',*,*,#3616,.T.);
#3646 = CYLINDRICAL_SURFACE('',#3647,0.65);
#3647 = AXIS2_PLACEMENT_3D('',#3648,#3649,#3650);
#3648 = CARTESIAN_POINT('',(17.124037946751,-7.624112902205,-0.1));
#3649 = DIRECTION('',(0.,0.,1.));
#3650 = DIRECTION('',(1.,0.,0.));
#3651 = ADVANCED_FACE('',(#3652),#3671,.T.);
#3652 = FACE_BOUND('',#3653,.T.);
#3653 = EDGE_LOOP('',(#3654,#3655,#3656,#3665));
#3654 = ORIENTED_EDGE('',*,*,#131,.F.);
#3655 = ORIENTED_EDGE('',*,*,#3631,.F.);
#3656 = ORIENTED_EDGE('',*,*,#3657,.T.);
#3657 = EDGE_CURVE('',#3632,#3658,#3660,.T.);
#3658 = VERTEX_POINT('',#3659);
#3659 = CARTESIAN_POINT('',(17.712839084037,-6.432264248656,0.7));
#3660 = CIRCLE('',#3661,18.844593171027);
#3661 = AXIS2_PLACEMENT_3D('',#3662,#3663,#3664);
#3662 = CARTESIAN_POINT('',(0.,0.,0.7));
#3663 = DIRECTION('',(0.,0.,1.));
#3664 = DIRECTION('',(1.,0.,0.));
#3665 = ORIENTED_EDGE('',*,*,#3666,.T.);
#3666 = EDGE_CURVE('',#3658,#123,#3667,.T.);
#3667 = LINE('',#3668,#3669);
#3668 = CARTESIAN_POINT('',(17.712839084037,-6.432264248656,0.));
#3669 = VECTOR('',#3670,1.);
#3670 = DIRECTION('',(0.,0.,1.));
#3671 = CYLINDRICAL_SURFACE('',#3672,18.844593171027);
#3672 = AXIS2_PLACEMENT_3D('',#3673,#3674,#3675);
#3673 = CARTESIAN_POINT('',(0.,0.,0.));
#3674 = DIRECTION('',(0.,0.,1.));
#3675 = DIRECTION('',(1.,0.,0.));
#3676 = ADVANCED_FACE('',(#3677),#3696,.F.);
#3677 = FACE_BOUND('',#3678,.F.);
#3678 = EDGE_LOOP('',(#3679,#3680,#3688,#3695));
#3679 = ORIENTED_EDGE('',*,*,#122,.F.);
#3680 = ORIENTED_EDGE('',*,*,#3681,.F.);
#3681 = EDGE_CURVE('',#3682,#114,#3684,.T.);
#3682 = VERTEX_POINT('',#3683);
#3683 = CARTESIAN_POINT('',(18.110777901823,-5.207534500353,0.7));
#3684 = LINE('',#3685,#3686);
#3685 = CARTESIAN_POINT('',(18.110777901823,-5.207534500353,0.));
#3686 = VECTOR('',#3687,1.);
#3687 = DIRECTION('',(0.,0.,1.));
#3688 = ORIENTED_EDGE('',*,*,#3689,.T.);
#3689 = EDGE_CURVE('',#3682,#3658,#3690,.T.);
#3690 = CIRCLE('',#3691,0.65);
#3691 = AXIS2_PLACEMENT_3D('',#3692,#3693,#3694);
#3692 = CARTESIAN_POINT('',(17.827167480607,-5.792397842492,0.7));
#3693 = DIRECTION('',(0.,0.,1.));
#3694 = DIRECTION('',(1.,0.,0.));
#3695 = ORIENTED_EDGE('',*,*,#3666,.T.);
#3696 = CYLINDRICAL_SURFACE('',#3697,0.65);
#3697 = AXIS2_PLACEMENT_3D('',#3698,#3699,#3700);
#3698 = CARTESIAN_POINT('',(17.827167480607,-5.792397842492,-0.1));
#3699 = DIRECTION('',(0.,0.,1.));
#3700 = DIRECTION('',(1.,0.,0.));
#3701 = ADVANCED_FACE('',(#3702),#3721,.T.);
#3702 = FACE_BOUND('',#3703,.T.);
#3703 = EDGE_LOOP('',(#3704,#3705,#3706,#3715));
#3704 = ORIENTED_EDGE('',*,*,#113,.F.);
#3705 = ORIENTED_EDGE('',*,*,#3681,.F.);
#3706 = ORIENTED_EDGE('',*,*,#3707,.T.);
#3707 = EDGE_CURVE('',#3682,#3708,#3710,.T.);
#3708 = VERTEX_POINT('',#3709);
#3709 = CARTESIAN_POINT('',(18.288160995453,-4.545531782522,0.7));
#3710 = CIRCLE('',#3711,18.844593171027);
#3711 = AXIS2_PLACEMENT_3D('',#3712,#3713,#3714);
#3712 = CARTESIAN_POINT('',(0.,0.,0.7));
#3713 = DIRECTION('',(0.,0.,1.));
#3714 = DIRECTION('',(1.,0.,0.));
#3715 = ORIENTED_EDGE('',*,*,#3716,.T.);
#3716 = EDGE_CURVE('',#3708,#105,#3717,.T.);
#3717 = LINE('',#3718,#3719);
#3718 = CARTESIAN_POINT('',(18.288160995453,-4.545531782522,0.));
#3719 = VECTOR('',#3720,1.);
#3720 = DIRECTION('',(0.,0.,1.));
#3721 = CYLINDRICAL_SURFACE('',#3722,18.844593171027);
#3722 = AXIS2_PLACEMENT_3D('',#3723,#3724,#3725);
#3723 = CARTESIAN_POINT('',(0.,0.,0.));
#3724 = DIRECTION('',(0.,0.,1.));
#3725 = DIRECTION('',(1.,0.,0.));
#3726 = ADVANCED_FACE('',(#3727),#3746,.F.);
#3727 = FACE_BOUND('',#3728,.F.);
#3728 = EDGE_LOOP('',(#3729,#3730,#3738,#3745));
#3729 = ORIENTED_EDGE('',*,*,#104,.F.);
#3730 = ORIENTED_EDGE('',*,*,#3731,.F.);
#3731 = EDGE_CURVE('',#3732,#96,#3734,.T.);
#3732 = VERTEX_POINT('',#3733);
#3733 = CARTESIAN_POINT('',(18.55590074425,-3.285915298828,0.7));
#3734 = LINE('',#3735,#3736);
#3735 = CARTESIAN_POINT('',(18.55590074425,-3.285915298828,0.));
#3736 = VECTOR('',#3737,1.);
#3737 = DIRECTION('',(0.,0.,1.));
#3738 = ORIENTED_EDGE('',*,*,#3739,.T.);
#3739 = EDGE_CURVE('',#3732,#3708,#3740,.T.);
#3740 = CIRCLE('',#3741,0.65);
#3741 = AXIS2_PLACEMENT_3D('',#3742,#3743,#3744);
#3742 = CARTESIAN_POINT('',(18.334978836972,-3.897220059879,0.7));
#3743 = DIRECTION('',(0.,0.,1.));
#3744 = DIRECTION('',(1.,0.,0.));
#3745 = ORIENTED_EDGE('',*,*,#3716,.T.);
#3746 = CYLINDRICAL_SURFACE('',#3747,0.65);
#3747 = AXIS2_PLACEMENT_3D('',#3748,#3749,#3750);
#3748 = CARTESIAN_POINT('',(18.334978836972,-3.897220059879,-0.1));
#3749 = DIRECTION('',(0.,0.,1.));
#3750 = DIRECTION('',(1.,0.,0.));
#3751 = ADVANCED_FACE('',(#3752),#3771,.T.);
#3752 = FACE_BOUND('',#3753,.T.);
#3753 = EDGE_LOOP('',(#3754,#3755,#3756,#3765));
#3754 = ORIENTED_EDGE('',*,*,#95,.F.);
#3755 = ORIENTED_EDGE('',*,*,#3731,.F.);
#3756 = ORIENTED_EDGE('',*,*,#3757,.T.);
#3757 = EDGE_CURVE('',#3732,#3758,#3760,.T.);
#3758 = VERTEX_POINT('',#3759);
#3759 = CARTESIAN_POINT('',(18.66311398796,-2.608997518964,0.7));
#3760 = CIRCLE('',#3761,18.844593171027);
#3761 = AXIS2_PLACEMENT_3D('',#3762,#3763,#3764);
#3762 = CARTESIAN_POINT('',(0.,0.,0.7));
#3763 = DIRECTION('',(0.,0.,1.));
#3764 = DIRECTION('',(1.,0.,0.));
#3765 = ORIENTED_EDGE('',*,*,#3766,.T.);
#3766 = EDGE_CURVE('',#3758,#87,#3767,.T.);
#3767 = LINE('',#3768,#3769);
#3768 = CARTESIAN_POINT('',(18.66311398796,-2.608997518964,0.));
#3769 = VECTOR('',#3770,1.);
#3770 = DIRECTION('',(0.,0.,1.));
#3771 = CYLINDRICAL_SURFACE('',#3772,18.844593171027);
#3772 = AXIS2_PLACEMENT_3D('',#3773,#3774,#3775);
#3773 = CARTESIAN_POINT('',(0.,0.,0.));
#3774 = DIRECTION('',(0.,0.,1.));
#3775 = DIRECTION('',(1.,0.,0.));
#3776 = ADVANCED_FACE('',(#3777),#3796,.F.);
#3777 = FACE_BOUND('',#3778,.F.);
#3778 = EDGE_LOOP('',(#3779,#3780,#3788,#3795));
#3779 = ORIENTED_EDGE('',*,*,#86,.F.);
#3780 = ORIENTED_EDGE('',*,*,#3781,.F.);
#3781 = EDGE_CURVE('',#3782,#78,#3784,.T.);
#3782 = VERTEX_POINT('',#3783);
#3783 = CARTESIAN_POINT('',(18.797721255051,-1.328294921666,0.7));
#3784 = LINE('',#3785,#3786);
#3785 = CARTESIAN_POINT('',(18.797721255051,-1.328294921666,0.));
#3786 = VECTOR('',#3787,1.);
#3787 = DIRECTION('',(0.,0.,1.));
#3788 = ORIENTED_EDGE('',*,*,#3789,.T.);
#3789 = EDGE_CURVE('',#3782,#3758,#3790,.T.);
#3790 = CIRCLE('',#3791,0.65);
#3791 = AXIS2_PLACEMENT_3D('',#3792,#3793,#3794);
#3792 = CARTESIAN_POINT('',(18.641908328357,-1.959343518745,0.7));
#3793 = DIRECTION('',(0.,0.,1.));
#3794 = DIRECTION('',(1.,0.,0.));
#3795 = ORIENTED_EDGE('',*,*,#3766,.T.);
#3796 = CYLINDRICAL_SURFACE('',#3797,0.65);
#3797 = AXIS2_PLACEMENT_3D('',#3798,#3799,#3800);
#3798 = CARTESIAN_POINT('',(18.641908328357,-1.959343518745,-0.1));
#3799 = DIRECTION('',(0.,0.,1.));
#3800 = DIRECTION('',(1.,0.,0.));
#3801 = ADVANCED_FACE('',(#3802),#3821,.T.);
#3802 = FACE_BOUND('',#3803,.T.);
#3803 = EDGE_LOOP('',(#3804,#3805,#3806,#3815));
#3804 = ORIENTED_EDGE('',*,*,#77,.F.);
#3805 = ORIENTED_EDGE('',*,*,#3781,.F.);
#3806 = ORIENTED_EDGE('',*,*,#3807,.T.);
#3807 = EDGE_CURVE('',#3782,#3808,#3810,.T.);
#3808 = VERTEX_POINT('',#3809);
#3809 = CARTESIAN_POINT('',(18.833589998106,-0.643878532621,0.7));
#3810 = CIRCLE('',#3811,18.844593171027);
#3811 = AXIS2_PLACEMENT_3D('',#3812,#3813,#3814);
#3812 = CARTESIAN_POINT('',(0.,0.,0.7));
#3813 = DIRECTION('',(0.,0.,1.));
#3814 = DIRECTION('',(1.,0.,0.));
#3815 = ORIENTED_EDGE('',*,*,#3816,.T.);
#3816 = EDGE_CURVE('',#3808,#69,#3817,.T.);
#3817 = LINE('',#3818,#3819);
#3818 = CARTESIAN_POINT('',(18.833589998106,-0.643878532621,0.));
#3819 = VECTOR('',#3820,1.);
#3820 = DIRECTION('',(0.,0.,1.));
#3821 = CYLINDRICAL_SURFACE('',#3822,18.844593171027);
#3822 = AXIS2_PLACEMENT_3D('',#3823,#3824,#3825);
#3823 = CARTESIAN_POINT('',(0.,0.,0.));
#3824 = DIRECTION('',(0.,0.,1.));
#3825 = DIRECTION('',(1.,0.,0.));
#3826 = ADVANCED_FACE('',(#3827),#3839,.F.);
#3827 = FACE_BOUND('',#3828,.F.);
#3828 = EDGE_LOOP('',(#3829,#3830,#3837,#3838));
#3829 = ORIENTED_EDGE('',*,*,#1443,.F.);
#3830 = ORIENTED_EDGE('',*,*,#3831,.T.);
#3831 = EDGE_CURVE('',#1444,#3808,#3832,.T.);
#3832 = CIRCLE('',#3833,0.65);
#3833 = AXIS2_PLACEMENT_3D('',#3834,#3835,#3836);
#3834 = CARTESIAN_POINT('',(18.744593171027,0.,0.7));
#3835 = DIRECTION('',(0.,0.,1.));
#3836 = DIRECTION('',(1.,0.,0.));
#3837 = ORIENTED_EDGE('',*,*,#3816,.T.);
#3838 = ORIENTED_EDGE('',*,*,#68,.F.);
#3839 = CYLINDRICAL_SURFACE('',#3840,0.65);
#3840 = AXIS2_PLACEMENT_3D('',#3841,#3842,#3843);
#3841 = CARTESIAN_POINT('',(18.744593171027,0.,-0.1));
#3842 = DIRECTION('',(0.,0.,1.));
#3843 = DIRECTION('',(1.,0.,0.));
#3844 = ADVANCED_FACE('',(#3845,#3856),#4473,.T.);
#3845 = FACE_BOUND('',#3846,.T.);
#3846 = EDGE_LOOP('',(#3847));
#3847 = ORIENTED_EDGE('',*,*,#3848,.T.);
#3848 = EDGE_CURVE('',#3849,#3849,#3851,.T.);
#3849 = VERTEX_POINT('',#3850);
#3850 = CARTESIAN_POINT('',(20.044593171027,-4.909509373422E-15,0.7));
#3851 = CIRCLE('',#3852,20.044593171027);
#3852 = AXIS2_PLACEMENT_3D('',#3853,#3854,#3855);
#3853 = CARTESIAN_POINT('',(0.,0.,0.7));
#3854 = DIRECTION('',(0.,0.,1.));
#3855 = DIRECTION('',(1.,0.,0.));
#3856 = FACE_BOUND('',#3857,.T.);
#3857 = EDGE_LOOP('',(#3858,#3859,#3860,#3861,#3862,#3863,#3864,#3865,
    #3866,#3867,#3868,#3869,#3870,#3871,#3872,#3873,#3874,#3875,#3876,
    #3877,#3878,#3879,#3880,#3881,#3882,#3883,#3884,#3885,#3886,#3887,
    #3896,#3903,#3904,#3913,#3920,#3921,#3930,#3937,#3938,#3947,#3954,
    #3955,#3964,#3971,#3972,#3981,#3988,#3989,#3998,#4005,#4006,#4015,
    #4022,#4023,#4032,#4039,#4040,#4049,#4056,#4057,#4066,#4073,#4074,
    #4083,#4090,#4091,#4100,#4107,#4108,#4117,#4124,#4125,#4134,#4141,
    #4142,#4151,#4158,#4159,#4168,#4175,#4176,#4185,#4192,#4193,#4202,
    #4209,#4210,#4219,#4226,#4227,#4236,#4243,#4244,#4253,#4260,#4261,
    #4270,#4277,#4278,#4287,#4294,#4295,#4304,#4311,#4312,#4321,#4328,
    #4329,#4338,#4345,#4346,#4355,#4362,#4363,#4372,#4379,#4380,#4389,
    #4396,#4397,#4406,#4413,#4414,#4423,#4430,#4431,#4440,#4447,#4448,
    #4449,#4450,#4451,#4452,#4453,#4454,#4455,#4456,#4457,#4458,#4459,
    #4460,#4461,#4462,#4463,#4464,#4465,#4466,#4467,#4468,#4469,#4470,
    #4471,#4472));
#3858 = ORIENTED_EDGE('',*,*,#1451,.F.);
#3859 = ORIENTED_EDGE('',*,*,#3831,.T.);
#3860 = ORIENTED_EDGE('',*,*,#3807,.F.);
#3861 = ORIENTED_EDGE('',*,*,#3789,.T.);
#3862 = ORIENTED_EDGE('',*,*,#3757,.F.);
#3863 = ORIENTED_EDGE('',*,*,#3739,.T.);
#3864 = ORIENTED_EDGE('',*,*,#3707,.F.);
#3865 = ORIENTED_EDGE('',*,*,#3689,.T.);
#3866 = ORIENTED_EDGE('',*,*,#3657,.F.);
#3867 = ORIENTED_EDGE('',*,*,#3639,.T.);
#3868 = ORIENTED_EDGE('',*,*,#3607,.F.);
#3869 = ORIENTED_EDGE('',*,*,#3589,.T.);
#3870 = ORIENTED_EDGE('',*,*,#3557,.F.);
#3871 = ORIENTED_EDGE('',*,*,#3539,.T.);
#3872 = ORIENTED_EDGE('',*,*,#3507,.F.);
#3873 = ORIENTED_EDGE('',*,*,#3489,.T.);
#3874 = ORIENTED_EDGE('',*,*,#3457,.F.);
#3875 = ORIENTED_EDGE('',*,*,#3439,.T.);
#3876 = ORIENTED_EDGE('',*,*,#3407,.F.);
#3877 = ORIENTED_EDGE('',*,*,#3389,.T.);
#3878 = ORIENTED_EDGE('',*,*,#3357,.F.);
#3879 = ORIENTED_EDGE('',*,*,#3339,.T.);
#3880 = ORIENTED_EDGE('',*,*,#3307,.F.);
#3881 = ORIENTED_EDGE('',*,*,#3289,.T.);
#3882 = ORIENTED_EDGE('',*,*,#3257,.F.);
#3883 = ORIENTED_EDGE('',*,*,#3239,.T.);
#3884 = ORIENTED_EDGE('',*,*,#3207,.F.);
#3885 = ORIENTED_EDGE('',*,*,#3189,.T.);
#3886 = ORIENTED_EDGE('',*,*,#3157,.F.);
#3887 = ORIENTED_EDGE('',*,*,#3888,.T.);
#3888 = EDGE_CURVE('',#3150,#3889,#3891,.T.);
#3889 = VERTEX_POINT('',#3890);
#3890 = CARTESIAN_POINT('',(2.609343518745,-18.64190832835,0.7));
#3891 = CIRCLE('',#3892,0.65);
#3892 = AXIS2_PLACEMENT_3D('',#3893,#3894,#3895);
#3893 = CARTESIAN_POINT('',(1.959343518745,-18.64190832835,0.7));
#3894 = DIRECTION('',(0.,0.,1.));
#3895 = DIRECTION('',(1.,0.,0.));
#3896 = ORIENTED_EDGE('',*,*,#3897,.T.);
#3897 = EDGE_CURVE('',#3889,#3126,#3898,.T.);
#3898 = CIRCLE('',#3899,0.65);
#3899 = AXIS2_PLACEMENT_3D('',#3900,#3901,#3902);
#3900 = CARTESIAN_POINT('',(1.959343518745,-18.64190832835,0.7));
#3901 = DIRECTION('',(0.,0.,1.));
#3902 = DIRECTION('',(1.,0.,0.));
#3903 = ORIENTED_EDGE('',*,*,#3125,.F.);
#3904 = ORIENTED_EDGE('',*,*,#3905,.T.);
#3905 = EDGE_CURVE('',#3118,#3906,#3908,.T.);
#3906 = VERTEX_POINT('',#3907);
#3907 = CARTESIAN_POINT('',(0.65,-18.74459317102,0.7));
#3908 = CIRCLE('',#3909,0.65);
#3909 = AXIS2_PLACEMENT_3D('',#3910,#3911,#3912);
#3910 = CARTESIAN_POINT('',(-3.443325904233E-15,-18.74459317102,0.7));
#3911 = DIRECTION('',(0.,0.,1.));
#3912 = DIRECTION('',(1.,0.,0.));
#3913 = ORIENTED_EDGE('',*,*,#3914,.T.);
#3914 = EDGE_CURVE('',#3906,#3094,#3915,.T.);
#3915 = CIRCLE('',#3916,0.65);
#3916 = AXIS2_PLACEMENT_3D('',#3917,#3918,#3919);
#3917 = CARTESIAN_POINT('',(-3.443325904233E-15,-18.74459317102,0.7));
#3918 = DIRECTION('',(0.,0.,1.));
#3919 = DIRECTION('',(1.,0.,0.));
#3920 = ORIENTED_EDGE('',*,*,#3093,.F.);
#3921 = ORIENTED_EDGE('',*,*,#3922,.T.);
#3922 = EDGE_CURVE('',#3086,#3923,#3925,.T.);
#3923 = VERTEX_POINT('',#3924);
#3924 = CARTESIAN_POINT('',(-1.309343518745,-18.64190832835,0.7));
#3925 = CIRCLE('',#3926,0.65);
#3926 = AXIS2_PLACEMENT_3D('',#3927,#3928,#3929);
#3927 = CARTESIAN_POINT('',(-1.959343518745,-18.64190832835,0.7));
#3928 = DIRECTION('',(0.,0.,1.));
#3929 = DIRECTION('',(1.,0.,0.));
#3930 = ORIENTED_EDGE('',*,*,#3931,.T.);
#3931 = EDGE_CURVE('',#3923,#3062,#3932,.T.);
#3932 = CIRCLE('',#3933,0.65);
#3933 = AXIS2_PLACEMENT_3D('',#3934,#3935,#3936);
#3934 = CARTESIAN_POINT('',(-1.959343518745,-18.64190832835,0.7));
#3935 = DIRECTION('',(0.,0.,1.));
#3936 = DIRECTION('',(1.,0.,0.));
#3937 = ORIENTED_EDGE('',*,*,#3061,.F.);
#3938 = ORIENTED_EDGE('',*,*,#3939,.T.);
#3939 = EDGE_CURVE('',#3054,#3940,#3942,.T.);
#3940 = VERTEX_POINT('',#3941);
#3941 = CARTESIAN_POINT('',(-3.247220059879,-18.33497883697,0.7));
#3942 = CIRCLE('',#3943,0.65);
#3943 = AXIS2_PLACEMENT_3D('',#3944,#3945,#3946);
#3944 = CARTESIAN_POINT('',(-3.897220059879,-18.33497883697,0.7));
#3945 = DIRECTION('',(0.,0.,1.));
#3946 = DIRECTION('',(1.,0.,0.));
#3947 = ORIENTED_EDGE('',*,*,#3948,.T.);
#3948 = EDGE_CURVE('',#3940,#3030,#3949,.T.);
#3949 = CIRCLE('',#3950,0.65);
#3950 = AXIS2_PLACEMENT_3D('',#3951,#3952,#3953);
#3951 = CARTESIAN_POINT('',(-3.897220059879,-18.33497883697,0.7));
#3952 = DIRECTION('',(0.,0.,1.));
#3953 = DIRECTION('',(1.,0.,0.));
#3954 = ORIENTED_EDGE('',*,*,#3029,.F.);
#3955 = ORIENTED_EDGE('',*,*,#3956,.T.);
#3956 = EDGE_CURVE('',#3022,#3957,#3959,.T.);
#3957 = VERTEX_POINT('',#3958);
#3958 = CARTESIAN_POINT('',(-5.142397842492,-17.8271674806,0.7));
#3959 = CIRCLE('',#3960,0.65);
#3960 = AXIS2_PLACEMENT_3D('',#3961,#3962,#3963);
#3961 = CARTESIAN_POINT('',(-5.792397842492,-17.8271674806,0.7));
#3962 = DIRECTION('',(0.,0.,1.));
#3963 = DIRECTION('',(1.,0.,0.));
#3964 = ORIENTED_EDGE('',*,*,#3965,.T.);
#3965 = EDGE_CURVE('',#3957,#2998,#3966,.T.);
#3966 = CIRCLE('',#3967,0.65);
#3967 = AXIS2_PLACEMENT_3D('',#3968,#3969,#3970);
#3968 = CARTESIAN_POINT('',(-5.792397842492,-17.8271674806,0.7));
#3969 = DIRECTION('',(0.,0.,1.));
#3970 = DIRECTION('',(1.,0.,0.));
#3971 = ORIENTED_EDGE('',*,*,#2997,.F.);
#3972 = ORIENTED_EDGE('',*,*,#3973,.T.);
#3973 = EDGE_CURVE('',#2990,#3974,#3976,.T.);
#3974 = VERTEX_POINT('',#3975);
#3975 = CARTESIAN_POINT('',(-6.974112902205,-17.12403794675,0.7));
#3976 = CIRCLE('',#3977,0.65);
#3977 = AXIS2_PLACEMENT_3D('',#3978,#3979,#3980);
#3978 = CARTESIAN_POINT('',(-7.624112902205,-17.12403794675,0.7));
#3979 = DIRECTION('',(0.,0.,1.));
#3980 = DIRECTION('',(1.,0.,0.));
#3981 = ORIENTED_EDGE('',*,*,#3982,.T.);
#3982 = EDGE_CURVE('',#3974,#2966,#3983,.T.);
#3983 = CIRCLE('',#3984,0.65);
#3984 = AXIS2_PLACEMENT_3D('',#3985,#3986,#3987);
#3985 = CARTESIAN_POINT('',(-7.624112902205,-17.12403794675,0.7));
#3986 = DIRECTION('',(0.,0.,1.));
#3987 = DIRECTION('',(1.,0.,0.));
#3988 = ORIENTED_EDGE('',*,*,#2965,.F.);
#3989 = ORIENTED_EDGE('',*,*,#3990,.T.);
#3990 = EDGE_CURVE('',#2958,#3991,#3993,.T.);
#3991 = VERTEX_POINT('',#3992);
#3992 = CARTESIAN_POINT('',(-8.722296585514,-16.23329386971,0.7));
#3993 = CIRCLE('',#3994,0.65);
#3994 = AXIS2_PLACEMENT_3D('',#3995,#3996,#3997);
#3995 = CARTESIAN_POINT('',(-9.372296585514,-16.23329386971,0.7));
#3996 = DIRECTION('',(0.,0.,1.));
#3997 = DIRECTION('',(1.,0.,0.));
#3998 = ORIENTED_EDGE('',*,*,#3999,.T.);
#3999 = EDGE_CURVE('',#3991,#2934,#4000,.T.);
#4000 = CIRCLE('',#4001,0.65);
#4001 = AXIS2_PLACEMENT_3D('',#4002,#4003,#4004);
#4002 = CARTESIAN_POINT('',(-9.372296585514,-16.23329386971,0.7));
#4003 = DIRECTION('',(0.,0.,1.));
#4004 = DIRECTION('',(1.,0.,0.));
#4005 = ORIENTED_EDGE('',*,*,#2933,.F.);
#4006 = ORIENTED_EDGE('',*,*,#4007,.T.);
#4007 = EDGE_CURVE('',#2926,#4008,#4010,.T.);
#4008 = VERTEX_POINT('',#4009);
#4009 = CARTESIAN_POINT('',(-10.36779542615,-15.164694428,0.7));
#4010 = CIRCLE('',#4011,0.65);
#4011 = AXIS2_PLACEMENT_3D('',#4012,#4013,#4014);
#4012 = CARTESIAN_POINT('',(-11.01779542615,-15.164694428,0.7));
#4013 = DIRECTION('',(0.,0.,1.));
#4014 = DIRECTION('',(1.,0.,0.));
#4015 = ORIENTED_EDGE('',*,*,#4016,.T.);
#4016 = EDGE_CURVE('',#4008,#2902,#4017,.T.);
#4017 = CIRCLE('',#4018,0.65);
#4018 = AXIS2_PLACEMENT_3D('',#4019,#4020,#4021);
#4019 = CARTESIAN_POINT('',(-11.01779542615,-15.164694428,0.7));
#4020 = DIRECTION('',(0.,0.,1.));
#4021 = DIRECTION('',(1.,0.,0.));
#4022 = ORIENTED_EDGE('',*,*,#2901,.F.);
#4023 = ORIENTED_EDGE('',*,*,#4024,.T.);
#4024 = EDGE_CURVE('',#2894,#4025,#4027,.T.);
#4025 = VERTEX_POINT('',#4026);
#4026 = CARTESIAN_POINT('',(-11.89258099448,-13.92994742072,0.7));
#4027 = CIRCLE('',#4028,0.65);
#4028 = AXIS2_PLACEMENT_3D('',#4029,#4030,#4031);
#4029 = CARTESIAN_POINT('',(-12.54258099448,-13.92994742072,0.7));
#4030 = DIRECTION('',(0.,0.,1.));
#4031 = DIRECTION('',(1.,0.,0.));
#4032 = ORIENTED_EDGE('',*,*,#4033,.T.);
#4033 = EDGE_CURVE('',#4025,#2870,#4034,.T.);
#4034 = CIRCLE('',#4035,0.65);
#4035 = AXIS2_PLACEMENT_3D('',#4036,#4037,#4038);
#4036 = CARTESIAN_POINT('',(-12.54258099448,-13.92994742072,0.7));
#4037 = DIRECTION('',(0.,0.,1.));
#4038 = DIRECTION('',(1.,0.,0.));
#4039 = ORIENTED_EDGE('',*,*,#2869,.F.);
#4040 = ORIENTED_EDGE('',*,*,#4041,.T.);
#4041 = EDGE_CURVE('',#2862,#4042,#4044,.T.);
#4042 = VERTEX_POINT('',#4043);
#4043 = CARTESIAN_POINT('',(-13.27994742072,-12.54258099448,0.7));
#4044 = CIRCLE('',#4045,0.65);
#4045 = AXIS2_PLACEMENT_3D('',#4046,#4047,#4048);
#4046 = CARTESIAN_POINT('',(-13.92994742072,-12.54258099448,0.7));
#4047 = DIRECTION('',(0.,0.,1.));
#4048 = DIRECTION('',(1.,0.,0.));
#4049 = ORIENTED_EDGE('',*,*,#4050,.T.);
#4050 = EDGE_CURVE('',#4042,#2838,#4051,.T.);
#4051 = CIRCLE('',#4052,0.65);
#4052 = AXIS2_PLACEMENT_3D('',#4053,#4054,#4055);
#4053 = CARTESIAN_POINT('',(-13.92994742072,-12.54258099448,0.7));
#4054 = DIRECTION('',(0.,0.,1.));
#4055 = DIRECTION('',(1.,0.,0.));
#4056 = ORIENTED_EDGE('',*,*,#2837,.F.);
#4057 = ORIENTED_EDGE('',*,*,#4058,.T.);
#4058 = EDGE_CURVE('',#2830,#4059,#4061,.T.);
#4059 = VERTEX_POINT('',#4060);
#4060 = CARTESIAN_POINT('',(-14.514694428,-11.01779542615,0.7));
#4061 = CIRCLE('',#4062,0.65);
#4062 = AXIS2_PLACEMENT_3D('',#4063,#4064,#4065);
#4063 = CARTESIAN_POINT('',(-15.164694428,-11.01779542615,0.7));
#4064 = DIRECTION('',(0.,0.,1.));
#4065 = DIRECTION('',(1.,0.,0.));
#4066 = ORIENTED_EDGE('',*,*,#4067,.T.);
#4067 = EDGE_CURVE('',#4059,#2806,#4068,.T.);
#4068 = CIRCLE('',#4069,0.65);
#4069 = AXIS2_PLACEMENT_3D('',#4070,#4071,#4072);
#4070 = CARTESIAN_POINT('',(-15.164694428,-11.01779542615,0.7));
#4071 = DIRECTION('',(0.,0.,1.));
#4072 = DIRECTION('',(1.,0.,0.));
#4073 = ORIENTED_EDGE('',*,*,#2805,.F.);
#4074 = ORIENTED_EDGE('',*,*,#4075,.T.);
#4075 = EDGE_CURVE('',#2798,#4076,#4078,.T.);
#4076 = VERTEX_POINT('',#4077);
#4077 = CARTESIAN_POINT('',(-15.58329386971,-9.372296585514,0.7));
#4078 = CIRCLE('',#4079,0.65);
#4079 = AXIS2_PLACEMENT_3D('',#4080,#4081,#4082);
#4080 = CARTESIAN_POINT('',(-16.23329386971,-9.372296585514,0.7));
#4081 = DIRECTION('',(0.,0.,1.));
#4082 = DIRECTION('',(1.,0.,0.));
#4083 = ORIENTED_EDGE('',*,*,#4084,.T.);
#4084 = EDGE_CURVE('',#4076,#2774,#4085,.T.);
#4085 = CIRCLE('',#4086,0.65);
#4086 = AXIS2_PLACEMENT_3D('',#4087,#4088,#4089);
#4087 = CARTESIAN_POINT('',(-16.23329386971,-9.372296585514,0.7));
#4088 = DIRECTION('',(0.,0.,1.));
#4089 = DIRECTION('',(1.,0.,0.));
#4090 = ORIENTED_EDGE('',*,*,#2773,.F.);
#4091 = ORIENTED_EDGE('',*,*,#4092,.T.);
#4092 = EDGE_CURVE('',#2766,#4093,#4095,.T.);
#4093 = VERTEX_POINT('',#4094);
#4094 = CARTESIAN_POINT('',(-16.47403794675,-7.624112902205,0.7));
#4095 = CIRCLE('',#4096,0.65);
#4096 = AXIS2_PLACEMENT_3D('',#4097,#4098,#4099);
#4097 = CARTESIAN_POINT('',(-17.12403794675,-7.624112902205,0.7));
#4098 = DIRECTION('',(0.,0.,1.));
#4099 = DIRECTION('',(1.,0.,0.));
#4100 = ORIENTED_EDGE('',*,*,#4101,.T.);
#4101 = EDGE_CURVE('',#4093,#2742,#4102,.T.);
#4102 = CIRCLE('',#4103,0.65);
#4103 = AXIS2_PLACEMENT_3D('',#4104,#4105,#4106);
#4104 = CARTESIAN_POINT('',(-17.12403794675,-7.624112902205,0.7));
#4105 = DIRECTION('',(0.,0.,1.));
#4106 = DIRECTION('',(1.,0.,0.));
#4107 = ORIENTED_EDGE('',*,*,#2741,.F.);
#4108 = ORIENTED_EDGE('',*,*,#4109,.T.);
#4109 = EDGE_CURVE('',#2734,#4110,#4112,.T.);
#4110 = VERTEX_POINT('',#4111);
#4111 = CARTESIAN_POINT('',(-17.1771674806,-5.792397842492,0.7));
#4112 = CIRCLE('',#4113,0.65);
#4113 = AXIS2_PLACEMENT_3D('',#4114,#4115,#4116);
#4114 = CARTESIAN_POINT('',(-17.8271674806,-5.792397842492,0.7));
#4115 = DIRECTION('',(0.,0.,1.));
#4116 = DIRECTION('',(1.,0.,0.));
#4117 = ORIENTED_EDGE('',*,*,#4118,.T.);
#4118 = EDGE_CURVE('',#4110,#2710,#4119,.T.);
#4119 = CIRCLE('',#4120,0.65);
#4120 = AXIS2_PLACEMENT_3D('',#4121,#4122,#4123);
#4121 = CARTESIAN_POINT('',(-17.8271674806,-5.792397842492,0.7));
#4122 = DIRECTION('',(0.,0.,1.));
#4123 = DIRECTION('',(1.,0.,0.));
#4124 = ORIENTED_EDGE('',*,*,#2709,.F.);
#4125 = ORIENTED_EDGE('',*,*,#4126,.T.);
#4126 = EDGE_CURVE('',#2702,#4127,#4129,.T.);
#4127 = VERTEX_POINT('',#4128);
#4128 = CARTESIAN_POINT('',(-17.68497883697,-3.897220059879,0.7));
#4129 = CIRCLE('',#4130,0.65);
#4130 = AXIS2_PLACEMENT_3D('',#4131,#4132,#4133);
#4131 = CARTESIAN_POINT('',(-18.33497883697,-3.897220059879,0.7));
#4132 = DIRECTION('',(0.,0.,1.));
#4133 = DIRECTION('',(1.,0.,0.));
#4134 = ORIENTED_EDGE('',*,*,#4135,.T.);
#4135 = EDGE_CURVE('',#4127,#2678,#4136,.T.);
#4136 = CIRCLE('',#4137,0.65);
#4137 = AXIS2_PLACEMENT_3D('',#4138,#4139,#4140);
#4138 = CARTESIAN_POINT('',(-18.33497883697,-3.897220059879,0.7));
#4139 = DIRECTION('',(0.,0.,1.));
#4140 = DIRECTION('',(1.,0.,0.));
#4141 = ORIENTED_EDGE('',*,*,#2677,.F.);
#4142 = ORIENTED_EDGE('',*,*,#4143,.T.);
#4143 = EDGE_CURVE('',#2670,#4144,#4146,.T.);
#4144 = VERTEX_POINT('',#4145);
#4145 = CARTESIAN_POINT('',(-17.99190832835,-1.959343518745,0.7));
#4146 = CIRCLE('',#4147,0.65);
#4147 = AXIS2_PLACEMENT_3D('',#4148,#4149,#4150);
#4148 = CARTESIAN_POINT('',(-18.64190832835,-1.959343518745,0.7));
#4149 = DIRECTION('',(0.,0.,1.));
#4150 = DIRECTION('',(1.,0.,0.));
#4151 = ORIENTED_EDGE('',*,*,#4152,.T.);
#4152 = EDGE_CURVE('',#4144,#2646,#4153,.T.);
#4153 = CIRCLE('',#4154,0.65);
#4154 = AXIS2_PLACEMENT_3D('',#4155,#4156,#4157);
#4155 = CARTESIAN_POINT('',(-18.64190832835,-1.959343518745,0.7));
#4156 = DIRECTION('',(0.,0.,1.));
#4157 = DIRECTION('',(1.,0.,0.));
#4158 = ORIENTED_EDGE('',*,*,#2645,.F.);
#4159 = ORIENTED_EDGE('',*,*,#4160,.T.);
#4160 = EDGE_CURVE('',#2638,#4161,#4163,.T.);
#4161 = VERTEX_POINT('',#4162);
#4162 = CARTESIAN_POINT('',(-18.09459317102,1.046061808922E-14,0.7));
#4163 = CIRCLE('',#4164,0.65);
#4164 = AXIS2_PLACEMENT_3D('',#4165,#4166,#4167);
#4165 = CARTESIAN_POINT('',(-18.74459317102,1.06198221731E-14,0.7));
#4166 = DIRECTION('',(0.,0.,1.));
#4167 = DIRECTION('',(1.,0.,0.));
#4168 = ORIENTED_EDGE('',*,*,#4169,.T.);
#4169 = EDGE_CURVE('',#4161,#2614,#4170,.T.);
#4170 = CIRCLE('',#4171,0.65);
#4171 = AXIS2_PLACEMENT_3D('',#4172,#4173,#4174);
#4172 = CARTESIAN_POINT('',(-18.74459317102,1.06198221731E-14,0.7));
#4173 = DIRECTION('',(0.,0.,1.));
#4174 = DIRECTION('',(1.,0.,0.));
#4175 = ORIENTED_EDGE('',*,*,#2613,.F.);
#4176 = ORIENTED_EDGE('',*,*,#4177,.T.);
#4177 = EDGE_CURVE('',#2606,#4178,#4180,.T.);
#4178 = VERTEX_POINT('',#4179);
#4179 = CARTESIAN_POINT('',(-17.99190832835,1.959343518745,0.7));
#4180 = CIRCLE('',#4181,0.65);
#4181 = AXIS2_PLACEMENT_3D('',#4182,#4183,#4184);
#4182 = CARTESIAN_POINT('',(-18.64190832835,1.959343518745,0.7));
#4183 = DIRECTION('',(0.,0.,1.));
#4184 = DIRECTION('',(1.,0.,0.));
#4185 = ORIENTED_EDGE('',*,*,#4186,.T.);
#4186 = EDGE_CURVE('',#4178,#2582,#4187,.T.);
#4187 = CIRCLE('',#4188,0.65);
#4188 = AXIS2_PLACEMENT_3D('',#4189,#4190,#4191);
#4189 = CARTESIAN_POINT('',(-18.64190832835,1.959343518745,0.7));
#4190 = DIRECTION('',(0.,0.,1.));
#4191 = DIRECTION('',(1.,0.,0.));
#4192 = ORIENTED_EDGE('',*,*,#2581,.F.);
#4193 = ORIENTED_EDGE('',*,*,#4194,.T.);
#4194 = EDGE_CURVE('',#2574,#4195,#4197,.T.);
#4195 = VERTEX_POINT('',#4196);
#4196 = CARTESIAN_POINT('',(-17.68497883697,3.897220059879,0.7));
#4197 = CIRCLE('',#4198,0.65);
#4198 = AXIS2_PLACEMENT_3D('',#4199,#4200,#4201);
#4199 = CARTESIAN_POINT('',(-18.33497883697,3.897220059879,0.7));
#4200 = DIRECTION('',(0.,0.,1.));
#4201 = DIRECTION('',(1.,0.,0.));
#4202 = ORIENTED_EDGE('',*,*,#4203,.T.);
#4203 = EDGE_CURVE('',#4195,#2550,#4204,.T.);
#4204 = CIRCLE('',#4205,0.65);
#4205 = AXIS2_PLACEMENT_3D('',#4206,#4207,#4208);
#4206 = CARTESIAN_POINT('',(-18.33497883697,3.897220059879,0.7));
#4207 = DIRECTION('',(0.,0.,1.));
#4208 = DIRECTION('',(1.,0.,0.));
#4209 = ORIENTED_EDGE('',*,*,#2549,.F.);
#4210 = ORIENTED_EDGE('',*,*,#4211,.T.);
#4211 = EDGE_CURVE('',#2542,#4212,#4214,.T.);
#4212 = VERTEX_POINT('',#4213);
#4213 = CARTESIAN_POINT('',(-17.1771674806,5.792397842492,0.7));
#4214 = CIRCLE('',#4215,0.65);
#4215 = AXIS2_PLACEMENT_3D('',#4216,#4217,#4218);
#4216 = CARTESIAN_POINT('',(-17.8271674806,5.792397842492,0.7));
#4217 = DIRECTION('',(0.,0.,1.));
#4218 = DIRECTION('',(1.,0.,0.));
#4219 = ORIENTED_EDGE('',*,*,#4220,.T.);
#4220 = EDGE_CURVE('',#4212,#2518,#4221,.T.);
#4221 = CIRCLE('',#4222,0.65);
#4222 = AXIS2_PLACEMENT_3D('',#4223,#4224,#4225);
#4223 = CARTESIAN_POINT('',(-17.8271674806,5.792397842492,0.7));
#4224 = DIRECTION('',(0.,0.,1.));
#4225 = DIRECTION('',(1.,0.,0.));
#4226 = ORIENTED_EDGE('',*,*,#2517,.F.);
#4227 = ORIENTED_EDGE('',*,*,#4228,.T.);
#4228 = EDGE_CURVE('',#2510,#4229,#4231,.T.);
#4229 = VERTEX_POINT('',#4230);
#4230 = CARTESIAN_POINT('',(-16.47403794675,7.624112902205,0.7));
#4231 = CIRCLE('',#4232,0.65);
#4232 = AXIS2_PLACEMENT_3D('',#4233,#4234,#4235);
#4233 = CARTESIAN_POINT('',(-17.12403794675,7.624112902205,0.7));
#4234 = DIRECTION('',(0.,0.,1.));
#4235 = DIRECTION('',(1.,0.,0.));
#4236 = ORIENTED_EDGE('',*,*,#4237,.T.);
#4237 = EDGE_CURVE('',#4229,#2486,#4238,.T.);
#4238 = CIRCLE('',#4239,0.65);
#4239 = AXIS2_PLACEMENT_3D('',#4240,#4241,#4242);
#4240 = CARTESIAN_POINT('',(-17.12403794675,7.624112902205,0.7));
#4241 = DIRECTION('',(0.,0.,1.));
#4242 = DIRECTION('',(1.,0.,0.));
#4243 = ORIENTED_EDGE('',*,*,#2485,.F.);
#4244 = ORIENTED_EDGE('',*,*,#4245,.T.);
#4245 = EDGE_CURVE('',#2478,#4246,#4248,.T.);
#4246 = VERTEX_POINT('',#4247);
#4247 = CARTESIAN_POINT('',(-15.58329386971,9.372296585514,0.7));
#4248 = CIRCLE('',#4249,0.65);
#4249 = AXIS2_PLACEMENT_3D('',#4250,#4251,#4252);
#4250 = CARTESIAN_POINT('',(-16.23329386971,9.372296585514,0.7));
#4251 = DIRECTION('',(0.,0.,1.));
#4252 = DIRECTION('',(1.,0.,0.));
#4253 = ORIENTED_EDGE('',*,*,#4254,.T.);
#4254 = EDGE_CURVE('',#4246,#2454,#4255,.T.);
#4255 = CIRCLE('',#4256,0.65);
#4256 = AXIS2_PLACEMENT_3D('',#4257,#4258,#4259);
#4257 = CARTESIAN_POINT('',(-16.23329386971,9.372296585514,0.7));
#4258 = DIRECTION('',(0.,0.,1.));
#4259 = DIRECTION('',(1.,0.,0.));
#4260 = ORIENTED_EDGE('',*,*,#2453,.F.);
#4261 = ORIENTED_EDGE('',*,*,#4262,.T.);
#4262 = EDGE_CURVE('',#2446,#4263,#4265,.T.);
#4263 = VERTEX_POINT('',#4264);
#4264 = CARTESIAN_POINT('',(-14.514694428,11.017795426152,0.7));
#4265 = CIRCLE('',#4266,0.65);
#4266 = AXIS2_PLACEMENT_3D('',#4267,#4268,#4269);
#4267 = CARTESIAN_POINT('',(-15.164694428,11.017795426152,0.7));
#4268 = DIRECTION('',(0.,0.,1.));
#4269 = DIRECTION('',(1.,0.,0.));
#4270 = ORIENTED_EDGE('',*,*,#4271,.T.);
#4271 = EDGE_CURVE('',#4263,#2422,#4272,.T.);
#4272 = CIRCLE('',#4273,0.65);
#4273 = AXIS2_PLACEMENT_3D('',#4274,#4275,#4276);
#4274 = CARTESIAN_POINT('',(-15.164694428,11.017795426152,0.7));
#4275 = DIRECTION('',(0.,0.,1.));
#4276 = DIRECTION('',(1.,0.,0.));
#4277 = ORIENTED_EDGE('',*,*,#2421,.F.);
#4278 = ORIENTED_EDGE('',*,*,#4279,.T.);
#4279 = EDGE_CURVE('',#2414,#4280,#4282,.T.);
#4280 = VERTEX_POINT('',#4281);
#4281 = CARTESIAN_POINT('',(-13.27994742072,12.54258099448,0.7));
#4282 = CIRCLE('',#4283,0.65);
#4283 = AXIS2_PLACEMENT_3D('',#4284,#4285,#4286);
#4284 = CARTESIAN_POINT('',(-13.92994742072,12.54258099448,0.7));
#4285 = DIRECTION('',(0.,0.,1.));
#4286 = DIRECTION('',(1.,0.,0.));
#4287 = ORIENTED_EDGE('',*,*,#4288,.T.);
#4288 = EDGE_CURVE('',#4280,#2390,#4289,.T.);
#4289 = CIRCLE('',#4290,0.65);
#4290 = AXIS2_PLACEMENT_3D('',#4291,#4292,#4293);
#4291 = CARTESIAN_POINT('',(-13.92994742072,12.54258099448,0.7));
#4292 = DIRECTION('',(0.,0.,1.));
#4293 = DIRECTION('',(1.,0.,0.));
#4294 = ORIENTED_EDGE('',*,*,#2389,.F.);
#4295 = ORIENTED_EDGE('',*,*,#4296,.T.);
#4296 = EDGE_CURVE('',#2382,#4297,#4299,.T.);
#4297 = VERTEX_POINT('',#4298);
#4298 = CARTESIAN_POINT('',(-11.89258099448,13.929947420728,0.7));
#4299 = CIRCLE('',#4300,0.65);
#4300 = AXIS2_PLACEMENT_3D('',#4301,#4302,#4303);
#4301 = CARTESIAN_POINT('',(-12.54258099448,13.929947420728,0.7));
#4302 = DIRECTION('',(0.,0.,1.));
#4303 = DIRECTION('',(1.,0.,0.));
#4304 = ORIENTED_EDGE('',*,*,#4305,.T.);
#4305 = EDGE_CURVE('',#4297,#2358,#4306,.T.);
#4306 = CIRCLE('',#4307,0.65);
#4307 = AXIS2_PLACEMENT_3D('',#4308,#4309,#4310);
#4308 = CARTESIAN_POINT('',(-12.54258099448,13.929947420728,0.7));
#4309 = DIRECTION('',(0.,0.,1.));
#4310 = DIRECTION('',(1.,0.,0.));
#4311 = ORIENTED_EDGE('',*,*,#2357,.F.);
#4312 = ORIENTED_EDGE('',*,*,#4313,.T.);
#4313 = EDGE_CURVE('',#2350,#4314,#4316,.T.);
#4314 = VERTEX_POINT('',#4315);
#4315 = CARTESIAN_POINT('',(-10.36779542615,15.164694428006,0.7));
#4316 = CIRCLE('',#4317,0.65);
#4317 = AXIS2_PLACEMENT_3D('',#4318,#4319,#4320);
#4318 = CARTESIAN_POINT('',(-11.01779542615,15.164694428006,0.7));
#4319 = DIRECTION('',(0.,0.,1.));
#4320 = DIRECTION('',(1.,0.,0.));
#4321 = ORIENTED_EDGE('',*,*,#4322,.T.);
#4322 = EDGE_CURVE('',#4314,#2326,#4323,.T.);
#4323 = CIRCLE('',#4324,0.65);
#4324 = AXIS2_PLACEMENT_3D('',#4325,#4326,#4327);
#4325 = CARTESIAN_POINT('',(-11.01779542615,15.164694428006,0.7));
#4326 = DIRECTION('',(0.,0.,1.));
#4327 = DIRECTION('',(1.,0.,0.));
#4328 = ORIENTED_EDGE('',*,*,#2325,.F.);
#4329 = ORIENTED_EDGE('',*,*,#4330,.T.);
#4330 = EDGE_CURVE('',#2318,#4331,#4333,.T.);
#4331 = VERTEX_POINT('',#4332);
#4332 = CARTESIAN_POINT('',(-8.722296585514,16.233293869714,0.7));
#4333 = CIRCLE('',#4334,0.65);
#4334 = AXIS2_PLACEMENT_3D('',#4335,#4336,#4337);
#4335 = CARTESIAN_POINT('',(-9.372296585514,16.233293869714,0.7));
#4336 = DIRECTION('',(0.,0.,1.));
#4337 = DIRECTION('',(1.,0.,0.));
#4338 = ORIENTED_EDGE('',*,*,#4339,.T.);
#4339 = EDGE_CURVE('',#4331,#2294,#4340,.T.);
#4340 = CIRCLE('',#4341,0.65);
#4341 = AXIS2_PLACEMENT_3D('',#4342,#4343,#4344);
#4342 = CARTESIAN_POINT('',(-9.372296585514,16.233293869714,0.7));
#4343 = DIRECTION('',(0.,0.,1.));
#4344 = DIRECTION('',(1.,0.,0.));
#4345 = ORIENTED_EDGE('',*,*,#2293,.F.);
#4346 = ORIENTED_EDGE('',*,*,#4347,.T.);
#4347 = EDGE_CURVE('',#2286,#4348,#4350,.T.);
#4348 = VERTEX_POINT('',#4349);
#4349 = CARTESIAN_POINT('',(-6.974112902205,17.124037946751,0.7));
#4350 = CIRCLE('',#4351,0.65);
#4351 = AXIS2_PLACEMENT_3D('',#4352,#4353,#4354);
#4352 = CARTESIAN_POINT('',(-7.624112902205,17.124037946751,0.7));
#4353 = DIRECTION('',(0.,0.,1.));
#4354 = DIRECTION('',(1.,0.,0.));
#4355 = ORIENTED_EDGE('',*,*,#4356,.T.);
#4356 = EDGE_CURVE('',#4348,#2262,#4357,.T.);
#4357 = CIRCLE('',#4358,0.65);
#4358 = AXIS2_PLACEMENT_3D('',#4359,#4360,#4361);
#4359 = CARTESIAN_POINT('',(-7.624112902205,17.124037946751,0.7));
#4360 = DIRECTION('',(0.,0.,1.));
#4361 = DIRECTION('',(1.,0.,0.));
#4362 = ORIENTED_EDGE('',*,*,#2261,.F.);
#4363 = ORIENTED_EDGE('',*,*,#4364,.T.);
#4364 = EDGE_CURVE('',#2254,#4365,#4367,.T.);
#4365 = VERTEX_POINT('',#4366);
#4366 = CARTESIAN_POINT('',(-5.142397842492,17.827167480607,0.7));
#4367 = CIRCLE('',#4368,0.65);
#4368 = AXIS2_PLACEMENT_3D('',#4369,#4370,#4371);
#4369 = CARTESIAN_POINT('',(-5.792397842492,17.827167480607,0.7));
#4370 = DIRECTION('',(0.,0.,1.));
#4371 = DIRECTION('',(1.,0.,0.));
#4372 = ORIENTED_EDGE('',*,*,#4373,.T.);
#4373 = EDGE_CURVE('',#4365,#2230,#4374,.T.);
#4374 = CIRCLE('',#4375,0.65);
#4375 = AXIS2_PLACEMENT_3D('',#4376,#4377,#4378);
#4376 = CARTESIAN_POINT('',(-5.792397842492,17.827167480607,0.7));
#4377 = DIRECTION('',(0.,0.,1.));
#4378 = DIRECTION('',(1.,0.,0.));
#4379 = ORIENTED_EDGE('',*,*,#2229,.F.);
#4380 = ORIENTED_EDGE('',*,*,#4381,.T.);
#4381 = EDGE_CURVE('',#2222,#4382,#4384,.T.);
#4382 = VERTEX_POINT('',#4383);
#4383 = CARTESIAN_POINT('',(-3.247220059879,18.334978836972,0.7));
#4384 = CIRCLE('',#4385,0.65);
#4385 = AXIS2_PLACEMENT_3D('',#4386,#4387,#4388);
#4386 = CARTESIAN_POINT('',(-3.897220059879,18.334978836972,0.7));
#4387 = DIRECTION('',(0.,0.,1.));
#4388 = DIRECTION('',(1.,0.,0.));
#4389 = ORIENTED_EDGE('',*,*,#4390,.T.);
#4390 = EDGE_CURVE('',#4382,#2198,#4391,.T.);
#4391 = CIRCLE('',#4392,0.65);
#4392 = AXIS2_PLACEMENT_3D('',#4393,#4394,#4395);
#4393 = CARTESIAN_POINT('',(-3.897220059879,18.334978836972,0.7));
#4394 = DIRECTION('',(0.,0.,1.));
#4395 = DIRECTION('',(1.,0.,0.));
#4396 = ORIENTED_EDGE('',*,*,#2197,.F.);
#4397 = ORIENTED_EDGE('',*,*,#4398,.T.);
#4398 = EDGE_CURVE('',#2190,#4399,#4401,.T.);
#4399 = VERTEX_POINT('',#4400);
#4400 = CARTESIAN_POINT('',(-1.309343518745,18.641908328357,0.7));
#4401 = CIRCLE('',#4402,0.65);
#4402 = AXIS2_PLACEMENT_3D('',#4403,#4404,#4405);
#4403 = CARTESIAN_POINT('',(-1.959343518745,18.641908328357,0.7));
#4404 = DIRECTION('',(0.,0.,1.));
#4405 = DIRECTION('',(1.,0.,0.));
#4406 = ORIENTED_EDGE('',*,*,#4407,.T.);
#4407 = EDGE_CURVE('',#4399,#2166,#4408,.T.);
#4408 = CIRCLE('',#4409,0.65);
#4409 = AXIS2_PLACEMENT_3D('',#4410,#4411,#4412);
#4410 = CARTESIAN_POINT('',(-1.959343518745,18.641908328357,0.7));
#4411 = DIRECTION('',(0.,0.,1.));
#4412 = DIRECTION('',(1.,0.,0.));
#4413 = ORIENTED_EDGE('',*,*,#2165,.F.);
#4414 = ORIENTED_EDGE('',*,*,#4415,.T.);
#4415 = EDGE_CURVE('',#2158,#4416,#4418,.T.);
#4416 = VERTEX_POINT('',#4417);
#4417 = CARTESIAN_POINT('',(0.65,18.744593171027,0.7));
#4418 = CIRCLE('',#4419,0.65);
#4419 = AXIS2_PLACEMENT_3D('',#4420,#4421,#4422);
#4420 = CARTESIAN_POINT('',(5.309911086552E-15,18.744593171027,0.7));
#4421 = DIRECTION('',(0.,0.,1.));
#4422 = DIRECTION('',(1.,0.,0.));
#4423 = ORIENTED_EDGE('',*,*,#4424,.T.);
#4424 = EDGE_CURVE('',#4416,#2134,#4425,.T.);
#4425 = CIRCLE('',#4426,0.65);
#4426 = AXIS2_PLACEMENT_3D('',#4427,#4428,#4429);
#4427 = CARTESIAN_POINT('',(5.309911086552E-15,18.744593171027,0.7));
#4428 = DIRECTION('',(0.,0.,1.));
#4429 = DIRECTION('',(1.,0.,0.));
#4430 = ORIENTED_EDGE('',*,*,#2133,.F.);
#4431 = ORIENTED_EDGE('',*,*,#4432,.T.);
#4432 = EDGE_CURVE('',#2126,#4433,#4435,.T.);
#4433 = VERTEX_POINT('',#4434);
#4434 = CARTESIAN_POINT('',(2.609343518745,18.641908328357,0.7));
#4435 = CIRCLE('',#4436,0.65);
#4436 = AXIS2_PLACEMENT_3D('',#4437,#4438,#4439);
#4437 = CARTESIAN_POINT('',(1.959343518745,18.641908328357,0.7));
#4438 = DIRECTION('',(0.,0.,1.));
#4439 = DIRECTION('',(1.,0.,0.));
#4440 = ORIENTED_EDGE('',*,*,#4441,.T.);
#4441 = EDGE_CURVE('',#4433,#2102,#4442,.T.);
#4442 = CIRCLE('',#4443,0.65);
#4443 = AXIS2_PLACEMENT_3D('',#4444,#4445,#4446);
#4444 = CARTESIAN_POINT('',(1.959343518745,18.641908328357,0.7));
#4445 = DIRECTION('',(0.,0.,1.));
#4446 = DIRECTION('',(1.,0.,0.));
#4447 = ORIENTED_EDGE('',*,*,#2101,.F.);
#4448 = ORIENTED_EDGE('',*,*,#2083,.T.);
#4449 = ORIENTED_EDGE('',*,*,#2051,.F.);
#4450 = ORIENTED_EDGE('',*,*,#2033,.T.);
#4451 = ORIENTED_EDGE('',*,*,#2001,.F.);
#4452 = ORIENTED_EDGE('',*,*,#1983,.T.);
#4453 = ORIENTED_EDGE('',*,*,#1951,.F.);
#4454 = ORIENTED_EDGE('',*,*,#1933,.T.);
#4455 = ORIENTED_EDGE('',*,*,#1901,.F.);
#4456 = ORIENTED_EDGE('',*,*,#1883,.T.);
#4457 = ORIENTED_EDGE('',*,*,#1851,.F.);
#4458 = ORIENTED_EDGE('',*,*,#1833,.T.);
#4459 = ORIENTED_EDGE('',*,*,#1801,.F.);
#4460 = ORIENTED_EDGE('',*,*,#1783,.T.);
#4461 = ORIENTED_EDGE('',*,*,#1751,.F.);
#4462 = ORIENTED_EDGE('',*,*,#1733,.T.);
#4463 = ORIENTED_EDGE('',*,*,#1701,.F.);
#4464 = ORIENTED_EDGE('',*,*,#1683,.T.);
#4465 = ORIENTED_EDGE('',*,*,#1651,.F.);
#4466 = ORIENTED_EDGE('',*,*,#1633,.T.);
#4467 = ORIENTED_EDGE('',*,*,#1601,.F.);
#4468 = ORIENTED_EDGE('',*,*,#1583,.T.);
#4469 = ORIENTED_EDGE('',*,*,#1551,.F.);
#4470 = ORIENTED_EDGE('',*,*,#1533,.T.);
#4471 = ORIENTED_EDGE('',*,*,#1501,.F.);
#4472 = ORIENTED_EDGE('',*,*,#1482,.T.);
#4473 = PLANE('',#4474);
#4474 = AXIS2_PLACEMENT_3D('',#4475,#4476,#4477);
#4475 = CARTESIAN_POINT('',(0.,0.,0.7));
#4476 = DIRECTION('',(0.,0.,1.));
#4477 = DIRECTION('',(1.,0.,0.));
#4478 = ADVANCED_FACE('',(#4479),#4498,.T.);
#4479 = FACE_BOUND('',#4480,.T.);
#4480 = EDGE_LOOP('',(#4481,#4482,#4490,#4497));
#4481 = ORIENTED_EDGE('',*,*,#3848,.F.);
#4482 = ORIENTED_EDGE('',*,*,#4483,.F.);
#4483 = EDGE_CURVE('',#4484,#3849,#4486,.T.);
#4484 = VERTEX_POINT('',#4485);
#4485 = CARTESIAN_POINT('',(20.044593171027,-4.909509373422E-15,0.));
#4486 = LINE('',#4487,#4488);
#4487 = CARTESIAN_POINT('',(20.044593171027,-4.909509373422E-15,0.));
#4488 = VECTOR('',#4489,1.);
#4489 = DIRECTION('',(0.,0.,1.));
#4490 = ORIENTED_EDGE('',*,*,#4491,.T.);
#4491 = EDGE_CURVE('',#4484,#4484,#4492,.T.);
#4492 = CIRCLE('',#4493,20.044593171027);
#4493 = AXIS2_PLACEMENT_3D('',#4494,#4495,#4496);
#4494 = CARTESIAN_POINT('',(0.,0.,0.));
#4495 = DIRECTION('',(0.,0.,1.));
#4496 = DIRECTION('',(1.,0.,0.));
#4497 = ORIENTED_EDGE('',*,*,#4483,.T.);
#4498 = CYLINDRICAL_SURFACE('',#4499,20.044593171027);
#4499 = AXIS2_PLACEMENT_3D('',#4500,#4501,#4502);
#4500 = CARTESIAN_POINT('',(0.,0.,0.));
#4501 = DIRECTION('',(0.,0.,1.));
#4502 = DIRECTION('',(1.,0.,0.));
#4503 = ADVANCED_FACE('',(#4504,#4507,#4552,#4597,#4642,#4687),#4698,.T.
  );
#4504 = FACE_BOUND('',#4505,.T.);
#4505 = EDGE_LOOP('',(#4506));
#4506 = ORIENTED_EDGE('',*,*,#21,.T.);
#4507 = FACE_BOUND('',#4508,.T.);
#4508 = EDGE_LOOP('',(#4509,#4519,#4528,#4537,#4545));
#4509 = ORIENTED_EDGE('',*,*,#4510,.F.);
#4510 = EDGE_CURVE('',#4511,#4513,#4515,.T.);
#4511 = VERTEX_POINT('',#4512);
#4512 = CARTESIAN_POINT('',(1.3,-14.,7.4));
#4513 = VERTEX_POINT('',#4514);
#4514 = CARTESIAN_POINT('',(1.3,-7.,7.4));
#4515 = LINE('',#4516,#4517);
#4516 = CARTESIAN_POINT('',(1.3,-3.5,7.4));
#4517 = VECTOR('',#4518,1.);
#4518 = DIRECTION('',(2.22044604925E-16,1.,0.));
#4519 = ORIENTED_EDGE('',*,*,#4520,.F.);
#4520 = EDGE_CURVE('',#4521,#4511,#4523,.T.);
#4521 = VERTEX_POINT('',#4522);
#4522 = CARTESIAN_POINT('',(-3.715690623131E-15,-15.3,7.4));
#4523 = CIRCLE('',#4524,1.3);
#4524 = AXIS2_PLACEMENT_3D('',#4525,#4526,#4527);
#4525 = CARTESIAN_POINT('',(-3.10862446895E-15,-14.,7.4));
#4526 = DIRECTION('',(0.,0.,1.));
#4527 = DIRECTION('',(-2.22044604925E-16,-1.,0.));
#4528 = ORIENTED_EDGE('',*,*,#4529,.F.);
#4529 = EDGE_CURVE('',#4530,#4521,#4532,.T.);
#4530 = VERTEX_POINT('',#4531);
#4531 = CARTESIAN_POINT('',(-1.3,-14.,7.4));
#4532 = CIRCLE('',#4533,1.3);
#4533 = AXIS2_PLACEMENT_3D('',#4534,#4535,#4536);
#4534 = CARTESIAN_POINT('',(-3.10862446895E-15,-14.,7.4));
#4535 = DIRECTION('',(0.,0.,1.));
#4536 = DIRECTION('',(-2.22044604925E-16,-1.,0.));
#4537 = ORIENTED_EDGE('',*,*,#4538,.T.);
#4538 = EDGE_CURVE('',#4530,#4539,#4541,.T.);
#4539 = VERTEX_POINT('',#4540);
#4540 = CARTESIAN_POINT('',(-1.3,-7.,7.4));
#4541 = LINE('',#4542,#4543);
#4542 = CARTESIAN_POINT('',(-1.3,-3.5,7.4));
#4543 = VECTOR('',#4544,1.);
#4544 = DIRECTION('',(2.22044604925E-16,1.,0.));
#4545 = ORIENTED_EDGE('',*,*,#4546,.F.);
#4546 = EDGE_CURVE('',#4513,#4539,#4547,.T.);
#4547 = CIRCLE('',#4548,1.3);
#4548 = AXIS2_PLACEMENT_3D('',#4549,#4550,#4551);
#4549 = CARTESIAN_POINT('',(-1.554312234475E-15,-7.,7.4));
#4550 = DIRECTION('',(0.,0.,1.));
#4551 = DIRECTION('',(-2.22044604925E-16,-1.,0.));
#4552 = FACE_BOUND('',#4553,.T.);
#4553 = EDGE_LOOP('',(#4554,#4564,#4573,#4582,#4590));
#4554 = ORIENTED_EDGE('',*,*,#4555,.F.);
#4555 = EDGE_CURVE('',#4556,#4558,#4560,.T.);
#4556 = VERTEX_POINT('',#4557);
#4557 = CARTESIAN_POINT('',(-14.,-1.3,7.4));
#4558 = VERTEX_POINT('',#4559);
#4559 = CARTESIAN_POINT('',(-7.,-1.3,7.4));
#4560 = LINE('',#4561,#4562);
#4561 = CARTESIAN_POINT('',(-3.5,-1.3,7.4));
#4562 = VECTOR('',#4563,1.);
#4563 = DIRECTION('',(1.,-1.224646799147E-16,0.));
#4564 = ORIENTED_EDGE('',*,*,#4565,.F.);
#4565 = EDGE_CURVE('',#4566,#4556,#4568,.T.);
#4566 = VERTEX_POINT('',#4567);
#4567 = CARTESIAN_POINT('',(-15.3,2.192117770474E-15,7.4));
#4568 = CIRCLE('',#4569,1.3);
#4569 = AXIS2_PLACEMENT_3D('',#4570,#4571,#4572);
#4570 = CARTESIAN_POINT('',(-14.,1.714505518806E-15,7.4));
#4571 = DIRECTION('',(0.,0.,1.));
#4572 = DIRECTION('',(-1.,1.224646799147E-16,0.));
#4573 = ORIENTED_EDGE('',*,*,#4574,.F.);
#4574 = EDGE_CURVE('',#4575,#4566,#4577,.T.);
#4575 = VERTEX_POINT('',#4576);
#4576 = CARTESIAN_POINT('',(-14.,1.3,7.4));
#4577 = CIRCLE('',#4578,1.3);
#4578 = AXIS2_PLACEMENT_3D('',#4579,#4580,#4581);
#4579 = CARTESIAN_POINT('',(-14.,1.714505518806E-15,7.4));
#4580 = DIRECTION('',(0.,0.,1.));
#4581 = DIRECTION('',(-1.,1.224646799147E-16,0.));
#4582 = ORIENTED_EDGE('',*,*,#4583,.T.);
#4583 = EDGE_CURVE('',#4575,#4584,#4586,.T.);
#4584 = VERTEX_POINT('',#4585);
#4585 = CARTESIAN_POINT('',(-7.,1.3,7.4));
#4586 = LINE('',#4587,#4588);
#4587 = CARTESIAN_POINT('',(-3.5,1.3,7.4));
#4588 = VECTOR('',#4589,1.);
#4589 = DIRECTION('',(1.,-1.224646799147E-16,0.));
#4590 = ORIENTED_EDGE('',*,*,#4591,.F.);
#4591 = EDGE_CURVE('',#4558,#4584,#4592,.T.);
#4592 = CIRCLE('',#4593,1.3);
#4593 = AXIS2_PLACEMENT_3D('',#4594,#4595,#4596);
#4594 = CARTESIAN_POINT('',(-7.,8.572527594031E-16,7.4));
#4595 = DIRECTION('',(0.,0.,1.));
#4596 = DIRECTION('',(-1.,1.224646799147E-16,0.));
#4597 = FACE_BOUND('',#4598,.T.);
#4598 = EDGE_LOOP('',(#4599,#4609,#4618,#4627,#4635));
#4599 = ORIENTED_EDGE('',*,*,#4600,.F.);
#4600 = EDGE_CURVE('',#4601,#4603,#4605,.T.);
#4601 = VERTEX_POINT('',#4602);
#4602 = CARTESIAN_POINT('',(14.,1.3,7.4));
#4603 = VERTEX_POINT('',#4604);
#4604 = CARTESIAN_POINT('',(7.,1.3,7.4));
#4605 = LINE('',#4606,#4607);
#4606 = CARTESIAN_POINT('',(3.5,1.3,7.4));
#4607 = VECTOR('',#4608,1.);
#4608 = DIRECTION('',(-1.,0.,0.));
#4609 = ORIENTED_EDGE('',*,*,#4610,.F.);
#4610 = EDGE_CURVE('',#4611,#4601,#4613,.T.);
#4611 = VERTEX_POINT('',#4612);
#4612 = CARTESIAN_POINT('',(15.3,-3.184081677783E-16,7.4));
#4613 = CIRCLE('',#4614,1.3);
#4614 = AXIS2_PLACEMENT_3D('',#4615,#4616,#4617);
#4615 = CARTESIAN_POINT('',(14.,0.,7.4));
#4616 = DIRECTION('',(0.,0.,1.));
#4617 = DIRECTION('',(1.,0.,0.));
#4618 = ORIENTED_EDGE('',*,*,#4619,.F.);
#4619 = EDGE_CURVE('',#4620,#4611,#4622,.T.);
#4620 = VERTEX_POINT('',#4621);
#4621 = CARTESIAN_POINT('',(14.,-1.3,7.4));
#4622 = CIRCLE('',#4623,1.3);
#4623 = AXIS2_PLACEMENT_3D('',#4624,#4625,#4626);
#4624 = CARTESIAN_POINT('',(14.,0.,7.4));
#4625 = DIRECTION('',(0.,0.,1.));
#4626 = DIRECTION('',(1.,0.,0.));
#4627 = ORIENTED_EDGE('',*,*,#4628,.T.);
#4628 = EDGE_CURVE('',#4620,#4629,#4631,.T.);
#4629 = VERTEX_POINT('',#4630);
#4630 = CARTESIAN_POINT('',(7.,-1.3,7.4));
#4631 = LINE('',#4632,#4633);
#4632 = CARTESIAN_POINT('',(3.5,-1.3,7.4));
#4633 = VECTOR('',#4634,1.);
#4634 = DIRECTION('',(-1.,0.,0.));
#4635 = ORIENTED_EDGE('',*,*,#4636,.F.);
#4636 = EDGE_CURVE('',#4603,#4629,#4637,.T.);
#4637 = CIRCLE('',#4638,1.3);
#4638 = AXIS2_PLACEMENT_3D('',#4639,#4640,#4641);
#4639 = CARTESIAN_POINT('',(7.,0.,7.4));
#4640 = DIRECTION('',(0.,0.,1.));
#4641 = DIRECTION('',(1.,0.,0.));
#4642 = FACE_BOUND('',#4643,.T.);
#4643 = EDGE_LOOP('',(#4644,#4654,#4663,#4672,#4680));
#4644 = ORIENTED_EDGE('',*,*,#4645,.F.);
#4645 = EDGE_CURVE('',#4646,#4648,#4650,.T.);
#4646 = VERTEX_POINT('',#4647);
#4647 = CARTESIAN_POINT('',(-1.3,14.,7.4));
#4648 = VERTEX_POINT('',#4649);
#4649 = CARTESIAN_POINT('',(-1.3,7.,7.4));
#4650 = LINE('',#4651,#4652);
#4651 = CARTESIAN_POINT('',(-1.3,3.5,7.4));
#4652 = VECTOR('',#4653,1.);
#4653 = DIRECTION('',(-1.110223024625E-16,-1.,0.));
#4654 = ORIENTED_EDGE('',*,*,#4655,.F.);
#4655 = EDGE_CURVE('',#4656,#4646,#4658,.T.);
#4656 = VERTEX_POINT('',#4657);
#4657 = CARTESIAN_POINT('',(2.017049395455E-15,15.3,7.4));
#4658 = CIRCLE('',#4659,1.3);
#4659 = AXIS2_PLACEMENT_3D('',#4660,#4661,#4662);
#4660 = CARTESIAN_POINT('',(1.554312234475E-15,14.,7.4));
#4661 = DIRECTION('',(0.,-0.,1.));
#4662 = DIRECTION('',(1.110223024625E-16,1.,0.));
#4663 = ORIENTED_EDGE('',*,*,#4664,.F.);
#4664 = EDGE_CURVE('',#4665,#4656,#4667,.T.);
#4665 = VERTEX_POINT('',#4666);
#4666 = CARTESIAN_POINT('',(1.3,14.,7.4));
#4667 = CIRCLE('',#4668,1.3);
#4668 = AXIS2_PLACEMENT_3D('',#4669,#4670,#4671);
#4669 = CARTESIAN_POINT('',(1.554312234475E-15,14.,7.4));
#4670 = DIRECTION('',(0.,-0.,1.));
#4671 = DIRECTION('',(1.110223024625E-16,1.,0.));
#4672 = ORIENTED_EDGE('',*,*,#4673,.T.);
#4673 = EDGE_CURVE('',#4665,#4674,#4676,.T.);
#4674 = VERTEX_POINT('',#4675);
#4675 = CARTESIAN_POINT('',(1.3,7.,7.4));
#4676 = LINE('',#4677,#4678);
#4677 = CARTESIAN_POINT('',(1.3,3.5,7.4));
#4678 = VECTOR('',#4679,1.);
#4679 = DIRECTION('',(-1.110223024625E-16,-1.,0.));
#4680 = ORIENTED_EDGE('',*,*,#4681,.F.);
#4681 = EDGE_CURVE('',#4648,#4674,#4682,.T.);
#4682 = CIRCLE('',#4683,1.3);
#4683 = AXIS2_PLACEMENT_3D('',#4684,#4685,#4686);
#4684 = CARTESIAN_POINT('',(7.771561172376E-16,7.,7.4));
#4685 = DIRECTION('',(0.,-0.,1.));
#4686 = DIRECTION('',(1.110223024625E-16,1.,0.));
#4687 = FACE_BOUND('',#4688,.T.);
#4688 = EDGE_LOOP('',(#4689));
#4689 = ORIENTED_EDGE('',*,*,#4690,.F.);
#4690 = EDGE_CURVE('',#4691,#4691,#4693,.T.);
#4691 = VERTEX_POINT('',#4692);
#4692 = CARTESIAN_POINT('',(2.75,-6.73555739531E-16,7.4));
#4693 = CIRCLE('',#4694,2.75);
#4694 = AXIS2_PLACEMENT_3D('',#4695,#4696,#4697);
#4695 = CARTESIAN_POINT('',(0.,0.,7.4));
#4696 = DIRECTION('',(0.,0.,1.));
#4697 = DIRECTION('',(1.,0.,0.));
#4698 = PLANE('',#4699);
#4699 = AXIS2_PLACEMENT_3D('',#4700,#4701,#4702);
#4700 = CARTESIAN_POINT('',(0.,0.,7.4));
#4701 = DIRECTION('',(0.,0.,1.));
#4702 = DIRECTION('',(1.,0.,0.));
#4703 = ADVANCED_FACE('',(#4704),#4729,.F.);
#4704 = FACE_BOUND('',#4705,.F.);
#4705 = EDGE_LOOP('',(#4706,#4716,#4722,#4723));
#4706 = ORIENTED_EDGE('',*,*,#4707,.T.);
#4707 = EDGE_CURVE('',#4708,#4710,#4712,.T.);
#4708 = VERTEX_POINT('',#4709);
#4709 = CARTESIAN_POINT('',(1.3,-14.,0.));
#4710 = VERTEX_POINT('',#4711);
#4711 = CARTESIAN_POINT('',(1.3,-7.,0.));
#4712 = LINE('',#4713,#4714);
#4713 = CARTESIAN_POINT('',(1.3,-3.5,0.));
#4714 = VECTOR('',#4715,1.);
#4715 = DIRECTION('',(2.22044604925E-16,1.,0.));
#4716 = ORIENTED_EDGE('',*,*,#4717,.T.);
#4717 = EDGE_CURVE('',#4710,#4513,#4718,.T.);
#4718 = LINE('',#4719,#4720);
#4719 = CARTESIAN_POINT('',(1.3,-7.,-0.1));
#4720 = VECTOR('',#4721,1.);
#4721 = DIRECTION('',(0.,0.,1.));
#4722 = ORIENTED_EDGE('',*,*,#4510,.F.);
#4723 = ORIENTED_EDGE('',*,*,#4724,.F.);
#4724 = EDGE_CURVE('',#4708,#4511,#4725,.T.);
#4725 = LINE('',#4726,#4727);
#4726 = CARTESIAN_POINT('',(1.3,-14.,-0.1));
#4727 = VECTOR('',#4728,1.);
#4728 = DIRECTION('',(0.,0.,1.));
#4729 = PLANE('',#4730);
#4730 = AXIS2_PLACEMENT_3D('',#4731,#4732,#4733);
#4731 = CARTESIAN_POINT('',(1.3,-7.,-0.1));
#4732 = DIRECTION('',(1.,-2.22044604925E-16,0.));
#4733 = DIRECTION('',(0.,0.,1.));
#4734 = ADVANCED_FACE('',(#4735),#4754,.F.);
#4735 = FACE_BOUND('',#4736,.F.);
#4736 = EDGE_LOOP('',(#4737,#4738,#4739,#4748));
#4737 = ORIENTED_EDGE('',*,*,#4546,.F.);
#4738 = ORIENTED_EDGE('',*,*,#4717,.F.);
#4739 = ORIENTED_EDGE('',*,*,#4740,.T.);
#4740 = EDGE_CURVE('',#4710,#4741,#4743,.T.);
#4741 = VERTEX_POINT('',#4742);
#4742 = CARTESIAN_POINT('',(-1.3,-7.,0.));
#4743 = CIRCLE('',#4744,1.3);
#4744 = AXIS2_PLACEMENT_3D('',#4745,#4746,#4747);
#4745 = CARTESIAN_POINT('',(-1.554312234475E-15,-7.,0.));
#4746 = DIRECTION('',(0.,0.,1.));
#4747 = DIRECTION('',(-2.22044604925E-16,-1.,0.));
#4748 = ORIENTED_EDGE('',*,*,#4749,.T.);
#4749 = EDGE_CURVE('',#4741,#4539,#4750,.T.);
#4750 = LINE('',#4751,#4752);
#4751 = CARTESIAN_POINT('',(-1.3,-7.,-0.1));
#4752 = VECTOR('',#4753,1.);
#4753 = DIRECTION('',(0.,0.,1.));
#4754 = CYLINDRICAL_SURFACE('',#4755,1.3);
#4755 = AXIS2_PLACEMENT_3D('',#4756,#4757,#4758);
#4756 = CARTESIAN_POINT('',(-1.554312234475E-15,-7.,-0.1));
#4757 = DIRECTION('',(0.,0.,1.));
#4758 = DIRECTION('',(-2.22044604925E-16,-1.,0.));
#4759 = ADVANCED_FACE('',(#4760),#4778,.T.);
#4760 = FACE_BOUND('',#4761,.T.);
#4761 = EDGE_LOOP('',(#4762,#4770,#4771,#4772));
#4762 = ORIENTED_EDGE('',*,*,#4763,.T.);
#4763 = EDGE_CURVE('',#4764,#4741,#4766,.T.);
#4764 = VERTEX_POINT('',#4765);
#4765 = CARTESIAN_POINT('',(-1.3,-14.,0.));
#4766 = LINE('',#4767,#4768);
#4767 = CARTESIAN_POINT('',(-1.3,-3.5,0.));
#4768 = VECTOR('',#4769,1.);
#4769 = DIRECTION('',(2.22044604925E-16,1.,0.));
#4770 = ORIENTED_EDGE('',*,*,#4749,.T.);
#4771 = ORIENTED_EDGE('',*,*,#4538,.F.);
#4772 = ORIENTED_EDGE('',*,*,#4773,.F.);
#4773 = EDGE_CURVE('',#4764,#4530,#4774,.T.);
#4774 = LINE('',#4775,#4776);
#4775 = CARTESIAN_POINT('',(-1.3,-14.,-0.1));
#4776 = VECTOR('',#4777,1.);
#4777 = DIRECTION('',(0.,0.,1.));
#4778 = PLANE('',#4779);
#4779 = AXIS2_PLACEMENT_3D('',#4780,#4781,#4782);
#4780 = CARTESIAN_POINT('',(-1.3,-7.,-0.1));
#4781 = DIRECTION('',(1.,-2.22044604925E-16,0.));
#4782 = DIRECTION('',(0.,0.,1.));
#4783 = ADVANCED_FACE('',(#4784),#4809,.F.);
#4784 = FACE_BOUND('',#4785,.F.);
#4785 = EDGE_LOOP('',(#4786,#4796,#4802,#4803));
#4786 = ORIENTED_EDGE('',*,*,#4787,.T.);
#4787 = EDGE_CURVE('',#4788,#4790,#4792,.T.);
#4788 = VERTEX_POINT('',#4789);
#4789 = CARTESIAN_POINT('',(-14.,-1.3,0.));
#4790 = VERTEX_POINT('',#4791);
#4791 = CARTESIAN_POINT('',(-7.,-1.3,0.));
#4792 = LINE('',#4793,#4794);
#4793 = CARTESIAN_POINT('',(-3.5,-1.3,0.));
#4794 = VECTOR('',#4795,1.);
#4795 = DIRECTION('',(1.,-1.224646799147E-16,0.));
#4796 = ORIENTED_EDGE('',*,*,#4797,.T.);
#4797 = EDGE_CURVE('',#4790,#4558,#4798,.T.);
#4798 = LINE('',#4799,#4800);
#4799 = CARTESIAN_POINT('',(-7.,-1.3,-0.1));
#4800 = VECTOR('',#4801,1.);
#4801 = DIRECTION('',(0.,0.,1.));
#4802 = ORIENTED_EDGE('',*,*,#4555,.F.);
#4803 = ORIENTED_EDGE('',*,*,#4804,.F.);
#4804 = EDGE_CURVE('',#4788,#4556,#4805,.T.);
#4805 = LINE('',#4806,#4807);
#4806 = CARTESIAN_POINT('',(-14.,-1.3,-0.1));
#4807 = VECTOR('',#4808,1.);
#4808 = DIRECTION('',(0.,0.,1.));
#4809 = PLANE('',#4810);
#4810 = AXIS2_PLACEMENT_3D('',#4811,#4812,#4813);
#4811 = CARTESIAN_POINT('',(-7.,-1.3,-0.1));
#4812 = DIRECTION('',(-1.224646799147E-16,-1.,0.));
#4813 = DIRECTION('',(0.,0.,1.));
#4814 = ADVANCED_FACE('',(#4815),#4834,.F.);
#4815 = FACE_BOUND('',#4816,.F.);
#4816 = EDGE_LOOP('',(#4817,#4818,#4819,#4828));
#4817 = ORIENTED_EDGE('',*,*,#4591,.F.);
#4818 = ORIENTED_EDGE('',*,*,#4797,.F.);
#4819 = ORIENTED_EDGE('',*,*,#4820,.T.);
#4820 = EDGE_CURVE('',#4790,#4821,#4823,.T.);
#4821 = VERTEX_POINT('',#4822);
#4822 = CARTESIAN_POINT('',(-7.,1.3,0.));
#4823 = CIRCLE('',#4824,1.3);
#4824 = AXIS2_PLACEMENT_3D('',#4825,#4826,#4827);
#4825 = CARTESIAN_POINT('',(-7.,8.572527594031E-16,0.));
#4826 = DIRECTION('',(0.,0.,1.));
#4827 = DIRECTION('',(-1.,1.224646799147E-16,0.));
#4828 = ORIENTED_EDGE('',*,*,#4829,.T.);
#4829 = EDGE_CURVE('',#4821,#4584,#4830,.T.);
#4830 = LINE('',#4831,#4832);
#4831 = CARTESIAN_POINT('',(-7.,1.3,-0.1));
#4832 = VECTOR('',#4833,1.);
#4833 = DIRECTION('',(0.,0.,1.));
#4834 = CYLINDRICAL_SURFACE('',#4835,1.3);
#4835 = AXIS2_PLACEMENT_3D('',#4836,#4837,#4838);
#4836 = CARTESIAN_POINT('',(-7.,8.572527594031E-16,-0.1));
#4837 = DIRECTION('',(0.,0.,1.));
#4838 = DIRECTION('',(-1.,1.224646799147E-16,0.));
#4839 = ADVANCED_FACE('',(#4840),#4858,.T.);
#4840 = FACE_BOUND('',#4841,.T.);
#4841 = EDGE_LOOP('',(#4842,#4850,#4851,#4852));
#4842 = ORIENTED_EDGE('',*,*,#4843,.T.);
#4843 = EDGE_CURVE('',#4844,#4821,#4846,.T.);
#4844 = VERTEX_POINT('',#4845);
#4845 = CARTESIAN_POINT('',(-14.,1.3,0.));
#4846 = LINE('',#4847,#4848);
#4847 = CARTESIAN_POINT('',(-3.5,1.3,0.));
#4848 = VECTOR('',#4849,1.);
#4849 = DIRECTION('',(1.,-1.224646799147E-16,0.));
#4850 = ORIENTED_EDGE('',*,*,#4829,.T.);
#4851 = ORIENTED_EDGE('',*,*,#4583,.F.);
#4852 = ORIENTED_EDGE('',*,*,#4853,.F.);
#4853 = EDGE_CURVE('',#4844,#4575,#4854,.T.);
#4854 = LINE('',#4855,#4856);
#4855 = CARTESIAN_POINT('',(-14.,1.3,-0.1));
#4856 = VECTOR('',#4857,1.);
#4857 = DIRECTION('',(0.,0.,1.));
#4858 = PLANE('',#4859);
#4859 = AXIS2_PLACEMENT_3D('',#4860,#4861,#4862);
#4860 = CARTESIAN_POINT('',(-7.,1.3,-0.1));
#4861 = DIRECTION('',(-1.224646799147E-16,-1.,0.));
#4862 = DIRECTION('',(0.,0.,1.));
#4863 = ADVANCED_FACE('',(#4864),#4889,.F.);
#4864 = FACE_BOUND('',#4865,.F.);
#4865 = EDGE_LOOP('',(#4866,#4876,#4882,#4883));
#4866 = ORIENTED_EDGE('',*,*,#4867,.T.);
#4867 = EDGE_CURVE('',#4868,#4870,#4872,.T.);
#4868 = VERTEX_POINT('',#4869);
#4869 = CARTESIAN_POINT('',(14.,1.3,0.));
#4870 = VERTEX_POINT('',#4871);
#4871 = CARTESIAN_POINT('',(7.,1.3,0.));
#4872 = LINE('',#4873,#4874);
#4873 = CARTESIAN_POINT('',(3.5,1.3,0.));
#4874 = VECTOR('',#4875,1.);
#4875 = DIRECTION('',(-1.,0.,0.));
#4876 = ORIENTED_EDGE('',*,*,#4877,.T.);
#4877 = EDGE_CURVE('',#4870,#4603,#4878,.T.);
#4878 = LINE('',#4879,#4880);
#4879 = CARTESIAN_POINT('',(7.,1.3,-0.1));
#4880 = VECTOR('',#4881,1.);
#4881 = DIRECTION('',(0.,0.,1.));
#4882 = ORIENTED_EDGE('',*,*,#4600,.F.);
#4883 = ORIENTED_EDGE('',*,*,#4884,.F.);
#4884 = EDGE_CURVE('',#4868,#4601,#4885,.T.);
#4885 = LINE('',#4886,#4887);
#4886 = CARTESIAN_POINT('',(14.,1.3,-0.1));
#4887 = VECTOR('',#4888,1.);
#4888 = DIRECTION('',(0.,0.,1.));
#4889 = PLANE('',#4890);
#4890 = AXIS2_PLACEMENT_3D('',#4891,#4892,#4893);
#4891 = CARTESIAN_POINT('',(7.,1.3,-0.1));
#4892 = DIRECTION('',(0.,1.,0.));
#4893 = DIRECTION('',(0.,0.,1.));
#4894 = ADVANCED_FACE('',(#4895),#4914,.F.);
#4895 = FACE_BOUND('',#4896,.F.);
#4896 = EDGE_LOOP('',(#4897,#4898,#4899,#4908));
#4897 = ORIENTED_EDGE('',*,*,#4636,.F.);
#4898 = ORIENTED_EDGE('',*,*,#4877,.F.);
#4899 = ORIENTED_EDGE('',*,*,#4900,.T.);
#4900 = EDGE_CURVE('',#4870,#4901,#4903,.T.);
#4901 = VERTEX_POINT('',#4902);
#4902 = CARTESIAN_POINT('',(7.,-1.3,0.));
#4903 = CIRCLE('',#4904,1.3);
#4904 = AXIS2_PLACEMENT_3D('',#4905,#4906,#4907);
#4905 = CARTESIAN_POINT('',(7.,0.,0.));
#4906 = DIRECTION('',(0.,0.,1.));
#4907 = DIRECTION('',(1.,0.,0.));
#4908 = ORIENTED_EDGE('',*,*,#4909,.T.);
#4909 = EDGE_CURVE('',#4901,#4629,#4910,.T.);
#4910 = LINE('',#4911,#4912);
#4911 = CARTESIAN_POINT('',(7.,-1.3,-0.1));
#4912 = VECTOR('',#4913,1.);
#4913 = DIRECTION('',(0.,0.,1.));
#4914 = CYLINDRICAL_SURFACE('',#4915,1.3);
#4915 = AXIS2_PLACEMENT_3D('',#4916,#4917,#4918);
#4916 = CARTESIAN_POINT('',(7.,0.,-0.1));
#4917 = DIRECTION('',(0.,0.,1.));
#4918 = DIRECTION('',(1.,0.,0.));
#4919 = ADVANCED_FACE('',(#4920),#4938,.T.);
#4920 = FACE_BOUND('',#4921,.T.);
#4921 = EDGE_LOOP('',(#4922,#4930,#4931,#4932));
#4922 = ORIENTED_EDGE('',*,*,#4923,.T.);
#4923 = EDGE_CURVE('',#4924,#4901,#4926,.T.);
#4924 = VERTEX_POINT('',#4925);
#4925 = CARTESIAN_POINT('',(14.,-1.3,0.));
#4926 = LINE('',#4927,#4928);
#4927 = CARTESIAN_POINT('',(3.5,-1.3,0.));
#4928 = VECTOR('',#4929,1.);
#4929 = DIRECTION('',(-1.,0.,0.));
#4930 = ORIENTED_EDGE('',*,*,#4909,.T.);
#4931 = ORIENTED_EDGE('',*,*,#4628,.F.);
#4932 = ORIENTED_EDGE('',*,*,#4933,.F.);
#4933 = EDGE_CURVE('',#4924,#4620,#4934,.T.);
#4934 = LINE('',#4935,#4936);
#4935 = CARTESIAN_POINT('',(14.,-1.3,-0.1));
#4936 = VECTOR('',#4937,1.);
#4937 = DIRECTION('',(0.,0.,1.));
#4938 = PLANE('',#4939);
#4939 = AXIS2_PLACEMENT_3D('',#4940,#4941,#4942);
#4940 = CARTESIAN_POINT('',(7.,-1.3,-0.1));
#4941 = DIRECTION('',(0.,1.,0.));
#4942 = DIRECTION('',(0.,0.,1.));
#4943 = ADVANCED_FACE('',(#4944),#4969,.F.);
#4944 = FACE_BOUND('',#4945,.F.);
#4945 = EDGE_LOOP('',(#4946,#4956,#4962,#4963));
#4946 = ORIENTED_EDGE('',*,*,#4947,.T.);
#4947 = EDGE_CURVE('',#4948,#4950,#4952,.T.);
#4948 = VERTEX_POINT('',#4949);
#4949 = CARTESIAN_POINT('',(-1.3,14.,0.));
#4950 = VERTEX_POINT('',#4951);
#4951 = CARTESIAN_POINT('',(-1.3,7.,0.));
#4952 = LINE('',#4953,#4954);
#4953 = CARTESIAN_POINT('',(-1.3,3.5,0.));
#4954 = VECTOR('',#4955,1.);
#4955 = DIRECTION('',(-1.110223024625E-16,-1.,0.));
#4956 = ORIENTED_EDGE('',*,*,#4957,.T.);
#4957 = EDGE_CURVE('',#4950,#4648,#4958,.T.);
#4958 = LINE('',#4959,#4960);
#4959 = CARTESIAN_POINT('',(-1.3,7.,-0.1));
#4960 = VECTOR('',#4961,1.);
#4961 = DIRECTION('',(0.,0.,1.));
#4962 = ORIENTED_EDGE('',*,*,#4645,.F.);
#4963 = ORIENTED_EDGE('',*,*,#4964,.F.);
#4964 = EDGE_CURVE('',#4948,#4646,#4965,.T.);
#4965 = LINE('',#4966,#4967);
#4966 = CARTESIAN_POINT('',(-1.3,14.,-0.1));
#4967 = VECTOR('',#4968,1.);
#4968 = DIRECTION('',(0.,0.,1.));
#4969 = PLANE('',#4970);
#4970 = AXIS2_PLACEMENT_3D('',#4971,#4972,#4973);
#4971 = CARTESIAN_POINT('',(-1.3,7.,-0.1));
#4972 = DIRECTION('',(-1.,1.110223024625E-16,0.));
#4973 = DIRECTION('',(0.,0.,1.));
#4974 = ADVANCED_FACE('',(#4975),#4994,.F.);
#4975 = FACE_BOUND('',#4976,.F.);
#4976 = EDGE_LOOP('',(#4977,#4978,#4979,#4988));
#4977 = ORIENTED_EDGE('',*,*,#4681,.F.);
#4978 = ORIENTED_EDGE('',*,*,#4957,.F.);
#4979 = ORIENTED_EDGE('',*,*,#4980,.T.);
#4980 = EDGE_CURVE('',#4950,#4981,#4983,.T.);
#4981 = VERTEX_POINT('',#4982);
#4982 = CARTESIAN_POINT('',(1.3,7.,0.));
#4983 = CIRCLE('',#4984,1.3);
#4984 = AXIS2_PLACEMENT_3D('',#4985,#4986,#4987);
#4985 = CARTESIAN_POINT('',(7.771561172376E-16,7.,0.));
#4986 = DIRECTION('',(0.,-0.,1.));
#4987 = DIRECTION('',(1.110223024625E-16,1.,0.));
#4988 = ORIENTED_EDGE('',*,*,#4989,.T.);
#4989 = EDGE_CURVE('',#4981,#4674,#4990,.T.);
#4990 = LINE('',#4991,#4992);
#4991 = CARTESIAN_POINT('',(1.3,7.,-0.1));
#4992 = VECTOR('',#4993,1.);
#4993 = DIRECTION('',(0.,0.,1.));
#4994 = CYLINDRICAL_SURFACE('',#4995,1.3);
#4995 = AXIS2_PLACEMENT_3D('',#4996,#4997,#4998);
#4996 = CARTESIAN_POINT('',(7.771561172376E-16,7.,-0.1));
#4997 = DIRECTION('',(0.,0.,1.));
#4998 = DIRECTION('',(1.110223024625E-16,1.,0.));
#4999 = ADVANCED_FACE('',(#5000),#5018,.T.);
#5000 = FACE_BOUND('',#5001,.T.);
#5001 = EDGE_LOOP('',(#5002,#5010,#5011,#5012));
#5002 = ORIENTED_EDGE('',*,*,#5003,.T.);
#5003 = EDGE_CURVE('',#5004,#4981,#5006,.T.);
#5004 = VERTEX_POINT('',#5005);
#5005 = CARTESIAN_POINT('',(1.3,14.,0.));
#5006 = LINE('',#5007,#5008);
#5007 = CARTESIAN_POINT('',(1.3,3.5,0.));
#5008 = VECTOR('',#5009,1.);
#5009 = DIRECTION('',(-1.110223024625E-16,-1.,0.));
#5010 = ORIENTED_EDGE('',*,*,#4989,.T.);
#5011 = ORIENTED_EDGE('',*,*,#4673,.F.);
#5012 = ORIENTED_EDGE('',*,*,#5013,.F.);
#5013 = EDGE_CURVE('',#5004,#4665,#5014,.T.);
#5014 = LINE('',#5015,#5016);
#5015 = CARTESIAN_POINT('',(1.3,14.,-0.1));
#5016 = VECTOR('',#5017,1.);
#5017 = DIRECTION('',(0.,0.,1.));
#5018 = PLANE('',#5019);
#5019 = AXIS2_PLACEMENT_3D('',#5020,#5021,#5022);
#5020 = CARTESIAN_POINT('',(1.3,7.,-0.1));
#5021 = DIRECTION('',(-1.,1.110223024625E-16,0.));
#5022 = DIRECTION('',(0.,0.,1.));
#5023 = ADVANCED_FACE('',(#5024),#5043,.F.);
#5024 = FACE_BOUND('',#5025,.F.);
#5025 = EDGE_LOOP('',(#5026,#5027,#5035,#5042));
#5026 = ORIENTED_EDGE('',*,*,#4690,.F.);
#5027 = ORIENTED_EDGE('',*,*,#5028,.F.);
#5028 = EDGE_CURVE('',#5029,#4691,#5031,.T.);
#5029 = VERTEX_POINT('',#5030);
#5030 = CARTESIAN_POINT('',(2.75,-6.73555739531E-16,0.));
#5031 = LINE('',#5032,#5033);
#5032 = CARTESIAN_POINT('',(2.75,-6.73555739531E-16,-0.1));
#5033 = VECTOR('',#5034,1.);
#5034 = DIRECTION('',(0.,0.,1.));
#5035 = ORIENTED_EDGE('',*,*,#5036,.T.);
#5036 = EDGE_CURVE('',#5029,#5029,#5037,.T.);
#5037 = CIRCLE('',#5038,2.75);
#5038 = AXIS2_PLACEMENT_3D('',#5039,#5040,#5041);
#5039 = CARTESIAN_POINT('',(0.,0.,0.));
#5040 = DIRECTION('',(0.,0.,1.));
#5041 = DIRECTION('',(1.,0.,0.));
#5042 = ORIENTED_EDGE('',*,*,#5028,.T.);
#5043 = CYLINDRICAL_SURFACE('',#5044,2.75);
#5044 = AXIS2_PLACEMENT_3D('',#5045,#5046,#5047);
#5045 = CARTESIAN_POINT('',(0.,0.,-0.1));
#5046 = DIRECTION('',(0.,0.,1.));
#5047 = DIRECTION('',(1.,0.,0.));
#5048 = ADVANCED_FACE('',(#5049,#5052,#5073,#5094,#5115,#5136),#5139,.F.
  );
#5049 = FACE_BOUND('',#5050,.T.);
#5050 = EDGE_LOOP('',(#5051));
#5051 = ORIENTED_EDGE('',*,*,#4491,.F.);
#5052 = FACE_BOUND('',#5053,.F.);
#5053 = EDGE_LOOP('',(#5054,#5063,#5070,#5071,#5072));
#5054 = ORIENTED_EDGE('',*,*,#5055,.F.);
#5055 = EDGE_CURVE('',#5056,#4708,#5058,.T.);
#5056 = VERTEX_POINT('',#5057);
#5057 = CARTESIAN_POINT('',(-3.715690623131E-15,-15.3,0.));
#5058 = CIRCLE('',#5059,1.3);
#5059 = AXIS2_PLACEMENT_3D('',#5060,#5061,#5062);
#5060 = CARTESIAN_POINT('',(-3.10862446895E-15,-14.,0.));
#5061 = DIRECTION('',(0.,0.,1.));
#5062 = DIRECTION('',(-2.22044604925E-16,-1.,0.));
#5063 = ORIENTED_EDGE('',*,*,#5064,.F.);
#5064 = EDGE_CURVE('',#4764,#5056,#5065,.T.);
#5065 = CIRCLE('',#5066,1.3);
#5066 = AXIS2_PLACEMENT_3D('',#5067,#5068,#5069);
#5067 = CARTESIAN_POINT('',(-3.10862446895E-15,-14.,0.));
#5068 = DIRECTION('',(0.,0.,1.));
#5069 = DIRECTION('',(-2.22044604925E-16,-1.,0.));
#5070 = ORIENTED_EDGE('',*,*,#4763,.T.);
#5071 = ORIENTED_EDGE('',*,*,#4740,.F.);
#5072 = ORIENTED_EDGE('',*,*,#4707,.F.);
#5073 = FACE_BOUND('',#5074,.F.);
#5074 = EDGE_LOOP('',(#5075,#5084,#5091,#5092,#5093));
#5075 = ORIENTED_EDGE('',*,*,#5076,.F.);
#5076 = EDGE_CURVE('',#5077,#4788,#5079,.T.);
#5077 = VERTEX_POINT('',#5078);
#5078 = CARTESIAN_POINT('',(-15.3,2.192117770474E-15,0.));
#5079 = CIRCLE('',#5080,1.3);
#5080 = AXIS2_PLACEMENT_3D('',#5081,#5082,#5083);
#5081 = CARTESIAN_POINT('',(-14.,1.714505518806E-15,0.));
#5082 = DIRECTION('',(0.,0.,1.));
#5083 = DIRECTION('',(-1.,1.224646799147E-16,0.));
#5084 = ORIENTED_EDGE('',*,*,#5085,.F.);
#5085 = EDGE_CURVE('',#4844,#5077,#5086,.T.);
#5086 = CIRCLE('',#5087,1.3);
#5087 = AXIS2_PLACEMENT_3D('',#5088,#5089,#5090);
#5088 = CARTESIAN_POINT('',(-14.,1.714505518806E-15,0.));
#5089 = DIRECTION('',(0.,0.,1.));
#5090 = DIRECTION('',(-1.,1.224646799147E-16,0.));
#5091 = ORIENTED_EDGE('',*,*,#4843,.T.);
#5092 = ORIENTED_EDGE('',*,*,#4820,.F.);
#5093 = ORIENTED_EDGE('',*,*,#4787,.F.);
#5094 = FACE_BOUND('',#5095,.F.);
#5095 = EDGE_LOOP('',(#5096,#5105,#5112,#5113,#5114));
#5096 = ORIENTED_EDGE('',*,*,#5097,.F.);
#5097 = EDGE_CURVE('',#5098,#4868,#5100,.T.);
#5098 = VERTEX_POINT('',#5099);
#5099 = CARTESIAN_POINT('',(15.3,-3.184081677783E-16,0.));
#5100 = CIRCLE('',#5101,1.3);
#5101 = AXIS2_PLACEMENT_3D('',#5102,#5103,#5104);
#5102 = CARTESIAN_POINT('',(14.,0.,0.));
#5103 = DIRECTION('',(0.,0.,1.));
#5104 = DIRECTION('',(1.,0.,0.));
#5105 = ORIENTED_EDGE('',*,*,#5106,.F.);
#5106 = EDGE_CURVE('',#4924,#5098,#5107,.T.);
#5107 = CIRCLE('',#5108,1.3);
#5108 = AXIS2_PLACEMENT_3D('',#5109,#5110,#5111);
#5109 = CARTESIAN_POINT('',(14.,0.,0.));
#5110 = DIRECTION('',(0.,0.,1.));
#5111 = DIRECTION('',(1.,0.,0.));
#5112 = ORIENTED_EDGE('',*,*,#4923,.T.);
#5113 = ORIENTED_EDGE('',*,*,#4900,.F.);
#5114 = ORIENTED_EDGE('',*,*,#4867,.F.);
#5115 = FACE_BOUND('',#5116,.F.);
#5116 = EDGE_LOOP('',(#5117,#5126,#5133,#5134,#5135));
#5117 = ORIENTED_EDGE('',*,*,#5118,.F.);
#5118 = EDGE_CURVE('',#5119,#4948,#5121,.T.);
#5119 = VERTEX_POINT('',#5120);
#5120 = CARTESIAN_POINT('',(2.017049395455E-15,15.3,0.));
#5121 = CIRCLE('',#5122,1.3);
#5122 = AXIS2_PLACEMENT_3D('',#5123,#5124,#5125);
#5123 = CARTESIAN_POINT('',(1.554312234475E-15,14.,0.));
#5124 = DIRECTION('',(0.,-0.,1.));
#5125 = DIRECTION('',(1.110223024625E-16,1.,0.));
#5126 = ORIENTED_EDGE('',*,*,#5127,.F.);
#5127 = EDGE_CURVE('',#5004,#5119,#5128,.T.);
#5128 = CIRCLE('',#5129,1.3);
#5129 = AXIS2_PLACEMENT_3D('',#5130,#5131,#5132);
#5130 = CARTESIAN_POINT('',(1.554312234475E-15,14.,0.));
#5131 = DIRECTION('',(0.,-0.,1.));
#5132 = DIRECTION('',(1.110223024625E-16,1.,0.));
#5133 = ORIENTED_EDGE('',*,*,#5003,.T.);
#5134 = ORIENTED_EDGE('',*,*,#4980,.F.);
#5135 = ORIENTED_EDGE('',*,*,#4947,.F.);
#5136 = FACE_BOUND('',#5137,.F.);
#5137 = EDGE_LOOP('',(#5138));
#5138 = ORIENTED_EDGE('',*,*,#5036,.F.);
#5139 = PLANE('',#5140);
#5140 = AXIS2_PLACEMENT_3D('',#5141,#5142,#5143);
#5141 = CARTESIAN_POINT('',(0.,0.,0.));
#5142 = DIRECTION('',(0.,0.,1.));
#5143 = DIRECTION('',(1.,0.,0.));
#5144 = ADVANCED_FACE('',(#5145),#5153,.F.);
#5145 = FACE_BOUND('',#5146,.F.);
#5146 = EDGE_LOOP('',(#5147,#5148,#5149,#5150,#5151,#5152));
#5147 = ORIENTED_EDGE('',*,*,#4724,.T.);
#5148 = ORIENTED_EDGE('',*,*,#4520,.F.);
#5149 = ORIENTED_EDGE('',*,*,#4529,.F.);
#5150 = ORIENTED_EDGE('',*,*,#4773,.F.);
#5151 = ORIENTED_EDGE('',*,*,#5064,.T.);
#5152 = ORIENTED_EDGE('',*,*,#5055,.T.);
#5153 = CYLINDRICAL_SURFACE('',#5154,1.3);
#5154 = AXIS2_PLACEMENT_3D('',#5155,#5156,#5157);
#5155 = CARTESIAN_POINT('',(-3.10862446895E-15,-14.,-0.1));
#5156 = DIRECTION('',(0.,0.,1.));
#5157 = DIRECTION('',(-2.22044604925E-16,-1.,0.));
#5158 = ADVANCED_FACE('',(#5159),#5167,.F.);
#5159 = FACE_BOUND('',#5160,.F.);
#5160 = EDGE_LOOP('',(#5161,#5162,#5163,#5164,#5165,#5166));
#5161 = ORIENTED_EDGE('',*,*,#4853,.F.);
#5162 = ORIENTED_EDGE('',*,*,#5085,.T.);
#5163 = ORIENTED_EDGE('',*,*,#5076,.T.);
#5164 = ORIENTED_EDGE('',*,*,#4804,.T.);
#5165 = ORIENTED_EDGE('',*,*,#4565,.F.);
#5166 = ORIENTED_EDGE('',*,*,#4574,.F.);
#5167 = CYLINDRICAL_SURFACE('',#5168,1.3);
#5168 = AXIS2_PLACEMENT_3D('',#5169,#5170,#5171);
#5169 = CARTESIAN_POINT('',(-14.,1.714505518806E-15,-0.1));
#5170 = DIRECTION('',(0.,0.,1.));
#5171 = DIRECTION('',(-1.,1.224646799147E-16,0.));
#5172 = ADVANCED_FACE('',(#5173),#5181,.F.);
#5173 = FACE_BOUND('',#5174,.F.);
#5174 = EDGE_LOOP('',(#5175,#5176,#5177,#5178,#5179,#5180));
#5175 = ORIENTED_EDGE('',*,*,#4933,.F.);
#5176 = ORIENTED_EDGE('',*,*,#5106,.T.);
#5177 = ORIENTED_EDGE('',*,*,#5097,.T.);
#5178 = ORIENTED_EDGE('',*,*,#4884,.T.);
#5179 = ORIENTED_EDGE('',*,*,#4610,.F.);
#5180 = ORIENTED_EDGE('',*,*,#4619,.F.);
#5181 = CYLINDRICAL_SURFACE('',#5182,1.3);
#5182 = AXIS2_PLACEMENT_3D('',#5183,#5184,#5185);
#5183 = CARTESIAN_POINT('',(14.,0.,-0.1));
#5184 = DIRECTION('',(0.,0.,1.));
#5185 = DIRECTION('',(1.,0.,0.));
#5186 = ADVANCED_FACE('',(#5187),#5195,.F.);
#5187 = FACE_BOUND('',#5188,.F.);
#5188 = EDGE_LOOP('',(#5189,#5190,#5191,#5192,#5193,#5194));
#5189 = ORIENTED_EDGE('',*,*,#5013,.F.);
#5190 = ORIENTED_EDGE('',*,*,#5127,.T.);
#5191 = ORIENTED_EDGE('',*,*,#5118,.T.);
#5192 = ORIENTED_EDGE('',*,*,#4964,.T.);
#5193 = ORIENTED_EDGE('',*,*,#4655,.F.);
#5194 = ORIENTED_EDGE('',*,*,#4664,.F.);
#5195 = CYLINDRICAL_SURFACE('',#5196,1.3);
#5196 = AXIS2_PLACEMENT_3D('',#5197,#5198,#5199);
#5197 = CARTESIAN_POINT('',(1.554312234475E-15,14.,-0.1));
#5198 = DIRECTION('',(0.,0.,1.));
#5199 = DIRECTION('',(1.110223024625E-16,1.,0.));
#5200 = ADVANCED_FACE('',(#5201),#5209,.F.);
#5201 = FACE_BOUND('',#5202,.F.);
#5202 = EDGE_LOOP('',(#5203,#5204,#5205,#5206,#5207,#5208));
#5203 = ORIENTED_EDGE('',*,*,#4441,.T.);
#5204 = ORIENTED_EDGE('',*,*,#2110,.T.);
#5205 = ORIENTED_EDGE('',*,*,#1193,.F.);
#5206 = ORIENTED_EDGE('',*,*,#1184,.F.);
#5207 = ORIENTED_EDGE('',*,*,#2125,.F.);
#5208 = ORIENTED_EDGE('',*,*,#4432,.T.);
#5209 = CYLINDRICAL_SURFACE('',#5210,0.65);
#5210 = AXIS2_PLACEMENT_3D('',#5211,#5212,#5213);
#5211 = CARTESIAN_POINT('',(1.959343518745,18.641908328357,-0.1));
#5212 = DIRECTION('',(0.,0.,1.));
#5213 = DIRECTION('',(1.,0.,0.));
#5214 = ADVANCED_FACE('',(#5215),#5223,.F.);
#5215 = FACE_BOUND('',#5216,.F.);
#5216 = EDGE_LOOP('',(#5217,#5218,#5219,#5220,#5221,#5222));
#5217 = ORIENTED_EDGE('',*,*,#4424,.T.);
#5218 = ORIENTED_EDGE('',*,*,#2142,.T.);
#5219 = ORIENTED_EDGE('',*,*,#1166,.F.);
#5220 = ORIENTED_EDGE('',*,*,#1157,.F.);
#5221 = ORIENTED_EDGE('',*,*,#2157,.F.);
#5222 = ORIENTED_EDGE('',*,*,#4415,.T.);
#5223 = CYLINDRICAL_SURFACE('',#5224,0.65);
#5224 = AXIS2_PLACEMENT_3D('',#5225,#5226,#5227);
#5225 = CARTESIAN_POINT('',(5.309911086552E-15,18.744593171027,-0.1));
#5226 = DIRECTION('',(0.,0.,1.));
#5227 = DIRECTION('',(1.,0.,0.));
#5228 = ADVANCED_FACE('',(#5229),#5237,.F.);
#5229 = FACE_BOUND('',#5230,.F.);
#5230 = EDGE_LOOP('',(#5231,#5232,#5233,#5234,#5235,#5236));
#5231 = ORIENTED_EDGE('',*,*,#4407,.T.);
#5232 = ORIENTED_EDGE('',*,*,#2174,.T.);
#5233 = ORIENTED_EDGE('',*,*,#1139,.F.);
#5234 = ORIENTED_EDGE('',*,*,#1130,.F.);
#5235 = ORIENTED_EDGE('',*,*,#2189,.F.);
#5236 = ORIENTED_EDGE('',*,*,#4398,.T.);
#5237 = CYLINDRICAL_SURFACE('',#5238,0.65);
#5238 = AXIS2_PLACEMENT_3D('',#5239,#5240,#5241);
#5239 = CARTESIAN_POINT('',(-1.959343518745,18.641908328357,-0.1));
#5240 = DIRECTION('',(0.,0.,1.));
#5241 = DIRECTION('',(1.,0.,0.));
#5242 = ADVANCED_FACE('',(#5243),#5251,.F.);
#5243 = FACE_BOUND('',#5244,.F.);
#5244 = EDGE_LOOP('',(#5245,#5246,#5247,#5248,#5249,#5250));
#5245 = ORIENTED_EDGE('',*,*,#4390,.T.);
#5246 = ORIENTED_EDGE('',*,*,#2206,.T.);
#5247 = ORIENTED_EDGE('',*,*,#1112,.F.);
#5248 = ORIENTED_EDGE('',*,*,#1103,.F.);
#5249 = ORIENTED_EDGE('',*,*,#2221,.F.);
#5250 = ORIENTED_EDGE('',*,*,#4381,.T.);
#5251 = CYLINDRICAL_SURFACE('',#5252,0.65);
#5252 = AXIS2_PLACEMENT_3D('',#5253,#5254,#5255);
#5253 = CARTESIAN_POINT('',(-3.897220059879,18.334978836972,-0.1));
#5254 = DIRECTION('',(0.,0.,1.));
#5255 = DIRECTION('',(1.,0.,0.));
#5256 = ADVANCED_FACE('',(#5257),#5265,.F.);
#5257 = FACE_BOUND('',#5258,.F.);
#5258 = EDGE_LOOP('',(#5259,#5260,#5261,#5262,#5263,#5264));
#5259 = ORIENTED_EDGE('',*,*,#4373,.T.);
#5260 = ORIENTED_EDGE('',*,*,#2238,.T.);
#5261 = ORIENTED_EDGE('',*,*,#1085,.F.);
#5262 = ORIENTED_EDGE('',*,*,#1076,.F.);
#5263 = ORIENTED_EDGE('',*,*,#2253,.F.);
#5264 = ORIENTED_EDGE('',*,*,#4364,.T.);
#5265 = CYLINDRICAL_SURFACE('',#5266,0.65);
#5266 = AXIS2_PLACEMENT_3D('',#5267,#5268,#5269);
#5267 = CARTESIAN_POINT('',(-5.792397842492,17.827167480607,-0.1));
#5268 = DIRECTION('',(0.,0.,1.));
#5269 = DIRECTION('',(1.,0.,0.));
#5270 = ADVANCED_FACE('',(#5271),#5279,.F.);
#5271 = FACE_BOUND('',#5272,.F.);
#5272 = EDGE_LOOP('',(#5273,#5274,#5275,#5276,#5277,#5278));
#5273 = ORIENTED_EDGE('',*,*,#4356,.T.);
#5274 = ORIENTED_EDGE('',*,*,#2270,.T.);
#5275 = ORIENTED_EDGE('',*,*,#1058,.F.);
#5276 = ORIENTED_EDGE('',*,*,#1049,.F.);
#5277 = ORIENTED_EDGE('',*,*,#2285,.F.);
#5278 = ORIENTED_EDGE('',*,*,#4347,.T.);
#5279 = CYLINDRICAL_SURFACE('',#5280,0.65);
#5280 = AXIS2_PLACEMENT_3D('',#5281,#5282,#5283);
#5281 = CARTESIAN_POINT('',(-7.624112902205,17.124037946751,-0.1));
#5282 = DIRECTION('',(0.,0.,1.));
#5283 = DIRECTION('',(1.,0.,0.));
#5284 = ADVANCED_FACE('',(#5285),#5293,.F.);
#5285 = FACE_BOUND('',#5286,.F.);
#5286 = EDGE_LOOP('',(#5287,#5288,#5289,#5290,#5291,#5292));
#5287 = ORIENTED_EDGE('',*,*,#4339,.T.);
#5288 = ORIENTED_EDGE('',*,*,#2302,.T.);
#5289 = ORIENTED_EDGE('',*,*,#1031,.F.);
#5290 = ORIENTED_EDGE('',*,*,#1022,.F.);
#5291 = ORIENTED_EDGE('',*,*,#2317,.F.);
#5292 = ORIENTED_EDGE('',*,*,#4330,.T.);
#5293 = CYLINDRICAL_SURFACE('',#5294,0.65);
#5294 = AXIS2_PLACEMENT_3D('',#5295,#5296,#5297);
#5295 = CARTESIAN_POINT('',(-9.372296585514,16.233293869714,-0.1));
#5296 = DIRECTION('',(0.,0.,1.));
#5297 = DIRECTION('',(1.,0.,0.));
#5298 = ADVANCED_FACE('',(#5299),#5307,.F.);
#5299 = FACE_BOUND('',#5300,.F.);
#5300 = EDGE_LOOP('',(#5301,#5302,#5303,#5304,#5305,#5306));
#5301 = ORIENTED_EDGE('',*,*,#4322,.T.);
#5302 = ORIENTED_EDGE('',*,*,#2334,.T.);
#5303 = ORIENTED_EDGE('',*,*,#1004,.F.);
#5304 = ORIENTED_EDGE('',*,*,#995,.F.);
#5305 = ORIENTED_EDGE('',*,*,#2349,.F.);
#5306 = ORIENTED_EDGE('',*,*,#4313,.T.);
#5307 = CYLINDRICAL_SURFACE('',#5308,0.65);
#5308 = AXIS2_PLACEMENT_3D('',#5309,#5310,#5311);
#5309 = CARTESIAN_POINT('',(-11.01779542615,15.164694428006,-0.1));
#5310 = DIRECTION('',(0.,0.,1.));
#5311 = DIRECTION('',(1.,0.,0.));
#5312 = ADVANCED_FACE('',(#5313),#5321,.F.);
#5313 = FACE_BOUND('',#5314,.F.);
#5314 = EDGE_LOOP('',(#5315,#5316,#5317,#5318,#5319,#5320));
#5315 = ORIENTED_EDGE('',*,*,#4305,.T.);
#5316 = ORIENTED_EDGE('',*,*,#2366,.T.);
#5317 = ORIENTED_EDGE('',*,*,#977,.F.);
#5318 = ORIENTED_EDGE('',*,*,#968,.F.);
#5319 = ORIENTED_EDGE('',*,*,#2381,.F.);
#5320 = ORIENTED_EDGE('',*,*,#4296,.T.);
#5321 = CYLINDRICAL_SURFACE('',#5322,0.65);
#5322 = AXIS2_PLACEMENT_3D('',#5323,#5324,#5325);
#5323 = CARTESIAN_POINT('',(-12.54258099448,13.929947420728,-0.1));
#5324 = DIRECTION('',(0.,0.,1.));
#5325 = DIRECTION('',(1.,0.,0.));
#5326 = ADVANCED_FACE('',(#5327),#5335,.F.);
#5327 = FACE_BOUND('',#5328,.F.);
#5328 = EDGE_LOOP('',(#5329,#5330,#5331,#5332,#5333,#5334));
#5329 = ORIENTED_EDGE('',*,*,#4288,.T.);
#5330 = ORIENTED_EDGE('',*,*,#2398,.T.);
#5331 = ORIENTED_EDGE('',*,*,#950,.F.);
#5332 = ORIENTED_EDGE('',*,*,#941,.F.);
#5333 = ORIENTED_EDGE('',*,*,#2413,.F.);
#5334 = ORIENTED_EDGE('',*,*,#4279,.T.);
#5335 = CYLINDRICAL_SURFACE('',#5336,0.65);
#5336 = AXIS2_PLACEMENT_3D('',#5337,#5338,#5339);
#5337 = CARTESIAN_POINT('',(-13.92994742072,12.54258099448,-0.1));
#5338 = DIRECTION('',(0.,0.,1.));
#5339 = DIRECTION('',(1.,0.,0.));
#5340 = ADVANCED_FACE('',(#5341),#5349,.F.);
#5341 = FACE_BOUND('',#5342,.F.);
#5342 = EDGE_LOOP('',(#5343,#5344,#5345,#5346,#5347,#5348));
#5343 = ORIENTED_EDGE('',*,*,#4271,.T.);
#5344 = ORIENTED_EDGE('',*,*,#2430,.T.);
#5345 = ORIENTED_EDGE('',*,*,#923,.F.);
#5346 = ORIENTED_EDGE('',*,*,#914,.F.);
#5347 = ORIENTED_EDGE('',*,*,#2445,.F.);
#5348 = ORIENTED_EDGE('',*,*,#4262,.T.);
#5349 = CYLINDRICAL_SURFACE('',#5350,0.65);
#5350 = AXIS2_PLACEMENT_3D('',#5351,#5352,#5353);
#5351 = CARTESIAN_POINT('',(-15.164694428,11.017795426152,-0.1));
#5352 = DIRECTION('',(0.,0.,1.));
#5353 = DIRECTION('',(1.,0.,0.));
#5354 = ADVANCED_FACE('',(#5355),#5363,.F.);
#5355 = FACE_BOUND('',#5356,.F.);
#5356 = EDGE_LOOP('',(#5357,#5358,#5359,#5360,#5361,#5362));
#5357 = ORIENTED_EDGE('',*,*,#4254,.T.);
#5358 = ORIENTED_EDGE('',*,*,#2462,.T.);
#5359 = ORIENTED_EDGE('',*,*,#896,.F.);
#5360 = ORIENTED_EDGE('',*,*,#887,.F.);
#5361 = ORIENTED_EDGE('',*,*,#2477,.F.);
#5362 = ORIENTED_EDGE('',*,*,#4245,.T.);
#5363 = CYLINDRICAL_SURFACE('',#5364,0.65);
#5364 = AXIS2_PLACEMENT_3D('',#5365,#5366,#5367);
#5365 = CARTESIAN_POINT('',(-16.23329386971,9.372296585514,-0.1));
#5366 = DIRECTION('',(0.,0.,1.));
#5367 = DIRECTION('',(1.,0.,0.));
#5368 = ADVANCED_FACE('',(#5369),#5377,.F.);
#5369 = FACE_BOUND('',#5370,.F.);
#5370 = EDGE_LOOP('',(#5371,#5372,#5373,#5374,#5375,#5376));
#5371 = ORIENTED_EDGE('',*,*,#4237,.T.);
#5372 = ORIENTED_EDGE('',*,*,#2494,.T.);
#5373 = ORIENTED_EDGE('',*,*,#869,.F.);
#5374 = ORIENTED_EDGE('',*,*,#860,.F.);
#5375 = ORIENTED_EDGE('',*,*,#2509,.F.);
#5376 = ORIENTED_EDGE('',*,*,#4228,.T.);
#5377 = CYLINDRICAL_SURFACE('',#5378,0.65);
#5378 = AXIS2_PLACEMENT_3D('',#5379,#5380,#5381);
#5379 = CARTESIAN_POINT('',(-17.12403794675,7.624112902205,-0.1));
#5380 = DIRECTION('',(0.,0.,1.));
#5381 = DIRECTION('',(1.,0.,0.));
#5382 = ADVANCED_FACE('',(#5383),#5391,.F.);
#5383 = FACE_BOUND('',#5384,.F.);
#5384 = EDGE_LOOP('',(#5385,#5386,#5387,#5388,#5389,#5390));
#5385 = ORIENTED_EDGE('',*,*,#4220,.T.);
#5386 = ORIENTED_EDGE('',*,*,#2526,.T.);
#5387 = ORIENTED_EDGE('',*,*,#842,.F.);
#5388 = ORIENTED_EDGE('',*,*,#833,.F.);
#5389 = ORIENTED_EDGE('',*,*,#2541,.F.);
#5390 = ORIENTED_EDGE('',*,*,#4211,.T.);
#5391 = CYLINDRICAL_SURFACE('',#5392,0.65);
#5392 = AXIS2_PLACEMENT_3D('',#5393,#5394,#5395);
#5393 = CARTESIAN_POINT('',(-17.8271674806,5.792397842492,-0.1));
#5394 = DIRECTION('',(0.,0.,1.));
#5395 = DIRECTION('',(1.,0.,0.));
#5396 = ADVANCED_FACE('',(#5397),#5405,.F.);
#5397 = FACE_BOUND('',#5398,.F.);
#5398 = EDGE_LOOP('',(#5399,#5400,#5401,#5402,#5403,#5404));
#5399 = ORIENTED_EDGE('',*,*,#4203,.T.);
#5400 = ORIENTED_EDGE('',*,*,#2558,.T.);
#5401 = ORIENTED_EDGE('',*,*,#815,.F.);
#5402 = ORIENTED_EDGE('',*,*,#806,.F.);
#5403 = ORIENTED_EDGE('',*,*,#2573,.F.);
#5404 = ORIENTED_EDGE('',*,*,#4194,.T.);
#5405 = CYLINDRICAL_SURFACE('',#5406,0.65);
#5406 = AXIS2_PLACEMENT_3D('',#5407,#5408,#5409);
#5407 = CARTESIAN_POINT('',(-18.33497883697,3.897220059879,-0.1));
#5408 = DIRECTION('',(0.,0.,1.));
#5409 = DIRECTION('',(1.,0.,0.));
#5410 = ADVANCED_FACE('',(#5411),#5419,.F.);
#5411 = FACE_BOUND('',#5412,.F.);
#5412 = EDGE_LOOP('',(#5413,#5414,#5415,#5416,#5417,#5418));
#5413 = ORIENTED_EDGE('',*,*,#4186,.T.);
#5414 = ORIENTED_EDGE('',*,*,#2590,.T.);
#5415 = ORIENTED_EDGE('',*,*,#788,.F.);
#5416 = ORIENTED_EDGE('',*,*,#779,.F.);
#5417 = ORIENTED_EDGE('',*,*,#2605,.F.);
#5418 = ORIENTED_EDGE('',*,*,#4177,.T.);
#5419 = CYLINDRICAL_SURFACE('',#5420,0.65);
#5420 = AXIS2_PLACEMENT_3D('',#5421,#5422,#5423);
#5421 = CARTESIAN_POINT('',(-18.64190832835,1.959343518745,-0.1));
#5422 = DIRECTION('',(0.,0.,1.));
#5423 = DIRECTION('',(1.,0.,0.));
#5424 = ADVANCED_FACE('',(#5425),#5433,.F.);
#5425 = FACE_BOUND('',#5426,.F.);
#5426 = EDGE_LOOP('',(#5427,#5428,#5429,#5430,#5431,#5432));
#5427 = ORIENTED_EDGE('',*,*,#4169,.T.);
#5428 = ORIENTED_EDGE('',*,*,#2622,.T.);
#5429 = ORIENTED_EDGE('',*,*,#761,.F.);
#5430 = ORIENTED_EDGE('',*,*,#752,.F.);
#5431 = ORIENTED_EDGE('',*,*,#2637,.F.);
#5432 = ORIENTED_EDGE('',*,*,#4160,.T.);
#5433 = CYLINDRICAL_SURFACE('',#5434,0.65);
#5434 = AXIS2_PLACEMENT_3D('',#5435,#5436,#5437);
#5435 = CARTESIAN_POINT('',(-18.74459317102,1.06198221731E-14,-0.1));
#5436 = DIRECTION('',(0.,0.,1.));
#5437 = DIRECTION('',(1.,0.,0.));
#5438 = ADVANCED_FACE('',(#5439),#5447,.F.);
#5439 = FACE_BOUND('',#5440,.F.);
#5440 = EDGE_LOOP('',(#5441,#5442,#5443,#5444,#5445,#5446));
#5441 = ORIENTED_EDGE('',*,*,#4152,.T.);
#5442 = ORIENTED_EDGE('',*,*,#2654,.T.);
#5443 = ORIENTED_EDGE('',*,*,#734,.F.);
#5444 = ORIENTED_EDGE('',*,*,#725,.F.);
#5445 = ORIENTED_EDGE('',*,*,#2669,.F.);
#5446 = ORIENTED_EDGE('',*,*,#4143,.T.);
#5447 = CYLINDRICAL_SURFACE('',#5448,0.65);
#5448 = AXIS2_PLACEMENT_3D('',#5449,#5450,#5451);
#5449 = CARTESIAN_POINT('',(-18.64190832835,-1.959343518745,-0.1));
#5450 = DIRECTION('',(0.,0.,1.));
#5451 = DIRECTION('',(1.,0.,0.));
#5452 = ADVANCED_FACE('',(#5453),#5461,.F.);
#5453 = FACE_BOUND('',#5454,.F.);
#5454 = EDGE_LOOP('',(#5455,#5456,#5457,#5458,#5459,#5460));
#5455 = ORIENTED_EDGE('',*,*,#4135,.T.);
#5456 = ORIENTED_EDGE('',*,*,#2686,.T.);
#5457 = ORIENTED_EDGE('',*,*,#707,.F.);
#5458 = ORIENTED_EDGE('',*,*,#698,.F.);
#5459 = ORIENTED_EDGE('',*,*,#2701,.F.);
#5460 = ORIENTED_EDGE('',*,*,#4126,.T.);
#5461 = CYLINDRICAL_SURFACE('',#5462,0.65);
#5462 = AXIS2_PLACEMENT_3D('',#5463,#5464,#5465);
#5463 = CARTESIAN_POINT('',(-18.33497883697,-3.897220059879,-0.1));
#5464 = DIRECTION('',(0.,0.,1.));
#5465 = DIRECTION('',(1.,0.,0.));
#5466 = ADVANCED_FACE('',(#5467),#5475,.F.);
#5467 = FACE_BOUND('',#5468,.F.);
#5468 = EDGE_LOOP('',(#5469,#5470,#5471,#5472,#5473,#5474));
#5469 = ORIENTED_EDGE('',*,*,#4118,.T.);
#5470 = ORIENTED_EDGE('',*,*,#2718,.T.);
#5471 = ORIENTED_EDGE('',*,*,#680,.F.);
#5472 = ORIENTED_EDGE('',*,*,#671,.F.);
#5473 = ORIENTED_EDGE('',*,*,#2733,.F.);
#5474 = ORIENTED_EDGE('',*,*,#4109,.T.);
#5475 = CYLINDRICAL_SURFACE('',#5476,0.65);
#5476 = AXIS2_PLACEMENT_3D('',#5477,#5478,#5479);
#5477 = CARTESIAN_POINT('',(-17.8271674806,-5.792397842492,-0.1));
#5478 = DIRECTION('',(0.,0.,1.));
#5479 = DIRECTION('',(1.,0.,0.));
#5480 = ADVANCED_FACE('',(#5481),#5489,.F.);
#5481 = FACE_BOUND('',#5482,.F.);
#5482 = EDGE_LOOP('',(#5483,#5484,#5485,#5486,#5487,#5488));
#5483 = ORIENTED_EDGE('',*,*,#4101,.T.);
#5484 = ORIENTED_EDGE('',*,*,#2750,.T.);
#5485 = ORIENTED_EDGE('',*,*,#653,.F.);
#5486 = ORIENTED_EDGE('',*,*,#644,.F.);
#5487 = ORIENTED_EDGE('',*,*,#2765,.F.);
#5488 = ORIENTED_EDGE('',*,*,#4092,.T.);
#5489 = CYLINDRICAL_SURFACE('',#5490,0.65);
#5490 = AXIS2_PLACEMENT_3D('',#5491,#5492,#5493);
#5491 = CARTESIAN_POINT('',(-17.12403794675,-7.624112902205,-0.1));
#5492 = DIRECTION('',(0.,0.,1.));
#5493 = DIRECTION('',(1.,0.,0.));
#5494 = ADVANCED_FACE('',(#5495),#5503,.F.);
#5495 = FACE_BOUND('',#5496,.F.);
#5496 = EDGE_LOOP('',(#5497,#5498,#5499,#5500,#5501,#5502));
#5497 = ORIENTED_EDGE('',*,*,#4084,.T.);
#5498 = ORIENTED_EDGE('',*,*,#2782,.T.);
#5499 = ORIENTED_EDGE('',*,*,#626,.F.);
#5500 = ORIENTED_EDGE('',*,*,#617,.F.);
#5501 = ORIENTED_EDGE('',*,*,#2797,.F.);
#5502 = ORIENTED_EDGE('',*,*,#4075,.T.);
#5503 = CYLINDRICAL_SURFACE('',#5504,0.65);
#5504 = AXIS2_PLACEMENT_3D('',#5505,#5506,#5507);
#5505 = CARTESIAN_POINT('',(-16.23329386971,-9.372296585514,-0.1));
#5506 = DIRECTION('',(0.,0.,1.));
#5507 = DIRECTION('',(1.,0.,0.));
#5508 = ADVANCED_FACE('',(#5509),#5517,.F.);
#5509 = FACE_BOUND('',#5510,.F.);
#5510 = EDGE_LOOP('',(#5511,#5512,#5513,#5514,#5515,#5516));
#5511 = ORIENTED_EDGE('',*,*,#4067,.T.);
#5512 = ORIENTED_EDGE('',*,*,#2814,.T.);
#5513 = ORIENTED_EDGE('',*,*,#599,.F.);
#5514 = ORIENTED_EDGE('',*,*,#590,.F.);
#5515 = ORIENTED_EDGE('',*,*,#2829,.F.);
#5516 = ORIENTED_EDGE('',*,*,#4058,.T.);
#5517 = CYLINDRICAL_SURFACE('',#5518,0.65);
#5518 = AXIS2_PLACEMENT_3D('',#5519,#5520,#5521);
#5519 = CARTESIAN_POINT('',(-15.164694428,-11.01779542615,-0.1));
#5520 = DIRECTION('',(0.,0.,1.));
#5521 = DIRECTION('',(1.,0.,0.));
#5522 = ADVANCED_FACE('',(#5523),#5531,.F.);
#5523 = FACE_BOUND('',#5524,.F.);
#5524 = EDGE_LOOP('',(#5525,#5526,#5527,#5528,#5529,#5530));
#5525 = ORIENTED_EDGE('',*,*,#4050,.T.);
#5526 = ORIENTED_EDGE('',*,*,#2846,.T.);
#5527 = ORIENTED_EDGE('',*,*,#572,.F.);
#5528 = ORIENTED_EDGE('',*,*,#563,.F.);
#5529 = ORIENTED_EDGE('',*,*,#2861,.F.);
#5530 = ORIENTED_EDGE('',*,*,#4041,.T.);
#5531 = CYLINDRICAL_SURFACE('',#5532,0.65);
#5532 = AXIS2_PLACEMENT_3D('',#5533,#5534,#5535);
#5533 = CARTESIAN_POINT('',(-13.92994742072,-12.54258099448,-0.1));
#5534 = DIRECTION('',(0.,0.,1.));
#5535 = DIRECTION('',(1.,0.,0.));
#5536 = ADVANCED_FACE('',(#5537),#5545,.F.);
#5537 = FACE_BOUND('',#5538,.F.);
#5538 = EDGE_LOOP('',(#5539,#5540,#5541,#5542,#5543,#5544));
#5539 = ORIENTED_EDGE('',*,*,#4033,.T.);
#5540 = ORIENTED_EDGE('',*,*,#2878,.T.);
#5541 = ORIENTED_EDGE('',*,*,#545,.F.);
#5542 = ORIENTED_EDGE('',*,*,#536,.F.);
#5543 = ORIENTED_EDGE('',*,*,#2893,.F.);
#5544 = ORIENTED_EDGE('',*,*,#4024,.T.);
#5545 = CYLINDRICAL_SURFACE('',#5546,0.65);
#5546 = AXIS2_PLACEMENT_3D('',#5547,#5548,#5549);
#5547 = CARTESIAN_POINT('',(-12.54258099448,-13.92994742072,-0.1));
#5548 = DIRECTION('',(0.,0.,1.));
#5549 = DIRECTION('',(1.,0.,0.));
#5550 = ADVANCED_FACE('',(#5551),#5559,.F.);
#5551 = FACE_BOUND('',#5552,.F.);
#5552 = EDGE_LOOP('',(#5553,#5554,#5555,#5556,#5557,#5558));
#5553 = ORIENTED_EDGE('',*,*,#4016,.T.);
#5554 = ORIENTED_EDGE('',*,*,#2910,.T.);
#5555 = ORIENTED_EDGE('',*,*,#518,.F.);
#5556 = ORIENTED_EDGE('',*,*,#509,.F.);
#5557 = ORIENTED_EDGE('',*,*,#2925,.F.);
#5558 = ORIENTED_EDGE('',*,*,#4007,.T.);
#5559 = CYLINDRICAL_SURFACE('',#5560,0.65);
#5560 = AXIS2_PLACEMENT_3D('',#5561,#5562,#5563);
#5561 = CARTESIAN_POINT('',(-11.01779542615,-15.164694428,-0.1));
#5562 = DIRECTION('',(0.,0.,1.));
#5563 = DIRECTION('',(1.,0.,0.));
#5564 = ADVANCED_FACE('',(#5565),#5573,.F.);
#5565 = FACE_BOUND('',#5566,.F.);
#5566 = EDGE_LOOP('',(#5567,#5568,#5569,#5570,#5571,#5572));
#5567 = ORIENTED_EDGE('',*,*,#3999,.T.);
#5568 = ORIENTED_EDGE('',*,*,#2942,.T.);
#5569 = ORIENTED_EDGE('',*,*,#491,.F.);
#5570 = ORIENTED_EDGE('',*,*,#482,.F.);
#5571 = ORIENTED_EDGE('',*,*,#2957,.F.);
#5572 = ORIENTED_EDGE('',*,*,#3990,.T.);
#5573 = CYLINDRICAL_SURFACE('',#5574,0.65);
#5574 = AXIS2_PLACEMENT_3D('',#5575,#5576,#5577);
#5575 = CARTESIAN_POINT('',(-9.372296585514,-16.23329386971,-0.1));
#5576 = DIRECTION('',(0.,0.,1.));
#5577 = DIRECTION('',(1.,0.,0.));
#5578 = ADVANCED_FACE('',(#5579),#5587,.F.);
#5579 = FACE_BOUND('',#5580,.F.);
#5580 = EDGE_LOOP('',(#5581,#5582,#5583,#5584,#5585,#5586));
#5581 = ORIENTED_EDGE('',*,*,#3982,.T.);
#5582 = ORIENTED_EDGE('',*,*,#2974,.T.);
#5583 = ORIENTED_EDGE('',*,*,#464,.F.);
#5584 = ORIENTED_EDGE('',*,*,#455,.F.);
#5585 = ORIENTED_EDGE('',*,*,#2989,.F.);
#5586 = ORIENTED_EDGE('',*,*,#3973,.T.);
#5587 = CYLINDRICAL_SURFACE('',#5588,0.65);
#5588 = AXIS2_PLACEMENT_3D('',#5589,#5590,#5591);
#5589 = CARTESIAN_POINT('',(-7.624112902205,-17.12403794675,-0.1));
#5590 = DIRECTION('',(0.,0.,1.));
#5591 = DIRECTION('',(1.,0.,0.));
#5592 = ADVANCED_FACE('',(#5593),#5601,.F.);
#5593 = FACE_BOUND('',#5594,.F.);
#5594 = EDGE_LOOP('',(#5595,#5596,#5597,#5598,#5599,#5600));
#5595 = ORIENTED_EDGE('',*,*,#3965,.T.);
#5596 = ORIENTED_EDGE('',*,*,#3006,.T.);
#5597 = ORIENTED_EDGE('',*,*,#437,.F.);
#5598 = ORIENTED_EDGE('',*,*,#428,.F.);
#5599 = ORIENTED_EDGE('',*,*,#3021,.F.);
#5600 = ORIENTED_EDGE('',*,*,#3956,.T.);
#5601 = CYLINDRICAL_SURFACE('',#5602,0.65);
#5602 = AXIS2_PLACEMENT_3D('',#5603,#5604,#5605);
#5603 = CARTESIAN_POINT('',(-5.792397842492,-17.8271674806,-0.1));
#5604 = DIRECTION('',(0.,0.,1.));
#5605 = DIRECTION('',(1.,0.,0.));
#5606 = ADVANCED_FACE('',(#5607),#5615,.F.);
#5607 = FACE_BOUND('',#5608,.F.);
#5608 = EDGE_LOOP('',(#5609,#5610,#5611,#5612,#5613,#5614));
#5609 = ORIENTED_EDGE('',*,*,#3948,.T.);
#5610 = ORIENTED_EDGE('',*,*,#3038,.T.);
#5611 = ORIENTED_EDGE('',*,*,#410,.F.);
#5612 = ORIENTED_EDGE('',*,*,#401,.F.);
#5613 = ORIENTED_EDGE('',*,*,#3053,.F.);
#5614 = ORIENTED_EDGE('',*,*,#3939,.T.);
#5615 = CYLINDRICAL_SURFACE('',#5616,0.65);
#5616 = AXIS2_PLACEMENT_3D('',#5617,#5618,#5619);
#5617 = CARTESIAN_POINT('',(-3.897220059879,-18.33497883697,-0.1));
#5618 = DIRECTION('',(0.,0.,1.));
#5619 = DIRECTION('',(1.,0.,0.));
#5620 = ADVANCED_FACE('',(#5621),#5629,.F.);
#5621 = FACE_BOUND('',#5622,.F.);
#5622 = EDGE_LOOP('',(#5623,#5624,#5625,#5626,#5627,#5628));
#5623 = ORIENTED_EDGE('',*,*,#3931,.T.);
#5624 = ORIENTED_EDGE('',*,*,#3070,.T.);
#5625 = ORIENTED_EDGE('',*,*,#383,.F.);
#5626 = ORIENTED_EDGE('',*,*,#374,.F.);
#5627 = ORIENTED_EDGE('',*,*,#3085,.F.);
#5628 = ORIENTED_EDGE('',*,*,#3922,.T.);
#5629 = CYLINDRICAL_SURFACE('',#5630,0.65);
#5630 = AXIS2_PLACEMENT_3D('',#5631,#5632,#5633);
#5631 = CARTESIAN_POINT('',(-1.959343518745,-18.64190832835,-0.1));
#5632 = DIRECTION('',(0.,0.,1.));
#5633 = DIRECTION('',(1.,0.,0.));
#5634 = ADVANCED_FACE('',(#5635),#5643,.F.);
#5635 = FACE_BOUND('',#5636,.F.);
#5636 = EDGE_LOOP('',(#5637,#5638,#5639,#5640,#5641,#5642));
#5637 = ORIENTED_EDGE('',*,*,#3914,.T.);
#5638 = ORIENTED_EDGE('',*,*,#3102,.T.);
#5639 = ORIENTED_EDGE('',*,*,#356,.F.);
#5640 = ORIENTED_EDGE('',*,*,#347,.F.);
#5641 = ORIENTED_EDGE('',*,*,#3117,.F.);
#5642 = ORIENTED_EDGE('',*,*,#3905,.T.);
#5643 = CYLINDRICAL_SURFACE('',#5644,0.65);
#5644 = AXIS2_PLACEMENT_3D('',#5645,#5646,#5647);
#5645 = CARTESIAN_POINT('',(-3.443325904233E-15,-18.74459317102,-0.1));
#5646 = DIRECTION('',(0.,0.,1.));
#5647 = DIRECTION('',(1.,0.,0.));
#5648 = ADVANCED_FACE('',(#5649),#5657,.F.);
#5649 = FACE_BOUND('',#5650,.F.);
#5650 = EDGE_LOOP('',(#5651,#5652,#5653,#5654,#5655,#5656));
#5651 = ORIENTED_EDGE('',*,*,#3897,.T.);
#5652 = ORIENTED_EDGE('',*,*,#3134,.T.);
#5653 = ORIENTED_EDGE('',*,*,#329,.F.);
#5654 = ORIENTED_EDGE('',*,*,#320,.F.);
#5655 = ORIENTED_EDGE('',*,*,#3149,.F.);
#5656 = ORIENTED_EDGE('',*,*,#3888,.T.);
#5657 = CYLINDRICAL_SURFACE('',#5658,0.65);
#5658 = AXIS2_PLACEMENT_3D('',#5659,#5660,#5661);
#5659 = CARTESIAN_POINT('',(1.959343518745,-18.64190832835,-0.1));
#5660 = DIRECTION('',(0.,0.,1.));
#5661 = DIRECTION('',(1.,0.,0.));
#5662 = ( GEOMETRIC_REPRESENTATION_CONTEXT(3) 
GLOBAL_UNCERTAINTY_ASSIGNED_CONTEXT((#5666)) 
GLOBAL_UNIT_ASSIGNED_CONTEXT((#5663,#5664,#5665)) REPRESENTATION_CONTEXT
('Context #1','3D Context with UNIT and UNCERTAINTY') );
#5663 = ( LENGTH_UNIT() NAMED_UNIT(*) SI_UNIT(.MILLI.,.METRE.) );
#5664 = ( NAMED_UNIT(*) PLANE_ANGLE_UNIT() SI_UNIT($,.RADIAN.) );
#5665 = ( NAMED_UNIT(*) SI_UNIT($,.STERADIAN.) SOLID_ANGLE_UNIT() );
#5666 = UNCERTAINTY_MEASURE_WITH_UNIT(LENGTH_MEASURE(1.E-07),#5663,
  'distance_accuracy_value','confusion accuracy');
#5667 = PRODUCT_RELATED_PRODUCT_CATEGORY('part',$,(#7));
ENDSEC;
END-ISO-10303-21;
