ISO-10303-21;
HEADER;
FILE_DESCRIPTION(('FreeCAD Model'),'2;1');
FILE_NAME('Open CASCADE Shape Model','2026-09-20T20:29:30',('FreeCAD'),(
    'FreeCAD'),'Open CASCADE STEP processor 7.8','FreeCAD','Unknown');
FILE_SCHEMA(('AUTOMOTIVE_DESIGN { 1 0 10303 214 1 1 1 1 }'));
ENDSEC;
DATA;
#1 = APPLICATION_PROTOCOL_DEFINITION('international standard',
  'automotive_design',2000,#2);
#2 = APPLICATION_CONTEXT(
  'core data for automotive mechanical design processes');
#3 = SHAPE_DEFINITION_REPRESENTATION(#4,#10);
#4 = PRODUCT_DEFINITION_SHAPE('','',#5);
#5 = PRODUCT_DEFINITION('design','',#6,#9);
#6 = PRODUCT_DEFINITION_FORMATION('','',#7);
#7 = PRODUCT('Open CASCADE STEP translator 7.8 1',
  'Open CASCADE STEP translator 7.8 1','',(#8));
#8 = PRODUCT_CONTEXT('',#2,'mechanical');
#9 = PRODUCT_DEFINITION_CONTEXT('part definition',#2,'design');
#10 = SHAPE_REPRESENTATION('',(#11,#15,#2181),#4347);
#11 = AXIS2_PLACEMENT_3D('',#12,#13,#14);
#12 = CARTESIAN_POINT('',(0.,0.,0.));
#13 = DIRECTION('',(0.,0.,1.));
#14 = DIRECTION('',(1.,0.,-0.));
#15 = MANIFOLD_SOLID_BREP('',#16);
#16 = CLOSED_SHELL('',(#17,#57,#88,#228,#252,#449,#473,#886,#914,#938,
    #1026,#1043,#1071,#1088,#1120,#1162,#1184,#1201,#1218,#1235,#1260,
    #1272,#1312,#1328,#1345,#1369,#1386,#1427,#1460,#1477,#1502,#1527,
    #1552,#1577,#1604,#1622,#1664,#1688,#1698,#1717,#1744,#1755,#1779,
    #1797,#1807,#1825,#1847,#1874,#1890,#1902,#1914,#1939,#1964,#1989,
    #2014,#2031,#2040,#2049,#2058,#2067,#2076,#2085,#2094,#2103,#2147,
    #2172));
#17 = ADVANCED_FACE('',(#18),#52,.F.);
#18 = FACE_BOUND('',#19,.F.);
#19 = EDGE_LOOP('',(#20,#30,#38,#46));
#20 = ORIENTED_EDGE('',*,*,#21,.F.);
#21 = EDGE_CURVE('',#22,#24,#26,.T.);
#22 = VERTEX_POINT('',#23);
#23 = CARTESIAN_POINT('',(0.,89.,52.));
#24 = VERTEX_POINT('',#25);
#25 = CARTESIAN_POINT('',(0.,89.,62.));
#26 = LINE('',#27,#28);
#27 = CARTESIAN_POINT('',(0.,89.,52.));
#28 = VECTOR('',#29,1.);
#29 = DIRECTION('',(0.,0.,1.));
#30 = ORIENTED_EDGE('',*,*,#31,.T.);
#31 = EDGE_CURVE('',#22,#32,#34,.T.);
#32 = VERTEX_POINT('',#33);
#33 = CARTESIAN_POINT('',(0.,140.5,52.));
#34 = LINE('',#35,#36);
#35 = CARTESIAN_POINT('',(0.,89.,52.));
#36 = VECTOR('',#37,1.);
#37 = DIRECTION('',(0.,1.,0.));
#38 = ORIENTED_EDGE('',*,*,#39,.T.);
#39 = EDGE_CURVE('',#32,#40,#42,.T.);
#40 = VERTEX_POINT('',#41);
#41 = CARTESIAN_POINT('',(0.,140.5,62.));
#42 = LINE('',#43,#44);
#43 = CARTESIAN_POINT('',(0.,140.5,52.));
#44 = VECTOR('',#45,1.);
#45 = DIRECTION('',(0.,0.,1.));
#46 = ORIENTED_EDGE('',*,*,#47,.F.);
#47 = EDGE_CURVE('',#24,#40,#48,.T.);
#48 = LINE('',#49,#50);
#49 = CARTESIAN_POINT('',(0.,89.,62.));
#50 = VECTOR('',#51,1.);
#51 = DIRECTION('',(0.,1.,0.));
#52 = PLANE('',#53);
#53 = AXIS2_PLACEMENT_3D('',#54,#55,#56);
#54 = CARTESIAN_POINT('',(0.,89.,52.));
#55 = DIRECTION('',(1.,0.,0.));
#56 = DIRECTION('',(0.,0.,1.));
#57 = ADVANCED_FACE('',(#58),#83,.F.);
#58 = FACE_BOUND('',#59,.F.);
#59 = EDGE_LOOP('',(#60,#68,#69,#77));
#60 = ORIENTED_EDGE('',*,*,#61,.F.);
#61 = EDGE_CURVE('',#22,#62,#64,.T.);
#62 = VERTEX_POINT('',#63);
#63 = CARTESIAN_POINT('',(0.845299461621,89.,52.));
#64 = LINE('',#65,#66);
#65 = CARTESIAN_POINT('',(0.,89.,52.));
#66 = VECTOR('',#67,1.);
#67 = DIRECTION('',(1.,0.,0.));
#68 = ORIENTED_EDGE('',*,*,#21,.T.);
#69 = ORIENTED_EDGE('',*,*,#70,.T.);
#70 = EDGE_CURVE('',#24,#71,#73,.T.);
#71 = VERTEX_POINT('',#72);
#72 = CARTESIAN_POINT('',(6.618802153517,89.,62.));
#73 = LINE('',#74,#75);
#74 = CARTESIAN_POINT('',(0.,89.,62.));
#75 = VECTOR('',#76,1.);
#76 = DIRECTION('',(1.,0.,0.));
#77 = ORIENTED_EDGE('',*,*,#78,.F.);
#78 = EDGE_CURVE('',#62,#71,#79,.T.);
#79 = LINE('',#80,#81);
#80 = CARTESIAN_POINT('',(1.437177826491,89.,53.025163399856));
#81 = VECTOR('',#82,1.);
#82 = DIRECTION('',(0.5,0.,0.866025403784));
#83 = PLANE('',#84);
#84 = AXIS2_PLACEMENT_3D('',#85,#86,#87);
#85 = CARTESIAN_POINT('',(0.,89.,52.));
#86 = DIRECTION('',(0.,1.,0.));
#87 = DIRECTION('',(0.,0.,1.));
#88 = ADVANCED_FACE('',(#89),#223,.T.);
#89 = FACE_BOUND('',#90,.T.);
#90 = EDGE_LOOP('',(#91,#99,#100,#101,#109,#117,#125,#134,#143,#151,#159
    ,#167,#175,#183,#192,#201,#209,#217));
#91 = ORIENTED_EDGE('',*,*,#92,.F.);
#92 = EDGE_CURVE('',#40,#93,#95,.T.);
#93 = VERTEX_POINT('',#94);
#94 = CARTESIAN_POINT('',(6.618802153517,140.5,62.));
#95 = LINE('',#96,#97);
#96 = CARTESIAN_POINT('',(0.,140.5,62.));
#97 = VECTOR('',#98,1.);
#98 = DIRECTION('',(1.,0.,0.));
#99 = ORIENTED_EDGE('',*,*,#47,.F.);
#100 = ORIENTED_EDGE('',*,*,#70,.T.);
#101 = ORIENTED_EDGE('',*,*,#102,.F.);
#102 = EDGE_CURVE('',#103,#71,#105,.T.);
#103 = VERTEX_POINT('',#104);
#104 = CARTESIAN_POINT('',(6.618802153517,99.,62.));
#105 = LINE('',#106,#107);
#106 = CARTESIAN_POINT('',(6.618802153517,101.875,62.));
#107 = VECTOR('',#108,1.);
#108 = DIRECTION('',(0.,-1.,0.));
#109 = ORIENTED_EDGE('',*,*,#110,.F.);
#110 = EDGE_CURVE('',#111,#103,#113,.T.);
#111 = VERTEX_POINT('',#112);
#112 = CARTESIAN_POINT('',(15.856406460551,99.,62.));
#113 = LINE('',#114,#115);
#114 = CARTESIAN_POINT('',(1.392304845413,99.,62.));
#115 = VECTOR('',#116,1.);
#116 = DIRECTION('',(-1.,0.,0.));
#117 = ORIENTED_EDGE('',*,*,#118,.T.);
#118 = EDGE_CURVE('',#111,#119,#121,.T.);
#119 = VERTEX_POINT('',#120);
#120 = CARTESIAN_POINT('',(15.856406460551,96.183284206679,62.));
#121 = LINE('',#122,#123);
#122 = CARTESIAN_POINT('',(15.856406460551,101.875,62.));
#123 = VECTOR('',#124,1.);
#124 = DIRECTION('',(0.,-1.,0.));
#125 = ORIENTED_EDGE('',*,*,#126,.F.);
#126 = EDGE_CURVE('',#127,#119,#129,.T.);
#127 = VERTEX_POINT('',#128);
#128 = CARTESIAN_POINT('',(16.3,95.,62.));
#129 = CIRCLE('',#130,1.8);
#130 = AXIS2_PLACEMENT_3D('',#131,#132,#133);
#131 = CARTESIAN_POINT('',(14.5,95.,62.));
#132 = DIRECTION('',(0.,0.,1.));
#133 = DIRECTION('',(1.,0.,0.));
#134 = ORIENTED_EDGE('',*,*,#135,.F.);
#135 = EDGE_CURVE('',#136,#127,#138,.T.);
#136 = VERTEX_POINT('',#137);
#137 = CARTESIAN_POINT('',(15.856406460551,93.816715793321,62.));
#138 = CIRCLE('',#139,1.8);
#139 = AXIS2_PLACEMENT_3D('',#140,#141,#142);
#140 = CARTESIAN_POINT('',(14.5,95.,62.));
#141 = DIRECTION('',(0.,0.,1.));
#142 = DIRECTION('',(1.,0.,0.));
#143 = ORIENTED_EDGE('',*,*,#144,.T.);
#144 = EDGE_CURVE('',#136,#145,#147,.T.);
#145 = VERTEX_POINT('',#146);
#146 = CARTESIAN_POINT('',(15.856406460551,89.,62.));
#147 = LINE('',#148,#149);
#148 = CARTESIAN_POINT('',(15.856406460551,101.875,62.));
#149 = VECTOR('',#150,1.);
#150 = DIRECTION('',(0.,-1.,0.));
#151 = ORIENTED_EDGE('',*,*,#152,.T.);
#152 = EDGE_CURVE('',#145,#153,#155,.T.);
#153 = VERTEX_POINT('',#154);
#154 = CARTESIAN_POINT('',(19.,89.,62.));
#155 = LINE('',#156,#157);
#156 = CARTESIAN_POINT('',(0.,89.,62.));
#157 = VECTOR('',#158,1.);
#158 = DIRECTION('',(1.,0.,0.));
#159 = ORIENTED_EDGE('',*,*,#160,.T.);
#160 = EDGE_CURVE('',#153,#161,#163,.T.);
#161 = VERTEX_POINT('',#162);
#162 = CARTESIAN_POINT('',(19.,140.5,62.));
#163 = LINE('',#164,#165);
#164 = CARTESIAN_POINT('',(19.,89.,62.));
#165 = VECTOR('',#166,1.);
#166 = DIRECTION('',(0.,1.,0.));
#167 = ORIENTED_EDGE('',*,*,#168,.F.);
#168 = EDGE_CURVE('',#169,#161,#171,.T.);
#169 = VERTEX_POINT('',#170);
#170 = CARTESIAN_POINT('',(15.856406460551,140.5,62.));
#171 = LINE('',#172,#173);
#172 = CARTESIAN_POINT('',(0.,140.5,62.));
#173 = VECTOR('',#174,1.);
#174 = DIRECTION('',(1.,0.,0.));
#175 = ORIENTED_EDGE('',*,*,#176,.T.);
#176 = EDGE_CURVE('',#169,#177,#179,.T.);
#177 = VERTEX_POINT('',#178);
#178 = CARTESIAN_POINT('',(15.856406460551,136.18328420667,62.));
#179 = LINE('',#180,#181);
#180 = CARTESIAN_POINT('',(15.856406460551,101.875,62.));
#181 = VECTOR('',#182,1.);
#182 = DIRECTION('',(0.,-1.,0.));
#183 = ORIENTED_EDGE('',*,*,#184,.F.);
#184 = EDGE_CURVE('',#185,#177,#187,.T.);
#185 = VERTEX_POINT('',#186);
#186 = CARTESIAN_POINT('',(16.3,135.,62.));
#187 = CIRCLE('',#188,1.8);
#188 = AXIS2_PLACEMENT_3D('',#189,#190,#191);
#189 = CARTESIAN_POINT('',(14.5,135.,62.));
#190 = DIRECTION('',(0.,0.,1.));
#191 = DIRECTION('',(1.,0.,0.));
#192 = ORIENTED_EDGE('',*,*,#193,.F.);
#193 = EDGE_CURVE('',#194,#185,#196,.T.);
#194 = VERTEX_POINT('',#195);
#195 = CARTESIAN_POINT('',(15.856406460551,133.81671579332,62.));
#196 = CIRCLE('',#197,1.8);
#197 = AXIS2_PLACEMENT_3D('',#198,#199,#200);
#198 = CARTESIAN_POINT('',(14.5,135.,62.));
#199 = DIRECTION('',(0.,0.,1.));
#200 = DIRECTION('',(1.,0.,0.));
#201 = ORIENTED_EDGE('',*,*,#202,.T.);
#202 = EDGE_CURVE('',#194,#203,#205,.T.);
#203 = VERTEX_POINT('',#204);
#204 = CARTESIAN_POINT('',(15.856406460551,130.5,62.));
#205 = LINE('',#206,#207);
#206 = CARTESIAN_POINT('',(15.856406460551,101.875,62.));
#207 = VECTOR('',#208,1.);
#208 = DIRECTION('',(0.,-1.,0.));
#209 = ORIENTED_EDGE('',*,*,#210,.F.);
#210 = EDGE_CURVE('',#211,#203,#213,.T.);
#211 = VERTEX_POINT('',#212);
#212 = CARTESIAN_POINT('',(6.618802153517,130.5,62.));
#213 = LINE('',#214,#215);
#214 = CARTESIAN_POINT('',(8.642304845413,130.5,62.));
#215 = VECTOR('',#216,1.);
#216 = DIRECTION('',(1.,0.,0.));
#217 = ORIENTED_EDGE('',*,*,#218,.F.);
#218 = EDGE_CURVE('',#93,#211,#219,.T.);
#219 = LINE('',#220,#221);
#220 = CARTESIAN_POINT('',(6.618802153517,101.875,62.));
#221 = VECTOR('',#222,1.);
#222 = DIRECTION('',(0.,-1.,0.));
#223 = PLANE('',#224);
#224 = AXIS2_PLACEMENT_3D('',#225,#226,#227);
#225 = CARTESIAN_POINT('',(0.,89.,62.));
#226 = DIRECTION('',(0.,0.,1.));
#227 = DIRECTION('',(1.,0.,0.));
#228 = ADVANCED_FACE('',(#229),#247,.T.);
#229 = FACE_BOUND('',#230,.T.);
#230 = EDGE_LOOP('',(#231,#239,#240,#241));
#231 = ORIENTED_EDGE('',*,*,#232,.F.);
#232 = EDGE_CURVE('',#32,#233,#235,.T.);
#233 = VERTEX_POINT('',#234);
#234 = CARTESIAN_POINT('',(0.845299461621,140.5,52.));
#235 = LINE('',#236,#237);
#236 = CARTESIAN_POINT('',(0.,140.5,52.));
#237 = VECTOR('',#238,1.);
#238 = DIRECTION('',(1.,0.,0.));
#239 = ORIENTED_EDGE('',*,*,#39,.T.);
#240 = ORIENTED_EDGE('',*,*,#92,.T.);
#241 = ORIENTED_EDGE('',*,*,#242,.F.);
#242 = EDGE_CURVE('',#233,#93,#243,.T.);
#243 = LINE('',#244,#245);
#244 = CARTESIAN_POINT('',(1.437177826491,140.5,53.025163399856));
#245 = VECTOR('',#246,1.);
#246 = DIRECTION('',(0.5,0.,0.866025403784));
#247 = PLANE('',#248);
#248 = AXIS2_PLACEMENT_3D('',#249,#250,#251);
#249 = CARTESIAN_POINT('',(0.,140.5,52.));
#250 = DIRECTION('',(0.,1.,0.));
#251 = DIRECTION('',(0.,0.,1.));
#252 = ADVANCED_FACE('',(#253,#400,#411,#422,#433),#444,.T.);
#253 = FACE_BOUND('',#254,.T.);
#254 = EDGE_LOOP('',(#255,#265,#273,#281,#289,#297,#305,#313,#321,#329,
    #337,#345,#353,#362,#368,#369,#370,#378,#386,#392,#393,#394));
#255 = ORIENTED_EDGE('',*,*,#256,.T.);
#256 = EDGE_CURVE('',#257,#259,#261,.T.);
#257 = VERTEX_POINT('',#258);
#258 = CARTESIAN_POINT('',(0.845299461621,88.,52.));
#259 = VERTEX_POINT('',#260);
#260 = CARTESIAN_POINT('',(15.990381056767,88.,78.232050807569));
#261 = LINE('',#262,#263);
#262 = CARTESIAN_POINT('',(-11.50961894323,88.,30.600653599425));
#263 = VECTOR('',#264,1.);
#264 = DIRECTION('',(0.5,0.,0.866025403784));
#265 = ORIENTED_EDGE('',*,*,#266,.T.);
#266 = EDGE_CURVE('',#259,#267,#269,.T.);
#267 = VERTEX_POINT('',#268);
#268 = CARTESIAN_POINT('',(15.990381056767,141.5,78.232050807569));
#269 = LINE('',#270,#271);
#270 = CARTESIAN_POINT('',(15.990381056767,88.,78.232050807569));
#271 = VECTOR('',#272,1.);
#272 = DIRECTION('',(-6.640586315515E-17,1.,0.));
#273 = ORIENTED_EDGE('',*,*,#274,.T.);
#274 = EDGE_CURVE('',#267,#275,#277,.T.);
#275 = VERTEX_POINT('',#276);
#276 = CARTESIAN_POINT('',(-11.50961894323,141.5,30.600653599425));
#277 = LINE('',#278,#279);
#278 = CARTESIAN_POINT('',(15.990381056767,141.5,78.232050807569));
#279 = VECTOR('',#280,1.);
#280 = DIRECTION('',(-0.5,0.,-0.866025403784));
#281 = ORIENTED_EDGE('',*,*,#282,.T.);
#282 = EDGE_CURVE('',#275,#283,#285,.T.);
#283 = VERTEX_POINT('',#284);
#284 = CARTESIAN_POINT('',(-11.50961894323,88.,30.600653599425));
#285 = LINE('',#286,#287);
#286 = CARTESIAN_POINT('',(-11.50961894323,141.5,30.600653599425));
#287 = VECTOR('',#288,1.);
#288 = DIRECTION('',(0.,-1.,0.));
#289 = ORIENTED_EDGE('',*,*,#290,.T.);
#290 = EDGE_CURVE('',#283,#291,#293,.T.);
#291 = VERTEX_POINT('',#292);
#292 = CARTESIAN_POINT('',(-1.464101615138,88.,48.));
#293 = LINE('',#294,#295);
#294 = CARTESIAN_POINT('',(-11.50961894323,88.,30.600653599425));
#295 = VECTOR('',#296,1.);
#296 = DIRECTION('',(0.5,0.,0.866025403784));
#297 = ORIENTED_EDGE('',*,*,#298,.T.);
#298 = EDGE_CURVE('',#291,#299,#301,.T.);
#299 = VERTEX_POINT('',#300);
#300 = CARTESIAN_POINT('',(-1.464101615138,89.,48.));
#301 = LINE('',#302,#303);
#302 = CARTESIAN_POINT('',(-1.464101615138,92.02669481178,48.));
#303 = VECTOR('',#304,1.);
#304 = DIRECTION('',(0.,1.,0.));
#305 = ORIENTED_EDGE('',*,*,#306,.T.);
#306 = EDGE_CURVE('',#299,#307,#309,.T.);
#307 = VERTEX_POINT('',#308);
#308 = CARTESIAN_POINT('',(0.,89.,50.535898384862));
#309 = LINE('',#310,#311);
#310 = CARTESIAN_POINT('',(0.571152422707,89.,51.525163399856));
#311 = VECTOR('',#312,1.);
#312 = DIRECTION('',(0.5,0.,0.866025403784));
#313 = ORIENTED_EDGE('',*,*,#314,.T.);
#314 = EDGE_CURVE('',#307,#315,#317,.T.);
#315 = VERTEX_POINT('',#316);
#316 = CARTESIAN_POINT('',(0.,99.,50.535898384862));
#317 = LINE('',#318,#319);
#318 = CARTESIAN_POINT('',(0.,124.375,50.535898384862));
#319 = VECTOR('',#320,1.);
#320 = DIRECTION('',(0.,1.,0.));
#321 = ORIENTED_EDGE('',*,*,#322,.T.);
#322 = EDGE_CURVE('',#315,#323,#325,.T.);
#323 = VERTEX_POINT('',#324);
#324 = CARTESIAN_POINT('',(-5.009618943233,99.,41.858983848622));
#325 = LINE('',#326,#327);
#326 = CARTESIAN_POINT('',(-1.384618943233,99.,48.13766802606));
#327 = VECTOR('',#328,1.);
#328 = DIRECTION('',(-0.5,0.,-0.866025403784));
#329 = ORIENTED_EDGE('',*,*,#330,.T.);
#330 = EDGE_CURVE('',#323,#331,#333,.T.);
#331 = VERTEX_POINT('',#332);
#332 = CARTESIAN_POINT('',(-5.009618943233,130.5,41.858983848622));
#333 = LINE('',#334,#335);
#334 = CARTESIAN_POINT('',(-5.009618943233,122.625,41.858983848622));
#335 = VECTOR('',#336,1.);
#336 = DIRECTION('',(0.,1.,0.));
#337 = ORIENTED_EDGE('',*,*,#338,.T.);
#338 = EDGE_CURVE('',#331,#339,#341,.T.);
#339 = VERTEX_POINT('',#340);
#340 = CARTESIAN_POINT('',(0.,130.5,50.535898384862));
#341 = LINE('',#342,#343);
#342 = CARTESIAN_POINT('',(5.865381056767,130.5,60.695036380934));
#343 = VECTOR('',#344,1.);
#344 = DIRECTION('',(0.5,0.,0.866025403784));
#345 = ORIENTED_EDGE('',*,*,#346,.T.);
#346 = EDGE_CURVE('',#339,#347,#349,.T.);
#347 = VERTEX_POINT('',#348);
#348 = CARTESIAN_POINT('',(0.,134.,50.535898384862));
#349 = LINE('',#350,#351);
#350 = CARTESIAN_POINT('',(0.,124.375,50.535898384862));
#351 = VECTOR('',#352,1.);
#352 = DIRECTION('',(0.,1.,0.));
#353 = ORIENTED_EDGE('',*,*,#354,.F.);
#354 = EDGE_CURVE('',#355,#347,#357,.T.);
#355 = VERTEX_POINT('',#356);
#356 = CARTESIAN_POINT('',(0.845299461621,137.0706778339,52.));
#357 = ELLIPSE('',#358,12.,6.);
#358 = AXIS2_PLACEMENT_3D('',#359,#360,#361);
#359 = CARTESIAN_POINT('',(6.,134.,60.928203230276));
#360 = DIRECTION('',(-0.866025403784,0.,0.5));
#361 = DIRECTION('',(-0.5,0.,-0.866025403784));
#362 = ORIENTED_EDGE('',*,*,#363,.F.);
#363 = EDGE_CURVE('',#233,#355,#364,.T.);
#364 = LINE('',#365,#366);
#365 = CARTESIAN_POINT('',(0.845299461621,101.875,52.));
#366 = VECTOR('',#367,1.);
#367 = DIRECTION('',(0.,-1.,0.));
#368 = ORIENTED_EDGE('',*,*,#242,.T.);
#369 = ORIENTED_EDGE('',*,*,#218,.T.);
#370 = ORIENTED_EDGE('',*,*,#371,.T.);
#371 = EDGE_CURVE('',#211,#372,#374,.T.);
#372 = VERTEX_POINT('',#373);
#373 = CARTESIAN_POINT('',(9.490381056767,130.5,66.973720558371));
#374 = LINE('',#375,#376);
#375 = CARTESIAN_POINT('',(5.865381056767,130.5,60.695036380934));
#376 = VECTOR('',#377,1.);
#377 = DIRECTION('',(0.5,0.,0.866025403784));
#378 = ORIENTED_EDGE('',*,*,#379,.T.);
#379 = EDGE_CURVE('',#372,#380,#382,.T.);
#380 = VERTEX_POINT('',#381);
#381 = CARTESIAN_POINT('',(9.490381056767,99.,66.973720558371));
#382 = LINE('',#383,#384);
#383 = CARTESIAN_POINT('',(9.490381056767,106.875,66.973720558371));
#384 = VECTOR('',#385,1.);
#385 = DIRECTION('',(0.,-1.,0.));
#386 = ORIENTED_EDGE('',*,*,#387,.T.);
#387 = EDGE_CURVE('',#380,#103,#388,.T.);
#388 = LINE('',#389,#390);
#389 = CARTESIAN_POINT('',(-1.384618943233,99.,48.13766802606));
#390 = VECTOR('',#391,1.);
#391 = DIRECTION('',(-0.5,0.,-0.866025403784));
#392 = ORIENTED_EDGE('',*,*,#102,.T.);
#393 = ORIENTED_EDGE('',*,*,#78,.F.);
#394 = ORIENTED_EDGE('',*,*,#395,.F.);
#395 = EDGE_CURVE('',#257,#62,#396,.T.);
#396 = LINE('',#397,#398);
#397 = CARTESIAN_POINT('',(0.845299461621,92.02669481178,52.));
#398 = VECTOR('',#399,1.);
#399 = DIRECTION('',(0.,1.,0.));
#400 = FACE_BOUND('',#401,.T.);
#401 = EDGE_LOOP('',(#402));
#402 = ORIENTED_EDGE('',*,*,#403,.F.);
#403 = EDGE_CURVE('',#404,#404,#406,.T.);
#404 = VERTEX_POINT('',#405);
#405 = CARTESIAN_POINT('',(10.965381056767,134.5,69.528495499535));
#406 = CIRCLE('',#407,2.3);
#407 = AXIS2_PLACEMENT_3D('',#408,#409,#410);
#408 = CARTESIAN_POINT('',(12.115381056767,134.5,71.520353928239));
#409 = DIRECTION('',(-0.866025403784,0.,0.5));
#410 = DIRECTION('',(-0.5,0.,-0.866025403784));
#411 = FACE_BOUND('',#412,.T.);
#412 = EDGE_LOOP('',(#413));
#413 = ORIENTED_EDGE('',*,*,#414,.F.);
#414 = EDGE_CURVE('',#415,#415,#417,.T.);
#415 = VERTEX_POINT('',#416);
#416 = CARTESIAN_POINT('',(-8.784618943233,134.5,35.32049205005));
#417 = CIRCLE('',#418,2.3);
#418 = AXIS2_PLACEMENT_3D('',#419,#420,#421);
#419 = CARTESIAN_POINT('',(-7.634618943233,134.5,37.312350478754));
#420 = DIRECTION('',(-0.866025403784,0.,0.5));
#421 = DIRECTION('',(-0.5,0.,-0.866025403784));
#422 = FACE_BOUND('',#423,.T.);
#423 = EDGE_LOOP('',(#424));
#424 = ORIENTED_EDGE('',*,*,#425,.F.);
#425 = EDGE_CURVE('',#426,#426,#428,.T.);
#426 = VERTEX_POINT('',#427);
#427 = CARTESIAN_POINT('',(10.965381056767,95.,69.528495499535));
#428 = CIRCLE('',#429,2.3);
#429 = AXIS2_PLACEMENT_3D('',#430,#431,#432);
#430 = CARTESIAN_POINT('',(12.115381056767,95.,71.520353928239));
#431 = DIRECTION('',(-0.866025403784,0.,0.5));
#432 = DIRECTION('',(-0.5,0.,-0.866025403784));
#433 = FACE_BOUND('',#434,.T.);
#434 = EDGE_LOOP('',(#435));
#435 = ORIENTED_EDGE('',*,*,#436,.F.);
#436 = EDGE_CURVE('',#437,#437,#439,.T.);
#437 = VERTEX_POINT('',#438);
#438 = CARTESIAN_POINT('',(-8.784618943233,95.,35.32049205005));
#439 = CIRCLE('',#440,2.3);
#440 = AXIS2_PLACEMENT_3D('',#441,#442,#443);
#441 = CARTESIAN_POINT('',(-7.634618943233,95.,37.312350478754));
#442 = DIRECTION('',(-0.866025403784,0.,0.5));
#443 = DIRECTION('',(-0.5,0.,-0.866025403784));
#444 = PLANE('',#445);
#445 = AXIS2_PLACEMENT_3D('',#446,#447,#448);
#446 = CARTESIAN_POINT('',(2.240381056767,114.75,54.416352203497));
#447 = DIRECTION('',(-0.866025403784,0.,0.5));
#448 = DIRECTION('',(-0.5,0.,-0.866025403784));
#449 = ADVANCED_FACE('',(#450),#468,.T.);
#450 = FACE_BOUND('',#451,.T.);
#451 = EDGE_LOOP('',(#452,#453,#454,#462));
#452 = ORIENTED_EDGE('',*,*,#371,.F.);
#453 = ORIENTED_EDGE('',*,*,#210,.T.);
#454 = ORIENTED_EDGE('',*,*,#455,.T.);
#455 = EDGE_CURVE('',#203,#456,#458,.T.);
#456 = VERTEX_POINT('',#457);
#457 = CARTESIAN_POINT('',(16.418584287042,130.5,62.973720558371));
#458 = LINE('',#459,#460);
#459 = CARTESIAN_POINT('',(12.793584287042,130.5,56.695036380934));
#460 = VECTOR('',#461,1.);
#461 = DIRECTION('',(0.5,0.,0.866025403784));
#462 = ORIENTED_EDGE('',*,*,#463,.T.);
#463 = EDGE_CURVE('',#456,#372,#464,.T.);
#464 = LINE('',#465,#466);
#465 = CARTESIAN_POINT('',(17.284609690827,130.5,62.473720558371));
#466 = VECTOR('',#467,1.);
#467 = DIRECTION('',(-0.866025403784,0.,0.5));
#468 = PLANE('',#469);
#469 = AXIS2_PLACEMENT_3D('',#470,#471,#472);
#470 = CARTESIAN_POINT('',(17.284609690827,130.5,62.473720558371));
#471 = DIRECTION('',(0.,-1.,0.));
#472 = DIRECTION('',(-0.5,0.,-0.866025403784));
#473 = ADVANCED_FACE('',(#474,#837,#848,#859,#870),#881,.F.);
#474 = FACE_BOUND('',#475,.F.);
#475 = EDGE_LOOP('',(#476,#486,#494,#502,#510,#518,#526,#534,#542,#550,
    #558,#566,#574,#582,#590,#598,#604,#605,#614,#622,#631,#639,#648,
    #656,#665,#673,#682,#690,#699,#707,#715,#722,#723,#724,#732,#738,
    #739,#748,#756,#764,#772,#781,#789,#798,#806,#815,#823,#830,#831));
#476 = ORIENTED_EDGE('',*,*,#477,.F.);
#477 = EDGE_CURVE('',#478,#480,#482,.T.);
#478 = VERTEX_POINT('',#479);
#479 = CARTESIAN_POINT('',(10.082903768655,88.,52.));
#480 = VERTEX_POINT('',#481);
#481 = CARTESIAN_POINT('',(10.082903768655,89.,52.));
#482 = LINE('',#483,#484);
#483 = CARTESIAN_POINT('',(10.082903768655,92.02669481178,52.));
#484 = VECTOR('',#485,1.);
#485 = DIRECTION('',(0.,1.,0.));
#486 = ORIENTED_EDGE('',*,*,#487,.T.);
#487 = EDGE_CURVE('',#478,#488,#490,.T.);
#488 = VERTEX_POINT('',#489);
#489 = CARTESIAN_POINT('',(22.918584287042,88.,74.232050807569));
#490 = LINE('',#491,#492);
#491 = CARTESIAN_POINT('',(-4.581415712958,88.,26.600653599425));
#492 = VECTOR('',#493,1.);
#493 = DIRECTION('',(0.5,0.,0.866025403784));
#494 = ORIENTED_EDGE('',*,*,#495,.T.);
#495 = EDGE_CURVE('',#488,#496,#498,.T.);
#496 = VERTEX_POINT('',#497);
#497 = CARTESIAN_POINT('',(22.918584287042,141.5,74.232050807569));
#498 = LINE('',#499,#500);
#499 = CARTESIAN_POINT('',(22.918584287042,88.,74.232050807569));
#500 = VECTOR('',#501,1.);
#501 = DIRECTION('',(-6.640586315515E-17,1.,0.));
#502 = ORIENTED_EDGE('',*,*,#503,.T.);
#503 = EDGE_CURVE('',#496,#504,#506,.T.);
#504 = VERTEX_POINT('',#505);
#505 = CARTESIAN_POINT('',(-4.581415712958,141.5,26.600653599425));
#506 = LINE('',#507,#508);
#507 = CARTESIAN_POINT('',(22.918584287042,141.5,74.232050807569));
#508 = VECTOR('',#509,1.);
#509 = DIRECTION('',(-0.5,0.,-0.866025403784));
#510 = ORIENTED_EDGE('',*,*,#511,.T.);
#511 = EDGE_CURVE('',#504,#512,#514,.T.);
#512 = VERTEX_POINT('',#513);
#513 = CARTESIAN_POINT('',(-4.581415712958,88.,26.600653599425));
#514 = LINE('',#515,#516);
#515 = CARTESIAN_POINT('',(-4.581415712958,141.5,26.600653599425));
#516 = VECTOR('',#517,1.);
#517 = DIRECTION('',(0.,-1.,0.));
#518 = ORIENTED_EDGE('',*,*,#519,.T.);
#519 = EDGE_CURVE('',#512,#520,#522,.T.);
#520 = VERTEX_POINT('',#521);
#521 = CARTESIAN_POINT('',(6.,88.,44.928203230275));
#522 = LINE('',#523,#524);
#523 = CARTESIAN_POINT('',(-4.581415712958,88.,26.600653599425));
#524 = VECTOR('',#525,1.);
#525 = DIRECTION('',(0.5,0.,0.866025403784));
#526 = ORIENTED_EDGE('',*,*,#527,.T.);
#527 = EDGE_CURVE('',#520,#528,#530,.T.);
#528 = VERTEX_POINT('',#529);
#529 = CARTESIAN_POINT('',(6.,99.,44.928203230275));
#530 = LINE('',#531,#532);
#531 = CARTESIAN_POINT('',(6.,91.48893943901,44.928203230275));
#532 = VECTOR('',#533,1.);
#533 = DIRECTION('',(8.9E-16,1.,1.541525218736E-15));
#534 = ORIENTED_EDGE('',*,*,#535,.T.);
#535 = EDGE_CURVE('',#528,#536,#538,.T.);
#536 = VERTEX_POINT('',#537);
#537 = CARTESIAN_POINT('',(1.918584287042,99.,37.858983848622));
#538 = LINE('',#539,#540);
#539 = CARTESIAN_POINT('',(5.543584287042,99.,44.13766802606));
#540 = VECTOR('',#541,1.);
#541 = DIRECTION('',(-0.5,0.,-0.866025403784));
#542 = ORIENTED_EDGE('',*,*,#543,.T.);
#543 = EDGE_CURVE('',#536,#544,#546,.T.);
#544 = VERTEX_POINT('',#545);
#545 = CARTESIAN_POINT('',(1.918584287042,130.5,37.858983848622));
#546 = LINE('',#547,#548);
#547 = CARTESIAN_POINT('',(1.918584287042,122.625,37.858983848622));
#548 = VECTOR('',#549,1.);
#549 = DIRECTION('',(0.,1.,0.));
#550 = ORIENTED_EDGE('',*,*,#551,.T.);
#551 = EDGE_CURVE('',#544,#552,#554,.T.);
#552 = VERTEX_POINT('',#553);
#553 = CARTESIAN_POINT('',(6.,130.5,44.928203230275));
#554 = LINE('',#555,#556);
#555 = CARTESIAN_POINT('',(12.793584287042,130.5,56.695036380934));
#556 = VECTOR('',#557,1.);
#557 = DIRECTION('',(0.5,0.,0.866025403784));
#558 = ORIENTED_EDGE('',*,*,#559,.T.);
#559 = EDGE_CURVE('',#552,#560,#562,.T.);
#560 = VERTEX_POINT('',#561);
#561 = CARTESIAN_POINT('',(6.,135.,44.928203230275));
#562 = LINE('',#563,#564);
#563 = CARTESIAN_POINT('',(6.,91.48893943901,44.928203230275));
#564 = VECTOR('',#565,1.);
#565 = DIRECTION('',(8.9E-16,1.,1.541525218736E-15));
#566 = ORIENTED_EDGE('',*,*,#567,.T.);
#567 = EDGE_CURVE('',#560,#568,#570,.T.);
#568 = VERTEX_POINT('',#569);
#569 = CARTESIAN_POINT('',(7.773502691896,135.,48.));
#570 = LINE('',#571,#572);
#571 = CARTESIAN_POINT('',(-1.709936490539,135.,31.574201505533));
#572 = VECTOR('',#573,1.);
#573 = DIRECTION('',(0.5,2.177339375866E-15,0.866025403784));
#574 = ORIENTED_EDGE('',*,*,#575,.T.);
#575 = EDGE_CURVE('',#568,#576,#578,.T.);
#576 = VERTEX_POINT('',#577);
#577 = CARTESIAN_POINT('',(7.773502691896,140.,48.));
#578 = LINE('',#579,#580);
#579 = CARTESIAN_POINT('',(7.773502691896,92.02669481178,48.));
#580 = VECTOR('',#581,1.);
#581 = DIRECTION('',(0.,1.,0.));
#582 = ORIENTED_EDGE('',*,*,#583,.T.);
#583 = EDGE_CURVE('',#576,#584,#586,.T.);
#584 = VERTEX_POINT('',#585);
#585 = CARTESIAN_POINT('',(10.082903768655,140.,52.));
#586 = LINE('',#587,#588);
#587 = CARTESIAN_POINT('',(16.624355652982,140.,63.330127018922));
#588 = VECTOR('',#589,1.);
#589 = DIRECTION('',(0.5,0.,0.866025403784));
#590 = ORIENTED_EDGE('',*,*,#591,.F.);
#591 = EDGE_CURVE('',#592,#584,#594,.T.);
#592 = VERTEX_POINT('',#593);
#593 = CARTESIAN_POINT('',(10.082903768655,140.5,52.));
#594 = LINE('',#595,#596);
#595 = CARTESIAN_POINT('',(10.082903768655,101.875,52.));
#596 = VECTOR('',#597,1.);
#597 = DIRECTION('',(0.,-1.,0.));
#598 = ORIENTED_EDGE('',*,*,#599,.T.);
#599 = EDGE_CURVE('',#592,#169,#600,.T.);
#600 = LINE('',#601,#602);
#601 = CARTESIAN_POINT('',(8.365381056767,140.5,49.025163399856));
#602 = VECTOR('',#603,1.);
#603 = DIRECTION('',(0.5,0.,0.866025403784));
#604 = ORIENTED_EDGE('',*,*,#176,.T.);
#605 = ORIENTED_EDGE('',*,*,#606,.T.);
#606 = EDGE_CURVE('',#177,#607,#609,.T.);
#607 = VERTEX_POINT('',#608);
#608 = CARTESIAN_POINT('',(13.633607924171,136.57777209093,58.15));
#609 = ELLIPSE('',#610,3.6,1.8);
#610 = AXIS2_PLACEMENT_3D('',#611,#612,#613);
#611 = CARTESIAN_POINT('',(14.5,135.,59.650635094611));
#612 = DIRECTION('',(-0.866025403784,0.,0.5));
#613 = DIRECTION('',(0.5,0.,0.866025403784));
#614 = ORIENTED_EDGE('',*,*,#615,.F.);
#615 = EDGE_CURVE('',#616,#607,#618,.T.);
#616 = VERTEX_POINT('',#617);
#617 = CARTESIAN_POINT('',(13.633607924171,139.82279636424,58.15));
#618 = LINE('',#619,#620);
#619 = CARTESIAN_POINT('',(13.633607924171,124.875,58.15));
#620 = VECTOR('',#621,1.);
#621 = DIRECTION('',(0.,-1.,0.));
#622 = ORIENTED_EDGE('',*,*,#623,.T.);
#623 = EDGE_CURVE('',#616,#624,#626,.T.);
#624 = VERTEX_POINT('',#625);
#625 = CARTESIAN_POINT('',(10.082903768655,137.12114612486,52.));
#626 = ELLIPSE('',#627,9.8,4.9);
#627 = AXIS2_PLACEMENT_3D('',#628,#629,#630);
#628 = CARTESIAN_POINT('',(14.5,135.,59.650635094611));
#629 = DIRECTION('',(-0.866025403784,0.,0.5));
#630 = DIRECTION('',(0.5,0.,0.866025403784));
#631 = ORIENTED_EDGE('',*,*,#632,.F.);
#632 = EDGE_CURVE('',#633,#624,#635,.T.);
#633 = VERTEX_POINT('',#634);
#634 = CARTESIAN_POINT('',(10.082903768655,135.85980281636,52.));
#635 = LINE('',#636,#637);
#636 = CARTESIAN_POINT('',(10.082903768655,92.02669481178,52.));
#637 = VECTOR('',#638,1.);
#638 = DIRECTION('',(0.,1.,0.));
#639 = ORIENTED_EDGE('',*,*,#640,.F.);
#640 = EDGE_CURVE('',#641,#633,#643,.T.);
#641 = VERTEX_POINT('',#642);
#642 = CARTESIAN_POINT('',(13.547005383793,139.3979314753,58.));
#643 = ELLIPSE('',#644,9.,4.5);
#644 = AXIS2_PLACEMENT_3D('',#645,#646,#647);
#645 = CARTESIAN_POINT('',(14.5,135.,59.650635094611));
#646 = DIRECTION('',(-0.866025403784,0.,0.5));
#647 = DIRECTION('',(-0.5,0.,-0.866025403784));
#648 = ORIENTED_EDGE('',*,*,#649,.F.);
#649 = EDGE_CURVE('',#650,#641,#652,.T.);
#650 = VERTEX_POINT('',#651);
#651 = CARTESIAN_POINT('',(13.547005383793,137.09327524742,58.));
#652 = LINE('',#653,#654);
#653 = CARTESIAN_POINT('',(13.547005383793,114.875,58.));
#654 = VECTOR('',#655,1.);
#655 = DIRECTION('',(0.,1.,0.));
#656 = ORIENTED_EDGE('',*,*,#657,.T.);
#657 = EDGE_CURVE('',#650,#658,#660,.T.);
#658 = VERTEX_POINT('',#659);
#659 = CARTESIAN_POINT('',(13.547005383793,132.90672475257,58.));
#660 = ELLIPSE('',#661,4.6,2.3);
#661 = AXIS2_PLACEMENT_3D('',#662,#663,#664);
#662 = CARTESIAN_POINT('',(14.5,135.,59.650635094611));
#663 = DIRECTION('',(-0.866025403784,0.,0.5));
#664 = DIRECTION('',(0.5,0.,0.866025403784));
#665 = ORIENTED_EDGE('',*,*,#666,.F.);
#666 = EDGE_CURVE('',#667,#658,#669,.T.);
#667 = VERTEX_POINT('',#668);
#668 = CARTESIAN_POINT('',(13.547005383793,130.60206852469,58.));
#669 = LINE('',#670,#671);
#670 = CARTESIAN_POINT('',(13.547005383793,114.875,58.));
#671 = VECTOR('',#672,1.);
#672 = DIRECTION('',(0.,1.,0.));
#673 = ORIENTED_EDGE('',*,*,#674,.F.);
#674 = EDGE_CURVE('',#675,#667,#677,.T.);
#675 = VERTEX_POINT('',#676);
#676 = CARTESIAN_POINT('',(10.082903768655,134.14019718363,52.));
#677 = ELLIPSE('',#678,9.,4.5);
#678 = AXIS2_PLACEMENT_3D('',#679,#680,#681);
#679 = CARTESIAN_POINT('',(14.5,135.,59.650635094611));
#680 = DIRECTION('',(-0.866025403784,0.,0.5));
#681 = DIRECTION('',(-0.5,0.,-0.866025403784));
#682 = ORIENTED_EDGE('',*,*,#683,.F.);
#683 = EDGE_CURVE('',#684,#675,#686,.T.);
#684 = VERTEX_POINT('',#685);
#685 = CARTESIAN_POINT('',(10.082903768655,132.87885387513,52.));
#686 = LINE('',#687,#688);
#687 = CARTESIAN_POINT('',(10.082903768655,92.02669481178,52.));
#688 = VECTOR('',#689,1.);
#689 = DIRECTION('',(0.,1.,0.));
#690 = ORIENTED_EDGE('',*,*,#691,.T.);
#691 = EDGE_CURVE('',#684,#692,#694,.T.);
#692 = VERTEX_POINT('',#693);
#693 = CARTESIAN_POINT('',(12.560928057035,130.5,56.292063969864));
#694 = ELLIPSE('',#695,9.8,4.9);
#695 = AXIS2_PLACEMENT_3D('',#696,#697,#698);
#696 = CARTESIAN_POINT('',(14.5,135.,59.650635094611));
#697 = DIRECTION('',(-0.866025403784,0.,0.5));
#698 = DIRECTION('',(0.5,0.,0.866025403784));
#699 = ORIENTED_EDGE('',*,*,#700,.T.);
#700 = EDGE_CURVE('',#692,#701,#703,.T.);
#701 = VERTEX_POINT('',#702);
#702 = CARTESIAN_POINT('',(13.633607924171,130.5,58.15));
#703 = LINE('',#704,#705);
#704 = CARTESIAN_POINT('',(12.793584287042,130.5,56.695036380934));
#705 = VECTOR('',#706,1.);
#706 = DIRECTION('',(0.5,0.,0.866025403784));
#707 = ORIENTED_EDGE('',*,*,#708,.F.);
#708 = EDGE_CURVE('',#709,#701,#711,.T.);
#709 = VERTEX_POINT('',#710);
#710 = CARTESIAN_POINT('',(13.633607924171,133.42222790906,58.15));
#711 = LINE('',#712,#713);
#712 = CARTESIAN_POINT('',(13.633607924171,124.875,58.15));
#713 = VECTOR('',#714,1.);
#714 = DIRECTION('',(0.,-1.,0.));
#715 = ORIENTED_EDGE('',*,*,#716,.T.);
#716 = EDGE_CURVE('',#709,#194,#717,.T.);
#717 = ELLIPSE('',#718,3.6,1.8);
#718 = AXIS2_PLACEMENT_3D('',#719,#720,#721);
#719 = CARTESIAN_POINT('',(14.5,135.,59.650635094611));
#720 = DIRECTION('',(-0.866025403784,0.,0.5));
#721 = DIRECTION('',(0.5,0.,0.866025403784));
#722 = ORIENTED_EDGE('',*,*,#202,.T.);
#723 = ORIENTED_EDGE('',*,*,#455,.T.);
#724 = ORIENTED_EDGE('',*,*,#725,.T.);
#725 = EDGE_CURVE('',#456,#726,#728,.T.);
#726 = VERTEX_POINT('',#727);
#727 = CARTESIAN_POINT('',(16.418584287042,99.,62.973720558371));
#728 = LINE('',#729,#730);
#729 = CARTESIAN_POINT('',(16.418584287042,106.875,62.973720558371));
#730 = VECTOR('',#731,1.);
#731 = DIRECTION('',(0.,-1.,0.));
#732 = ORIENTED_EDGE('',*,*,#733,.T.);
#733 = EDGE_CURVE('',#726,#111,#734,.T.);
#734 = LINE('',#735,#736);
#735 = CARTESIAN_POINT('',(5.543584287042,99.,44.13766802606));
#736 = VECTOR('',#737,1.);
#737 = DIRECTION('',(-0.5,0.,-0.866025403784));
#738 = ORIENTED_EDGE('',*,*,#118,.T.);
#739 = ORIENTED_EDGE('',*,*,#740,.T.);
#740 = EDGE_CURVE('',#119,#741,#743,.T.);
#741 = VERTEX_POINT('',#742);
#742 = CARTESIAN_POINT('',(13.633607924171,96.577772090937,58.15));
#743 = ELLIPSE('',#744,3.6,1.8);
#744 = AXIS2_PLACEMENT_3D('',#745,#746,#747);
#745 = CARTESIAN_POINT('',(14.5,95.,59.650635094611));
#746 = DIRECTION('',(-0.866025403784,0.,0.5));
#747 = DIRECTION('',(0.5,0.,0.866025403784));
#748 = ORIENTED_EDGE('',*,*,#749,.F.);
#749 = EDGE_CURVE('',#750,#741,#752,.T.);
#750 = VERTEX_POINT('',#751);
#751 = CARTESIAN_POINT('',(13.633607924171,99.,58.15));
#752 = LINE('',#753,#754);
#753 = CARTESIAN_POINT('',(13.633607924171,104.875,58.15));
#754 = VECTOR('',#755,1.);
#755 = DIRECTION('',(0.,-1.,0.));
#756 = ORIENTED_EDGE('',*,*,#757,.T.);
#757 = EDGE_CURVE('',#750,#758,#760,.T.);
#758 = VERTEX_POINT('',#759);
#759 = CARTESIAN_POINT('',(13.547005383793,99.,58.));
#760 = LINE('',#761,#762);
#761 = CARTESIAN_POINT('',(5.543584287042,99.,44.13766802606));
#762 = VECTOR('',#763,1.);
#763 = DIRECTION('',(-0.5,0.,-0.866025403784));
#764 = ORIENTED_EDGE('',*,*,#765,.F.);
#765 = EDGE_CURVE('',#766,#758,#768,.T.);
#766 = VERTEX_POINT('',#767);
#767 = CARTESIAN_POINT('',(13.547005383793,97.093275247424,58.));
#768 = LINE('',#769,#770);
#769 = CARTESIAN_POINT('',(13.547005383793,114.875,58.));
#770 = VECTOR('',#771,1.);
#771 = DIRECTION('',(0.,1.,0.));
#772 = ORIENTED_EDGE('',*,*,#773,.T.);
#773 = EDGE_CURVE('',#766,#774,#776,.T.);
#774 = VERTEX_POINT('',#775);
#775 = CARTESIAN_POINT('',(13.547005383793,92.906724752576,58.));
#776 = ELLIPSE('',#777,4.6,2.3);
#777 = AXIS2_PLACEMENT_3D('',#778,#779,#780);
#778 = CARTESIAN_POINT('',(14.5,95.,59.650635094611));
#779 = DIRECTION('',(-0.866025403784,0.,0.5));
#780 = DIRECTION('',(0.5,0.,0.866025403784));
#781 = ORIENTED_EDGE('',*,*,#782,.F.);
#782 = EDGE_CURVE('',#783,#774,#785,.T.);
#783 = VERTEX_POINT('',#784);
#784 = CARTESIAN_POINT('',(13.547005383793,90.602068524695,58.));
#785 = LINE('',#786,#787);
#786 = CARTESIAN_POINT('',(13.547005383793,114.875,58.));
#787 = VECTOR('',#788,1.);
#788 = DIRECTION('',(0.,1.,0.));
#789 = ORIENTED_EDGE('',*,*,#790,.F.);
#790 = EDGE_CURVE('',#791,#783,#793,.T.);
#791 = VERTEX_POINT('',#792);
#792 = CARTESIAN_POINT('',(10.082903768655,94.140197183631,52.));
#793 = ELLIPSE('',#794,9.,4.5);
#794 = AXIS2_PLACEMENT_3D('',#795,#796,#797);
#795 = CARTESIAN_POINT('',(14.5,95.,59.650635094611));
#796 = DIRECTION('',(-0.866025403784,0.,0.5));
#797 = DIRECTION('',(-0.5,0.,-0.866025403784));
#798 = ORIENTED_EDGE('',*,*,#799,.F.);
#799 = EDGE_CURVE('',#800,#791,#802,.T.);
#800 = VERTEX_POINT('',#801);
#801 = CARTESIAN_POINT('',(10.082903768655,92.878853875134,52.));
#802 = LINE('',#803,#804);
#803 = CARTESIAN_POINT('',(10.082903768655,92.02669481178,52.));
#804 = VECTOR('',#805,1.);
#805 = DIRECTION('',(0.,1.,0.));
#806 = ORIENTED_EDGE('',*,*,#807,.T.);
#807 = EDGE_CURVE('',#800,#808,#810,.T.);
#808 = VERTEX_POINT('',#809);
#809 = CARTESIAN_POINT('',(13.633607924171,90.177203635759,58.15));
#810 = ELLIPSE('',#811,9.8,4.9);
#811 = AXIS2_PLACEMENT_3D('',#812,#813,#814);
#812 = CARTESIAN_POINT('',(14.5,95.,59.650635094611));
#813 = DIRECTION('',(-0.866025403784,0.,0.5));
#814 = DIRECTION('',(0.5,0.,0.866025403784));
#815 = ORIENTED_EDGE('',*,*,#816,.F.);
#816 = EDGE_CURVE('',#817,#808,#819,.T.);
#817 = VERTEX_POINT('',#818);
#818 = CARTESIAN_POINT('',(13.633607924171,93.422227909063,58.15));
#819 = LINE('',#820,#821);
#820 = CARTESIAN_POINT('',(13.633607924171,104.875,58.15));
#821 = VECTOR('',#822,1.);
#822 = DIRECTION('',(0.,-1.,0.));
#823 = ORIENTED_EDGE('',*,*,#824,.T.);
#824 = EDGE_CURVE('',#817,#136,#825,.T.);
#825 = ELLIPSE('',#826,3.6,1.8);
#826 = AXIS2_PLACEMENT_3D('',#827,#828,#829);
#827 = CARTESIAN_POINT('',(14.5,95.,59.650635094611));
#828 = DIRECTION('',(-0.866025403784,0.,0.5));
#829 = DIRECTION('',(0.5,0.,0.866025403784));
#830 = ORIENTED_EDGE('',*,*,#144,.T.);
#831 = ORIENTED_EDGE('',*,*,#832,.F.);
#832 = EDGE_CURVE('',#480,#145,#833,.T.);
#833 = LINE('',#834,#835);
#834 = CARTESIAN_POINT('',(8.365381056767,89.,49.025163399856));
#835 = VECTOR('',#836,1.);
#836 = DIRECTION('',(0.5,0.,0.866025403784));
#837 = FACE_BOUND('',#838,.F.);
#838 = EDGE_LOOP('',(#839));
#839 = ORIENTED_EDGE('',*,*,#840,.F.);
#840 = EDGE_CURVE('',#841,#841,#843,.T.);
#841 = VERTEX_POINT('',#842);
#842 = CARTESIAN_POINT('',(16.793584287042,134.5,63.623239611209));
#843 = CIRCLE('',#844,4.5);
#844 = AXIS2_PLACEMENT_3D('',#845,#846,#847);
#845 = CARTESIAN_POINT('',(19.043584287042,134.5,67.520353928239));
#846 = DIRECTION('',(-0.866025403784,0.,0.5));
#847 = DIRECTION('',(-0.5,0.,-0.866025403784));
#848 = FACE_BOUND('',#849,.F.);
#849 = EDGE_LOOP('',(#850));
#850 = ORIENTED_EDGE('',*,*,#851,.F.);
#851 = EDGE_CURVE('',#852,#852,#854,.T.);
#852 = VERTEX_POINT('',#853);
#853 = CARTESIAN_POINT('',(-2.956415712958,134.5,29.415236161724));
#854 = CIRCLE('',#855,4.5);
#855 = AXIS2_PLACEMENT_3D('',#856,#857,#858);
#856 = CARTESIAN_POINT('',(-0.706415712958,134.5,33.312350478754));
#857 = DIRECTION('',(-0.866025403784,0.,0.5));
#858 = DIRECTION('',(-0.5,0.,-0.866025403784));
#859 = FACE_BOUND('',#860,.F.);
#860 = EDGE_LOOP('',(#861));
#861 = ORIENTED_EDGE('',*,*,#862,.F.);
#862 = EDGE_CURVE('',#863,#863,#865,.T.);
#863 = VERTEX_POINT('',#864);
#864 = CARTESIAN_POINT('',(16.793584287042,95.,63.62323961121));
#865 = CIRCLE('',#866,4.5);
#866 = AXIS2_PLACEMENT_3D('',#867,#868,#869);
#867 = CARTESIAN_POINT('',(19.043584287042,95.,67.520353928239));
#868 = DIRECTION('',(-0.866025403784,0.,0.5));
#869 = DIRECTION('',(-0.5,0.,-0.866025403784));
#870 = FACE_BOUND('',#871,.F.);
#871 = EDGE_LOOP('',(#872));
#872 = ORIENTED_EDGE('',*,*,#873,.F.);
#873 = EDGE_CURVE('',#874,#874,#876,.T.);
#874 = VERTEX_POINT('',#875);
#875 = CARTESIAN_POINT('',(-2.956415712958,95.,29.415236161724));
#876 = CIRCLE('',#877,4.5);
#877 = AXIS2_PLACEMENT_3D('',#878,#879,#880);
#878 = CARTESIAN_POINT('',(-0.706415712958,95.,33.312350478754));
#879 = DIRECTION('',(-0.866025403784,0.,0.5));
#880 = DIRECTION('',(-0.5,0.,-0.866025403784));
#881 = PLANE('',#882);
#882 = AXIS2_PLACEMENT_3D('',#883,#884,#885);
#883 = CARTESIAN_POINT('',(9.168584287042,114.75,50.416352203497));
#884 = DIRECTION('',(-0.866025403784,0.,0.5));
#885 = DIRECTION('',(-0.5,0.,-0.866025403784));
#886 = ADVANCED_FACE('',(#887),#909,.F.);
#887 = FACE_BOUND('',#888,.F.);
#888 = EDGE_LOOP('',(#889,#890,#891,#892,#893,#902));
#889 = ORIENTED_EDGE('',*,*,#606,.F.);
#890 = ORIENTED_EDGE('',*,*,#184,.F.);
#891 = ORIENTED_EDGE('',*,*,#193,.F.);
#892 = ORIENTED_EDGE('',*,*,#716,.F.);
#893 = ORIENTED_EDGE('',*,*,#894,.T.);
#894 = EDGE_CURVE('',#709,#895,#897,.T.);
#895 = VERTEX_POINT('',#896);
#896 = CARTESIAN_POINT('',(16.3,135.,58.15));
#897 = CIRCLE('',#898,1.8);
#898 = AXIS2_PLACEMENT_3D('',#899,#900,#901);
#899 = CARTESIAN_POINT('',(14.5,135.,58.15));
#900 = DIRECTION('',(0.,0.,1.));
#901 = DIRECTION('',(1.,0.,0.));
#902 = ORIENTED_EDGE('',*,*,#903,.T.);
#903 = EDGE_CURVE('',#895,#607,#904,.T.);
#904 = CIRCLE('',#905,1.8);
#905 = AXIS2_PLACEMENT_3D('',#906,#907,#908);
#906 = CARTESIAN_POINT('',(14.5,135.,58.15));
#907 = DIRECTION('',(0.,0.,1.));
#908 = DIRECTION('',(1.,0.,0.));
#909 = CYLINDRICAL_SURFACE('',#910,1.8);
#910 = AXIS2_PLACEMENT_3D('',#911,#912,#913);
#911 = CARTESIAN_POINT('',(14.5,135.,58.));
#912 = DIRECTION('',(0.,0.,1.));
#913 = DIRECTION('',(1.,0.,0.));
#914 = ADVANCED_FACE('',(#915),#933,.T.);
#915 = FACE_BOUND('',#916,.T.);
#916 = EDGE_LOOP('',(#917,#925,#926,#927));
#917 = ORIENTED_EDGE('',*,*,#918,.F.);
#918 = EDGE_CURVE('',#592,#919,#921,.T.);
#919 = VERTEX_POINT('',#920);
#920 = CARTESIAN_POINT('',(19.,140.5,52.));
#921 = LINE('',#922,#923);
#922 = CARTESIAN_POINT('',(0.,140.5,52.));
#923 = VECTOR('',#924,1.);
#924 = DIRECTION('',(1.,0.,0.));
#925 = ORIENTED_EDGE('',*,*,#599,.T.);
#926 = ORIENTED_EDGE('',*,*,#168,.T.);
#927 = ORIENTED_EDGE('',*,*,#928,.F.);
#928 = EDGE_CURVE('',#919,#161,#929,.T.);
#929 = LINE('',#930,#931);
#930 = CARTESIAN_POINT('',(19.,140.5,52.));
#931 = VECTOR('',#932,1.);
#932 = DIRECTION('',(0.,0.,1.));
#933 = PLANE('',#934);
#934 = AXIS2_PLACEMENT_3D('',#935,#936,#937);
#935 = CARTESIAN_POINT('',(0.,140.5,52.));
#936 = DIRECTION('',(0.,1.,0.));
#937 = DIRECTION('',(0.,0.,1.));
#938 = ADVANCED_FACE('',(#939),#1021,.T.);
#939 = FACE_BOUND('',#940,.T.);
#940 = EDGE_LOOP('',(#941,#942,#943,#951,#959,#967,#975,#983,#991,#999,
    #1007,#1015));
#941 = ORIENTED_EDGE('',*,*,#928,.T.);
#942 = ORIENTED_EDGE('',*,*,#160,.F.);
#943 = ORIENTED_EDGE('',*,*,#944,.F.);
#944 = EDGE_CURVE('',#945,#153,#947,.T.);
#945 = VERTEX_POINT('',#946);
#946 = CARTESIAN_POINT('',(19.,89.,52.));
#947 = LINE('',#948,#949);
#948 = CARTESIAN_POINT('',(19.,89.,52.));
#949 = VECTOR('',#950,1.);
#950 = DIRECTION('',(0.,0.,1.));
#951 = ORIENTED_EDGE('',*,*,#952,.T.);
#952 = EDGE_CURVE('',#945,#953,#955,.T.);
#953 = VERTEX_POINT('',#954);
#954 = CARTESIAN_POINT('',(19.,93.060928057033,52.));
#955 = LINE('',#956,#957);
#956 = CARTESIAN_POINT('',(19.,89.,52.));
#957 = VECTOR('',#958,1.);
#958 = DIRECTION('',(0.,1.,0.));
#959 = ORIENTED_EDGE('',*,*,#960,.T.);
#960 = EDGE_CURVE('',#953,#961,#963,.T.);
#961 = VERTEX_POINT('',#962);
#962 = CARTESIAN_POINT('',(19.,93.060928057033,58.15));
#963 = LINE('',#964,#965);
#964 = CARTESIAN_POINT('',(19.,93.060928057033,51.95));
#965 = VECTOR('',#966,1.);
#966 = DIRECTION('',(0.,0.,1.));
#967 = ORIENTED_EDGE('',*,*,#968,.F.);
#968 = EDGE_CURVE('',#969,#961,#971,.T.);
#969 = VERTEX_POINT('',#970);
#970 = CARTESIAN_POINT('',(19.,96.939071942967,58.15));
#971 = LINE('',#972,#973);
#972 = CARTESIAN_POINT('',(19.,92.,58.15));
#973 = VECTOR('',#974,1.);
#974 = DIRECTION('',(0.,-1.,0.));
#975 = ORIENTED_EDGE('',*,*,#976,.F.);
#976 = EDGE_CURVE('',#977,#969,#979,.T.);
#977 = VERTEX_POINT('',#978);
#978 = CARTESIAN_POINT('',(19.,96.939071942967,52.));
#979 = LINE('',#980,#981);
#980 = CARTESIAN_POINT('',(19.,96.939071942967,51.95));
#981 = VECTOR('',#982,1.);
#982 = DIRECTION('',(0.,0.,1.));
#983 = ORIENTED_EDGE('',*,*,#984,.T.);
#984 = EDGE_CURVE('',#977,#985,#987,.T.);
#985 = VERTEX_POINT('',#986);
#986 = CARTESIAN_POINT('',(19.,133.06092805703,52.));
#987 = LINE('',#988,#989);
#988 = CARTESIAN_POINT('',(19.,89.,52.));
#989 = VECTOR('',#990,1.);
#990 = DIRECTION('',(0.,1.,0.));
#991 = ORIENTED_EDGE('',*,*,#992,.T.);
#992 = EDGE_CURVE('',#985,#993,#995,.T.);
#993 = VERTEX_POINT('',#994);
#994 = CARTESIAN_POINT('',(19.,133.06092805703,58.15));
#995 = LINE('',#996,#997);
#996 = CARTESIAN_POINT('',(19.,133.06092805703,51.95));
#997 = VECTOR('',#998,1.);
#998 = DIRECTION('',(0.,0.,1.));
#999 = ORIENTED_EDGE('',*,*,#1000,.F.);
#1000 = EDGE_CURVE('',#1001,#993,#1003,.T.);
#1001 = VERTEX_POINT('',#1002);
#1002 = CARTESIAN_POINT('',(19.,136.93907194296,58.15));
#1003 = LINE('',#1004,#1005);
#1004 = CARTESIAN_POINT('',(19.,112.,58.15));
#1005 = VECTOR('',#1006,1.);
#1006 = DIRECTION('',(0.,-1.,0.));
#1007 = ORIENTED_EDGE('',*,*,#1008,.F.);
#1008 = EDGE_CURVE('',#1009,#1001,#1011,.T.);
#1009 = VERTEX_POINT('',#1010);
#1010 = CARTESIAN_POINT('',(19.,136.93907194296,52.));
#1011 = LINE('',#1012,#1013);
#1012 = CARTESIAN_POINT('',(19.,136.93907194296,51.95));
#1013 = VECTOR('',#1014,1.);
#1014 = DIRECTION('',(0.,0.,1.));
#1015 = ORIENTED_EDGE('',*,*,#1016,.T.);
#1016 = EDGE_CURVE('',#1009,#919,#1017,.T.);
#1017 = LINE('',#1018,#1019);
#1018 = CARTESIAN_POINT('',(19.,89.,52.));
#1019 = VECTOR('',#1020,1.);
#1020 = DIRECTION('',(0.,1.,0.));
#1021 = PLANE('',#1022);
#1022 = AXIS2_PLACEMENT_3D('',#1023,#1024,#1025);
#1023 = CARTESIAN_POINT('',(19.,89.,52.));
#1024 = DIRECTION('',(1.,0.,0.));
#1025 = DIRECTION('',(0.,0.,1.));
#1026 = ADVANCED_FACE('',(#1027),#1038,.F.);
#1027 = FACE_BOUND('',#1028,.F.);
#1028 = EDGE_LOOP('',(#1029,#1035,#1036,#1037));
#1029 = ORIENTED_EDGE('',*,*,#1030,.F.);
#1030 = EDGE_CURVE('',#480,#945,#1031,.T.);
#1031 = LINE('',#1032,#1033);
#1032 = CARTESIAN_POINT('',(0.,89.,52.));
#1033 = VECTOR('',#1034,1.);
#1034 = DIRECTION('',(1.,0.,0.));
#1035 = ORIENTED_EDGE('',*,*,#832,.T.);
#1036 = ORIENTED_EDGE('',*,*,#152,.T.);
#1037 = ORIENTED_EDGE('',*,*,#944,.F.);
#1038 = PLANE('',#1039);
#1039 = AXIS2_PLACEMENT_3D('',#1040,#1041,#1042);
#1040 = CARTESIAN_POINT('',(0.,89.,52.));
#1041 = DIRECTION('',(0.,1.,0.));
#1042 = DIRECTION('',(0.,0.,1.));
#1043 = ADVANCED_FACE('',(#1044),#1066,.F.);
#1044 = FACE_BOUND('',#1045,.F.);
#1045 = EDGE_LOOP('',(#1046,#1047,#1048,#1049,#1050,#1059));
#1046 = ORIENTED_EDGE('',*,*,#740,.F.);
#1047 = ORIENTED_EDGE('',*,*,#126,.F.);
#1048 = ORIENTED_EDGE('',*,*,#135,.F.);
#1049 = ORIENTED_EDGE('',*,*,#824,.F.);
#1050 = ORIENTED_EDGE('',*,*,#1051,.T.);
#1051 = EDGE_CURVE('',#817,#1052,#1054,.T.);
#1052 = VERTEX_POINT('',#1053);
#1053 = CARTESIAN_POINT('',(16.3,95.,58.15));
#1054 = CIRCLE('',#1055,1.8);
#1055 = AXIS2_PLACEMENT_3D('',#1056,#1057,#1058);
#1056 = CARTESIAN_POINT('',(14.5,95.,58.15));
#1057 = DIRECTION('',(0.,0.,1.));
#1058 = DIRECTION('',(1.,0.,0.));
#1059 = ORIENTED_EDGE('',*,*,#1060,.T.);
#1060 = EDGE_CURVE('',#1052,#741,#1061,.T.);
#1061 = CIRCLE('',#1062,1.8);
#1062 = AXIS2_PLACEMENT_3D('',#1063,#1064,#1065);
#1063 = CARTESIAN_POINT('',(14.5,95.,58.15));
#1064 = DIRECTION('',(0.,0.,1.));
#1065 = DIRECTION('',(1.,0.,0.));
#1066 = CYLINDRICAL_SURFACE('',#1067,1.8);
#1067 = AXIS2_PLACEMENT_3D('',#1068,#1069,#1070);
#1068 = CARTESIAN_POINT('',(14.5,95.,58.));
#1069 = DIRECTION('',(0.,0.,1.));
#1070 = DIRECTION('',(1.,0.,0.));
#1071 = ADVANCED_FACE('',(#1072),#1083,.T.);
#1072 = FACE_BOUND('',#1073,.T.);
#1073 = EDGE_LOOP('',(#1074,#1080,#1081,#1082));
#1074 = ORIENTED_EDGE('',*,*,#1075,.F.);
#1075 = EDGE_CURVE('',#726,#380,#1076,.T.);
#1076 = LINE('',#1077,#1078);
#1077 = CARTESIAN_POINT('',(17.284609690827,99.,62.473720558371));
#1078 = VECTOR('',#1079,1.);
#1079 = DIRECTION('',(-0.866025403784,0.,0.5));
#1080 = ORIENTED_EDGE('',*,*,#733,.T.);
#1081 = ORIENTED_EDGE('',*,*,#110,.T.);
#1082 = ORIENTED_EDGE('',*,*,#387,.F.);
#1083 = PLANE('',#1084);
#1084 = AXIS2_PLACEMENT_3D('',#1085,#1086,#1087);
#1085 = CARTESIAN_POINT('',(2.784609690827,99.,37.358983848622));
#1086 = DIRECTION('',(0.,1.,0.));
#1087 = DIRECTION('',(0.5,0.,0.866025403784));
#1088 = ADVANCED_FACE('',(#1089),#1115,.F.);
#1089 = FACE_BOUND('',#1090,.F.);
#1090 = EDGE_LOOP('',(#1091,#1100,#1106,#1107,#1114));
#1091 = ORIENTED_EDGE('',*,*,#1092,.F.);
#1092 = EDGE_CURVE('',#1093,#993,#1095,.T.);
#1093 = VERTEX_POINT('',#1094);
#1094 = CARTESIAN_POINT('',(12.560928057033,130.5,58.15));
#1095 = CIRCLE('',#1096,4.9);
#1096 = AXIS2_PLACEMENT_3D('',#1097,#1098,#1099);
#1097 = CARTESIAN_POINT('',(14.5,135.,58.15));
#1098 = DIRECTION('',(0.,0.,1.));
#1099 = DIRECTION('',(1.,0.,0.));
#1100 = ORIENTED_EDGE('',*,*,#1101,.F.);
#1101 = EDGE_CURVE('',#692,#1093,#1102,.T.);
#1102 = LINE('',#1103,#1104);
#1103 = CARTESIAN_POINT('',(12.560928057033,130.5,51.95));
#1104 = VECTOR('',#1105,1.);
#1105 = DIRECTION('',(0.,0.,1.));
#1106 = ORIENTED_EDGE('',*,*,#691,.F.);
#1107 = ORIENTED_EDGE('',*,*,#1108,.T.);
#1108 = EDGE_CURVE('',#684,#985,#1109,.T.);
#1109 = CIRCLE('',#1110,4.9);
#1110 = AXIS2_PLACEMENT_3D('',#1111,#1112,#1113);
#1111 = CARTESIAN_POINT('',(14.5,135.,52.));
#1112 = DIRECTION('',(0.,0.,1.));
#1113 = DIRECTION('',(1.,0.,0.));
#1114 = ORIENTED_EDGE('',*,*,#992,.T.);
#1115 = CYLINDRICAL_SURFACE('',#1116,4.9);
#1116 = AXIS2_PLACEMENT_3D('',#1117,#1118,#1119);
#1117 = CARTESIAN_POINT('',(14.5,135.,51.95));
#1118 = DIRECTION('',(0.,0.,1.));
#1119 = DIRECTION('',(1.,0.,0.));
#1120 = ADVANCED_FACE('',(#1121),#1157,.F.);
#1121 = FACE_BOUND('',#1122,.F.);
#1122 = EDGE_LOOP('',(#1123,#1132,#1133,#1142,#1151));
#1123 = ORIENTED_EDGE('',*,*,#1124,.F.);
#1124 = EDGE_CURVE('',#969,#1125,#1127,.T.);
#1125 = VERTEX_POINT('',#1126);
#1126 = CARTESIAN_POINT('',(11.669805660383,99.,58.15));
#1127 = CIRCLE('',#1128,4.9);
#1128 = AXIS2_PLACEMENT_3D('',#1129,#1130,#1131);
#1129 = CARTESIAN_POINT('',(14.5,95.,58.15));
#1130 = DIRECTION('',(0.,0.,1.));
#1131 = DIRECTION('',(1.,0.,0.));
#1132 = ORIENTED_EDGE('',*,*,#976,.F.);
#1133 = ORIENTED_EDGE('',*,*,#1134,.T.);
#1134 = EDGE_CURVE('',#977,#1135,#1137,.T.);
#1135 = VERTEX_POINT('',#1136);
#1136 = CARTESIAN_POINT('',(10.082903768655,97.121146124866,52.));
#1137 = CIRCLE('',#1138,4.9);
#1138 = AXIS2_PLACEMENT_3D('',#1139,#1140,#1141);
#1139 = CARTESIAN_POINT('',(14.5,95.,52.));
#1140 = DIRECTION('',(0.,0.,1.));
#1141 = DIRECTION('',(1.,0.,0.));
#1142 = ORIENTED_EDGE('',*,*,#1143,.F.);
#1143 = EDGE_CURVE('',#1144,#1135,#1146,.T.);
#1144 = VERTEX_POINT('',#1145);
#1145 = CARTESIAN_POINT('',(11.669805660383,99.,54.7485947031));
#1146 = ELLIPSE('',#1147,9.8,4.9);
#1147 = AXIS2_PLACEMENT_3D('',#1148,#1149,#1150);
#1148 = CARTESIAN_POINT('',(14.5,95.,59.650635094611));
#1149 = DIRECTION('',(-0.866025403784,0.,0.5));
#1150 = DIRECTION('',(0.5,0.,0.866025403784));
#1151 = ORIENTED_EDGE('',*,*,#1152,.T.);
#1152 = EDGE_CURVE('',#1144,#1125,#1153,.T.);
#1153 = LINE('',#1154,#1155);
#1154 = CARTESIAN_POINT('',(11.669805660383,99.,51.95));
#1155 = VECTOR('',#1156,1.);
#1156 = DIRECTION('',(0.,0.,1.));
#1157 = CYLINDRICAL_SURFACE('',#1158,4.9);
#1158 = AXIS2_PLACEMENT_3D('',#1159,#1160,#1161);
#1159 = CARTESIAN_POINT('',(14.5,95.,51.95));
#1160 = DIRECTION('',(0.,0.,1.));
#1161 = DIRECTION('',(1.,0.,0.));
#1162 = ADVANCED_FACE('',(#1163),#1179,.F.);
#1163 = FACE_BOUND('',#1164,.F.);
#1164 = EDGE_LOOP('',(#1165,#1166,#1172,#1173));
#1165 = ORIENTED_EDGE('',*,*,#487,.F.);
#1166 = ORIENTED_EDGE('',*,*,#1167,.F.);
#1167 = EDGE_CURVE('',#257,#478,#1168,.T.);
#1168 = LINE('',#1169,#1170);
#1169 = CARTESIAN_POINT('',(17.459292143521,88.,52.));
#1170 = VECTOR('',#1171,1.);
#1171 = DIRECTION('',(1.,0.,0.));
#1172 = ORIENTED_EDGE('',*,*,#256,.T.);
#1173 = ORIENTED_EDGE('',*,*,#1174,.F.);
#1174 = EDGE_CURVE('',#488,#259,#1175,.T.);
#1175 = LINE('',#1176,#1177);
#1176 = CARTESIAN_POINT('',(22.918584287042,88.,74.232050807569));
#1177 = VECTOR('',#1178,1.);
#1178 = DIRECTION('',(-0.866025403784,0.,0.5));
#1179 = PLANE('',#1180);
#1180 = AXIS2_PLACEMENT_3D('',#1181,#1182,#1183);
#1181 = CARTESIAN_POINT('',(-4.581415712958,88.,26.600653599425));
#1182 = DIRECTION('',(0.,1.,0.));
#1183 = DIRECTION('',(0.5,0.,0.866025403784));
#1184 = ADVANCED_FACE('',(#1185),#1196,.F.);
#1185 = FACE_BOUND('',#1186,.F.);
#1186 = EDGE_LOOP('',(#1187,#1188,#1189,#1195));
#1187 = ORIENTED_EDGE('',*,*,#1174,.T.);
#1188 = ORIENTED_EDGE('',*,*,#266,.T.);
#1189 = ORIENTED_EDGE('',*,*,#1190,.F.);
#1190 = EDGE_CURVE('',#496,#267,#1191,.T.);
#1191 = LINE('',#1192,#1193);
#1192 = CARTESIAN_POINT('',(22.918584287042,141.5,74.232050807569));
#1193 = VECTOR('',#1194,1.);
#1194 = DIRECTION('',(-0.866025403784,0.,0.5));
#1195 = ORIENTED_EDGE('',*,*,#495,.F.);
#1196 = PLANE('',#1197);
#1197 = AXIS2_PLACEMENT_3D('',#1198,#1199,#1200);
#1198 = CARTESIAN_POINT('',(22.918584287042,88.,74.232050807569));
#1199 = DIRECTION('',(-0.5,-3.320293157757E-17,-0.866025403784));
#1200 = DIRECTION('',(-6.640586315515E-17,1.,0.));
#1201 = ADVANCED_FACE('',(#1202),#1213,.F.);
#1202 = FACE_BOUND('',#1203,.F.);
#1203 = EDGE_LOOP('',(#1204,#1205,#1206,#1212));
#1204 = ORIENTED_EDGE('',*,*,#1190,.T.);
#1205 = ORIENTED_EDGE('',*,*,#274,.T.);
#1206 = ORIENTED_EDGE('',*,*,#1207,.F.);
#1207 = EDGE_CURVE('',#504,#275,#1208,.T.);
#1208 = LINE('',#1209,#1210);
#1209 = CARTESIAN_POINT('',(-4.581415712958,141.5,26.600653599425));
#1210 = VECTOR('',#1211,1.);
#1211 = DIRECTION('',(-0.866025403784,0.,0.5));
#1212 = ORIENTED_EDGE('',*,*,#503,.F.);
#1213 = PLANE('',#1214);
#1214 = AXIS2_PLACEMENT_3D('',#1215,#1216,#1217);
#1215 = CARTESIAN_POINT('',(22.918584287042,141.5,74.232050807569));
#1216 = DIRECTION('',(0.,-1.,0.));
#1217 = DIRECTION('',(-0.5,0.,-0.866025403784));
#1218 = ADVANCED_FACE('',(#1219),#1230,.F.);
#1219 = FACE_BOUND('',#1220,.F.);
#1220 = EDGE_LOOP('',(#1221,#1222,#1223,#1229));
#1221 = ORIENTED_EDGE('',*,*,#1207,.T.);
#1222 = ORIENTED_EDGE('',*,*,#282,.T.);
#1223 = ORIENTED_EDGE('',*,*,#1224,.F.);
#1224 = EDGE_CURVE('',#512,#283,#1225,.T.);
#1225 = LINE('',#1226,#1227);
#1226 = CARTESIAN_POINT('',(-4.581415712958,88.,26.600653599425));
#1227 = VECTOR('',#1228,1.);
#1228 = DIRECTION('',(-0.866025403784,0.,0.5));
#1229 = ORIENTED_EDGE('',*,*,#511,.F.);
#1230 = PLANE('',#1231);
#1231 = AXIS2_PLACEMENT_3D('',#1232,#1233,#1234);
#1232 = CARTESIAN_POINT('',(-4.581415712958,141.5,26.600653599425));
#1233 = DIRECTION('',(0.5,0.,0.866025403784));
#1234 = DIRECTION('',(0.,-1.,0.));
#1235 = ADVANCED_FACE('',(#1236),#1255,.F.);
#1236 = FACE_BOUND('',#1237,.F.);
#1237 = EDGE_LOOP('',(#1238,#1239,#1240,#1241,#1249));
#1238 = ORIENTED_EDGE('',*,*,#519,.F.);
#1239 = ORIENTED_EDGE('',*,*,#1224,.T.);
#1240 = ORIENTED_EDGE('',*,*,#290,.T.);
#1241 = ORIENTED_EDGE('',*,*,#1242,.T.);
#1242 = EDGE_CURVE('',#291,#1243,#1245,.T.);
#1243 = VERTEX_POINT('',#1244);
#1244 = CARTESIAN_POINT('',(6.,88.,48.));
#1245 = LINE('',#1246,#1247);
#1246 = CARTESIAN_POINT('',(17.459292143521,88.,48.));
#1247 = VECTOR('',#1248,1.);
#1248 = DIRECTION('',(1.,0.,0.));
#1249 = ORIENTED_EDGE('',*,*,#1250,.T.);
#1250 = EDGE_CURVE('',#1243,#520,#1251,.T.);
#1251 = LINE('',#1252,#1253);
#1252 = CARTESIAN_POINT('',(6.,88.,28.759375932234));
#1253 = VECTOR('',#1254,1.);
#1254 = DIRECTION('',(-7.8E-16,0.,-1.));
#1255 = PLANE('',#1256);
#1256 = AXIS2_PLACEMENT_3D('',#1257,#1258,#1259);
#1257 = CARTESIAN_POINT('',(-4.581415712958,88.,26.600653599425));
#1258 = DIRECTION('',(0.,1.,0.));
#1259 = DIRECTION('',(0.5,0.,0.866025403784));
#1260 = ADVANCED_FACE('',(#1261),#1267,.T.);
#1261 = FACE_BOUND('',#1262,.T.);
#1262 = EDGE_LOOP('',(#1263,#1264,#1265,#1266));
#1263 = ORIENTED_EDGE('',*,*,#725,.T.);
#1264 = ORIENTED_EDGE('',*,*,#1075,.T.);
#1265 = ORIENTED_EDGE('',*,*,#379,.F.);
#1266 = ORIENTED_EDGE('',*,*,#463,.F.);
#1267 = PLANE('',#1268);
#1268 = AXIS2_PLACEMENT_3D('',#1269,#1270,#1271);
#1269 = CARTESIAN_POINT('',(17.284609690827,99.,62.473720558371));
#1270 = DIRECTION('',(-0.5,0.,-0.866025403784));
#1271 = DIRECTION('',(0.,1.,0.));
#1272 = ADVANCED_FACE('',(#1273),#1307,.T.);
#1273 = FACE_BOUND('',#1274,.T.);
#1274 = EDGE_LOOP('',(#1275,#1285,#1291,#1292,#1293,#1301));
#1275 = ORIENTED_EDGE('',*,*,#1276,.T.);
#1276 = EDGE_CURVE('',#1277,#1279,#1281,.T.);
#1277 = VERTEX_POINT('',#1278);
#1278 = CARTESIAN_POINT('',(0.,99.,48.));
#1279 = VERTEX_POINT('',#1280);
#1280 = CARTESIAN_POINT('',(0.,89.,48.));
#1281 = LINE('',#1282,#1283);
#1282 = CARTESIAN_POINT('',(0.,134.,48.));
#1283 = VECTOR('',#1284,1.);
#1284 = DIRECTION('',(0.,-1.,0.));
#1285 = ORIENTED_EDGE('',*,*,#1286,.T.);
#1286 = EDGE_CURVE('',#1279,#299,#1287,.T.);
#1287 = LINE('',#1288,#1289);
#1288 = CARTESIAN_POINT('',(0.,89.,48.));
#1289 = VECTOR('',#1290,1.);
#1290 = DIRECTION('',(-1.,0.,0.));
#1291 = ORIENTED_EDGE('',*,*,#298,.F.);
#1292 = ORIENTED_EDGE('',*,*,#1242,.T.);
#1293 = ORIENTED_EDGE('',*,*,#1294,.F.);
#1294 = EDGE_CURVE('',#1295,#1243,#1297,.T.);
#1295 = VERTEX_POINT('',#1296);
#1296 = CARTESIAN_POINT('',(6.,99.,48.));
#1297 = LINE('',#1298,#1299);
#1298 = CARTESIAN_POINT('',(6.,135.,48.));
#1299 = VECTOR('',#1300,1.);
#1300 = DIRECTION('',(2.33E-15,-1.,1.67E-15));
#1301 = ORIENTED_EDGE('',*,*,#1302,.F.);
#1302 = EDGE_CURVE('',#1277,#1295,#1303,.T.);
#1303 = LINE('',#1304,#1305);
#1304 = CARTESIAN_POINT('',(21.142304845413,99.,48.));
#1305 = VECTOR('',#1306,1.);
#1306 = DIRECTION('',(1.,0.,0.));
#1307 = PLANE('',#1308);
#1308 = AXIS2_PLACEMENT_3D('',#1309,#1310,#1311);
#1309 = CARTESIAN_POINT('',(39.5,69.30338962356,48.));
#1310 = DIRECTION('',(0.,0.,1.));
#1311 = DIRECTION('',(1.,0.,0.));
#1312 = ADVANCED_FACE('',(#1313),#1323,.T.);
#1313 = FACE_BOUND('',#1314,.T.);
#1314 = EDGE_LOOP('',(#1315,#1316,#1322));
#1315 = ORIENTED_EDGE('',*,*,#1286,.F.);
#1316 = ORIENTED_EDGE('',*,*,#1317,.T.);
#1317 = EDGE_CURVE('',#1279,#307,#1318,.T.);
#1318 = LINE('',#1319,#1320);
#1319 = CARTESIAN_POINT('',(0.,89.,48.));
#1320 = VECTOR('',#1321,1.);
#1321 = DIRECTION('',(0.,0.,1.));
#1322 = ORIENTED_EDGE('',*,*,#306,.F.);
#1323 = PLANE('',#1324);
#1324 = AXIS2_PLACEMENT_3D('',#1325,#1326,#1327);
#1325 = CARTESIAN_POINT('',(0.,89.,48.));
#1326 = DIRECTION('',(0.,-1.,0.));
#1327 = DIRECTION('',(-1.,0.,0.));
#1328 = ADVANCED_FACE('',(#1329),#1340,.T.);
#1329 = FACE_BOUND('',#1330,.T.);
#1330 = EDGE_LOOP('',(#1331,#1332,#1338,#1339));
#1331 = ORIENTED_EDGE('',*,*,#1276,.F.);
#1332 = ORIENTED_EDGE('',*,*,#1333,.F.);
#1333 = EDGE_CURVE('',#315,#1277,#1334,.T.);
#1334 = LINE('',#1335,#1336);
#1335 = CARTESIAN_POINT('',(0.,99.,42.679491924311));
#1336 = VECTOR('',#1337,1.);
#1337 = DIRECTION('',(0.,0.,-1.));
#1338 = ORIENTED_EDGE('',*,*,#314,.F.);
#1339 = ORIENTED_EDGE('',*,*,#1317,.F.);
#1340 = PLANE('',#1341);
#1341 = AXIS2_PLACEMENT_3D('',#1342,#1343,#1344);
#1342 = CARTESIAN_POINT('',(0.,134.,48.));
#1343 = DIRECTION('',(1.,0.,0.));
#1344 = DIRECTION('',(0.,-1.,0.));
#1345 = ADVANCED_FACE('',(#1346),#1364,.T.);
#1346 = FACE_BOUND('',#1347,.T.);
#1347 = EDGE_LOOP('',(#1348,#1349,#1350,#1351,#1357,#1358));
#1348 = ORIENTED_EDGE('',*,*,#322,.F.);
#1349 = ORIENTED_EDGE('',*,*,#1333,.T.);
#1350 = ORIENTED_EDGE('',*,*,#1302,.T.);
#1351 = ORIENTED_EDGE('',*,*,#1352,.T.);
#1352 = EDGE_CURVE('',#1295,#528,#1353,.T.);
#1353 = LINE('',#1354,#1355);
#1354 = CARTESIAN_POINT('',(6.,99.,34.138541056833));
#1355 = VECTOR('',#1356,1.);
#1356 = DIRECTION('',(-7.8E-16,0.,-1.));
#1357 = ORIENTED_EDGE('',*,*,#535,.T.);
#1358 = ORIENTED_EDGE('',*,*,#1359,.T.);
#1359 = EDGE_CURVE('',#536,#323,#1360,.T.);
#1360 = LINE('',#1361,#1362);
#1361 = CARTESIAN_POINT('',(2.784609690827,99.,37.358983848622));
#1362 = VECTOR('',#1363,1.);
#1363 = DIRECTION('',(-0.866025403784,0.,0.5));
#1364 = PLANE('',#1365);
#1365 = AXIS2_PLACEMENT_3D('',#1366,#1367,#1368);
#1366 = CARTESIAN_POINT('',(2.784609690827,99.,37.358983848622));
#1367 = DIRECTION('',(0.,1.,0.));
#1368 = DIRECTION('',(0.5,0.,0.866025403784));
#1369 = ADVANCED_FACE('',(#1370),#1381,.T.);
#1370 = FACE_BOUND('',#1371,.T.);
#1371 = EDGE_LOOP('',(#1372,#1373,#1379,#1380));
#1372 = ORIENTED_EDGE('',*,*,#543,.T.);
#1373 = ORIENTED_EDGE('',*,*,#1374,.T.);
#1374 = EDGE_CURVE('',#544,#331,#1375,.T.);
#1375 = LINE('',#1376,#1377);
#1376 = CARTESIAN_POINT('',(2.784609690827,130.5,37.358983848622));
#1377 = VECTOR('',#1378,1.);
#1378 = DIRECTION('',(-0.866025403784,0.,0.5));
#1379 = ORIENTED_EDGE('',*,*,#330,.F.);
#1380 = ORIENTED_EDGE('',*,*,#1359,.F.);
#1381 = PLANE('',#1382);
#1382 = AXIS2_PLACEMENT_3D('',#1383,#1384,#1385);
#1383 = CARTESIAN_POINT('',(2.784609690827,130.5,37.358983848622));
#1384 = DIRECTION('',(0.5,0.,0.866025403784));
#1385 = DIRECTION('',(0.,-1.,0.));
#1386 = ADVANCED_FACE('',(#1387),#1422,.F.);
#1387 = FACE_BOUND('',#1388,.T.);
#1388 = EDGE_LOOP('',(#1389,#1400,#1408,#1415,#1416));
#1389 = ORIENTED_EDGE('',*,*,#1390,.F.);
#1390 = EDGE_CURVE('',#1391,#1393,#1395,.T.);
#1391 = VERTEX_POINT('',#1392);
#1392 = CARTESIAN_POINT('',(6.,140.,48.));
#1393 = VERTEX_POINT('',#1394);
#1394 = CARTESIAN_POINT('',(0.,134.,48.));
#1395 = CIRCLE('',#1396,6.);
#1396 = AXIS2_PLACEMENT_3D('',#1397,#1398,#1399);
#1397 = CARTESIAN_POINT('',(6.,134.,48.));
#1398 = DIRECTION('',(0.,0.,1.));
#1399 = DIRECTION('',(1.,0.,0.));
#1400 = ORIENTED_EDGE('',*,*,#1401,.T.);
#1401 = EDGE_CURVE('',#1391,#1402,#1404,.T.);
#1402 = VERTEX_POINT('',#1403);
#1403 = CARTESIAN_POINT('',(6.,140.,52.));
#1404 = LINE('',#1405,#1406);
#1405 = CARTESIAN_POINT('',(6.,140.,48.));
#1406 = VECTOR('',#1407,1.);
#1407 = DIRECTION('',(0.,0.,1.));
#1408 = ORIENTED_EDGE('',*,*,#1409,.T.);
#1409 = EDGE_CURVE('',#1402,#355,#1410,.T.);
#1410 = CIRCLE('',#1411,6.);
#1411 = AXIS2_PLACEMENT_3D('',#1412,#1413,#1414);
#1412 = CARTESIAN_POINT('',(6.,134.,52.));
#1413 = DIRECTION('',(0.,0.,1.));
#1414 = DIRECTION('',(1.,0.,0.));
#1415 = ORIENTED_EDGE('',*,*,#354,.T.);
#1416 = ORIENTED_EDGE('',*,*,#1417,.F.);
#1417 = EDGE_CURVE('',#1393,#347,#1418,.T.);
#1418 = LINE('',#1419,#1420);
#1419 = CARTESIAN_POINT('',(0.,134.,48.));
#1420 = VECTOR('',#1421,1.);
#1421 = DIRECTION('',(0.,0.,1.));
#1422 = CYLINDRICAL_SURFACE('',#1423,6.);
#1423 = AXIS2_PLACEMENT_3D('',#1424,#1425,#1426);
#1424 = CARTESIAN_POINT('',(6.,134.,48.));
#1425 = DIRECTION('',(-0.,-0.,-1.));
#1426 = DIRECTION('',(1.,0.,0.));
#1427 = ADVANCED_FACE('',(#1428),#1455,.T.);
#1428 = FACE_BOUND('',#1429,.T.);
#1429 = EDGE_LOOP('',(#1430,#1431,#1432,#1440,#1448,#1454));
#1430 = ORIENTED_EDGE('',*,*,#1374,.F.);
#1431 = ORIENTED_EDGE('',*,*,#551,.T.);
#1432 = ORIENTED_EDGE('',*,*,#1433,.T.);
#1433 = EDGE_CURVE('',#552,#1434,#1436,.T.);
#1434 = VERTEX_POINT('',#1435);
#1435 = CARTESIAN_POINT('',(6.,130.5,48.));
#1436 = LINE('',#1437,#1438);
#1437 = CARTESIAN_POINT('',(6.,130.5,46.695909411707));
#1438 = VECTOR('',#1439,1.);
#1439 = DIRECTION('',(7.8E-16,0.,1.));
#1440 = ORIENTED_EDGE('',*,*,#1441,.T.);
#1441 = EDGE_CURVE('',#1434,#1442,#1444,.T.);
#1442 = VERTEX_POINT('',#1443);
#1443 = CARTESIAN_POINT('',(0.,130.5,48.));
#1444 = LINE('',#1445,#1446);
#1445 = CARTESIAN_POINT('',(28.392304845413,130.5,48.));
#1446 = VECTOR('',#1447,1.);
#1447 = DIRECTION('',(-1.,0.,0.));
#1448 = ORIENTED_EDGE('',*,*,#1449,.T.);
#1449 = EDGE_CURVE('',#1442,#339,#1450,.T.);
#1450 = LINE('',#1451,#1452);
#1451 = CARTESIAN_POINT('',(0.,130.5,55.236860279186));
#1452 = VECTOR('',#1453,1.);
#1453 = DIRECTION('',(0.,0.,1.));
#1454 = ORIENTED_EDGE('',*,*,#338,.F.);
#1455 = PLANE('',#1456);
#1456 = AXIS2_PLACEMENT_3D('',#1457,#1458,#1459);
#1457 = CARTESIAN_POINT('',(17.284609690827,130.5,62.473720558371));
#1458 = DIRECTION('',(0.,-1.,0.));
#1459 = DIRECTION('',(-0.5,0.,-0.866025403784));
#1460 = ADVANCED_FACE('',(#1461),#1472,.T.);
#1461 = FACE_BOUND('',#1462,.T.);
#1462 = EDGE_LOOP('',(#1463,#1469,#1470,#1471));
#1463 = ORIENTED_EDGE('',*,*,#1464,.F.);
#1464 = EDGE_CURVE('',#1393,#1442,#1465,.T.);
#1465 = LINE('',#1466,#1467);
#1466 = CARTESIAN_POINT('',(0.,134.,48.));
#1467 = VECTOR('',#1468,1.);
#1468 = DIRECTION('',(0.,-1.,0.));
#1469 = ORIENTED_EDGE('',*,*,#1417,.T.);
#1470 = ORIENTED_EDGE('',*,*,#346,.F.);
#1471 = ORIENTED_EDGE('',*,*,#1449,.F.);
#1472 = PLANE('',#1473);
#1473 = AXIS2_PLACEMENT_3D('',#1474,#1475,#1476);
#1474 = CARTESIAN_POINT('',(0.,134.,48.));
#1475 = DIRECTION('',(1.,0.,0.));
#1476 = DIRECTION('',(0.,-1.,0.));
#1477 = ADVANCED_FACE('',(#1478),#1497,.F.);
#1478 = FACE_BOUND('',#1479,.F.);
#1479 = EDGE_LOOP('',(#1480,#1481,#1489,#1496));
#1480 = ORIENTED_EDGE('',*,*,#403,.F.);
#1481 = ORIENTED_EDGE('',*,*,#1482,.F.);
#1482 = EDGE_CURVE('',#1483,#404,#1485,.T.);
#1483 = VERTEX_POINT('',#1484);
#1484 = CARTESIAN_POINT('',(17.893584287042,134.5,65.528495499535));
#1485 = LINE('',#1486,#1487);
#1486 = CARTESIAN_POINT('',(17.893584287042,134.5,65.528495499535));
#1487 = VECTOR('',#1488,1.);
#1488 = DIRECTION('',(-0.866025403784,0.,0.5));
#1489 = ORIENTED_EDGE('',*,*,#1490,.T.);
#1490 = EDGE_CURVE('',#1483,#1483,#1491,.T.);
#1491 = CIRCLE('',#1492,2.3);
#1492 = AXIS2_PLACEMENT_3D('',#1493,#1494,#1495);
#1493 = CARTESIAN_POINT('',(19.043584287042,134.5,67.520353928239));
#1494 = DIRECTION('',(-0.866025403784,0.,0.5));
#1495 = DIRECTION('',(-0.5,0.,-0.866025403784));
#1496 = ORIENTED_EDGE('',*,*,#1482,.T.);
#1497 = CYLINDRICAL_SURFACE('',#1498,2.3);
#1498 = AXIS2_PLACEMENT_3D('',#1499,#1500,#1501);
#1499 = CARTESIAN_POINT('',(19.043584287042,134.5,67.520353928239));
#1500 = DIRECTION('',(-0.866025403784,0.,0.5));
#1501 = DIRECTION('',(-0.5,0.,-0.866025403784));
#1502 = ADVANCED_FACE('',(#1503),#1522,.F.);
#1503 = FACE_BOUND('',#1504,.F.);
#1504 = EDGE_LOOP('',(#1505,#1506,#1514,#1521));
#1505 = ORIENTED_EDGE('',*,*,#414,.F.);
#1506 = ORIENTED_EDGE('',*,*,#1507,.F.);
#1507 = EDGE_CURVE('',#1508,#415,#1510,.T.);
#1508 = VERTEX_POINT('',#1509);
#1509 = CARTESIAN_POINT('',(-1.856415712958,134.5,31.32049205005));
#1510 = LINE('',#1511,#1512);
#1511 = CARTESIAN_POINT('',(-1.856415712958,134.5,31.32049205005));
#1512 = VECTOR('',#1513,1.);
#1513 = DIRECTION('',(-0.866025403784,0.,0.5));
#1514 = ORIENTED_EDGE('',*,*,#1515,.T.);
#1515 = EDGE_CURVE('',#1508,#1508,#1516,.T.);
#1516 = CIRCLE('',#1517,2.3);
#1517 = AXIS2_PLACEMENT_3D('',#1518,#1519,#1520);
#1518 = CARTESIAN_POINT('',(-0.706415712958,134.5,33.312350478754));
#1519 = DIRECTION('',(-0.866025403784,0.,0.5));
#1520 = DIRECTION('',(-0.5,0.,-0.866025403784));
#1521 = ORIENTED_EDGE('',*,*,#1507,.T.);
#1522 = CYLINDRICAL_SURFACE('',#1523,2.3);
#1523 = AXIS2_PLACEMENT_3D('',#1524,#1525,#1526);
#1524 = CARTESIAN_POINT('',(-0.706415712958,134.5,33.312350478754));
#1525 = DIRECTION('',(-0.866025403784,0.,0.5));
#1526 = DIRECTION('',(-0.5,0.,-0.866025403784));
#1527 = ADVANCED_FACE('',(#1528),#1547,.F.);
#1528 = FACE_BOUND('',#1529,.F.);
#1529 = EDGE_LOOP('',(#1530,#1531,#1539,#1546));
#1530 = ORIENTED_EDGE('',*,*,#425,.F.);
#1531 = ORIENTED_EDGE('',*,*,#1532,.F.);
#1532 = EDGE_CURVE('',#1533,#426,#1535,.T.);
#1533 = VERTEX_POINT('',#1534);
#1534 = CARTESIAN_POINT('',(17.893584287042,95.,65.528495499535));
#1535 = LINE('',#1536,#1537);
#1536 = CARTESIAN_POINT('',(17.893584287042,95.,65.528495499535));
#1537 = VECTOR('',#1538,1.);
#1538 = DIRECTION('',(-0.866025403784,0.,0.5));
#1539 = ORIENTED_EDGE('',*,*,#1540,.T.);
#1540 = EDGE_CURVE('',#1533,#1533,#1541,.T.);
#1541 = CIRCLE('',#1542,2.3);
#1542 = AXIS2_PLACEMENT_3D('',#1543,#1544,#1545);
#1543 = CARTESIAN_POINT('',(19.043584287042,95.,67.520353928239));
#1544 = DIRECTION('',(-0.866025403784,0.,0.5));
#1545 = DIRECTION('',(-0.5,0.,-0.866025403784));
#1546 = ORIENTED_EDGE('',*,*,#1532,.T.);
#1547 = CYLINDRICAL_SURFACE('',#1548,2.3);
#1548 = AXIS2_PLACEMENT_3D('',#1549,#1550,#1551);
#1549 = CARTESIAN_POINT('',(19.043584287042,95.,67.520353928239));
#1550 = DIRECTION('',(-0.866025403784,0.,0.5));
#1551 = DIRECTION('',(-0.5,0.,-0.866025403784));
#1552 = ADVANCED_FACE('',(#1553),#1572,.F.);
#1553 = FACE_BOUND('',#1554,.F.);
#1554 = EDGE_LOOP('',(#1555,#1556,#1564,#1571));
#1555 = ORIENTED_EDGE('',*,*,#436,.F.);
#1556 = ORIENTED_EDGE('',*,*,#1557,.F.);
#1557 = EDGE_CURVE('',#1558,#437,#1560,.T.);
#1558 = VERTEX_POINT('',#1559);
#1559 = CARTESIAN_POINT('',(-1.856415712958,95.,31.32049205005));
#1560 = LINE('',#1561,#1562);
#1561 = CARTESIAN_POINT('',(-1.856415712958,95.,31.32049205005));
#1562 = VECTOR('',#1563,1.);
#1563 = DIRECTION('',(-0.866025403784,0.,0.5));
#1564 = ORIENTED_EDGE('',*,*,#1565,.T.);
#1565 = EDGE_CURVE('',#1558,#1558,#1566,.T.);
#1566 = CIRCLE('',#1567,2.3);
#1567 = AXIS2_PLACEMENT_3D('',#1568,#1569,#1570);
#1568 = CARTESIAN_POINT('',(-0.706415712958,95.,33.312350478754));
#1569 = DIRECTION('',(-0.866025403784,0.,0.5));
#1570 = DIRECTION('',(-0.5,0.,-0.866025403784));
#1571 = ORIENTED_EDGE('',*,*,#1557,.T.);
#1572 = CYLINDRICAL_SURFACE('',#1573,2.3);
#1573 = AXIS2_PLACEMENT_3D('',#1574,#1575,#1576);
#1574 = CARTESIAN_POINT('',(-0.706415712958,95.,33.312350478754));
#1575 = DIRECTION('',(-0.866025403784,0.,0.5));
#1576 = DIRECTION('',(-0.5,0.,-0.866025403784));
#1577 = ADVANCED_FACE('',(#1578),#1599,.F.);
#1578 = FACE_BOUND('',#1579,.F.);
#1579 = EDGE_LOOP('',(#1580,#1581,#1582,#1588,#1589,#1590,#1591,#1592));
#1580 = ORIENTED_EDGE('',*,*,#968,.F.);
#1581 = ORIENTED_EDGE('',*,*,#1124,.T.);
#1582 = ORIENTED_EDGE('',*,*,#1583,.F.);
#1583 = EDGE_CURVE('',#750,#1125,#1584,.T.);
#1584 = LINE('',#1585,#1586);
#1585 = CARTESIAN_POINT('',(8.642304845413,99.,58.15));
#1586 = VECTOR('',#1587,1.);
#1587 = DIRECTION('',(-1.,0.,0.));
#1588 = ORIENTED_EDGE('',*,*,#749,.T.);
#1589 = ORIENTED_EDGE('',*,*,#1060,.F.);
#1590 = ORIENTED_EDGE('',*,*,#1051,.F.);
#1591 = ORIENTED_EDGE('',*,*,#816,.T.);
#1592 = ORIENTED_EDGE('',*,*,#1593,.T.);
#1593 = EDGE_CURVE('',#808,#961,#1594,.T.);
#1594 = CIRCLE('',#1595,4.9);
#1595 = AXIS2_PLACEMENT_3D('',#1596,#1597,#1598);
#1596 = CARTESIAN_POINT('',(14.5,95.,58.15));
#1597 = DIRECTION('',(0.,0.,1.));
#1598 = DIRECTION('',(1.,0.,0.));
#1599 = PLANE('',#1600);
#1600 = AXIS2_PLACEMENT_3D('',#1601,#1602,#1603);
#1601 = CARTESIAN_POINT('',(14.5,95.,58.15));
#1602 = DIRECTION('',(0.,0.,1.));
#1603 = DIRECTION('',(1.,0.,0.));
#1604 = ADVANCED_FACE('',(#1605),#1617,.F.);
#1605 = FACE_BOUND('',#1606,.F.);
#1606 = EDGE_LOOP('',(#1607,#1608,#1609,#1616));
#1607 = ORIENTED_EDGE('',*,*,#1593,.F.);
#1608 = ORIENTED_EDGE('',*,*,#807,.F.);
#1609 = ORIENTED_EDGE('',*,*,#1610,.T.);
#1610 = EDGE_CURVE('',#800,#953,#1611,.T.);
#1611 = CIRCLE('',#1612,4.9);
#1612 = AXIS2_PLACEMENT_3D('',#1613,#1614,#1615);
#1613 = CARTESIAN_POINT('',(14.5,95.,52.));
#1614 = DIRECTION('',(0.,0.,1.));
#1615 = DIRECTION('',(1.,0.,0.));
#1616 = ORIENTED_EDGE('',*,*,#960,.T.);
#1617 = CYLINDRICAL_SURFACE('',#1618,4.9);
#1618 = AXIS2_PLACEMENT_3D('',#1619,#1620,#1621);
#1619 = CARTESIAN_POINT('',(14.5,95.,51.95));
#1620 = DIRECTION('',(0.,0.,1.));
#1621 = DIRECTION('',(1.,0.,0.));
#1622 = ADVANCED_FACE('',(#1623),#1659,.F.);
#1623 = FACE_BOUND('',#1624,.T.);
#1624 = EDGE_LOOP('',(#1625,#1634,#1643,#1651,#1658));
#1625 = ORIENTED_EDGE('',*,*,#1626,.F.);
#1626 = EDGE_CURVE('',#1627,#791,#1629,.T.);
#1627 = VERTEX_POINT('',#1628);
#1628 = CARTESIAN_POINT('',(10.082903768655,95.859802816369,52.));
#1629 = CIRCLE('',#1630,4.5);
#1630 = AXIS2_PLACEMENT_3D('',#1631,#1632,#1633);
#1631 = CARTESIAN_POINT('',(14.5,95.,52.));
#1632 = DIRECTION('',(0.,0.,1.));
#1633 = DIRECTION('',(1.,0.,0.));
#1634 = ORIENTED_EDGE('',*,*,#1635,.F.);
#1635 = EDGE_CURVE('',#1636,#1627,#1638,.T.);
#1636 = VERTEX_POINT('',#1637);
#1637 = CARTESIAN_POINT('',(12.438447187192,99.,56.07992088034));
#1638 = ELLIPSE('',#1639,9.,4.5);
#1639 = AXIS2_PLACEMENT_3D('',#1640,#1641,#1642);
#1640 = CARTESIAN_POINT('',(14.5,95.,59.650635094611));
#1641 = DIRECTION('',(-0.866025403784,0.,0.5));
#1642 = DIRECTION('',(-0.5,0.,-0.866025403784));
#1643 = ORIENTED_EDGE('',*,*,#1644,.F.);
#1644 = EDGE_CURVE('',#1645,#1636,#1647,.T.);
#1645 = VERTEX_POINT('',#1646);
#1646 = CARTESIAN_POINT('',(12.438447187191,99.,58.));
#1647 = LINE('',#1648,#1649);
#1648 = CARTESIAN_POINT('',(12.438447187191,99.,52.));
#1649 = VECTOR('',#1650,1.);
#1650 = DIRECTION('',(-0.,-0.,-1.));
#1651 = ORIENTED_EDGE('',*,*,#1652,.T.);
#1652 = EDGE_CURVE('',#1645,#783,#1653,.T.);
#1653 = CIRCLE('',#1654,4.5);
#1654 = AXIS2_PLACEMENT_3D('',#1655,#1656,#1657);
#1655 = CARTESIAN_POINT('',(14.5,95.,58.));
#1656 = DIRECTION('',(0.,0.,1.));
#1657 = DIRECTION('',(1.,0.,0.));
#1658 = ORIENTED_EDGE('',*,*,#790,.F.);
#1659 = CYLINDRICAL_SURFACE('',#1660,4.5);
#1660 = AXIS2_PLACEMENT_3D('',#1661,#1662,#1663);
#1661 = CARTESIAN_POINT('',(14.5,95.,52.));
#1662 = DIRECTION('',(-0.,-0.,-1.));
#1663 = DIRECTION('',(1.,0.,0.));
#1664 = ADVANCED_FACE('',(#1665),#1683,.F.);
#1665 = FACE_BOUND('',#1666,.F.);
#1666 = EDGE_LOOP('',(#1667,#1673,#1674,#1675,#1682));
#1667 = ORIENTED_EDGE('',*,*,#1668,.F.);
#1668 = EDGE_CURVE('',#1645,#758,#1669,.T.);
#1669 = LINE('',#1670,#1671);
#1670 = CARTESIAN_POINT('',(21.142304845413,99.,58.));
#1671 = VECTOR('',#1672,1.);
#1672 = DIRECTION('',(1.,0.,0.));
#1673 = ORIENTED_EDGE('',*,*,#1652,.T.);
#1674 = ORIENTED_EDGE('',*,*,#782,.T.);
#1675 = ORIENTED_EDGE('',*,*,#1676,.F.);
#1676 = EDGE_CURVE('',#766,#774,#1677,.T.);
#1677 = CIRCLE('',#1678,2.3);
#1678 = AXIS2_PLACEMENT_3D('',#1679,#1680,#1681);
#1679 = CARTESIAN_POINT('',(14.5,95.,58.));
#1680 = DIRECTION('',(0.,0.,1.));
#1681 = DIRECTION('',(1.,0.,0.));
#1682 = ORIENTED_EDGE('',*,*,#765,.T.);
#1683 = PLANE('',#1684);
#1684 = AXIS2_PLACEMENT_3D('',#1685,#1686,#1687);
#1685 = CARTESIAN_POINT('',(39.5,115.,58.));
#1686 = DIRECTION('',(0.,0.,1.));
#1687 = DIRECTION('',(1.,0.,0.));
#1688 = ADVANCED_FACE('',(#1689),#1693,.T.);
#1689 = FACE_BOUND('',#1690,.T.);
#1690 = EDGE_LOOP('',(#1691,#1692));
#1691 = ORIENTED_EDGE('',*,*,#1676,.F.);
#1692 = ORIENTED_EDGE('',*,*,#773,.T.);
#1693 = CYLINDRICAL_SURFACE('',#1694,2.3);
#1694 = AXIS2_PLACEMENT_3D('',#1695,#1696,#1697);
#1695 = CARTESIAN_POINT('',(14.5,95.,58.));
#1696 = DIRECTION('',(0.,0.,1.));
#1697 = DIRECTION('',(1.,0.,0.));
#1698 = ADVANCED_FACE('',(#1699),#1712,.T.);
#1699 = FACE_BOUND('',#1700,.T.);
#1700 = EDGE_LOOP('',(#1701,#1702,#1703,#1704,#1705,#1711));
#1701 = ORIENTED_EDGE('',*,*,#1583,.F.);
#1702 = ORIENTED_EDGE('',*,*,#757,.T.);
#1703 = ORIENTED_EDGE('',*,*,#1668,.F.);
#1704 = ORIENTED_EDGE('',*,*,#1644,.T.);
#1705 = ORIENTED_EDGE('',*,*,#1706,.T.);
#1706 = EDGE_CURVE('',#1636,#1144,#1707,.T.);
#1707 = LINE('',#1708,#1709);
#1708 = CARTESIAN_POINT('',(5.543584287042,99.,44.13766802606));
#1709 = VECTOR('',#1710,1.);
#1710 = DIRECTION('',(-0.5,0.,-0.866025403784));
#1711 = ORIENTED_EDGE('',*,*,#1152,.T.);
#1712 = PLANE('',#1713);
#1713 = AXIS2_PLACEMENT_3D('',#1714,#1715,#1716);
#1714 = CARTESIAN_POINT('',(2.784609690827,99.,37.358983848622));
#1715 = DIRECTION('',(0.,1.,0.));
#1716 = DIRECTION('',(0.5,0.,0.866025403784));
#1717 = ADVANCED_FACE('',(#1718),#1739,.F.);
#1718 = FACE_BOUND('',#1719,.F.);
#1719 = EDGE_LOOP('',(#1720,#1721,#1728,#1729,#1730,#1731,#1732,#1738));
#1720 = ORIENTED_EDGE('',*,*,#1000,.F.);
#1721 = ORIENTED_EDGE('',*,*,#1722,.T.);
#1722 = EDGE_CURVE('',#1001,#616,#1723,.T.);
#1723 = CIRCLE('',#1724,4.9);
#1724 = AXIS2_PLACEMENT_3D('',#1725,#1726,#1727);
#1725 = CARTESIAN_POINT('',(14.5,135.,58.15));
#1726 = DIRECTION('',(0.,0.,1.));
#1727 = DIRECTION('',(1.,0.,0.));
#1728 = ORIENTED_EDGE('',*,*,#615,.T.);
#1729 = ORIENTED_EDGE('',*,*,#903,.F.);
#1730 = ORIENTED_EDGE('',*,*,#894,.F.);
#1731 = ORIENTED_EDGE('',*,*,#708,.T.);
#1732 = ORIENTED_EDGE('',*,*,#1733,.F.);
#1733 = EDGE_CURVE('',#1093,#701,#1734,.T.);
#1734 = LINE('',#1735,#1736);
#1735 = CARTESIAN_POINT('',(15.892304845413,130.5,58.15));
#1736 = VECTOR('',#1737,1.);
#1737 = DIRECTION('',(1.,0.,0.));
#1738 = ORIENTED_EDGE('',*,*,#1092,.T.);
#1739 = PLANE('',#1740);
#1740 = AXIS2_PLACEMENT_3D('',#1741,#1742,#1743);
#1741 = CARTESIAN_POINT('',(14.5,135.,58.15));
#1742 = DIRECTION('',(0.,0.,1.));
#1743 = DIRECTION('',(1.,0.,0.));
#1744 = ADVANCED_FACE('',(#1745),#1750,.T.);
#1745 = FACE_BOUND('',#1746,.T.);
#1746 = EDGE_LOOP('',(#1747,#1748,#1749));
#1747 = ORIENTED_EDGE('',*,*,#1101,.F.);
#1748 = ORIENTED_EDGE('',*,*,#700,.T.);
#1749 = ORIENTED_EDGE('',*,*,#1733,.F.);
#1750 = PLANE('',#1751);
#1751 = AXIS2_PLACEMENT_3D('',#1752,#1753,#1754);
#1752 = CARTESIAN_POINT('',(17.284609690827,130.5,62.473720558371));
#1753 = DIRECTION('',(0.,-1.,0.));
#1754 = DIRECTION('',(-0.5,0.,-0.866025403784));
#1755 = ADVANCED_FACE('',(#1756),#1774,.F.);
#1756 = FACE_BOUND('',#1757,.T.);
#1757 = EDGE_LOOP('',(#1758,#1765,#1766,#1773));
#1758 = ORIENTED_EDGE('',*,*,#1759,.F.);
#1759 = EDGE_CURVE('',#633,#675,#1760,.T.);
#1760 = CIRCLE('',#1761,4.5);
#1761 = AXIS2_PLACEMENT_3D('',#1762,#1763,#1764);
#1762 = CARTESIAN_POINT('',(14.5,135.,52.));
#1763 = DIRECTION('',(0.,0.,1.));
#1764 = DIRECTION('',(1.,0.,0.));
#1765 = ORIENTED_EDGE('',*,*,#640,.F.);
#1766 = ORIENTED_EDGE('',*,*,#1767,.T.);
#1767 = EDGE_CURVE('',#641,#667,#1768,.T.);
#1768 = CIRCLE('',#1769,4.5);
#1769 = AXIS2_PLACEMENT_3D('',#1770,#1771,#1772);
#1770 = CARTESIAN_POINT('',(14.5,135.,58.));
#1771 = DIRECTION('',(0.,0.,1.));
#1772 = DIRECTION('',(1.,0.,0.));
#1773 = ORIENTED_EDGE('',*,*,#674,.F.);
#1774 = CYLINDRICAL_SURFACE('',#1775,4.5);
#1775 = AXIS2_PLACEMENT_3D('',#1776,#1777,#1778);
#1776 = CARTESIAN_POINT('',(14.5,135.,52.));
#1777 = DIRECTION('',(-0.,-0.,-1.));
#1778 = DIRECTION('',(1.,0.,0.));
#1779 = ADVANCED_FACE('',(#1780),#1792,.F.);
#1780 = FACE_BOUND('',#1781,.F.);
#1781 = EDGE_LOOP('',(#1782,#1783,#1784,#1785));
#1782 = ORIENTED_EDGE('',*,*,#649,.T.);
#1783 = ORIENTED_EDGE('',*,*,#1767,.T.);
#1784 = ORIENTED_EDGE('',*,*,#666,.T.);
#1785 = ORIENTED_EDGE('',*,*,#1786,.F.);
#1786 = EDGE_CURVE('',#650,#658,#1787,.T.);
#1787 = CIRCLE('',#1788,2.3);
#1788 = AXIS2_PLACEMENT_3D('',#1789,#1790,#1791);
#1789 = CARTESIAN_POINT('',(14.5,135.,58.));
#1790 = DIRECTION('',(0.,0.,1.));
#1791 = DIRECTION('',(1.,0.,0.));
#1792 = PLANE('',#1793);
#1793 = AXIS2_PLACEMENT_3D('',#1794,#1795,#1796);
#1794 = CARTESIAN_POINT('',(39.5,115.,58.));
#1795 = DIRECTION('',(0.,0.,1.));
#1796 = DIRECTION('',(1.,0.,0.));
#1797 = ADVANCED_FACE('',(#1798),#1802,.T.);
#1798 = FACE_BOUND('',#1799,.T.);
#1799 = EDGE_LOOP('',(#1800,#1801));
#1800 = ORIENTED_EDGE('',*,*,#1786,.F.);
#1801 = ORIENTED_EDGE('',*,*,#657,.T.);
#1802 = CYLINDRICAL_SURFACE('',#1803,2.3);
#1803 = AXIS2_PLACEMENT_3D('',#1804,#1805,#1806);
#1804 = CARTESIAN_POINT('',(14.5,135.,58.));
#1805 = DIRECTION('',(0.,0.,1.));
#1806 = DIRECTION('',(1.,0.,0.));
#1807 = ADVANCED_FACE('',(#1808),#1820,.F.);
#1808 = FACE_BOUND('',#1809,.F.);
#1809 = EDGE_LOOP('',(#1810,#1811,#1812,#1819));
#1810 = ORIENTED_EDGE('',*,*,#1722,.F.);
#1811 = ORIENTED_EDGE('',*,*,#1008,.F.);
#1812 = ORIENTED_EDGE('',*,*,#1813,.T.);
#1813 = EDGE_CURVE('',#1009,#624,#1814,.T.);
#1814 = CIRCLE('',#1815,4.9);
#1815 = AXIS2_PLACEMENT_3D('',#1816,#1817,#1818);
#1816 = CARTESIAN_POINT('',(14.5,135.,52.));
#1817 = DIRECTION('',(0.,0.,1.));
#1818 = DIRECTION('',(1.,0.,0.));
#1819 = ORIENTED_EDGE('',*,*,#623,.F.);
#1820 = CYLINDRICAL_SURFACE('',#1821,4.9);
#1821 = AXIS2_PLACEMENT_3D('',#1822,#1823,#1824);
#1822 = CARTESIAN_POINT('',(14.5,135.,51.95));
#1823 = DIRECTION('',(0.,0.,1.));
#1824 = DIRECTION('',(1.,0.,0.));
#1825 = ADVANCED_FACE('',(#1826),#1842,.T.);
#1826 = FACE_BOUND('',#1827,.T.);
#1827 = EDGE_LOOP('',(#1828,#1834,#1835,#1841));
#1828 = ORIENTED_EDGE('',*,*,#1829,.F.);
#1829 = EDGE_CURVE('',#576,#1391,#1830,.T.);
#1830 = LINE('',#1831,#1832);
#1831 = CARTESIAN_POINT('',(73.,140.,48.));
#1832 = VECTOR('',#1833,1.);
#1833 = DIRECTION('',(-1.,0.,0.));
#1834 = ORIENTED_EDGE('',*,*,#583,.T.);
#1835 = ORIENTED_EDGE('',*,*,#1836,.T.);
#1836 = EDGE_CURVE('',#584,#1402,#1837,.T.);
#1837 = LINE('',#1838,#1839);
#1838 = CARTESIAN_POINT('',(73.,140.,52.));
#1839 = VECTOR('',#1840,1.);
#1840 = DIRECTION('',(-1.,0.,0.));
#1841 = ORIENTED_EDGE('',*,*,#1401,.F.);
#1842 = PLANE('',#1843);
#1843 = AXIS2_PLACEMENT_3D('',#1844,#1845,#1846);
#1844 = CARTESIAN_POINT('',(73.,140.,48.));
#1845 = DIRECTION('',(0.,-1.,0.));
#1846 = DIRECTION('',(-1.,0.,0.));
#1847 = ADVANCED_FACE('',(#1848),#1869,.T.);
#1848 = FACE_BOUND('',#1849,.T.);
#1849 = EDGE_LOOP('',(#1850,#1851,#1852,#1853,#1861,#1867,#1868));
#1850 = ORIENTED_EDGE('',*,*,#1390,.T.);
#1851 = ORIENTED_EDGE('',*,*,#1464,.T.);
#1852 = ORIENTED_EDGE('',*,*,#1441,.F.);
#1853 = ORIENTED_EDGE('',*,*,#1854,.F.);
#1854 = EDGE_CURVE('',#1855,#1434,#1857,.T.);
#1855 = VERTEX_POINT('',#1856);
#1856 = CARTESIAN_POINT('',(6.,135.,48.));
#1857 = LINE('',#1858,#1859);
#1858 = CARTESIAN_POINT('',(6.,135.,48.));
#1859 = VECTOR('',#1860,1.);
#1860 = DIRECTION('',(2.33E-15,-1.,1.67E-15));
#1861 = ORIENTED_EDGE('',*,*,#1862,.T.);
#1862 = EDGE_CURVE('',#1855,#568,#1863,.T.);
#1863 = LINE('',#1864,#1865);
#1864 = CARTESIAN_POINT('',(6.,135.,48.));
#1865 = VECTOR('',#1866,1.);
#1866 = DIRECTION('',(1.,-1.E-15,-4.4E-16));
#1867 = ORIENTED_EDGE('',*,*,#575,.T.);
#1868 = ORIENTED_EDGE('',*,*,#1829,.T.);
#1869 = PLANE('',#1870);
#1870 = AXIS2_PLACEMENT_3D('',#1871,#1872,#1873);
#1871 = CARTESIAN_POINT('',(39.5,69.30338962356,48.));
#1872 = DIRECTION('',(0.,0.,1.));
#1873 = DIRECTION('',(1.,0.,0.));
#1874 = ADVANCED_FACE('',(#1875),#1885,.T.);
#1875 = FACE_BOUND('',#1876,.T.);
#1876 = EDGE_LOOP('',(#1877,#1883,#1884));
#1877 = ORIENTED_EDGE('',*,*,#1878,.F.);
#1878 = EDGE_CURVE('',#560,#1855,#1879,.T.);
#1879 = LINE('',#1880,#1881);
#1880 = CARTESIAN_POINT('',(6.,135.,2.));
#1881 = VECTOR('',#1882,1.);
#1882 = DIRECTION('',(-2.44E-15,-1.44E-15,1.));
#1883 = ORIENTED_EDGE('',*,*,#567,.T.);
#1884 = ORIENTED_EDGE('',*,*,#1862,.F.);
#1885 = PLANE('',#1886);
#1886 = AXIS2_PLACEMENT_3D('',#1887,#1888,#1889);
#1887 = CARTESIAN_POINT('',(6.,135.,2.));
#1888 = DIRECTION('',(1.67E-15,-1.,1.55E-15));
#1889 = DIRECTION('',(-2.44E-15,1.55E-15,1.));
#1890 = ADVANCED_FACE('',(#1891),#1897,.T.);
#1891 = FACE_BOUND('',#1892,.T.);
#1892 = EDGE_LOOP('',(#1893,#1894,#1895,#1896));
#1893 = ORIENTED_EDGE('',*,*,#1854,.T.);
#1894 = ORIENTED_EDGE('',*,*,#1433,.F.);
#1895 = ORIENTED_EDGE('',*,*,#559,.T.);
#1896 = ORIENTED_EDGE('',*,*,#1878,.T.);
#1897 = PLANE('',#1898);
#1898 = AXIS2_PLACEMENT_3D('',#1899,#1900,#1901);
#1899 = CARTESIAN_POINT('',(6.,68.22787887802,30.918098265043));
#1900 = DIRECTION('',(1.,-8.9E-16,-7.8E-16));
#1901 = DIRECTION('',(7.8E-16,-1.44E-15,1.));
#1902 = ADVANCED_FACE('',(#1903),#1909,.T.);
#1903 = FACE_BOUND('',#1904,.T.);
#1904 = EDGE_LOOP('',(#1905,#1906,#1907,#1908));
#1905 = ORIENTED_EDGE('',*,*,#1294,.T.);
#1906 = ORIENTED_EDGE('',*,*,#1250,.T.);
#1907 = ORIENTED_EDGE('',*,*,#527,.T.);
#1908 = ORIENTED_EDGE('',*,*,#1352,.F.);
#1909 = PLANE('',#1910);
#1910 = AXIS2_PLACEMENT_3D('',#1911,#1912,#1913);
#1911 = CARTESIAN_POINT('',(6.,68.22787887802,30.918098265043));
#1912 = DIRECTION('',(1.,-8.9E-16,-7.8E-16));
#1913 = DIRECTION('',(7.8E-16,-1.44E-15,1.));
#1914 = ADVANCED_FACE('',(#1915),#1934,.T.);
#1915 = FACE_BOUND('',#1916,.T.);
#1916 = EDGE_LOOP('',(#1917,#1918,#1926,#1933));
#1917 = ORIENTED_EDGE('',*,*,#840,.F.);
#1918 = ORIENTED_EDGE('',*,*,#1919,.F.);
#1919 = EDGE_CURVE('',#1920,#841,#1922,.T.);
#1920 = VERTEX_POINT('',#1921);
#1921 = CARTESIAN_POINT('',(18.525635094611,134.5,62.623239611209));
#1922 = LINE('',#1923,#1924);
#1923 = CARTESIAN_POINT('',(18.525635094611,134.5,62.623239611209));
#1924 = VECTOR('',#1925,1.);
#1925 = DIRECTION('',(-0.866025403784,0.,0.5));
#1926 = ORIENTED_EDGE('',*,*,#1927,.T.);
#1927 = EDGE_CURVE('',#1920,#1920,#1928,.T.);
#1928 = CIRCLE('',#1929,4.5);
#1929 = AXIS2_PLACEMENT_3D('',#1930,#1931,#1932);
#1930 = CARTESIAN_POINT('',(20.775635094611,134.5,66.520353928239));
#1931 = DIRECTION('',(-0.866025403784,0.,0.5));
#1932 = DIRECTION('',(-0.5,0.,-0.866025403784));
#1933 = ORIENTED_EDGE('',*,*,#1919,.T.);
#1934 = CYLINDRICAL_SURFACE('',#1935,4.5);
#1935 = AXIS2_PLACEMENT_3D('',#1936,#1937,#1938);
#1936 = CARTESIAN_POINT('',(20.775635094611,134.5,66.520353928239));
#1937 = DIRECTION('',(-0.866025403784,0.,0.5));
#1938 = DIRECTION('',(-0.5,0.,-0.866025403784));
#1939 = ADVANCED_FACE('',(#1940),#1959,.T.);
#1940 = FACE_BOUND('',#1941,.T.);
#1941 = EDGE_LOOP('',(#1942,#1943,#1951,#1958));
#1942 = ORIENTED_EDGE('',*,*,#851,.F.);
#1943 = ORIENTED_EDGE('',*,*,#1944,.F.);
#1944 = EDGE_CURVE('',#1945,#852,#1947,.T.);
#1945 = VERTEX_POINT('',#1946);
#1946 = CARTESIAN_POINT('',(-1.224364905389,134.5,28.415236161724));
#1947 = LINE('',#1948,#1949);
#1948 = CARTESIAN_POINT('',(-1.224364905389,134.5,28.415236161724));
#1949 = VECTOR('',#1950,1.);
#1950 = DIRECTION('',(-0.866025403784,0.,0.5));
#1951 = ORIENTED_EDGE('',*,*,#1952,.T.);
#1952 = EDGE_CURVE('',#1945,#1945,#1953,.T.);
#1953 = CIRCLE('',#1954,4.5);
#1954 = AXIS2_PLACEMENT_3D('',#1955,#1956,#1957);
#1955 = CARTESIAN_POINT('',(1.025635094611,134.5,32.312350478754));
#1956 = DIRECTION('',(-0.866025403784,0.,0.5));
#1957 = DIRECTION('',(-0.5,0.,-0.866025403784));
#1958 = ORIENTED_EDGE('',*,*,#1944,.T.);
#1959 = CYLINDRICAL_SURFACE('',#1960,4.5);
#1960 = AXIS2_PLACEMENT_3D('',#1961,#1962,#1963);
#1961 = CARTESIAN_POINT('',(1.025635094611,134.5,32.312350478754));
#1962 = DIRECTION('',(-0.866025403784,0.,0.5));
#1963 = DIRECTION('',(-0.5,0.,-0.866025403784));
#1964 = ADVANCED_FACE('',(#1965),#1984,.T.);
#1965 = FACE_BOUND('',#1966,.T.);
#1966 = EDGE_LOOP('',(#1967,#1968,#1976,#1983));
#1967 = ORIENTED_EDGE('',*,*,#862,.F.);
#1968 = ORIENTED_EDGE('',*,*,#1969,.F.);
#1969 = EDGE_CURVE('',#1970,#863,#1972,.T.);
#1970 = VERTEX_POINT('',#1971);
#1971 = CARTESIAN_POINT('',(18.525635094611,95.,62.62323961121));
#1972 = LINE('',#1973,#1974);
#1973 = CARTESIAN_POINT('',(18.525635094611,95.,62.62323961121));
#1974 = VECTOR('',#1975,1.);
#1975 = DIRECTION('',(-0.866025403784,0.,0.5));
#1976 = ORIENTED_EDGE('',*,*,#1977,.T.);
#1977 = EDGE_CURVE('',#1970,#1970,#1978,.T.);
#1978 = CIRCLE('',#1979,4.5);
#1979 = AXIS2_PLACEMENT_3D('',#1980,#1981,#1982);
#1980 = CARTESIAN_POINT('',(20.775635094611,95.,66.520353928239));
#1981 = DIRECTION('',(-0.866025403784,0.,0.5));
#1982 = DIRECTION('',(-0.5,0.,-0.866025403784));
#1983 = ORIENTED_EDGE('',*,*,#1969,.T.);
#1984 = CYLINDRICAL_SURFACE('',#1985,4.5);
#1985 = AXIS2_PLACEMENT_3D('',#1986,#1987,#1988);
#1986 = CARTESIAN_POINT('',(20.775635094611,95.,66.520353928239));
#1987 = DIRECTION('',(-0.866025403784,0.,0.5));
#1988 = DIRECTION('',(-0.5,0.,-0.866025403784));
#1989 = ADVANCED_FACE('',(#1990),#2009,.T.);
#1990 = FACE_BOUND('',#1991,.T.);
#1991 = EDGE_LOOP('',(#1992,#1993,#2001,#2008));
#1992 = ORIENTED_EDGE('',*,*,#873,.F.);
#1993 = ORIENTED_EDGE('',*,*,#1994,.F.);
#1994 = EDGE_CURVE('',#1995,#874,#1997,.T.);
#1995 = VERTEX_POINT('',#1996);
#1996 = CARTESIAN_POINT('',(-1.224364905389,95.,28.415236161724));
#1997 = LINE('',#1998,#1999);
#1998 = CARTESIAN_POINT('',(-1.224364905389,95.,28.415236161724));
#1999 = VECTOR('',#2000,1.);
#2000 = DIRECTION('',(-0.866025403784,0.,0.5));
#2001 = ORIENTED_EDGE('',*,*,#2002,.T.);
#2002 = EDGE_CURVE('',#1995,#1995,#2003,.T.);
#2003 = CIRCLE('',#2004,4.5);
#2004 = AXIS2_PLACEMENT_3D('',#2005,#2006,#2007);
#2005 = CARTESIAN_POINT('',(1.025635094611,95.,32.312350478754));
#2006 = DIRECTION('',(-0.866025403784,0.,0.5));
#2007 = DIRECTION('',(-0.5,0.,-0.866025403784));
#2008 = ORIENTED_EDGE('',*,*,#1994,.T.);
#2009 = CYLINDRICAL_SURFACE('',#2010,4.5);
#2010 = AXIS2_PLACEMENT_3D('',#2011,#2012,#2013);
#2011 = CARTESIAN_POINT('',(1.025635094611,95.,32.312350478754));
#2012 = DIRECTION('',(-0.866025403784,0.,0.5));
#2013 = DIRECTION('',(-0.5,0.,-0.866025403784));
#2014 = ADVANCED_FACE('',(#2015),#2026,.F.);
#2015 = FACE_BOUND('',#2016,.F.);
#2016 = EDGE_LOOP('',(#2017,#2018,#2024,#2025));
#2017 = ORIENTED_EDGE('',*,*,#1143,.T.);
#2018 = ORIENTED_EDGE('',*,*,#2019,.F.);
#2019 = EDGE_CURVE('',#1627,#1135,#2020,.T.);
#2020 = LINE('',#2021,#2022);
#2021 = CARTESIAN_POINT('',(10.082903768655,92.02669481178,52.));
#2022 = VECTOR('',#2023,1.);
#2023 = DIRECTION('',(0.,1.,0.));
#2024 = ORIENTED_EDGE('',*,*,#1635,.F.);
#2025 = ORIENTED_EDGE('',*,*,#1706,.T.);
#2026 = PLANE('',#2027);
#2027 = AXIS2_PLACEMENT_3D('',#2028,#2029,#2030);
#2028 = CARTESIAN_POINT('',(9.168584287042,114.75,50.416352203497));
#2029 = DIRECTION('',(-0.866025403784,0.,0.5));
#2030 = DIRECTION('',(-0.5,0.,-0.866025403784));
#2031 = ADVANCED_FACE('',(#2032),#2035,.T.);
#2032 = FACE_BOUND('',#2033,.F.);
#2033 = EDGE_LOOP('',(#2034));
#2034 = ORIENTED_EDGE('',*,*,#1490,.F.);
#2035 = PLANE('',#2036);
#2036 = AXIS2_PLACEMENT_3D('',#2037,#2038,#2039);
#2037 = CARTESIAN_POINT('',(19.043584287042,134.5,67.520353928239));
#2038 = DIRECTION('',(-0.866025403784,0.,0.5));
#2039 = DIRECTION('',(-0.5,0.,-0.866025403784));
#2040 = ADVANCED_FACE('',(#2041),#2044,.T.);
#2041 = FACE_BOUND('',#2042,.F.);
#2042 = EDGE_LOOP('',(#2043));
#2043 = ORIENTED_EDGE('',*,*,#1515,.F.);
#2044 = PLANE('',#2045);
#2045 = AXIS2_PLACEMENT_3D('',#2046,#2047,#2048);
#2046 = CARTESIAN_POINT('',(-0.706415712958,134.5,33.312350478754));
#2047 = DIRECTION('',(-0.866025403784,0.,0.5));
#2048 = DIRECTION('',(-0.5,0.,-0.866025403784));
#2049 = ADVANCED_FACE('',(#2050),#2053,.T.);
#2050 = FACE_BOUND('',#2051,.F.);
#2051 = EDGE_LOOP('',(#2052));
#2052 = ORIENTED_EDGE('',*,*,#1540,.F.);
#2053 = PLANE('',#2054);
#2054 = AXIS2_PLACEMENT_3D('',#2055,#2056,#2057);
#2055 = CARTESIAN_POINT('',(19.043584287042,95.,67.520353928239));
#2056 = DIRECTION('',(-0.866025403784,0.,0.5));
#2057 = DIRECTION('',(-0.5,0.,-0.866025403784));
#2058 = ADVANCED_FACE('',(#2059),#2062,.T.);
#2059 = FACE_BOUND('',#2060,.F.);
#2060 = EDGE_LOOP('',(#2061));
#2061 = ORIENTED_EDGE('',*,*,#1565,.F.);
#2062 = PLANE('',#2063);
#2063 = AXIS2_PLACEMENT_3D('',#2064,#2065,#2066);
#2064 = CARTESIAN_POINT('',(-0.706415712958,95.,33.312350478754));
#2065 = DIRECTION('',(-0.866025403784,0.,0.5));
#2066 = DIRECTION('',(-0.5,0.,-0.866025403784));
#2067 = ADVANCED_FACE('',(#2068),#2071,.F.);
#2068 = FACE_BOUND('',#2069,.T.);
#2069 = EDGE_LOOP('',(#2070));
#2070 = ORIENTED_EDGE('',*,*,#1927,.F.);
#2071 = PLANE('',#2072);
#2072 = AXIS2_PLACEMENT_3D('',#2073,#2074,#2075);
#2073 = CARTESIAN_POINT('',(20.775635094611,134.5,66.520353928239));
#2074 = DIRECTION('',(-0.866025403784,0.,0.5));
#2075 = DIRECTION('',(-0.5,0.,-0.866025403784));
#2076 = ADVANCED_FACE('',(#2077),#2080,.F.);
#2077 = FACE_BOUND('',#2078,.T.);
#2078 = EDGE_LOOP('',(#2079));
#2079 = ORIENTED_EDGE('',*,*,#1952,.F.);
#2080 = PLANE('',#2081);
#2081 = AXIS2_PLACEMENT_3D('',#2082,#2083,#2084);
#2082 = CARTESIAN_POINT('',(1.025635094611,134.5,32.312350478754));
#2083 = DIRECTION('',(-0.866025403784,0.,0.5));
#2084 = DIRECTION('',(-0.5,0.,-0.866025403784));
#2085 = ADVANCED_FACE('',(#2086),#2089,.F.);
#2086 = FACE_BOUND('',#2087,.T.);
#2087 = EDGE_LOOP('',(#2088));
#2088 = ORIENTED_EDGE('',*,*,#1977,.F.);
#2089 = PLANE('',#2090);
#2090 = AXIS2_PLACEMENT_3D('',#2091,#2092,#2093);
#2091 = CARTESIAN_POINT('',(20.775635094611,95.,66.520353928239));
#2092 = DIRECTION('',(-0.866025403784,0.,0.5));
#2093 = DIRECTION('',(-0.5,0.,-0.866025403784));
#2094 = ADVANCED_FACE('',(#2095),#2098,.F.);
#2095 = FACE_BOUND('',#2096,.T.);
#2096 = EDGE_LOOP('',(#2097));
#2097 = ORIENTED_EDGE('',*,*,#2002,.F.);
#2098 = PLANE('',#2099);
#2099 = AXIS2_PLACEMENT_3D('',#2100,#2101,#2102);
#2100 = CARTESIAN_POINT('',(1.025635094611,95.,32.312350478754));
#2101 = DIRECTION('',(-0.866025403784,0.,0.5));
#2102 = DIRECTION('',(-0.5,0.,-0.866025403784));
#2103 = ADVANCED_FACE('',(#2104,#2131),#2142,.T.);
#2104 = FACE_BOUND('',#2105,.T.);
#2105 = EDGE_LOOP('',(#2106,#2107,#2108,#2109,#2110,#2111,#2112,#2113,
    #2114,#2115,#2116,#2117,#2118,#2119,#2120,#2121,#2122,#2123,#2124,
    #2125,#2126,#2127,#2128,#2129,#2130));
#2106 = ORIENTED_EDGE('',*,*,#1108,.T.);
#2107 = ORIENTED_EDGE('',*,*,#984,.F.);
#2108 = ORIENTED_EDGE('',*,*,#1134,.T.);
#2109 = ORIENTED_EDGE('',*,*,#2019,.F.);
#2110 = ORIENTED_EDGE('',*,*,#1626,.T.);
#2111 = ORIENTED_EDGE('',*,*,#799,.F.);
#2112 = ORIENTED_EDGE('',*,*,#1610,.T.);
#2113 = ORIENTED_EDGE('',*,*,#952,.F.);
#2114 = ORIENTED_EDGE('',*,*,#1030,.F.);
#2115 = ORIENTED_EDGE('',*,*,#477,.F.);
#2116 = ORIENTED_EDGE('',*,*,#1167,.F.);
#2117 = ORIENTED_EDGE('',*,*,#395,.T.);
#2118 = ORIENTED_EDGE('',*,*,#61,.F.);
#2119 = ORIENTED_EDGE('',*,*,#31,.T.);
#2120 = ORIENTED_EDGE('',*,*,#232,.T.);
#2121 = ORIENTED_EDGE('',*,*,#363,.T.);
#2122 = ORIENTED_EDGE('',*,*,#1409,.F.);
#2123 = ORIENTED_EDGE('',*,*,#1836,.F.);
#2124 = ORIENTED_EDGE('',*,*,#591,.F.);
#2125 = ORIENTED_EDGE('',*,*,#918,.T.);
#2126 = ORIENTED_EDGE('',*,*,#1016,.F.);
#2127 = ORIENTED_EDGE('',*,*,#1813,.T.);
#2128 = ORIENTED_EDGE('',*,*,#632,.F.);
#2129 = ORIENTED_EDGE('',*,*,#1759,.T.);
#2130 = ORIENTED_EDGE('',*,*,#683,.F.);
#2131 = FACE_BOUND('',#2132,.T.);
#2132 = EDGE_LOOP('',(#2133));
#2133 = ORIENTED_EDGE('',*,*,#2134,.T.);
#2134 = EDGE_CURVE('',#2135,#2135,#2137,.T.);
#2135 = VERTEX_POINT('',#2136);
#2136 = CARTESIAN_POINT('',(16.2,120.,52.));
#2137 = CIRCLE('',#2138,4.2);
#2138 = AXIS2_PLACEMENT_3D('',#2139,#2140,#2141);
#2139 = CARTESIAN_POINT('',(12.,120.,52.));
#2140 = DIRECTION('',(0.,0.,1.));
#2141 = DIRECTION('',(1.,0.,0.));
#2142 = PLANE('',#2143);
#2143 = AXIS2_PLACEMENT_3D('',#2144,#2145,#2146);
#2144 = CARTESIAN_POINT('',(10.061783860119,115.05680209449,52.));
#2145 = DIRECTION('',(-0.,-0.,-1.));
#2146 = DIRECTION('',(-1.,0.,0.));
#2147 = ADVANCED_FACE('',(#2148),#2167,.F.);
#2148 = FACE_BOUND('',#2149,.F.);
#2149 = EDGE_LOOP('',(#2150,#2158,#2165,#2166));
#2150 = ORIENTED_EDGE('',*,*,#2151,.T.);
#2151 = EDGE_CURVE('',#2135,#2152,#2154,.T.);
#2152 = VERTEX_POINT('',#2153);
#2153 = CARTESIAN_POINT('',(16.2,120.,54.95));
#2154 = LINE('',#2155,#2156);
#2155 = CARTESIAN_POINT('',(16.2,120.,51.95));
#2156 = VECTOR('',#2157,1.);
#2157 = DIRECTION('',(0.,0.,1.));
#2158 = ORIENTED_EDGE('',*,*,#2159,.F.);
#2159 = EDGE_CURVE('',#2152,#2152,#2160,.T.);
#2160 = CIRCLE('',#2161,4.2);
#2161 = AXIS2_PLACEMENT_3D('',#2162,#2163,#2164);
#2162 = CARTESIAN_POINT('',(12.,120.,54.95));
#2163 = DIRECTION('',(0.,0.,1.));
#2164 = DIRECTION('',(1.,0.,0.));
#2165 = ORIENTED_EDGE('',*,*,#2151,.F.);
#2166 = ORIENTED_EDGE('',*,*,#2134,.T.);
#2167 = CYLINDRICAL_SURFACE('',#2168,4.2);
#2168 = AXIS2_PLACEMENT_3D('',#2169,#2170,#2171);
#2169 = CARTESIAN_POINT('',(12.,120.,51.95));
#2170 = DIRECTION('',(0.,0.,1.));
#2171 = DIRECTION('',(1.,0.,0.));
#2172 = ADVANCED_FACE('',(#2173),#2176,.F.);
#2173 = FACE_BOUND('',#2174,.F.);
#2174 = EDGE_LOOP('',(#2175));
#2175 = ORIENTED_EDGE('',*,*,#2159,.T.);
#2176 = PLANE('',#2177);
#2177 = AXIS2_PLACEMENT_3D('',#2178,#2179,#2180);
#2178 = CARTESIAN_POINT('',(12.,120.,54.95));
#2179 = DIRECTION('',(0.,0.,1.));
#2180 = DIRECTION('',(1.,0.,0.));
#2181 = MANIFOLD_SOLID_BREP('',#2182);
#2182 = CLOSED_SHELL('',(#2183,#2223,#2254,#2394,#2418,#2615,#2639,#3052
    ,#3080,#3104,#3192,#3209,#3237,#3254,#3286,#3328,#3350,#3367,#3384,
    #3401,#3426,#3438,#3478,#3494,#3511,#3535,#3552,#3593,#3626,#3643,
    #3668,#3693,#3718,#3743,#3770,#3788,#3830,#3854,#3864,#3883,#3910,
    #3921,#3945,#3963,#3973,#3991,#4013,#4040,#4056,#4068,#4080,#4105,
    #4130,#4155,#4180,#4197,#4206,#4215,#4224,#4233,#4242,#4251,#4260,
    #4269,#4313,#4338));
#2183 = ADVANCED_FACE('',(#2184),#2218,.F.);
#2184 = FACE_BOUND('',#2185,.T.);
#2185 = EDGE_LOOP('',(#2186,#2196,#2204,#2212));
#2186 = ORIENTED_EDGE('',*,*,#2187,.F.);
#2187 = EDGE_CURVE('',#2188,#2190,#2192,.T.);
#2188 = VERTEX_POINT('',#2189);
#2189 = CARTESIAN_POINT('',(79.,89.,52.));
#2190 = VERTEX_POINT('',#2191);
#2191 = CARTESIAN_POINT('',(79.,89.,62.));
#2192 = LINE('',#2193,#2194);
#2193 = CARTESIAN_POINT('',(79.,89.,52.));
#2194 = VECTOR('',#2195,1.);
#2195 = DIRECTION('',(0.,0.,1.));
#2196 = ORIENTED_EDGE('',*,*,#2197,.T.);
#2197 = EDGE_CURVE('',#2188,#2198,#2200,.T.);
#2198 = VERTEX_POINT('',#2199);
#2199 = CARTESIAN_POINT('',(79.,140.5,52.));
#2200 = LINE('',#2201,#2202);
#2201 = CARTESIAN_POINT('',(79.,89.,52.));
#2202 = VECTOR('',#2203,1.);
#2203 = DIRECTION('',(0.,1.,0.));
#2204 = ORIENTED_EDGE('',*,*,#2205,.T.);
#2205 = EDGE_CURVE('',#2198,#2206,#2208,.T.);
#2206 = VERTEX_POINT('',#2207);
#2207 = CARTESIAN_POINT('',(79.,140.5,62.));
#2208 = LINE('',#2209,#2210);
#2209 = CARTESIAN_POINT('',(79.,140.5,52.));
#2210 = VECTOR('',#2211,1.);
#2211 = DIRECTION('',(0.,0.,1.));
#2212 = ORIENTED_EDGE('',*,*,#2213,.F.);
#2213 = EDGE_CURVE('',#2190,#2206,#2214,.T.);
#2214 = LINE('',#2215,#2216);
#2215 = CARTESIAN_POINT('',(79.,89.,62.));
#2216 = VECTOR('',#2217,1.);
#2217 = DIRECTION('',(0.,1.,0.));
#2218 = PLANE('',#2219);
#2219 = AXIS2_PLACEMENT_3D('',#2220,#2221,#2222);
#2220 = CARTESIAN_POINT('',(79.,89.,52.));
#2221 = DIRECTION('',(-1.,-0.,-0.));
#2222 = DIRECTION('',(0.,0.,-1.));
#2223 = ADVANCED_FACE('',(#2224),#2249,.F.);
#2224 = FACE_BOUND('',#2225,.T.);
#2225 = EDGE_LOOP('',(#2226,#2234,#2235,#2243));
#2226 = ORIENTED_EDGE('',*,*,#2227,.F.);
#2227 = EDGE_CURVE('',#2188,#2228,#2230,.T.);
#2228 = VERTEX_POINT('',#2229);
#2229 = CARTESIAN_POINT('',(78.154700538379,89.,52.));
#2230 = LINE('',#2231,#2232);
#2231 = CARTESIAN_POINT('',(79.,89.,52.));
#2232 = VECTOR('',#2233,1.);
#2233 = DIRECTION('',(-1.,-0.,-0.));
#2234 = ORIENTED_EDGE('',*,*,#2187,.T.);
#2235 = ORIENTED_EDGE('',*,*,#2236,.T.);
#2236 = EDGE_CURVE('',#2190,#2237,#2239,.T.);
#2237 = VERTEX_POINT('',#2238);
#2238 = CARTESIAN_POINT('',(72.381197846483,89.,62.));
#2239 = LINE('',#2240,#2241);
#2240 = CARTESIAN_POINT('',(79.,89.,62.));
#2241 = VECTOR('',#2242,1.);
#2242 = DIRECTION('',(-1.,-0.,-0.));
#2243 = ORIENTED_EDGE('',*,*,#2244,.F.);
#2244 = EDGE_CURVE('',#2228,#2237,#2245,.T.);
#2245 = LINE('',#2246,#2247);
#2246 = CARTESIAN_POINT('',(77.562822173509,89.,53.025163399856));
#2247 = VECTOR('',#2248,1.);
#2248 = DIRECTION('',(-0.5,0.,0.866025403784));
#2249 = PLANE('',#2250);
#2250 = AXIS2_PLACEMENT_3D('',#2251,#2252,#2253);
#2251 = CARTESIAN_POINT('',(79.,89.,52.));
#2252 = DIRECTION('',(0.,1.,0.));
#2253 = DIRECTION('',(0.,0.,-1.));
#2254 = ADVANCED_FACE('',(#2255),#2389,.T.);
#2255 = FACE_BOUND('',#2256,.F.);
#2256 = EDGE_LOOP('',(#2257,#2265,#2266,#2267,#2275,#2283,#2291,#2300,
    #2309,#2317,#2325,#2333,#2341,#2349,#2358,#2367,#2375,#2383));
#2257 = ORIENTED_EDGE('',*,*,#2258,.F.);
#2258 = EDGE_CURVE('',#2206,#2259,#2261,.T.);
#2259 = VERTEX_POINT('',#2260);
#2260 = CARTESIAN_POINT('',(72.381197846483,140.5,62.));
#2261 = LINE('',#2262,#2263);
#2262 = CARTESIAN_POINT('',(79.,140.5,62.));
#2263 = VECTOR('',#2264,1.);
#2264 = DIRECTION('',(-1.,-0.,-0.));
#2265 = ORIENTED_EDGE('',*,*,#2213,.F.);
#2266 = ORIENTED_EDGE('',*,*,#2236,.T.);
#2267 = ORIENTED_EDGE('',*,*,#2268,.F.);
#2268 = EDGE_CURVE('',#2269,#2237,#2271,.T.);
#2269 = VERTEX_POINT('',#2270);
#2270 = CARTESIAN_POINT('',(72.381197846483,99.,62.));
#2271 = LINE('',#2272,#2273);
#2272 = CARTESIAN_POINT('',(72.381197846483,101.875,62.));
#2273 = VECTOR('',#2274,1.);
#2274 = DIRECTION('',(-0.,-1.,-0.));
#2275 = ORIENTED_EDGE('',*,*,#2276,.F.);
#2276 = EDGE_CURVE('',#2277,#2269,#2279,.T.);
#2277 = VERTEX_POINT('',#2278);
#2278 = CARTESIAN_POINT('',(63.143593539449,99.,62.));
#2279 = LINE('',#2280,#2281);
#2280 = CARTESIAN_POINT('',(77.607695154587,99.,62.));
#2281 = VECTOR('',#2282,1.);
#2282 = DIRECTION('',(1.,0.,0.));
#2283 = ORIENTED_EDGE('',*,*,#2284,.T.);
#2284 = EDGE_CURVE('',#2277,#2285,#2287,.T.);
#2285 = VERTEX_POINT('',#2286);
#2286 = CARTESIAN_POINT('',(63.143593539449,96.183284206679,62.));
#2287 = LINE('',#2288,#2289);
#2288 = CARTESIAN_POINT('',(63.143593539449,101.875,62.));
#2289 = VECTOR('',#2290,1.);
#2290 = DIRECTION('',(-0.,-1.,-0.));
#2291 = ORIENTED_EDGE('',*,*,#2292,.F.);
#2292 = EDGE_CURVE('',#2293,#2285,#2295,.T.);
#2293 = VERTEX_POINT('',#2294);
#2294 = CARTESIAN_POINT('',(62.7,95.,62.));
#2295 = CIRCLE('',#2296,1.8);
#2296 = AXIS2_PLACEMENT_3D('',#2297,#2298,#2299);
#2297 = CARTESIAN_POINT('',(64.5,95.,62.));
#2298 = DIRECTION('',(0.,0.,-1.));
#2299 = DIRECTION('',(-1.,-0.,-0.));
#2300 = ORIENTED_EDGE('',*,*,#2301,.F.);
#2301 = EDGE_CURVE('',#2302,#2293,#2304,.T.);
#2302 = VERTEX_POINT('',#2303);
#2303 = CARTESIAN_POINT('',(63.143593539449,93.816715793321,62.));
#2304 = CIRCLE('',#2305,1.8);
#2305 = AXIS2_PLACEMENT_3D('',#2306,#2307,#2308);
#2306 = CARTESIAN_POINT('',(64.5,95.,62.));
#2307 = DIRECTION('',(0.,0.,-1.));
#2308 = DIRECTION('',(-1.,-0.,-0.));
#2309 = ORIENTED_EDGE('',*,*,#2310,.T.);
#2310 = EDGE_CURVE('',#2302,#2311,#2313,.T.);
#2311 = VERTEX_POINT('',#2312);
#2312 = CARTESIAN_POINT('',(63.143593539449,89.,62.));
#2313 = LINE('',#2314,#2315);
#2314 = CARTESIAN_POINT('',(63.143593539449,101.875,62.));
#2315 = VECTOR('',#2316,1.);
#2316 = DIRECTION('',(-0.,-1.,-0.));
#2317 = ORIENTED_EDGE('',*,*,#2318,.T.);
#2318 = EDGE_CURVE('',#2311,#2319,#2321,.T.);
#2319 = VERTEX_POINT('',#2320);
#2320 = CARTESIAN_POINT('',(60.,89.,62.));
#2321 = LINE('',#2322,#2323);
#2322 = CARTESIAN_POINT('',(79.,89.,62.));
#2323 = VECTOR('',#2324,1.);
#2324 = DIRECTION('',(-1.,-0.,-0.));
#2325 = ORIENTED_EDGE('',*,*,#2326,.T.);
#2326 = EDGE_CURVE('',#2319,#2327,#2329,.T.);
#2327 = VERTEX_POINT('',#2328);
#2328 = CARTESIAN_POINT('',(60.,140.5,62.));
#2329 = LINE('',#2330,#2331);
#2330 = CARTESIAN_POINT('',(60.,89.,62.));
#2331 = VECTOR('',#2332,1.);
#2332 = DIRECTION('',(0.,1.,0.));
#2333 = ORIENTED_EDGE('',*,*,#2334,.F.);
#2334 = EDGE_CURVE('',#2335,#2327,#2337,.T.);
#2335 = VERTEX_POINT('',#2336);
#2336 = CARTESIAN_POINT('',(63.143593539449,140.5,62.));
#2337 = LINE('',#2338,#2339);
#2338 = CARTESIAN_POINT('',(79.,140.5,62.));
#2339 = VECTOR('',#2340,1.);
#2340 = DIRECTION('',(-1.,-0.,-0.));
#2341 = ORIENTED_EDGE('',*,*,#2342,.T.);
#2342 = EDGE_CURVE('',#2335,#2343,#2345,.T.);
#2343 = VERTEX_POINT('',#2344);
#2344 = CARTESIAN_POINT('',(63.143593539449,136.18328420667,62.));
#2345 = LINE('',#2346,#2347);
#2346 = CARTESIAN_POINT('',(63.143593539449,101.875,62.));
#2347 = VECTOR('',#2348,1.);
#2348 = DIRECTION('',(-0.,-1.,-0.));
#2349 = ORIENTED_EDGE('',*,*,#2350,.F.);
#2350 = EDGE_CURVE('',#2351,#2343,#2353,.T.);
#2351 = VERTEX_POINT('',#2352);
#2352 = CARTESIAN_POINT('',(62.7,135.,62.));
#2353 = CIRCLE('',#2354,1.8);
#2354 = AXIS2_PLACEMENT_3D('',#2355,#2356,#2357);
#2355 = CARTESIAN_POINT('',(64.5,135.,62.));
#2356 = DIRECTION('',(0.,0.,-1.));
#2357 = DIRECTION('',(-1.,-0.,-0.));
#2358 = ORIENTED_EDGE('',*,*,#2359,.F.);
#2359 = EDGE_CURVE('',#2360,#2351,#2362,.T.);
#2360 = VERTEX_POINT('',#2361);
#2361 = CARTESIAN_POINT('',(63.143593539449,133.81671579332,62.));
#2362 = CIRCLE('',#2363,1.8);
#2363 = AXIS2_PLACEMENT_3D('',#2364,#2365,#2366);
#2364 = CARTESIAN_POINT('',(64.5,135.,62.));
#2365 = DIRECTION('',(0.,0.,-1.));
#2366 = DIRECTION('',(-1.,-0.,-0.));
#2367 = ORIENTED_EDGE('',*,*,#2368,.T.);
#2368 = EDGE_CURVE('',#2360,#2369,#2371,.T.);
#2369 = VERTEX_POINT('',#2370);
#2370 = CARTESIAN_POINT('',(63.143593539449,130.5,62.));
#2371 = LINE('',#2372,#2373);
#2372 = CARTESIAN_POINT('',(63.143593539449,101.875,62.));
#2373 = VECTOR('',#2374,1.);
#2374 = DIRECTION('',(-0.,-1.,-0.));
#2375 = ORIENTED_EDGE('',*,*,#2376,.F.);
#2376 = EDGE_CURVE('',#2377,#2369,#2379,.T.);
#2377 = VERTEX_POINT('',#2378);
#2378 = CARTESIAN_POINT('',(72.381197846483,130.5,62.));
#2379 = LINE('',#2380,#2381);
#2380 = CARTESIAN_POINT('',(70.357695154587,130.5,62.));
#2381 = VECTOR('',#2382,1.);
#2382 = DIRECTION('',(-1.,-0.,-0.));
#2383 = ORIENTED_EDGE('',*,*,#2384,.F.);
#2384 = EDGE_CURVE('',#2259,#2377,#2385,.T.);
#2385 = LINE('',#2386,#2387);
#2386 = CARTESIAN_POINT('',(72.381197846483,101.875,62.));
#2387 = VECTOR('',#2388,1.);
#2388 = DIRECTION('',(-0.,-1.,-0.));
#2389 = PLANE('',#2390);
#2390 = AXIS2_PLACEMENT_3D('',#2391,#2392,#2393);
#2391 = CARTESIAN_POINT('',(79.,89.,62.));
#2392 = DIRECTION('',(0.,0.,1.));
#2393 = DIRECTION('',(1.,0.,0.));
#2394 = ADVANCED_FACE('',(#2395),#2413,.T.);
#2395 = FACE_BOUND('',#2396,.F.);
#2396 = EDGE_LOOP('',(#2397,#2405,#2406,#2407));
#2397 = ORIENTED_EDGE('',*,*,#2398,.F.);
#2398 = EDGE_CURVE('',#2198,#2399,#2401,.T.);
#2399 = VERTEX_POINT('',#2400);
#2400 = CARTESIAN_POINT('',(78.154700538379,140.5,52.));
#2401 = LINE('',#2402,#2403);
#2402 = CARTESIAN_POINT('',(79.,140.5,52.));
#2403 = VECTOR('',#2404,1.);
#2404 = DIRECTION('',(-1.,-0.,-0.));
#2405 = ORIENTED_EDGE('',*,*,#2205,.T.);
#2406 = ORIENTED_EDGE('',*,*,#2258,.T.);
#2407 = ORIENTED_EDGE('',*,*,#2408,.F.);
#2408 = EDGE_CURVE('',#2399,#2259,#2409,.T.);
#2409 = LINE('',#2410,#2411);
#2410 = CARTESIAN_POINT('',(77.562822173509,140.5,53.025163399856));
#2411 = VECTOR('',#2412,1.);
#2412 = DIRECTION('',(-0.5,0.,0.866025403784));
#2413 = PLANE('',#2414);
#2414 = AXIS2_PLACEMENT_3D('',#2415,#2416,#2417);
#2415 = CARTESIAN_POINT('',(79.,140.5,52.));
#2416 = DIRECTION('',(0.,1.,0.));
#2417 = DIRECTION('',(0.,0.,-1.));
#2418 = ADVANCED_FACE('',(#2419,#2566,#2577,#2588,#2599),#2610,.T.);
#2419 = FACE_BOUND('',#2420,.F.);
#2420 = EDGE_LOOP('',(#2421,#2431,#2439,#2447,#2455,#2463,#2471,#2479,
    #2487,#2495,#2503,#2511,#2519,#2528,#2534,#2535,#2536,#2544,#2552,
    #2558,#2559,#2560));
#2421 = ORIENTED_EDGE('',*,*,#2422,.T.);
#2422 = EDGE_CURVE('',#2423,#2425,#2427,.T.);
#2423 = VERTEX_POINT('',#2424);
#2424 = CARTESIAN_POINT('',(78.154700538379,88.,52.));
#2425 = VERTEX_POINT('',#2426);
#2426 = CARTESIAN_POINT('',(63.009618943233,88.,78.232050807569));
#2427 = LINE('',#2428,#2429);
#2428 = CARTESIAN_POINT('',(90.509618943233,88.,30.600653599425));
#2429 = VECTOR('',#2430,1.);
#2430 = DIRECTION('',(-0.5,0.,0.866025403784));
#2431 = ORIENTED_EDGE('',*,*,#2432,.T.);
#2432 = EDGE_CURVE('',#2425,#2433,#2435,.T.);
#2433 = VERTEX_POINT('',#2434);
#2434 = CARTESIAN_POINT('',(63.009618943233,141.5,78.232050807569));
#2435 = LINE('',#2436,#2437);
#2436 = CARTESIAN_POINT('',(63.009618943233,88.,78.232050807569));
#2437 = VECTOR('',#2438,1.);
#2438 = DIRECTION('',(6.640586315515E-17,1.,0.));
#2439 = ORIENTED_EDGE('',*,*,#2440,.T.);
#2440 = EDGE_CURVE('',#2433,#2441,#2443,.T.);
#2441 = VERTEX_POINT('',#2442);
#2442 = CARTESIAN_POINT('',(90.509618943233,141.5,30.600653599425));
#2443 = LINE('',#2444,#2445);
#2444 = CARTESIAN_POINT('',(63.009618943233,141.5,78.232050807569));
#2445 = VECTOR('',#2446,1.);
#2446 = DIRECTION('',(0.5,0.,-0.866025403784));
#2447 = ORIENTED_EDGE('',*,*,#2448,.T.);
#2448 = EDGE_CURVE('',#2441,#2449,#2451,.T.);
#2449 = VERTEX_POINT('',#2450);
#2450 = CARTESIAN_POINT('',(90.509618943233,88.,30.600653599425));
#2451 = LINE('',#2452,#2453);
#2452 = CARTESIAN_POINT('',(90.509618943233,141.5,30.600653599425));
#2453 = VECTOR('',#2454,1.);
#2454 = DIRECTION('',(-0.,-1.,-0.));
#2455 = ORIENTED_EDGE('',*,*,#2456,.T.);
#2456 = EDGE_CURVE('',#2449,#2457,#2459,.T.);
#2457 = VERTEX_POINT('',#2458);
#2458 = CARTESIAN_POINT('',(80.464101615138,88.,48.));
#2459 = LINE('',#2460,#2461);
#2460 = CARTESIAN_POINT('',(90.509618943233,88.,30.600653599425));
#2461 = VECTOR('',#2462,1.);
#2462 = DIRECTION('',(-0.5,0.,0.866025403784));
#2463 = ORIENTED_EDGE('',*,*,#2464,.T.);
#2464 = EDGE_CURVE('',#2457,#2465,#2467,.T.);
#2465 = VERTEX_POINT('',#2466);
#2466 = CARTESIAN_POINT('',(80.464101615138,89.,48.));
#2467 = LINE('',#2468,#2469);
#2468 = CARTESIAN_POINT('',(80.464101615138,92.02669481178,48.));
#2469 = VECTOR('',#2470,1.);
#2470 = DIRECTION('',(0.,1.,0.));
#2471 = ORIENTED_EDGE('',*,*,#2472,.T.);
#2472 = EDGE_CURVE('',#2465,#2473,#2475,.T.);
#2473 = VERTEX_POINT('',#2474);
#2474 = CARTESIAN_POINT('',(79.,89.,50.535898384862));
#2475 = LINE('',#2476,#2477);
#2476 = CARTESIAN_POINT('',(78.428847577293,89.,51.525163399856));
#2477 = VECTOR('',#2478,1.);
#2478 = DIRECTION('',(-0.5,0.,0.866025403784));
#2479 = ORIENTED_EDGE('',*,*,#2480,.T.);
#2480 = EDGE_CURVE('',#2473,#2481,#2483,.T.);
#2481 = VERTEX_POINT('',#2482);
#2482 = CARTESIAN_POINT('',(79.,99.,50.535898384862));
#2483 = LINE('',#2484,#2485);
#2484 = CARTESIAN_POINT('',(79.,124.375,50.535898384862));
#2485 = VECTOR('',#2486,1.);
#2486 = DIRECTION('',(0.,1.,0.));
#2487 = ORIENTED_EDGE('',*,*,#2488,.T.);
#2488 = EDGE_CURVE('',#2481,#2489,#2491,.T.);
#2489 = VERTEX_POINT('',#2490);
#2490 = CARTESIAN_POINT('',(84.009618943233,99.,41.858983848622));
#2491 = LINE('',#2492,#2493);
#2492 = CARTESIAN_POINT('',(80.384618943233,99.,48.13766802606));
#2493 = VECTOR('',#2494,1.);
#2494 = DIRECTION('',(0.5,0.,-0.866025403784));
#2495 = ORIENTED_EDGE('',*,*,#2496,.T.);
#2496 = EDGE_CURVE('',#2489,#2497,#2499,.T.);
#2497 = VERTEX_POINT('',#2498);
#2498 = CARTESIAN_POINT('',(84.009618943233,130.5,41.858983848622));
#2499 = LINE('',#2500,#2501);
#2500 = CARTESIAN_POINT('',(84.009618943233,122.625,41.858983848622));
#2501 = VECTOR('',#2502,1.);
#2502 = DIRECTION('',(0.,1.,0.));
#2503 = ORIENTED_EDGE('',*,*,#2504,.T.);
#2504 = EDGE_CURVE('',#2497,#2505,#2507,.T.);
#2505 = VERTEX_POINT('',#2506);
#2506 = CARTESIAN_POINT('',(79.,130.5,50.535898384862));
#2507 = LINE('',#2508,#2509);
#2508 = CARTESIAN_POINT('',(73.134618943233,130.5,60.695036380934));
#2509 = VECTOR('',#2510,1.);
#2510 = DIRECTION('',(-0.5,0.,0.866025403784));
#2511 = ORIENTED_EDGE('',*,*,#2512,.T.);
#2512 = EDGE_CURVE('',#2505,#2513,#2515,.T.);
#2513 = VERTEX_POINT('',#2514);
#2514 = CARTESIAN_POINT('',(79.,134.,50.535898384862));
#2515 = LINE('',#2516,#2517);
#2516 = CARTESIAN_POINT('',(79.,124.375,50.535898384862));
#2517 = VECTOR('',#2518,1.);
#2518 = DIRECTION('',(0.,1.,0.));
#2519 = ORIENTED_EDGE('',*,*,#2520,.F.);
#2520 = EDGE_CURVE('',#2521,#2513,#2523,.T.);
#2521 = VERTEX_POINT('',#2522);
#2522 = CARTESIAN_POINT('',(78.154700538379,137.0706778339,52.));
#2523 = ELLIPSE('',#2524,12.,6.);
#2524 = AXIS2_PLACEMENT_3D('',#2525,#2526,#2527);
#2525 = CARTESIAN_POINT('',(73.,134.,60.928203230276));
#2526 = DIRECTION('',(-0.866025403784,0.,-0.5));
#2527 = DIRECTION('',(0.5,0.,-0.866025403784));
#2528 = ORIENTED_EDGE('',*,*,#2529,.F.);
#2529 = EDGE_CURVE('',#2399,#2521,#2530,.T.);
#2530 = LINE('',#2531,#2532);
#2531 = CARTESIAN_POINT('',(78.154700538379,101.875,52.));
#2532 = VECTOR('',#2533,1.);
#2533 = DIRECTION('',(-0.,-1.,-0.));
#2534 = ORIENTED_EDGE('',*,*,#2408,.T.);
#2535 = ORIENTED_EDGE('',*,*,#2384,.T.);
#2536 = ORIENTED_EDGE('',*,*,#2537,.T.);
#2537 = EDGE_CURVE('',#2377,#2538,#2540,.T.);
#2538 = VERTEX_POINT('',#2539);
#2539 = CARTESIAN_POINT('',(69.509618943233,130.5,66.973720558371));
#2540 = LINE('',#2541,#2542);
#2541 = CARTESIAN_POINT('',(73.134618943233,130.5,60.695036380934));
#2542 = VECTOR('',#2543,1.);
#2543 = DIRECTION('',(-0.5,0.,0.866025403784));
#2544 = ORIENTED_EDGE('',*,*,#2545,.T.);
#2545 = EDGE_CURVE('',#2538,#2546,#2548,.T.);
#2546 = VERTEX_POINT('',#2547);
#2547 = CARTESIAN_POINT('',(69.509618943233,99.,66.973720558371));
#2548 = LINE('',#2549,#2550);
#2549 = CARTESIAN_POINT('',(69.509618943233,106.875,66.973720558371));
#2550 = VECTOR('',#2551,1.);
#2551 = DIRECTION('',(-0.,-1.,-0.));
#2552 = ORIENTED_EDGE('',*,*,#2553,.T.);
#2553 = EDGE_CURVE('',#2546,#2269,#2554,.T.);
#2554 = LINE('',#2555,#2556);
#2555 = CARTESIAN_POINT('',(80.384618943233,99.,48.13766802606));
#2556 = VECTOR('',#2557,1.);
#2557 = DIRECTION('',(0.5,0.,-0.866025403784));
#2558 = ORIENTED_EDGE('',*,*,#2268,.T.);
#2559 = ORIENTED_EDGE('',*,*,#2244,.F.);
#2560 = ORIENTED_EDGE('',*,*,#2561,.F.);
#2561 = EDGE_CURVE('',#2423,#2228,#2562,.T.);
#2562 = LINE('',#2563,#2564);
#2563 = CARTESIAN_POINT('',(78.154700538379,92.02669481178,52.));
#2564 = VECTOR('',#2565,1.);
#2565 = DIRECTION('',(0.,1.,0.));
#2566 = FACE_BOUND('',#2567,.F.);
#2567 = EDGE_LOOP('',(#2568));
#2568 = ORIENTED_EDGE('',*,*,#2569,.F.);
#2569 = EDGE_CURVE('',#2570,#2570,#2572,.T.);
#2570 = VERTEX_POINT('',#2571);
#2571 = CARTESIAN_POINT('',(68.034618943233,134.5,69.528495499535));
#2572 = CIRCLE('',#2573,2.3);
#2573 = AXIS2_PLACEMENT_3D('',#2574,#2575,#2576);
#2574 = CARTESIAN_POINT('',(66.884618943233,134.5,71.520353928239));
#2575 = DIRECTION('',(-0.866025403784,-0.,-0.5));
#2576 = DIRECTION('',(0.5,0.,-0.866025403784));
#2577 = FACE_BOUND('',#2578,.F.);
#2578 = EDGE_LOOP('',(#2579));
#2579 = ORIENTED_EDGE('',*,*,#2580,.F.);
#2580 = EDGE_CURVE('',#2581,#2581,#2583,.T.);
#2581 = VERTEX_POINT('',#2582);
#2582 = CARTESIAN_POINT('',(87.784618943233,134.5,35.32049205005));
#2583 = CIRCLE('',#2584,2.3);
#2584 = AXIS2_PLACEMENT_3D('',#2585,#2586,#2587);
#2585 = CARTESIAN_POINT('',(86.634618943233,134.5,37.312350478754));
#2586 = DIRECTION('',(-0.866025403784,-0.,-0.5));
#2587 = DIRECTION('',(0.5,0.,-0.866025403784));
#2588 = FACE_BOUND('',#2589,.F.);
#2589 = EDGE_LOOP('',(#2590));
#2590 = ORIENTED_EDGE('',*,*,#2591,.F.);
#2591 = EDGE_CURVE('',#2592,#2592,#2594,.T.);
#2592 = VERTEX_POINT('',#2593);
#2593 = CARTESIAN_POINT('',(68.034618943233,95.,69.528495499535));
#2594 = CIRCLE('',#2595,2.3);
#2595 = AXIS2_PLACEMENT_3D('',#2596,#2597,#2598);
#2596 = CARTESIAN_POINT('',(66.884618943233,95.,71.520353928239));
#2597 = DIRECTION('',(-0.866025403784,-0.,-0.5));
#2598 = DIRECTION('',(0.5,0.,-0.866025403784));
#2599 = FACE_BOUND('',#2600,.F.);
#2600 = EDGE_LOOP('',(#2601));
#2601 = ORIENTED_EDGE('',*,*,#2602,.F.);
#2602 = EDGE_CURVE('',#2603,#2603,#2605,.T.);
#2603 = VERTEX_POINT('',#2604);
#2604 = CARTESIAN_POINT('',(87.784618943233,95.,35.32049205005));
#2605 = CIRCLE('',#2606,2.3);
#2606 = AXIS2_PLACEMENT_3D('',#2607,#2608,#2609);
#2607 = CARTESIAN_POINT('',(86.634618943233,95.,37.312350478754));
#2608 = DIRECTION('',(-0.866025403784,-0.,-0.5));
#2609 = DIRECTION('',(0.5,0.,-0.866025403784));
#2610 = PLANE('',#2611);
#2611 = AXIS2_PLACEMENT_3D('',#2612,#2613,#2614);
#2612 = CARTESIAN_POINT('',(76.759618943233,114.75,54.416352203497));
#2613 = DIRECTION('',(0.866025403784,0.,0.5));
#2614 = DIRECTION('',(-0.5,0.,0.866025403784));
#2615 = ADVANCED_FACE('',(#2616),#2634,.T.);
#2616 = FACE_BOUND('',#2617,.F.);
#2617 = EDGE_LOOP('',(#2618,#2619,#2620,#2628));
#2618 = ORIENTED_EDGE('',*,*,#2537,.F.);
#2619 = ORIENTED_EDGE('',*,*,#2376,.T.);
#2620 = ORIENTED_EDGE('',*,*,#2621,.T.);
#2621 = EDGE_CURVE('',#2369,#2622,#2624,.T.);
#2622 = VERTEX_POINT('',#2623);
#2623 = CARTESIAN_POINT('',(62.581415712958,130.5,62.973720558371));
#2624 = LINE('',#2625,#2626);
#2625 = CARTESIAN_POINT('',(66.206415712958,130.5,56.695036380934));
#2626 = VECTOR('',#2627,1.);
#2627 = DIRECTION('',(-0.5,0.,0.866025403784));
#2628 = ORIENTED_EDGE('',*,*,#2629,.T.);
#2629 = EDGE_CURVE('',#2622,#2538,#2630,.T.);
#2630 = LINE('',#2631,#2632);
#2631 = CARTESIAN_POINT('',(61.715390309173,130.5,62.473720558371));
#2632 = VECTOR('',#2633,1.);
#2633 = DIRECTION('',(0.866025403784,0.,0.5));
#2634 = PLANE('',#2635);
#2635 = AXIS2_PLACEMENT_3D('',#2636,#2637,#2638);
#2636 = CARTESIAN_POINT('',(61.715390309173,130.5,62.473720558371));
#2637 = DIRECTION('',(0.,-1.,0.));
#2638 = DIRECTION('',(-0.5,0.,0.866025403784));
#2639 = ADVANCED_FACE('',(#2640,#3003,#3014,#3025,#3036),#3047,.F.);
#2640 = FACE_BOUND('',#2641,.T.);
#2641 = EDGE_LOOP('',(#2642,#2652,#2660,#2668,#2676,#2684,#2692,#2700,
    #2708,#2716,#2724,#2732,#2740,#2748,#2756,#2764,#2770,#2771,#2780,
    #2788,#2797,#2805,#2814,#2822,#2831,#2839,#2848,#2856,#2865,#2873,
    #2881,#2888,#2889,#2890,#2898,#2904,#2905,#2914,#2922,#2930,#2938,
    #2947,#2955,#2964,#2972,#2981,#2989,#2996,#2997));
#2642 = ORIENTED_EDGE('',*,*,#2643,.F.);
#2643 = EDGE_CURVE('',#2644,#2646,#2648,.T.);
#2644 = VERTEX_POINT('',#2645);
#2645 = CARTESIAN_POINT('',(68.917096231345,88.,52.));
#2646 = VERTEX_POINT('',#2647);
#2647 = CARTESIAN_POINT('',(68.917096231345,89.,52.));
#2648 = LINE('',#2649,#2650);
#2649 = CARTESIAN_POINT('',(68.917096231345,92.02669481178,52.));
#2650 = VECTOR('',#2651,1.);
#2651 = DIRECTION('',(0.,1.,0.));
#2652 = ORIENTED_EDGE('',*,*,#2653,.T.);
#2653 = EDGE_CURVE('',#2644,#2654,#2656,.T.);
#2654 = VERTEX_POINT('',#2655);
#2655 = CARTESIAN_POINT('',(56.081415712958,88.,74.232050807569));
#2656 = LINE('',#2657,#2658);
#2657 = CARTESIAN_POINT('',(83.581415712958,88.,26.600653599425));
#2658 = VECTOR('',#2659,1.);
#2659 = DIRECTION('',(-0.5,0.,0.866025403784));
#2660 = ORIENTED_EDGE('',*,*,#2661,.T.);
#2661 = EDGE_CURVE('',#2654,#2662,#2664,.T.);
#2662 = VERTEX_POINT('',#2663);
#2663 = CARTESIAN_POINT('',(56.081415712958,141.5,74.232050807569));
#2664 = LINE('',#2665,#2666);
#2665 = CARTESIAN_POINT('',(56.081415712958,88.,74.232050807569));
#2666 = VECTOR('',#2667,1.);
#2667 = DIRECTION('',(6.640586315515E-17,1.,0.));
#2668 = ORIENTED_EDGE('',*,*,#2669,.T.);
#2669 = EDGE_CURVE('',#2662,#2670,#2672,.T.);
#2670 = VERTEX_POINT('',#2671);
#2671 = CARTESIAN_POINT('',(83.581415712958,141.5,26.600653599425));
#2672 = LINE('',#2673,#2674);
#2673 = CARTESIAN_POINT('',(56.081415712958,141.5,74.232050807569));
#2674 = VECTOR('',#2675,1.);
#2675 = DIRECTION('',(0.5,0.,-0.866025403784));
#2676 = ORIENTED_EDGE('',*,*,#2677,.T.);
#2677 = EDGE_CURVE('',#2670,#2678,#2680,.T.);
#2678 = VERTEX_POINT('',#2679);
#2679 = CARTESIAN_POINT('',(83.581415712958,88.,26.600653599425));
#2680 = LINE('',#2681,#2682);
#2681 = CARTESIAN_POINT('',(83.581415712958,141.5,26.600653599425));
#2682 = VECTOR('',#2683,1.);
#2683 = DIRECTION('',(-0.,-1.,-0.));
#2684 = ORIENTED_EDGE('',*,*,#2685,.T.);
#2685 = EDGE_CURVE('',#2678,#2686,#2688,.T.);
#2686 = VERTEX_POINT('',#2687);
#2687 = CARTESIAN_POINT('',(73.,88.,44.928203230275));
#2688 = LINE('',#2689,#2690);
#2689 = CARTESIAN_POINT('',(83.581415712958,88.,26.600653599425));
#2690 = VECTOR('',#2691,1.);
#2691 = DIRECTION('',(-0.5,0.,0.866025403784));
#2692 = ORIENTED_EDGE('',*,*,#2693,.T.);
#2693 = EDGE_CURVE('',#2686,#2694,#2696,.T.);
#2694 = VERTEX_POINT('',#2695);
#2695 = CARTESIAN_POINT('',(73.,99.,44.928203230275));
#2696 = LINE('',#2697,#2698);
#2697 = CARTESIAN_POINT('',(73.,91.48893943901,44.928203230275));
#2698 = VECTOR('',#2699,1.);
#2699 = DIRECTION('',(-8.9E-16,1.,1.541525218736E-15));
#2700 = ORIENTED_EDGE('',*,*,#2701,.T.);
#2701 = EDGE_CURVE('',#2694,#2702,#2704,.T.);
#2702 = VERTEX_POINT('',#2703);
#2703 = CARTESIAN_POINT('',(77.081415712958,99.,37.858983848622));
#2704 = LINE('',#2705,#2706);
#2705 = CARTESIAN_POINT('',(73.456415712958,99.,44.13766802606));
#2706 = VECTOR('',#2707,1.);
#2707 = DIRECTION('',(0.5,0.,-0.866025403784));
#2708 = ORIENTED_EDGE('',*,*,#2709,.T.);
#2709 = EDGE_CURVE('',#2702,#2710,#2712,.T.);
#2710 = VERTEX_POINT('',#2711);
#2711 = CARTESIAN_POINT('',(77.081415712958,130.5,37.858983848622));
#2712 = LINE('',#2713,#2714);
#2713 = CARTESIAN_POINT('',(77.081415712958,122.625,37.858983848622));
#2714 = VECTOR('',#2715,1.);
#2715 = DIRECTION('',(0.,1.,0.));
#2716 = ORIENTED_EDGE('',*,*,#2717,.T.);
#2717 = EDGE_CURVE('',#2710,#2718,#2720,.T.);
#2718 = VERTEX_POINT('',#2719);
#2719 = CARTESIAN_POINT('',(73.,130.5,44.928203230275));
#2720 = LINE('',#2721,#2722);
#2721 = CARTESIAN_POINT('',(66.206415712958,130.5,56.695036380934));
#2722 = VECTOR('',#2723,1.);
#2723 = DIRECTION('',(-0.5,0.,0.866025403784));
#2724 = ORIENTED_EDGE('',*,*,#2725,.T.);
#2725 = EDGE_CURVE('',#2718,#2726,#2728,.T.);
#2726 = VERTEX_POINT('',#2727);
#2727 = CARTESIAN_POINT('',(73.,135.,44.928203230275));
#2728 = LINE('',#2729,#2730);
#2729 = CARTESIAN_POINT('',(73.,91.48893943901,44.928203230275));
#2730 = VECTOR('',#2731,1.);
#2731 = DIRECTION('',(-8.9E-16,1.,1.541525218736E-15));
#2732 = ORIENTED_EDGE('',*,*,#2733,.T.);
#2733 = EDGE_CURVE('',#2726,#2734,#2736,.T.);
#2734 = VERTEX_POINT('',#2735);
#2735 = CARTESIAN_POINT('',(71.226497308104,135.,48.));
#2736 = LINE('',#2737,#2738);
#2737 = CARTESIAN_POINT('',(80.709936490539,135.,31.574201505533));
#2738 = VECTOR('',#2739,1.);
#2739 = DIRECTION('',(-0.5,2.177339375866E-15,0.866025403784));
#2740 = ORIENTED_EDGE('',*,*,#2741,.T.);
#2741 = EDGE_CURVE('',#2734,#2742,#2744,.T.);
#2742 = VERTEX_POINT('',#2743);
#2743 = CARTESIAN_POINT('',(71.226497308104,140.,48.));
#2744 = LINE('',#2745,#2746);
#2745 = CARTESIAN_POINT('',(71.226497308104,92.02669481178,48.));
#2746 = VECTOR('',#2747,1.);
#2747 = DIRECTION('',(0.,1.,0.));
#2748 = ORIENTED_EDGE('',*,*,#2749,.T.);
#2749 = EDGE_CURVE('',#2742,#2750,#2752,.T.);
#2750 = VERTEX_POINT('',#2751);
#2751 = CARTESIAN_POINT('',(68.917096231345,140.,52.));
#2752 = LINE('',#2753,#2754);
#2753 = CARTESIAN_POINT('',(62.375644347018,140.,63.330127018922));
#2754 = VECTOR('',#2755,1.);
#2755 = DIRECTION('',(-0.5,0.,0.866025403784));
#2756 = ORIENTED_EDGE('',*,*,#2757,.F.);
#2757 = EDGE_CURVE('',#2758,#2750,#2760,.T.);
#2758 = VERTEX_POINT('',#2759);
#2759 = CARTESIAN_POINT('',(68.917096231345,140.5,52.));
#2760 = LINE('',#2761,#2762);
#2761 = CARTESIAN_POINT('',(68.917096231345,101.875,52.));
#2762 = VECTOR('',#2763,1.);
#2763 = DIRECTION('',(-0.,-1.,-0.));
#2764 = ORIENTED_EDGE('',*,*,#2765,.T.);
#2765 = EDGE_CURVE('',#2758,#2335,#2766,.T.);
#2766 = LINE('',#2767,#2768);
#2767 = CARTESIAN_POINT('',(70.634618943233,140.5,49.025163399856));
#2768 = VECTOR('',#2769,1.);
#2769 = DIRECTION('',(-0.5,0.,0.866025403784));
#2770 = ORIENTED_EDGE('',*,*,#2342,.T.);
#2771 = ORIENTED_EDGE('',*,*,#2772,.T.);
#2772 = EDGE_CURVE('',#2343,#2773,#2775,.T.);
#2773 = VERTEX_POINT('',#2774);
#2774 = CARTESIAN_POINT('',(65.366392075829,136.57777209093,58.15));
#2775 = ELLIPSE('',#2776,3.6,1.8);
#2776 = AXIS2_PLACEMENT_3D('',#2777,#2778,#2779);
#2777 = CARTESIAN_POINT('',(64.5,135.,59.650635094611));
#2778 = DIRECTION('',(-0.866025403784,0.,-0.5));
#2779 = DIRECTION('',(-0.5,0.,0.866025403784));
#2780 = ORIENTED_EDGE('',*,*,#2781,.F.);
#2781 = EDGE_CURVE('',#2782,#2773,#2784,.T.);
#2782 = VERTEX_POINT('',#2783);
#2783 = CARTESIAN_POINT('',(65.366392075829,139.82279636424,58.15));
#2784 = LINE('',#2785,#2786);
#2785 = CARTESIAN_POINT('',(65.366392075829,124.875,58.15));
#2786 = VECTOR('',#2787,1.);
#2787 = DIRECTION('',(-0.,-1.,-0.));
#2788 = ORIENTED_EDGE('',*,*,#2789,.T.);
#2789 = EDGE_CURVE('',#2782,#2790,#2792,.T.);
#2790 = VERTEX_POINT('',#2791);
#2791 = CARTESIAN_POINT('',(68.917096231345,137.12114612486,52.));
#2792 = ELLIPSE('',#2793,9.8,4.9);
#2793 = AXIS2_PLACEMENT_3D('',#2794,#2795,#2796);
#2794 = CARTESIAN_POINT('',(64.5,135.,59.650635094611));
#2795 = DIRECTION('',(-0.866025403784,0.,-0.5));
#2796 = DIRECTION('',(-0.5,0.,0.866025403784));
#2797 = ORIENTED_EDGE('',*,*,#2798,.F.);
#2798 = EDGE_CURVE('',#2799,#2790,#2801,.T.);
#2799 = VERTEX_POINT('',#2800);
#2800 = CARTESIAN_POINT('',(68.917096231345,135.85980281636,52.));
#2801 = LINE('',#2802,#2803);
#2802 = CARTESIAN_POINT('',(68.917096231345,92.02669481178,52.));
#2803 = VECTOR('',#2804,1.);
#2804 = DIRECTION('',(0.,1.,0.));
#2805 = ORIENTED_EDGE('',*,*,#2806,.F.);
#2806 = EDGE_CURVE('',#2807,#2799,#2809,.T.);
#2807 = VERTEX_POINT('',#2808);
#2808 = CARTESIAN_POINT('',(65.452994616207,139.3979314753,58.));
#2809 = ELLIPSE('',#2810,9.,4.5);
#2810 = AXIS2_PLACEMENT_3D('',#2811,#2812,#2813);
#2811 = CARTESIAN_POINT('',(64.5,135.,59.650635094611));
#2812 = DIRECTION('',(-0.866025403784,0.,-0.5));
#2813 = DIRECTION('',(0.5,0.,-0.866025403784));
#2814 = ORIENTED_EDGE('',*,*,#2815,.F.);
#2815 = EDGE_CURVE('',#2816,#2807,#2818,.T.);
#2816 = VERTEX_POINT('',#2817);
#2817 = CARTESIAN_POINT('',(65.452994616207,137.09327524742,58.));
#2818 = LINE('',#2819,#2820);
#2819 = CARTESIAN_POINT('',(65.452994616207,114.875,58.));
#2820 = VECTOR('',#2821,1.);
#2821 = DIRECTION('',(0.,1.,0.));
#2822 = ORIENTED_EDGE('',*,*,#2823,.T.);
#2823 = EDGE_CURVE('',#2816,#2824,#2826,.T.);
#2824 = VERTEX_POINT('',#2825);
#2825 = CARTESIAN_POINT('',(65.452994616207,132.90672475257,58.));
#2826 = ELLIPSE('',#2827,4.6,2.3);
#2827 = AXIS2_PLACEMENT_3D('',#2828,#2829,#2830);
#2828 = CARTESIAN_POINT('',(64.5,135.,59.650635094611));
#2829 = DIRECTION('',(-0.866025403784,0.,-0.5));
#2830 = DIRECTION('',(-0.5,0.,0.866025403784));
#2831 = ORIENTED_EDGE('',*,*,#2832,.F.);
#2832 = EDGE_CURVE('',#2833,#2824,#2835,.T.);
#2833 = VERTEX_POINT('',#2834);
#2834 = CARTESIAN_POINT('',(65.452994616207,130.60206852469,58.));
#2835 = LINE('',#2836,#2837);
#2836 = CARTESIAN_POINT('',(65.452994616207,114.875,58.));
#2837 = VECTOR('',#2838,1.);
#2838 = DIRECTION('',(0.,1.,0.));
#2839 = ORIENTED_EDGE('',*,*,#2840,.F.);
#2840 = EDGE_CURVE('',#2841,#2833,#2843,.T.);
#2841 = VERTEX_POINT('',#2842);
#2842 = CARTESIAN_POINT('',(68.917096231345,134.14019718363,52.));
#2843 = ELLIPSE('',#2844,9.,4.5);
#2844 = AXIS2_PLACEMENT_3D('',#2845,#2846,#2847);
#2845 = CARTESIAN_POINT('',(64.5,135.,59.650635094611));
#2846 = DIRECTION('',(-0.866025403784,0.,-0.5));
#2847 = DIRECTION('',(0.5,0.,-0.866025403784));
#2848 = ORIENTED_EDGE('',*,*,#2849,.F.);
#2849 = EDGE_CURVE('',#2850,#2841,#2852,.T.);
#2850 = VERTEX_POINT('',#2851);
#2851 = CARTESIAN_POINT('',(68.917096231345,132.87885387513,52.));
#2852 = LINE('',#2853,#2854);
#2853 = CARTESIAN_POINT('',(68.917096231345,92.02669481178,52.));
#2854 = VECTOR('',#2855,1.);
#2855 = DIRECTION('',(0.,1.,0.));
#2856 = ORIENTED_EDGE('',*,*,#2857,.T.);
#2857 = EDGE_CURVE('',#2850,#2858,#2860,.T.);
#2858 = VERTEX_POINT('',#2859);
#2859 = CARTESIAN_POINT('',(66.439071942965,130.5,56.292063969864));
#2860 = ELLIPSE('',#2861,9.8,4.9);
#2861 = AXIS2_PLACEMENT_3D('',#2862,#2863,#2864);
#2862 = CARTESIAN_POINT('',(64.5,135.,59.650635094611));
#2863 = DIRECTION('',(-0.866025403784,0.,-0.5));
#2864 = DIRECTION('',(-0.5,0.,0.866025403784));
#2865 = ORIENTED_EDGE('',*,*,#2866,.T.);
#2866 = EDGE_CURVE('',#2858,#2867,#2869,.T.);
#2867 = VERTEX_POINT('',#2868);
#2868 = CARTESIAN_POINT('',(65.366392075829,130.5,58.15));
#2869 = LINE('',#2870,#2871);
#2870 = CARTESIAN_POINT('',(66.206415712958,130.5,56.695036380934));
#2871 = VECTOR('',#2872,1.);
#2872 = DIRECTION('',(-0.5,0.,0.866025403784));
#2873 = ORIENTED_EDGE('',*,*,#2874,.F.);
#2874 = EDGE_CURVE('',#2875,#2867,#2877,.T.);
#2875 = VERTEX_POINT('',#2876);
#2876 = CARTESIAN_POINT('',(65.366392075829,133.42222790906,58.15));
#2877 = LINE('',#2878,#2879);
#2878 = CARTESIAN_POINT('',(65.366392075829,124.875,58.15));
#2879 = VECTOR('',#2880,1.);
#2880 = DIRECTION('',(-0.,-1.,-0.));
#2881 = ORIENTED_EDGE('',*,*,#2882,.T.);
#2882 = EDGE_CURVE('',#2875,#2360,#2883,.T.);
#2883 = ELLIPSE('',#2884,3.6,1.8);
#2884 = AXIS2_PLACEMENT_3D('',#2885,#2886,#2887);
#2885 = CARTESIAN_POINT('',(64.5,135.,59.650635094611));
#2886 = DIRECTION('',(-0.866025403784,0.,-0.5));
#2887 = DIRECTION('',(-0.5,0.,0.866025403784));
#2888 = ORIENTED_EDGE('',*,*,#2368,.T.);
#2889 = ORIENTED_EDGE('',*,*,#2621,.T.);
#2890 = ORIENTED_EDGE('',*,*,#2891,.T.);
#2891 = EDGE_CURVE('',#2622,#2892,#2894,.T.);
#2892 = VERTEX_POINT('',#2893);
#2893 = CARTESIAN_POINT('',(62.581415712958,99.,62.973720558371));
#2894 = LINE('',#2895,#2896);
#2895 = CARTESIAN_POINT('',(62.581415712958,106.875,62.973720558371));
#2896 = VECTOR('',#2897,1.);
#2897 = DIRECTION('',(-0.,-1.,-0.));
#2898 = ORIENTED_EDGE('',*,*,#2899,.T.);
#2899 = EDGE_CURVE('',#2892,#2277,#2900,.T.);
#2900 = LINE('',#2901,#2902);
#2901 = CARTESIAN_POINT('',(73.456415712958,99.,44.13766802606));
#2902 = VECTOR('',#2903,1.);
#2903 = DIRECTION('',(0.5,0.,-0.866025403784));
#2904 = ORIENTED_EDGE('',*,*,#2284,.T.);
#2905 = ORIENTED_EDGE('',*,*,#2906,.T.);
#2906 = EDGE_CURVE('',#2285,#2907,#2909,.T.);
#2907 = VERTEX_POINT('',#2908);
#2908 = CARTESIAN_POINT('',(65.366392075829,96.577772090937,58.15));
#2909 = ELLIPSE('',#2910,3.6,1.8);
#2910 = AXIS2_PLACEMENT_3D('',#2911,#2912,#2913);
#2911 = CARTESIAN_POINT('',(64.5,95.,59.650635094611));
#2912 = DIRECTION('',(-0.866025403784,0.,-0.5));
#2913 = DIRECTION('',(-0.5,0.,0.866025403784));
#2914 = ORIENTED_EDGE('',*,*,#2915,.F.);
#2915 = EDGE_CURVE('',#2916,#2907,#2918,.T.);
#2916 = VERTEX_POINT('',#2917);
#2917 = CARTESIAN_POINT('',(65.366392075829,99.,58.15));
#2918 = LINE('',#2919,#2920);
#2919 = CARTESIAN_POINT('',(65.366392075829,104.875,58.15));
#2920 = VECTOR('',#2921,1.);
#2921 = DIRECTION('',(-0.,-1.,-0.));
#2922 = ORIENTED_EDGE('',*,*,#2923,.T.);
#2923 = EDGE_CURVE('',#2916,#2924,#2926,.T.);
#2924 = VERTEX_POINT('',#2925);
#2925 = CARTESIAN_POINT('',(65.452994616207,99.,58.));
#2926 = LINE('',#2927,#2928);
#2927 = CARTESIAN_POINT('',(73.456415712958,99.,44.13766802606));
#2928 = VECTOR('',#2929,1.);
#2929 = DIRECTION('',(0.5,0.,-0.866025403784));
#2930 = ORIENTED_EDGE('',*,*,#2931,.F.);
#2931 = EDGE_CURVE('',#2932,#2924,#2934,.T.);
#2932 = VERTEX_POINT('',#2933);
#2933 = CARTESIAN_POINT('',(65.452994616207,97.093275247424,58.));
#2934 = LINE('',#2935,#2936);
#2935 = CARTESIAN_POINT('',(65.452994616207,114.875,58.));
#2936 = VECTOR('',#2937,1.);
#2937 = DIRECTION('',(0.,1.,0.));
#2938 = ORIENTED_EDGE('',*,*,#2939,.T.);
#2939 = EDGE_CURVE('',#2932,#2940,#2942,.T.);
#2940 = VERTEX_POINT('',#2941);
#2941 = CARTESIAN_POINT('',(65.452994616207,92.906724752576,58.));
#2942 = ELLIPSE('',#2943,4.6,2.3);
#2943 = AXIS2_PLACEMENT_3D('',#2944,#2945,#2946);
#2944 = CARTESIAN_POINT('',(64.5,95.,59.650635094611));
#2945 = DIRECTION('',(-0.866025403784,0.,-0.5));
#2946 = DIRECTION('',(-0.5,0.,0.866025403784));
#2947 = ORIENTED_EDGE('',*,*,#2948,.F.);
#2948 = EDGE_CURVE('',#2949,#2940,#2951,.T.);
#2949 = VERTEX_POINT('',#2950);
#2950 = CARTESIAN_POINT('',(65.452994616207,90.602068524695,58.));
#2951 = LINE('',#2952,#2953);
#2952 = CARTESIAN_POINT('',(65.452994616207,114.875,58.));
#2953 = VECTOR('',#2954,1.);
#2954 = DIRECTION('',(0.,1.,0.));
#2955 = ORIENTED_EDGE('',*,*,#2956,.F.);
#2956 = EDGE_CURVE('',#2957,#2949,#2959,.T.);
#2957 = VERTEX_POINT('',#2958);
#2958 = CARTESIAN_POINT('',(68.917096231345,94.140197183631,52.));
#2959 = ELLIPSE('',#2960,9.,4.5);
#2960 = AXIS2_PLACEMENT_3D('',#2961,#2962,#2963);
#2961 = CARTESIAN_POINT('',(64.5,95.,59.650635094611));
#2962 = DIRECTION('',(-0.866025403784,0.,-0.5));
#2963 = DIRECTION('',(0.5,0.,-0.866025403784));
#2964 = ORIENTED_EDGE('',*,*,#2965,.F.);
#2965 = EDGE_CURVE('',#2966,#2957,#2968,.T.);
#2966 = VERTEX_POINT('',#2967);
#2967 = CARTESIAN_POINT('',(68.917096231345,92.878853875134,52.));
#2968 = LINE('',#2969,#2970);
#2969 = CARTESIAN_POINT('',(68.917096231345,92.02669481178,52.));
#2970 = VECTOR('',#2971,1.);
#2971 = DIRECTION('',(0.,1.,0.));
#2972 = ORIENTED_EDGE('',*,*,#2973,.T.);
#2973 = EDGE_CURVE('',#2966,#2974,#2976,.T.);
#2974 = VERTEX_POINT('',#2975);
#2975 = CARTESIAN_POINT('',(65.366392075829,90.177203635759,58.15));
#2976 = ELLIPSE('',#2977,9.8,4.9);
#2977 = AXIS2_PLACEMENT_3D('',#2978,#2979,#2980);
#2978 = CARTESIAN_POINT('',(64.5,95.,59.650635094611));
#2979 = DIRECTION('',(-0.866025403784,0.,-0.5));
#2980 = DIRECTION('',(-0.5,0.,0.866025403784));
#2981 = ORIENTED_EDGE('',*,*,#2982,.F.);
#2982 = EDGE_CURVE('',#2983,#2974,#2985,.T.);
#2983 = VERTEX_POINT('',#2984);
#2984 = CARTESIAN_POINT('',(65.366392075829,93.422227909063,58.15));
#2985 = LINE('',#2986,#2987);
#2986 = CARTESIAN_POINT('',(65.366392075829,104.875,58.15));
#2987 = VECTOR('',#2988,1.);
#2988 = DIRECTION('',(-0.,-1.,-0.));
#2989 = ORIENTED_EDGE('',*,*,#2990,.T.);
#2990 = EDGE_CURVE('',#2983,#2302,#2991,.T.);
#2991 = ELLIPSE('',#2992,3.6,1.8);
#2992 = AXIS2_PLACEMENT_3D('',#2993,#2994,#2995);
#2993 = CARTESIAN_POINT('',(64.5,95.,59.650635094611));
#2994 = DIRECTION('',(-0.866025403784,0.,-0.5));
#2995 = DIRECTION('',(-0.5,0.,0.866025403784));
#2996 = ORIENTED_EDGE('',*,*,#2310,.T.);
#2997 = ORIENTED_EDGE('',*,*,#2998,.F.);
#2998 = EDGE_CURVE('',#2646,#2311,#2999,.T.);
#2999 = LINE('',#3000,#3001);
#3000 = CARTESIAN_POINT('',(70.634618943233,89.,49.025163399856));
#3001 = VECTOR('',#3002,1.);
#3002 = DIRECTION('',(-0.5,0.,0.866025403784));
#3003 = FACE_BOUND('',#3004,.T.);
#3004 = EDGE_LOOP('',(#3005));
#3005 = ORIENTED_EDGE('',*,*,#3006,.F.);
#3006 = EDGE_CURVE('',#3007,#3007,#3009,.T.);
#3007 = VERTEX_POINT('',#3008);
#3008 = CARTESIAN_POINT('',(62.206415712958,134.5,63.623239611209));
#3009 = CIRCLE('',#3010,4.5);
#3010 = AXIS2_PLACEMENT_3D('',#3011,#3012,#3013);
#3011 = CARTESIAN_POINT('',(59.956415712958,134.5,67.520353928239));
#3012 = DIRECTION('',(-0.866025403784,-0.,-0.5));
#3013 = DIRECTION('',(0.5,0.,-0.866025403784));
#3014 = FACE_BOUND('',#3015,.T.);
#3015 = EDGE_LOOP('',(#3016));
#3016 = ORIENTED_EDGE('',*,*,#3017,.F.);
#3017 = EDGE_CURVE('',#3018,#3018,#3020,.T.);
#3018 = VERTEX_POINT('',#3019);
#3019 = CARTESIAN_POINT('',(81.956415712958,134.5,29.415236161724));
#3020 = CIRCLE('',#3021,4.5);
#3021 = AXIS2_PLACEMENT_3D('',#3022,#3023,#3024);
#3022 = CARTESIAN_POINT('',(79.706415712958,134.5,33.312350478754));
#3023 = DIRECTION('',(-0.866025403784,-0.,-0.5));
#3024 = DIRECTION('',(0.5,0.,-0.866025403784));
#3025 = FACE_BOUND('',#3026,.T.);
#3026 = EDGE_LOOP('',(#3027));
#3027 = ORIENTED_EDGE('',*,*,#3028,.F.);
#3028 = EDGE_CURVE('',#3029,#3029,#3031,.T.);
#3029 = VERTEX_POINT('',#3030);
#3030 = CARTESIAN_POINT('',(62.206415712958,95.,63.62323961121));
#3031 = CIRCLE('',#3032,4.5);
#3032 = AXIS2_PLACEMENT_3D('',#3033,#3034,#3035);
#3033 = CARTESIAN_POINT('',(59.956415712958,95.,67.520353928239));
#3034 = DIRECTION('',(-0.866025403784,-0.,-0.5));
#3035 = DIRECTION('',(0.5,0.,-0.866025403784));
#3036 = FACE_BOUND('',#3037,.T.);
#3037 = EDGE_LOOP('',(#3038));
#3038 = ORIENTED_EDGE('',*,*,#3039,.F.);
#3039 = EDGE_CURVE('',#3040,#3040,#3042,.T.);
#3040 = VERTEX_POINT('',#3041);
#3041 = CARTESIAN_POINT('',(81.956415712958,95.,29.415236161724));
#3042 = CIRCLE('',#3043,4.5);
#3043 = AXIS2_PLACEMENT_3D('',#3044,#3045,#3046);
#3044 = CARTESIAN_POINT('',(79.706415712958,95.,33.312350478754));
#3045 = DIRECTION('',(-0.866025403784,-0.,-0.5));
#3046 = DIRECTION('',(0.5,0.,-0.866025403784));
#3047 = PLANE('',#3048);
#3048 = AXIS2_PLACEMENT_3D('',#3049,#3050,#3051);
#3049 = CARTESIAN_POINT('',(69.831415712958,114.75,50.416352203497));
#3050 = DIRECTION('',(0.866025403784,0.,0.5));
#3051 = DIRECTION('',(-0.5,0.,0.866025403784));
#3052 = ADVANCED_FACE('',(#3053),#3075,.F.);
#3053 = FACE_BOUND('',#3054,.T.);
#3054 = EDGE_LOOP('',(#3055,#3056,#3057,#3058,#3059,#3068));
#3055 = ORIENTED_EDGE('',*,*,#2772,.F.);
#3056 = ORIENTED_EDGE('',*,*,#2350,.F.);
#3057 = ORIENTED_EDGE('',*,*,#2359,.F.);
#3058 = ORIENTED_EDGE('',*,*,#2882,.F.);
#3059 = ORIENTED_EDGE('',*,*,#3060,.T.);
#3060 = EDGE_CURVE('',#2875,#3061,#3063,.T.);
#3061 = VERTEX_POINT('',#3062);
#3062 = CARTESIAN_POINT('',(62.7,135.,58.15));
#3063 = CIRCLE('',#3064,1.8);
#3064 = AXIS2_PLACEMENT_3D('',#3065,#3066,#3067);
#3065 = CARTESIAN_POINT('',(64.5,135.,58.15));
#3066 = DIRECTION('',(0.,0.,-1.));
#3067 = DIRECTION('',(-1.,-0.,-0.));
#3068 = ORIENTED_EDGE('',*,*,#3069,.T.);
#3069 = EDGE_CURVE('',#3061,#2773,#3070,.T.);
#3070 = CIRCLE('',#3071,1.8);
#3071 = AXIS2_PLACEMENT_3D('',#3072,#3073,#3074);
#3072 = CARTESIAN_POINT('',(64.5,135.,58.15));
#3073 = DIRECTION('',(0.,0.,-1.));
#3074 = DIRECTION('',(-1.,-0.,-0.));
#3075 = CYLINDRICAL_SURFACE('',#3076,1.8);
#3076 = AXIS2_PLACEMENT_3D('',#3077,#3078,#3079);
#3077 = CARTESIAN_POINT('',(64.5,135.,58.));
#3078 = DIRECTION('',(0.,0.,1.));
#3079 = DIRECTION('',(-1.,-0.,-0.));
#3080 = ADVANCED_FACE('',(#3081),#3099,.T.);
#3081 = FACE_BOUND('',#3082,.F.);
#3082 = EDGE_LOOP('',(#3083,#3091,#3092,#3093));
#3083 = ORIENTED_EDGE('',*,*,#3084,.F.);
#3084 = EDGE_CURVE('',#2758,#3085,#3087,.T.);
#3085 = VERTEX_POINT('',#3086);
#3086 = CARTESIAN_POINT('',(60.,140.5,52.));
#3087 = LINE('',#3088,#3089);
#3088 = CARTESIAN_POINT('',(79.,140.5,52.));
#3089 = VECTOR('',#3090,1.);
#3090 = DIRECTION('',(-1.,-0.,-0.));
#3091 = ORIENTED_EDGE('',*,*,#2765,.T.);
#3092 = ORIENTED_EDGE('',*,*,#2334,.T.);
#3093 = ORIENTED_EDGE('',*,*,#3094,.F.);
#3094 = EDGE_CURVE('',#3085,#2327,#3095,.T.);
#3095 = LINE('',#3096,#3097);
#3096 = CARTESIAN_POINT('',(60.,140.5,52.));
#3097 = VECTOR('',#3098,1.);
#3098 = DIRECTION('',(0.,0.,1.));
#3099 = PLANE('',#3100);
#3100 = AXIS2_PLACEMENT_3D('',#3101,#3102,#3103);
#3101 = CARTESIAN_POINT('',(79.,140.5,52.));
#3102 = DIRECTION('',(0.,1.,0.));
#3103 = DIRECTION('',(0.,0.,-1.));
#3104 = ADVANCED_FACE('',(#3105),#3187,.T.);
#3105 = FACE_BOUND('',#3106,.F.);
#3106 = EDGE_LOOP('',(#3107,#3108,#3109,#3117,#3125,#3133,#3141,#3149,
    #3157,#3165,#3173,#3181));
#3107 = ORIENTED_EDGE('',*,*,#3094,.T.);
#3108 = ORIENTED_EDGE('',*,*,#2326,.F.);
#3109 = ORIENTED_EDGE('',*,*,#3110,.F.);
#3110 = EDGE_CURVE('',#3111,#2319,#3113,.T.);
#3111 = VERTEX_POINT('',#3112);
#3112 = CARTESIAN_POINT('',(60.,89.,52.));
#3113 = LINE('',#3114,#3115);
#3114 = CARTESIAN_POINT('',(60.,89.,52.));
#3115 = VECTOR('',#3116,1.);
#3116 = DIRECTION('',(0.,0.,1.));
#3117 = ORIENTED_EDGE('',*,*,#3118,.T.);
#3118 = EDGE_CURVE('',#3111,#3119,#3121,.T.);
#3119 = VERTEX_POINT('',#3120);
#3120 = CARTESIAN_POINT('',(60.,93.060928057033,52.));
#3121 = LINE('',#3122,#3123);
#3122 = CARTESIAN_POINT('',(60.,89.,52.));
#3123 = VECTOR('',#3124,1.);
#3124 = DIRECTION('',(0.,1.,0.));
#3125 = ORIENTED_EDGE('',*,*,#3126,.T.);
#3126 = EDGE_CURVE('',#3119,#3127,#3129,.T.);
#3127 = VERTEX_POINT('',#3128);
#3128 = CARTESIAN_POINT('',(60.,93.060928057033,58.15));
#3129 = LINE('',#3130,#3131);
#3130 = CARTESIAN_POINT('',(60.,93.060928057033,51.95));
#3131 = VECTOR('',#3132,1.);
#3132 = DIRECTION('',(0.,0.,1.));
#3133 = ORIENTED_EDGE('',*,*,#3134,.F.);
#3134 = EDGE_CURVE('',#3135,#3127,#3137,.T.);
#3135 = VERTEX_POINT('',#3136);
#3136 = CARTESIAN_POINT('',(60.,96.939071942967,58.15));
#3137 = LINE('',#3138,#3139);
#3138 = CARTESIAN_POINT('',(60.,92.,58.15));
#3139 = VECTOR('',#3140,1.);
#3140 = DIRECTION('',(-0.,-1.,-0.));
#3141 = ORIENTED_EDGE('',*,*,#3142,.F.);
#3142 = EDGE_CURVE('',#3143,#3135,#3145,.T.);
#3143 = VERTEX_POINT('',#3144);
#3144 = CARTESIAN_POINT('',(60.,96.939071942967,52.));
#3145 = LINE('',#3146,#3147);
#3146 = CARTESIAN_POINT('',(60.,96.939071942967,51.95));
#3147 = VECTOR('',#3148,1.);
#3148 = DIRECTION('',(0.,0.,1.));
#3149 = ORIENTED_EDGE('',*,*,#3150,.T.);
#3150 = EDGE_CURVE('',#3143,#3151,#3153,.T.);
#3151 = VERTEX_POINT('',#3152);
#3152 = CARTESIAN_POINT('',(60.,133.06092805703,52.));
#3153 = LINE('',#3154,#3155);
#3154 = CARTESIAN_POINT('',(60.,89.,52.));
#3155 = VECTOR('',#3156,1.);
#3156 = DIRECTION('',(0.,1.,0.));
#3157 = ORIENTED_EDGE('',*,*,#3158,.T.);
#3158 = EDGE_CURVE('',#3151,#3159,#3161,.T.);
#3159 = VERTEX_POINT('',#3160);
#3160 = CARTESIAN_POINT('',(60.,133.06092805703,58.15));
#3161 = LINE('',#3162,#3163);
#3162 = CARTESIAN_POINT('',(60.,133.06092805703,51.95));
#3163 = VECTOR('',#3164,1.);
#3164 = DIRECTION('',(0.,0.,1.));
#3165 = ORIENTED_EDGE('',*,*,#3166,.F.);
#3166 = EDGE_CURVE('',#3167,#3159,#3169,.T.);
#3167 = VERTEX_POINT('',#3168);
#3168 = CARTESIAN_POINT('',(60.,136.93907194296,58.15));
#3169 = LINE('',#3170,#3171);
#3170 = CARTESIAN_POINT('',(60.,112.,58.15));
#3171 = VECTOR('',#3172,1.);
#3172 = DIRECTION('',(-0.,-1.,-0.));
#3173 = ORIENTED_EDGE('',*,*,#3174,.F.);
#3174 = EDGE_CURVE('',#3175,#3167,#3177,.T.);
#3175 = VERTEX_POINT('',#3176);
#3176 = CARTESIAN_POINT('',(60.,136.93907194296,52.));
#3177 = LINE('',#3178,#3179);
#3178 = CARTESIAN_POINT('',(60.,136.93907194296,51.95));
#3179 = VECTOR('',#3180,1.);
#3180 = DIRECTION('',(0.,0.,1.));
#3181 = ORIENTED_EDGE('',*,*,#3182,.T.);
#3182 = EDGE_CURVE('',#3175,#3085,#3183,.T.);
#3183 = LINE('',#3184,#3185);
#3184 = CARTESIAN_POINT('',(60.,89.,52.));
#3185 = VECTOR('',#3186,1.);
#3186 = DIRECTION('',(0.,1.,0.));
#3187 = PLANE('',#3188);
#3188 = AXIS2_PLACEMENT_3D('',#3189,#3190,#3191);
#3189 = CARTESIAN_POINT('',(60.,89.,52.));
#3190 = DIRECTION('',(-1.,-0.,-0.));
#3191 = DIRECTION('',(0.,0.,-1.));
#3192 = ADVANCED_FACE('',(#3193),#3204,.F.);
#3193 = FACE_BOUND('',#3194,.T.);
#3194 = EDGE_LOOP('',(#3195,#3201,#3202,#3203));
#3195 = ORIENTED_EDGE('',*,*,#3196,.F.);
#3196 = EDGE_CURVE('',#2646,#3111,#3197,.T.);
#3197 = LINE('',#3198,#3199);
#3198 = CARTESIAN_POINT('',(79.,89.,52.));
#3199 = VECTOR('',#3200,1.);
#3200 = DIRECTION('',(-1.,-0.,-0.));
#3201 = ORIENTED_EDGE('',*,*,#2998,.T.);
#3202 = ORIENTED_EDGE('',*,*,#2318,.T.);
#3203 = ORIENTED_EDGE('',*,*,#3110,.F.);
#3204 = PLANE('',#3205);
#3205 = AXIS2_PLACEMENT_3D('',#3206,#3207,#3208);
#3206 = CARTESIAN_POINT('',(79.,89.,52.));
#3207 = DIRECTION('',(0.,1.,0.));
#3208 = DIRECTION('',(0.,0.,-1.));
#3209 = ADVANCED_FACE('',(#3210),#3232,.F.);
#3210 = FACE_BOUND('',#3211,.T.);
#3211 = EDGE_LOOP('',(#3212,#3213,#3214,#3215,#3216,#3225));
#3212 = ORIENTED_EDGE('',*,*,#2906,.F.);
#3213 = ORIENTED_EDGE('',*,*,#2292,.F.);
#3214 = ORIENTED_EDGE('',*,*,#2301,.F.);
#3215 = ORIENTED_EDGE('',*,*,#2990,.F.);
#3216 = ORIENTED_EDGE('',*,*,#3217,.T.);
#3217 = EDGE_CURVE('',#2983,#3218,#3220,.T.);
#3218 = VERTEX_POINT('',#3219);
#3219 = CARTESIAN_POINT('',(62.7,95.,58.15));
#3220 = CIRCLE('',#3221,1.8);
#3221 = AXIS2_PLACEMENT_3D('',#3222,#3223,#3224);
#3222 = CARTESIAN_POINT('',(64.5,95.,58.15));
#3223 = DIRECTION('',(0.,0.,-1.));
#3224 = DIRECTION('',(-1.,-0.,-0.));
#3225 = ORIENTED_EDGE('',*,*,#3226,.T.);
#3226 = EDGE_CURVE('',#3218,#2907,#3227,.T.);
#3227 = CIRCLE('',#3228,1.8);
#3228 = AXIS2_PLACEMENT_3D('',#3229,#3230,#3231);
#3229 = CARTESIAN_POINT('',(64.5,95.,58.15));
#3230 = DIRECTION('',(0.,0.,-1.));
#3231 = DIRECTION('',(-1.,-0.,-0.));
#3232 = CYLINDRICAL_SURFACE('',#3233,1.8);
#3233 = AXIS2_PLACEMENT_3D('',#3234,#3235,#3236);
#3234 = CARTESIAN_POINT('',(64.5,95.,58.));
#3235 = DIRECTION('',(0.,0.,1.));
#3236 = DIRECTION('',(-1.,-0.,-0.));
#3237 = ADVANCED_FACE('',(#3238),#3249,.T.);
#3238 = FACE_BOUND('',#3239,.F.);
#3239 = EDGE_LOOP('',(#3240,#3246,#3247,#3248));
#3240 = ORIENTED_EDGE('',*,*,#3241,.F.);
#3241 = EDGE_CURVE('',#2892,#2546,#3242,.T.);
#3242 = LINE('',#3243,#3244);
#3243 = CARTESIAN_POINT('',(61.715390309173,99.,62.473720558371));
#3244 = VECTOR('',#3245,1.);
#3245 = DIRECTION('',(0.866025403784,0.,0.5));
#3246 = ORIENTED_EDGE('',*,*,#2899,.T.);
#3247 = ORIENTED_EDGE('',*,*,#2276,.T.);
#3248 = ORIENTED_EDGE('',*,*,#2553,.F.);
#3249 = PLANE('',#3250);
#3250 = AXIS2_PLACEMENT_3D('',#3251,#3252,#3253);
#3251 = CARTESIAN_POINT('',(76.215390309173,99.,37.358983848622));
#3252 = DIRECTION('',(0.,1.,0.));
#3253 = DIRECTION('',(0.5,0.,-0.866025403784));
#3254 = ADVANCED_FACE('',(#3255),#3281,.F.);
#3255 = FACE_BOUND('',#3256,.T.);
#3256 = EDGE_LOOP('',(#3257,#3266,#3272,#3273,#3280));
#3257 = ORIENTED_EDGE('',*,*,#3258,.F.);
#3258 = EDGE_CURVE('',#3259,#3159,#3261,.T.);
#3259 = VERTEX_POINT('',#3260);
#3260 = CARTESIAN_POINT('',(66.439071942967,130.5,58.15));
#3261 = CIRCLE('',#3262,4.9);
#3262 = AXIS2_PLACEMENT_3D('',#3263,#3264,#3265);
#3263 = CARTESIAN_POINT('',(64.5,135.,58.15));
#3264 = DIRECTION('',(0.,0.,-1.));
#3265 = DIRECTION('',(-1.,-0.,-0.));
#3266 = ORIENTED_EDGE('',*,*,#3267,.F.);
#3267 = EDGE_CURVE('',#2858,#3259,#3268,.T.);
#3268 = LINE('',#3269,#3270);
#3269 = CARTESIAN_POINT('',(66.439071942967,130.5,51.95));
#3270 = VECTOR('',#3271,1.);
#3271 = DIRECTION('',(0.,0.,1.));
#3272 = ORIENTED_EDGE('',*,*,#2857,.F.);
#3273 = ORIENTED_EDGE('',*,*,#3274,.T.);
#3274 = EDGE_CURVE('',#2850,#3151,#3275,.T.);
#3275 = CIRCLE('',#3276,4.9);
#3276 = AXIS2_PLACEMENT_3D('',#3277,#3278,#3279);
#3277 = CARTESIAN_POINT('',(64.5,135.,52.));
#3278 = DIRECTION('',(0.,0.,-1.));
#3279 = DIRECTION('',(-1.,-0.,-0.));
#3280 = ORIENTED_EDGE('',*,*,#3158,.T.);
#3281 = CYLINDRICAL_SURFACE('',#3282,4.9);
#3282 = AXIS2_PLACEMENT_3D('',#3283,#3284,#3285);
#3283 = CARTESIAN_POINT('',(64.5,135.,51.95));
#3284 = DIRECTION('',(0.,0.,1.));
#3285 = DIRECTION('',(-1.,-0.,-0.));
#3286 = ADVANCED_FACE('',(#3287),#3323,.F.);
#3287 = FACE_BOUND('',#3288,.T.);
#3288 = EDGE_LOOP('',(#3289,#3298,#3299,#3308,#3317));
#3289 = ORIENTED_EDGE('',*,*,#3290,.F.);
#3290 = EDGE_CURVE('',#3135,#3291,#3293,.T.);
#3291 = VERTEX_POINT('',#3292);
#3292 = CARTESIAN_POINT('',(67.330194339617,99.,58.15));
#3293 = CIRCLE('',#3294,4.9);
#3294 = AXIS2_PLACEMENT_3D('',#3295,#3296,#3297);
#3295 = CARTESIAN_POINT('',(64.5,95.,58.15));
#3296 = DIRECTION('',(0.,0.,-1.));
#3297 = DIRECTION('',(-1.,-0.,-0.));
#3298 = ORIENTED_EDGE('',*,*,#3142,.F.);
#3299 = ORIENTED_EDGE('',*,*,#3300,.T.);
#3300 = EDGE_CURVE('',#3143,#3301,#3303,.T.);
#3301 = VERTEX_POINT('',#3302);
#3302 = CARTESIAN_POINT('',(68.917096231345,97.121146124866,52.));
#3303 = CIRCLE('',#3304,4.9);
#3304 = AXIS2_PLACEMENT_3D('',#3305,#3306,#3307);
#3305 = CARTESIAN_POINT('',(64.5,95.,52.));
#3306 = DIRECTION('',(0.,0.,-1.));
#3307 = DIRECTION('',(-1.,-0.,-0.));
#3308 = ORIENTED_EDGE('',*,*,#3309,.F.);
#3309 = EDGE_CURVE('',#3310,#3301,#3312,.T.);
#3310 = VERTEX_POINT('',#3311);
#3311 = CARTESIAN_POINT('',(67.330194339617,99.,54.7485947031));
#3312 = ELLIPSE('',#3313,9.8,4.9);
#3313 = AXIS2_PLACEMENT_3D('',#3314,#3315,#3316);
#3314 = CARTESIAN_POINT('',(64.5,95.,59.650635094611));
#3315 = DIRECTION('',(-0.866025403784,0.,-0.5));
#3316 = DIRECTION('',(-0.5,0.,0.866025403784));
#3317 = ORIENTED_EDGE('',*,*,#3318,.T.);
#3318 = EDGE_CURVE('',#3310,#3291,#3319,.T.);
#3319 = LINE('',#3320,#3321);
#3320 = CARTESIAN_POINT('',(67.330194339617,99.,51.95));
#3321 = VECTOR('',#3322,1.);
#3322 = DIRECTION('',(0.,0.,1.));
#3323 = CYLINDRICAL_SURFACE('',#3324,4.9);
#3324 = AXIS2_PLACEMENT_3D('',#3325,#3326,#3327);
#3325 = CARTESIAN_POINT('',(64.5,95.,51.95));
#3326 = DIRECTION('',(0.,0.,1.));
#3327 = DIRECTION('',(-1.,-0.,-0.));
#3328 = ADVANCED_FACE('',(#3329),#3345,.F.);
#3329 = FACE_BOUND('',#3330,.T.);
#3330 = EDGE_LOOP('',(#3331,#3332,#3338,#3339));
#3331 = ORIENTED_EDGE('',*,*,#2653,.F.);
#3332 = ORIENTED_EDGE('',*,*,#3333,.F.);
#3333 = EDGE_CURVE('',#2423,#2644,#3334,.T.);
#3334 = LINE('',#3335,#3336);
#3335 = CARTESIAN_POINT('',(61.540707856479,88.,52.));
#3336 = VECTOR('',#3337,1.);
#3337 = DIRECTION('',(-1.,-0.,-0.));
#3338 = ORIENTED_EDGE('',*,*,#2422,.T.);
#3339 = ORIENTED_EDGE('',*,*,#3340,.F.);
#3340 = EDGE_CURVE('',#2654,#2425,#3341,.T.);
#3341 = LINE('',#3342,#3343);
#3342 = CARTESIAN_POINT('',(56.081415712958,88.,74.232050807569));
#3343 = VECTOR('',#3344,1.);
#3344 = DIRECTION('',(0.866025403784,0.,0.5));
#3345 = PLANE('',#3346);
#3346 = AXIS2_PLACEMENT_3D('',#3347,#3348,#3349);
#3347 = CARTESIAN_POINT('',(83.581415712958,88.,26.600653599425));
#3348 = DIRECTION('',(0.,1.,0.));
#3349 = DIRECTION('',(0.5,0.,-0.866025403784));
#3350 = ADVANCED_FACE('',(#3351),#3362,.F.);
#3351 = FACE_BOUND('',#3352,.T.);
#3352 = EDGE_LOOP('',(#3353,#3354,#3355,#3361));
#3353 = ORIENTED_EDGE('',*,*,#3340,.T.);
#3354 = ORIENTED_EDGE('',*,*,#2432,.T.);
#3355 = ORIENTED_EDGE('',*,*,#3356,.F.);
#3356 = EDGE_CURVE('',#2662,#2433,#3357,.T.);
#3357 = LINE('',#3358,#3359);
#3358 = CARTESIAN_POINT('',(56.081415712958,141.5,74.232050807569));
#3359 = VECTOR('',#3360,1.);
#3360 = DIRECTION('',(0.866025403784,0.,0.5));
#3361 = ORIENTED_EDGE('',*,*,#2661,.F.);
#3362 = PLANE('',#3363);
#3363 = AXIS2_PLACEMENT_3D('',#3364,#3365,#3366);
#3364 = CARTESIAN_POINT('',(56.081415712958,88.,74.232050807569));
#3365 = DIRECTION('',(0.5,-3.320293157757E-17,-0.866025403784));
#3366 = DIRECTION('',(-6.640586315515E-17,-1.,0.));
#3367 = ADVANCED_FACE('',(#3368),#3379,.F.);
#3368 = FACE_BOUND('',#3369,.T.);
#3369 = EDGE_LOOP('',(#3370,#3371,#3372,#3378));
#3370 = ORIENTED_EDGE('',*,*,#3356,.T.);
#3371 = ORIENTED_EDGE('',*,*,#2440,.T.);
#3372 = ORIENTED_EDGE('',*,*,#3373,.F.);
#3373 = EDGE_CURVE('',#2670,#2441,#3374,.T.);
#3374 = LINE('',#3375,#3376);
#3375 = CARTESIAN_POINT('',(83.581415712958,141.5,26.600653599425));
#3376 = VECTOR('',#3377,1.);
#3377 = DIRECTION('',(0.866025403784,0.,0.5));
#3378 = ORIENTED_EDGE('',*,*,#2669,.F.);
#3379 = PLANE('',#3380);
#3380 = AXIS2_PLACEMENT_3D('',#3381,#3382,#3383);
#3381 = CARTESIAN_POINT('',(56.081415712958,141.5,74.232050807569));
#3382 = DIRECTION('',(0.,-1.,0.));
#3383 = DIRECTION('',(-0.5,0.,0.866025403784));
#3384 = ADVANCED_FACE('',(#3385),#3396,.F.);
#3385 = FACE_BOUND('',#3386,.T.);
#3386 = EDGE_LOOP('',(#3387,#3388,#3389,#3395));
#3387 = ORIENTED_EDGE('',*,*,#3373,.T.);
#3388 = ORIENTED_EDGE('',*,*,#2448,.T.);
#3389 = ORIENTED_EDGE('',*,*,#3390,.F.);
#3390 = EDGE_CURVE('',#2678,#2449,#3391,.T.);
#3391 = LINE('',#3392,#3393);
#3392 = CARTESIAN_POINT('',(83.581415712958,88.,26.600653599425));
#3393 = VECTOR('',#3394,1.);
#3394 = DIRECTION('',(0.866025403784,0.,0.5));
#3395 = ORIENTED_EDGE('',*,*,#2677,.F.);
#3396 = PLANE('',#3397);
#3397 = AXIS2_PLACEMENT_3D('',#3398,#3399,#3400);
#3398 = CARTESIAN_POINT('',(83.581415712958,141.5,26.600653599425));
#3399 = DIRECTION('',(-0.5,0.,0.866025403784));
#3400 = DIRECTION('',(0.,1.,0.));
#3401 = ADVANCED_FACE('',(#3402),#3421,.F.);
#3402 = FACE_BOUND('',#3403,.T.);
#3403 = EDGE_LOOP('',(#3404,#3405,#3406,#3407,#3415));
#3404 = ORIENTED_EDGE('',*,*,#2685,.F.);
#3405 = ORIENTED_EDGE('',*,*,#3390,.T.);
#3406 = ORIENTED_EDGE('',*,*,#2456,.T.);
#3407 = ORIENTED_EDGE('',*,*,#3408,.T.);
#3408 = EDGE_CURVE('',#2457,#3409,#3411,.T.);
#3409 = VERTEX_POINT('',#3410);
#3410 = CARTESIAN_POINT('',(73.,88.,48.));
#3411 = LINE('',#3412,#3413);
#3412 = CARTESIAN_POINT('',(61.540707856479,88.,48.));
#3413 = VECTOR('',#3414,1.);
#3414 = DIRECTION('',(-1.,-0.,-0.));
#3415 = ORIENTED_EDGE('',*,*,#3416,.T.);
#3416 = EDGE_CURVE('',#3409,#2686,#3417,.T.);
#3417 = LINE('',#3418,#3419);
#3418 = CARTESIAN_POINT('',(73.,88.,28.759375932234));
#3419 = VECTOR('',#3420,1.);
#3420 = DIRECTION('',(7.8E-16,0.,-1.));
#3421 = PLANE('',#3422);
#3422 = AXIS2_PLACEMENT_3D('',#3423,#3424,#3425);
#3423 = CARTESIAN_POINT('',(83.581415712958,88.,26.600653599425));
#3424 = DIRECTION('',(0.,1.,0.));
#3425 = DIRECTION('',(0.5,0.,-0.866025403784));
#3426 = ADVANCED_FACE('',(#3427),#3433,.T.);
#3427 = FACE_BOUND('',#3428,.F.);
#3428 = EDGE_LOOP('',(#3429,#3430,#3431,#3432));
#3429 = ORIENTED_EDGE('',*,*,#2891,.T.);
#3430 = ORIENTED_EDGE('',*,*,#3241,.T.);
#3431 = ORIENTED_EDGE('',*,*,#2545,.F.);
#3432 = ORIENTED_EDGE('',*,*,#2629,.F.);
#3433 = PLANE('',#3434);
#3434 = AXIS2_PLACEMENT_3D('',#3435,#3436,#3437);
#3435 = CARTESIAN_POINT('',(61.715390309173,99.,62.473720558371));
#3436 = DIRECTION('',(0.5,0.,-0.866025403784));
#3437 = DIRECTION('',(0.,-1.,0.));
#3438 = ADVANCED_FACE('',(#3439),#3473,.T.);
#3439 = FACE_BOUND('',#3440,.F.);
#3440 = EDGE_LOOP('',(#3441,#3451,#3457,#3458,#3459,#3467));
#3441 = ORIENTED_EDGE('',*,*,#3442,.T.);
#3442 = EDGE_CURVE('',#3443,#3445,#3447,.T.);
#3443 = VERTEX_POINT('',#3444);
#3444 = CARTESIAN_POINT('',(79.,99.,48.));
#3445 = VERTEX_POINT('',#3446);
#3446 = CARTESIAN_POINT('',(79.,89.,48.));
#3447 = LINE('',#3448,#3449);
#3448 = CARTESIAN_POINT('',(79.,134.,48.));
#3449 = VECTOR('',#3450,1.);
#3450 = DIRECTION('',(-0.,-1.,-0.));
#3451 = ORIENTED_EDGE('',*,*,#3452,.T.);
#3452 = EDGE_CURVE('',#3445,#2465,#3453,.T.);
#3453 = LINE('',#3454,#3455);
#3454 = CARTESIAN_POINT('',(79.,89.,48.));
#3455 = VECTOR('',#3456,1.);
#3456 = DIRECTION('',(1.,0.,0.));
#3457 = ORIENTED_EDGE('',*,*,#2464,.F.);
#3458 = ORIENTED_EDGE('',*,*,#3408,.T.);
#3459 = ORIENTED_EDGE('',*,*,#3460,.F.);
#3460 = EDGE_CURVE('',#3461,#3409,#3463,.T.);
#3461 = VERTEX_POINT('',#3462);
#3462 = CARTESIAN_POINT('',(73.,99.,48.));
#3463 = LINE('',#3464,#3465);
#3464 = CARTESIAN_POINT('',(73.,135.,48.));
#3465 = VECTOR('',#3466,1.);
#3466 = DIRECTION('',(-2.33E-15,-1.,1.67E-15));
#3467 = ORIENTED_EDGE('',*,*,#3468,.F.);
#3468 = EDGE_CURVE('',#3443,#3461,#3469,.T.);
#3469 = LINE('',#3470,#3471);
#3470 = CARTESIAN_POINT('',(57.857695154587,99.,48.));
#3471 = VECTOR('',#3472,1.);
#3472 = DIRECTION('',(-1.,-0.,-0.));
#3473 = PLANE('',#3474);
#3474 = AXIS2_PLACEMENT_3D('',#3475,#3476,#3477);
#3475 = CARTESIAN_POINT('',(39.5,69.30338962356,48.));
#3476 = DIRECTION('',(0.,0.,1.));
#3477 = DIRECTION('',(1.,0.,0.));
#3478 = ADVANCED_FACE('',(#3479),#3489,.T.);
#3479 = FACE_BOUND('',#3480,.F.);
#3480 = EDGE_LOOP('',(#3481,#3482,#3488));
#3481 = ORIENTED_EDGE('',*,*,#3452,.F.);
#3482 = ORIENTED_EDGE('',*,*,#3483,.T.);
#3483 = EDGE_CURVE('',#3445,#2473,#3484,.T.);
#3484 = LINE('',#3485,#3486);
#3485 = CARTESIAN_POINT('',(79.,89.,48.));
#3486 = VECTOR('',#3487,1.);
#3487 = DIRECTION('',(0.,0.,1.));
#3488 = ORIENTED_EDGE('',*,*,#2472,.F.);
#3489 = PLANE('',#3490);
#3490 = AXIS2_PLACEMENT_3D('',#3491,#3492,#3493);
#3491 = CARTESIAN_POINT('',(79.,89.,48.));
#3492 = DIRECTION('',(-0.,-1.,-0.));
#3493 = DIRECTION('',(-1.,0.,0.));
#3494 = ADVANCED_FACE('',(#3495),#3506,.T.);
#3495 = FACE_BOUND('',#3496,.F.);
#3496 = EDGE_LOOP('',(#3497,#3498,#3504,#3505));
#3497 = ORIENTED_EDGE('',*,*,#3442,.F.);
#3498 = ORIENTED_EDGE('',*,*,#3499,.F.);
#3499 = EDGE_CURVE('',#2481,#3443,#3500,.T.);
#3500 = LINE('',#3501,#3502);
#3501 = CARTESIAN_POINT('',(79.,99.,42.679491924311));
#3502 = VECTOR('',#3503,1.);
#3503 = DIRECTION('',(-0.,-0.,-1.));
#3504 = ORIENTED_EDGE('',*,*,#2480,.F.);
#3505 = ORIENTED_EDGE('',*,*,#3483,.F.);
#3506 = PLANE('',#3507);
#3507 = AXIS2_PLACEMENT_3D('',#3508,#3509,#3510);
#3508 = CARTESIAN_POINT('',(79.,134.,48.));
#3509 = DIRECTION('',(-1.,-0.,-0.));
#3510 = DIRECTION('',(0.,1.,0.));
#3511 = ADVANCED_FACE('',(#3512),#3530,.T.);
#3512 = FACE_BOUND('',#3513,.F.);
#3513 = EDGE_LOOP('',(#3514,#3515,#3516,#3517,#3523,#3524));
#3514 = ORIENTED_EDGE('',*,*,#2488,.F.);
#3515 = ORIENTED_EDGE('',*,*,#3499,.T.);
#3516 = ORIENTED_EDGE('',*,*,#3468,.T.);
#3517 = ORIENTED_EDGE('',*,*,#3518,.T.);
#3518 = EDGE_CURVE('',#3461,#2694,#3519,.T.);
#3519 = LINE('',#3520,#3521);
#3520 = CARTESIAN_POINT('',(73.,99.,34.138541056833));
#3521 = VECTOR('',#3522,1.);
#3522 = DIRECTION('',(7.8E-16,0.,-1.));
#3523 = ORIENTED_EDGE('',*,*,#2701,.T.);
#3524 = ORIENTED_EDGE('',*,*,#3525,.T.);
#3525 = EDGE_CURVE('',#2702,#2489,#3526,.T.);
#3526 = LINE('',#3527,#3528);
#3527 = CARTESIAN_POINT('',(76.215390309173,99.,37.358983848622));
#3528 = VECTOR('',#3529,1.);
#3529 = DIRECTION('',(0.866025403784,0.,0.5));
#3530 = PLANE('',#3531);
#3531 = AXIS2_PLACEMENT_3D('',#3532,#3533,#3534);
#3532 = CARTESIAN_POINT('',(76.215390309173,99.,37.358983848622));
#3533 = DIRECTION('',(0.,1.,0.));
#3534 = DIRECTION('',(0.5,0.,-0.866025403784));
#3535 = ADVANCED_FACE('',(#3536),#3547,.T.);
#3536 = FACE_BOUND('',#3537,.F.);
#3537 = EDGE_LOOP('',(#3538,#3539,#3545,#3546));
#3538 = ORIENTED_EDGE('',*,*,#2709,.T.);
#3539 = ORIENTED_EDGE('',*,*,#3540,.T.);
#3540 = EDGE_CURVE('',#2710,#2497,#3541,.T.);
#3541 = LINE('',#3542,#3543);
#3542 = CARTESIAN_POINT('',(76.215390309173,130.5,37.358983848622));
#3543 = VECTOR('',#3544,1.);
#3544 = DIRECTION('',(0.866025403784,0.,0.5));
#3545 = ORIENTED_EDGE('',*,*,#2496,.F.);
#3546 = ORIENTED_EDGE('',*,*,#3525,.F.);
#3547 = PLANE('',#3548);
#3548 = AXIS2_PLACEMENT_3D('',#3549,#3550,#3551);
#3549 = CARTESIAN_POINT('',(76.215390309173,130.5,37.358983848622));
#3550 = DIRECTION('',(-0.5,0.,0.866025403784));
#3551 = DIRECTION('',(0.,1.,0.));
#3552 = ADVANCED_FACE('',(#3553),#3588,.F.);
#3553 = FACE_BOUND('',#3554,.F.);
#3554 = EDGE_LOOP('',(#3555,#3566,#3574,#3581,#3582));
#3555 = ORIENTED_EDGE('',*,*,#3556,.F.);
#3556 = EDGE_CURVE('',#3557,#3559,#3561,.T.);
#3557 = VERTEX_POINT('',#3558);
#3558 = CARTESIAN_POINT('',(73.,140.,48.));
#3559 = VERTEX_POINT('',#3560);
#3560 = CARTESIAN_POINT('',(79.,134.,48.));
#3561 = CIRCLE('',#3562,6.);
#3562 = AXIS2_PLACEMENT_3D('',#3563,#3564,#3565);
#3563 = CARTESIAN_POINT('',(73.,134.,48.));
#3564 = DIRECTION('',(0.,0.,-1.));
#3565 = DIRECTION('',(-1.,-0.,-0.));
#3566 = ORIENTED_EDGE('',*,*,#3567,.T.);
#3567 = EDGE_CURVE('',#3557,#3568,#3570,.T.);
#3568 = VERTEX_POINT('',#3569);
#3569 = CARTESIAN_POINT('',(73.,140.,52.));
#3570 = LINE('',#3571,#3572);
#3571 = CARTESIAN_POINT('',(73.,140.,48.));
#3572 = VECTOR('',#3573,1.);
#3573 = DIRECTION('',(0.,0.,1.));
#3574 = ORIENTED_EDGE('',*,*,#3575,.T.);
#3575 = EDGE_CURVE('',#3568,#2521,#3576,.T.);
#3576 = CIRCLE('',#3577,6.);
#3577 = AXIS2_PLACEMENT_3D('',#3578,#3579,#3580);
#3578 = CARTESIAN_POINT('',(73.,134.,52.));
#3579 = DIRECTION('',(0.,0.,-1.));
#3580 = DIRECTION('',(-1.,-0.,-0.));
#3581 = ORIENTED_EDGE('',*,*,#2520,.T.);
#3582 = ORIENTED_EDGE('',*,*,#3583,.F.);
#3583 = EDGE_CURVE('',#3559,#2513,#3584,.T.);
#3584 = LINE('',#3585,#3586);
#3585 = CARTESIAN_POINT('',(79.,134.,48.));
#3586 = VECTOR('',#3587,1.);
#3587 = DIRECTION('',(0.,0.,1.));
#3588 = CYLINDRICAL_SURFACE('',#3589,6.);
#3589 = AXIS2_PLACEMENT_3D('',#3590,#3591,#3592);
#3590 = CARTESIAN_POINT('',(73.,134.,48.));
#3591 = DIRECTION('',(0.,0.,-1.));
#3592 = DIRECTION('',(-1.,-0.,-0.));
#3593 = ADVANCED_FACE('',(#3594),#3621,.T.);
#3594 = FACE_BOUND('',#3595,.F.);
#3595 = EDGE_LOOP('',(#3596,#3597,#3598,#3606,#3614,#3620));
#3596 = ORIENTED_EDGE('',*,*,#3540,.F.);
#3597 = ORIENTED_EDGE('',*,*,#2717,.T.);
#3598 = ORIENTED_EDGE('',*,*,#3599,.T.);
#3599 = EDGE_CURVE('',#2718,#3600,#3602,.T.);
#3600 = VERTEX_POINT('',#3601);
#3601 = CARTESIAN_POINT('',(73.,130.5,48.));
#3602 = LINE('',#3603,#3604);
#3603 = CARTESIAN_POINT('',(73.,130.5,46.695909411707));
#3604 = VECTOR('',#3605,1.);
#3605 = DIRECTION('',(-7.8E-16,0.,1.));
#3606 = ORIENTED_EDGE('',*,*,#3607,.T.);
#3607 = EDGE_CURVE('',#3600,#3608,#3610,.T.);
#3608 = VERTEX_POINT('',#3609);
#3609 = CARTESIAN_POINT('',(79.,130.5,48.));
#3610 = LINE('',#3611,#3612);
#3611 = CARTESIAN_POINT('',(50.607695154587,130.5,48.));
#3612 = VECTOR('',#3613,1.);
#3613 = DIRECTION('',(1.,0.,0.));
#3614 = ORIENTED_EDGE('',*,*,#3615,.T.);
#3615 = EDGE_CURVE('',#3608,#2505,#3616,.T.);
#3616 = LINE('',#3617,#3618);
#3617 = CARTESIAN_POINT('',(79.,130.5,55.236860279186));
#3618 = VECTOR('',#3619,1.);
#3619 = DIRECTION('',(0.,0.,1.));
#3620 = ORIENTED_EDGE('',*,*,#2504,.F.);
#3621 = PLANE('',#3622);
#3622 = AXIS2_PLACEMENT_3D('',#3623,#3624,#3625);
#3623 = CARTESIAN_POINT('',(61.715390309173,130.5,62.473720558371));
#3624 = DIRECTION('',(0.,-1.,0.));
#3625 = DIRECTION('',(-0.5,0.,0.866025403784));
#3626 = ADVANCED_FACE('',(#3627),#3638,.T.);
#3627 = FACE_BOUND('',#3628,.F.);
#3628 = EDGE_LOOP('',(#3629,#3635,#3636,#3637));
#3629 = ORIENTED_EDGE('',*,*,#3630,.F.);
#3630 = EDGE_CURVE('',#3559,#3608,#3631,.T.);
#3631 = LINE('',#3632,#3633);
#3632 = CARTESIAN_POINT('',(79.,134.,48.));
#3633 = VECTOR('',#3634,1.);
#3634 = DIRECTION('',(-0.,-1.,-0.));
#3635 = ORIENTED_EDGE('',*,*,#3583,.T.);
#3636 = ORIENTED_EDGE('',*,*,#2512,.F.);
#3637 = ORIENTED_EDGE('',*,*,#3615,.F.);
#3638 = PLANE('',#3639);
#3639 = AXIS2_PLACEMENT_3D('',#3640,#3641,#3642);
#3640 = CARTESIAN_POINT('',(79.,134.,48.));
#3641 = DIRECTION('',(-1.,-0.,-0.));
#3642 = DIRECTION('',(0.,1.,0.));
#3643 = ADVANCED_FACE('',(#3644),#3663,.F.);
#3644 = FACE_BOUND('',#3645,.T.);
#3645 = EDGE_LOOP('',(#3646,#3647,#3655,#3662));
#3646 = ORIENTED_EDGE('',*,*,#2569,.F.);
#3647 = ORIENTED_EDGE('',*,*,#3648,.F.);
#3648 = EDGE_CURVE('',#3649,#2570,#3651,.T.);
#3649 = VERTEX_POINT('',#3650);
#3650 = CARTESIAN_POINT('',(61.106415712958,134.5,65.528495499535));
#3651 = LINE('',#3652,#3653);
#3652 = CARTESIAN_POINT('',(61.106415712958,134.5,65.528495499535));
#3653 = VECTOR('',#3654,1.);
#3654 = DIRECTION('',(0.866025403784,0.,0.5));
#3655 = ORIENTED_EDGE('',*,*,#3656,.T.);
#3656 = EDGE_CURVE('',#3649,#3649,#3657,.T.);
#3657 = CIRCLE('',#3658,2.3);
#3658 = AXIS2_PLACEMENT_3D('',#3659,#3660,#3661);
#3659 = CARTESIAN_POINT('',(59.956415712958,134.5,67.520353928239));
#3660 = DIRECTION('',(-0.866025403784,-0.,-0.5));
#3661 = DIRECTION('',(0.5,0.,-0.866025403784));
#3662 = ORIENTED_EDGE('',*,*,#3648,.T.);
#3663 = CYLINDRICAL_SURFACE('',#3664,2.3);
#3664 = AXIS2_PLACEMENT_3D('',#3665,#3666,#3667);
#3665 = CARTESIAN_POINT('',(59.956415712958,134.5,67.520353928239));
#3666 = DIRECTION('',(0.866025403784,0.,0.5));
#3667 = DIRECTION('',(0.5,0.,-0.866025403784));
#3668 = ADVANCED_FACE('',(#3669),#3688,.F.);
#3669 = FACE_BOUND('',#3670,.T.);
#3670 = EDGE_LOOP('',(#3671,#3672,#3680,#3687));
#3671 = ORIENTED_EDGE('',*,*,#2580,.F.);
#3672 = ORIENTED_EDGE('',*,*,#3673,.F.);
#3673 = EDGE_CURVE('',#3674,#2581,#3676,.T.);
#3674 = VERTEX_POINT('',#3675);
#3675 = CARTESIAN_POINT('',(80.856415712958,134.5,31.32049205005));
#3676 = LINE('',#3677,#3678);
#3677 = CARTESIAN_POINT('',(80.856415712958,134.5,31.32049205005));
#3678 = VECTOR('',#3679,1.);
#3679 = DIRECTION('',(0.866025403784,0.,0.5));
#3680 = ORIENTED_EDGE('',*,*,#3681,.T.);
#3681 = EDGE_CURVE('',#3674,#3674,#3682,.T.);
#3682 = CIRCLE('',#3683,2.3);
#3683 = AXIS2_PLACEMENT_3D('',#3684,#3685,#3686);
#3684 = CARTESIAN_POINT('',(79.706415712958,134.5,33.312350478754));
#3685 = DIRECTION('',(-0.866025403784,-0.,-0.5));
#3686 = DIRECTION('',(0.5,0.,-0.866025403784));
#3687 = ORIENTED_EDGE('',*,*,#3673,.T.);
#3688 = CYLINDRICAL_SURFACE('',#3689,2.3);
#3689 = AXIS2_PLACEMENT_3D('',#3690,#3691,#3692);
#3690 = CARTESIAN_POINT('',(79.706415712958,134.5,33.312350478754));
#3691 = DIRECTION('',(0.866025403784,0.,0.5));
#3692 = DIRECTION('',(0.5,0.,-0.866025403784));
#3693 = ADVANCED_FACE('',(#3694),#3713,.F.);
#3694 = FACE_BOUND('',#3695,.T.);
#3695 = EDGE_LOOP('',(#3696,#3697,#3705,#3712));
#3696 = ORIENTED_EDGE('',*,*,#2591,.F.);
#3697 = ORIENTED_EDGE('',*,*,#3698,.F.);
#3698 = EDGE_CURVE('',#3699,#2592,#3701,.T.);
#3699 = VERTEX_POINT('',#3700);
#3700 = CARTESIAN_POINT('',(61.106415712958,95.,65.528495499535));
#3701 = LINE('',#3702,#3703);
#3702 = CARTESIAN_POINT('',(61.106415712958,95.,65.528495499535));
#3703 = VECTOR('',#3704,1.);
#3704 = DIRECTION('',(0.866025403784,0.,0.5));
#3705 = ORIENTED_EDGE('',*,*,#3706,.T.);
#3706 = EDGE_CURVE('',#3699,#3699,#3707,.T.);
#3707 = CIRCLE('',#3708,2.3);
#3708 = AXIS2_PLACEMENT_3D('',#3709,#3710,#3711);
#3709 = CARTESIAN_POINT('',(59.956415712958,95.,67.520353928239));
#3710 = DIRECTION('',(-0.866025403784,-0.,-0.5));
#3711 = DIRECTION('',(0.5,0.,-0.866025403784));
#3712 = ORIENTED_EDGE('',*,*,#3698,.T.);
#3713 = CYLINDRICAL_SURFACE('',#3714,2.3);
#3714 = AXIS2_PLACEMENT_3D('',#3715,#3716,#3717);
#3715 = CARTESIAN_POINT('',(59.956415712958,95.,67.520353928239));
#3716 = DIRECTION('',(0.866025403784,0.,0.5));
#3717 = DIRECTION('',(0.5,0.,-0.866025403784));
#3718 = ADVANCED_FACE('',(#3719),#3738,.F.);
#3719 = FACE_BOUND('',#3720,.T.);
#3720 = EDGE_LOOP('',(#3721,#3722,#3730,#3737));
#3721 = ORIENTED_EDGE('',*,*,#2602,.F.);
#3722 = ORIENTED_EDGE('',*,*,#3723,.F.);
#3723 = EDGE_CURVE('',#3724,#2603,#3726,.T.);
#3724 = VERTEX_POINT('',#3725);
#3725 = CARTESIAN_POINT('',(80.856415712958,95.,31.32049205005));
#3726 = LINE('',#3727,#3728);
#3727 = CARTESIAN_POINT('',(80.856415712958,95.,31.32049205005));
#3728 = VECTOR('',#3729,1.);
#3729 = DIRECTION('',(0.866025403784,0.,0.5));
#3730 = ORIENTED_EDGE('',*,*,#3731,.T.);
#3731 = EDGE_CURVE('',#3724,#3724,#3732,.T.);
#3732 = CIRCLE('',#3733,2.3);
#3733 = AXIS2_PLACEMENT_3D('',#3734,#3735,#3736);
#3734 = CARTESIAN_POINT('',(79.706415712958,95.,33.312350478754));
#3735 = DIRECTION('',(-0.866025403784,-0.,-0.5));
#3736 = DIRECTION('',(0.5,0.,-0.866025403784));
#3737 = ORIENTED_EDGE('',*,*,#3723,.T.);
#3738 = CYLINDRICAL_SURFACE('',#3739,2.3);
#3739 = AXIS2_PLACEMENT_3D('',#3740,#3741,#3742);
#3740 = CARTESIAN_POINT('',(79.706415712958,95.,33.312350478754));
#3741 = DIRECTION('',(0.866025403784,0.,0.5));
#3742 = DIRECTION('',(0.5,0.,-0.866025403784));
#3743 = ADVANCED_FACE('',(#3744),#3765,.F.);
#3744 = FACE_BOUND('',#3745,.T.);
#3745 = EDGE_LOOP('',(#3746,#3747,#3748,#3754,#3755,#3756,#3757,#3758));
#3746 = ORIENTED_EDGE('',*,*,#3134,.F.);
#3747 = ORIENTED_EDGE('',*,*,#3290,.T.);
#3748 = ORIENTED_EDGE('',*,*,#3749,.F.);
#3749 = EDGE_CURVE('',#2916,#3291,#3750,.T.);
#3750 = LINE('',#3751,#3752);
#3751 = CARTESIAN_POINT('',(70.357695154587,99.,58.15));
#3752 = VECTOR('',#3753,1.);
#3753 = DIRECTION('',(1.,0.,0.));
#3754 = ORIENTED_EDGE('',*,*,#2915,.T.);
#3755 = ORIENTED_EDGE('',*,*,#3226,.F.);
#3756 = ORIENTED_EDGE('',*,*,#3217,.F.);
#3757 = ORIENTED_EDGE('',*,*,#2982,.T.);
#3758 = ORIENTED_EDGE('',*,*,#3759,.T.);
#3759 = EDGE_CURVE('',#2974,#3127,#3760,.T.);
#3760 = CIRCLE('',#3761,4.9);
#3761 = AXIS2_PLACEMENT_3D('',#3762,#3763,#3764);
#3762 = CARTESIAN_POINT('',(64.5,95.,58.15));
#3763 = DIRECTION('',(0.,0.,-1.));
#3764 = DIRECTION('',(-1.,-0.,-0.));
#3765 = PLANE('',#3766);
#3766 = AXIS2_PLACEMENT_3D('',#3767,#3768,#3769);
#3767 = CARTESIAN_POINT('',(64.5,95.,58.15));
#3768 = DIRECTION('',(0.,0.,1.));
#3769 = DIRECTION('',(1.,0.,0.));
#3770 = ADVANCED_FACE('',(#3771),#3783,.F.);
#3771 = FACE_BOUND('',#3772,.T.);
#3772 = EDGE_LOOP('',(#3773,#3774,#3775,#3782));
#3773 = ORIENTED_EDGE('',*,*,#3759,.F.);
#3774 = ORIENTED_EDGE('',*,*,#2973,.F.);
#3775 = ORIENTED_EDGE('',*,*,#3776,.T.);
#3776 = EDGE_CURVE('',#2966,#3119,#3777,.T.);
#3777 = CIRCLE('',#3778,4.9);
#3778 = AXIS2_PLACEMENT_3D('',#3779,#3780,#3781);
#3779 = CARTESIAN_POINT('',(64.5,95.,52.));
#3780 = DIRECTION('',(0.,0.,-1.));
#3781 = DIRECTION('',(-1.,-0.,-0.));
#3782 = ORIENTED_EDGE('',*,*,#3126,.T.);
#3783 = CYLINDRICAL_SURFACE('',#3784,4.9);
#3784 = AXIS2_PLACEMENT_3D('',#3785,#3786,#3787);
#3785 = CARTESIAN_POINT('',(64.5,95.,51.95));
#3786 = DIRECTION('',(0.,0.,1.));
#3787 = DIRECTION('',(-1.,-0.,-0.));
#3788 = ADVANCED_FACE('',(#3789),#3825,.F.);
#3789 = FACE_BOUND('',#3790,.F.);
#3790 = EDGE_LOOP('',(#3791,#3800,#3809,#3817,#3824));
#3791 = ORIENTED_EDGE('',*,*,#3792,.F.);
#3792 = EDGE_CURVE('',#3793,#2957,#3795,.T.);
#3793 = VERTEX_POINT('',#3794);
#3794 = CARTESIAN_POINT('',(68.917096231345,95.859802816369,52.));
#3795 = CIRCLE('',#3796,4.5);
#3796 = AXIS2_PLACEMENT_3D('',#3797,#3798,#3799);
#3797 = CARTESIAN_POINT('',(64.5,95.,52.));
#3798 = DIRECTION('',(0.,0.,-1.));
#3799 = DIRECTION('',(-1.,-0.,-0.));
#3800 = ORIENTED_EDGE('',*,*,#3801,.F.);
#3801 = EDGE_CURVE('',#3802,#3793,#3804,.T.);
#3802 = VERTEX_POINT('',#3803);
#3803 = CARTESIAN_POINT('',(66.561552812808,99.,56.07992088034));
#3804 = ELLIPSE('',#3805,9.,4.5);
#3805 = AXIS2_PLACEMENT_3D('',#3806,#3807,#3808);
#3806 = CARTESIAN_POINT('',(64.5,95.,59.650635094611));
#3807 = DIRECTION('',(-0.866025403784,0.,-0.5));
#3808 = DIRECTION('',(0.5,0.,-0.866025403784));
#3809 = ORIENTED_EDGE('',*,*,#3810,.F.);
#3810 = EDGE_CURVE('',#3811,#3802,#3813,.T.);
#3811 = VERTEX_POINT('',#3812);
#3812 = CARTESIAN_POINT('',(66.561552812809,99.,58.));
#3813 = LINE('',#3814,#3815);
#3814 = CARTESIAN_POINT('',(66.561552812809,99.,52.));
#3815 = VECTOR('',#3816,1.);
#3816 = DIRECTION('',(0.,0.,-1.));
#3817 = ORIENTED_EDGE('',*,*,#3818,.T.);
#3818 = EDGE_CURVE('',#3811,#2949,#3819,.T.);
#3819 = CIRCLE('',#3820,4.5);
#3820 = AXIS2_PLACEMENT_3D('',#3821,#3822,#3823);
#3821 = CARTESIAN_POINT('',(64.5,95.,58.));
#3822 = DIRECTION('',(0.,0.,-1.));
#3823 = DIRECTION('',(-1.,-0.,-0.));
#3824 = ORIENTED_EDGE('',*,*,#2956,.F.);
#3825 = CYLINDRICAL_SURFACE('',#3826,4.5);
#3826 = AXIS2_PLACEMENT_3D('',#3827,#3828,#3829);
#3827 = CARTESIAN_POINT('',(64.5,95.,52.));
#3828 = DIRECTION('',(0.,0.,-1.));
#3829 = DIRECTION('',(-1.,-0.,-0.));
#3830 = ADVANCED_FACE('',(#3831),#3849,.F.);
#3831 = FACE_BOUND('',#3832,.T.);
#3832 = EDGE_LOOP('',(#3833,#3839,#3840,#3841,#3848));
#3833 = ORIENTED_EDGE('',*,*,#3834,.F.);
#3834 = EDGE_CURVE('',#3811,#2924,#3835,.T.);
#3835 = LINE('',#3836,#3837);
#3836 = CARTESIAN_POINT('',(57.857695154587,99.,58.));
#3837 = VECTOR('',#3838,1.);
#3838 = DIRECTION('',(-1.,-0.,-0.));
#3839 = ORIENTED_EDGE('',*,*,#3818,.T.);
#3840 = ORIENTED_EDGE('',*,*,#2948,.T.);
#3841 = ORIENTED_EDGE('',*,*,#3842,.F.);
#3842 = EDGE_CURVE('',#2932,#2940,#3843,.T.);
#3843 = CIRCLE('',#3844,2.3);
#3844 = AXIS2_PLACEMENT_3D('',#3845,#3846,#3847);
#3845 = CARTESIAN_POINT('',(64.5,95.,58.));
#3846 = DIRECTION('',(0.,0.,-1.));
#3847 = DIRECTION('',(-1.,-0.,-0.));
#3848 = ORIENTED_EDGE('',*,*,#2931,.T.);
#3849 = PLANE('',#3850);
#3850 = AXIS2_PLACEMENT_3D('',#3851,#3852,#3853);
#3851 = CARTESIAN_POINT('',(39.5,115.,58.));
#3852 = DIRECTION('',(0.,0.,1.));
#3853 = DIRECTION('',(1.,0.,0.));
#3854 = ADVANCED_FACE('',(#3855),#3859,.T.);
#3855 = FACE_BOUND('',#3856,.F.);
#3856 = EDGE_LOOP('',(#3857,#3858));
#3857 = ORIENTED_EDGE('',*,*,#3842,.F.);
#3858 = ORIENTED_EDGE('',*,*,#2939,.T.);
#3859 = CYLINDRICAL_SURFACE('',#3860,2.3);
#3860 = AXIS2_PLACEMENT_3D('',#3861,#3862,#3863);
#3861 = CARTESIAN_POINT('',(64.5,95.,58.));
#3862 = DIRECTION('',(0.,0.,1.));
#3863 = DIRECTION('',(-1.,-0.,-0.));
#3864 = ADVANCED_FACE('',(#3865),#3878,.T.);
#3865 = FACE_BOUND('',#3866,.F.);
#3866 = EDGE_LOOP('',(#3867,#3868,#3869,#3870,#3871,#3877));
#3867 = ORIENTED_EDGE('',*,*,#3749,.F.);
#3868 = ORIENTED_EDGE('',*,*,#2923,.T.);
#3869 = ORIENTED_EDGE('',*,*,#3834,.F.);
#3870 = ORIENTED_EDGE('',*,*,#3810,.T.);
#3871 = ORIENTED_EDGE('',*,*,#3872,.T.);
#3872 = EDGE_CURVE('',#3802,#3310,#3873,.T.);
#3873 = LINE('',#3874,#3875);
#3874 = CARTESIAN_POINT('',(73.456415712958,99.,44.13766802606));
#3875 = VECTOR('',#3876,1.);
#3876 = DIRECTION('',(0.5,0.,-0.866025403784));
#3877 = ORIENTED_EDGE('',*,*,#3318,.T.);
#3878 = PLANE('',#3879);
#3879 = AXIS2_PLACEMENT_3D('',#3880,#3881,#3882);
#3880 = CARTESIAN_POINT('',(76.215390309173,99.,37.358983848622));
#3881 = DIRECTION('',(0.,1.,0.));
#3882 = DIRECTION('',(0.5,0.,-0.866025403784));
#3883 = ADVANCED_FACE('',(#3884),#3905,.F.);
#3884 = FACE_BOUND('',#3885,.T.);
#3885 = EDGE_LOOP('',(#3886,#3887,#3894,#3895,#3896,#3897,#3898,#3904));
#3886 = ORIENTED_EDGE('',*,*,#3166,.F.);
#3887 = ORIENTED_EDGE('',*,*,#3888,.T.);
#3888 = EDGE_CURVE('',#3167,#2782,#3889,.T.);
#3889 = CIRCLE('',#3890,4.9);
#3890 = AXIS2_PLACEMENT_3D('',#3891,#3892,#3893);
#3891 = CARTESIAN_POINT('',(64.5,135.,58.15));
#3892 = DIRECTION('',(0.,0.,-1.));
#3893 = DIRECTION('',(-1.,-0.,-0.));
#3894 = ORIENTED_EDGE('',*,*,#2781,.T.);
#3895 = ORIENTED_EDGE('',*,*,#3069,.F.);
#3896 = ORIENTED_EDGE('',*,*,#3060,.F.);
#3897 = ORIENTED_EDGE('',*,*,#2874,.T.);
#3898 = ORIENTED_EDGE('',*,*,#3899,.F.);
#3899 = EDGE_CURVE('',#3259,#2867,#3900,.T.);
#3900 = LINE('',#3901,#3902);
#3901 = CARTESIAN_POINT('',(63.107695154587,130.5,58.15));
#3902 = VECTOR('',#3903,1.);
#3903 = DIRECTION('',(-1.,-0.,-0.));
#3904 = ORIENTED_EDGE('',*,*,#3258,.T.);
#3905 = PLANE('',#3906);
#3906 = AXIS2_PLACEMENT_3D('',#3907,#3908,#3909);
#3907 = CARTESIAN_POINT('',(64.5,135.,58.15));
#3908 = DIRECTION('',(0.,0.,1.));
#3909 = DIRECTION('',(1.,0.,0.));
#3910 = ADVANCED_FACE('',(#3911),#3916,.T.);
#3911 = FACE_BOUND('',#3912,.F.);
#3912 = EDGE_LOOP('',(#3913,#3914,#3915));
#3913 = ORIENTED_EDGE('',*,*,#3267,.F.);
#3914 = ORIENTED_EDGE('',*,*,#2866,.T.);
#3915 = ORIENTED_EDGE('',*,*,#3899,.F.);
#3916 = PLANE('',#3917);
#3917 = AXIS2_PLACEMENT_3D('',#3918,#3919,#3920);
#3918 = CARTESIAN_POINT('',(61.715390309173,130.5,62.473720558371));
#3919 = DIRECTION('',(0.,-1.,0.));
#3920 = DIRECTION('',(-0.5,0.,0.866025403784));
#3921 = ADVANCED_FACE('',(#3922),#3940,.F.);
#3922 = FACE_BOUND('',#3923,.F.);
#3923 = EDGE_LOOP('',(#3924,#3931,#3932,#3939));
#3924 = ORIENTED_EDGE('',*,*,#3925,.F.);
#3925 = EDGE_CURVE('',#2799,#2841,#3926,.T.);
#3926 = CIRCLE('',#3927,4.5);
#3927 = AXIS2_PLACEMENT_3D('',#3928,#3929,#3930);
#3928 = CARTESIAN_POINT('',(64.5,135.,52.));
#3929 = DIRECTION('',(0.,0.,-1.));
#3930 = DIRECTION('',(-1.,-0.,-0.));
#3931 = ORIENTED_EDGE('',*,*,#2806,.F.);
#3932 = ORIENTED_EDGE('',*,*,#3933,.T.);
#3933 = EDGE_CURVE('',#2807,#2833,#3934,.T.);
#3934 = CIRCLE('',#3935,4.5);
#3935 = AXIS2_PLACEMENT_3D('',#3936,#3937,#3938);
#3936 = CARTESIAN_POINT('',(64.5,135.,58.));
#3937 = DIRECTION('',(0.,0.,-1.));
#3938 = DIRECTION('',(-1.,-0.,-0.));
#3939 = ORIENTED_EDGE('',*,*,#2840,.F.);
#3940 = CYLINDRICAL_SURFACE('',#3941,4.5);
#3941 = AXIS2_PLACEMENT_3D('',#3942,#3943,#3944);
#3942 = CARTESIAN_POINT('',(64.5,135.,52.));
#3943 = DIRECTION('',(0.,0.,-1.));
#3944 = DIRECTION('',(-1.,-0.,-0.));
#3945 = ADVANCED_FACE('',(#3946),#3958,.F.);
#3946 = FACE_BOUND('',#3947,.T.);
#3947 = EDGE_LOOP('',(#3948,#3949,#3950,#3951));
#3948 = ORIENTED_EDGE('',*,*,#2815,.T.);
#3949 = ORIENTED_EDGE('',*,*,#3933,.T.);
#3950 = ORIENTED_EDGE('',*,*,#2832,.T.);
#3951 = ORIENTED_EDGE('',*,*,#3952,.F.);
#3952 = EDGE_CURVE('',#2816,#2824,#3953,.T.);
#3953 = CIRCLE('',#3954,2.3);
#3954 = AXIS2_PLACEMENT_3D('',#3955,#3956,#3957);
#3955 = CARTESIAN_POINT('',(64.5,135.,58.));
#3956 = DIRECTION('',(0.,0.,-1.));
#3957 = DIRECTION('',(-1.,-0.,-0.));
#3958 = PLANE('',#3959);
#3959 = AXIS2_PLACEMENT_3D('',#3960,#3961,#3962);
#3960 = CARTESIAN_POINT('',(39.5,115.,58.));
#3961 = DIRECTION('',(0.,0.,1.));
#3962 = DIRECTION('',(1.,0.,0.));
#3963 = ADVANCED_FACE('',(#3964),#3968,.T.);
#3964 = FACE_BOUND('',#3965,.F.);
#3965 = EDGE_LOOP('',(#3966,#3967));
#3966 = ORIENTED_EDGE('',*,*,#3952,.F.);
#3967 = ORIENTED_EDGE('',*,*,#2823,.T.);
#3968 = CYLINDRICAL_SURFACE('',#3969,2.3);
#3969 = AXIS2_PLACEMENT_3D('',#3970,#3971,#3972);
#3970 = CARTESIAN_POINT('',(64.5,135.,58.));
#3971 = DIRECTION('',(0.,0.,1.));
#3972 = DIRECTION('',(-1.,-0.,-0.));
#3973 = ADVANCED_FACE('',(#3974),#3986,.F.);
#3974 = FACE_BOUND('',#3975,.T.);
#3975 = EDGE_LOOP('',(#3976,#3977,#3978,#3985));
#3976 = ORIENTED_EDGE('',*,*,#3888,.F.);
#3977 = ORIENTED_EDGE('',*,*,#3174,.F.);
#3978 = ORIENTED_EDGE('',*,*,#3979,.T.);
#3979 = EDGE_CURVE('',#3175,#2790,#3980,.T.);
#3980 = CIRCLE('',#3981,4.9);
#3981 = AXIS2_PLACEMENT_3D('',#3982,#3983,#3984);
#3982 = CARTESIAN_POINT('',(64.5,135.,52.));
#3983 = DIRECTION('',(0.,0.,-1.));
#3984 = DIRECTION('',(-1.,-0.,-0.));
#3985 = ORIENTED_EDGE('',*,*,#2789,.F.);
#3986 = CYLINDRICAL_SURFACE('',#3987,4.9);
#3987 = AXIS2_PLACEMENT_3D('',#3988,#3989,#3990);
#3988 = CARTESIAN_POINT('',(64.5,135.,51.95));
#3989 = DIRECTION('',(0.,0.,1.));
#3990 = DIRECTION('',(-1.,-0.,-0.));
#3991 = ADVANCED_FACE('',(#3992),#4008,.T.);
#3992 = FACE_BOUND('',#3993,.F.);
#3993 = EDGE_LOOP('',(#3994,#4000,#4001,#4007));
#3994 = ORIENTED_EDGE('',*,*,#3995,.F.);
#3995 = EDGE_CURVE('',#2742,#3557,#3996,.T.);
#3996 = LINE('',#3997,#3998);
#3997 = CARTESIAN_POINT('',(6.,140.,48.));
#3998 = VECTOR('',#3999,1.);
#3999 = DIRECTION('',(1.,0.,0.));
#4000 = ORIENTED_EDGE('',*,*,#2749,.T.);
#4001 = ORIENTED_EDGE('',*,*,#4002,.T.);
#4002 = EDGE_CURVE('',#2750,#3568,#4003,.T.);
#4003 = LINE('',#4004,#4005);
#4004 = CARTESIAN_POINT('',(6.,140.,52.));
#4005 = VECTOR('',#4006,1.);
#4006 = DIRECTION('',(1.,0.,0.));
#4007 = ORIENTED_EDGE('',*,*,#3567,.F.);
#4008 = PLANE('',#4009);
#4009 = AXIS2_PLACEMENT_3D('',#4010,#4011,#4012);
#4010 = CARTESIAN_POINT('',(6.,140.,48.));
#4011 = DIRECTION('',(-0.,-1.,-0.));
#4012 = DIRECTION('',(-1.,0.,0.));
#4013 = ADVANCED_FACE('',(#4014),#4035,.T.);
#4014 = FACE_BOUND('',#4015,.F.);
#4015 = EDGE_LOOP('',(#4016,#4017,#4018,#4019,#4027,#4033,#4034));
#4016 = ORIENTED_EDGE('',*,*,#3556,.T.);
#4017 = ORIENTED_EDGE('',*,*,#3630,.T.);
#4018 = ORIENTED_EDGE('',*,*,#3607,.F.);
#4019 = ORIENTED_EDGE('',*,*,#4020,.F.);
#4020 = EDGE_CURVE('',#4021,#3600,#4023,.T.);
#4021 = VERTEX_POINT('',#4022);
#4022 = CARTESIAN_POINT('',(73.,135.,48.));
#4023 = LINE('',#4024,#4025);
#4024 = CARTESIAN_POINT('',(73.,135.,48.));
#4025 = VECTOR('',#4026,1.);
#4026 = DIRECTION('',(-2.33E-15,-1.,1.67E-15));
#4027 = ORIENTED_EDGE('',*,*,#4028,.T.);
#4028 = EDGE_CURVE('',#4021,#2734,#4029,.T.);
#4029 = LINE('',#4030,#4031);
#4030 = CARTESIAN_POINT('',(73.,135.,48.));
#4031 = VECTOR('',#4032,1.);
#4032 = DIRECTION('',(-1.,-1.E-15,-4.4E-16));
#4033 = ORIENTED_EDGE('',*,*,#2741,.T.);
#4034 = ORIENTED_EDGE('',*,*,#3995,.T.);
#4035 = PLANE('',#4036);
#4036 = AXIS2_PLACEMENT_3D('',#4037,#4038,#4039);
#4037 = CARTESIAN_POINT('',(39.5,69.30338962356,48.));
#4038 = DIRECTION('',(0.,0.,1.));
#4039 = DIRECTION('',(1.,0.,0.));
#4040 = ADVANCED_FACE('',(#4041),#4051,.T.);
#4041 = FACE_BOUND('',#4042,.F.);
#4042 = EDGE_LOOP('',(#4043,#4049,#4050));
#4043 = ORIENTED_EDGE('',*,*,#4044,.F.);
#4044 = EDGE_CURVE('',#2726,#4021,#4045,.T.);
#4045 = LINE('',#4046,#4047);
#4046 = CARTESIAN_POINT('',(73.,135.,2.));
#4047 = VECTOR('',#4048,1.);
#4048 = DIRECTION('',(2.44E-15,-1.44E-15,1.));
#4049 = ORIENTED_EDGE('',*,*,#2733,.T.);
#4050 = ORIENTED_EDGE('',*,*,#4028,.F.);
#4051 = PLANE('',#4052);
#4052 = AXIS2_PLACEMENT_3D('',#4053,#4054,#4055);
#4053 = CARTESIAN_POINT('',(73.,135.,2.));
#4054 = DIRECTION('',(-1.67E-15,-1.,1.55E-15));
#4055 = DIRECTION('',(-2.44E-15,-1.55E-15,-1.));
#4056 = ADVANCED_FACE('',(#4057),#4063,.T.);
#4057 = FACE_BOUND('',#4058,.F.);
#4058 = EDGE_LOOP('',(#4059,#4060,#4061,#4062));
#4059 = ORIENTED_EDGE('',*,*,#4020,.T.);
#4060 = ORIENTED_EDGE('',*,*,#3599,.F.);
#4061 = ORIENTED_EDGE('',*,*,#2725,.T.);
#4062 = ORIENTED_EDGE('',*,*,#4044,.T.);
#4063 = PLANE('',#4064);
#4064 = AXIS2_PLACEMENT_3D('',#4065,#4066,#4067);
#4065 = CARTESIAN_POINT('',(73.,68.22787887802,30.918098265043));
#4066 = DIRECTION('',(-1.,-8.9E-16,-7.8E-16));
#4067 = DIRECTION('',(7.8E-16,1.44E-15,-1.));
#4068 = ADVANCED_FACE('',(#4069),#4075,.T.);
#4069 = FACE_BOUND('',#4070,.F.);
#4070 = EDGE_LOOP('',(#4071,#4072,#4073,#4074));
#4071 = ORIENTED_EDGE('',*,*,#3460,.T.);
#4072 = ORIENTED_EDGE('',*,*,#3416,.T.);
#4073 = ORIENTED_EDGE('',*,*,#2693,.T.);
#4074 = ORIENTED_EDGE('',*,*,#3518,.F.);
#4075 = PLANE('',#4076);
#4076 = AXIS2_PLACEMENT_3D('',#4077,#4078,#4079);
#4077 = CARTESIAN_POINT('',(73.,68.22787887802,30.918098265043));
#4078 = DIRECTION('',(-1.,-8.9E-16,-7.8E-16));
#4079 = DIRECTION('',(7.8E-16,1.44E-15,-1.));
#4080 = ADVANCED_FACE('',(#4081),#4100,.T.);
#4081 = FACE_BOUND('',#4082,.F.);
#4082 = EDGE_LOOP('',(#4083,#4084,#4092,#4099));
#4083 = ORIENTED_EDGE('',*,*,#3006,.F.);
#4084 = ORIENTED_EDGE('',*,*,#4085,.F.);
#4085 = EDGE_CURVE('',#4086,#3007,#4088,.T.);
#4086 = VERTEX_POINT('',#4087);
#4087 = CARTESIAN_POINT('',(60.474364905389,134.5,62.623239611209));
#4088 = LINE('',#4089,#4090);
#4089 = CARTESIAN_POINT('',(60.474364905389,134.5,62.623239611209));
#4090 = VECTOR('',#4091,1.);
#4091 = DIRECTION('',(0.866025403784,0.,0.5));
#4092 = ORIENTED_EDGE('',*,*,#4093,.T.);
#4093 = EDGE_CURVE('',#4086,#4086,#4094,.T.);
#4094 = CIRCLE('',#4095,4.5);
#4095 = AXIS2_PLACEMENT_3D('',#4096,#4097,#4098);
#4096 = CARTESIAN_POINT('',(58.224364905389,134.5,66.520353928239));
#4097 = DIRECTION('',(-0.866025403784,-0.,-0.5));
#4098 = DIRECTION('',(0.5,0.,-0.866025403784));
#4099 = ORIENTED_EDGE('',*,*,#4085,.T.);
#4100 = CYLINDRICAL_SURFACE('',#4101,4.5);
#4101 = AXIS2_PLACEMENT_3D('',#4102,#4103,#4104);
#4102 = CARTESIAN_POINT('',(58.224364905389,134.5,66.520353928239));
#4103 = DIRECTION('',(0.866025403784,0.,0.5));
#4104 = DIRECTION('',(0.5,0.,-0.866025403784));
#4105 = ADVANCED_FACE('',(#4106),#4125,.T.);
#4106 = FACE_BOUND('',#4107,.F.);
#4107 = EDGE_LOOP('',(#4108,#4109,#4117,#4124));
#4108 = ORIENTED_EDGE('',*,*,#3017,.F.);
#4109 = ORIENTED_EDGE('',*,*,#4110,.F.);
#4110 = EDGE_CURVE('',#4111,#3018,#4113,.T.);
#4111 = VERTEX_POINT('',#4112);
#4112 = CARTESIAN_POINT('',(80.224364905389,134.5,28.415236161724));
#4113 = LINE('',#4114,#4115);
#4114 = CARTESIAN_POINT('',(80.224364905389,134.5,28.415236161724));
#4115 = VECTOR('',#4116,1.);
#4116 = DIRECTION('',(0.866025403784,0.,0.5));
#4117 = ORIENTED_EDGE('',*,*,#4118,.T.);
#4118 = EDGE_CURVE('',#4111,#4111,#4119,.T.);
#4119 = CIRCLE('',#4120,4.5);
#4120 = AXIS2_PLACEMENT_3D('',#4121,#4122,#4123);
#4121 = CARTESIAN_POINT('',(77.974364905389,134.5,32.312350478754));
#4122 = DIRECTION('',(-0.866025403784,-0.,-0.5));
#4123 = DIRECTION('',(0.5,0.,-0.866025403784));
#4124 = ORIENTED_EDGE('',*,*,#4110,.T.);
#4125 = CYLINDRICAL_SURFACE('',#4126,4.5);
#4126 = AXIS2_PLACEMENT_3D('',#4127,#4128,#4129);
#4127 = CARTESIAN_POINT('',(77.974364905389,134.5,32.312350478754));
#4128 = DIRECTION('',(0.866025403784,0.,0.5));
#4129 = DIRECTION('',(0.5,0.,-0.866025403784));
#4130 = ADVANCED_FACE('',(#4131),#4150,.T.);
#4131 = FACE_BOUND('',#4132,.F.);
#4132 = EDGE_LOOP('',(#4133,#4134,#4142,#4149));
#4133 = ORIENTED_EDGE('',*,*,#3028,.F.);
#4134 = ORIENTED_EDGE('',*,*,#4135,.F.);
#4135 = EDGE_CURVE('',#4136,#3029,#4138,.T.);
#4136 = VERTEX_POINT('',#4137);
#4137 = CARTESIAN_POINT('',(60.474364905389,95.,62.62323961121));
#4138 = LINE('',#4139,#4140);
#4139 = CARTESIAN_POINT('',(60.474364905389,95.,62.62323961121));
#4140 = VECTOR('',#4141,1.);
#4141 = DIRECTION('',(0.866025403784,0.,0.5));
#4142 = ORIENTED_EDGE('',*,*,#4143,.T.);
#4143 = EDGE_CURVE('',#4136,#4136,#4144,.T.);
#4144 = CIRCLE('',#4145,4.5);
#4145 = AXIS2_PLACEMENT_3D('',#4146,#4147,#4148);
#4146 = CARTESIAN_POINT('',(58.224364905389,95.,66.520353928239));
#4147 = DIRECTION('',(-0.866025403784,-0.,-0.5));
#4148 = DIRECTION('',(0.5,0.,-0.866025403784));
#4149 = ORIENTED_EDGE('',*,*,#4135,.T.);
#4150 = CYLINDRICAL_SURFACE('',#4151,4.5);
#4151 = AXIS2_PLACEMENT_3D('',#4152,#4153,#4154);
#4152 = CARTESIAN_POINT('',(58.224364905389,95.,66.520353928239));
#4153 = DIRECTION('',(0.866025403784,0.,0.5));
#4154 = DIRECTION('',(0.5,0.,-0.866025403784));
#4155 = ADVANCED_FACE('',(#4156),#4175,.T.);
#4156 = FACE_BOUND('',#4157,.F.);
#4157 = EDGE_LOOP('',(#4158,#4159,#4167,#4174));
#4158 = ORIENTED_EDGE('',*,*,#3039,.F.);
#4159 = ORIENTED_EDGE('',*,*,#4160,.F.);
#4160 = EDGE_CURVE('',#4161,#3040,#4163,.T.);
#4161 = VERTEX_POINT('',#4162);
#4162 = CARTESIAN_POINT('',(80.224364905389,95.,28.415236161724));
#4163 = LINE('',#4164,#4165);
#4164 = CARTESIAN_POINT('',(80.224364905389,95.,28.415236161724));
#4165 = VECTOR('',#4166,1.);
#4166 = DIRECTION('',(0.866025403784,0.,0.5));
#4167 = ORIENTED_EDGE('',*,*,#4168,.T.);
#4168 = EDGE_CURVE('',#4161,#4161,#4169,.T.);
#4169 = CIRCLE('',#4170,4.5);
#4170 = AXIS2_PLACEMENT_3D('',#4171,#4172,#4173);
#4171 = CARTESIAN_POINT('',(77.974364905389,95.,32.312350478754));
#4172 = DIRECTION('',(-0.866025403784,-0.,-0.5));
#4173 = DIRECTION('',(0.5,0.,-0.866025403784));
#4174 = ORIENTED_EDGE('',*,*,#4160,.T.);
#4175 = CYLINDRICAL_SURFACE('',#4176,4.5);
#4176 = AXIS2_PLACEMENT_3D('',#4177,#4178,#4179);
#4177 = CARTESIAN_POINT('',(77.974364905389,95.,32.312350478754));
#4178 = DIRECTION('',(0.866025403784,0.,0.5));
#4179 = DIRECTION('',(0.5,0.,-0.866025403784));
#4180 = ADVANCED_FACE('',(#4181),#4192,.F.);
#4181 = FACE_BOUND('',#4182,.T.);
#4182 = EDGE_LOOP('',(#4183,#4184,#4190,#4191));
#4183 = ORIENTED_EDGE('',*,*,#3309,.T.);
#4184 = ORIENTED_EDGE('',*,*,#4185,.F.);
#4185 = EDGE_CURVE('',#3793,#3301,#4186,.T.);
#4186 = LINE('',#4187,#4188);
#4187 = CARTESIAN_POINT('',(68.917096231345,92.02669481178,52.));
#4188 = VECTOR('',#4189,1.);
#4189 = DIRECTION('',(0.,1.,0.));
#4190 = ORIENTED_EDGE('',*,*,#3801,.F.);
#4191 = ORIENTED_EDGE('',*,*,#3872,.T.);
#4192 = PLANE('',#4193);
#4193 = AXIS2_PLACEMENT_3D('',#4194,#4195,#4196);
#4194 = CARTESIAN_POINT('',(69.831415712958,114.75,50.416352203497));
#4195 = DIRECTION('',(0.866025403784,0.,0.5));
#4196 = DIRECTION('',(-0.5,0.,0.866025403784));
#4197 = ADVANCED_FACE('',(#4198),#4201,.T.);
#4198 = FACE_BOUND('',#4199,.T.);
#4199 = EDGE_LOOP('',(#4200));
#4200 = ORIENTED_EDGE('',*,*,#3656,.F.);
#4201 = PLANE('',#4202);
#4202 = AXIS2_PLACEMENT_3D('',#4203,#4204,#4205);
#4203 = CARTESIAN_POINT('',(59.956415712958,134.5,67.520353928239));
#4204 = DIRECTION('',(0.866025403784,0.,0.5));
#4205 = DIRECTION('',(-0.5,0.,0.866025403784));
#4206 = ADVANCED_FACE('',(#4207),#4210,.T.);
#4207 = FACE_BOUND('',#4208,.T.);
#4208 = EDGE_LOOP('',(#4209));
#4209 = ORIENTED_EDGE('',*,*,#3681,.F.);
#4210 = PLANE('',#4211);
#4211 = AXIS2_PLACEMENT_3D('',#4212,#4213,#4214);
#4212 = CARTESIAN_POINT('',(79.706415712958,134.5,33.312350478754));
#4213 = DIRECTION('',(0.866025403784,0.,0.5));
#4214 = DIRECTION('',(-0.5,0.,0.866025403784));
#4215 = ADVANCED_FACE('',(#4216),#4219,.T.);
#4216 = FACE_BOUND('',#4217,.T.);
#4217 = EDGE_LOOP('',(#4218));
#4218 = ORIENTED_EDGE('',*,*,#3706,.F.);
#4219 = PLANE('',#4220);
#4220 = AXIS2_PLACEMENT_3D('',#4221,#4222,#4223);
#4221 = CARTESIAN_POINT('',(59.956415712958,95.,67.520353928239));
#4222 = DIRECTION('',(0.866025403784,0.,0.5));
#4223 = DIRECTION('',(-0.5,0.,0.866025403784));
#4224 = ADVANCED_FACE('',(#4225),#4228,.T.);
#4225 = FACE_BOUND('',#4226,.T.);
#4226 = EDGE_LOOP('',(#4227));
#4227 = ORIENTED_EDGE('',*,*,#3731,.F.);
#4228 = PLANE('',#4229);
#4229 = AXIS2_PLACEMENT_3D('',#4230,#4231,#4232);
#4230 = CARTESIAN_POINT('',(79.706415712958,95.,33.312350478754));
#4231 = DIRECTION('',(0.866025403784,0.,0.5));
#4232 = DIRECTION('',(-0.5,0.,0.866025403784));
#4233 = ADVANCED_FACE('',(#4234),#4237,.F.);
#4234 = FACE_BOUND('',#4235,.F.);
#4235 = EDGE_LOOP('',(#4236));
#4236 = ORIENTED_EDGE('',*,*,#4093,.F.);
#4237 = PLANE('',#4238);
#4238 = AXIS2_PLACEMENT_3D('',#4239,#4240,#4241);
#4239 = CARTESIAN_POINT('',(58.224364905389,134.5,66.520353928239));
#4240 = DIRECTION('',(0.866025403784,0.,0.5));
#4241 = DIRECTION('',(-0.5,0.,0.866025403784));
#4242 = ADVANCED_FACE('',(#4243),#4246,.F.);
#4243 = FACE_BOUND('',#4244,.F.);
#4244 = EDGE_LOOP('',(#4245));
#4245 = ORIENTED_EDGE('',*,*,#4118,.F.);
#4246 = PLANE('',#4247);
#4247 = AXIS2_PLACEMENT_3D('',#4248,#4249,#4250);
#4248 = CARTESIAN_POINT('',(77.974364905389,134.5,32.312350478754));
#4249 = DIRECTION('',(0.866025403784,0.,0.5));
#4250 = DIRECTION('',(-0.5,0.,0.866025403784));
#4251 = ADVANCED_FACE('',(#4252),#4255,.F.);
#4252 = FACE_BOUND('',#4253,.F.);
#4253 = EDGE_LOOP('',(#4254));
#4254 = ORIENTED_EDGE('',*,*,#4143,.F.);
#4255 = PLANE('',#4256);
#4256 = AXIS2_PLACEMENT_3D('',#4257,#4258,#4259);
#4257 = CARTESIAN_POINT('',(58.224364905389,95.,66.520353928239));
#4258 = DIRECTION('',(0.866025403784,0.,0.5));
#4259 = DIRECTION('',(-0.5,0.,0.866025403784));
#4260 = ADVANCED_FACE('',(#4261),#4264,.F.);
#4261 = FACE_BOUND('',#4262,.F.);
#4262 = EDGE_LOOP('',(#4263));
#4263 = ORIENTED_EDGE('',*,*,#4168,.F.);
#4264 = PLANE('',#4265);
#4265 = AXIS2_PLACEMENT_3D('',#4266,#4267,#4268);
#4266 = CARTESIAN_POINT('',(77.974364905389,95.,32.312350478754));
#4267 = DIRECTION('',(0.866025403784,0.,0.5));
#4268 = DIRECTION('',(-0.5,0.,0.866025403784));
#4269 = ADVANCED_FACE('',(#4270,#4297),#4308,.T.);
#4270 = FACE_BOUND('',#4271,.F.);
#4271 = EDGE_LOOP('',(#4272,#4273,#4274,#4275,#4276,#4277,#4278,#4279,
    #4280,#4281,#4282,#4283,#4284,#4285,#4286,#4287,#4288,#4289,#4290,
    #4291,#4292,#4293,#4294,#4295,#4296));
#4272 = ORIENTED_EDGE('',*,*,#3274,.T.);
#4273 = ORIENTED_EDGE('',*,*,#3150,.F.);
#4274 = ORIENTED_EDGE('',*,*,#3300,.T.);
#4275 = ORIENTED_EDGE('',*,*,#4185,.F.);
#4276 = ORIENTED_EDGE('',*,*,#3792,.T.);
#4277 = ORIENTED_EDGE('',*,*,#2965,.F.);
#4278 = ORIENTED_EDGE('',*,*,#3776,.T.);
#4279 = ORIENTED_EDGE('',*,*,#3118,.F.);
#4280 = ORIENTED_EDGE('',*,*,#3196,.F.);
#4281 = ORIENTED_EDGE('',*,*,#2643,.F.);
#4282 = ORIENTED_EDGE('',*,*,#3333,.F.);
#4283 = ORIENTED_EDGE('',*,*,#2561,.T.);
#4284 = ORIENTED_EDGE('',*,*,#2227,.F.);
#4285 = ORIENTED_EDGE('',*,*,#2197,.T.);
#4286 = ORIENTED_EDGE('',*,*,#2398,.T.);
#4287 = ORIENTED_EDGE('',*,*,#2529,.T.);
#4288 = ORIENTED_EDGE('',*,*,#3575,.F.);
#4289 = ORIENTED_EDGE('',*,*,#4002,.F.);
#4290 = ORIENTED_EDGE('',*,*,#2757,.F.);
#4291 = ORIENTED_EDGE('',*,*,#3084,.T.);
#4292 = ORIENTED_EDGE('',*,*,#3182,.F.);
#4293 = ORIENTED_EDGE('',*,*,#3979,.T.);
#4294 = ORIENTED_EDGE('',*,*,#2798,.F.);
#4295 = ORIENTED_EDGE('',*,*,#3925,.T.);
#4296 = ORIENTED_EDGE('',*,*,#2849,.F.);
#4297 = FACE_BOUND('',#4298,.F.);
#4298 = EDGE_LOOP('',(#4299));
#4299 = ORIENTED_EDGE('',*,*,#4300,.T.);
#4300 = EDGE_CURVE('',#4301,#4301,#4303,.T.);
#4301 = VERTEX_POINT('',#4302);
#4302 = CARTESIAN_POINT('',(62.8,120.,52.));
#4303 = CIRCLE('',#4304,4.2);
#4304 = AXIS2_PLACEMENT_3D('',#4305,#4306,#4307);
#4305 = CARTESIAN_POINT('',(67.,120.,52.));
#4306 = DIRECTION('',(0.,0.,-1.));
#4307 = DIRECTION('',(-1.,-0.,-0.));
#4308 = PLANE('',#4309);
#4309 = AXIS2_PLACEMENT_3D('',#4310,#4311,#4312);
#4310 = CARTESIAN_POINT('',(68.938216139881,115.05680209449,52.));
#4311 = DIRECTION('',(0.,0.,-1.));
#4312 = DIRECTION('',(-1.,0.,0.));
#4313 = ADVANCED_FACE('',(#4314),#4333,.F.);
#4314 = FACE_BOUND('',#4315,.T.);
#4315 = EDGE_LOOP('',(#4316,#4324,#4331,#4332));
#4316 = ORIENTED_EDGE('',*,*,#4317,.T.);
#4317 = EDGE_CURVE('',#4301,#4318,#4320,.T.);
#4318 = VERTEX_POINT('',#4319);
#4319 = CARTESIAN_POINT('',(62.8,120.,54.95));
#4320 = LINE('',#4321,#4322);
#4321 = CARTESIAN_POINT('',(62.8,120.,51.95));
#4322 = VECTOR('',#4323,1.);
#4323 = DIRECTION('',(0.,0.,1.));
#4324 = ORIENTED_EDGE('',*,*,#4325,.F.);
#4325 = EDGE_CURVE('',#4318,#4318,#4326,.T.);
#4326 = CIRCLE('',#4327,4.2);
#4327 = AXIS2_PLACEMENT_3D('',#4328,#4329,#4330);
#4328 = CARTESIAN_POINT('',(67.,120.,54.95));
#4329 = DIRECTION('',(0.,0.,-1.));
#4330 = DIRECTION('',(-1.,-0.,-0.));
#4331 = ORIENTED_EDGE('',*,*,#4317,.F.);
#4332 = ORIENTED_EDGE('',*,*,#4300,.T.);
#4333 = CYLINDRICAL_SURFACE('',#4334,4.2);
#4334 = AXIS2_PLACEMENT_3D('',#4335,#4336,#4337);
#4335 = CARTESIAN_POINT('',(67.,120.,51.95));
#4336 = DIRECTION('',(0.,0.,1.));
#4337 = DIRECTION('',(-1.,-0.,-0.));
#4338 = ADVANCED_FACE('',(#4339),#4342,.F.);
#4339 = FACE_BOUND('',#4340,.T.);
#4340 = EDGE_LOOP('',(#4341));
#4341 = ORIENTED_EDGE('',*,*,#4325,.T.);
#4342 = PLANE('',#4343);
#4343 = AXIS2_PLACEMENT_3D('',#4344,#4345,#4346);
#4344 = CARTESIAN_POINT('',(67.,120.,54.95));
#4345 = DIRECTION('',(0.,0.,1.));
#4346 = DIRECTION('',(1.,0.,0.));
#4347 = ( GEOMETRIC_REPRESENTATION_CONTEXT(3) 
GLOBAL_UNCERTAINTY_ASSIGNED_CONTEXT((#4351)) 
GLOBAL_UNIT_ASSIGNED_CONTEXT((#4348,#4349,#4350)) REPRESENTATION_CONTEXT
('Context #1','3D Context with UNIT and UNCERTAINTY') );
#4348 = ( LENGTH_UNIT() NAMED_UNIT(*) SI_UNIT(.MILLI.,.METRE.) );
#4349 = ( NAMED_UNIT(*) PLANE_ANGLE_UNIT() SI_UNIT($,.RADIAN.) );
#4350 = ( NAMED_UNIT(*) SI_UNIT($,.STERADIAN.) SOLID_ANGLE_UNIT() );
#4351 = UNCERTAINTY_MEASURE_WITH_UNIT(LENGTH_MEASURE(1.E-07),#4348,
  'distance_accuracy_value','confusion accuracy');
#4352 = PRODUCT_RELATED_PRODUCT_CATEGORY('part',$,(#7));
ENDSEC;
END-ISO-10303-21;
