ISO-10303-21;
HEADER;
FILE_DESCRIPTION(('FreeCAD Model'),'2;1');
FILE_NAME('Open CASCADE Shape Model','2026-09-21T21:09:39',('FreeCAD'),(
    'FreeCAD'),'Open CASCADE STEP processor 7.8','FreeCAD','Unknown');
FILE_SCHEMA(('AUTOMOTIVE_DESIGN { 1 0 10303 214 1 1 1 1 }'));
ENDSEC;
DATA;
#1 = APPLICATION_PROTOCOL_DEFINITION('international standard',
  'automotive_design',2000,#2);
#2 = APPLICATION_CONTEXT(
  'core data for automotive mechanical design processes');
#3 = SHAPE_DEFINITION_REPRESENTATION(#4,#10);
#4 = PRODUCT_DEFINITION_SHAPE('','',#5);
#5 = PRODUCT_DEFINITION('design','',#6,#9);
#6 = PRODUCT_DEFINITION_FORMATION('','',#7);
#7 = PRODUCT('Open CASCADE STEP translator 7.8 1',
  'Open CASCADE STEP translator 7.8 1','',(#8));
#8 = PRODUCT_CONTEXT('',#2,'mechanical');
#9 = PRODUCT_DEFINITION_CONTEXT('part definition',#2,'design');
#10 = SHAPE_REPRESENTATION('',(#11,#15,#1190,#2365,#4979),#7593);
#11 = AXIS2_PLACEMENT_3D('',#12,#13,#14);
#12 = CARTESIAN_POINT('',(0.,0.,0.));
#13 = DIRECTION('',(0.,0.,1.));
#14 = DIRECTION('',(1.,0.,-0.));
#15 = MANIFOLD_SOLID_BREP('',#16);
#16 = CLOSED_SHELL('',(#17,#57,#170,#194,#300,#350,#428,#445,#462,#479,
    #496,#513,#530,#542,#603,#620,#676,#701,#726,#751,#776,#807,#831,
    #855,#872,#897,#922,#947,#972,#997,#1022,#1047,#1072,#1097,#1109,
    #1118,#1130,#1142,#1154,#1166,#1178));
#17 = ADVANCED_FACE('',(#18),#52,.F.);
#18 = FACE_BOUND('',#19,.F.);
#19 = EDGE_LOOP('',(#20,#30,#38,#46));
#20 = ORIENTED_EDGE('',*,*,#21,.F.);
#21 = EDGE_CURVE('',#22,#24,#26,.T.);
#22 = VERTEX_POINT('',#23);
#23 = CARTESIAN_POINT('',(0.,89.,52.));
#24 = VERTEX_POINT('',#25);
#25 = CARTESIAN_POINT('',(0.,89.,62.));
#26 = LINE('',#27,#28);
#27 = CARTESIAN_POINT('',(0.,89.,52.));
#28 = VECTOR('',#29,1.);
#29 = DIRECTION('',(0.,0.,1.));
#30 = ORIENTED_EDGE('',*,*,#31,.T.);
#31 = EDGE_CURVE('',#22,#32,#34,.T.);
#32 = VERTEX_POINT('',#33);
#33 = CARTESIAN_POINT('',(0.,140.5,52.));
#34 = LINE('',#35,#36);
#35 = CARTESIAN_POINT('',(0.,89.,52.));
#36 = VECTOR('',#37,1.);
#37 = DIRECTION('',(0.,1.,0.));
#38 = ORIENTED_EDGE('',*,*,#39,.T.);
#39 = EDGE_CURVE('',#32,#40,#42,.T.);
#40 = VERTEX_POINT('',#41);
#41 = CARTESIAN_POINT('',(0.,140.5,62.));
#42 = LINE('',#43,#44);
#43 = CARTESIAN_POINT('',(0.,140.5,52.));
#44 = VECTOR('',#45,1.);
#45 = DIRECTION('',(0.,0.,1.));
#46 = ORIENTED_EDGE('',*,*,#47,.F.);
#47 = EDGE_CURVE('',#24,#40,#48,.T.);
#48 = LINE('',#49,#50);
#49 = CARTESIAN_POINT('',(0.,89.,62.));
#50 = VECTOR('',#51,1.);
#51 = DIRECTION('',(0.,1.,0.));
#52 = PLANE('',#53);
#53 = AXIS2_PLACEMENT_3D('',#54,#55,#56);
#54 = CARTESIAN_POINT('',(0.,89.,52.));
#55 = DIRECTION('',(1.,0.,0.));
#56 = DIRECTION('',(0.,0.,1.));
#57 = ADVANCED_FACE('',(#58),#165,.T.);
#58 = FACE_BOUND('',#59,.T.);
#59 = EDGE_LOOP('',(#60,#70,#79,#87,#95,#103,#111,#119,#128,#134,#135,
    #143,#151,#159));
#60 = ORIENTED_EDGE('',*,*,#61,.F.);
#61 = EDGE_CURVE('',#62,#64,#66,.T.);
#62 = VERTEX_POINT('',#63);
#63 = CARTESIAN_POINT('',(6.8,89.,62.));
#64 = VERTEX_POINT('',#65);
#65 = CARTESIAN_POINT('',(17.,89.,62.));
#66 = LINE('',#67,#68);
#67 = CARTESIAN_POINT('',(0.,89.,62.));
#68 = VECTOR('',#69,1.);
#69 = DIRECTION('',(1.,0.,0.));
#70 = ORIENTED_EDGE('',*,*,#71,.F.);
#71 = EDGE_CURVE('',#72,#62,#74,.T.);
#72 = VERTEX_POINT('',#73);
#73 = CARTESIAN_POINT('',(6.,89.,62.8));
#74 = CIRCLE('',#75,0.8);
#75 = AXIS2_PLACEMENT_3D('',#76,#77,#78);
#76 = CARTESIAN_POINT('',(6.,89.,62.));
#77 = DIRECTION('',(0.,1.,0.));
#78 = DIRECTION('',(0.,0.,1.));
#79 = ORIENTED_EDGE('',*,*,#80,.T.);
#80 = EDGE_CURVE('',#72,#81,#83,.T.);
#81 = VERTEX_POINT('',#82);
#82 = CARTESIAN_POINT('',(6.,89.,65.4));
#83 = LINE('',#84,#85);
#84 = CARTESIAN_POINT('',(6.,89.,62.));
#85 = VECTOR('',#86,1.);
#86 = DIRECTION('',(0.,0.,1.));
#87 = ORIENTED_EDGE('',*,*,#88,.T.);
#88 = EDGE_CURVE('',#81,#89,#91,.T.);
#89 = VERTEX_POINT('',#90);
#90 = CARTESIAN_POINT('',(5.4,89.,66.));
#91 = LINE('',#92,#93);
#92 = CARTESIAN_POINT('',(6.,89.,65.4));
#93 = VECTOR('',#94,1.);
#94 = DIRECTION('',(-0.707106781187,0.,0.707106781187));
#95 = ORIENTED_EDGE('',*,*,#96,.T.);
#96 = EDGE_CURVE('',#89,#97,#99,.T.);
#97 = VERTEX_POINT('',#98);
#98 = CARTESIAN_POINT('',(2.6,89.,66.));
#99 = LINE('',#100,#101);
#100 = CARTESIAN_POINT('',(5.4,89.,66.));
#101 = VECTOR('',#102,1.);
#102 = DIRECTION('',(-1.,0.,0.));
#103 = ORIENTED_EDGE('',*,*,#104,.T.);
#104 = EDGE_CURVE('',#97,#105,#107,.T.);
#105 = VERTEX_POINT('',#106);
#106 = CARTESIAN_POINT('',(2.,89.,65.4));
#107 = LINE('',#108,#109);
#108 = CARTESIAN_POINT('',(2.6,89.,66.));
#109 = VECTOR('',#110,1.);
#110 = DIRECTION('',(-0.707106781187,0.,-0.707106781187));
#111 = ORIENTED_EDGE('',*,*,#112,.T.);
#112 = EDGE_CURVE('',#105,#113,#115,.T.);
#113 = VERTEX_POINT('',#114);
#114 = CARTESIAN_POINT('',(2.,89.,62.8));
#115 = LINE('',#116,#117);
#116 = CARTESIAN_POINT('',(2.,89.,65.4));
#117 = VECTOR('',#118,1.);
#118 = DIRECTION('',(0.,0.,-1.));
#119 = ORIENTED_EDGE('',*,*,#120,.F.);
#120 = EDGE_CURVE('',#121,#113,#123,.T.);
#121 = VERTEX_POINT('',#122);
#122 = CARTESIAN_POINT('',(1.2,89.,62.));
#123 = CIRCLE('',#124,0.8);
#124 = AXIS2_PLACEMENT_3D('',#125,#126,#127);
#125 = CARTESIAN_POINT('',(2.,89.,62.));
#126 = DIRECTION('',(0.,1.,0.));
#127 = DIRECTION('',(0.,0.,1.));
#128 = ORIENTED_EDGE('',*,*,#129,.F.);
#129 = EDGE_CURVE('',#24,#121,#130,.T.);
#130 = LINE('',#131,#132);
#131 = CARTESIAN_POINT('',(0.,89.,62.));
#132 = VECTOR('',#133,1.);
#133 = DIRECTION('',(1.,0.,0.));
#134 = ORIENTED_EDGE('',*,*,#21,.F.);
#135 = ORIENTED_EDGE('',*,*,#136,.T.);
#136 = EDGE_CURVE('',#22,#137,#139,.T.);
#137 = VERTEX_POINT('',#138);
#138 = CARTESIAN_POINT('',(23.,89.,52.));
#139 = LINE('',#140,#141);
#140 = CARTESIAN_POINT('',(0.,89.,52.));
#141 = VECTOR('',#142,1.);
#142 = DIRECTION('',(1.,0.,0.));
#143 = ORIENTED_EDGE('',*,*,#144,.T.);
#144 = EDGE_CURVE('',#137,#145,#147,.T.);
#145 = VERTEX_POINT('',#146);
#146 = CARTESIAN_POINT('',(23.,89.,82.));
#147 = LINE('',#148,#149);
#148 = CARTESIAN_POINT('',(23.,89.,52.));
#149 = VECTOR('',#150,1.);
#150 = DIRECTION('',(0.,0.,1.));
#151 = ORIENTED_EDGE('',*,*,#152,.F.);
#152 = EDGE_CURVE('',#153,#145,#155,.T.);
#153 = VERTEX_POINT('',#154);
#154 = CARTESIAN_POINT('',(17.,89.,82.));
#155 = LINE('',#156,#157);
#156 = CARTESIAN_POINT('',(17.,89.,82.));
#157 = VECTOR('',#158,1.);
#158 = DIRECTION('',(1.,0.,0.));
#159 = ORIENTED_EDGE('',*,*,#160,.F.);
#160 = EDGE_CURVE('',#64,#153,#161,.T.);
#161 = LINE('',#162,#163);
#162 = CARTESIAN_POINT('',(17.,89.,62.));
#163 = VECTOR('',#164,1.);
#164 = DIRECTION('',(0.,0.,1.));
#165 = PLANE('',#166);
#166 = AXIS2_PLACEMENT_3D('',#167,#168,#169);
#167 = CARTESIAN_POINT('',(14.081565719501,89.,63.950898378663));
#168 = DIRECTION('',(-0.,-1.,-0.));
#169 = DIRECTION('',(0.,0.,-1.));
#170 = ADVANCED_FACE('',(#171),#189,.T.);
#171 = FACE_BOUND('',#172,.T.);
#172 = EDGE_LOOP('',(#173,#181,#182,#183));
#173 = ORIENTED_EDGE('',*,*,#174,.F.);
#174 = EDGE_CURVE('',#40,#175,#177,.T.);
#175 = VERTEX_POINT('',#176);
#176 = CARTESIAN_POINT('',(1.2,140.5,62.));
#177 = LINE('',#178,#179);
#178 = CARTESIAN_POINT('',(0.,140.5,62.));
#179 = VECTOR('',#180,1.);
#180 = DIRECTION('',(1.,0.,0.));
#181 = ORIENTED_EDGE('',*,*,#47,.F.);
#182 = ORIENTED_EDGE('',*,*,#129,.T.);
#183 = ORIENTED_EDGE('',*,*,#184,.T.);
#184 = EDGE_CURVE('',#121,#175,#185,.T.);
#185 = LINE('',#186,#187);
#186 = CARTESIAN_POINT('',(1.2,89.,62.));
#187 = VECTOR('',#188,1.);
#188 = DIRECTION('',(0.,1.,0.));
#189 = PLANE('',#190);
#190 = AXIS2_PLACEMENT_3D('',#191,#192,#193);
#191 = CARTESIAN_POINT('',(0.,89.,62.));
#192 = DIRECTION('',(0.,0.,1.));
#193 = DIRECTION('',(1.,0.,0.));
#194 = ADVANCED_FACE('',(#195),#295,.T.);
#195 = FACE_BOUND('',#196,.T.);
#196 = EDGE_LOOP('',(#197,#207,#215,#223,#231,#237,#238,#239,#248,#256,
    #264,#272,#280,#288));
#197 = ORIENTED_EDGE('',*,*,#198,.T.);
#198 = EDGE_CURVE('',#199,#201,#203,.T.);
#199 = VERTEX_POINT('',#200);
#200 = CARTESIAN_POINT('',(6.8,140.5,62.));
#201 = VERTEX_POINT('',#202);
#202 = CARTESIAN_POINT('',(17.,140.5,62.));
#203 = LINE('',#204,#205);
#204 = CARTESIAN_POINT('',(0.,140.5,62.));
#205 = VECTOR('',#206,1.);
#206 = DIRECTION('',(1.,0.,0.));
#207 = ORIENTED_EDGE('',*,*,#208,.T.);
#208 = EDGE_CURVE('',#201,#209,#211,.T.);
#209 = VERTEX_POINT('',#210);
#210 = CARTESIAN_POINT('',(17.,140.5,82.));
#211 = LINE('',#212,#213);
#212 = CARTESIAN_POINT('',(17.,140.5,62.));
#213 = VECTOR('',#214,1.);
#214 = DIRECTION('',(0.,0.,1.));
#215 = ORIENTED_EDGE('',*,*,#216,.T.);
#216 = EDGE_CURVE('',#209,#217,#219,.T.);
#217 = VERTEX_POINT('',#218);
#218 = CARTESIAN_POINT('',(23.,140.5,82.));
#219 = LINE('',#220,#221);
#220 = CARTESIAN_POINT('',(17.,140.5,82.));
#221 = VECTOR('',#222,1.);
#222 = DIRECTION('',(1.,0.,0.));
#223 = ORIENTED_EDGE('',*,*,#224,.F.);
#224 = EDGE_CURVE('',#225,#217,#227,.T.);
#225 = VERTEX_POINT('',#226);
#226 = CARTESIAN_POINT('',(23.,140.5,52.));
#227 = LINE('',#228,#229);
#228 = CARTESIAN_POINT('',(23.,140.5,62.));
#229 = VECTOR('',#230,1.);
#230 = DIRECTION('',(0.,0.,1.));
#231 = ORIENTED_EDGE('',*,*,#232,.F.);
#232 = EDGE_CURVE('',#32,#225,#233,.T.);
#233 = LINE('',#234,#235);
#234 = CARTESIAN_POINT('',(0.,140.5,52.));
#235 = VECTOR('',#236,1.);
#236 = DIRECTION('',(1.,0.,0.));
#237 = ORIENTED_EDGE('',*,*,#39,.T.);
#238 = ORIENTED_EDGE('',*,*,#174,.T.);
#239 = ORIENTED_EDGE('',*,*,#240,.T.);
#240 = EDGE_CURVE('',#175,#241,#243,.T.);
#241 = VERTEX_POINT('',#242);
#242 = CARTESIAN_POINT('',(2.,140.5,62.8));
#243 = CIRCLE('',#244,0.8);
#244 = AXIS2_PLACEMENT_3D('',#245,#246,#247);
#245 = CARTESIAN_POINT('',(2.,140.5,62.));
#246 = DIRECTION('',(0.,1.,0.));
#247 = DIRECTION('',(0.,0.,1.));
#248 = ORIENTED_EDGE('',*,*,#249,.F.);
#249 = EDGE_CURVE('',#250,#241,#252,.T.);
#250 = VERTEX_POINT('',#251);
#251 = CARTESIAN_POINT('',(2.,140.5,65.4));
#252 = LINE('',#253,#254);
#253 = CARTESIAN_POINT('',(2.,140.5,65.4));
#254 = VECTOR('',#255,1.);
#255 = DIRECTION('',(0.,0.,-1.));
#256 = ORIENTED_EDGE('',*,*,#257,.F.);
#257 = EDGE_CURVE('',#258,#250,#260,.T.);
#258 = VERTEX_POINT('',#259);
#259 = CARTESIAN_POINT('',(2.6,140.5,66.));
#260 = LINE('',#261,#262);
#261 = CARTESIAN_POINT('',(2.6,140.5,66.));
#262 = VECTOR('',#263,1.);
#263 = DIRECTION('',(-0.707106781187,0.,-0.707106781187));
#264 = ORIENTED_EDGE('',*,*,#265,.F.);
#265 = EDGE_CURVE('',#266,#258,#268,.T.);
#266 = VERTEX_POINT('',#267);
#267 = CARTESIAN_POINT('',(5.4,140.5,66.));
#268 = LINE('',#269,#270);
#269 = CARTESIAN_POINT('',(5.4,140.5,66.));
#270 = VECTOR('',#271,1.);
#271 = DIRECTION('',(-1.,0.,0.));
#272 = ORIENTED_EDGE('',*,*,#273,.F.);
#273 = EDGE_CURVE('',#274,#266,#276,.T.);
#274 = VERTEX_POINT('',#275);
#275 = CARTESIAN_POINT('',(6.,140.5,65.4));
#276 = LINE('',#277,#278);
#277 = CARTESIAN_POINT('',(6.,140.5,65.4));
#278 = VECTOR('',#279,1.);
#279 = DIRECTION('',(-0.707106781187,0.,0.707106781187));
#280 = ORIENTED_EDGE('',*,*,#281,.F.);
#281 = EDGE_CURVE('',#282,#274,#284,.T.);
#282 = VERTEX_POINT('',#283);
#283 = CARTESIAN_POINT('',(6.,140.5,62.8));
#284 = LINE('',#285,#286);
#285 = CARTESIAN_POINT('',(6.,140.5,62.));
#286 = VECTOR('',#287,1.);
#287 = DIRECTION('',(0.,0.,1.));
#288 = ORIENTED_EDGE('',*,*,#289,.T.);
#289 = EDGE_CURVE('',#282,#199,#290,.T.);
#290 = CIRCLE('',#291,0.8);
#291 = AXIS2_PLACEMENT_3D('',#292,#293,#294);
#292 = CARTESIAN_POINT('',(6.,140.5,62.));
#293 = DIRECTION('',(0.,1.,0.));
#294 = DIRECTION('',(0.,0.,1.));
#295 = PLANE('',#296);
#296 = AXIS2_PLACEMENT_3D('',#297,#298,#299);
#297 = CARTESIAN_POINT('',(14.081565719501,140.5,63.950898378663));
#298 = DIRECTION('',(0.,1.,0.));
#299 = DIRECTION('',(0.,0.,1.));
#300 = ADVANCED_FACE('',(#301,#312,#323,#334),#345,.F.);
#301 = FACE_BOUND('',#302,.F.);
#302 = EDGE_LOOP('',(#303,#304,#305,#311));
#303 = ORIENTED_EDGE('',*,*,#31,.F.);
#304 = ORIENTED_EDGE('',*,*,#136,.T.);
#305 = ORIENTED_EDGE('',*,*,#306,.T.);
#306 = EDGE_CURVE('',#137,#225,#307,.T.);
#307 = LINE('',#308,#309);
#308 = CARTESIAN_POINT('',(23.,89.,52.));
#309 = VECTOR('',#310,1.);
#310 = DIRECTION('',(0.,1.,0.));
#311 = ORIENTED_EDGE('',*,*,#232,.F.);
#312 = FACE_BOUND('',#313,.F.);
#313 = EDGE_LOOP('',(#314));
#314 = ORIENTED_EDGE('',*,*,#315,.F.);
#315 = EDGE_CURVE('',#316,#316,#318,.T.);
#316 = VERTEX_POINT('',#317);
#317 = CARTESIAN_POINT('',(19.4,95.,52.));
#318 = CIRCLE('',#319,4.9);
#319 = AXIS2_PLACEMENT_3D('',#320,#321,#322);
#320 = CARTESIAN_POINT('',(14.5,95.,52.));
#321 = DIRECTION('',(0.,0.,1.));
#322 = DIRECTION('',(1.,0.,0.));
#323 = FACE_BOUND('',#324,.F.);
#324 = EDGE_LOOP('',(#325));
#325 = ORIENTED_EDGE('',*,*,#326,.F.);
#326 = EDGE_CURVE('',#327,#327,#329,.T.);
#327 = VERTEX_POINT('',#328);
#328 = CARTESIAN_POINT('',(16.2,120.,52.));
#329 = CIRCLE('',#330,4.2);
#330 = AXIS2_PLACEMENT_3D('',#331,#332,#333);
#331 = CARTESIAN_POINT('',(12.,120.,52.));
#332 = DIRECTION('',(0.,0.,1.));
#333 = DIRECTION('',(1.,0.,0.));
#334 = FACE_BOUND('',#335,.F.);
#335 = EDGE_LOOP('',(#336));
#336 = ORIENTED_EDGE('',*,*,#337,.F.);
#337 = EDGE_CURVE('',#338,#338,#340,.T.);
#338 = VERTEX_POINT('',#339);
#339 = CARTESIAN_POINT('',(19.4,135.,52.));
#340 = CIRCLE('',#341,4.9);
#341 = AXIS2_PLACEMENT_3D('',#342,#343,#344);
#342 = CARTESIAN_POINT('',(14.5,135.,52.));
#343 = DIRECTION('',(0.,0.,1.));
#344 = DIRECTION('',(1.,0.,0.));
#345 = PLANE('',#346);
#346 = AXIS2_PLACEMENT_3D('',#347,#348,#349);
#347 = CARTESIAN_POINT('',(0.,89.,52.));
#348 = DIRECTION('',(0.,0.,1.));
#349 = DIRECTION('',(1.,0.,0.));
#350 = ADVANCED_FACE('',(#351,#367,#378,#412),#423,.T.);
#351 = FACE_BOUND('',#352,.T.);
#352 = EDGE_LOOP('',(#353,#354,#360,#361));
#353 = ORIENTED_EDGE('',*,*,#198,.F.);
#354 = ORIENTED_EDGE('',*,*,#355,.F.);
#355 = EDGE_CURVE('',#62,#199,#356,.T.);
#356 = LINE('',#357,#358);
#357 = CARTESIAN_POINT('',(6.8,89.,62.));
#358 = VECTOR('',#359,1.);
#359 = DIRECTION('',(0.,1.,0.));
#360 = ORIENTED_EDGE('',*,*,#61,.T.);
#361 = ORIENTED_EDGE('',*,*,#362,.T.);
#362 = EDGE_CURVE('',#64,#201,#363,.T.);
#363 = LINE('',#364,#365);
#364 = CARTESIAN_POINT('',(17.,89.,62.));
#365 = VECTOR('',#366,1.);
#366 = DIRECTION('',(0.,1.,0.));
#367 = FACE_BOUND('',#368,.T.);
#368 = EDGE_LOOP('',(#369));
#369 = ORIENTED_EDGE('',*,*,#370,.F.);
#370 = EDGE_CURVE('',#371,#371,#373,.T.);
#371 = VERTEX_POINT('',#372);
#372 = CARTESIAN_POINT('',(16.3,95.,62.));
#373 = CIRCLE('',#374,1.8);
#374 = AXIS2_PLACEMENT_3D('',#375,#376,#377);
#375 = CARTESIAN_POINT('',(14.5,95.,62.));
#376 = DIRECTION('',(0.,0.,1.));
#377 = DIRECTION('',(1.,0.,0.));
#378 = FACE_BOUND('',#379,.T.);
#379 = EDGE_LOOP('',(#380,#390,#398,#406));
#380 = ORIENTED_EDGE('',*,*,#381,.F.);
#381 = EDGE_CURVE('',#382,#384,#386,.T.);
#382 = VERTEX_POINT('',#383);
#383 = CARTESIAN_POINT('',(10.,113.,62.));
#384 = VERTEX_POINT('',#385);
#385 = CARTESIAN_POINT('',(14.,113.,62.));
#386 = LINE('',#387,#388);
#387 = CARTESIAN_POINT('',(10.,113.,62.));
#388 = VECTOR('',#389,1.);
#389 = DIRECTION('',(1.,0.,0.));
#390 = ORIENTED_EDGE('',*,*,#391,.T.);
#391 = EDGE_CURVE('',#382,#392,#394,.T.);
#392 = VERTEX_POINT('',#393);
#393 = CARTESIAN_POINT('',(10.,117.,62.));
#394 = LINE('',#395,#396);
#395 = CARTESIAN_POINT('',(10.,113.,62.));
#396 = VECTOR('',#397,1.);
#397 = DIRECTION('',(0.,1.,0.));
#398 = ORIENTED_EDGE('',*,*,#399,.T.);
#399 = EDGE_CURVE('',#392,#400,#402,.T.);
#400 = VERTEX_POINT('',#401);
#401 = CARTESIAN_POINT('',(14.,117.,62.));
#402 = LINE('',#403,#404);
#403 = CARTESIAN_POINT('',(10.,117.,62.));
#404 = VECTOR('',#405,1.);
#405 = DIRECTION('',(1.,0.,0.));
#406 = ORIENTED_EDGE('',*,*,#407,.F.);
#407 = EDGE_CURVE('',#384,#400,#408,.T.);
#408 = LINE('',#409,#410);
#409 = CARTESIAN_POINT('',(14.,113.,62.));
#410 = VECTOR('',#411,1.);
#411 = DIRECTION('',(0.,1.,0.));
#412 = FACE_BOUND('',#413,.T.);
#413 = EDGE_LOOP('',(#414));
#414 = ORIENTED_EDGE('',*,*,#415,.F.);
#415 = EDGE_CURVE('',#416,#416,#418,.T.);
#416 = VERTEX_POINT('',#417);
#417 = CARTESIAN_POINT('',(16.3,135.,62.));
#418 = CIRCLE('',#419,1.8);
#419 = AXIS2_PLACEMENT_3D('',#420,#421,#422);
#420 = CARTESIAN_POINT('',(14.5,135.,62.));
#421 = DIRECTION('',(0.,0.,1.));
#422 = DIRECTION('',(1.,0.,0.));
#423 = PLANE('',#424);
#424 = AXIS2_PLACEMENT_3D('',#425,#426,#427);
#425 = CARTESIAN_POINT('',(0.,89.,62.));
#426 = DIRECTION('',(0.,0.,1.));
#427 = DIRECTION('',(1.,0.,0.));
#428 = ADVANCED_FACE('',(#429),#440,.T.);
#429 = FACE_BOUND('',#430,.T.);
#430 = EDGE_LOOP('',(#431,#432,#438,#439));
#431 = ORIENTED_EDGE('',*,*,#289,.F.);
#432 = ORIENTED_EDGE('',*,*,#433,.F.);
#433 = EDGE_CURVE('',#72,#282,#434,.T.);
#434 = LINE('',#435,#436);
#435 = CARTESIAN_POINT('',(6.,89.,62.8));
#436 = VECTOR('',#437,1.);
#437 = DIRECTION('',(0.,1.,0.));
#438 = ORIENTED_EDGE('',*,*,#71,.T.);
#439 = ORIENTED_EDGE('',*,*,#355,.T.);
#440 = CYLINDRICAL_SURFACE('',#441,0.8);
#441 = AXIS2_PLACEMENT_3D('',#442,#443,#444);
#442 = CARTESIAN_POINT('',(6.,89.,62.));
#443 = DIRECTION('',(0.,1.,0.));
#444 = DIRECTION('',(0.,0.,1.));
#445 = ADVANCED_FACE('',(#446),#457,.T.);
#446 = FACE_BOUND('',#447,.T.);
#447 = EDGE_LOOP('',(#448,#449,#450,#451));
#448 = ORIENTED_EDGE('',*,*,#80,.F.);
#449 = ORIENTED_EDGE('',*,*,#433,.T.);
#450 = ORIENTED_EDGE('',*,*,#281,.T.);
#451 = ORIENTED_EDGE('',*,*,#452,.F.);
#452 = EDGE_CURVE('',#81,#274,#453,.T.);
#453 = LINE('',#454,#455);
#454 = CARTESIAN_POINT('',(6.,89.,65.4));
#455 = VECTOR('',#456,1.);
#456 = DIRECTION('',(0.,1.,0.));
#457 = PLANE('',#458);
#458 = AXIS2_PLACEMENT_3D('',#459,#460,#461);
#459 = CARTESIAN_POINT('',(6.,89.,62.));
#460 = DIRECTION('',(1.,0.,0.));
#461 = DIRECTION('',(0.,0.,1.));
#462 = ADVANCED_FACE('',(#463),#474,.T.);
#463 = FACE_BOUND('',#464,.T.);
#464 = EDGE_LOOP('',(#465,#466,#467,#473));
#465 = ORIENTED_EDGE('',*,*,#452,.T.);
#466 = ORIENTED_EDGE('',*,*,#273,.T.);
#467 = ORIENTED_EDGE('',*,*,#468,.F.);
#468 = EDGE_CURVE('',#89,#266,#469,.T.);
#469 = LINE('',#470,#471);
#470 = CARTESIAN_POINT('',(5.4,89.,66.));
#471 = VECTOR('',#472,1.);
#472 = DIRECTION('',(0.,1.,0.));
#473 = ORIENTED_EDGE('',*,*,#88,.F.);
#474 = PLANE('',#475);
#475 = AXIS2_PLACEMENT_3D('',#476,#477,#478);
#476 = CARTESIAN_POINT('',(6.,89.,65.4));
#477 = DIRECTION('',(0.707106781187,0.,0.707106781187));
#478 = DIRECTION('',(-0.707106781187,0.,0.707106781187));
#479 = ADVANCED_FACE('',(#480),#491,.T.);
#480 = FACE_BOUND('',#481,.T.);
#481 = EDGE_LOOP('',(#482,#483,#484,#490));
#482 = ORIENTED_EDGE('',*,*,#468,.T.);
#483 = ORIENTED_EDGE('',*,*,#265,.T.);
#484 = ORIENTED_EDGE('',*,*,#485,.F.);
#485 = EDGE_CURVE('',#97,#258,#486,.T.);
#486 = LINE('',#487,#488);
#487 = CARTESIAN_POINT('',(2.6,89.,66.));
#488 = VECTOR('',#489,1.);
#489 = DIRECTION('',(0.,1.,0.));
#490 = ORIENTED_EDGE('',*,*,#96,.F.);
#491 = PLANE('',#492);
#492 = AXIS2_PLACEMENT_3D('',#493,#494,#495);
#493 = CARTESIAN_POINT('',(5.4,89.,66.));
#494 = DIRECTION('',(0.,0.,1.));
#495 = DIRECTION('',(-1.,0.,0.));
#496 = ADVANCED_FACE('',(#497),#508,.T.);
#497 = FACE_BOUND('',#498,.T.);
#498 = EDGE_LOOP('',(#499,#500,#501,#507));
#499 = ORIENTED_EDGE('',*,*,#485,.T.);
#500 = ORIENTED_EDGE('',*,*,#257,.T.);
#501 = ORIENTED_EDGE('',*,*,#502,.F.);
#502 = EDGE_CURVE('',#105,#250,#503,.T.);
#503 = LINE('',#504,#505);
#504 = CARTESIAN_POINT('',(2.,89.,65.4));
#505 = VECTOR('',#506,1.);
#506 = DIRECTION('',(0.,1.,0.));
#507 = ORIENTED_EDGE('',*,*,#104,.F.);
#508 = PLANE('',#509);
#509 = AXIS2_PLACEMENT_3D('',#510,#511,#512);
#510 = CARTESIAN_POINT('',(2.6,89.,66.));
#511 = DIRECTION('',(-0.707106781187,0.,0.707106781187));
#512 = DIRECTION('',(-0.707106781187,0.,-0.707106781187));
#513 = ADVANCED_FACE('',(#514),#525,.T.);
#514 = FACE_BOUND('',#515,.T.);
#515 = EDGE_LOOP('',(#516,#517,#518,#519));
#516 = ORIENTED_EDGE('',*,*,#112,.F.);
#517 = ORIENTED_EDGE('',*,*,#502,.T.);
#518 = ORIENTED_EDGE('',*,*,#249,.T.);
#519 = ORIENTED_EDGE('',*,*,#520,.F.);
#520 = EDGE_CURVE('',#113,#241,#521,.T.);
#521 = LINE('',#522,#523);
#522 = CARTESIAN_POINT('',(2.,89.,62.8));
#523 = VECTOR('',#524,1.);
#524 = DIRECTION('',(0.,1.,0.));
#525 = PLANE('',#526);
#526 = AXIS2_PLACEMENT_3D('',#527,#528,#529);
#527 = CARTESIAN_POINT('',(2.,89.,65.4));
#528 = DIRECTION('',(-1.,0.,0.));
#529 = DIRECTION('',(0.,0.,-1.));
#530 = ADVANCED_FACE('',(#531),#537,.T.);
#531 = FACE_BOUND('',#532,.T.);
#532 = EDGE_LOOP('',(#533,#534,#535,#536));
#533 = ORIENTED_EDGE('',*,*,#520,.T.);
#534 = ORIENTED_EDGE('',*,*,#240,.F.);
#535 = ORIENTED_EDGE('',*,*,#184,.F.);
#536 = ORIENTED_EDGE('',*,*,#120,.T.);
#537 = CYLINDRICAL_SURFACE('',#538,0.8);
#538 = AXIS2_PLACEMENT_3D('',#539,#540,#541);
#539 = CARTESIAN_POINT('',(2.,89.,62.));
#540 = DIRECTION('',(0.,1.,0.));
#541 = DIRECTION('',(0.,0.,1.));
#542 = ADVANCED_FACE('',(#543,#554,#565,#576,#587),#598,.T.);
#543 = FACE_BOUND('',#544,.T.);
#544 = EDGE_LOOP('',(#545,#546,#547,#548));
#545 = ORIENTED_EDGE('',*,*,#144,.F.);
#546 = ORIENTED_EDGE('',*,*,#306,.T.);
#547 = ORIENTED_EDGE('',*,*,#224,.T.);
#548 = ORIENTED_EDGE('',*,*,#549,.F.);
#549 = EDGE_CURVE('',#145,#217,#550,.T.);
#550 = LINE('',#551,#552);
#551 = CARTESIAN_POINT('',(23.,89.,82.));
#552 = VECTOR('',#553,1.);
#553 = DIRECTION('',(0.,1.,0.));
#554 = FACE_BOUND('',#555,.T.);
#555 = EDGE_LOOP('',(#556));
#556 = ORIENTED_EDGE('',*,*,#557,.T.);
#557 = EDGE_CURVE('',#558,#558,#560,.T.);
#558 = VERTEX_POINT('',#559);
#559 = CARTESIAN_POINT('',(23.,134.5,65.));
#560 = CIRCLE('',#561,3.);
#561 = AXIS2_PLACEMENT_3D('',#562,#563,#564);
#562 = CARTESIAN_POINT('',(23.,134.5,68.));
#563 = DIRECTION('',(-1.,0.,0.));
#564 = DIRECTION('',(0.,0.,-1.));
#565 = FACE_BOUND('',#566,.T.);
#566 = EDGE_LOOP('',(#567));
#567 = ORIENTED_EDGE('',*,*,#568,.T.);
#568 = EDGE_CURVE('',#569,#569,#571,.T.);
#569 = VERTEX_POINT('',#570);
#570 = CARTESIAN_POINT('',(23.,134.5,73.));
#571 = CIRCLE('',#572,3.);
#572 = AXIS2_PLACEMENT_3D('',#573,#574,#575);
#573 = CARTESIAN_POINT('',(23.,134.5,76.));
#574 = DIRECTION('',(-1.,0.,0.));
#575 = DIRECTION('',(0.,0.,-1.));
#576 = FACE_BOUND('',#577,.T.);
#577 = EDGE_LOOP('',(#578));
#578 = ORIENTED_EDGE('',*,*,#579,.T.);
#579 = EDGE_CURVE('',#580,#580,#582,.T.);
#580 = VERTEX_POINT('',#581);
#581 = CARTESIAN_POINT('',(23.,95.,65.));
#582 = CIRCLE('',#583,3.);
#583 = AXIS2_PLACEMENT_3D('',#584,#585,#586);
#584 = CARTESIAN_POINT('',(23.,95.,68.));
#585 = DIRECTION('',(-1.,0.,0.));
#586 = DIRECTION('',(0.,0.,-1.));
#587 = FACE_BOUND('',#588,.T.);
#588 = EDGE_LOOP('',(#589));
#589 = ORIENTED_EDGE('',*,*,#590,.T.);
#590 = EDGE_CURVE('',#591,#591,#593,.T.);
#591 = VERTEX_POINT('',#592);
#592 = CARTESIAN_POINT('',(23.,95.,73.));
#593 = CIRCLE('',#594,3.);
#594 = AXIS2_PLACEMENT_3D('',#595,#596,#597);
#595 = CARTESIAN_POINT('',(23.,95.,76.));
#596 = DIRECTION('',(-1.,0.,0.));
#597 = DIRECTION('',(0.,0.,-1.));
#598 = PLANE('',#599);
#599 = AXIS2_PLACEMENT_3D('',#600,#601,#602);
#600 = CARTESIAN_POINT('',(23.,114.75,67.));
#601 = DIRECTION('',(1.,0.,0.));
#602 = DIRECTION('',(0.,0.,1.));
#603 = ADVANCED_FACE('',(#604),#615,.T.);
#604 = FACE_BOUND('',#605,.T.);
#605 = EDGE_LOOP('',(#606,#612,#613,#614));
#606 = ORIENTED_EDGE('',*,*,#607,.F.);
#607 = EDGE_CURVE('',#153,#209,#608,.T.);
#608 = LINE('',#609,#610);
#609 = CARTESIAN_POINT('',(17.,89.,82.));
#610 = VECTOR('',#611,1.);
#611 = DIRECTION('',(0.,1.,0.));
#612 = ORIENTED_EDGE('',*,*,#152,.T.);
#613 = ORIENTED_EDGE('',*,*,#549,.T.);
#614 = ORIENTED_EDGE('',*,*,#216,.F.);
#615 = PLANE('',#616);
#616 = AXIS2_PLACEMENT_3D('',#617,#618,#619);
#617 = CARTESIAN_POINT('',(17.,89.,82.));
#618 = DIRECTION('',(0.,0.,1.));
#619 = DIRECTION('',(1.,0.,0.));
#620 = ADVANCED_FACE('',(#621,#627,#638,#649,#660),#671,.F.);
#621 = FACE_BOUND('',#622,.F.);
#622 = EDGE_LOOP('',(#623,#624,#625,#626));
#623 = ORIENTED_EDGE('',*,*,#160,.F.);
#624 = ORIENTED_EDGE('',*,*,#362,.T.);
#625 = ORIENTED_EDGE('',*,*,#208,.T.);
#626 = ORIENTED_EDGE('',*,*,#607,.F.);
#627 = FACE_BOUND('',#628,.F.);
#628 = EDGE_LOOP('',(#629));
#629 = ORIENTED_EDGE('',*,*,#630,.T.);
#630 = EDGE_CURVE('',#631,#631,#633,.T.);
#631 = VERTEX_POINT('',#632);
#632 = CARTESIAN_POINT('',(17.,134.5,66.2));
#633 = CIRCLE('',#634,1.8);
#634 = AXIS2_PLACEMENT_3D('',#635,#636,#637);
#635 = CARTESIAN_POINT('',(17.,134.5,68.));
#636 = DIRECTION('',(-1.,0.,0.));
#637 = DIRECTION('',(0.,0.,-1.));
#638 = FACE_BOUND('',#639,.F.);
#639 = EDGE_LOOP('',(#640));
#640 = ORIENTED_EDGE('',*,*,#641,.T.);
#641 = EDGE_CURVE('',#642,#642,#644,.T.);
#642 = VERTEX_POINT('',#643);
#643 = CARTESIAN_POINT('',(17.,134.5,74.2));
#644 = CIRCLE('',#645,1.8);
#645 = AXIS2_PLACEMENT_3D('',#646,#647,#648);
#646 = CARTESIAN_POINT('',(17.,134.5,76.));
#647 = DIRECTION('',(-1.,0.,0.));
#648 = DIRECTION('',(0.,0.,-1.));
#649 = FACE_BOUND('',#650,.F.);
#650 = EDGE_LOOP('',(#651));
#651 = ORIENTED_EDGE('',*,*,#652,.T.);
#652 = EDGE_CURVE('',#653,#653,#655,.T.);
#653 = VERTEX_POINT('',#654);
#654 = CARTESIAN_POINT('',(17.,95.,66.2));
#655 = CIRCLE('',#656,1.8);
#656 = AXIS2_PLACEMENT_3D('',#657,#658,#659);
#657 = CARTESIAN_POINT('',(17.,95.,68.));
#658 = DIRECTION('',(-1.,0.,0.));
#659 = DIRECTION('',(0.,0.,-1.));
#660 = FACE_BOUND('',#661,.F.);
#661 = EDGE_LOOP('',(#662));
#662 = ORIENTED_EDGE('',*,*,#663,.T.);
#663 = EDGE_CURVE('',#664,#664,#666,.T.);
#664 = VERTEX_POINT('',#665);
#665 = CARTESIAN_POINT('',(17.,95.,74.2));
#666 = CIRCLE('',#667,1.8);
#667 = AXIS2_PLACEMENT_3D('',#668,#669,#670);
#668 = CARTESIAN_POINT('',(17.,95.,76.));
#669 = DIRECTION('',(-1.,0.,0.));
#670 = DIRECTION('',(0.,0.,-1.));
#671 = PLANE('',#672);
#672 = AXIS2_PLACEMENT_3D('',#673,#674,#675);
#673 = CARTESIAN_POINT('',(17.,89.,62.));
#674 = DIRECTION('',(1.,0.,0.));
#675 = DIRECTION('',(0.,0.,1.));
#676 = ADVANCED_FACE('',(#677),#696,.F.);
#677 = FACE_BOUND('',#678,.F.);
#678 = EDGE_LOOP('',(#679,#687,#694,#695));
#679 = ORIENTED_EDGE('',*,*,#680,.T.);
#680 = EDGE_CURVE('',#316,#681,#683,.T.);
#681 = VERTEX_POINT('',#682);
#682 = CARTESIAN_POINT('',(19.4,95.,58.));
#683 = LINE('',#684,#685);
#684 = CARTESIAN_POINT('',(19.4,95.,51.95));
#685 = VECTOR('',#686,1.);
#686 = DIRECTION('',(0.,0.,1.));
#687 = ORIENTED_EDGE('',*,*,#688,.F.);
#688 = EDGE_CURVE('',#681,#681,#689,.T.);
#689 = CIRCLE('',#690,4.9);
#690 = AXIS2_PLACEMENT_3D('',#691,#692,#693);
#691 = CARTESIAN_POINT('',(14.5,95.,58.));
#692 = DIRECTION('',(0.,0.,1.));
#693 = DIRECTION('',(1.,0.,0.));
#694 = ORIENTED_EDGE('',*,*,#680,.F.);
#695 = ORIENTED_EDGE('',*,*,#315,.T.);
#696 = CYLINDRICAL_SURFACE('',#697,4.9);
#697 = AXIS2_PLACEMENT_3D('',#698,#699,#700);
#698 = CARTESIAN_POINT('',(14.5,95.,51.95));
#699 = DIRECTION('',(0.,0.,1.));
#700 = DIRECTION('',(1.,0.,0.));
#701 = ADVANCED_FACE('',(#702),#721,.F.);
#702 = FACE_BOUND('',#703,.F.);
#703 = EDGE_LOOP('',(#704,#712,#719,#720));
#704 = ORIENTED_EDGE('',*,*,#705,.T.);
#705 = EDGE_CURVE('',#327,#706,#708,.T.);
#706 = VERTEX_POINT('',#707);
#707 = CARTESIAN_POINT('',(16.2,120.,54.9));
#708 = LINE('',#709,#710);
#709 = CARTESIAN_POINT('',(16.2,120.,51.95));
#710 = VECTOR('',#711,1.);
#711 = DIRECTION('',(0.,0.,1.));
#712 = ORIENTED_EDGE('',*,*,#713,.F.);
#713 = EDGE_CURVE('',#706,#706,#714,.T.);
#714 = CIRCLE('',#715,4.2);
#715 = AXIS2_PLACEMENT_3D('',#716,#717,#718);
#716 = CARTESIAN_POINT('',(12.,120.,54.9));
#717 = DIRECTION('',(0.,0.,1.));
#718 = DIRECTION('',(1.,0.,0.));
#719 = ORIENTED_EDGE('',*,*,#705,.F.);
#720 = ORIENTED_EDGE('',*,*,#326,.T.);
#721 = CYLINDRICAL_SURFACE('',#722,4.2);
#722 = AXIS2_PLACEMENT_3D('',#723,#724,#725);
#723 = CARTESIAN_POINT('',(12.,120.,51.95));
#724 = DIRECTION('',(0.,0.,1.));
#725 = DIRECTION('',(1.,0.,0.));
#726 = ADVANCED_FACE('',(#727),#746,.F.);
#727 = FACE_BOUND('',#728,.F.);
#728 = EDGE_LOOP('',(#729,#737,#744,#745));
#729 = ORIENTED_EDGE('',*,*,#730,.T.);
#730 = EDGE_CURVE('',#338,#731,#733,.T.);
#731 = VERTEX_POINT('',#732);
#732 = CARTESIAN_POINT('',(19.4,135.,58.));
#733 = LINE('',#734,#735);
#734 = CARTESIAN_POINT('',(19.4,135.,51.95));
#735 = VECTOR('',#736,1.);
#736 = DIRECTION('',(0.,0.,1.));
#737 = ORIENTED_EDGE('',*,*,#738,.F.);
#738 = EDGE_CURVE('',#731,#731,#739,.T.);
#739 = CIRCLE('',#740,4.9);
#740 = AXIS2_PLACEMENT_3D('',#741,#742,#743);
#741 = CARTESIAN_POINT('',(14.5,135.,58.));
#742 = DIRECTION('',(0.,0.,1.));
#743 = DIRECTION('',(1.,0.,0.));
#744 = ORIENTED_EDGE('',*,*,#730,.F.);
#745 = ORIENTED_EDGE('',*,*,#337,.T.);
#746 = CYLINDRICAL_SURFACE('',#747,4.9);
#747 = AXIS2_PLACEMENT_3D('',#748,#749,#750);
#748 = CARTESIAN_POINT('',(14.5,135.,51.95));
#749 = DIRECTION('',(0.,0.,1.));
#750 = DIRECTION('',(1.,0.,0.));
#751 = ADVANCED_FACE('',(#752),#771,.F.);
#752 = FACE_BOUND('',#753,.F.);
#753 = EDGE_LOOP('',(#754,#755,#763,#770));
#754 = ORIENTED_EDGE('',*,*,#370,.F.);
#755 = ORIENTED_EDGE('',*,*,#756,.F.);
#756 = EDGE_CURVE('',#757,#371,#759,.T.);
#757 = VERTEX_POINT('',#758);
#758 = CARTESIAN_POINT('',(16.3,95.,58.));
#759 = LINE('',#760,#761);
#760 = CARTESIAN_POINT('',(16.3,95.,57.9));
#761 = VECTOR('',#762,1.);
#762 = DIRECTION('',(0.,0.,1.));
#763 = ORIENTED_EDGE('',*,*,#764,.T.);
#764 = EDGE_CURVE('',#757,#757,#765,.T.);
#765 = CIRCLE('',#766,1.8);
#766 = AXIS2_PLACEMENT_3D('',#767,#768,#769);
#767 = CARTESIAN_POINT('',(14.5,95.,58.));
#768 = DIRECTION('',(0.,0.,1.));
#769 = DIRECTION('',(1.,0.,0.));
#770 = ORIENTED_EDGE('',*,*,#756,.T.);
#771 = CYLINDRICAL_SURFACE('',#772,1.8);
#772 = AXIS2_PLACEMENT_3D('',#773,#774,#775);
#773 = CARTESIAN_POINT('',(14.5,95.,57.9));
#774 = DIRECTION('',(0.,0.,1.));
#775 = DIRECTION('',(1.,0.,0.));
#776 = ADVANCED_FACE('',(#777),#802,.F.);
#777 = FACE_BOUND('',#778,.F.);
#778 = EDGE_LOOP('',(#779,#780,#788,#796));
#779 = ORIENTED_EDGE('',*,*,#381,.F.);
#780 = ORIENTED_EDGE('',*,*,#781,.T.);
#781 = EDGE_CURVE('',#382,#782,#784,.T.);
#782 = VERTEX_POINT('',#783);
#783 = CARTESIAN_POINT('',(10.,113.,64.));
#784 = LINE('',#785,#786);
#785 = CARTESIAN_POINT('',(10.,113.,62.));
#786 = VECTOR('',#787,1.);
#787 = DIRECTION('',(0.,0.,1.));
#788 = ORIENTED_EDGE('',*,*,#789,.T.);
#789 = EDGE_CURVE('',#782,#790,#792,.T.);
#790 = VERTEX_POINT('',#791);
#791 = CARTESIAN_POINT('',(14.,113.,64.));
#792 = LINE('',#793,#794);
#793 = CARTESIAN_POINT('',(10.,113.,64.));
#794 = VECTOR('',#795,1.);
#795 = DIRECTION('',(1.,0.,0.));
#796 = ORIENTED_EDGE('',*,*,#797,.F.);
#797 = EDGE_CURVE('',#384,#790,#798,.T.);
#798 = LINE('',#799,#800);
#799 = CARTESIAN_POINT('',(14.,113.,62.));
#800 = VECTOR('',#801,1.);
#801 = DIRECTION('',(0.,0.,1.));
#802 = PLANE('',#803);
#803 = AXIS2_PLACEMENT_3D('',#804,#805,#806);
#804 = CARTESIAN_POINT('',(10.,113.,62.));
#805 = DIRECTION('',(0.,1.,0.));
#806 = DIRECTION('',(0.,0.,1.));
#807 = ADVANCED_FACE('',(#808),#826,.F.);
#808 = FACE_BOUND('',#809,.F.);
#809 = EDGE_LOOP('',(#810,#811,#812,#820));
#810 = ORIENTED_EDGE('',*,*,#781,.F.);
#811 = ORIENTED_EDGE('',*,*,#391,.T.);
#812 = ORIENTED_EDGE('',*,*,#813,.T.);
#813 = EDGE_CURVE('',#392,#814,#816,.T.);
#814 = VERTEX_POINT('',#815);
#815 = CARTESIAN_POINT('',(10.,117.,64.));
#816 = LINE('',#817,#818);
#817 = CARTESIAN_POINT('',(10.,117.,62.));
#818 = VECTOR('',#819,1.);
#819 = DIRECTION('',(0.,0.,1.));
#820 = ORIENTED_EDGE('',*,*,#821,.F.);
#821 = EDGE_CURVE('',#782,#814,#822,.T.);
#822 = LINE('',#823,#824);
#823 = CARTESIAN_POINT('',(10.,113.,64.));
#824 = VECTOR('',#825,1.);
#825 = DIRECTION('',(0.,1.,0.));
#826 = PLANE('',#827);
#827 = AXIS2_PLACEMENT_3D('',#828,#829,#830);
#828 = CARTESIAN_POINT('',(10.,113.,62.));
#829 = DIRECTION('',(1.,0.,0.));
#830 = DIRECTION('',(0.,0.,1.));
#831 = ADVANCED_FACE('',(#832),#850,.T.);
#832 = FACE_BOUND('',#833,.T.);
#833 = EDGE_LOOP('',(#834,#835,#836,#844));
#834 = ORIENTED_EDGE('',*,*,#797,.F.);
#835 = ORIENTED_EDGE('',*,*,#407,.T.);
#836 = ORIENTED_EDGE('',*,*,#837,.T.);
#837 = EDGE_CURVE('',#400,#838,#840,.T.);
#838 = VERTEX_POINT('',#839);
#839 = CARTESIAN_POINT('',(14.,117.,64.));
#840 = LINE('',#841,#842);
#841 = CARTESIAN_POINT('',(14.,117.,62.));
#842 = VECTOR('',#843,1.);
#843 = DIRECTION('',(0.,0.,1.));
#844 = ORIENTED_EDGE('',*,*,#845,.F.);
#845 = EDGE_CURVE('',#790,#838,#846,.T.);
#846 = LINE('',#847,#848);
#847 = CARTESIAN_POINT('',(14.,113.,64.));
#848 = VECTOR('',#849,1.);
#849 = DIRECTION('',(0.,1.,0.));
#850 = PLANE('',#851);
#851 = AXIS2_PLACEMENT_3D('',#852,#853,#854);
#852 = CARTESIAN_POINT('',(14.,113.,62.));
#853 = DIRECTION('',(1.,0.,0.));
#854 = DIRECTION('',(0.,0.,1.));
#855 = ADVANCED_FACE('',(#856),#867,.T.);
#856 = FACE_BOUND('',#857,.T.);
#857 = EDGE_LOOP('',(#858,#859,#860,#866));
#858 = ORIENTED_EDGE('',*,*,#399,.F.);
#859 = ORIENTED_EDGE('',*,*,#813,.T.);
#860 = ORIENTED_EDGE('',*,*,#861,.T.);
#861 = EDGE_CURVE('',#814,#838,#862,.T.);
#862 = LINE('',#863,#864);
#863 = CARTESIAN_POINT('',(10.,117.,64.));
#864 = VECTOR('',#865,1.);
#865 = DIRECTION('',(1.,0.,0.));
#866 = ORIENTED_EDGE('',*,*,#837,.F.);
#867 = PLANE('',#868);
#868 = AXIS2_PLACEMENT_3D('',#869,#870,#871);
#869 = CARTESIAN_POINT('',(10.,117.,62.));
#870 = DIRECTION('',(0.,1.,0.));
#871 = DIRECTION('',(0.,0.,1.));
#872 = ADVANCED_FACE('',(#873),#892,.F.);
#873 = FACE_BOUND('',#874,.F.);
#874 = EDGE_LOOP('',(#875,#876,#884,#891));
#875 = ORIENTED_EDGE('',*,*,#415,.F.);
#876 = ORIENTED_EDGE('',*,*,#877,.F.);
#877 = EDGE_CURVE('',#878,#416,#880,.T.);
#878 = VERTEX_POINT('',#879);
#879 = CARTESIAN_POINT('',(16.3,135.,58.));
#880 = LINE('',#881,#882);
#881 = CARTESIAN_POINT('',(16.3,135.,57.9));
#882 = VECTOR('',#883,1.);
#883 = DIRECTION('',(0.,0.,1.));
#884 = ORIENTED_EDGE('',*,*,#885,.T.);
#885 = EDGE_CURVE('',#878,#878,#886,.T.);
#886 = CIRCLE('',#887,1.8);
#887 = AXIS2_PLACEMENT_3D('',#888,#889,#890);
#888 = CARTESIAN_POINT('',(14.5,135.,58.));
#889 = DIRECTION('',(0.,0.,1.));
#890 = DIRECTION('',(1.,0.,0.));
#891 = ORIENTED_EDGE('',*,*,#877,.T.);
#892 = CYLINDRICAL_SURFACE('',#893,1.8);
#893 = AXIS2_PLACEMENT_3D('',#894,#895,#896);
#894 = CARTESIAN_POINT('',(14.5,135.,57.9));
#895 = DIRECTION('',(0.,0.,1.));
#896 = DIRECTION('',(1.,0.,0.));
#897 = ADVANCED_FACE('',(#898),#917,.F.);
#898 = FACE_BOUND('',#899,.F.);
#899 = EDGE_LOOP('',(#900,#908,#915,#916));
#900 = ORIENTED_EDGE('',*,*,#901,.T.);
#901 = EDGE_CURVE('',#558,#902,#904,.T.);
#902 = VERTEX_POINT('',#903);
#903 = CARTESIAN_POINT('',(19.51,134.5,65.));
#904 = LINE('',#905,#906);
#905 = CARTESIAN_POINT('',(23.01,134.5,65.));
#906 = VECTOR('',#907,1.);
#907 = DIRECTION('',(-1.,0.,0.));
#908 = ORIENTED_EDGE('',*,*,#909,.F.);
#909 = EDGE_CURVE('',#902,#902,#910,.T.);
#910 = CIRCLE('',#911,3.);
#911 = AXIS2_PLACEMENT_3D('',#912,#913,#914);
#912 = CARTESIAN_POINT('',(19.51,134.5,68.));
#913 = DIRECTION('',(-1.,0.,0.));
#914 = DIRECTION('',(0.,0.,-1.));
#915 = ORIENTED_EDGE('',*,*,#901,.F.);
#916 = ORIENTED_EDGE('',*,*,#557,.T.);
#917 = CYLINDRICAL_SURFACE('',#918,3.);
#918 = AXIS2_PLACEMENT_3D('',#919,#920,#921);
#919 = CARTESIAN_POINT('',(23.01,134.5,68.));
#920 = DIRECTION('',(-1.,0.,0.));
#921 = DIRECTION('',(0.,0.,-1.));
#922 = ADVANCED_FACE('',(#923),#942,.F.);
#923 = FACE_BOUND('',#924,.F.);
#924 = EDGE_LOOP('',(#925,#933,#940,#941));
#925 = ORIENTED_EDGE('',*,*,#926,.T.);
#926 = EDGE_CURVE('',#569,#927,#929,.T.);
#927 = VERTEX_POINT('',#928);
#928 = CARTESIAN_POINT('',(19.51,134.5,73.));
#929 = LINE('',#930,#931);
#930 = CARTESIAN_POINT('',(23.01,134.5,73.));
#931 = VECTOR('',#932,1.);
#932 = DIRECTION('',(-1.,0.,0.));
#933 = ORIENTED_EDGE('',*,*,#934,.F.);
#934 = EDGE_CURVE('',#927,#927,#935,.T.);
#935 = CIRCLE('',#936,3.);
#936 = AXIS2_PLACEMENT_3D('',#937,#938,#939);
#937 = CARTESIAN_POINT('',(19.51,134.5,76.));
#938 = DIRECTION('',(-1.,0.,0.));
#939 = DIRECTION('',(0.,0.,-1.));
#940 = ORIENTED_EDGE('',*,*,#926,.F.);
#941 = ORIENTED_EDGE('',*,*,#568,.T.);
#942 = CYLINDRICAL_SURFACE('',#943,3.);
#943 = AXIS2_PLACEMENT_3D('',#944,#945,#946);
#944 = CARTESIAN_POINT('',(23.01,134.5,76.));
#945 = DIRECTION('',(-1.,0.,0.));
#946 = DIRECTION('',(0.,0.,-1.));
#947 = ADVANCED_FACE('',(#948),#967,.F.);
#948 = FACE_BOUND('',#949,.F.);
#949 = EDGE_LOOP('',(#950,#958,#965,#966));
#950 = ORIENTED_EDGE('',*,*,#951,.T.);
#951 = EDGE_CURVE('',#580,#952,#954,.T.);
#952 = VERTEX_POINT('',#953);
#953 = CARTESIAN_POINT('',(19.51,95.,65.));
#954 = LINE('',#955,#956);
#955 = CARTESIAN_POINT('',(23.01,95.,65.));
#956 = VECTOR('',#957,1.);
#957 = DIRECTION('',(-1.,0.,0.));
#958 = ORIENTED_EDGE('',*,*,#959,.F.);
#959 = EDGE_CURVE('',#952,#952,#960,.T.);
#960 = CIRCLE('',#961,3.);
#961 = AXIS2_PLACEMENT_3D('',#962,#963,#964);
#962 = CARTESIAN_POINT('',(19.51,95.,68.));
#963 = DIRECTION('',(-1.,0.,0.));
#964 = DIRECTION('',(0.,0.,-1.));
#965 = ORIENTED_EDGE('',*,*,#951,.F.);
#966 = ORIENTED_EDGE('',*,*,#579,.T.);
#967 = CYLINDRICAL_SURFACE('',#968,3.);
#968 = AXIS2_PLACEMENT_3D('',#969,#970,#971);
#969 = CARTESIAN_POINT('',(23.01,95.,68.));
#970 = DIRECTION('',(-1.,0.,0.));
#971 = DIRECTION('',(0.,0.,-1.));
#972 = ADVANCED_FACE('',(#973),#992,.F.);
#973 = FACE_BOUND('',#974,.F.);
#974 = EDGE_LOOP('',(#975,#983,#990,#991));
#975 = ORIENTED_EDGE('',*,*,#976,.T.);
#976 = EDGE_CURVE('',#591,#977,#979,.T.);
#977 = VERTEX_POINT('',#978);
#978 = CARTESIAN_POINT('',(19.51,95.,73.));
#979 = LINE('',#980,#981);
#980 = CARTESIAN_POINT('',(23.01,95.,73.));
#981 = VECTOR('',#982,1.);
#982 = DIRECTION('',(-1.,0.,0.));
#983 = ORIENTED_EDGE('',*,*,#984,.F.);
#984 = EDGE_CURVE('',#977,#977,#985,.T.);
#985 = CIRCLE('',#986,3.);
#986 = AXIS2_PLACEMENT_3D('',#987,#988,#989);
#987 = CARTESIAN_POINT('',(19.51,95.,76.));
#988 = DIRECTION('',(-1.,0.,0.));
#989 = DIRECTION('',(0.,0.,-1.));
#990 = ORIENTED_EDGE('',*,*,#976,.F.);
#991 = ORIENTED_EDGE('',*,*,#590,.T.);
#992 = CYLINDRICAL_SURFACE('',#993,3.);
#993 = AXIS2_PLACEMENT_3D('',#994,#995,#996);
#994 = CARTESIAN_POINT('',(23.01,95.,76.));
#995 = DIRECTION('',(-1.,0.,0.));
#996 = DIRECTION('',(0.,0.,-1.));
#997 = ADVANCED_FACE('',(#998),#1017,.F.);
#998 = FACE_BOUND('',#999,.F.);
#999 = EDGE_LOOP('',(#1000,#1008,#1009,#1010));
#1000 = ORIENTED_EDGE('',*,*,#1001,.T.);
#1001 = EDGE_CURVE('',#1002,#631,#1004,.T.);
#1002 = VERTEX_POINT('',#1003);
#1003 = CARTESIAN_POINT('',(19.51,134.5,66.2));
#1004 = LINE('',#1005,#1006);
#1005 = CARTESIAN_POINT('',(23.2,134.5,66.2));
#1006 = VECTOR('',#1007,1.);
#1007 = DIRECTION('',(-1.,0.,0.));
#1008 = ORIENTED_EDGE('',*,*,#630,.F.);
#1009 = ORIENTED_EDGE('',*,*,#1001,.F.);
#1010 = ORIENTED_EDGE('',*,*,#1011,.T.);
#1011 = EDGE_CURVE('',#1002,#1002,#1012,.T.);
#1012 = CIRCLE('',#1013,1.8);
#1013 = AXIS2_PLACEMENT_3D('',#1014,#1015,#1016);
#1014 = CARTESIAN_POINT('',(19.51,134.5,68.));
#1015 = DIRECTION('',(-1.,0.,0.));
#1016 = DIRECTION('',(0.,0.,-1.));
#1017 = CYLINDRICAL_SURFACE('',#1018,1.8);
#1018 = AXIS2_PLACEMENT_3D('',#1019,#1020,#1021);
#1019 = CARTESIAN_POINT('',(23.2,134.5,68.));
#1020 = DIRECTION('',(-1.,0.,0.));
#1021 = DIRECTION('',(0.,0.,-1.));
#1022 = ADVANCED_FACE('',(#1023),#1042,.F.);
#1023 = FACE_BOUND('',#1024,.F.);
#1024 = EDGE_LOOP('',(#1025,#1033,#1034,#1035));
#1025 = ORIENTED_EDGE('',*,*,#1026,.T.);
#1026 = EDGE_CURVE('',#1027,#642,#1029,.T.);
#1027 = VERTEX_POINT('',#1028);
#1028 = CARTESIAN_POINT('',(19.51,134.5,74.2));
#1029 = LINE('',#1030,#1031);
#1030 = CARTESIAN_POINT('',(23.2,134.5,74.2));
#1031 = VECTOR('',#1032,1.);
#1032 = DIRECTION('',(-1.,0.,0.));
#1033 = ORIENTED_EDGE('',*,*,#641,.F.);
#1034 = ORIENTED_EDGE('',*,*,#1026,.F.);
#1035 = ORIENTED_EDGE('',*,*,#1036,.T.);
#1036 = EDGE_CURVE('',#1027,#1027,#1037,.T.);
#1037 = CIRCLE('',#1038,1.8);
#1038 = AXIS2_PLACEMENT_3D('',#1039,#1040,#1041);
#1039 = CARTESIAN_POINT('',(19.51,134.5,76.));
#1040 = DIRECTION('',(-1.,0.,0.));
#1041 = DIRECTION('',(0.,0.,-1.));
#1042 = CYLINDRICAL_SURFACE('',#1043,1.8);
#1043 = AXIS2_PLACEMENT_3D('',#1044,#1045,#1046);
#1044 = CARTESIAN_POINT('',(23.2,134.5,76.));
#1045 = DIRECTION('',(-1.,0.,0.));
#1046 = DIRECTION('',(0.,0.,-1.));
#1047 = ADVANCED_FACE('',(#1048),#1067,.F.);
#1048 = FACE_BOUND('',#1049,.F.);
#1049 = EDGE_LOOP('',(#1050,#1058,#1059,#1060));
#1050 = ORIENTED_EDGE('',*,*,#1051,.T.);
#1051 = EDGE_CURVE('',#1052,#653,#1054,.T.);
#1052 = VERTEX_POINT('',#1053);
#1053 = CARTESIAN_POINT('',(19.51,95.,66.2));
#1054 = LINE('',#1055,#1056);
#1055 = CARTESIAN_POINT('',(23.2,95.,66.2));
#1056 = VECTOR('',#1057,1.);
#1057 = DIRECTION('',(-1.,0.,0.));
#1058 = ORIENTED_EDGE('',*,*,#652,.F.);
#1059 = ORIENTED_EDGE('',*,*,#1051,.F.);
#1060 = ORIENTED_EDGE('',*,*,#1061,.T.);
#1061 = EDGE_CURVE('',#1052,#1052,#1062,.T.);
#1062 = CIRCLE('',#1063,1.8);
#1063 = AXIS2_PLACEMENT_3D('',#1064,#1065,#1066);
#1064 = CARTESIAN_POINT('',(19.51,95.,68.));
#1065 = DIRECTION('',(-1.,0.,0.));
#1066 = DIRECTION('',(0.,0.,-1.));
#1067 = CYLINDRICAL_SURFACE('',#1068,1.8);
#1068 = AXIS2_PLACEMENT_3D('',#1069,#1070,#1071);
#1069 = CARTESIAN_POINT('',(23.2,95.,68.));
#1070 = DIRECTION('',(-1.,0.,0.));
#1071 = DIRECTION('',(0.,0.,-1.));
#1072 = ADVANCED_FACE('',(#1073),#1092,.F.);
#1073 = FACE_BOUND('',#1074,.F.);
#1074 = EDGE_LOOP('',(#1075,#1083,#1084,#1085));
#1075 = ORIENTED_EDGE('',*,*,#1076,.T.);
#1076 = EDGE_CURVE('',#1077,#664,#1079,.T.);
#1077 = VERTEX_POINT('',#1078);
#1078 = CARTESIAN_POINT('',(19.51,95.,74.2));
#1079 = LINE('',#1080,#1081);
#1080 = CARTESIAN_POINT('',(23.2,95.,74.2));
#1081 = VECTOR('',#1082,1.);
#1082 = DIRECTION('',(-1.,0.,0.));
#1083 = ORIENTED_EDGE('',*,*,#663,.F.);
#1084 = ORIENTED_EDGE('',*,*,#1076,.F.);
#1085 = ORIENTED_EDGE('',*,*,#1086,.T.);
#1086 = EDGE_CURVE('',#1077,#1077,#1087,.T.);
#1087 = CIRCLE('',#1088,1.8);
#1088 = AXIS2_PLACEMENT_3D('',#1089,#1090,#1091);
#1089 = CARTESIAN_POINT('',(19.51,95.,76.));
#1090 = DIRECTION('',(-1.,0.,0.));
#1091 = DIRECTION('',(0.,0.,-1.));
#1092 = CYLINDRICAL_SURFACE('',#1093,1.8);
#1093 = AXIS2_PLACEMENT_3D('',#1094,#1095,#1096);
#1094 = CARTESIAN_POINT('',(23.2,95.,76.));
#1095 = DIRECTION('',(-1.,0.,0.));
#1096 = DIRECTION('',(0.,0.,-1.));
#1097 = ADVANCED_FACE('',(#1098,#1101),#1104,.F.);
#1098 = FACE_BOUND('',#1099,.F.);
#1099 = EDGE_LOOP('',(#1100));
#1100 = ORIENTED_EDGE('',*,*,#688,.T.);
#1101 = FACE_BOUND('',#1102,.F.);
#1102 = EDGE_LOOP('',(#1103));
#1103 = ORIENTED_EDGE('',*,*,#764,.F.);
#1104 = PLANE('',#1105);
#1105 = AXIS2_PLACEMENT_3D('',#1106,#1107,#1108);
#1106 = CARTESIAN_POINT('',(14.5,95.,58.));
#1107 = DIRECTION('',(0.,0.,1.));
#1108 = DIRECTION('',(1.,0.,0.));
#1109 = ADVANCED_FACE('',(#1110),#1113,.F.);
#1110 = FACE_BOUND('',#1111,.F.);
#1111 = EDGE_LOOP('',(#1112));
#1112 = ORIENTED_EDGE('',*,*,#713,.T.);
#1113 = PLANE('',#1114);
#1114 = AXIS2_PLACEMENT_3D('',#1115,#1116,#1117);
#1115 = CARTESIAN_POINT('',(12.,120.,54.9));
#1116 = DIRECTION('',(0.,0.,1.));
#1117 = DIRECTION('',(1.,0.,0.));
#1118 = ADVANCED_FACE('',(#1119,#1122),#1125,.F.);
#1119 = FACE_BOUND('',#1120,.F.);
#1120 = EDGE_LOOP('',(#1121));
#1121 = ORIENTED_EDGE('',*,*,#738,.T.);
#1122 = FACE_BOUND('',#1123,.F.);
#1123 = EDGE_LOOP('',(#1124));
#1124 = ORIENTED_EDGE('',*,*,#885,.F.);
#1125 = PLANE('',#1126);
#1126 = AXIS2_PLACEMENT_3D('',#1127,#1128,#1129);
#1127 = CARTESIAN_POINT('',(14.5,135.,58.));
#1128 = DIRECTION('',(0.,0.,1.));
#1129 = DIRECTION('',(1.,0.,0.));
#1130 = ADVANCED_FACE('',(#1131),#1137,.T.);
#1131 = FACE_BOUND('',#1132,.T.);
#1132 = EDGE_LOOP('',(#1133,#1134,#1135,#1136));
#1133 = ORIENTED_EDGE('',*,*,#821,.F.);
#1134 = ORIENTED_EDGE('',*,*,#789,.T.);
#1135 = ORIENTED_EDGE('',*,*,#845,.T.);
#1136 = ORIENTED_EDGE('',*,*,#861,.F.);
#1137 = PLANE('',#1138);
#1138 = AXIS2_PLACEMENT_3D('',#1139,#1140,#1141);
#1139 = CARTESIAN_POINT('',(10.,113.,64.));
#1140 = DIRECTION('',(0.,0.,1.));
#1141 = DIRECTION('',(1.,0.,0.));
#1142 = ADVANCED_FACE('',(#1143,#1146),#1149,.F.);
#1143 = FACE_BOUND('',#1144,.F.);
#1144 = EDGE_LOOP('',(#1145));
#1145 = ORIENTED_EDGE('',*,*,#909,.T.);
#1146 = FACE_BOUND('',#1147,.F.);
#1147 = EDGE_LOOP('',(#1148));
#1148 = ORIENTED_EDGE('',*,*,#1011,.F.);
#1149 = PLANE('',#1150);
#1150 = AXIS2_PLACEMENT_3D('',#1151,#1152,#1153);
#1151 = CARTESIAN_POINT('',(19.51,134.5,68.));
#1152 = DIRECTION('',(-1.,0.,0.));
#1153 = DIRECTION('',(0.,0.,-1.));
#1154 = ADVANCED_FACE('',(#1155,#1158),#1161,.F.);
#1155 = FACE_BOUND('',#1156,.F.);
#1156 = EDGE_LOOP('',(#1157));
#1157 = ORIENTED_EDGE('',*,*,#934,.T.);
#1158 = FACE_BOUND('',#1159,.F.);
#1159 = EDGE_LOOP('',(#1160));
#1160 = ORIENTED_EDGE('',*,*,#1036,.F.);
#1161 = PLANE('',#1162);
#1162 = AXIS2_PLACEMENT_3D('',#1163,#1164,#1165);
#1163 = CARTESIAN_POINT('',(19.51,134.5,76.));
#1164 = DIRECTION('',(-1.,0.,0.));
#1165 = DIRECTION('',(0.,0.,-1.));
#1166 = ADVANCED_FACE('',(#1167,#1170),#1173,.F.);
#1167 = FACE_BOUND('',#1168,.F.);
#1168 = EDGE_LOOP('',(#1169));
#1169 = ORIENTED_EDGE('',*,*,#959,.T.);
#1170 = FACE_BOUND('',#1171,.F.);
#1171 = EDGE_LOOP('',(#1172));
#1172 = ORIENTED_EDGE('',*,*,#1061,.F.);
#1173 = PLANE('',#1174);
#1174 = AXIS2_PLACEMENT_3D('',#1175,#1176,#1177);
#1175 = CARTESIAN_POINT('',(19.51,95.,68.));
#1176 = DIRECTION('',(-1.,0.,0.));
#1177 = DIRECTION('',(0.,0.,-1.));
#1178 = ADVANCED_FACE('',(#1179,#1182),#1185,.F.);
#1179 = FACE_BOUND('',#1180,.F.);
#1180 = EDGE_LOOP('',(#1181));
#1181 = ORIENTED_EDGE('',*,*,#984,.T.);
#1182 = FACE_BOUND('',#1183,.F.);
#1183 = EDGE_LOOP('',(#1184));
#1184 = ORIENTED_EDGE('',*,*,#1086,.F.);
#1185 = PLANE('',#1186);
#1186 = AXIS2_PLACEMENT_3D('',#1187,#1188,#1189);
#1187 = CARTESIAN_POINT('',(19.51,95.,76.));
#1188 = DIRECTION('',(-1.,0.,0.));
#1189 = DIRECTION('',(0.,0.,-1.));
#1190 = MANIFOLD_SOLID_BREP('',#1191);
#1191 = CLOSED_SHELL('',(#1192,#1232,#1345,#1369,#1475,#1525,#1603,#1620
    ,#1637,#1654,#1671,#1688,#1705,#1717,#1778,#1795,#1851,#1876,#1901,
    #1926,#1951,#1982,#2006,#2030,#2047,#2072,#2097,#2122,#2147,#2172,
    #2197,#2222,#2247,#2272,#2284,#2293,#2305,#2317,#2329,#2341,#2353));
#1192 = ADVANCED_FACE('',(#1193),#1227,.F.);
#1193 = FACE_BOUND('',#1194,.T.);
#1194 = EDGE_LOOP('',(#1195,#1205,#1213,#1221));
#1195 = ORIENTED_EDGE('',*,*,#1196,.F.);
#1196 = EDGE_CURVE('',#1197,#1199,#1201,.T.);
#1197 = VERTEX_POINT('',#1198);
#1198 = CARTESIAN_POINT('',(79.,89.,52.));
#1199 = VERTEX_POINT('',#1200);
#1200 = CARTESIAN_POINT('',(79.,89.,62.));
#1201 = LINE('',#1202,#1203);
#1202 = CARTESIAN_POINT('',(79.,89.,52.));
#1203 = VECTOR('',#1204,1.);
#1204 = DIRECTION('',(0.,0.,1.));
#1205 = ORIENTED_EDGE('',*,*,#1206,.T.);
#1206 = EDGE_CURVE('',#1197,#1207,#1209,.T.);
#1207 = VERTEX_POINT('',#1208);
#1208 = CARTESIAN_POINT('',(79.,140.5,52.));
#1209 = LINE('',#1210,#1211);
#1210 = CARTESIAN_POINT('',(79.,89.,52.));
#1211 = VECTOR('',#1212,1.);
#1212 = DIRECTION('',(0.,1.,0.));
#1213 = ORIENTED_EDGE('',*,*,#1214,.T.);
#1214 = EDGE_CURVE('',#1207,#1215,#1217,.T.);
#1215 = VERTEX_POINT('',#1216);
#1216 = CARTESIAN_POINT('',(79.,140.5,62.));
#1217 = LINE('',#1218,#1219);
#1218 = CARTESIAN_POINT('',(79.,140.5,52.));
#1219 = VECTOR('',#1220,1.);
#1220 = DIRECTION('',(0.,0.,1.));
#1221 = ORIENTED_EDGE('',*,*,#1222,.F.);
#1222 = EDGE_CURVE('',#1199,#1215,#1223,.T.);
#1223 = LINE('',#1224,#1225);
#1224 = CARTESIAN_POINT('',(79.,89.,62.));
#1225 = VECTOR('',#1226,1.);
#1226 = DIRECTION('',(0.,1.,0.));
#1227 = PLANE('',#1228);
#1228 = AXIS2_PLACEMENT_3D('',#1229,#1230,#1231);
#1229 = CARTESIAN_POINT('',(79.,89.,52.));
#1230 = DIRECTION('',(-1.,-0.,-0.));
#1231 = DIRECTION('',(0.,0.,-1.));
#1232 = ADVANCED_FACE('',(#1233),#1340,.T.);
#1233 = FACE_BOUND('',#1234,.F.);
#1234 = EDGE_LOOP('',(#1235,#1245,#1254,#1262,#1270,#1278,#1286,#1294,
    #1303,#1309,#1310,#1318,#1326,#1334));
#1235 = ORIENTED_EDGE('',*,*,#1236,.F.);
#1236 = EDGE_CURVE('',#1237,#1239,#1241,.T.);
#1237 = VERTEX_POINT('',#1238);
#1238 = CARTESIAN_POINT('',(72.2,89.,62.));
#1239 = VERTEX_POINT('',#1240);
#1240 = CARTESIAN_POINT('',(62.,89.,62.));
#1241 = LINE('',#1242,#1243);
#1242 = CARTESIAN_POINT('',(79.,89.,62.));
#1243 = VECTOR('',#1244,1.);
#1244 = DIRECTION('',(-1.,-0.,-0.));
#1245 = ORIENTED_EDGE('',*,*,#1246,.F.);
#1246 = EDGE_CURVE('',#1247,#1237,#1249,.T.);
#1247 = VERTEX_POINT('',#1248);
#1248 = CARTESIAN_POINT('',(73.,89.,62.8));
#1249 = CIRCLE('',#1250,0.8);
#1250 = AXIS2_PLACEMENT_3D('',#1251,#1252,#1253);
#1251 = CARTESIAN_POINT('',(73.,89.,62.));
#1252 = DIRECTION('',(0.,-1.,0.));
#1253 = DIRECTION('',(0.,0.,1.));
#1254 = ORIENTED_EDGE('',*,*,#1255,.T.);
#1255 = EDGE_CURVE('',#1247,#1256,#1258,.T.);
#1256 = VERTEX_POINT('',#1257);
#1257 = CARTESIAN_POINT('',(73.,89.,65.4));
#1258 = LINE('',#1259,#1260);
#1259 = CARTESIAN_POINT('',(73.,89.,62.));
#1260 = VECTOR('',#1261,1.);
#1261 = DIRECTION('',(0.,0.,1.));
#1262 = ORIENTED_EDGE('',*,*,#1263,.T.);
#1263 = EDGE_CURVE('',#1256,#1264,#1266,.T.);
#1264 = VERTEX_POINT('',#1265);
#1265 = CARTESIAN_POINT('',(73.6,89.,66.));
#1266 = LINE('',#1267,#1268);
#1267 = CARTESIAN_POINT('',(73.,89.,65.4));
#1268 = VECTOR('',#1269,1.);
#1269 = DIRECTION('',(0.707106781187,0.,0.707106781187));
#1270 = ORIENTED_EDGE('',*,*,#1271,.T.);
#1271 = EDGE_CURVE('',#1264,#1272,#1274,.T.);
#1272 = VERTEX_POINT('',#1273);
#1273 = CARTESIAN_POINT('',(76.4,89.,66.));
#1274 = LINE('',#1275,#1276);
#1275 = CARTESIAN_POINT('',(73.6,89.,66.));
#1276 = VECTOR('',#1277,1.);
#1277 = DIRECTION('',(1.,0.,0.));
#1278 = ORIENTED_EDGE('',*,*,#1279,.T.);
#1279 = EDGE_CURVE('',#1272,#1280,#1282,.T.);
#1280 = VERTEX_POINT('',#1281);
#1281 = CARTESIAN_POINT('',(77.,89.,65.4));
#1282 = LINE('',#1283,#1284);
#1283 = CARTESIAN_POINT('',(76.4,89.,66.));
#1284 = VECTOR('',#1285,1.);
#1285 = DIRECTION('',(0.707106781187,0.,-0.707106781187));
#1286 = ORIENTED_EDGE('',*,*,#1287,.T.);
#1287 = EDGE_CURVE('',#1280,#1288,#1290,.T.);
#1288 = VERTEX_POINT('',#1289);
#1289 = CARTESIAN_POINT('',(77.,89.,62.8));
#1290 = LINE('',#1291,#1292);
#1291 = CARTESIAN_POINT('',(77.,89.,65.4));
#1292 = VECTOR('',#1293,1.);
#1293 = DIRECTION('',(-0.,-0.,-1.));
#1294 = ORIENTED_EDGE('',*,*,#1295,.F.);
#1295 = EDGE_CURVE('',#1296,#1288,#1298,.T.);
#1296 = VERTEX_POINT('',#1297);
#1297 = CARTESIAN_POINT('',(77.8,89.,62.));
#1298 = CIRCLE('',#1299,0.8);
#1299 = AXIS2_PLACEMENT_3D('',#1300,#1301,#1302);
#1300 = CARTESIAN_POINT('',(77.,89.,62.));
#1301 = DIRECTION('',(0.,-1.,0.));
#1302 = DIRECTION('',(0.,0.,1.));
#1303 = ORIENTED_EDGE('',*,*,#1304,.F.);
#1304 = EDGE_CURVE('',#1199,#1296,#1305,.T.);
#1305 = LINE('',#1306,#1307);
#1306 = CARTESIAN_POINT('',(79.,89.,62.));
#1307 = VECTOR('',#1308,1.);
#1308 = DIRECTION('',(-1.,-0.,-0.));
#1309 = ORIENTED_EDGE('',*,*,#1196,.F.);
#1310 = ORIENTED_EDGE('',*,*,#1311,.T.);
#1311 = EDGE_CURVE('',#1197,#1312,#1314,.T.);
#1312 = VERTEX_POINT('',#1313);
#1313 = CARTESIAN_POINT('',(56.,89.,52.));
#1314 = LINE('',#1315,#1316);
#1315 = CARTESIAN_POINT('',(79.,89.,52.));
#1316 = VECTOR('',#1317,1.);
#1317 = DIRECTION('',(-1.,-0.,-0.));
#1318 = ORIENTED_EDGE('',*,*,#1319,.T.);
#1319 = EDGE_CURVE('',#1312,#1320,#1322,.T.);
#1320 = VERTEX_POINT('',#1321);
#1321 = CARTESIAN_POINT('',(56.,89.,82.));
#1322 = LINE('',#1323,#1324);
#1323 = CARTESIAN_POINT('',(56.,89.,52.));
#1324 = VECTOR('',#1325,1.);
#1325 = DIRECTION('',(0.,0.,1.));
#1326 = ORIENTED_EDGE('',*,*,#1327,.F.);
#1327 = EDGE_CURVE('',#1328,#1320,#1330,.T.);
#1328 = VERTEX_POINT('',#1329);
#1329 = CARTESIAN_POINT('',(62.,89.,82.));
#1330 = LINE('',#1331,#1332);
#1331 = CARTESIAN_POINT('',(62.,89.,82.));
#1332 = VECTOR('',#1333,1.);
#1333 = DIRECTION('',(-1.,-0.,-0.));
#1334 = ORIENTED_EDGE('',*,*,#1335,.F.);
#1335 = EDGE_CURVE('',#1239,#1328,#1336,.T.);
#1336 = LINE('',#1337,#1338);
#1337 = CARTESIAN_POINT('',(62.,89.,62.));
#1338 = VECTOR('',#1339,1.);
#1339 = DIRECTION('',(0.,0.,1.));
#1340 = PLANE('',#1341);
#1341 = AXIS2_PLACEMENT_3D('',#1342,#1343,#1344);
#1342 = CARTESIAN_POINT('',(64.918434280499,89.,63.950898378663));
#1343 = DIRECTION('',(0.,-1.,0.));
#1344 = DIRECTION('',(0.,0.,1.));
#1345 = ADVANCED_FACE('',(#1346),#1364,.T.);
#1346 = FACE_BOUND('',#1347,.F.);
#1347 = EDGE_LOOP('',(#1348,#1356,#1357,#1358));
#1348 = ORIENTED_EDGE('',*,*,#1349,.F.);
#1349 = EDGE_CURVE('',#1215,#1350,#1352,.T.);
#1350 = VERTEX_POINT('',#1351);
#1351 = CARTESIAN_POINT('',(77.8,140.5,62.));
#1352 = LINE('',#1353,#1354);
#1353 = CARTESIAN_POINT('',(79.,140.5,62.));
#1354 = VECTOR('',#1355,1.);
#1355 = DIRECTION('',(-1.,-0.,-0.));
#1356 = ORIENTED_EDGE('',*,*,#1222,.F.);
#1357 = ORIENTED_EDGE('',*,*,#1304,.T.);
#1358 = ORIENTED_EDGE('',*,*,#1359,.T.);
#1359 = EDGE_CURVE('',#1296,#1350,#1360,.T.);
#1360 = LINE('',#1361,#1362);
#1361 = CARTESIAN_POINT('',(77.8,89.,62.));
#1362 = VECTOR('',#1363,1.);
#1363 = DIRECTION('',(0.,1.,0.));
#1364 = PLANE('',#1365);
#1365 = AXIS2_PLACEMENT_3D('',#1366,#1367,#1368);
#1366 = CARTESIAN_POINT('',(79.,89.,62.));
#1367 = DIRECTION('',(0.,0.,1.));
#1368 = DIRECTION('',(1.,0.,0.));
#1369 = ADVANCED_FACE('',(#1370),#1470,.T.);
#1370 = FACE_BOUND('',#1371,.F.);
#1371 = EDGE_LOOP('',(#1372,#1382,#1390,#1398,#1406,#1412,#1413,#1414,
    #1423,#1431,#1439,#1447,#1455,#1463));
#1372 = ORIENTED_EDGE('',*,*,#1373,.T.);
#1373 = EDGE_CURVE('',#1374,#1376,#1378,.T.);
#1374 = VERTEX_POINT('',#1375);
#1375 = CARTESIAN_POINT('',(72.2,140.5,62.));
#1376 = VERTEX_POINT('',#1377);
#1377 = CARTESIAN_POINT('',(62.,140.5,62.));
#1378 = LINE('',#1379,#1380);
#1379 = CARTESIAN_POINT('',(79.,140.5,62.));
#1380 = VECTOR('',#1381,1.);
#1381 = DIRECTION('',(-1.,-0.,-0.));
#1382 = ORIENTED_EDGE('',*,*,#1383,.T.);
#1383 = EDGE_CURVE('',#1376,#1384,#1386,.T.);
#1384 = VERTEX_POINT('',#1385);
#1385 = CARTESIAN_POINT('',(62.,140.5,82.));
#1386 = LINE('',#1387,#1388);
#1387 = CARTESIAN_POINT('',(62.,140.5,62.));
#1388 = VECTOR('',#1389,1.);
#1389 = DIRECTION('',(0.,0.,1.));
#1390 = ORIENTED_EDGE('',*,*,#1391,.T.);
#1391 = EDGE_CURVE('',#1384,#1392,#1394,.T.);
#1392 = VERTEX_POINT('',#1393);
#1393 = CARTESIAN_POINT('',(56.,140.5,82.));
#1394 = LINE('',#1395,#1396);
#1395 = CARTESIAN_POINT('',(62.,140.5,82.));
#1396 = VECTOR('',#1397,1.);
#1397 = DIRECTION('',(-1.,-0.,-0.));
#1398 = ORIENTED_EDGE('',*,*,#1399,.F.);
#1399 = EDGE_CURVE('',#1400,#1392,#1402,.T.);
#1400 = VERTEX_POINT('',#1401);
#1401 = CARTESIAN_POINT('',(56.,140.5,52.));
#1402 = LINE('',#1403,#1404);
#1403 = CARTESIAN_POINT('',(56.,140.5,62.));
#1404 = VECTOR('',#1405,1.);
#1405 = DIRECTION('',(0.,0.,1.));
#1406 = ORIENTED_EDGE('',*,*,#1407,.F.);
#1407 = EDGE_CURVE('',#1207,#1400,#1408,.T.);
#1408 = LINE('',#1409,#1410);
#1409 = CARTESIAN_POINT('',(79.,140.5,52.));
#1410 = VECTOR('',#1411,1.);
#1411 = DIRECTION('',(-1.,-0.,-0.));
#1412 = ORIENTED_EDGE('',*,*,#1214,.T.);
#1413 = ORIENTED_EDGE('',*,*,#1349,.T.);
#1414 = ORIENTED_EDGE('',*,*,#1415,.T.);
#1415 = EDGE_CURVE('',#1350,#1416,#1418,.T.);
#1416 = VERTEX_POINT('',#1417);
#1417 = CARTESIAN_POINT('',(77.,140.5,62.8));
#1418 = CIRCLE('',#1419,0.8);
#1419 = AXIS2_PLACEMENT_3D('',#1420,#1421,#1422);
#1420 = CARTESIAN_POINT('',(77.,140.5,62.));
#1421 = DIRECTION('',(0.,-1.,0.));
#1422 = DIRECTION('',(0.,0.,1.));
#1423 = ORIENTED_EDGE('',*,*,#1424,.F.);
#1424 = EDGE_CURVE('',#1425,#1416,#1427,.T.);
#1425 = VERTEX_POINT('',#1426);
#1426 = CARTESIAN_POINT('',(77.,140.5,65.4));
#1427 = LINE('',#1428,#1429);
#1428 = CARTESIAN_POINT('',(77.,140.5,65.4));
#1429 = VECTOR('',#1430,1.);
#1430 = DIRECTION('',(-0.,-0.,-1.));
#1431 = ORIENTED_EDGE('',*,*,#1432,.F.);
#1432 = EDGE_CURVE('',#1433,#1425,#1435,.T.);
#1433 = VERTEX_POINT('',#1434);
#1434 = CARTESIAN_POINT('',(76.4,140.5,66.));
#1435 = LINE('',#1436,#1437);
#1436 = CARTESIAN_POINT('',(76.4,140.5,66.));
#1437 = VECTOR('',#1438,1.);
#1438 = DIRECTION('',(0.707106781187,0.,-0.707106781187));
#1439 = ORIENTED_EDGE('',*,*,#1440,.F.);
#1440 = EDGE_CURVE('',#1441,#1433,#1443,.T.);
#1441 = VERTEX_POINT('',#1442);
#1442 = CARTESIAN_POINT('',(73.6,140.5,66.));
#1443 = LINE('',#1444,#1445);
#1444 = CARTESIAN_POINT('',(73.6,140.5,66.));
#1445 = VECTOR('',#1446,1.);
#1446 = DIRECTION('',(1.,0.,0.));
#1447 = ORIENTED_EDGE('',*,*,#1448,.F.);
#1448 = EDGE_CURVE('',#1449,#1441,#1451,.T.);
#1449 = VERTEX_POINT('',#1450);
#1450 = CARTESIAN_POINT('',(73.,140.5,65.4));
#1451 = LINE('',#1452,#1453);
#1452 = CARTESIAN_POINT('',(73.,140.5,65.4));
#1453 = VECTOR('',#1454,1.);
#1454 = DIRECTION('',(0.707106781187,0.,0.707106781187));
#1455 = ORIENTED_EDGE('',*,*,#1456,.F.);
#1456 = EDGE_CURVE('',#1457,#1449,#1459,.T.);
#1457 = VERTEX_POINT('',#1458);
#1458 = CARTESIAN_POINT('',(73.,140.5,62.8));
#1459 = LINE('',#1460,#1461);
#1460 = CARTESIAN_POINT('',(73.,140.5,62.));
#1461 = VECTOR('',#1462,1.);
#1462 = DIRECTION('',(0.,0.,1.));
#1463 = ORIENTED_EDGE('',*,*,#1464,.T.);
#1464 = EDGE_CURVE('',#1457,#1374,#1465,.T.);
#1465 = CIRCLE('',#1466,0.8);
#1466 = AXIS2_PLACEMENT_3D('',#1467,#1468,#1469);
#1467 = CARTESIAN_POINT('',(73.,140.5,62.));
#1468 = DIRECTION('',(0.,-1.,0.));
#1469 = DIRECTION('',(0.,0.,1.));
#1470 = PLANE('',#1471);
#1471 = AXIS2_PLACEMENT_3D('',#1472,#1473,#1474);
#1472 = CARTESIAN_POINT('',(64.918434280499,140.5,63.950898378663));
#1473 = DIRECTION('',(0.,1.,0.));
#1474 = DIRECTION('',(0.,0.,-1.));
#1475 = ADVANCED_FACE('',(#1476,#1487,#1498,#1509),#1520,.F.);
#1476 = FACE_BOUND('',#1477,.T.);
#1477 = EDGE_LOOP('',(#1478,#1479,#1480,#1486));
#1478 = ORIENTED_EDGE('',*,*,#1206,.F.);
#1479 = ORIENTED_EDGE('',*,*,#1311,.T.);
#1480 = ORIENTED_EDGE('',*,*,#1481,.T.);
#1481 = EDGE_CURVE('',#1312,#1400,#1482,.T.);
#1482 = LINE('',#1483,#1484);
#1483 = CARTESIAN_POINT('',(56.,89.,52.));
#1484 = VECTOR('',#1485,1.);
#1485 = DIRECTION('',(0.,1.,0.));
#1486 = ORIENTED_EDGE('',*,*,#1407,.F.);
#1487 = FACE_BOUND('',#1488,.T.);
#1488 = EDGE_LOOP('',(#1489));
#1489 = ORIENTED_EDGE('',*,*,#1490,.F.);
#1490 = EDGE_CURVE('',#1491,#1491,#1493,.T.);
#1491 = VERTEX_POINT('',#1492);
#1492 = CARTESIAN_POINT('',(59.6,95.,52.));
#1493 = CIRCLE('',#1494,4.9);
#1494 = AXIS2_PLACEMENT_3D('',#1495,#1496,#1497);
#1495 = CARTESIAN_POINT('',(64.5,95.,52.));
#1496 = DIRECTION('',(0.,0.,-1.));
#1497 = DIRECTION('',(-1.,-0.,-0.));
#1498 = FACE_BOUND('',#1499,.T.);
#1499 = EDGE_LOOP('',(#1500));
#1500 = ORIENTED_EDGE('',*,*,#1501,.F.);
#1501 = EDGE_CURVE('',#1502,#1502,#1504,.T.);
#1502 = VERTEX_POINT('',#1503);
#1503 = CARTESIAN_POINT('',(62.8,120.,52.));
#1504 = CIRCLE('',#1505,4.2);
#1505 = AXIS2_PLACEMENT_3D('',#1506,#1507,#1508);
#1506 = CARTESIAN_POINT('',(67.,120.,52.));
#1507 = DIRECTION('',(0.,0.,-1.));
#1508 = DIRECTION('',(-1.,-0.,-0.));
#1509 = FACE_BOUND('',#1510,.T.);
#1510 = EDGE_LOOP('',(#1511));
#1511 = ORIENTED_EDGE('',*,*,#1512,.F.);
#1512 = EDGE_CURVE('',#1513,#1513,#1515,.T.);
#1513 = VERTEX_POINT('',#1514);
#1514 = CARTESIAN_POINT('',(59.6,135.,52.));
#1515 = CIRCLE('',#1516,4.9);
#1516 = AXIS2_PLACEMENT_3D('',#1517,#1518,#1519);
#1517 = CARTESIAN_POINT('',(64.5,135.,52.));
#1518 = DIRECTION('',(0.,0.,-1.));
#1519 = DIRECTION('',(-1.,-0.,-0.));
#1520 = PLANE('',#1521);
#1521 = AXIS2_PLACEMENT_3D('',#1522,#1523,#1524);
#1522 = CARTESIAN_POINT('',(79.,89.,52.));
#1523 = DIRECTION('',(0.,0.,1.));
#1524 = DIRECTION('',(1.,0.,0.));
#1525 = ADVANCED_FACE('',(#1526,#1542,#1553,#1587),#1598,.T.);
#1526 = FACE_BOUND('',#1527,.F.);
#1527 = EDGE_LOOP('',(#1528,#1529,#1535,#1536));
#1528 = ORIENTED_EDGE('',*,*,#1373,.F.);
#1529 = ORIENTED_EDGE('',*,*,#1530,.F.);
#1530 = EDGE_CURVE('',#1237,#1374,#1531,.T.);
#1531 = LINE('',#1532,#1533);
#1532 = CARTESIAN_POINT('',(72.2,89.,62.));
#1533 = VECTOR('',#1534,1.);
#1534 = DIRECTION('',(0.,1.,0.));
#1535 = ORIENTED_EDGE('',*,*,#1236,.T.);
#1536 = ORIENTED_EDGE('',*,*,#1537,.T.);
#1537 = EDGE_CURVE('',#1239,#1376,#1538,.T.);
#1538 = LINE('',#1539,#1540);
#1539 = CARTESIAN_POINT('',(62.,89.,62.));
#1540 = VECTOR('',#1541,1.);
#1541 = DIRECTION('',(0.,1.,0.));
#1542 = FACE_BOUND('',#1543,.F.);
#1543 = EDGE_LOOP('',(#1544));
#1544 = ORIENTED_EDGE('',*,*,#1545,.F.);
#1545 = EDGE_CURVE('',#1546,#1546,#1548,.T.);
#1546 = VERTEX_POINT('',#1547);
#1547 = CARTESIAN_POINT('',(62.7,95.,62.));
#1548 = CIRCLE('',#1549,1.8);
#1549 = AXIS2_PLACEMENT_3D('',#1550,#1551,#1552);
#1550 = CARTESIAN_POINT('',(64.5,95.,62.));
#1551 = DIRECTION('',(0.,0.,-1.));
#1552 = DIRECTION('',(-1.,-0.,-0.));
#1553 = FACE_BOUND('',#1554,.F.);
#1554 = EDGE_LOOP('',(#1555,#1565,#1573,#1581));
#1555 = ORIENTED_EDGE('',*,*,#1556,.F.);
#1556 = EDGE_CURVE('',#1557,#1559,#1561,.T.);
#1557 = VERTEX_POINT('',#1558);
#1558 = CARTESIAN_POINT('',(69.,113.,62.));
#1559 = VERTEX_POINT('',#1560);
#1560 = CARTESIAN_POINT('',(65.,113.,62.));
#1561 = LINE('',#1562,#1563);
#1562 = CARTESIAN_POINT('',(69.,113.,62.));
#1563 = VECTOR('',#1564,1.);
#1564 = DIRECTION('',(-1.,-0.,-0.));
#1565 = ORIENTED_EDGE('',*,*,#1566,.T.);
#1566 = EDGE_CURVE('',#1557,#1567,#1569,.T.);
#1567 = VERTEX_POINT('',#1568);
#1568 = CARTESIAN_POINT('',(69.,117.,62.));
#1569 = LINE('',#1570,#1571);
#1570 = CARTESIAN_POINT('',(69.,113.,62.));
#1571 = VECTOR('',#1572,1.);
#1572 = DIRECTION('',(0.,1.,0.));
#1573 = ORIENTED_EDGE('',*,*,#1574,.T.);
#1574 = EDGE_CURVE('',#1567,#1575,#1577,.T.);
#1575 = VERTEX_POINT('',#1576);
#1576 = CARTESIAN_POINT('',(65.,117.,62.));
#1577 = LINE('',#1578,#1579);
#1578 = CARTESIAN_POINT('',(69.,117.,62.));
#1579 = VECTOR('',#1580,1.);
#1580 = DIRECTION('',(-1.,-0.,-0.));
#1581 = ORIENTED_EDGE('',*,*,#1582,.F.);
#1582 = EDGE_CURVE('',#1559,#1575,#1583,.T.);
#1583 = LINE('',#1584,#1585);
#1584 = CARTESIAN_POINT('',(65.,113.,62.));
#1585 = VECTOR('',#1586,1.);
#1586 = DIRECTION('',(0.,1.,0.));
#1587 = FACE_BOUND('',#1588,.F.);
#1588 = EDGE_LOOP('',(#1589));
#1589 = ORIENTED_EDGE('',*,*,#1590,.F.);
#1590 = EDGE_CURVE('',#1591,#1591,#1593,.T.);
#1591 = VERTEX_POINT('',#1592);
#1592 = CARTESIAN_POINT('',(62.7,135.,62.));
#1593 = CIRCLE('',#1594,1.8);
#1594 = AXIS2_PLACEMENT_3D('',#1595,#1596,#1597);
#1595 = CARTESIAN_POINT('',(64.5,135.,62.));
#1596 = DIRECTION('',(0.,0.,-1.));
#1597 = DIRECTION('',(-1.,-0.,-0.));
#1598 = PLANE('',#1599);
#1599 = AXIS2_PLACEMENT_3D('',#1600,#1601,#1602);
#1600 = CARTESIAN_POINT('',(79.,89.,62.));
#1601 = DIRECTION('',(0.,0.,1.));
#1602 = DIRECTION('',(1.,0.,0.));
#1603 = ADVANCED_FACE('',(#1604),#1615,.T.);
#1604 = FACE_BOUND('',#1605,.F.);
#1605 = EDGE_LOOP('',(#1606,#1607,#1613,#1614));
#1606 = ORIENTED_EDGE('',*,*,#1464,.F.);
#1607 = ORIENTED_EDGE('',*,*,#1608,.F.);
#1608 = EDGE_CURVE('',#1247,#1457,#1609,.T.);
#1609 = LINE('',#1610,#1611);
#1610 = CARTESIAN_POINT('',(73.,89.,62.8));
#1611 = VECTOR('',#1612,1.);
#1612 = DIRECTION('',(0.,1.,0.));
#1613 = ORIENTED_EDGE('',*,*,#1246,.T.);
#1614 = ORIENTED_EDGE('',*,*,#1530,.T.);
#1615 = CYLINDRICAL_SURFACE('',#1616,0.8);
#1616 = AXIS2_PLACEMENT_3D('',#1617,#1618,#1619);
#1617 = CARTESIAN_POINT('',(73.,89.,62.));
#1618 = DIRECTION('',(0.,1.,0.));
#1619 = DIRECTION('',(0.,0.,1.));
#1620 = ADVANCED_FACE('',(#1621),#1632,.T.);
#1621 = FACE_BOUND('',#1622,.F.);
#1622 = EDGE_LOOP('',(#1623,#1624,#1625,#1626));
#1623 = ORIENTED_EDGE('',*,*,#1255,.F.);
#1624 = ORIENTED_EDGE('',*,*,#1608,.T.);
#1625 = ORIENTED_EDGE('',*,*,#1456,.T.);
#1626 = ORIENTED_EDGE('',*,*,#1627,.F.);
#1627 = EDGE_CURVE('',#1256,#1449,#1628,.T.);
#1628 = LINE('',#1629,#1630);
#1629 = CARTESIAN_POINT('',(73.,89.,65.4));
#1630 = VECTOR('',#1631,1.);
#1631 = DIRECTION('',(0.,1.,0.));
#1632 = PLANE('',#1633);
#1633 = AXIS2_PLACEMENT_3D('',#1634,#1635,#1636);
#1634 = CARTESIAN_POINT('',(73.,89.,62.));
#1635 = DIRECTION('',(-1.,-0.,-0.));
#1636 = DIRECTION('',(0.,0.,-1.));
#1637 = ADVANCED_FACE('',(#1638),#1649,.T.);
#1638 = FACE_BOUND('',#1639,.F.);
#1639 = EDGE_LOOP('',(#1640,#1641,#1642,#1648));
#1640 = ORIENTED_EDGE('',*,*,#1627,.T.);
#1641 = ORIENTED_EDGE('',*,*,#1448,.T.);
#1642 = ORIENTED_EDGE('',*,*,#1643,.F.);
#1643 = EDGE_CURVE('',#1264,#1441,#1644,.T.);
#1644 = LINE('',#1645,#1646);
#1645 = CARTESIAN_POINT('',(73.6,89.,66.));
#1646 = VECTOR('',#1647,1.);
#1647 = DIRECTION('',(0.,1.,0.));
#1648 = ORIENTED_EDGE('',*,*,#1263,.F.);
#1649 = PLANE('',#1650);
#1650 = AXIS2_PLACEMENT_3D('',#1651,#1652,#1653);
#1651 = CARTESIAN_POINT('',(73.,89.,65.4));
#1652 = DIRECTION('',(-0.707106781187,0.,0.707106781187));
#1653 = DIRECTION('',(-0.707106781187,0.,-0.707106781187));
#1654 = ADVANCED_FACE('',(#1655),#1666,.T.);
#1655 = FACE_BOUND('',#1656,.F.);
#1656 = EDGE_LOOP('',(#1657,#1658,#1659,#1665));
#1657 = ORIENTED_EDGE('',*,*,#1643,.T.);
#1658 = ORIENTED_EDGE('',*,*,#1440,.T.);
#1659 = ORIENTED_EDGE('',*,*,#1660,.F.);
#1660 = EDGE_CURVE('',#1272,#1433,#1661,.T.);
#1661 = LINE('',#1662,#1663);
#1662 = CARTESIAN_POINT('',(76.4,89.,66.));
#1663 = VECTOR('',#1664,1.);
#1664 = DIRECTION('',(0.,1.,0.));
#1665 = ORIENTED_EDGE('',*,*,#1271,.F.);
#1666 = PLANE('',#1667);
#1667 = AXIS2_PLACEMENT_3D('',#1668,#1669,#1670);
#1668 = CARTESIAN_POINT('',(73.6,89.,66.));
#1669 = DIRECTION('',(0.,0.,1.));
#1670 = DIRECTION('',(-1.,0.,0.));
#1671 = ADVANCED_FACE('',(#1672),#1683,.T.);
#1672 = FACE_BOUND('',#1673,.F.);
#1673 = EDGE_LOOP('',(#1674,#1675,#1676,#1682));
#1674 = ORIENTED_EDGE('',*,*,#1660,.T.);
#1675 = ORIENTED_EDGE('',*,*,#1432,.T.);
#1676 = ORIENTED_EDGE('',*,*,#1677,.F.);
#1677 = EDGE_CURVE('',#1280,#1425,#1678,.T.);
#1678 = LINE('',#1679,#1680);
#1679 = CARTESIAN_POINT('',(77.,89.,65.4));
#1680 = VECTOR('',#1681,1.);
#1681 = DIRECTION('',(0.,1.,0.));
#1682 = ORIENTED_EDGE('',*,*,#1279,.F.);
#1683 = PLANE('',#1684);
#1684 = AXIS2_PLACEMENT_3D('',#1685,#1686,#1687);
#1685 = CARTESIAN_POINT('',(76.4,89.,66.));
#1686 = DIRECTION('',(0.707106781187,0.,0.707106781187));
#1687 = DIRECTION('',(-0.707106781187,0.,0.707106781187));
#1688 = ADVANCED_FACE('',(#1689),#1700,.T.);
#1689 = FACE_BOUND('',#1690,.F.);
#1690 = EDGE_LOOP('',(#1691,#1692,#1693,#1694));
#1691 = ORIENTED_EDGE('',*,*,#1287,.F.);
#1692 = ORIENTED_EDGE('',*,*,#1677,.T.);
#1693 = ORIENTED_EDGE('',*,*,#1424,.T.);
#1694 = ORIENTED_EDGE('',*,*,#1695,.F.);
#1695 = EDGE_CURVE('',#1288,#1416,#1696,.T.);
#1696 = LINE('',#1697,#1698);
#1697 = CARTESIAN_POINT('',(77.,89.,62.8));
#1698 = VECTOR('',#1699,1.);
#1699 = DIRECTION('',(0.,1.,0.));
#1700 = PLANE('',#1701);
#1701 = AXIS2_PLACEMENT_3D('',#1702,#1703,#1704);
#1702 = CARTESIAN_POINT('',(77.,89.,65.4));
#1703 = DIRECTION('',(1.,0.,0.));
#1704 = DIRECTION('',(0.,0.,1.));
#1705 = ADVANCED_FACE('',(#1706),#1712,.T.);
#1706 = FACE_BOUND('',#1707,.F.);
#1707 = EDGE_LOOP('',(#1708,#1709,#1710,#1711));
#1708 = ORIENTED_EDGE('',*,*,#1695,.T.);
#1709 = ORIENTED_EDGE('',*,*,#1415,.F.);
#1710 = ORIENTED_EDGE('',*,*,#1359,.F.);
#1711 = ORIENTED_EDGE('',*,*,#1295,.T.);
#1712 = CYLINDRICAL_SURFACE('',#1713,0.8);
#1713 = AXIS2_PLACEMENT_3D('',#1714,#1715,#1716);
#1714 = CARTESIAN_POINT('',(77.,89.,62.));
#1715 = DIRECTION('',(0.,1.,0.));
#1716 = DIRECTION('',(0.,0.,1.));
#1717 = ADVANCED_FACE('',(#1718,#1729,#1740,#1751,#1762),#1773,.T.);
#1718 = FACE_BOUND('',#1719,.F.);
#1719 = EDGE_LOOP('',(#1720,#1721,#1722,#1723));
#1720 = ORIENTED_EDGE('',*,*,#1319,.F.);
#1721 = ORIENTED_EDGE('',*,*,#1481,.T.);
#1722 = ORIENTED_EDGE('',*,*,#1399,.T.);
#1723 = ORIENTED_EDGE('',*,*,#1724,.F.);
#1724 = EDGE_CURVE('',#1320,#1392,#1725,.T.);
#1725 = LINE('',#1726,#1727);
#1726 = CARTESIAN_POINT('',(56.,89.,82.));
#1727 = VECTOR('',#1728,1.);
#1728 = DIRECTION('',(0.,1.,0.));
#1729 = FACE_BOUND('',#1730,.F.);
#1730 = EDGE_LOOP('',(#1731));
#1731 = ORIENTED_EDGE('',*,*,#1732,.T.);
#1732 = EDGE_CURVE('',#1733,#1733,#1735,.T.);
#1733 = VERTEX_POINT('',#1734);
#1734 = CARTESIAN_POINT('',(56.,134.5,65.));
#1735 = CIRCLE('',#1736,3.);
#1736 = AXIS2_PLACEMENT_3D('',#1737,#1738,#1739);
#1737 = CARTESIAN_POINT('',(56.,134.5,68.));
#1738 = DIRECTION('',(-1.,0.,0.));
#1739 = DIRECTION('',(-0.,-0.,-1.));
#1740 = FACE_BOUND('',#1741,.F.);
#1741 = EDGE_LOOP('',(#1742));
#1742 = ORIENTED_EDGE('',*,*,#1743,.T.);
#1743 = EDGE_CURVE('',#1744,#1744,#1746,.T.);
#1744 = VERTEX_POINT('',#1745);
#1745 = CARTESIAN_POINT('',(56.,134.5,73.));
#1746 = CIRCLE('',#1747,3.);
#1747 = AXIS2_PLACEMENT_3D('',#1748,#1749,#1750);
#1748 = CARTESIAN_POINT('',(56.,134.5,76.));
#1749 = DIRECTION('',(-1.,0.,0.));
#1750 = DIRECTION('',(-0.,-0.,-1.));
#1751 = FACE_BOUND('',#1752,.F.);
#1752 = EDGE_LOOP('',(#1753));
#1753 = ORIENTED_EDGE('',*,*,#1754,.T.);
#1754 = EDGE_CURVE('',#1755,#1755,#1757,.T.);
#1755 = VERTEX_POINT('',#1756);
#1756 = CARTESIAN_POINT('',(56.,95.,65.));
#1757 = CIRCLE('',#1758,3.);
#1758 = AXIS2_PLACEMENT_3D('',#1759,#1760,#1761);
#1759 = CARTESIAN_POINT('',(56.,95.,68.));
#1760 = DIRECTION('',(-1.,0.,0.));
#1761 = DIRECTION('',(-0.,-0.,-1.));
#1762 = FACE_BOUND('',#1763,.F.);
#1763 = EDGE_LOOP('',(#1764));
#1764 = ORIENTED_EDGE('',*,*,#1765,.T.);
#1765 = EDGE_CURVE('',#1766,#1766,#1768,.T.);
#1766 = VERTEX_POINT('',#1767);
#1767 = CARTESIAN_POINT('',(56.,95.,73.));
#1768 = CIRCLE('',#1769,3.);
#1769 = AXIS2_PLACEMENT_3D('',#1770,#1771,#1772);
#1770 = CARTESIAN_POINT('',(56.,95.,76.));
#1771 = DIRECTION('',(-1.,0.,0.));
#1772 = DIRECTION('',(-0.,-0.,-1.));
#1773 = PLANE('',#1774);
#1774 = AXIS2_PLACEMENT_3D('',#1775,#1776,#1777);
#1775 = CARTESIAN_POINT('',(56.,114.75,67.));
#1776 = DIRECTION('',(-1.,-0.,-0.));
#1777 = DIRECTION('',(0.,0.,-1.));
#1778 = ADVANCED_FACE('',(#1779),#1790,.T.);
#1779 = FACE_BOUND('',#1780,.F.);
#1780 = EDGE_LOOP('',(#1781,#1787,#1788,#1789));
#1781 = ORIENTED_EDGE('',*,*,#1782,.F.);
#1782 = EDGE_CURVE('',#1328,#1384,#1783,.T.);
#1783 = LINE('',#1784,#1785);
#1784 = CARTESIAN_POINT('',(62.,89.,82.));
#1785 = VECTOR('',#1786,1.);
#1786 = DIRECTION('',(0.,1.,0.));
#1787 = ORIENTED_EDGE('',*,*,#1327,.T.);
#1788 = ORIENTED_EDGE('',*,*,#1724,.T.);
#1789 = ORIENTED_EDGE('',*,*,#1391,.F.);
#1790 = PLANE('',#1791);
#1791 = AXIS2_PLACEMENT_3D('',#1792,#1793,#1794);
#1792 = CARTESIAN_POINT('',(62.,89.,82.));
#1793 = DIRECTION('',(0.,0.,1.));
#1794 = DIRECTION('',(1.,0.,0.));
#1795 = ADVANCED_FACE('',(#1796,#1802,#1813,#1824,#1835),#1846,.F.);
#1796 = FACE_BOUND('',#1797,.T.);
#1797 = EDGE_LOOP('',(#1798,#1799,#1800,#1801));
#1798 = ORIENTED_EDGE('',*,*,#1335,.F.);
#1799 = ORIENTED_EDGE('',*,*,#1537,.T.);
#1800 = ORIENTED_EDGE('',*,*,#1383,.T.);
#1801 = ORIENTED_EDGE('',*,*,#1782,.F.);
#1802 = FACE_BOUND('',#1803,.T.);
#1803 = EDGE_LOOP('',(#1804));
#1804 = ORIENTED_EDGE('',*,*,#1805,.T.);
#1805 = EDGE_CURVE('',#1806,#1806,#1808,.T.);
#1806 = VERTEX_POINT('',#1807);
#1807 = CARTESIAN_POINT('',(62.,134.5,66.2));
#1808 = CIRCLE('',#1809,1.8);
#1809 = AXIS2_PLACEMENT_3D('',#1810,#1811,#1812);
#1810 = CARTESIAN_POINT('',(62.,134.5,68.));
#1811 = DIRECTION('',(-1.,0.,0.));
#1812 = DIRECTION('',(-0.,-0.,-1.));
#1813 = FACE_BOUND('',#1814,.T.);
#1814 = EDGE_LOOP('',(#1815));
#1815 = ORIENTED_EDGE('',*,*,#1816,.T.);
#1816 = EDGE_CURVE('',#1817,#1817,#1819,.T.);
#1817 = VERTEX_POINT('',#1818);
#1818 = CARTESIAN_POINT('',(62.,134.5,74.2));
#1819 = CIRCLE('',#1820,1.8);
#1820 = AXIS2_PLACEMENT_3D('',#1821,#1822,#1823);
#1821 = CARTESIAN_POINT('',(62.,134.5,76.));
#1822 = DIRECTION('',(-1.,0.,0.));
#1823 = DIRECTION('',(-0.,-0.,-1.));
#1824 = FACE_BOUND('',#1825,.T.);
#1825 = EDGE_LOOP('',(#1826));
#1826 = ORIENTED_EDGE('',*,*,#1827,.T.);
#1827 = EDGE_CURVE('',#1828,#1828,#1830,.T.);
#1828 = VERTEX_POINT('',#1829);
#1829 = CARTESIAN_POINT('',(62.,95.,66.2));
#1830 = CIRCLE('',#1831,1.8);
#1831 = AXIS2_PLACEMENT_3D('',#1832,#1833,#1834);
#1832 = CARTESIAN_POINT('',(62.,95.,68.));
#1833 = DIRECTION('',(-1.,0.,0.));
#1834 = DIRECTION('',(-0.,-0.,-1.));
#1835 = FACE_BOUND('',#1836,.T.);
#1836 = EDGE_LOOP('',(#1837));
#1837 = ORIENTED_EDGE('',*,*,#1838,.T.);
#1838 = EDGE_CURVE('',#1839,#1839,#1841,.T.);
#1839 = VERTEX_POINT('',#1840);
#1840 = CARTESIAN_POINT('',(62.,95.,74.2));
#1841 = CIRCLE('',#1842,1.8);
#1842 = AXIS2_PLACEMENT_3D('',#1843,#1844,#1845);
#1843 = CARTESIAN_POINT('',(62.,95.,76.));
#1844 = DIRECTION('',(-1.,0.,0.));
#1845 = DIRECTION('',(-0.,-0.,-1.));
#1846 = PLANE('',#1847);
#1847 = AXIS2_PLACEMENT_3D('',#1848,#1849,#1850);
#1848 = CARTESIAN_POINT('',(62.,89.,62.));
#1849 = DIRECTION('',(-1.,-0.,-0.));
#1850 = DIRECTION('',(0.,0.,-1.));
#1851 = ADVANCED_FACE('',(#1852),#1871,.F.);
#1852 = FACE_BOUND('',#1853,.T.);
#1853 = EDGE_LOOP('',(#1854,#1862,#1869,#1870));
#1854 = ORIENTED_EDGE('',*,*,#1855,.T.);
#1855 = EDGE_CURVE('',#1491,#1856,#1858,.T.);
#1856 = VERTEX_POINT('',#1857);
#1857 = CARTESIAN_POINT('',(59.6,95.,58.));
#1858 = LINE('',#1859,#1860);
#1859 = CARTESIAN_POINT('',(59.6,95.,51.95));
#1860 = VECTOR('',#1861,1.);
#1861 = DIRECTION('',(0.,0.,1.));
#1862 = ORIENTED_EDGE('',*,*,#1863,.F.);
#1863 = EDGE_CURVE('',#1856,#1856,#1864,.T.);
#1864 = CIRCLE('',#1865,4.9);
#1865 = AXIS2_PLACEMENT_3D('',#1866,#1867,#1868);
#1866 = CARTESIAN_POINT('',(64.5,95.,58.));
#1867 = DIRECTION('',(0.,0.,-1.));
#1868 = DIRECTION('',(-1.,-0.,-0.));
#1869 = ORIENTED_EDGE('',*,*,#1855,.F.);
#1870 = ORIENTED_EDGE('',*,*,#1490,.T.);
#1871 = CYLINDRICAL_SURFACE('',#1872,4.9);
#1872 = AXIS2_PLACEMENT_3D('',#1873,#1874,#1875);
#1873 = CARTESIAN_POINT('',(64.5,95.,51.95));
#1874 = DIRECTION('',(0.,0.,1.));
#1875 = DIRECTION('',(-1.,-0.,-0.));
#1876 = ADVANCED_FACE('',(#1877),#1896,.F.);
#1877 = FACE_BOUND('',#1878,.T.);
#1878 = EDGE_LOOP('',(#1879,#1887,#1894,#1895));
#1879 = ORIENTED_EDGE('',*,*,#1880,.T.);
#1880 = EDGE_CURVE('',#1502,#1881,#1883,.T.);
#1881 = VERTEX_POINT('',#1882);
#1882 = CARTESIAN_POINT('',(62.8,120.,54.9));
#1883 = LINE('',#1884,#1885);
#1884 = CARTESIAN_POINT('',(62.8,120.,51.95));
#1885 = VECTOR('',#1886,1.);
#1886 = DIRECTION('',(0.,0.,1.));
#1887 = ORIENTED_EDGE('',*,*,#1888,.F.);
#1888 = EDGE_CURVE('',#1881,#1881,#1889,.T.);
#1889 = CIRCLE('',#1890,4.2);
#1890 = AXIS2_PLACEMENT_3D('',#1891,#1892,#1893);
#1891 = CARTESIAN_POINT('',(67.,120.,54.9));
#1892 = DIRECTION('',(0.,0.,-1.));
#1893 = DIRECTION('',(-1.,-0.,-0.));
#1894 = ORIENTED_EDGE('',*,*,#1880,.F.);
#1895 = ORIENTED_EDGE('',*,*,#1501,.T.);
#1896 = CYLINDRICAL_SURFACE('',#1897,4.2);
#1897 = AXIS2_PLACEMENT_3D('',#1898,#1899,#1900);
#1898 = CARTESIAN_POINT('',(67.,120.,51.95));
#1899 = DIRECTION('',(0.,0.,1.));
#1900 = DIRECTION('',(-1.,-0.,-0.));
#1901 = ADVANCED_FACE('',(#1902),#1921,.F.);
#1902 = FACE_BOUND('',#1903,.T.);
#1903 = EDGE_LOOP('',(#1904,#1912,#1919,#1920));
#1904 = ORIENTED_EDGE('',*,*,#1905,.T.);
#1905 = EDGE_CURVE('',#1513,#1906,#1908,.T.);
#1906 = VERTEX_POINT('',#1907);
#1907 = CARTESIAN_POINT('',(59.6,135.,58.));
#1908 = LINE('',#1909,#1910);
#1909 = CARTESIAN_POINT('',(59.6,135.,51.95));
#1910 = VECTOR('',#1911,1.);
#1911 = DIRECTION('',(0.,0.,1.));
#1912 = ORIENTED_EDGE('',*,*,#1913,.F.);
#1913 = EDGE_CURVE('',#1906,#1906,#1914,.T.);
#1914 = CIRCLE('',#1915,4.9);
#1915 = AXIS2_PLACEMENT_3D('',#1916,#1917,#1918);
#1916 = CARTESIAN_POINT('',(64.5,135.,58.));
#1917 = DIRECTION('',(0.,0.,-1.));
#1918 = DIRECTION('',(-1.,-0.,-0.));
#1919 = ORIENTED_EDGE('',*,*,#1905,.F.);
#1920 = ORIENTED_EDGE('',*,*,#1512,.T.);
#1921 = CYLINDRICAL_SURFACE('',#1922,4.9);
#1922 = AXIS2_PLACEMENT_3D('',#1923,#1924,#1925);
#1923 = CARTESIAN_POINT('',(64.5,135.,51.95));
#1924 = DIRECTION('',(0.,0.,1.));
#1925 = DIRECTION('',(-1.,-0.,-0.));
#1926 = ADVANCED_FACE('',(#1927),#1946,.F.);
#1927 = FACE_BOUND('',#1928,.T.);
#1928 = EDGE_LOOP('',(#1929,#1930,#1938,#1945));
#1929 = ORIENTED_EDGE('',*,*,#1545,.F.);
#1930 = ORIENTED_EDGE('',*,*,#1931,.F.);
#1931 = EDGE_CURVE('',#1932,#1546,#1934,.T.);
#1932 = VERTEX_POINT('',#1933);
#1933 = CARTESIAN_POINT('',(62.7,95.,58.));
#1934 = LINE('',#1935,#1936);
#1935 = CARTESIAN_POINT('',(62.7,95.,57.9));
#1936 = VECTOR('',#1937,1.);
#1937 = DIRECTION('',(0.,0.,1.));
#1938 = ORIENTED_EDGE('',*,*,#1939,.T.);
#1939 = EDGE_CURVE('',#1932,#1932,#1940,.T.);
#1940 = CIRCLE('',#1941,1.8);
#1941 = AXIS2_PLACEMENT_3D('',#1942,#1943,#1944);
#1942 = CARTESIAN_POINT('',(64.5,95.,58.));
#1943 = DIRECTION('',(0.,0.,-1.));
#1944 = DIRECTION('',(-1.,-0.,-0.));
#1945 = ORIENTED_EDGE('',*,*,#1931,.T.);
#1946 = CYLINDRICAL_SURFACE('',#1947,1.8);
#1947 = AXIS2_PLACEMENT_3D('',#1948,#1949,#1950);
#1948 = CARTESIAN_POINT('',(64.5,95.,57.9));
#1949 = DIRECTION('',(0.,0.,1.));
#1950 = DIRECTION('',(-1.,-0.,-0.));
#1951 = ADVANCED_FACE('',(#1952),#1977,.F.);
#1952 = FACE_BOUND('',#1953,.T.);
#1953 = EDGE_LOOP('',(#1954,#1955,#1963,#1971));
#1954 = ORIENTED_EDGE('',*,*,#1556,.F.);
#1955 = ORIENTED_EDGE('',*,*,#1956,.T.);
#1956 = EDGE_CURVE('',#1557,#1957,#1959,.T.);
#1957 = VERTEX_POINT('',#1958);
#1958 = CARTESIAN_POINT('',(69.,113.,64.));
#1959 = LINE('',#1960,#1961);
#1960 = CARTESIAN_POINT('',(69.,113.,62.));
#1961 = VECTOR('',#1962,1.);
#1962 = DIRECTION('',(0.,0.,1.));
#1963 = ORIENTED_EDGE('',*,*,#1964,.T.);
#1964 = EDGE_CURVE('',#1957,#1965,#1967,.T.);
#1965 = VERTEX_POINT('',#1966);
#1966 = CARTESIAN_POINT('',(65.,113.,64.));
#1967 = LINE('',#1968,#1969);
#1968 = CARTESIAN_POINT('',(69.,113.,64.));
#1969 = VECTOR('',#1970,1.);
#1970 = DIRECTION('',(-1.,-0.,-0.));
#1971 = ORIENTED_EDGE('',*,*,#1972,.F.);
#1972 = EDGE_CURVE('',#1559,#1965,#1973,.T.);
#1973 = LINE('',#1974,#1975);
#1974 = CARTESIAN_POINT('',(65.,113.,62.));
#1975 = VECTOR('',#1976,1.);
#1976 = DIRECTION('',(0.,0.,1.));
#1977 = PLANE('',#1978);
#1978 = AXIS2_PLACEMENT_3D('',#1979,#1980,#1981);
#1979 = CARTESIAN_POINT('',(69.,113.,62.));
#1980 = DIRECTION('',(0.,1.,0.));
#1981 = DIRECTION('',(0.,0.,-1.));
#1982 = ADVANCED_FACE('',(#1983),#2001,.F.);
#1983 = FACE_BOUND('',#1984,.T.);
#1984 = EDGE_LOOP('',(#1985,#1986,#1987,#1995));
#1985 = ORIENTED_EDGE('',*,*,#1956,.F.);
#1986 = ORIENTED_EDGE('',*,*,#1566,.T.);
#1987 = ORIENTED_EDGE('',*,*,#1988,.T.);
#1988 = EDGE_CURVE('',#1567,#1989,#1991,.T.);
#1989 = VERTEX_POINT('',#1990);
#1990 = CARTESIAN_POINT('',(69.,117.,64.));
#1991 = LINE('',#1992,#1993);
#1992 = CARTESIAN_POINT('',(69.,117.,62.));
#1993 = VECTOR('',#1994,1.);
#1994 = DIRECTION('',(0.,0.,1.));
#1995 = ORIENTED_EDGE('',*,*,#1996,.F.);
#1996 = EDGE_CURVE('',#1957,#1989,#1997,.T.);
#1997 = LINE('',#1998,#1999);
#1998 = CARTESIAN_POINT('',(69.,113.,64.));
#1999 = VECTOR('',#2000,1.);
#2000 = DIRECTION('',(0.,1.,0.));
#2001 = PLANE('',#2002);
#2002 = AXIS2_PLACEMENT_3D('',#2003,#2004,#2005);
#2003 = CARTESIAN_POINT('',(69.,113.,62.));
#2004 = DIRECTION('',(-1.,-0.,-0.));
#2005 = DIRECTION('',(0.,0.,-1.));
#2006 = ADVANCED_FACE('',(#2007),#2025,.T.);
#2007 = FACE_BOUND('',#2008,.F.);
#2008 = EDGE_LOOP('',(#2009,#2010,#2011,#2019));
#2009 = ORIENTED_EDGE('',*,*,#1972,.F.);
#2010 = ORIENTED_EDGE('',*,*,#1582,.T.);
#2011 = ORIENTED_EDGE('',*,*,#2012,.T.);
#2012 = EDGE_CURVE('',#1575,#2013,#2015,.T.);
#2013 = VERTEX_POINT('',#2014);
#2014 = CARTESIAN_POINT('',(65.,117.,64.));
#2015 = LINE('',#2016,#2017);
#2016 = CARTESIAN_POINT('',(65.,117.,62.));
#2017 = VECTOR('',#2018,1.);
#2018 = DIRECTION('',(0.,0.,1.));
#2019 = ORIENTED_EDGE('',*,*,#2020,.F.);
#2020 = EDGE_CURVE('',#1965,#2013,#2021,.T.);
#2021 = LINE('',#2022,#2023);
#2022 = CARTESIAN_POINT('',(65.,113.,64.));
#2023 = VECTOR('',#2024,1.);
#2024 = DIRECTION('',(0.,1.,0.));
#2025 = PLANE('',#2026);
#2026 = AXIS2_PLACEMENT_3D('',#2027,#2028,#2029);
#2027 = CARTESIAN_POINT('',(65.,113.,62.));
#2028 = DIRECTION('',(-1.,-0.,-0.));
#2029 = DIRECTION('',(0.,0.,-1.));
#2030 = ADVANCED_FACE('',(#2031),#2042,.T.);
#2031 = FACE_BOUND('',#2032,.F.);
#2032 = EDGE_LOOP('',(#2033,#2034,#2035,#2041));
#2033 = ORIENTED_EDGE('',*,*,#1574,.F.);
#2034 = ORIENTED_EDGE('',*,*,#1988,.T.);
#2035 = ORIENTED_EDGE('',*,*,#2036,.T.);
#2036 = EDGE_CURVE('',#1989,#2013,#2037,.T.);
#2037 = LINE('',#2038,#2039);
#2038 = CARTESIAN_POINT('',(69.,117.,64.));
#2039 = VECTOR('',#2040,1.);
#2040 = DIRECTION('',(-1.,-0.,-0.));
#2041 = ORIENTED_EDGE('',*,*,#2012,.F.);
#2042 = PLANE('',#2043);
#2043 = AXIS2_PLACEMENT_3D('',#2044,#2045,#2046);
#2044 = CARTESIAN_POINT('',(69.,117.,62.));
#2045 = DIRECTION('',(0.,1.,0.));
#2046 = DIRECTION('',(0.,0.,-1.));
#2047 = ADVANCED_FACE('',(#2048),#2067,.F.);
#2048 = FACE_BOUND('',#2049,.T.);
#2049 = EDGE_LOOP('',(#2050,#2051,#2059,#2066));
#2050 = ORIENTED_EDGE('',*,*,#1590,.F.);
#2051 = ORIENTED_EDGE('',*,*,#2052,.F.);
#2052 = EDGE_CURVE('',#2053,#1591,#2055,.T.);
#2053 = VERTEX_POINT('',#2054);
#2054 = CARTESIAN_POINT('',(62.7,135.,58.));
#2055 = LINE('',#2056,#2057);
#2056 = CARTESIAN_POINT('',(62.7,135.,57.9));
#2057 = VECTOR('',#2058,1.);
#2058 = DIRECTION('',(0.,0.,1.));
#2059 = ORIENTED_EDGE('',*,*,#2060,.T.);
#2060 = EDGE_CURVE('',#2053,#2053,#2061,.T.);
#2061 = CIRCLE('',#2062,1.8);
#2062 = AXIS2_PLACEMENT_3D('',#2063,#2064,#2065);
#2063 = CARTESIAN_POINT('',(64.5,135.,58.));
#2064 = DIRECTION('',(0.,0.,-1.));
#2065 = DIRECTION('',(-1.,-0.,-0.));
#2066 = ORIENTED_EDGE('',*,*,#2052,.T.);
#2067 = CYLINDRICAL_SURFACE('',#2068,1.8);
#2068 = AXIS2_PLACEMENT_3D('',#2069,#2070,#2071);
#2069 = CARTESIAN_POINT('',(64.5,135.,57.9));
#2070 = DIRECTION('',(0.,0.,1.));
#2071 = DIRECTION('',(-1.,-0.,-0.));
#2072 = ADVANCED_FACE('',(#2073),#2092,.F.);
#2073 = FACE_BOUND('',#2074,.T.);
#2074 = EDGE_LOOP('',(#2075,#2083,#2090,#2091));
#2075 = ORIENTED_EDGE('',*,*,#2076,.T.);
#2076 = EDGE_CURVE('',#1733,#2077,#2079,.T.);
#2077 = VERTEX_POINT('',#2078);
#2078 = CARTESIAN_POINT('',(59.49,134.5,65.));
#2079 = LINE('',#2080,#2081);
#2080 = CARTESIAN_POINT('',(55.99,134.5,65.));
#2081 = VECTOR('',#2082,1.);
#2082 = DIRECTION('',(1.,0.,0.));
#2083 = ORIENTED_EDGE('',*,*,#2084,.F.);
#2084 = EDGE_CURVE('',#2077,#2077,#2085,.T.);
#2085 = CIRCLE('',#2086,3.);
#2086 = AXIS2_PLACEMENT_3D('',#2087,#2088,#2089);
#2087 = CARTESIAN_POINT('',(59.49,134.5,68.));
#2088 = DIRECTION('',(-1.,0.,0.));
#2089 = DIRECTION('',(-0.,-0.,-1.));
#2090 = ORIENTED_EDGE('',*,*,#2076,.F.);
#2091 = ORIENTED_EDGE('',*,*,#1732,.T.);
#2092 = CYLINDRICAL_SURFACE('',#2093,3.);
#2093 = AXIS2_PLACEMENT_3D('',#2094,#2095,#2096);
#2094 = CARTESIAN_POINT('',(55.99,134.5,68.));
#2095 = DIRECTION('',(1.,0.,0.));
#2096 = DIRECTION('',(-0.,-0.,-1.));
#2097 = ADVANCED_FACE('',(#2098),#2117,.F.);
#2098 = FACE_BOUND('',#2099,.T.);
#2099 = EDGE_LOOP('',(#2100,#2108,#2115,#2116));
#2100 = ORIENTED_EDGE('',*,*,#2101,.T.);
#2101 = EDGE_CURVE('',#1744,#2102,#2104,.T.);
#2102 = VERTEX_POINT('',#2103);
#2103 = CARTESIAN_POINT('',(59.49,134.5,73.));
#2104 = LINE('',#2105,#2106);
#2105 = CARTESIAN_POINT('',(55.99,134.5,73.));
#2106 = VECTOR('',#2107,1.);
#2107 = DIRECTION('',(1.,0.,0.));
#2108 = ORIENTED_EDGE('',*,*,#2109,.F.);
#2109 = EDGE_CURVE('',#2102,#2102,#2110,.T.);
#2110 = CIRCLE('',#2111,3.);
#2111 = AXIS2_PLACEMENT_3D('',#2112,#2113,#2114);
#2112 = CARTESIAN_POINT('',(59.49,134.5,76.));
#2113 = DIRECTION('',(-1.,0.,0.));
#2114 = DIRECTION('',(-0.,-0.,-1.));
#2115 = ORIENTED_EDGE('',*,*,#2101,.F.);
#2116 = ORIENTED_EDGE('',*,*,#1743,.T.);
#2117 = CYLINDRICAL_SURFACE('',#2118,3.);
#2118 = AXIS2_PLACEMENT_3D('',#2119,#2120,#2121);
#2119 = CARTESIAN_POINT('',(55.99,134.5,76.));
#2120 = DIRECTION('',(1.,0.,0.));
#2121 = DIRECTION('',(-0.,-0.,-1.));
#2122 = ADVANCED_FACE('',(#2123),#2142,.F.);
#2123 = FACE_BOUND('',#2124,.T.);
#2124 = EDGE_LOOP('',(#2125,#2133,#2140,#2141));
#2125 = ORIENTED_EDGE('',*,*,#2126,.T.);
#2126 = EDGE_CURVE('',#1755,#2127,#2129,.T.);
#2127 = VERTEX_POINT('',#2128);
#2128 = CARTESIAN_POINT('',(59.49,95.,65.));
#2129 = LINE('',#2130,#2131);
#2130 = CARTESIAN_POINT('',(55.99,95.,65.));
#2131 = VECTOR('',#2132,1.);
#2132 = DIRECTION('',(1.,0.,0.));
#2133 = ORIENTED_EDGE('',*,*,#2134,.F.);
#2134 = EDGE_CURVE('',#2127,#2127,#2135,.T.);
#2135 = CIRCLE('',#2136,3.);
#2136 = AXIS2_PLACEMENT_3D('',#2137,#2138,#2139);
#2137 = CARTESIAN_POINT('',(59.49,95.,68.));
#2138 = DIRECTION('',(-1.,0.,0.));
#2139 = DIRECTION('',(-0.,-0.,-1.));
#2140 = ORIENTED_EDGE('',*,*,#2126,.F.);
#2141 = ORIENTED_EDGE('',*,*,#1754,.T.);
#2142 = CYLINDRICAL_SURFACE('',#2143,3.);
#2143 = AXIS2_PLACEMENT_3D('',#2144,#2145,#2146);
#2144 = CARTESIAN_POINT('',(55.99,95.,68.));
#2145 = DIRECTION('',(1.,0.,0.));
#2146 = DIRECTION('',(-0.,-0.,-1.));
#2147 = ADVANCED_FACE('',(#2148),#2167,.F.);
#2148 = FACE_BOUND('',#2149,.T.);
#2149 = EDGE_LOOP('',(#2150,#2158,#2165,#2166));
#2150 = ORIENTED_EDGE('',*,*,#2151,.T.);
#2151 = EDGE_CURVE('',#1766,#2152,#2154,.T.);
#2152 = VERTEX_POINT('',#2153);
#2153 = CARTESIAN_POINT('',(59.49,95.,73.));
#2154 = LINE('',#2155,#2156);
#2155 = CARTESIAN_POINT('',(55.99,95.,73.));
#2156 = VECTOR('',#2157,1.);
#2157 = DIRECTION('',(1.,0.,0.));
#2158 = ORIENTED_EDGE('',*,*,#2159,.F.);
#2159 = EDGE_CURVE('',#2152,#2152,#2160,.T.);
#2160 = CIRCLE('',#2161,3.);
#2161 = AXIS2_PLACEMENT_3D('',#2162,#2163,#2164);
#2162 = CARTESIAN_POINT('',(59.49,95.,76.));
#2163 = DIRECTION('',(-1.,0.,0.));
#2164 = DIRECTION('',(-0.,-0.,-1.));
#2165 = ORIENTED_EDGE('',*,*,#2151,.F.);
#2166 = ORIENTED_EDGE('',*,*,#1765,.T.);
#2167 = CYLINDRICAL_SURFACE('',#2168,3.);
#2168 = AXIS2_PLACEMENT_3D('',#2169,#2170,#2171);
#2169 = CARTESIAN_POINT('',(55.99,95.,76.));
#2170 = DIRECTION('',(1.,0.,0.));
#2171 = DIRECTION('',(-0.,-0.,-1.));
#2172 = ADVANCED_FACE('',(#2173),#2192,.F.);
#2173 = FACE_BOUND('',#2174,.T.);
#2174 = EDGE_LOOP('',(#2175,#2183,#2184,#2185));
#2175 = ORIENTED_EDGE('',*,*,#2176,.T.);
#2176 = EDGE_CURVE('',#2177,#1806,#2179,.T.);
#2177 = VERTEX_POINT('',#2178);
#2178 = CARTESIAN_POINT('',(59.49,134.5,66.2));
#2179 = LINE('',#2180,#2181);
#2180 = CARTESIAN_POINT('',(55.8,134.5,66.2));
#2181 = VECTOR('',#2182,1.);
#2182 = DIRECTION('',(1.,0.,0.));
#2183 = ORIENTED_EDGE('',*,*,#1805,.F.);
#2184 = ORIENTED_EDGE('',*,*,#2176,.F.);
#2185 = ORIENTED_EDGE('',*,*,#2186,.T.);
#2186 = EDGE_CURVE('',#2177,#2177,#2187,.T.);
#2187 = CIRCLE('',#2188,1.8);
#2188 = AXIS2_PLACEMENT_3D('',#2189,#2190,#2191);
#2189 = CARTESIAN_POINT('',(59.49,134.5,68.));
#2190 = DIRECTION('',(-1.,0.,0.));
#2191 = DIRECTION('',(-0.,-0.,-1.));
#2192 = CYLINDRICAL_SURFACE('',#2193,1.8);
#2193 = AXIS2_PLACEMENT_3D('',#2194,#2195,#2196);
#2194 = CARTESIAN_POINT('',(55.8,134.5,68.));
#2195 = DIRECTION('',(1.,0.,0.));
#2196 = DIRECTION('',(-0.,-0.,-1.));
#2197 = ADVANCED_FACE('',(#2198),#2217,.F.);
#2198 = FACE_BOUND('',#2199,.T.);
#2199 = EDGE_LOOP('',(#2200,#2208,#2209,#2210));
#2200 = ORIENTED_EDGE('',*,*,#2201,.T.);
#2201 = EDGE_CURVE('',#2202,#1817,#2204,.T.);
#2202 = VERTEX_POINT('',#2203);
#2203 = CARTESIAN_POINT('',(59.49,134.5,74.2));
#2204 = LINE('',#2205,#2206);
#2205 = CARTESIAN_POINT('',(55.8,134.5,74.2));
#2206 = VECTOR('',#2207,1.);
#2207 = DIRECTION('',(1.,0.,0.));
#2208 = ORIENTED_EDGE('',*,*,#1816,.F.);
#2209 = ORIENTED_EDGE('',*,*,#2201,.F.);
#2210 = ORIENTED_EDGE('',*,*,#2211,.T.);
#2211 = EDGE_CURVE('',#2202,#2202,#2212,.T.);
#2212 = CIRCLE('',#2213,1.8);
#2213 = AXIS2_PLACEMENT_3D('',#2214,#2215,#2216);
#2214 = CARTESIAN_POINT('',(59.49,134.5,76.));
#2215 = DIRECTION('',(-1.,0.,0.));
#2216 = DIRECTION('',(-0.,-0.,-1.));
#2217 = CYLINDRICAL_SURFACE('',#2218,1.8);
#2218 = AXIS2_PLACEMENT_3D('',#2219,#2220,#2221);
#2219 = CARTESIAN_POINT('',(55.8,134.5,76.));
#2220 = DIRECTION('',(1.,0.,0.));
#2221 = DIRECTION('',(-0.,-0.,-1.));
#2222 = ADVANCED_FACE('',(#2223),#2242,.F.);
#2223 = FACE_BOUND('',#2224,.T.);
#2224 = EDGE_LOOP('',(#2225,#2233,#2234,#2235));
#2225 = ORIENTED_EDGE('',*,*,#2226,.T.);
#2226 = EDGE_CURVE('',#2227,#1828,#2229,.T.);
#2227 = VERTEX_POINT('',#2228);
#2228 = CARTESIAN_POINT('',(59.49,95.,66.2));
#2229 = LINE('',#2230,#2231);
#2230 = CARTESIAN_POINT('',(55.8,95.,66.2));
#2231 = VECTOR('',#2232,1.);
#2232 = DIRECTION('',(1.,0.,0.));
#2233 = ORIENTED_EDGE('',*,*,#1827,.F.);
#2234 = ORIENTED_EDGE('',*,*,#2226,.F.);
#2235 = ORIENTED_EDGE('',*,*,#2236,.T.);
#2236 = EDGE_CURVE('',#2227,#2227,#2237,.T.);
#2237 = CIRCLE('',#2238,1.8);
#2238 = AXIS2_PLACEMENT_3D('',#2239,#2240,#2241);
#2239 = CARTESIAN_POINT('',(59.49,95.,68.));
#2240 = DIRECTION('',(-1.,0.,0.));
#2241 = DIRECTION('',(-0.,-0.,-1.));
#2242 = CYLINDRICAL_SURFACE('',#2243,1.8);
#2243 = AXIS2_PLACEMENT_3D('',#2244,#2245,#2246);
#2244 = CARTESIAN_POINT('',(55.8,95.,68.));
#2245 = DIRECTION('',(1.,0.,0.));
#2246 = DIRECTION('',(-0.,-0.,-1.));
#2247 = ADVANCED_FACE('',(#2248),#2267,.F.);
#2248 = FACE_BOUND('',#2249,.T.);
#2249 = EDGE_LOOP('',(#2250,#2258,#2259,#2260));
#2250 = ORIENTED_EDGE('',*,*,#2251,.T.);
#2251 = EDGE_CURVE('',#2252,#1839,#2254,.T.);
#2252 = VERTEX_POINT('',#2253);
#2253 = CARTESIAN_POINT('',(59.49,95.,74.2));
#2254 = LINE('',#2255,#2256);
#2255 = CARTESIAN_POINT('',(55.8,95.,74.2));
#2256 = VECTOR('',#2257,1.);
#2257 = DIRECTION('',(1.,0.,0.));
#2258 = ORIENTED_EDGE('',*,*,#1838,.F.);
#2259 = ORIENTED_EDGE('',*,*,#2251,.F.);
#2260 = ORIENTED_EDGE('',*,*,#2261,.T.);
#2261 = EDGE_CURVE('',#2252,#2252,#2262,.T.);
#2262 = CIRCLE('',#2263,1.8);
#2263 = AXIS2_PLACEMENT_3D('',#2264,#2265,#2266);
#2264 = CARTESIAN_POINT('',(59.49,95.,76.));
#2265 = DIRECTION('',(-1.,0.,0.));
#2266 = DIRECTION('',(-0.,-0.,-1.));
#2267 = CYLINDRICAL_SURFACE('',#2268,1.8);
#2268 = AXIS2_PLACEMENT_3D('',#2269,#2270,#2271);
#2269 = CARTESIAN_POINT('',(55.8,95.,76.));
#2270 = DIRECTION('',(1.,0.,0.));
#2271 = DIRECTION('',(-0.,-0.,-1.));
#2272 = ADVANCED_FACE('',(#2273,#2276),#2279,.F.);
#2273 = FACE_BOUND('',#2274,.T.);
#2274 = EDGE_LOOP('',(#2275));
#2275 = ORIENTED_EDGE('',*,*,#1863,.T.);
#2276 = FACE_BOUND('',#2277,.T.);
#2277 = EDGE_LOOP('',(#2278));
#2278 = ORIENTED_EDGE('',*,*,#1939,.F.);
#2279 = PLANE('',#2280);
#2280 = AXIS2_PLACEMENT_3D('',#2281,#2282,#2283);
#2281 = CARTESIAN_POINT('',(64.5,95.,58.));
#2282 = DIRECTION('',(0.,0.,1.));
#2283 = DIRECTION('',(1.,0.,0.));
#2284 = ADVANCED_FACE('',(#2285),#2288,.F.);
#2285 = FACE_BOUND('',#2286,.T.);
#2286 = EDGE_LOOP('',(#2287));
#2287 = ORIENTED_EDGE('',*,*,#1888,.T.);
#2288 = PLANE('',#2289);
#2289 = AXIS2_PLACEMENT_3D('',#2290,#2291,#2292);
#2290 = CARTESIAN_POINT('',(67.,120.,54.9));
#2291 = DIRECTION('',(0.,0.,1.));
#2292 = DIRECTION('',(1.,0.,0.));
#2293 = ADVANCED_FACE('',(#2294,#2297),#2300,.F.);
#2294 = FACE_BOUND('',#2295,.T.);
#2295 = EDGE_LOOP('',(#2296));
#2296 = ORIENTED_EDGE('',*,*,#1913,.T.);
#2297 = FACE_BOUND('',#2298,.T.);
#2298 = EDGE_LOOP('',(#2299));
#2299 = ORIENTED_EDGE('',*,*,#2060,.F.);
#2300 = PLANE('',#2301);
#2301 = AXIS2_PLACEMENT_3D('',#2302,#2303,#2304);
#2302 = CARTESIAN_POINT('',(64.5,135.,58.));
#2303 = DIRECTION('',(0.,0.,1.));
#2304 = DIRECTION('',(1.,0.,0.));
#2305 = ADVANCED_FACE('',(#2306),#2312,.T.);
#2306 = FACE_BOUND('',#2307,.F.);
#2307 = EDGE_LOOP('',(#2308,#2309,#2310,#2311));
#2308 = ORIENTED_EDGE('',*,*,#1996,.F.);
#2309 = ORIENTED_EDGE('',*,*,#1964,.T.);
#2310 = ORIENTED_EDGE('',*,*,#2020,.T.);
#2311 = ORIENTED_EDGE('',*,*,#2036,.F.);
#2312 = PLANE('',#2313);
#2313 = AXIS2_PLACEMENT_3D('',#2314,#2315,#2316);
#2314 = CARTESIAN_POINT('',(69.,113.,64.));
#2315 = DIRECTION('',(0.,0.,1.));
#2316 = DIRECTION('',(1.,0.,0.));
#2317 = ADVANCED_FACE('',(#2318,#2321),#2324,.F.);
#2318 = FACE_BOUND('',#2319,.T.);
#2319 = EDGE_LOOP('',(#2320));
#2320 = ORIENTED_EDGE('',*,*,#2084,.T.);
#2321 = FACE_BOUND('',#2322,.T.);
#2322 = EDGE_LOOP('',(#2323));
#2323 = ORIENTED_EDGE('',*,*,#2186,.F.);
#2324 = PLANE('',#2325);
#2325 = AXIS2_PLACEMENT_3D('',#2326,#2327,#2328);
#2326 = CARTESIAN_POINT('',(59.49,134.5,68.));
#2327 = DIRECTION('',(1.,0.,0.));
#2328 = DIRECTION('',(0.,0.,1.));
#2329 = ADVANCED_FACE('',(#2330,#2333),#2336,.F.);
#2330 = FACE_BOUND('',#2331,.T.);
#2331 = EDGE_LOOP('',(#2332));
#2332 = ORIENTED_EDGE('',*,*,#2109,.T.);
#2333 = FACE_BOUND('',#2334,.T.);
#2334 = EDGE_LOOP('',(#2335));
#2335 = ORIENTED_EDGE('',*,*,#2211,.F.);
#2336 = PLANE('',#2337);
#2337 = AXIS2_PLACEMENT_3D('',#2338,#2339,#2340);
#2338 = CARTESIAN_POINT('',(59.49,134.5,76.));
#2339 = DIRECTION('',(1.,0.,0.));
#2340 = DIRECTION('',(0.,0.,1.));
#2341 = ADVANCED_FACE('',(#2342,#2345),#2348,.F.);
#2342 = FACE_BOUND('',#2343,.T.);
#2343 = EDGE_LOOP('',(#2344));
#2344 = ORIENTED_EDGE('',*,*,#2134,.T.);
#2345 = FACE_BOUND('',#2346,.T.);
#2346 = EDGE_LOOP('',(#2347));
#2347 = ORIENTED_EDGE('',*,*,#2236,.F.);
#2348 = PLANE('',#2349);
#2349 = AXIS2_PLACEMENT_3D('',#2350,#2351,#2352);
#2350 = CARTESIAN_POINT('',(59.49,95.,68.));
#2351 = DIRECTION('',(1.,0.,0.));
#2352 = DIRECTION('',(0.,0.,1.));
#2353 = ADVANCED_FACE('',(#2354,#2357),#2360,.F.);
#2354 = FACE_BOUND('',#2355,.T.);
#2355 = EDGE_LOOP('',(#2356));
#2356 = ORIENTED_EDGE('',*,*,#2159,.T.);
#2357 = FACE_BOUND('',#2358,.T.);
#2358 = EDGE_LOOP('',(#2359));
#2359 = ORIENTED_EDGE('',*,*,#2261,.F.);
#2360 = PLANE('',#2361);
#2361 = AXIS2_PLACEMENT_3D('',#2362,#2363,#2364);
#2362 = CARTESIAN_POINT('',(59.49,95.,76.));
#2363 = DIRECTION('',(1.,0.,0.));
#2364 = DIRECTION('',(0.,0.,1.));
#2365 = MANIFOLD_SOLID_BREP('',#2366);
#2366 = CLOSED_SHELL('',(#2367,#2521,#2584,#2653,#2699,#2723,#2747,#2845
    ,#2862,#2889,#2948,#3098,#3156,#3180,#3204,#3228,#3252,#3276,#3293,
    #3309,#3326,#3337,#3391,#3434,#3496,#3521,#3546,#3565,#3582,#3609,
    #3636,#3669,#3702,#3718,#3758,#3804,#3827,#3881,#3906,#3931,#3956,
    #3981,#4012,#4036,#4060,#4077,#4107,#4123,#4133,#4158,#4174,#4185,
    #4194,#4203,#4231,#4242,#4288,#4316,#4325,#4334,#4343,#4352,#4364,
    #4461,#4472,#4569,#4586,#4614,#4624,#4641,#4669,#4679,#4802,#4925,
    #4942,#4952,#4969));
#2367 = ADVANCED_FACE('',(#2368),#2516,.T.);
#2368 = FACE_BOUND('',#2369,.T.);
#2369 = EDGE_LOOP('',(#2370,#2380,#2388,#2396,#2404,#2412,#2420,#2428,
    #2436,#2444,#2452,#2461,#2470,#2478,#2486,#2494,#2502,#2510));
#2370 = ORIENTED_EDGE('',*,*,#2371,.T.);
#2371 = EDGE_CURVE('',#2372,#2374,#2376,.T.);
#2372 = VERTEX_POINT('',#2373);
#2373 = CARTESIAN_POINT('',(0.,89.,52.));
#2374 = VERTEX_POINT('',#2375);
#2375 = CARTESIAN_POINT('',(0.,89.,62.));
#2376 = LINE('',#2377,#2378);
#2377 = CARTESIAN_POINT('',(0.,89.,52.));
#2378 = VECTOR('',#2379,1.);
#2379 = DIRECTION('',(0.,0.,1.));
#2380 = ORIENTED_EDGE('',*,*,#2381,.T.);
#2381 = EDGE_CURVE('',#2374,#2382,#2384,.T.);
#2382 = VERTEX_POINT('',#2383);
#2383 = CARTESIAN_POINT('',(0.333333333333,89.,62.));
#2384 = LINE('',#2385,#2386);
#2385 = CARTESIAN_POINT('',(0.,89.,62.));
#2386 = VECTOR('',#2387,1.);
#2387 = DIRECTION('',(1.,0.,0.));
#2388 = ORIENTED_EDGE('',*,*,#2389,.F.);
#2389 = EDGE_CURVE('',#2390,#2382,#2392,.T.);
#2390 = VERTEX_POINT('',#2391);
#2391 = CARTESIAN_POINT('',(1.8,89.,63.1));
#2392 = LINE('',#2393,#2394);
#2393 = CARTESIAN_POINT('',(3.274768480169,89.,64.206076360127));
#2394 = VECTOR('',#2395,1.);
#2395 = DIRECTION('',(-0.8,0.,-0.6));
#2396 = ORIENTED_EDGE('',*,*,#2397,.F.);
#2397 = EDGE_CURVE('',#2398,#2390,#2400,.T.);
#2398 = VERTEX_POINT('',#2399);
#2399 = CARTESIAN_POINT('',(1.8,89.,66.3));
#2400 = LINE('',#2401,#2402);
#2401 = CARTESIAN_POINT('',(1.8,89.,66.520870889063));
#2402 = VECTOR('',#2403,1.);
#2403 = DIRECTION('',(0.,0.,-1.));
#2404 = ORIENTED_EDGE('',*,*,#2405,.F.);
#2405 = EDGE_CURVE('',#2406,#2398,#2408,.T.);
#2406 = VERTEX_POINT('',#2407);
#2407 = CARTESIAN_POINT('',(6.2,89.,66.3));
#2408 = LINE('',#2409,#2410);
#2409 = CARTESIAN_POINT('',(4.938672583467,89.,66.3));
#2410 = VECTOR('',#2411,1.);
#2411 = DIRECTION('',(-1.,0.,0.));
#2412 = ORIENTED_EDGE('',*,*,#2413,.F.);
#2413 = EDGE_CURVE('',#2414,#2406,#2416,.T.);
#2414 = VERTEX_POINT('',#2415);
#2415 = CARTESIAN_POINT('',(6.2,89.,63.1));
#2416 = LINE('',#2417,#2418);
#2417 = CARTESIAN_POINT('',(6.2,89.,64.920870889063));
#2418 = VECTOR('',#2419,1.);
#2419 = DIRECTION('',(0.,0.,1.));
#2420 = ORIENTED_EDGE('',*,*,#2421,.F.);
#2421 = EDGE_CURVE('',#2422,#2414,#2424,.T.);
#2422 = VERTEX_POINT('',#2423);
#2423 = CARTESIAN_POINT('',(7.666666666667,89.,62.));
#2424 = LINE('',#2425,#2426);
#2425 = CARTESIAN_POINT('',(5.318732426669,89.,63.760950679998));
#2426 = VECTOR('',#2427,1.);
#2427 = DIRECTION('',(-0.8,0.,0.6));
#2428 = ORIENTED_EDGE('',*,*,#2429,.T.);
#2429 = EDGE_CURVE('',#2422,#2430,#2432,.T.);
#2430 = VERTEX_POINT('',#2431);
#2431 = CARTESIAN_POINT('',(17.,89.,62.));
#2432 = LINE('',#2433,#2434);
#2433 = CARTESIAN_POINT('',(0.,89.,62.));
#2434 = VECTOR('',#2435,1.);
#2435 = DIRECTION('',(1.,0.,0.));
#2436 = ORIENTED_EDGE('',*,*,#2437,.T.);
#2437 = EDGE_CURVE('',#2430,#2438,#2440,.T.);
#2438 = VERTEX_POINT('',#2439);
#2439 = CARTESIAN_POINT('',(17.,89.,79.301515190165));
#2440 = LINE('',#2441,#2442);
#2441 = CARTESIAN_POINT('',(17.,89.,62.));
#2442 = VECTOR('',#2443,1.);
#2443 = DIRECTION('',(0.,0.,1.));
#2444 = ORIENTED_EDGE('',*,*,#2445,.T.);
#2445 = EDGE_CURVE('',#2438,#2446,#2448,.T.);
#2446 = VERTEX_POINT('',#2447);
#2447 = CARTESIAN_POINT('',(15.601397897755,89.,77.90291308792));
#2448 = LINE('',#2449,#2450);
#2449 = CARTESIAN_POINT('',(11.150722068032,89.,73.452237258197));
#2450 = VECTOR('',#2451,1.);
#2451 = DIRECTION('',(-0.707106781187,0.,-0.707106781187));
#2452 = ORIENTED_EDGE('',*,*,#2453,.T.);
#2453 = EDGE_CURVE('',#2446,#2454,#2456,.T.);
#2454 = VERTEX_POINT('',#2455);
#2455 = CARTESIAN_POINT('',(15.904429268323,89.,82.));
#2456 = HYPERBOLA('',#2457,12.,6.);
#2457 = AXIS2_PLACEMENT_3D('',#2458,#2459,#2460);
#2458 = CARTESIAN_POINT('',(8.176776695297,89.,91.691495321058));
#2459 = DIRECTION('',(0.,-1.,0.));
#2460 = DIRECTION('',(0.707106781187,0.,-0.707106781187));
#2461 = ORIENTED_EDGE('',*,*,#2462,.T.);
#2462 = EDGE_CURVE('',#2454,#2463,#2465,.T.);
#2463 = VERTEX_POINT('',#2464);
#2464 = CARTESIAN_POINT('',(17.,89.,83.497551661561));
#2465 = HYPERBOLA('',#2466,12.,6.);
#2466 = AXIS2_PLACEMENT_3D('',#2467,#2468,#2469);
#2467 = CARTESIAN_POINT('',(8.176776695297,89.,91.691495321058));
#2468 = DIRECTION('',(0.,-1.,0.));
#2469 = DIRECTION('',(0.707106781187,0.,-0.707106781187));
#2470 = ORIENTED_EDGE('',*,*,#2471,.T.);
#2471 = EDGE_CURVE('',#2463,#2472,#2474,.T.);
#2472 = VERTEX_POINT('',#2473);
#2473 = CARTESIAN_POINT('',(17.,89.,87.786796564404));
#2474 = LINE('',#2475,#2476);
#2475 = CARTESIAN_POINT('',(17.,89.,62.));
#2476 = VECTOR('',#2477,1.);
#2477 = DIRECTION('',(0.,0.,1.));
#2478 = ORIENTED_EDGE('',*,*,#2479,.T.);
#2479 = EDGE_CURVE('',#2472,#2480,#2482,.T.);
#2480 = VERTEX_POINT('',#2481);
#2481 = CARTESIAN_POINT('',(11.213203435596,89.,82.));
#2482 = LINE('',#2483,#2484);
#2483 = CARTESIAN_POINT('',(17.,89.,87.786796564404));
#2484 = VECTOR('',#2485,1.);
#2485 = DIRECTION('',(-0.707106781187,0.,-0.707106781187));
#2486 = ORIENTED_EDGE('',*,*,#2487,.F.);
#2487 = EDGE_CURVE('',#2488,#2480,#2490,.T.);
#2488 = VERTEX_POINT('',#2489);
#2489 = CARTESIAN_POINT('',(8.,89.,82.));
#2490 = LINE('',#2491,#2492);
#2491 = CARTESIAN_POINT('',(8.,89.,82.));
#2492 = VECTOR('',#2493,1.);
#2493 = DIRECTION('',(1.,0.,0.));
#2494 = ORIENTED_EDGE('',*,*,#2495,.F.);
#2495 = EDGE_CURVE('',#2496,#2488,#2498,.T.);
#2496 = VERTEX_POINT('',#2497);
#2497 = CARTESIAN_POINT('',(8.,89.,78.786796564404));
#2498 = LINE('',#2499,#2500);
#2499 = CARTESIAN_POINT('',(8.,89.,62.));
#2500 = VECTOR('',#2501,1.);
#2501 = DIRECTION('',(0.,0.,1.));
#2502 = ORIENTED_EDGE('',*,*,#2503,.T.);
#2503 = EDGE_CURVE('',#2496,#2504,#2506,.T.);
#2504 = VERTEX_POINT('',#2505);
#2505 = CARTESIAN_POINT('',(-18.7867965644,89.,52.));
#2506 = LINE('',#2507,#2508);
#2507 = CARTESIAN_POINT('',(17.,89.,87.786796564404));
#2508 = VECTOR('',#2509,1.);
#2509 = DIRECTION('',(-0.707106781187,0.,-0.707106781187));
#2510 = ORIENTED_EDGE('',*,*,#2511,.T.);
#2511 = EDGE_CURVE('',#2504,#2372,#2512,.T.);
#2512 = LINE('',#2513,#2514);
#2513 = CARTESIAN_POINT('',(-18.7867965644,89.,52.));
#2514 = VECTOR('',#2515,1.);
#2515 = DIRECTION('',(1.,0.,0.));
#2516 = PLANE('',#2517);
#2517 = AXIS2_PLACEMENT_3D('',#2518,#2519,#2520);
#2518 = CARTESIAN_POINT('',(3.677345166934,89.,66.741741778126));
#2519 = DIRECTION('',(-0.,-1.,-0.));
#2520 = DIRECTION('',(0.,0.,-1.));
#2521 = ADVANCED_FACE('',(#2522),#2579,.T.);
#2522 = FACE_BOUND('',#2523,.T.);
#2523 = EDGE_LOOP('',(#2524,#2525,#2533,#2541,#2549,#2557,#2565,#2573));
#2524 = ORIENTED_EDGE('',*,*,#2371,.F.);
#2525 = ORIENTED_EDGE('',*,*,#2526,.T.);
#2526 = EDGE_CURVE('',#2372,#2527,#2529,.T.);
#2527 = VERTEX_POINT('',#2528);
#2528 = CARTESIAN_POINT('',(0.,98.,52.));
#2529 = LINE('',#2530,#2531);
#2530 = CARTESIAN_POINT('',(0.,89.,52.));
#2531 = VECTOR('',#2532,1.);
#2532 = DIRECTION('',(0.,1.,0.));
#2533 = ORIENTED_EDGE('',*,*,#2534,.T.);
#2534 = EDGE_CURVE('',#2527,#2535,#2537,.T.);
#2535 = VERTEX_POINT('',#2536);
#2536 = CARTESIAN_POINT('',(0.,98.,52.402020253553));
#2537 = LINE('',#2538,#2539);
#2538 = CARTESIAN_POINT('',(0.,98.,52.));
#2539 = VECTOR('',#2540,1.);
#2540 = DIRECTION('',(0.,0.,1.));
#2541 = ORIENTED_EDGE('',*,*,#2542,.T.);
#2542 = EDGE_CURVE('',#2535,#2543,#2545,.T.);
#2543 = VERTEX_POINT('',#2544);
#2544 = CARTESIAN_POINT('',(0.,131.5,52.402020253553));
#2545 = LINE('',#2546,#2547);
#2546 = CARTESIAN_POINT('',(0.,101.875,52.402020253553));
#2547 = VECTOR('',#2548,1.);
#2548 = DIRECTION('',(0.,1.,0.));
#2549 = ORIENTED_EDGE('',*,*,#2550,.F.);
#2550 = EDGE_CURVE('',#2551,#2543,#2553,.T.);
#2551 = VERTEX_POINT('',#2552);
#2552 = CARTESIAN_POINT('',(0.,131.5,52.));
#2553 = LINE('',#2554,#2555);
#2554 = CARTESIAN_POINT('',(0.,131.5,52.));
#2555 = VECTOR('',#2556,1.);
#2556 = DIRECTION('',(0.,0.,1.));
#2557 = ORIENTED_EDGE('',*,*,#2558,.T.);
#2558 = EDGE_CURVE('',#2551,#2559,#2561,.T.);
#2559 = VERTEX_POINT('',#2560);
#2560 = CARTESIAN_POINT('',(0.,140.5,52.));
#2561 = LINE('',#2562,#2563);
#2562 = CARTESIAN_POINT('',(0.,131.5,52.));
#2563 = VECTOR('',#2564,1.);
#2564 = DIRECTION('',(0.,1.,0.));
#2565 = ORIENTED_EDGE('',*,*,#2566,.T.);
#2566 = EDGE_CURVE('',#2559,#2567,#2569,.T.);
#2567 = VERTEX_POINT('',#2568);
#2568 = CARTESIAN_POINT('',(0.,140.5,62.));
#2569 = LINE('',#2570,#2571);
#2570 = CARTESIAN_POINT('',(0.,140.5,52.));
#2571 = VECTOR('',#2572,1.);
#2572 = DIRECTION('',(0.,0.,1.));
#2573 = ORIENTED_EDGE('',*,*,#2574,.F.);
#2574 = EDGE_CURVE('',#2374,#2567,#2575,.T.);
#2575 = LINE('',#2576,#2577);
#2576 = CARTESIAN_POINT('',(0.,89.,62.));
#2577 = VECTOR('',#2578,1.);
#2578 = DIRECTION('',(0.,1.,0.));
#2579 = PLANE('',#2580);
#2580 = AXIS2_PLACEMENT_3D('',#2581,#2582,#2583);
#2581 = CARTESIAN_POINT('',(0.,114.75,57.077615368637));
#2582 = DIRECTION('',(1.,0.,0.));
#2583 = DIRECTION('',(0.,0.,1.));
#2584 = ADVANCED_FACE('',(#2585,#2626,#2637),#2648,.T.);
#2585 = FACE_BOUND('',#2586,.T.);
#2586 = EDGE_LOOP('',(#2587,#2595,#2601,#2602,#2610,#2618,#2624,#2625));
#2587 = ORIENTED_EDGE('',*,*,#2588,.T.);
#2588 = EDGE_CURVE('',#2504,#2589,#2591,.T.);
#2589 = VERTEX_POINT('',#2590);
#2590 = CARTESIAN_POINT('',(-18.7867965644,140.5,52.));
#2591 = LINE('',#2592,#2593);
#2592 = CARTESIAN_POINT('',(-18.7867965644,89.,52.));
#2593 = VECTOR('',#2594,1.);
#2594 = DIRECTION('',(0.,1.,0.));
#2595 = ORIENTED_EDGE('',*,*,#2596,.T.);
#2596 = EDGE_CURVE('',#2589,#2559,#2597,.T.);
#2597 = LINE('',#2598,#2599);
#2598 = CARTESIAN_POINT('',(-18.7867965644,140.5,52.));
#2599 = VECTOR('',#2600,1.);
#2600 = DIRECTION('',(1.,0.,0.));
#2601 = ORIENTED_EDGE('',*,*,#2558,.F.);
#2602 = ORIENTED_EDGE('',*,*,#2603,.F.);
#2603 = EDGE_CURVE('',#2604,#2551,#2606,.T.);
#2604 = VERTEX_POINT('',#2605);
#2605 = CARTESIAN_POINT('',(-0.402020253553,131.5,52.));
#2606 = LINE('',#2607,#2608);
#2607 = CARTESIAN_POINT('',(-18.7867965644,131.5,52.));
#2608 = VECTOR('',#2609,1.);
#2609 = DIRECTION('',(1.,0.,0.));
#2610 = ORIENTED_EDGE('',*,*,#2611,.F.);
#2611 = EDGE_CURVE('',#2612,#2604,#2614,.T.);
#2612 = VERTEX_POINT('',#2613);
#2613 = CARTESIAN_POINT('',(-0.402020253553,98.,52.));
#2614 = LINE('',#2615,#2616);
#2615 = CARTESIAN_POINT('',(-0.402020253553,99.875,52.));
#2616 = VECTOR('',#2617,1.);
#2617 = DIRECTION('',(0.,1.,0.));
#2618 = ORIENTED_EDGE('',*,*,#2619,.T.);
#2619 = EDGE_CURVE('',#2612,#2527,#2620,.T.);
#2620 = LINE('',#2621,#2622);
#2621 = CARTESIAN_POINT('',(-18.7867965644,98.,52.));
#2622 = VECTOR('',#2623,1.);
#2623 = DIRECTION('',(1.,0.,0.));
#2624 = ORIENTED_EDGE('',*,*,#2526,.F.);
#2625 = ORIENTED_EDGE('',*,*,#2511,.F.);
#2626 = FACE_BOUND('',#2627,.T.);
#2627 = EDGE_LOOP('',(#2628));
#2628 = ORIENTED_EDGE('',*,*,#2629,.F.);
#2629 = EDGE_CURVE('',#2630,#2630,#2632,.T.);
#2630 = VERTEX_POINT('',#2631);
#2631 = CARTESIAN_POINT('',(-1.629202666704,95.,52.));
#2632 = ELLIPSE('',#2633,6.363961030679,4.5);
#2633 = AXIS2_PLACEMENT_3D('',#2634,#2635,#2636);
#2634 = CARTESIAN_POINT('',(-7.993163697383,95.,52.));
#2635 = DIRECTION('',(0.,0.,-1.));
#2636 = DIRECTION('',(-1.,0.,0.));
#2637 = FACE_BOUND('',#2638,.T.);
#2638 = EDGE_LOOP('',(#2639));
#2639 = ORIENTED_EDGE('',*,*,#2640,.F.);
#2640 = EDGE_CURVE('',#2641,#2641,#2643,.T.);
#2641 = VERTEX_POINT('',#2642);
#2642 = CARTESIAN_POINT('',(-1.629202666704,134.5,52.));
#2643 = ELLIPSE('',#2644,6.363961030679,4.5);
#2644 = AXIS2_PLACEMENT_3D('',#2645,#2646,#2647);
#2645 = CARTESIAN_POINT('',(-7.993163697383,134.5,52.));
#2646 = DIRECTION('',(0.,0.,-1.));
#2647 = DIRECTION('',(-1.,0.,0.));
#2648 = PLANE('',#2649);
#2649 = AXIS2_PLACEMENT_3D('',#2650,#2651,#2652);
#2650 = CARTESIAN_POINT('',(-9.436379805543,114.75,52.));
#2651 = DIRECTION('',(-0.,-0.,-1.));
#2652 = DIRECTION('',(-1.,0.,0.));
#2653 = ADVANCED_FACE('',(#2654,#2672,#2683),#2694,.T.);
#2654 = FACE_BOUND('',#2655,.T.);
#2655 = EDGE_LOOP('',(#2656,#2657,#2665,#2671));
#2656 = ORIENTED_EDGE('',*,*,#2503,.F.);
#2657 = ORIENTED_EDGE('',*,*,#2658,.T.);
#2658 = EDGE_CURVE('',#2496,#2659,#2661,.T.);
#2659 = VERTEX_POINT('',#2660);
#2660 = CARTESIAN_POINT('',(8.,140.5,78.786796564404));
#2661 = LINE('',#2662,#2663);
#2662 = CARTESIAN_POINT('',(8.,101.875,78.786796564404));
#2663 = VECTOR('',#2664,1.);
#2664 = DIRECTION('',(0.,1.,0.));
#2665 = ORIENTED_EDGE('',*,*,#2666,.T.);
#2666 = EDGE_CURVE('',#2659,#2589,#2667,.T.);
#2667 = LINE('',#2668,#2669);
#2668 = CARTESIAN_POINT('',(17.,140.5,87.786796564404));
#2669 = VECTOR('',#2670,1.);
#2670 = DIRECTION('',(-0.707106781187,0.,-0.707106781187));
#2671 = ORIENTED_EDGE('',*,*,#2588,.F.);
#2672 = FACE_BOUND('',#2673,.T.);
#2673 = EDGE_LOOP('',(#2674));
#2674 = ORIENTED_EDGE('',*,*,#2675,.F.);
#2675 = EDGE_CURVE('',#2676,#2676,#2678,.T.);
#2676 = VERTEX_POINT('',#2677);
#2677 = CARTESIAN_POINT('',(-11.76363453416,134.5,59.02316203024));
#2678 = CIRCLE('',#2679,2.3);
#2679 = AXIS2_PLACEMENT_3D('',#2680,#2681,#2682);
#2680 = CARTESIAN_POINT('',(-13.38998013089,134.5,57.396816433511));
#2681 = DIRECTION('',(-0.707106781187,0.,0.707106781187));
#2682 = DIRECTION('',(0.707106781187,0.,0.707106781187));
#2683 = FACE_BOUND('',#2684,.T.);
#2684 = EDGE_LOOP('',(#2685));
#2685 = ORIENTED_EDGE('',*,*,#2686,.F.);
#2686 = EDGE_CURVE('',#2687,#2687,#2689,.T.);
#2687 = VERTEX_POINT('',#2688);
#2688 = CARTESIAN_POINT('',(-11.76363453416,95.,59.02316203024));
#2689 = CIRCLE('',#2690,2.3);
#2690 = AXIS2_PLACEMENT_3D('',#2691,#2692,#2693);
#2691 = CARTESIAN_POINT('',(-13.38998013089,95.,57.396816433511));
#2692 = DIRECTION('',(-0.707106781187,0.,0.707106781187));
#2693 = DIRECTION('',(0.707106781187,0.,0.707106781187));
#2694 = PLANE('',#2695);
#2695 = AXIS2_PLACEMENT_3D('',#2696,#2697,#2698);
#2696 = CARTESIAN_POINT('',(-0.784744004254,114.75,70.00205256015));
#2697 = DIRECTION('',(-0.707106781187,0.,0.707106781187));
#2698 = DIRECTION('',(-0.707106781187,0.,-0.707106781187));
#2699 = ADVANCED_FACE('',(#2700),#2718,.F.);
#2700 = FACE_BOUND('',#2701,.F.);
#2701 = EDGE_LOOP('',(#2702,#2703,#2704,#2712));
#2702 = ORIENTED_EDGE('',*,*,#2495,.F.);
#2703 = ORIENTED_EDGE('',*,*,#2658,.T.);
#2704 = ORIENTED_EDGE('',*,*,#2705,.T.);
#2705 = EDGE_CURVE('',#2659,#2706,#2708,.T.);
#2706 = VERTEX_POINT('',#2707);
#2707 = CARTESIAN_POINT('',(8.,140.5,82.));
#2708 = LINE('',#2709,#2710);
#2709 = CARTESIAN_POINT('',(8.,140.5,62.));
#2710 = VECTOR('',#2711,1.);
#2711 = DIRECTION('',(0.,0.,1.));
#2712 = ORIENTED_EDGE('',*,*,#2713,.F.);
#2713 = EDGE_CURVE('',#2488,#2706,#2714,.T.);
#2714 = LINE('',#2715,#2716);
#2715 = CARTESIAN_POINT('',(8.,89.,82.));
#2716 = VECTOR('',#2717,1.);
#2717 = DIRECTION('',(0.,1.,0.));
#2718 = PLANE('',#2719);
#2719 = AXIS2_PLACEMENT_3D('',#2720,#2721,#2722);
#2720 = CARTESIAN_POINT('',(8.,89.,62.));
#2721 = DIRECTION('',(1.,0.,0.));
#2722 = DIRECTION('',(0.,0.,1.));
#2723 = ADVANCED_FACE('',(#2724),#2742,.T.);
#2724 = FACE_BOUND('',#2725,.T.);
#2725 = EDGE_LOOP('',(#2726,#2734,#2735,#2736));
#2726 = ORIENTED_EDGE('',*,*,#2727,.F.);
#2727 = EDGE_CURVE('',#2706,#2728,#2730,.T.);
#2728 = VERTEX_POINT('',#2729);
#2729 = CARTESIAN_POINT('',(11.213203435596,140.5,82.));
#2730 = LINE('',#2731,#2732);
#2731 = CARTESIAN_POINT('',(8.,140.5,82.));
#2732 = VECTOR('',#2733,1.);
#2733 = DIRECTION('',(1.,0.,0.));
#2734 = ORIENTED_EDGE('',*,*,#2713,.F.);
#2735 = ORIENTED_EDGE('',*,*,#2487,.T.);
#2736 = ORIENTED_EDGE('',*,*,#2737,.T.);
#2737 = EDGE_CURVE('',#2480,#2728,#2738,.T.);
#2738 = LINE('',#2739,#2740);
#2739 = CARTESIAN_POINT('',(11.213203435596,101.875,82.));
#2740 = VECTOR('',#2741,1.);
#2741 = DIRECTION('',(0.,1.,0.));
#2742 = PLANE('',#2743);
#2743 = AXIS2_PLACEMENT_3D('',#2744,#2745,#2746);
#2744 = CARTESIAN_POINT('',(8.,89.,82.));
#2745 = DIRECTION('',(0.,0.,1.));
#2746 = DIRECTION('',(1.,0.,0.));
#2747 = ADVANCED_FACE('',(#2748,#2818,#2829),#2840,.T.);
#2748 = FACE_BOUND('',#2749,.T.);
#2749 = EDGE_LOOP('',(#2750,#2751,#2759,#2768,#2777,#2785,#2794,#2803,
    #2811,#2817));
#2750 = ORIENTED_EDGE('',*,*,#2479,.F.);
#2751 = ORIENTED_EDGE('',*,*,#2752,.T.);
#2752 = EDGE_CURVE('',#2472,#2753,#2755,.T.);
#2753 = VERTEX_POINT('',#2754);
#2754 = CARTESIAN_POINT('',(17.,92.144468852364,87.786796564404));
#2755 = LINE('',#2756,#2757);
#2756 = CARTESIAN_POINT('',(17.,89.,87.786796564404));
#2757 = VECTOR('',#2758,1.);
#2758 = DIRECTION('',(0.,1.,0.));
#2759 = ORIENTED_EDGE('',*,*,#2760,.T.);
#2760 = EDGE_CURVE('',#2753,#2761,#2763,.T.);
#2761 = VERTEX_POINT('',#2762);
#2762 = CARTESIAN_POINT('',(17.722718241315,95.,88.509514805719));
#2763 = CIRCLE('',#2764,4.5);
#2764 = AXIS2_PLACEMENT_3D('',#2765,#2766,#2767);
#2765 = CARTESIAN_POINT('',(14.540737725976,95.,85.327534290379));
#2766 = DIRECTION('',(-0.707106781187,0.,0.707106781187));
#2767 = DIRECTION('',(0.707106781187,0.,0.707106781187));
#2768 = ORIENTED_EDGE('',*,*,#2769,.T.);
#2769 = EDGE_CURVE('',#2761,#2770,#2772,.T.);
#2770 = VERTEX_POINT('',#2771);
#2771 = CARTESIAN_POINT('',(17.,97.855531147636,87.786796564404));
#2772 = CIRCLE('',#2773,4.5);
#2773 = AXIS2_PLACEMENT_3D('',#2774,#2775,#2776);
#2774 = CARTESIAN_POINT('',(14.540737725976,95.,85.327534290379));
#2775 = DIRECTION('',(-0.707106781187,0.,0.707106781187));
#2776 = DIRECTION('',(0.707106781187,0.,0.707106781187));
#2777 = ORIENTED_EDGE('',*,*,#2778,.T.);
#2778 = EDGE_CURVE('',#2770,#2779,#2781,.T.);
#2779 = VERTEX_POINT('',#2780);
#2780 = CARTESIAN_POINT('',(17.,131.64446885236,87.786796564404));
#2781 = LINE('',#2782,#2783);
#2782 = CARTESIAN_POINT('',(17.,89.,87.786796564404));
#2783 = VECTOR('',#2784,1.);
#2784 = DIRECTION('',(0.,1.,0.));
#2785 = ORIENTED_EDGE('',*,*,#2786,.T.);
#2786 = EDGE_CURVE('',#2779,#2787,#2789,.T.);
#2787 = VERTEX_POINT('',#2788);
#2788 = CARTESIAN_POINT('',(17.722718241315,134.5,88.509514805719));
#2789 = CIRCLE('',#2790,4.5);
#2790 = AXIS2_PLACEMENT_3D('',#2791,#2792,#2793);
#2791 = CARTESIAN_POINT('',(14.540737725976,134.5,85.327534290379));
#2792 = DIRECTION('',(-0.707106781187,0.,0.707106781187));
#2793 = DIRECTION('',(0.707106781187,0.,0.707106781187));
#2794 = ORIENTED_EDGE('',*,*,#2795,.T.);
#2795 = EDGE_CURVE('',#2787,#2796,#2798,.T.);
#2796 = VERTEX_POINT('',#2797);
#2797 = CARTESIAN_POINT('',(17.,137.35553114763,87.786796564404));
#2798 = CIRCLE('',#2799,4.5);
#2799 = AXIS2_PLACEMENT_3D('',#2800,#2801,#2802);
#2800 = CARTESIAN_POINT('',(14.540737725976,134.5,85.327534290379));
#2801 = DIRECTION('',(-0.707106781187,0.,0.707106781187));
#2802 = DIRECTION('',(0.707106781187,0.,0.707106781187));
#2803 = ORIENTED_EDGE('',*,*,#2804,.T.);
#2804 = EDGE_CURVE('',#2796,#2805,#2807,.T.);
#2805 = VERTEX_POINT('',#2806);
#2806 = CARTESIAN_POINT('',(17.,140.5,87.786796564404));
#2807 = LINE('',#2808,#2809);
#2808 = CARTESIAN_POINT('',(17.,89.,87.786796564404));
#2809 = VECTOR('',#2810,1.);
#2810 = DIRECTION('',(0.,1.,0.));
#2811 = ORIENTED_EDGE('',*,*,#2812,.T.);
#2812 = EDGE_CURVE('',#2805,#2728,#2813,.T.);
#2813 = LINE('',#2814,#2815);
#2814 = CARTESIAN_POINT('',(17.,140.5,87.786796564404));
#2815 = VECTOR('',#2816,1.);
#2816 = DIRECTION('',(-0.707106781187,0.,-0.707106781187));
#2817 = ORIENTED_EDGE('',*,*,#2737,.F.);
#2818 = FACE_BOUND('',#2819,.T.);
#2819 = EDGE_LOOP('',(#2820));
#2820 = ORIENTED_EDGE('',*,*,#2821,.F.);
#2821 = EDGE_CURVE('',#2822,#2822,#2824,.T.);
#2822 = VERTEX_POINT('',#2823);
#2823 = CARTESIAN_POINT('',(16.167083322705,134.5,86.953879887108));
#2824 = CIRCLE('',#2825,2.3);
#2825 = AXIS2_PLACEMENT_3D('',#2826,#2827,#2828);
#2826 = CARTESIAN_POINT('',(14.540737725976,134.5,85.327534290379));
#2827 = DIRECTION('',(-0.707106781187,0.,0.707106781187));
#2828 = DIRECTION('',(0.707106781187,0.,0.707106781187));
#2829 = FACE_BOUND('',#2830,.T.);
#2830 = EDGE_LOOP('',(#2831));
#2831 = ORIENTED_EDGE('',*,*,#2832,.F.);
#2832 = EDGE_CURVE('',#2833,#2833,#2835,.T.);
#2833 = VERTEX_POINT('',#2834);
#2834 = CARTESIAN_POINT('',(16.167083322705,95.,86.953879887108));
#2835 = CIRCLE('',#2836,2.3);
#2836 = AXIS2_PLACEMENT_3D('',#2837,#2838,#2839);
#2837 = CARTESIAN_POINT('',(14.540737725976,95.,85.327534290379));
#2838 = DIRECTION('',(-0.707106781187,0.,0.707106781187));
#2839 = DIRECTION('',(0.707106781187,0.,0.707106781187));
#2840 = PLANE('',#2841);
#2841 = AXIS2_PLACEMENT_3D('',#2842,#2843,#2844);
#2842 = CARTESIAN_POINT('',(-0.784744004254,114.75,70.00205256015));
#2843 = DIRECTION('',(-0.707106781187,0.,0.707106781187));
#2844 = DIRECTION('',(-0.707106781187,0.,-0.707106781187));
#2845 = ADVANCED_FACE('',(#2846),#2857,.T.);
#2846 = FACE_BOUND('',#2847,.T.);
#2847 = EDGE_LOOP('',(#2848,#2849,#2856));
#2848 = ORIENTED_EDGE('',*,*,#2471,.F.);
#2849 = ORIENTED_EDGE('',*,*,#2850,.F.);
#2850 = EDGE_CURVE('',#2753,#2463,#2851,.T.);
#2851 = ELLIPSE('',#2852,11.764297739604,7.204131661052);
#2852 = AXIS2_PLACEMENT_3D('',#2853,#2854,#2855);
#2853 = CARTESIAN_POINT('',(17.,95.,76.986123146552));
#2854 = DIRECTION('',(1.,-0.,0.));
#2855 = DIRECTION('',(0.,0.,-1.));
#2856 = ORIENTED_EDGE('',*,*,#2752,.F.);
#2857 = PLANE('',#2858);
#2858 = AXIS2_PLACEMENT_3D('',#2859,#2860,#2861);
#2859 = CARTESIAN_POINT('',(17.,114.75,75.553952981676));
#2860 = DIRECTION('',(1.,0.,0.));
#2861 = DIRECTION('',(0.,0.,1.));
#2862 = ADVANCED_FACE('',(#2863),#2884,.T.);
#2863 = FACE_BOUND('',#2864,.T.);
#2864 = EDGE_LOOP('',(#2865,#2873,#2874,#2875,#2876,#2877));
#2865 = ORIENTED_EDGE('',*,*,#2866,.T.);
#2866 = EDGE_CURVE('',#2867,#2761,#2869,.T.);
#2867 = VERTEX_POINT('',#2868);
#2868 = CARTESIAN_POINT('',(24.086679271994,95.,86.388194462159));
#2869 = LINE('',#2870,#2871);
#2870 = CARTESIAN_POINT('',(24.086679271994,95.,86.388194462159));
#2871 = VECTOR('',#2872,1.);
#2872 = DIRECTION('',(-0.948683298051,1.095357396528E-16,0.316227766017)
  );
#2873 = ORIENTED_EDGE('',*,*,#2760,.F.);
#2874 = ORIENTED_EDGE('',*,*,#2850,.T.);
#2875 = ORIENTED_EDGE('',*,*,#2462,.F.);
#2876 = ORIENTED_EDGE('',*,*,#2453,.F.);
#2877 = ORIENTED_EDGE('',*,*,#2878,.T.);
#2878 = EDGE_CURVE('',#2446,#2867,#2879,.T.);
#2879 = CIRCLE('',#2880,7.5);
#2880 = AXIS2_PLACEMENT_3D('',#2881,#2882,#2883);
#2881 = CARTESIAN_POINT('',(18.783378413095,95.,81.08489360326));
#2882 = DIRECTION('',(-0.707106781187,0.,0.707106781187));
#2883 = DIRECTION('',(0.707106781187,0.,0.707106781187));
#2884 = CONICAL_SURFACE('',#2885,7.5,0.463647609001);
#2885 = AXIS2_PLACEMENT_3D('',#2886,#2887,#2888);
#2886 = CARTESIAN_POINT('',(18.783378413095,95.,81.08489360326));
#2887 = DIRECTION('',(0.707106781187,0.,-0.707106781187));
#2888 = DIRECTION('',(0.707106781187,0.,0.707106781187));
#2889 = ADVANCED_FACE('',(#2890),#2943,.F.);
#2890 = FACE_BOUND('',#2891,.F.);
#2891 = EDGE_LOOP('',(#2892,#2893,#2894,#2903,#2911,#2920,#2929,#2937));
#2892 = ORIENTED_EDGE('',*,*,#2445,.T.);
#2893 = ORIENTED_EDGE('',*,*,#2878,.T.);
#2894 = ORIENTED_EDGE('',*,*,#2895,.T.);
#2895 = EDGE_CURVE('',#2867,#2896,#2898,.T.);
#2896 = VERTEX_POINT('',#2897);
#2897 = CARTESIAN_POINT('',(19.698484809835,102.38750029206,82.));
#2898 = CIRCLE('',#2899,7.5);
#2899 = AXIS2_PLACEMENT_3D('',#2900,#2901,#2902);
#2900 = CARTESIAN_POINT('',(18.783378413095,95.,81.08489360326));
#2901 = DIRECTION('',(-0.707106781187,0.,0.707106781187));
#2902 = DIRECTION('',(0.707106781187,0.,0.707106781187));
#2903 = ORIENTED_EDGE('',*,*,#2904,.F.);
#2904 = EDGE_CURVE('',#2905,#2896,#2907,.T.);
#2905 = VERTEX_POINT('',#2906);
#2906 = CARTESIAN_POINT('',(19.698484809835,99.309891015477,82.));
#2907 = LINE('',#2908,#2909);
#2908 = CARTESIAN_POINT('',(19.698484809835,92.,82.));
#2909 = VECTOR('',#2910,1.);
#2910 = DIRECTION('',(0.,1.,0.));
#2911 = ORIENTED_EDGE('',*,*,#2912,.F.);
#2912 = EDGE_CURVE('',#2913,#2905,#2915,.T.);
#2913 = VERTEX_POINT('',#2914);
#2914 = CARTESIAN_POINT('',(21.965358928434,95.,84.266874118599));
#2915 = CIRCLE('',#2916,4.5);
#2916 = AXIS2_PLACEMENT_3D('',#2917,#2918,#2919);
#2917 = CARTESIAN_POINT('',(18.783378413095,95.,81.08489360326));
#2918 = DIRECTION('',(-0.707106781187,0.,0.707106781187));
#2919 = DIRECTION('',(0.707106781187,0.,0.707106781187));
#2920 = ORIENTED_EDGE('',*,*,#2921,.F.);
#2921 = EDGE_CURVE('',#2922,#2913,#2924,.T.);
#2922 = VERTEX_POINT('',#2923);
#2923 = CARTESIAN_POINT('',(19.698484809835,90.690108984523,82.));
#2924 = CIRCLE('',#2925,4.5);
#2925 = AXIS2_PLACEMENT_3D('',#2926,#2927,#2928);
#2926 = CARTESIAN_POINT('',(18.783378413095,95.,81.08489360326));
#2927 = DIRECTION('',(-0.707106781187,0.,0.707106781187));
#2928 = DIRECTION('',(0.707106781187,0.,0.707106781187));
#2929 = ORIENTED_EDGE('',*,*,#2930,.F.);
#2930 = EDGE_CURVE('',#2931,#2922,#2933,.T.);
#2931 = VERTEX_POINT('',#2932);
#2932 = CARTESIAN_POINT('',(19.698484809835,89.,82.));
#2933 = LINE('',#2934,#2935);
#2934 = CARTESIAN_POINT('',(19.698484809835,92.,82.));
#2935 = VECTOR('',#2936,1.);
#2936 = DIRECTION('',(0.,1.,0.));
#2937 = ORIENTED_EDGE('',*,*,#2938,.F.);
#2938 = EDGE_CURVE('',#2438,#2931,#2939,.T.);
#2939 = LINE('',#2940,#2941);
#2940 = CARTESIAN_POINT('',(13.324426433547,89.,75.625941623712));
#2941 = VECTOR('',#2942,1.);
#2942 = DIRECTION('',(0.707106781187,0.,0.707106781187));
#2943 = PLANE('',#2944);
#2944 = AXIS2_PLACEMENT_3D('',#2945,#2946,#2947);
#2945 = CARTESIAN_POINT('',(18.783378413095,95.,81.08489360326));
#2946 = DIRECTION('',(-0.707106781187,0.,0.707106781187));
#2947 = DIRECTION('',(0.707106781187,0.,0.707106781187));
#2948 = ADVANCED_FACE('',(#2949,#3049,#3060,#3071,#3082),#3093,.T.);
#2949 = FACE_BOUND('',#2950,.T.);
#2950 = EDGE_LOOP('',(#2951,#2952,#2960,#2968,#2976,#2984,#2993,#3001,
    #3008,#3009,#3018,#3026,#3035,#3043));
#2951 = ORIENTED_EDGE('',*,*,#2437,.F.);
#2952 = ORIENTED_EDGE('',*,*,#2953,.T.);
#2953 = EDGE_CURVE('',#2430,#2954,#2956,.T.);
#2954 = VERTEX_POINT('',#2955);
#2955 = CARTESIAN_POINT('',(17.,140.5,62.));
#2956 = LINE('',#2957,#2958);
#2957 = CARTESIAN_POINT('',(17.,131.5,62.));
#2958 = VECTOR('',#2959,1.);
#2959 = DIRECTION('',(0.,1.,0.));
#2960 = ORIENTED_EDGE('',*,*,#2961,.T.);
#2961 = EDGE_CURVE('',#2954,#2962,#2964,.T.);
#2962 = VERTEX_POINT('',#2963);
#2963 = CARTESIAN_POINT('',(17.,140.5,79.301515190165));
#2964 = LINE('',#2965,#2966);
#2965 = CARTESIAN_POINT('',(17.,140.5,62.));
#2966 = VECTOR('',#2967,1.);
#2967 = DIRECTION('',(0.,0.,1.));
#2968 = ORIENTED_EDGE('',*,*,#2969,.T.);
#2969 = EDGE_CURVE('',#2962,#2970,#2972,.T.);
#2970 = VERTEX_POINT('',#2971);
#2971 = CARTESIAN_POINT('',(17.,140.5,82.));
#2972 = LINE('',#2973,#2974);
#2973 = CARTESIAN_POINT('',(17.,140.5,62.));
#2974 = VECTOR('',#2975,1.);
#2975 = DIRECTION('',(0.,0.,1.));
#2976 = ORIENTED_EDGE('',*,*,#2977,.F.);
#2977 = EDGE_CURVE('',#2978,#2970,#2980,.T.);
#2978 = VERTEX_POINT('',#2979);
#2979 = CARTESIAN_POINT('',(17.,136.71654051458,82.));
#2980 = LINE('',#2981,#2982);
#2981 = CARTESIAN_POINT('',(17.,89.,82.));
#2982 = VECTOR('',#2983,1.);
#2983 = DIRECTION('',(0.,1.,0.));
#2984 = ORIENTED_EDGE('',*,*,#2985,.F.);
#2985 = EDGE_CURVE('',#2986,#2978,#2988,.T.);
#2986 = VERTEX_POINT('',#2987);
#2987 = CARTESIAN_POINT('',(17.,132.28345948541,82.));
#2988 = ELLIPSE('',#2989,3.252691193458,2.3);
#2989 = AXIS2_PLACEMENT_3D('',#2990,#2991,#2992);
#2990 = CARTESIAN_POINT('',(17.,134.5,82.868272016355));
#2991 = DIRECTION('',(1.,0.,-0.));
#2992 = DIRECTION('',(0.,0.,1.));
#2993 = ORIENTED_EDGE('',*,*,#2994,.F.);
#2994 = EDGE_CURVE('',#2995,#2986,#2997,.T.);
#2995 = VERTEX_POINT('',#2996);
#2996 = CARTESIAN_POINT('',(17.,127.98291456426,82.));
#2997 = LINE('',#2998,#2999);
#2998 = CARTESIAN_POINT('',(17.,89.,82.));
#2999 = VECTOR('',#3000,1.);
#3000 = DIRECTION('',(0.,1.,0.));
#3001 = ORIENTED_EDGE('',*,*,#3002,.F.);
#3002 = EDGE_CURVE('',#2779,#2995,#3003,.T.);
#3003 = ELLIPSE('',#3004,11.764297739604,7.204131661052);
#3004 = AXIS2_PLACEMENT_3D('',#3005,#3006,#3007);
#3005 = CARTESIAN_POINT('',(17.,134.5,76.986123146552));
#3006 = DIRECTION('',(1.,-0.,0.));
#3007 = DIRECTION('',(0.,0.,-1.));
#3008 = ORIENTED_EDGE('',*,*,#2778,.F.);
#3009 = ORIENTED_EDGE('',*,*,#3010,.F.);
#3010 = EDGE_CURVE('',#3011,#2770,#3013,.T.);
#3011 = VERTEX_POINT('',#3012);
#3012 = CARTESIAN_POINT('',(17.,101.51708543573,82.));
#3013 = ELLIPSE('',#3014,11.764297739604,7.204131661052);
#3014 = AXIS2_PLACEMENT_3D('',#3015,#3016,#3017);
#3015 = CARTESIAN_POINT('',(17.,95.,76.986123146552));
#3016 = DIRECTION('',(1.,-0.,0.));
#3017 = DIRECTION('',(0.,0.,-1.));
#3018 = ORIENTED_EDGE('',*,*,#3019,.F.);
#3019 = EDGE_CURVE('',#3020,#3011,#3022,.T.);
#3020 = VERTEX_POINT('',#3021);
#3021 = CARTESIAN_POINT('',(17.,97.216540514587,82.));
#3022 = LINE('',#3023,#3024);
#3023 = CARTESIAN_POINT('',(17.,89.,82.));
#3024 = VECTOR('',#3025,1.);
#3025 = DIRECTION('',(0.,1.,0.));
#3026 = ORIENTED_EDGE('',*,*,#3027,.F.);
#3027 = EDGE_CURVE('',#3028,#3020,#3030,.T.);
#3028 = VERTEX_POINT('',#3029);
#3029 = CARTESIAN_POINT('',(17.,92.783459485413,82.));
#3030 = ELLIPSE('',#3031,3.252691193458,2.3);
#3031 = AXIS2_PLACEMENT_3D('',#3032,#3033,#3034);
#3032 = CARTESIAN_POINT('',(17.,95.,82.868272016355));
#3033 = DIRECTION('',(1.,0.,-0.));
#3034 = DIRECTION('',(0.,0.,1.));
#3035 = ORIENTED_EDGE('',*,*,#3036,.F.);
#3036 = EDGE_CURVE('',#3037,#3028,#3039,.T.);
#3037 = VERTEX_POINT('',#3038);
#3038 = CARTESIAN_POINT('',(17.,89.,82.));
#3039 = LINE('',#3040,#3041);
#3040 = CARTESIAN_POINT('',(17.,89.,82.));
#3041 = VECTOR('',#3042,1.);
#3042 = DIRECTION('',(0.,1.,0.));
#3043 = ORIENTED_EDGE('',*,*,#3044,.F.);
#3044 = EDGE_CURVE('',#2438,#3037,#3045,.T.);
#3045 = LINE('',#3046,#3047);
#3046 = CARTESIAN_POINT('',(17.,89.,62.));
#3047 = VECTOR('',#3048,1.);
#3048 = DIRECTION('',(0.,0.,1.));
#3049 = FACE_BOUND('',#3050,.T.);
#3050 = EDGE_LOOP('',(#3051));
#3051 = ORIENTED_EDGE('',*,*,#3052,.T.);
#3052 = EDGE_CURVE('',#3053,#3053,#3055,.T.);
#3053 = VERTEX_POINT('',#3054);
#3054 = CARTESIAN_POINT('',(17.,134.5,65.7));
#3055 = CIRCLE('',#3056,2.3);
#3056 = AXIS2_PLACEMENT_3D('',#3057,#3058,#3059);
#3057 = CARTESIAN_POINT('',(17.,134.5,68.));
#3058 = DIRECTION('',(-1.,0.,0.));
#3059 = DIRECTION('',(0.,0.,-1.));
#3060 = FACE_BOUND('',#3061,.T.);
#3061 = EDGE_LOOP('',(#3062));
#3062 = ORIENTED_EDGE('',*,*,#3063,.T.);
#3063 = EDGE_CURVE('',#3064,#3064,#3066,.T.);
#3064 = VERTEX_POINT('',#3065);
#3065 = CARTESIAN_POINT('',(17.,134.5,73.7));
#3066 = CIRCLE('',#3067,2.3);
#3067 = AXIS2_PLACEMENT_3D('',#3068,#3069,#3070);
#3068 = CARTESIAN_POINT('',(17.,134.5,76.));
#3069 = DIRECTION('',(-1.,0.,0.));
#3070 = DIRECTION('',(0.,0.,-1.));
#3071 = FACE_BOUND('',#3072,.T.);
#3072 = EDGE_LOOP('',(#3073));
#3073 = ORIENTED_EDGE('',*,*,#3074,.T.);
#3074 = EDGE_CURVE('',#3075,#3075,#3077,.T.);
#3075 = VERTEX_POINT('',#3076);
#3076 = CARTESIAN_POINT('',(17.,95.,65.7));
#3077 = CIRCLE('',#3078,2.3);
#3078 = AXIS2_PLACEMENT_3D('',#3079,#3080,#3081);
#3079 = CARTESIAN_POINT('',(17.,95.,68.));
#3080 = DIRECTION('',(-1.,0.,0.));
#3081 = DIRECTION('',(0.,0.,-1.));
#3082 = FACE_BOUND('',#3083,.T.);
#3083 = EDGE_LOOP('',(#3084));
#3084 = ORIENTED_EDGE('',*,*,#3085,.T.);
#3085 = EDGE_CURVE('',#3086,#3086,#3088,.T.);
#3086 = VERTEX_POINT('',#3087);
#3087 = CARTESIAN_POINT('',(17.,95.,73.7));
#3088 = CIRCLE('',#3089,2.3);
#3089 = AXIS2_PLACEMENT_3D('',#3090,#3091,#3092);
#3090 = CARTESIAN_POINT('',(17.,95.,76.));
#3091 = DIRECTION('',(-1.,0.,0.));
#3092 = DIRECTION('',(0.,0.,-1.));
#3093 = PLANE('',#3094);
#3094 = AXIS2_PLACEMENT_3D('',#3095,#3096,#3097);
#3095 = CARTESIAN_POINT('',(17.,114.75,74.744670655316));
#3096 = DIRECTION('',(1.,0.,0.));
#3097 = DIRECTION('',(0.,0.,1.));
#3098 = ADVANCED_FACE('',(#3099,#3117),#3151,.T.);
#3099 = FACE_BOUND('',#3100,.T.);
#3100 = EDGE_LOOP('',(#3101,#3102,#3103,#3111));
#3101 = ORIENTED_EDGE('',*,*,#2953,.F.);
#3102 = ORIENTED_EDGE('',*,*,#2429,.F.);
#3103 = ORIENTED_EDGE('',*,*,#3104,.F.);
#3104 = EDGE_CURVE('',#3105,#2422,#3107,.T.);
#3105 = VERTEX_POINT('',#3106);
#3106 = CARTESIAN_POINT('',(7.666666666667,140.5,62.));
#3107 = LINE('',#3108,#3109);
#3108 = CARTESIAN_POINT('',(7.666666666667,88.75,62.));
#3109 = VECTOR('',#3110,1.);
#3110 = DIRECTION('',(0.,-1.,0.));
#3111 = ORIENTED_EDGE('',*,*,#3112,.T.);
#3112 = EDGE_CURVE('',#3105,#2954,#3113,.T.);
#3113 = LINE('',#3114,#3115);
#3114 = CARTESIAN_POINT('',(0.,140.5,62.));
#3115 = VECTOR('',#3116,1.);
#3116 = DIRECTION('',(1.,0.,0.));
#3117 = FACE_BOUND('',#3118,.T.);
#3118 = EDGE_LOOP('',(#3119,#3129,#3137,#3145));
#3119 = ORIENTED_EDGE('',*,*,#3120,.F.);
#3120 = EDGE_CURVE('',#3121,#3123,#3125,.T.);
#3121 = VERTEX_POINT('',#3122);
#3122 = CARTESIAN_POINT('',(9.8,117.2,62.));
#3123 = VERTEX_POINT('',#3124);
#3124 = CARTESIAN_POINT('',(14.2,117.2,62.));
#3125 = LINE('',#3126,#3127);
#3126 = CARTESIAN_POINT('',(11.549494936612,117.2,62.));
#3127 = VECTOR('',#3128,1.);
#3128 = DIRECTION('',(1.,0.,0.));
#3129 = ORIENTED_EDGE('',*,*,#3130,.T.);
#3130 = EDGE_CURVE('',#3121,#3131,#3133,.T.);
#3131 = VERTEX_POINT('',#3132);
#3132 = CARTESIAN_POINT('',(9.8,112.8,62.));
#3133 = LINE('',#3134,#3135);
#3134 = CARTESIAN_POINT('',(9.8,113.775,62.));
#3135 = VECTOR('',#3136,1.);
#3136 = DIRECTION('',(0.,-1.,0.));
#3137 = ORIENTED_EDGE('',*,*,#3138,.T.);
#3138 = EDGE_CURVE('',#3131,#3139,#3141,.T.);
#3139 = VERTEX_POINT('',#3140);
#3140 = CARTESIAN_POINT('',(14.2,112.8,62.));
#3141 = LINE('',#3142,#3143);
#3142 = CARTESIAN_POINT('',(11.549494936612,112.8,62.));
#3143 = VECTOR('',#3144,1.);
#3144 = DIRECTION('',(1.,0.,0.));
#3145 = ORIENTED_EDGE('',*,*,#3146,.F.);
#3146 = EDGE_CURVE('',#3123,#3139,#3147,.T.);
#3147 = LINE('',#3148,#3149);
#3148 = CARTESIAN_POINT('',(14.2,113.775,62.));
#3149 = VECTOR('',#3150,1.);
#3150 = DIRECTION('',(0.,-1.,0.));
#3151 = PLANE('',#3152);
#3152 = AXIS2_PLACEMENT_3D('',#3153,#3154,#3155);
#3153 = CARTESIAN_POINT('',(12.333333333333,114.75,62.));
#3154 = DIRECTION('',(-0.,-0.,-1.));
#3155 = DIRECTION('',(-1.,0.,0.));
#3156 = ADVANCED_FACE('',(#3157),#3175,.F.);
#3157 = FACE_BOUND('',#3158,.F.);
#3158 = EDGE_LOOP('',(#3159,#3160,#3161,#3169));
#3159 = ORIENTED_EDGE('',*,*,#2421,.F.);
#3160 = ORIENTED_EDGE('',*,*,#3104,.F.);
#3161 = ORIENTED_EDGE('',*,*,#3162,.F.);
#3162 = EDGE_CURVE('',#3163,#3105,#3165,.T.);
#3163 = VERTEX_POINT('',#3164);
#3164 = CARTESIAN_POINT('',(6.2,140.5,63.1));
#3165 = LINE('',#3166,#3167);
#3166 = CARTESIAN_POINT('',(5.318732426669,140.5,63.760950679998));
#3167 = VECTOR('',#3168,1.);
#3168 = DIRECTION('',(0.8,0.,-0.6));
#3169 = ORIENTED_EDGE('',*,*,#3170,.F.);
#3170 = EDGE_CURVE('',#2414,#3163,#3171,.T.);
#3171 = LINE('',#3172,#3173);
#3172 = CARTESIAN_POINT('',(6.2,88.5,63.1));
#3173 = VECTOR('',#3174,1.);
#3174 = DIRECTION('',(0.,1.,0.));
#3175 = PLANE('',#3176);
#3176 = AXIS2_PLACEMENT_3D('',#3177,#3178,#3179);
#3177 = CARTESIAN_POINT('',(7.8,88.5,61.9));
#3178 = DIRECTION('',(0.6,0.,0.8));
#3179 = DIRECTION('',(-0.8,0.,0.6));
#3180 = ADVANCED_FACE('',(#3181),#3199,.F.);
#3181 = FACE_BOUND('',#3182,.F.);
#3182 = EDGE_LOOP('',(#3183,#3184,#3185,#3193));
#3183 = ORIENTED_EDGE('',*,*,#2413,.F.);
#3184 = ORIENTED_EDGE('',*,*,#3170,.T.);
#3185 = ORIENTED_EDGE('',*,*,#3186,.F.);
#3186 = EDGE_CURVE('',#3187,#3163,#3189,.T.);
#3187 = VERTEX_POINT('',#3188);
#3188 = CARTESIAN_POINT('',(6.2,140.5,66.3));
#3189 = LINE('',#3190,#3191);
#3190 = CARTESIAN_POINT('',(6.2,140.5,64.920870889063));
#3191 = VECTOR('',#3192,1.);
#3192 = DIRECTION('',(0.,0.,-1.));
#3193 = ORIENTED_EDGE('',*,*,#3194,.F.);
#3194 = EDGE_CURVE('',#2406,#3187,#3195,.T.);
#3195 = LINE('',#3196,#3197);
#3196 = CARTESIAN_POINT('',(6.2,88.5,66.3));
#3197 = VECTOR('',#3198,1.);
#3198 = DIRECTION('',(0.,1.,0.));
#3199 = PLANE('',#3200);
#3200 = AXIS2_PLACEMENT_3D('',#3201,#3202,#3203);
#3201 = CARTESIAN_POINT('',(6.2,88.5,63.1));
#3202 = DIRECTION('',(1.,0.,0.));
#3203 = DIRECTION('',(0.,0.,1.));
#3204 = ADVANCED_FACE('',(#3205),#3223,.F.);
#3205 = FACE_BOUND('',#3206,.F.);
#3206 = EDGE_LOOP('',(#3207,#3208,#3209,#3217));
#3207 = ORIENTED_EDGE('',*,*,#2405,.F.);
#3208 = ORIENTED_EDGE('',*,*,#3194,.T.);
#3209 = ORIENTED_EDGE('',*,*,#3210,.F.);
#3210 = EDGE_CURVE('',#3211,#3187,#3213,.T.);
#3211 = VERTEX_POINT('',#3212);
#3212 = CARTESIAN_POINT('',(1.8,140.5,66.3));
#3213 = LINE('',#3214,#3215);
#3214 = CARTESIAN_POINT('',(4.938672583467,140.5,66.3));
#3215 = VECTOR('',#3216,1.);
#3216 = DIRECTION('',(1.,0.,0.));
#3217 = ORIENTED_EDGE('',*,*,#3218,.F.);
#3218 = EDGE_CURVE('',#2398,#3211,#3219,.T.);
#3219 = LINE('',#3220,#3221);
#3220 = CARTESIAN_POINT('',(1.8,88.5,66.3));
#3221 = VECTOR('',#3222,1.);
#3222 = DIRECTION('',(0.,1.,0.));
#3223 = PLANE('',#3224);
#3224 = AXIS2_PLACEMENT_3D('',#3225,#3226,#3227);
#3225 = CARTESIAN_POINT('',(6.2,88.5,66.3));
#3226 = DIRECTION('',(0.,0.,1.));
#3227 = DIRECTION('',(-1.,0.,0.));
#3228 = ADVANCED_FACE('',(#3229),#3247,.F.);
#3229 = FACE_BOUND('',#3230,.F.);
#3230 = EDGE_LOOP('',(#3231,#3232,#3233,#3241));
#3231 = ORIENTED_EDGE('',*,*,#2397,.F.);
#3232 = ORIENTED_EDGE('',*,*,#3218,.T.);
#3233 = ORIENTED_EDGE('',*,*,#3234,.F.);
#3234 = EDGE_CURVE('',#3235,#3211,#3237,.T.);
#3235 = VERTEX_POINT('',#3236);
#3236 = CARTESIAN_POINT('',(1.8,140.5,63.1));
#3237 = LINE('',#3238,#3239);
#3238 = CARTESIAN_POINT('',(1.8,140.5,66.520870889063));
#3239 = VECTOR('',#3240,1.);
#3240 = DIRECTION('',(0.,0.,1.));
#3241 = ORIENTED_EDGE('',*,*,#3242,.F.);
#3242 = EDGE_CURVE('',#2390,#3235,#3243,.T.);
#3243 = LINE('',#3244,#3245);
#3244 = CARTESIAN_POINT('',(1.8,88.5,63.1));
#3245 = VECTOR('',#3246,1.);
#3246 = DIRECTION('',(0.,1.,0.));
#3247 = PLANE('',#3248);
#3248 = AXIS2_PLACEMENT_3D('',#3249,#3250,#3251);
#3249 = CARTESIAN_POINT('',(1.8,88.5,66.3));
#3250 = DIRECTION('',(-1.,0.,0.));
#3251 = DIRECTION('',(0.,0.,-1.));
#3252 = ADVANCED_FACE('',(#3253),#3271,.F.);
#3253 = FACE_BOUND('',#3254,.F.);
#3254 = EDGE_LOOP('',(#3255,#3256,#3257,#3265));
#3255 = ORIENTED_EDGE('',*,*,#2389,.F.);
#3256 = ORIENTED_EDGE('',*,*,#3242,.T.);
#3257 = ORIENTED_EDGE('',*,*,#3258,.F.);
#3258 = EDGE_CURVE('',#3259,#3235,#3261,.T.);
#3259 = VERTEX_POINT('',#3260);
#3260 = CARTESIAN_POINT('',(0.333333333333,140.5,62.));
#3261 = LINE('',#3262,#3263);
#3262 = CARTESIAN_POINT('',(3.274768480169,140.5,64.206076360127));
#3263 = VECTOR('',#3264,1.);
#3264 = DIRECTION('',(0.8,0.,0.6));
#3265 = ORIENTED_EDGE('',*,*,#3266,.F.);
#3266 = EDGE_CURVE('',#2382,#3259,#3267,.T.);
#3267 = LINE('',#3268,#3269);
#3268 = CARTESIAN_POINT('',(0.333333333333,88.75,62.));
#3269 = VECTOR('',#3270,1.);
#3270 = DIRECTION('',(0.,1.,0.));
#3271 = PLANE('',#3272);
#3272 = AXIS2_PLACEMENT_3D('',#3273,#3274,#3275);
#3273 = CARTESIAN_POINT('',(1.8,88.5,63.1));
#3274 = DIRECTION('',(-0.6,0.,0.8));
#3275 = DIRECTION('',(-0.8,0.,-0.6));
#3276 = ADVANCED_FACE('',(#3277),#3288,.F.);
#3277 = FACE_BOUND('',#3278,.F.);
#3278 = EDGE_LOOP('',(#3279,#3285,#3286,#3287));
#3279 = ORIENTED_EDGE('',*,*,#3280,.F.);
#3280 = EDGE_CURVE('',#2567,#3259,#3281,.T.);
#3281 = LINE('',#3282,#3283);
#3282 = CARTESIAN_POINT('',(0.,140.5,62.));
#3283 = VECTOR('',#3284,1.);
#3284 = DIRECTION('',(1.,0.,0.));
#3285 = ORIENTED_EDGE('',*,*,#2574,.F.);
#3286 = ORIENTED_EDGE('',*,*,#2381,.T.);
#3287 = ORIENTED_EDGE('',*,*,#3266,.T.);
#3288 = PLANE('',#3289);
#3289 = AXIS2_PLACEMENT_3D('',#3290,#3291,#3292);
#3290 = CARTESIAN_POINT('',(0.,89.,62.));
#3291 = DIRECTION('',(0.,0.,1.));
#3292 = DIRECTION('',(1.,0.,0.));
#3293 = ADVANCED_FACE('',(#3294),#3304,.F.);
#3294 = FACE_BOUND('',#3295,.F.);
#3295 = EDGE_LOOP('',(#3296,#3302,#3303));
#3296 = ORIENTED_EDGE('',*,*,#3297,.T.);
#3297 = EDGE_CURVE('',#2535,#2612,#3298,.T.);
#3298 = LINE('',#3299,#3300);
#3299 = CARTESIAN_POINT('',(9.033378413095,98.,61.435398666648));
#3300 = VECTOR('',#3301,1.);
#3301 = DIRECTION('',(-0.707106781187,0.,-0.707106781187));
#3302 = ORIENTED_EDGE('',*,*,#2619,.T.);
#3303 = ORIENTED_EDGE('',*,*,#2534,.T.);
#3304 = PLANE('',#3305);
#3305 = AXIS2_PLACEMENT_3D('',#3306,#3307,#3308);
#3306 = CARTESIAN_POINT('',(2.956109871463,98.,66.043890128537));
#3307 = DIRECTION('',(-0.,-1.,-0.));
#3308 = DIRECTION('',(0.,0.,-1.));
#3309 = ADVANCED_FACE('',(#3310),#3321,.F.);
#3310 = FACE_BOUND('',#3311,.F.);
#3311 = EDGE_LOOP('',(#3312,#3313,#3314,#3315));
#3312 = ORIENTED_EDGE('',*,*,#2611,.F.);
#3313 = ORIENTED_EDGE('',*,*,#3297,.F.);
#3314 = ORIENTED_EDGE('',*,*,#2542,.T.);
#3315 = ORIENTED_EDGE('',*,*,#3316,.T.);
#3316 = EDGE_CURVE('',#2543,#2604,#3317,.T.);
#3317 = LINE('',#3318,#3319);
#3318 = CARTESIAN_POINT('',(9.033378413095,131.5,61.435398666648));
#3319 = VECTOR('',#3320,1.);
#3320 = DIRECTION('',(-0.707106781187,0.,-0.707106781187));
#3321 = PLANE('',#3322);
#3322 = AXIS2_PLACEMENT_3D('',#3323,#3324,#3325);
#3323 = CARTESIAN_POINT('',(9.767766952966,114.75,62.16978720652));
#3324 = DIRECTION('',(-0.707106781187,0.,0.707106781187));
#3325 = DIRECTION('',(0.707106781187,0.,0.707106781187));
#3326 = ADVANCED_FACE('',(#3327),#3332,.T.);
#3327 = FACE_BOUND('',#3328,.T.);
#3328 = EDGE_LOOP('',(#3329,#3330,#3331));
#3329 = ORIENTED_EDGE('',*,*,#3316,.T.);
#3330 = ORIENTED_EDGE('',*,*,#2603,.T.);
#3331 = ORIENTED_EDGE('',*,*,#2550,.T.);
#3332 = PLANE('',#3333);
#3333 = AXIS2_PLACEMENT_3D('',#3334,#3335,#3336);
#3334 = CARTESIAN_POINT('',(2.956109871463,131.5,66.043890128537));
#3335 = DIRECTION('',(-0.,-1.,-0.));
#3336 = DIRECTION('',(0.,0.,-1.));
#3337 = ADVANCED_FACE('',(#3338),#3386,.T.);
#3338 = FACE_BOUND('',#3339,.T.);
#3339 = EDGE_LOOP('',(#3340,#3341,#3342,#3343,#3344,#3352,#3361,#3370,
    #3376,#3377,#3378,#3379,#3380,#3381,#3382,#3383,#3384,#3385));
#3340 = ORIENTED_EDGE('',*,*,#2666,.F.);
#3341 = ORIENTED_EDGE('',*,*,#2705,.T.);
#3342 = ORIENTED_EDGE('',*,*,#2727,.T.);
#3343 = ORIENTED_EDGE('',*,*,#2812,.F.);
#3344 = ORIENTED_EDGE('',*,*,#3345,.F.);
#3345 = EDGE_CURVE('',#3346,#2805,#3348,.T.);
#3346 = VERTEX_POINT('',#3347);
#3347 = CARTESIAN_POINT('',(17.,140.5,83.497551661561));
#3348 = LINE('',#3349,#3350);
#3349 = CARTESIAN_POINT('',(17.,140.5,62.));
#3350 = VECTOR('',#3351,1.);
#3351 = DIRECTION('',(0.,0.,1.));
#3352 = ORIENTED_EDGE('',*,*,#3353,.T.);
#3353 = EDGE_CURVE('',#3346,#3354,#3356,.T.);
#3354 = VERTEX_POINT('',#3355);
#3355 = CARTESIAN_POINT('',(15.904429268323,140.5,82.));
#3356 = HYPERBOLA('',#3357,12.,6.);
#3357 = AXIS2_PLACEMENT_3D('',#3358,#3359,#3360);
#3358 = CARTESIAN_POINT('',(8.176776695297,140.5,91.691495321058));
#3359 = DIRECTION('',(0.,1.,0.));
#3360 = DIRECTION('',(0.707106781187,0.,-0.707106781187));
#3361 = ORIENTED_EDGE('',*,*,#3362,.T.);
#3362 = EDGE_CURVE('',#3354,#3363,#3365,.T.);
#3363 = VERTEX_POINT('',#3364);
#3364 = CARTESIAN_POINT('',(15.601397897755,140.5,77.90291308792));
#3365 = HYPERBOLA('',#3366,12.,6.);
#3366 = AXIS2_PLACEMENT_3D('',#3367,#3368,#3369);
#3367 = CARTESIAN_POINT('',(8.176776695297,140.5,91.691495321058));
#3368 = DIRECTION('',(0.,1.,0.));
#3369 = DIRECTION('',(0.707106781187,0.,-0.707106781187));
#3370 = ORIENTED_EDGE('',*,*,#3371,.T.);
#3371 = EDGE_CURVE('',#3363,#2962,#3372,.T.);
#3372 = LINE('',#3373,#3374);
#3373 = CARTESIAN_POINT('',(11.150722068032,140.5,73.452237258197));
#3374 = VECTOR('',#3375,1.);
#3375 = DIRECTION('',(0.707106781187,0.,0.707106781187));
#3376 = ORIENTED_EDGE('',*,*,#2961,.F.);
#3377 = ORIENTED_EDGE('',*,*,#3112,.F.);
#3378 = ORIENTED_EDGE('',*,*,#3162,.F.);
#3379 = ORIENTED_EDGE('',*,*,#3186,.F.);
#3380 = ORIENTED_EDGE('',*,*,#3210,.F.);
#3381 = ORIENTED_EDGE('',*,*,#3234,.F.);
#3382 = ORIENTED_EDGE('',*,*,#3258,.F.);
#3383 = ORIENTED_EDGE('',*,*,#3280,.F.);
#3384 = ORIENTED_EDGE('',*,*,#2566,.F.);
#3385 = ORIENTED_EDGE('',*,*,#2596,.F.);
#3386 = PLANE('',#3387);
#3387 = AXIS2_PLACEMENT_3D('',#3388,#3389,#3390);
#3388 = CARTESIAN_POINT('',(3.677345166934,140.5,66.741741778126));
#3389 = DIRECTION('',(0.,1.,0.));
#3390 = DIRECTION('',(0.,0.,1.));
#3391 = ADVANCED_FACE('',(#3392),#3429,.T.);
#3392 = FACE_BOUND('',#3393,.T.);
#3393 = EDGE_LOOP('',(#3394,#3402,#3403,#3404,#3413,#3422));
#3394 = ORIENTED_EDGE('',*,*,#3395,.T.);
#3395 = EDGE_CURVE('',#3396,#2630,#3398,.T.);
#3396 = VERTEX_POINT('',#3397);
#3397 = CARTESIAN_POINT('',(0.,95.,50.370797333296));
#3398 = LINE('',#3399,#3400);
#3399 = CARTESIAN_POINT('',(0.398602102245,95.,49.972195231052));
#3400 = VECTOR('',#3401,1.);
#3401 = DIRECTION('',(-0.707106781187,0.,0.707106781187));
#3402 = ORIENTED_EDGE('',*,*,#2629,.T.);
#3403 = ORIENTED_EDGE('',*,*,#3395,.F.);
#3404 = ORIENTED_EDGE('',*,*,#3405,.F.);
#3405 = EDGE_CURVE('',#3406,#3396,#3408,.T.);
#3406 = VERTEX_POINT('',#3407);
#3407 = CARTESIAN_POINT('',(-1.7763568394E-15,97.180735935191,
    49.573593128807));
#3408 = ELLIPSE('',#3409,6.363961030679,4.5);
#3409 = AXIS2_PLACEMENT_3D('',#3410,#3411,#3412);
#3410 = CARTESIAN_POINT('',(0.,95.,44.006836302617));
#3411 = DIRECTION('',(1.,0.,-0.));
#3412 = DIRECTION('',(0.,0.,1.));
#3413 = ORIENTED_EDGE('',*,*,#3414,.T.);
#3414 = EDGE_CURVE('',#3406,#3415,#3417,.T.);
#3415 = VERTEX_POINT('',#3416);
#3416 = CARTESIAN_POINT('',(-1.7763568394E-15,92.819264064809,
    49.573593128807));
#3417 = CIRCLE('',#3418,4.5);
#3418 = AXIS2_PLACEMENT_3D('',#3419,#3420,#3421);
#3419 = CARTESIAN_POINT('',(-2.783378413095,95.,46.790214715712));
#3420 = DIRECTION('',(-0.707106781187,0.,0.707106781187));
#3421 = DIRECTION('',(0.707106781187,0.,0.707106781187));
#3422 = ORIENTED_EDGE('',*,*,#3423,.F.);
#3423 = EDGE_CURVE('',#3396,#3415,#3424,.T.);
#3424 = ELLIPSE('',#3425,6.363961030679,4.5);
#3425 = AXIS2_PLACEMENT_3D('',#3426,#3427,#3428);
#3426 = CARTESIAN_POINT('',(0.,95.,44.006836302617));
#3427 = DIRECTION('',(1.,0.,-0.));
#3428 = DIRECTION('',(0.,0.,1.));
#3429 = CYLINDRICAL_SURFACE('',#3430,4.5);
#3430 = AXIS2_PLACEMENT_3D('',#3431,#3432,#3433);
#3431 = CARTESIAN_POINT('',(-2.783378413095,95.,46.790214715712));
#3432 = DIRECTION('',(-0.707106781187,0.,0.707106781187));
#3433 = DIRECTION('',(0.707106781187,0.,0.707106781187));
#3434 = ADVANCED_FACE('',(#3435),#3491,.T.);
#3435 = FACE_BOUND('',#3436,.T.);
#3436 = EDGE_LOOP('',(#3437,#3445,#3446,#3447,#3462,#3471,#3480));
#3437 = ORIENTED_EDGE('',*,*,#3438,.T.);
#3438 = EDGE_CURVE('',#3439,#2641,#3441,.T.);
#3439 = VERTEX_POINT('',#3440);
#3440 = CARTESIAN_POINT('',(2.086962844932E-02,134.5,50.349927704847));
#3441 = LINE('',#3442,#3443);
#3442 = CARTESIAN_POINT('',(0.398602102245,134.5,49.972195231052));
#3443 = VECTOR('',#3444,1.);
#3444 = DIRECTION('',(-0.707106781187,0.,0.707106781187));
#3445 = ORIENTED_EDGE('',*,*,#2640,.T.);
#3446 = ORIENTED_EDGE('',*,*,#3438,.F.);
#3447 = ORIENTED_EDGE('',*,*,#3448,.T.);
#3448 = EDGE_CURVE('',#3439,#3449,#3451,.T.);
#3449 = VERTEX_POINT('',#3450);
#3450 = CARTESIAN_POINT('',(0.268351593672,135.77431861463,
    49.841944722479));
#3451 = B_SPLINE_CURVE_WITH_KNOTS('',5,(#3452,#3453,#3454,#3455,#3456,
    #3457,#3458,#3459,#3460,#3461),.UNSPECIFIED.,.F.,.F.,(6,4,6),(0.,
    0.391155290303,1.),.UNSPECIFIED.);
#3452 = CARTESIAN_POINT('',(2.08696284493E-02,134.5,50.349927704847));
#3453 = CARTESIAN_POINT('',(3.116310359282E-02,134.62309205971,
    50.339634229704));
#3454 = CARTESIAN_POINT('',(4.435826749054E-02,134.74274118268,
    50.32048719228));
#3455 = CARTESIAN_POINT('',(6.006437004166E-02,134.85820220031,
    50.293541718263));
#3456 = CARTESIAN_POINT('',(7.775570123983E-02,134.96867440567,
    50.26018961859));
#3457 = CARTESIAN_POINT('',(0.126385811388,135.23614413649,
    50.162973655277));
#3458 = CARTESIAN_POINT('',(0.15948091003,135.38626343137,
    50.091933609137));
#3459 = CARTESIAN_POINT('',(0.194611505817,135.52484816924,
    50.01335964189));
#3460 = CARTESIAN_POINT('',(0.230957097857,135.65352182412,
    49.929780674742));
#3461 = CARTESIAN_POINT('',(0.268351847047,135.77431943312,
    49.841944127326));
#3462 = ORIENTED_EDGE('',*,*,#3463,.T.);
#3463 = EDGE_CURVE('',#3449,#3464,#3466,.T.);
#3464 = VERTEX_POINT('',#3465);
#3465 = CARTESIAN_POINT('',(-1.7763568394E-15,132.3192640648,
    49.573593128807));
#3466 = CIRCLE('',#3467,4.5);
#3467 = AXIS2_PLACEMENT_3D('',#3468,#3469,#3470);
#3468 = CARTESIAN_POINT('',(-2.783378413095,134.5,46.790214715712));
#3469 = DIRECTION('',(-0.707106781187,0.,0.707106781187));
#3470 = DIRECTION('',(0.707106781187,0.,0.707106781187));
#3471 = ORIENTED_EDGE('',*,*,#3472,.F.);
#3472 = EDGE_CURVE('',#3473,#3464,#3475,.T.);
#3473 = VERTEX_POINT('',#3474);
#3474 = CARTESIAN_POINT('',(0.,134.,50.331391622954));
#3475 = ELLIPSE('',#3476,6.363961030679,4.5);
#3476 = AXIS2_PLACEMENT_3D('',#3477,#3478,#3479);
#3477 = CARTESIAN_POINT('',(0.,134.5,44.006836302617));
#3478 = DIRECTION('',(1.,0.,-0.));
#3479 = DIRECTION('',(0.,0.,1.));
#3480 = ORIENTED_EDGE('',*,*,#3481,.T.);
#3481 = EDGE_CURVE('',#3473,#3439,#3482,.T.);
#3482 = B_SPLINE_CURVE_WITH_KNOTS('',4,(#3483,#3484,#3485,#3486,#3487,
    #3488,#3489,#3490),.UNSPECIFIED.,.F.,.F.,(5,3,5),(0.,0.57117252438,
    1.),.UNSPECIFIED.);
#3483 = CARTESIAN_POINT('',(2.22044604925E-16,134.,50.331391622954));
#3484 = CARTESIAN_POINT('',(2.306169573968E-16,134.06999857001,
    50.342459368665));
#3485 = CARTESIAN_POINT('',(1.088776338756E-03,134.14123384699,
    50.350542062374));
#3486 = CARTESIAN_POINT('',(3.353348508577E-03,134.21310435569,
    50.355313485683));
#3487 = CARTESIAN_POINT('',(9.341898967348E-03,134.33902495231,
    50.357841801458));
#3488 = CARTESIAN_POINT('',(1.256084079596E-02,134.39303526238,
    50.357049632815));
#3489 = CARTESIAN_POINT('',(1.641856001219E-02,134.44677296304,
    50.354378773284));
#3490 = CARTESIAN_POINT('',(2.08696284493E-02,134.5,50.349927704847));
#3491 = CYLINDRICAL_SURFACE('',#3492,4.5);
#3492 = AXIS2_PLACEMENT_3D('',#3493,#3494,#3495);
#3493 = CARTESIAN_POINT('',(-2.783378413095,134.5,46.790214715712));
#3494 = DIRECTION('',(-0.707106781187,0.,0.707106781187));
#3495 = DIRECTION('',(0.707106781187,0.,0.707106781187));
#3496 = ADVANCED_FACE('',(#3497),#3516,.F.);
#3497 = FACE_BOUND('',#3498,.F.);
#3498 = EDGE_LOOP('',(#3499,#3500,#3508,#3515));
#3499 = ORIENTED_EDGE('',*,*,#2675,.F.);
#3500 = ORIENTED_EDGE('',*,*,#3501,.F.);
#3501 = EDGE_CURVE('',#3502,#2676,#3504,.T.);
#3502 = VERTEX_POINT('',#3503);
#3503 = CARTESIAN_POINT('',(-6.106780284672,134.5,53.366307780747));
#3504 = LINE('',#3505,#3506);
#3505 = CARTESIAN_POINT('',(-6.106780284672,134.5,53.366307780747));
#3506 = VECTOR('',#3507,1.);
#3507 = DIRECTION('',(-0.707106781187,0.,0.707106781187));
#3508 = ORIENTED_EDGE('',*,*,#3509,.T.);
#3509 = EDGE_CURVE('',#3502,#3502,#3510,.T.);
#3510 = CIRCLE('',#3511,2.3);
#3511 = AXIS2_PLACEMENT_3D('',#3512,#3513,#3514);
#3512 = CARTESIAN_POINT('',(-7.733125881401,134.5,51.739962184018));
#3513 = DIRECTION('',(-0.707106781187,0.,0.707106781187));
#3514 = DIRECTION('',(0.707106781187,0.,0.707106781187));
#3515 = ORIENTED_EDGE('',*,*,#3501,.T.);
#3516 = CYLINDRICAL_SURFACE('',#3517,2.3);
#3517 = AXIS2_PLACEMENT_3D('',#3518,#3519,#3520);
#3518 = CARTESIAN_POINT('',(-7.733125881401,134.5,51.739962184018));
#3519 = DIRECTION('',(-0.707106781187,0.,0.707106781187));
#3520 = DIRECTION('',(0.707106781187,0.,0.707106781187));
#3521 = ADVANCED_FACE('',(#3522),#3541,.F.);
#3522 = FACE_BOUND('',#3523,.F.);
#3523 = EDGE_LOOP('',(#3524,#3525,#3533,#3540));
#3524 = ORIENTED_EDGE('',*,*,#2686,.F.);
#3525 = ORIENTED_EDGE('',*,*,#3526,.F.);
#3526 = EDGE_CURVE('',#3527,#2687,#3529,.T.);
#3527 = VERTEX_POINT('',#3528);
#3528 = CARTESIAN_POINT('',(-6.106780284672,95.,53.366307780747));
#3529 = LINE('',#3530,#3531);
#3530 = CARTESIAN_POINT('',(-6.106780284672,95.,53.366307780747));
#3531 = VECTOR('',#3532,1.);
#3532 = DIRECTION('',(-0.707106781187,0.,0.707106781187));
#3533 = ORIENTED_EDGE('',*,*,#3534,.T.);
#3534 = EDGE_CURVE('',#3527,#3527,#3535,.T.);
#3535 = CIRCLE('',#3536,2.3);
#3536 = AXIS2_PLACEMENT_3D('',#3537,#3538,#3539);
#3537 = CARTESIAN_POINT('',(-7.733125881401,95.,51.739962184018));
#3538 = DIRECTION('',(-0.707106781187,0.,0.707106781187));
#3539 = DIRECTION('',(0.707106781187,0.,0.707106781187));
#3540 = ORIENTED_EDGE('',*,*,#3526,.T.);
#3541 = CYLINDRICAL_SURFACE('',#3542,2.3);
#3542 = AXIS2_PLACEMENT_3D('',#3543,#3544,#3545);
#3543 = CARTESIAN_POINT('',(-7.733125881401,95.,51.739962184018));
#3544 = DIRECTION('',(-0.707106781187,0.,0.707106781187));
#3545 = DIRECTION('',(0.707106781187,0.,0.707106781187));
#3546 = ADVANCED_FACE('',(#3547),#3560,.T.);
#3547 = FACE_BOUND('',#3548,.T.);
#3548 = EDGE_LOOP('',(#3549,#3550,#3551,#3552,#3559));
#3549 = ORIENTED_EDGE('',*,*,#2769,.F.);
#3550 = ORIENTED_EDGE('',*,*,#2866,.F.);
#3551 = ORIENTED_EDGE('',*,*,#2895,.T.);
#3552 = ORIENTED_EDGE('',*,*,#3553,.T.);
#3553 = EDGE_CURVE('',#2896,#3011,#3554,.T.);
#3554 = ELLIPSE('',#3555,12.921993761411,7.913072793721);
#3555 = AXIS2_PLACEMENT_3D('',#3556,#3557,#3558);
#3556 = CARTESIAN_POINT('',(24.32926889706,95.,82.));
#3557 = DIRECTION('',(0.,0.,1.));
#3558 = DIRECTION('',(1.,0.,0.));
#3559 = ORIENTED_EDGE('',*,*,#3010,.T.);
#3560 = CONICAL_SURFACE('',#3561,7.5,0.463647609001);
#3561 = AXIS2_PLACEMENT_3D('',#3562,#3563,#3564);
#3562 = CARTESIAN_POINT('',(18.783378413095,95.,81.08489360326));
#3563 = DIRECTION('',(0.707106781187,0.,-0.707106781187));
#3564 = DIRECTION('',(0.707106781187,0.,0.707106781187));
#3565 = ADVANCED_FACE('',(#3566),#3577,.T.);
#3566 = FACE_BOUND('',#3567,.T.);
#3567 = EDGE_LOOP('',(#3568,#3575,#3576));
#3568 = ORIENTED_EDGE('',*,*,#3569,.F.);
#3569 = EDGE_CURVE('',#3346,#2796,#3570,.T.);
#3570 = ELLIPSE('',#3571,11.764297739604,7.204131661052);
#3571 = AXIS2_PLACEMENT_3D('',#3572,#3573,#3574);
#3572 = CARTESIAN_POINT('',(17.,134.5,76.986123146552));
#3573 = DIRECTION('',(1.,-0.,0.));
#3574 = DIRECTION('',(0.,0.,-1.));
#3575 = ORIENTED_EDGE('',*,*,#3345,.T.);
#3576 = ORIENTED_EDGE('',*,*,#2804,.F.);
#3577 = PLANE('',#3578);
#3578 = AXIS2_PLACEMENT_3D('',#3579,#3580,#3581);
#3579 = CARTESIAN_POINT('',(17.,114.75,75.553952981676));
#3580 = DIRECTION('',(1.,0.,0.));
#3581 = DIRECTION('',(0.,0.,1.));
#3582 = ADVANCED_FACE('',(#3583),#3604,.T.);
#3583 = FACE_BOUND('',#3584,.T.);
#3584 = EDGE_LOOP('',(#3585,#3586,#3594,#3601,#3602,#3603));
#3585 = ORIENTED_EDGE('',*,*,#2795,.F.);
#3586 = ORIENTED_EDGE('',*,*,#3587,.F.);
#3587 = EDGE_CURVE('',#3588,#2787,#3590,.T.);
#3588 = VERTEX_POINT('',#3589);
#3589 = CARTESIAN_POINT('',(24.086679271994,134.5,86.388194462159));
#3590 = LINE('',#3591,#3592);
#3591 = CARTESIAN_POINT('',(24.086679271994,134.5,86.388194462159));
#3592 = VECTOR('',#3593,1.);
#3593 = DIRECTION('',(-0.948683298051,1.095357396528E-16,0.316227766017)
  );
#3594 = ORIENTED_EDGE('',*,*,#3595,.T.);
#3595 = EDGE_CURVE('',#3588,#3363,#3596,.T.);
#3596 = CIRCLE('',#3597,7.5);
#3597 = AXIS2_PLACEMENT_3D('',#3598,#3599,#3600);
#3598 = CARTESIAN_POINT('',(18.783378413095,134.5,81.08489360326));
#3599 = DIRECTION('',(-0.707106781187,0.,0.707106781187));
#3600 = DIRECTION('',(0.707106781187,0.,0.707106781187));
#3601 = ORIENTED_EDGE('',*,*,#3362,.F.);
#3602 = ORIENTED_EDGE('',*,*,#3353,.F.);
#3603 = ORIENTED_EDGE('',*,*,#3569,.T.);
#3604 = CONICAL_SURFACE('',#3605,7.5,0.463647609001);
#3605 = AXIS2_PLACEMENT_3D('',#3606,#3607,#3608);
#3606 = CARTESIAN_POINT('',(18.783378413095,134.5,81.08489360326));
#3607 = DIRECTION('',(0.707106781187,0.,-0.707106781187));
#3608 = DIRECTION('',(0.707106781187,0.,0.707106781187));
#3609 = ADVANCED_FACE('',(#3610),#3631,.T.);
#3610 = FACE_BOUND('',#3611,.T.);
#3611 = EDGE_LOOP('',(#3612,#3621,#3622,#3623,#3624));
#3612 = ORIENTED_EDGE('',*,*,#3613,.T.);
#3613 = EDGE_CURVE('',#3614,#3588,#3616,.T.);
#3614 = VERTEX_POINT('',#3615);
#3615 = CARTESIAN_POINT('',(19.698484809835,127.11249970793,82.));
#3616 = CIRCLE('',#3617,7.5);
#3617 = AXIS2_PLACEMENT_3D('',#3618,#3619,#3620);
#3618 = CARTESIAN_POINT('',(18.783378413095,134.5,81.08489360326));
#3619 = DIRECTION('',(-0.707106781187,0.,0.707106781187));
#3620 = DIRECTION('',(0.707106781187,0.,0.707106781187));
#3621 = ORIENTED_EDGE('',*,*,#3587,.T.);
#3622 = ORIENTED_EDGE('',*,*,#2786,.F.);
#3623 = ORIENTED_EDGE('',*,*,#3002,.T.);
#3624 = ORIENTED_EDGE('',*,*,#3625,.T.);
#3625 = EDGE_CURVE('',#2995,#3614,#3626,.T.);
#3626 = ELLIPSE('',#3627,12.921993761411,7.913072793721);
#3627 = AXIS2_PLACEMENT_3D('',#3628,#3629,#3630);
#3628 = CARTESIAN_POINT('',(24.32926889706,134.5,82.));
#3629 = DIRECTION('',(0.,0.,1.));
#3630 = DIRECTION('',(1.,0.,0.));
#3631 = CONICAL_SURFACE('',#3632,7.5,0.463647609001);
#3632 = AXIS2_PLACEMENT_3D('',#3633,#3634,#3635);
#3633 = CARTESIAN_POINT('',(18.783378413095,134.5,81.08489360326));
#3634 = DIRECTION('',(0.707106781187,0.,-0.707106781187));
#3635 = DIRECTION('',(0.707106781187,0.,0.707106781187));
#3636 = ADVANCED_FACE('',(#3637),#3664,.F.);
#3637 = FACE_BOUND('',#3638,.F.);
#3638 = EDGE_LOOP('',(#3639,#3640,#3648,#3655,#3656,#3663));
#3639 = ORIENTED_EDGE('',*,*,#2821,.F.);
#3640 = ORIENTED_EDGE('',*,*,#3641,.F.);
#3641 = EDGE_CURVE('',#3642,#2822,#3644,.T.);
#3642 = VERTEX_POINT('',#3643);
#3643 = CARTESIAN_POINT('',(21.120963209813,134.5,82.));
#3644 = LINE('',#3645,#3646);
#3645 = CARTESIAN_POINT('',(21.823937572197,134.5,81.297025637616));
#3646 = VECTOR('',#3647,1.);
#3647 = DIRECTION('',(-0.707106781187,0.,0.707106781187));
#3648 = ORIENTED_EDGE('',*,*,#3649,.T.);
#3649 = EDGE_CURVE('',#3642,#2978,#3650,.T.);
#3650 = ELLIPSE('',#3651,3.252691193458,2.3);
#3651 = AXIS2_PLACEMENT_3D('',#3652,#3653,#3654);
#3652 = CARTESIAN_POINT('',(17.868272016355,134.5,82.));
#3653 = DIRECTION('',(0.,0.,1.));
#3654 = DIRECTION('',(-1.,0.,0.));
#3655 = ORIENTED_EDGE('',*,*,#2985,.F.);
#3656 = ORIENTED_EDGE('',*,*,#3657,.T.);
#3657 = EDGE_CURVE('',#2986,#3642,#3658,.T.);
#3658 = ELLIPSE('',#3659,3.252691193458,2.3);
#3659 = AXIS2_PLACEMENT_3D('',#3660,#3661,#3662);
#3660 = CARTESIAN_POINT('',(17.868272016355,134.5,82.));
#3661 = DIRECTION('',(0.,0.,1.));
#3662 = DIRECTION('',(-1.,0.,0.));
#3663 = ORIENTED_EDGE('',*,*,#3641,.T.);
#3664 = CYLINDRICAL_SURFACE('',#3665,2.3);
#3665 = AXIS2_PLACEMENT_3D('',#3666,#3667,#3668);
#3666 = CARTESIAN_POINT('',(20.197591975468,134.5,79.670680040887));
#3667 = DIRECTION('',(-0.707106781187,0.,0.707106781187));
#3668 = DIRECTION('',(0.707106781187,0.,0.707106781187));
#3669 = ADVANCED_FACE('',(#3670),#3697,.F.);
#3670 = FACE_BOUND('',#3671,.F.);
#3671 = EDGE_LOOP('',(#3672,#3673,#3681,#3688,#3689,#3696));
#3672 = ORIENTED_EDGE('',*,*,#2832,.F.);
#3673 = ORIENTED_EDGE('',*,*,#3674,.F.);
#3674 = EDGE_CURVE('',#3675,#2833,#3677,.T.);
#3675 = VERTEX_POINT('',#3676);
#3676 = CARTESIAN_POINT('',(21.120963209813,95.,82.));
#3677 = LINE('',#3678,#3679);
#3678 = CARTESIAN_POINT('',(21.823937572197,95.,81.297025637616));
#3679 = VECTOR('',#3680,1.);
#3680 = DIRECTION('',(-0.707106781187,0.,0.707106781187));
#3681 = ORIENTED_EDGE('',*,*,#3682,.T.);
#3682 = EDGE_CURVE('',#3675,#3020,#3683,.T.);
#3683 = ELLIPSE('',#3684,3.252691193458,2.3);
#3684 = AXIS2_PLACEMENT_3D('',#3685,#3686,#3687);
#3685 = CARTESIAN_POINT('',(17.868272016355,95.,82.));
#3686 = DIRECTION('',(0.,0.,1.));
#3687 = DIRECTION('',(-1.,0.,0.));
#3688 = ORIENTED_EDGE('',*,*,#3027,.F.);
#3689 = ORIENTED_EDGE('',*,*,#3690,.T.);
#3690 = EDGE_CURVE('',#3028,#3675,#3691,.T.);
#3691 = ELLIPSE('',#3692,3.252691193458,2.3);
#3692 = AXIS2_PLACEMENT_3D('',#3693,#3694,#3695);
#3693 = CARTESIAN_POINT('',(17.868272016355,95.,82.));
#3694 = DIRECTION('',(0.,0.,1.));
#3695 = DIRECTION('',(-1.,0.,0.));
#3696 = ORIENTED_EDGE('',*,*,#3674,.T.);
#3697 = CYLINDRICAL_SURFACE('',#3698,2.3);
#3698 = AXIS2_PLACEMENT_3D('',#3699,#3700,#3701);
#3699 = CARTESIAN_POINT('',(20.197591975468,95.,79.670680040887));
#3700 = DIRECTION('',(-0.707106781187,0.,0.707106781187));
#3701 = DIRECTION('',(0.707106781187,0.,0.707106781187));
#3702 = ADVANCED_FACE('',(#3703),#3713,.F.);
#3703 = FACE_BOUND('',#3704,.F.);
#3704 = EDGE_LOOP('',(#3705,#3706,#3707));
#3705 = ORIENTED_EDGE('',*,*,#3044,.F.);
#3706 = ORIENTED_EDGE('',*,*,#2938,.T.);
#3707 = ORIENTED_EDGE('',*,*,#3708,.F.);
#3708 = EDGE_CURVE('',#3037,#2931,#3709,.T.);
#3709 = LINE('',#3710,#3711);
#3710 = CARTESIAN_POINT('',(17.,89.,82.));
#3711 = VECTOR('',#3712,1.);
#3712 = DIRECTION('',(1.,0.,0.));
#3713 = PLANE('',#3714);
#3714 = AXIS2_PLACEMENT_3D('',#3715,#3716,#3717);
#3715 = CARTESIAN_POINT('',(14.081565719501,89.,63.950898378663));
#3716 = DIRECTION('',(-0.,-1.,-0.));
#3717 = DIRECTION('',(0.,0.,-1.));
#3718 = ADVANCED_FACE('',(#3719),#3753,.F.);
#3719 = FACE_BOUND('',#3720,.F.);
#3720 = EDGE_LOOP('',(#3721,#3722,#3723,#3724,#3733,#3741,#3748,#3749,
    #3750,#3751,#3752));
#3721 = ORIENTED_EDGE('',*,*,#3036,.F.);
#3722 = ORIENTED_EDGE('',*,*,#3708,.T.);
#3723 = ORIENTED_EDGE('',*,*,#2930,.T.);
#3724 = ORIENTED_EDGE('',*,*,#3725,.T.);
#3725 = EDGE_CURVE('',#2922,#3726,#3728,.T.);
#3726 = VERTEX_POINT('',#3727);
#3727 = CARTESIAN_POINT('',(23.,92.338668763395,82.));
#3728 = ELLIPSE('',#3729,6.363961030679,4.5);
#3729 = AXIS2_PLACEMENT_3D('',#3730,#3731,#3732);
#3730 = CARTESIAN_POINT('',(17.868272016355,95.,82.));
#3731 = DIRECTION('',(0.,0.,1.));
#3732 = DIRECTION('',(-1.,0.,0.));
#3733 = ORIENTED_EDGE('',*,*,#3734,.T.);
#3734 = EDGE_CURVE('',#3726,#3735,#3737,.T.);
#3735 = VERTEX_POINT('',#3736);
#3736 = CARTESIAN_POINT('',(23.,97.661331236605,82.));
#3737 = LINE('',#3738,#3739);
#3738 = CARTESIAN_POINT('',(23.,89.,82.));
#3739 = VECTOR('',#3740,1.);
#3740 = DIRECTION('',(0.,1.,0.));
#3741 = ORIENTED_EDGE('',*,*,#3742,.T.);
#3742 = EDGE_CURVE('',#3735,#2905,#3743,.T.);
#3743 = ELLIPSE('',#3744,6.363961030679,4.5);
#3744 = AXIS2_PLACEMENT_3D('',#3745,#3746,#3747);
#3745 = CARTESIAN_POINT('',(17.868272016355,95.,82.));
#3746 = DIRECTION('',(0.,0.,1.));
#3747 = DIRECTION('',(-1.,0.,0.));
#3748 = ORIENTED_EDGE('',*,*,#2904,.T.);
#3749 = ORIENTED_EDGE('',*,*,#3553,.T.);
#3750 = ORIENTED_EDGE('',*,*,#3019,.F.);
#3751 = ORIENTED_EDGE('',*,*,#3682,.F.);
#3752 = ORIENTED_EDGE('',*,*,#3690,.F.);
#3753 = PLANE('',#3754);
#3754 = AXIS2_PLACEMENT_3D('',#3755,#3756,#3757);
#3755 = CARTESIAN_POINT('',(17.,89.,82.));
#3756 = DIRECTION('',(0.,0.,1.));
#3757 = DIRECTION('',(1.,0.,0.));
#3758 = ADVANCED_FACE('',(#3759),#3799,.T.);
#3759 = FACE_BOUND('',#3760,.T.);
#3760 = EDGE_LOOP('',(#3761,#3772,#3779,#3780,#3781,#3782,#3783,#3792));
#3761 = ORIENTED_EDGE('',*,*,#3762,.T.);
#3762 = EDGE_CURVE('',#3763,#3765,#3767,.T.);
#3763 = VERTEX_POINT('',#3764);
#3764 = CARTESIAN_POINT('',(28.329319959113,95.,77.90291308792));
#3765 = VERTEX_POINT('',#3766);
#3766 = CARTESIAN_POINT('',(23.,98.320823185059,72.573593128807));
#3767 = CIRCLE('',#3768,4.5);
#3768 = AXIS2_PLACEMENT_3D('',#3769,#3770,#3771);
#3769 = CARTESIAN_POINT('',(25.147339443774,95.,74.720932572581));
#3770 = DIRECTION('',(-0.707106781187,0.,0.707106781187));
#3771 = DIRECTION('',(0.707106781187,0.,0.707106781187));
#3772 = ORIENTED_EDGE('',*,*,#3773,.T.);
#3773 = EDGE_CURVE('',#3765,#3735,#3774,.T.);
#3774 = ELLIPSE('',#3775,6.363961030679,4.5);
#3775 = AXIS2_PLACEMENT_3D('',#3776,#3777,#3778);
#3776 = CARTESIAN_POINT('',(23.,95.,76.868272016355));
#3777 = DIRECTION('',(1.,0.,-0.));
#3778 = DIRECTION('',(0.,0.,1.));
#3779 = ORIENTED_EDGE('',*,*,#3742,.T.);
#3780 = ORIENTED_EDGE('',*,*,#2912,.F.);
#3781 = ORIENTED_EDGE('',*,*,#2921,.F.);
#3782 = ORIENTED_EDGE('',*,*,#3725,.T.);
#3783 = ORIENTED_EDGE('',*,*,#3784,.T.);
#3784 = EDGE_CURVE('',#3726,#3785,#3787,.T.);
#3785 = VERTEX_POINT('',#3786);
#3786 = CARTESIAN_POINT('',(23.,91.679176814941,72.573593128807));
#3787 = ELLIPSE('',#3788,6.363961030679,4.5);
#3788 = AXIS2_PLACEMENT_3D('',#3789,#3790,#3791);
#3789 = CARTESIAN_POINT('',(23.,95.,76.868272016355));
#3790 = DIRECTION('',(1.,0.,-0.));
#3791 = DIRECTION('',(0.,0.,1.));
#3792 = ORIENTED_EDGE('',*,*,#3793,.T.);
#3793 = EDGE_CURVE('',#3785,#3763,#3794,.T.);
#3794 = CIRCLE('',#3795,4.5);
#3795 = AXIS2_PLACEMENT_3D('',#3796,#3797,#3798);
#3796 = CARTESIAN_POINT('',(25.147339443774,95.,74.720932572581));
#3797 = DIRECTION('',(-0.707106781187,0.,0.707106781187));
#3798 = DIRECTION('',(0.707106781187,0.,0.707106781187));
#3799 = CYLINDRICAL_SURFACE('',#3800,4.5);
#3800 = AXIS2_PLACEMENT_3D('',#3801,#3802,#3803);
#3801 = CARTESIAN_POINT('',(25.147339443774,95.,74.720932572581));
#3802 = DIRECTION('',(-0.707106781187,0.,0.707106781187));
#3803 = DIRECTION('',(0.707106781187,0.,0.707106781187));
#3804 = ADVANCED_FACE('',(#3805),#3822,.F.);
#3805 = FACE_BOUND('',#3806,.F.);
#3806 = EDGE_LOOP('',(#3807,#3815,#3816));
#3807 = ORIENTED_EDGE('',*,*,#3808,.T.);
#3808 = EDGE_CURVE('',#3809,#2962,#3811,.T.);
#3809 = VERTEX_POINT('',#3810);
#3810 = CARTESIAN_POINT('',(19.698484809835,140.5,82.));
#3811 = LINE('',#3812,#3813);
#3812 = CARTESIAN_POINT('',(13.324426433547,140.5,75.625941623712));
#3813 = VECTOR('',#3814,1.);
#3814 = DIRECTION('',(-0.707106781187,0.,-0.707106781187));
#3815 = ORIENTED_EDGE('',*,*,#2969,.T.);
#3816 = ORIENTED_EDGE('',*,*,#3817,.T.);
#3817 = EDGE_CURVE('',#2970,#3809,#3818,.T.);
#3818 = LINE('',#3819,#3820);
#3819 = CARTESIAN_POINT('',(17.,140.5,82.));
#3820 = VECTOR('',#3821,1.);
#3821 = DIRECTION('',(1.,0.,0.));
#3822 = PLANE('',#3823);
#3823 = AXIS2_PLACEMENT_3D('',#3824,#3825,#3826);
#3824 = CARTESIAN_POINT('',(14.081565719501,140.5,63.950898378663));
#3825 = DIRECTION('',(0.,1.,0.));
#3826 = DIRECTION('',(0.,0.,1.));
#3827 = ADVANCED_FACE('',(#3828),#3876,.F.);
#3828 = FACE_BOUND('',#3829,.F.);
#3829 = EDGE_LOOP('',(#3830,#3831,#3832,#3840,#3849,#3857,#3866,#3872,
    #3873,#3874,#3875));
#3830 = ORIENTED_EDGE('',*,*,#2994,.F.);
#3831 = ORIENTED_EDGE('',*,*,#3625,.T.);
#3832 = ORIENTED_EDGE('',*,*,#3833,.T.);
#3833 = EDGE_CURVE('',#3614,#3834,#3836,.T.);
#3834 = VERTEX_POINT('',#3835);
#3835 = CARTESIAN_POINT('',(19.698484809835,130.19010898452,82.));
#3836 = LINE('',#3837,#3838);
#3837 = CARTESIAN_POINT('',(19.698484809835,111.75,82.));
#3838 = VECTOR('',#3839,1.);
#3839 = DIRECTION('',(0.,1.,0.));
#3840 = ORIENTED_EDGE('',*,*,#3841,.T.);
#3841 = EDGE_CURVE('',#3834,#3842,#3844,.T.);
#3842 = VERTEX_POINT('',#3843);
#3843 = CARTESIAN_POINT('',(23.,131.83866876339,82.));
#3844 = ELLIPSE('',#3845,6.363961030679,4.5);
#3845 = AXIS2_PLACEMENT_3D('',#3846,#3847,#3848);
#3846 = CARTESIAN_POINT('',(17.868272016355,134.5,82.));
#3847 = DIRECTION('',(0.,0.,1.));
#3848 = DIRECTION('',(-1.,0.,0.));
#3849 = ORIENTED_EDGE('',*,*,#3850,.T.);
#3850 = EDGE_CURVE('',#3842,#3851,#3853,.T.);
#3851 = VERTEX_POINT('',#3852);
#3852 = CARTESIAN_POINT('',(23.,137.1613312366,82.));
#3853 = LINE('',#3854,#3855);
#3854 = CARTESIAN_POINT('',(23.,89.,82.));
#3855 = VECTOR('',#3856,1.);
#3856 = DIRECTION('',(0.,1.,0.));
#3857 = ORIENTED_EDGE('',*,*,#3858,.T.);
#3858 = EDGE_CURVE('',#3851,#3859,#3861,.T.);
#3859 = VERTEX_POINT('',#3860);
#3860 = CARTESIAN_POINT('',(19.698484809835,138.80989101547,82.));
#3861 = ELLIPSE('',#3862,6.363961030679,4.5);
#3862 = AXIS2_PLACEMENT_3D('',#3863,#3864,#3865);
#3863 = CARTESIAN_POINT('',(17.868272016355,134.5,82.));
#3864 = DIRECTION('',(0.,0.,1.));
#3865 = DIRECTION('',(-1.,0.,0.));
#3866 = ORIENTED_EDGE('',*,*,#3867,.T.);
#3867 = EDGE_CURVE('',#3859,#3809,#3868,.T.);
#3868 = LINE('',#3869,#3870);
#3869 = CARTESIAN_POINT('',(19.698484809835,111.75,82.));
#3870 = VECTOR('',#3871,1.);
#3871 = DIRECTION('',(0.,1.,0.));
#3872 = ORIENTED_EDGE('',*,*,#3817,.F.);
#3873 = ORIENTED_EDGE('',*,*,#2977,.F.);
#3874 = ORIENTED_EDGE('',*,*,#3649,.F.);
#3875 = ORIENTED_EDGE('',*,*,#3657,.F.);
#3876 = PLANE('',#3877);
#3877 = AXIS2_PLACEMENT_3D('',#3878,#3879,#3880);
#3878 = CARTESIAN_POINT('',(17.,89.,82.));
#3879 = DIRECTION('',(0.,0.,1.));
#3880 = DIRECTION('',(1.,0.,0.));
#3881 = ADVANCED_FACE('',(#3882),#3901,.F.);
#3882 = FACE_BOUND('',#3883,.F.);
#3883 = EDGE_LOOP('',(#3884,#3892,#3899,#3900));
#3884 = ORIENTED_EDGE('',*,*,#3885,.T.);
#3885 = EDGE_CURVE('',#3053,#3886,#3888,.T.);
#3886 = VERTEX_POINT('',#3887);
#3887 = CARTESIAN_POINT('',(9.1,134.5,65.7));
#3888 = LINE('',#3889,#3890);
#3889 = CARTESIAN_POINT('',(17.1,134.5,65.7));
#3890 = VECTOR('',#3891,1.);
#3891 = DIRECTION('',(-1.,0.,0.));
#3892 = ORIENTED_EDGE('',*,*,#3893,.F.);
#3893 = EDGE_CURVE('',#3886,#3886,#3894,.T.);
#3894 = CIRCLE('',#3895,2.3);
#3895 = AXIS2_PLACEMENT_3D('',#3896,#3897,#3898);
#3896 = CARTESIAN_POINT('',(9.1,134.5,68.));
#3897 = DIRECTION('',(-1.,0.,0.));
#3898 = DIRECTION('',(0.,0.,-1.));
#3899 = ORIENTED_EDGE('',*,*,#3885,.F.);
#3900 = ORIENTED_EDGE('',*,*,#3052,.T.);
#3901 = CYLINDRICAL_SURFACE('',#3902,2.3);
#3902 = AXIS2_PLACEMENT_3D('',#3903,#3904,#3905);
#3903 = CARTESIAN_POINT('',(17.1,134.5,68.));
#3904 = DIRECTION('',(-1.,0.,0.));
#3905 = DIRECTION('',(0.,0.,-1.));
#3906 = ADVANCED_FACE('',(#3907),#3926,.F.);
#3907 = FACE_BOUND('',#3908,.F.);
#3908 = EDGE_LOOP('',(#3909,#3917,#3924,#3925));
#3909 = ORIENTED_EDGE('',*,*,#3910,.T.);
#3910 = EDGE_CURVE('',#3064,#3911,#3913,.T.);
#3911 = VERTEX_POINT('',#3912);
#3912 = CARTESIAN_POINT('',(9.1,134.5,73.7));
#3913 = LINE('',#3914,#3915);
#3914 = CARTESIAN_POINT('',(17.1,134.5,73.7));
#3915 = VECTOR('',#3916,1.);
#3916 = DIRECTION('',(-1.,0.,0.));
#3917 = ORIENTED_EDGE('',*,*,#3918,.F.);
#3918 = EDGE_CURVE('',#3911,#3911,#3919,.T.);
#3919 = CIRCLE('',#3920,2.3);
#3920 = AXIS2_PLACEMENT_3D('',#3921,#3922,#3923);
#3921 = CARTESIAN_POINT('',(9.1,134.5,76.));
#3922 = DIRECTION('',(-1.,0.,0.));
#3923 = DIRECTION('',(0.,0.,-1.));
#3924 = ORIENTED_EDGE('',*,*,#3910,.F.);
#3925 = ORIENTED_EDGE('',*,*,#3063,.T.);
#3926 = CYLINDRICAL_SURFACE('',#3927,2.3);
#3927 = AXIS2_PLACEMENT_3D('',#3928,#3929,#3930);
#3928 = CARTESIAN_POINT('',(17.1,134.5,76.));
#3929 = DIRECTION('',(-1.,0.,0.));
#3930 = DIRECTION('',(0.,0.,-1.));
#3931 = ADVANCED_FACE('',(#3932),#3951,.F.);
#3932 = FACE_BOUND('',#3933,.F.);
#3933 = EDGE_LOOP('',(#3934,#3942,#3949,#3950));
#3934 = ORIENTED_EDGE('',*,*,#3935,.T.);
#3935 = EDGE_CURVE('',#3075,#3936,#3938,.T.);
#3936 = VERTEX_POINT('',#3937);
#3937 = CARTESIAN_POINT('',(9.1,95.,65.7));
#3938 = LINE('',#3939,#3940);
#3939 = CARTESIAN_POINT('',(17.1,95.,65.7));
#3940 = VECTOR('',#3941,1.);
#3941 = DIRECTION('',(-1.,0.,0.));
#3942 = ORIENTED_EDGE('',*,*,#3943,.F.);
#3943 = EDGE_CURVE('',#3936,#3936,#3944,.T.);
#3944 = CIRCLE('',#3945,2.3);
#3945 = AXIS2_PLACEMENT_3D('',#3946,#3947,#3948);
#3946 = CARTESIAN_POINT('',(9.1,95.,68.));
#3947 = DIRECTION('',(-1.,0.,0.));
#3948 = DIRECTION('',(0.,0.,-1.));
#3949 = ORIENTED_EDGE('',*,*,#3935,.F.);
#3950 = ORIENTED_EDGE('',*,*,#3074,.T.);
#3951 = CYLINDRICAL_SURFACE('',#3952,2.3);
#3952 = AXIS2_PLACEMENT_3D('',#3953,#3954,#3955);
#3953 = CARTESIAN_POINT('',(17.1,95.,68.));
#3954 = DIRECTION('',(-1.,0.,0.));
#3955 = DIRECTION('',(0.,0.,-1.));
#3956 = ADVANCED_FACE('',(#3957),#3976,.F.);
#3957 = FACE_BOUND('',#3958,.F.);
#3958 = EDGE_LOOP('',(#3959,#3967,#3974,#3975));
#3959 = ORIENTED_EDGE('',*,*,#3960,.T.);
#3960 = EDGE_CURVE('',#3086,#3961,#3963,.T.);
#3961 = VERTEX_POINT('',#3962);
#3962 = CARTESIAN_POINT('',(9.1,95.,73.7));
#3963 = LINE('',#3964,#3965);
#3964 = CARTESIAN_POINT('',(17.1,95.,73.7));
#3965 = VECTOR('',#3966,1.);
#3966 = DIRECTION('',(-1.,0.,0.));
#3967 = ORIENTED_EDGE('',*,*,#3968,.F.);
#3968 = EDGE_CURVE('',#3961,#3961,#3969,.T.);
#3969 = CIRCLE('',#3970,2.3);
#3970 = AXIS2_PLACEMENT_3D('',#3971,#3972,#3973);
#3971 = CARTESIAN_POINT('',(9.1,95.,76.));
#3972 = DIRECTION('',(-1.,0.,0.));
#3973 = DIRECTION('',(0.,0.,-1.));
#3974 = ORIENTED_EDGE('',*,*,#3960,.F.);
#3975 = ORIENTED_EDGE('',*,*,#3085,.T.);
#3976 = CYLINDRICAL_SURFACE('',#3977,2.3);
#3977 = AXIS2_PLACEMENT_3D('',#3978,#3979,#3980);
#3978 = CARTESIAN_POINT('',(17.1,95.,76.));
#3979 = DIRECTION('',(-1.,0.,0.));
#3980 = DIRECTION('',(0.,0.,-1.));
#3981 = ADVANCED_FACE('',(#3982),#4007,.F.);
#3982 = FACE_BOUND('',#3983,.F.);
#3983 = EDGE_LOOP('',(#3984,#3992,#3993,#4001));
#3984 = ORIENTED_EDGE('',*,*,#3985,.F.);
#3985 = EDGE_CURVE('',#3123,#3986,#3988,.T.);
#3986 = VERTEX_POINT('',#3987);
#3987 = CARTESIAN_POINT('',(14.2,117.2,64.2));
#3988 = LINE('',#3989,#3990);
#3989 = CARTESIAN_POINT('',(14.2,117.2,61.9));
#3990 = VECTOR('',#3991,1.);
#3991 = DIRECTION('',(0.,0.,1.));
#3992 = ORIENTED_EDGE('',*,*,#3120,.F.);
#3993 = ORIENTED_EDGE('',*,*,#3994,.T.);
#3994 = EDGE_CURVE('',#3121,#3995,#3997,.T.);
#3995 = VERTEX_POINT('',#3996);
#3996 = CARTESIAN_POINT('',(9.8,117.2,64.2));
#3997 = LINE('',#3998,#3999);
#3998 = CARTESIAN_POINT('',(9.8,117.2,61.9));
#3999 = VECTOR('',#4000,1.);
#4000 = DIRECTION('',(0.,0.,1.));
#4001 = ORIENTED_EDGE('',*,*,#4002,.T.);
#4002 = EDGE_CURVE('',#3995,#3986,#4003,.T.);
#4003 = LINE('',#4004,#4005);
#4004 = CARTESIAN_POINT('',(9.8,117.2,64.2));
#4005 = VECTOR('',#4006,1.);
#4006 = DIRECTION('',(1.,0.,0.));
#4007 = PLANE('',#4008);
#4008 = AXIS2_PLACEMENT_3D('',#4009,#4010,#4011);
#4009 = CARTESIAN_POINT('',(9.8,117.2,61.9));
#4010 = DIRECTION('',(0.,1.,0.));
#4011 = DIRECTION('',(0.,0.,1.));
#4012 = ADVANCED_FACE('',(#4013),#4031,.T.);
#4013 = FACE_BOUND('',#4014,.T.);
#4014 = EDGE_LOOP('',(#4015,#4023,#4024,#4025));
#4015 = ORIENTED_EDGE('',*,*,#4016,.F.);
#4016 = EDGE_CURVE('',#3131,#4017,#4019,.T.);
#4017 = VERTEX_POINT('',#4018);
#4018 = CARTESIAN_POINT('',(9.8,112.8,64.2));
#4019 = LINE('',#4020,#4021);
#4020 = CARTESIAN_POINT('',(9.8,112.8,61.9));
#4021 = VECTOR('',#4022,1.);
#4022 = DIRECTION('',(0.,0.,1.));
#4023 = ORIENTED_EDGE('',*,*,#3130,.F.);
#4024 = ORIENTED_EDGE('',*,*,#3994,.T.);
#4025 = ORIENTED_EDGE('',*,*,#4026,.F.);
#4026 = EDGE_CURVE('',#4017,#3995,#4027,.T.);
#4027 = LINE('',#4028,#4029);
#4028 = CARTESIAN_POINT('',(9.8,112.8,64.2));
#4029 = VECTOR('',#4030,1.);
#4030 = DIRECTION('',(0.,1.,0.));
#4031 = PLANE('',#4032);
#4032 = AXIS2_PLACEMENT_3D('',#4033,#4034,#4035);
#4033 = CARTESIAN_POINT('',(9.8,112.8,61.9));
#4034 = DIRECTION('',(1.,0.,0.));
#4035 = DIRECTION('',(0.,0.,1.));
#4036 = ADVANCED_FACE('',(#4037),#4055,.T.);
#4037 = FACE_BOUND('',#4038,.T.);
#4038 = EDGE_LOOP('',(#4039,#4047,#4048,#4049));
#4039 = ORIENTED_EDGE('',*,*,#4040,.F.);
#4040 = EDGE_CURVE('',#3139,#4041,#4043,.T.);
#4041 = VERTEX_POINT('',#4042);
#4042 = CARTESIAN_POINT('',(14.2,112.8,64.2));
#4043 = LINE('',#4044,#4045);
#4044 = CARTESIAN_POINT('',(14.2,112.8,61.9));
#4045 = VECTOR('',#4046,1.);
#4046 = DIRECTION('',(0.,0.,1.));
#4047 = ORIENTED_EDGE('',*,*,#3138,.F.);
#4048 = ORIENTED_EDGE('',*,*,#4016,.T.);
#4049 = ORIENTED_EDGE('',*,*,#4050,.T.);
#4050 = EDGE_CURVE('',#4017,#4041,#4051,.T.);
#4051 = LINE('',#4052,#4053);
#4052 = CARTESIAN_POINT('',(9.8,112.8,64.2));
#4053 = VECTOR('',#4054,1.);
#4054 = DIRECTION('',(1.,0.,0.));
#4055 = PLANE('',#4056);
#4056 = AXIS2_PLACEMENT_3D('',#4057,#4058,#4059);
#4057 = CARTESIAN_POINT('',(9.8,112.8,61.9));
#4058 = DIRECTION('',(0.,1.,0.));
#4059 = DIRECTION('',(0.,0.,1.));
#4060 = ADVANCED_FACE('',(#4061),#4072,.F.);
#4061 = FACE_BOUND('',#4062,.F.);
#4062 = EDGE_LOOP('',(#4063,#4064,#4065,#4066));
#4063 = ORIENTED_EDGE('',*,*,#4040,.F.);
#4064 = ORIENTED_EDGE('',*,*,#3146,.F.);
#4065 = ORIENTED_EDGE('',*,*,#3985,.T.);
#4066 = ORIENTED_EDGE('',*,*,#4067,.F.);
#4067 = EDGE_CURVE('',#4041,#3986,#4068,.T.);
#4068 = LINE('',#4069,#4070);
#4069 = CARTESIAN_POINT('',(14.2,112.8,64.2));
#4070 = VECTOR('',#4071,1.);
#4071 = DIRECTION('',(0.,1.,0.));
#4072 = PLANE('',#4073);
#4073 = AXIS2_PLACEMENT_3D('',#4074,#4075,#4076);
#4074 = CARTESIAN_POINT('',(14.2,112.8,61.9));
#4075 = DIRECTION('',(1.,0.,0.));
#4076 = DIRECTION('',(0.,0.,1.));
#4077 = ADVANCED_FACE('',(#4078),#4102,.F.);
#4078 = FACE_BOUND('',#4079,.F.);
#4079 = EDGE_LOOP('',(#4080,#4081,#4082,#4083,#4084,#4085,#4086,#4095));
#4080 = ORIENTED_EDGE('',*,*,#3833,.F.);
#4081 = ORIENTED_EDGE('',*,*,#3613,.T.);
#4082 = ORIENTED_EDGE('',*,*,#3595,.T.);
#4083 = ORIENTED_EDGE('',*,*,#3371,.T.);
#4084 = ORIENTED_EDGE('',*,*,#3808,.F.);
#4085 = ORIENTED_EDGE('',*,*,#3867,.F.);
#4086 = ORIENTED_EDGE('',*,*,#4087,.F.);
#4087 = EDGE_CURVE('',#4088,#3859,#4090,.T.);
#4088 = VERTEX_POINT('',#4089);
#4089 = CARTESIAN_POINT('',(21.965358928434,134.5,84.266874118599));
#4090 = CIRCLE('',#4091,4.5);
#4091 = AXIS2_PLACEMENT_3D('',#4092,#4093,#4094);
#4092 = CARTESIAN_POINT('',(18.783378413095,134.5,81.08489360326));
#4093 = DIRECTION('',(-0.707106781187,0.,0.707106781187));
#4094 = DIRECTION('',(0.707106781187,0.,0.707106781187));
#4095 = ORIENTED_EDGE('',*,*,#4096,.F.);
#4096 = EDGE_CURVE('',#3834,#4088,#4097,.T.);
#4097 = CIRCLE('',#4098,4.5);
#4098 = AXIS2_PLACEMENT_3D('',#4099,#4100,#4101);
#4099 = CARTESIAN_POINT('',(18.783378413095,134.5,81.08489360326));
#4100 = DIRECTION('',(-0.707106781187,0.,0.707106781187));
#4101 = DIRECTION('',(0.707106781187,0.,0.707106781187));
#4102 = PLANE('',#4103);
#4103 = AXIS2_PLACEMENT_3D('',#4104,#4105,#4106);
#4104 = CARTESIAN_POINT('',(18.783378413095,134.5,81.08489360326));
#4105 = DIRECTION('',(-0.707106781187,0.,0.707106781187));
#4106 = DIRECTION('',(0.707106781187,0.,0.707106781187));
#4107 = ADVANCED_FACE('',(#4108),#4118,.T.);
#4108 = FACE_BOUND('',#4109,.T.);
#4109 = EDGE_LOOP('',(#4110,#4111,#4112));
#4110 = ORIENTED_EDGE('',*,*,#3405,.T.);
#4111 = ORIENTED_EDGE('',*,*,#3423,.T.);
#4112 = ORIENTED_EDGE('',*,*,#4113,.T.);
#4113 = EDGE_CURVE('',#3415,#3406,#4114,.T.);
#4114 = LINE('',#4115,#4116);
#4115 = CARTESIAN_POINT('',(0.,114.5,49.573593128807));
#4116 = VECTOR('',#4117,1.);
#4117 = DIRECTION('',(0.,1.,0.));
#4118 = PLANE('',#4119);
#4119 = AXIS2_PLACEMENT_3D('',#4120,#4121,#4122);
#4120 = CARTESIAN_POINT('',(0.,134.,48.));
#4121 = DIRECTION('',(1.,0.,0.));
#4122 = DIRECTION('',(0.,-1.,0.));
#4123 = ADVANCED_FACE('',(#4124),#4128,.F.);
#4124 = FACE_BOUND('',#4125,.F.);
#4125 = EDGE_LOOP('',(#4126,#4127));
#4126 = ORIENTED_EDGE('',*,*,#4113,.T.);
#4127 = ORIENTED_EDGE('',*,*,#3414,.T.);
#4128 = PLANE('',#4129);
#4129 = AXIS2_PLACEMENT_3D('',#4130,#4131,#4132);
#4130 = CARTESIAN_POINT('',(-2.783378413095,95.,46.790214715712));
#4131 = DIRECTION('',(-0.707106781187,0.,0.707106781187));
#4132 = DIRECTION('',(0.707106781187,0.,0.707106781187));
#4133 = ADVANCED_FACE('',(#4134),#4153,.F.);
#4134 = FACE_BOUND('',#4135,.T.);
#4135 = EDGE_LOOP('',(#4136,#4144,#4151,#4152));
#4136 = ORIENTED_EDGE('',*,*,#4137,.F.);
#4137 = EDGE_CURVE('',#4138,#3473,#4140,.T.);
#4138 = VERTEX_POINT('',#4139);
#4139 = CARTESIAN_POINT('',(0.,134.,49.573593128807));
#4140 = LINE('',#4141,#4142);
#4141 = CARTESIAN_POINT('',(0.,134.,48.));
#4142 = VECTOR('',#4143,1.);
#4143 = DIRECTION('',(0.,0.,1.));
#4144 = ORIENTED_EDGE('',*,*,#4145,.F.);
#4145 = EDGE_CURVE('',#3449,#4138,#4146,.T.);
#4146 = ELLIPSE('',#4147,8.485281374239,6.);
#4147 = AXIS2_PLACEMENT_3D('',#4148,#4149,#4150);
#4148 = CARTESIAN_POINT('',(6.,134.,55.573593128807));
#4149 = DIRECTION('',(-0.707106781187,0.,0.707106781187));
#4150 = DIRECTION('',(-0.707106781187,0.,-0.707106781187));
#4151 = ORIENTED_EDGE('',*,*,#3448,.F.);
#4152 = ORIENTED_EDGE('',*,*,#3481,.F.);
#4153 = CYLINDRICAL_SURFACE('',#4154,6.);
#4154 = AXIS2_PLACEMENT_3D('',#4155,#4156,#4157);
#4155 = CARTESIAN_POINT('',(6.,134.,48.));
#4156 = DIRECTION('',(-0.,-0.,-1.));
#4157 = DIRECTION('',(1.,0.,0.));
#4158 = ADVANCED_FACE('',(#4159),#4169,.T.);
#4159 = FACE_BOUND('',#4160,.T.);
#4160 = EDGE_LOOP('',(#4161,#4167,#4168));
#4161 = ORIENTED_EDGE('',*,*,#4162,.T.);
#4162 = EDGE_CURVE('',#3464,#4138,#4163,.T.);
#4163 = LINE('',#4164,#4165);
#4164 = CARTESIAN_POINT('',(0.,134.25,49.573593128807));
#4165 = VECTOR('',#4166,1.);
#4166 = DIRECTION('',(0.,1.,0.));
#4167 = ORIENTED_EDGE('',*,*,#4137,.T.);
#4168 = ORIENTED_EDGE('',*,*,#3472,.T.);
#4169 = PLANE('',#4170);
#4170 = AXIS2_PLACEMENT_3D('',#4171,#4172,#4173);
#4171 = CARTESIAN_POINT('',(0.,134.,48.));
#4172 = DIRECTION('',(1.,0.,0.));
#4173 = DIRECTION('',(0.,-1.,0.));
#4174 = ADVANCED_FACE('',(#4175),#4180,.F.);
#4175 = FACE_BOUND('',#4176,.F.);
#4176 = EDGE_LOOP('',(#4177,#4178,#4179));
#4177 = ORIENTED_EDGE('',*,*,#4145,.F.);
#4178 = ORIENTED_EDGE('',*,*,#3463,.T.);
#4179 = ORIENTED_EDGE('',*,*,#4162,.T.);
#4180 = PLANE('',#4181);
#4181 = AXIS2_PLACEMENT_3D('',#4182,#4183,#4184);
#4182 = CARTESIAN_POINT('',(-2.783378413095,134.5,46.790214715712));
#4183 = DIRECTION('',(-0.707106781187,0.,0.707106781187));
#4184 = DIRECTION('',(0.707106781187,0.,0.707106781187));
#4185 = ADVANCED_FACE('',(#4186),#4189,.T.);
#4186 = FACE_BOUND('',#4187,.F.);
#4187 = EDGE_LOOP('',(#4188));
#4188 = ORIENTED_EDGE('',*,*,#3509,.F.);
#4189 = PLANE('',#4190);
#4190 = AXIS2_PLACEMENT_3D('',#4191,#4192,#4193);
#4191 = CARTESIAN_POINT('',(-7.733125881401,134.5,51.739962184018));
#4192 = DIRECTION('',(-0.707106781187,0.,0.707106781187));
#4193 = DIRECTION('',(0.707106781187,0.,0.707106781187));
#4194 = ADVANCED_FACE('',(#4195),#4198,.T.);
#4195 = FACE_BOUND('',#4196,.F.);
#4196 = EDGE_LOOP('',(#4197));
#4197 = ORIENTED_EDGE('',*,*,#3534,.F.);
#4198 = PLANE('',#4199);
#4199 = AXIS2_PLACEMENT_3D('',#4200,#4201,#4202);
#4200 = CARTESIAN_POINT('',(-7.733125881401,95.,51.739962184018));
#4201 = DIRECTION('',(-0.707106781187,0.,0.707106781187));
#4202 = DIRECTION('',(0.707106781187,0.,0.707106781187));
#4203 = ADVANCED_FACE('',(#4204,#4215),#4226,.F.);
#4204 = FACE_BOUND('',#4205,.F.);
#4205 = EDGE_LOOP('',(#4206,#4207,#4208,#4214));
#4206 = ORIENTED_EDGE('',*,*,#3734,.F.);
#4207 = ORIENTED_EDGE('',*,*,#3784,.T.);
#4208 = ORIENTED_EDGE('',*,*,#4209,.T.);
#4209 = EDGE_CURVE('',#3785,#3765,#4210,.T.);
#4210 = LINE('',#4211,#4212);
#4211 = CARTESIAN_POINT('',(23.,104.875,72.573593128807));
#4212 = VECTOR('',#4213,1.);
#4213 = DIRECTION('',(0.,1.,0.));
#4214 = ORIENTED_EDGE('',*,*,#3773,.T.);
#4215 = FACE_BOUND('',#4216,.F.);
#4216 = EDGE_LOOP('',(#4217));
#4217 = ORIENTED_EDGE('',*,*,#4218,.T.);
#4218 = EDGE_CURVE('',#4219,#4219,#4221,.T.);
#4219 = VERTEX_POINT('',#4220);
#4220 = CARTESIAN_POINT('',(23.,95.,73.));
#4221 = CIRCLE('',#4222,3.);
#4222 = AXIS2_PLACEMENT_3D('',#4223,#4224,#4225);
#4223 = CARTESIAN_POINT('',(23.,95.,76.));
#4224 = DIRECTION('',(-1.,0.,0.));
#4225 = DIRECTION('',(0.,0.,-1.));
#4226 = PLANE('',#4227);
#4227 = AXIS2_PLACEMENT_3D('',#4228,#4229,#4230);
#4228 = CARTESIAN_POINT('',(23.,114.75,67.));
#4229 = DIRECTION('',(1.,0.,0.));
#4230 = DIRECTION('',(0.,0.,1.));
#4231 = ADVANCED_FACE('',(#4232),#4237,.F.);
#4232 = FACE_BOUND('',#4233,.F.);
#4233 = EDGE_LOOP('',(#4234,#4235,#4236));
#4234 = ORIENTED_EDGE('',*,*,#3793,.T.);
#4235 = ORIENTED_EDGE('',*,*,#3762,.T.);
#4236 = ORIENTED_EDGE('',*,*,#4209,.F.);
#4237 = PLANE('',#4238);
#4238 = AXIS2_PLACEMENT_3D('',#4239,#4240,#4241);
#4239 = CARTESIAN_POINT('',(25.147339443774,95.,74.720932572581));
#4240 = DIRECTION('',(-0.707106781187,0.,0.707106781187));
#4241 = DIRECTION('',(0.707106781187,0.,0.707106781187));
#4242 = ADVANCED_FACE('',(#4243),#4283,.T.);
#4243 = FACE_BOUND('',#4244,.T.);
#4244 = EDGE_LOOP('',(#4245,#4256,#4263,#4264,#4265,#4266,#4267,#4276));
#4245 = ORIENTED_EDGE('',*,*,#4246,.T.);
#4246 = EDGE_CURVE('',#4247,#4249,#4251,.T.);
#4247 = VERTEX_POINT('',#4248);
#4248 = CARTESIAN_POINT('',(28.329319959113,134.5,77.90291308792));
#4249 = VERTEX_POINT('',#4250);
#4250 = CARTESIAN_POINT('',(23.,137.82082318505,72.573593128807));
#4251 = CIRCLE('',#4252,4.5);
#4252 = AXIS2_PLACEMENT_3D('',#4253,#4254,#4255);
#4253 = CARTESIAN_POINT('',(25.147339443774,134.5,74.720932572581));
#4254 = DIRECTION('',(-0.707106781187,0.,0.707106781187));
#4255 = DIRECTION('',(0.707106781187,0.,0.707106781187));
#4256 = ORIENTED_EDGE('',*,*,#4257,.T.);
#4257 = EDGE_CURVE('',#4249,#3851,#4258,.T.);
#4258 = ELLIPSE('',#4259,6.363961030679,4.5);
#4259 = AXIS2_PLACEMENT_3D('',#4260,#4261,#4262);
#4260 = CARTESIAN_POINT('',(23.,134.5,76.868272016355));
#4261 = DIRECTION('',(1.,0.,-0.));
#4262 = DIRECTION('',(0.,0.,1.));
#4263 = ORIENTED_EDGE('',*,*,#3858,.T.);
#4264 = ORIENTED_EDGE('',*,*,#4087,.F.);
#4265 = ORIENTED_EDGE('',*,*,#4096,.F.);
#4266 = ORIENTED_EDGE('',*,*,#3841,.T.);
#4267 = ORIENTED_EDGE('',*,*,#4268,.T.);
#4268 = EDGE_CURVE('',#3842,#4269,#4271,.T.);
#4269 = VERTEX_POINT('',#4270);
#4270 = CARTESIAN_POINT('',(23.,131.17917681494,72.573593128807));
#4271 = ELLIPSE('',#4272,6.363961030679,4.5);
#4272 = AXIS2_PLACEMENT_3D('',#4273,#4274,#4275);
#4273 = CARTESIAN_POINT('',(23.,134.5,76.868272016355));
#4274 = DIRECTION('',(1.,0.,-0.));
#4275 = DIRECTION('',(0.,0.,1.));
#4276 = ORIENTED_EDGE('',*,*,#4277,.T.);
#4277 = EDGE_CURVE('',#4269,#4247,#4278,.T.);
#4278 = CIRCLE('',#4279,4.5);
#4279 = AXIS2_PLACEMENT_3D('',#4280,#4281,#4282);
#4280 = CARTESIAN_POINT('',(25.147339443774,134.5,74.720932572581));
#4281 = DIRECTION('',(-0.707106781187,0.,0.707106781187));
#4282 = DIRECTION('',(0.707106781187,0.,0.707106781187));
#4283 = CYLINDRICAL_SURFACE('',#4284,4.5);
#4284 = AXIS2_PLACEMENT_3D('',#4285,#4286,#4287);
#4285 = CARTESIAN_POINT('',(25.147339443774,134.5,74.720932572581));
#4286 = DIRECTION('',(-0.707106781187,0.,0.707106781187));
#4287 = DIRECTION('',(0.707106781187,0.,0.707106781187));
#4288 = ADVANCED_FACE('',(#4289,#4300),#4311,.F.);
#4289 = FACE_BOUND('',#4290,.F.);
#4290 = EDGE_LOOP('',(#4291,#4292,#4293,#4294));
#4291 = ORIENTED_EDGE('',*,*,#4257,.T.);
#4292 = ORIENTED_EDGE('',*,*,#3850,.F.);
#4293 = ORIENTED_EDGE('',*,*,#4268,.T.);
#4294 = ORIENTED_EDGE('',*,*,#4295,.T.);
#4295 = EDGE_CURVE('',#4269,#4249,#4296,.T.);
#4296 = LINE('',#4297,#4298);
#4297 = CARTESIAN_POINT('',(23.,124.625,72.573593128807));
#4298 = VECTOR('',#4299,1.);
#4299 = DIRECTION('',(0.,1.,0.));
#4300 = FACE_BOUND('',#4301,.F.);
#4301 = EDGE_LOOP('',(#4302));
#4302 = ORIENTED_EDGE('',*,*,#4303,.T.);
#4303 = EDGE_CURVE('',#4304,#4304,#4306,.T.);
#4304 = VERTEX_POINT('',#4305);
#4305 = CARTESIAN_POINT('',(23.,134.5,73.));
#4306 = CIRCLE('',#4307,3.);
#4307 = AXIS2_PLACEMENT_3D('',#4308,#4309,#4310);
#4308 = CARTESIAN_POINT('',(23.,134.5,76.));
#4309 = DIRECTION('',(-1.,0.,0.));
#4310 = DIRECTION('',(0.,0.,-1.));
#4311 = PLANE('',#4312);
#4312 = AXIS2_PLACEMENT_3D('',#4313,#4314,#4315);
#4313 = CARTESIAN_POINT('',(23.,114.75,67.));
#4314 = DIRECTION('',(1.,0.,0.));
#4315 = DIRECTION('',(0.,0.,1.));
#4316 = ADVANCED_FACE('',(#4317),#4320,.F.);
#4317 = FACE_BOUND('',#4318,.F.);
#4318 = EDGE_LOOP('',(#4319));
#4319 = ORIENTED_EDGE('',*,*,#3893,.T.);
#4320 = PLANE('',#4321);
#4321 = AXIS2_PLACEMENT_3D('',#4322,#4323,#4324);
#4322 = CARTESIAN_POINT('',(9.1,134.5,68.));
#4323 = DIRECTION('',(-1.,0.,0.));
#4324 = DIRECTION('',(0.,0.,-1.));
#4325 = ADVANCED_FACE('',(#4326),#4329,.F.);
#4326 = FACE_BOUND('',#4327,.F.);
#4327 = EDGE_LOOP('',(#4328));
#4328 = ORIENTED_EDGE('',*,*,#3918,.T.);
#4329 = PLANE('',#4330);
#4330 = AXIS2_PLACEMENT_3D('',#4331,#4332,#4333);
#4331 = CARTESIAN_POINT('',(9.1,134.5,76.));
#4332 = DIRECTION('',(-1.,0.,0.));
#4333 = DIRECTION('',(0.,0.,-1.));
#4334 = ADVANCED_FACE('',(#4335),#4338,.F.);
#4335 = FACE_BOUND('',#4336,.F.);
#4336 = EDGE_LOOP('',(#4337));
#4337 = ORIENTED_EDGE('',*,*,#3943,.T.);
#4338 = PLANE('',#4339);
#4339 = AXIS2_PLACEMENT_3D('',#4340,#4341,#4342);
#4340 = CARTESIAN_POINT('',(9.1,95.,68.));
#4341 = DIRECTION('',(-1.,0.,0.));
#4342 = DIRECTION('',(0.,0.,-1.));
#4343 = ADVANCED_FACE('',(#4344),#4347,.F.);
#4344 = FACE_BOUND('',#4345,.F.);
#4345 = EDGE_LOOP('',(#4346));
#4346 = ORIENTED_EDGE('',*,*,#3968,.T.);
#4347 = PLANE('',#4348);
#4348 = AXIS2_PLACEMENT_3D('',#4349,#4350,#4351);
#4349 = CARTESIAN_POINT('',(9.1,95.,76.));
#4350 = DIRECTION('',(-1.,0.,0.));
#4351 = DIRECTION('',(0.,0.,-1.));
#4352 = ADVANCED_FACE('',(#4353),#4359,.F.);
#4353 = FACE_BOUND('',#4354,.F.);
#4354 = EDGE_LOOP('',(#4355,#4356,#4357,#4358));
#4355 = ORIENTED_EDGE('',*,*,#4026,.F.);
#4356 = ORIENTED_EDGE('',*,*,#4050,.T.);
#4357 = ORIENTED_EDGE('',*,*,#4067,.T.);
#4358 = ORIENTED_EDGE('',*,*,#4002,.F.);
#4359 = PLANE('',#4360);
#4360 = AXIS2_PLACEMENT_3D('',#4361,#4362,#4363);
#4361 = CARTESIAN_POINT('',(9.8,112.8,64.2));
#4362 = DIRECTION('',(0.,0.,1.));
#4363 = DIRECTION('',(1.,0.,0.));
#4364 = ADVANCED_FACE('',(#4365),#4456,.T.);
#4365 = FACE_BOUND('',#4366,.T.);
#4366 = EDGE_LOOP('',(#4367,#4375,#4376,#4377,#4404,#4413,#4422,#4431));
#4367 = ORIENTED_EDGE('',*,*,#4368,.F.);
#4368 = EDGE_CURVE('',#4219,#4369,#4371,.T.);
#4369 = VERTEX_POINT('',#4370);
#4370 = CARTESIAN_POINT('',(20.504310985676,95.,73.));
#4371 = LINE('',#4372,#4373);
#4372 = CARTESIAN_POINT('',(23.01,95.,73.));
#4373 = VECTOR('',#4374,1.);
#4374 = DIRECTION('',(-1.,0.,0.));
#4375 = ORIENTED_EDGE('',*,*,#4218,.T.);
#4376 = ORIENTED_EDGE('',*,*,#4368,.T.);
#4377 = ORIENTED_EDGE('',*,*,#4378,.F.);
#4378 = EDGE_CURVE('',#4379,#4369,#4381,.T.);
#4379 = VERTEX_POINT('',#4380);
#4380 = CARTESIAN_POINT('',(19.51,97.970077697762,75.577343556473));
#4381 = B_SPLINE_CURVE_WITH_KNOTS('',6,(#4382,#4383,#4384,#4385,#4386,
    #4387,#4388,#4389,#4390,#4391,#4392,#4393,#4394,#4395,#4396,#4397,
    #4398,#4399,#4400,#4401,#4402,#4403),.UNSPECIFIED.,.F.,.F.,(7,5,5,5,
    7),(0.,0.327092181028,0.53266471003,0.710106877223,1.),
  .UNSPECIFIED.);
#4382 = CARTESIAN_POINT('',(19.5099994,97.970077801484,75.577344285344)
  );
#4383 = CARTESIAN_POINT('',(19.635102740872,97.948451251488,
    75.425370624894));
#4384 = CARTESIAN_POINT('',(19.754885967133,97.916250893678,
    75.265996328991));
#4385 = CARTESIAN_POINT('',(19.867237733618,97.871481364096,
    75.099599939218));
#4386 = CARTESIAN_POINT('',(19.970329054178,97.811777078171,
    74.926669533246));
#4387 = CARTESIAN_POINT('',(20.062789321977,97.734158512975,
    74.74792292804));
#4388 = CARTESIAN_POINT('',(20.194882151768,97.572046412276,
    74.45026186878));
#4389 = CARTESIAN_POINT('',(20.241261687705,97.500964561911,
    74.334055592615));
#4390 = CARTESIAN_POINT('',(20.282642513954,97.420762457477,
    74.217563974376));
#4391 = CARTESIAN_POINT('',(20.318929657567,97.330937909201,
    74.101943912712));
#4392 = CARTESIAN_POINT('',(20.350300622411,97.23114761273,
    73.988506925611));
#4393 = CARTESIAN_POINT('',(20.400243874815,97.026521740102,
    73.783881052983));
#4394 = CARTESIAN_POINT('',(20.419960163231,96.924327115423,
    73.691854001614));
#4395 = CARTESIAN_POINT('',(20.436474722373,96.814784611171,
    73.603575849565));
#4396 = CARTESIAN_POINT('',(20.450124607378,96.698114570082,
    73.520051510343));
#4397 = CARTESIAN_POINT('',(20.461300333613,96.574730664068,
    73.442256497745));
#4398 = CARTESIAN_POINT('',(20.485218647019,96.23374219705,
    73.254796501658));
#4399 = CARTESIAN_POINT('',(20.494480327236,96.00577525061,
    73.156064228681));
#4400 = CARTESIAN_POINT('',(20.499799583497,95.764129801793,
    73.078872804785));
#4401 = CARTESIAN_POINT('',(20.502806625417,95.51278229436,
    73.02630705799));
#4402 = CARTESIAN_POINT('',(20.504310985676,95.25644945681,73.));
#4403 = CARTESIAN_POINT('',(20.504310985676,95.,73.));
#4404 = ORIENTED_EDGE('',*,*,#4405,.F.);
#4405 = EDGE_CURVE('',#4406,#4379,#4408,.T.);
#4406 = VERTEX_POINT('',#4407);
#4407 = CARTESIAN_POINT('',(19.51,95.3180968311,78.983088065419));
#4408 = CIRCLE('',#4409,3.);
#4409 = AXIS2_PLACEMENT_3D('',#4410,#4411,#4412);
#4410 = CARTESIAN_POINT('',(19.51,95.,76.));
#4411 = DIRECTION('',(-1.,0.,0.));
#4412 = DIRECTION('',(0.,0.,-1.));
#4413 = ORIENTED_EDGE('',*,*,#4414,.F.);
#4414 = EDGE_CURVE('',#4415,#4406,#4417,.T.);
#4415 = VERTEX_POINT('',#4416);
#4416 = CARTESIAN_POINT('',(19.51,94.6819031689,78.983088065419));
#4417 = ELLIPSE('',#4418,4.242640687119,3.);
#4418 = AXIS2_PLACEMENT_3D('',#4419,#4420,#4421);
#4419 = CARTESIAN_POINT('',(16.526911934581,95.,76.));
#4420 = DIRECTION('',(-0.707106781187,0.,0.707106781187));
#4421 = DIRECTION('',(-0.707106781187,0.,-0.707106781187));
#4422 = ORIENTED_EDGE('',*,*,#4423,.F.);
#4423 = EDGE_CURVE('',#4424,#4415,#4426,.T.);
#4424 = VERTEX_POINT('',#4425);
#4425 = CARTESIAN_POINT('',(19.51,92.029922302238,75.577343556473));
#4426 = CIRCLE('',#4427,3.);
#4427 = AXIS2_PLACEMENT_3D('',#4428,#4429,#4430);
#4428 = CARTESIAN_POINT('',(19.51,95.,76.));
#4429 = DIRECTION('',(-1.,0.,0.));
#4430 = DIRECTION('',(0.,0.,-1.));
#4431 = ORIENTED_EDGE('',*,*,#4432,.F.);
#4432 = EDGE_CURVE('',#4369,#4424,#4433,.T.);
#4433 = B_SPLINE_CURVE_WITH_KNOTS('',6,(#4434,#4435,#4436,#4437,#4438,
    #4439,#4440,#4441,#4442,#4443,#4444,#4445,#4446,#4447,#4448,#4449,
    #4450,#4451,#4452,#4453,#4454,#4455),.UNSPECIFIED.,.F.,.F.,(7,5,5,5,
    7),(0.,0.289894057526,0.46710560144,0.673204403799,1.),
  .UNSPECIFIED.);
#4434 = CARTESIAN_POINT('',(20.504310985676,95.,73.));
#4435 = CARTESIAN_POINT('',(20.504310985676,94.74355054319,73.));
#4436 = CARTESIAN_POINT('',(20.502806625417,94.48721770564,
    73.02630705799));
#4437 = CARTESIAN_POINT('',(20.499799583497,94.235870198207,
    73.078872804785));
#4438 = CARTESIAN_POINT('',(20.494480327236,93.99422474939,
    73.156064228681));
#4439 = CARTESIAN_POINT('',(20.485218647019,93.76625780295,
    73.254796501658));
#4440 = CARTESIAN_POINT('',(20.461312166204,93.425438025788,
    73.442163759712));
#4441 = CARTESIAN_POINT('',(20.450153714798,93.302206807331,
    73.519848890038));
#4442 = CARTESIAN_POINT('',(20.436528031255,93.185671165621,
    73.60324960572));
#4443 = CARTESIAN_POINT('',(20.420046148103,93.076243508983,
    73.691394254615));
#4444 = CARTESIAN_POINT('',(20.400372197912,92.974143821152,
    73.783281892826));
#4445 = CARTESIAN_POINT('',(20.350438698808,92.769256699091,
    73.988025948347));
#4446 = CARTESIAN_POINT('',(20.319002973769,92.669179730488,
    74.101749154674));
#4447 = CARTESIAN_POINT('',(20.282625674773,92.579120468373,
    74.21766973355));
#4448 = CARTESIAN_POINT('',(20.241127768155,92.498733660089,
    74.334464847437));
#4449 = CARTESIAN_POINT('',(20.194605831498,92.427512987343,
    74.450968351106));
#4450 = CARTESIAN_POINT('',(20.062371878684,92.26549122398,
    74.748729768735));
#4451 = CARTESIAN_POINT('',(19.969956812175,92.188007525803,
    74.927293752616));
#4452 = CARTESIAN_POINT('',(19.866933409883,92.128397212919,
    75.100050811115));
#4453 = CARTESIAN_POINT('',(19.75466897561,92.083690656941,
    75.266285185379));
#4454 = CARTESIAN_POINT('',(19.634988723194,92.051529038335,
    75.425509131857));
#4455 = CARTESIAN_POINT('',(19.5099994,92.029922198516,75.577344285344)
  );
#4456 = CYLINDRICAL_SURFACE('',#4457,3.);
#4457 = AXIS2_PLACEMENT_3D('',#4458,#4459,#4460);
#4458 = CARTESIAN_POINT('',(23.01,95.,76.));
#4459 = DIRECTION('',(-1.,0.,0.));
#4460 = DIRECTION('',(0.,0.,-1.));
#4461 = ADVANCED_FACE('',(#4462),#4467,.F.);
#4462 = FACE_BOUND('',#4463,.F.);
#4463 = EDGE_LOOP('',(#4464,#4465,#4466));
#4464 = ORIENTED_EDGE('',*,*,#4277,.T.);
#4465 = ORIENTED_EDGE('',*,*,#4246,.T.);
#4466 = ORIENTED_EDGE('',*,*,#4295,.F.);
#4467 = PLANE('',#4468);
#4468 = AXIS2_PLACEMENT_3D('',#4469,#4470,#4471);
#4469 = CARTESIAN_POINT('',(25.147339443774,134.5,74.720932572581));
#4470 = DIRECTION('',(-0.707106781187,0.,0.707106781187));
#4471 = DIRECTION('',(0.707106781187,0.,0.707106781187));
#4472 = ADVANCED_FACE('',(#4473),#4564,.T.);
#4473 = FACE_BOUND('',#4474,.T.);
#4474 = EDGE_LOOP('',(#4475,#4483,#4484,#4485,#4512,#4521,#4530,#4539));
#4475 = ORIENTED_EDGE('',*,*,#4476,.F.);
#4476 = EDGE_CURVE('',#4304,#4477,#4479,.T.);
#4477 = VERTEX_POINT('',#4478);
#4478 = CARTESIAN_POINT('',(20.504310985676,134.5,73.));
#4479 = LINE('',#4480,#4481);
#4480 = CARTESIAN_POINT('',(23.01,134.5,73.));
#4481 = VECTOR('',#4482,1.);
#4482 = DIRECTION('',(-1.,0.,0.));
#4483 = ORIENTED_EDGE('',*,*,#4303,.T.);
#4484 = ORIENTED_EDGE('',*,*,#4476,.T.);
#4485 = ORIENTED_EDGE('',*,*,#4486,.F.);
#4486 = EDGE_CURVE('',#4487,#4477,#4489,.T.);
#4487 = VERTEX_POINT('',#4488);
#4488 = CARTESIAN_POINT('',(19.51,137.47007769776,75.577343556471));
#4489 = B_SPLINE_CURVE_WITH_KNOTS('',6,(#4490,#4491,#4492,#4493,#4494,
    #4495,#4496,#4497,#4498,#4499,#4500,#4501,#4502,#4503,#4504,#4505,
    #4506,#4507,#4508,#4509,#4510,#4511),.UNSPECIFIED.,.F.,.F.,(7,5,5,5,
    7),(0.,0.327092176328,0.532664706765,0.710106875199,1.),
  .UNSPECIFIED.);
#4490 = CARTESIAN_POINT('',(19.5099994,137.47007780148,75.577344285344)
  );
#4491 = CARTESIAN_POINT('',(19.635102742995,137.44845125112,
    75.425370622314));
#4492 = CARTESIAN_POINT('',(19.754885960629,137.41625089615,
    75.265996338256));
#4493 = CARTESIAN_POINT('',(19.867237742448,137.37148135889,
    75.099599924798));
#4494 = CARTESIAN_POINT('',(19.970329048172,137.31177708323,
    74.92666954455));
#4495 = CARTESIAN_POINT('',(20.062789323709,137.23415851085,
    74.747922924138));
#4496 = CARTESIAN_POINT('',(20.194882151768,137.07204641227,
    74.45026186878));
#4497 = CARTESIAN_POINT('',(20.241261687705,137.00096456191,
    74.334055592615));
#4498 = CARTESIAN_POINT('',(20.282642513954,136.92076245747,
    74.217563974376));
#4499 = CARTESIAN_POINT('',(20.318929657567,136.8309379092,
    74.101943912713));
#4500 = CARTESIAN_POINT('',(20.350300622411,136.73114761273,
    73.988506925611));
#4501 = CARTESIAN_POINT('',(20.400243874815,136.5265217401,
    73.783881052983));
#4502 = CARTESIAN_POINT('',(20.419960163231,136.42432711542,
    73.691854001614));
#4503 = CARTESIAN_POINT('',(20.436474722373,136.31478461117,
    73.603575849565));
#4504 = CARTESIAN_POINT('',(20.450124607378,136.19811457008,
    73.520051510343));
#4505 = CARTESIAN_POINT('',(20.461300333613,136.07473066406,
    73.442256497745));
#4506 = CARTESIAN_POINT('',(20.485218647019,135.73374219705,
    73.254796501658));
#4507 = CARTESIAN_POINT('',(20.494480327236,135.50577525061,
    73.156064228681));
#4508 = CARTESIAN_POINT('',(20.499799583497,135.26412980179,
    73.078872804785));
#4509 = CARTESIAN_POINT('',(20.502806625417,135.01278229436,
    73.02630705799));
#4510 = CARTESIAN_POINT('',(20.504310985676,134.75644945681,73.));
#4511 = CARTESIAN_POINT('',(20.504310985676,134.5,73.));
#4512 = ORIENTED_EDGE('',*,*,#4513,.F.);
#4513 = EDGE_CURVE('',#4514,#4487,#4516,.T.);
#4514 = VERTEX_POINT('',#4515);
#4515 = CARTESIAN_POINT('',(19.51,134.8180968311,78.983088065419));
#4516 = CIRCLE('',#4517,3.);
#4517 = AXIS2_PLACEMENT_3D('',#4518,#4519,#4520);
#4518 = CARTESIAN_POINT('',(19.51,134.5,76.));
#4519 = DIRECTION('',(-1.,0.,0.));
#4520 = DIRECTION('',(0.,0.,-1.));
#4521 = ORIENTED_EDGE('',*,*,#4522,.F.);
#4522 = EDGE_CURVE('',#4523,#4514,#4525,.T.);
#4523 = VERTEX_POINT('',#4524);
#4524 = CARTESIAN_POINT('',(19.51,134.1819031689,78.983088065419));
#4525 = ELLIPSE('',#4526,4.242640687119,3.);
#4526 = AXIS2_PLACEMENT_3D('',#4527,#4528,#4529);
#4527 = CARTESIAN_POINT('',(16.526911934581,134.5,76.));
#4528 = DIRECTION('',(-0.707106781187,0.,0.707106781187));
#4529 = DIRECTION('',(-0.707106781187,0.,-0.707106781187));
#4530 = ORIENTED_EDGE('',*,*,#4531,.F.);
#4531 = EDGE_CURVE('',#4532,#4523,#4534,.T.);
#4532 = VERTEX_POINT('',#4533);
#4533 = CARTESIAN_POINT('',(19.51,131.52992230223,75.577343556471));
#4534 = CIRCLE('',#4535,3.);
#4535 = AXIS2_PLACEMENT_3D('',#4536,#4537,#4538);
#4536 = CARTESIAN_POINT('',(19.51,134.5,76.));
#4537 = DIRECTION('',(-1.,0.,0.));
#4538 = DIRECTION('',(0.,0.,-1.));
#4539 = ORIENTED_EDGE('',*,*,#4540,.F.);
#4540 = EDGE_CURVE('',#4477,#4532,#4541,.T.);
#4541 = B_SPLINE_CURVE_WITH_KNOTS('',6,(#4542,#4543,#4544,#4545,#4546,
    #4547,#4548,#4549,#4550,#4551,#4552,#4553,#4554,#4555,#4556,#4557,
    #4558,#4559,#4560,#4561,#4562,#4563),.UNSPECIFIED.,.F.,.F.,(7,5,5,5,
    7),(0.,0.289894057526,0.46710560144,0.673204403799,1.),
  .UNSPECIFIED.);
#4542 = CARTESIAN_POINT('',(20.504310985676,134.5,73.));
#4543 = CARTESIAN_POINT('',(20.504310985676,134.24355054319,73.));
#4544 = CARTESIAN_POINT('',(20.502806625417,133.98721770564,
    73.02630705799));
#4545 = CARTESIAN_POINT('',(20.499799583497,133.7358701982,
    73.078872804785));
#4546 = CARTESIAN_POINT('',(20.494480327236,133.49422474939,
    73.156064228681));
#4547 = CARTESIAN_POINT('',(20.485218647019,133.26625780295,
    73.254796501658));
#4548 = CARTESIAN_POINT('',(20.461312166204,132.92543802578,
    73.442163759712));
#4549 = CARTESIAN_POINT('',(20.450153714798,132.80220680733,
    73.519848890038));
#4550 = CARTESIAN_POINT('',(20.436528031255,132.68567116562,
    73.60324960572));
#4551 = CARTESIAN_POINT('',(20.420046148103,132.57624350898,
    73.691394254615));
#4552 = CARTESIAN_POINT('',(20.400372197912,132.47414382115,
    73.783281892826));
#4553 = CARTESIAN_POINT('',(20.350438698808,132.26925669909,
    73.988025948347));
#4554 = CARTESIAN_POINT('',(20.319002973769,132.16917973048,
    74.101749154674));
#4555 = CARTESIAN_POINT('',(20.282625674773,132.07912046837,
    74.21766973355));
#4556 = CARTESIAN_POINT('',(20.241127768155,131.99873366008,
    74.334464847437));
#4557 = CARTESIAN_POINT('',(20.194605831498,131.92751298734,
    74.450968351106));
#4558 = CARTESIAN_POINT('',(20.062371878684,131.76549122398,
    74.748729768735));
#4559 = CARTESIAN_POINT('',(19.969956812175,131.6880075258,
    74.927293752616));
#4560 = CARTESIAN_POINT('',(19.866933409883,131.62839721292,
    75.100050811114));
#4561 = CARTESIAN_POINT('',(19.75466897561,131.58369065694,
    75.266285185379));
#4562 = CARTESIAN_POINT('',(19.634988723194,131.55152903833,
    75.425509131857));
#4563 = CARTESIAN_POINT('',(19.5099994,131.52992219851,75.577344285344)
  );
#4564 = CYLINDRICAL_SURFACE('',#4565,3.);
#4565 = AXIS2_PLACEMENT_3D('',#4566,#4567,#4568);
#4566 = CARTESIAN_POINT('',(23.01,134.5,76.));
#4567 = DIRECTION('',(-1.,0.,0.));
#4568 = DIRECTION('',(0.,0.,-1.));
#4569 = ADVANCED_FACE('',(#4570),#4581,.T.);
#4570 = FACE_BOUND('',#4571,.T.);
#4571 = EDGE_LOOP('',(#4572,#4579,#4580));
#4572 = ORIENTED_EDGE('',*,*,#4573,.F.);
#4573 = EDGE_CURVE('',#4379,#4424,#4574,.T.);
#4574 = ELLIPSE('',#4575,6.363961030679,4.5);
#4575 = AXIS2_PLACEMENT_3D('',#4576,#4577,#4578);
#4576 = CARTESIAN_POINT('',(19.51,95.,80.358272016355));
#4577 = DIRECTION('',(-1.,0.,0.));
#4578 = DIRECTION('',(0.,0.,1.));
#4579 = ORIENTED_EDGE('',*,*,#4378,.T.);
#4580 = ORIENTED_EDGE('',*,*,#4432,.T.);
#4581 = CYLINDRICAL_SURFACE('',#4582,4.5);
#4582 = AXIS2_PLACEMENT_3D('',#4583,#4584,#4585);
#4583 = CARTESIAN_POINT('',(25.147339443774,95.,74.720932572581));
#4584 = DIRECTION('',(-0.707106781187,0.,0.707106781187));
#4585 = DIRECTION('',(0.707106781187,0.,0.707106781187));
#4586 = ADVANCED_FACE('',(#4587,#4598),#4609,.T.);
#4587 = FACE_BOUND('',#4588,.T.);
#4588 = EDGE_LOOP('',(#4589,#4590,#4591,#4592));
#4589 = ORIENTED_EDGE('',*,*,#4405,.T.);
#4590 = ORIENTED_EDGE('',*,*,#4573,.T.);
#4591 = ORIENTED_EDGE('',*,*,#4423,.T.);
#4592 = ORIENTED_EDGE('',*,*,#4593,.T.);
#4593 = EDGE_CURVE('',#4415,#4406,#4594,.T.);
#4594 = LINE('',#4595,#4596);
#4595 = CARTESIAN_POINT('',(19.51,95.,78.983088065419));
#4596 = VECTOR('',#4597,1.);
#4597 = DIRECTION('',(0.,1.,0.));
#4598 = FACE_BOUND('',#4599,.T.);
#4599 = EDGE_LOOP('',(#4600));
#4600 = ORIENTED_EDGE('',*,*,#4601,.F.);
#4601 = EDGE_CURVE('',#4602,#4602,#4604,.T.);
#4602 = VERTEX_POINT('',#4603);
#4603 = CARTESIAN_POINT('',(19.51,95.,74.2));
#4604 = CIRCLE('',#4605,1.8);
#4605 = AXIS2_PLACEMENT_3D('',#4606,#4607,#4608);
#4606 = CARTESIAN_POINT('',(19.51,95.,76.));
#4607 = DIRECTION('',(-1.,0.,0.));
#4608 = DIRECTION('',(0.,0.,-1.));
#4609 = PLANE('',#4610);
#4610 = AXIS2_PLACEMENT_3D('',#4611,#4612,#4613);
#4611 = CARTESIAN_POINT('',(19.51,95.,76.));
#4612 = DIRECTION('',(-1.,0.,0.));
#4613 = DIRECTION('',(0.,0.,-1.));
#4614 = ADVANCED_FACE('',(#4615),#4619,.T.);
#4615 = FACE_BOUND('',#4616,.T.);
#4616 = EDGE_LOOP('',(#4617,#4618));
#4617 = ORIENTED_EDGE('',*,*,#4593,.F.);
#4618 = ORIENTED_EDGE('',*,*,#4414,.T.);
#4619 = PLANE('',#4620);
#4620 = AXIS2_PLACEMENT_3D('',#4621,#4622,#4623);
#4621 = CARTESIAN_POINT('',(20.197591975468,95.,79.670680040887));
#4622 = DIRECTION('',(-0.707106781187,0.,0.707106781187));
#4623 = DIRECTION('',(0.707106781187,0.,0.707106781187));
#4624 = ADVANCED_FACE('',(#4625),#4636,.T.);
#4625 = FACE_BOUND('',#4626,.T.);
#4626 = EDGE_LOOP('',(#4627,#4634,#4635));
#4627 = ORIENTED_EDGE('',*,*,#4628,.F.);
#4628 = EDGE_CURVE('',#4487,#4532,#4629,.T.);
#4629 = ELLIPSE('',#4630,6.363961030679,4.5);
#4630 = AXIS2_PLACEMENT_3D('',#4631,#4632,#4633);
#4631 = CARTESIAN_POINT('',(19.51,134.5,80.358272016355));
#4632 = DIRECTION('',(-1.,0.,0.));
#4633 = DIRECTION('',(0.,0.,1.));
#4634 = ORIENTED_EDGE('',*,*,#4486,.T.);
#4635 = ORIENTED_EDGE('',*,*,#4540,.T.);
#4636 = CYLINDRICAL_SURFACE('',#4637,4.5);
#4637 = AXIS2_PLACEMENT_3D('',#4638,#4639,#4640);
#4638 = CARTESIAN_POINT('',(25.147339443774,134.5,74.720932572581));
#4639 = DIRECTION('',(-0.707106781187,0.,0.707106781187));
#4640 = DIRECTION('',(0.707106781187,0.,0.707106781187));
#4641 = ADVANCED_FACE('',(#4642,#4653),#4664,.T.);
#4642 = FACE_BOUND('',#4643,.T.);
#4643 = EDGE_LOOP('',(#4644,#4645,#4646,#4647));
#4644 = ORIENTED_EDGE('',*,*,#4513,.T.);
#4645 = ORIENTED_EDGE('',*,*,#4628,.T.);
#4646 = ORIENTED_EDGE('',*,*,#4531,.T.);
#4647 = ORIENTED_EDGE('',*,*,#4648,.T.);
#4648 = EDGE_CURVE('',#4523,#4514,#4649,.T.);
#4649 = LINE('',#4650,#4651);
#4650 = CARTESIAN_POINT('',(19.51,134.5,78.983088065419));
#4651 = VECTOR('',#4652,1.);
#4652 = DIRECTION('',(0.,1.,0.));
#4653 = FACE_BOUND('',#4654,.T.);
#4654 = EDGE_LOOP('',(#4655));
#4655 = ORIENTED_EDGE('',*,*,#4656,.F.);
#4656 = EDGE_CURVE('',#4657,#4657,#4659,.T.);
#4657 = VERTEX_POINT('',#4658);
#4658 = CARTESIAN_POINT('',(19.51,134.5,74.2));
#4659 = CIRCLE('',#4660,1.8);
#4660 = AXIS2_PLACEMENT_3D('',#4661,#4662,#4663);
#4661 = CARTESIAN_POINT('',(19.51,134.5,76.));
#4662 = DIRECTION('',(-1.,0.,0.));
#4663 = DIRECTION('',(0.,0.,-1.));
#4664 = PLANE('',#4665);
#4665 = AXIS2_PLACEMENT_3D('',#4666,#4667,#4668);
#4666 = CARTESIAN_POINT('',(19.51,134.5,76.));
#4667 = DIRECTION('',(-1.,0.,0.));
#4668 = DIRECTION('',(0.,0.,-1.));
#4669 = ADVANCED_FACE('',(#4670),#4674,.T.);
#4670 = FACE_BOUND('',#4671,.T.);
#4671 = EDGE_LOOP('',(#4672,#4673));
#4672 = ORIENTED_EDGE('',*,*,#4648,.F.);
#4673 = ORIENTED_EDGE('',*,*,#4522,.T.);
#4674 = PLANE('',#4675);
#4675 = AXIS2_PLACEMENT_3D('',#4676,#4677,#4678);
#4676 = CARTESIAN_POINT('',(20.197591975468,134.5,79.670680040887));
#4677 = DIRECTION('',(-0.707106781187,0.,0.707106781187));
#4678 = DIRECTION('',(0.707106781187,0.,0.707106781187));
#4679 = ADVANCED_FACE('',(#4680),#4797,.T.);
#4680 = FACE_BOUND('',#4681,.T.);
#4681 = EDGE_LOOP('',(#4682,#4690,#4691,#4692,#4741,#4750));
#4682 = ORIENTED_EDGE('',*,*,#4683,.F.);
#4683 = EDGE_CURVE('',#4602,#4684,#4686,.T.);
#4684 = VERTEX_POINT('',#4685);
#4685 = CARTESIAN_POINT('',(19.304310985676,95.,74.2));
#4686 = LINE('',#4687,#4688);
#4687 = CARTESIAN_POINT('',(23.2,95.,74.2));
#4688 = VECTOR('',#4689,1.);
#4689 = DIRECTION('',(-1.,0.,0.));
#4690 = ORIENTED_EDGE('',*,*,#4601,.T.);
#4691 = ORIENTED_EDGE('',*,*,#4683,.T.);
#4692 = ORIENTED_EDGE('',*,*,#4693,.F.);
#4693 = EDGE_CURVE('',#4694,#4684,#4696,.T.);
#4694 = VERTEX_POINT('',#4695);
#4695 = CARTESIAN_POINT('',(17.1,96.601794835591,76.821129289339));
#4696 = B_SPLINE_CURVE_WITH_KNOTS('',8,(#4697,#4698,#4699,#4700,#4701,
    #4702,#4703,#4704,#4705,#4706,#4707,#4708,#4709,#4710,#4711,#4712,
    #4713,#4714,#4715,#4716,#4717,#4718,#4719,#4720,#4721,#4722,#4723,
    #4724,#4725,#4726,#4727,#4728,#4729,#4730,#4731,#4732,#4733,#4734,
    #4735,#4736,#4737,#4738,#4739,#4740),.UNSPECIFIED.,.F.,.F.,(9,7,7,7,
    7,7,9),(0.,0.100363070009,0.274774736923,0.669433750414,
    0.818703524119,0.883678315784,1.),.UNSPECIFIED.);
#4697 = CARTESIAN_POINT('',(16.9999994,96.559577981996,76.898730503584)
  );
#4698 = CARTESIAN_POINT('',(17.039737574866,96.577178191775,
    76.86818864533));
#4699 = CARTESIAN_POINT('',(17.079471477066,96.594016995387,
    76.837388008039));
#4700 = CARTESIAN_POINT('',(17.119185963016,96.610107123108,
    76.80633083251));
#4701 = CARTESIAN_POINT('',(17.15886766668,96.625459276892,
    76.77501798237));
#4702 = CARTESIAN_POINT('',(17.198504930675,96.640082144767,
    76.743448885915));
#4703 = CARTESIAN_POINT('',(17.238087737377,96.653982415231,
    76.711621477944));
#4704 = CARTESIAN_POINT('',(17.277607640029,96.667164791653,
    76.679532141595));
#4705 = CARTESIAN_POINT('',(17.385614281886,96.70129762283,
    76.590946306039));
#4706 = CARTESIAN_POINT('',(17.453947605173,96.720799631804,
    76.533920076449));
#4707 = CARTESIAN_POINT('',(17.522003219358,96.738147251809,
    76.476085398407));
#4708 = CARTESIAN_POINT('',(17.589729321178,96.753331035444,
    76.417425492809));
#4709 = CARTESIAN_POINT('',(17.657073902874,96.766322299573,
    76.35792114395));
#4710 = CARTESIAN_POINT('',(17.723981906617,96.777072555208,
    76.297553479019));
#4711 = CARTESIAN_POINT('',(17.79039237893,96.7855129374,76.236306747602
    ));
#4712 = CARTESIAN_POINT('',(18.005225833415,96.805222536093,
    76.033570455841));
#4713 = CARTESIAN_POINT('',(18.150842544554,96.806560794848,
    75.888862014949));
#4714 = CARTESIAN_POINT('',(18.292928274011,96.794718609377,
    75.739408113137));
#4715 = CARTESIAN_POINT('',(18.430841327087,96.76800583035,
    75.584849929861));
#4716 = CARTESIAN_POINT('',(18.56333316389,96.72396653437,
    75.425371896203));
#4717 = CARTESIAN_POINT('',(18.688690408147,96.659328872203,
    75.26188581878));
#4718 = CARTESIAN_POINT('',(18.804959674465,96.569838447029,
    75.096477504588));
#4719 = CARTESIAN_POINT('',(18.94977257279,96.405056252006,
    74.872327284761));
#4720 = CARTESIAN_POINT('',(18.987965835917,96.355471478997,
    74.811126263732));
#4721 = CARTESIAN_POINT('',(19.024421385156,96.301298268927,
    74.750599761993));
#4722 = CARTESIAN_POINT('',(19.058966654928,96.242319921005,
    74.691149727891));
#4723 = CARTESIAN_POINT('',(19.091446095402,96.178335550643,
    74.633228909274));
#4724 = CARTESIAN_POINT('',(19.12171816548,96.109169886633,
    74.577349683654));
#4725 = CARTESIAN_POINT('',(19.149649871409,96.034685007541,
    74.52409062323));
#4726 = CARTESIAN_POINT('',(19.186190745583,95.920018722122,
    74.452341006393));
#4727 = CARTESIAN_POINT('',(19.196798401095,95.884237034432,
    74.431211868507));
#4728 = CARTESIAN_POINT('',(19.206915573762,95.847462694383,
    74.410777758274));
#4729 = CARTESIAN_POINT('',(19.216527878375,95.809713379079,
    74.391102793477));
#4730 = CARTESIAN_POINT('',(19.225622490982,95.771010734494,
    74.372250512745));
#4731 = CARTESIAN_POINT('',(19.234187851564,95.731380407368,
    74.354283555763));
#4732 = CARTESIAN_POINT('',(19.242213366715,95.690852077108,
    74.337263343483));
#4733 = CARTESIAN_POINT('',(19.263072630739,95.575356045509,
    74.29258129868));
#4734 = CARTESIAN_POINT('',(19.274708620969,95.498402847011,
    74.267108193976));
#4735 = CARTESIAN_POINT('',(19.284502668545,95.418949593827,
    74.245250868807));
#4736 = CARTESIAN_POINT('',(19.292393233849,95.33740618135,
    74.227368794779));
#4737 = CARTESIAN_POINT('',(19.298340452325,95.254231966869,
    74.213747314959));
#4738 = CARTESIAN_POINT('',(19.302318423053,95.169923800435,
    74.204587637718));
#4739 = CARTESIAN_POINT('',(19.304310985676,95.085002818454,74.2));
#4740 = CARTESIAN_POINT('',(19.304310985676,95.,74.2));
#4741 = ORIENTED_EDGE('',*,*,#4742,.F.);
#4742 = EDGE_CURVE('',#4743,#4694,#4745,.T.);
#4743 = VERTEX_POINT('',#4744);
#4744 = CARTESIAN_POINT('',(17.1,93.398205164535,76.821129289318));
#4745 = CIRCLE('',#4746,1.8);
#4746 = AXIS2_PLACEMENT_3D('',#4747,#4748,#4749);
#4747 = CARTESIAN_POINT('',(17.1,95.,76.));
#4748 = DIRECTION('',(-1.,0.,0.));
#4749 = DIRECTION('',(0.,0.,-1.));
#4750 = ORIENTED_EDGE('',*,*,#4751,.F.);
#4751 = EDGE_CURVE('',#4684,#4743,#4752,.T.);
#4752 = B_SPLINE_CURVE_WITH_KNOTS('',8,(#4753,#4754,#4755,#4756,#4757,
    #4758,#4759,#4760,#4761,#4762,#4763,#4764,#4765,#4766,#4767,#4768,
    #4769,#4770,#4771,#4772,#4773,#4774,#4775,#4776,#4777,#4778,#4779,
    #4780,#4781,#4782,#4783,#4784,#4785,#4786,#4787,#4788,#4789,#4790,
    #4791,#4792,#4793,#4794,#4795,#4796),.UNSPECIFIED.,.F.,.F.,(9,7,7,7,
    7,7,9),(0.,0.101141182571,0.153605955032,0.258133796407,
    0.405721469846,0.900177372798,1.),.UNSPECIFIED.);
#4753 = CARTESIAN_POINT('',(19.304310985676,95.,74.2));
#4754 = CARTESIAN_POINT('',(19.304310985676,94.926262489112,74.2));
#4755 = CARTESIAN_POINT('',(19.302811608234,94.852566655423,
    74.203452215668));
#4756 = CARTESIAN_POINT('',(19.299815976189,94.779266155219,
    74.21034976457));
#4757 = CARTESIAN_POINT('',(19.295333356826,94.706710099734,
    74.220630256425));
#4758 = CARTESIAN_POINT('',(19.289379307407,94.635235464362,
    74.234177306986));
#4759 = CARTESIAN_POINT('',(19.281977523655,94.565159964671,
    74.250823616172));
#4760 = CARTESIAN_POINT('',(19.273163391206,94.496775399201,
    74.270355610484));
#4761 = CARTESIAN_POINT('',(19.257711621987,94.395880308196,
    74.304016759391));
#4762 = CARTESIAN_POINT('',(19.252066252282,94.361932352342,
    74.316225998256));
#4763 = CARTESIAN_POINT('',(19.246058034024,94.328521811864,
    74.329117032328));
#4764 = CARTESIAN_POINT('',(19.239692211416,94.295671025271,
    74.342658253817));
#4765 = CARTESIAN_POINT('',(19.232974495344,94.263400445696,
    74.356816915401));
#4766 = CARTESIAN_POINT('',(19.225911188992,94.231728637379,
    74.371559264548));
#4767 = CARTESIAN_POINT('',(19.218509313461,94.200672272136,
    74.38685067784));
#4768 = CARTESIAN_POINT('',(19.19537077876,94.109626795096,
    74.434145016203));
#4769 = CARTESIAN_POINT('',(19.178661511917,94.051545602791,
    74.467654528762));
#4770 = CARTESIAN_POINT('',(19.160693225264,93.996034433903,
    74.502941300525));
#4771 = CARTESIAN_POINT('',(19.141512138156,93.943105351056,
    74.539771943567));
#4772 = CARTESIAN_POINT('',(19.121168142805,93.892752908385,
    74.577922751991));
#4773 = CARTESIAN_POINT('',(19.099716550203,93.844956465407,
    74.617179739435));
#4774 = CARTESIAN_POINT('',(19.077219836039,93.799682500893,
    74.65733867658));
#4775 = CARTESIAN_POINT('',(19.020610378099,93.696461884553,
    74.755906354504));
#4776 = CARTESIAN_POINT('',(18.985520232665,93.640959788623,
    74.815034813185));
#4777 = CARTESIAN_POINT('',(18.948603178599,93.59012763736,
    74.875171516874));
#4778 = CARTESIAN_POINT('',(18.909983836883,93.543711002766,
    74.935966991109));
#4779 = CARTESIAN_POINT('',(18.869787321842,93.501458877226,
    74.997131057644));
#4780 = CARTESIAN_POINT('',(18.82813921333,93.463127699921,
    75.058423051499));
#4781 = CARTESIAN_POINT('',(18.785165400461,93.42848456287,
    75.119642472213));
#4782 = CARTESIAN_POINT('',(18.592999091713,93.292865602474,
    75.384910387865));
#4783 = CARTESIAN_POINT('',(18.430754958606,93.226792802439,
    75.587571047266));
#4784 = CARTESIAN_POINT('',(18.257817490444,93.19088917979,
    75.783473997102));
#4785 = CARTESIAN_POINT('',(18.077450409905,93.179380655671,
    75.971225312807));
#4786 = CARTESIAN_POINT('',(17.892134389013,93.18827867425,
    76.150681556705));
#4787 = CARTESIAN_POINT('',(17.703285954855,93.215122651222,
    76.322530106047));
#4788 = CARTESIAN_POINT('',(17.511253182705,93.258940154359,
    76.487925434824));
#4789 = CARTESIAN_POINT('',(17.276946845065,93.333055707331,
    76.680068656504));
#4790 = CARTESIAN_POINT('',(17.237520416663,93.346216870022,
    76.712077618739));
#4791 = CARTESIAN_POINT('',(17.198031534154,93.360092540898,
    76.743825905409));
#4792 = CARTESIAN_POINT('',(17.158488571759,93.374687415273,
    76.775317115788));
#4793 = CARTESIAN_POINT('',(17.118901462659,93.390008155922,
    76.806553309483));
#4794 = CARTESIAN_POINT('',(17.079281767027,93.406063407503,
    76.837535064148));
#4795 = CARTESIAN_POINT('',(17.039642740058,93.422863810973,
    76.868261533209));
#4796 = CARTESIAN_POINT('',(16.9999994,93.440422018004,76.898730503584)
  );
#4797 = CYLINDRICAL_SURFACE('',#4798,1.8);
#4798 = AXIS2_PLACEMENT_3D('',#4799,#4800,#4801);
#4799 = CARTESIAN_POINT('',(23.2,95.,76.));
#4800 = DIRECTION('',(-1.,0.,0.));
#4801 = DIRECTION('',(0.,0.,-1.));
#4802 = ADVANCED_FACE('',(#4803),#4920,.T.);
#4803 = FACE_BOUND('',#4804,.T.);
#4804 = EDGE_LOOP('',(#4805,#4813,#4814,#4815,#4864,#4873));
#4805 = ORIENTED_EDGE('',*,*,#4806,.F.);
#4806 = EDGE_CURVE('',#4657,#4807,#4809,.T.);
#4807 = VERTEX_POINT('',#4808);
#4808 = CARTESIAN_POINT('',(19.304310985675,134.5,74.2));
#4809 = LINE('',#4810,#4811);
#4810 = CARTESIAN_POINT('',(23.2,134.5,74.2));
#4811 = VECTOR('',#4812,1.);
#4812 = DIRECTION('',(-1.,0.,0.));
#4813 = ORIENTED_EDGE('',*,*,#4656,.T.);
#4814 = ORIENTED_EDGE('',*,*,#4806,.T.);
#4815 = ORIENTED_EDGE('',*,*,#4816,.F.);
#4816 = EDGE_CURVE('',#4817,#4807,#4819,.T.);
#4817 = VERTEX_POINT('',#4818);
#4818 = CARTESIAN_POINT('',(17.1,136.10179483559,76.821129289339));
#4819 = B_SPLINE_CURVE_WITH_KNOTS('',8,(#4820,#4821,#4822,#4823,#4824,
    #4825,#4826,#4827,#4828,#4829,#4830,#4831,#4832,#4833,#4834,#4835,
    #4836,#4837,#4838,#4839,#4840,#4841,#4842,#4843,#4844,#4845,#4846,
    #4847,#4848,#4849,#4850,#4851,#4852,#4853,#4854,#4855,#4856,#4857,
    #4858,#4859,#4860,#4861,#4862,#4863),.UNSPECIFIED.,.F.,.F.,(9,7,7,7,
    7,7,9),(0.,0.10036307001,0.274774736923,0.669433750414,
    0.818703524119,0.883678315784,1.),.UNSPECIFIED.);
#4820 = CARTESIAN_POINT('',(16.9999994,136.05957798199,76.898730503584)
  );
#4821 = CARTESIAN_POINT('',(17.039737574866,136.07717819177,
    76.86818864533));
#4822 = CARTESIAN_POINT('',(17.079471477066,136.09401699538,
    76.837388008039));
#4823 = CARTESIAN_POINT('',(17.119185963016,136.1101071231,
    76.80633083251));
#4824 = CARTESIAN_POINT('',(17.15886766668,136.12545927689,
    76.77501798237));
#4825 = CARTESIAN_POINT('',(17.198504930675,136.14008214476,
    76.743448885915));
#4826 = CARTESIAN_POINT('',(17.238087737377,136.15398241523,
    76.711621477944));
#4827 = CARTESIAN_POINT('',(17.277607640029,136.16716479165,
    76.679532141595));
#4828 = CARTESIAN_POINT('',(17.385614281886,136.20129762283,
    76.590946306038));
#4829 = CARTESIAN_POINT('',(17.453947605173,136.2207996318,
    76.533920076449));
#4830 = CARTESIAN_POINT('',(17.522003219358,136.2381472518,
    76.476085398407));
#4831 = CARTESIAN_POINT('',(17.589729321178,136.25333103544,
    76.417425492809));
#4832 = CARTESIAN_POINT('',(17.657073902874,136.26632229957,
    76.35792114395));
#4833 = CARTESIAN_POINT('',(17.723981906618,136.2770725552,
    76.297553479019));
#4834 = CARTESIAN_POINT('',(17.790392378931,136.2855129374,
    76.236306747602));
#4835 = CARTESIAN_POINT('',(18.005225833414,136.30522253609,
    76.033570455841));
#4836 = CARTESIAN_POINT('',(18.150842544555,136.30656079484,
    75.888862014948));
#4837 = CARTESIAN_POINT('',(18.29292827401,136.29471860937,
    75.739408113137));
#4838 = CARTESIAN_POINT('',(18.430841327088,136.26800583035,
    75.584849929863));
#4839 = CARTESIAN_POINT('',(18.56333316389,136.22396653436,
    75.425371896202));
#4840 = CARTESIAN_POINT('',(18.688690408147,136.1593288722,
    75.26188581878));
#4841 = CARTESIAN_POINT('',(18.804959674465,136.06983844702,
    75.096477504588));
#4842 = CARTESIAN_POINT('',(18.94977257279,135.905056252,74.872327284761
    ));
#4843 = CARTESIAN_POINT('',(18.987965835917,135.85547147899,
    74.811126263732));
#4844 = CARTESIAN_POINT('',(19.024421385156,135.80129826892,
    74.750599761993));
#4845 = CARTESIAN_POINT('',(19.058966654928,135.742319921,
    74.691149727891));
#4846 = CARTESIAN_POINT('',(19.091446095402,135.67833555064,
    74.633228909274));
#4847 = CARTESIAN_POINT('',(19.12171816548,135.60916988663,
    74.577349683654));
#4848 = CARTESIAN_POINT('',(19.149649871409,135.53468500754,
    74.52409062323));
#4849 = CARTESIAN_POINT('',(19.186190745583,135.42001872212,
    74.452341006393));
#4850 = CARTESIAN_POINT('',(19.196798401095,135.38423703443,
    74.431211868507));
#4851 = CARTESIAN_POINT('',(19.206915573762,135.34746269438,
    74.410777758274));
#4852 = CARTESIAN_POINT('',(19.216527878375,135.30971337907,
    74.391102793477));
#4853 = CARTESIAN_POINT('',(19.225622490982,135.27101073449,
    74.372250512745));
#4854 = CARTESIAN_POINT('',(19.234187851564,135.23138040736,
    74.354283555763));
#4855 = CARTESIAN_POINT('',(19.242213366715,135.1908520771,
    74.337263343483));
#4856 = CARTESIAN_POINT('',(19.263072630739,135.0753560455,
    74.29258129868));
#4857 = CARTESIAN_POINT('',(19.274708620969,134.99840284701,
    74.267108193976));
#4858 = CARTESIAN_POINT('',(19.284502668545,134.91894959382,
    74.245250868807));
#4859 = CARTESIAN_POINT('',(19.292393233849,134.83740618135,
    74.227368794779));
#4860 = CARTESIAN_POINT('',(19.298340452325,134.75423196686,
    74.213747314959));
#4861 = CARTESIAN_POINT('',(19.302318423053,134.66992380043,
    74.204587637718));
#4862 = CARTESIAN_POINT('',(19.304310985676,134.58500281845,74.2));
#4863 = CARTESIAN_POINT('',(19.304310985676,134.5,74.2));
#4864 = ORIENTED_EDGE('',*,*,#4865,.F.);
#4865 = EDGE_CURVE('',#4866,#4817,#4868,.T.);
#4866 = VERTEX_POINT('',#4867);
#4867 = CARTESIAN_POINT('',(17.1,132.89820516453,76.821129289318));
#4868 = CIRCLE('',#4869,1.8);
#4869 = AXIS2_PLACEMENT_3D('',#4870,#4871,#4872);
#4870 = CARTESIAN_POINT('',(17.1,134.5,76.));
#4871 = DIRECTION('',(-1.,0.,0.));
#4872 = DIRECTION('',(0.,0.,-1.));
#4873 = ORIENTED_EDGE('',*,*,#4874,.F.);
#4874 = EDGE_CURVE('',#4807,#4866,#4875,.T.);
#4875 = B_SPLINE_CURVE_WITH_KNOTS('',8,(#4876,#4877,#4878,#4879,#4880,
    #4881,#4882,#4883,#4884,#4885,#4886,#4887,#4888,#4889,#4890,#4891,
    #4892,#4893,#4894,#4895,#4896,#4897,#4898,#4899,#4900,#4901,#4902,
    #4903,#4904,#4905,#4906,#4907,#4908,#4909,#4910,#4911,#4912,#4913,
    #4914,#4915,#4916,#4917,#4918,#4919),.UNSPECIFIED.,.F.,.F.,(9,7,7,7,
    7,7,9),(0.,0.10114118257,0.153605955031,0.258133796406,
    0.405721469845,0.900177372798,1.),.UNSPECIFIED.);
#4876 = CARTESIAN_POINT('',(19.304310985676,134.5,74.2));
#4877 = CARTESIAN_POINT('',(19.304310985676,134.42626248911,74.2));
#4878 = CARTESIAN_POINT('',(19.302811608234,134.35256665542,
    74.203452215668));
#4879 = CARTESIAN_POINT('',(19.299815976189,134.27926615521,
    74.21034976457));
#4880 = CARTESIAN_POINT('',(19.295333356826,134.20671009973,
    74.220630256425));
#4881 = CARTESIAN_POINT('',(19.289379307407,134.13523546436,
    74.234177306986));
#4882 = CARTESIAN_POINT('',(19.281977523655,134.06515996467,
    74.250823616172));
#4883 = CARTESIAN_POINT('',(19.273163391206,133.9967753992,
    74.270355610484));
#4884 = CARTESIAN_POINT('',(19.257711621987,133.89588030819,
    74.304016759391));
#4885 = CARTESIAN_POINT('',(19.252066252282,133.86193235234,
    74.316225998256));
#4886 = CARTESIAN_POINT('',(19.246058034024,133.82852181186,
    74.329117032328));
#4887 = CARTESIAN_POINT('',(19.239692211416,133.79567102527,
    74.342658253817));
#4888 = CARTESIAN_POINT('',(19.232974495344,133.76340044569,
    74.356816915401));
#4889 = CARTESIAN_POINT('',(19.225911188992,133.73172863737,
    74.371559264548));
#4890 = CARTESIAN_POINT('',(19.218509313461,133.70067227213,
    74.38685067784));
#4891 = CARTESIAN_POINT('',(19.19537077876,133.60962679509,
    74.434145016203));
#4892 = CARTESIAN_POINT('',(19.178661511917,133.55154560279,
    74.467654528762));
#4893 = CARTESIAN_POINT('',(19.160693225264,133.4960344339,
    74.502941300525));
#4894 = CARTESIAN_POINT('',(19.141512138156,133.44310535105,
    74.539771943567));
#4895 = CARTESIAN_POINT('',(19.121168142805,133.39275290838,
    74.577922751991));
#4896 = CARTESIAN_POINT('',(19.099716550203,133.3449564654,
    74.617179739435));
#4897 = CARTESIAN_POINT('',(19.077219836039,133.29968250089,
    74.65733867658));
#4898 = CARTESIAN_POINT('',(19.020610378099,133.19646188455,
    74.755906354504));
#4899 = CARTESIAN_POINT('',(18.985520232665,133.14095978862,
    74.815034813185));
#4900 = CARTESIAN_POINT('',(18.948603178599,133.09012763736,
    74.875171516874));
#4901 = CARTESIAN_POINT('',(18.909983836883,133.04371100276,
    74.935966991109));
#4902 = CARTESIAN_POINT('',(18.869787321842,133.00145887722,
    74.997131057644));
#4903 = CARTESIAN_POINT('',(18.82813921333,132.96312769992,
    75.058423051499));
#4904 = CARTESIAN_POINT('',(18.785165400461,132.92848456287,
    75.119642472213));
#4905 = CARTESIAN_POINT('',(18.592999091712,132.79286560247,
    75.384910387866));
#4906 = CARTESIAN_POINT('',(18.430754958609,132.72679280243,
    75.587571047262));
#4907 = CARTESIAN_POINT('',(18.257817490434,132.69088917978,
    75.783473997113));
#4908 = CARTESIAN_POINT('',(18.077450409917,132.67938065567,
    75.971225312794));
#4909 = CARTESIAN_POINT('',(17.892134389004,132.68827867425,
    76.150681556714));
#4910 = CARTESIAN_POINT('',(17.703285954859,132.71512265122,
    76.322530106044));
#4911 = CARTESIAN_POINT('',(17.511253182704,132.75894015436,
    76.487925434825));
#4912 = CARTESIAN_POINT('',(17.276946845065,132.83305570733,
    76.680068656504));
#4913 = CARTESIAN_POINT('',(17.237520416663,132.84621687002,
    76.712077618739));
#4914 = CARTESIAN_POINT('',(17.198031534154,132.86009254089,
    76.743825905409));
#4915 = CARTESIAN_POINT('',(17.158488571759,132.87468741527,
    76.775317115788));
#4916 = CARTESIAN_POINT('',(17.118901462659,132.89000815592,
    76.806553309483));
#4917 = CARTESIAN_POINT('',(17.079281767027,132.9060634075,
    76.837535064148));
#4918 = CARTESIAN_POINT('',(17.039642740057,132.92286381097,
    76.868261533209));
#4919 = CARTESIAN_POINT('',(16.9999994,132.940422018,76.898730503584));
#4920 = CYLINDRICAL_SURFACE('',#4921,1.8);
#4921 = AXIS2_PLACEMENT_3D('',#4922,#4923,#4924);
#4922 = CARTESIAN_POINT('',(23.2,134.5,76.));
#4923 = DIRECTION('',(-1.,0.,0.));
#4924 = DIRECTION('',(0.,0.,-1.));
#4925 = ADVANCED_FACE('',(#4926),#4937,.T.);
#4926 = FACE_BOUND('',#4927,.T.);
#4927 = EDGE_LOOP('',(#4928,#4929,#4936));
#4928 = ORIENTED_EDGE('',*,*,#4751,.T.);
#4929 = ORIENTED_EDGE('',*,*,#4930,.F.);
#4930 = EDGE_CURVE('',#4694,#4743,#4931,.T.);
#4931 = ELLIPSE('',#4932,6.363961030679,4.5);
#4932 = AXIS2_PLACEMENT_3D('',#4933,#4934,#4935);
#4933 = CARTESIAN_POINT('',(17.1,95.,82.768272016355));
#4934 = DIRECTION('',(-1.,0.,0.));
#4935 = DIRECTION('',(0.,0.,1.));
#4936 = ORIENTED_EDGE('',*,*,#4693,.T.);
#4937 = CYLINDRICAL_SURFACE('',#4938,4.5);
#4938 = AXIS2_PLACEMENT_3D('',#4939,#4940,#4941);
#4939 = CARTESIAN_POINT('',(25.147339443774,95.,74.720932572581));
#4940 = DIRECTION('',(-0.707106781187,0.,0.707106781187));
#4941 = DIRECTION('',(0.707106781187,0.,0.707106781187));
#4942 = ADVANCED_FACE('',(#4943),#4947,.T.);
#4943 = FACE_BOUND('',#4944,.T.);
#4944 = EDGE_LOOP('',(#4945,#4946));
#4945 = ORIENTED_EDGE('',*,*,#4930,.T.);
#4946 = ORIENTED_EDGE('',*,*,#4742,.T.);
#4947 = PLANE('',#4948);
#4948 = AXIS2_PLACEMENT_3D('',#4949,#4950,#4951);
#4949 = CARTESIAN_POINT('',(17.1,95.,76.));
#4950 = DIRECTION('',(-1.,0.,0.));
#4951 = DIRECTION('',(0.,0.,-1.));
#4952 = ADVANCED_FACE('',(#4953),#4964,.T.);
#4953 = FACE_BOUND('',#4954,.T.);
#4954 = EDGE_LOOP('',(#4955,#4956,#4963));
#4955 = ORIENTED_EDGE('',*,*,#4874,.T.);
#4956 = ORIENTED_EDGE('',*,*,#4957,.F.);
#4957 = EDGE_CURVE('',#4817,#4866,#4958,.T.);
#4958 = ELLIPSE('',#4959,6.363961030679,4.5);
#4959 = AXIS2_PLACEMENT_3D('',#4960,#4961,#4962);
#4960 = CARTESIAN_POINT('',(17.1,134.5,82.768272016355));
#4961 = DIRECTION('',(-1.,0.,0.));
#4962 = DIRECTION('',(0.,0.,1.));
#4963 = ORIENTED_EDGE('',*,*,#4816,.T.);
#4964 = CYLINDRICAL_SURFACE('',#4965,4.5);
#4965 = AXIS2_PLACEMENT_3D('',#4966,#4967,#4968);
#4966 = CARTESIAN_POINT('',(25.147339443774,134.5,74.720932572581));
#4967 = DIRECTION('',(-0.707106781187,0.,0.707106781187));
#4968 = DIRECTION('',(0.707106781187,0.,0.707106781187));
#4969 = ADVANCED_FACE('',(#4970),#4974,.T.);
#4970 = FACE_BOUND('',#4971,.T.);
#4971 = EDGE_LOOP('',(#4972,#4973));
#4972 = ORIENTED_EDGE('',*,*,#4957,.T.);
#4973 = ORIENTED_EDGE('',*,*,#4865,.T.);
#4974 = PLANE('',#4975);
#4975 = AXIS2_PLACEMENT_3D('',#4976,#4977,#4978);
#4976 = CARTESIAN_POINT('',(17.1,134.5,76.));
#4977 = DIRECTION('',(-1.,0.,0.));
#4978 = DIRECTION('',(0.,0.,-1.));
#4979 = MANIFOLD_SOLID_BREP('',#4980);
#4980 = CLOSED_SHELL('',(#4981,#5135,#5198,#5267,#5313,#5337,#5361,#5459
    ,#5476,#5503,#5562,#5712,#5770,#5794,#5818,#5842,#5866,#5890,#5907,
    #5923,#5940,#5951,#6005,#6048,#6110,#6135,#6160,#6179,#6196,#6223,
    #6250,#6283,#6316,#6332,#6372,#6418,#6441,#6495,#6520,#6545,#6570,
    #6595,#6626,#6650,#6674,#6691,#6721,#6737,#6747,#6772,#6788,#6799,
    #6808,#6817,#6845,#6856,#6902,#6930,#6939,#6948,#6957,#6966,#6978,
    #7075,#7086,#7183,#7200,#7228,#7238,#7255,#7283,#7293,#7416,#7539,
    #7556,#7566,#7583));
#4981 = ADVANCED_FACE('',(#4982),#5130,.T.);
#4982 = FACE_BOUND('',#4983,.F.);
#4983 = EDGE_LOOP('',(#4984,#4994,#5002,#5010,#5018,#5026,#5034,#5042,
    #5050,#5058,#5066,#5075,#5084,#5092,#5100,#5108,#5116,#5124));
#4984 = ORIENTED_EDGE('',*,*,#4985,.T.);
#4985 = EDGE_CURVE('',#4986,#4988,#4990,.T.);
#4986 = VERTEX_POINT('',#4987);
#4987 = CARTESIAN_POINT('',(79.,89.,52.));
#4988 = VERTEX_POINT('',#4989);
#4989 = CARTESIAN_POINT('',(79.,89.,62.));
#4990 = LINE('',#4991,#4992);
#4991 = CARTESIAN_POINT('',(79.,89.,52.));
#4992 = VECTOR('',#4993,1.);
#4993 = DIRECTION('',(0.,0.,1.));
#4994 = ORIENTED_EDGE('',*,*,#4995,.T.);
#4995 = EDGE_CURVE('',#4988,#4996,#4998,.T.);
#4996 = VERTEX_POINT('',#4997);
#4997 = CARTESIAN_POINT('',(78.666666666667,89.,62.));
#4998 = LINE('',#4999,#5000);
#4999 = CARTESIAN_POINT('',(79.,89.,62.));
#5000 = VECTOR('',#5001,1.);
#5001 = DIRECTION('',(-1.,-0.,-0.));
#5002 = ORIENTED_EDGE('',*,*,#5003,.F.);
#5003 = EDGE_CURVE('',#5004,#4996,#5006,.T.);
#5004 = VERTEX_POINT('',#5005);
#5005 = CARTESIAN_POINT('',(77.2,89.,63.1));
#5006 = LINE('',#5007,#5008);
#5007 = CARTESIAN_POINT('',(75.725231519831,89.,64.206076360127));
#5008 = VECTOR('',#5009,1.);
#5009 = DIRECTION('',(0.8,0.,-0.6));
#5010 = ORIENTED_EDGE('',*,*,#5011,.F.);
#5011 = EDGE_CURVE('',#5012,#5004,#5014,.T.);
#5012 = VERTEX_POINT('',#5013);
#5013 = CARTESIAN_POINT('',(77.2,89.,66.3));
#5014 = LINE('',#5015,#5016);
#5015 = CARTESIAN_POINT('',(77.2,89.,66.520870889063));
#5016 = VECTOR('',#5017,1.);
#5017 = DIRECTION('',(-0.,-0.,-1.));
#5018 = ORIENTED_EDGE('',*,*,#5019,.F.);
#5019 = EDGE_CURVE('',#5020,#5012,#5022,.T.);
#5020 = VERTEX_POINT('',#5021);
#5021 = CARTESIAN_POINT('',(72.8,89.,66.3));
#5022 = LINE('',#5023,#5024);
#5023 = CARTESIAN_POINT('',(74.061327416533,89.,66.3));
#5024 = VECTOR('',#5025,1.);
#5025 = DIRECTION('',(1.,0.,0.));
#5026 = ORIENTED_EDGE('',*,*,#5027,.F.);
#5027 = EDGE_CURVE('',#5028,#5020,#5030,.T.);
#5028 = VERTEX_POINT('',#5029);
#5029 = CARTESIAN_POINT('',(72.8,89.,63.1));
#5030 = LINE('',#5031,#5032);
#5031 = CARTESIAN_POINT('',(72.8,89.,64.920870889063));
#5032 = VECTOR('',#5033,1.);
#5033 = DIRECTION('',(0.,0.,1.));
#5034 = ORIENTED_EDGE('',*,*,#5035,.F.);
#5035 = EDGE_CURVE('',#5036,#5028,#5038,.T.);
#5036 = VERTEX_POINT('',#5037);
#5037 = CARTESIAN_POINT('',(71.333333333333,89.,62.));
#5038 = LINE('',#5039,#5040);
#5039 = CARTESIAN_POINT('',(73.681267573331,89.,63.760950679998));
#5040 = VECTOR('',#5041,1.);
#5041 = DIRECTION('',(0.8,0.,0.6));
#5042 = ORIENTED_EDGE('',*,*,#5043,.T.);
#5043 = EDGE_CURVE('',#5036,#5044,#5046,.T.);
#5044 = VERTEX_POINT('',#5045);
#5045 = CARTESIAN_POINT('',(62.,89.,62.));
#5046 = LINE('',#5047,#5048);
#5047 = CARTESIAN_POINT('',(79.,89.,62.));
#5048 = VECTOR('',#5049,1.);
#5049 = DIRECTION('',(-1.,-0.,-0.));
#5050 = ORIENTED_EDGE('',*,*,#5051,.T.);
#5051 = EDGE_CURVE('',#5044,#5052,#5054,.T.);
#5052 = VERTEX_POINT('',#5053);
#5053 = CARTESIAN_POINT('',(62.,89.,79.301515190165));
#5054 = LINE('',#5055,#5056);
#5055 = CARTESIAN_POINT('',(62.,89.,62.));
#5056 = VECTOR('',#5057,1.);
#5057 = DIRECTION('',(0.,0.,1.));
#5058 = ORIENTED_EDGE('',*,*,#5059,.T.);
#5059 = EDGE_CURVE('',#5052,#5060,#5062,.T.);
#5060 = VERTEX_POINT('',#5061);
#5061 = CARTESIAN_POINT('',(63.398602102245,89.,77.90291308792));
#5062 = LINE('',#5063,#5064);
#5063 = CARTESIAN_POINT('',(67.849277931968,89.,73.452237258197));
#5064 = VECTOR('',#5065,1.);
#5065 = DIRECTION('',(0.707106781187,0.,-0.707106781187));
#5066 = ORIENTED_EDGE('',*,*,#5067,.T.);
#5067 = EDGE_CURVE('',#5060,#5068,#5070,.T.);
#5068 = VERTEX_POINT('',#5069);
#5069 = CARTESIAN_POINT('',(63.095570731677,89.,82.));
#5070 = HYPERBOLA('',#5071,12.,6.);
#5071 = AXIS2_PLACEMENT_3D('',#5072,#5073,#5074);
#5072 = CARTESIAN_POINT('',(70.823223304703,89.,91.691495321058));
#5073 = DIRECTION('',(0.,1.,-0.));
#5074 = DIRECTION('',(-0.707106781187,-0.,-0.707106781187));
#5075 = ORIENTED_EDGE('',*,*,#5076,.T.);
#5076 = EDGE_CURVE('',#5068,#5077,#5079,.T.);
#5077 = VERTEX_POINT('',#5078);
#5078 = CARTESIAN_POINT('',(62.,89.,83.497551661561));
#5079 = HYPERBOLA('',#5080,12.,6.);
#5080 = AXIS2_PLACEMENT_3D('',#5081,#5082,#5083);
#5081 = CARTESIAN_POINT('',(70.823223304703,89.,91.691495321058));
#5082 = DIRECTION('',(0.,1.,-0.));
#5083 = DIRECTION('',(-0.707106781187,-0.,-0.707106781187));
#5084 = ORIENTED_EDGE('',*,*,#5085,.T.);
#5085 = EDGE_CURVE('',#5077,#5086,#5088,.T.);
#5086 = VERTEX_POINT('',#5087);
#5087 = CARTESIAN_POINT('',(62.,89.,87.786796564404));
#5088 = LINE('',#5089,#5090);
#5089 = CARTESIAN_POINT('',(62.,89.,62.));
#5090 = VECTOR('',#5091,1.);
#5091 = DIRECTION('',(0.,0.,1.));
#5092 = ORIENTED_EDGE('',*,*,#5093,.T.);
#5093 = EDGE_CURVE('',#5086,#5094,#5096,.T.);
#5094 = VERTEX_POINT('',#5095);
#5095 = CARTESIAN_POINT('',(67.786796564404,89.,82.));
#5096 = LINE('',#5097,#5098);
#5097 = CARTESIAN_POINT('',(62.,89.,87.786796564404));
#5098 = VECTOR('',#5099,1.);
#5099 = DIRECTION('',(0.707106781187,0.,-0.707106781187));
#5100 = ORIENTED_EDGE('',*,*,#5101,.F.);
#5101 = EDGE_CURVE('',#5102,#5094,#5104,.T.);
#5102 = VERTEX_POINT('',#5103);
#5103 = CARTESIAN_POINT('',(71.,89.,82.));
#5104 = LINE('',#5105,#5106);
#5105 = CARTESIAN_POINT('',(71.,89.,82.));
#5106 = VECTOR('',#5107,1.);
#5107 = DIRECTION('',(-1.,-0.,-0.));
#5108 = ORIENTED_EDGE('',*,*,#5109,.F.);
#5109 = EDGE_CURVE('',#5110,#5102,#5112,.T.);
#5110 = VERTEX_POINT('',#5111);
#5111 = CARTESIAN_POINT('',(71.,89.,78.786796564404));
#5112 = LINE('',#5113,#5114);
#5113 = CARTESIAN_POINT('',(71.,89.,62.));
#5114 = VECTOR('',#5115,1.);
#5115 = DIRECTION('',(0.,0.,1.));
#5116 = ORIENTED_EDGE('',*,*,#5117,.T.);
#5117 = EDGE_CURVE('',#5110,#5118,#5120,.T.);
#5118 = VERTEX_POINT('',#5119);
#5119 = CARTESIAN_POINT('',(97.786796564404,89.,52.));
#5120 = LINE('',#5121,#5122);
#5121 = CARTESIAN_POINT('',(62.,89.,87.786796564404));
#5122 = VECTOR('',#5123,1.);
#5123 = DIRECTION('',(0.707106781187,0.,-0.707106781187));
#5124 = ORIENTED_EDGE('',*,*,#5125,.T.);
#5125 = EDGE_CURVE('',#5118,#4986,#5126,.T.);
#5126 = LINE('',#5127,#5128);
#5127 = CARTESIAN_POINT('',(97.786796564404,89.,52.));
#5128 = VECTOR('',#5129,1.);
#5129 = DIRECTION('',(-1.,-0.,-0.));
#5130 = PLANE('',#5131);
#5131 = AXIS2_PLACEMENT_3D('',#5132,#5133,#5134);
#5132 = CARTESIAN_POINT('',(75.322654833066,89.,66.741741778126));
#5133 = DIRECTION('',(0.,-1.,0.));
#5134 = DIRECTION('',(0.,0.,1.));
#5135 = ADVANCED_FACE('',(#5136),#5193,.T.);
#5136 = FACE_BOUND('',#5137,.F.);
#5137 = EDGE_LOOP('',(#5138,#5139,#5147,#5155,#5163,#5171,#5179,#5187));
#5138 = ORIENTED_EDGE('',*,*,#4985,.F.);
#5139 = ORIENTED_EDGE('',*,*,#5140,.T.);
#5140 = EDGE_CURVE('',#4986,#5141,#5143,.T.);
#5141 = VERTEX_POINT('',#5142);
#5142 = CARTESIAN_POINT('',(79.,98.,52.));
#5143 = LINE('',#5144,#5145);
#5144 = CARTESIAN_POINT('',(79.,89.,52.));
#5145 = VECTOR('',#5146,1.);
#5146 = DIRECTION('',(0.,1.,0.));
#5147 = ORIENTED_EDGE('',*,*,#5148,.T.);
#5148 = EDGE_CURVE('',#5141,#5149,#5151,.T.);
#5149 = VERTEX_POINT('',#5150);
#5150 = CARTESIAN_POINT('',(79.,98.,52.402020253553));
#5151 = LINE('',#5152,#5153);
#5152 = CARTESIAN_POINT('',(79.,98.,52.));
#5153 = VECTOR('',#5154,1.);
#5154 = DIRECTION('',(0.,0.,1.));
#5155 = ORIENTED_EDGE('',*,*,#5156,.T.);
#5156 = EDGE_CURVE('',#5149,#5157,#5159,.T.);
#5157 = VERTEX_POINT('',#5158);
#5158 = CARTESIAN_POINT('',(79.,131.5,52.402020253553));
#5159 = LINE('',#5160,#5161);
#5160 = CARTESIAN_POINT('',(79.,101.875,52.402020253553));
#5161 = VECTOR('',#5162,1.);
#5162 = DIRECTION('',(0.,1.,0.));
#5163 = ORIENTED_EDGE('',*,*,#5164,.F.);
#5164 = EDGE_CURVE('',#5165,#5157,#5167,.T.);
#5165 = VERTEX_POINT('',#5166);
#5166 = CARTESIAN_POINT('',(79.,131.5,52.));
#5167 = LINE('',#5168,#5169);
#5168 = CARTESIAN_POINT('',(79.,131.5,52.));
#5169 = VECTOR('',#5170,1.);
#5170 = DIRECTION('',(0.,0.,1.));
#5171 = ORIENTED_EDGE('',*,*,#5172,.T.);
#5172 = EDGE_CURVE('',#5165,#5173,#5175,.T.);
#5173 = VERTEX_POINT('',#5174);
#5174 = CARTESIAN_POINT('',(79.,140.5,52.));
#5175 = LINE('',#5176,#5177);
#5176 = CARTESIAN_POINT('',(79.,131.5,52.));
#5177 = VECTOR('',#5178,1.);
#5178 = DIRECTION('',(0.,1.,0.));
#5179 = ORIENTED_EDGE('',*,*,#5180,.T.);
#5180 = EDGE_CURVE('',#5173,#5181,#5183,.T.);
#5181 = VERTEX_POINT('',#5182);
#5182 = CARTESIAN_POINT('',(79.,140.5,62.));
#5183 = LINE('',#5184,#5185);
#5184 = CARTESIAN_POINT('',(79.,140.5,52.));
#5185 = VECTOR('',#5186,1.);
#5186 = DIRECTION('',(0.,0.,1.));
#5187 = ORIENTED_EDGE('',*,*,#5188,.F.);
#5188 = EDGE_CURVE('',#4988,#5181,#5189,.T.);
#5189 = LINE('',#5190,#5191);
#5190 = CARTESIAN_POINT('',(79.,89.,62.));
#5191 = VECTOR('',#5192,1.);
#5192 = DIRECTION('',(0.,1.,0.));
#5193 = PLANE('',#5194);
#5194 = AXIS2_PLACEMENT_3D('',#5195,#5196,#5197);
#5195 = CARTESIAN_POINT('',(79.,114.75,57.077615368637));
#5196 = DIRECTION('',(-1.,-0.,-0.));
#5197 = DIRECTION('',(0.,0.,-1.));
#5198 = ADVANCED_FACE('',(#5199,#5240,#5251),#5262,.T.);
#5199 = FACE_BOUND('',#5200,.F.);
#5200 = EDGE_LOOP('',(#5201,#5209,#5215,#5216,#5224,#5232,#5238,#5239));
#5201 = ORIENTED_EDGE('',*,*,#5202,.T.);
#5202 = EDGE_CURVE('',#5118,#5203,#5205,.T.);
#5203 = VERTEX_POINT('',#5204);
#5204 = CARTESIAN_POINT('',(97.786796564404,140.5,52.));
#5205 = LINE('',#5206,#5207);
#5206 = CARTESIAN_POINT('',(97.786796564404,89.,52.));
#5207 = VECTOR('',#5208,1.);
#5208 = DIRECTION('',(0.,1.,0.));
#5209 = ORIENTED_EDGE('',*,*,#5210,.T.);
#5210 = EDGE_CURVE('',#5203,#5173,#5211,.T.);
#5211 = LINE('',#5212,#5213);
#5212 = CARTESIAN_POINT('',(97.786796564404,140.5,52.));
#5213 = VECTOR('',#5214,1.);
#5214 = DIRECTION('',(-1.,-0.,-0.));
#5215 = ORIENTED_EDGE('',*,*,#5172,.F.);
#5216 = ORIENTED_EDGE('',*,*,#5217,.F.);
#5217 = EDGE_CURVE('',#5218,#5165,#5220,.T.);
#5218 = VERTEX_POINT('',#5219);
#5219 = CARTESIAN_POINT('',(79.402020253553,131.5,52.));
#5220 = LINE('',#5221,#5222);
#5221 = CARTESIAN_POINT('',(97.786796564404,131.5,52.));
#5222 = VECTOR('',#5223,1.);
#5223 = DIRECTION('',(-1.,-0.,-0.));
#5224 = ORIENTED_EDGE('',*,*,#5225,.F.);
#5225 = EDGE_CURVE('',#5226,#5218,#5228,.T.);
#5226 = VERTEX_POINT('',#5227);
#5227 = CARTESIAN_POINT('',(79.402020253553,98.,52.));
#5228 = LINE('',#5229,#5230);
#5229 = CARTESIAN_POINT('',(79.402020253553,99.875,52.));
#5230 = VECTOR('',#5231,1.);
#5231 = DIRECTION('',(0.,1.,0.));
#5232 = ORIENTED_EDGE('',*,*,#5233,.T.);
#5233 = EDGE_CURVE('',#5226,#5141,#5234,.T.);
#5234 = LINE('',#5235,#5236);
#5235 = CARTESIAN_POINT('',(97.786796564404,98.,52.));
#5236 = VECTOR('',#5237,1.);
#5237 = DIRECTION('',(-1.,-0.,-0.));
#5238 = ORIENTED_EDGE('',*,*,#5140,.F.);
#5239 = ORIENTED_EDGE('',*,*,#5125,.F.);
#5240 = FACE_BOUND('',#5241,.F.);
#5241 = EDGE_LOOP('',(#5242));
#5242 = ORIENTED_EDGE('',*,*,#5243,.F.);
#5243 = EDGE_CURVE('',#5244,#5244,#5246,.T.);
#5244 = VERTEX_POINT('',#5245);
#5245 = CARTESIAN_POINT('',(80.629202666704,95.,52.));
#5246 = ELLIPSE('',#5247,6.363961030679,4.5);
#5247 = AXIS2_PLACEMENT_3D('',#5248,#5249,#5250);
#5248 = CARTESIAN_POINT('',(86.993163697383,95.,52.));
#5249 = DIRECTION('',(0.,0.,1.));
#5250 = DIRECTION('',(1.,0.,0.));
#5251 = FACE_BOUND('',#5252,.F.);
#5252 = EDGE_LOOP('',(#5253));
#5253 = ORIENTED_EDGE('',*,*,#5254,.F.);
#5254 = EDGE_CURVE('',#5255,#5255,#5257,.T.);
#5255 = VERTEX_POINT('',#5256);
#5256 = CARTESIAN_POINT('',(80.629202666704,134.5,52.));
#5257 = ELLIPSE('',#5258,6.363961030679,4.5);
#5258 = AXIS2_PLACEMENT_3D('',#5259,#5260,#5261);
#5259 = CARTESIAN_POINT('',(86.993163697383,134.5,52.));
#5260 = DIRECTION('',(0.,0.,1.));
#5261 = DIRECTION('',(1.,0.,0.));
#5262 = PLANE('',#5263);
#5263 = AXIS2_PLACEMENT_3D('',#5264,#5265,#5266);
#5264 = CARTESIAN_POINT('',(88.436379805543,114.75,52.));
#5265 = DIRECTION('',(0.,0.,-1.));
#5266 = DIRECTION('',(-1.,0.,0.));
#5267 = ADVANCED_FACE('',(#5268,#5286,#5297),#5308,.T.);
#5268 = FACE_BOUND('',#5269,.F.);
#5269 = EDGE_LOOP('',(#5270,#5271,#5279,#5285));
#5270 = ORIENTED_EDGE('',*,*,#5117,.F.);
#5271 = ORIENTED_EDGE('',*,*,#5272,.T.);
#5272 = EDGE_CURVE('',#5110,#5273,#5275,.T.);
#5273 = VERTEX_POINT('',#5274);
#5274 = CARTESIAN_POINT('',(71.,140.5,78.786796564404));
#5275 = LINE('',#5276,#5277);
#5276 = CARTESIAN_POINT('',(71.,101.875,78.786796564404));
#5277 = VECTOR('',#5278,1.);
#5278 = DIRECTION('',(0.,1.,0.));
#5279 = ORIENTED_EDGE('',*,*,#5280,.T.);
#5280 = EDGE_CURVE('',#5273,#5203,#5281,.T.);
#5281 = LINE('',#5282,#5283);
#5282 = CARTESIAN_POINT('',(62.,140.5,87.786796564404));
#5283 = VECTOR('',#5284,1.);
#5284 = DIRECTION('',(0.707106781187,0.,-0.707106781187));
#5285 = ORIENTED_EDGE('',*,*,#5202,.F.);
#5286 = FACE_BOUND('',#5287,.F.);
#5287 = EDGE_LOOP('',(#5288));
#5288 = ORIENTED_EDGE('',*,*,#5289,.F.);
#5289 = EDGE_CURVE('',#5290,#5290,#5292,.T.);
#5290 = VERTEX_POINT('',#5291);
#5291 = CARTESIAN_POINT('',(90.763634534164,134.5,59.02316203024));
#5292 = CIRCLE('',#5293,2.3);
#5293 = AXIS2_PLACEMENT_3D('',#5294,#5295,#5296);
#5294 = CARTESIAN_POINT('',(92.389980130893,134.5,57.396816433511));
#5295 = DIRECTION('',(-0.707106781187,0.,-0.707106781187));
#5296 = DIRECTION('',(-0.707106781187,0.,0.707106781187));
#5297 = FACE_BOUND('',#5298,.F.);
#5298 = EDGE_LOOP('',(#5299));
#5299 = ORIENTED_EDGE('',*,*,#5300,.F.);
#5300 = EDGE_CURVE('',#5301,#5301,#5303,.T.);
#5301 = VERTEX_POINT('',#5302);
#5302 = CARTESIAN_POINT('',(90.763634534164,95.,59.02316203024));
#5303 = CIRCLE('',#5304,2.3);
#5304 = AXIS2_PLACEMENT_3D('',#5305,#5306,#5307);
#5305 = CARTESIAN_POINT('',(92.389980130893,95.,57.396816433511));
#5306 = DIRECTION('',(-0.707106781187,0.,-0.707106781187));
#5307 = DIRECTION('',(-0.707106781187,0.,0.707106781187));
#5308 = PLANE('',#5309);
#5309 = AXIS2_PLACEMENT_3D('',#5310,#5311,#5312);
#5310 = CARTESIAN_POINT('',(79.784744004254,114.75,70.00205256015));
#5311 = DIRECTION('',(0.707106781187,0.,0.707106781187));
#5312 = DIRECTION('',(-0.707106781187,0.,0.707106781187));
#5313 = ADVANCED_FACE('',(#5314),#5332,.F.);
#5314 = FACE_BOUND('',#5315,.T.);
#5315 = EDGE_LOOP('',(#5316,#5317,#5318,#5326));
#5316 = ORIENTED_EDGE('',*,*,#5109,.F.);
#5317 = ORIENTED_EDGE('',*,*,#5272,.T.);
#5318 = ORIENTED_EDGE('',*,*,#5319,.T.);
#5319 = EDGE_CURVE('',#5273,#5320,#5322,.T.);
#5320 = VERTEX_POINT('',#5321);
#5321 = CARTESIAN_POINT('',(71.,140.5,82.));
#5322 = LINE('',#5323,#5324);
#5323 = CARTESIAN_POINT('',(71.,140.5,62.));
#5324 = VECTOR('',#5325,1.);
#5325 = DIRECTION('',(0.,0.,1.));
#5326 = ORIENTED_EDGE('',*,*,#5327,.F.);
#5327 = EDGE_CURVE('',#5102,#5320,#5328,.T.);
#5328 = LINE('',#5329,#5330);
#5329 = CARTESIAN_POINT('',(71.,89.,82.));
#5330 = VECTOR('',#5331,1.);
#5331 = DIRECTION('',(0.,1.,0.));
#5332 = PLANE('',#5333);
#5333 = AXIS2_PLACEMENT_3D('',#5334,#5335,#5336);
#5334 = CARTESIAN_POINT('',(71.,89.,62.));
#5335 = DIRECTION('',(-1.,-0.,-0.));
#5336 = DIRECTION('',(0.,0.,-1.));
#5337 = ADVANCED_FACE('',(#5338),#5356,.T.);
#5338 = FACE_BOUND('',#5339,.F.);
#5339 = EDGE_LOOP('',(#5340,#5348,#5349,#5350));
#5340 = ORIENTED_EDGE('',*,*,#5341,.F.);
#5341 = EDGE_CURVE('',#5320,#5342,#5344,.T.);
#5342 = VERTEX_POINT('',#5343);
#5343 = CARTESIAN_POINT('',(67.786796564404,140.5,82.));
#5344 = LINE('',#5345,#5346);
#5345 = CARTESIAN_POINT('',(71.,140.5,82.));
#5346 = VECTOR('',#5347,1.);
#5347 = DIRECTION('',(-1.,-0.,-0.));
#5348 = ORIENTED_EDGE('',*,*,#5327,.F.);
#5349 = ORIENTED_EDGE('',*,*,#5101,.T.);
#5350 = ORIENTED_EDGE('',*,*,#5351,.T.);
#5351 = EDGE_CURVE('',#5094,#5342,#5352,.T.);
#5352 = LINE('',#5353,#5354);
#5353 = CARTESIAN_POINT('',(67.786796564404,101.875,82.));
#5354 = VECTOR('',#5355,1.);
#5355 = DIRECTION('',(0.,1.,0.));
#5356 = PLANE('',#5357);
#5357 = AXIS2_PLACEMENT_3D('',#5358,#5359,#5360);
#5358 = CARTESIAN_POINT('',(71.,89.,82.));
#5359 = DIRECTION('',(0.,0.,1.));
#5360 = DIRECTION('',(1.,0.,0.));
#5361 = ADVANCED_FACE('',(#5362,#5432,#5443),#5454,.T.);
#5362 = FACE_BOUND('',#5363,.F.);
#5363 = EDGE_LOOP('',(#5364,#5365,#5373,#5382,#5391,#5399,#5408,#5417,
    #5425,#5431));
#5364 = ORIENTED_EDGE('',*,*,#5093,.F.);
#5365 = ORIENTED_EDGE('',*,*,#5366,.T.);
#5366 = EDGE_CURVE('',#5086,#5367,#5369,.T.);
#5367 = VERTEX_POINT('',#5368);
#5368 = CARTESIAN_POINT('',(62.,92.144468852364,87.786796564404));
#5369 = LINE('',#5370,#5371);
#5370 = CARTESIAN_POINT('',(62.,89.,87.786796564404));
#5371 = VECTOR('',#5372,1.);
#5372 = DIRECTION('',(0.,1.,0.));
#5373 = ORIENTED_EDGE('',*,*,#5374,.T.);
#5374 = EDGE_CURVE('',#5367,#5375,#5377,.T.);
#5375 = VERTEX_POINT('',#5376);
#5376 = CARTESIAN_POINT('',(61.277281758685,95.,88.509514805719));
#5377 = CIRCLE('',#5378,4.5);
#5378 = AXIS2_PLACEMENT_3D('',#5379,#5380,#5381);
#5379 = CARTESIAN_POINT('',(64.459262274024,95.,85.327534290379));
#5380 = DIRECTION('',(-0.707106781187,0.,-0.707106781187));
#5381 = DIRECTION('',(-0.707106781187,0.,0.707106781187));
#5382 = ORIENTED_EDGE('',*,*,#5383,.T.);
#5383 = EDGE_CURVE('',#5375,#5384,#5386,.T.);
#5384 = VERTEX_POINT('',#5385);
#5385 = CARTESIAN_POINT('',(62.,97.855531147636,87.786796564404));
#5386 = CIRCLE('',#5387,4.5);
#5387 = AXIS2_PLACEMENT_3D('',#5388,#5389,#5390);
#5388 = CARTESIAN_POINT('',(64.459262274024,95.,85.327534290379));
#5389 = DIRECTION('',(-0.707106781187,0.,-0.707106781187));
#5390 = DIRECTION('',(-0.707106781187,0.,0.707106781187));
#5391 = ORIENTED_EDGE('',*,*,#5392,.T.);
#5392 = EDGE_CURVE('',#5384,#5393,#5395,.T.);
#5393 = VERTEX_POINT('',#5394);
#5394 = CARTESIAN_POINT('',(62.,131.64446885236,87.786796564404));
#5395 = LINE('',#5396,#5397);
#5396 = CARTESIAN_POINT('',(62.,89.,87.786796564404));
#5397 = VECTOR('',#5398,1.);
#5398 = DIRECTION('',(0.,1.,0.));
#5399 = ORIENTED_EDGE('',*,*,#5400,.T.);
#5400 = EDGE_CURVE('',#5393,#5401,#5403,.T.);
#5401 = VERTEX_POINT('',#5402);
#5402 = CARTESIAN_POINT('',(61.277281758685,134.5,88.509514805719));
#5403 = CIRCLE('',#5404,4.5);
#5404 = AXIS2_PLACEMENT_3D('',#5405,#5406,#5407);
#5405 = CARTESIAN_POINT('',(64.459262274024,134.5,85.327534290379));
#5406 = DIRECTION('',(-0.707106781187,0.,-0.707106781187));
#5407 = DIRECTION('',(-0.707106781187,0.,0.707106781187));
#5408 = ORIENTED_EDGE('',*,*,#5409,.T.);
#5409 = EDGE_CURVE('',#5401,#5410,#5412,.T.);
#5410 = VERTEX_POINT('',#5411);
#5411 = CARTESIAN_POINT('',(62.,137.35553114763,87.786796564404));
#5412 = CIRCLE('',#5413,4.5);
#5413 = AXIS2_PLACEMENT_3D('',#5414,#5415,#5416);
#5414 = CARTESIAN_POINT('',(64.459262274024,134.5,85.327534290379));
#5415 = DIRECTION('',(-0.707106781187,0.,-0.707106781187));
#5416 = DIRECTION('',(-0.707106781187,0.,0.707106781187));
#5417 = ORIENTED_EDGE('',*,*,#5418,.T.);
#5418 = EDGE_CURVE('',#5410,#5419,#5421,.T.);
#5419 = VERTEX_POINT('',#5420);
#5420 = CARTESIAN_POINT('',(62.,140.5,87.786796564404));
#5421 = LINE('',#5422,#5423);
#5422 = CARTESIAN_POINT('',(62.,89.,87.786796564404));
#5423 = VECTOR('',#5424,1.);
#5424 = DIRECTION('',(0.,1.,0.));
#5425 = ORIENTED_EDGE('',*,*,#5426,.T.);
#5426 = EDGE_CURVE('',#5419,#5342,#5427,.T.);
#5427 = LINE('',#5428,#5429);
#5428 = CARTESIAN_POINT('',(62.,140.5,87.786796564404));
#5429 = VECTOR('',#5430,1.);
#5430 = DIRECTION('',(0.707106781187,0.,-0.707106781187));
#5431 = ORIENTED_EDGE('',*,*,#5351,.F.);
#5432 = FACE_BOUND('',#5433,.F.);
#5433 = EDGE_LOOP('',(#5434));
#5434 = ORIENTED_EDGE('',*,*,#5435,.F.);
#5435 = EDGE_CURVE('',#5436,#5436,#5438,.T.);
#5436 = VERTEX_POINT('',#5437);
#5437 = CARTESIAN_POINT('',(62.832916677295,134.5,86.953879887108));
#5438 = CIRCLE('',#5439,2.3);
#5439 = AXIS2_PLACEMENT_3D('',#5440,#5441,#5442);
#5440 = CARTESIAN_POINT('',(64.459262274024,134.5,85.327534290379));
#5441 = DIRECTION('',(-0.707106781187,0.,-0.707106781187));
#5442 = DIRECTION('',(-0.707106781187,0.,0.707106781187));
#5443 = FACE_BOUND('',#5444,.F.);
#5444 = EDGE_LOOP('',(#5445));
#5445 = ORIENTED_EDGE('',*,*,#5446,.F.);
#5446 = EDGE_CURVE('',#5447,#5447,#5449,.T.);
#5447 = VERTEX_POINT('',#5448);
#5448 = CARTESIAN_POINT('',(62.832916677295,95.,86.953879887108));
#5449 = CIRCLE('',#5450,2.3);
#5450 = AXIS2_PLACEMENT_3D('',#5451,#5452,#5453);
#5451 = CARTESIAN_POINT('',(64.459262274024,95.,85.327534290379));
#5452 = DIRECTION('',(-0.707106781187,0.,-0.707106781187));
#5453 = DIRECTION('',(-0.707106781187,0.,0.707106781187));
#5454 = PLANE('',#5455);
#5455 = AXIS2_PLACEMENT_3D('',#5456,#5457,#5458);
#5456 = CARTESIAN_POINT('',(79.784744004254,114.75,70.00205256015));
#5457 = DIRECTION('',(0.707106781187,0.,0.707106781187));
#5458 = DIRECTION('',(-0.707106781187,0.,0.707106781187));
#5459 = ADVANCED_FACE('',(#5460),#5471,.T.);
#5460 = FACE_BOUND('',#5461,.F.);
#5461 = EDGE_LOOP('',(#5462,#5463,#5470));
#5462 = ORIENTED_EDGE('',*,*,#5085,.F.);
#5463 = ORIENTED_EDGE('',*,*,#5464,.F.);
#5464 = EDGE_CURVE('',#5367,#5077,#5465,.T.);
#5465 = ELLIPSE('',#5466,11.764297739604,7.204131661052);
#5466 = AXIS2_PLACEMENT_3D('',#5467,#5468,#5469);
#5467 = CARTESIAN_POINT('',(62.,95.,76.986123146552));
#5468 = DIRECTION('',(1.,0.,0.));
#5469 = DIRECTION('',(-0.,-0.,-1.));
#5470 = ORIENTED_EDGE('',*,*,#5366,.F.);
#5471 = PLANE('',#5472);
#5472 = AXIS2_PLACEMENT_3D('',#5473,#5474,#5475);
#5473 = CARTESIAN_POINT('',(62.,114.75,75.553952981676));
#5474 = DIRECTION('',(-1.,-0.,-0.));
#5475 = DIRECTION('',(0.,0.,-1.));
#5476 = ADVANCED_FACE('',(#5477),#5498,.T.);
#5477 = FACE_BOUND('',#5478,.F.);
#5478 = EDGE_LOOP('',(#5479,#5487,#5488,#5489,#5490,#5491));
#5479 = ORIENTED_EDGE('',*,*,#5480,.T.);
#5480 = EDGE_CURVE('',#5481,#5375,#5483,.T.);
#5481 = VERTEX_POINT('',#5482);
#5482 = CARTESIAN_POINT('',(54.913320728006,95.,86.388194462159));
#5483 = LINE('',#5484,#5485);
#5484 = CARTESIAN_POINT('',(54.913320728006,95.,86.388194462159));
#5485 = VECTOR('',#5486,1.);
#5486 = DIRECTION('',(0.948683298051,1.095357396528E-16,0.316227766017)
  );
#5487 = ORIENTED_EDGE('',*,*,#5374,.F.);
#5488 = ORIENTED_EDGE('',*,*,#5464,.T.);
#5489 = ORIENTED_EDGE('',*,*,#5076,.F.);
#5490 = ORIENTED_EDGE('',*,*,#5067,.F.);
#5491 = ORIENTED_EDGE('',*,*,#5492,.T.);
#5492 = EDGE_CURVE('',#5060,#5481,#5493,.T.);
#5493 = CIRCLE('',#5494,7.5);
#5494 = AXIS2_PLACEMENT_3D('',#5495,#5496,#5497);
#5495 = CARTESIAN_POINT('',(60.216621586905,95.,81.08489360326));
#5496 = DIRECTION('',(-0.707106781187,0.,-0.707106781187));
#5497 = DIRECTION('',(-0.707106781187,0.,0.707106781187));
#5498 = CONICAL_SURFACE('',#5499,7.5,0.463647609001);
#5499 = AXIS2_PLACEMENT_3D('',#5500,#5501,#5502);
#5500 = CARTESIAN_POINT('',(60.216621586905,95.,81.08489360326));
#5501 = DIRECTION('',(-0.707106781187,0.,-0.707106781187));
#5502 = DIRECTION('',(-0.707106781187,0.,0.707106781187));
#5503 = ADVANCED_FACE('',(#5504),#5557,.F.);
#5504 = FACE_BOUND('',#5505,.T.);
#5505 = EDGE_LOOP('',(#5506,#5507,#5508,#5517,#5525,#5534,#5543,#5551));
#5506 = ORIENTED_EDGE('',*,*,#5059,.T.);
#5507 = ORIENTED_EDGE('',*,*,#5492,.T.);
#5508 = ORIENTED_EDGE('',*,*,#5509,.T.);
#5509 = EDGE_CURVE('',#5481,#5510,#5512,.T.);
#5510 = VERTEX_POINT('',#5511);
#5511 = CARTESIAN_POINT('',(59.301515190165,102.38750029206,82.));
#5512 = CIRCLE('',#5513,7.5);
#5513 = AXIS2_PLACEMENT_3D('',#5514,#5515,#5516);
#5514 = CARTESIAN_POINT('',(60.216621586905,95.,81.08489360326));
#5515 = DIRECTION('',(-0.707106781187,0.,-0.707106781187));
#5516 = DIRECTION('',(-0.707106781187,0.,0.707106781187));
#5517 = ORIENTED_EDGE('',*,*,#5518,.F.);
#5518 = EDGE_CURVE('',#5519,#5510,#5521,.T.);
#5519 = VERTEX_POINT('',#5520);
#5520 = CARTESIAN_POINT('',(59.301515190165,99.309891015477,82.));
#5521 = LINE('',#5522,#5523);
#5522 = CARTESIAN_POINT('',(59.301515190165,92.,82.));
#5523 = VECTOR('',#5524,1.);
#5524 = DIRECTION('',(0.,1.,0.));
#5525 = ORIENTED_EDGE('',*,*,#5526,.F.);
#5526 = EDGE_CURVE('',#5527,#5519,#5529,.T.);
#5527 = VERTEX_POINT('',#5528);
#5528 = CARTESIAN_POINT('',(57.034641071566,95.,84.266874118599));
#5529 = CIRCLE('',#5530,4.5);
#5530 = AXIS2_PLACEMENT_3D('',#5531,#5532,#5533);
#5531 = CARTESIAN_POINT('',(60.216621586905,95.,81.08489360326));
#5532 = DIRECTION('',(-0.707106781187,0.,-0.707106781187));
#5533 = DIRECTION('',(-0.707106781187,0.,0.707106781187));
#5534 = ORIENTED_EDGE('',*,*,#5535,.F.);
#5535 = EDGE_CURVE('',#5536,#5527,#5538,.T.);
#5536 = VERTEX_POINT('',#5537);
#5537 = CARTESIAN_POINT('',(59.301515190165,90.690108984523,82.));
#5538 = CIRCLE('',#5539,4.5);
#5539 = AXIS2_PLACEMENT_3D('',#5540,#5541,#5542);
#5540 = CARTESIAN_POINT('',(60.216621586905,95.,81.08489360326));
#5541 = DIRECTION('',(-0.707106781187,0.,-0.707106781187));
#5542 = DIRECTION('',(-0.707106781187,0.,0.707106781187));
#5543 = ORIENTED_EDGE('',*,*,#5544,.F.);
#5544 = EDGE_CURVE('',#5545,#5536,#5547,.T.);
#5545 = VERTEX_POINT('',#5546);
#5546 = CARTESIAN_POINT('',(59.301515190165,89.,82.));
#5547 = LINE('',#5548,#5549);
#5548 = CARTESIAN_POINT('',(59.301515190165,92.,82.));
#5549 = VECTOR('',#5550,1.);
#5550 = DIRECTION('',(0.,1.,0.));
#5551 = ORIENTED_EDGE('',*,*,#5552,.F.);
#5552 = EDGE_CURVE('',#5052,#5545,#5553,.T.);
#5553 = LINE('',#5554,#5555);
#5554 = CARTESIAN_POINT('',(65.675573566453,89.,75.625941623712));
#5555 = VECTOR('',#5556,1.);
#5556 = DIRECTION('',(-0.707106781187,0.,0.707106781187));
#5557 = PLANE('',#5558);
#5558 = AXIS2_PLACEMENT_3D('',#5559,#5560,#5561);
#5559 = CARTESIAN_POINT('',(60.216621586905,95.,81.08489360326));
#5560 = DIRECTION('',(0.707106781187,0.,0.707106781187));
#5561 = DIRECTION('',(0.707106781187,0.,-0.707106781187));
#5562 = ADVANCED_FACE('',(#5563,#5663,#5674,#5685,#5696),#5707,.T.);
#5563 = FACE_BOUND('',#5564,.F.);
#5564 = EDGE_LOOP('',(#5565,#5566,#5574,#5582,#5590,#5598,#5607,#5615,
    #5622,#5623,#5632,#5640,#5649,#5657));
#5565 = ORIENTED_EDGE('',*,*,#5051,.F.);
#5566 = ORIENTED_EDGE('',*,*,#5567,.T.);
#5567 = EDGE_CURVE('',#5044,#5568,#5570,.T.);
#5568 = VERTEX_POINT('',#5569);
#5569 = CARTESIAN_POINT('',(62.,140.5,62.));
#5570 = LINE('',#5571,#5572);
#5571 = CARTESIAN_POINT('',(62.,131.5,62.));
#5572 = VECTOR('',#5573,1.);
#5573 = DIRECTION('',(0.,1.,0.));
#5574 = ORIENTED_EDGE('',*,*,#5575,.T.);
#5575 = EDGE_CURVE('',#5568,#5576,#5578,.T.);
#5576 = VERTEX_POINT('',#5577);
#5577 = CARTESIAN_POINT('',(62.,140.5,79.301515190165));
#5578 = LINE('',#5579,#5580);
#5579 = CARTESIAN_POINT('',(62.,140.5,62.));
#5580 = VECTOR('',#5581,1.);
#5581 = DIRECTION('',(0.,0.,1.));
#5582 = ORIENTED_EDGE('',*,*,#5583,.T.);
#5583 = EDGE_CURVE('',#5576,#5584,#5586,.T.);
#5584 = VERTEX_POINT('',#5585);
#5585 = CARTESIAN_POINT('',(62.,140.5,82.));
#5586 = LINE('',#5587,#5588);
#5587 = CARTESIAN_POINT('',(62.,140.5,62.));
#5588 = VECTOR('',#5589,1.);
#5589 = DIRECTION('',(0.,0.,1.));
#5590 = ORIENTED_EDGE('',*,*,#5591,.F.);
#5591 = EDGE_CURVE('',#5592,#5584,#5594,.T.);
#5592 = VERTEX_POINT('',#5593);
#5593 = CARTESIAN_POINT('',(62.,136.71654051458,82.));
#5594 = LINE('',#5595,#5596);
#5595 = CARTESIAN_POINT('',(62.,89.,82.));
#5596 = VECTOR('',#5597,1.);
#5597 = DIRECTION('',(0.,1.,0.));
#5598 = ORIENTED_EDGE('',*,*,#5599,.F.);
#5599 = EDGE_CURVE('',#5600,#5592,#5602,.T.);
#5600 = VERTEX_POINT('',#5601);
#5601 = CARTESIAN_POINT('',(62.,132.28345948541,82.));
#5602 = ELLIPSE('',#5603,3.252691193458,2.3);
#5603 = AXIS2_PLACEMENT_3D('',#5604,#5605,#5606);
#5604 = CARTESIAN_POINT('',(62.,134.5,82.868272016355));
#5605 = DIRECTION('',(1.,0.,0.));
#5606 = DIRECTION('',(0.,0.,1.));
#5607 = ORIENTED_EDGE('',*,*,#5608,.F.);
#5608 = EDGE_CURVE('',#5609,#5600,#5611,.T.);
#5609 = VERTEX_POINT('',#5610);
#5610 = CARTESIAN_POINT('',(62.,127.98291456426,82.));
#5611 = LINE('',#5612,#5613);
#5612 = CARTESIAN_POINT('',(62.,89.,82.));
#5613 = VECTOR('',#5614,1.);
#5614 = DIRECTION('',(0.,1.,0.));
#5615 = ORIENTED_EDGE('',*,*,#5616,.F.);
#5616 = EDGE_CURVE('',#5393,#5609,#5617,.T.);
#5617 = ELLIPSE('',#5618,11.764297739604,7.204131661052);
#5618 = AXIS2_PLACEMENT_3D('',#5619,#5620,#5621);
#5619 = CARTESIAN_POINT('',(62.,134.5,76.986123146552));
#5620 = DIRECTION('',(1.,0.,0.));
#5621 = DIRECTION('',(-0.,-0.,-1.));
#5622 = ORIENTED_EDGE('',*,*,#5392,.F.);
#5623 = ORIENTED_EDGE('',*,*,#5624,.F.);
#5624 = EDGE_CURVE('',#5625,#5384,#5627,.T.);
#5625 = VERTEX_POINT('',#5626);
#5626 = CARTESIAN_POINT('',(62.,101.51708543573,82.));
#5627 = ELLIPSE('',#5628,11.764297739604,7.204131661052);
#5628 = AXIS2_PLACEMENT_3D('',#5629,#5630,#5631);
#5629 = CARTESIAN_POINT('',(62.,95.,76.986123146552));
#5630 = DIRECTION('',(1.,0.,0.));
#5631 = DIRECTION('',(-0.,-0.,-1.));
#5632 = ORIENTED_EDGE('',*,*,#5633,.F.);
#5633 = EDGE_CURVE('',#5634,#5625,#5636,.T.);
#5634 = VERTEX_POINT('',#5635);
#5635 = CARTESIAN_POINT('',(62.,97.216540514587,82.));
#5636 = LINE('',#5637,#5638);
#5637 = CARTESIAN_POINT('',(62.,89.,82.));
#5638 = VECTOR('',#5639,1.);
#5639 = DIRECTION('',(0.,1.,0.));
#5640 = ORIENTED_EDGE('',*,*,#5641,.F.);
#5641 = EDGE_CURVE('',#5642,#5634,#5644,.T.);
#5642 = VERTEX_POINT('',#5643);
#5643 = CARTESIAN_POINT('',(62.,92.783459485413,82.));
#5644 = ELLIPSE('',#5645,3.252691193458,2.3);
#5645 = AXIS2_PLACEMENT_3D('',#5646,#5647,#5648);
#5646 = CARTESIAN_POINT('',(62.,95.,82.868272016355));
#5647 = DIRECTION('',(1.,0.,0.));
#5648 = DIRECTION('',(0.,0.,1.));
#5649 = ORIENTED_EDGE('',*,*,#5650,.F.);
#5650 = EDGE_CURVE('',#5651,#5642,#5653,.T.);
#5651 = VERTEX_POINT('',#5652);
#5652 = CARTESIAN_POINT('',(62.,89.,82.));
#5653 = LINE('',#5654,#5655);
#5654 = CARTESIAN_POINT('',(62.,89.,82.));
#5655 = VECTOR('',#5656,1.);
#5656 = DIRECTION('',(0.,1.,0.));
#5657 = ORIENTED_EDGE('',*,*,#5658,.F.);
#5658 = EDGE_CURVE('',#5052,#5651,#5659,.T.);
#5659 = LINE('',#5660,#5661);
#5660 = CARTESIAN_POINT('',(62.,89.,62.));
#5661 = VECTOR('',#5662,1.);
#5662 = DIRECTION('',(0.,0.,1.));
#5663 = FACE_BOUND('',#5664,.F.);
#5664 = EDGE_LOOP('',(#5665));
#5665 = ORIENTED_EDGE('',*,*,#5666,.T.);
#5666 = EDGE_CURVE('',#5667,#5667,#5669,.T.);
#5667 = VERTEX_POINT('',#5668);
#5668 = CARTESIAN_POINT('',(62.,134.5,65.7));
#5669 = CIRCLE('',#5670,2.3);
#5670 = AXIS2_PLACEMENT_3D('',#5671,#5672,#5673);
#5671 = CARTESIAN_POINT('',(62.,134.5,68.));
#5672 = DIRECTION('',(-1.,0.,0.));
#5673 = DIRECTION('',(-0.,-0.,-1.));
#5674 = FACE_BOUND('',#5675,.F.);
#5675 = EDGE_LOOP('',(#5676));
#5676 = ORIENTED_EDGE('',*,*,#5677,.T.);
#5677 = EDGE_CURVE('',#5678,#5678,#5680,.T.);
#5678 = VERTEX_POINT('',#5679);
#5679 = CARTESIAN_POINT('',(62.,134.5,73.7));
#5680 = CIRCLE('',#5681,2.3);
#5681 = AXIS2_PLACEMENT_3D('',#5682,#5683,#5684);
#5682 = CARTESIAN_POINT('',(62.,134.5,76.));
#5683 = DIRECTION('',(-1.,0.,0.));
#5684 = DIRECTION('',(-0.,-0.,-1.));
#5685 = FACE_BOUND('',#5686,.F.);
#5686 = EDGE_LOOP('',(#5687));
#5687 = ORIENTED_EDGE('',*,*,#5688,.T.);
#5688 = EDGE_CURVE('',#5689,#5689,#5691,.T.);
#5689 = VERTEX_POINT('',#5690);
#5690 = CARTESIAN_POINT('',(62.,95.,65.7));
#5691 = CIRCLE('',#5692,2.3);
#5692 = AXIS2_PLACEMENT_3D('',#5693,#5694,#5695);
#5693 = CARTESIAN_POINT('',(62.,95.,68.));
#5694 = DIRECTION('',(-1.,0.,0.));
#5695 = DIRECTION('',(-0.,-0.,-1.));
#5696 = FACE_BOUND('',#5697,.F.);
#5697 = EDGE_LOOP('',(#5698));
#5698 = ORIENTED_EDGE('',*,*,#5699,.T.);
#5699 = EDGE_CURVE('',#5700,#5700,#5702,.T.);
#5700 = VERTEX_POINT('',#5701);
#5701 = CARTESIAN_POINT('',(62.,95.,73.7));
#5702 = CIRCLE('',#5703,2.3);
#5703 = AXIS2_PLACEMENT_3D('',#5704,#5705,#5706);
#5704 = CARTESIAN_POINT('',(62.,95.,76.));
#5705 = DIRECTION('',(-1.,0.,0.));
#5706 = DIRECTION('',(-0.,-0.,-1.));
#5707 = PLANE('',#5708);
#5708 = AXIS2_PLACEMENT_3D('',#5709,#5710,#5711);
#5709 = CARTESIAN_POINT('',(62.,114.75,74.744670655316));
#5710 = DIRECTION('',(-1.,-0.,-0.));
#5711 = DIRECTION('',(0.,0.,-1.));
#5712 = ADVANCED_FACE('',(#5713,#5731),#5765,.T.);
#5713 = FACE_BOUND('',#5714,.F.);
#5714 = EDGE_LOOP('',(#5715,#5716,#5717,#5725));
#5715 = ORIENTED_EDGE('',*,*,#5567,.F.);
#5716 = ORIENTED_EDGE('',*,*,#5043,.F.);
#5717 = ORIENTED_EDGE('',*,*,#5718,.F.);
#5718 = EDGE_CURVE('',#5719,#5036,#5721,.T.);
#5719 = VERTEX_POINT('',#5720);
#5720 = CARTESIAN_POINT('',(71.333333333333,140.5,62.));
#5721 = LINE('',#5722,#5723);
#5722 = CARTESIAN_POINT('',(71.333333333333,88.75,62.));
#5723 = VECTOR('',#5724,1.);
#5724 = DIRECTION('',(0.,-1.,0.));
#5725 = ORIENTED_EDGE('',*,*,#5726,.T.);
#5726 = EDGE_CURVE('',#5719,#5568,#5727,.T.);
#5727 = LINE('',#5728,#5729);
#5728 = CARTESIAN_POINT('',(79.,140.5,62.));
#5729 = VECTOR('',#5730,1.);
#5730 = DIRECTION('',(-1.,-0.,-0.));
#5731 = FACE_BOUND('',#5732,.F.);
#5732 = EDGE_LOOP('',(#5733,#5743,#5751,#5759));
#5733 = ORIENTED_EDGE('',*,*,#5734,.F.);
#5734 = EDGE_CURVE('',#5735,#5737,#5739,.T.);
#5735 = VERTEX_POINT('',#5736);
#5736 = CARTESIAN_POINT('',(69.2,117.2,62.));
#5737 = VERTEX_POINT('',#5738);
#5738 = CARTESIAN_POINT('',(64.8,117.2,62.));
#5739 = LINE('',#5740,#5741);
#5740 = CARTESIAN_POINT('',(67.450505063388,117.2,62.));
#5741 = VECTOR('',#5742,1.);
#5742 = DIRECTION('',(-1.,-0.,-0.));
#5743 = ORIENTED_EDGE('',*,*,#5744,.T.);
#5744 = EDGE_CURVE('',#5735,#5745,#5747,.T.);
#5745 = VERTEX_POINT('',#5746);
#5746 = CARTESIAN_POINT('',(69.2,112.8,62.));
#5747 = LINE('',#5748,#5749);
#5748 = CARTESIAN_POINT('',(69.2,113.775,62.));
#5749 = VECTOR('',#5750,1.);
#5750 = DIRECTION('',(-0.,-1.,-0.));
#5751 = ORIENTED_EDGE('',*,*,#5752,.T.);
#5752 = EDGE_CURVE('',#5745,#5753,#5755,.T.);
#5753 = VERTEX_POINT('',#5754);
#5754 = CARTESIAN_POINT('',(64.8,112.8,62.));
#5755 = LINE('',#5756,#5757);
#5756 = CARTESIAN_POINT('',(67.450505063388,112.8,62.));
#5757 = VECTOR('',#5758,1.);
#5758 = DIRECTION('',(-1.,-0.,-0.));
#5759 = ORIENTED_EDGE('',*,*,#5760,.F.);
#5760 = EDGE_CURVE('',#5737,#5753,#5761,.T.);
#5761 = LINE('',#5762,#5763);
#5762 = CARTESIAN_POINT('',(64.8,113.775,62.));
#5763 = VECTOR('',#5764,1.);
#5764 = DIRECTION('',(-0.,-1.,-0.));
#5765 = PLANE('',#5766);
#5766 = AXIS2_PLACEMENT_3D('',#5767,#5768,#5769);
#5767 = CARTESIAN_POINT('',(66.666666666667,114.75,62.));
#5768 = DIRECTION('',(0.,0.,-1.));
#5769 = DIRECTION('',(-1.,0.,0.));
#5770 = ADVANCED_FACE('',(#5771),#5789,.F.);
#5771 = FACE_BOUND('',#5772,.T.);
#5772 = EDGE_LOOP('',(#5773,#5774,#5775,#5783));
#5773 = ORIENTED_EDGE('',*,*,#5035,.F.);
#5774 = ORIENTED_EDGE('',*,*,#5718,.F.);
#5775 = ORIENTED_EDGE('',*,*,#5776,.F.);
#5776 = EDGE_CURVE('',#5777,#5719,#5779,.T.);
#5777 = VERTEX_POINT('',#5778);
#5778 = CARTESIAN_POINT('',(72.8,140.5,63.1));
#5779 = LINE('',#5780,#5781);
#5780 = CARTESIAN_POINT('',(73.681267573331,140.5,63.760950679998));
#5781 = VECTOR('',#5782,1.);
#5782 = DIRECTION('',(-0.8,-0.,-0.6));
#5783 = ORIENTED_EDGE('',*,*,#5784,.F.);
#5784 = EDGE_CURVE('',#5028,#5777,#5785,.T.);
#5785 = LINE('',#5786,#5787);
#5786 = CARTESIAN_POINT('',(72.8,88.5,63.1));
#5787 = VECTOR('',#5788,1.);
#5788 = DIRECTION('',(0.,1.,0.));
#5789 = PLANE('',#5790);
#5790 = AXIS2_PLACEMENT_3D('',#5791,#5792,#5793);
#5791 = CARTESIAN_POINT('',(71.2,88.5,61.9));
#5792 = DIRECTION('',(-0.6,0.,0.8));
#5793 = DIRECTION('',(-0.8,0.,-0.6));
#5794 = ADVANCED_FACE('',(#5795),#5813,.F.);
#5795 = FACE_BOUND('',#5796,.T.);
#5796 = EDGE_LOOP('',(#5797,#5798,#5799,#5807));
#5797 = ORIENTED_EDGE('',*,*,#5027,.F.);
#5798 = ORIENTED_EDGE('',*,*,#5784,.T.);
#5799 = ORIENTED_EDGE('',*,*,#5800,.F.);
#5800 = EDGE_CURVE('',#5801,#5777,#5803,.T.);
#5801 = VERTEX_POINT('',#5802);
#5802 = CARTESIAN_POINT('',(72.8,140.5,66.3));
#5803 = LINE('',#5804,#5805);
#5804 = CARTESIAN_POINT('',(72.8,140.5,64.920870889063));
#5805 = VECTOR('',#5806,1.);
#5806 = DIRECTION('',(-0.,-0.,-1.));
#5807 = ORIENTED_EDGE('',*,*,#5808,.F.);
#5808 = EDGE_CURVE('',#5020,#5801,#5809,.T.);
#5809 = LINE('',#5810,#5811);
#5810 = CARTESIAN_POINT('',(72.8,88.5,66.3));
#5811 = VECTOR('',#5812,1.);
#5812 = DIRECTION('',(0.,1.,0.));
#5813 = PLANE('',#5814);
#5814 = AXIS2_PLACEMENT_3D('',#5815,#5816,#5817);
#5815 = CARTESIAN_POINT('',(72.8,88.5,63.1));
#5816 = DIRECTION('',(-1.,-0.,-0.));
#5817 = DIRECTION('',(0.,0.,-1.));
#5818 = ADVANCED_FACE('',(#5819),#5837,.F.);
#5819 = FACE_BOUND('',#5820,.T.);
#5820 = EDGE_LOOP('',(#5821,#5822,#5823,#5831));
#5821 = ORIENTED_EDGE('',*,*,#5019,.F.);
#5822 = ORIENTED_EDGE('',*,*,#5808,.T.);
#5823 = ORIENTED_EDGE('',*,*,#5824,.F.);
#5824 = EDGE_CURVE('',#5825,#5801,#5827,.T.);
#5825 = VERTEX_POINT('',#5826);
#5826 = CARTESIAN_POINT('',(77.2,140.5,66.3));
#5827 = LINE('',#5828,#5829);
#5828 = CARTESIAN_POINT('',(74.061327416533,140.5,66.3));
#5829 = VECTOR('',#5830,1.);
#5830 = DIRECTION('',(-1.,-0.,-0.));
#5831 = ORIENTED_EDGE('',*,*,#5832,.F.);
#5832 = EDGE_CURVE('',#5012,#5825,#5833,.T.);
#5833 = LINE('',#5834,#5835);
#5834 = CARTESIAN_POINT('',(77.2,88.5,66.3));
#5835 = VECTOR('',#5836,1.);
#5836 = DIRECTION('',(0.,1.,0.));
#5837 = PLANE('',#5838);
#5838 = AXIS2_PLACEMENT_3D('',#5839,#5840,#5841);
#5839 = CARTESIAN_POINT('',(72.8,88.5,66.3));
#5840 = DIRECTION('',(0.,0.,1.));
#5841 = DIRECTION('',(-1.,0.,0.));
#5842 = ADVANCED_FACE('',(#5843),#5861,.F.);
#5843 = FACE_BOUND('',#5844,.T.);
#5844 = EDGE_LOOP('',(#5845,#5846,#5847,#5855));
#5845 = ORIENTED_EDGE('',*,*,#5011,.F.);
#5846 = ORIENTED_EDGE('',*,*,#5832,.T.);
#5847 = ORIENTED_EDGE('',*,*,#5848,.F.);
#5848 = EDGE_CURVE('',#5849,#5825,#5851,.T.);
#5849 = VERTEX_POINT('',#5850);
#5850 = CARTESIAN_POINT('',(77.2,140.5,63.1));
#5851 = LINE('',#5852,#5853);
#5852 = CARTESIAN_POINT('',(77.2,140.5,66.520870889063));
#5853 = VECTOR('',#5854,1.);
#5854 = DIRECTION('',(0.,0.,1.));
#5855 = ORIENTED_EDGE('',*,*,#5856,.F.);
#5856 = EDGE_CURVE('',#5004,#5849,#5857,.T.);
#5857 = LINE('',#5858,#5859);
#5858 = CARTESIAN_POINT('',(77.2,88.5,63.1));
#5859 = VECTOR('',#5860,1.);
#5860 = DIRECTION('',(0.,1.,0.));
#5861 = PLANE('',#5862);
#5862 = AXIS2_PLACEMENT_3D('',#5863,#5864,#5865);
#5863 = CARTESIAN_POINT('',(77.2,88.5,66.3));
#5864 = DIRECTION('',(1.,0.,0.));
#5865 = DIRECTION('',(0.,0.,1.));
#5866 = ADVANCED_FACE('',(#5867),#5885,.F.);
#5867 = FACE_BOUND('',#5868,.T.);
#5868 = EDGE_LOOP('',(#5869,#5870,#5871,#5879));
#5869 = ORIENTED_EDGE('',*,*,#5003,.F.);
#5870 = ORIENTED_EDGE('',*,*,#5856,.T.);
#5871 = ORIENTED_EDGE('',*,*,#5872,.F.);
#5872 = EDGE_CURVE('',#5873,#5849,#5875,.T.);
#5873 = VERTEX_POINT('',#5874);
#5874 = CARTESIAN_POINT('',(78.666666666667,140.5,62.));
#5875 = LINE('',#5876,#5877);
#5876 = CARTESIAN_POINT('',(75.725231519831,140.5,64.206076360127));
#5877 = VECTOR('',#5878,1.);
#5878 = DIRECTION('',(-0.8,0.,0.6));
#5879 = ORIENTED_EDGE('',*,*,#5880,.F.);
#5880 = EDGE_CURVE('',#4996,#5873,#5881,.T.);
#5881 = LINE('',#5882,#5883);
#5882 = CARTESIAN_POINT('',(78.666666666667,88.75,62.));
#5883 = VECTOR('',#5884,1.);
#5884 = DIRECTION('',(0.,1.,0.));
#5885 = PLANE('',#5886);
#5886 = AXIS2_PLACEMENT_3D('',#5887,#5888,#5889);
#5887 = CARTESIAN_POINT('',(77.2,88.5,63.1));
#5888 = DIRECTION('',(0.6,0.,0.8));
#5889 = DIRECTION('',(-0.8,0.,0.6));
#5890 = ADVANCED_FACE('',(#5891),#5902,.F.);
#5891 = FACE_BOUND('',#5892,.T.);
#5892 = EDGE_LOOP('',(#5893,#5899,#5900,#5901));
#5893 = ORIENTED_EDGE('',*,*,#5894,.F.);
#5894 = EDGE_CURVE('',#5181,#5873,#5895,.T.);
#5895 = LINE('',#5896,#5897);
#5896 = CARTESIAN_POINT('',(79.,140.5,62.));
#5897 = VECTOR('',#5898,1.);
#5898 = DIRECTION('',(-1.,-0.,-0.));
#5899 = ORIENTED_EDGE('',*,*,#5188,.F.);
#5900 = ORIENTED_EDGE('',*,*,#4995,.T.);
#5901 = ORIENTED_EDGE('',*,*,#5880,.T.);
#5902 = PLANE('',#5903);
#5903 = AXIS2_PLACEMENT_3D('',#5904,#5905,#5906);
#5904 = CARTESIAN_POINT('',(79.,89.,62.));
#5905 = DIRECTION('',(0.,0.,1.));
#5906 = DIRECTION('',(1.,0.,0.));
#5907 = ADVANCED_FACE('',(#5908),#5918,.F.);
#5908 = FACE_BOUND('',#5909,.T.);
#5909 = EDGE_LOOP('',(#5910,#5916,#5917));
#5910 = ORIENTED_EDGE('',*,*,#5911,.T.);
#5911 = EDGE_CURVE('',#5149,#5226,#5912,.T.);
#5912 = LINE('',#5913,#5914);
#5913 = CARTESIAN_POINT('',(69.966621586905,98.,61.435398666648));
#5914 = VECTOR('',#5915,1.);
#5915 = DIRECTION('',(0.707106781187,0.,-0.707106781187));
#5916 = ORIENTED_EDGE('',*,*,#5233,.T.);
#5917 = ORIENTED_EDGE('',*,*,#5148,.T.);
#5918 = PLANE('',#5919);
#5919 = AXIS2_PLACEMENT_3D('',#5920,#5921,#5922);
#5920 = CARTESIAN_POINT('',(76.043890128537,98.,66.043890128537));
#5921 = DIRECTION('',(0.,-1.,0.));
#5922 = DIRECTION('',(0.,0.,1.));
#5923 = ADVANCED_FACE('',(#5924),#5935,.F.);
#5924 = FACE_BOUND('',#5925,.T.);
#5925 = EDGE_LOOP('',(#5926,#5927,#5928,#5929));
#5926 = ORIENTED_EDGE('',*,*,#5225,.F.);
#5927 = ORIENTED_EDGE('',*,*,#5911,.F.);
#5928 = ORIENTED_EDGE('',*,*,#5156,.T.);
#5929 = ORIENTED_EDGE('',*,*,#5930,.T.);
#5930 = EDGE_CURVE('',#5157,#5218,#5931,.T.);
#5931 = LINE('',#5932,#5933);
#5932 = CARTESIAN_POINT('',(69.966621586905,131.5,61.435398666648));
#5933 = VECTOR('',#5934,1.);
#5934 = DIRECTION('',(0.707106781187,0.,-0.707106781187));
#5935 = PLANE('',#5936);
#5936 = AXIS2_PLACEMENT_3D('',#5937,#5938,#5939);
#5937 = CARTESIAN_POINT('',(69.232233047034,114.75,62.16978720652));
#5938 = DIRECTION('',(0.707106781187,0.,0.707106781187));
#5939 = DIRECTION('',(0.707106781187,0.,-0.707106781187));
#5940 = ADVANCED_FACE('',(#5941),#5946,.T.);
#5941 = FACE_BOUND('',#5942,.F.);
#5942 = EDGE_LOOP('',(#5943,#5944,#5945));
#5943 = ORIENTED_EDGE('',*,*,#5930,.T.);
#5944 = ORIENTED_EDGE('',*,*,#5217,.T.);
#5945 = ORIENTED_EDGE('',*,*,#5164,.T.);
#5946 = PLANE('',#5947);
#5947 = AXIS2_PLACEMENT_3D('',#5948,#5949,#5950);
#5948 = CARTESIAN_POINT('',(76.043890128537,131.5,66.043890128537));
#5949 = DIRECTION('',(0.,-1.,0.));
#5950 = DIRECTION('',(0.,0.,1.));
#5951 = ADVANCED_FACE('',(#5952),#6000,.T.);
#5952 = FACE_BOUND('',#5953,.F.);
#5953 = EDGE_LOOP('',(#5954,#5955,#5956,#5957,#5958,#5966,#5975,#5984,
    #5990,#5991,#5992,#5993,#5994,#5995,#5996,#5997,#5998,#5999));
#5954 = ORIENTED_EDGE('',*,*,#5280,.F.);
#5955 = ORIENTED_EDGE('',*,*,#5319,.T.);
#5956 = ORIENTED_EDGE('',*,*,#5341,.T.);
#5957 = ORIENTED_EDGE('',*,*,#5426,.F.);
#5958 = ORIENTED_EDGE('',*,*,#5959,.F.);
#5959 = EDGE_CURVE('',#5960,#5419,#5962,.T.);
#5960 = VERTEX_POINT('',#5961);
#5961 = CARTESIAN_POINT('',(62.,140.5,83.497551661561));
#5962 = LINE('',#5963,#5964);
#5963 = CARTESIAN_POINT('',(62.,140.5,62.));
#5964 = VECTOR('',#5965,1.);
#5965 = DIRECTION('',(0.,0.,1.));
#5966 = ORIENTED_EDGE('',*,*,#5967,.T.);
#5967 = EDGE_CURVE('',#5960,#5968,#5970,.T.);
#5968 = VERTEX_POINT('',#5969);
#5969 = CARTESIAN_POINT('',(63.095570731677,140.5,82.));
#5970 = HYPERBOLA('',#5971,12.,6.);
#5971 = AXIS2_PLACEMENT_3D('',#5972,#5973,#5974);
#5972 = CARTESIAN_POINT('',(70.823223304703,140.5,91.691495321058));
#5973 = DIRECTION('',(0.,-1.,0.));
#5974 = DIRECTION('',(-0.707106781187,-0.,-0.707106781187));
#5975 = ORIENTED_EDGE('',*,*,#5976,.T.);
#5976 = EDGE_CURVE('',#5968,#5977,#5979,.T.);
#5977 = VERTEX_POINT('',#5978);
#5978 = CARTESIAN_POINT('',(63.398602102245,140.5,77.90291308792));
#5979 = HYPERBOLA('',#5980,12.,6.);
#5980 = AXIS2_PLACEMENT_3D('',#5981,#5982,#5983);
#5981 = CARTESIAN_POINT('',(70.823223304703,140.5,91.691495321058));
#5982 = DIRECTION('',(0.,-1.,0.));
#5983 = DIRECTION('',(-0.707106781187,-0.,-0.707106781187));
#5984 = ORIENTED_EDGE('',*,*,#5985,.T.);
#5985 = EDGE_CURVE('',#5977,#5576,#5986,.T.);
#5986 = LINE('',#5987,#5988);
#5987 = CARTESIAN_POINT('',(67.849277931968,140.5,73.452237258197));
#5988 = VECTOR('',#5989,1.);
#5989 = DIRECTION('',(-0.707106781187,0.,0.707106781187));
#5990 = ORIENTED_EDGE('',*,*,#5575,.F.);
#5991 = ORIENTED_EDGE('',*,*,#5726,.F.);
#5992 = ORIENTED_EDGE('',*,*,#5776,.F.);
#5993 = ORIENTED_EDGE('',*,*,#5800,.F.);
#5994 = ORIENTED_EDGE('',*,*,#5824,.F.);
#5995 = ORIENTED_EDGE('',*,*,#5848,.F.);
#5996 = ORIENTED_EDGE('',*,*,#5872,.F.);
#5997 = ORIENTED_EDGE('',*,*,#5894,.F.);
#5998 = ORIENTED_EDGE('',*,*,#5180,.F.);
#5999 = ORIENTED_EDGE('',*,*,#5210,.F.);
#6000 = PLANE('',#6001);
#6001 = AXIS2_PLACEMENT_3D('',#6002,#6003,#6004);
#6002 = CARTESIAN_POINT('',(75.322654833066,140.5,66.741741778126));
#6003 = DIRECTION('',(0.,1.,0.));
#6004 = DIRECTION('',(0.,0.,-1.));
#6005 = ADVANCED_FACE('',(#6006),#6043,.T.);
#6006 = FACE_BOUND('',#6007,.F.);
#6007 = EDGE_LOOP('',(#6008,#6016,#6017,#6018,#6027,#6036));
#6008 = ORIENTED_EDGE('',*,*,#6009,.T.);
#6009 = EDGE_CURVE('',#6010,#5244,#6012,.T.);
#6010 = VERTEX_POINT('',#6011);
#6011 = CARTESIAN_POINT('',(79.,95.,50.370797333296));
#6012 = LINE('',#6013,#6014);
#6013 = CARTESIAN_POINT('',(78.601397897755,95.,49.972195231052));
#6014 = VECTOR('',#6015,1.);
#6015 = DIRECTION('',(0.707106781187,0.,0.707106781187));
#6016 = ORIENTED_EDGE('',*,*,#5243,.T.);
#6017 = ORIENTED_EDGE('',*,*,#6009,.F.);
#6018 = ORIENTED_EDGE('',*,*,#6019,.F.);
#6019 = EDGE_CURVE('',#6020,#6010,#6022,.T.);
#6020 = VERTEX_POINT('',#6021);
#6021 = CARTESIAN_POINT('',(79.,97.180735935191,49.573593128807));
#6022 = ELLIPSE('',#6023,6.363961030679,4.5);
#6023 = AXIS2_PLACEMENT_3D('',#6024,#6025,#6026);
#6024 = CARTESIAN_POINT('',(79.,95.,44.006836302617));
#6025 = DIRECTION('',(1.,0.,0.));
#6026 = DIRECTION('',(0.,0.,1.));
#6027 = ORIENTED_EDGE('',*,*,#6028,.T.);
#6028 = EDGE_CURVE('',#6020,#6029,#6031,.T.);
#6029 = VERTEX_POINT('',#6030);
#6030 = CARTESIAN_POINT('',(79.,92.819264064809,49.573593128807));
#6031 = CIRCLE('',#6032,4.5);
#6032 = AXIS2_PLACEMENT_3D('',#6033,#6034,#6035);
#6033 = CARTESIAN_POINT('',(81.783378413095,95.,46.790214715712));
#6034 = DIRECTION('',(-0.707106781187,0.,-0.707106781187));
#6035 = DIRECTION('',(-0.707106781187,0.,0.707106781187));
#6036 = ORIENTED_EDGE('',*,*,#6037,.F.);
#6037 = EDGE_CURVE('',#6010,#6029,#6038,.T.);
#6038 = ELLIPSE('',#6039,6.363961030679,4.5);
#6039 = AXIS2_PLACEMENT_3D('',#6040,#6041,#6042);
#6040 = CARTESIAN_POINT('',(79.,95.,44.006836302617));
#6041 = DIRECTION('',(1.,0.,0.));
#6042 = DIRECTION('',(0.,0.,1.));
#6043 = CYLINDRICAL_SURFACE('',#6044,4.5);
#6044 = AXIS2_PLACEMENT_3D('',#6045,#6046,#6047);
#6045 = CARTESIAN_POINT('',(81.783378413095,95.,46.790214715712));
#6046 = DIRECTION('',(0.707106781187,0.,0.707106781187));
#6047 = DIRECTION('',(-0.707106781187,0.,0.707106781187));
#6048 = ADVANCED_FACE('',(#6049),#6105,.T.);
#6049 = FACE_BOUND('',#6050,.F.);
#6050 = EDGE_LOOP('',(#6051,#6059,#6060,#6061,#6076,#6085,#6094));
#6051 = ORIENTED_EDGE('',*,*,#6052,.T.);
#6052 = EDGE_CURVE('',#6053,#5255,#6055,.T.);
#6053 = VERTEX_POINT('',#6054);
#6054 = CARTESIAN_POINT('',(78.979130371551,134.5,50.349927704847));
#6055 = LINE('',#6056,#6057);
#6056 = CARTESIAN_POINT('',(78.601397897755,134.5,49.972195231052));
#6057 = VECTOR('',#6058,1.);
#6058 = DIRECTION('',(0.707106781187,0.,0.707106781187));
#6059 = ORIENTED_EDGE('',*,*,#5254,.T.);
#6060 = ORIENTED_EDGE('',*,*,#6052,.F.);
#6061 = ORIENTED_EDGE('',*,*,#6062,.T.);
#6062 = EDGE_CURVE('',#6053,#6063,#6065,.T.);
#6063 = VERTEX_POINT('',#6064);
#6064 = CARTESIAN_POINT('',(78.731648406328,135.77431861463,
    49.841944722479));
#6065 = B_SPLINE_CURVE_WITH_KNOTS('',5,(#6066,#6067,#6068,#6069,#6070,
    #6071,#6072,#6073,#6074,#6075),.UNSPECIFIED.,.F.,.F.,(6,4,6),(0.,
    0.391155290303,1.),.UNSPECIFIED.);
#6066 = CARTESIAN_POINT('',(78.979130371551,134.5,50.349927704847));
#6067 = CARTESIAN_POINT('',(78.968836896407,134.62309205971,
    50.339634229704));
#6068 = CARTESIAN_POINT('',(78.955641732509,134.74274118268,
    50.32048719228));
#6069 = CARTESIAN_POINT('',(78.939935629958,134.85820220031,
    50.293541718263));
#6070 = CARTESIAN_POINT('',(78.92224429876,134.96867440567,
    50.26018961859));
#6071 = CARTESIAN_POINT('',(78.873614188612,135.23614413649,
    50.162973655277));
#6072 = CARTESIAN_POINT('',(78.84051908997,135.38626343137,
    50.091933609137));
#6073 = CARTESIAN_POINT('',(78.805388494183,135.52484816924,
    50.01335964189));
#6074 = CARTESIAN_POINT('',(78.769042902143,135.65352182412,
    49.929780674742));
#6075 = CARTESIAN_POINT('',(78.731648152953,135.77431943312,
    49.841944127326));
#6076 = ORIENTED_EDGE('',*,*,#6077,.T.);
#6077 = EDGE_CURVE('',#6063,#6078,#6080,.T.);
#6078 = VERTEX_POINT('',#6079);
#6079 = CARTESIAN_POINT('',(79.,132.3192640648,49.573593128807));
#6080 = CIRCLE('',#6081,4.5);
#6081 = AXIS2_PLACEMENT_3D('',#6082,#6083,#6084);
#6082 = CARTESIAN_POINT('',(81.783378413095,134.5,46.790214715712));
#6083 = DIRECTION('',(-0.707106781187,0.,-0.707106781187));
#6084 = DIRECTION('',(-0.707106781187,0.,0.707106781187));
#6085 = ORIENTED_EDGE('',*,*,#6086,.F.);
#6086 = EDGE_CURVE('',#6087,#6078,#6089,.T.);
#6087 = VERTEX_POINT('',#6088);
#6088 = CARTESIAN_POINT('',(79.,134.,50.331391622954));
#6089 = ELLIPSE('',#6090,6.363961030679,4.5);
#6090 = AXIS2_PLACEMENT_3D('',#6091,#6092,#6093);
#6091 = CARTESIAN_POINT('',(79.,134.5,44.006836302617));
#6092 = DIRECTION('',(1.,0.,0.));
#6093 = DIRECTION('',(0.,0.,1.));
#6094 = ORIENTED_EDGE('',*,*,#6095,.T.);
#6095 = EDGE_CURVE('',#6087,#6053,#6096,.T.);
#6096 = B_SPLINE_CURVE_WITH_KNOTS('',4,(#6097,#6098,#6099,#6100,#6101,
    #6102,#6103,#6104),.UNSPECIFIED.,.F.,.F.,(5,3,5),(0.,0.57117252438,
    1.),.UNSPECIFIED.);
#6097 = CARTESIAN_POINT('',(79.,134.,50.331391622954));
#6098 = CARTESIAN_POINT('',(79.,134.06999857001,50.342459368665));
#6099 = CARTESIAN_POINT('',(78.998911223661,134.14123384699,
    50.350542062374));
#6100 = CARTESIAN_POINT('',(78.996646651491,134.21310435569,
    50.355313485683));
#6101 = CARTESIAN_POINT('',(78.990658101033,134.33902495231,
    50.357841801458));
#6102 = CARTESIAN_POINT('',(78.987439159204,134.39303526238,
    50.357049632815));
#6103 = CARTESIAN_POINT('',(78.983581439988,134.44677296304,
    50.354378773284));
#6104 = CARTESIAN_POINT('',(78.979130371551,134.5,50.349927704847));
#6105 = CYLINDRICAL_SURFACE('',#6106,4.5);
#6106 = AXIS2_PLACEMENT_3D('',#6107,#6108,#6109);
#6107 = CARTESIAN_POINT('',(81.783378413095,134.5,46.790214715712));
#6108 = DIRECTION('',(0.707106781187,0.,0.707106781187));
#6109 = DIRECTION('',(-0.707106781187,0.,0.707106781187));
#6110 = ADVANCED_FACE('',(#6111),#6130,.F.);
#6111 = FACE_BOUND('',#6112,.T.);
#6112 = EDGE_LOOP('',(#6113,#6114,#6122,#6129));
#6113 = ORIENTED_EDGE('',*,*,#5289,.F.);
#6114 = ORIENTED_EDGE('',*,*,#6115,.F.);
#6115 = EDGE_CURVE('',#6116,#5290,#6118,.T.);
#6116 = VERTEX_POINT('',#6117);
#6117 = CARTESIAN_POINT('',(85.106780284672,134.5,53.366307780747));
#6118 = LINE('',#6119,#6120);
#6119 = CARTESIAN_POINT('',(85.106780284672,134.5,53.366307780747));
#6120 = VECTOR('',#6121,1.);
#6121 = DIRECTION('',(0.707106781187,0.,0.707106781187));
#6122 = ORIENTED_EDGE('',*,*,#6123,.T.);
#6123 = EDGE_CURVE('',#6116,#6116,#6124,.T.);
#6124 = CIRCLE('',#6125,2.3);
#6125 = AXIS2_PLACEMENT_3D('',#6126,#6127,#6128);
#6126 = CARTESIAN_POINT('',(86.733125881401,134.5,51.739962184018));
#6127 = DIRECTION('',(-0.707106781187,0.,-0.707106781187));
#6128 = DIRECTION('',(-0.707106781187,0.,0.707106781187));
#6129 = ORIENTED_EDGE('',*,*,#6115,.T.);
#6130 = CYLINDRICAL_SURFACE('',#6131,2.3);
#6131 = AXIS2_PLACEMENT_3D('',#6132,#6133,#6134);
#6132 = CARTESIAN_POINT('',(86.733125881401,134.5,51.739962184018));
#6133 = DIRECTION('',(0.707106781187,0.,0.707106781187));
#6134 = DIRECTION('',(-0.707106781187,0.,0.707106781187));
#6135 = ADVANCED_FACE('',(#6136),#6155,.F.);
#6136 = FACE_BOUND('',#6137,.T.);
#6137 = EDGE_LOOP('',(#6138,#6139,#6147,#6154));
#6138 = ORIENTED_EDGE('',*,*,#5300,.F.);
#6139 = ORIENTED_EDGE('',*,*,#6140,.F.);
#6140 = EDGE_CURVE('',#6141,#5301,#6143,.T.);
#6141 = VERTEX_POINT('',#6142);
#6142 = CARTESIAN_POINT('',(85.106780284672,95.,53.366307780747));
#6143 = LINE('',#6144,#6145);
#6144 = CARTESIAN_POINT('',(85.106780284672,95.,53.366307780747));
#6145 = VECTOR('',#6146,1.);
#6146 = DIRECTION('',(0.707106781187,0.,0.707106781187));
#6147 = ORIENTED_EDGE('',*,*,#6148,.T.);
#6148 = EDGE_CURVE('',#6141,#6141,#6149,.T.);
#6149 = CIRCLE('',#6150,2.3);
#6150 = AXIS2_PLACEMENT_3D('',#6151,#6152,#6153);
#6151 = CARTESIAN_POINT('',(86.733125881401,95.,51.739962184018));
#6152 = DIRECTION('',(-0.707106781187,0.,-0.707106781187));
#6153 = DIRECTION('',(-0.707106781187,0.,0.707106781187));
#6154 = ORIENTED_EDGE('',*,*,#6140,.T.);
#6155 = CYLINDRICAL_SURFACE('',#6156,2.3);
#6156 = AXIS2_PLACEMENT_3D('',#6157,#6158,#6159);
#6157 = CARTESIAN_POINT('',(86.733125881401,95.,51.739962184018));
#6158 = DIRECTION('',(0.707106781187,0.,0.707106781187));
#6159 = DIRECTION('',(-0.707106781187,0.,0.707106781187));
#6160 = ADVANCED_FACE('',(#6161),#6174,.T.);
#6161 = FACE_BOUND('',#6162,.F.);
#6162 = EDGE_LOOP('',(#6163,#6164,#6165,#6166,#6173));
#6163 = ORIENTED_EDGE('',*,*,#5383,.F.);
#6164 = ORIENTED_EDGE('',*,*,#5480,.F.);
#6165 = ORIENTED_EDGE('',*,*,#5509,.T.);
#6166 = ORIENTED_EDGE('',*,*,#6167,.T.);
#6167 = EDGE_CURVE('',#5510,#5625,#6168,.T.);
#6168 = ELLIPSE('',#6169,12.921993761411,7.913072793721);
#6169 = AXIS2_PLACEMENT_3D('',#6170,#6171,#6172);
#6170 = CARTESIAN_POINT('',(54.67073110294,95.,82.));
#6171 = DIRECTION('',(0.,0.,-1.));
#6172 = DIRECTION('',(-1.,-0.,-0.));
#6173 = ORIENTED_EDGE('',*,*,#5624,.T.);
#6174 = CONICAL_SURFACE('',#6175,7.5,0.463647609001);
#6175 = AXIS2_PLACEMENT_3D('',#6176,#6177,#6178);
#6176 = CARTESIAN_POINT('',(60.216621586905,95.,81.08489360326));
#6177 = DIRECTION('',(-0.707106781187,0.,-0.707106781187));
#6178 = DIRECTION('',(-0.707106781187,0.,0.707106781187));
#6179 = ADVANCED_FACE('',(#6180),#6191,.T.);
#6180 = FACE_BOUND('',#6181,.F.);
#6181 = EDGE_LOOP('',(#6182,#6189,#6190));
#6182 = ORIENTED_EDGE('',*,*,#6183,.F.);
#6183 = EDGE_CURVE('',#5960,#5410,#6184,.T.);
#6184 = ELLIPSE('',#6185,11.764297739604,7.204131661052);
#6185 = AXIS2_PLACEMENT_3D('',#6186,#6187,#6188);
#6186 = CARTESIAN_POINT('',(62.,134.5,76.986123146552));
#6187 = DIRECTION('',(1.,0.,0.));
#6188 = DIRECTION('',(-0.,-0.,-1.));
#6189 = ORIENTED_EDGE('',*,*,#5959,.T.);
#6190 = ORIENTED_EDGE('',*,*,#5418,.F.);
#6191 = PLANE('',#6192);
#6192 = AXIS2_PLACEMENT_3D('',#6193,#6194,#6195);
#6193 = CARTESIAN_POINT('',(62.,114.75,75.553952981676));
#6194 = DIRECTION('',(-1.,-0.,-0.));
#6195 = DIRECTION('',(0.,0.,-1.));
#6196 = ADVANCED_FACE('',(#6197),#6218,.T.);
#6197 = FACE_BOUND('',#6198,.F.);
#6198 = EDGE_LOOP('',(#6199,#6200,#6208,#6215,#6216,#6217));
#6199 = ORIENTED_EDGE('',*,*,#5409,.F.);
#6200 = ORIENTED_EDGE('',*,*,#6201,.F.);
#6201 = EDGE_CURVE('',#6202,#5401,#6204,.T.);
#6202 = VERTEX_POINT('',#6203);
#6203 = CARTESIAN_POINT('',(54.913320728006,134.5,86.388194462159));
#6204 = LINE('',#6205,#6206);
#6205 = CARTESIAN_POINT('',(54.913320728006,134.5,86.388194462159));
#6206 = VECTOR('',#6207,1.);
#6207 = DIRECTION('',(0.948683298051,1.095357396528E-16,0.316227766017)
  );
#6208 = ORIENTED_EDGE('',*,*,#6209,.T.);
#6209 = EDGE_CURVE('',#6202,#5977,#6210,.T.);
#6210 = CIRCLE('',#6211,7.5);
#6211 = AXIS2_PLACEMENT_3D('',#6212,#6213,#6214);
#6212 = CARTESIAN_POINT('',(60.216621586905,134.5,81.08489360326));
#6213 = DIRECTION('',(-0.707106781187,0.,-0.707106781187));
#6214 = DIRECTION('',(-0.707106781187,0.,0.707106781187));
#6215 = ORIENTED_EDGE('',*,*,#5976,.F.);
#6216 = ORIENTED_EDGE('',*,*,#5967,.F.);
#6217 = ORIENTED_EDGE('',*,*,#6183,.T.);
#6218 = CONICAL_SURFACE('',#6219,7.5,0.463647609001);
#6219 = AXIS2_PLACEMENT_3D('',#6220,#6221,#6222);
#6220 = CARTESIAN_POINT('',(60.216621586905,134.5,81.08489360326));
#6221 = DIRECTION('',(-0.707106781187,0.,-0.707106781187));
#6222 = DIRECTION('',(-0.707106781187,0.,0.707106781187));
#6223 = ADVANCED_FACE('',(#6224),#6245,.T.);
#6224 = FACE_BOUND('',#6225,.F.);
#6225 = EDGE_LOOP('',(#6226,#6235,#6236,#6237,#6238));
#6226 = ORIENTED_EDGE('',*,*,#6227,.T.);
#6227 = EDGE_CURVE('',#6228,#6202,#6230,.T.);
#6228 = VERTEX_POINT('',#6229);
#6229 = CARTESIAN_POINT('',(59.301515190165,127.11249970793,82.));
#6230 = CIRCLE('',#6231,7.5);
#6231 = AXIS2_PLACEMENT_3D('',#6232,#6233,#6234);
#6232 = CARTESIAN_POINT('',(60.216621586905,134.5,81.08489360326));
#6233 = DIRECTION('',(-0.707106781187,0.,-0.707106781187));
#6234 = DIRECTION('',(-0.707106781187,0.,0.707106781187));
#6235 = ORIENTED_EDGE('',*,*,#6201,.T.);
#6236 = ORIENTED_EDGE('',*,*,#5400,.F.);
#6237 = ORIENTED_EDGE('',*,*,#5616,.T.);
#6238 = ORIENTED_EDGE('',*,*,#6239,.T.);
#6239 = EDGE_CURVE('',#5609,#6228,#6240,.T.);
#6240 = ELLIPSE('',#6241,12.921993761411,7.913072793721);
#6241 = AXIS2_PLACEMENT_3D('',#6242,#6243,#6244);
#6242 = CARTESIAN_POINT('',(54.67073110294,134.5,82.));
#6243 = DIRECTION('',(0.,0.,-1.));
#6244 = DIRECTION('',(-1.,-0.,-0.));
#6245 = CONICAL_SURFACE('',#6246,7.5,0.463647609001);
#6246 = AXIS2_PLACEMENT_3D('',#6247,#6248,#6249);
#6247 = CARTESIAN_POINT('',(60.216621586905,134.5,81.08489360326));
#6248 = DIRECTION('',(-0.707106781187,0.,-0.707106781187));
#6249 = DIRECTION('',(-0.707106781187,0.,0.707106781187));
#6250 = ADVANCED_FACE('',(#6251),#6278,.F.);
#6251 = FACE_BOUND('',#6252,.T.);
#6252 = EDGE_LOOP('',(#6253,#6254,#6262,#6269,#6270,#6277));
#6253 = ORIENTED_EDGE('',*,*,#5435,.F.);
#6254 = ORIENTED_EDGE('',*,*,#6255,.F.);
#6255 = EDGE_CURVE('',#6256,#5436,#6258,.T.);
#6256 = VERTEX_POINT('',#6257);
#6257 = CARTESIAN_POINT('',(57.879036790187,134.5,82.));
#6258 = LINE('',#6259,#6260);
#6259 = CARTESIAN_POINT('',(57.176062427803,134.5,81.297025637616));
#6260 = VECTOR('',#6261,1.);
#6261 = DIRECTION('',(0.707106781187,0.,0.707106781187));
#6262 = ORIENTED_EDGE('',*,*,#6263,.T.);
#6263 = EDGE_CURVE('',#6256,#5592,#6264,.T.);
#6264 = ELLIPSE('',#6265,3.252691193458,2.3);
#6265 = AXIS2_PLACEMENT_3D('',#6266,#6267,#6268);
#6266 = CARTESIAN_POINT('',(61.131727983645,134.5,82.));
#6267 = DIRECTION('',(0.,0.,-1.));
#6268 = DIRECTION('',(1.,0.,0.));
#6269 = ORIENTED_EDGE('',*,*,#5599,.F.);
#6270 = ORIENTED_EDGE('',*,*,#6271,.T.);
#6271 = EDGE_CURVE('',#5600,#6256,#6272,.T.);
#6272 = ELLIPSE('',#6273,3.252691193458,2.3);
#6273 = AXIS2_PLACEMENT_3D('',#6274,#6275,#6276);
#6274 = CARTESIAN_POINT('',(61.131727983645,134.5,82.));
#6275 = DIRECTION('',(0.,0.,-1.));
#6276 = DIRECTION('',(1.,0.,0.));
#6277 = ORIENTED_EDGE('',*,*,#6255,.T.);
#6278 = CYLINDRICAL_SURFACE('',#6279,2.3);
#6279 = AXIS2_PLACEMENT_3D('',#6280,#6281,#6282);
#6280 = CARTESIAN_POINT('',(58.802408024532,134.5,79.670680040887));
#6281 = DIRECTION('',(0.707106781187,0.,0.707106781187));
#6282 = DIRECTION('',(-0.707106781187,0.,0.707106781187));
#6283 = ADVANCED_FACE('',(#6284),#6311,.F.);
#6284 = FACE_BOUND('',#6285,.T.);
#6285 = EDGE_LOOP('',(#6286,#6287,#6295,#6302,#6303,#6310));
#6286 = ORIENTED_EDGE('',*,*,#5446,.F.);
#6287 = ORIENTED_EDGE('',*,*,#6288,.F.);
#6288 = EDGE_CURVE('',#6289,#5447,#6291,.T.);
#6289 = VERTEX_POINT('',#6290);
#6290 = CARTESIAN_POINT('',(57.879036790187,95.,82.));
#6291 = LINE('',#6292,#6293);
#6292 = CARTESIAN_POINT('',(57.176062427803,95.,81.297025637616));
#6293 = VECTOR('',#6294,1.);
#6294 = DIRECTION('',(0.707106781187,0.,0.707106781187));
#6295 = ORIENTED_EDGE('',*,*,#6296,.T.);
#6296 = EDGE_CURVE('',#6289,#5634,#6297,.T.);
#6297 = ELLIPSE('',#6298,3.252691193458,2.3);
#6298 = AXIS2_PLACEMENT_3D('',#6299,#6300,#6301);
#6299 = CARTESIAN_POINT('',(61.131727983645,95.,82.));
#6300 = DIRECTION('',(0.,0.,-1.));
#6301 = DIRECTION('',(1.,0.,0.));
#6302 = ORIENTED_EDGE('',*,*,#5641,.F.);
#6303 = ORIENTED_EDGE('',*,*,#6304,.T.);
#6304 = EDGE_CURVE('',#5642,#6289,#6305,.T.);
#6305 = ELLIPSE('',#6306,3.252691193458,2.3);
#6306 = AXIS2_PLACEMENT_3D('',#6307,#6308,#6309);
#6307 = CARTESIAN_POINT('',(61.131727983645,95.,82.));
#6308 = DIRECTION('',(0.,0.,-1.));
#6309 = DIRECTION('',(1.,0.,0.));
#6310 = ORIENTED_EDGE('',*,*,#6288,.T.);
#6311 = CYLINDRICAL_SURFACE('',#6312,2.3);
#6312 = AXIS2_PLACEMENT_3D('',#6313,#6314,#6315);
#6313 = CARTESIAN_POINT('',(58.802408024532,95.,79.670680040887));
#6314 = DIRECTION('',(0.707106781187,0.,0.707106781187));
#6315 = DIRECTION('',(-0.707106781187,0.,0.707106781187));
#6316 = ADVANCED_FACE('',(#6317),#6327,.F.);
#6317 = FACE_BOUND('',#6318,.T.);
#6318 = EDGE_LOOP('',(#6319,#6320,#6321));
#6319 = ORIENTED_EDGE('',*,*,#5658,.F.);
#6320 = ORIENTED_EDGE('',*,*,#5552,.T.);
#6321 = ORIENTED_EDGE('',*,*,#6322,.F.);
#6322 = EDGE_CURVE('',#5651,#5545,#6323,.T.);
#6323 = LINE('',#6324,#6325);
#6324 = CARTESIAN_POINT('',(62.,89.,82.));
#6325 = VECTOR('',#6326,1.);
#6326 = DIRECTION('',(-1.,-0.,-0.));
#6327 = PLANE('',#6328);
#6328 = AXIS2_PLACEMENT_3D('',#6329,#6330,#6331);
#6329 = CARTESIAN_POINT('',(64.918434280499,89.,63.950898378663));
#6330 = DIRECTION('',(0.,-1.,0.));
#6331 = DIRECTION('',(0.,0.,1.));
#6332 = ADVANCED_FACE('',(#6333),#6367,.F.);
#6333 = FACE_BOUND('',#6334,.T.);
#6334 = EDGE_LOOP('',(#6335,#6336,#6337,#6338,#6347,#6355,#6362,#6363,
    #6364,#6365,#6366));
#6335 = ORIENTED_EDGE('',*,*,#5650,.F.);
#6336 = ORIENTED_EDGE('',*,*,#6322,.T.);
#6337 = ORIENTED_EDGE('',*,*,#5544,.T.);
#6338 = ORIENTED_EDGE('',*,*,#6339,.T.);
#6339 = EDGE_CURVE('',#5536,#6340,#6342,.T.);
#6340 = VERTEX_POINT('',#6341);
#6341 = CARTESIAN_POINT('',(56.,92.338668763395,82.));
#6342 = ELLIPSE('',#6343,6.363961030679,4.5);
#6343 = AXIS2_PLACEMENT_3D('',#6344,#6345,#6346);
#6344 = CARTESIAN_POINT('',(61.131727983645,95.,82.));
#6345 = DIRECTION('',(0.,0.,-1.));
#6346 = DIRECTION('',(1.,0.,0.));
#6347 = ORIENTED_EDGE('',*,*,#6348,.T.);
#6348 = EDGE_CURVE('',#6340,#6349,#6351,.T.);
#6349 = VERTEX_POINT('',#6350);
#6350 = CARTESIAN_POINT('',(56.,97.661331236605,82.));
#6351 = LINE('',#6352,#6353);
#6352 = CARTESIAN_POINT('',(56.,89.,82.));
#6353 = VECTOR('',#6354,1.);
#6354 = DIRECTION('',(0.,1.,0.));
#6355 = ORIENTED_EDGE('',*,*,#6356,.T.);
#6356 = EDGE_CURVE('',#6349,#5519,#6357,.T.);
#6357 = ELLIPSE('',#6358,6.363961030679,4.5);
#6358 = AXIS2_PLACEMENT_3D('',#6359,#6360,#6361);
#6359 = CARTESIAN_POINT('',(61.131727983645,95.,82.));
#6360 = DIRECTION('',(0.,0.,-1.));
#6361 = DIRECTION('',(1.,0.,0.));
#6362 = ORIENTED_EDGE('',*,*,#5518,.T.);
#6363 = ORIENTED_EDGE('',*,*,#6167,.T.);
#6364 = ORIENTED_EDGE('',*,*,#5633,.F.);
#6365 = ORIENTED_EDGE('',*,*,#6296,.F.);
#6366 = ORIENTED_EDGE('',*,*,#6304,.F.);
#6367 = PLANE('',#6368);
#6368 = AXIS2_PLACEMENT_3D('',#6369,#6370,#6371);
#6369 = CARTESIAN_POINT('',(62.,89.,82.));
#6370 = DIRECTION('',(0.,0.,1.));
#6371 = DIRECTION('',(1.,0.,0.));
#6372 = ADVANCED_FACE('',(#6373),#6413,.T.);
#6373 = FACE_BOUND('',#6374,.F.);
#6374 = EDGE_LOOP('',(#6375,#6386,#6393,#6394,#6395,#6396,#6397,#6406));
#6375 = ORIENTED_EDGE('',*,*,#6376,.T.);
#6376 = EDGE_CURVE('',#6377,#6379,#6381,.T.);
#6377 = VERTEX_POINT('',#6378);
#6378 = CARTESIAN_POINT('',(50.670680040887,95.,77.90291308792));
#6379 = VERTEX_POINT('',#6380);
#6380 = CARTESIAN_POINT('',(56.,98.320823185059,72.573593128807));
#6381 = CIRCLE('',#6382,4.5);
#6382 = AXIS2_PLACEMENT_3D('',#6383,#6384,#6385);
#6383 = CARTESIAN_POINT('',(53.852660556226,95.,74.720932572581));
#6384 = DIRECTION('',(-0.707106781187,0.,-0.707106781187));
#6385 = DIRECTION('',(-0.707106781187,0.,0.707106781187));
#6386 = ORIENTED_EDGE('',*,*,#6387,.T.);
#6387 = EDGE_CURVE('',#6379,#6349,#6388,.T.);
#6388 = ELLIPSE('',#6389,6.363961030679,4.5);
#6389 = AXIS2_PLACEMENT_3D('',#6390,#6391,#6392);
#6390 = CARTESIAN_POINT('',(56.,95.,76.868272016355));
#6391 = DIRECTION('',(1.,0.,0.));
#6392 = DIRECTION('',(0.,0.,1.));
#6393 = ORIENTED_EDGE('',*,*,#6356,.T.);
#6394 = ORIENTED_EDGE('',*,*,#5526,.F.);
#6395 = ORIENTED_EDGE('',*,*,#5535,.F.);
#6396 = ORIENTED_EDGE('',*,*,#6339,.T.);
#6397 = ORIENTED_EDGE('',*,*,#6398,.T.);
#6398 = EDGE_CURVE('',#6340,#6399,#6401,.T.);
#6399 = VERTEX_POINT('',#6400);
#6400 = CARTESIAN_POINT('',(56.,91.679176814941,72.573593128807));
#6401 = ELLIPSE('',#6402,6.363961030679,4.5);
#6402 = AXIS2_PLACEMENT_3D('',#6403,#6404,#6405);
#6403 = CARTESIAN_POINT('',(56.,95.,76.868272016355));
#6404 = DIRECTION('',(1.,0.,0.));
#6405 = DIRECTION('',(0.,0.,1.));
#6406 = ORIENTED_EDGE('',*,*,#6407,.T.);
#6407 = EDGE_CURVE('',#6399,#6377,#6408,.T.);
#6408 = CIRCLE('',#6409,4.5);
#6409 = AXIS2_PLACEMENT_3D('',#6410,#6411,#6412);
#6410 = CARTESIAN_POINT('',(53.852660556226,95.,74.720932572581));
#6411 = DIRECTION('',(-0.707106781187,0.,-0.707106781187));
#6412 = DIRECTION('',(-0.707106781187,0.,0.707106781187));
#6413 = CYLINDRICAL_SURFACE('',#6414,4.5);
#6414 = AXIS2_PLACEMENT_3D('',#6415,#6416,#6417);
#6415 = CARTESIAN_POINT('',(53.852660556226,95.,74.720932572581));
#6416 = DIRECTION('',(0.707106781187,0.,0.707106781187));
#6417 = DIRECTION('',(-0.707106781187,0.,0.707106781187));
#6418 = ADVANCED_FACE('',(#6419),#6436,.F.);
#6419 = FACE_BOUND('',#6420,.T.);
#6420 = EDGE_LOOP('',(#6421,#6429,#6430));
#6421 = ORIENTED_EDGE('',*,*,#6422,.T.);
#6422 = EDGE_CURVE('',#6423,#5576,#6425,.T.);
#6423 = VERTEX_POINT('',#6424);
#6424 = CARTESIAN_POINT('',(59.301515190165,140.5,82.));
#6425 = LINE('',#6426,#6427);
#6426 = CARTESIAN_POINT('',(65.675573566453,140.5,75.625941623712));
#6427 = VECTOR('',#6428,1.);
#6428 = DIRECTION('',(0.707106781187,0.,-0.707106781187));
#6429 = ORIENTED_EDGE('',*,*,#5583,.T.);
#6430 = ORIENTED_EDGE('',*,*,#6431,.T.);
#6431 = EDGE_CURVE('',#5584,#6423,#6432,.T.);
#6432 = LINE('',#6433,#6434);
#6433 = CARTESIAN_POINT('',(62.,140.5,82.));
#6434 = VECTOR('',#6435,1.);
#6435 = DIRECTION('',(-1.,-0.,-0.));
#6436 = PLANE('',#6437);
#6437 = AXIS2_PLACEMENT_3D('',#6438,#6439,#6440);
#6438 = CARTESIAN_POINT('',(64.918434280499,140.5,63.950898378663));
#6439 = DIRECTION('',(0.,1.,0.));
#6440 = DIRECTION('',(0.,0.,-1.));
#6441 = ADVANCED_FACE('',(#6442),#6490,.F.);
#6442 = FACE_BOUND('',#6443,.T.);
#6443 = EDGE_LOOP('',(#6444,#6445,#6446,#6454,#6463,#6471,#6480,#6486,
    #6487,#6488,#6489));
#6444 = ORIENTED_EDGE('',*,*,#5608,.F.);
#6445 = ORIENTED_EDGE('',*,*,#6239,.T.);
#6446 = ORIENTED_EDGE('',*,*,#6447,.T.);
#6447 = EDGE_CURVE('',#6228,#6448,#6450,.T.);
#6448 = VERTEX_POINT('',#6449);
#6449 = CARTESIAN_POINT('',(59.301515190165,130.19010898452,82.));
#6450 = LINE('',#6451,#6452);
#6451 = CARTESIAN_POINT('',(59.301515190165,111.75,82.));
#6452 = VECTOR('',#6453,1.);
#6453 = DIRECTION('',(0.,1.,0.));
#6454 = ORIENTED_EDGE('',*,*,#6455,.T.);
#6455 = EDGE_CURVE('',#6448,#6456,#6458,.T.);
#6456 = VERTEX_POINT('',#6457);
#6457 = CARTESIAN_POINT('',(56.,131.83866876339,82.));
#6458 = ELLIPSE('',#6459,6.363961030679,4.5);
#6459 = AXIS2_PLACEMENT_3D('',#6460,#6461,#6462);
#6460 = CARTESIAN_POINT('',(61.131727983645,134.5,82.));
#6461 = DIRECTION('',(0.,0.,-1.));
#6462 = DIRECTION('',(1.,0.,0.));
#6463 = ORIENTED_EDGE('',*,*,#6464,.T.);
#6464 = EDGE_CURVE('',#6456,#6465,#6467,.T.);
#6465 = VERTEX_POINT('',#6466);
#6466 = CARTESIAN_POINT('',(56.,137.1613312366,82.));
#6467 = LINE('',#6468,#6469);
#6468 = CARTESIAN_POINT('',(56.,89.,82.));
#6469 = VECTOR('',#6470,1.);
#6470 = DIRECTION('',(0.,1.,0.));
#6471 = ORIENTED_EDGE('',*,*,#6472,.T.);
#6472 = EDGE_CURVE('',#6465,#6473,#6475,.T.);
#6473 = VERTEX_POINT('',#6474);
#6474 = CARTESIAN_POINT('',(59.301515190165,138.80989101547,82.));
#6475 = ELLIPSE('',#6476,6.363961030679,4.5);
#6476 = AXIS2_PLACEMENT_3D('',#6477,#6478,#6479);
#6477 = CARTESIAN_POINT('',(61.131727983645,134.5,82.));
#6478 = DIRECTION('',(0.,0.,-1.));
#6479 = DIRECTION('',(1.,0.,0.));
#6480 = ORIENTED_EDGE('',*,*,#6481,.T.);
#6481 = EDGE_CURVE('',#6473,#6423,#6482,.T.);
#6482 = LINE('',#6483,#6484);
#6483 = CARTESIAN_POINT('',(59.301515190165,111.75,82.));
#6484 = VECTOR('',#6485,1.);
#6485 = DIRECTION('',(0.,1.,0.));
#6486 = ORIENTED_EDGE('',*,*,#6431,.F.);
#6487 = ORIENTED_EDGE('',*,*,#5591,.F.);
#6488 = ORIENTED_EDGE('',*,*,#6263,.F.);
#6489 = ORIENTED_EDGE('',*,*,#6271,.F.);
#6490 = PLANE('',#6491);
#6491 = AXIS2_PLACEMENT_3D('',#6492,#6493,#6494);
#6492 = CARTESIAN_POINT('',(62.,89.,82.));
#6493 = DIRECTION('',(0.,0.,1.));
#6494 = DIRECTION('',(1.,0.,0.));
#6495 = ADVANCED_FACE('',(#6496),#6515,.F.);
#6496 = FACE_BOUND('',#6497,.T.);
#6497 = EDGE_LOOP('',(#6498,#6506,#6513,#6514));
#6498 = ORIENTED_EDGE('',*,*,#6499,.T.);
#6499 = EDGE_CURVE('',#5667,#6500,#6502,.T.);
#6500 = VERTEX_POINT('',#6501);
#6501 = CARTESIAN_POINT('',(69.9,134.5,65.7));
#6502 = LINE('',#6503,#6504);
#6503 = CARTESIAN_POINT('',(61.9,134.5,65.7));
#6504 = VECTOR('',#6505,1.);
#6505 = DIRECTION('',(1.,0.,0.));
#6506 = ORIENTED_EDGE('',*,*,#6507,.F.);
#6507 = EDGE_CURVE('',#6500,#6500,#6508,.T.);
#6508 = CIRCLE('',#6509,2.3);
#6509 = AXIS2_PLACEMENT_3D('',#6510,#6511,#6512);
#6510 = CARTESIAN_POINT('',(69.9,134.5,68.));
#6511 = DIRECTION('',(-1.,0.,0.));
#6512 = DIRECTION('',(-0.,-0.,-1.));
#6513 = ORIENTED_EDGE('',*,*,#6499,.F.);
#6514 = ORIENTED_EDGE('',*,*,#5666,.T.);
#6515 = CYLINDRICAL_SURFACE('',#6516,2.3);
#6516 = AXIS2_PLACEMENT_3D('',#6517,#6518,#6519);
#6517 = CARTESIAN_POINT('',(61.9,134.5,68.));
#6518 = DIRECTION('',(1.,0.,0.));
#6519 = DIRECTION('',(-0.,-0.,-1.));
#6520 = ADVANCED_FACE('',(#6521),#6540,.F.);
#6521 = FACE_BOUND('',#6522,.T.);
#6522 = EDGE_LOOP('',(#6523,#6531,#6538,#6539));
#6523 = ORIENTED_EDGE('',*,*,#6524,.T.);
#6524 = EDGE_CURVE('',#5678,#6525,#6527,.T.);
#6525 = VERTEX_POINT('',#6526);
#6526 = CARTESIAN_POINT('',(69.9,134.5,73.7));
#6527 = LINE('',#6528,#6529);
#6528 = CARTESIAN_POINT('',(61.9,134.5,73.7));
#6529 = VECTOR('',#6530,1.);
#6530 = DIRECTION('',(1.,0.,0.));
#6531 = ORIENTED_EDGE('',*,*,#6532,.F.);
#6532 = EDGE_CURVE('',#6525,#6525,#6533,.T.);
#6533 = CIRCLE('',#6534,2.3);
#6534 = AXIS2_PLACEMENT_3D('',#6535,#6536,#6537);
#6535 = CARTESIAN_POINT('',(69.9,134.5,76.));
#6536 = DIRECTION('',(-1.,0.,0.));
#6537 = DIRECTION('',(-0.,-0.,-1.));
#6538 = ORIENTED_EDGE('',*,*,#6524,.F.);
#6539 = ORIENTED_EDGE('',*,*,#5677,.T.);
#6540 = CYLINDRICAL_SURFACE('',#6541,2.3);
#6541 = AXIS2_PLACEMENT_3D('',#6542,#6543,#6544);
#6542 = CARTESIAN_POINT('',(61.9,134.5,76.));
#6543 = DIRECTION('',(1.,0.,0.));
#6544 = DIRECTION('',(-0.,-0.,-1.));
#6545 = ADVANCED_FACE('',(#6546),#6565,.F.);
#6546 = FACE_BOUND('',#6547,.T.);
#6547 = EDGE_LOOP('',(#6548,#6556,#6563,#6564));
#6548 = ORIENTED_EDGE('',*,*,#6549,.T.);
#6549 = EDGE_CURVE('',#5689,#6550,#6552,.T.);
#6550 = VERTEX_POINT('',#6551);
#6551 = CARTESIAN_POINT('',(69.9,95.,65.7));
#6552 = LINE('',#6553,#6554);
#6553 = CARTESIAN_POINT('',(61.9,95.,65.7));
#6554 = VECTOR('',#6555,1.);
#6555 = DIRECTION('',(1.,0.,0.));
#6556 = ORIENTED_EDGE('',*,*,#6557,.F.);
#6557 = EDGE_CURVE('',#6550,#6550,#6558,.T.);
#6558 = CIRCLE('',#6559,2.3);
#6559 = AXIS2_PLACEMENT_3D('',#6560,#6561,#6562);
#6560 = CARTESIAN_POINT('',(69.9,95.,68.));
#6561 = DIRECTION('',(-1.,0.,0.));
#6562 = DIRECTION('',(-0.,-0.,-1.));
#6563 = ORIENTED_EDGE('',*,*,#6549,.F.);
#6564 = ORIENTED_EDGE('',*,*,#5688,.T.);
#6565 = CYLINDRICAL_SURFACE('',#6566,2.3);
#6566 = AXIS2_PLACEMENT_3D('',#6567,#6568,#6569);
#6567 = CARTESIAN_POINT('',(61.9,95.,68.));
#6568 = DIRECTION('',(1.,0.,0.));
#6569 = DIRECTION('',(-0.,-0.,-1.));
#6570 = ADVANCED_FACE('',(#6571),#6590,.F.);
#6571 = FACE_BOUND('',#6572,.T.);
#6572 = EDGE_LOOP('',(#6573,#6581,#6588,#6589));
#6573 = ORIENTED_EDGE('',*,*,#6574,.T.);
#6574 = EDGE_CURVE('',#5700,#6575,#6577,.T.);
#6575 = VERTEX_POINT('',#6576);
#6576 = CARTESIAN_POINT('',(69.9,95.,73.7));
#6577 = LINE('',#6578,#6579);
#6578 = CARTESIAN_POINT('',(61.9,95.,73.7));
#6579 = VECTOR('',#6580,1.);
#6580 = DIRECTION('',(1.,0.,0.));
#6581 = ORIENTED_EDGE('',*,*,#6582,.F.);
#6582 = EDGE_CURVE('',#6575,#6575,#6583,.T.);
#6583 = CIRCLE('',#6584,2.3);
#6584 = AXIS2_PLACEMENT_3D('',#6585,#6586,#6587);
#6585 = CARTESIAN_POINT('',(69.9,95.,76.));
#6586 = DIRECTION('',(-1.,0.,0.));
#6587 = DIRECTION('',(-0.,-0.,-1.));
#6588 = ORIENTED_EDGE('',*,*,#6574,.F.);
#6589 = ORIENTED_EDGE('',*,*,#5699,.T.);
#6590 = CYLINDRICAL_SURFACE('',#6591,2.3);
#6591 = AXIS2_PLACEMENT_3D('',#6592,#6593,#6594);
#6592 = CARTESIAN_POINT('',(61.9,95.,76.));
#6593 = DIRECTION('',(1.,0.,0.));
#6594 = DIRECTION('',(-0.,-0.,-1.));
#6595 = ADVANCED_FACE('',(#6596),#6621,.F.);
#6596 = FACE_BOUND('',#6597,.T.);
#6597 = EDGE_LOOP('',(#6598,#6606,#6607,#6615));
#6598 = ORIENTED_EDGE('',*,*,#6599,.F.);
#6599 = EDGE_CURVE('',#5737,#6600,#6602,.T.);
#6600 = VERTEX_POINT('',#6601);
#6601 = CARTESIAN_POINT('',(64.8,117.2,64.2));
#6602 = LINE('',#6603,#6604);
#6603 = CARTESIAN_POINT('',(64.8,117.2,61.9));
#6604 = VECTOR('',#6605,1.);
#6605 = DIRECTION('',(0.,0.,1.));
#6606 = ORIENTED_EDGE('',*,*,#5734,.F.);
#6607 = ORIENTED_EDGE('',*,*,#6608,.T.);
#6608 = EDGE_CURVE('',#5735,#6609,#6611,.T.);
#6609 = VERTEX_POINT('',#6610);
#6610 = CARTESIAN_POINT('',(69.2,117.2,64.2));
#6611 = LINE('',#6612,#6613);
#6612 = CARTESIAN_POINT('',(69.2,117.2,61.9));
#6613 = VECTOR('',#6614,1.);
#6614 = DIRECTION('',(0.,0.,1.));
#6615 = ORIENTED_EDGE('',*,*,#6616,.T.);
#6616 = EDGE_CURVE('',#6609,#6600,#6617,.T.);
#6617 = LINE('',#6618,#6619);
#6618 = CARTESIAN_POINT('',(69.2,117.2,64.2));
#6619 = VECTOR('',#6620,1.);
#6620 = DIRECTION('',(-1.,-0.,-0.));
#6621 = PLANE('',#6622);
#6622 = AXIS2_PLACEMENT_3D('',#6623,#6624,#6625);
#6623 = CARTESIAN_POINT('',(69.2,117.2,61.9));
#6624 = DIRECTION('',(0.,1.,0.));
#6625 = DIRECTION('',(0.,0.,-1.));
#6626 = ADVANCED_FACE('',(#6627),#6645,.T.);
#6627 = FACE_BOUND('',#6628,.F.);
#6628 = EDGE_LOOP('',(#6629,#6637,#6638,#6639));
#6629 = ORIENTED_EDGE('',*,*,#6630,.F.);
#6630 = EDGE_CURVE('',#5745,#6631,#6633,.T.);
#6631 = VERTEX_POINT('',#6632);
#6632 = CARTESIAN_POINT('',(69.2,112.8,64.2));
#6633 = LINE('',#6634,#6635);
#6634 = CARTESIAN_POINT('',(69.2,112.8,61.9));
#6635 = VECTOR('',#6636,1.);
#6636 = DIRECTION('',(0.,0.,1.));
#6637 = ORIENTED_EDGE('',*,*,#5744,.F.);
#6638 = ORIENTED_EDGE('',*,*,#6608,.T.);
#6639 = ORIENTED_EDGE('',*,*,#6640,.F.);
#6640 = EDGE_CURVE('',#6631,#6609,#6641,.T.);
#6641 = LINE('',#6642,#6643);
#6642 = CARTESIAN_POINT('',(69.2,112.8,64.2));
#6643 = VECTOR('',#6644,1.);
#6644 = DIRECTION('',(0.,1.,0.));
#6645 = PLANE('',#6646);
#6646 = AXIS2_PLACEMENT_3D('',#6647,#6648,#6649);
#6647 = CARTESIAN_POINT('',(69.2,112.8,61.9));
#6648 = DIRECTION('',(-1.,-0.,-0.));
#6649 = DIRECTION('',(0.,0.,-1.));
#6650 = ADVANCED_FACE('',(#6651),#6669,.T.);
#6651 = FACE_BOUND('',#6652,.F.);
#6652 = EDGE_LOOP('',(#6653,#6661,#6662,#6663));
#6653 = ORIENTED_EDGE('',*,*,#6654,.F.);
#6654 = EDGE_CURVE('',#5753,#6655,#6657,.T.);
#6655 = VERTEX_POINT('',#6656);
#6656 = CARTESIAN_POINT('',(64.8,112.8,64.2));
#6657 = LINE('',#6658,#6659);
#6658 = CARTESIAN_POINT('',(64.8,112.8,61.9));
#6659 = VECTOR('',#6660,1.);
#6660 = DIRECTION('',(0.,0.,1.));
#6661 = ORIENTED_EDGE('',*,*,#5752,.F.);
#6662 = ORIENTED_EDGE('',*,*,#6630,.T.);
#6663 = ORIENTED_EDGE('',*,*,#6664,.T.);
#6664 = EDGE_CURVE('',#6631,#6655,#6665,.T.);
#6665 = LINE('',#6666,#6667);
#6666 = CARTESIAN_POINT('',(69.2,112.8,64.2));
#6667 = VECTOR('',#6668,1.);
#6668 = DIRECTION('',(-1.,-0.,-0.));
#6669 = PLANE('',#6670);
#6670 = AXIS2_PLACEMENT_3D('',#6671,#6672,#6673);
#6671 = CARTESIAN_POINT('',(69.2,112.8,61.9));
#6672 = DIRECTION('',(0.,1.,0.));
#6673 = DIRECTION('',(0.,0.,-1.));
#6674 = ADVANCED_FACE('',(#6675),#6686,.F.);
#6675 = FACE_BOUND('',#6676,.T.);
#6676 = EDGE_LOOP('',(#6677,#6678,#6679,#6680));
#6677 = ORIENTED_EDGE('',*,*,#6654,.F.);
#6678 = ORIENTED_EDGE('',*,*,#5760,.F.);
#6679 = ORIENTED_EDGE('',*,*,#6599,.T.);
#6680 = ORIENTED_EDGE('',*,*,#6681,.F.);
#6681 = EDGE_CURVE('',#6655,#6600,#6682,.T.);
#6682 = LINE('',#6683,#6684);
#6683 = CARTESIAN_POINT('',(64.8,112.8,64.2));
#6684 = VECTOR('',#6685,1.);
#6685 = DIRECTION('',(0.,1.,0.));
#6686 = PLANE('',#6687);
#6687 = AXIS2_PLACEMENT_3D('',#6688,#6689,#6690);
#6688 = CARTESIAN_POINT('',(64.8,112.8,61.9));
#6689 = DIRECTION('',(-1.,-0.,-0.));
#6690 = DIRECTION('',(0.,0.,-1.));
#6691 = ADVANCED_FACE('',(#6692),#6716,.F.);
#6692 = FACE_BOUND('',#6693,.T.);
#6693 = EDGE_LOOP('',(#6694,#6695,#6696,#6697,#6698,#6699,#6700,#6709));
#6694 = ORIENTED_EDGE('',*,*,#6447,.F.);
#6695 = ORIENTED_EDGE('',*,*,#6227,.T.);
#6696 = ORIENTED_EDGE('',*,*,#6209,.T.);
#6697 = ORIENTED_EDGE('',*,*,#5985,.T.);
#6698 = ORIENTED_EDGE('',*,*,#6422,.F.);
#6699 = ORIENTED_EDGE('',*,*,#6481,.F.);
#6700 = ORIENTED_EDGE('',*,*,#6701,.F.);
#6701 = EDGE_CURVE('',#6702,#6473,#6704,.T.);
#6702 = VERTEX_POINT('',#6703);
#6703 = CARTESIAN_POINT('',(57.034641071566,134.5,84.266874118599));
#6704 = CIRCLE('',#6705,4.5);
#6705 = AXIS2_PLACEMENT_3D('',#6706,#6707,#6708);
#6706 = CARTESIAN_POINT('',(60.216621586905,134.5,81.08489360326));
#6707 = DIRECTION('',(-0.707106781187,0.,-0.707106781187));
#6708 = DIRECTION('',(-0.707106781187,0.,0.707106781187));
#6709 = ORIENTED_EDGE('',*,*,#6710,.F.);
#6710 = EDGE_CURVE('',#6448,#6702,#6711,.T.);
#6711 = CIRCLE('',#6712,4.5);
#6712 = AXIS2_PLACEMENT_3D('',#6713,#6714,#6715);
#6713 = CARTESIAN_POINT('',(60.216621586905,134.5,81.08489360326));
#6714 = DIRECTION('',(-0.707106781187,0.,-0.707106781187));
#6715 = DIRECTION('',(-0.707106781187,0.,0.707106781187));
#6716 = PLANE('',#6717);
#6717 = AXIS2_PLACEMENT_3D('',#6718,#6719,#6720);
#6718 = CARTESIAN_POINT('',(60.216621586905,134.5,81.08489360326));
#6719 = DIRECTION('',(0.707106781187,0.,0.707106781187));
#6720 = DIRECTION('',(0.707106781187,0.,-0.707106781187));
#6721 = ADVANCED_FACE('',(#6722),#6732,.T.);
#6722 = FACE_BOUND('',#6723,.F.);
#6723 = EDGE_LOOP('',(#6724,#6725,#6726));
#6724 = ORIENTED_EDGE('',*,*,#6019,.T.);
#6725 = ORIENTED_EDGE('',*,*,#6037,.T.);
#6726 = ORIENTED_EDGE('',*,*,#6727,.T.);
#6727 = EDGE_CURVE('',#6029,#6020,#6728,.T.);
#6728 = LINE('',#6729,#6730);
#6729 = CARTESIAN_POINT('',(79.,114.5,49.573593128807));
#6730 = VECTOR('',#6731,1.);
#6731 = DIRECTION('',(0.,1.,0.));
#6732 = PLANE('',#6733);
#6733 = AXIS2_PLACEMENT_3D('',#6734,#6735,#6736);
#6734 = CARTESIAN_POINT('',(79.,134.,48.));
#6735 = DIRECTION('',(-1.,-0.,-0.));
#6736 = DIRECTION('',(0.,1.,0.));
#6737 = ADVANCED_FACE('',(#6738),#6742,.F.);
#6738 = FACE_BOUND('',#6739,.T.);
#6739 = EDGE_LOOP('',(#6740,#6741));
#6740 = ORIENTED_EDGE('',*,*,#6727,.T.);
#6741 = ORIENTED_EDGE('',*,*,#6028,.T.);
#6742 = PLANE('',#6743);
#6743 = AXIS2_PLACEMENT_3D('',#6744,#6745,#6746);
#6744 = CARTESIAN_POINT('',(81.783378413095,95.,46.790214715712));
#6745 = DIRECTION('',(0.707106781187,0.,0.707106781187));
#6746 = DIRECTION('',(0.707106781187,0.,-0.707106781187));
#6747 = ADVANCED_FACE('',(#6748),#6767,.F.);
#6748 = FACE_BOUND('',#6749,.F.);
#6749 = EDGE_LOOP('',(#6750,#6758,#6765,#6766));
#6750 = ORIENTED_EDGE('',*,*,#6751,.F.);
#6751 = EDGE_CURVE('',#6752,#6087,#6754,.T.);
#6752 = VERTEX_POINT('',#6753);
#6753 = CARTESIAN_POINT('',(79.,134.,49.573593128807));
#6754 = LINE('',#6755,#6756);
#6755 = CARTESIAN_POINT('',(79.,134.,48.));
#6756 = VECTOR('',#6757,1.);
#6757 = DIRECTION('',(0.,0.,1.));
#6758 = ORIENTED_EDGE('',*,*,#6759,.F.);
#6759 = EDGE_CURVE('',#6063,#6752,#6760,.T.);
#6760 = ELLIPSE('',#6761,8.485281374239,6.);
#6761 = AXIS2_PLACEMENT_3D('',#6762,#6763,#6764);
#6762 = CARTESIAN_POINT('',(73.,134.,55.573593128807));
#6763 = DIRECTION('',(-0.707106781187,-0.,-0.707106781187));
#6764 = DIRECTION('',(0.707106781187,0.,-0.707106781187));
#6765 = ORIENTED_EDGE('',*,*,#6062,.F.);
#6766 = ORIENTED_EDGE('',*,*,#6095,.F.);
#6767 = CYLINDRICAL_SURFACE('',#6768,6.);
#6768 = AXIS2_PLACEMENT_3D('',#6769,#6770,#6771);
#6769 = CARTESIAN_POINT('',(73.,134.,48.));
#6770 = DIRECTION('',(0.,0.,-1.));
#6771 = DIRECTION('',(-1.,-0.,-0.));
#6772 = ADVANCED_FACE('',(#6773),#6783,.T.);
#6773 = FACE_BOUND('',#6774,.F.);
#6774 = EDGE_LOOP('',(#6775,#6781,#6782));
#6775 = ORIENTED_EDGE('',*,*,#6776,.T.);
#6776 = EDGE_CURVE('',#6078,#6752,#6777,.T.);
#6777 = LINE('',#6778,#6779);
#6778 = CARTESIAN_POINT('',(79.,134.25,49.573593128807));
#6779 = VECTOR('',#6780,1.);
#6780 = DIRECTION('',(0.,1.,0.));
#6781 = ORIENTED_EDGE('',*,*,#6751,.T.);
#6782 = ORIENTED_EDGE('',*,*,#6086,.T.);
#6783 = PLANE('',#6784);
#6784 = AXIS2_PLACEMENT_3D('',#6785,#6786,#6787);
#6785 = CARTESIAN_POINT('',(79.,134.,48.));
#6786 = DIRECTION('',(-1.,-0.,-0.));
#6787 = DIRECTION('',(0.,1.,0.));
#6788 = ADVANCED_FACE('',(#6789),#6794,.F.);
#6789 = FACE_BOUND('',#6790,.T.);
#6790 = EDGE_LOOP('',(#6791,#6792,#6793));
#6791 = ORIENTED_EDGE('',*,*,#6759,.F.);
#6792 = ORIENTED_EDGE('',*,*,#6077,.T.);
#6793 = ORIENTED_EDGE('',*,*,#6776,.T.);
#6794 = PLANE('',#6795);
#6795 = AXIS2_PLACEMENT_3D('',#6796,#6797,#6798);
#6796 = CARTESIAN_POINT('',(81.783378413095,134.5,46.790214715712));
#6797 = DIRECTION('',(0.707106781187,0.,0.707106781187));
#6798 = DIRECTION('',(0.707106781187,0.,-0.707106781187));
#6799 = ADVANCED_FACE('',(#6800),#6803,.T.);
#6800 = FACE_BOUND('',#6801,.T.);
#6801 = EDGE_LOOP('',(#6802));
#6802 = ORIENTED_EDGE('',*,*,#6123,.F.);
#6803 = PLANE('',#6804);
#6804 = AXIS2_PLACEMENT_3D('',#6805,#6806,#6807);
#6805 = CARTESIAN_POINT('',(86.733125881401,134.5,51.739962184018));
#6806 = DIRECTION('',(0.707106781187,0.,0.707106781187));
#6807 = DIRECTION('',(0.707106781187,0.,-0.707106781187));
#6808 = ADVANCED_FACE('',(#6809),#6812,.T.);
#6809 = FACE_BOUND('',#6810,.T.);
#6810 = EDGE_LOOP('',(#6811));
#6811 = ORIENTED_EDGE('',*,*,#6148,.F.);
#6812 = PLANE('',#6813);
#6813 = AXIS2_PLACEMENT_3D('',#6814,#6815,#6816);
#6814 = CARTESIAN_POINT('',(86.733125881401,95.,51.739962184018));
#6815 = DIRECTION('',(0.707106781187,0.,0.707106781187));
#6816 = DIRECTION('',(0.707106781187,0.,-0.707106781187));
#6817 = ADVANCED_FACE('',(#6818,#6829),#6840,.F.);
#6818 = FACE_BOUND('',#6819,.T.);
#6819 = EDGE_LOOP('',(#6820,#6821,#6822,#6828));
#6820 = ORIENTED_EDGE('',*,*,#6348,.F.);
#6821 = ORIENTED_EDGE('',*,*,#6398,.T.);
#6822 = ORIENTED_EDGE('',*,*,#6823,.T.);
#6823 = EDGE_CURVE('',#6399,#6379,#6824,.T.);
#6824 = LINE('',#6825,#6826);
#6825 = CARTESIAN_POINT('',(56.,104.875,72.573593128807));
#6826 = VECTOR('',#6827,1.);
#6827 = DIRECTION('',(0.,1.,0.));
#6828 = ORIENTED_EDGE('',*,*,#6387,.T.);
#6829 = FACE_BOUND('',#6830,.T.);
#6830 = EDGE_LOOP('',(#6831));
#6831 = ORIENTED_EDGE('',*,*,#6832,.T.);
#6832 = EDGE_CURVE('',#6833,#6833,#6835,.T.);
#6833 = VERTEX_POINT('',#6834);
#6834 = CARTESIAN_POINT('',(56.,95.,73.));
#6835 = CIRCLE('',#6836,3.);
#6836 = AXIS2_PLACEMENT_3D('',#6837,#6838,#6839);
#6837 = CARTESIAN_POINT('',(56.,95.,76.));
#6838 = DIRECTION('',(-1.,0.,0.));
#6839 = DIRECTION('',(-0.,-0.,-1.));
#6840 = PLANE('',#6841);
#6841 = AXIS2_PLACEMENT_3D('',#6842,#6843,#6844);
#6842 = CARTESIAN_POINT('',(56.,114.75,67.));
#6843 = DIRECTION('',(-1.,-0.,-0.));
#6844 = DIRECTION('',(0.,0.,-1.));
#6845 = ADVANCED_FACE('',(#6846),#6851,.F.);
#6846 = FACE_BOUND('',#6847,.T.);
#6847 = EDGE_LOOP('',(#6848,#6849,#6850));
#6848 = ORIENTED_EDGE('',*,*,#6407,.T.);
#6849 = ORIENTED_EDGE('',*,*,#6376,.T.);
#6850 = ORIENTED_EDGE('',*,*,#6823,.F.);
#6851 = PLANE('',#6852);
#6852 = AXIS2_PLACEMENT_3D('',#6853,#6854,#6855);
#6853 = CARTESIAN_POINT('',(53.852660556226,95.,74.720932572581));
#6854 = DIRECTION('',(0.707106781187,0.,0.707106781187));
#6855 = DIRECTION('',(0.707106781187,0.,-0.707106781187));
#6856 = ADVANCED_FACE('',(#6857),#6897,.T.);
#6857 = FACE_BOUND('',#6858,.F.);
#6858 = EDGE_LOOP('',(#6859,#6870,#6877,#6878,#6879,#6880,#6881,#6890));
#6859 = ORIENTED_EDGE('',*,*,#6860,.T.);
#6860 = EDGE_CURVE('',#6861,#6863,#6865,.T.);
#6861 = VERTEX_POINT('',#6862);
#6862 = CARTESIAN_POINT('',(50.670680040887,134.5,77.90291308792));
#6863 = VERTEX_POINT('',#6864);
#6864 = CARTESIAN_POINT('',(56.,137.82082318505,72.573593128807));
#6865 = CIRCLE('',#6866,4.5);
#6866 = AXIS2_PLACEMENT_3D('',#6867,#6868,#6869);
#6867 = CARTESIAN_POINT('',(53.852660556226,134.5,74.720932572581));
#6868 = DIRECTION('',(-0.707106781187,0.,-0.707106781187));
#6869 = DIRECTION('',(-0.707106781187,0.,0.707106781187));
#6870 = ORIENTED_EDGE('',*,*,#6871,.T.);
#6871 = EDGE_CURVE('',#6863,#6465,#6872,.T.);
#6872 = ELLIPSE('',#6873,6.363961030679,4.5);
#6873 = AXIS2_PLACEMENT_3D('',#6874,#6875,#6876);
#6874 = CARTESIAN_POINT('',(56.,134.5,76.868272016355));
#6875 = DIRECTION('',(1.,0.,0.));
#6876 = DIRECTION('',(0.,0.,1.));
#6877 = ORIENTED_EDGE('',*,*,#6472,.T.);
#6878 = ORIENTED_EDGE('',*,*,#6701,.F.);
#6879 = ORIENTED_EDGE('',*,*,#6710,.F.);
#6880 = ORIENTED_EDGE('',*,*,#6455,.T.);
#6881 = ORIENTED_EDGE('',*,*,#6882,.T.);
#6882 = EDGE_CURVE('',#6456,#6883,#6885,.T.);
#6883 = VERTEX_POINT('',#6884);
#6884 = CARTESIAN_POINT('',(56.,131.17917681494,72.573593128807));
#6885 = ELLIPSE('',#6886,6.363961030679,4.5);
#6886 = AXIS2_PLACEMENT_3D('',#6887,#6888,#6889);
#6887 = CARTESIAN_POINT('',(56.,134.5,76.868272016355));
#6888 = DIRECTION('',(1.,0.,0.));
#6889 = DIRECTION('',(0.,0.,1.));
#6890 = ORIENTED_EDGE('',*,*,#6891,.T.);
#6891 = EDGE_CURVE('',#6883,#6861,#6892,.T.);
#6892 = CIRCLE('',#6893,4.5);
#6893 = AXIS2_PLACEMENT_3D('',#6894,#6895,#6896);
#6894 = CARTESIAN_POINT('',(53.852660556226,134.5,74.720932572581));
#6895 = DIRECTION('',(-0.707106781187,0.,-0.707106781187));
#6896 = DIRECTION('',(-0.707106781187,0.,0.707106781187));
#6897 = CYLINDRICAL_SURFACE('',#6898,4.5);
#6898 = AXIS2_PLACEMENT_3D('',#6899,#6900,#6901);
#6899 = CARTESIAN_POINT('',(53.852660556226,134.5,74.720932572581));
#6900 = DIRECTION('',(0.707106781187,0.,0.707106781187));
#6901 = DIRECTION('',(-0.707106781187,0.,0.707106781187));
#6902 = ADVANCED_FACE('',(#6903,#6914),#6925,.F.);
#6903 = FACE_BOUND('',#6904,.T.);
#6904 = EDGE_LOOP('',(#6905,#6906,#6907,#6908));
#6905 = ORIENTED_EDGE('',*,*,#6871,.T.);
#6906 = ORIENTED_EDGE('',*,*,#6464,.F.);
#6907 = ORIENTED_EDGE('',*,*,#6882,.T.);
#6908 = ORIENTED_EDGE('',*,*,#6909,.T.);
#6909 = EDGE_CURVE('',#6883,#6863,#6910,.T.);
#6910 = LINE('',#6911,#6912);
#6911 = CARTESIAN_POINT('',(56.,124.625,72.573593128807));
#6912 = VECTOR('',#6913,1.);
#6913 = DIRECTION('',(0.,1.,0.));
#6914 = FACE_BOUND('',#6915,.T.);
#6915 = EDGE_LOOP('',(#6916));
#6916 = ORIENTED_EDGE('',*,*,#6917,.T.);
#6917 = EDGE_CURVE('',#6918,#6918,#6920,.T.);
#6918 = VERTEX_POINT('',#6919);
#6919 = CARTESIAN_POINT('',(56.,134.5,73.));
#6920 = CIRCLE('',#6921,3.);
#6921 = AXIS2_PLACEMENT_3D('',#6922,#6923,#6924);
#6922 = CARTESIAN_POINT('',(56.,134.5,76.));
#6923 = DIRECTION('',(-1.,0.,0.));
#6924 = DIRECTION('',(-0.,-0.,-1.));
#6925 = PLANE('',#6926);
#6926 = AXIS2_PLACEMENT_3D('',#6927,#6928,#6929);
#6927 = CARTESIAN_POINT('',(56.,114.75,67.));
#6928 = DIRECTION('',(-1.,-0.,-0.));
#6929 = DIRECTION('',(0.,0.,-1.));
#6930 = ADVANCED_FACE('',(#6931),#6934,.F.);
#6931 = FACE_BOUND('',#6932,.T.);
#6932 = EDGE_LOOP('',(#6933));
#6933 = ORIENTED_EDGE('',*,*,#6507,.T.);
#6934 = PLANE('',#6935);
#6935 = AXIS2_PLACEMENT_3D('',#6936,#6937,#6938);
#6936 = CARTESIAN_POINT('',(69.9,134.5,68.));
#6937 = DIRECTION('',(1.,0.,0.));
#6938 = DIRECTION('',(0.,0.,1.));
#6939 = ADVANCED_FACE('',(#6940),#6943,.F.);
#6940 = FACE_BOUND('',#6941,.T.);
#6941 = EDGE_LOOP('',(#6942));
#6942 = ORIENTED_EDGE('',*,*,#6532,.T.);
#6943 = PLANE('',#6944);
#6944 = AXIS2_PLACEMENT_3D('',#6945,#6946,#6947);
#6945 = CARTESIAN_POINT('',(69.9,134.5,76.));
#6946 = DIRECTION('',(1.,0.,0.));
#6947 = DIRECTION('',(0.,0.,1.));
#6948 = ADVANCED_FACE('',(#6949),#6952,.F.);
#6949 = FACE_BOUND('',#6950,.T.);
#6950 = EDGE_LOOP('',(#6951));
#6951 = ORIENTED_EDGE('',*,*,#6557,.T.);
#6952 = PLANE('',#6953);
#6953 = AXIS2_PLACEMENT_3D('',#6954,#6955,#6956);
#6954 = CARTESIAN_POINT('',(69.9,95.,68.));
#6955 = DIRECTION('',(1.,0.,0.));
#6956 = DIRECTION('',(0.,0.,1.));
#6957 = ADVANCED_FACE('',(#6958),#6961,.F.);
#6958 = FACE_BOUND('',#6959,.T.);
#6959 = EDGE_LOOP('',(#6960));
#6960 = ORIENTED_EDGE('',*,*,#6582,.T.);
#6961 = PLANE('',#6962);
#6962 = AXIS2_PLACEMENT_3D('',#6963,#6964,#6965);
#6963 = CARTESIAN_POINT('',(69.9,95.,76.));
#6964 = DIRECTION('',(1.,0.,0.));
#6965 = DIRECTION('',(0.,0.,1.));
#6966 = ADVANCED_FACE('',(#6967),#6973,.F.);
#6967 = FACE_BOUND('',#6968,.T.);
#6968 = EDGE_LOOP('',(#6969,#6970,#6971,#6972));
#6969 = ORIENTED_EDGE('',*,*,#6640,.F.);
#6970 = ORIENTED_EDGE('',*,*,#6664,.T.);
#6971 = ORIENTED_EDGE('',*,*,#6681,.T.);
#6972 = ORIENTED_EDGE('',*,*,#6616,.F.);
#6973 = PLANE('',#6974);
#6974 = AXIS2_PLACEMENT_3D('',#6975,#6976,#6977);
#6975 = CARTESIAN_POINT('',(69.2,112.8,64.2));
#6976 = DIRECTION('',(0.,0.,1.));
#6977 = DIRECTION('',(1.,0.,0.));
#6978 = ADVANCED_FACE('',(#6979),#7070,.T.);
#6979 = FACE_BOUND('',#6980,.F.);
#6980 = EDGE_LOOP('',(#6981,#6989,#6990,#6991,#7018,#7027,#7036,#7045));
#6981 = ORIENTED_EDGE('',*,*,#6982,.F.);
#6982 = EDGE_CURVE('',#6833,#6983,#6985,.T.);
#6983 = VERTEX_POINT('',#6984);
#6984 = CARTESIAN_POINT('',(58.495689014324,95.,73.));
#6985 = LINE('',#6986,#6987);
#6986 = CARTESIAN_POINT('',(55.99,95.,73.));
#6987 = VECTOR('',#6988,1.);
#6988 = DIRECTION('',(1.,0.,0.));
#6989 = ORIENTED_EDGE('',*,*,#6832,.T.);
#6990 = ORIENTED_EDGE('',*,*,#6982,.T.);
#6991 = ORIENTED_EDGE('',*,*,#6992,.F.);
#6992 = EDGE_CURVE('',#6993,#6983,#6995,.T.);
#6993 = VERTEX_POINT('',#6994);
#6994 = CARTESIAN_POINT('',(59.49,97.970077697762,75.577343556473));
#6995 = B_SPLINE_CURVE_WITH_KNOTS('',6,(#6996,#6997,#6998,#6999,#7000,
    #7001,#7002,#7003,#7004,#7005,#7006,#7007,#7008,#7009,#7010,#7011,
    #7012,#7013,#7014,#7015,#7016,#7017),.UNSPECIFIED.,.F.,.F.,(7,5,5,5,
    7),(0.,0.327092181028,0.53266471003,0.710106877223,1.),
  .UNSPECIFIED.);
#6996 = CARTESIAN_POINT('',(59.4900006,97.970077801484,75.577344285344)
  );
#6997 = CARTESIAN_POINT('',(59.364897259128,97.948451251488,
    75.425370624894));
#6998 = CARTESIAN_POINT('',(59.245114032867,97.916250893678,
    75.265996328991));
#6999 = CARTESIAN_POINT('',(59.132762266382,97.871481364096,
    75.099599939218));
#7000 = CARTESIAN_POINT('',(59.029670945822,97.811777078171,
    74.926669533246));
#7001 = CARTESIAN_POINT('',(58.937210678023,97.734158512975,
    74.74792292804));
#7002 = CARTESIAN_POINT('',(58.805117848232,97.572046412276,
    74.45026186878));
#7003 = CARTESIAN_POINT('',(58.758738312295,97.500964561911,
    74.334055592615));
#7004 = CARTESIAN_POINT('',(58.717357486046,97.420762457477,
    74.217563974376));
#7005 = CARTESIAN_POINT('',(58.681070342433,97.330937909201,
    74.101943912712));
#7006 = CARTESIAN_POINT('',(58.649699377589,97.23114761273,
    73.988506925611));
#7007 = CARTESIAN_POINT('',(58.599756125185,97.026521740102,
    73.783881052983));
#7008 = CARTESIAN_POINT('',(58.580039836769,96.924327115423,
    73.691854001614));
#7009 = CARTESIAN_POINT('',(58.563525277627,96.814784611171,
    73.603575849565));
#7010 = CARTESIAN_POINT('',(58.549875392622,96.698114570082,
    73.520051510343));
#7011 = CARTESIAN_POINT('',(58.538699666387,96.574730664068,
    73.442256497745));
#7012 = CARTESIAN_POINT('',(58.514781352981,96.23374219705,
    73.254796501658));
#7013 = CARTESIAN_POINT('',(58.505519672764,96.00577525061,
    73.156064228681));
#7014 = CARTESIAN_POINT('',(58.500200416503,95.764129801793,
    73.078872804785));
#7015 = CARTESIAN_POINT('',(58.497193374583,95.51278229436,
    73.02630705799));
#7016 = CARTESIAN_POINT('',(58.495689014324,95.25644945681,73.));
#7017 = CARTESIAN_POINT('',(58.495689014324,95.,73.));
#7018 = ORIENTED_EDGE('',*,*,#7019,.F.);
#7019 = EDGE_CURVE('',#7020,#6993,#7022,.T.);
#7020 = VERTEX_POINT('',#7021);
#7021 = CARTESIAN_POINT('',(59.49,95.3180968311,78.983088065419));
#7022 = CIRCLE('',#7023,3.);
#7023 = AXIS2_PLACEMENT_3D('',#7024,#7025,#7026);
#7024 = CARTESIAN_POINT('',(59.49,95.,76.));
#7025 = DIRECTION('',(-1.,0.,0.));
#7026 = DIRECTION('',(-0.,-0.,-1.));
#7027 = ORIENTED_EDGE('',*,*,#7028,.F.);
#7028 = EDGE_CURVE('',#7029,#7020,#7031,.T.);
#7029 = VERTEX_POINT('',#7030);
#7030 = CARTESIAN_POINT('',(59.49,94.6819031689,78.983088065419));
#7031 = ELLIPSE('',#7032,4.242640687119,3.);
#7032 = AXIS2_PLACEMENT_3D('',#7033,#7034,#7035);
#7033 = CARTESIAN_POINT('',(62.473088065419,95.,76.));
#7034 = DIRECTION('',(-0.707106781187,-0.,-0.707106781187));
#7035 = DIRECTION('',(0.707106781187,0.,-0.707106781187));
#7036 = ORIENTED_EDGE('',*,*,#7037,.F.);
#7037 = EDGE_CURVE('',#7038,#7029,#7040,.T.);
#7038 = VERTEX_POINT('',#7039);
#7039 = CARTESIAN_POINT('',(59.49,92.029922302238,75.577343556473));
#7040 = CIRCLE('',#7041,3.);
#7041 = AXIS2_PLACEMENT_3D('',#7042,#7043,#7044);
#7042 = CARTESIAN_POINT('',(59.49,95.,76.));
#7043 = DIRECTION('',(-1.,0.,0.));
#7044 = DIRECTION('',(-0.,-0.,-1.));
#7045 = ORIENTED_EDGE('',*,*,#7046,.F.);
#7046 = EDGE_CURVE('',#6983,#7038,#7047,.T.);
#7047 = B_SPLINE_CURVE_WITH_KNOTS('',6,(#7048,#7049,#7050,#7051,#7052,
    #7053,#7054,#7055,#7056,#7057,#7058,#7059,#7060,#7061,#7062,#7063,
    #7064,#7065,#7066,#7067,#7068,#7069),.UNSPECIFIED.,.F.,.F.,(7,5,5,5,
    7),(0.,0.289894057526,0.46710560144,0.673204403799,1.),
  .UNSPECIFIED.);
#7048 = CARTESIAN_POINT('',(58.495689014324,95.,73.));
#7049 = CARTESIAN_POINT('',(58.495689014324,94.74355054319,73.));
#7050 = CARTESIAN_POINT('',(58.497193374583,94.48721770564,
    73.02630705799));
#7051 = CARTESIAN_POINT('',(58.500200416503,94.235870198207,
    73.078872804785));
#7052 = CARTESIAN_POINT('',(58.505519672764,93.99422474939,
    73.156064228681));
#7053 = CARTESIAN_POINT('',(58.514781352981,93.76625780295,
    73.254796501658));
#7054 = CARTESIAN_POINT('',(58.538687833796,93.425438025788,
    73.442163759712));
#7055 = CARTESIAN_POINT('',(58.549846285202,93.302206807331,
    73.519848890038));
#7056 = CARTESIAN_POINT('',(58.563471968745,93.185671165621,
    73.60324960572));
#7057 = CARTESIAN_POINT('',(58.579953851897,93.076243508983,
    73.691394254615));
#7058 = CARTESIAN_POINT('',(58.599627802088,92.974143821152,
    73.783281892826));
#7059 = CARTESIAN_POINT('',(58.649561301192,92.769256699091,
    73.988025948347));
#7060 = CARTESIAN_POINT('',(58.680997026231,92.669179730488,
    74.101749154674));
#7061 = CARTESIAN_POINT('',(58.717374325227,92.579120468373,
    74.21766973355));
#7062 = CARTESIAN_POINT('',(58.758872231845,92.498733660089,
    74.334464847437));
#7063 = CARTESIAN_POINT('',(58.805394168502,92.427512987343,
    74.450968351106));
#7064 = CARTESIAN_POINT('',(58.937628121316,92.26549122398,
    74.748729768735));
#7065 = CARTESIAN_POINT('',(59.030043187825,92.188007525803,
    74.927293752616));
#7066 = CARTESIAN_POINT('',(59.133066590117,92.128397212919,
    75.100050811115));
#7067 = CARTESIAN_POINT('',(59.24533102439,92.083690656941,
    75.266285185379));
#7068 = CARTESIAN_POINT('',(59.365011276806,92.051529038335,
    75.425509131857));
#7069 = CARTESIAN_POINT('',(59.4900006,92.029922198516,75.577344285344)
  );
#7070 = CYLINDRICAL_SURFACE('',#7071,3.);
#7071 = AXIS2_PLACEMENT_3D('',#7072,#7073,#7074);
#7072 = CARTESIAN_POINT('',(55.99,95.,76.));
#7073 = DIRECTION('',(1.,0.,0.));
#7074 = DIRECTION('',(-0.,-0.,-1.));
#7075 = ADVANCED_FACE('',(#7076),#7081,.F.);
#7076 = FACE_BOUND('',#7077,.T.);
#7077 = EDGE_LOOP('',(#7078,#7079,#7080));
#7078 = ORIENTED_EDGE('',*,*,#6891,.T.);
#7079 = ORIENTED_EDGE('',*,*,#6860,.T.);
#7080 = ORIENTED_EDGE('',*,*,#6909,.F.);
#7081 = PLANE('',#7082);
#7082 = AXIS2_PLACEMENT_3D('',#7083,#7084,#7085);
#7083 = CARTESIAN_POINT('',(53.852660556226,134.5,74.720932572581));
#7084 = DIRECTION('',(0.707106781187,0.,0.707106781187));
#7085 = DIRECTION('',(0.707106781187,0.,-0.707106781187));
#7086 = ADVANCED_FACE('',(#7087),#7178,.T.);
#7087 = FACE_BOUND('',#7088,.F.);
#7088 = EDGE_LOOP('',(#7089,#7097,#7098,#7099,#7126,#7135,#7144,#7153));
#7089 = ORIENTED_EDGE('',*,*,#7090,.F.);
#7090 = EDGE_CURVE('',#6918,#7091,#7093,.T.);
#7091 = VERTEX_POINT('',#7092);
#7092 = CARTESIAN_POINT('',(58.495689014324,134.5,73.));
#7093 = LINE('',#7094,#7095);
#7094 = CARTESIAN_POINT('',(55.99,134.5,73.));
#7095 = VECTOR('',#7096,1.);
#7096 = DIRECTION('',(1.,0.,0.));
#7097 = ORIENTED_EDGE('',*,*,#6917,.T.);
#7098 = ORIENTED_EDGE('',*,*,#7090,.T.);
#7099 = ORIENTED_EDGE('',*,*,#7100,.F.);
#7100 = EDGE_CURVE('',#7101,#7091,#7103,.T.);
#7101 = VERTEX_POINT('',#7102);
#7102 = CARTESIAN_POINT('',(59.49,137.47007769776,75.577343556471));
#7103 = B_SPLINE_CURVE_WITH_KNOTS('',6,(#7104,#7105,#7106,#7107,#7108,
    #7109,#7110,#7111,#7112,#7113,#7114,#7115,#7116,#7117,#7118,#7119,
    #7120,#7121,#7122,#7123,#7124,#7125),.UNSPECIFIED.,.F.,.F.,(7,5,5,5,
    7),(0.,0.327092176328,0.532664706765,0.710106875199,1.),
  .UNSPECIFIED.);
#7104 = CARTESIAN_POINT('',(59.4900006,137.47007780148,75.577344285344)
  );
#7105 = CARTESIAN_POINT('',(59.364897257005,137.44845125112,
    75.425370622314));
#7106 = CARTESIAN_POINT('',(59.245114039371,137.41625089615,
    75.265996338256));
#7107 = CARTESIAN_POINT('',(59.132762257552,137.37148135889,
    75.099599924798));
#7108 = CARTESIAN_POINT('',(59.029670951828,137.31177708323,
    74.92666954455));
#7109 = CARTESIAN_POINT('',(58.937210676291,137.23415851085,
    74.747922924138));
#7110 = CARTESIAN_POINT('',(58.805117848232,137.07204641227,
    74.45026186878));
#7111 = CARTESIAN_POINT('',(58.758738312295,137.00096456191,
    74.334055592615));
#7112 = CARTESIAN_POINT('',(58.717357486046,136.92076245747,
    74.217563974376));
#7113 = CARTESIAN_POINT('',(58.681070342433,136.8309379092,
    74.101943912713));
#7114 = CARTESIAN_POINT('',(58.649699377589,136.73114761273,
    73.988506925611));
#7115 = CARTESIAN_POINT('',(58.599756125185,136.5265217401,
    73.783881052983));
#7116 = CARTESIAN_POINT('',(58.580039836769,136.42432711542,
    73.691854001614));
#7117 = CARTESIAN_POINT('',(58.563525277627,136.31478461117,
    73.603575849565));
#7118 = CARTESIAN_POINT('',(58.549875392622,136.19811457008,
    73.520051510343));
#7119 = CARTESIAN_POINT('',(58.538699666387,136.07473066406,
    73.442256497745));
#7120 = CARTESIAN_POINT('',(58.514781352981,135.73374219705,
    73.254796501658));
#7121 = CARTESIAN_POINT('',(58.505519672764,135.50577525061,
    73.156064228681));
#7122 = CARTESIAN_POINT('',(58.500200416503,135.26412980179,
    73.078872804785));
#7123 = CARTESIAN_POINT('',(58.497193374583,135.01278229436,
    73.02630705799));
#7124 = CARTESIAN_POINT('',(58.495689014324,134.75644945681,73.));
#7125 = CARTESIAN_POINT('',(58.495689014324,134.5,73.));
#7126 = ORIENTED_EDGE('',*,*,#7127,.F.);
#7127 = EDGE_CURVE('',#7128,#7101,#7130,.T.);
#7128 = VERTEX_POINT('',#7129);
#7129 = CARTESIAN_POINT('',(59.49,134.8180968311,78.983088065419));
#7130 = CIRCLE('',#7131,3.);
#7131 = AXIS2_PLACEMENT_3D('',#7132,#7133,#7134);
#7132 = CARTESIAN_POINT('',(59.49,134.5,76.));
#7133 = DIRECTION('',(-1.,0.,0.));
#7134 = DIRECTION('',(-0.,-0.,-1.));
#7135 = ORIENTED_EDGE('',*,*,#7136,.F.);
#7136 = EDGE_CURVE('',#7137,#7128,#7139,.T.);
#7137 = VERTEX_POINT('',#7138);
#7138 = CARTESIAN_POINT('',(59.49,134.1819031689,78.983088065419));
#7139 = ELLIPSE('',#7140,4.242640687119,3.);
#7140 = AXIS2_PLACEMENT_3D('',#7141,#7142,#7143);
#7141 = CARTESIAN_POINT('',(62.473088065419,134.5,76.));
#7142 = DIRECTION('',(-0.707106781187,-0.,-0.707106781187));
#7143 = DIRECTION('',(0.707106781187,0.,-0.707106781187));
#7144 = ORIENTED_EDGE('',*,*,#7145,.F.);
#7145 = EDGE_CURVE('',#7146,#7137,#7148,.T.);
#7146 = VERTEX_POINT('',#7147);
#7147 = CARTESIAN_POINT('',(59.49,131.52992230223,75.577343556471));
#7148 = CIRCLE('',#7149,3.);
#7149 = AXIS2_PLACEMENT_3D('',#7150,#7151,#7152);
#7150 = CARTESIAN_POINT('',(59.49,134.5,76.));
#7151 = DIRECTION('',(-1.,0.,0.));
#7152 = DIRECTION('',(-0.,-0.,-1.));
#7153 = ORIENTED_EDGE('',*,*,#7154,.F.);
#7154 = EDGE_CURVE('',#7091,#7146,#7155,.T.);
#7155 = B_SPLINE_CURVE_WITH_KNOTS('',6,(#7156,#7157,#7158,#7159,#7160,
    #7161,#7162,#7163,#7164,#7165,#7166,#7167,#7168,#7169,#7170,#7171,
    #7172,#7173,#7174,#7175,#7176,#7177),.UNSPECIFIED.,.F.,.F.,(7,5,5,5,
    7),(0.,0.289894057526,0.46710560144,0.673204403799,1.),
  .UNSPECIFIED.);
#7156 = CARTESIAN_POINT('',(58.495689014324,134.5,73.));
#7157 = CARTESIAN_POINT('',(58.495689014324,134.24355054319,73.));
#7158 = CARTESIAN_POINT('',(58.497193374583,133.98721770564,
    73.02630705799));
#7159 = CARTESIAN_POINT('',(58.500200416503,133.7358701982,
    73.078872804785));
#7160 = CARTESIAN_POINT('',(58.505519672764,133.49422474939,
    73.156064228681));
#7161 = CARTESIAN_POINT('',(58.514781352981,133.26625780295,
    73.254796501658));
#7162 = CARTESIAN_POINT('',(58.538687833796,132.92543802578,
    73.442163759712));
#7163 = CARTESIAN_POINT('',(58.549846285202,132.80220680733,
    73.519848890038));
#7164 = CARTESIAN_POINT('',(58.563471968745,132.68567116562,
    73.60324960572));
#7165 = CARTESIAN_POINT('',(58.579953851897,132.57624350898,
    73.691394254615));
#7166 = CARTESIAN_POINT('',(58.599627802088,132.47414382115,
    73.783281892826));
#7167 = CARTESIAN_POINT('',(58.649561301192,132.26925669909,
    73.988025948347));
#7168 = CARTESIAN_POINT('',(58.680997026231,132.16917973048,
    74.101749154674));
#7169 = CARTESIAN_POINT('',(58.717374325227,132.07912046837,
    74.21766973355));
#7170 = CARTESIAN_POINT('',(58.758872231845,131.99873366008,
    74.334464847437));
#7171 = CARTESIAN_POINT('',(58.805394168502,131.92751298734,
    74.450968351106));
#7172 = CARTESIAN_POINT('',(58.937628121316,131.76549122398,
    74.748729768735));
#7173 = CARTESIAN_POINT('',(59.030043187825,131.6880075258,
    74.927293752616));
#7174 = CARTESIAN_POINT('',(59.133066590117,131.62839721292,
    75.100050811114));
#7175 = CARTESIAN_POINT('',(59.24533102439,131.58369065694,
    75.266285185379));
#7176 = CARTESIAN_POINT('',(59.365011276806,131.55152903833,
    75.425509131857));
#7177 = CARTESIAN_POINT('',(59.4900006,131.52992219851,75.577344285344)
  );
#7178 = CYLINDRICAL_SURFACE('',#7179,3.);
#7179 = AXIS2_PLACEMENT_3D('',#7180,#7181,#7182);
#7180 = CARTESIAN_POINT('',(55.99,134.5,76.));
#7181 = DIRECTION('',(1.,0.,0.));
#7182 = DIRECTION('',(-0.,-0.,-1.));
#7183 = ADVANCED_FACE('',(#7184),#7195,.T.);
#7184 = FACE_BOUND('',#7185,.F.);
#7185 = EDGE_LOOP('',(#7186,#7193,#7194));
#7186 = ORIENTED_EDGE('',*,*,#7187,.F.);
#7187 = EDGE_CURVE('',#6993,#7038,#7188,.T.);
#7188 = ELLIPSE('',#7189,6.363961030679,4.5);
#7189 = AXIS2_PLACEMENT_3D('',#7190,#7191,#7192);
#7190 = CARTESIAN_POINT('',(59.49,95.,80.358272016355));
#7191 = DIRECTION('',(-1.,0.,0.));
#7192 = DIRECTION('',(0.,0.,1.));
#7193 = ORIENTED_EDGE('',*,*,#6992,.T.);
#7194 = ORIENTED_EDGE('',*,*,#7046,.T.);
#7195 = CYLINDRICAL_SURFACE('',#7196,4.5);
#7196 = AXIS2_PLACEMENT_3D('',#7197,#7198,#7199);
#7197 = CARTESIAN_POINT('',(53.852660556226,95.,74.720932572581));
#7198 = DIRECTION('',(0.707106781187,0.,0.707106781187));
#7199 = DIRECTION('',(-0.707106781187,0.,0.707106781187));
#7200 = ADVANCED_FACE('',(#7201,#7212),#7223,.T.);
#7201 = FACE_BOUND('',#7202,.F.);
#7202 = EDGE_LOOP('',(#7203,#7204,#7205,#7206));
#7203 = ORIENTED_EDGE('',*,*,#7019,.T.);
#7204 = ORIENTED_EDGE('',*,*,#7187,.T.);
#7205 = ORIENTED_EDGE('',*,*,#7037,.T.);
#7206 = ORIENTED_EDGE('',*,*,#7207,.T.);
#7207 = EDGE_CURVE('',#7029,#7020,#7208,.T.);
#7208 = LINE('',#7209,#7210);
#7209 = CARTESIAN_POINT('',(59.49,95.,78.983088065419));
#7210 = VECTOR('',#7211,1.);
#7211 = DIRECTION('',(0.,1.,0.));
#7212 = FACE_BOUND('',#7213,.F.);
#7213 = EDGE_LOOP('',(#7214));
#7214 = ORIENTED_EDGE('',*,*,#7215,.F.);
#7215 = EDGE_CURVE('',#7216,#7216,#7218,.T.);
#7216 = VERTEX_POINT('',#7217);
#7217 = CARTESIAN_POINT('',(59.49,95.,74.2));
#7218 = CIRCLE('',#7219,1.8);
#7219 = AXIS2_PLACEMENT_3D('',#7220,#7221,#7222);
#7220 = CARTESIAN_POINT('',(59.49,95.,76.));
#7221 = DIRECTION('',(-1.,0.,0.));
#7222 = DIRECTION('',(-0.,-0.,-1.));
#7223 = PLANE('',#7224);
#7224 = AXIS2_PLACEMENT_3D('',#7225,#7226,#7227);
#7225 = CARTESIAN_POINT('',(59.49,95.,76.));
#7226 = DIRECTION('',(1.,0.,0.));
#7227 = DIRECTION('',(0.,0.,1.));
#7228 = ADVANCED_FACE('',(#7229),#7233,.T.);
#7229 = FACE_BOUND('',#7230,.F.);
#7230 = EDGE_LOOP('',(#7231,#7232));
#7231 = ORIENTED_EDGE('',*,*,#7207,.F.);
#7232 = ORIENTED_EDGE('',*,*,#7028,.T.);
#7233 = PLANE('',#7234);
#7234 = AXIS2_PLACEMENT_3D('',#7235,#7236,#7237);
#7235 = CARTESIAN_POINT('',(58.802408024532,95.,79.670680040887));
#7236 = DIRECTION('',(0.707106781187,0.,0.707106781187));
#7237 = DIRECTION('',(0.707106781187,0.,-0.707106781187));
#7238 = ADVANCED_FACE('',(#7239),#7250,.T.);
#7239 = FACE_BOUND('',#7240,.F.);
#7240 = EDGE_LOOP('',(#7241,#7248,#7249));
#7241 = ORIENTED_EDGE('',*,*,#7242,.F.);
#7242 = EDGE_CURVE('',#7101,#7146,#7243,.T.);
#7243 = ELLIPSE('',#7244,6.363961030679,4.5);
#7244 = AXIS2_PLACEMENT_3D('',#7245,#7246,#7247);
#7245 = CARTESIAN_POINT('',(59.49,134.5,80.358272016355));
#7246 = DIRECTION('',(-1.,0.,0.));
#7247 = DIRECTION('',(0.,0.,1.));
#7248 = ORIENTED_EDGE('',*,*,#7100,.T.);
#7249 = ORIENTED_EDGE('',*,*,#7154,.T.);
#7250 = CYLINDRICAL_SURFACE('',#7251,4.5);
#7251 = AXIS2_PLACEMENT_3D('',#7252,#7253,#7254);
#7252 = CARTESIAN_POINT('',(53.852660556226,134.5,74.720932572581));
#7253 = DIRECTION('',(0.707106781187,0.,0.707106781187));
#7254 = DIRECTION('',(-0.707106781187,0.,0.707106781187));
#7255 = ADVANCED_FACE('',(#7256,#7267),#7278,.T.);
#7256 = FACE_BOUND('',#7257,.F.);
#7257 = EDGE_LOOP('',(#7258,#7259,#7260,#7261));
#7258 = ORIENTED_EDGE('',*,*,#7127,.T.);
#7259 = ORIENTED_EDGE('',*,*,#7242,.T.);
#7260 = ORIENTED_EDGE('',*,*,#7145,.T.);
#7261 = ORIENTED_EDGE('',*,*,#7262,.T.);
#7262 = EDGE_CURVE('',#7137,#7128,#7263,.T.);
#7263 = LINE('',#7264,#7265);
#7264 = CARTESIAN_POINT('',(59.49,134.5,78.983088065419));
#7265 = VECTOR('',#7266,1.);
#7266 = DIRECTION('',(0.,1.,0.));
#7267 = FACE_BOUND('',#7268,.F.);
#7268 = EDGE_LOOP('',(#7269));
#7269 = ORIENTED_EDGE('',*,*,#7270,.F.);
#7270 = EDGE_CURVE('',#7271,#7271,#7273,.T.);
#7271 = VERTEX_POINT('',#7272);
#7272 = CARTESIAN_POINT('',(59.49,134.5,74.2));
#7273 = CIRCLE('',#7274,1.8);
#7274 = AXIS2_PLACEMENT_3D('',#7275,#7276,#7277);
#7275 = CARTESIAN_POINT('',(59.49,134.5,76.));
#7276 = DIRECTION('',(-1.,0.,0.));
#7277 = DIRECTION('',(-0.,-0.,-1.));
#7278 = PLANE('',#7279);
#7279 = AXIS2_PLACEMENT_3D('',#7280,#7281,#7282);
#7280 = CARTESIAN_POINT('',(59.49,134.5,76.));
#7281 = DIRECTION('',(1.,0.,0.));
#7282 = DIRECTION('',(0.,0.,1.));
#7283 = ADVANCED_FACE('',(#7284),#7288,.T.);
#7284 = FACE_BOUND('',#7285,.F.);
#7285 = EDGE_LOOP('',(#7286,#7287));
#7286 = ORIENTED_EDGE('',*,*,#7262,.F.);
#7287 = ORIENTED_EDGE('',*,*,#7136,.T.);
#7288 = PLANE('',#7289);
#7289 = AXIS2_PLACEMENT_3D('',#7290,#7291,#7292);
#7290 = CARTESIAN_POINT('',(58.802408024532,134.5,79.670680040887));
#7291 = DIRECTION('',(0.707106781187,0.,0.707106781187));
#7292 = DIRECTION('',(0.707106781187,0.,-0.707106781187));
#7293 = ADVANCED_FACE('',(#7294),#7411,.T.);
#7294 = FACE_BOUND('',#7295,.F.);
#7295 = EDGE_LOOP('',(#7296,#7304,#7305,#7306,#7355,#7364));
#7296 = ORIENTED_EDGE('',*,*,#7297,.F.);
#7297 = EDGE_CURVE('',#7216,#7298,#7300,.T.);
#7298 = VERTEX_POINT('',#7299);
#7299 = CARTESIAN_POINT('',(59.695689014324,95.,74.2));
#7300 = LINE('',#7301,#7302);
#7301 = CARTESIAN_POINT('',(55.8,95.,74.2));
#7302 = VECTOR('',#7303,1.);
#7303 = DIRECTION('',(1.,0.,0.));
#7304 = ORIENTED_EDGE('',*,*,#7215,.T.);
#7305 = ORIENTED_EDGE('',*,*,#7297,.T.);
#7306 = ORIENTED_EDGE('',*,*,#7307,.F.);
#7307 = EDGE_CURVE('',#7308,#7298,#7310,.T.);
#7308 = VERTEX_POINT('',#7309);
#7309 = CARTESIAN_POINT('',(61.9,96.601794835591,76.821129289339));
#7310 = B_SPLINE_CURVE_WITH_KNOTS('',8,(#7311,#7312,#7313,#7314,#7315,
    #7316,#7317,#7318,#7319,#7320,#7321,#7322,#7323,#7324,#7325,#7326,
    #7327,#7328,#7329,#7330,#7331,#7332,#7333,#7334,#7335,#7336,#7337,
    #7338,#7339,#7340,#7341,#7342,#7343,#7344,#7345,#7346,#7347,#7348,
    #7349,#7350,#7351,#7352,#7353,#7354),.UNSPECIFIED.,.F.,.F.,(9,7,7,7,
    7,7,9),(0.,0.100363070009,0.274774736923,0.669433750414,
    0.818703524119,0.883678315784,1.),.UNSPECIFIED.);
#7311 = CARTESIAN_POINT('',(62.0000006,96.559577981996,76.898730503584)
  );
#7312 = CARTESIAN_POINT('',(61.960262425134,96.577178191775,
    76.86818864533));
#7313 = CARTESIAN_POINT('',(61.920528522934,96.594016995387,
    76.837388008039));
#7314 = CARTESIAN_POINT('',(61.880814036984,96.610107123108,
    76.80633083251));
#7315 = CARTESIAN_POINT('',(61.84113233332,96.625459276892,
    76.77501798237));
#7316 = CARTESIAN_POINT('',(61.801495069325,96.640082144767,
    76.743448885915));
#7317 = CARTESIAN_POINT('',(61.761912262623,96.653982415231,
    76.711621477944));
#7318 = CARTESIAN_POINT('',(61.722392359971,96.667164791653,
    76.679532141595));
#7319 = CARTESIAN_POINT('',(61.614385718114,96.70129762283,
    76.590946306039));
#7320 = CARTESIAN_POINT('',(61.546052394827,96.720799631804,
    76.533920076449));
#7321 = CARTESIAN_POINT('',(61.477996780642,96.738147251809,
    76.476085398407));
#7322 = CARTESIAN_POINT('',(61.410270678822,96.753331035444,
    76.417425492809));
#7323 = CARTESIAN_POINT('',(61.342926097126,96.766322299573,
    76.35792114395));
#7324 = CARTESIAN_POINT('',(61.276018093383,96.777072555208,
    76.297553479019));
#7325 = CARTESIAN_POINT('',(61.20960762107,96.7855129374,76.236306747602
    ));
#7326 = CARTESIAN_POINT('',(60.994774166585,96.805222536093,
    76.033570455841));
#7327 = CARTESIAN_POINT('',(60.849157455446,96.806560794848,
    75.888862014949));
#7328 = CARTESIAN_POINT('',(60.707071725989,96.794718609377,
    75.739408113137));
#7329 = CARTESIAN_POINT('',(60.569158672913,96.76800583035,
    75.584849929861));
#7330 = CARTESIAN_POINT('',(60.43666683611,96.72396653437,
    75.425371896203));
#7331 = CARTESIAN_POINT('',(60.311309591853,96.659328872203,
    75.26188581878));
#7332 = CARTESIAN_POINT('',(60.195040325535,96.569838447029,
    75.096477504588));
#7333 = CARTESIAN_POINT('',(60.05022742721,96.405056252006,
    74.872327284761));
#7334 = CARTESIAN_POINT('',(60.012034164083,96.355471478997,
    74.811126263732));
#7335 = CARTESIAN_POINT('',(59.975578614844,96.301298268927,
    74.750599761993));
#7336 = CARTESIAN_POINT('',(59.941033345072,96.242319921005,
    74.691149727891));
#7337 = CARTESIAN_POINT('',(59.908553904598,96.178335550643,
    74.633228909274));
#7338 = CARTESIAN_POINT('',(59.87828183452,96.109169886633,
    74.577349683654));
#7339 = CARTESIAN_POINT('',(59.850350128591,96.034685007541,
    74.52409062323));
#7340 = CARTESIAN_POINT('',(59.813809254417,95.920018722122,
    74.452341006393));
#7341 = CARTESIAN_POINT('',(59.803201598905,95.884237034432,
    74.431211868507));
#7342 = CARTESIAN_POINT('',(59.793084426238,95.847462694383,
    74.410777758274));
#7343 = CARTESIAN_POINT('',(59.783472121625,95.809713379079,
    74.391102793477));
#7344 = CARTESIAN_POINT('',(59.774377509018,95.771010734494,
    74.372250512745));
#7345 = CARTESIAN_POINT('',(59.765812148436,95.731380407368,
    74.354283555763));
#7346 = CARTESIAN_POINT('',(59.757786633285,95.690852077108,
    74.337263343483));
#7347 = CARTESIAN_POINT('',(59.736927369261,95.575356045509,
    74.29258129868));
#7348 = CARTESIAN_POINT('',(59.725291379031,95.498402847011,
    74.267108193976));
#7349 = CARTESIAN_POINT('',(59.715497331455,95.418949593827,
    74.245250868807));
#7350 = CARTESIAN_POINT('',(59.707606766151,95.33740618135,
    74.227368794779));
#7351 = CARTESIAN_POINT('',(59.701659547675,95.254231966869,
    74.213747314959));
#7352 = CARTESIAN_POINT('',(59.697681576947,95.169923800435,
    74.204587637718));
#7353 = CARTESIAN_POINT('',(59.695689014324,95.085002818454,74.2));
#7354 = CARTESIAN_POINT('',(59.695689014324,95.,74.2));
#7355 = ORIENTED_EDGE('',*,*,#7356,.F.);
#7356 = EDGE_CURVE('',#7357,#7308,#7359,.T.);
#7357 = VERTEX_POINT('',#7358);
#7358 = CARTESIAN_POINT('',(61.9,93.398205164535,76.821129289318));
#7359 = CIRCLE('',#7360,1.8);
#7360 = AXIS2_PLACEMENT_3D('',#7361,#7362,#7363);
#7361 = CARTESIAN_POINT('',(61.9,95.,76.));
#7362 = DIRECTION('',(-1.,0.,0.));
#7363 = DIRECTION('',(-0.,-0.,-1.));
#7364 = ORIENTED_EDGE('',*,*,#7365,.F.);
#7365 = EDGE_CURVE('',#7298,#7357,#7366,.T.);
#7366 = B_SPLINE_CURVE_WITH_KNOTS('',8,(#7367,#7368,#7369,#7370,#7371,
    #7372,#7373,#7374,#7375,#7376,#7377,#7378,#7379,#7380,#7381,#7382,
    #7383,#7384,#7385,#7386,#7387,#7388,#7389,#7390,#7391,#7392,#7393,
    #7394,#7395,#7396,#7397,#7398,#7399,#7400,#7401,#7402,#7403,#7404,
    #7405,#7406,#7407,#7408,#7409,#7410),.UNSPECIFIED.,.F.,.F.,(9,7,7,7,
    7,7,9),(0.,0.101141182571,0.153605955032,0.258133796407,
    0.405721469846,0.900177372798,1.),.UNSPECIFIED.);
#7367 = CARTESIAN_POINT('',(59.695689014324,95.,74.2));
#7368 = CARTESIAN_POINT('',(59.695689014324,94.926262489112,74.2));
#7369 = CARTESIAN_POINT('',(59.697188391766,94.852566655423,
    74.203452215668));
#7370 = CARTESIAN_POINT('',(59.700184023811,94.779266155219,
    74.21034976457));
#7371 = CARTESIAN_POINT('',(59.704666643174,94.706710099734,
    74.220630256425));
#7372 = CARTESIAN_POINT('',(59.710620692593,94.635235464362,
    74.234177306986));
#7373 = CARTESIAN_POINT('',(59.718022476345,94.565159964671,
    74.250823616172));
#7374 = CARTESIAN_POINT('',(59.726836608794,94.496775399201,
    74.270355610484));
#7375 = CARTESIAN_POINT('',(59.742288378013,94.395880308196,
    74.304016759391));
#7376 = CARTESIAN_POINT('',(59.747933747718,94.361932352342,
    74.316225998256));
#7377 = CARTESIAN_POINT('',(59.753941965976,94.328521811864,
    74.329117032328));
#7378 = CARTESIAN_POINT('',(59.760307788584,94.295671025271,
    74.342658253817));
#7379 = CARTESIAN_POINT('',(59.767025504656,94.263400445696,
    74.356816915401));
#7380 = CARTESIAN_POINT('',(59.774088811008,94.231728637379,
    74.371559264548));
#7381 = CARTESIAN_POINT('',(59.781490686539,94.200672272136,
    74.38685067784));
#7382 = CARTESIAN_POINT('',(59.80462922124,94.109626795096,
    74.434145016203));
#7383 = CARTESIAN_POINT('',(59.821338488083,94.051545602791,
    74.467654528762));
#7384 = CARTESIAN_POINT('',(59.839306774736,93.996034433903,
    74.502941300525));
#7385 = CARTESIAN_POINT('',(59.858487861844,93.943105351056,
    74.539771943567));
#7386 = CARTESIAN_POINT('',(59.878831857195,93.892752908385,
    74.577922751991));
#7387 = CARTESIAN_POINT('',(59.900283449797,93.844956465407,
    74.617179739435));
#7388 = CARTESIAN_POINT('',(59.922780163961,93.799682500893,
    74.65733867658));
#7389 = CARTESIAN_POINT('',(59.979389621901,93.696461884553,
    74.755906354504));
#7390 = CARTESIAN_POINT('',(60.014479767335,93.640959788623,
    74.815034813185));
#7391 = CARTESIAN_POINT('',(60.051396821401,93.59012763736,
    74.875171516874));
#7392 = CARTESIAN_POINT('',(60.090016163117,93.543711002766,
    74.935966991109));
#7393 = CARTESIAN_POINT('',(60.130212678158,93.501458877226,
    74.997131057644));
#7394 = CARTESIAN_POINT('',(60.17186078667,93.463127699921,
    75.058423051499));
#7395 = CARTESIAN_POINT('',(60.214834599539,93.42848456287,
    75.119642472213));
#7396 = CARTESIAN_POINT('',(60.407000908287,93.292865602474,
    75.384910387865));
#7397 = CARTESIAN_POINT('',(60.569245041394,93.226792802439,
    75.587571047266));
#7398 = CARTESIAN_POINT('',(60.742182509556,93.19088917979,
    75.783473997102));
#7399 = CARTESIAN_POINT('',(60.922549590095,93.179380655671,
    75.971225312807));
#7400 = CARTESIAN_POINT('',(61.107865610987,93.18827867425,
    76.150681556705));
#7401 = CARTESIAN_POINT('',(61.296714045145,93.215122651222,
    76.322530106047));
#7402 = CARTESIAN_POINT('',(61.488746817295,93.258940154359,
    76.487925434824));
#7403 = CARTESIAN_POINT('',(61.723053154935,93.333055707331,
    76.680068656504));
#7404 = CARTESIAN_POINT('',(61.762479583337,93.346216870022,
    76.712077618739));
#7405 = CARTESIAN_POINT('',(61.801968465846,93.360092540898,
    76.743825905409));
#7406 = CARTESIAN_POINT('',(61.841511428241,93.374687415273,
    76.775317115788));
#7407 = CARTESIAN_POINT('',(61.881098537341,93.390008155922,
    76.806553309483));
#7408 = CARTESIAN_POINT('',(61.920718232973,93.406063407503,
    76.837535064148));
#7409 = CARTESIAN_POINT('',(61.960357259942,93.422863810973,
    76.868261533209));
#7410 = CARTESIAN_POINT('',(62.0000006,93.440422018004,76.898730503584)
  );
#7411 = CYLINDRICAL_SURFACE('',#7412,1.8);
#7412 = AXIS2_PLACEMENT_3D('',#7413,#7414,#7415);
#7413 = CARTESIAN_POINT('',(55.8,95.,76.));
#7414 = DIRECTION('',(1.,0.,0.));
#7415 = DIRECTION('',(-0.,-0.,-1.));
#7416 = ADVANCED_FACE('',(#7417),#7534,.T.);
#7417 = FACE_BOUND('',#7418,.F.);
#7418 = EDGE_LOOP('',(#7419,#7427,#7428,#7429,#7478,#7487));
#7419 = ORIENTED_EDGE('',*,*,#7420,.F.);
#7420 = EDGE_CURVE('',#7271,#7421,#7423,.T.);
#7421 = VERTEX_POINT('',#7422);
#7422 = CARTESIAN_POINT('',(59.695689014325,134.5,74.2));
#7423 = LINE('',#7424,#7425);
#7424 = CARTESIAN_POINT('',(55.8,134.5,74.2));
#7425 = VECTOR('',#7426,1.);
#7426 = DIRECTION('',(1.,0.,0.));
#7427 = ORIENTED_EDGE('',*,*,#7270,.T.);
#7428 = ORIENTED_EDGE('',*,*,#7420,.T.);
#7429 = ORIENTED_EDGE('',*,*,#7430,.F.);
#7430 = EDGE_CURVE('',#7431,#7421,#7433,.T.);
#7431 = VERTEX_POINT('',#7432);
#7432 = CARTESIAN_POINT('',(61.9,136.10179483559,76.821129289339));
#7433 = B_SPLINE_CURVE_WITH_KNOTS('',8,(#7434,#7435,#7436,#7437,#7438,
    #7439,#7440,#7441,#7442,#7443,#7444,#7445,#7446,#7447,#7448,#7449,
    #7450,#7451,#7452,#7453,#7454,#7455,#7456,#7457,#7458,#7459,#7460,
    #7461,#7462,#7463,#7464,#7465,#7466,#7467,#7468,#7469,#7470,#7471,
    #7472,#7473,#7474,#7475,#7476,#7477),.UNSPECIFIED.,.F.,.F.,(9,7,7,7,
    7,7,9),(0.,0.10036307001,0.274774736923,0.669433750414,
    0.818703524119,0.883678315784,1.),.UNSPECIFIED.);
#7434 = CARTESIAN_POINT('',(62.0000006,136.05957798199,76.898730503584)
  );
#7435 = CARTESIAN_POINT('',(61.960262425134,136.07717819177,
    76.86818864533));
#7436 = CARTESIAN_POINT('',(61.920528522934,136.09401699538,
    76.837388008039));
#7437 = CARTESIAN_POINT('',(61.880814036984,136.1101071231,
    76.80633083251));
#7438 = CARTESIAN_POINT('',(61.84113233332,136.12545927689,
    76.77501798237));
#7439 = CARTESIAN_POINT('',(61.801495069325,136.14008214476,
    76.743448885915));
#7440 = CARTESIAN_POINT('',(61.761912262623,136.15398241523,
    76.711621477944));
#7441 = CARTESIAN_POINT('',(61.722392359971,136.16716479165,
    76.679532141595));
#7442 = CARTESIAN_POINT('',(61.614385718114,136.20129762283,
    76.590946306038));
#7443 = CARTESIAN_POINT('',(61.546052394827,136.2207996318,
    76.533920076449));
#7444 = CARTESIAN_POINT('',(61.477996780642,136.2381472518,
    76.476085398407));
#7445 = CARTESIAN_POINT('',(61.410270678822,136.25333103544,
    76.417425492809));
#7446 = CARTESIAN_POINT('',(61.342926097126,136.26632229957,
    76.35792114395));
#7447 = CARTESIAN_POINT('',(61.276018093382,136.2770725552,
    76.297553479019));
#7448 = CARTESIAN_POINT('',(61.209607621069,136.2855129374,
    76.236306747602));
#7449 = CARTESIAN_POINT('',(60.994774166586,136.30522253609,
    76.033570455841));
#7450 = CARTESIAN_POINT('',(60.849157455445,136.30656079484,
    75.888862014948));
#7451 = CARTESIAN_POINT('',(60.70707172599,136.29471860937,
    75.739408113137));
#7452 = CARTESIAN_POINT('',(60.569158672912,136.26800583035,
    75.584849929863));
#7453 = CARTESIAN_POINT('',(60.43666683611,136.22396653436,
    75.425371896202));
#7454 = CARTESIAN_POINT('',(60.311309591853,136.1593288722,
    75.26188581878));
#7455 = CARTESIAN_POINT('',(60.195040325535,136.06983844702,
    75.096477504588));
#7456 = CARTESIAN_POINT('',(60.05022742721,135.905056252,74.872327284761
    ));
#7457 = CARTESIAN_POINT('',(60.012034164083,135.85547147899,
    74.811126263732));
#7458 = CARTESIAN_POINT('',(59.975578614844,135.80129826892,
    74.750599761993));
#7459 = CARTESIAN_POINT('',(59.941033345072,135.742319921,
    74.691149727891));
#7460 = CARTESIAN_POINT('',(59.908553904598,135.67833555064,
    74.633228909274));
#7461 = CARTESIAN_POINT('',(59.87828183452,135.60916988663,
    74.577349683654));
#7462 = CARTESIAN_POINT('',(59.850350128591,135.53468500754,
    74.52409062323));
#7463 = CARTESIAN_POINT('',(59.813809254417,135.42001872212,
    74.452341006393));
#7464 = CARTESIAN_POINT('',(59.803201598905,135.38423703443,
    74.431211868507));
#7465 = CARTESIAN_POINT('',(59.793084426238,135.34746269438,
    74.410777758274));
#7466 = CARTESIAN_POINT('',(59.783472121625,135.30971337907,
    74.391102793477));
#7467 = CARTESIAN_POINT('',(59.774377509018,135.27101073449,
    74.372250512745));
#7468 = CARTESIAN_POINT('',(59.765812148436,135.23138040736,
    74.354283555763));
#7469 = CARTESIAN_POINT('',(59.757786633285,135.1908520771,
    74.337263343483));
#7470 = CARTESIAN_POINT('',(59.736927369261,135.0753560455,
    74.29258129868));
#7471 = CARTESIAN_POINT('',(59.725291379031,134.99840284701,
    74.267108193976));
#7472 = CARTESIAN_POINT('',(59.715497331455,134.91894959382,
    74.245250868807));
#7473 = CARTESIAN_POINT('',(59.707606766151,134.83740618135,
    74.227368794779));
#7474 = CARTESIAN_POINT('',(59.701659547675,134.75423196686,
    74.213747314959));
#7475 = CARTESIAN_POINT('',(59.697681576947,134.66992380043,
    74.204587637718));
#7476 = CARTESIAN_POINT('',(59.695689014324,134.58500281845,74.2));
#7477 = CARTESIAN_POINT('',(59.695689014324,134.5,74.2));
#7478 = ORIENTED_EDGE('',*,*,#7479,.F.);
#7479 = EDGE_CURVE('',#7480,#7431,#7482,.T.);
#7480 = VERTEX_POINT('',#7481);
#7481 = CARTESIAN_POINT('',(61.9,132.89820516453,76.821129289318));
#7482 = CIRCLE('',#7483,1.8);
#7483 = AXIS2_PLACEMENT_3D('',#7484,#7485,#7486);
#7484 = CARTESIAN_POINT('',(61.9,134.5,76.));
#7485 = DIRECTION('',(-1.,0.,0.));
#7486 = DIRECTION('',(-0.,-0.,-1.));
#7487 = ORIENTED_EDGE('',*,*,#7488,.F.);
#7488 = EDGE_CURVE('',#7421,#7480,#7489,.T.);
#7489 = B_SPLINE_CURVE_WITH_KNOTS('',8,(#7490,#7491,#7492,#7493,#7494,
    #7495,#7496,#7497,#7498,#7499,#7500,#7501,#7502,#7503,#7504,#7505,
    #7506,#7507,#7508,#7509,#7510,#7511,#7512,#7513,#7514,#7515,#7516,
    #7517,#7518,#7519,#7520,#7521,#7522,#7523,#7524,#7525,#7526,#7527,
    #7528,#7529,#7530,#7531,#7532,#7533),.UNSPECIFIED.,.F.,.F.,(9,7,7,7,
    7,7,9),(0.,0.10114118257,0.153605955031,0.258133796406,
    0.405721469845,0.900177372798,1.),.UNSPECIFIED.);
#7490 = CARTESIAN_POINT('',(59.695689014324,134.5,74.2));
#7491 = CARTESIAN_POINT('',(59.695689014324,134.42626248911,74.2));
#7492 = CARTESIAN_POINT('',(59.697188391766,134.35256665542,
    74.203452215668));
#7493 = CARTESIAN_POINT('',(59.700184023811,134.27926615521,
    74.21034976457));
#7494 = CARTESIAN_POINT('',(59.704666643174,134.20671009973,
    74.220630256425));
#7495 = CARTESIAN_POINT('',(59.710620692593,134.13523546436,
    74.234177306986));
#7496 = CARTESIAN_POINT('',(59.718022476345,134.06515996467,
    74.250823616172));
#7497 = CARTESIAN_POINT('',(59.726836608794,133.9967753992,
    74.270355610484));
#7498 = CARTESIAN_POINT('',(59.742288378013,133.89588030819,
    74.304016759391));
#7499 = CARTESIAN_POINT('',(59.747933747718,133.86193235234,
    74.316225998256));
#7500 = CARTESIAN_POINT('',(59.753941965976,133.82852181186,
    74.329117032328));
#7501 = CARTESIAN_POINT('',(59.760307788584,133.79567102527,
    74.342658253817));
#7502 = CARTESIAN_POINT('',(59.767025504656,133.76340044569,
    74.356816915401));
#7503 = CARTESIAN_POINT('',(59.774088811008,133.73172863737,
    74.371559264548));
#7504 = CARTESIAN_POINT('',(59.781490686539,133.70067227213,
    74.38685067784));
#7505 = CARTESIAN_POINT('',(59.80462922124,133.60962679509,
    74.434145016203));
#7506 = CARTESIAN_POINT('',(59.821338488083,133.55154560279,
    74.467654528762));
#7507 = CARTESIAN_POINT('',(59.839306774736,133.4960344339,
    74.502941300525));
#7508 = CARTESIAN_POINT('',(59.858487861844,133.44310535105,
    74.539771943567));
#7509 = CARTESIAN_POINT('',(59.878831857195,133.39275290838,
    74.577922751991));
#7510 = CARTESIAN_POINT('',(59.900283449797,133.3449564654,
    74.617179739435));
#7511 = CARTESIAN_POINT('',(59.922780163961,133.29968250089,
    74.65733867658));
#7512 = CARTESIAN_POINT('',(59.979389621901,133.19646188455,
    74.755906354504));
#7513 = CARTESIAN_POINT('',(60.014479767335,133.14095978862,
    74.815034813185));
#7514 = CARTESIAN_POINT('',(60.051396821401,133.09012763736,
    74.875171516874));
#7515 = CARTESIAN_POINT('',(60.090016163117,133.04371100276,
    74.935966991109));
#7516 = CARTESIAN_POINT('',(60.130212678158,133.00145887722,
    74.997131057644));
#7517 = CARTESIAN_POINT('',(60.17186078667,132.96312769992,
    75.058423051499));
#7518 = CARTESIAN_POINT('',(60.214834599539,132.92848456287,
    75.119642472213));
#7519 = CARTESIAN_POINT('',(60.407000908288,132.79286560247,
    75.384910387866));
#7520 = CARTESIAN_POINT('',(60.569245041391,132.72679280243,
    75.587571047262));
#7521 = CARTESIAN_POINT('',(60.742182509566,132.69088917978,
    75.783473997113));
#7522 = CARTESIAN_POINT('',(60.922549590083,132.67938065567,
    75.971225312794));
#7523 = CARTESIAN_POINT('',(61.107865610996,132.68827867425,
    76.150681556714));
#7524 = CARTESIAN_POINT('',(61.296714045141,132.71512265122,
    76.322530106044));
#7525 = CARTESIAN_POINT('',(61.488746817296,132.75894015436,
    76.487925434825));
#7526 = CARTESIAN_POINT('',(61.723053154935,132.83305570733,
    76.680068656504));
#7527 = CARTESIAN_POINT('',(61.762479583337,132.84621687002,
    76.712077618739));
#7528 = CARTESIAN_POINT('',(61.801968465846,132.86009254089,
    76.743825905409));
#7529 = CARTESIAN_POINT('',(61.841511428241,132.87468741527,
    76.775317115788));
#7530 = CARTESIAN_POINT('',(61.881098537341,132.89000815592,
    76.806553309483));
#7531 = CARTESIAN_POINT('',(61.920718232973,132.9060634075,
    76.837535064148));
#7532 = CARTESIAN_POINT('',(61.960357259943,132.92286381097,
    76.868261533209));
#7533 = CARTESIAN_POINT('',(62.0000006,132.940422018,76.898730503584));
#7534 = CYLINDRICAL_SURFACE('',#7535,1.8);
#7535 = AXIS2_PLACEMENT_3D('',#7536,#7537,#7538);
#7536 = CARTESIAN_POINT('',(55.8,134.5,76.));
#7537 = DIRECTION('',(1.,0.,0.));
#7538 = DIRECTION('',(-0.,-0.,-1.));
#7539 = ADVANCED_FACE('',(#7540),#7551,.T.);
#7540 = FACE_BOUND('',#7541,.F.);
#7541 = EDGE_LOOP('',(#7542,#7543,#7550));
#7542 = ORIENTED_EDGE('',*,*,#7365,.T.);
#7543 = ORIENTED_EDGE('',*,*,#7544,.F.);
#7544 = EDGE_CURVE('',#7308,#7357,#7545,.T.);
#7545 = ELLIPSE('',#7546,6.363961030679,4.5);
#7546 = AXIS2_PLACEMENT_3D('',#7547,#7548,#7549);
#7547 = CARTESIAN_POINT('',(61.9,95.,82.768272016355));
#7548 = DIRECTION('',(-1.,0.,0.));
#7549 = DIRECTION('',(0.,0.,1.));
#7550 = ORIENTED_EDGE('',*,*,#7307,.T.);
#7551 = CYLINDRICAL_SURFACE('',#7552,4.5);
#7552 = AXIS2_PLACEMENT_3D('',#7553,#7554,#7555);
#7553 = CARTESIAN_POINT('',(53.852660556226,95.,74.720932572581));
#7554 = DIRECTION('',(0.707106781187,0.,0.707106781187));
#7555 = DIRECTION('',(-0.707106781187,0.,0.707106781187));
#7556 = ADVANCED_FACE('',(#7557),#7561,.T.);
#7557 = FACE_BOUND('',#7558,.F.);
#7558 = EDGE_LOOP('',(#7559,#7560));
#7559 = ORIENTED_EDGE('',*,*,#7544,.T.);
#7560 = ORIENTED_EDGE('',*,*,#7356,.T.);
#7561 = PLANE('',#7562);
#7562 = AXIS2_PLACEMENT_3D('',#7563,#7564,#7565);
#7563 = CARTESIAN_POINT('',(61.9,95.,76.));
#7564 = DIRECTION('',(1.,0.,0.));
#7565 = DIRECTION('',(0.,0.,1.));
#7566 = ADVANCED_FACE('',(#7567),#7578,.T.);
#7567 = FACE_BOUND('',#7568,.F.);
#7568 = EDGE_LOOP('',(#7569,#7570,#7577));
#7569 = ORIENTED_EDGE('',*,*,#7488,.T.);
#7570 = ORIENTED_EDGE('',*,*,#7571,.F.);
#7571 = EDGE_CURVE('',#7431,#7480,#7572,.T.);
#7572 = ELLIPSE('',#7573,6.363961030679,4.5);
#7573 = AXIS2_PLACEMENT_3D('',#7574,#7575,#7576);
#7574 = CARTESIAN_POINT('',(61.9,134.5,82.768272016355));
#7575 = DIRECTION('',(-1.,0.,0.));
#7576 = DIRECTION('',(0.,0.,1.));
#7577 = ORIENTED_EDGE('',*,*,#7430,.T.);
#7578 = CYLINDRICAL_SURFACE('',#7579,4.5);
#7579 = AXIS2_PLACEMENT_3D('',#7580,#7581,#7582);
#7580 = CARTESIAN_POINT('',(53.852660556226,134.5,74.720932572581));
#7581 = DIRECTION('',(0.707106781187,0.,0.707106781187));
#7582 = DIRECTION('',(-0.707106781187,0.,0.707106781187));
#7583 = ADVANCED_FACE('',(#7584),#7588,.T.);
#7584 = FACE_BOUND('',#7585,.F.);
#7585 = EDGE_LOOP('',(#7586,#7587));
#7586 = ORIENTED_EDGE('',*,*,#7571,.T.);
#7587 = ORIENTED_EDGE('',*,*,#7479,.T.);
#7588 = PLANE('',#7589);
#7589 = AXIS2_PLACEMENT_3D('',#7590,#7591,#7592);
#7590 = CARTESIAN_POINT('',(61.9,134.5,76.));
#7591 = DIRECTION('',(1.,0.,0.));
#7592 = DIRECTION('',(0.,0.,1.));
#7593 = ( GEOMETRIC_REPRESENTATION_CONTEXT(3)
GLOBAL_UNCERTAINTY_ASSIGNED_CONTEXT((#7597))
GLOBAL_UNIT_ASSIGNED_CONTEXT((#7594,#7595,#7596)) REPRESENTATION_CONTEXT
('Context #1','3D Context with UNIT and UNCERTAINTY') );
#7594 = ( LENGTH_UNIT() NAMED_UNIT(*) SI_UNIT(.MILLI.,.METRE.) );
#7595 = ( NAMED_UNIT(*) PLANE_ANGLE_UNIT() SI_UNIT($,.RADIAN.) );
#7596 = ( NAMED_UNIT(*) SI_UNIT($,.STERADIAN.) SOLID_ANGLE_UNIT() );
#7597 = UNCERTAINTY_MEASURE_WITH_UNIT(LENGTH_MEASURE(2.E-07),#7594,
  'distance_accuracy_value','confusion accuracy');
#7598 = PRODUCT_RELATED_PRODUCT_CATEGORY('part',$,(#7));
ENDSEC;
END-ISO-10303-21;
