ISO-10303-21;
HEADER;
FILE_DESCRIPTION(('FreeCAD Model'),'2;1');
FILE_NAME('Open CASCADE Shape Model','2026-10-03T15:05:27',('FreeCAD'),(
    'FreeCAD'),'Open CASCADE STEP processor 7.8','FreeCAD','Unknown');
FILE_SCHEMA(('AUTOMOTIVE_DESIGN { 1 0 10303 214 1 1 1 1 }'));
ENDSEC;
DATA;
#1 = APPLICATION_PROTOCOL_DEFINITION('international standard',
  'automotive_design',2000,#2);
#2 = APPLICATION_CONTEXT(
  'core data for automotive mechanical design processes');
#3 = SHAPE_DEFINITION_REPRESENTATION(#4,#10);
#4 = PRODUCT_DEFINITION_SHAPE('','',#5);
#5 = PRODUCT_DEFINITION('design','',#6,#9);
#6 = PRODUCT_DEFINITION_FORMATION('','',#7);
#7 = PRODUCT('Open CASCADE STEP translator 7.8 1',
  'Open CASCADE STEP translator 7.8 1','',(#8));
#8 = PRODUCT_CONTEXT('',#2,'mechanical');
#9 = PRODUCT_DEFINITION_CONTEXT('part definition',#2,'design');
#10 = SHAPE_REPRESENTATION('',(#11,#15,#3937,#4745),#5553);
#11 = AXIS2_PLACEMENT_3D('',#12,#13,#14);
#12 = CARTESIAN_POINT('',(0.,0.,0.));
#13 = DIRECTION('',(0.,0.,1.));
#14 = DIRECTION('',(1.,0.,-0.));
#15 = MANIFOLD_SOLID_BREP('',#16);
#16 = CLOSED_SHELL('',(#17,#82,#129,#154,#194,#218,#282,#313,#353,#370,
    #396,#420,#469,#486,#510,#535,#559,#614,#626,#650,#667,#691,#732,
    #744,#761,#778,#809,#1011,#1035,#1100,#1117,#1134,#1151,#1184,#1208,
    #1232,#1256,#1280,#1304,#1344,#1368,#1392,#1416,#1480,#1504,#1552,
    #1576,#1600,#1624,#1664,#1688,#1719,#1731,#1748,#1871,#1888,#1911,
    #1928,#1945,#1969,#2033,#2057,#2099,#2117,#2148,#2180,#2212,#2300,
    #2332,#2364,#2388,#2420,#2452,#2540,#2572,#2597,#2614,#2647,#2696,
    #2745,#2764,#2781,#2902,#2928,#2954,#2978,#3003,#3027,#3060,#3084,
    #3109,#3126,#3138,#3164,#3188,#3222,#3246,#3279,#3303,#3337,#3361,
    #3380,#3406,#3431,#3455,#3486,#3503,#3520,#3544,#3575,#3606,#3637,
    #3668,#3692,#3709,#3721,#3741,#3761,#3781,#3801,#3826,#3851,#3876,
    #3901,#3910,#3919,#3928));
#17 = ADVANCED_FACE('',(#18),#77,.T.);
#18 = FACE_BOUND('',#19,.T.);
#19 = EDGE_LOOP('',(#20,#30,#39,#47,#55,#63,#71));
#20 = ORIENTED_EDGE('',*,*,#21,.F.);
#21 = EDGE_CURVE('',#22,#24,#26,.T.);
#22 = VERTEX_POINT('',#23);
#23 = CARTESIAN_POINT('',(49.4,136.95,18.));
#24 = VERTEX_POINT('',#25);
#25 = CARTESIAN_POINT('',(50.3,136.95,18.));
#26 = LINE('',#27,#28);
#27 = CARTESIAN_POINT('',(45.7,136.95,18.));
#28 = VECTOR('',#29,1.);
#29 = DIRECTION('',(1.,0.,0.));
#30 = ORIENTED_EDGE('',*,*,#31,.T.);
#31 = EDGE_CURVE('',#22,#32,#34,.T.);
#32 = VERTEX_POINT('',#33);
#33 = CARTESIAN_POINT('',(48.7,136.95,17.3));
#34 = CIRCLE('',#35,0.7);
#35 = AXIS2_PLACEMENT_3D('',#36,#37,#38);
#36 = CARTESIAN_POINT('',(49.4,136.95,17.3));
#37 = DIRECTION('',(0.,-1.,0.));
#38 = DIRECTION('',(0.,0.,1.));
#39 = ORIENTED_EDGE('',*,*,#40,.F.);
#40 = EDGE_CURVE('',#41,#32,#43,.T.);
#41 = VERTEX_POINT('',#42);
#42 = CARTESIAN_POINT('',(48.7,136.95,6.8));
#43 = LINE('',#44,#45);
#44 = CARTESIAN_POINT('',(48.7,136.95,6.2));
#45 = VECTOR('',#46,1.);
#46 = DIRECTION('',(0.,0.,1.));
#47 = ORIENTED_EDGE('',*,*,#48,.F.);
#48 = EDGE_CURVE('',#49,#41,#51,.T.);
#49 = VERTEX_POINT('',#50);
#50 = CARTESIAN_POINT('',(45.7,136.95,6.8));
#51 = LINE('',#52,#53);
#52 = CARTESIAN_POINT('',(45.7,136.95,6.8));
#53 = VECTOR('',#54,1.);
#54 = DIRECTION('',(1.,0.,0.));
#55 = ORIENTED_EDGE('',*,*,#56,.T.);
#56 = EDGE_CURVE('',#49,#57,#59,.T.);
#57 = VERTEX_POINT('',#58);
#58 = CARTESIAN_POINT('',(45.7,136.95,40.));
#59 = LINE('',#60,#61);
#60 = CARTESIAN_POINT('',(45.7,136.95,18.));
#61 = VECTOR('',#62,1.);
#62 = DIRECTION('',(0.,0.,1.));
#63 = ORIENTED_EDGE('',*,*,#64,.T.);
#64 = EDGE_CURVE('',#57,#65,#67,.T.);
#65 = VERTEX_POINT('',#66);
#66 = CARTESIAN_POINT('',(50.3,136.95,40.));
#67 = LINE('',#68,#69);
#68 = CARTESIAN_POINT('',(45.7,136.95,40.));
#69 = VECTOR('',#70,1.);
#70 = DIRECTION('',(1.,0.,0.));
#71 = ORIENTED_EDGE('',*,*,#72,.F.);
#72 = EDGE_CURVE('',#24,#65,#73,.T.);
#73 = LINE('',#74,#75);
#74 = CARTESIAN_POINT('',(50.3,136.95,18.));
#75 = VECTOR('',#76,1.);
#76 = DIRECTION('',(0.,0.,1.));
#77 = PLANE('',#78);
#78 = AXIS2_PLACEMENT_3D('',#79,#80,#81);
#79 = CARTESIAN_POINT('',(47.762962962963,136.95,23.637037037037));
#80 = DIRECTION('',(0.,1.,0.));
#81 = DIRECTION('',(0.,0.,1.));
#82 = ADVANCED_FACE('',(#83),#124,.F.);
#83 = FACE_BOUND('',#84,.F.);
#84 = EDGE_LOOP('',(#85,#95,#103,#109,#110,#118));
#85 = ORIENTED_EDGE('',*,*,#86,.F.);
#86 = EDGE_CURVE('',#87,#89,#91,.T.);
#87 = VERTEX_POINT('',#88);
#88 = CARTESIAN_POINT('',(45.7,127.4,18.));
#89 = VERTEX_POINT('',#90);
#90 = CARTESIAN_POINT('',(45.7,128.15,18.));
#91 = LINE('',#92,#93);
#92 = CARTESIAN_POINT('',(45.7,127.4,18.));
#93 = VECTOR('',#94,1.);
#94 = DIRECTION('',(0.,1.,0.));
#95 = ORIENTED_EDGE('',*,*,#96,.T.);
#96 = EDGE_CURVE('',#87,#97,#99,.T.);
#97 = VERTEX_POINT('',#98);
#98 = CARTESIAN_POINT('',(50.3,127.4,18.));
#99 = LINE('',#100,#101);
#100 = CARTESIAN_POINT('',(45.7,127.4,18.));
#101 = VECTOR('',#102,1.);
#102 = DIRECTION('',(1.,0.,0.));
#103 = ORIENTED_EDGE('',*,*,#104,.T.);
#104 = EDGE_CURVE('',#97,#24,#105,.T.);
#105 = LINE('',#106,#107);
#106 = CARTESIAN_POINT('',(50.3,127.4,18.));
#107 = VECTOR('',#108,1.);
#108 = DIRECTION('',(0.,1.,0.));
#109 = ORIENTED_EDGE('',*,*,#21,.F.);
#110 = ORIENTED_EDGE('',*,*,#111,.F.);
#111 = EDGE_CURVE('',#112,#22,#114,.T.);
#112 = VERTEX_POINT('',#113);
#113 = CARTESIAN_POINT('',(49.4,128.15,18.));
#114 = LINE('',#115,#116);
#115 = CARTESIAN_POINT('',(49.4,128.85,18.));
#116 = VECTOR('',#117,1.);
#117 = DIRECTION('',(0.,1.,0.));
#118 = ORIENTED_EDGE('',*,*,#119,.T.);
#119 = EDGE_CURVE('',#112,#89,#120,.T.);
#120 = LINE('',#121,#122);
#121 = CARTESIAN_POINT('',(48.7,128.15,18.));
#122 = VECTOR('',#123,1.);
#123 = DIRECTION('',(-1.,0.,0.));
#124 = PLANE('',#125);
#125 = AXIS2_PLACEMENT_3D('',#126,#127,#128);
#126 = CARTESIAN_POINT('',(45.7,127.4,18.));
#127 = DIRECTION('',(0.,0.,1.));
#128 = DIRECTION('',(1.,0.,0.));
#129 = ADVANCED_FACE('',(#130),#149,.F.);
#130 = FACE_BOUND('',#131,.T.);
#131 = EDGE_LOOP('',(#132,#141,#147,#148));
#132 = ORIENTED_EDGE('',*,*,#133,.T.);
#133 = EDGE_CURVE('',#112,#134,#136,.T.);
#134 = VERTEX_POINT('',#135);
#135 = CARTESIAN_POINT('',(48.7,128.85,17.3));
#136 = ELLIPSE('',#137,0.989949493661,0.7);
#137 = AXIS2_PLACEMENT_3D('',#138,#139,#140);
#138 = CARTESIAN_POINT('',(49.4,128.15,17.3));
#139 = DIRECTION('',(-0.707106781187,-0.707106781187,-0.));
#140 = DIRECTION('',(-0.707106781187,0.707106781187,0.));
#141 = ORIENTED_EDGE('',*,*,#142,.T.);
#142 = EDGE_CURVE('',#134,#32,#143,.T.);
#143 = LINE('',#144,#145);
#144 = CARTESIAN_POINT('',(48.7,128.85,17.3));
#145 = VECTOR('',#146,1.);
#146 = DIRECTION('',(0.,1.,0.));
#147 = ORIENTED_EDGE('',*,*,#31,.F.);
#148 = ORIENTED_EDGE('',*,*,#111,.F.);
#149 = CYLINDRICAL_SURFACE('',#150,0.7);
#150 = AXIS2_PLACEMENT_3D('',#151,#152,#153);
#151 = CARTESIAN_POINT('',(49.4,128.85,17.3));
#152 = DIRECTION('',(0.,1.,0.));
#153 = DIRECTION('',(0.,0.,1.));
#154 = ADVANCED_FACE('',(#155),#189,.T.);
#155 = FACE_BOUND('',#156,.T.);
#156 = EDGE_LOOP('',(#157,#165,#166,#167,#175,#183));
#157 = ORIENTED_EDGE('',*,*,#158,.F.);
#158 = EDGE_CURVE('',#97,#159,#161,.T.);
#159 = VERTEX_POINT('',#160);
#160 = CARTESIAN_POINT('',(50.3,127.4,20.));
#161 = LINE('',#162,#163);
#162 = CARTESIAN_POINT('',(50.3,127.4,18.));
#163 = VECTOR('',#164,1.);
#164 = DIRECTION('',(0.,0.,1.));
#165 = ORIENTED_EDGE('',*,*,#104,.T.);
#166 = ORIENTED_EDGE('',*,*,#72,.T.);
#167 = ORIENTED_EDGE('',*,*,#168,.F.);
#168 = EDGE_CURVE('',#169,#65,#171,.T.);
#169 = VERTEX_POINT('',#170);
#170 = CARTESIAN_POINT('',(50.3,128.5,40.));
#171 = LINE('',#172,#173);
#172 = CARTESIAN_POINT('',(50.3,127.4,40.));
#173 = VECTOR('',#174,1.);
#174 = DIRECTION('',(0.,1.,0.));
#175 = ORIENTED_EDGE('',*,*,#176,.F.);
#176 = EDGE_CURVE('',#177,#169,#179,.T.);
#177 = VERTEX_POINT('',#178);
#178 = CARTESIAN_POINT('',(50.3,128.5,20.));
#179 = LINE('',#180,#181);
#180 = CARTESIAN_POINT('',(50.3,128.5,20.));
#181 = VECTOR('',#182,1.);
#182 = DIRECTION('',(0.,0.,1.));
#183 = ORIENTED_EDGE('',*,*,#184,.F.);
#184 = EDGE_CURVE('',#159,#177,#185,.T.);
#185 = LINE('',#186,#187);
#186 = CARTESIAN_POINT('',(50.3,127.84134337856,20.));
#187 = VECTOR('',#188,1.);
#188 = DIRECTION('',(0.,1.,0.));
#189 = PLANE('',#190);
#190 = AXIS2_PLACEMENT_3D('',#191,#192,#193);
#191 = CARTESIAN_POINT('',(50.3,132.52365293185,28.651347068146));
#192 = DIRECTION('',(1.,0.,0.));
#193 = DIRECTION('',(0.,0.,1.));
#194 = ADVANCED_FACE('',(#195),#213,.T.);
#195 = FACE_BOUND('',#196,.T.);
#196 = EDGE_LOOP('',(#197,#205,#211,#212));
#197 = ORIENTED_EDGE('',*,*,#198,.F.);
#198 = EDGE_CURVE('',#199,#134,#201,.T.);
#199 = VERTEX_POINT('',#200);
#200 = CARTESIAN_POINT('',(48.7,128.85,6.8));
#201 = LINE('',#202,#203);
#202 = CARTESIAN_POINT('',(48.7,128.85,6.2));
#203 = VECTOR('',#204,1.);
#204 = DIRECTION('',(0.,0.,1.));
#205 = ORIENTED_EDGE('',*,*,#206,.T.);
#206 = EDGE_CURVE('',#199,#41,#207,.T.);
#207 = LINE('',#208,#209);
#208 = CARTESIAN_POINT('',(48.7,128.85,6.8));
#209 = VECTOR('',#210,1.);
#210 = DIRECTION('',(0.,1.,0.));
#211 = ORIENTED_EDGE('',*,*,#40,.T.);
#212 = ORIENTED_EDGE('',*,*,#142,.F.);
#213 = PLANE('',#214);
#214 = AXIS2_PLACEMENT_3D('',#215,#216,#217);
#215 = CARTESIAN_POINT('',(48.7,128.85,6.2));
#216 = DIRECTION('',(1.,0.,0.));
#217 = DIRECTION('',(0.,0.,1.));
#218 = ADVANCED_FACE('',(#219),#277,.T.);
#219 = FACE_BOUND('',#220,.T.);
#220 = EDGE_LOOP('',(#221,#222,#230,#238,#246,#254,#262,#270,#276));
#221 = ORIENTED_EDGE('',*,*,#64,.F.);
#222 = ORIENTED_EDGE('',*,*,#223,.F.);
#223 = EDGE_CURVE('',#224,#57,#226,.T.);
#224 = VERTEX_POINT('',#225);
#225 = CARTESIAN_POINT('',(45.7,127.4,40.));
#226 = LINE('',#227,#228);
#227 = CARTESIAN_POINT('',(45.7,127.4,40.));
#228 = VECTOR('',#229,1.);
#229 = DIRECTION('',(0.,1.,0.));
#230 = ORIENTED_EDGE('',*,*,#231,.T.);
#231 = EDGE_CURVE('',#224,#232,#234,.T.);
#232 = VERTEX_POINT('',#233);
#233 = CARTESIAN_POINT('',(46.3,127.4,40.));
#234 = LINE('',#235,#236);
#235 = CARTESIAN_POINT('',(45.7,127.4,40.));
#236 = VECTOR('',#237,1.);
#237 = DIRECTION('',(1.,0.,0.));
#238 = ORIENTED_EDGE('',*,*,#239,.F.);
#239 = EDGE_CURVE('',#240,#232,#242,.T.);
#240 = VERTEX_POINT('',#241);
#241 = CARTESIAN_POINT('',(49.9,123.,40.));
#242 = LINE('',#243,#244);
#243 = CARTESIAN_POINT('',(49.9,123.,40.));
#244 = VECTOR('',#245,1.);
#245 = DIRECTION('',(-0.633237790257,0.773957299203,0.));
#246 = ORIENTED_EDGE('',*,*,#247,.T.);
#247 = EDGE_CURVE('',#240,#248,#250,.T.);
#248 = VERTEX_POINT('',#249);
#249 = CARTESIAN_POINT('',(54.,123.,40.));
#250 = LINE('',#251,#252);
#251 = CARTESIAN_POINT('',(49.9,123.,40.));
#252 = VECTOR('',#253,1.);
#253 = DIRECTION('',(1.,0.,0.));
#254 = ORIENTED_EDGE('',*,*,#255,.T.);
#255 = EDGE_CURVE('',#248,#256,#258,.T.);
#256 = VERTEX_POINT('',#257);
#257 = CARTESIAN_POINT('',(54.,127.,40.));
#258 = LINE('',#259,#260);
#259 = CARTESIAN_POINT('',(54.,123.,40.));
#260 = VECTOR('',#261,1.);
#261 = DIRECTION('',(0.,1.,0.));
#262 = ORIENTED_EDGE('',*,*,#263,.F.);
#263 = EDGE_CURVE('',#264,#256,#266,.T.);
#264 = VERTEX_POINT('',#265);
#265 = CARTESIAN_POINT('',(52.52,127.,40.));
#266 = LINE('',#267,#268);
#267 = CARTESIAN_POINT('',(49.9,127.,40.));
#268 = VECTOR('',#269,1.);
#269 = DIRECTION('',(1.,0.,0.));
#270 = ORIENTED_EDGE('',*,*,#271,.F.);
#271 = EDGE_CURVE('',#169,#264,#272,.T.);
#272 = LINE('',#273,#274);
#273 = CARTESIAN_POINT('',(50.3,128.5,40.));
#274 = VECTOR('',#275,1.);
#275 = DIRECTION('',(0.828588968691,-0.559857411278,0.));
#276 = ORIENTED_EDGE('',*,*,#168,.T.);
#277 = PLANE('',#278);
#278 = AXIS2_PLACEMENT_3D('',#279,#280,#281);
#279 = CARTESIAN_POINT('',(49.311348913771,129.702288255,40.));
#280 = DIRECTION('',(0.,0.,1.));
#281 = DIRECTION('',(1.,0.,0.));
#282 = ADVANCED_FACE('',(#283),#308,.F.);
#283 = FACE_BOUND('',#284,.T.);
#284 = EDGE_LOOP('',(#285,#293,#294,#302));
#285 = ORIENTED_EDGE('',*,*,#286,.F.);
#286 = EDGE_CURVE('',#49,#287,#289,.T.);
#287 = VERTEX_POINT('',#288);
#288 = CARTESIAN_POINT('',(46.3,136.35,6.2));
#289 = LINE('',#290,#291);
#290 = CARTESIAN_POINT('',(47.25,135.4,5.25));
#291 = VECTOR('',#292,1.);
#292 = DIRECTION('',(0.57735026919,-0.57735026919,-0.57735026919));
#293 = ORIENTED_EDGE('',*,*,#48,.T.);
#294 = ORIENTED_EDGE('',*,*,#295,.T.);
#295 = EDGE_CURVE('',#41,#296,#298,.T.);
#296 = VERTEX_POINT('',#297);
#297 = CARTESIAN_POINT('',(48.1,136.35,6.2));
#298 = LINE('',#299,#300);
#299 = CARTESIAN_POINT('',(46.65,134.9,4.75));
#300 = VECTOR('',#301,1.);
#301 = DIRECTION('',(-0.57735026919,-0.57735026919,-0.57735026919));
#302 = ORIENTED_EDGE('',*,*,#303,.F.);
#303 = EDGE_CURVE('',#287,#296,#304,.T.);
#304 = LINE('',#305,#306);
#305 = CARTESIAN_POINT('',(45.7,136.35,6.2));
#306 = VECTOR('',#307,1.);
#307 = DIRECTION('',(1.,0.,0.));
#308 = PLANE('',#309);
#309 = AXIS2_PLACEMENT_3D('',#310,#311,#312);
#310 = CARTESIAN_POINT('',(45.7,136.65,6.5));
#311 = DIRECTION('',(-6.963829119075E-18,-0.707106781187,0.707106781187)
  );
#312 = DIRECTION('',(-1.,4.924170793122E-18,-4.924170793122E-18));
#313 = ADVANCED_FACE('',(#314),#348,.T.);
#314 = FACE_BOUND('',#315,.T.);
#315 = EDGE_LOOP('',(#316,#326,#333,#334,#340,#341,#342));
#316 = ORIENTED_EDGE('',*,*,#317,.T.);
#317 = EDGE_CURVE('',#318,#320,#322,.T.);
#318 = VERTEX_POINT('',#319);
#319 = CARTESIAN_POINT('',(45.7,128.85,6.8));
#320 = VERTEX_POINT('',#321);
#321 = CARTESIAN_POINT('',(45.7,128.85,17.3));
#322 = LINE('',#323,#324);
#323 = CARTESIAN_POINT('',(45.7,128.85,6.2));
#324 = VECTOR('',#325,1.);
#325 = DIRECTION('',(0.,0.,1.));
#326 = ORIENTED_EDGE('',*,*,#327,.F.);
#327 = EDGE_CURVE('',#89,#320,#328,.T.);
#328 = CIRCLE('',#329,0.7);
#329 = AXIS2_PLACEMENT_3D('',#330,#331,#332);
#330 = CARTESIAN_POINT('',(45.7,128.15,17.3));
#331 = DIRECTION('',(-1.,-0.,-0.));
#332 = DIRECTION('',(0.,0.,-1.));
#333 = ORIENTED_EDGE('',*,*,#86,.F.);
#334 = ORIENTED_EDGE('',*,*,#335,.T.);
#335 = EDGE_CURVE('',#87,#224,#336,.T.);
#336 = LINE('',#337,#338);
#337 = CARTESIAN_POINT('',(45.7,127.4,18.));
#338 = VECTOR('',#339,1.);
#339 = DIRECTION('',(0.,0.,1.));
#340 = ORIENTED_EDGE('',*,*,#223,.T.);
#341 = ORIENTED_EDGE('',*,*,#56,.F.);
#342 = ORIENTED_EDGE('',*,*,#343,.F.);
#343 = EDGE_CURVE('',#318,#49,#344,.T.);
#344 = LINE('',#345,#346);
#345 = CARTESIAN_POINT('',(45.7,128.85,6.8));
#346 = VECTOR('',#347,1.);
#347 = DIRECTION('',(0.,1.,0.));
#348 = PLANE('',#349);
#349 = AXIS2_PLACEMENT_3D('',#350,#351,#352);
#350 = CARTESIAN_POINT('',(45.7,132.36494152046,23.589941520468));
#351 = DIRECTION('',(-1.,-0.,-0.));
#352 = DIRECTION('',(0.,0.,-1.));
#353 = ADVANCED_FACE('',(#354),#365,.F.);
#354 = FACE_BOUND('',#355,.F.);
#355 = EDGE_LOOP('',(#356,#357,#363,#364));
#356 = ORIENTED_EDGE('',*,*,#133,.T.);
#357 = ORIENTED_EDGE('',*,*,#358,.T.);
#358 = EDGE_CURVE('',#134,#320,#359,.T.);
#359 = LINE('',#360,#361);
#360 = CARTESIAN_POINT('',(48.7,128.85,17.3));
#361 = VECTOR('',#362,1.);
#362 = DIRECTION('',(-1.,0.,0.));
#363 = ORIENTED_EDGE('',*,*,#327,.F.);
#364 = ORIENTED_EDGE('',*,*,#119,.F.);
#365 = CYLINDRICAL_SURFACE('',#366,0.7);
#366 = AXIS2_PLACEMENT_3D('',#367,#368,#369);
#367 = CARTESIAN_POINT('',(48.7,128.15,17.3));
#368 = DIRECTION('',(-1.,0.,0.));
#369 = DIRECTION('',(0.,0.,1.));
#370 = ADVANCED_FACE('',(#371),#391,.F.);
#371 = FACE_BOUND('',#372,.F.);
#372 = EDGE_LOOP('',(#373,#374,#375,#376,#377,#385));
#373 = ORIENTED_EDGE('',*,*,#158,.F.);
#374 = ORIENTED_EDGE('',*,*,#96,.F.);
#375 = ORIENTED_EDGE('',*,*,#335,.T.);
#376 = ORIENTED_EDGE('',*,*,#231,.T.);
#377 = ORIENTED_EDGE('',*,*,#378,.F.);
#378 = EDGE_CURVE('',#379,#232,#381,.T.);
#379 = VERTEX_POINT('',#380);
#380 = CARTESIAN_POINT('',(46.3,127.4,20.));
#381 = LINE('',#382,#383);
#382 = CARTESIAN_POINT('',(46.3,127.4,20.));
#383 = VECTOR('',#384,1.);
#384 = DIRECTION('',(0.,0.,1.));
#385 = ORIENTED_EDGE('',*,*,#386,.F.);
#386 = EDGE_CURVE('',#159,#379,#387,.T.);
#387 = LINE('',#388,#389);
#388 = CARTESIAN_POINT('',(47.688443597188,127.4,20.));
#389 = VECTOR('',#390,1.);
#390 = DIRECTION('',(-1.,0.,0.));
#391 = PLANE('',#392);
#392 = AXIS2_PLACEMENT_3D('',#393,#394,#395);
#393 = CARTESIAN_POINT('',(45.7,127.4,18.));
#394 = DIRECTION('',(0.,1.,0.));
#395 = DIRECTION('',(0.,0.,1.));
#396 = ADVANCED_FACE('',(#397),#415,.T.);
#397 = FACE_BOUND('',#398,.T.);
#398 = EDGE_LOOP('',(#399,#407,#408,#409));
#399 = ORIENTED_EDGE('',*,*,#400,.F.);
#400 = EDGE_CURVE('',#177,#401,#403,.T.);
#401 = VERTEX_POINT('',#402);
#402 = CARTESIAN_POINT('',(52.52,127.,20.));
#403 = LINE('',#404,#405);
#404 = CARTESIAN_POINT('',(50.3,128.5,20.));
#405 = VECTOR('',#406,1.);
#406 = DIRECTION('',(0.828588968691,-0.559857411278,0.));
#407 = ORIENTED_EDGE('',*,*,#176,.T.);
#408 = ORIENTED_EDGE('',*,*,#271,.T.);
#409 = ORIENTED_EDGE('',*,*,#410,.T.);
#410 = EDGE_CURVE('',#264,#401,#411,.T.);
#411 = LINE('',#412,#413);
#412 = CARTESIAN_POINT('',(52.52,127.,20.));
#413 = VECTOR('',#414,1.);
#414 = DIRECTION('',(0.,0.,-1.));
#415 = PLANE('',#416);
#416 = AXIS2_PLACEMENT_3D('',#417,#418,#419);
#417 = CARTESIAN_POINT('',(50.3,128.5,20.));
#418 = DIRECTION('',(0.559857411278,0.828588968691,0.));
#419 = DIRECTION('',(0.828588968691,-0.559857411278,0.));
#420 = ADVANCED_FACE('',(#421),#464,.T.);
#421 = FACE_BOUND('',#422,.T.);
#422 = EDGE_LOOP('',(#423,#424,#432,#440,#448,#456,#462,#463));
#423 = ORIENTED_EDGE('',*,*,#400,.T.);
#424 = ORIENTED_EDGE('',*,*,#425,.T.);
#425 = EDGE_CURVE('',#401,#426,#428,.T.);
#426 = VERTEX_POINT('',#427);
#427 = CARTESIAN_POINT('',(54.,127.,20.));
#428 = LINE('',#429,#430);
#429 = CARTESIAN_POINT('',(49.9,127.,20.));
#430 = VECTOR('',#431,1.);
#431 = DIRECTION('',(1.,0.,0.));
#432 = ORIENTED_EDGE('',*,*,#433,.F.);
#433 = EDGE_CURVE('',#434,#426,#436,.T.);
#434 = VERTEX_POINT('',#435);
#435 = CARTESIAN_POINT('',(54.,100.,20.));
#436 = LINE('',#437,#438);
#437 = CARTESIAN_POINT('',(54.,100.,20.));
#438 = VECTOR('',#439,1.);
#439 = DIRECTION('',(0.,1.,0.));
#440 = ORIENTED_EDGE('',*,*,#441,.F.);
#441 = EDGE_CURVE('',#442,#434,#444,.T.);
#442 = VERTEX_POINT('',#443);
#443 = CARTESIAN_POINT('',(49.9,100.,20.));
#444 = LINE('',#445,#446);
#445 = CARTESIAN_POINT('',(49.9,100.,20.));
#446 = VECTOR('',#447,1.);
#447 = DIRECTION('',(1.,0.,0.));
#448 = ORIENTED_EDGE('',*,*,#449,.T.);
#449 = EDGE_CURVE('',#442,#450,#452,.T.);
#450 = VERTEX_POINT('',#451);
#451 = CARTESIAN_POINT('',(49.9,123.,20.));
#452 = LINE('',#453,#454);
#453 = CARTESIAN_POINT('',(49.9,100.,20.));
#454 = VECTOR('',#455,1.);
#455 = DIRECTION('',(0.,1.,0.));
#456 = ORIENTED_EDGE('',*,*,#457,.T.);
#457 = EDGE_CURVE('',#450,#379,#458,.T.);
#458 = LINE('',#459,#460);
#459 = CARTESIAN_POINT('',(49.9,123.,20.));
#460 = VECTOR('',#461,1.);
#461 = DIRECTION('',(-0.633237790257,0.773957299203,0.));
#462 = ORIENTED_EDGE('',*,*,#386,.F.);
#463 = ORIENTED_EDGE('',*,*,#184,.T.);
#464 = PLANE('',#465);
#465 = AXIS2_PLACEMENT_3D('',#466,#467,#468);
#466 = CARTESIAN_POINT('',(51.521137660374,114.8733158531,20.));
#467 = DIRECTION('',(-0.,-0.,-1.));
#468 = DIRECTION('',(-1.,0.,0.));
#469 = ADVANCED_FACE('',(#470),#481,.F.);
#470 = FACE_BOUND('',#471,.F.);
#471 = EDGE_LOOP('',(#472,#473,#479,#480));
#472 = ORIENTED_EDGE('',*,*,#198,.F.);
#473 = ORIENTED_EDGE('',*,*,#474,.F.);
#474 = EDGE_CURVE('',#318,#199,#475,.T.);
#475 = LINE('',#476,#477);
#476 = CARTESIAN_POINT('',(45.7,128.85,6.8));
#477 = VECTOR('',#478,1.);
#478 = DIRECTION('',(1.,0.,0.));
#479 = ORIENTED_EDGE('',*,*,#317,.T.);
#480 = ORIENTED_EDGE('',*,*,#358,.F.);
#481 = PLANE('',#482);
#482 = AXIS2_PLACEMENT_3D('',#483,#484,#485);
#483 = CARTESIAN_POINT('',(45.7,128.85,6.2));
#484 = DIRECTION('',(0.,1.,0.));
#485 = DIRECTION('',(0.,0.,1.));
#486 = ADVANCED_FACE('',(#487),#505,.F.);
#487 = FACE_BOUND('',#488,.F.);
#488 = EDGE_LOOP('',(#489,#497,#498,#499));
#489 = ORIENTED_EDGE('',*,*,#490,.F.);
#490 = EDGE_CURVE('',#199,#491,#493,.T.);
#491 = VERTEX_POINT('',#492);
#492 = CARTESIAN_POINT('',(48.1,129.45,6.2));
#493 = LINE('',#494,#495);
#494 = CARTESIAN_POINT('',(48.,129.55,6.1));
#495 = VECTOR('',#496,1.);
#496 = DIRECTION('',(-0.57735026919,0.57735026919,-0.57735026919));
#497 = ORIENTED_EDGE('',*,*,#206,.T.);
#498 = ORIENTED_EDGE('',*,*,#295,.T.);
#499 = ORIENTED_EDGE('',*,*,#500,.F.);
#500 = EDGE_CURVE('',#491,#296,#501,.T.);
#501 = LINE('',#502,#503);
#502 = CARTESIAN_POINT('',(48.1,128.85,6.2));
#503 = VECTOR('',#504,1.);
#504 = DIRECTION('',(0.,1.,0.));
#505 = PLANE('',#506);
#506 = AXIS2_PLACEMENT_3D('',#507,#508,#509);
#507 = CARTESIAN_POINT('',(48.4,128.85,6.5));
#508 = DIRECTION('',(-0.707106781187,0.,0.707106781187));
#509 = DIRECTION('',(0.,1.,0.));
#510 = ADVANCED_FACE('',(#511),#530,.T.);
#511 = FACE_BOUND('',#512,.T.);
#512 = EDGE_LOOP('',(#513,#521,#527,#528,#529));
#513 = ORIENTED_EDGE('',*,*,#514,.T.);
#514 = EDGE_CURVE('',#450,#515,#517,.T.);
#515 = VERTEX_POINT('',#516);
#516 = CARTESIAN_POINT('',(49.9,123.,34.));
#517 = LINE('',#518,#519);
#518 = CARTESIAN_POINT('',(49.9,123.,20.));
#519 = VECTOR('',#520,1.);
#520 = DIRECTION('',(0.,0.,1.));
#521 = ORIENTED_EDGE('',*,*,#522,.T.);
#522 = EDGE_CURVE('',#515,#240,#523,.T.);
#523 = LINE('',#524,#525);
#524 = CARTESIAN_POINT('',(49.9,123.,20.));
#525 = VECTOR('',#526,1.);
#526 = DIRECTION('',(0.,0.,1.));
#527 = ORIENTED_EDGE('',*,*,#239,.T.);
#528 = ORIENTED_EDGE('',*,*,#378,.F.);
#529 = ORIENTED_EDGE('',*,*,#457,.F.);
#530 = PLANE('',#531);
#531 = AXIS2_PLACEMENT_3D('',#532,#533,#534);
#532 = CARTESIAN_POINT('',(49.9,123.,20.));
#533 = DIRECTION('',(-0.773957299203,-0.633237790257,0.));
#534 = DIRECTION('',(-0.633237790257,0.773957299203,0.));
#535 = ADVANCED_FACE('',(#536),#554,.F.);
#536 = FACE_BOUND('',#537,.F.);
#537 = EDGE_LOOP('',(#538,#546,#547,#548));
#538 = ORIENTED_EDGE('',*,*,#539,.T.);
#539 = EDGE_CURVE('',#540,#515,#542,.T.);
#540 = VERTEX_POINT('',#541);
#541 = CARTESIAN_POINT('',(54.,123.,34.));
#542 = LINE('',#543,#544);
#543 = CARTESIAN_POINT('',(49.9,123.,34.));
#544 = VECTOR('',#545,1.);
#545 = DIRECTION('',(-1.,0.,0.));
#546 = ORIENTED_EDGE('',*,*,#522,.T.);
#547 = ORIENTED_EDGE('',*,*,#247,.T.);
#548 = ORIENTED_EDGE('',*,*,#549,.F.);
#549 = EDGE_CURVE('',#540,#248,#550,.T.);
#550 = LINE('',#551,#552);
#551 = CARTESIAN_POINT('',(54.,123.,20.));
#552 = VECTOR('',#553,1.);
#553 = DIRECTION('',(0.,0.,1.));
#554 = PLANE('',#555);
#555 = AXIS2_PLACEMENT_3D('',#556,#557,#558);
#556 = CARTESIAN_POINT('',(49.9,123.,20.));
#557 = DIRECTION('',(0.,1.,0.));
#558 = DIRECTION('',(0.,0.,1.));
#559 = ADVANCED_FACE('',(#560),#609,.T.);
#560 = FACE_BOUND('',#561,.T.);
#561 = EDGE_LOOP('',(#562,#563,#569,#570,#571,#579,#587,#595,#603));
#562 = ORIENTED_EDGE('',*,*,#433,.T.);
#563 = ORIENTED_EDGE('',*,*,#564,.T.);
#564 = EDGE_CURVE('',#426,#256,#565,.T.);
#565 = LINE('',#566,#567);
#566 = CARTESIAN_POINT('',(54.,127.,20.));
#567 = VECTOR('',#568,1.);
#568 = DIRECTION('',(0.,0.,1.));
#569 = ORIENTED_EDGE('',*,*,#255,.F.);
#570 = ORIENTED_EDGE('',*,*,#549,.F.);
#571 = ORIENTED_EDGE('',*,*,#572,.F.);
#572 = EDGE_CURVE('',#573,#540,#575,.T.);
#573 = VERTEX_POINT('',#574);
#574 = CARTESIAN_POINT('',(54.,109.99001663893,34.));
#575 = LINE('',#576,#577);
#576 = CARTESIAN_POINT('',(54.,100.,34.));
#577 = VECTOR('',#578,1.);
#578 = DIRECTION('',(0.,1.,0.));
#579 = ORIENTED_EDGE('',*,*,#580,.F.);
#580 = EDGE_CURVE('',#581,#573,#583,.T.);
#581 = VERTEX_POINT('',#582);
#582 = CARTESIAN_POINT('',(54.,104.,40.));
#583 = LINE('',#584,#585);
#584 = CARTESIAN_POINT('',(54.,104.,40.));
#585 = VECTOR('',#586,1.);
#586 = DIRECTION('',(0.,0.706517771263,-0.707695300882));
#587 = ORIENTED_EDGE('',*,*,#588,.T.);
#588 = EDGE_CURVE('',#581,#589,#591,.T.);
#589 = VERTEX_POINT('',#590);
#590 = CARTESIAN_POINT('',(54.,104.,23.9));
#591 = LINE('',#592,#593);
#592 = CARTESIAN_POINT('',(54.,104.,21.95));
#593 = VECTOR('',#594,1.);
#594 = DIRECTION('',(0.,0.,-1.));
#595 = ORIENTED_EDGE('',*,*,#596,.F.);
#596 = EDGE_CURVE('',#597,#589,#599,.T.);
#597 = VERTEX_POINT('',#598);
#598 = CARTESIAN_POINT('',(54.,100.,23.9));
#599 = LINE('',#600,#601);
#600 = CARTESIAN_POINT('',(54.,100.,23.9));
#601 = VECTOR('',#602,1.);
#602 = DIRECTION('',(0.,1.,0.));
#603 = ORIENTED_EDGE('',*,*,#604,.F.);
#604 = EDGE_CURVE('',#434,#597,#605,.T.);
#605 = LINE('',#606,#607);
#606 = CARTESIAN_POINT('',(54.,100.,20.));
#607 = VECTOR('',#608,1.);
#608 = DIRECTION('',(0.,0.,1.));
#609 = PLANE('',#610);
#610 = AXIS2_PLACEMENT_3D('',#611,#612,#613);
#611 = CARTESIAN_POINT('',(54.,114.52659834641,29.014398894425));
#612 = DIRECTION('',(1.,0.,0.));
#613 = DIRECTION('',(0.,0.,1.));
#614 = ADVANCED_FACE('',(#615),#621,.T.);
#615 = FACE_BOUND('',#616,.T.);
#616 = EDGE_LOOP('',(#617,#618,#619,#620));
#617 = ORIENTED_EDGE('',*,*,#425,.F.);
#618 = ORIENTED_EDGE('',*,*,#410,.F.);
#619 = ORIENTED_EDGE('',*,*,#263,.T.);
#620 = ORIENTED_EDGE('',*,*,#564,.F.);
#621 = PLANE('',#622);
#622 = AXIS2_PLACEMENT_3D('',#623,#624,#625);
#623 = CARTESIAN_POINT('',(53.26,127.,30.));
#624 = DIRECTION('',(0.,1.,0.));
#625 = DIRECTION('',(0.,0.,1.));
#626 = ADVANCED_FACE('',(#627),#645,.T.);
#627 = FACE_BOUND('',#628,.T.);
#628 = EDGE_LOOP('',(#629,#637,#638,#639));
#629 = ORIENTED_EDGE('',*,*,#630,.F.);
#630 = EDGE_CURVE('',#318,#631,#633,.T.);
#631 = VERTEX_POINT('',#632);
#632 = CARTESIAN_POINT('',(46.3,129.45,6.2));
#633 = LINE('',#634,#635);
#634 = CARTESIAN_POINT('',(45.9,129.05,6.6));
#635 = VECTOR('',#636,1.);
#636 = DIRECTION('',(0.57735026919,0.57735026919,-0.57735026919));
#637 = ORIENTED_EDGE('',*,*,#343,.T.);
#638 = ORIENTED_EDGE('',*,*,#286,.T.);
#639 = ORIENTED_EDGE('',*,*,#640,.F.);
#640 = EDGE_CURVE('',#631,#287,#641,.T.);
#641 = LINE('',#642,#643);
#642 = CARTESIAN_POINT('',(46.3,128.85,6.2));
#643 = VECTOR('',#644,1.);
#644 = DIRECTION('',(0.,1.,0.));
#645 = PLANE('',#646);
#646 = AXIS2_PLACEMENT_3D('',#647,#648,#649);
#647 = CARTESIAN_POINT('',(46.,128.85,6.5));
#648 = DIRECTION('',(-0.707106781187,0.,-0.707106781187));
#649 = DIRECTION('',(0.,1.,0.));
#650 = ADVANCED_FACE('',(#651),#662,.F.);
#651 = FACE_BOUND('',#652,.F.);
#652 = EDGE_LOOP('',(#653,#654,#660,#661));
#653 = ORIENTED_EDGE('',*,*,#640,.F.);
#654 = ORIENTED_EDGE('',*,*,#655,.T.);
#655 = EDGE_CURVE('',#631,#491,#656,.T.);
#656 = LINE('',#657,#658);
#657 = CARTESIAN_POINT('',(45.7,129.45,6.2));
#658 = VECTOR('',#659,1.);
#659 = DIRECTION('',(1.,0.,0.));
#660 = ORIENTED_EDGE('',*,*,#500,.T.);
#661 = ORIENTED_EDGE('',*,*,#303,.F.);
#662 = PLANE('',#663);
#663 = AXIS2_PLACEMENT_3D('',#664,#665,#666);
#664 = CARTESIAN_POINT('',(45.7,128.85,6.2));
#665 = DIRECTION('',(0.,0.,1.));
#666 = DIRECTION('',(1.,0.,0.));
#667 = ADVANCED_FACE('',(#668),#686,.F.);
#668 = FACE_BOUND('',#669,.F.);
#669 = EDGE_LOOP('',(#670,#671,#672,#680));
#670 = ORIENTED_EDGE('',*,*,#604,.F.);
#671 = ORIENTED_EDGE('',*,*,#441,.F.);
#672 = ORIENTED_EDGE('',*,*,#673,.T.);
#673 = EDGE_CURVE('',#442,#674,#676,.T.);
#674 = VERTEX_POINT('',#675);
#675 = CARTESIAN_POINT('',(49.9,100.,23.9));
#676 = LINE('',#677,#678);
#677 = CARTESIAN_POINT('',(49.9,100.,20.));
#678 = VECTOR('',#679,1.);
#679 = DIRECTION('',(0.,0.,1.));
#680 = ORIENTED_EDGE('',*,*,#681,.T.);
#681 = EDGE_CURVE('',#674,#597,#682,.T.);
#682 = LINE('',#683,#684);
#683 = CARTESIAN_POINT('',(46.9,100.,23.9));
#684 = VECTOR('',#685,1.);
#685 = DIRECTION('',(1.,0.,0.));
#686 = PLANE('',#687);
#687 = AXIS2_PLACEMENT_3D('',#688,#689,#690);
#688 = CARTESIAN_POINT('',(49.9,100.,20.));
#689 = DIRECTION('',(0.,1.,0.));
#690 = DIRECTION('',(0.,0.,1.));
#691 = ADVANCED_FACE('',(#692),#727,.T.);
#692 = FACE_BOUND('',#693,.T.);
#693 = EDGE_LOOP('',(#694,#695,#703,#711,#719,#725,#726));
#694 = ORIENTED_EDGE('',*,*,#673,.T.);
#695 = ORIENTED_EDGE('',*,*,#696,.T.);
#696 = EDGE_CURVE('',#674,#697,#699,.T.);
#697 = VERTEX_POINT('',#698);
#698 = CARTESIAN_POINT('',(49.9,104.,23.9));
#699 = LINE('',#700,#701);
#700 = CARTESIAN_POINT('',(49.9,100.,23.9));
#701 = VECTOR('',#702,1.);
#702 = DIRECTION('',(0.,1.,0.));
#703 = ORIENTED_EDGE('',*,*,#704,.T.);
#704 = EDGE_CURVE('',#697,#705,#707,.T.);
#705 = VERTEX_POINT('',#706);
#706 = CARTESIAN_POINT('',(49.9,104.,40.));
#707 = LINE('',#708,#709);
#708 = CARTESIAN_POINT('',(49.9,104.,33.99));
#709 = VECTOR('',#710,1.);
#710 = DIRECTION('',(0.,0.,1.));
#711 = ORIENTED_EDGE('',*,*,#712,.T.);
#712 = EDGE_CURVE('',#705,#713,#715,.T.);
#713 = VERTEX_POINT('',#714);
#714 = CARTESIAN_POINT('',(49.9,109.99001663893,34.));
#715 = LINE('',#716,#717);
#716 = CARTESIAN_POINT('',(49.9,104.,40.));
#717 = VECTOR('',#718,1.);
#718 = DIRECTION('',(0.,0.706517771263,-0.707695300882));
#719 = ORIENTED_EDGE('',*,*,#720,.T.);
#720 = EDGE_CURVE('',#713,#515,#721,.T.);
#721 = LINE('',#722,#723);
#722 = CARTESIAN_POINT('',(49.9,100.,34.));
#723 = VECTOR('',#724,1.);
#724 = DIRECTION('',(0.,1.,0.));
#725 = ORIENTED_EDGE('',*,*,#514,.F.);
#726 = ORIENTED_EDGE('',*,*,#449,.F.);
#727 = PLANE('',#728);
#728 = AXIS2_PLACEMENT_3D('',#729,#730,#731);
#729 = CARTESIAN_POINT('',(49.9,111.30834402483,27.757103771177));
#730 = DIRECTION('',(-1.,-0.,-0.));
#731 = DIRECTION('',(0.,0.,-1.));
#732 = ADVANCED_FACE('',(#733),#739,.T.);
#733 = FACE_BOUND('',#734,.F.);
#734 = EDGE_LOOP('',(#735,#736,#737,#738));
#735 = ORIENTED_EDGE('',*,*,#630,.F.);
#736 = ORIENTED_EDGE('',*,*,#474,.T.);
#737 = ORIENTED_EDGE('',*,*,#490,.T.);
#738 = ORIENTED_EDGE('',*,*,#655,.F.);
#739 = PLANE('',#740);
#740 = AXIS2_PLACEMENT_3D('',#741,#742,#743);
#741 = CARTESIAN_POINT('',(45.7,129.15,6.5));
#742 = DIRECTION('',(6.963829119075E-18,-0.707106781187,-0.707106781187)
  );
#743 = DIRECTION('',(-1.,-4.924170793122E-18,-4.924170793122E-18));
#744 = ADVANCED_FACE('',(#745),#756,.T.);
#745 = FACE_BOUND('',#746,.T.);
#746 = EDGE_LOOP('',(#747,#748,#754,#755));
#747 = ORIENTED_EDGE('',*,*,#720,.F.);
#748 = ORIENTED_EDGE('',*,*,#749,.F.);
#749 = EDGE_CURVE('',#573,#713,#750,.T.);
#750 = LINE('',#751,#752);
#751 = CARTESIAN_POINT('',(49.9,109.99001663893,34.));
#752 = VECTOR('',#753,1.);
#753 = DIRECTION('',(-1.,0.,0.));
#754 = ORIENTED_EDGE('',*,*,#572,.T.);
#755 = ORIENTED_EDGE('',*,*,#539,.T.);
#756 = PLANE('',#757);
#757 = AXIS2_PLACEMENT_3D('',#758,#759,#760);
#758 = CARTESIAN_POINT('',(49.9,100.,34.));
#759 = DIRECTION('',(0.,0.,1.));
#760 = DIRECTION('',(1.,0.,0.));
#761 = ADVANCED_FACE('',(#762),#773,.T.);
#762 = FACE_BOUND('',#763,.T.);
#763 = EDGE_LOOP('',(#764,#765,#771,#772));
#764 = ORIENTED_EDGE('',*,*,#712,.F.);
#765 = ORIENTED_EDGE('',*,*,#766,.T.);
#766 = EDGE_CURVE('',#705,#581,#767,.T.);
#767 = LINE('',#768,#769);
#768 = CARTESIAN_POINT('',(48.9,104.,40.));
#769 = VECTOR('',#770,1.);
#770 = DIRECTION('',(1.,0.,0.));
#771 = ORIENTED_EDGE('',*,*,#580,.T.);
#772 = ORIENTED_EDGE('',*,*,#749,.T.);
#773 = PLANE('',#774);
#774 = AXIS2_PLACEMENT_3D('',#775,#776,#777);
#775 = CARTESIAN_POINT('',(49.9,104.,40.));
#776 = DIRECTION('',(0.,0.707695300882,0.706517771263));
#777 = DIRECTION('',(0.,0.706517771263,-0.707695300882));
#778 = ADVANCED_FACE('',(#779),#804,.T.);
#779 = FACE_BOUND('',#780,.T.);
#780 = EDGE_LOOP('',(#781,#782,#790,#798));
#781 = ORIENTED_EDGE('',*,*,#588,.F.);
#782 = ORIENTED_EDGE('',*,*,#783,.T.);
#783 = EDGE_CURVE('',#581,#784,#786,.T.);
#784 = VERTEX_POINT('',#785);
#785 = CARTESIAN_POINT('',(55.,104.,40.));
#786 = LINE('',#787,#788);
#787 = CARTESIAN_POINT('',(48.9,104.,40.));
#788 = VECTOR('',#789,1.);
#789 = DIRECTION('',(1.,0.,0.));
#790 = ORIENTED_EDGE('',*,*,#791,.F.);
#791 = EDGE_CURVE('',#792,#784,#794,.T.);
#792 = VERTEX_POINT('',#793);
#793 = CARTESIAN_POINT('',(55.,104.,23.9));
#794 = LINE('',#795,#796);
#795 = CARTESIAN_POINT('',(55.,104.,23.9));
#796 = VECTOR('',#797,1.);
#797 = DIRECTION('',(0.,0.,1.));
#798 = ORIENTED_EDGE('',*,*,#799,.F.);
#799 = EDGE_CURVE('',#589,#792,#800,.T.);
#800 = LINE('',#801,#802);
#801 = CARTESIAN_POINT('',(48.9,104.,23.9));
#802 = VECTOR('',#803,1.);
#803 = DIRECTION('',(1.,0.,0.));
#804 = PLANE('',#805);
#805 = AXIS2_PLACEMENT_3D('',#806,#807,#808);
#806 = CARTESIAN_POINT('',(48.9,104.,23.9));
#807 = DIRECTION('',(0.,1.,0.));
#808 = DIRECTION('',(0.,0.,1.));
#809 = ADVANCED_FACE('',(#810),#1006,.T.);
#810 = FACE_BOUND('',#811,.T.);
#811 = EDGE_LOOP('',(#812,#822,#828,#829,#830,#831,#832,#840,#848,#856,
    #864,#872,#880,#888,#896,#904,#912,#920,#928,#936,#944,#952,#960,
    #968,#976,#984,#992,#1000));
#812 = ORIENTED_EDGE('',*,*,#813,.T.);
#813 = EDGE_CURVE('',#814,#816,#818,.T.);
#814 = VERTEX_POINT('',#815);
#815 = CARTESIAN_POINT('',(48.9,100.,23.9));
#816 = VERTEX_POINT('',#817);
#817 = CARTESIAN_POINT('',(48.9,104.,23.9));
#818 = LINE('',#819,#820);
#819 = CARTESIAN_POINT('',(48.9,100.,23.9));
#820 = VECTOR('',#821,1.);
#821 = DIRECTION('',(0.,1.,0.));
#822 = ORIENTED_EDGE('',*,*,#823,.T.);
#823 = EDGE_CURVE('',#816,#697,#824,.T.);
#824 = LINE('',#825,#826);
#825 = CARTESIAN_POINT('',(48.9,104.,23.9));
#826 = VECTOR('',#827,1.);
#827 = DIRECTION('',(1.,0.,0.));
#828 = ORIENTED_EDGE('',*,*,#696,.F.);
#829 = ORIENTED_EDGE('',*,*,#681,.T.);
#830 = ORIENTED_EDGE('',*,*,#596,.T.);
#831 = ORIENTED_EDGE('',*,*,#799,.T.);
#832 = ORIENTED_EDGE('',*,*,#833,.F.);
#833 = EDGE_CURVE('',#834,#792,#836,.T.);
#834 = VERTEX_POINT('',#835);
#835 = CARTESIAN_POINT('',(55.,100.,23.9));
#836 = LINE('',#837,#838);
#837 = CARTESIAN_POINT('',(55.,100.,23.9));
#838 = VECTOR('',#839,1.);
#839 = DIRECTION('',(0.,1.,0.));
#840 = ORIENTED_EDGE('',*,*,#841,.T.);
#841 = EDGE_CURVE('',#834,#842,#844,.T.);
#842 = VERTEX_POINT('',#843);
#843 = CARTESIAN_POINT('',(57.,100.,23.9));
#844 = LINE('',#845,#846);
#845 = CARTESIAN_POINT('',(46.9,100.,23.9));
#846 = VECTOR('',#847,1.);
#847 = DIRECTION('',(1.,0.,0.));
#848 = ORIENTED_EDGE('',*,*,#849,.F.);
#849 = EDGE_CURVE('',#850,#842,#852,.T.);
#850 = VERTEX_POINT('',#851);
#851 = CARTESIAN_POINT('',(57.,94.3,23.9));
#852 = LINE('',#853,#854);
#853 = CARTESIAN_POINT('',(57.,93.3,23.9));
#854 = VECTOR('',#855,1.);
#855 = DIRECTION('',(0.,1.,0.));
#856 = ORIENTED_EDGE('',*,*,#857,.T.);
#857 = EDGE_CURVE('',#850,#858,#860,.T.);
#858 = VERTEX_POINT('',#859);
#859 = CARTESIAN_POINT('',(60.9,94.3,23.9));
#860 = LINE('',#861,#862);
#861 = CARTESIAN_POINT('',(18.1,94.3,23.9));
#862 = VECTOR('',#863,1.);
#863 = DIRECTION('',(1.,0.,0.));
#864 = ORIENTED_EDGE('',*,*,#865,.F.);
#865 = EDGE_CURVE('',#866,#858,#868,.T.);
#866 = VERTEX_POINT('',#867);
#867 = CARTESIAN_POINT('',(60.9,23.7,23.9));
#868 = LINE('',#869,#870);
#869 = CARTESIAN_POINT('',(60.9,23.7,23.9));
#870 = VECTOR('',#871,1.);
#871 = DIRECTION('',(0.,1.,0.));
#872 = ORIENTED_EDGE('',*,*,#873,.F.);
#873 = EDGE_CURVE('',#874,#866,#876,.T.);
#874 = VERTEX_POINT('',#875);
#875 = CARTESIAN_POINT('',(18.1,23.7,23.9));
#876 = LINE('',#877,#878);
#877 = CARTESIAN_POINT('',(18.1,23.7,23.9));
#878 = VECTOR('',#879,1.);
#879 = DIRECTION('',(1.,0.,0.));
#880 = ORIENTED_EDGE('',*,*,#881,.T.);
#881 = EDGE_CURVE('',#874,#882,#884,.T.);
#882 = VERTEX_POINT('',#883);
#883 = CARTESIAN_POINT('',(18.1,94.3,23.9));
#884 = LINE('',#885,#886);
#885 = CARTESIAN_POINT('',(18.1,23.7,23.9));
#886 = VECTOR('',#887,1.);
#887 = DIRECTION('',(0.,1.,0.));
#888 = ORIENTED_EDGE('',*,*,#889,.T.);
#889 = EDGE_CURVE('',#882,#890,#892,.T.);
#890 = VERTEX_POINT('',#891);
#891 = CARTESIAN_POINT('',(22.,94.3,23.9));
#892 = LINE('',#893,#894);
#893 = CARTESIAN_POINT('',(18.1,94.3,23.9));
#894 = VECTOR('',#895,1.);
#895 = DIRECTION('',(1.,0.,0.));
#896 = ORIENTED_EDGE('',*,*,#897,.T.);
#897 = EDGE_CURVE('',#890,#898,#900,.T.);
#898 = VERTEX_POINT('',#899);
#899 = CARTESIAN_POINT('',(22.,100.,23.9));
#900 = LINE('',#901,#902);
#901 = CARTESIAN_POINT('',(22.,93.3,23.9));
#902 = VECTOR('',#903,1.);
#903 = DIRECTION('',(0.,1.,0.));
#904 = ORIENTED_EDGE('',*,*,#905,.T.);
#905 = EDGE_CURVE('',#898,#906,#908,.T.);
#906 = VERTEX_POINT('',#907);
#907 = CARTESIAN_POINT('',(24.,100.,23.9));
#908 = LINE('',#909,#910);
#909 = CARTESIAN_POINT('',(22.,100.,23.9));
#910 = VECTOR('',#911,1.);
#911 = DIRECTION('',(1.,0.,0.));
#912 = ORIENTED_EDGE('',*,*,#913,.T.);
#913 = EDGE_CURVE('',#906,#914,#916,.T.);
#914 = VERTEX_POINT('',#915);
#915 = CARTESIAN_POINT('',(24.,104.,23.9));
#916 = LINE('',#917,#918);
#917 = CARTESIAN_POINT('',(24.,100.,23.9));
#918 = VECTOR('',#919,1.);
#919 = DIRECTION('',(0.,1.,0.));
#920 = ORIENTED_EDGE('',*,*,#921,.T.);
#921 = EDGE_CURVE('',#914,#922,#924,.T.);
#922 = VERTEX_POINT('',#923);
#923 = CARTESIAN_POINT('',(25.,104.,23.9));
#924 = LINE('',#925,#926);
#925 = CARTESIAN_POINT('',(24.,104.,23.9));
#926 = VECTOR('',#927,1.);
#927 = DIRECTION('',(1.,0.,0.));
#928 = ORIENTED_EDGE('',*,*,#929,.F.);
#929 = EDGE_CURVE('',#930,#922,#932,.T.);
#930 = VERTEX_POINT('',#931);
#931 = CARTESIAN_POINT('',(25.,100.,23.9));
#932 = LINE('',#933,#934);
#933 = CARTESIAN_POINT('',(25.,100.,23.9));
#934 = VECTOR('',#935,1.);
#935 = DIRECTION('',(0.,1.,0.));
#936 = ORIENTED_EDGE('',*,*,#937,.T.);
#937 = EDGE_CURVE('',#930,#938,#940,.T.);
#938 = VERTEX_POINT('',#939);
#939 = CARTESIAN_POINT('',(29.1,100.,23.9));
#940 = LINE('',#941,#942);
#941 = CARTESIAN_POINT('',(22.,100.,23.9));
#942 = VECTOR('',#943,1.);
#943 = DIRECTION('',(1.,0.,0.));
#944 = ORIENTED_EDGE('',*,*,#945,.T.);
#945 = EDGE_CURVE('',#938,#946,#948,.T.);
#946 = VERTEX_POINT('',#947);
#947 = CARTESIAN_POINT('',(29.1,104.,23.9));
#948 = LINE('',#949,#950);
#949 = CARTESIAN_POINT('',(29.1,100.,23.9));
#950 = VECTOR('',#951,1.);
#951 = DIRECTION('',(0.,1.,0.));
#952 = ORIENTED_EDGE('',*,*,#953,.T.);
#953 = EDGE_CURVE('',#946,#954,#956,.T.);
#954 = VERTEX_POINT('',#955);
#955 = CARTESIAN_POINT('',(30.1,104.,23.9));
#956 = LINE('',#957,#958);
#957 = CARTESIAN_POINT('',(24.,104.,23.9));
#958 = VECTOR('',#959,1.);
#959 = DIRECTION('',(1.,0.,0.));
#960 = ORIENTED_EDGE('',*,*,#961,.F.);
#961 = EDGE_CURVE('',#962,#954,#964,.T.);
#962 = VERTEX_POINT('',#963);
#963 = CARTESIAN_POINT('',(30.1,100.,23.9));
#964 = LINE('',#965,#966);
#965 = CARTESIAN_POINT('',(30.1,100.,23.9));
#966 = VECTOR('',#967,1.);
#967 = DIRECTION('',(0.,1.,0.));
#968 = ORIENTED_EDGE('',*,*,#969,.T.);
#969 = EDGE_CURVE('',#962,#970,#972,.T.);
#970 = VERTEX_POINT('',#971);
#971 = CARTESIAN_POINT('',(32.1,100.,23.9));
#972 = LINE('',#973,#974);
#973 = CARTESIAN_POINT('',(22.,100.,23.9));
#974 = VECTOR('',#975,1.);
#975 = DIRECTION('',(1.,0.,0.));
#976 = ORIENTED_EDGE('',*,*,#977,.F.);
#977 = EDGE_CURVE('',#978,#970,#980,.T.);
#978 = VERTEX_POINT('',#979);
#979 = CARTESIAN_POINT('',(32.1,94.3,23.9));
#980 = LINE('',#981,#982);
#981 = CARTESIAN_POINT('',(32.1,93.3,23.9));
#982 = VECTOR('',#983,1.);
#983 = DIRECTION('',(0.,1.,0.));
#984 = ORIENTED_EDGE('',*,*,#985,.T.);
#985 = EDGE_CURVE('',#978,#986,#988,.T.);
#986 = VERTEX_POINT('',#987);
#987 = CARTESIAN_POINT('',(46.9,94.3,23.9));
#988 = LINE('',#989,#990);
#989 = CARTESIAN_POINT('',(18.1,94.3,23.9));
#990 = VECTOR('',#991,1.);
#991 = DIRECTION('',(1.,0.,0.));
#992 = ORIENTED_EDGE('',*,*,#993,.T.);
#993 = EDGE_CURVE('',#986,#994,#996,.T.);
#994 = VERTEX_POINT('',#995);
#995 = CARTESIAN_POINT('',(46.9,100.,23.9));
#996 = LINE('',#997,#998);
#997 = CARTESIAN_POINT('',(46.9,93.3,23.9));
#998 = VECTOR('',#999,1.);
#999 = DIRECTION('',(0.,1.,0.));
#1000 = ORIENTED_EDGE('',*,*,#1001,.T.);
#1001 = EDGE_CURVE('',#994,#814,#1002,.T.);
#1002 = LINE('',#1003,#1004);
#1003 = CARTESIAN_POINT('',(46.9,100.,23.9));
#1004 = VECTOR('',#1005,1.);
#1005 = DIRECTION('',(1.,0.,0.));
#1006 = PLANE('',#1007);
#1007 = AXIS2_PLACEMENT_3D('',#1008,#1009,#1010);
#1008 = CARTESIAN_POINT('',(39.5,67.440909090909,23.9));
#1009 = DIRECTION('',(-0.,-0.,-1.));
#1010 = DIRECTION('',(-1.,0.,0.));
#1011 = ADVANCED_FACE('',(#1012),#1030,.T.);
#1012 = FACE_BOUND('',#1013,.T.);
#1013 = EDGE_LOOP('',(#1014,#1015,#1023,#1029));
#1014 = ORIENTED_EDGE('',*,*,#823,.F.);
#1015 = ORIENTED_EDGE('',*,*,#1016,.T.);
#1016 = EDGE_CURVE('',#816,#1017,#1019,.T.);
#1017 = VERTEX_POINT('',#1018);
#1018 = CARTESIAN_POINT('',(48.9,104.,40.));
#1019 = LINE('',#1020,#1021);
#1020 = CARTESIAN_POINT('',(48.9,104.,23.9));
#1021 = VECTOR('',#1022,1.);
#1022 = DIRECTION('',(0.,0.,1.));
#1023 = ORIENTED_EDGE('',*,*,#1024,.T.);
#1024 = EDGE_CURVE('',#1017,#705,#1025,.T.);
#1025 = LINE('',#1026,#1027);
#1026 = CARTESIAN_POINT('',(48.9,104.,40.));
#1027 = VECTOR('',#1028,1.);
#1028 = DIRECTION('',(1.,0.,0.));
#1029 = ORIENTED_EDGE('',*,*,#704,.F.);
#1030 = PLANE('',#1031);
#1031 = AXIS2_PLACEMENT_3D('',#1032,#1033,#1034);
#1032 = CARTESIAN_POINT('',(48.9,104.,23.9));
#1033 = DIRECTION('',(0.,1.,0.));
#1034 = DIRECTION('',(0.,0.,1.));
#1035 = ADVANCED_FACE('',(#1036),#1095,.T.);
#1036 = FACE_BOUND('',#1037,.T.);
#1037 = EDGE_LOOP('',(#1038,#1046,#1054,#1062,#1070,#1078,#1086,#1092,
    #1093,#1094));
#1038 = ORIENTED_EDGE('',*,*,#1039,.F.);
#1039 = EDGE_CURVE('',#1040,#1017,#1042,.T.);
#1040 = VERTEX_POINT('',#1041);
#1041 = CARTESIAN_POINT('',(48.9,100.,40.));
#1042 = LINE('',#1043,#1044);
#1043 = CARTESIAN_POINT('',(48.9,100.,40.));
#1044 = VECTOR('',#1045,1.);
#1045 = DIRECTION('',(0.,1.,0.));
#1046 = ORIENTED_EDGE('',*,*,#1047,.F.);
#1047 = EDGE_CURVE('',#1048,#1040,#1050,.T.);
#1048 = VERTEX_POINT('',#1049);
#1049 = CARTESIAN_POINT('',(46.9,100.,40.));
#1050 = LINE('',#1051,#1052);
#1051 = CARTESIAN_POINT('',(46.9,100.,40.));
#1052 = VECTOR('',#1053,1.);
#1053 = DIRECTION('',(1.,0.,0.));
#1054 = ORIENTED_EDGE('',*,*,#1055,.F.);
#1055 = EDGE_CURVE('',#1056,#1048,#1058,.T.);
#1056 = VERTEX_POINT('',#1057);
#1057 = CARTESIAN_POINT('',(46.9,93.3,40.));
#1058 = LINE('',#1059,#1060);
#1059 = CARTESIAN_POINT('',(46.9,93.3,40.));
#1060 = VECTOR('',#1061,1.);
#1061 = DIRECTION('',(0.,1.,0.));
#1062 = ORIENTED_EDGE('',*,*,#1063,.T.);
#1063 = EDGE_CURVE('',#1056,#1064,#1066,.T.);
#1064 = VERTEX_POINT('',#1065);
#1065 = CARTESIAN_POINT('',(57.,93.3,40.));
#1066 = LINE('',#1067,#1068);
#1067 = CARTESIAN_POINT('',(46.9,93.3,40.));
#1068 = VECTOR('',#1069,1.);
#1069 = DIRECTION('',(1.,0.,0.));
#1070 = ORIENTED_EDGE('',*,*,#1071,.T.);
#1071 = EDGE_CURVE('',#1064,#1072,#1074,.T.);
#1072 = VERTEX_POINT('',#1073);
#1073 = CARTESIAN_POINT('',(57.,100.,40.));
#1074 = LINE('',#1075,#1076);
#1075 = CARTESIAN_POINT('',(57.,93.3,40.));
#1076 = VECTOR('',#1077,1.);
#1077 = DIRECTION('',(0.,1.,0.));
#1078 = ORIENTED_EDGE('',*,*,#1079,.F.);
#1079 = EDGE_CURVE('',#1080,#1072,#1082,.T.);
#1080 = VERTEX_POINT('',#1081);
#1081 = CARTESIAN_POINT('',(55.,100.,40.));
#1082 = LINE('',#1083,#1084);
#1083 = CARTESIAN_POINT('',(46.9,100.,40.));
#1084 = VECTOR('',#1085,1.);
#1085 = DIRECTION('',(1.,0.,0.));
#1086 = ORIENTED_EDGE('',*,*,#1087,.T.);
#1087 = EDGE_CURVE('',#1080,#784,#1088,.T.);
#1088 = LINE('',#1089,#1090);
#1089 = CARTESIAN_POINT('',(55.,100.,40.));
#1090 = VECTOR('',#1091,1.);
#1091 = DIRECTION('',(0.,1.,0.));
#1092 = ORIENTED_EDGE('',*,*,#783,.F.);
#1093 = ORIENTED_EDGE('',*,*,#766,.F.);
#1094 = ORIENTED_EDGE('',*,*,#1024,.F.);
#1095 = PLANE('',#1096);
#1096 = AXIS2_PLACEMENT_3D('',#1097,#1098,#1099);
#1097 = CARTESIAN_POINT('',(51.95,98.265384615385,40.));
#1098 = DIRECTION('',(0.,0.,1.));
#1099 = DIRECTION('',(1.,0.,0.));
#1100 = ADVANCED_FACE('',(#1101),#1112,.T.);
#1101 = FACE_BOUND('',#1102,.T.);
#1102 = EDGE_LOOP('',(#1103,#1109,#1110,#1111));
#1103 = ORIENTED_EDGE('',*,*,#1104,.F.);
#1104 = EDGE_CURVE('',#834,#1080,#1105,.T.);
#1105 = LINE('',#1106,#1107);
#1106 = CARTESIAN_POINT('',(55.,100.,23.9));
#1107 = VECTOR('',#1108,1.);
#1108 = DIRECTION('',(0.,0.,1.));
#1109 = ORIENTED_EDGE('',*,*,#833,.T.);
#1110 = ORIENTED_EDGE('',*,*,#791,.T.);
#1111 = ORIENTED_EDGE('',*,*,#1087,.F.);
#1112 = PLANE('',#1113);
#1113 = AXIS2_PLACEMENT_3D('',#1114,#1115,#1116);
#1114 = CARTESIAN_POINT('',(55.,100.,23.9));
#1115 = DIRECTION('',(1.,0.,0.));
#1116 = DIRECTION('',(0.,0.,1.));
#1117 = ADVANCED_FACE('',(#1118),#1129,.F.);
#1118 = FACE_BOUND('',#1119,.F.);
#1119 = EDGE_LOOP('',(#1120,#1126,#1127,#1128));
#1120 = ORIENTED_EDGE('',*,*,#1121,.F.);
#1121 = EDGE_CURVE('',#814,#1040,#1122,.T.);
#1122 = LINE('',#1123,#1124);
#1123 = CARTESIAN_POINT('',(48.9,100.,23.9));
#1124 = VECTOR('',#1125,1.);
#1125 = DIRECTION('',(0.,0.,1.));
#1126 = ORIENTED_EDGE('',*,*,#813,.T.);
#1127 = ORIENTED_EDGE('',*,*,#1016,.T.);
#1128 = ORIENTED_EDGE('',*,*,#1039,.F.);
#1129 = PLANE('',#1130);
#1130 = AXIS2_PLACEMENT_3D('',#1131,#1132,#1133);
#1131 = CARTESIAN_POINT('',(48.9,100.,23.9));
#1132 = DIRECTION('',(1.,0.,0.));
#1133 = DIRECTION('',(0.,0.,1.));
#1134 = ADVANCED_FACE('',(#1135),#1146,.T.);
#1135 = FACE_BOUND('',#1136,.T.);
#1136 = EDGE_LOOP('',(#1137,#1138,#1139,#1140));
#1137 = ORIENTED_EDGE('',*,*,#841,.F.);
#1138 = ORIENTED_EDGE('',*,*,#1104,.T.);
#1139 = ORIENTED_EDGE('',*,*,#1079,.T.);
#1140 = ORIENTED_EDGE('',*,*,#1141,.F.);
#1141 = EDGE_CURVE('',#842,#1072,#1142,.T.);
#1142 = LINE('',#1143,#1144);
#1143 = CARTESIAN_POINT('',(57.,100.,23.9));
#1144 = VECTOR('',#1145,1.);
#1145 = DIRECTION('',(0.,0.,1.));
#1146 = PLANE('',#1147);
#1147 = AXIS2_PLACEMENT_3D('',#1148,#1149,#1150);
#1148 = CARTESIAN_POINT('',(46.9,100.,23.9));
#1149 = DIRECTION('',(0.,1.,0.));
#1150 = DIRECTION('',(0.,0.,1.));
#1151 = ADVANCED_FACE('',(#1152),#1179,.T.);
#1152 = FACE_BOUND('',#1153,.T.);
#1153 = EDGE_LOOP('',(#1154,#1162,#1170,#1176,#1177,#1178));
#1154 = ORIENTED_EDGE('',*,*,#1155,.F.);
#1155 = EDGE_CURVE('',#1156,#1064,#1158,.T.);
#1156 = VERTEX_POINT('',#1157);
#1157 = CARTESIAN_POINT('',(57.,93.3,33.4));
#1158 = LINE('',#1159,#1160);
#1159 = CARTESIAN_POINT('',(57.,93.3,23.9));
#1160 = VECTOR('',#1161,1.);
#1161 = DIRECTION('',(0.,0.,1.));
#1162 = ORIENTED_EDGE('',*,*,#1163,.T.);
#1163 = EDGE_CURVE('',#1156,#1164,#1166,.T.);
#1164 = VERTEX_POINT('',#1165);
#1165 = CARTESIAN_POINT('',(57.,94.3,33.4));
#1166 = LINE('',#1167,#1168);
#1167 = CARTESIAN_POINT('',(57.,58.5,33.4));
#1168 = VECTOR('',#1169,1.);
#1169 = DIRECTION('',(0.,1.,0.));
#1170 = ORIENTED_EDGE('',*,*,#1171,.T.);
#1171 = EDGE_CURVE('',#1164,#850,#1172,.T.);
#1172 = LINE('',#1173,#1174);
#1173 = CARTESIAN_POINT('',(57.,94.3,25.1));
#1174 = VECTOR('',#1175,1.);
#1175 = DIRECTION('',(0.,0.,-1.));
#1176 = ORIENTED_EDGE('',*,*,#849,.T.);
#1177 = ORIENTED_EDGE('',*,*,#1141,.T.);
#1178 = ORIENTED_EDGE('',*,*,#1071,.F.);
#1179 = PLANE('',#1180);
#1180 = AXIS2_PLACEMENT_3D('',#1181,#1182,#1183);
#1181 = CARTESIAN_POINT('',(57.,93.3,23.9));
#1182 = DIRECTION('',(1.,0.,0.));
#1183 = DIRECTION('',(0.,0.,1.));
#1184 = ADVANCED_FACE('',(#1185),#1203,.T.);
#1185 = FACE_BOUND('',#1186,.T.);
#1186 = EDGE_LOOP('',(#1187,#1188,#1189,#1197));
#1187 = ORIENTED_EDGE('',*,*,#857,.F.);
#1188 = ORIENTED_EDGE('',*,*,#1171,.F.);
#1189 = ORIENTED_EDGE('',*,*,#1190,.T.);
#1190 = EDGE_CURVE('',#1164,#1191,#1193,.T.);
#1191 = VERTEX_POINT('',#1192);
#1192 = CARTESIAN_POINT('',(60.9,94.3,33.4));
#1193 = LINE('',#1194,#1195);
#1194 = CARTESIAN_POINT('',(18.1,94.3,33.4));
#1195 = VECTOR('',#1196,1.);
#1196 = DIRECTION('',(1.,0.,0.));
#1197 = ORIENTED_EDGE('',*,*,#1198,.F.);
#1198 = EDGE_CURVE('',#858,#1191,#1199,.T.);
#1199 = LINE('',#1200,#1201);
#1200 = CARTESIAN_POINT('',(60.9,94.3,26.3));
#1201 = VECTOR('',#1202,1.);
#1202 = DIRECTION('',(0.,0.,1.));
#1203 = PLANE('',#1204);
#1204 = AXIS2_PLACEMENT_3D('',#1205,#1206,#1207);
#1205 = CARTESIAN_POINT('',(58.95,94.3,28.65));
#1206 = DIRECTION('',(0.,1.,0.));
#1207 = DIRECTION('',(0.,0.,1.));
#1208 = ADVANCED_FACE('',(#1209),#1227,.T.);
#1209 = FACE_BOUND('',#1210,.T.);
#1210 = EDGE_LOOP('',(#1211,#1219,#1220,#1221));
#1211 = ORIENTED_EDGE('',*,*,#1212,.F.);
#1212 = EDGE_CURVE('',#866,#1213,#1215,.T.);
#1213 = VERTEX_POINT('',#1214);
#1214 = CARTESIAN_POINT('',(60.9,23.7,33.4));
#1215 = LINE('',#1216,#1217);
#1216 = CARTESIAN_POINT('',(60.9,23.7,26.3));
#1217 = VECTOR('',#1218,1.);
#1218 = DIRECTION('',(0.,0.,1.));
#1219 = ORIENTED_EDGE('',*,*,#865,.T.);
#1220 = ORIENTED_EDGE('',*,*,#1198,.T.);
#1221 = ORIENTED_EDGE('',*,*,#1222,.F.);
#1222 = EDGE_CURVE('',#1213,#1191,#1223,.T.);
#1223 = LINE('',#1224,#1225);
#1224 = CARTESIAN_POINT('',(60.9,23.7,33.4));
#1225 = VECTOR('',#1226,1.);
#1226 = DIRECTION('',(0.,1.,0.));
#1227 = PLANE('',#1228);
#1228 = AXIS2_PLACEMENT_3D('',#1229,#1230,#1231);
#1229 = CARTESIAN_POINT('',(60.9,59.,28.65));
#1230 = DIRECTION('',(1.,0.,0.));
#1231 = DIRECTION('',(0.,0.,1.));
#1232 = ADVANCED_FACE('',(#1233),#1251,.T.);
#1233 = FACE_BOUND('',#1234,.T.);
#1234 = EDGE_LOOP('',(#1235,#1236,#1244,#1250));
#1235 = ORIENTED_EDGE('',*,*,#1212,.T.);
#1236 = ORIENTED_EDGE('',*,*,#1237,.F.);
#1237 = EDGE_CURVE('',#1238,#1213,#1240,.T.);
#1238 = VERTEX_POINT('',#1239);
#1239 = CARTESIAN_POINT('',(18.1,23.7,33.4));
#1240 = LINE('',#1241,#1242);
#1241 = CARTESIAN_POINT('',(18.1,23.7,33.4));
#1242 = VECTOR('',#1243,1.);
#1243 = DIRECTION('',(1.,0.,0.));
#1244 = ORIENTED_EDGE('',*,*,#1245,.F.);
#1245 = EDGE_CURVE('',#874,#1238,#1246,.T.);
#1246 = LINE('',#1247,#1248);
#1247 = CARTESIAN_POINT('',(18.1,23.7,26.3));
#1248 = VECTOR('',#1249,1.);
#1249 = DIRECTION('',(0.,0.,1.));
#1250 = ORIENTED_EDGE('',*,*,#873,.T.);
#1251 = PLANE('',#1252);
#1252 = AXIS2_PLACEMENT_3D('',#1253,#1254,#1255);
#1253 = CARTESIAN_POINT('',(39.5,23.7,28.65));
#1254 = DIRECTION('',(-0.,-1.,-0.));
#1255 = DIRECTION('',(0.,0.,-1.));
#1256 = ADVANCED_FACE('',(#1257),#1275,.T.);
#1257 = FACE_BOUND('',#1258,.T.);
#1258 = EDGE_LOOP('',(#1259,#1260,#1268,#1274));
#1259 = ORIENTED_EDGE('',*,*,#1245,.T.);
#1260 = ORIENTED_EDGE('',*,*,#1261,.T.);
#1261 = EDGE_CURVE('',#1238,#1262,#1264,.T.);
#1262 = VERTEX_POINT('',#1263);
#1263 = CARTESIAN_POINT('',(18.1,94.3,33.4));
#1264 = LINE('',#1265,#1266);
#1265 = CARTESIAN_POINT('',(18.1,23.7,33.4));
#1266 = VECTOR('',#1267,1.);
#1267 = DIRECTION('',(0.,1.,0.));
#1268 = ORIENTED_EDGE('',*,*,#1269,.F.);
#1269 = EDGE_CURVE('',#882,#1262,#1270,.T.);
#1270 = LINE('',#1271,#1272);
#1271 = CARTESIAN_POINT('',(18.1,94.3,23.9));
#1272 = VECTOR('',#1273,1.);
#1273 = DIRECTION('',(0.,0.,1.));
#1274 = ORIENTED_EDGE('',*,*,#881,.F.);
#1275 = PLANE('',#1276);
#1276 = AXIS2_PLACEMENT_3D('',#1277,#1278,#1279);
#1277 = CARTESIAN_POINT('',(18.1,59.,28.65));
#1278 = DIRECTION('',(-1.,-0.,-0.));
#1279 = DIRECTION('',(0.,0.,-1.));
#1280 = ADVANCED_FACE('',(#1281),#1299,.T.);
#1281 = FACE_BOUND('',#1282,.T.);
#1282 = EDGE_LOOP('',(#1283,#1291,#1292,#1293));
#1283 = ORIENTED_EDGE('',*,*,#1284,.T.);
#1284 = EDGE_CURVE('',#1285,#890,#1287,.T.);
#1285 = VERTEX_POINT('',#1286);
#1286 = CARTESIAN_POINT('',(22.,94.3,33.4));
#1287 = LINE('',#1288,#1289);
#1288 = CARTESIAN_POINT('',(22.,94.3,23.9));
#1289 = VECTOR('',#1290,1.);
#1290 = DIRECTION('',(0.,0.,-1.));
#1291 = ORIENTED_EDGE('',*,*,#889,.F.);
#1292 = ORIENTED_EDGE('',*,*,#1269,.T.);
#1293 = ORIENTED_EDGE('',*,*,#1294,.T.);
#1294 = EDGE_CURVE('',#1262,#1285,#1295,.T.);
#1295 = LINE('',#1296,#1297);
#1296 = CARTESIAN_POINT('',(18.1,94.3,33.4));
#1297 = VECTOR('',#1298,1.);
#1298 = DIRECTION('',(1.,0.,0.));
#1299 = PLANE('',#1300);
#1300 = AXIS2_PLACEMENT_3D('',#1301,#1302,#1303);
#1301 = CARTESIAN_POINT('',(20.05,94.3,28.65));
#1302 = DIRECTION('',(0.,1.,0.));
#1303 = DIRECTION('',(0.,0.,1.));
#1304 = ADVANCED_FACE('',(#1305),#1339,.F.);
#1305 = FACE_BOUND('',#1306,.F.);
#1306 = EDGE_LOOP('',(#1307,#1317,#1323,#1324,#1325,#1333));
#1307 = ORIENTED_EDGE('',*,*,#1308,.F.);
#1308 = EDGE_CURVE('',#1309,#1311,#1313,.T.);
#1309 = VERTEX_POINT('',#1310);
#1310 = CARTESIAN_POINT('',(22.,93.3,33.4));
#1311 = VERTEX_POINT('',#1312);
#1312 = CARTESIAN_POINT('',(22.,93.3,40.));
#1313 = LINE('',#1314,#1315);
#1314 = CARTESIAN_POINT('',(22.,93.3,23.9));
#1315 = VECTOR('',#1316,1.);
#1316 = DIRECTION('',(0.,0.,1.));
#1317 = ORIENTED_EDGE('',*,*,#1318,.T.);
#1318 = EDGE_CURVE('',#1309,#1285,#1319,.T.);
#1319 = LINE('',#1320,#1321);
#1320 = CARTESIAN_POINT('',(22.,58.5,33.4));
#1321 = VECTOR('',#1322,1.);
#1322 = DIRECTION('',(0.,1.,0.));
#1323 = ORIENTED_EDGE('',*,*,#1284,.T.);
#1324 = ORIENTED_EDGE('',*,*,#897,.T.);
#1325 = ORIENTED_EDGE('',*,*,#1326,.T.);
#1326 = EDGE_CURVE('',#898,#1327,#1329,.T.);
#1327 = VERTEX_POINT('',#1328);
#1328 = CARTESIAN_POINT('',(22.,100.,40.));
#1329 = LINE('',#1330,#1331);
#1330 = CARTESIAN_POINT('',(22.,100.,23.9));
#1331 = VECTOR('',#1332,1.);
#1332 = DIRECTION('',(0.,0.,1.));
#1333 = ORIENTED_EDGE('',*,*,#1334,.F.);
#1334 = EDGE_CURVE('',#1311,#1327,#1335,.T.);
#1335 = LINE('',#1336,#1337);
#1336 = CARTESIAN_POINT('',(22.,93.3,40.));
#1337 = VECTOR('',#1338,1.);
#1338 = DIRECTION('',(0.,1.,0.));
#1339 = PLANE('',#1340);
#1340 = AXIS2_PLACEMENT_3D('',#1341,#1342,#1343);
#1341 = CARTESIAN_POINT('',(22.,93.3,23.9));
#1342 = DIRECTION('',(1.,0.,0.));
#1343 = DIRECTION('',(0.,0.,1.));
#1344 = ADVANCED_FACE('',(#1345),#1363,.T.);
#1345 = FACE_BOUND('',#1346,.T.);
#1346 = EDGE_LOOP('',(#1347,#1348,#1349,#1357));
#1347 = ORIENTED_EDGE('',*,*,#905,.F.);
#1348 = ORIENTED_EDGE('',*,*,#1326,.T.);
#1349 = ORIENTED_EDGE('',*,*,#1350,.T.);
#1350 = EDGE_CURVE('',#1327,#1351,#1353,.T.);
#1351 = VERTEX_POINT('',#1352);
#1352 = CARTESIAN_POINT('',(24.,100.,40.));
#1353 = LINE('',#1354,#1355);
#1354 = CARTESIAN_POINT('',(22.,100.,40.));
#1355 = VECTOR('',#1356,1.);
#1356 = DIRECTION('',(1.,0.,0.));
#1357 = ORIENTED_EDGE('',*,*,#1358,.F.);
#1358 = EDGE_CURVE('',#906,#1351,#1359,.T.);
#1359 = LINE('',#1360,#1361);
#1360 = CARTESIAN_POINT('',(24.,100.,23.9));
#1361 = VECTOR('',#1362,1.);
#1362 = DIRECTION('',(0.,0.,1.));
#1363 = PLANE('',#1364);
#1364 = AXIS2_PLACEMENT_3D('',#1365,#1366,#1367);
#1365 = CARTESIAN_POINT('',(22.,100.,23.9));
#1366 = DIRECTION('',(0.,1.,0.));
#1367 = DIRECTION('',(0.,0.,1.));
#1368 = ADVANCED_FACE('',(#1369),#1387,.F.);
#1369 = FACE_BOUND('',#1370,.F.);
#1370 = EDGE_LOOP('',(#1371,#1372,#1373,#1381));
#1371 = ORIENTED_EDGE('',*,*,#1358,.F.);
#1372 = ORIENTED_EDGE('',*,*,#913,.T.);
#1373 = ORIENTED_EDGE('',*,*,#1374,.T.);
#1374 = EDGE_CURVE('',#914,#1375,#1377,.T.);
#1375 = VERTEX_POINT('',#1376);
#1376 = CARTESIAN_POINT('',(24.,104.,40.));
#1377 = LINE('',#1378,#1379);
#1378 = CARTESIAN_POINT('',(24.,104.,23.9));
#1379 = VECTOR('',#1380,1.);
#1380 = DIRECTION('',(0.,0.,1.));
#1381 = ORIENTED_EDGE('',*,*,#1382,.F.);
#1382 = EDGE_CURVE('',#1351,#1375,#1383,.T.);
#1383 = LINE('',#1384,#1385);
#1384 = CARTESIAN_POINT('',(24.,100.,40.));
#1385 = VECTOR('',#1386,1.);
#1386 = DIRECTION('',(0.,1.,0.));
#1387 = PLANE('',#1388);
#1388 = AXIS2_PLACEMENT_3D('',#1389,#1390,#1391);
#1389 = CARTESIAN_POINT('',(24.,100.,23.9));
#1390 = DIRECTION('',(1.,0.,0.));
#1391 = DIRECTION('',(0.,0.,1.));
#1392 = ADVANCED_FACE('',(#1393),#1411,.T.);
#1393 = FACE_BOUND('',#1394,.T.);
#1394 = EDGE_LOOP('',(#1395,#1396,#1397,#1405));
#1395 = ORIENTED_EDGE('',*,*,#921,.F.);
#1396 = ORIENTED_EDGE('',*,*,#1374,.T.);
#1397 = ORIENTED_EDGE('',*,*,#1398,.T.);
#1398 = EDGE_CURVE('',#1375,#1399,#1401,.T.);
#1399 = VERTEX_POINT('',#1400);
#1400 = CARTESIAN_POINT('',(25.,104.,40.));
#1401 = LINE('',#1402,#1403);
#1402 = CARTESIAN_POINT('',(24.,104.,40.));
#1403 = VECTOR('',#1404,1.);
#1404 = DIRECTION('',(1.,0.,0.));
#1405 = ORIENTED_EDGE('',*,*,#1406,.F.);
#1406 = EDGE_CURVE('',#922,#1399,#1407,.T.);
#1407 = LINE('',#1408,#1409);
#1408 = CARTESIAN_POINT('',(25.,104.,33.99));
#1409 = VECTOR('',#1410,1.);
#1410 = DIRECTION('',(0.,0.,1.));
#1411 = PLANE('',#1412);
#1412 = AXIS2_PLACEMENT_3D('',#1413,#1414,#1415);
#1413 = CARTESIAN_POINT('',(24.,104.,23.9));
#1414 = DIRECTION('',(0.,1.,0.));
#1415 = DIRECTION('',(0.,0.,1.));
#1416 = ADVANCED_FACE('',(#1417),#1475,.T.);
#1417 = FACE_BOUND('',#1418,.T.);
#1418 = EDGE_LOOP('',(#1419,#1427,#1428,#1429,#1437,#1445,#1453,#1461,
    #1469));
#1419 = ORIENTED_EDGE('',*,*,#1420,.T.);
#1420 = EDGE_CURVE('',#1421,#930,#1423,.T.);
#1421 = VERTEX_POINT('',#1422);
#1422 = CARTESIAN_POINT('',(25.,100.,20.));
#1423 = LINE('',#1424,#1425);
#1424 = CARTESIAN_POINT('',(25.,100.,20.));
#1425 = VECTOR('',#1426,1.);
#1426 = DIRECTION('',(0.,0.,1.));
#1427 = ORIENTED_EDGE('',*,*,#929,.T.);
#1428 = ORIENTED_EDGE('',*,*,#1406,.T.);
#1429 = ORIENTED_EDGE('',*,*,#1430,.T.);
#1430 = EDGE_CURVE('',#1399,#1431,#1433,.T.);
#1431 = VERTEX_POINT('',#1432);
#1432 = CARTESIAN_POINT('',(25.,109.99001663893,34.));
#1433 = LINE('',#1434,#1435);
#1434 = CARTESIAN_POINT('',(25.,104.,40.));
#1435 = VECTOR('',#1436,1.);
#1436 = DIRECTION('',(0.,0.706517771263,-0.707695300882));
#1437 = ORIENTED_EDGE('',*,*,#1438,.T.);
#1438 = EDGE_CURVE('',#1431,#1439,#1441,.T.);
#1439 = VERTEX_POINT('',#1440);
#1440 = CARTESIAN_POINT('',(25.,123.,34.));
#1441 = LINE('',#1442,#1443);
#1442 = CARTESIAN_POINT('',(25.,100.,34.));
#1443 = VECTOR('',#1444,1.);
#1444 = DIRECTION('',(0.,1.,0.));
#1445 = ORIENTED_EDGE('',*,*,#1446,.T.);
#1446 = EDGE_CURVE('',#1439,#1447,#1449,.T.);
#1447 = VERTEX_POINT('',#1448);
#1448 = CARTESIAN_POINT('',(25.,123.,40.));
#1449 = LINE('',#1450,#1451);
#1450 = CARTESIAN_POINT('',(25.,123.,20.));
#1451 = VECTOR('',#1452,1.);
#1452 = DIRECTION('',(0.,0.,1.));
#1453 = ORIENTED_EDGE('',*,*,#1454,.T.);
#1454 = EDGE_CURVE('',#1447,#1455,#1457,.T.);
#1455 = VERTEX_POINT('',#1456);
#1456 = CARTESIAN_POINT('',(25.,127.,40.));
#1457 = LINE('',#1458,#1459);
#1458 = CARTESIAN_POINT('',(25.,123.,40.));
#1459 = VECTOR('',#1460,1.);
#1460 = DIRECTION('',(0.,1.,0.));
#1461 = ORIENTED_EDGE('',*,*,#1462,.F.);
#1462 = EDGE_CURVE('',#1463,#1455,#1465,.T.);
#1463 = VERTEX_POINT('',#1464);
#1464 = CARTESIAN_POINT('',(25.,127.,20.));
#1465 = LINE('',#1466,#1467);
#1466 = CARTESIAN_POINT('',(25.,127.,20.));
#1467 = VECTOR('',#1468,1.);
#1468 = DIRECTION('',(0.,0.,1.));
#1469 = ORIENTED_EDGE('',*,*,#1470,.F.);
#1470 = EDGE_CURVE('',#1421,#1463,#1471,.T.);
#1471 = LINE('',#1472,#1473);
#1472 = CARTESIAN_POINT('',(25.,100.,20.));
#1473 = VECTOR('',#1474,1.);
#1474 = DIRECTION('',(0.,1.,0.));
#1475 = PLANE('',#1476);
#1476 = AXIS2_PLACEMENT_3D('',#1477,#1478,#1479);
#1477 = CARTESIAN_POINT('',(25.,114.52659834641,29.014398894425));
#1478 = DIRECTION('',(-1.,-0.,-0.));
#1479 = DIRECTION('',(0.,0.,-1.));
#1480 = ADVANCED_FACE('',(#1481),#1499,.F.);
#1481 = FACE_BOUND('',#1482,.F.);
#1482 = EDGE_LOOP('',(#1483,#1491,#1497,#1498));
#1483 = ORIENTED_EDGE('',*,*,#1484,.F.);
#1484 = EDGE_CURVE('',#1485,#938,#1487,.T.);
#1485 = VERTEX_POINT('',#1486);
#1486 = CARTESIAN_POINT('',(29.1,100.,20.));
#1487 = LINE('',#1488,#1489);
#1488 = CARTESIAN_POINT('',(29.1,100.,20.));
#1489 = VECTOR('',#1490,1.);
#1490 = DIRECTION('',(0.,0.,1.));
#1491 = ORIENTED_EDGE('',*,*,#1492,.F.);
#1492 = EDGE_CURVE('',#1421,#1485,#1493,.T.);
#1493 = LINE('',#1494,#1495);
#1494 = CARTESIAN_POINT('',(25.,100.,20.));
#1495 = VECTOR('',#1496,1.);
#1496 = DIRECTION('',(1.,0.,0.));
#1497 = ORIENTED_EDGE('',*,*,#1420,.T.);
#1498 = ORIENTED_EDGE('',*,*,#937,.T.);
#1499 = PLANE('',#1500);
#1500 = AXIS2_PLACEMENT_3D('',#1501,#1502,#1503);
#1501 = CARTESIAN_POINT('',(25.,100.,20.));
#1502 = DIRECTION('',(0.,1.,0.));
#1503 = DIRECTION('',(0.,0.,1.));
#1504 = ADVANCED_FACE('',(#1505),#1547,.T.);
#1505 = FACE_BOUND('',#1506,.T.);
#1506 = EDGE_LOOP('',(#1507,#1508,#1516,#1524,#1532,#1540,#1546));
#1507 = ORIENTED_EDGE('',*,*,#1484,.F.);
#1508 = ORIENTED_EDGE('',*,*,#1509,.T.);
#1509 = EDGE_CURVE('',#1485,#1510,#1512,.T.);
#1510 = VERTEX_POINT('',#1511);
#1511 = CARTESIAN_POINT('',(29.1,123.,20.));
#1512 = LINE('',#1513,#1514);
#1513 = CARTESIAN_POINT('',(29.1,100.,20.));
#1514 = VECTOR('',#1515,1.);
#1515 = DIRECTION('',(0.,1.,0.));
#1516 = ORIENTED_EDGE('',*,*,#1517,.T.);
#1517 = EDGE_CURVE('',#1510,#1518,#1520,.T.);
#1518 = VERTEX_POINT('',#1519);
#1519 = CARTESIAN_POINT('',(29.1,123.,34.));
#1520 = LINE('',#1521,#1522);
#1521 = CARTESIAN_POINT('',(29.1,123.,20.));
#1522 = VECTOR('',#1523,1.);
#1523 = DIRECTION('',(0.,0.,1.));
#1524 = ORIENTED_EDGE('',*,*,#1525,.F.);
#1525 = EDGE_CURVE('',#1526,#1518,#1528,.T.);
#1526 = VERTEX_POINT('',#1527);
#1527 = CARTESIAN_POINT('',(29.1,109.99001663893,34.));
#1528 = LINE('',#1529,#1530);
#1529 = CARTESIAN_POINT('',(29.1,100.,34.));
#1530 = VECTOR('',#1531,1.);
#1531 = DIRECTION('',(0.,1.,0.));
#1532 = ORIENTED_EDGE('',*,*,#1533,.F.);
#1533 = EDGE_CURVE('',#1534,#1526,#1536,.T.);
#1534 = VERTEX_POINT('',#1535);
#1535 = CARTESIAN_POINT('',(29.1,104.,40.));
#1536 = LINE('',#1537,#1538);
#1537 = CARTESIAN_POINT('',(29.1,104.,40.));
#1538 = VECTOR('',#1539,1.);
#1539 = DIRECTION('',(0.,0.706517771263,-0.707695300882));
#1540 = ORIENTED_EDGE('',*,*,#1541,.T.);
#1541 = EDGE_CURVE('',#1534,#946,#1542,.T.);
#1542 = LINE('',#1543,#1544);
#1543 = CARTESIAN_POINT('',(29.1,104.,21.95));
#1544 = VECTOR('',#1545,1.);
#1545 = DIRECTION('',(0.,0.,-1.));
#1546 = ORIENTED_EDGE('',*,*,#945,.F.);
#1547 = PLANE('',#1548);
#1548 = AXIS2_PLACEMENT_3D('',#1549,#1550,#1551);
#1549 = CARTESIAN_POINT('',(29.1,111.30834402483,27.757103771177));
#1550 = DIRECTION('',(1.,0.,0.));
#1551 = DIRECTION('',(0.,0.,1.));
#1552 = ADVANCED_FACE('',(#1553),#1571,.T.);
#1553 = FACE_BOUND('',#1554,.T.);
#1554 = EDGE_LOOP('',(#1555,#1556,#1564,#1570));
#1555 = ORIENTED_EDGE('',*,*,#1541,.F.);
#1556 = ORIENTED_EDGE('',*,*,#1557,.T.);
#1557 = EDGE_CURVE('',#1534,#1558,#1560,.T.);
#1558 = VERTEX_POINT('',#1559);
#1559 = CARTESIAN_POINT('',(30.1,104.,40.));
#1560 = LINE('',#1561,#1562);
#1561 = CARTESIAN_POINT('',(24.,104.,40.));
#1562 = VECTOR('',#1563,1.);
#1563 = DIRECTION('',(1.,0.,0.));
#1564 = ORIENTED_EDGE('',*,*,#1565,.F.);
#1565 = EDGE_CURVE('',#954,#1558,#1566,.T.);
#1566 = LINE('',#1567,#1568);
#1567 = CARTESIAN_POINT('',(30.1,104.,23.9));
#1568 = VECTOR('',#1569,1.);
#1569 = DIRECTION('',(0.,0.,1.));
#1570 = ORIENTED_EDGE('',*,*,#953,.F.);
#1571 = PLANE('',#1572);
#1572 = AXIS2_PLACEMENT_3D('',#1573,#1574,#1575);
#1573 = CARTESIAN_POINT('',(24.,104.,23.9));
#1574 = DIRECTION('',(0.,1.,0.));
#1575 = DIRECTION('',(0.,0.,1.));
#1576 = ADVANCED_FACE('',(#1577),#1595,.T.);
#1577 = FACE_BOUND('',#1578,.T.);
#1578 = EDGE_LOOP('',(#1579,#1587,#1588,#1589));
#1579 = ORIENTED_EDGE('',*,*,#1580,.F.);
#1580 = EDGE_CURVE('',#962,#1581,#1583,.T.);
#1581 = VERTEX_POINT('',#1582);
#1582 = CARTESIAN_POINT('',(30.1,100.,40.));
#1583 = LINE('',#1584,#1585);
#1584 = CARTESIAN_POINT('',(30.1,100.,23.9));
#1585 = VECTOR('',#1586,1.);
#1586 = DIRECTION('',(0.,0.,1.));
#1587 = ORIENTED_EDGE('',*,*,#961,.T.);
#1588 = ORIENTED_EDGE('',*,*,#1565,.T.);
#1589 = ORIENTED_EDGE('',*,*,#1590,.F.);
#1590 = EDGE_CURVE('',#1581,#1558,#1591,.T.);
#1591 = LINE('',#1592,#1593);
#1592 = CARTESIAN_POINT('',(30.1,100.,40.));
#1593 = VECTOR('',#1594,1.);
#1594 = DIRECTION('',(0.,1.,0.));
#1595 = PLANE('',#1596);
#1596 = AXIS2_PLACEMENT_3D('',#1597,#1598,#1599);
#1597 = CARTESIAN_POINT('',(30.1,100.,23.9));
#1598 = DIRECTION('',(1.,0.,0.));
#1599 = DIRECTION('',(0.,0.,1.));
#1600 = ADVANCED_FACE('',(#1601),#1619,.T.);
#1601 = FACE_BOUND('',#1602,.T.);
#1602 = EDGE_LOOP('',(#1603,#1604,#1605,#1613));
#1603 = ORIENTED_EDGE('',*,*,#969,.F.);
#1604 = ORIENTED_EDGE('',*,*,#1580,.T.);
#1605 = ORIENTED_EDGE('',*,*,#1606,.T.);
#1606 = EDGE_CURVE('',#1581,#1607,#1609,.T.);
#1607 = VERTEX_POINT('',#1608);
#1608 = CARTESIAN_POINT('',(32.1,100.,40.));
#1609 = LINE('',#1610,#1611);
#1610 = CARTESIAN_POINT('',(22.,100.,40.));
#1611 = VECTOR('',#1612,1.);
#1612 = DIRECTION('',(1.,0.,0.));
#1613 = ORIENTED_EDGE('',*,*,#1614,.F.);
#1614 = EDGE_CURVE('',#970,#1607,#1615,.T.);
#1615 = LINE('',#1616,#1617);
#1616 = CARTESIAN_POINT('',(32.1,100.,23.9));
#1617 = VECTOR('',#1618,1.);
#1618 = DIRECTION('',(0.,0.,1.));
#1619 = PLANE('',#1620);
#1620 = AXIS2_PLACEMENT_3D('',#1621,#1622,#1623);
#1621 = CARTESIAN_POINT('',(22.,100.,23.9));
#1622 = DIRECTION('',(0.,1.,0.));
#1623 = DIRECTION('',(0.,0.,1.));
#1624 = ADVANCED_FACE('',(#1625),#1659,.T.);
#1625 = FACE_BOUND('',#1626,.T.);
#1626 = EDGE_LOOP('',(#1627,#1637,#1645,#1651,#1652,#1653));
#1627 = ORIENTED_EDGE('',*,*,#1628,.F.);
#1628 = EDGE_CURVE('',#1629,#1631,#1633,.T.);
#1629 = VERTEX_POINT('',#1630);
#1630 = CARTESIAN_POINT('',(32.1,93.3,33.4));
#1631 = VERTEX_POINT('',#1632);
#1632 = CARTESIAN_POINT('',(32.1,93.3,40.));
#1633 = LINE('',#1634,#1635);
#1634 = CARTESIAN_POINT('',(32.1,93.3,23.9));
#1635 = VECTOR('',#1636,1.);
#1636 = DIRECTION('',(0.,0.,1.));
#1637 = ORIENTED_EDGE('',*,*,#1638,.T.);
#1638 = EDGE_CURVE('',#1629,#1639,#1641,.T.);
#1639 = VERTEX_POINT('',#1640);
#1640 = CARTESIAN_POINT('',(32.1,94.3,33.4));
#1641 = LINE('',#1642,#1643);
#1642 = CARTESIAN_POINT('',(32.1,58.5,33.4));
#1643 = VECTOR('',#1644,1.);
#1644 = DIRECTION('',(0.,1.,0.));
#1645 = ORIENTED_EDGE('',*,*,#1646,.T.);
#1646 = EDGE_CURVE('',#1639,#978,#1647,.T.);
#1647 = LINE('',#1648,#1649);
#1648 = CARTESIAN_POINT('',(32.1,94.3,25.1));
#1649 = VECTOR('',#1650,1.);
#1650 = DIRECTION('',(0.,0.,-1.));
#1651 = ORIENTED_EDGE('',*,*,#977,.T.);
#1652 = ORIENTED_EDGE('',*,*,#1614,.T.);
#1653 = ORIENTED_EDGE('',*,*,#1654,.F.);
#1654 = EDGE_CURVE('',#1631,#1607,#1655,.T.);
#1655 = LINE('',#1656,#1657);
#1656 = CARTESIAN_POINT('',(32.1,93.3,40.));
#1657 = VECTOR('',#1658,1.);
#1658 = DIRECTION('',(0.,1.,0.));
#1659 = PLANE('',#1660);
#1660 = AXIS2_PLACEMENT_3D('',#1661,#1662,#1663);
#1661 = CARTESIAN_POINT('',(32.1,93.3,23.9));
#1662 = DIRECTION('',(1.,0.,0.));
#1663 = DIRECTION('',(0.,0.,1.));
#1664 = ADVANCED_FACE('',(#1665),#1683,.T.);
#1665 = FACE_BOUND('',#1666,.T.);
#1666 = EDGE_LOOP('',(#1667,#1668,#1669,#1677));
#1667 = ORIENTED_EDGE('',*,*,#985,.F.);
#1668 = ORIENTED_EDGE('',*,*,#1646,.F.);
#1669 = ORIENTED_EDGE('',*,*,#1670,.T.);
#1670 = EDGE_CURVE('',#1639,#1671,#1673,.T.);
#1671 = VERTEX_POINT('',#1672);
#1672 = CARTESIAN_POINT('',(46.9,94.3,33.4));
#1673 = LINE('',#1674,#1675);
#1674 = CARTESIAN_POINT('',(18.1,94.3,33.4));
#1675 = VECTOR('',#1676,1.);
#1676 = DIRECTION('',(1.,0.,0.));
#1677 = ORIENTED_EDGE('',*,*,#1678,.T.);
#1678 = EDGE_CURVE('',#1671,#986,#1679,.T.);
#1679 = LINE('',#1680,#1681);
#1680 = CARTESIAN_POINT('',(46.9,94.3,23.9));
#1681 = VECTOR('',#1682,1.);
#1682 = DIRECTION('',(0.,0.,-1.));
#1683 = PLANE('',#1684);
#1684 = AXIS2_PLACEMENT_3D('',#1685,#1686,#1687);
#1685 = CARTESIAN_POINT('',(39.5,94.3,28.65));
#1686 = DIRECTION('',(0.,1.,0.));
#1687 = DIRECTION('',(0.,0.,1.));
#1688 = ADVANCED_FACE('',(#1689),#1714,.F.);
#1689 = FACE_BOUND('',#1690,.F.);
#1690 = EDGE_LOOP('',(#1691,#1699,#1705,#1706,#1707,#1713));
#1691 = ORIENTED_EDGE('',*,*,#1692,.F.);
#1692 = EDGE_CURVE('',#1693,#1056,#1695,.T.);
#1693 = VERTEX_POINT('',#1694);
#1694 = CARTESIAN_POINT('',(46.9,93.3,33.4));
#1695 = LINE('',#1696,#1697);
#1696 = CARTESIAN_POINT('',(46.9,93.3,23.9));
#1697 = VECTOR('',#1698,1.);
#1698 = DIRECTION('',(0.,0.,1.));
#1699 = ORIENTED_EDGE('',*,*,#1700,.T.);
#1700 = EDGE_CURVE('',#1693,#1671,#1701,.T.);
#1701 = LINE('',#1702,#1703);
#1702 = CARTESIAN_POINT('',(46.9,58.5,33.4));
#1703 = VECTOR('',#1704,1.);
#1704 = DIRECTION('',(0.,1.,0.));
#1705 = ORIENTED_EDGE('',*,*,#1678,.T.);
#1706 = ORIENTED_EDGE('',*,*,#993,.T.);
#1707 = ORIENTED_EDGE('',*,*,#1708,.T.);
#1708 = EDGE_CURVE('',#994,#1048,#1709,.T.);
#1709 = LINE('',#1710,#1711);
#1710 = CARTESIAN_POINT('',(46.9,100.,23.9));
#1711 = VECTOR('',#1712,1.);
#1712 = DIRECTION('',(0.,0.,1.));
#1713 = ORIENTED_EDGE('',*,*,#1055,.F.);
#1714 = PLANE('',#1715);
#1715 = AXIS2_PLACEMENT_3D('',#1716,#1717,#1718);
#1716 = CARTESIAN_POINT('',(46.9,93.3,23.9));
#1717 = DIRECTION('',(1.,0.,0.));
#1718 = DIRECTION('',(0.,0.,1.));
#1719 = ADVANCED_FACE('',(#1720),#1726,.T.);
#1720 = FACE_BOUND('',#1721,.T.);
#1721 = EDGE_LOOP('',(#1722,#1723,#1724,#1725));
#1722 = ORIENTED_EDGE('',*,*,#1001,.F.);
#1723 = ORIENTED_EDGE('',*,*,#1708,.T.);
#1724 = ORIENTED_EDGE('',*,*,#1047,.T.);
#1725 = ORIENTED_EDGE('',*,*,#1121,.F.);
#1726 = PLANE('',#1727);
#1727 = AXIS2_PLACEMENT_3D('',#1728,#1729,#1730);
#1728 = CARTESIAN_POINT('',(46.9,100.,23.9));
#1729 = DIRECTION('',(0.,1.,0.));
#1730 = DIRECTION('',(0.,0.,1.));
#1731 = ADVANCED_FACE('',(#1732),#1743,.F.);
#1732 = FACE_BOUND('',#1733,.F.);
#1733 = EDGE_LOOP('',(#1734,#1740,#1741,#1742));
#1734 = ORIENTED_EDGE('',*,*,#1735,.T.);
#1735 = EDGE_CURVE('',#1156,#1693,#1736,.T.);
#1736 = LINE('',#1737,#1738);
#1737 = CARTESIAN_POINT('',(32.5,93.3,33.4));
#1738 = VECTOR('',#1739,1.);
#1739 = DIRECTION('',(-1.,0.,0.));
#1740 = ORIENTED_EDGE('',*,*,#1692,.T.);
#1741 = ORIENTED_EDGE('',*,*,#1063,.T.);
#1742 = ORIENTED_EDGE('',*,*,#1155,.F.);
#1743 = PLANE('',#1744);
#1744 = AXIS2_PLACEMENT_3D('',#1745,#1746,#1747);
#1745 = CARTESIAN_POINT('',(46.9,93.3,23.9));
#1746 = DIRECTION('',(0.,1.,0.));
#1747 = DIRECTION('',(0.,0.,1.));
#1748 = ADVANCED_FACE('',(#1749,#1768),#1866,.T.);
#1749 = FACE_BOUND('',#1750,.T.);
#1750 = EDGE_LOOP('',(#1751,#1752,#1753,#1754,#1755,#1756,#1757,#1758,
    #1759,#1760,#1761,#1767));
#1751 = ORIENTED_EDGE('',*,*,#1294,.F.);
#1752 = ORIENTED_EDGE('',*,*,#1261,.F.);
#1753 = ORIENTED_EDGE('',*,*,#1237,.T.);
#1754 = ORIENTED_EDGE('',*,*,#1222,.T.);
#1755 = ORIENTED_EDGE('',*,*,#1190,.F.);
#1756 = ORIENTED_EDGE('',*,*,#1163,.F.);
#1757 = ORIENTED_EDGE('',*,*,#1735,.T.);
#1758 = ORIENTED_EDGE('',*,*,#1700,.T.);
#1759 = ORIENTED_EDGE('',*,*,#1670,.F.);
#1760 = ORIENTED_EDGE('',*,*,#1638,.F.);
#1761 = ORIENTED_EDGE('',*,*,#1762,.T.);
#1762 = EDGE_CURVE('',#1629,#1309,#1763,.T.);
#1763 = LINE('',#1764,#1765);
#1764 = CARTESIAN_POINT('',(20.05,93.3,33.4));
#1765 = VECTOR('',#1766,1.);
#1766 = DIRECTION('',(-1.,0.,0.));
#1767 = ORIENTED_EDGE('',*,*,#1318,.T.);
#1768 = FACE_BOUND('',#1769,.T.);
#1769 = EDGE_LOOP('',(#1770,#1780,#1788,#1796,#1804,#1812,#1820,#1828,
    #1836,#1844,#1852,#1860));
#1770 = ORIENTED_EDGE('',*,*,#1771,.T.);
#1771 = EDGE_CURVE('',#1772,#1774,#1776,.T.);
#1772 = VERTEX_POINT('',#1773);
#1773 = CARTESIAN_POINT('',(57.4,26.1,33.4));
#1774 = VERTEX_POINT('',#1775);
#1775 = CARTESIAN_POINT('',(21.6,26.1,33.4));
#1776 = LINE('',#1777,#1778);
#1777 = CARTESIAN_POINT('',(18.6,26.1,33.4));
#1778 = VECTOR('',#1779,1.);
#1779 = DIRECTION('',(-1.,0.,0.));
#1780 = ORIENTED_EDGE('',*,*,#1781,.T.);
#1781 = EDGE_CURVE('',#1774,#1782,#1784,.T.);
#1782 = VERTEX_POINT('',#1783);
#1783 = CARTESIAN_POINT('',(21.6,28.6,33.4));
#1784 = LINE('',#1785,#1786);
#1785 = CARTESIAN_POINT('',(21.6,26.1,33.4));
#1786 = VECTOR('',#1787,1.);
#1787 = DIRECTION('',(0.,1.,0.));
#1788 = ORIENTED_EDGE('',*,*,#1789,.F.);
#1789 = EDGE_CURVE('',#1790,#1782,#1792,.T.);
#1790 = VERTEX_POINT('',#1791);
#1791 = CARTESIAN_POINT('',(19.1,28.6,33.4));
#1792 = LINE('',#1793,#1794);
#1793 = CARTESIAN_POINT('',(19.1,28.6,33.4));
#1794 = VECTOR('',#1795,1.);
#1795 = DIRECTION('',(1.,0.,0.));
#1796 = ORIENTED_EDGE('',*,*,#1797,.T.);
#1797 = EDGE_CURVE('',#1790,#1798,#1800,.T.);
#1798 = VERTEX_POINT('',#1799);
#1799 = CARTESIAN_POINT('',(19.1,89.4,33.4));
#1800 = LINE('',#1801,#1802);
#1801 = CARTESIAN_POINT('',(19.1,24.9,33.4));
#1802 = VECTOR('',#1803,1.);
#1803 = DIRECTION('',(0.,1.,0.));
#1804 = ORIENTED_EDGE('',*,*,#1805,.T.);
#1805 = EDGE_CURVE('',#1798,#1806,#1808,.T.);
#1806 = VERTEX_POINT('',#1807);
#1807 = CARTESIAN_POINT('',(21.6,89.4,33.4));
#1808 = LINE('',#1809,#1810);
#1809 = CARTESIAN_POINT('',(19.1,89.4,33.4));
#1810 = VECTOR('',#1811,1.);
#1811 = DIRECTION('',(1.,0.,0.));
#1812 = ORIENTED_EDGE('',*,*,#1813,.T.);
#1813 = EDGE_CURVE('',#1806,#1814,#1816,.T.);
#1814 = VERTEX_POINT('',#1815);
#1815 = CARTESIAN_POINT('',(21.6,91.9,33.4));
#1816 = LINE('',#1817,#1818);
#1817 = CARTESIAN_POINT('',(21.6,89.4,33.4));
#1818 = VECTOR('',#1819,1.);
#1819 = DIRECTION('',(0.,1.,0.));
#1820 = ORIENTED_EDGE('',*,*,#1821,.F.);
#1821 = EDGE_CURVE('',#1822,#1814,#1824,.T.);
#1822 = VERTEX_POINT('',#1823);
#1823 = CARTESIAN_POINT('',(57.4,91.9,33.4));
#1824 = LINE('',#1825,#1826);
#1825 = CARTESIAN_POINT('',(18.6,91.9,33.4));
#1826 = VECTOR('',#1827,1.);
#1827 = DIRECTION('',(-1.,0.,0.));
#1828 = ORIENTED_EDGE('',*,*,#1829,.F.);
#1829 = EDGE_CURVE('',#1830,#1822,#1832,.T.);
#1830 = VERTEX_POINT('',#1831);
#1831 = CARTESIAN_POINT('',(57.4,89.4,33.4));
#1832 = LINE('',#1833,#1834);
#1833 = CARTESIAN_POINT('',(57.4,89.4,33.4));
#1834 = VECTOR('',#1835,1.);
#1835 = DIRECTION('',(0.,1.,0.));
#1836 = ORIENTED_EDGE('',*,*,#1837,.T.);
#1837 = EDGE_CURVE('',#1830,#1838,#1840,.T.);
#1838 = VERTEX_POINT('',#1839);
#1839 = CARTESIAN_POINT('',(59.9,89.4,33.4));
#1840 = LINE('',#1841,#1842);
#1841 = CARTESIAN_POINT('',(57.4,89.4,33.4));
#1842 = VECTOR('',#1843,1.);
#1843 = DIRECTION('',(1.,0.,0.));
#1844 = ORIENTED_EDGE('',*,*,#1845,.F.);
#1845 = EDGE_CURVE('',#1846,#1838,#1848,.T.);
#1846 = VERTEX_POINT('',#1847);
#1847 = CARTESIAN_POINT('',(59.9,28.6,33.4));
#1848 = LINE('',#1849,#1850);
#1849 = CARTESIAN_POINT('',(59.9,24.9,33.4));
#1850 = VECTOR('',#1851,1.);
#1851 = DIRECTION('',(0.,1.,0.));
#1852 = ORIENTED_EDGE('',*,*,#1853,.F.);
#1853 = EDGE_CURVE('',#1854,#1846,#1856,.T.);
#1854 = VERTEX_POINT('',#1855);
#1855 = CARTESIAN_POINT('',(57.4,28.6,33.4));
#1856 = LINE('',#1857,#1858);
#1857 = CARTESIAN_POINT('',(57.4,28.6,33.4));
#1858 = VECTOR('',#1859,1.);
#1859 = DIRECTION('',(1.,0.,0.));
#1860 = ORIENTED_EDGE('',*,*,#1861,.F.);
#1861 = EDGE_CURVE('',#1772,#1854,#1862,.T.);
#1862 = LINE('',#1863,#1864);
#1863 = CARTESIAN_POINT('',(57.4,26.1,33.4));
#1864 = VECTOR('',#1865,1.);
#1865 = DIRECTION('',(0.,1.,0.));
#1866 = PLANE('',#1867);
#1867 = AXIS2_PLACEMENT_3D('',#1868,#1869,#1870);
#1868 = CARTESIAN_POINT('',(18.1,23.7,33.4));
#1869 = DIRECTION('',(0.,0.,1.));
#1870 = DIRECTION('',(1.,0.,0.));
#1871 = ADVANCED_FACE('',(#1872),#1883,.F.);
#1872 = FACE_BOUND('',#1873,.F.);
#1873 = EDGE_LOOP('',(#1874,#1875,#1876,#1882));
#1874 = ORIENTED_EDGE('',*,*,#1762,.T.);
#1875 = ORIENTED_EDGE('',*,*,#1308,.T.);
#1876 = ORIENTED_EDGE('',*,*,#1877,.T.);
#1877 = EDGE_CURVE('',#1311,#1631,#1878,.T.);
#1878 = LINE('',#1879,#1880);
#1879 = CARTESIAN_POINT('',(22.,93.3,40.));
#1880 = VECTOR('',#1881,1.);
#1881 = DIRECTION('',(1.,0.,0.));
#1882 = ORIENTED_EDGE('',*,*,#1628,.F.);
#1883 = PLANE('',#1884);
#1884 = AXIS2_PLACEMENT_3D('',#1885,#1886,#1887);
#1885 = CARTESIAN_POINT('',(22.,93.3,23.9));
#1886 = DIRECTION('',(0.,1.,0.));
#1887 = DIRECTION('',(0.,0.,1.));
#1888 = ADVANCED_FACE('',(#1889),#1906,.T.);
#1889 = FACE_BOUND('',#1890,.T.);
#1890 = EDGE_LOOP('',(#1891,#1892,#1893,#1894,#1895,#1896,#1897,#1903,
    #1904,#1905));
#1891 = ORIENTED_EDGE('',*,*,#1334,.F.);
#1892 = ORIENTED_EDGE('',*,*,#1877,.T.);
#1893 = ORIENTED_EDGE('',*,*,#1654,.T.);
#1894 = ORIENTED_EDGE('',*,*,#1606,.F.);
#1895 = ORIENTED_EDGE('',*,*,#1590,.T.);
#1896 = ORIENTED_EDGE('',*,*,#1557,.F.);
#1897 = ORIENTED_EDGE('',*,*,#1898,.F.);
#1898 = EDGE_CURVE('',#1399,#1534,#1899,.T.);
#1899 = LINE('',#1900,#1901);
#1900 = CARTESIAN_POINT('',(24.,104.,40.));
#1901 = VECTOR('',#1902,1.);
#1902 = DIRECTION('',(1.,0.,0.));
#1903 = ORIENTED_EDGE('',*,*,#1398,.F.);
#1904 = ORIENTED_EDGE('',*,*,#1382,.F.);
#1905 = ORIENTED_EDGE('',*,*,#1350,.F.);
#1906 = PLANE('',#1907);
#1907 = AXIS2_PLACEMENT_3D('',#1908,#1909,#1910);
#1908 = CARTESIAN_POINT('',(27.05,98.265384615385,40.));
#1909 = DIRECTION('',(0.,0.,1.));
#1910 = DIRECTION('',(1.,0.,0.));
#1911 = ADVANCED_FACE('',(#1912),#1923,.T.);
#1912 = FACE_BOUND('',#1913,.T.);
#1913 = EDGE_LOOP('',(#1914,#1915,#1916,#1917));
#1914 = ORIENTED_EDGE('',*,*,#1430,.F.);
#1915 = ORIENTED_EDGE('',*,*,#1898,.T.);
#1916 = ORIENTED_EDGE('',*,*,#1533,.T.);
#1917 = ORIENTED_EDGE('',*,*,#1918,.T.);
#1918 = EDGE_CURVE('',#1526,#1431,#1919,.T.);
#1919 = LINE('',#1920,#1921);
#1920 = CARTESIAN_POINT('',(25.,109.99001663893,34.));
#1921 = VECTOR('',#1922,1.);
#1922 = DIRECTION('',(-1.,0.,0.));
#1923 = PLANE('',#1924);
#1924 = AXIS2_PLACEMENT_3D('',#1925,#1926,#1927);
#1925 = CARTESIAN_POINT('',(25.,104.,40.));
#1926 = DIRECTION('',(0.,0.707695300882,0.706517771263));
#1927 = DIRECTION('',(0.,0.706517771263,-0.707695300882));
#1928 = ADVANCED_FACE('',(#1929),#1940,.T.);
#1929 = FACE_BOUND('',#1930,.T.);
#1930 = EDGE_LOOP('',(#1931,#1932,#1933,#1934));
#1931 = ORIENTED_EDGE('',*,*,#1438,.F.);
#1932 = ORIENTED_EDGE('',*,*,#1918,.F.);
#1933 = ORIENTED_EDGE('',*,*,#1525,.T.);
#1934 = ORIENTED_EDGE('',*,*,#1935,.T.);
#1935 = EDGE_CURVE('',#1518,#1439,#1936,.T.);
#1936 = LINE('',#1937,#1938);
#1937 = CARTESIAN_POINT('',(25.,123.,34.));
#1938 = VECTOR('',#1939,1.);
#1939 = DIRECTION('',(-1.,0.,0.));
#1940 = PLANE('',#1941);
#1941 = AXIS2_PLACEMENT_3D('',#1942,#1943,#1944);
#1942 = CARTESIAN_POINT('',(25.,100.,34.));
#1943 = DIRECTION('',(0.,0.,1.));
#1944 = DIRECTION('',(1.,0.,0.));
#1945 = ADVANCED_FACE('',(#1946),#1964,.F.);
#1946 = FACE_BOUND('',#1947,.F.);
#1947 = EDGE_LOOP('',(#1948,#1949,#1950,#1958));
#1948 = ORIENTED_EDGE('',*,*,#1935,.T.);
#1949 = ORIENTED_EDGE('',*,*,#1446,.T.);
#1950 = ORIENTED_EDGE('',*,*,#1951,.T.);
#1951 = EDGE_CURVE('',#1447,#1952,#1954,.T.);
#1952 = VERTEX_POINT('',#1953);
#1953 = CARTESIAN_POINT('',(29.1,123.,40.));
#1954 = LINE('',#1955,#1956);
#1955 = CARTESIAN_POINT('',(25.,123.,40.));
#1956 = VECTOR('',#1957,1.);
#1957 = DIRECTION('',(1.,0.,0.));
#1958 = ORIENTED_EDGE('',*,*,#1959,.F.);
#1959 = EDGE_CURVE('',#1518,#1952,#1960,.T.);
#1960 = LINE('',#1961,#1962);
#1961 = CARTESIAN_POINT('',(29.1,123.,20.));
#1962 = VECTOR('',#1963,1.);
#1963 = DIRECTION('',(0.,0.,1.));
#1964 = PLANE('',#1965);
#1965 = AXIS2_PLACEMENT_3D('',#1966,#1967,#1968);
#1966 = CARTESIAN_POINT('',(25.,123.,20.));
#1967 = DIRECTION('',(0.,1.,0.));
#1968 = DIRECTION('',(0.,0.,1.));
#1969 = ADVANCED_FACE('',(#1970),#2028,.T.);
#1970 = FACE_BOUND('',#1971,.T.);
#1971 = EDGE_LOOP('',(#1972,#1982,#1988,#1989,#1990,#1998,#2006,#2014,
    #2022));
#1972 = ORIENTED_EDGE('',*,*,#1973,.T.);
#1973 = EDGE_CURVE('',#1974,#1976,#1978,.T.);
#1974 = VERTEX_POINT('',#1975);
#1975 = CARTESIAN_POINT('',(28.7,128.5,40.));
#1976 = VERTEX_POINT('',#1977);
#1977 = CARTESIAN_POINT('',(26.48,127.,40.));
#1978 = LINE('',#1979,#1980);
#1979 = CARTESIAN_POINT('',(28.7,128.5,40.));
#1980 = VECTOR('',#1981,1.);
#1981 = DIRECTION('',(-0.828588968691,-0.559857411278,0.));
#1982 = ORIENTED_EDGE('',*,*,#1983,.F.);
#1983 = EDGE_CURVE('',#1455,#1976,#1984,.T.);
#1984 = LINE('',#1985,#1986);
#1985 = CARTESIAN_POINT('',(25.,127.,40.));
#1986 = VECTOR('',#1987,1.);
#1987 = DIRECTION('',(1.,0.,0.));
#1988 = ORIENTED_EDGE('',*,*,#1454,.F.);
#1989 = ORIENTED_EDGE('',*,*,#1951,.T.);
#1990 = ORIENTED_EDGE('',*,*,#1991,.T.);
#1991 = EDGE_CURVE('',#1952,#1992,#1994,.T.);
#1992 = VERTEX_POINT('',#1993);
#1993 = CARTESIAN_POINT('',(32.7,127.4,40.));
#1994 = LINE('',#1995,#1996);
#1995 = CARTESIAN_POINT('',(29.1,123.,40.));
#1996 = VECTOR('',#1997,1.);
#1997 = DIRECTION('',(0.633237790257,0.773957299203,0.));
#1998 = ORIENTED_EDGE('',*,*,#1999,.T.);
#1999 = EDGE_CURVE('',#1992,#2000,#2002,.T.);
#2000 = VERTEX_POINT('',#2001);
#2001 = CARTESIAN_POINT('',(33.3,127.4,40.));
#2002 = LINE('',#2003,#2004);
#2003 = CARTESIAN_POINT('',(28.7,127.4,40.));
#2004 = VECTOR('',#2005,1.);
#2005 = DIRECTION('',(1.,0.,0.));
#2006 = ORIENTED_EDGE('',*,*,#2007,.T.);
#2007 = EDGE_CURVE('',#2000,#2008,#2010,.T.);
#2008 = VERTEX_POINT('',#2009);
#2009 = CARTESIAN_POINT('',(33.3,136.95,40.));
#2010 = LINE('',#2011,#2012);
#2011 = CARTESIAN_POINT('',(33.3,127.4,40.));
#2012 = VECTOR('',#2013,1.);
#2013 = DIRECTION('',(0.,1.,0.));
#2014 = ORIENTED_EDGE('',*,*,#2015,.F.);
#2015 = EDGE_CURVE('',#2016,#2008,#2018,.T.);
#2016 = VERTEX_POINT('',#2017);
#2017 = CARTESIAN_POINT('',(28.7,136.95,40.));
#2018 = LINE('',#2019,#2020);
#2019 = CARTESIAN_POINT('',(28.7,136.95,40.));
#2020 = VECTOR('',#2021,1.);
#2021 = DIRECTION('',(1.,0.,0.));
#2022 = ORIENTED_EDGE('',*,*,#2023,.F.);
#2023 = EDGE_CURVE('',#1974,#2016,#2024,.T.);
#2024 = LINE('',#2025,#2026);
#2025 = CARTESIAN_POINT('',(28.7,127.4,40.));
#2026 = VECTOR('',#2027,1.);
#2027 = DIRECTION('',(0.,1.,0.));
#2028 = PLANE('',#2029);
#2029 = AXIS2_PLACEMENT_3D('',#2030,#2031,#2032);
#2030 = CARTESIAN_POINT('',(29.688651086229,129.702288255,40.));
#2031 = DIRECTION('',(0.,0.,1.));
#2032 = DIRECTION('',(1.,0.,0.));
#2033 = ADVANCED_FACE('',(#2034),#2052,.T.);
#2034 = FACE_BOUND('',#2035,.T.);
#2035 = EDGE_LOOP('',(#2036,#2044,#2045,#2046));
#2036 = ORIENTED_EDGE('',*,*,#2037,.F.);
#2037 = EDGE_CURVE('',#1463,#2038,#2040,.T.);
#2038 = VERTEX_POINT('',#2039);
#2039 = CARTESIAN_POINT('',(26.48,127.,20.));
#2040 = LINE('',#2041,#2042);
#2041 = CARTESIAN_POINT('',(25.,127.,20.));
#2042 = VECTOR('',#2043,1.);
#2043 = DIRECTION('',(1.,0.,0.));
#2044 = ORIENTED_EDGE('',*,*,#1462,.T.);
#2045 = ORIENTED_EDGE('',*,*,#1983,.T.);
#2046 = ORIENTED_EDGE('',*,*,#2047,.T.);
#2047 = EDGE_CURVE('',#1976,#2038,#2048,.T.);
#2048 = LINE('',#2049,#2050);
#2049 = CARTESIAN_POINT('',(26.48,127.,20.));
#2050 = VECTOR('',#2051,1.);
#2051 = DIRECTION('',(0.,0.,-1.));
#2052 = PLANE('',#2053);
#2053 = AXIS2_PLACEMENT_3D('',#2054,#2055,#2056);
#2054 = CARTESIAN_POINT('',(25.74,127.,30.));
#2055 = DIRECTION('',(0.,1.,0.));
#2056 = DIRECTION('',(0.,0.,1.));
#2057 = ADVANCED_FACE('',(#2058),#2094,.T.);
#2058 = FACE_BOUND('',#2059,.T.);
#2059 = EDGE_LOOP('',(#2060,#2061,#2062,#2070,#2078,#2086,#2092,#2093));
#2060 = ORIENTED_EDGE('',*,*,#1470,.T.);
#2061 = ORIENTED_EDGE('',*,*,#2037,.T.);
#2062 = ORIENTED_EDGE('',*,*,#2063,.F.);
#2063 = EDGE_CURVE('',#2064,#2038,#2066,.T.);
#2064 = VERTEX_POINT('',#2065);
#2065 = CARTESIAN_POINT('',(28.7,128.5,20.));
#2066 = LINE('',#2067,#2068);
#2067 = CARTESIAN_POINT('',(28.7,128.5,20.));
#2068 = VECTOR('',#2069,1.);
#2069 = DIRECTION('',(-0.828588968691,-0.559857411278,0.));
#2070 = ORIENTED_EDGE('',*,*,#2071,.T.);
#2071 = EDGE_CURVE('',#2064,#2072,#2074,.T.);
#2072 = VERTEX_POINT('',#2073);
#2073 = CARTESIAN_POINT('',(28.7,127.4,20.));
#2074 = LINE('',#2075,#2076);
#2075 = CARTESIAN_POINT('',(28.7,127.84134337856,20.));
#2076 = VECTOR('',#2077,1.);
#2077 = DIRECTION('',(0.,-1.,0.));
#2078 = ORIENTED_EDGE('',*,*,#2079,.T.);
#2079 = EDGE_CURVE('',#2072,#2080,#2082,.T.);
#2080 = VERTEX_POINT('',#2081);
#2081 = CARTESIAN_POINT('',(32.7,127.4,20.));
#2082 = LINE('',#2083,#2084);
#2083 = CARTESIAN_POINT('',(29.011556402812,127.4,20.));
#2084 = VECTOR('',#2085,1.);
#2085 = DIRECTION('',(1.,0.,0.));
#2086 = ORIENTED_EDGE('',*,*,#2087,.F.);
#2087 = EDGE_CURVE('',#1510,#2080,#2088,.T.);
#2088 = LINE('',#2089,#2090);
#2089 = CARTESIAN_POINT('',(29.1,123.,20.));
#2090 = VECTOR('',#2091,1.);
#2091 = DIRECTION('',(0.633237790257,0.773957299203,0.));
#2092 = ORIENTED_EDGE('',*,*,#1509,.F.);
#2093 = ORIENTED_EDGE('',*,*,#1492,.F.);
#2094 = PLANE('',#2095);
#2095 = AXIS2_PLACEMENT_3D('',#2096,#2097,#2098);
#2096 = CARTESIAN_POINT('',(27.478862339626,114.8733158531,20.));
#2097 = DIRECTION('',(-0.,-0.,-1.));
#2098 = DIRECTION('',(-1.,0.,0.));
#2099 = ADVANCED_FACE('',(#2100),#2112,.F.);
#2100 = FACE_BOUND('',#2101,.F.);
#2101 = EDGE_LOOP('',(#2102,#2103,#2104,#2105,#2111));
#2102 = ORIENTED_EDGE('',*,*,#1517,.T.);
#2103 = ORIENTED_EDGE('',*,*,#1959,.T.);
#2104 = ORIENTED_EDGE('',*,*,#1991,.T.);
#2105 = ORIENTED_EDGE('',*,*,#2106,.F.);
#2106 = EDGE_CURVE('',#2080,#1992,#2107,.T.);
#2107 = LINE('',#2108,#2109);
#2108 = CARTESIAN_POINT('',(32.7,127.4,20.));
#2109 = VECTOR('',#2110,1.);
#2110 = DIRECTION('',(0.,0.,1.));
#2111 = ORIENTED_EDGE('',*,*,#2087,.F.);
#2112 = PLANE('',#2113);
#2113 = AXIS2_PLACEMENT_3D('',#2114,#2115,#2116);
#2114 = CARTESIAN_POINT('',(29.1,123.,20.));
#2115 = DIRECTION('',(-0.773957299203,0.633237790257,0.));
#2116 = DIRECTION('',(0.633237790257,0.773957299203,0.));
#2117 = ADVANCED_FACE('',(#2118),#2143,.T.);
#2118 = FACE_BOUND('',#2119,.T.);
#2119 = EDGE_LOOP('',(#2120,#2128,#2136,#2142));
#2120 = ORIENTED_EDGE('',*,*,#2121,.F.);
#2121 = EDGE_CURVE('',#2122,#1772,#2124,.T.);
#2122 = VERTEX_POINT('',#2123);
#2123 = CARTESIAN_POINT('',(57.4,26.1,28.3));
#2124 = LINE('',#2125,#2126);
#2125 = CARTESIAN_POINT('',(57.4,26.1,26.3));
#2126 = VECTOR('',#2127,1.);
#2127 = DIRECTION('',(0.,0.,1.));
#2128 = ORIENTED_EDGE('',*,*,#2129,.F.);
#2129 = EDGE_CURVE('',#2130,#2122,#2132,.T.);
#2130 = VERTEX_POINT('',#2131);
#2131 = CARTESIAN_POINT('',(21.6,26.1,28.3));
#2132 = LINE('',#2133,#2134);
#2133 = CARTESIAN_POINT('',(19.1,26.1,28.3));
#2134 = VECTOR('',#2135,1.);
#2135 = DIRECTION('',(1.,0.,0.));
#2136 = ORIENTED_EDGE('',*,*,#2137,.T.);
#2137 = EDGE_CURVE('',#2130,#1774,#2138,.T.);
#2138 = LINE('',#2139,#2140);
#2139 = CARTESIAN_POINT('',(21.6,26.1,26.3));
#2140 = VECTOR('',#2141,1.);
#2141 = DIRECTION('',(0.,0.,1.));
#2142 = ORIENTED_EDGE('',*,*,#1771,.F.);
#2143 = PLANE('',#2144);
#2144 = AXIS2_PLACEMENT_3D('',#2145,#2146,#2147);
#2145 = CARTESIAN_POINT('',(19.1,26.1,23.9));
#2146 = DIRECTION('',(0.,1.,0.));
#2147 = DIRECTION('',(0.,0.,1.));
#2148 = ADVANCED_FACE('',(#2149),#2175,.T.);
#2149 = FACE_BOUND('',#2150,.T.);
#2150 = EDGE_LOOP('',(#2151,#2152,#2160,#2168,#2174));
#2151 = ORIENTED_EDGE('',*,*,#2137,.F.);
#2152 = ORIENTED_EDGE('',*,*,#2153,.F.);
#2153 = EDGE_CURVE('',#2154,#2130,#2156,.T.);
#2154 = VERTEX_POINT('',#2155);
#2155 = CARTESIAN_POINT('',(21.6,28.1,26.3));
#2156 = LINE('',#2157,#2158);
#2157 = CARTESIAN_POINT('',(21.6,27.6,26.8));
#2158 = VECTOR('',#2159,1.);
#2159 = DIRECTION('',(0.,-0.707106781187,0.707106781187));
#2160 = ORIENTED_EDGE('',*,*,#2161,.T.);
#2161 = EDGE_CURVE('',#2154,#2162,#2164,.T.);
#2162 = VERTEX_POINT('',#2163);
#2163 = CARTESIAN_POINT('',(21.6,28.6,26.3));
#2164 = LINE('',#2165,#2166);
#2165 = CARTESIAN_POINT('',(21.6,26.1,26.3));
#2166 = VECTOR('',#2167,1.);
#2167 = DIRECTION('',(0.,1.,0.));
#2168 = ORIENTED_EDGE('',*,*,#2169,.T.);
#2169 = EDGE_CURVE('',#2162,#1782,#2170,.T.);
#2170 = LINE('',#2171,#2172);
#2171 = CARTESIAN_POINT('',(21.6,28.6,26.3));
#2172 = VECTOR('',#2173,1.);
#2173 = DIRECTION('',(0.,0.,1.));
#2174 = ORIENTED_EDGE('',*,*,#1781,.F.);
#2175 = PLANE('',#2176);
#2176 = AXIS2_PLACEMENT_3D('',#2177,#2178,#2179);
#2177 = CARTESIAN_POINT('',(21.6,26.1,26.3));
#2178 = DIRECTION('',(1.,0.,0.));
#2179 = DIRECTION('',(0.,0.,1.));
#2180 = ADVANCED_FACE('',(#2181),#2207,.T.);
#2181 = FACE_BOUND('',#2182,.T.);
#2182 = EDGE_LOOP('',(#2183,#2191,#2199,#2205,#2206));
#2183 = ORIENTED_EDGE('',*,*,#2184,.F.);
#2184 = EDGE_CURVE('',#2185,#2162,#2187,.T.);
#2185 = VERTEX_POINT('',#2186);
#2186 = CARTESIAN_POINT('',(21.1,28.6,26.3));
#2187 = LINE('',#2188,#2189);
#2188 = CARTESIAN_POINT('',(19.1,28.6,26.3));
#2189 = VECTOR('',#2190,1.);
#2190 = DIRECTION('',(1.,0.,0.));
#2191 = ORIENTED_EDGE('',*,*,#2192,.T.);
#2192 = EDGE_CURVE('',#2185,#2193,#2195,.T.);
#2193 = VERTEX_POINT('',#2194);
#2194 = CARTESIAN_POINT('',(19.1,28.6,28.3));
#2195 = LINE('',#2196,#2197);
#2196 = CARTESIAN_POINT('',(20.6,28.6,26.8));
#2197 = VECTOR('',#2198,1.);
#2198 = DIRECTION('',(-0.707106781187,0.,0.707106781187));
#2199 = ORIENTED_EDGE('',*,*,#2200,.T.);
#2200 = EDGE_CURVE('',#2193,#1790,#2201,.T.);
#2201 = LINE('',#2202,#2203);
#2202 = CARTESIAN_POINT('',(19.1,28.6,26.3));
#2203 = VECTOR('',#2204,1.);
#2204 = DIRECTION('',(0.,0.,1.));
#2205 = ORIENTED_EDGE('',*,*,#1789,.T.);
#2206 = ORIENTED_EDGE('',*,*,#2169,.F.);
#2207 = PLANE('',#2208);
#2208 = AXIS2_PLACEMENT_3D('',#2209,#2210,#2211);
#2209 = CARTESIAN_POINT('',(19.1,28.6,26.3));
#2210 = DIRECTION('',(0.,1.,0.));
#2211 = DIRECTION('',(0.,0.,1.));
#2212 = ADVANCED_FACE('',(#2213),#2295,.T.);
#2213 = FACE_BOUND('',#2214,.T.);
#2214 = EDGE_LOOP('',(#2215,#2216,#2224,#2232,#2240,#2248,#2256,#2264,
    #2272,#2280,#2288,#2294));
#2215 = ORIENTED_EDGE('',*,*,#2200,.F.);
#2216 = ORIENTED_EDGE('',*,*,#2217,.T.);
#2217 = EDGE_CURVE('',#2193,#2218,#2220,.T.);
#2218 = VERTEX_POINT('',#2219);
#2219 = CARTESIAN_POINT('',(19.1,30.875,28.3));
#2220 = LINE('',#2221,#2222);
#2221 = CARTESIAN_POINT('',(19.1,26.1,28.3));
#2222 = VECTOR('',#2223,1.);
#2223 = DIRECTION('',(0.,1.,0.));
#2224 = ORIENTED_EDGE('',*,*,#2225,.T.);
#2225 = EDGE_CURVE('',#2218,#2226,#2228,.T.);
#2226 = VERTEX_POINT('',#2227);
#2227 = CARTESIAN_POINT('',(19.1,30.875,30.6));
#2228 = LINE('',#2229,#2230);
#2229 = CARTESIAN_POINT('',(19.1,30.875,26.3));
#2230 = VECTOR('',#2231,1.);
#2231 = DIRECTION('',(0.,0.,1.));
#2232 = ORIENTED_EDGE('',*,*,#2233,.T.);
#2233 = EDGE_CURVE('',#2226,#2234,#2236,.T.);
#2234 = VERTEX_POINT('',#2235);
#2235 = CARTESIAN_POINT('',(19.1,32.875,30.6));
#2236 = LINE('',#2237,#2238);
#2237 = CARTESIAN_POINT('',(19.1,30.875,30.6));
#2238 = VECTOR('',#2239,1.);
#2239 = DIRECTION('',(0.,1.,0.));
#2240 = ORIENTED_EDGE('',*,*,#2241,.F.);
#2241 = EDGE_CURVE('',#2242,#2234,#2244,.T.);
#2242 = VERTEX_POINT('',#2243);
#2243 = CARTESIAN_POINT('',(19.1,32.875,28.3));
#2244 = LINE('',#2245,#2246);
#2245 = CARTESIAN_POINT('',(19.1,32.875,26.3));
#2246 = VECTOR('',#2247,1.);
#2247 = DIRECTION('',(0.,0.,1.));
#2248 = ORIENTED_EDGE('',*,*,#2249,.T.);
#2249 = EDGE_CURVE('',#2242,#2250,#2252,.T.);
#2250 = VERTEX_POINT('',#2251);
#2251 = CARTESIAN_POINT('',(19.1,85.125,28.3));
#2252 = LINE('',#2253,#2254);
#2253 = CARTESIAN_POINT('',(19.1,26.1,28.3));
#2254 = VECTOR('',#2255,1.);
#2255 = DIRECTION('',(0.,1.,0.));
#2256 = ORIENTED_EDGE('',*,*,#2257,.T.);
#2257 = EDGE_CURVE('',#2250,#2258,#2260,.T.);
#2258 = VERTEX_POINT('',#2259);
#2259 = CARTESIAN_POINT('',(19.1,85.125,30.6));
#2260 = LINE('',#2261,#2262);
#2261 = CARTESIAN_POINT('',(19.1,85.125,26.3));
#2262 = VECTOR('',#2263,1.);
#2263 = DIRECTION('',(0.,0.,1.));
#2264 = ORIENTED_EDGE('',*,*,#2265,.T.);
#2265 = EDGE_CURVE('',#2258,#2266,#2268,.T.);
#2266 = VERTEX_POINT('',#2267);
#2267 = CARTESIAN_POINT('',(19.1,87.125,30.6));
#2268 = LINE('',#2269,#2270);
#2269 = CARTESIAN_POINT('',(19.1,85.125,30.6));
#2270 = VECTOR('',#2271,1.);
#2271 = DIRECTION('',(0.,1.,0.));
#2272 = ORIENTED_EDGE('',*,*,#2273,.F.);
#2273 = EDGE_CURVE('',#2274,#2266,#2276,.T.);
#2274 = VERTEX_POINT('',#2275);
#2275 = CARTESIAN_POINT('',(19.1,87.125,28.3));
#2276 = LINE('',#2277,#2278);
#2277 = CARTESIAN_POINT('',(19.1,87.125,26.3));
#2278 = VECTOR('',#2279,1.);
#2279 = DIRECTION('',(0.,0.,1.));
#2280 = ORIENTED_EDGE('',*,*,#2281,.T.);
#2281 = EDGE_CURVE('',#2274,#2282,#2284,.T.);
#2282 = VERTEX_POINT('',#2283);
#2283 = CARTESIAN_POINT('',(19.1,89.4,28.3));
#2284 = LINE('',#2285,#2286);
#2285 = CARTESIAN_POINT('',(19.1,26.1,28.3));
#2286 = VECTOR('',#2287,1.);
#2287 = DIRECTION('',(0.,1.,0.));
#2288 = ORIENTED_EDGE('',*,*,#2289,.T.);
#2289 = EDGE_CURVE('',#2282,#1798,#2290,.T.);
#2290 = LINE('',#2291,#2292);
#2291 = CARTESIAN_POINT('',(19.1,89.4,26.3));
#2292 = VECTOR('',#2293,1.);
#2293 = DIRECTION('',(0.,0.,1.));
#2294 = ORIENTED_EDGE('',*,*,#1797,.F.);
#2295 = PLANE('',#2296);
#2296 = AXIS2_PLACEMENT_3D('',#2297,#2298,#2299);
#2297 = CARTESIAN_POINT('',(19.1,26.1,23.9));
#2298 = DIRECTION('',(1.,0.,0.));
#2299 = DIRECTION('',(0.,0.,1.));
#2300 = ADVANCED_FACE('',(#2301),#2327,.F.);
#2301 = FACE_BOUND('',#2302,.F.);
#2302 = EDGE_LOOP('',(#2303,#2313,#2319,#2320,#2321));
#2303 = ORIENTED_EDGE('',*,*,#2304,.F.);
#2304 = EDGE_CURVE('',#2305,#2307,#2309,.T.);
#2305 = VERTEX_POINT('',#2306);
#2306 = CARTESIAN_POINT('',(21.1,89.4,26.3));
#2307 = VERTEX_POINT('',#2308);
#2308 = CARTESIAN_POINT('',(21.6,89.4,26.3));
#2309 = LINE('',#2310,#2311);
#2310 = CARTESIAN_POINT('',(19.1,89.4,26.3));
#2311 = VECTOR('',#2312,1.);
#2312 = DIRECTION('',(1.,0.,0.));
#2313 = ORIENTED_EDGE('',*,*,#2314,.T.);
#2314 = EDGE_CURVE('',#2305,#2282,#2315,.T.);
#2315 = LINE('',#2316,#2317);
#2316 = CARTESIAN_POINT('',(20.6,89.4,26.8));
#2317 = VECTOR('',#2318,1.);
#2318 = DIRECTION('',(-0.707106781187,0.,0.707106781187));
#2319 = ORIENTED_EDGE('',*,*,#2289,.T.);
#2320 = ORIENTED_EDGE('',*,*,#1805,.T.);
#2321 = ORIENTED_EDGE('',*,*,#2322,.F.);
#2322 = EDGE_CURVE('',#2307,#1806,#2323,.T.);
#2323 = LINE('',#2324,#2325);
#2324 = CARTESIAN_POINT('',(21.6,89.4,26.3));
#2325 = VECTOR('',#2326,1.);
#2326 = DIRECTION('',(0.,0.,1.));
#2327 = PLANE('',#2328);
#2328 = AXIS2_PLACEMENT_3D('',#2329,#2330,#2331);
#2329 = CARTESIAN_POINT('',(19.1,89.4,26.3));
#2330 = DIRECTION('',(0.,1.,0.));
#2331 = DIRECTION('',(0.,0.,1.));
#2332 = ADVANCED_FACE('',(#2333),#2359,.T.);
#2333 = FACE_BOUND('',#2334,.T.);
#2334 = EDGE_LOOP('',(#2335,#2336,#2344,#2352,#2358));
#2335 = ORIENTED_EDGE('',*,*,#2322,.F.);
#2336 = ORIENTED_EDGE('',*,*,#2337,.T.);
#2337 = EDGE_CURVE('',#2307,#2338,#2340,.T.);
#2338 = VERTEX_POINT('',#2339);
#2339 = CARTESIAN_POINT('',(21.6,89.9,26.3));
#2340 = LINE('',#2341,#2342);
#2341 = CARTESIAN_POINT('',(21.6,89.4,26.3));
#2342 = VECTOR('',#2343,1.);
#2343 = DIRECTION('',(0.,1.,0.));
#2344 = ORIENTED_EDGE('',*,*,#2345,.T.);
#2345 = EDGE_CURVE('',#2338,#2346,#2348,.T.);
#2346 = VERTEX_POINT('',#2347);
#2347 = CARTESIAN_POINT('',(21.6,91.9,28.3));
#2348 = LINE('',#2349,#2350);
#2349 = CARTESIAN_POINT('',(21.6,89.775,26.175));
#2350 = VECTOR('',#2351,1.);
#2351 = DIRECTION('',(0.,0.707106781187,0.707106781187));
#2352 = ORIENTED_EDGE('',*,*,#2353,.T.);
#2353 = EDGE_CURVE('',#2346,#1814,#2354,.T.);
#2354 = LINE('',#2355,#2356);
#2355 = CARTESIAN_POINT('',(21.6,91.9,26.3));
#2356 = VECTOR('',#2357,1.);
#2357 = DIRECTION('',(0.,0.,1.));
#2358 = ORIENTED_EDGE('',*,*,#1813,.F.);
#2359 = PLANE('',#2360);
#2360 = AXIS2_PLACEMENT_3D('',#2361,#2362,#2363);
#2361 = CARTESIAN_POINT('',(21.6,89.4,26.3));
#2362 = DIRECTION('',(1.,0.,0.));
#2363 = DIRECTION('',(0.,0.,1.));
#2364 = ADVANCED_FACE('',(#2365),#2383,.F.);
#2365 = FACE_BOUND('',#2366,.F.);
#2366 = EDGE_LOOP('',(#2367,#2375,#2381,#2382));
#2367 = ORIENTED_EDGE('',*,*,#2368,.F.);
#2368 = EDGE_CURVE('',#2369,#1822,#2371,.T.);
#2369 = VERTEX_POINT('',#2370);
#2370 = CARTESIAN_POINT('',(57.4,91.9,28.3));
#2371 = LINE('',#2372,#2373);
#2372 = CARTESIAN_POINT('',(57.4,91.9,26.3));
#2373 = VECTOR('',#2374,1.);
#2374 = DIRECTION('',(0.,0.,1.));
#2375 = ORIENTED_EDGE('',*,*,#2376,.F.);
#2376 = EDGE_CURVE('',#2346,#2369,#2377,.T.);
#2377 = LINE('',#2378,#2379);
#2378 = CARTESIAN_POINT('',(19.1,91.9,28.3));
#2379 = VECTOR('',#2380,1.);
#2380 = DIRECTION('',(1.,0.,0.));
#2381 = ORIENTED_EDGE('',*,*,#2353,.T.);
#2382 = ORIENTED_EDGE('',*,*,#1821,.F.);
#2383 = PLANE('',#2384);
#2384 = AXIS2_PLACEMENT_3D('',#2385,#2386,#2387);
#2385 = CARTESIAN_POINT('',(19.1,91.9,23.9));
#2386 = DIRECTION('',(0.,1.,0.));
#2387 = DIRECTION('',(0.,0.,1.));
#2388 = ADVANCED_FACE('',(#2389),#2415,.F.);
#2389 = FACE_BOUND('',#2390,.F.);
#2390 = EDGE_LOOP('',(#2391,#2399,#2407,#2413,#2414));
#2391 = ORIENTED_EDGE('',*,*,#2392,.F.);
#2392 = EDGE_CURVE('',#2393,#1830,#2395,.T.);
#2393 = VERTEX_POINT('',#2394);
#2394 = CARTESIAN_POINT('',(57.4,89.4,26.3));
#2395 = LINE('',#2396,#2397);
#2396 = CARTESIAN_POINT('',(57.4,89.4,26.3));
#2397 = VECTOR('',#2398,1.);
#2398 = DIRECTION('',(0.,0.,1.));
#2399 = ORIENTED_EDGE('',*,*,#2400,.T.);
#2400 = EDGE_CURVE('',#2393,#2401,#2403,.T.);
#2401 = VERTEX_POINT('',#2402);
#2402 = CARTESIAN_POINT('',(57.4,89.9,26.3));
#2403 = LINE('',#2404,#2405);
#2404 = CARTESIAN_POINT('',(57.4,89.4,26.3));
#2405 = VECTOR('',#2406,1.);
#2406 = DIRECTION('',(0.,1.,0.));
#2407 = ORIENTED_EDGE('',*,*,#2408,.T.);
#2408 = EDGE_CURVE('',#2401,#2369,#2409,.T.);
#2409 = LINE('',#2410,#2411);
#2410 = CARTESIAN_POINT('',(57.4,89.775,26.175));
#2411 = VECTOR('',#2412,1.);
#2412 = DIRECTION('',(0.,0.707106781187,0.707106781187));
#2413 = ORIENTED_EDGE('',*,*,#2368,.T.);
#2414 = ORIENTED_EDGE('',*,*,#1829,.F.);
#2415 = PLANE('',#2416);
#2416 = AXIS2_PLACEMENT_3D('',#2417,#2418,#2419);
#2417 = CARTESIAN_POINT('',(57.4,89.4,26.3));
#2418 = DIRECTION('',(1.,0.,0.));
#2419 = DIRECTION('',(0.,0.,1.));
#2420 = ADVANCED_FACE('',(#2421),#2447,.F.);
#2421 = FACE_BOUND('',#2422,.F.);
#2422 = EDGE_LOOP('',(#2423,#2431,#2432,#2433,#2441));
#2423 = ORIENTED_EDGE('',*,*,#2424,.F.);
#2424 = EDGE_CURVE('',#2393,#2425,#2427,.T.);
#2425 = VERTEX_POINT('',#2426);
#2426 = CARTESIAN_POINT('',(57.9,89.4,26.3));
#2427 = LINE('',#2428,#2429);
#2428 = CARTESIAN_POINT('',(57.4,89.4,26.3));
#2429 = VECTOR('',#2430,1.);
#2430 = DIRECTION('',(1.,0.,0.));
#2431 = ORIENTED_EDGE('',*,*,#2392,.T.);
#2432 = ORIENTED_EDGE('',*,*,#1837,.T.);
#2433 = ORIENTED_EDGE('',*,*,#2434,.F.);
#2434 = EDGE_CURVE('',#2435,#1838,#2437,.T.);
#2435 = VERTEX_POINT('',#2436);
#2436 = CARTESIAN_POINT('',(59.9,89.4,28.3));
#2437 = LINE('',#2438,#2439);
#2438 = CARTESIAN_POINT('',(59.9,89.4,26.3));
#2439 = VECTOR('',#2440,1.);
#2440 = DIRECTION('',(0.,0.,1.));
#2441 = ORIENTED_EDGE('',*,*,#2442,.F.);
#2442 = EDGE_CURVE('',#2425,#2435,#2443,.T.);
#2443 = LINE('',#2444,#2445);
#2444 = CARTESIAN_POINT('',(57.775,89.4,26.175));
#2445 = VECTOR('',#2446,1.);
#2446 = DIRECTION('',(0.707106781187,0.,0.707106781187));
#2447 = PLANE('',#2448);
#2448 = AXIS2_PLACEMENT_3D('',#2449,#2450,#2451);
#2449 = CARTESIAN_POINT('',(57.4,89.4,26.3));
#2450 = DIRECTION('',(0.,1.,0.));
#2451 = DIRECTION('',(0.,0.,1.));
#2452 = ADVANCED_FACE('',(#2453),#2535,.F.);
#2453 = FACE_BOUND('',#2454,.F.);
#2454 = EDGE_LOOP('',(#2455,#2463,#2471,#2479,#2487,#2495,#2503,#2511,
    #2519,#2527,#2533,#2534));
#2455 = ORIENTED_EDGE('',*,*,#2456,.F.);
#2456 = EDGE_CURVE('',#2457,#1846,#2459,.T.);
#2457 = VERTEX_POINT('',#2458);
#2458 = CARTESIAN_POINT('',(59.9,28.6,28.3));
#2459 = LINE('',#2460,#2461);
#2460 = CARTESIAN_POINT('',(59.9,28.6,26.3));
#2461 = VECTOR('',#2462,1.);
#2462 = DIRECTION('',(0.,0.,1.));
#2463 = ORIENTED_EDGE('',*,*,#2464,.T.);
#2464 = EDGE_CURVE('',#2457,#2465,#2467,.T.);
#2465 = VERTEX_POINT('',#2466);
#2466 = CARTESIAN_POINT('',(59.9,30.875,28.3));
#2467 = LINE('',#2468,#2469);
#2468 = CARTESIAN_POINT('',(59.9,26.1,28.3));
#2469 = VECTOR('',#2470,1.);
#2470 = DIRECTION('',(0.,1.,0.));
#2471 = ORIENTED_EDGE('',*,*,#2472,.T.);
#2472 = EDGE_CURVE('',#2465,#2473,#2475,.T.);
#2473 = VERTEX_POINT('',#2474);
#2474 = CARTESIAN_POINT('',(59.9,30.875,30.6));
#2475 = LINE('',#2476,#2477);
#2476 = CARTESIAN_POINT('',(59.9,30.875,26.3));
#2477 = VECTOR('',#2478,1.);
#2478 = DIRECTION('',(0.,0.,1.));
#2479 = ORIENTED_EDGE('',*,*,#2480,.T.);
#2480 = EDGE_CURVE('',#2473,#2481,#2483,.T.);
#2481 = VERTEX_POINT('',#2482);
#2482 = CARTESIAN_POINT('',(59.9,32.875,30.6));
#2483 = LINE('',#2484,#2485);
#2484 = CARTESIAN_POINT('',(59.9,30.875,30.6));
#2485 = VECTOR('',#2486,1.);
#2486 = DIRECTION('',(0.,1.,0.));
#2487 = ORIENTED_EDGE('',*,*,#2488,.F.);
#2488 = EDGE_CURVE('',#2489,#2481,#2491,.T.);
#2489 = VERTEX_POINT('',#2490);
#2490 = CARTESIAN_POINT('',(59.9,32.875,28.3));
#2491 = LINE('',#2492,#2493);
#2492 = CARTESIAN_POINT('',(59.9,32.875,26.3));
#2493 = VECTOR('',#2494,1.);
#2494 = DIRECTION('',(0.,0.,1.));
#2495 = ORIENTED_EDGE('',*,*,#2496,.T.);
#2496 = EDGE_CURVE('',#2489,#2497,#2499,.T.);
#2497 = VERTEX_POINT('',#2498);
#2498 = CARTESIAN_POINT('',(59.9,85.125,28.3));
#2499 = LINE('',#2500,#2501);
#2500 = CARTESIAN_POINT('',(59.9,26.1,28.3));
#2501 = VECTOR('',#2502,1.);
#2502 = DIRECTION('',(0.,1.,0.));
#2503 = ORIENTED_EDGE('',*,*,#2504,.T.);
#2504 = EDGE_CURVE('',#2497,#2505,#2507,.T.);
#2505 = VERTEX_POINT('',#2506);
#2506 = CARTESIAN_POINT('',(59.9,85.125,30.6));
#2507 = LINE('',#2508,#2509);
#2508 = CARTESIAN_POINT('',(59.9,85.125,26.3));
#2509 = VECTOR('',#2510,1.);
#2510 = DIRECTION('',(0.,0.,1.));
#2511 = ORIENTED_EDGE('',*,*,#2512,.T.);
#2512 = EDGE_CURVE('',#2505,#2513,#2515,.T.);
#2513 = VERTEX_POINT('',#2514);
#2514 = CARTESIAN_POINT('',(59.9,87.125,30.6));
#2515 = LINE('',#2516,#2517);
#2516 = CARTESIAN_POINT('',(59.9,85.125,30.6));
#2517 = VECTOR('',#2518,1.);
#2518 = DIRECTION('',(0.,1.,0.));
#2519 = ORIENTED_EDGE('',*,*,#2520,.F.);
#2520 = EDGE_CURVE('',#2521,#2513,#2523,.T.);
#2521 = VERTEX_POINT('',#2522);
#2522 = CARTESIAN_POINT('',(59.9,87.125,28.3));
#2523 = LINE('',#2524,#2525);
#2524 = CARTESIAN_POINT('',(59.9,87.125,26.3));
#2525 = VECTOR('',#2526,1.);
#2526 = DIRECTION('',(0.,0.,1.));
#2527 = ORIENTED_EDGE('',*,*,#2528,.T.);
#2528 = EDGE_CURVE('',#2521,#2435,#2529,.T.);
#2529 = LINE('',#2530,#2531);
#2530 = CARTESIAN_POINT('',(59.9,26.1,28.3));
#2531 = VECTOR('',#2532,1.);
#2532 = DIRECTION('',(0.,1.,0.));
#2533 = ORIENTED_EDGE('',*,*,#2434,.T.);
#2534 = ORIENTED_EDGE('',*,*,#1845,.F.);
#2535 = PLANE('',#2536);
#2536 = AXIS2_PLACEMENT_3D('',#2537,#2538,#2539);
#2537 = CARTESIAN_POINT('',(59.9,26.1,23.9));
#2538 = DIRECTION('',(1.,0.,0.));
#2539 = DIRECTION('',(0.,0.,1.));
#2540 = ADVANCED_FACE('',(#2541),#2567,.T.);
#2541 = FACE_BOUND('',#2542,.T.);
#2542 = EDGE_LOOP('',(#2543,#2553,#2559,#2560,#2561));
#2543 = ORIENTED_EDGE('',*,*,#2544,.F.);
#2544 = EDGE_CURVE('',#2545,#2547,#2549,.T.);
#2545 = VERTEX_POINT('',#2546);
#2546 = CARTESIAN_POINT('',(57.4,28.6,26.3));
#2547 = VERTEX_POINT('',#2548);
#2548 = CARTESIAN_POINT('',(57.9,28.6,26.3));
#2549 = LINE('',#2550,#2551);
#2550 = CARTESIAN_POINT('',(57.4,28.6,26.3));
#2551 = VECTOR('',#2552,1.);
#2552 = DIRECTION('',(1.,0.,0.));
#2553 = ORIENTED_EDGE('',*,*,#2554,.T.);
#2554 = EDGE_CURVE('',#2545,#1854,#2555,.T.);
#2555 = LINE('',#2556,#2557);
#2556 = CARTESIAN_POINT('',(57.4,28.6,26.3));
#2557 = VECTOR('',#2558,1.);
#2558 = DIRECTION('',(0.,0.,1.));
#2559 = ORIENTED_EDGE('',*,*,#1853,.T.);
#2560 = ORIENTED_EDGE('',*,*,#2456,.F.);
#2561 = ORIENTED_EDGE('',*,*,#2562,.F.);
#2562 = EDGE_CURVE('',#2547,#2457,#2563,.T.);
#2563 = LINE('',#2564,#2565);
#2564 = CARTESIAN_POINT('',(57.775,28.6,26.175));
#2565 = VECTOR('',#2566,1.);
#2566 = DIRECTION('',(0.707106781187,0.,0.707106781187));
#2567 = PLANE('',#2568);
#2568 = AXIS2_PLACEMENT_3D('',#2569,#2570,#2571);
#2569 = CARTESIAN_POINT('',(57.4,28.6,26.3));
#2570 = DIRECTION('',(0.,1.,0.));
#2571 = DIRECTION('',(0.,0.,1.));
#2572 = ADVANCED_FACE('',(#2573),#2592,.F.);
#2573 = FACE_BOUND('',#2574,.F.);
#2574 = EDGE_LOOP('',(#2575,#2576,#2584,#2590,#2591));
#2575 = ORIENTED_EDGE('',*,*,#2121,.F.);
#2576 = ORIENTED_EDGE('',*,*,#2577,.F.);
#2577 = EDGE_CURVE('',#2578,#2122,#2580,.T.);
#2578 = VERTEX_POINT('',#2579);
#2579 = CARTESIAN_POINT('',(57.4,28.1,26.3));
#2580 = LINE('',#2581,#2582);
#2581 = CARTESIAN_POINT('',(57.4,27.6,26.8));
#2582 = VECTOR('',#2583,1.);
#2583 = DIRECTION('',(0.,-0.707106781187,0.707106781187));
#2584 = ORIENTED_EDGE('',*,*,#2585,.T.);
#2585 = EDGE_CURVE('',#2578,#2545,#2586,.T.);
#2586 = LINE('',#2587,#2588);
#2587 = CARTESIAN_POINT('',(57.4,26.1,26.3));
#2588 = VECTOR('',#2589,1.);
#2589 = DIRECTION('',(0.,1.,0.));
#2590 = ORIENTED_EDGE('',*,*,#2554,.T.);
#2591 = ORIENTED_EDGE('',*,*,#1861,.F.);
#2592 = PLANE('',#2593);
#2593 = AXIS2_PLACEMENT_3D('',#2594,#2595,#2596);
#2594 = CARTESIAN_POINT('',(57.4,26.1,26.3));
#2595 = DIRECTION('',(1.,0.,0.));
#2596 = DIRECTION('',(0.,0.,1.));
#2597 = ADVANCED_FACE('',(#2598),#2609,.F.);
#2598 = FACE_BOUND('',#2599,.F.);
#2599 = EDGE_LOOP('',(#2600,#2601,#2607,#2608));
#2600 = ORIENTED_EDGE('',*,*,#2063,.F.);
#2601 = ORIENTED_EDGE('',*,*,#2602,.T.);
#2602 = EDGE_CURVE('',#2064,#1974,#2603,.T.);
#2603 = LINE('',#2604,#2605);
#2604 = CARTESIAN_POINT('',(28.7,128.5,20.));
#2605 = VECTOR('',#2606,1.);
#2606 = DIRECTION('',(0.,0.,1.));
#2607 = ORIENTED_EDGE('',*,*,#1973,.T.);
#2608 = ORIENTED_EDGE('',*,*,#2047,.T.);
#2609 = PLANE('',#2610);
#2610 = AXIS2_PLACEMENT_3D('',#2611,#2612,#2613);
#2611 = CARTESIAN_POINT('',(28.7,128.5,20.));
#2612 = DIRECTION('',(0.559857411278,-0.828588968691,0.));
#2613 = DIRECTION('',(-0.828588968691,-0.559857411278,0.));
#2614 = ADVANCED_FACE('',(#2615),#2642,.F.);
#2615 = FACE_BOUND('',#2616,.F.);
#2616 = EDGE_LOOP('',(#2617,#2625,#2633,#2639,#2640,#2641));
#2617 = ORIENTED_EDGE('',*,*,#2618,.F.);
#2618 = EDGE_CURVE('',#2619,#2000,#2621,.T.);
#2619 = VERTEX_POINT('',#2620);
#2620 = CARTESIAN_POINT('',(33.3,127.4,18.));
#2621 = LINE('',#2622,#2623);
#2622 = CARTESIAN_POINT('',(33.3,127.4,18.));
#2623 = VECTOR('',#2624,1.);
#2624 = DIRECTION('',(0.,0.,1.));
#2625 = ORIENTED_EDGE('',*,*,#2626,.F.);
#2626 = EDGE_CURVE('',#2627,#2619,#2629,.T.);
#2627 = VERTEX_POINT('',#2628);
#2628 = CARTESIAN_POINT('',(28.7,127.4,18.));
#2629 = LINE('',#2630,#2631);
#2630 = CARTESIAN_POINT('',(28.7,127.4,18.));
#2631 = VECTOR('',#2632,1.);
#2632 = DIRECTION('',(1.,0.,0.));
#2633 = ORIENTED_EDGE('',*,*,#2634,.T.);
#2634 = EDGE_CURVE('',#2627,#2072,#2635,.T.);
#2635 = LINE('',#2636,#2637);
#2636 = CARTESIAN_POINT('',(28.7,127.4,18.));
#2637 = VECTOR('',#2638,1.);
#2638 = DIRECTION('',(0.,0.,1.));
#2639 = ORIENTED_EDGE('',*,*,#2079,.T.);
#2640 = ORIENTED_EDGE('',*,*,#2106,.T.);
#2641 = ORIENTED_EDGE('',*,*,#1999,.T.);
#2642 = PLANE('',#2643);
#2643 = AXIS2_PLACEMENT_3D('',#2644,#2645,#2646);
#2644 = CARTESIAN_POINT('',(28.7,127.4,18.));
#2645 = DIRECTION('',(0.,1.,0.));
#2646 = DIRECTION('',(0.,0.,1.));
#2647 = ADVANCED_FACE('',(#2648),#2691,.T.);
#2648 = FACE_BOUND('',#2649,.T.);
#2649 = EDGE_LOOP('',(#2650,#2658,#2667,#2675,#2683,#2689,#2690));
#2650 = ORIENTED_EDGE('',*,*,#2651,.T.);
#2651 = EDGE_CURVE('',#2619,#2652,#2654,.T.);
#2652 = VERTEX_POINT('',#2653);
#2653 = CARTESIAN_POINT('',(33.3,128.15,18.));
#2654 = LINE('',#2655,#2656);
#2655 = CARTESIAN_POINT('',(33.3,127.4,18.));
#2656 = VECTOR('',#2657,1.);
#2657 = DIRECTION('',(0.,1.,0.));
#2658 = ORIENTED_EDGE('',*,*,#2659,.T.);
#2659 = EDGE_CURVE('',#2652,#2660,#2662,.T.);
#2660 = VERTEX_POINT('',#2661);
#2661 = CARTESIAN_POINT('',(33.3,128.85,17.3));
#2662 = CIRCLE('',#2663,0.7);
#2663 = AXIS2_PLACEMENT_3D('',#2664,#2665,#2666);
#2664 = CARTESIAN_POINT('',(33.3,128.15,17.3));
#2665 = DIRECTION('',(-1.,-0.,-0.));
#2666 = DIRECTION('',(0.,0.,-1.));
#2667 = ORIENTED_EDGE('',*,*,#2668,.F.);
#2668 = EDGE_CURVE('',#2669,#2660,#2671,.T.);
#2669 = VERTEX_POINT('',#2670);
#2670 = CARTESIAN_POINT('',(33.3,128.85,6.8));
#2671 = LINE('',#2672,#2673);
#2672 = CARTESIAN_POINT('',(33.3,128.85,6.2));
#2673 = VECTOR('',#2674,1.);
#2674 = DIRECTION('',(0.,0.,1.));
#2675 = ORIENTED_EDGE('',*,*,#2676,.T.);
#2676 = EDGE_CURVE('',#2669,#2677,#2679,.T.);
#2677 = VERTEX_POINT('',#2678);
#2678 = CARTESIAN_POINT('',(33.3,136.95,6.8));
#2679 = LINE('',#2680,#2681);
#2680 = CARTESIAN_POINT('',(33.3,128.85,6.8));
#2681 = VECTOR('',#2682,1.);
#2682 = DIRECTION('',(0.,1.,0.));
#2683 = ORIENTED_EDGE('',*,*,#2684,.T.);
#2684 = EDGE_CURVE('',#2677,#2008,#2685,.T.);
#2685 = LINE('',#2686,#2687);
#2686 = CARTESIAN_POINT('',(33.3,136.95,18.));
#2687 = VECTOR('',#2688,1.);
#2688 = DIRECTION('',(0.,0.,1.));
#2689 = ORIENTED_EDGE('',*,*,#2007,.F.);
#2690 = ORIENTED_EDGE('',*,*,#2618,.F.);
#2691 = PLANE('',#2692);
#2692 = AXIS2_PLACEMENT_3D('',#2693,#2694,#2695);
#2693 = CARTESIAN_POINT('',(33.3,132.36494152046,23.589941520468));
#2694 = DIRECTION('',(1.,0.,0.));
#2695 = DIRECTION('',(0.,0.,1.));
#2696 = ADVANCED_FACE('',(#2697),#2740,.T.);
#2697 = FACE_BOUND('',#2698,.T.);
#2698 = EDGE_LOOP('',(#2699,#2709,#2715,#2716,#2717,#2725,#2733));
#2699 = ORIENTED_EDGE('',*,*,#2700,.F.);
#2700 = EDGE_CURVE('',#2701,#2703,#2705,.T.);
#2701 = VERTEX_POINT('',#2702);
#2702 = CARTESIAN_POINT('',(28.7,136.95,18.));
#2703 = VERTEX_POINT('',#2704);
#2704 = CARTESIAN_POINT('',(29.6,136.95,18.));
#2705 = LINE('',#2706,#2707);
#2706 = CARTESIAN_POINT('',(28.7,136.95,18.));
#2707 = VECTOR('',#2708,1.);
#2708 = DIRECTION('',(1.,0.,0.));
#2709 = ORIENTED_EDGE('',*,*,#2710,.T.);
#2710 = EDGE_CURVE('',#2701,#2016,#2711,.T.);
#2711 = LINE('',#2712,#2713);
#2712 = CARTESIAN_POINT('',(28.7,136.95,18.));
#2713 = VECTOR('',#2714,1.);
#2714 = DIRECTION('',(0.,0.,1.));
#2715 = ORIENTED_EDGE('',*,*,#2015,.T.);
#2716 = ORIENTED_EDGE('',*,*,#2684,.F.);
#2717 = ORIENTED_EDGE('',*,*,#2718,.F.);
#2718 = EDGE_CURVE('',#2719,#2677,#2721,.T.);
#2719 = VERTEX_POINT('',#2720);
#2720 = CARTESIAN_POINT('',(30.3,136.95,6.8));
#2721 = LINE('',#2722,#2723);
#2722 = CARTESIAN_POINT('',(30.3,136.95,6.8));
#2723 = VECTOR('',#2724,1.);
#2724 = DIRECTION('',(1.,0.,0.));
#2725 = ORIENTED_EDGE('',*,*,#2726,.T.);
#2726 = EDGE_CURVE('',#2719,#2727,#2729,.T.);
#2727 = VERTEX_POINT('',#2728);
#2728 = CARTESIAN_POINT('',(30.3,136.95,17.3));
#2729 = LINE('',#2730,#2731);
#2730 = CARTESIAN_POINT('',(30.3,136.95,6.2));
#2731 = VECTOR('',#2732,1.);
#2732 = DIRECTION('',(0.,0.,1.));
#2733 = ORIENTED_EDGE('',*,*,#2734,.F.);
#2734 = EDGE_CURVE('',#2703,#2727,#2735,.T.);
#2735 = CIRCLE('',#2736,0.7);
#2736 = AXIS2_PLACEMENT_3D('',#2737,#2738,#2739);
#2737 = CARTESIAN_POINT('',(29.6,136.95,17.3));
#2738 = DIRECTION('',(0.,1.,0.));
#2739 = DIRECTION('',(0.,0.,1.));
#2740 = PLANE('',#2741);
#2741 = AXIS2_PLACEMENT_3D('',#2742,#2743,#2744);
#2742 = CARTESIAN_POINT('',(31.237037037037,136.95,23.637037037037));
#2743 = DIRECTION('',(0.,1.,0.));
#2744 = DIRECTION('',(0.,0.,1.));
#2745 = ADVANCED_FACE('',(#2746),#2759,.T.);
#2746 = FACE_BOUND('',#2747,.T.);
#2747 = EDGE_LOOP('',(#2748,#2749,#2750,#2751,#2752,#2753));
#2748 = ORIENTED_EDGE('',*,*,#2634,.T.);
#2749 = ORIENTED_EDGE('',*,*,#2071,.F.);
#2750 = ORIENTED_EDGE('',*,*,#2602,.T.);
#2751 = ORIENTED_EDGE('',*,*,#2023,.T.);
#2752 = ORIENTED_EDGE('',*,*,#2710,.F.);
#2753 = ORIENTED_EDGE('',*,*,#2754,.F.);
#2754 = EDGE_CURVE('',#2627,#2701,#2755,.T.);
#2755 = LINE('',#2756,#2757);
#2756 = CARTESIAN_POINT('',(28.7,127.4,18.));
#2757 = VECTOR('',#2758,1.);
#2758 = DIRECTION('',(0.,1.,0.));
#2759 = PLANE('',#2760);
#2760 = AXIS2_PLACEMENT_3D('',#2761,#2762,#2763);
#2761 = CARTESIAN_POINT('',(28.7,132.52365293185,28.651347068146));
#2762 = DIRECTION('',(-1.,-0.,-0.));
#2763 = DIRECTION('',(0.,0.,-1.));
#2764 = ADVANCED_FACE('',(#2765),#2776,.F.);
#2765 = FACE_BOUND('',#2766,.F.);
#2766 = EDGE_LOOP('',(#2767,#2768,#2769,#2775));
#2767 = ORIENTED_EDGE('',*,*,#2129,.F.);
#2768 = ORIENTED_EDGE('',*,*,#2153,.F.);
#2769 = ORIENTED_EDGE('',*,*,#2770,.T.);
#2770 = EDGE_CURVE('',#2154,#2578,#2771,.T.);
#2771 = LINE('',#2772,#2773);
#2772 = CARTESIAN_POINT('',(19.1,28.1,26.3));
#2773 = VECTOR('',#2774,1.);
#2774 = DIRECTION('',(1.,0.,0.));
#2775 = ORIENTED_EDGE('',*,*,#2577,.T.);
#2776 = PLANE('',#2777);
#2777 = AXIS2_PLACEMENT_3D('',#2778,#2779,#2780);
#2778 = CARTESIAN_POINT('',(19.1,28.1,26.3));
#2779 = DIRECTION('',(0.,-0.707106781187,-0.707106781187));
#2780 = DIRECTION('',(0.,-0.707106781187,0.707106781187));
#2781 = ADVANCED_FACE('',(#2782),#2897,.T.);
#2782 = FACE_BOUND('',#2783,.T.);
#2783 = EDGE_LOOP('',(#2784,#2792,#2793,#2794,#2795,#2796,#2797,#2805,
    #2814,#2822,#2831,#2837,#2838,#2839,#2845,#2846,#2847,#2855,#2864,
    #2873,#2881,#2890));
#2784 = ORIENTED_EDGE('',*,*,#2785,.F.);
#2785 = EDGE_CURVE('',#2185,#2786,#2788,.T.);
#2786 = VERTEX_POINT('',#2787);
#2787 = CARTESIAN_POINT('',(21.1,29.104169799501,26.3));
#2788 = LINE('',#2789,#2790);
#2789 = CARTESIAN_POINT('',(21.1,26.1,26.3));
#2790 = VECTOR('',#2791,1.);
#2791 = DIRECTION('',(0.,1.,0.));
#2792 = ORIENTED_EDGE('',*,*,#2184,.T.);
#2793 = ORIENTED_EDGE('',*,*,#2161,.F.);
#2794 = ORIENTED_EDGE('',*,*,#2770,.T.);
#2795 = ORIENTED_EDGE('',*,*,#2585,.T.);
#2796 = ORIENTED_EDGE('',*,*,#2544,.T.);
#2797 = ORIENTED_EDGE('',*,*,#2798,.T.);
#2798 = EDGE_CURVE('',#2547,#2799,#2801,.T.);
#2799 = VERTEX_POINT('',#2800);
#2800 = CARTESIAN_POINT('',(57.9,29.104169799501,26.3));
#2801 = LINE('',#2802,#2803);
#2802 = CARTESIAN_POINT('',(57.9,26.1,26.3));
#2803 = VECTOR('',#2804,1.);
#2804 = DIRECTION('',(0.,1.,0.));
#2805 = ORIENTED_EDGE('',*,*,#2806,.F.);
#2806 = EDGE_CURVE('',#2807,#2799,#2809,.T.);
#2807 = VERTEX_POINT('',#2808);
#2808 = CARTESIAN_POINT('',(57.9,34.645830200499,26.3));
#2809 = CIRCLE('',#2810,3.);
#2810 = AXIS2_PLACEMENT_3D('',#2811,#2812,#2813);
#2811 = CARTESIAN_POINT('',(56.75,31.875,26.3));
#2812 = DIRECTION('',(0.,0.,1.));
#2813 = DIRECTION('',(1.,0.,0.));
#2814 = ORIENTED_EDGE('',*,*,#2815,.T.);
#2815 = EDGE_CURVE('',#2807,#2816,#2818,.T.);
#2816 = VERTEX_POINT('',#2817);
#2817 = CARTESIAN_POINT('',(57.9,83.354169799501,26.3));
#2818 = LINE('',#2819,#2820);
#2819 = CARTESIAN_POINT('',(57.9,26.1,26.3));
#2820 = VECTOR('',#2821,1.);
#2821 = DIRECTION('',(0.,1.,0.));
#2822 = ORIENTED_EDGE('',*,*,#2823,.F.);
#2823 = EDGE_CURVE('',#2824,#2816,#2826,.T.);
#2824 = VERTEX_POINT('',#2825);
#2825 = CARTESIAN_POINT('',(57.9,88.895830200499,26.3));
#2826 = CIRCLE('',#2827,3.);
#2827 = AXIS2_PLACEMENT_3D('',#2828,#2829,#2830);
#2828 = CARTESIAN_POINT('',(56.75,86.125,26.3));
#2829 = DIRECTION('',(0.,0.,1.));
#2830 = DIRECTION('',(1.,0.,0.));
#2831 = ORIENTED_EDGE('',*,*,#2832,.T.);
#2832 = EDGE_CURVE('',#2824,#2425,#2833,.T.);
#2833 = LINE('',#2834,#2835);
#2834 = CARTESIAN_POINT('',(57.9,26.1,26.3));
#2835 = VECTOR('',#2836,1.);
#2836 = DIRECTION('',(0.,1.,0.));
#2837 = ORIENTED_EDGE('',*,*,#2424,.F.);
#2838 = ORIENTED_EDGE('',*,*,#2400,.T.);
#2839 = ORIENTED_EDGE('',*,*,#2840,.F.);
#2840 = EDGE_CURVE('',#2338,#2401,#2841,.T.);
#2841 = LINE('',#2842,#2843);
#2842 = CARTESIAN_POINT('',(19.1,89.9,26.3));
#2843 = VECTOR('',#2844,1.);
#2844 = DIRECTION('',(1.,0.,0.));
#2845 = ORIENTED_EDGE('',*,*,#2337,.F.);
#2846 = ORIENTED_EDGE('',*,*,#2304,.F.);
#2847 = ORIENTED_EDGE('',*,*,#2848,.F.);
#2848 = EDGE_CURVE('',#2849,#2305,#2851,.T.);
#2849 = VERTEX_POINT('',#2850);
#2850 = CARTESIAN_POINT('',(21.1,88.895830200499,26.3));
#2851 = LINE('',#2852,#2853);
#2852 = CARTESIAN_POINT('',(21.1,26.1,26.3));
#2853 = VECTOR('',#2854,1.);
#2854 = DIRECTION('',(0.,1.,0.));
#2855 = ORIENTED_EDGE('',*,*,#2856,.F.);
#2856 = EDGE_CURVE('',#2857,#2849,#2859,.T.);
#2857 = VERTEX_POINT('',#2858);
#2858 = CARTESIAN_POINT('',(25.25,86.125,26.3));
#2859 = CIRCLE('',#2860,3.);
#2860 = AXIS2_PLACEMENT_3D('',#2861,#2862,#2863);
#2861 = CARTESIAN_POINT('',(22.25,86.125,26.3));
#2862 = DIRECTION('',(0.,0.,1.));
#2863 = DIRECTION('',(1.,0.,0.));
#2864 = ORIENTED_EDGE('',*,*,#2865,.F.);
#2865 = EDGE_CURVE('',#2866,#2857,#2868,.T.);
#2866 = VERTEX_POINT('',#2867);
#2867 = CARTESIAN_POINT('',(21.1,83.354169799501,26.3));
#2868 = CIRCLE('',#2869,3.);
#2869 = AXIS2_PLACEMENT_3D('',#2870,#2871,#2872);
#2870 = CARTESIAN_POINT('',(22.25,86.125,26.3));
#2871 = DIRECTION('',(0.,0.,1.));
#2872 = DIRECTION('',(1.,0.,0.));
#2873 = ORIENTED_EDGE('',*,*,#2874,.F.);
#2874 = EDGE_CURVE('',#2875,#2866,#2877,.T.);
#2875 = VERTEX_POINT('',#2876);
#2876 = CARTESIAN_POINT('',(21.1,34.645830200499,26.3));
#2877 = LINE('',#2878,#2879);
#2878 = CARTESIAN_POINT('',(21.1,26.1,26.3));
#2879 = VECTOR('',#2880,1.);
#2880 = DIRECTION('',(0.,1.,0.));
#2881 = ORIENTED_EDGE('',*,*,#2882,.F.);
#2882 = EDGE_CURVE('',#2883,#2875,#2885,.T.);
#2883 = VERTEX_POINT('',#2884);
#2884 = CARTESIAN_POINT('',(25.25,31.875,26.3));
#2885 = CIRCLE('',#2886,3.);
#2886 = AXIS2_PLACEMENT_3D('',#2887,#2888,#2889);
#2887 = CARTESIAN_POINT('',(22.25,31.875,26.3));
#2888 = DIRECTION('',(0.,0.,1.));
#2889 = DIRECTION('',(1.,0.,0.));
#2890 = ORIENTED_EDGE('',*,*,#2891,.F.);
#2891 = EDGE_CURVE('',#2786,#2883,#2892,.T.);
#2892 = CIRCLE('',#2893,3.);
#2893 = AXIS2_PLACEMENT_3D('',#2894,#2895,#2896);
#2894 = CARTESIAN_POINT('',(22.25,31.875,26.3));
#2895 = DIRECTION('',(0.,0.,1.));
#2896 = DIRECTION('',(1.,0.,0.));
#2897 = PLANE('',#2898);
#2898 = AXIS2_PLACEMENT_3D('',#2899,#2900,#2901);
#2899 = CARTESIAN_POINT('',(18.1,23.7,26.3));
#2900 = DIRECTION('',(0.,0.,1.));
#2901 = DIRECTION('',(1.,0.,0.));
#2902 = ADVANCED_FACE('',(#2903),#2923,.T.);
#2903 = FACE_BOUND('',#2904,.T.);
#2904 = EDGE_LOOP('',(#2905,#2906,#2907,#2908,#2917));
#2905 = ORIENTED_EDGE('',*,*,#2217,.F.);
#2906 = ORIENTED_EDGE('',*,*,#2192,.F.);
#2907 = ORIENTED_EDGE('',*,*,#2785,.T.);
#2908 = ORIENTED_EDGE('',*,*,#2909,.F.);
#2909 = EDGE_CURVE('',#2910,#2786,#2912,.T.);
#2910 = VERTEX_POINT('',#2911);
#2911 = CARTESIAN_POINT('',(19.421572875254,30.875,27.978427124746));
#2912 = ELLIPSE('',#2913,4.242640687119,3.);
#2913 = AXIS2_PLACEMENT_3D('',#2914,#2915,#2916);
#2914 = CARTESIAN_POINT('',(22.25,31.875,25.15));
#2915 = DIRECTION('',(0.707106781187,0.,0.707106781187));
#2916 = DIRECTION('',(-0.707106781187,0.,0.707106781187));
#2917 = ORIENTED_EDGE('',*,*,#2918,.T.);
#2918 = EDGE_CURVE('',#2910,#2218,#2919,.T.);
#2919 = LINE('',#2920,#2921);
#2920 = CARTESIAN_POINT('',(20.6,30.875,26.8));
#2921 = VECTOR('',#2922,1.);
#2922 = DIRECTION('',(-0.707106781187,0.,0.707106781187));
#2923 = PLANE('',#2924);
#2924 = AXIS2_PLACEMENT_3D('',#2925,#2926,#2927);
#2925 = CARTESIAN_POINT('',(21.1,26.1,26.3));
#2926 = DIRECTION('',(0.707106781187,0.,0.707106781187));
#2927 = DIRECTION('',(-0.707106781187,0.,0.707106781187));
#2928 = ADVANCED_FACE('',(#2929),#2949,.T.);
#2929 = FACE_BOUND('',#2930,.T.);
#2930 = EDGE_LOOP('',(#2931,#2932,#2940,#2947,#2948));
#2931 = ORIENTED_EDGE('',*,*,#2281,.F.);
#2932 = ORIENTED_EDGE('',*,*,#2933,.F.);
#2933 = EDGE_CURVE('',#2934,#2274,#2936,.T.);
#2934 = VERTEX_POINT('',#2935);
#2935 = CARTESIAN_POINT('',(19.421572875254,87.125,27.978427124746));
#2936 = LINE('',#2937,#2938);
#2937 = CARTESIAN_POINT('',(20.6,87.125,26.8));
#2938 = VECTOR('',#2939,1.);
#2939 = DIRECTION('',(-0.707106781187,0.,0.707106781187));
#2940 = ORIENTED_EDGE('',*,*,#2941,.F.);
#2941 = EDGE_CURVE('',#2849,#2934,#2942,.T.);
#2942 = ELLIPSE('',#2943,4.242640687119,3.);
#2943 = AXIS2_PLACEMENT_3D('',#2944,#2945,#2946);
#2944 = CARTESIAN_POINT('',(22.25,86.125,25.15));
#2945 = DIRECTION('',(0.707106781187,0.,0.707106781187));
#2946 = DIRECTION('',(-0.707106781187,0.,0.707106781187));
#2947 = ORIENTED_EDGE('',*,*,#2848,.T.);
#2948 = ORIENTED_EDGE('',*,*,#2314,.T.);
#2949 = PLANE('',#2950);
#2950 = AXIS2_PLACEMENT_3D('',#2951,#2952,#2953);
#2951 = CARTESIAN_POINT('',(21.1,26.1,26.3));
#2952 = DIRECTION('',(0.707106781187,0.,0.707106781187));
#2953 = DIRECTION('',(-0.707106781187,0.,0.707106781187));
#2954 = ADVANCED_FACE('',(#2955),#2973,.T.);
#2955 = FACE_BOUND('',#2956,.T.);
#2956 = EDGE_LOOP('',(#2957,#2958,#2959,#2967));
#2957 = ORIENTED_EDGE('',*,*,#2933,.T.);
#2958 = ORIENTED_EDGE('',*,*,#2273,.T.);
#2959 = ORIENTED_EDGE('',*,*,#2960,.T.);
#2960 = EDGE_CURVE('',#2266,#2961,#2963,.T.);
#2961 = VERTEX_POINT('',#2962);
#2962 = CARTESIAN_POINT('',(19.421572875254,87.125,30.6));
#2963 = LINE('',#2964,#2965);
#2964 = CARTESIAN_POINT('',(19.1,87.125,30.6));
#2965 = VECTOR('',#2966,1.);
#2966 = DIRECTION('',(1.,0.,0.));
#2967 = ORIENTED_EDGE('',*,*,#2968,.F.);
#2968 = EDGE_CURVE('',#2934,#2961,#2969,.T.);
#2969 = LINE('',#2970,#2971);
#2970 = CARTESIAN_POINT('',(19.421572875254,87.125,26.3));
#2971 = VECTOR('',#2972,1.);
#2972 = DIRECTION('',(0.,0.,1.));
#2973 = PLANE('',#2974);
#2974 = AXIS2_PLACEMENT_3D('',#2975,#2976,#2977);
#2975 = CARTESIAN_POINT('',(19.1,87.125,26.3));
#2976 = DIRECTION('',(0.,1.,0.));
#2977 = DIRECTION('',(0.,0.,1.));
#2978 = ADVANCED_FACE('',(#2979),#2998,.T.);
#2979 = FACE_BOUND('',#2980,.T.);
#2980 = EDGE_LOOP('',(#2981,#2982,#2990,#2997));
#2981 = ORIENTED_EDGE('',*,*,#2265,.F.);
#2982 = ORIENTED_EDGE('',*,*,#2983,.T.);
#2983 = EDGE_CURVE('',#2258,#2984,#2986,.T.);
#2984 = VERTEX_POINT('',#2985);
#2985 = CARTESIAN_POINT('',(19.421572875254,85.125,30.6));
#2986 = LINE('',#2987,#2988);
#2987 = CARTESIAN_POINT('',(19.1,85.125,30.6));
#2988 = VECTOR('',#2989,1.);
#2989 = DIRECTION('',(1.,0.,0.));
#2990 = ORIENTED_EDGE('',*,*,#2991,.F.);
#2991 = EDGE_CURVE('',#2961,#2984,#2992,.T.);
#2992 = CIRCLE('',#2993,3.);
#2993 = AXIS2_PLACEMENT_3D('',#2994,#2995,#2996);
#2994 = CARTESIAN_POINT('',(22.25,86.125,30.6));
#2995 = DIRECTION('',(0.,0.,1.));
#2996 = DIRECTION('',(1.,0.,0.));
#2997 = ORIENTED_EDGE('',*,*,#2960,.F.);
#2998 = PLANE('',#2999);
#2999 = AXIS2_PLACEMENT_3D('',#3000,#3001,#3002);
#3000 = CARTESIAN_POINT('',(19.1,85.125,30.6));
#3001 = DIRECTION('',(0.,0.,1.));
#3002 = DIRECTION('',(1.,0.,0.));
#3003 = ADVANCED_FACE('',(#3004),#3022,.F.);
#3004 = FACE_BOUND('',#3005,.F.);
#3005 = EDGE_LOOP('',(#3006,#3014,#3015,#3016));
#3006 = ORIENTED_EDGE('',*,*,#3007,.T.);
#3007 = EDGE_CURVE('',#3008,#2250,#3010,.T.);
#3008 = VERTEX_POINT('',#3009);
#3009 = CARTESIAN_POINT('',(19.421572875254,85.125,27.978427124746));
#3010 = LINE('',#3011,#3012);
#3011 = CARTESIAN_POINT('',(20.6,85.125,26.8));
#3012 = VECTOR('',#3013,1.);
#3013 = DIRECTION('',(-0.707106781187,0.,0.707106781187));
#3014 = ORIENTED_EDGE('',*,*,#2257,.T.);
#3015 = ORIENTED_EDGE('',*,*,#2983,.T.);
#3016 = ORIENTED_EDGE('',*,*,#3017,.F.);
#3017 = EDGE_CURVE('',#3008,#2984,#3018,.T.);
#3018 = LINE('',#3019,#3020);
#3019 = CARTESIAN_POINT('',(19.421572875254,85.125,26.3));
#3020 = VECTOR('',#3021,1.);
#3021 = DIRECTION('',(0.,0.,1.));
#3022 = PLANE('',#3023);
#3023 = AXIS2_PLACEMENT_3D('',#3024,#3025,#3026);
#3024 = CARTESIAN_POINT('',(19.1,85.125,26.3));
#3025 = DIRECTION('',(0.,1.,0.));
#3026 = DIRECTION('',(0.,0.,1.));
#3027 = ADVANCED_FACE('',(#3028),#3055,.T.);
#3028 = FACE_BOUND('',#3029,.T.);
#3029 = EDGE_LOOP('',(#3030,#3031,#3039,#3046,#3047,#3054));
#3030 = ORIENTED_EDGE('',*,*,#2249,.F.);
#3031 = ORIENTED_EDGE('',*,*,#3032,.F.);
#3032 = EDGE_CURVE('',#3033,#2242,#3035,.T.);
#3033 = VERTEX_POINT('',#3034);
#3034 = CARTESIAN_POINT('',(19.421572875254,32.875,27.978427124746));
#3035 = LINE('',#3036,#3037);
#3036 = CARTESIAN_POINT('',(20.6,32.875,26.8));
#3037 = VECTOR('',#3038,1.);
#3038 = DIRECTION('',(-0.707106781187,0.,0.707106781187));
#3039 = ORIENTED_EDGE('',*,*,#3040,.F.);
#3040 = EDGE_CURVE('',#2875,#3033,#3041,.T.);
#3041 = ELLIPSE('',#3042,4.242640687119,3.);
#3042 = AXIS2_PLACEMENT_3D('',#3043,#3044,#3045);
#3043 = CARTESIAN_POINT('',(22.25,31.875,25.15));
#3044 = DIRECTION('',(0.707106781187,0.,0.707106781187));
#3045 = DIRECTION('',(-0.707106781187,0.,0.707106781187));
#3046 = ORIENTED_EDGE('',*,*,#2874,.T.);
#3047 = ORIENTED_EDGE('',*,*,#3048,.F.);
#3048 = EDGE_CURVE('',#3008,#2866,#3049,.T.);
#3049 = ELLIPSE('',#3050,4.242640687119,3.);
#3050 = AXIS2_PLACEMENT_3D('',#3051,#3052,#3053);
#3051 = CARTESIAN_POINT('',(22.25,86.125,25.15));
#3052 = DIRECTION('',(0.707106781187,0.,0.707106781187));
#3053 = DIRECTION('',(-0.707106781187,0.,0.707106781187));
#3054 = ORIENTED_EDGE('',*,*,#3007,.T.);
#3055 = PLANE('',#3056);
#3056 = AXIS2_PLACEMENT_3D('',#3057,#3058,#3059);
#3057 = CARTESIAN_POINT('',(21.1,26.1,26.3));
#3058 = DIRECTION('',(0.707106781187,0.,0.707106781187));
#3059 = DIRECTION('',(-0.707106781187,0.,0.707106781187));
#3060 = ADVANCED_FACE('',(#3061),#3079,.T.);
#3061 = FACE_BOUND('',#3062,.T.);
#3062 = EDGE_LOOP('',(#3063,#3064,#3065,#3073));
#3063 = ORIENTED_EDGE('',*,*,#3032,.T.);
#3064 = ORIENTED_EDGE('',*,*,#2241,.T.);
#3065 = ORIENTED_EDGE('',*,*,#3066,.T.);
#3066 = EDGE_CURVE('',#2234,#3067,#3069,.T.);
#3067 = VERTEX_POINT('',#3068);
#3068 = CARTESIAN_POINT('',(19.421572875254,32.875,30.6));
#3069 = LINE('',#3070,#3071);
#3070 = CARTESIAN_POINT('',(19.1,32.875,30.6));
#3071 = VECTOR('',#3072,1.);
#3072 = DIRECTION('',(1.,0.,0.));
#3073 = ORIENTED_EDGE('',*,*,#3074,.F.);
#3074 = EDGE_CURVE('',#3033,#3067,#3075,.T.);
#3075 = LINE('',#3076,#3077);
#3076 = CARTESIAN_POINT('',(19.421572875254,32.875,26.3));
#3077 = VECTOR('',#3078,1.);
#3078 = DIRECTION('',(0.,0.,1.));
#3079 = PLANE('',#3080);
#3080 = AXIS2_PLACEMENT_3D('',#3081,#3082,#3083);
#3081 = CARTESIAN_POINT('',(19.1,32.875,26.3));
#3082 = DIRECTION('',(0.,1.,0.));
#3083 = DIRECTION('',(0.,0.,1.));
#3084 = ADVANCED_FACE('',(#3085),#3104,.T.);
#3085 = FACE_BOUND('',#3086,.T.);
#3086 = EDGE_LOOP('',(#3087,#3088,#3096,#3103));
#3087 = ORIENTED_EDGE('',*,*,#2233,.F.);
#3088 = ORIENTED_EDGE('',*,*,#3089,.T.);
#3089 = EDGE_CURVE('',#2226,#3090,#3092,.T.);
#3090 = VERTEX_POINT('',#3091);
#3091 = CARTESIAN_POINT('',(19.421572875254,30.875,30.6));
#3092 = LINE('',#3093,#3094);
#3093 = CARTESIAN_POINT('',(19.1,30.875,30.6));
#3094 = VECTOR('',#3095,1.);
#3095 = DIRECTION('',(1.,0.,0.));
#3096 = ORIENTED_EDGE('',*,*,#3097,.F.);
#3097 = EDGE_CURVE('',#3067,#3090,#3098,.T.);
#3098 = CIRCLE('',#3099,3.);
#3099 = AXIS2_PLACEMENT_3D('',#3100,#3101,#3102);
#3100 = CARTESIAN_POINT('',(22.25,31.875,30.6));
#3101 = DIRECTION('',(0.,0.,1.));
#3102 = DIRECTION('',(1.,0.,0.));
#3103 = ORIENTED_EDGE('',*,*,#3066,.F.);
#3104 = PLANE('',#3105);
#3105 = AXIS2_PLACEMENT_3D('',#3106,#3107,#3108);
#3106 = CARTESIAN_POINT('',(19.1,30.875,30.6));
#3107 = DIRECTION('',(0.,0.,1.));
#3108 = DIRECTION('',(1.,0.,0.));
#3109 = ADVANCED_FACE('',(#3110),#3121,.F.);
#3110 = FACE_BOUND('',#3111,.F.);
#3111 = EDGE_LOOP('',(#3112,#3113,#3114,#3115));
#3112 = ORIENTED_EDGE('',*,*,#2918,.T.);
#3113 = ORIENTED_EDGE('',*,*,#2225,.T.);
#3114 = ORIENTED_EDGE('',*,*,#3089,.T.);
#3115 = ORIENTED_EDGE('',*,*,#3116,.F.);
#3116 = EDGE_CURVE('',#2910,#3090,#3117,.T.);
#3117 = LINE('',#3118,#3119);
#3118 = CARTESIAN_POINT('',(19.421572875254,30.875,26.3));
#3119 = VECTOR('',#3120,1.);
#3120 = DIRECTION('',(0.,0.,1.));
#3121 = PLANE('',#3122);
#3122 = AXIS2_PLACEMENT_3D('',#3123,#3124,#3125);
#3123 = CARTESIAN_POINT('',(19.1,30.875,26.3));
#3124 = DIRECTION('',(0.,1.,0.));
#3125 = DIRECTION('',(0.,0.,1.));
#3126 = ADVANCED_FACE('',(#3127),#3133,.T.);
#3127 = FACE_BOUND('',#3128,.T.);
#3128 = EDGE_LOOP('',(#3129,#3130,#3131,#3132));
#3129 = ORIENTED_EDGE('',*,*,#2376,.F.);
#3130 = ORIENTED_EDGE('',*,*,#2345,.F.);
#3131 = ORIENTED_EDGE('',*,*,#2840,.T.);
#3132 = ORIENTED_EDGE('',*,*,#2408,.T.);
#3133 = PLANE('',#3134);
#3134 = AXIS2_PLACEMENT_3D('',#3135,#3136,#3137);
#3135 = CARTESIAN_POINT('',(19.1,89.9,26.3));
#3136 = DIRECTION('',(0.,-0.707106781187,0.707106781187));
#3137 = DIRECTION('',(0.,0.707106781187,0.707106781187));
#3138 = ADVANCED_FACE('',(#3139),#3159,.F.);
#3139 = FACE_BOUND('',#3140,.F.);
#3140 = EDGE_LOOP('',(#3141,#3142,#3150,#3157,#3158));
#3141 = ORIENTED_EDGE('',*,*,#2528,.F.);
#3142 = ORIENTED_EDGE('',*,*,#3143,.F.);
#3143 = EDGE_CURVE('',#3144,#2521,#3146,.T.);
#3144 = VERTEX_POINT('',#3145);
#3145 = CARTESIAN_POINT('',(59.578427124746,87.125,27.978427124746));
#3146 = LINE('',#3147,#3148);
#3147 = CARTESIAN_POINT('',(57.6125,87.125,26.0125));
#3148 = VECTOR('',#3149,1.);
#3149 = DIRECTION('',(0.707106781187,0.,0.707106781187));
#3150 = ORIENTED_EDGE('',*,*,#3151,.F.);
#3151 = EDGE_CURVE('',#2824,#3144,#3152,.T.);
#3152 = ELLIPSE('',#3153,4.242640687119,3.);
#3153 = AXIS2_PLACEMENT_3D('',#3154,#3155,#3156);
#3154 = CARTESIAN_POINT('',(56.75,86.125,25.15));
#3155 = DIRECTION('',(0.707106781187,0.,-0.707106781187));
#3156 = DIRECTION('',(0.707106781187,0.,0.707106781187));
#3157 = ORIENTED_EDGE('',*,*,#2832,.T.);
#3158 = ORIENTED_EDGE('',*,*,#2442,.T.);
#3159 = PLANE('',#3160);
#3160 = AXIS2_PLACEMENT_3D('',#3161,#3162,#3163);
#3161 = CARTESIAN_POINT('',(57.9,26.1,26.3));
#3162 = DIRECTION('',(0.707106781187,0.,-0.707106781187));
#3163 = DIRECTION('',(0.707106781187,0.,0.707106781187));
#3164 = ADVANCED_FACE('',(#3165),#3183,.T.);
#3165 = FACE_BOUND('',#3166,.T.);
#3166 = EDGE_LOOP('',(#3167,#3168,#3169,#3177));
#3167 = ORIENTED_EDGE('',*,*,#2520,.F.);
#3168 = ORIENTED_EDGE('',*,*,#3143,.F.);
#3169 = ORIENTED_EDGE('',*,*,#3170,.T.);
#3170 = EDGE_CURVE('',#3144,#3171,#3173,.T.);
#3171 = VERTEX_POINT('',#3172);
#3172 = CARTESIAN_POINT('',(59.578427124746,87.125,30.6));
#3173 = LINE('',#3174,#3175);
#3174 = CARTESIAN_POINT('',(59.578427124746,87.125,26.3));
#3175 = VECTOR('',#3176,1.);
#3176 = DIRECTION('',(0.,0.,1.));
#3177 = ORIENTED_EDGE('',*,*,#3178,.T.);
#3178 = EDGE_CURVE('',#3171,#2513,#3179,.T.);
#3179 = LINE('',#3180,#3181);
#3180 = CARTESIAN_POINT('',(56.75,87.125,30.6));
#3181 = VECTOR('',#3182,1.);
#3182 = DIRECTION('',(1.,0.,0.));
#3183 = PLANE('',#3184);
#3184 = AXIS2_PLACEMENT_3D('',#3185,#3186,#3187);
#3185 = CARTESIAN_POINT('',(56.75,87.125,26.3));
#3186 = DIRECTION('',(0.,1.,0.));
#3187 = DIRECTION('',(0.,0.,1.));
#3188 = ADVANCED_FACE('',(#3189),#3217,.T.);
#3189 = FACE_BOUND('',#3190,.T.);
#3190 = EDGE_LOOP('',(#3191,#3192,#3201,#3210,#3216));
#3191 = ORIENTED_EDGE('',*,*,#3178,.F.);
#3192 = ORIENTED_EDGE('',*,*,#3193,.F.);
#3193 = EDGE_CURVE('',#3194,#3171,#3196,.T.);
#3194 = VERTEX_POINT('',#3195);
#3195 = CARTESIAN_POINT('',(59.75,86.125,30.6));
#3196 = CIRCLE('',#3197,3.);
#3197 = AXIS2_PLACEMENT_3D('',#3198,#3199,#3200);
#3198 = CARTESIAN_POINT('',(56.75,86.125,30.6));
#3199 = DIRECTION('',(0.,0.,1.));
#3200 = DIRECTION('',(1.,0.,0.));
#3201 = ORIENTED_EDGE('',*,*,#3202,.F.);
#3202 = EDGE_CURVE('',#3203,#3194,#3205,.T.);
#3203 = VERTEX_POINT('',#3204);
#3204 = CARTESIAN_POINT('',(59.578427124746,85.125,30.6));
#3205 = CIRCLE('',#3206,3.);
#3206 = AXIS2_PLACEMENT_3D('',#3207,#3208,#3209);
#3207 = CARTESIAN_POINT('',(56.75,86.125,30.6));
#3208 = DIRECTION('',(0.,0.,1.));
#3209 = DIRECTION('',(1.,0.,0.));
#3210 = ORIENTED_EDGE('',*,*,#3211,.T.);
#3211 = EDGE_CURVE('',#3203,#2505,#3212,.T.);
#3212 = LINE('',#3213,#3214);
#3213 = CARTESIAN_POINT('',(56.75,85.125,30.6));
#3214 = VECTOR('',#3215,1.);
#3215 = DIRECTION('',(1.,0.,0.));
#3216 = ORIENTED_EDGE('',*,*,#2512,.T.);
#3217 = PLANE('',#3218);
#3218 = AXIS2_PLACEMENT_3D('',#3219,#3220,#3221);
#3219 = CARTESIAN_POINT('',(56.75,85.125,30.6));
#3220 = DIRECTION('',(0.,0.,1.));
#3221 = DIRECTION('',(1.,0.,0.));
#3222 = ADVANCED_FACE('',(#3223),#3241,.F.);
#3223 = FACE_BOUND('',#3224,.F.);
#3224 = EDGE_LOOP('',(#3225,#3226,#3234,#3240));
#3225 = ORIENTED_EDGE('',*,*,#2504,.F.);
#3226 = ORIENTED_EDGE('',*,*,#3227,.F.);
#3227 = EDGE_CURVE('',#3228,#2497,#3230,.T.);
#3228 = VERTEX_POINT('',#3229);
#3229 = CARTESIAN_POINT('',(59.578427124746,85.125,27.978427124746));
#3230 = LINE('',#3231,#3232);
#3231 = CARTESIAN_POINT('',(57.6125,85.125,26.0125));
#3232 = VECTOR('',#3233,1.);
#3233 = DIRECTION('',(0.707106781187,0.,0.707106781187));
#3234 = ORIENTED_EDGE('',*,*,#3235,.T.);
#3235 = EDGE_CURVE('',#3228,#3203,#3236,.T.);
#3236 = LINE('',#3237,#3238);
#3237 = CARTESIAN_POINT('',(59.578427124746,85.125,26.3));
#3238 = VECTOR('',#3239,1.);
#3239 = DIRECTION('',(0.,0.,1.));
#3240 = ORIENTED_EDGE('',*,*,#3211,.T.);
#3241 = PLANE('',#3242);
#3242 = AXIS2_PLACEMENT_3D('',#3243,#3244,#3245);
#3243 = CARTESIAN_POINT('',(56.75,85.125,26.3));
#3244 = DIRECTION('',(0.,1.,0.));
#3245 = DIRECTION('',(0.,0.,1.));
#3246 = ADVANCED_FACE('',(#3247),#3274,.F.);
#3247 = FACE_BOUND('',#3248,.F.);
#3248 = EDGE_LOOP('',(#3249,#3250,#3258,#3265,#3266,#3273));
#3249 = ORIENTED_EDGE('',*,*,#2496,.F.);
#3250 = ORIENTED_EDGE('',*,*,#3251,.F.);
#3251 = EDGE_CURVE('',#3252,#2489,#3254,.T.);
#3252 = VERTEX_POINT('',#3253);
#3253 = CARTESIAN_POINT('',(59.578427124746,32.875,27.978427124746));
#3254 = LINE('',#3255,#3256);
#3255 = CARTESIAN_POINT('',(57.6125,32.875,26.0125));
#3256 = VECTOR('',#3257,1.);
#3257 = DIRECTION('',(0.707106781187,0.,0.707106781187));
#3258 = ORIENTED_EDGE('',*,*,#3259,.F.);
#3259 = EDGE_CURVE('',#2807,#3252,#3260,.T.);
#3260 = ELLIPSE('',#3261,4.242640687119,3.);
#3261 = AXIS2_PLACEMENT_3D('',#3262,#3263,#3264);
#3262 = CARTESIAN_POINT('',(56.75,31.875,25.15));
#3263 = DIRECTION('',(0.707106781187,0.,-0.707106781187));
#3264 = DIRECTION('',(0.707106781187,0.,0.707106781187));
#3265 = ORIENTED_EDGE('',*,*,#2815,.T.);
#3266 = ORIENTED_EDGE('',*,*,#3267,.F.);
#3267 = EDGE_CURVE('',#3228,#2816,#3268,.T.);
#3268 = ELLIPSE('',#3269,4.242640687119,3.);
#3269 = AXIS2_PLACEMENT_3D('',#3270,#3271,#3272);
#3270 = CARTESIAN_POINT('',(56.75,86.125,25.15));
#3271 = DIRECTION('',(0.707106781187,0.,-0.707106781187));
#3272 = DIRECTION('',(0.707106781187,0.,0.707106781187));
#3273 = ORIENTED_EDGE('',*,*,#3227,.T.);
#3274 = PLANE('',#3275);
#3275 = AXIS2_PLACEMENT_3D('',#3276,#3277,#3278);
#3276 = CARTESIAN_POINT('',(57.9,26.1,26.3));
#3277 = DIRECTION('',(0.707106781187,0.,-0.707106781187));
#3278 = DIRECTION('',(0.707106781187,0.,0.707106781187));
#3279 = ADVANCED_FACE('',(#3280),#3298,.T.);
#3280 = FACE_BOUND('',#3281,.T.);
#3281 = EDGE_LOOP('',(#3282,#3283,#3284,#3292));
#3282 = ORIENTED_EDGE('',*,*,#2488,.F.);
#3283 = ORIENTED_EDGE('',*,*,#3251,.F.);
#3284 = ORIENTED_EDGE('',*,*,#3285,.T.);
#3285 = EDGE_CURVE('',#3252,#3286,#3288,.T.);
#3286 = VERTEX_POINT('',#3287);
#3287 = CARTESIAN_POINT('',(59.578427124746,32.875,30.6));
#3288 = LINE('',#3289,#3290);
#3289 = CARTESIAN_POINT('',(59.578427124746,32.875,26.3));
#3290 = VECTOR('',#3291,1.);
#3291 = DIRECTION('',(0.,0.,1.));
#3292 = ORIENTED_EDGE('',*,*,#3293,.T.);
#3293 = EDGE_CURVE('',#3286,#2481,#3294,.T.);
#3294 = LINE('',#3295,#3296);
#3295 = CARTESIAN_POINT('',(56.75,32.875,30.6));
#3296 = VECTOR('',#3297,1.);
#3297 = DIRECTION('',(1.,0.,0.));
#3298 = PLANE('',#3299);
#3299 = AXIS2_PLACEMENT_3D('',#3300,#3301,#3302);
#3300 = CARTESIAN_POINT('',(56.75,32.875,26.3));
#3301 = DIRECTION('',(0.,1.,0.));
#3302 = DIRECTION('',(0.,0.,1.));
#3303 = ADVANCED_FACE('',(#3304),#3332,.T.);
#3304 = FACE_BOUND('',#3305,.T.);
#3305 = EDGE_LOOP('',(#3306,#3307,#3316,#3325,#3331));
#3306 = ORIENTED_EDGE('',*,*,#3293,.F.);
#3307 = ORIENTED_EDGE('',*,*,#3308,.F.);
#3308 = EDGE_CURVE('',#3309,#3286,#3311,.T.);
#3309 = VERTEX_POINT('',#3310);
#3310 = CARTESIAN_POINT('',(59.75,31.875,30.6));
#3311 = CIRCLE('',#3312,3.);
#3312 = AXIS2_PLACEMENT_3D('',#3313,#3314,#3315);
#3313 = CARTESIAN_POINT('',(56.75,31.875,30.6));
#3314 = DIRECTION('',(0.,0.,1.));
#3315 = DIRECTION('',(1.,0.,0.));
#3316 = ORIENTED_EDGE('',*,*,#3317,.F.);
#3317 = EDGE_CURVE('',#3318,#3309,#3320,.T.);
#3318 = VERTEX_POINT('',#3319);
#3319 = CARTESIAN_POINT('',(59.578427124746,30.875,30.6));
#3320 = CIRCLE('',#3321,3.);
#3321 = AXIS2_PLACEMENT_3D('',#3322,#3323,#3324);
#3322 = CARTESIAN_POINT('',(56.75,31.875,30.6));
#3323 = DIRECTION('',(0.,0.,1.));
#3324 = DIRECTION('',(1.,0.,0.));
#3325 = ORIENTED_EDGE('',*,*,#3326,.T.);
#3326 = EDGE_CURVE('',#3318,#2473,#3327,.T.);
#3327 = LINE('',#3328,#3329);
#3328 = CARTESIAN_POINT('',(56.75,30.875,30.6));
#3329 = VECTOR('',#3330,1.);
#3330 = DIRECTION('',(1.,0.,0.));
#3331 = ORIENTED_EDGE('',*,*,#2480,.T.);
#3332 = PLANE('',#3333);
#3333 = AXIS2_PLACEMENT_3D('',#3334,#3335,#3336);
#3334 = CARTESIAN_POINT('',(56.75,30.875,30.6));
#3335 = DIRECTION('',(0.,0.,1.));
#3336 = DIRECTION('',(1.,0.,0.));
#3337 = ADVANCED_FACE('',(#3338),#3356,.F.);
#3338 = FACE_BOUND('',#3339,.F.);
#3339 = EDGE_LOOP('',(#3340,#3341,#3349,#3355));
#3340 = ORIENTED_EDGE('',*,*,#2472,.F.);
#3341 = ORIENTED_EDGE('',*,*,#3342,.F.);
#3342 = EDGE_CURVE('',#3343,#2465,#3345,.T.);
#3343 = VERTEX_POINT('',#3344);
#3344 = CARTESIAN_POINT('',(59.578427124746,30.875,27.978427124746));
#3345 = LINE('',#3346,#3347);
#3346 = CARTESIAN_POINT('',(57.6125,30.875,26.0125));
#3347 = VECTOR('',#3348,1.);
#3348 = DIRECTION('',(0.707106781187,0.,0.707106781187));
#3349 = ORIENTED_EDGE('',*,*,#3350,.T.);
#3350 = EDGE_CURVE('',#3343,#3318,#3351,.T.);
#3351 = LINE('',#3352,#3353);
#3352 = CARTESIAN_POINT('',(59.578427124746,30.875,26.3));
#3353 = VECTOR('',#3354,1.);
#3354 = DIRECTION('',(0.,0.,1.));
#3355 = ORIENTED_EDGE('',*,*,#3326,.T.);
#3356 = PLANE('',#3357);
#3357 = AXIS2_PLACEMENT_3D('',#3358,#3359,#3360);
#3358 = CARTESIAN_POINT('',(56.75,30.875,26.3));
#3359 = DIRECTION('',(0.,1.,0.));
#3360 = DIRECTION('',(0.,0.,1.));
#3361 = ADVANCED_FACE('',(#3362),#3375,.F.);
#3362 = FACE_BOUND('',#3363,.F.);
#3363 = EDGE_LOOP('',(#3364,#3365,#3366,#3367,#3374));
#3364 = ORIENTED_EDGE('',*,*,#2464,.F.);
#3365 = ORIENTED_EDGE('',*,*,#2562,.F.);
#3366 = ORIENTED_EDGE('',*,*,#2798,.T.);
#3367 = ORIENTED_EDGE('',*,*,#3368,.F.);
#3368 = EDGE_CURVE('',#3343,#2799,#3369,.T.);
#3369 = ELLIPSE('',#3370,4.242640687119,3.);
#3370 = AXIS2_PLACEMENT_3D('',#3371,#3372,#3373);
#3371 = CARTESIAN_POINT('',(56.75,31.875,25.15));
#3372 = DIRECTION('',(0.707106781187,0.,-0.707106781187));
#3373 = DIRECTION('',(0.707106781187,0.,0.707106781187));
#3374 = ORIENTED_EDGE('',*,*,#3342,.T.);
#3375 = PLANE('',#3376);
#3376 = AXIS2_PLACEMENT_3D('',#3377,#3378,#3379);
#3377 = CARTESIAN_POINT('',(57.9,26.1,26.3));
#3378 = DIRECTION('',(0.707106781187,0.,-0.707106781187));
#3379 = DIRECTION('',(0.707106781187,0.,0.707106781187));
#3380 = ADVANCED_FACE('',(#3381),#3401,.F.);
#3381 = FACE_BOUND('',#3382,.F.);
#3382 = EDGE_LOOP('',(#3383,#3384,#3385,#3386,#3387,#3395));
#3383 = ORIENTED_EDGE('',*,*,#2700,.F.);
#3384 = ORIENTED_EDGE('',*,*,#2754,.F.);
#3385 = ORIENTED_EDGE('',*,*,#2626,.T.);
#3386 = ORIENTED_EDGE('',*,*,#2651,.T.);
#3387 = ORIENTED_EDGE('',*,*,#3388,.T.);
#3388 = EDGE_CURVE('',#2652,#3389,#3391,.T.);
#3389 = VERTEX_POINT('',#3390);
#3390 = CARTESIAN_POINT('',(29.6,128.15,18.));
#3391 = LINE('',#3392,#3393);
#3392 = CARTESIAN_POINT('',(33.3,128.15,18.));
#3393 = VECTOR('',#3394,1.);
#3394 = DIRECTION('',(-1.,0.,0.));
#3395 = ORIENTED_EDGE('',*,*,#3396,.T.);
#3396 = EDGE_CURVE('',#3389,#2703,#3397,.T.);
#3397 = LINE('',#3398,#3399);
#3398 = CARTESIAN_POINT('',(29.6,128.85,18.));
#3399 = VECTOR('',#3400,1.);
#3400 = DIRECTION('',(0.,1.,0.));
#3401 = PLANE('',#3402);
#3402 = AXIS2_PLACEMENT_3D('',#3403,#3404,#3405);
#3403 = CARTESIAN_POINT('',(28.7,127.4,18.));
#3404 = DIRECTION('',(0.,0.,1.));
#3405 = DIRECTION('',(1.,0.,0.));
#3406 = ADVANCED_FACE('',(#3407),#3426,.F.);
#3407 = FACE_BOUND('',#3408,.F.);
#3408 = EDGE_LOOP('',(#3409,#3410,#3418,#3425));
#3409 = ORIENTED_EDGE('',*,*,#2659,.T.);
#3410 = ORIENTED_EDGE('',*,*,#3411,.T.);
#3411 = EDGE_CURVE('',#2660,#3412,#3414,.T.);
#3412 = VERTEX_POINT('',#3413);
#3413 = CARTESIAN_POINT('',(30.3,128.85,17.3));
#3414 = LINE('',#3415,#3416);
#3415 = CARTESIAN_POINT('',(33.3,128.85,17.3));
#3416 = VECTOR('',#3417,1.);
#3417 = DIRECTION('',(-1.,0.,0.));
#3418 = ORIENTED_EDGE('',*,*,#3419,.F.);
#3419 = EDGE_CURVE('',#3389,#3412,#3420,.T.);
#3420 = ELLIPSE('',#3421,0.989949493661,0.7);
#3421 = AXIS2_PLACEMENT_3D('',#3422,#3423,#3424);
#3422 = CARTESIAN_POINT('',(29.6,128.15,17.3));
#3423 = DIRECTION('',(-0.707106781187,0.707106781187,0.));
#3424 = DIRECTION('',(0.707106781187,0.707106781187,0.));
#3425 = ORIENTED_EDGE('',*,*,#3388,.F.);
#3426 = CYLINDRICAL_SURFACE('',#3427,0.7);
#3427 = AXIS2_PLACEMENT_3D('',#3428,#3429,#3430);
#3428 = CARTESIAN_POINT('',(33.3,128.15,17.3));
#3429 = DIRECTION('',(-1.,0.,0.));
#3430 = DIRECTION('',(0.,0.,1.));
#3431 = ADVANCED_FACE('',(#3432),#3450,.F.);
#3432 = FACE_BOUND('',#3433,.F.);
#3433 = EDGE_LOOP('',(#3434,#3435,#3443,#3449));
#3434 = ORIENTED_EDGE('',*,*,#2668,.F.);
#3435 = ORIENTED_EDGE('',*,*,#3436,.F.);
#3436 = EDGE_CURVE('',#3437,#2669,#3439,.T.);
#3437 = VERTEX_POINT('',#3438);
#3438 = CARTESIAN_POINT('',(30.3,128.85,6.8));
#3439 = LINE('',#3440,#3441);
#3440 = CARTESIAN_POINT('',(30.3,128.85,6.8));
#3441 = VECTOR('',#3442,1.);
#3442 = DIRECTION('',(1.,0.,0.));
#3443 = ORIENTED_EDGE('',*,*,#3444,.T.);
#3444 = EDGE_CURVE('',#3437,#3412,#3445,.T.);
#3445 = LINE('',#3446,#3447);
#3446 = CARTESIAN_POINT('',(30.3,128.85,6.2));
#3447 = VECTOR('',#3448,1.);
#3448 = DIRECTION('',(0.,0.,1.));
#3449 = ORIENTED_EDGE('',*,*,#3411,.F.);
#3450 = PLANE('',#3451);
#3451 = AXIS2_PLACEMENT_3D('',#3452,#3453,#3454);
#3452 = CARTESIAN_POINT('',(30.3,128.85,6.2));
#3453 = DIRECTION('',(0.,1.,0.));
#3454 = DIRECTION('',(0.,0.,1.));
#3455 = ADVANCED_FACE('',(#3456),#3481,.F.);
#3456 = FACE_BOUND('',#3457,.F.);
#3457 = EDGE_LOOP('',(#3458,#3466,#3467,#3475));
#3458 = ORIENTED_EDGE('',*,*,#3459,.F.);
#3459 = EDGE_CURVE('',#2669,#3460,#3462,.T.);
#3460 = VERTEX_POINT('',#3461);
#3461 = CARTESIAN_POINT('',(32.7,129.45,6.2));
#3462 = LINE('',#3463,#3464);
#3463 = CARTESIAN_POINT('',(32.6,129.55,6.1));
#3464 = VECTOR('',#3465,1.);
#3465 = DIRECTION('',(-0.57735026919,0.57735026919,-0.57735026919));
#3466 = ORIENTED_EDGE('',*,*,#2676,.T.);
#3467 = ORIENTED_EDGE('',*,*,#3468,.T.);
#3468 = EDGE_CURVE('',#2677,#3469,#3471,.T.);
#3469 = VERTEX_POINT('',#3470);
#3470 = CARTESIAN_POINT('',(32.7,136.35,6.2));
#3471 = LINE('',#3472,#3473);
#3472 = CARTESIAN_POINT('',(31.25,134.9,4.75));
#3473 = VECTOR('',#3474,1.);
#3474 = DIRECTION('',(-0.57735026919,-0.57735026919,-0.57735026919));
#3475 = ORIENTED_EDGE('',*,*,#3476,.F.);
#3476 = EDGE_CURVE('',#3460,#3469,#3477,.T.);
#3477 = LINE('',#3478,#3479);
#3478 = CARTESIAN_POINT('',(32.7,128.85,6.2));
#3479 = VECTOR('',#3480,1.);
#3480 = DIRECTION('',(0.,1.,0.));
#3481 = PLANE('',#3482);
#3482 = AXIS2_PLACEMENT_3D('',#3483,#3484,#3485);
#3483 = CARTESIAN_POINT('',(33.,128.85,6.5));
#3484 = DIRECTION('',(-0.707106781187,0.,0.707106781187));
#3485 = DIRECTION('',(0.,1.,0.));
#3486 = ADVANCED_FACE('',(#3487),#3498,.F.);
#3487 = FACE_BOUND('',#3488,.F.);
#3488 = EDGE_LOOP('',(#3489,#3490,#3496,#3497));
#3489 = ORIENTED_EDGE('',*,*,#3419,.T.);
#3490 = ORIENTED_EDGE('',*,*,#3491,.T.);
#3491 = EDGE_CURVE('',#3412,#2727,#3492,.T.);
#3492 = LINE('',#3493,#3494);
#3493 = CARTESIAN_POINT('',(30.3,128.85,17.3));
#3494 = VECTOR('',#3495,1.);
#3495 = DIRECTION('',(0.,1.,0.));
#3496 = ORIENTED_EDGE('',*,*,#2734,.F.);
#3497 = ORIENTED_EDGE('',*,*,#3396,.F.);
#3498 = CYLINDRICAL_SURFACE('',#3499,0.7);
#3499 = AXIS2_PLACEMENT_3D('',#3500,#3501,#3502);
#3500 = CARTESIAN_POINT('',(29.6,128.85,17.3));
#3501 = DIRECTION('',(0.,1.,0.));
#3502 = DIRECTION('',(0.,0.,1.));
#3503 = ADVANCED_FACE('',(#3504),#3515,.F.);
#3504 = FACE_BOUND('',#3505,.F.);
#3505 = EDGE_LOOP('',(#3506,#3507,#3513,#3514));
#3506 = ORIENTED_EDGE('',*,*,#3444,.F.);
#3507 = ORIENTED_EDGE('',*,*,#3508,.T.);
#3508 = EDGE_CURVE('',#3437,#2719,#3509,.T.);
#3509 = LINE('',#3510,#3511);
#3510 = CARTESIAN_POINT('',(30.3,128.85,6.8));
#3511 = VECTOR('',#3512,1.);
#3512 = DIRECTION('',(0.,1.,0.));
#3513 = ORIENTED_EDGE('',*,*,#2726,.T.);
#3514 = ORIENTED_EDGE('',*,*,#3491,.F.);
#3515 = PLANE('',#3516);
#3516 = AXIS2_PLACEMENT_3D('',#3517,#3518,#3519);
#3517 = CARTESIAN_POINT('',(30.3,128.85,6.2));
#3518 = DIRECTION('',(1.,0.,0.));
#3519 = DIRECTION('',(0.,0.,1.));
#3520 = ADVANCED_FACE('',(#3521),#3539,.F.);
#3521 = FACE_BOUND('',#3522,.T.);
#3522 = EDGE_LOOP('',(#3523,#3531,#3532,#3533));
#3523 = ORIENTED_EDGE('',*,*,#3524,.F.);
#3524 = EDGE_CURVE('',#2719,#3525,#3527,.T.);
#3525 = VERTEX_POINT('',#3526);
#3526 = CARTESIAN_POINT('',(30.9,136.35,6.2));
#3527 = LINE('',#3528,#3529);
#3528 = CARTESIAN_POINT('',(31.85,135.4,5.25));
#3529 = VECTOR('',#3530,1.);
#3530 = DIRECTION('',(0.57735026919,-0.57735026919,-0.57735026919));
#3531 = ORIENTED_EDGE('',*,*,#2718,.T.);
#3532 = ORIENTED_EDGE('',*,*,#3468,.T.);
#3533 = ORIENTED_EDGE('',*,*,#3534,.F.);
#3534 = EDGE_CURVE('',#3525,#3469,#3535,.T.);
#3535 = LINE('',#3536,#3537);
#3536 = CARTESIAN_POINT('',(30.3,136.35,6.2));
#3537 = VECTOR('',#3538,1.);
#3538 = DIRECTION('',(1.,0.,0.));
#3539 = PLANE('',#3540);
#3540 = AXIS2_PLACEMENT_3D('',#3541,#3542,#3543);
#3541 = CARTESIAN_POINT('',(30.3,136.65,6.5));
#3542 = DIRECTION('',(-6.963829119075E-18,-0.707106781187,0.707106781187
    ));
#3543 = DIRECTION('',(-1.,4.924170793122E-18,-4.924170793122E-18));
#3544 = ADVANCED_FACE('',(#3545),#3570,.T.);
#3545 = FACE_BOUND('',#3546,.T.);
#3546 = EDGE_LOOP('',(#3547,#3548,#3556,#3563,#3564,#3565,#3566,#3567,
    #3568,#3569));
#3547 = ORIENTED_EDGE('',*,*,#2891,.T.);
#3548 = ORIENTED_EDGE('',*,*,#3549,.T.);
#3549 = EDGE_CURVE('',#2883,#3550,#3552,.T.);
#3550 = VERTEX_POINT('',#3551);
#3551 = CARTESIAN_POINT('',(25.25,31.875,30.8));
#3552 = LINE('',#3553,#3554);
#3553 = CARTESIAN_POINT('',(25.25,31.875,26.3));
#3554 = VECTOR('',#3555,1.);
#3555 = DIRECTION('',(0.,0.,1.));
#3556 = ORIENTED_EDGE('',*,*,#3557,.F.);
#3557 = EDGE_CURVE('',#3550,#3550,#3558,.T.);
#3558 = CIRCLE('',#3559,3.);
#3559 = AXIS2_PLACEMENT_3D('',#3560,#3561,#3562);
#3560 = CARTESIAN_POINT('',(22.25,31.875,30.8));
#3561 = DIRECTION('',(0.,0.,1.));
#3562 = DIRECTION('',(1.,0.,0.));
#3563 = ORIENTED_EDGE('',*,*,#3549,.F.);
#3564 = ORIENTED_EDGE('',*,*,#2882,.T.);
#3565 = ORIENTED_EDGE('',*,*,#3040,.T.);
#3566 = ORIENTED_EDGE('',*,*,#3074,.T.);
#3567 = ORIENTED_EDGE('',*,*,#3097,.T.);
#3568 = ORIENTED_EDGE('',*,*,#3116,.F.);
#3569 = ORIENTED_EDGE('',*,*,#2909,.T.);
#3570 = CYLINDRICAL_SURFACE('',#3571,3.);
#3571 = AXIS2_PLACEMENT_3D('',#3572,#3573,#3574);
#3572 = CARTESIAN_POINT('',(22.25,31.875,26.3));
#3573 = DIRECTION('',(0.,0.,1.));
#3574 = DIRECTION('',(1.,0.,0.));
#3575 = ADVANCED_FACE('',(#3576),#3601,.T.);
#3576 = FACE_BOUND('',#3577,.T.);
#3577 = EDGE_LOOP('',(#3578,#3579,#3587,#3594,#3595,#3596,#3597,#3598,
    #3599,#3600));
#3578 = ORIENTED_EDGE('',*,*,#2865,.T.);
#3579 = ORIENTED_EDGE('',*,*,#3580,.T.);
#3580 = EDGE_CURVE('',#2857,#3581,#3583,.T.);
#3581 = VERTEX_POINT('',#3582);
#3582 = CARTESIAN_POINT('',(25.25,86.125,30.8));
#3583 = LINE('',#3584,#3585);
#3584 = CARTESIAN_POINT('',(25.25,86.125,26.3));
#3585 = VECTOR('',#3586,1.);
#3586 = DIRECTION('',(0.,0.,1.));
#3587 = ORIENTED_EDGE('',*,*,#3588,.F.);
#3588 = EDGE_CURVE('',#3581,#3581,#3589,.T.);
#3589 = CIRCLE('',#3590,3.);
#3590 = AXIS2_PLACEMENT_3D('',#3591,#3592,#3593);
#3591 = CARTESIAN_POINT('',(22.25,86.125,30.8));
#3592 = DIRECTION('',(0.,0.,1.));
#3593 = DIRECTION('',(1.,0.,0.));
#3594 = ORIENTED_EDGE('',*,*,#3580,.F.);
#3595 = ORIENTED_EDGE('',*,*,#2856,.T.);
#3596 = ORIENTED_EDGE('',*,*,#2941,.T.);
#3597 = ORIENTED_EDGE('',*,*,#2968,.T.);
#3598 = ORIENTED_EDGE('',*,*,#2991,.T.);
#3599 = ORIENTED_EDGE('',*,*,#3017,.F.);
#3600 = ORIENTED_EDGE('',*,*,#3048,.T.);
#3601 = CYLINDRICAL_SURFACE('',#3602,3.);
#3602 = AXIS2_PLACEMENT_3D('',#3603,#3604,#3605);
#3603 = CARTESIAN_POINT('',(22.25,86.125,26.3));
#3604 = DIRECTION('',(0.,0.,1.));
#3605 = DIRECTION('',(1.,0.,0.));
#3606 = ADVANCED_FACE('',(#3607),#3632,.T.);
#3607 = FACE_BOUND('',#3608,.T.);
#3608 = EDGE_LOOP('',(#3609,#3610,#3618,#3625,#3626,#3627,#3628,#3629,
    #3630,#3631));
#3609 = ORIENTED_EDGE('',*,*,#3202,.T.);
#3610 = ORIENTED_EDGE('',*,*,#3611,.T.);
#3611 = EDGE_CURVE('',#3194,#3612,#3614,.T.);
#3612 = VERTEX_POINT('',#3613);
#3613 = CARTESIAN_POINT('',(59.75,86.125,30.8));
#3614 = LINE('',#3615,#3616);
#3615 = CARTESIAN_POINT('',(59.75,86.125,26.3));
#3616 = VECTOR('',#3617,1.);
#3617 = DIRECTION('',(0.,0.,1.));
#3618 = ORIENTED_EDGE('',*,*,#3619,.F.);
#3619 = EDGE_CURVE('',#3612,#3612,#3620,.T.);
#3620 = CIRCLE('',#3621,3.);
#3621 = AXIS2_PLACEMENT_3D('',#3622,#3623,#3624);
#3622 = CARTESIAN_POINT('',(56.75,86.125,30.8));
#3623 = DIRECTION('',(0.,0.,1.));
#3624 = DIRECTION('',(1.,0.,0.));
#3625 = ORIENTED_EDGE('',*,*,#3611,.F.);
#3626 = ORIENTED_EDGE('',*,*,#3193,.T.);
#3627 = ORIENTED_EDGE('',*,*,#3170,.F.);
#3628 = ORIENTED_EDGE('',*,*,#3151,.F.);
#3629 = ORIENTED_EDGE('',*,*,#2823,.T.);
#3630 = ORIENTED_EDGE('',*,*,#3267,.F.);
#3631 = ORIENTED_EDGE('',*,*,#3235,.T.);
#3632 = CYLINDRICAL_SURFACE('',#3633,3.);
#3633 = AXIS2_PLACEMENT_3D('',#3634,#3635,#3636);
#3634 = CARTESIAN_POINT('',(56.75,86.125,26.3));
#3635 = DIRECTION('',(0.,0.,1.));
#3636 = DIRECTION('',(1.,0.,0.));
#3637 = ADVANCED_FACE('',(#3638),#3663,.T.);
#3638 = FACE_BOUND('',#3639,.T.);
#3639 = EDGE_LOOP('',(#3640,#3641,#3649,#3656,#3657,#3658,#3659,#3660,
    #3661,#3662));
#3640 = ORIENTED_EDGE('',*,*,#3317,.T.);
#3641 = ORIENTED_EDGE('',*,*,#3642,.T.);
#3642 = EDGE_CURVE('',#3309,#3643,#3645,.T.);
#3643 = VERTEX_POINT('',#3644);
#3644 = CARTESIAN_POINT('',(59.75,31.875,30.8));
#3645 = LINE('',#3646,#3647);
#3646 = CARTESIAN_POINT('',(59.75,31.875,26.3));
#3647 = VECTOR('',#3648,1.);
#3648 = DIRECTION('',(0.,0.,1.));
#3649 = ORIENTED_EDGE('',*,*,#3650,.F.);
#3650 = EDGE_CURVE('',#3643,#3643,#3651,.T.);
#3651 = CIRCLE('',#3652,3.);
#3652 = AXIS2_PLACEMENT_3D('',#3653,#3654,#3655);
#3653 = CARTESIAN_POINT('',(56.75,31.875,30.8));
#3654 = DIRECTION('',(0.,0.,1.));
#3655 = DIRECTION('',(1.,0.,0.));
#3656 = ORIENTED_EDGE('',*,*,#3642,.F.);
#3657 = ORIENTED_EDGE('',*,*,#3308,.T.);
#3658 = ORIENTED_EDGE('',*,*,#3285,.F.);
#3659 = ORIENTED_EDGE('',*,*,#3259,.F.);
#3660 = ORIENTED_EDGE('',*,*,#2806,.T.);
#3661 = ORIENTED_EDGE('',*,*,#3368,.F.);
#3662 = ORIENTED_EDGE('',*,*,#3350,.T.);
#3663 = CYLINDRICAL_SURFACE('',#3664,3.);
#3664 = AXIS2_PLACEMENT_3D('',#3665,#3666,#3667);
#3665 = CARTESIAN_POINT('',(56.75,31.875,26.3));
#3666 = DIRECTION('',(0.,0.,1.));
#3667 = DIRECTION('',(1.,0.,0.));
#3668 = ADVANCED_FACE('',(#3669),#3687,.T.);
#3669 = FACE_BOUND('',#3670,.F.);
#3670 = EDGE_LOOP('',(#3671,#3679,#3680,#3681));
#3671 = ORIENTED_EDGE('',*,*,#3672,.F.);
#3672 = EDGE_CURVE('',#3437,#3673,#3675,.T.);
#3673 = VERTEX_POINT('',#3674);
#3674 = CARTESIAN_POINT('',(30.9,129.45,6.2));
#3675 = LINE('',#3676,#3677);
#3676 = CARTESIAN_POINT('',(30.5,129.05,6.6));
#3677 = VECTOR('',#3678,1.);
#3678 = DIRECTION('',(0.57735026919,0.57735026919,-0.57735026919));
#3679 = ORIENTED_EDGE('',*,*,#3436,.T.);
#3680 = ORIENTED_EDGE('',*,*,#3459,.T.);
#3681 = ORIENTED_EDGE('',*,*,#3682,.F.);
#3682 = EDGE_CURVE('',#3673,#3460,#3683,.T.);
#3683 = LINE('',#3684,#3685);
#3684 = CARTESIAN_POINT('',(30.3,129.45,6.2));
#3685 = VECTOR('',#3686,1.);
#3686 = DIRECTION('',(1.,0.,0.));
#3687 = PLANE('',#3688);
#3688 = AXIS2_PLACEMENT_3D('',#3689,#3690,#3691);
#3689 = CARTESIAN_POINT('',(30.3,129.15,6.5));
#3690 = DIRECTION('',(6.963829119075E-18,-0.707106781187,-0.707106781187
    ));
#3691 = DIRECTION('',(-1.,-4.924170793122E-18,-4.924170793122E-18));
#3692 = ADVANCED_FACE('',(#3693),#3704,.F.);
#3693 = FACE_BOUND('',#3694,.F.);
#3694 = EDGE_LOOP('',(#3695,#3701,#3702,#3703));
#3695 = ORIENTED_EDGE('',*,*,#3696,.F.);
#3696 = EDGE_CURVE('',#3673,#3525,#3697,.T.);
#3697 = LINE('',#3698,#3699);
#3698 = CARTESIAN_POINT('',(30.9,128.85,6.2));
#3699 = VECTOR('',#3700,1.);
#3700 = DIRECTION('',(0.,1.,0.));
#3701 = ORIENTED_EDGE('',*,*,#3682,.T.);
#3702 = ORIENTED_EDGE('',*,*,#3476,.T.);
#3703 = ORIENTED_EDGE('',*,*,#3534,.F.);
#3704 = PLANE('',#3705);
#3705 = AXIS2_PLACEMENT_3D('',#3706,#3707,#3708);
#3706 = CARTESIAN_POINT('',(30.3,128.85,6.2));
#3707 = DIRECTION('',(0.,0.,1.));
#3708 = DIRECTION('',(1.,0.,0.));
#3709 = ADVANCED_FACE('',(#3710),#3716,.T.);
#3710 = FACE_BOUND('',#3711,.T.);
#3711 = EDGE_LOOP('',(#3712,#3713,#3714,#3715));
#3712 = ORIENTED_EDGE('',*,*,#3672,.F.);
#3713 = ORIENTED_EDGE('',*,*,#3508,.T.);
#3714 = ORIENTED_EDGE('',*,*,#3524,.T.);
#3715 = ORIENTED_EDGE('',*,*,#3696,.F.);
#3716 = PLANE('',#3717);
#3717 = AXIS2_PLACEMENT_3D('',#3718,#3719,#3720);
#3718 = CARTESIAN_POINT('',(30.6,128.85,6.5));
#3719 = DIRECTION('',(-0.707106781187,0.,-0.707106781187));
#3720 = DIRECTION('',(0.,1.,0.));
#3721 = ADVANCED_FACE('',(#3722,#3725),#3736,.T.);
#3722 = FACE_BOUND('',#3723,.T.);
#3723 = EDGE_LOOP('',(#3724));
#3724 = ORIENTED_EDGE('',*,*,#3557,.T.);
#3725 = FACE_BOUND('',#3726,.T.);
#3726 = EDGE_LOOP('',(#3727));
#3727 = ORIENTED_EDGE('',*,*,#3728,.F.);
#3728 = EDGE_CURVE('',#3729,#3729,#3731,.T.);
#3729 = VERTEX_POINT('',#3730);
#3730 = CARTESIAN_POINT('',(23.05,31.875,30.8));
#3731 = CIRCLE('',#3732,0.8);
#3732 = AXIS2_PLACEMENT_3D('',#3733,#3734,#3735);
#3733 = CARTESIAN_POINT('',(22.25,31.875,30.8));
#3734 = DIRECTION('',(0.,0.,1.));
#3735 = DIRECTION('',(1.,0.,0.));
#3736 = PLANE('',#3737);
#3737 = AXIS2_PLACEMENT_3D('',#3738,#3739,#3740);
#3738 = CARTESIAN_POINT('',(22.25,31.875,30.8));
#3739 = DIRECTION('',(0.,0.,1.));
#3740 = DIRECTION('',(1.,0.,0.));
#3741 = ADVANCED_FACE('',(#3742,#3745),#3756,.T.);
#3742 = FACE_BOUND('',#3743,.T.);
#3743 = EDGE_LOOP('',(#3744));
#3744 = ORIENTED_EDGE('',*,*,#3588,.T.);
#3745 = FACE_BOUND('',#3746,.T.);
#3746 = EDGE_LOOP('',(#3747));
#3747 = ORIENTED_EDGE('',*,*,#3748,.F.);
#3748 = EDGE_CURVE('',#3749,#3749,#3751,.T.);
#3749 = VERTEX_POINT('',#3750);
#3750 = CARTESIAN_POINT('',(23.05,86.125,30.8));
#3751 = CIRCLE('',#3752,0.8);
#3752 = AXIS2_PLACEMENT_3D('',#3753,#3754,#3755);
#3753 = CARTESIAN_POINT('',(22.25,86.125,30.8));
#3754 = DIRECTION('',(0.,0.,1.));
#3755 = DIRECTION('',(1.,0.,0.));
#3756 = PLANE('',#3757);
#3757 = AXIS2_PLACEMENT_3D('',#3758,#3759,#3760);
#3758 = CARTESIAN_POINT('',(22.25,86.125,30.8));
#3759 = DIRECTION('',(0.,0.,1.));
#3760 = DIRECTION('',(1.,0.,0.));
#3761 = ADVANCED_FACE('',(#3762,#3765),#3776,.T.);
#3762 = FACE_BOUND('',#3763,.T.);
#3763 = EDGE_LOOP('',(#3764));
#3764 = ORIENTED_EDGE('',*,*,#3619,.T.);
#3765 = FACE_BOUND('',#3766,.T.);
#3766 = EDGE_LOOP('',(#3767));
#3767 = ORIENTED_EDGE('',*,*,#3768,.F.);
#3768 = EDGE_CURVE('',#3769,#3769,#3771,.T.);
#3769 = VERTEX_POINT('',#3770);
#3770 = CARTESIAN_POINT('',(57.55,86.125,30.8));
#3771 = CIRCLE('',#3772,0.8);
#3772 = AXIS2_PLACEMENT_3D('',#3773,#3774,#3775);
#3773 = CARTESIAN_POINT('',(56.75,86.125,30.8));
#3774 = DIRECTION('',(0.,0.,1.));
#3775 = DIRECTION('',(1.,0.,0.));
#3776 = PLANE('',#3777);
#3777 = AXIS2_PLACEMENT_3D('',#3778,#3779,#3780);
#3778 = CARTESIAN_POINT('',(56.75,86.125,30.8));
#3779 = DIRECTION('',(0.,0.,1.));
#3780 = DIRECTION('',(1.,0.,0.));
#3781 = ADVANCED_FACE('',(#3782,#3785),#3796,.T.);
#3782 = FACE_BOUND('',#3783,.T.);
#3783 = EDGE_LOOP('',(#3784));
#3784 = ORIENTED_EDGE('',*,*,#3650,.T.);
#3785 = FACE_BOUND('',#3786,.T.);
#3786 = EDGE_LOOP('',(#3787));
#3787 = ORIENTED_EDGE('',*,*,#3788,.F.);
#3788 = EDGE_CURVE('',#3789,#3789,#3791,.T.);
#3789 = VERTEX_POINT('',#3790);
#3790 = CARTESIAN_POINT('',(57.55,31.875,30.8));
#3791 = CIRCLE('',#3792,0.8);
#3792 = AXIS2_PLACEMENT_3D('',#3793,#3794,#3795);
#3793 = CARTESIAN_POINT('',(56.75,31.875,30.8));
#3794 = DIRECTION('',(0.,0.,1.));
#3795 = DIRECTION('',(1.,0.,0.));
#3796 = PLANE('',#3797);
#3797 = AXIS2_PLACEMENT_3D('',#3798,#3799,#3800);
#3798 = CARTESIAN_POINT('',(56.75,31.875,30.8));
#3799 = DIRECTION('',(0.,0.,1.));
#3800 = DIRECTION('',(1.,0.,0.));
#3801 = ADVANCED_FACE('',(#3802),#3821,.F.);
#3802 = FACE_BOUND('',#3803,.F.);
#3803 = EDGE_LOOP('',(#3804,#3805,#3813,#3820));
#3804 = ORIENTED_EDGE('',*,*,#3728,.F.);
#3805 = ORIENTED_EDGE('',*,*,#3806,.F.);
#3806 = EDGE_CURVE('',#3807,#3729,#3809,.T.);
#3807 = VERTEX_POINT('',#3808);
#3808 = CARTESIAN_POINT('',(23.05,31.875,26.8));
#3809 = LINE('',#3810,#3811);
#3810 = CARTESIAN_POINT('',(23.05,31.875,26.8));
#3811 = VECTOR('',#3812,1.);
#3812 = DIRECTION('',(0.,0.,1.));
#3813 = ORIENTED_EDGE('',*,*,#3814,.T.);
#3814 = EDGE_CURVE('',#3807,#3807,#3815,.T.);
#3815 = CIRCLE('',#3816,0.8);
#3816 = AXIS2_PLACEMENT_3D('',#3817,#3818,#3819);
#3817 = CARTESIAN_POINT('',(22.25,31.875,26.8));
#3818 = DIRECTION('',(0.,0.,1.));
#3819 = DIRECTION('',(1.,0.,0.));
#3820 = ORIENTED_EDGE('',*,*,#3806,.T.);
#3821 = CYLINDRICAL_SURFACE('',#3822,0.8);
#3822 = AXIS2_PLACEMENT_3D('',#3823,#3824,#3825);
#3823 = CARTESIAN_POINT('',(22.25,31.875,26.8));
#3824 = DIRECTION('',(0.,0.,1.));
#3825 = DIRECTION('',(1.,0.,0.));
#3826 = ADVANCED_FACE('',(#3827),#3846,.F.);
#3827 = FACE_BOUND('',#3828,.F.);
#3828 = EDGE_LOOP('',(#3829,#3830,#3838,#3845));
#3829 = ORIENTED_EDGE('',*,*,#3748,.F.);
#3830 = ORIENTED_EDGE('',*,*,#3831,.F.);
#3831 = EDGE_CURVE('',#3832,#3749,#3834,.T.);
#3832 = VERTEX_POINT('',#3833);
#3833 = CARTESIAN_POINT('',(23.05,86.125,26.8));
#3834 = LINE('',#3835,#3836);
#3835 = CARTESIAN_POINT('',(23.05,86.125,26.8));
#3836 = VECTOR('',#3837,1.);
#3837 = DIRECTION('',(0.,0.,1.));
#3838 = ORIENTED_EDGE('',*,*,#3839,.T.);
#3839 = EDGE_CURVE('',#3832,#3832,#3840,.T.);
#3840 = CIRCLE('',#3841,0.8);
#3841 = AXIS2_PLACEMENT_3D('',#3842,#3843,#3844);
#3842 = CARTESIAN_POINT('',(22.25,86.125,26.8));
#3843 = DIRECTION('',(0.,0.,1.));
#3844 = DIRECTION('',(1.,0.,0.));
#3845 = ORIENTED_EDGE('',*,*,#3831,.T.);
#3846 = CYLINDRICAL_SURFACE('',#3847,0.8);
#3847 = AXIS2_PLACEMENT_3D('',#3848,#3849,#3850);
#3848 = CARTESIAN_POINT('',(22.25,86.125,26.8));
#3849 = DIRECTION('',(0.,0.,1.));
#3850 = DIRECTION('',(1.,0.,0.));
#3851 = ADVANCED_FACE('',(#3852),#3871,.F.);
#3852 = FACE_BOUND('',#3853,.F.);
#3853 = EDGE_LOOP('',(#3854,#3855,#3863,#3870));
#3854 = ORIENTED_EDGE('',*,*,#3768,.F.);
#3855 = ORIENTED_EDGE('',*,*,#3856,.F.);
#3856 = EDGE_CURVE('',#3857,#3769,#3859,.T.);
#3857 = VERTEX_POINT('',#3858);
#3858 = CARTESIAN_POINT('',(57.55,86.125,26.8));
#3859 = LINE('',#3860,#3861);
#3860 = CARTESIAN_POINT('',(57.55,86.125,26.8));
#3861 = VECTOR('',#3862,1.);
#3862 = DIRECTION('',(0.,0.,1.));
#3863 = ORIENTED_EDGE('',*,*,#3864,.T.);
#3864 = EDGE_CURVE('',#3857,#3857,#3865,.T.);
#3865 = CIRCLE('',#3866,0.8);
#3866 = AXIS2_PLACEMENT_3D('',#3867,#3868,#3869);
#3867 = CARTESIAN_POINT('',(56.75,86.125,26.8));
#3868 = DIRECTION('',(0.,0.,1.));
#3869 = DIRECTION('',(1.,0.,0.));
#3870 = ORIENTED_EDGE('',*,*,#3856,.T.);
#3871 = CYLINDRICAL_SURFACE('',#3872,0.8);
#3872 = AXIS2_PLACEMENT_3D('',#3873,#3874,#3875);
#3873 = CARTESIAN_POINT('',(56.75,86.125,26.8));
#3874 = DIRECTION('',(0.,0.,1.));
#3875 = DIRECTION('',(1.,0.,0.));
#3876 = ADVANCED_FACE('',(#3877),#3896,.F.);
#3877 = FACE_BOUND('',#3878,.F.);
#3878 = EDGE_LOOP('',(#3879,#3880,#3888,#3895));
#3879 = ORIENTED_EDGE('',*,*,#3788,.F.);
#3880 = ORIENTED_EDGE('',*,*,#3881,.F.);
#3881 = EDGE_CURVE('',#3882,#3789,#3884,.T.);
#3882 = VERTEX_POINT('',#3883);
#3883 = CARTESIAN_POINT('',(57.55,31.875,26.8));
#3884 = LINE('',#3885,#3886);
#3885 = CARTESIAN_POINT('',(57.55,31.875,26.8));
#3886 = VECTOR('',#3887,1.);
#3887 = DIRECTION('',(0.,0.,1.));
#3888 = ORIENTED_EDGE('',*,*,#3889,.T.);
#3889 = EDGE_CURVE('',#3882,#3882,#3890,.T.);
#3890 = CIRCLE('',#3891,0.8);
#3891 = AXIS2_PLACEMENT_3D('',#3892,#3893,#3894);
#3892 = CARTESIAN_POINT('',(56.75,31.875,26.8));
#3893 = DIRECTION('',(0.,0.,1.));
#3894 = DIRECTION('',(1.,0.,0.));
#3895 = ORIENTED_EDGE('',*,*,#3881,.T.);
#3896 = CYLINDRICAL_SURFACE('',#3897,0.8);
#3897 = AXIS2_PLACEMENT_3D('',#3898,#3899,#3900);
#3898 = CARTESIAN_POINT('',(56.75,31.875,26.8));
#3899 = DIRECTION('',(0.,0.,1.));
#3900 = DIRECTION('',(1.,0.,0.));
#3901 = ADVANCED_FACE('',(#3902),#3905,.T.);
#3902 = FACE_BOUND('',#3903,.F.);
#3903 = EDGE_LOOP('',(#3904));
#3904 = ORIENTED_EDGE('',*,*,#3814,.F.);
#3905 = PLANE('',#3906);
#3906 = AXIS2_PLACEMENT_3D('',#3907,#3908,#3909);
#3907 = CARTESIAN_POINT('',(22.25,31.875,26.8));
#3908 = DIRECTION('',(0.,0.,1.));
#3909 = DIRECTION('',(1.,0.,0.));
#3910 = ADVANCED_FACE('',(#3911),#3914,.T.);
#3911 = FACE_BOUND('',#3912,.F.);
#3912 = EDGE_LOOP('',(#3913));
#3913 = ORIENTED_EDGE('',*,*,#3839,.F.);
#3914 = PLANE('',#3915);
#3915 = AXIS2_PLACEMENT_3D('',#3916,#3917,#3918);
#3916 = CARTESIAN_POINT('',(22.25,86.125,26.8));
#3917 = DIRECTION('',(0.,0.,1.));
#3918 = DIRECTION('',(1.,0.,0.));
#3919 = ADVANCED_FACE('',(#3920),#3923,.T.);
#3920 = FACE_BOUND('',#3921,.F.);
#3921 = EDGE_LOOP('',(#3922));
#3922 = ORIENTED_EDGE('',*,*,#3864,.F.);
#3923 = PLANE('',#3924);
#3924 = AXIS2_PLACEMENT_3D('',#3925,#3926,#3927);
#3925 = CARTESIAN_POINT('',(56.75,86.125,26.8));
#3926 = DIRECTION('',(0.,0.,1.));
#3927 = DIRECTION('',(1.,0.,0.));
#3928 = ADVANCED_FACE('',(#3929),#3932,.T.);
#3929 = FACE_BOUND('',#3930,.F.);
#3930 = EDGE_LOOP('',(#3931));
#3931 = ORIENTED_EDGE('',*,*,#3889,.F.);
#3932 = PLANE('',#3933);
#3933 = AXIS2_PLACEMENT_3D('',#3934,#3935,#3936);
#3934 = CARTESIAN_POINT('',(56.75,31.875,26.8));
#3935 = DIRECTION('',(0.,0.,1.));
#3936 = DIRECTION('',(1.,0.,0.));
#3937 = MANIFOLD_SOLID_BREP('',#3938);
#3938 = CLOSED_SHELL('',(#3939,#4045,#4076,#4100,#4124,#4141,#4204,#4269
    ,#4293,#4317,#4341,#4367,#4384,#4415,#4439,#4463,#4480,#4552,#4603,
    #4615,#4628,#4652,#4687,#4704,#4716,#4728));
#3939 = ADVANCED_FACE('',(#3940,#3974),#4040,.T.);
#3940 = FACE_BOUND('',#3941,.T.);
#3941 = EDGE_LOOP('',(#3942,#3952,#3960,#3968));
#3942 = ORIENTED_EDGE('',*,*,#3943,.T.);
#3943 = EDGE_CURVE('',#3944,#3946,#3948,.T.);
#3944 = VERTEX_POINT('',#3945);
#3945 = CARTESIAN_POINT('',(34.05,128.1,17.2));
#3946 = VERTEX_POINT('',#3947);
#3947 = CARTESIAN_POINT('',(29.55,128.1,17.2));
#3948 = LINE('',#3949,#3950);
#3949 = CARTESIAN_POINT('',(33.55,128.1,17.2));
#3950 = VECTOR('',#3951,1.);
#3951 = DIRECTION('',(-1.,0.,0.));
#3952 = ORIENTED_EDGE('',*,*,#3953,.T.);
#3953 = EDGE_CURVE('',#3946,#3954,#3956,.T.);
#3954 = VERTEX_POINT('',#3955);
#3955 = CARTESIAN_POINT('',(29.55,137.7,17.2));
#3956 = LINE('',#3957,#3958);
#3957 = CARTESIAN_POINT('',(29.55,128.6,17.2));
#3958 = VECTOR('',#3959,1.);
#3959 = DIRECTION('',(0.,1.,0.));
#3960 = ORIENTED_EDGE('',*,*,#3961,.F.);
#3961 = EDGE_CURVE('',#3962,#3954,#3964,.T.);
#3962 = VERTEX_POINT('',#3963);
#3963 = CARTESIAN_POINT('',(34.05,137.7,17.2));
#3964 = LINE('',#3965,#3966);
#3965 = CARTESIAN_POINT('',(33.55,137.7,17.2));
#3966 = VECTOR('',#3967,1.);
#3967 = DIRECTION('',(-1.,0.,0.));
#3968 = ORIENTED_EDGE('',*,*,#3969,.F.);
#3969 = EDGE_CURVE('',#3944,#3962,#3970,.T.);
#3970 = LINE('',#3971,#3972);
#3971 = CARTESIAN_POINT('',(34.05,128.6,17.2));
#3972 = VECTOR('',#3973,1.);
#3973 = DIRECTION('',(0.,1.,0.));
#3974 = FACE_BOUND('',#3975,.T.);
#3975 = EDGE_LOOP('',(#3976,#3986,#3994,#4002,#4010,#4018,#4026,#4034));
#3976 = ORIENTED_EDGE('',*,*,#3977,.F.);
#3977 = EDGE_CURVE('',#3978,#3980,#3982,.T.);
#3978 = VERTEX_POINT('',#3979);
#3979 = CARTESIAN_POINT('',(28.85,127.4,17.2));
#3980 = VERTEX_POINT('',#3981);
#3981 = CARTESIAN_POINT('',(28.85,130.,17.2));
#3982 = LINE('',#3983,#3984);
#3983 = CARTESIAN_POINT('',(28.85,127.4,17.2));
#3984 = VECTOR('',#3985,1.);
#3985 = DIRECTION('',(0.,1.,0.));
#3986 = ORIENTED_EDGE('',*,*,#3987,.T.);
#3987 = EDGE_CURVE('',#3978,#3988,#3990,.T.);
#3988 = VERTEX_POINT('',#3989);
#3989 = CARTESIAN_POINT('',(35.95,127.4,17.2));
#3990 = LINE('',#3991,#3992);
#3991 = CARTESIAN_POINT('',(28.85,127.4,17.2));
#3992 = VECTOR('',#3993,1.);
#3993 = DIRECTION('',(1.,0.,0.));
#3994 = ORIENTED_EDGE('',*,*,#3995,.T.);
#3995 = EDGE_CURVE('',#3988,#3996,#3998,.T.);
#3996 = VERTEX_POINT('',#3997);
#3997 = CARTESIAN_POINT('',(35.95,139.2,17.2));
#3998 = LINE('',#3999,#4000);
#3999 = CARTESIAN_POINT('',(35.95,127.4,17.2));
#4000 = VECTOR('',#4001,1.);
#4001 = DIRECTION('',(0.,1.,0.));
#4002 = ORIENTED_EDGE('',*,*,#4003,.F.);
#4003 = EDGE_CURVE('',#4004,#3996,#4006,.T.);
#4004 = VERTEX_POINT('',#4005);
#4005 = CARTESIAN_POINT('',(28.85,139.2,17.2));
#4006 = LINE('',#4007,#4008);
#4007 = CARTESIAN_POINT('',(28.85,139.2,17.2));
#4008 = VECTOR('',#4009,1.);
#4009 = DIRECTION('',(1.,0.,0.));
#4010 = ORIENTED_EDGE('',*,*,#4011,.F.);
#4011 = EDGE_CURVE('',#4012,#4004,#4014,.T.);
#4012 = VERTEX_POINT('',#4013);
#4013 = CARTESIAN_POINT('',(28.85,136.,17.2));
#4014 = LINE('',#4015,#4016);
#4015 = CARTESIAN_POINT('',(28.85,127.4,17.2));
#4016 = VECTOR('',#4017,1.);
#4017 = DIRECTION('',(0.,1.,0.));
#4018 = ORIENTED_EDGE('',*,*,#4019,.F.);
#4019 = EDGE_CURVE('',#4020,#4012,#4022,.T.);
#4020 = VERTEX_POINT('',#4021);
#4021 = CARTESIAN_POINT('',(28.05,136.,17.2));
#4022 = LINE('',#4023,#4024);
#4023 = CARTESIAN_POINT('',(28.05,136.,17.2));
#4024 = VECTOR('',#4025,1.);
#4025 = DIRECTION('',(1.,0.,0.));
#4026 = ORIENTED_EDGE('',*,*,#4027,.F.);
#4027 = EDGE_CURVE('',#4028,#4020,#4030,.T.);
#4028 = VERTEX_POINT('',#4029);
#4029 = CARTESIAN_POINT('',(28.05,130.,17.2));
#4030 = LINE('',#4031,#4032);
#4031 = CARTESIAN_POINT('',(28.05,130.,17.2));
#4032 = VECTOR('',#4033,1.);
#4033 = DIRECTION('',(0.,1.,0.));
#4034 = ORIENTED_EDGE('',*,*,#4035,.T.);
#4035 = EDGE_CURVE('',#4028,#3980,#4036,.T.);
#4036 = LINE('',#4037,#4038);
#4037 = CARTESIAN_POINT('',(28.05,130.,17.2));
#4038 = VECTOR('',#4039,1.);
#4039 = DIRECTION('',(1.,0.,0.));
#4040 = PLANE('',#4041);
#4041 = AXIS2_PLACEMENT_3D('',#4042,#4043,#4044);
#4042 = CARTESIAN_POINT('',(32.117766497462,133.28781725888,17.2));
#4043 = DIRECTION('',(0.,0.,1.));
#4044 = DIRECTION('',(1.,0.,0.));
#4045 = ADVANCED_FACE('',(#4046),#4071,.T.);
#4046 = FACE_BOUND('',#4047,.F.);
#4047 = EDGE_LOOP('',(#4048,#4056,#4057,#4065));
#4048 = ORIENTED_EDGE('',*,*,#4049,.F.);
#4049 = EDGE_CURVE('',#3944,#4050,#4052,.T.);
#4050 = VERTEX_POINT('',#4051);
#4051 = CARTESIAN_POINT('',(33.55,128.6,16.7));
#4052 = LINE('',#4053,#4054);
#4053 = CARTESIAN_POINT('',(33.716666666667,128.43333333333,
    16.866666666667));
#4054 = VECTOR('',#4055,1.);
#4055 = DIRECTION('',(-0.57735026919,0.57735026919,-0.57735026919));
#4056 = ORIENTED_EDGE('',*,*,#3943,.T.);
#4057 = ORIENTED_EDGE('',*,*,#4058,.T.);
#4058 = EDGE_CURVE('',#3946,#4059,#4061,.T.);
#4059 = VERTEX_POINT('',#4060);
#4060 = CARTESIAN_POINT('',(30.05,128.6,16.7));
#4061 = LINE('',#4062,#4063);
#4062 = CARTESIAN_POINT('',(30.466666666667,129.01666666666,
    16.283333333333));
#4063 = VECTOR('',#4064,1.);
#4064 = DIRECTION('',(0.57735026919,0.57735026919,-0.57735026919));
#4065 = ORIENTED_EDGE('',*,*,#4066,.F.);
#4066 = EDGE_CURVE('',#4050,#4059,#4067,.T.);
#4067 = LINE('',#4068,#4069);
#4068 = CARTESIAN_POINT('',(33.55,128.6,16.7));
#4069 = VECTOR('',#4070,1.);
#4070 = DIRECTION('',(-1.,0.,0.));
#4071 = PLANE('',#4072);
#4072 = AXIS2_PLACEMENT_3D('',#4073,#4074,#4075);
#4073 = CARTESIAN_POINT('',(33.55,128.35,16.95));
#4074 = DIRECTION('',(0.,0.707106781187,0.707106781187));
#4075 = DIRECTION('',(1.,0.,0.));
#4076 = ADVANCED_FACE('',(#4077),#4095,.F.);
#4077 = FACE_BOUND('',#4078,.T.);
#4078 = EDGE_LOOP('',(#4079,#4080,#4081,#4089));
#4079 = ORIENTED_EDGE('',*,*,#4049,.F.);
#4080 = ORIENTED_EDGE('',*,*,#3969,.T.);
#4081 = ORIENTED_EDGE('',*,*,#4082,.T.);
#4082 = EDGE_CURVE('',#3962,#4083,#4085,.T.);
#4083 = VERTEX_POINT('',#4084);
#4084 = CARTESIAN_POINT('',(33.55,137.2,16.7));
#4085 = LINE('',#4086,#4087);
#4086 = CARTESIAN_POINT('',(32.283333333333,135.93333333333,
    15.433333333333));
#4087 = VECTOR('',#4088,1.);
#4088 = DIRECTION('',(-0.57735026919,-0.57735026919,-0.57735026919));
#4089 = ORIENTED_EDGE('',*,*,#4090,.F.);
#4090 = EDGE_CURVE('',#4050,#4083,#4091,.T.);
#4091 = LINE('',#4092,#4093);
#4092 = CARTESIAN_POINT('',(33.55,128.6,16.7));
#4093 = VECTOR('',#4094,1.);
#4094 = DIRECTION('',(0.,1.,0.));
#4095 = PLANE('',#4096);
#4096 = AXIS2_PLACEMENT_3D('',#4097,#4098,#4099);
#4097 = CARTESIAN_POINT('',(33.8,128.6,16.95));
#4098 = DIRECTION('',(0.707106781187,0.,-0.707106781187));
#4099 = DIRECTION('',(-0.,-1.,-0.));
#4100 = ADVANCED_FACE('',(#4101),#4119,.T.);
#4101 = FACE_BOUND('',#4102,.F.);
#4102 = EDGE_LOOP('',(#4103,#4104,#4105,#4113));
#4103 = ORIENTED_EDGE('',*,*,#4058,.F.);
#4104 = ORIENTED_EDGE('',*,*,#3953,.T.);
#4105 = ORIENTED_EDGE('',*,*,#4106,.T.);
#4106 = EDGE_CURVE('',#3954,#4107,#4109,.T.);
#4107 = VERTEX_POINT('',#4108);
#4108 = CARTESIAN_POINT('',(30.05,137.2,16.7));
#4109 = LINE('',#4110,#4111);
#4110 = CARTESIAN_POINT('',(31.9,135.35,14.85));
#4111 = VECTOR('',#4112,1.);
#4112 = DIRECTION('',(0.57735026919,-0.57735026919,-0.57735026919));
#4113 = ORIENTED_EDGE('',*,*,#4114,.F.);
#4114 = EDGE_CURVE('',#4059,#4107,#4115,.T.);
#4115 = LINE('',#4116,#4117);
#4116 = CARTESIAN_POINT('',(30.05,128.6,16.7));
#4117 = VECTOR('',#4118,1.);
#4118 = DIRECTION('',(0.,1.,0.));
#4119 = PLANE('',#4120);
#4120 = AXIS2_PLACEMENT_3D('',#4121,#4122,#4123);
#4121 = CARTESIAN_POINT('',(29.8,128.6,16.95));
#4122 = DIRECTION('',(0.707106781187,0.,0.707106781187));
#4123 = DIRECTION('',(0.,-1.,0.));
#4124 = ADVANCED_FACE('',(#4125),#4136,.F.);
#4125 = FACE_BOUND('',#4126,.T.);
#4126 = EDGE_LOOP('',(#4127,#4128,#4129,#4130));
#4127 = ORIENTED_EDGE('',*,*,#4082,.F.);
#4128 = ORIENTED_EDGE('',*,*,#3961,.T.);
#4129 = ORIENTED_EDGE('',*,*,#4106,.T.);
#4130 = ORIENTED_EDGE('',*,*,#4131,.F.);
#4131 = EDGE_CURVE('',#4083,#4107,#4132,.T.);
#4132 = LINE('',#4133,#4134);
#4133 = CARTESIAN_POINT('',(33.55,137.2,16.7));
#4134 = VECTOR('',#4135,1.);
#4135 = DIRECTION('',(-1.,0.,0.));
#4136 = PLANE('',#4137);
#4137 = AXIS2_PLACEMENT_3D('',#4138,#4139,#4140);
#4138 = CARTESIAN_POINT('',(33.55,137.45,16.95));
#4139 = DIRECTION('',(0.,0.707106781187,-0.707106781187));
#4140 = DIRECTION('',(1.,0.,0.));
#4141 = ADVANCED_FACE('',(#4142),#4199,.F.);
#4142 = FACE_BOUND('',#4143,.F.);
#4143 = EDGE_LOOP('',(#4144,#4155,#4161,#4162,#4170,#4178,#4184,#4185,
    #4193));
#4144 = ORIENTED_EDGE('',*,*,#4145,.T.);
#4145 = EDGE_CURVE('',#4146,#4148,#4150,.T.);
#4146 = VERTEX_POINT('',#4147);
#4147 = CARTESIAN_POINT('',(28.85,139.8,5.2));
#4148 = VERTEX_POINT('',#4149);
#4149 = CARTESIAN_POINT('',(28.85,139.2,5.8));
#4150 = CIRCLE('',#4151,0.6);
#4151 = AXIS2_PLACEMENT_3D('',#4152,#4153,#4154);
#4152 = CARTESIAN_POINT('',(28.85,139.8,5.8));
#4153 = DIRECTION('',(-1.,0.,0.));
#4154 = DIRECTION('',(0.,0.,1.));
#4155 = ORIENTED_EDGE('',*,*,#4156,.T.);
#4156 = EDGE_CURVE('',#4148,#4004,#4157,.T.);
#4157 = LINE('',#4158,#4159);
#4158 = CARTESIAN_POINT('',(28.85,139.2,5.2));
#4159 = VECTOR('',#4160,1.);
#4160 = DIRECTION('',(0.,0.,1.));
#4161 = ORIENTED_EDGE('',*,*,#4011,.F.);
#4162 = ORIENTED_EDGE('',*,*,#4163,.T.);
#4163 = EDGE_CURVE('',#4012,#4164,#4166,.T.);
#4164 = VERTEX_POINT('',#4165);
#4165 = CARTESIAN_POINT('',(28.85,136.,9.));
#4166 = LINE('',#4167,#4168);
#4167 = CARTESIAN_POINT('',(28.85,136.,17.2));
#4168 = VECTOR('',#4169,1.);
#4169 = DIRECTION('',(0.,0.,-1.));
#4170 = ORIENTED_EDGE('',*,*,#4171,.F.);
#4171 = EDGE_CURVE('',#4172,#4164,#4174,.T.);
#4172 = VERTEX_POINT('',#4173);
#4173 = CARTESIAN_POINT('',(28.85,130.,9.));
#4174 = LINE('',#4175,#4176);
#4175 = CARTESIAN_POINT('',(28.85,130.,9.));
#4176 = VECTOR('',#4177,1.);
#4177 = DIRECTION('',(0.,1.,0.));
#4178 = ORIENTED_EDGE('',*,*,#4179,.F.);
#4179 = EDGE_CURVE('',#3980,#4172,#4180,.T.);
#4180 = LINE('',#4181,#4182);
#4181 = CARTESIAN_POINT('',(28.85,130.,17.2));
#4182 = VECTOR('',#4183,1.);
#4183 = DIRECTION('',(0.,0.,-1.));
#4184 = ORIENTED_EDGE('',*,*,#3977,.F.);
#4185 = ORIENTED_EDGE('',*,*,#4186,.F.);
#4186 = EDGE_CURVE('',#4187,#3978,#4189,.T.);
#4187 = VERTEX_POINT('',#4188);
#4188 = CARTESIAN_POINT('',(28.85,127.4,5.2));
#4189 = LINE('',#4190,#4191);
#4190 = CARTESIAN_POINT('',(28.85,127.4,5.2));
#4191 = VECTOR('',#4192,1.);
#4192 = DIRECTION('',(0.,0.,1.));
#4193 = ORIENTED_EDGE('',*,*,#4194,.T.);
#4194 = EDGE_CURVE('',#4187,#4146,#4195,.T.);
#4195 = LINE('',#4196,#4197);
#4196 = CARTESIAN_POINT('',(28.85,127.4,5.2));
#4197 = VECTOR('',#4198,1.);
#4198 = DIRECTION('',(0.,1.,0.));
#4199 = PLANE('',#4200);
#4200 = AXIS2_PLACEMENT_3D('',#4201,#4202,#4203);
#4201 = CARTESIAN_POINT('',(28.85,127.4,5.2));
#4202 = DIRECTION('',(1.,0.,0.));
#4203 = DIRECTION('',(0.,0.,1.));
#4204 = ADVANCED_FACE('',(#4205),#4264,.T.);
#4205 = FACE_BOUND('',#4206,.T.);
#4206 = EDGE_LOOP('',(#4207,#4217,#4226,#4232,#4233,#4234,#4242,#4250,
    #4258));
#4207 = ORIENTED_EDGE('',*,*,#4208,.F.);
#4208 = EDGE_CURVE('',#4209,#4211,#4213,.T.);
#4209 = VERTEX_POINT('',#4210);
#4210 = CARTESIAN_POINT('',(37.75,127.4,5.2));
#4211 = VERTEX_POINT('',#4212);
#4212 = CARTESIAN_POINT('',(38.,127.4,5.2));
#4213 = LINE('',#4214,#4215);
#4214 = CARTESIAN_POINT('',(18.4,127.4,5.2));
#4215 = VECTOR('',#4216,1.);
#4216 = DIRECTION('',(1.,0.,0.));
#4217 = ORIENTED_EDGE('',*,*,#4218,.T.);
#4218 = EDGE_CURVE('',#4209,#4219,#4221,.T.);
#4219 = VERTEX_POINT('',#4220);
#4220 = CARTESIAN_POINT('',(35.95,127.4,7.));
#4221 = CIRCLE('',#4222,1.8);
#4222 = AXIS2_PLACEMENT_3D('',#4223,#4224,#4225);
#4223 = CARTESIAN_POINT('',(37.75,127.4,7.));
#4224 = DIRECTION('',(0.,1.,0.));
#4225 = DIRECTION('',(0.,0.,1.));
#4226 = ORIENTED_EDGE('',*,*,#4227,.T.);
#4227 = EDGE_CURVE('',#4219,#3988,#4228,.T.);
#4228 = LINE('',#4229,#4230);
#4229 = CARTESIAN_POINT('',(35.95,127.4,5.2));
#4230 = VECTOR('',#4231,1.);
#4231 = DIRECTION('',(0.,0.,1.));
#4232 = ORIENTED_EDGE('',*,*,#3987,.F.);
#4233 = ORIENTED_EDGE('',*,*,#4186,.F.);
#4234 = ORIENTED_EDGE('',*,*,#4235,.F.);
#4235 = EDGE_CURVE('',#4236,#4187,#4238,.T.);
#4236 = VERTEX_POINT('',#4237);
#4237 = CARTESIAN_POINT('',(18.4,127.4,5.2));
#4238 = LINE('',#4239,#4240);
#4239 = CARTESIAN_POINT('',(18.4,127.4,5.2));
#4240 = VECTOR('',#4241,1.);
#4241 = DIRECTION('',(1.,0.,0.));
#4242 = ORIENTED_EDGE('',*,*,#4243,.F.);
#4243 = EDGE_CURVE('',#4244,#4236,#4246,.T.);
#4244 = VERTEX_POINT('',#4245);
#4245 = CARTESIAN_POINT('',(18.4,127.4,2.2));
#4246 = LINE('',#4247,#4248);
#4247 = CARTESIAN_POINT('',(18.4,127.4,2.2));
#4248 = VECTOR('',#4249,1.);
#4249 = DIRECTION('',(0.,0.,1.));
#4250 = ORIENTED_EDGE('',*,*,#4251,.T.);
#4251 = EDGE_CURVE('',#4244,#4252,#4254,.T.);
#4252 = VERTEX_POINT('',#4253);
#4253 = CARTESIAN_POINT('',(38.,127.4,2.2));
#4254 = LINE('',#4255,#4256);
#4255 = CARTESIAN_POINT('',(18.4,127.4,2.2));
#4256 = VECTOR('',#4257,1.);
#4257 = DIRECTION('',(1.,0.,0.));
#4258 = ORIENTED_EDGE('',*,*,#4259,.T.);
#4259 = EDGE_CURVE('',#4252,#4211,#4260,.T.);
#4260 = LINE('',#4261,#4262);
#4261 = CARTESIAN_POINT('',(38.,127.4,2.2));
#4262 = VECTOR('',#4263,1.);
#4263 = DIRECTION('',(0.,0.,1.));
#4264 = PLANE('',#4265);
#4265 = AXIS2_PLACEMENT_3D('',#4266,#4267,#4268);
#4266 = CARTESIAN_POINT('',(29.656647398844,127.4,7.532369942197));
#4267 = DIRECTION('',(-0.,-1.,-0.));
#4268 = DIRECTION('',(0.,0.,-1.));
#4269 = ADVANCED_FACE('',(#4270),#4288,.F.);
#4270 = FACE_BOUND('',#4271,.F.);
#4271 = EDGE_LOOP('',(#4272,#4280,#4286,#4287));
#4272 = ORIENTED_EDGE('',*,*,#4273,.T.);
#4273 = EDGE_CURVE('',#4172,#4274,#4276,.T.);
#4274 = VERTEX_POINT('',#4275);
#4275 = CARTESIAN_POINT('',(28.05,130.,12.));
#4276 = LINE('',#4277,#4278);
#4277 = CARTESIAN_POINT('',(28.85,130.,9.));
#4278 = VECTOR('',#4279,1.);
#4279 = DIRECTION('',(-0.25766265056,0.,0.966234939601));
#4280 = ORIENTED_EDGE('',*,*,#4281,.T.);
#4281 = EDGE_CURVE('',#4274,#4028,#4282,.T.);
#4282 = LINE('',#4283,#4284);
#4283 = CARTESIAN_POINT('',(28.05,130.,12.));
#4284 = VECTOR('',#4285,1.);
#4285 = DIRECTION('',(0.,0.,1.));
#4286 = ORIENTED_EDGE('',*,*,#4035,.T.);
#4287 = ORIENTED_EDGE('',*,*,#4179,.T.);
#4288 = PLANE('',#4289);
#4289 = AXIS2_PLACEMENT_3D('',#4290,#4291,#4292);
#4290 = CARTESIAN_POINT('',(28.51934478163,130.,13.273791265187));
#4291 = DIRECTION('',(0.,1.,0.));
#4292 = DIRECTION('',(0.,0.,1.));
#4293 = ADVANCED_FACE('',(#4294),#4312,.T.);
#4294 = FACE_BOUND('',#4295,.T.);
#4295 = EDGE_LOOP('',(#4296,#4297,#4305,#4311));
#4296 = ORIENTED_EDGE('',*,*,#4227,.F.);
#4297 = ORIENTED_EDGE('',*,*,#4298,.T.);
#4298 = EDGE_CURVE('',#4219,#4299,#4301,.T.);
#4299 = VERTEX_POINT('',#4300);
#4300 = CARTESIAN_POINT('',(35.95,139.2,7.));
#4301 = LINE('',#4302,#4303);
#4302 = CARTESIAN_POINT('',(35.95,127.4,7.));
#4303 = VECTOR('',#4304,1.);
#4304 = DIRECTION('',(0.,1.,0.));
#4305 = ORIENTED_EDGE('',*,*,#4306,.T.);
#4306 = EDGE_CURVE('',#4299,#3996,#4307,.T.);
#4307 = LINE('',#4308,#4309);
#4308 = CARTESIAN_POINT('',(35.95,139.2,5.2));
#4309 = VECTOR('',#4310,1.);
#4310 = DIRECTION('',(0.,0.,1.));
#4311 = ORIENTED_EDGE('',*,*,#3995,.F.);
#4312 = PLANE('',#4313);
#4313 = AXIS2_PLACEMENT_3D('',#4314,#4315,#4316);
#4314 = CARTESIAN_POINT('',(35.95,127.4,5.2));
#4315 = DIRECTION('',(1.,0.,0.));
#4316 = DIRECTION('',(0.,0.,1.));
#4317 = ADVANCED_FACE('',(#4318),#4336,.F.);
#4318 = FACE_BOUND('',#4319,.F.);
#4319 = EDGE_LOOP('',(#4320,#4328,#4334,#4335));
#4320 = ORIENTED_EDGE('',*,*,#4321,.T.);
#4321 = EDGE_CURVE('',#4274,#4322,#4324,.T.);
#4322 = VERTEX_POINT('',#4323);
#4323 = CARTESIAN_POINT('',(28.05,136.,12.));
#4324 = LINE('',#4325,#4326);
#4325 = CARTESIAN_POINT('',(28.05,130.,12.));
#4326 = VECTOR('',#4327,1.);
#4327 = DIRECTION('',(0.,1.,0.));
#4328 = ORIENTED_EDGE('',*,*,#4329,.T.);
#4329 = EDGE_CURVE('',#4322,#4020,#4330,.T.);
#4330 = LINE('',#4331,#4332);
#4331 = CARTESIAN_POINT('',(28.05,136.,12.));
#4332 = VECTOR('',#4333,1.);
#4333 = DIRECTION('',(0.,0.,1.));
#4334 = ORIENTED_EDGE('',*,*,#4027,.F.);
#4335 = ORIENTED_EDGE('',*,*,#4281,.F.);
#4336 = PLANE('',#4337);
#4337 = AXIS2_PLACEMENT_3D('',#4338,#4339,#4340);
#4338 = CARTESIAN_POINT('',(28.05,130.,12.));
#4339 = DIRECTION('',(1.,0.,0.));
#4340 = DIRECTION('',(0.,0.,1.));
#4341 = ADVANCED_FACE('',(#4342),#4362,.T.);
#4342 = FACE_BOUND('',#4343,.T.);
#4343 = EDGE_LOOP('',(#4344,#4353,#4359,#4360,#4361));
#4344 = ORIENTED_EDGE('',*,*,#4345,.F.);
#4345 = EDGE_CURVE('',#4346,#4299,#4348,.T.);
#4346 = VERTEX_POINT('',#4347);
#4347 = CARTESIAN_POINT('',(36.4083592135,139.2,5.8));
#4348 = CIRCLE('',#4349,1.8);
#4349 = AXIS2_PLACEMENT_3D('',#4350,#4351,#4352);
#4350 = CARTESIAN_POINT('',(37.75,139.2,7.));
#4351 = DIRECTION('',(0.,1.,0.));
#4352 = DIRECTION('',(0.,0.,1.));
#4353 = ORIENTED_EDGE('',*,*,#4354,.F.);
#4354 = EDGE_CURVE('',#4148,#4346,#4355,.T.);
#4355 = LINE('',#4356,#4357);
#4356 = CARTESIAN_POINT('',(35.95,139.2,5.8));
#4357 = VECTOR('',#4358,1.);
#4358 = DIRECTION('',(1.,0.,0.));
#4359 = ORIENTED_EDGE('',*,*,#4156,.T.);
#4360 = ORIENTED_EDGE('',*,*,#4003,.T.);
#4361 = ORIENTED_EDGE('',*,*,#4306,.F.);
#4362 = PLANE('',#4363);
#4363 = AXIS2_PLACEMENT_3D('',#4364,#4365,#4366);
#4364 = CARTESIAN_POINT('',(28.85,139.2,5.2));
#4365 = DIRECTION('',(0.,1.,0.));
#4366 = DIRECTION('',(0.,0.,1.));
#4367 = ADVANCED_FACE('',(#4368),#4379,.T.);
#4368 = FACE_BOUND('',#4369,.T.);
#4369 = EDGE_LOOP('',(#4370,#4376,#4377,#4378));
#4370 = ORIENTED_EDGE('',*,*,#4371,.T.);
#4371 = EDGE_CURVE('',#4164,#4322,#4372,.T.);
#4372 = LINE('',#4373,#4374);
#4373 = CARTESIAN_POINT('',(28.85,136.,9.));
#4374 = VECTOR('',#4375,1.);
#4375 = DIRECTION('',(-0.25766265056,0.,0.966234939601));
#4376 = ORIENTED_EDGE('',*,*,#4329,.T.);
#4377 = ORIENTED_EDGE('',*,*,#4019,.T.);
#4378 = ORIENTED_EDGE('',*,*,#4163,.T.);
#4379 = PLANE('',#4380);
#4380 = AXIS2_PLACEMENT_3D('',#4381,#4382,#4383);
#4381 = CARTESIAN_POINT('',(28.51934478163,136.,13.273791265187));
#4382 = DIRECTION('',(0.,1.,0.));
#4383 = DIRECTION('',(0.,0.,1.));
#4384 = ADVANCED_FACE('',(#4385),#4410,.T.);
#4385 = FACE_BOUND('',#4386,.T.);
#4386 = EDGE_LOOP('',(#4387,#4395,#4403,#4409));
#4387 = ORIENTED_EDGE('',*,*,#4388,.F.);
#4388 = EDGE_CURVE('',#4389,#4050,#4391,.T.);
#4389 = VERTEX_POINT('',#4390);
#4390 = CARTESIAN_POINT('',(33.55,128.6,5.2));
#4391 = LINE('',#4392,#4393);
#4392 = CARTESIAN_POINT('',(33.55,128.6,5.2));
#4393 = VECTOR('',#4394,1.);
#4394 = DIRECTION('',(0.,0.,1.));
#4395 = ORIENTED_EDGE('',*,*,#4396,.F.);
#4396 = EDGE_CURVE('',#4397,#4389,#4399,.T.);
#4397 = VERTEX_POINT('',#4398);
#4398 = CARTESIAN_POINT('',(30.05,128.6,5.2));
#4399 = LINE('',#4400,#4401);
#4400 = CARTESIAN_POINT('',(30.05,128.6,5.2));
#4401 = VECTOR('',#4402,1.);
#4402 = DIRECTION('',(1.,0.,0.));
#4403 = ORIENTED_EDGE('',*,*,#4404,.T.);
#4404 = EDGE_CURVE('',#4397,#4059,#4405,.T.);
#4405 = LINE('',#4406,#4407);
#4406 = CARTESIAN_POINT('',(30.05,128.6,5.2));
#4407 = VECTOR('',#4408,1.);
#4408 = DIRECTION('',(0.,0.,1.));
#4409 = ORIENTED_EDGE('',*,*,#4066,.F.);
#4410 = PLANE('',#4411);
#4411 = AXIS2_PLACEMENT_3D('',#4412,#4413,#4414);
#4412 = CARTESIAN_POINT('',(30.05,128.6,5.2));
#4413 = DIRECTION('',(0.,1.,0.));
#4414 = DIRECTION('',(0.,0.,1.));
#4415 = ADVANCED_FACE('',(#4416),#4434,.F.);
#4416 = FACE_BOUND('',#4417,.F.);
#4417 = EDGE_LOOP('',(#4418,#4419,#4427,#4433));
#4418 = ORIENTED_EDGE('',*,*,#4388,.F.);
#4419 = ORIENTED_EDGE('',*,*,#4420,.T.);
#4420 = EDGE_CURVE('',#4389,#4421,#4423,.T.);
#4421 = VERTEX_POINT('',#4422);
#4422 = CARTESIAN_POINT('',(33.55,137.2,5.2));
#4423 = LINE('',#4424,#4425);
#4424 = CARTESIAN_POINT('',(33.55,128.6,5.2));
#4425 = VECTOR('',#4426,1.);
#4426 = DIRECTION('',(0.,1.,0.));
#4427 = ORIENTED_EDGE('',*,*,#4428,.T.);
#4428 = EDGE_CURVE('',#4421,#4083,#4429,.T.);
#4429 = LINE('',#4430,#4431);
#4430 = CARTESIAN_POINT('',(33.55,137.2,5.2));
#4431 = VECTOR('',#4432,1.);
#4432 = DIRECTION('',(0.,0.,1.));
#4433 = ORIENTED_EDGE('',*,*,#4090,.F.);
#4434 = PLANE('',#4435);
#4435 = AXIS2_PLACEMENT_3D('',#4436,#4437,#4438);
#4436 = CARTESIAN_POINT('',(33.55,128.6,5.2));
#4437 = DIRECTION('',(1.,0.,0.));
#4438 = DIRECTION('',(0.,0.,1.));
#4439 = ADVANCED_FACE('',(#4440),#4458,.T.);
#4440 = FACE_BOUND('',#4441,.T.);
#4441 = EDGE_LOOP('',(#4442,#4443,#4451,#4457));
#4442 = ORIENTED_EDGE('',*,*,#4404,.F.);
#4443 = ORIENTED_EDGE('',*,*,#4444,.T.);
#4444 = EDGE_CURVE('',#4397,#4445,#4447,.T.);
#4445 = VERTEX_POINT('',#4446);
#4446 = CARTESIAN_POINT('',(30.05,137.2,5.2));
#4447 = LINE('',#4448,#4449);
#4448 = CARTESIAN_POINT('',(30.05,128.6,5.2));
#4449 = VECTOR('',#4450,1.);
#4450 = DIRECTION('',(0.,1.,0.));
#4451 = ORIENTED_EDGE('',*,*,#4452,.T.);
#4452 = EDGE_CURVE('',#4445,#4107,#4453,.T.);
#4453 = LINE('',#4454,#4455);
#4454 = CARTESIAN_POINT('',(30.05,137.2,5.2));
#4455 = VECTOR('',#4456,1.);
#4456 = DIRECTION('',(0.,0.,1.));
#4457 = ORIENTED_EDGE('',*,*,#4114,.F.);
#4458 = PLANE('',#4459);
#4459 = AXIS2_PLACEMENT_3D('',#4460,#4461,#4462);
#4460 = CARTESIAN_POINT('',(30.05,128.6,5.2));
#4461 = DIRECTION('',(1.,0.,0.));
#4462 = DIRECTION('',(0.,0.,1.));
#4463 = ADVANCED_FACE('',(#4464),#4475,.F.);
#4464 = FACE_BOUND('',#4465,.F.);
#4465 = EDGE_LOOP('',(#4466,#4467,#4473,#4474));
#4466 = ORIENTED_EDGE('',*,*,#4428,.F.);
#4467 = ORIENTED_EDGE('',*,*,#4468,.F.);
#4468 = EDGE_CURVE('',#4445,#4421,#4469,.T.);
#4469 = LINE('',#4470,#4471);
#4470 = CARTESIAN_POINT('',(30.05,137.2,5.2));
#4471 = VECTOR('',#4472,1.);
#4472 = DIRECTION('',(1.,0.,0.));
#4473 = ORIENTED_EDGE('',*,*,#4452,.T.);
#4474 = ORIENTED_EDGE('',*,*,#4131,.F.);
#4475 = PLANE('',#4476);
#4476 = AXIS2_PLACEMENT_3D('',#4477,#4478,#4479);
#4477 = CARTESIAN_POINT('',(30.05,137.2,5.2));
#4478 = DIRECTION('',(0.,1.,0.));
#4479 = DIRECTION('',(0.,0.,1.));
#4480 = ADVANCED_FACE('',(#4481),#4547,.F.);
#4481 = FACE_BOUND('',#4482,.T.);
#4482 = EDGE_LOOP('',(#4483,#4539,#4545,#4546));
#4483 = ORIENTED_EDGE('',*,*,#4484,.F.);
#4484 = EDGE_CURVE('',#4485,#4346,#4487,.T.);
#4485 = VERTEX_POINT('',#4486);
#4486 = CARTESIAN_POINT('',(37.75,139.8,5.2));
#4487 = B_SPLINE_CURVE_WITH_KNOTS('',8,(#4488,#4489,#4490,#4491,#4492,
    #4493,#4494,#4495,#4496,#4497,#4498,#4499,#4500,#4501,#4502,#4503,
    #4504,#4505,#4506,#4507,#4508,#4509,#4510,#4511,#4512,#4513,#4514,
    #4515,#4516,#4517,#4518,#4519,#4520,#4521,#4522,#4523,#4524,#4525,
    #4526,#4527,#4528,#4529,#4530,#4531,#4532,#4533,#4534,#4535,#4536,
    #4537,#4538),.UNSPECIFIED.,.F.,.F.,(9,7,7,7,7,7,7,9),(0.,
    1.313974885611E-03,2.487166074183E-03,3.754211139414E-03,
    4.645834172254E-03,5.443601016207E-03,0.740399525532,1.),
  .UNSPECIFIED.);
#4488 = CARTESIAN_POINT('',(37.75,139.8,5.2));
#4489 = CARTESIAN_POINT('',(37.749762582066,139.79986292669,5.2));
#4490 = CARTESIAN_POINT('',(37.74952516413,139.79972585338,
    5.200000035789));
#4491 = CARTESIAN_POINT('',(37.749287746196,139.79958878007,
    5.200000107366));
#4492 = CARTESIAN_POINT('',(37.749050328268,139.79945170679,
    5.200000214732));
#4493 = CARTESIAN_POINT('',(37.748812910348,139.79931463352,
    5.200000357887));
#4494 = CARTESIAN_POINT('',(37.74857549244,139.79917756028,
    5.200000536831));
#4495 = CARTESIAN_POINT('',(37.748338074545,139.79904048708,
    5.200000751564));
#4496 = CARTESIAN_POINT('',(37.74788867654,139.79878102723,
    5.200001225765));
#4497 = CARTESIAN_POINT('',(37.747676696427,139.79865864059,
    5.200001477975));
#4498 = CARTESIAN_POINT('',(37.747464716328,139.79853625398,
    5.200001758715));
#4499 = CARTESIAN_POINT('',(37.747252736246,139.79841386741,
    5.200002067987));
#4500 = CARTESIAN_POINT('',(37.747040756184,139.7982914809,
    5.200002405789));
#4501 = CARTESIAN_POINT('',(37.746828776142,139.79816909443,
    5.200002772121));
#4502 = CARTESIAN_POINT('',(37.746616796123,139.79804670803,
    5.200003166984));
#4503 = CARTESIAN_POINT('',(37.746175877991,139.79779214459,
    5.200004047642));
#4504 = CARTESIAN_POINT('',(37.745946939883,139.79765996756,
    5.200004538185));
#4505 = CARTESIAN_POINT('',(37.745718001806,139.79752779062,
    5.200005062006));
#4506 = CARTESIAN_POINT('',(37.745489063762,139.79739561376,
    5.200005619105));
#4507 = CARTESIAN_POINT('',(37.745260125755,139.797263437,5.200006209481
    ));
#4508 = CARTESIAN_POINT('',(37.745031187787,139.79713126033,
    5.200006833136));
#4509 = CARTESIAN_POINT('',(37.74480224986,139.79699908377,
    5.200007490069));
#4510 = CARTESIAN_POINT('',(37.74441220777,139.7967738944,5.200008665984
    ));
#4511 = CARTESIAN_POINT('',(37.744251103585,139.79668088153,
    5.200009168167));
#4512 = CARTESIAN_POINT('',(37.744089999423,139.79658786872,
    5.200009686829));
#4513 = CARTESIAN_POINT('',(37.743928895283,139.79649485597,
    5.20001022197));
#4514 = CARTESIAN_POINT('',(37.743767791168,139.79640184329,
    5.20001077359));
#4515 = CARTESIAN_POINT('',(37.743606687079,139.79630883066,
    5.20001134169));
#4516 = CARTESIAN_POINT('',(37.743445583014,139.79621581811,
    5.200011926269));
#4517 = CARTESIAN_POINT('',(37.743140333464,139.79603958404,
    5.200013065116));
#4518 = CARTESIAN_POINT('',(37.742996187973,139.79595636251,
    5.200013616097));
#4519 = CARTESIAN_POINT('',(37.742852042503,139.79587314104,
    5.20001418027));
#4520 = CARTESIAN_POINT('',(37.742707897057,139.79578991963,
    5.200014757636));
#4521 = CARTESIAN_POINT('',(37.742563751633,139.79570669827,
    5.200015348195));
#4522 = CARTESIAN_POINT('',(37.742419606233,139.79562347698,
    5.200015951946));
#4523 = CARTESIAN_POINT('',(37.742275460858,139.79554025575,
    5.200016568889));
#4524 = CARTESIAN_POINT('',(37.609335023131,139.71878815833,
    5.20059772242));
#4525 = CARTESIAN_POINT('',(37.476843284205,139.64233782726,
    5.212373819958));
#4526 = CARTESIAN_POINT('',(37.3447637553,139.56711926695,5.235270766727
    ));
#4527 = CARTESIAN_POINT('',(37.213491247433,139.49431132095,
    5.269546102366));
#4528 = CARTESIAN_POINT('',(37.083721034577,139.42540994119,
    5.315588466327));
#4529 = CARTESIAN_POINT('',(36.956456813639,139.36241645416,
    5.373772263229));
#4530 = CARTESIAN_POINT('',(36.833003718243,139.30785041227,
    5.444388908306));
#4531 = CARTESIAN_POINT('',(36.67329977799,139.25058802633,
    5.556631467048));
#4532 = CARTESIAN_POINT('',(36.632341564593,139.23718755169,
    5.587432295169));
#4533 = CARTESIAN_POINT('',(36.592202856761,139.22550418022,
    5.619708920603));
#4534 = CARTESIAN_POINT('',(36.552998098299,139.21572942902,
    5.653408880971));
#4535 = CARTESIAN_POINT('',(36.514861141997,139.20807340927,
    5.688445310585));
#4536 = CARTESIAN_POINT('',(36.477939830495,139.20275725037,
    5.724687884558));
#4537 = CARTESIAN_POINT('',(36.442388615234,139.2,5.761953972245));
#4538 = CARTESIAN_POINT('',(36.4083592135,139.2,5.8));
#4539 = ORIENTED_EDGE('',*,*,#4540,.F.);
#4540 = EDGE_CURVE('',#4146,#4485,#4541,.T.);
#4541 = LINE('',#4542,#4543);
#4542 = CARTESIAN_POINT('',(28.85,139.8,5.2));
#4543 = VECTOR('',#4544,1.);
#4544 = DIRECTION('',(1.,0.,0.));
#4545 = ORIENTED_EDGE('',*,*,#4145,.T.);
#4546 = ORIENTED_EDGE('',*,*,#4354,.T.);
#4547 = CYLINDRICAL_SURFACE('',#4548,0.6);
#4548 = AXIS2_PLACEMENT_3D('',#4549,#4550,#4551);
#4549 = CARTESIAN_POINT('',(28.85,139.8,5.8));
#4550 = DIRECTION('',(1.,0.,0.));
#4551 = DIRECTION('',(0.,0.,-1.));
#4552 = ADVANCED_FACE('',(#4553,#4587),#4598,.T.);
#4553 = FACE_BOUND('',#4554,.T.);
#4554 = EDGE_LOOP('',(#4555,#4556,#4557,#4563,#4564,#4572,#4580,#4586));
#4555 = ORIENTED_EDGE('',*,*,#4194,.T.);
#4556 = ORIENTED_EDGE('',*,*,#4540,.T.);
#4557 = ORIENTED_EDGE('',*,*,#4558,.F.);
#4558 = EDGE_CURVE('',#4209,#4485,#4559,.T.);
#4559 = LINE('',#4560,#4561);
#4560 = CARTESIAN_POINT('',(37.75,127.4,5.2));
#4561 = VECTOR('',#4562,1.);
#4562 = DIRECTION('',(0.,1.,0.));
#4563 = ORIENTED_EDGE('',*,*,#4208,.T.);
#4564 = ORIENTED_EDGE('',*,*,#4565,.T.);
#4565 = EDGE_CURVE('',#4211,#4566,#4568,.T.);
#4566 = VERTEX_POINT('',#4567);
#4567 = CARTESIAN_POINT('',(38.,139.9,5.2));
#4568 = LINE('',#4569,#4570);
#4569 = CARTESIAN_POINT('',(38.,127.4,5.2));
#4570 = VECTOR('',#4571,1.);
#4571 = DIRECTION('',(0.,1.,0.));
#4572 = ORIENTED_EDGE('',*,*,#4573,.F.);
#4573 = EDGE_CURVE('',#4574,#4566,#4576,.T.);
#4574 = VERTEX_POINT('',#4575);
#4575 = CARTESIAN_POINT('',(18.4,139.9,5.2));
#4576 = LINE('',#4577,#4578);
#4577 = CARTESIAN_POINT('',(18.4,139.9,5.2));
#4578 = VECTOR('',#4579,1.);
#4579 = DIRECTION('',(1.,0.,0.));
#4580 = ORIENTED_EDGE('',*,*,#4581,.F.);
#4581 = EDGE_CURVE('',#4236,#4574,#4582,.T.);
#4582 = LINE('',#4583,#4584);
#4583 = CARTESIAN_POINT('',(18.4,127.4,5.2));
#4584 = VECTOR('',#4585,1.);
#4585 = DIRECTION('',(0.,1.,0.));
#4586 = ORIENTED_EDGE('',*,*,#4235,.T.);
#4587 = FACE_BOUND('',#4588,.T.);
#4588 = EDGE_LOOP('',(#4589));
#4589 = ORIENTED_EDGE('',*,*,#4590,.F.);
#4590 = EDGE_CURVE('',#4591,#4591,#4593,.T.);
#4591 = VERTEX_POINT('',#4592);
#4592 = CARTESIAN_POINT('',(27.2,130.5,5.2));
#4593 = CIRCLE('',#4594,1.7);
#4594 = AXIS2_PLACEMENT_3D('',#4595,#4596,#4597);
#4595 = CARTESIAN_POINT('',(25.5,130.5,5.2));
#4596 = DIRECTION('',(0.,0.,1.));
#4597 = DIRECTION('',(1.,0.,0.));
#4598 = PLANE('',#4599);
#4599 = AXIS2_PLACEMENT_3D('',#4600,#4601,#4602);
#4600 = CARTESIAN_POINT('',(18.4,127.4,5.2));
#4601 = DIRECTION('',(0.,0.,1.));
#4602 = DIRECTION('',(1.,0.,0.));
#4603 = ADVANCED_FACE('',(#4604),#4610,.F.);
#4604 = FACE_BOUND('',#4605,.F.);
#4605 = EDGE_LOOP('',(#4606,#4607,#4608,#4609));
#4606 = ORIENTED_EDGE('',*,*,#4171,.T.);
#4607 = ORIENTED_EDGE('',*,*,#4371,.T.);
#4608 = ORIENTED_EDGE('',*,*,#4321,.F.);
#4609 = ORIENTED_EDGE('',*,*,#4273,.F.);
#4610 = PLANE('',#4611);
#4611 = AXIS2_PLACEMENT_3D('',#4612,#4613,#4614);
#4612 = CARTESIAN_POINT('',(28.85,130.,9.));
#4613 = DIRECTION('',(0.966234939601,0.,0.25766265056));
#4614 = DIRECTION('',(-0.25766265056,0.,0.966234939601));
#4615 = ADVANCED_FACE('',(#4616),#4623,.F.);
#4616 = FACE_BOUND('',#4617,.F.);
#4617 = EDGE_LOOP('',(#4618,#4619,#4620,#4621,#4622));
#4618 = ORIENTED_EDGE('',*,*,#4345,.F.);
#4619 = ORIENTED_EDGE('',*,*,#4484,.F.);
#4620 = ORIENTED_EDGE('',*,*,#4558,.F.);
#4621 = ORIENTED_EDGE('',*,*,#4218,.T.);
#4622 = ORIENTED_EDGE('',*,*,#4298,.T.);
#4623 = CYLINDRICAL_SURFACE('',#4624,1.8);
#4624 = AXIS2_PLACEMENT_3D('',#4625,#4626,#4627);
#4625 = CARTESIAN_POINT('',(37.75,127.4,7.));
#4626 = DIRECTION('',(0.,1.,0.));
#4627 = DIRECTION('',(0.,0.,-1.));
#4628 = ADVANCED_FACE('',(#4629),#4647,.T.);
#4629 = FACE_BOUND('',#4630,.T.);
#4630 = EDGE_LOOP('',(#4631,#4632,#4640,#4646));
#4631 = ORIENTED_EDGE('',*,*,#4259,.F.);
#4632 = ORIENTED_EDGE('',*,*,#4633,.T.);
#4633 = EDGE_CURVE('',#4252,#4634,#4636,.T.);
#4634 = VERTEX_POINT('',#4635);
#4635 = CARTESIAN_POINT('',(38.,139.9,2.2));
#4636 = LINE('',#4637,#4638);
#4637 = CARTESIAN_POINT('',(38.,127.4,2.2));
#4638 = VECTOR('',#4639,1.);
#4639 = DIRECTION('',(0.,1.,0.));
#4640 = ORIENTED_EDGE('',*,*,#4641,.T.);
#4641 = EDGE_CURVE('',#4634,#4566,#4642,.T.);
#4642 = LINE('',#4643,#4644);
#4643 = CARTESIAN_POINT('',(38.,139.9,2.2));
#4644 = VECTOR('',#4645,1.);
#4645 = DIRECTION('',(0.,0.,1.));
#4646 = ORIENTED_EDGE('',*,*,#4565,.F.);
#4647 = PLANE('',#4648);
#4648 = AXIS2_PLACEMENT_3D('',#4649,#4650,#4651);
#4649 = CARTESIAN_POINT('',(38.,127.4,2.2));
#4650 = DIRECTION('',(1.,0.,0.));
#4651 = DIRECTION('',(0.,0.,1.));
#4652 = ADVANCED_FACE('',(#4653,#4671),#4682,.F.);
#4653 = FACE_BOUND('',#4654,.F.);
#4654 = EDGE_LOOP('',(#4655,#4663,#4664,#4665));
#4655 = ORIENTED_EDGE('',*,*,#4656,.F.);
#4656 = EDGE_CURVE('',#4244,#4657,#4659,.T.);
#4657 = VERTEX_POINT('',#4658);
#4658 = CARTESIAN_POINT('',(18.4,139.9,2.2));
#4659 = LINE('',#4660,#4661);
#4660 = CARTESIAN_POINT('',(18.4,127.4,2.2));
#4661 = VECTOR('',#4662,1.);
#4662 = DIRECTION('',(0.,1.,0.));
#4663 = ORIENTED_EDGE('',*,*,#4251,.T.);
#4664 = ORIENTED_EDGE('',*,*,#4633,.T.);
#4665 = ORIENTED_EDGE('',*,*,#4666,.F.);
#4666 = EDGE_CURVE('',#4657,#4634,#4667,.T.);
#4667 = LINE('',#4668,#4669);
#4668 = CARTESIAN_POINT('',(18.4,139.9,2.2));
#4669 = VECTOR('',#4670,1.);
#4670 = DIRECTION('',(1.,0.,0.));
#4671 = FACE_BOUND('',#4672,.F.);
#4672 = EDGE_LOOP('',(#4673));
#4673 = ORIENTED_EDGE('',*,*,#4674,.F.);
#4674 = EDGE_CURVE('',#4675,#4675,#4677,.T.);
#4675 = VERTEX_POINT('',#4676);
#4676 = CARTESIAN_POINT('',(27.2,130.5,2.2));
#4677 = CIRCLE('',#4678,1.7);
#4678 = AXIS2_PLACEMENT_3D('',#4679,#4680,#4681);
#4679 = CARTESIAN_POINT('',(25.5,130.5,2.2));
#4680 = DIRECTION('',(0.,0.,1.));
#4681 = DIRECTION('',(1.,0.,0.));
#4682 = PLANE('',#4683);
#4683 = AXIS2_PLACEMENT_3D('',#4684,#4685,#4686);
#4684 = CARTESIAN_POINT('',(18.4,127.4,2.2));
#4685 = DIRECTION('',(0.,0.,1.));
#4686 = DIRECTION('',(1.,0.,0.));
#4687 = ADVANCED_FACE('',(#4688),#4699,.F.);
#4688 = FACE_BOUND('',#4689,.F.);
#4689 = EDGE_LOOP('',(#4690,#4691,#4692,#4698));
#4690 = ORIENTED_EDGE('',*,*,#4243,.F.);
#4691 = ORIENTED_EDGE('',*,*,#4656,.T.);
#4692 = ORIENTED_EDGE('',*,*,#4693,.T.);
#4693 = EDGE_CURVE('',#4657,#4574,#4694,.T.);
#4694 = LINE('',#4695,#4696);
#4695 = CARTESIAN_POINT('',(18.4,139.9,2.2));
#4696 = VECTOR('',#4697,1.);
#4697 = DIRECTION('',(0.,0.,1.));
#4698 = ORIENTED_EDGE('',*,*,#4581,.F.);
#4699 = PLANE('',#4700);
#4700 = AXIS2_PLACEMENT_3D('',#4701,#4702,#4703);
#4701 = CARTESIAN_POINT('',(18.4,127.4,2.2));
#4702 = DIRECTION('',(1.,0.,0.));
#4703 = DIRECTION('',(0.,0.,1.));
#4704 = ADVANCED_FACE('',(#4705),#4711,.T.);
#4705 = FACE_BOUND('',#4706,.T.);
#4706 = EDGE_LOOP('',(#4707,#4708,#4709,#4710));
#4707 = ORIENTED_EDGE('',*,*,#4444,.F.);
#4708 = ORIENTED_EDGE('',*,*,#4396,.T.);
#4709 = ORIENTED_EDGE('',*,*,#4420,.T.);
#4710 = ORIENTED_EDGE('',*,*,#4468,.F.);
#4711 = PLANE('',#4712);
#4712 = AXIS2_PLACEMENT_3D('',#4713,#4714,#4715);
#4713 = CARTESIAN_POINT('',(30.05,128.6,5.2));
#4714 = DIRECTION('',(0.,0.,1.));
#4715 = DIRECTION('',(1.,0.,0.));
#4716 = ADVANCED_FACE('',(#4717),#4723,.T.);
#4717 = FACE_BOUND('',#4718,.T.);
#4718 = EDGE_LOOP('',(#4719,#4720,#4721,#4722));
#4719 = ORIENTED_EDGE('',*,*,#4666,.F.);
#4720 = ORIENTED_EDGE('',*,*,#4693,.T.);
#4721 = ORIENTED_EDGE('',*,*,#4573,.T.);
#4722 = ORIENTED_EDGE('',*,*,#4641,.F.);
#4723 = PLANE('',#4724);
#4724 = AXIS2_PLACEMENT_3D('',#4725,#4726,#4727);
#4725 = CARTESIAN_POINT('',(18.4,139.9,2.2));
#4726 = DIRECTION('',(0.,1.,0.));
#4727 = DIRECTION('',(0.,0.,1.));
#4728 = ADVANCED_FACE('',(#4729),#4740,.F.);
#4729 = FACE_BOUND('',#4730,.F.);
#4730 = EDGE_LOOP('',(#4731,#4732,#4738,#4739));
#4731 = ORIENTED_EDGE('',*,*,#4590,.F.);
#4732 = ORIENTED_EDGE('',*,*,#4733,.F.);
#4733 = EDGE_CURVE('',#4675,#4591,#4734,.T.);
#4734 = LINE('',#4735,#4736);
#4735 = CARTESIAN_POINT('',(27.2,130.5,2.1));
#4736 = VECTOR('',#4737,1.);
#4737 = DIRECTION('',(0.,0.,1.));
#4738 = ORIENTED_EDGE('',*,*,#4674,.T.);
#4739 = ORIENTED_EDGE('',*,*,#4733,.T.);
#4740 = CYLINDRICAL_SURFACE('',#4741,1.7);
#4741 = AXIS2_PLACEMENT_3D('',#4742,#4743,#4744);
#4742 = CARTESIAN_POINT('',(25.5,130.5,2.1));
#4743 = DIRECTION('',(0.,0.,1.));
#4744 = DIRECTION('',(1.,0.,0.));
#4745 = MANIFOLD_SOLID_BREP('',#4746);
#4746 = CLOSED_SHELL('',(#4747,#4853,#4884,#4908,#4932,#4949,#5012,#5077
    ,#5101,#5125,#5149,#5175,#5192,#5223,#5247,#5271,#5288,#5360,#5411,
    #5423,#5436,#5460,#5495,#5512,#5524,#5536));
#4747 = ADVANCED_FACE('',(#4748,#4782),#4848,.T.);
#4748 = FACE_BOUND('',#4749,.F.);
#4749 = EDGE_LOOP('',(#4750,#4760,#4768,#4776));
#4750 = ORIENTED_EDGE('',*,*,#4751,.T.);
#4751 = EDGE_CURVE('',#4752,#4754,#4756,.T.);
#4752 = VERTEX_POINT('',#4753);
#4753 = CARTESIAN_POINT('',(44.95,128.1,17.2));
#4754 = VERTEX_POINT('',#4755);
#4755 = CARTESIAN_POINT('',(49.45,128.1,17.2));
#4756 = LINE('',#4757,#4758);
#4757 = CARTESIAN_POINT('',(45.45,128.1,17.2));
#4758 = VECTOR('',#4759,1.);
#4759 = DIRECTION('',(1.,0.,0.));
#4760 = ORIENTED_EDGE('',*,*,#4761,.T.);
#4761 = EDGE_CURVE('',#4754,#4762,#4764,.T.);
#4762 = VERTEX_POINT('',#4763);
#4763 = CARTESIAN_POINT('',(49.45,137.7,17.2));
#4764 = LINE('',#4765,#4766);
#4765 = CARTESIAN_POINT('',(49.45,128.6,17.2));
#4766 = VECTOR('',#4767,1.);
#4767 = DIRECTION('',(0.,1.,0.));
#4768 = ORIENTED_EDGE('',*,*,#4769,.F.);
#4769 = EDGE_CURVE('',#4770,#4762,#4772,.T.);
#4770 = VERTEX_POINT('',#4771);
#4771 = CARTESIAN_POINT('',(44.95,137.7,17.2));
#4772 = LINE('',#4773,#4774);
#4773 = CARTESIAN_POINT('',(45.45,137.7,17.2));
#4774 = VECTOR('',#4775,1.);
#4775 = DIRECTION('',(1.,0.,0.));
#4776 = ORIENTED_EDGE('',*,*,#4777,.F.);
#4777 = EDGE_CURVE('',#4752,#4770,#4778,.T.);
#4778 = LINE('',#4779,#4780);
#4779 = CARTESIAN_POINT('',(44.95,128.6,17.2));
#4780 = VECTOR('',#4781,1.);
#4781 = DIRECTION('',(0.,1.,0.));
#4782 = FACE_BOUND('',#4783,.F.);
#4783 = EDGE_LOOP('',(#4784,#4794,#4802,#4810,#4818,#4826,#4834,#4842));
#4784 = ORIENTED_EDGE('',*,*,#4785,.F.);
#4785 = EDGE_CURVE('',#4786,#4788,#4790,.T.);
#4786 = VERTEX_POINT('',#4787);
#4787 = CARTESIAN_POINT('',(50.15,127.4,17.2));
#4788 = VERTEX_POINT('',#4789);
#4789 = CARTESIAN_POINT('',(50.15,130.,17.2));
#4790 = LINE('',#4791,#4792);
#4791 = CARTESIAN_POINT('',(50.15,127.4,17.2));
#4792 = VECTOR('',#4793,1.);
#4793 = DIRECTION('',(0.,1.,0.));
#4794 = ORIENTED_EDGE('',*,*,#4795,.T.);
#4795 = EDGE_CURVE('',#4786,#4796,#4798,.T.);
#4796 = VERTEX_POINT('',#4797);
#4797 = CARTESIAN_POINT('',(43.05,127.4,17.2));
#4798 = LINE('',#4799,#4800);
#4799 = CARTESIAN_POINT('',(50.15,127.4,17.2));
#4800 = VECTOR('',#4801,1.);
#4801 = DIRECTION('',(-1.,-0.,-0.));
#4802 = ORIENTED_EDGE('',*,*,#4803,.T.);
#4803 = EDGE_CURVE('',#4796,#4804,#4806,.T.);
#4804 = VERTEX_POINT('',#4805);
#4805 = CARTESIAN_POINT('',(43.05,139.2,17.2));
#4806 = LINE('',#4807,#4808);
#4807 = CARTESIAN_POINT('',(43.05,127.4,17.2));
#4808 = VECTOR('',#4809,1.);
#4809 = DIRECTION('',(0.,1.,0.));
#4810 = ORIENTED_EDGE('',*,*,#4811,.F.);
#4811 = EDGE_CURVE('',#4812,#4804,#4814,.T.);
#4812 = VERTEX_POINT('',#4813);
#4813 = CARTESIAN_POINT('',(50.15,139.2,17.2));
#4814 = LINE('',#4815,#4816);
#4815 = CARTESIAN_POINT('',(50.15,139.2,17.2));
#4816 = VECTOR('',#4817,1.);
#4817 = DIRECTION('',(-1.,-0.,-0.));
#4818 = ORIENTED_EDGE('',*,*,#4819,.F.);
#4819 = EDGE_CURVE('',#4820,#4812,#4822,.T.);
#4820 = VERTEX_POINT('',#4821);
#4821 = CARTESIAN_POINT('',(50.15,136.,17.2));
#4822 = LINE('',#4823,#4824);
#4823 = CARTESIAN_POINT('',(50.15,127.4,17.2));
#4824 = VECTOR('',#4825,1.);
#4825 = DIRECTION('',(0.,1.,0.));
#4826 = ORIENTED_EDGE('',*,*,#4827,.F.);
#4827 = EDGE_CURVE('',#4828,#4820,#4830,.T.);
#4828 = VERTEX_POINT('',#4829);
#4829 = CARTESIAN_POINT('',(50.95,136.,17.2));
#4830 = LINE('',#4831,#4832);
#4831 = CARTESIAN_POINT('',(50.95,136.,17.2));
#4832 = VECTOR('',#4833,1.);
#4833 = DIRECTION('',(-1.,-0.,-0.));
#4834 = ORIENTED_EDGE('',*,*,#4835,.F.);
#4835 = EDGE_CURVE('',#4836,#4828,#4838,.T.);
#4836 = VERTEX_POINT('',#4837);
#4837 = CARTESIAN_POINT('',(50.95,130.,17.2));
#4838 = LINE('',#4839,#4840);
#4839 = CARTESIAN_POINT('',(50.95,130.,17.2));
#4840 = VECTOR('',#4841,1.);
#4841 = DIRECTION('',(0.,1.,0.));
#4842 = ORIENTED_EDGE('',*,*,#4843,.T.);
#4843 = EDGE_CURVE('',#4836,#4788,#4844,.T.);
#4844 = LINE('',#4845,#4846);
#4845 = CARTESIAN_POINT('',(50.95,130.,17.2));
#4846 = VECTOR('',#4847,1.);
#4847 = DIRECTION('',(-1.,-0.,-0.));
#4848 = PLANE('',#4849);
#4849 = AXIS2_PLACEMENT_3D('',#4850,#4851,#4852);
#4850 = CARTESIAN_POINT('',(46.882233502538,133.28781725888,17.2));
#4851 = DIRECTION('',(0.,0.,1.));
#4852 = DIRECTION('',(1.,0.,0.));
#4853 = ADVANCED_FACE('',(#4854),#4879,.T.);
#4854 = FACE_BOUND('',#4855,.T.);
#4855 = EDGE_LOOP('',(#4856,#4864,#4865,#4873));
#4856 = ORIENTED_EDGE('',*,*,#4857,.F.);
#4857 = EDGE_CURVE('',#4752,#4858,#4860,.T.);
#4858 = VERTEX_POINT('',#4859);
#4859 = CARTESIAN_POINT('',(45.45,128.6,16.7));
#4860 = LINE('',#4861,#4862);
#4861 = CARTESIAN_POINT('',(45.283333333333,128.43333333333,
    16.866666666667));
#4862 = VECTOR('',#4863,1.);
#4863 = DIRECTION('',(0.57735026919,0.57735026919,-0.57735026919));
#4864 = ORIENTED_EDGE('',*,*,#4751,.T.);
#4865 = ORIENTED_EDGE('',*,*,#4866,.T.);
#4866 = EDGE_CURVE('',#4754,#4867,#4869,.T.);
#4867 = VERTEX_POINT('',#4868);
#4868 = CARTESIAN_POINT('',(48.95,128.6,16.7));
#4869 = LINE('',#4870,#4871);
#4870 = CARTESIAN_POINT('',(48.533333333333,129.01666666666,
    16.283333333333));
#4871 = VECTOR('',#4872,1.);
#4872 = DIRECTION('',(-0.57735026919,0.57735026919,-0.57735026919));
#4873 = ORIENTED_EDGE('',*,*,#4874,.F.);
#4874 = EDGE_CURVE('',#4858,#4867,#4875,.T.);
#4875 = LINE('',#4876,#4877);
#4876 = CARTESIAN_POINT('',(45.45,128.6,16.7));
#4877 = VECTOR('',#4878,1.);
#4878 = DIRECTION('',(1.,0.,0.));
#4879 = PLANE('',#4880);
#4880 = AXIS2_PLACEMENT_3D('',#4881,#4882,#4883);
#4881 = CARTESIAN_POINT('',(45.45,128.35,16.95));
#4882 = DIRECTION('',(0.,0.707106781187,0.707106781187));
#4883 = DIRECTION('',(1.,0.,0.));
#4884 = ADVANCED_FACE('',(#4885),#4903,.F.);
#4885 = FACE_BOUND('',#4886,.F.);
#4886 = EDGE_LOOP('',(#4887,#4888,#4889,#4897));
#4887 = ORIENTED_EDGE('',*,*,#4857,.F.);
#4888 = ORIENTED_EDGE('',*,*,#4777,.T.);
#4889 = ORIENTED_EDGE('',*,*,#4890,.T.);
#4890 = EDGE_CURVE('',#4770,#4891,#4893,.T.);
#4891 = VERTEX_POINT('',#4892);
#4892 = CARTESIAN_POINT('',(45.45,137.2,16.7));
#4893 = LINE('',#4894,#4895);
#4894 = CARTESIAN_POINT('',(46.716666666667,135.93333333333,
    15.433333333333));
#4895 = VECTOR('',#4896,1.);
#4896 = DIRECTION('',(0.57735026919,-0.57735026919,-0.57735026919));
#4897 = ORIENTED_EDGE('',*,*,#4898,.F.);
#4898 = EDGE_CURVE('',#4858,#4891,#4899,.T.);
#4899 = LINE('',#4900,#4901);
#4900 = CARTESIAN_POINT('',(45.45,128.6,16.7));
#4901 = VECTOR('',#4902,1.);
#4902 = DIRECTION('',(0.,1.,0.));
#4903 = PLANE('',#4904);
#4904 = AXIS2_PLACEMENT_3D('',#4905,#4906,#4907);
#4905 = CARTESIAN_POINT('',(45.2,128.6,16.95));
#4906 = DIRECTION('',(-0.707106781187,-0.,-0.707106781187));
#4907 = DIRECTION('',(0.,1.,0.));
#4908 = ADVANCED_FACE('',(#4909),#4927,.T.);
#4909 = FACE_BOUND('',#4910,.T.);
#4910 = EDGE_LOOP('',(#4911,#4912,#4913,#4921));
#4911 = ORIENTED_EDGE('',*,*,#4866,.F.);
#4912 = ORIENTED_EDGE('',*,*,#4761,.T.);
#4913 = ORIENTED_EDGE('',*,*,#4914,.T.);
#4914 = EDGE_CURVE('',#4762,#4915,#4917,.T.);
#4915 = VERTEX_POINT('',#4916);
#4916 = CARTESIAN_POINT('',(48.95,137.2,16.7));
#4917 = LINE('',#4918,#4919);
#4918 = CARTESIAN_POINT('',(47.1,135.35,14.85));
#4919 = VECTOR('',#4920,1.);
#4920 = DIRECTION('',(-0.57735026919,-0.57735026919,-0.57735026919));
#4921 = ORIENTED_EDGE('',*,*,#4922,.F.);
#4922 = EDGE_CURVE('',#4867,#4915,#4923,.T.);
#4923 = LINE('',#4924,#4925);
#4924 = CARTESIAN_POINT('',(48.95,128.6,16.7));
#4925 = VECTOR('',#4926,1.);
#4926 = DIRECTION('',(0.,1.,0.));
#4927 = PLANE('',#4928);
#4928 = AXIS2_PLACEMENT_3D('',#4929,#4930,#4931);
#4929 = CARTESIAN_POINT('',(49.2,128.6,16.95));
#4930 = DIRECTION('',(-0.707106781187,0.,0.707106781187));
#4931 = DIRECTION('',(0.,1.,0.));
#4932 = ADVANCED_FACE('',(#4933),#4944,.F.);
#4933 = FACE_BOUND('',#4934,.F.);
#4934 = EDGE_LOOP('',(#4935,#4936,#4937,#4938));
#4935 = ORIENTED_EDGE('',*,*,#4890,.F.);
#4936 = ORIENTED_EDGE('',*,*,#4769,.T.);
#4937 = ORIENTED_EDGE('',*,*,#4914,.T.);
#4938 = ORIENTED_EDGE('',*,*,#4939,.F.);
#4939 = EDGE_CURVE('',#4891,#4915,#4940,.T.);
#4940 = LINE('',#4941,#4942);
#4941 = CARTESIAN_POINT('',(45.45,137.2,16.7));
#4942 = VECTOR('',#4943,1.);
#4943 = DIRECTION('',(1.,0.,0.));
#4944 = PLANE('',#4945);
#4945 = AXIS2_PLACEMENT_3D('',#4946,#4947,#4948);
#4946 = CARTESIAN_POINT('',(45.45,137.45,16.95));
#4947 = DIRECTION('',(0.,0.707106781187,-0.707106781187));
#4948 = DIRECTION('',(1.,0.,0.));
#4949 = ADVANCED_FACE('',(#4950),#5007,.F.);
#4950 = FACE_BOUND('',#4951,.T.);
#4951 = EDGE_LOOP('',(#4952,#4963,#4969,#4970,#4978,#4986,#4992,#4993,
    #5001));
#4952 = ORIENTED_EDGE('',*,*,#4953,.T.);
#4953 = EDGE_CURVE('',#4954,#4956,#4958,.T.);
#4954 = VERTEX_POINT('',#4955);
#4955 = CARTESIAN_POINT('',(50.15,139.8,5.2));
#4956 = VERTEX_POINT('',#4957);
#4957 = CARTESIAN_POINT('',(50.15,139.2,5.8));
#4958 = CIRCLE('',#4959,0.6);
#4959 = AXIS2_PLACEMENT_3D('',#4960,#4961,#4962);
#4960 = CARTESIAN_POINT('',(50.15,139.8,5.8));
#4961 = DIRECTION('',(-1.,0.,0.));
#4962 = DIRECTION('',(0.,0.,1.));
#4963 = ORIENTED_EDGE('',*,*,#4964,.T.);
#4964 = EDGE_CURVE('',#4956,#4812,#4965,.T.);
#4965 = LINE('',#4966,#4967);
#4966 = CARTESIAN_POINT('',(50.15,139.2,5.2));
#4967 = VECTOR('',#4968,1.);
#4968 = DIRECTION('',(0.,0.,1.));
#4969 = ORIENTED_EDGE('',*,*,#4819,.F.);
#4970 = ORIENTED_EDGE('',*,*,#4971,.T.);
#4971 = EDGE_CURVE('',#4820,#4972,#4974,.T.);
#4972 = VERTEX_POINT('',#4973);
#4973 = CARTESIAN_POINT('',(50.15,136.,9.));
#4974 = LINE('',#4975,#4976);
#4975 = CARTESIAN_POINT('',(50.15,136.,17.2));
#4976 = VECTOR('',#4977,1.);
#4977 = DIRECTION('',(-0.,-0.,-1.));
#4978 = ORIENTED_EDGE('',*,*,#4979,.F.);
#4979 = EDGE_CURVE('',#4980,#4972,#4982,.T.);
#4980 = VERTEX_POINT('',#4981);
#4981 = CARTESIAN_POINT('',(50.15,130.,9.));
#4982 = LINE('',#4983,#4984);
#4983 = CARTESIAN_POINT('',(50.15,130.,9.));
#4984 = VECTOR('',#4985,1.);
#4985 = DIRECTION('',(0.,1.,0.));
#4986 = ORIENTED_EDGE('',*,*,#4987,.F.);
#4987 = EDGE_CURVE('',#4788,#4980,#4988,.T.);
#4988 = LINE('',#4989,#4990);
#4989 = CARTESIAN_POINT('',(50.15,130.,17.2));
#4990 = VECTOR('',#4991,1.);
#4991 = DIRECTION('',(-0.,-0.,-1.));
#4992 = ORIENTED_EDGE('',*,*,#4785,.F.);
#4993 = ORIENTED_EDGE('',*,*,#4994,.F.);
#4994 = EDGE_CURVE('',#4995,#4786,#4997,.T.);
#4995 = VERTEX_POINT('',#4996);
#4996 = CARTESIAN_POINT('',(50.15,127.4,5.2));
#4997 = LINE('',#4998,#4999);
#4998 = CARTESIAN_POINT('',(50.15,127.4,5.2));
#4999 = VECTOR('',#5000,1.);
#5000 = DIRECTION('',(0.,0.,1.));
#5001 = ORIENTED_EDGE('',*,*,#5002,.T.);
#5002 = EDGE_CURVE('',#4995,#4954,#5003,.T.);
#5003 = LINE('',#5004,#5005);
#5004 = CARTESIAN_POINT('',(50.15,127.4,5.2));
#5005 = VECTOR('',#5006,1.);
#5006 = DIRECTION('',(0.,1.,0.));
#5007 = PLANE('',#5008);
#5008 = AXIS2_PLACEMENT_3D('',#5009,#5010,#5011);
#5009 = CARTESIAN_POINT('',(50.15,127.4,5.2));
#5010 = DIRECTION('',(-1.,-0.,-0.));
#5011 = DIRECTION('',(0.,0.,-1.));
#5012 = ADVANCED_FACE('',(#5013),#5072,.T.);
#5013 = FACE_BOUND('',#5014,.F.);
#5014 = EDGE_LOOP('',(#5015,#5025,#5034,#5040,#5041,#5042,#5050,#5058,
    #5066));
#5015 = ORIENTED_EDGE('',*,*,#5016,.F.);
#5016 = EDGE_CURVE('',#5017,#5019,#5021,.T.);
#5017 = VERTEX_POINT('',#5018);
#5018 = CARTESIAN_POINT('',(41.25,127.4,5.2));
#5019 = VERTEX_POINT('',#5020);
#5020 = CARTESIAN_POINT('',(41.,127.4,5.2));
#5021 = LINE('',#5022,#5023);
#5022 = CARTESIAN_POINT('',(60.6,127.4,5.2));
#5023 = VECTOR('',#5024,1.);
#5024 = DIRECTION('',(-1.,-0.,-0.));
#5025 = ORIENTED_EDGE('',*,*,#5026,.T.);
#5026 = EDGE_CURVE('',#5017,#5027,#5029,.T.);
#5027 = VERTEX_POINT('',#5028);
#5028 = CARTESIAN_POINT('',(43.05,127.4,7.));
#5029 = CIRCLE('',#5030,1.8);
#5030 = AXIS2_PLACEMENT_3D('',#5031,#5032,#5033);
#5031 = CARTESIAN_POINT('',(41.25,127.4,7.));
#5032 = DIRECTION('',(0.,-1.,0.));
#5033 = DIRECTION('',(0.,0.,1.));
#5034 = ORIENTED_EDGE('',*,*,#5035,.T.);
#5035 = EDGE_CURVE('',#5027,#4796,#5036,.T.);
#5036 = LINE('',#5037,#5038);
#5037 = CARTESIAN_POINT('',(43.05,127.4,5.2));
#5038 = VECTOR('',#5039,1.);
#5039 = DIRECTION('',(0.,0.,1.));
#5040 = ORIENTED_EDGE('',*,*,#4795,.F.);
#5041 = ORIENTED_EDGE('',*,*,#4994,.F.);
#5042 = ORIENTED_EDGE('',*,*,#5043,.F.);
#5043 = EDGE_CURVE('',#5044,#4995,#5046,.T.);
#5044 = VERTEX_POINT('',#5045);
#5045 = CARTESIAN_POINT('',(60.6,127.4,5.2));
#5046 = LINE('',#5047,#5048);
#5047 = CARTESIAN_POINT('',(60.6,127.4,5.2));
#5048 = VECTOR('',#5049,1.);
#5049 = DIRECTION('',(-1.,-0.,-0.));
#5050 = ORIENTED_EDGE('',*,*,#5051,.F.);
#5051 = EDGE_CURVE('',#5052,#5044,#5054,.T.);
#5052 = VERTEX_POINT('',#5053);
#5053 = CARTESIAN_POINT('',(60.6,127.4,2.2));
#5054 = LINE('',#5055,#5056);
#5055 = CARTESIAN_POINT('',(60.6,127.4,2.2));
#5056 = VECTOR('',#5057,1.);
#5057 = DIRECTION('',(0.,0.,1.));
#5058 = ORIENTED_EDGE('',*,*,#5059,.T.);
#5059 = EDGE_CURVE('',#5052,#5060,#5062,.T.);
#5060 = VERTEX_POINT('',#5061);
#5061 = CARTESIAN_POINT('',(41.,127.4,2.2));
#5062 = LINE('',#5063,#5064);
#5063 = CARTESIAN_POINT('',(60.6,127.4,2.2));
#5064 = VECTOR('',#5065,1.);
#5065 = DIRECTION('',(-1.,-0.,-0.));
#5066 = ORIENTED_EDGE('',*,*,#5067,.T.);
#5067 = EDGE_CURVE('',#5060,#5019,#5068,.T.);
#5068 = LINE('',#5069,#5070);
#5069 = CARTESIAN_POINT('',(41.,127.4,2.2));
#5070 = VECTOR('',#5071,1.);
#5071 = DIRECTION('',(0.,0.,1.));
#5072 = PLANE('',#5073);
#5073 = AXIS2_PLACEMENT_3D('',#5074,#5075,#5076);
#5074 = CARTESIAN_POINT('',(49.343352601156,127.4,7.532369942197));
#5075 = DIRECTION('',(0.,-1.,0.));
#5076 = DIRECTION('',(0.,0.,1.));
#5077 = ADVANCED_FACE('',(#5078),#5096,.F.);
#5078 = FACE_BOUND('',#5079,.T.);
#5079 = EDGE_LOOP('',(#5080,#5088,#5094,#5095));
#5080 = ORIENTED_EDGE('',*,*,#5081,.T.);
#5081 = EDGE_CURVE('',#4980,#5082,#5084,.T.);
#5082 = VERTEX_POINT('',#5083);
#5083 = CARTESIAN_POINT('',(50.95,130.,12.));
#5084 = LINE('',#5085,#5086);
#5085 = CARTESIAN_POINT('',(50.15,130.,9.));
#5086 = VECTOR('',#5087,1.);
#5087 = DIRECTION('',(0.25766265056,0.,0.966234939601));
#5088 = ORIENTED_EDGE('',*,*,#5089,.T.);
#5089 = EDGE_CURVE('',#5082,#4836,#5090,.T.);
#5090 = LINE('',#5091,#5092);
#5091 = CARTESIAN_POINT('',(50.95,130.,12.));
#5092 = VECTOR('',#5093,1.);
#5093 = DIRECTION('',(0.,0.,1.));
#5094 = ORIENTED_EDGE('',*,*,#4843,.T.);
#5095 = ORIENTED_EDGE('',*,*,#4987,.T.);
#5096 = PLANE('',#5097);
#5097 = AXIS2_PLACEMENT_3D('',#5098,#5099,#5100);
#5098 = CARTESIAN_POINT('',(50.48065521837,130.,13.273791265187));
#5099 = DIRECTION('',(0.,1.,0.));
#5100 = DIRECTION('',(0.,0.,-1.));
#5101 = ADVANCED_FACE('',(#5102),#5120,.T.);
#5102 = FACE_BOUND('',#5103,.F.);
#5103 = EDGE_LOOP('',(#5104,#5105,#5113,#5119));
#5104 = ORIENTED_EDGE('',*,*,#5035,.F.);
#5105 = ORIENTED_EDGE('',*,*,#5106,.T.);
#5106 = EDGE_CURVE('',#5027,#5107,#5109,.T.);
#5107 = VERTEX_POINT('',#5108);
#5108 = CARTESIAN_POINT('',(43.05,139.2,7.));
#5109 = LINE('',#5110,#5111);
#5110 = CARTESIAN_POINT('',(43.05,127.4,7.));
#5111 = VECTOR('',#5112,1.);
#5112 = DIRECTION('',(0.,1.,0.));
#5113 = ORIENTED_EDGE('',*,*,#5114,.T.);
#5114 = EDGE_CURVE('',#5107,#4804,#5115,.T.);
#5115 = LINE('',#5116,#5117);
#5116 = CARTESIAN_POINT('',(43.05,139.2,5.2));
#5117 = VECTOR('',#5118,1.);
#5118 = DIRECTION('',(0.,0.,1.));
#5119 = ORIENTED_EDGE('',*,*,#4803,.F.);
#5120 = PLANE('',#5121);
#5121 = AXIS2_PLACEMENT_3D('',#5122,#5123,#5124);
#5122 = CARTESIAN_POINT('',(43.05,127.4,5.2));
#5123 = DIRECTION('',(-1.,-0.,-0.));
#5124 = DIRECTION('',(0.,0.,-1.));
#5125 = ADVANCED_FACE('',(#5126),#5144,.F.);
#5126 = FACE_BOUND('',#5127,.T.);
#5127 = EDGE_LOOP('',(#5128,#5136,#5142,#5143));
#5128 = ORIENTED_EDGE('',*,*,#5129,.T.);
#5129 = EDGE_CURVE('',#5082,#5130,#5132,.T.);
#5130 = VERTEX_POINT('',#5131);
#5131 = CARTESIAN_POINT('',(50.95,136.,12.));
#5132 = LINE('',#5133,#5134);
#5133 = CARTESIAN_POINT('',(50.95,130.,12.));
#5134 = VECTOR('',#5135,1.);
#5135 = DIRECTION('',(0.,1.,0.));
#5136 = ORIENTED_EDGE('',*,*,#5137,.T.);
#5137 = EDGE_CURVE('',#5130,#4828,#5138,.T.);
#5138 = LINE('',#5139,#5140);
#5139 = CARTESIAN_POINT('',(50.95,136.,12.));
#5140 = VECTOR('',#5141,1.);
#5141 = DIRECTION('',(0.,0.,1.));
#5142 = ORIENTED_EDGE('',*,*,#4835,.F.);
#5143 = ORIENTED_EDGE('',*,*,#5089,.F.);
#5144 = PLANE('',#5145);
#5145 = AXIS2_PLACEMENT_3D('',#5146,#5147,#5148);
#5146 = CARTESIAN_POINT('',(50.95,130.,12.));
#5147 = DIRECTION('',(-1.,-0.,-0.));
#5148 = DIRECTION('',(0.,0.,-1.));
#5149 = ADVANCED_FACE('',(#5150),#5170,.T.);
#5150 = FACE_BOUND('',#5151,.F.);
#5151 = EDGE_LOOP('',(#5152,#5161,#5167,#5168,#5169));
#5152 = ORIENTED_EDGE('',*,*,#5153,.F.);
#5153 = EDGE_CURVE('',#5154,#5107,#5156,.T.);
#5154 = VERTEX_POINT('',#5155);
#5155 = CARTESIAN_POINT('',(42.5916407865,139.2,5.8));
#5156 = CIRCLE('',#5157,1.8);
#5157 = AXIS2_PLACEMENT_3D('',#5158,#5159,#5160);
#5158 = CARTESIAN_POINT('',(41.25,139.2,7.));
#5159 = DIRECTION('',(0.,-1.,0.));
#5160 = DIRECTION('',(0.,0.,1.));
#5161 = ORIENTED_EDGE('',*,*,#5162,.F.);
#5162 = EDGE_CURVE('',#4956,#5154,#5163,.T.);
#5163 = LINE('',#5164,#5165);
#5164 = CARTESIAN_POINT('',(43.05,139.2,5.8));
#5165 = VECTOR('',#5166,1.);
#5166 = DIRECTION('',(-1.,-0.,-0.));
#5167 = ORIENTED_EDGE('',*,*,#4964,.T.);
#5168 = ORIENTED_EDGE('',*,*,#4811,.T.);
#5169 = ORIENTED_EDGE('',*,*,#5114,.F.);
#5170 = PLANE('',#5171);
#5171 = AXIS2_PLACEMENT_3D('',#5172,#5173,#5174);
#5172 = CARTESIAN_POINT('',(50.15,139.2,5.2));
#5173 = DIRECTION('',(0.,1.,0.));
#5174 = DIRECTION('',(0.,0.,-1.));
#5175 = ADVANCED_FACE('',(#5176),#5187,.T.);
#5176 = FACE_BOUND('',#5177,.F.);
#5177 = EDGE_LOOP('',(#5178,#5184,#5185,#5186));
#5178 = ORIENTED_EDGE('',*,*,#5179,.T.);
#5179 = EDGE_CURVE('',#4972,#5130,#5180,.T.);
#5180 = LINE('',#5181,#5182);
#5181 = CARTESIAN_POINT('',(50.15,136.,9.));
#5182 = VECTOR('',#5183,1.);
#5183 = DIRECTION('',(0.25766265056,0.,0.966234939601));
#5184 = ORIENTED_EDGE('',*,*,#5137,.T.);
#5185 = ORIENTED_EDGE('',*,*,#4827,.T.);
#5186 = ORIENTED_EDGE('',*,*,#4971,.T.);
#5187 = PLANE('',#5188);
#5188 = AXIS2_PLACEMENT_3D('',#5189,#5190,#5191);
#5189 = CARTESIAN_POINT('',(50.48065521837,136.,13.273791265187));
#5190 = DIRECTION('',(0.,1.,0.));
#5191 = DIRECTION('',(0.,0.,-1.));
#5192 = ADVANCED_FACE('',(#5193),#5218,.T.);
#5193 = FACE_BOUND('',#5194,.F.);
#5194 = EDGE_LOOP('',(#5195,#5203,#5211,#5217));
#5195 = ORIENTED_EDGE('',*,*,#5196,.F.);
#5196 = EDGE_CURVE('',#5197,#4858,#5199,.T.);
#5197 = VERTEX_POINT('',#5198);
#5198 = CARTESIAN_POINT('',(45.45,128.6,5.2));
#5199 = LINE('',#5200,#5201);
#5200 = CARTESIAN_POINT('',(45.45,128.6,5.2));
#5201 = VECTOR('',#5202,1.);
#5202 = DIRECTION('',(0.,0.,1.));
#5203 = ORIENTED_EDGE('',*,*,#5204,.F.);
#5204 = EDGE_CURVE('',#5205,#5197,#5207,.T.);
#5205 = VERTEX_POINT('',#5206);
#5206 = CARTESIAN_POINT('',(48.95,128.6,5.2));
#5207 = LINE('',#5208,#5209);
#5208 = CARTESIAN_POINT('',(48.95,128.6,5.2));
#5209 = VECTOR('',#5210,1.);
#5210 = DIRECTION('',(-1.,-0.,-0.));
#5211 = ORIENTED_EDGE('',*,*,#5212,.T.);
#5212 = EDGE_CURVE('',#5205,#4867,#5213,.T.);
#5213 = LINE('',#5214,#5215);
#5214 = CARTESIAN_POINT('',(48.95,128.6,5.2));
#5215 = VECTOR('',#5216,1.);
#5216 = DIRECTION('',(0.,0.,1.));
#5217 = ORIENTED_EDGE('',*,*,#4874,.F.);
#5218 = PLANE('',#5219);
#5219 = AXIS2_PLACEMENT_3D('',#5220,#5221,#5222);
#5220 = CARTESIAN_POINT('',(48.95,128.6,5.2));
#5221 = DIRECTION('',(0.,1.,0.));
#5222 = DIRECTION('',(0.,0.,-1.));
#5223 = ADVANCED_FACE('',(#5224),#5242,.F.);
#5224 = FACE_BOUND('',#5225,.T.);
#5225 = EDGE_LOOP('',(#5226,#5227,#5235,#5241));
#5226 = ORIENTED_EDGE('',*,*,#5196,.F.);
#5227 = ORIENTED_EDGE('',*,*,#5228,.T.);
#5228 = EDGE_CURVE('',#5197,#5229,#5231,.T.);
#5229 = VERTEX_POINT('',#5230);
#5230 = CARTESIAN_POINT('',(45.45,137.2,5.2));
#5231 = LINE('',#5232,#5233);
#5232 = CARTESIAN_POINT('',(45.45,128.6,5.2));
#5233 = VECTOR('',#5234,1.);
#5234 = DIRECTION('',(0.,1.,0.));
#5235 = ORIENTED_EDGE('',*,*,#5236,.T.);
#5236 = EDGE_CURVE('',#5229,#4891,#5237,.T.);
#5237 = LINE('',#5238,#5239);
#5238 = CARTESIAN_POINT('',(45.45,137.2,5.2));
#5239 = VECTOR('',#5240,1.);
#5240 = DIRECTION('',(0.,0.,1.));
#5241 = ORIENTED_EDGE('',*,*,#4898,.F.);
#5242 = PLANE('',#5243);
#5243 = AXIS2_PLACEMENT_3D('',#5244,#5245,#5246);
#5244 = CARTESIAN_POINT('',(45.45,128.6,5.2));
#5245 = DIRECTION('',(-1.,-0.,-0.));
#5246 = DIRECTION('',(0.,0.,-1.));
#5247 = ADVANCED_FACE('',(#5248),#5266,.T.);
#5248 = FACE_BOUND('',#5249,.F.);
#5249 = EDGE_LOOP('',(#5250,#5251,#5259,#5265));
#5250 = ORIENTED_EDGE('',*,*,#5212,.F.);
#5251 = ORIENTED_EDGE('',*,*,#5252,.T.);
#5252 = EDGE_CURVE('',#5205,#5253,#5255,.T.);
#5253 = VERTEX_POINT('',#5254);
#5254 = CARTESIAN_POINT('',(48.95,137.2,5.2));
#5255 = LINE('',#5256,#5257);
#5256 = CARTESIAN_POINT('',(48.95,128.6,5.2));
#5257 = VECTOR('',#5258,1.);
#5258 = DIRECTION('',(0.,1.,0.));
#5259 = ORIENTED_EDGE('',*,*,#5260,.T.);
#5260 = EDGE_CURVE('',#5253,#4915,#5261,.T.);
#5261 = LINE('',#5262,#5263);
#5262 = CARTESIAN_POINT('',(48.95,137.2,5.2));
#5263 = VECTOR('',#5264,1.);
#5264 = DIRECTION('',(0.,0.,1.));
#5265 = ORIENTED_EDGE('',*,*,#4922,.F.);
#5266 = PLANE('',#5267);
#5267 = AXIS2_PLACEMENT_3D('',#5268,#5269,#5270);
#5268 = CARTESIAN_POINT('',(48.95,128.6,5.2));
#5269 = DIRECTION('',(-1.,-0.,-0.));
#5270 = DIRECTION('',(0.,0.,-1.));
#5271 = ADVANCED_FACE('',(#5272),#5283,.F.);
#5272 = FACE_BOUND('',#5273,.T.);
#5273 = EDGE_LOOP('',(#5274,#5275,#5281,#5282));
#5274 = ORIENTED_EDGE('',*,*,#5236,.F.);
#5275 = ORIENTED_EDGE('',*,*,#5276,.F.);
#5276 = EDGE_CURVE('',#5253,#5229,#5277,.T.);
#5277 = LINE('',#5278,#5279);
#5278 = CARTESIAN_POINT('',(48.95,137.2,5.2));
#5279 = VECTOR('',#5280,1.);
#5280 = DIRECTION('',(-1.,-0.,-0.));
#5281 = ORIENTED_EDGE('',*,*,#5260,.T.);
#5282 = ORIENTED_EDGE('',*,*,#4939,.F.);
#5283 = PLANE('',#5284);
#5284 = AXIS2_PLACEMENT_3D('',#5285,#5286,#5287);
#5285 = CARTESIAN_POINT('',(48.95,137.2,5.2));
#5286 = DIRECTION('',(0.,1.,0.));
#5287 = DIRECTION('',(0.,0.,-1.));
#5288 = ADVANCED_FACE('',(#5289),#5355,.F.);
#5289 = FACE_BOUND('',#5290,.F.);
#5290 = EDGE_LOOP('',(#5291,#5347,#5353,#5354));
#5291 = ORIENTED_EDGE('',*,*,#5292,.F.);
#5292 = EDGE_CURVE('',#5293,#5154,#5295,.T.);
#5293 = VERTEX_POINT('',#5294);
#5294 = CARTESIAN_POINT('',(41.25,139.8,5.2));
#5295 = B_SPLINE_CURVE_WITH_KNOTS('',8,(#5296,#5297,#5298,#5299,#5300,
    #5301,#5302,#5303,#5304,#5305,#5306,#5307,#5308,#5309,#5310,#5311,
    #5312,#5313,#5314,#5315,#5316,#5317,#5318,#5319,#5320,#5321,#5322,
    #5323,#5324,#5325,#5326,#5327,#5328,#5329,#5330,#5331,#5332,#5333,
    #5334,#5335,#5336,#5337,#5338,#5339,#5340,#5341,#5342,#5343,#5344,
    #5345,#5346),.UNSPECIFIED.,.F.,.F.,(9,7,7,7,7,7,7,9),(0.,
    1.313974885611E-03,2.487166074183E-03,3.754211139414E-03,
    4.645834172254E-03,5.443601016207E-03,0.740399525532,1.),
  .UNSPECIFIED.);
#5296 = CARTESIAN_POINT('',(41.25,139.8,5.2));
#5297 = CARTESIAN_POINT('',(41.250237417934,139.79986292669,5.2));
#5298 = CARTESIAN_POINT('',(41.25047483587,139.79972585338,
    5.200000035789));
#5299 = CARTESIAN_POINT('',(41.250712253804,139.79958878007,
    5.200000107366));
#5300 = CARTESIAN_POINT('',(41.250949671732,139.79945170679,
    5.200000214732));
#5301 = CARTESIAN_POINT('',(41.251187089652,139.79931463352,
    5.200000357887));
#5302 = CARTESIAN_POINT('',(41.25142450756,139.79917756028,
    5.200000536831));
#5303 = CARTESIAN_POINT('',(41.251661925455,139.79904048708,
    5.200000751564));
#5304 = CARTESIAN_POINT('',(41.25211132346,139.79878102723,
    5.200001225765));
#5305 = CARTESIAN_POINT('',(41.252323303573,139.79865864059,
    5.200001477975));
#5306 = CARTESIAN_POINT('',(41.252535283672,139.79853625398,
    5.200001758715));
#5307 = CARTESIAN_POINT('',(41.252747263754,139.79841386741,
    5.200002067987));
#5308 = CARTESIAN_POINT('',(41.252959243816,139.7982914809,
    5.200002405789));
#5309 = CARTESIAN_POINT('',(41.253171223858,139.79816909443,
    5.200002772121));
#5310 = CARTESIAN_POINT('',(41.253383203877,139.79804670803,
    5.200003166984));
#5311 = CARTESIAN_POINT('',(41.253824122009,139.79779214459,
    5.200004047642));
#5312 = CARTESIAN_POINT('',(41.254053060117,139.79765996756,
    5.200004538185));
#5313 = CARTESIAN_POINT('',(41.254281998194,139.79752779062,
    5.200005062006));
#5314 = CARTESIAN_POINT('',(41.254510936238,139.79739561376,
    5.200005619105));
#5315 = CARTESIAN_POINT('',(41.254739874245,139.797263437,5.200006209481
    ));
#5316 = CARTESIAN_POINT('',(41.254968812213,139.79713126033,
    5.200006833136));
#5317 = CARTESIAN_POINT('',(41.25519775014,139.79699908377,
    5.200007490069));
#5318 = CARTESIAN_POINT('',(41.25558779223,139.7967738944,5.200008665984
    ));
#5319 = CARTESIAN_POINT('',(41.255748896415,139.79668088153,
    5.200009168167));
#5320 = CARTESIAN_POINT('',(41.255910000577,139.79658786872,
    5.200009686829));
#5321 = CARTESIAN_POINT('',(41.256071104717,139.79649485597,
    5.20001022197));
#5322 = CARTESIAN_POINT('',(41.256232208832,139.79640184329,
    5.20001077359));
#5323 = CARTESIAN_POINT('',(41.256393312921,139.79630883066,
    5.20001134169));
#5324 = CARTESIAN_POINT('',(41.256554416986,139.79621581811,
    5.200011926269));
#5325 = CARTESIAN_POINT('',(41.256859666536,139.79603958404,
    5.200013065116));
#5326 = CARTESIAN_POINT('',(41.257003812027,139.79595636251,
    5.200013616097));
#5327 = CARTESIAN_POINT('',(41.257147957497,139.79587314104,
    5.20001418027));
#5328 = CARTESIAN_POINT('',(41.257292102943,139.79578991963,
    5.200014757636));
#5329 = CARTESIAN_POINT('',(41.257436248367,139.79570669827,
    5.200015348195));
#5330 = CARTESIAN_POINT('',(41.257580393767,139.79562347698,
    5.200015951946));
#5331 = CARTESIAN_POINT('',(41.257724539142,139.79554025575,
    5.200016568889));
#5332 = CARTESIAN_POINT('',(41.390664976869,139.71878815833,
    5.20059772242));
#5333 = CARTESIAN_POINT('',(41.523156715795,139.64233782726,
    5.212373819958));
#5334 = CARTESIAN_POINT('',(41.6552362447,139.56711926695,5.235270766727
    ));
#5335 = CARTESIAN_POINT('',(41.786508752567,139.49431132095,
    5.269546102366));
#5336 = CARTESIAN_POINT('',(41.916278965423,139.42540994119,
    5.315588466327));
#5337 = CARTESIAN_POINT('',(42.043543186361,139.36241645416,
    5.373772263229));
#5338 = CARTESIAN_POINT('',(42.166996281757,139.30785041227,
    5.444388908306));
#5339 = CARTESIAN_POINT('',(42.32670022201,139.25058802633,
    5.556631467048));
#5340 = CARTESIAN_POINT('',(42.367658435407,139.23718755169,
    5.587432295169));
#5341 = CARTESIAN_POINT('',(42.407797143239,139.22550418022,
    5.619708920603));
#5342 = CARTESIAN_POINT('',(42.447001901701,139.21572942902,
    5.653408880971));
#5343 = CARTESIAN_POINT('',(42.485138858003,139.20807340927,
    5.688445310585));
#5344 = CARTESIAN_POINT('',(42.522060169505,139.20275725037,
    5.724687884558));
#5345 = CARTESIAN_POINT('',(42.557611384766,139.2,5.761953972245));
#5346 = CARTESIAN_POINT('',(42.5916407865,139.2,5.8));
#5347 = ORIENTED_EDGE('',*,*,#5348,.F.);
#5348 = EDGE_CURVE('',#4954,#5293,#5349,.T.);
#5349 = LINE('',#5350,#5351);
#5350 = CARTESIAN_POINT('',(50.15,139.8,5.2));
#5351 = VECTOR('',#5352,1.);
#5352 = DIRECTION('',(-1.,-0.,-0.));
#5353 = ORIENTED_EDGE('',*,*,#4953,.T.);
#5354 = ORIENTED_EDGE('',*,*,#5162,.T.);
#5355 = CYLINDRICAL_SURFACE('',#5356,0.6);
#5356 = AXIS2_PLACEMENT_3D('',#5357,#5358,#5359);
#5357 = CARTESIAN_POINT('',(50.15,139.8,5.8));
#5358 = DIRECTION('',(-1.,-0.,-0.));
#5359 = DIRECTION('',(-0.,-0.,-1.));
#5360 = ADVANCED_FACE('',(#5361,#5395),#5406,.T.);
#5361 = FACE_BOUND('',#5362,.F.);
#5362 = EDGE_LOOP('',(#5363,#5364,#5365,#5371,#5372,#5380,#5388,#5394));
#5363 = ORIENTED_EDGE('',*,*,#5002,.T.);
#5364 = ORIENTED_EDGE('',*,*,#5348,.T.);
#5365 = ORIENTED_EDGE('',*,*,#5366,.F.);
#5366 = EDGE_CURVE('',#5017,#5293,#5367,.T.);
#5367 = LINE('',#5368,#5369);
#5368 = CARTESIAN_POINT('',(41.25,127.4,5.2));
#5369 = VECTOR('',#5370,1.);
#5370 = DIRECTION('',(0.,1.,0.));
#5371 = ORIENTED_EDGE('',*,*,#5016,.T.);
#5372 = ORIENTED_EDGE('',*,*,#5373,.T.);
#5373 = EDGE_CURVE('',#5019,#5374,#5376,.T.);
#5374 = VERTEX_POINT('',#5375);
#5375 = CARTESIAN_POINT('',(41.,139.9,5.2));
#5376 = LINE('',#5377,#5378);
#5377 = CARTESIAN_POINT('',(41.,127.4,5.2));
#5378 = VECTOR('',#5379,1.);
#5379 = DIRECTION('',(0.,1.,0.));
#5380 = ORIENTED_EDGE('',*,*,#5381,.F.);
#5381 = EDGE_CURVE('',#5382,#5374,#5384,.T.);
#5382 = VERTEX_POINT('',#5383);
#5383 = CARTESIAN_POINT('',(60.6,139.9,5.2));
#5384 = LINE('',#5385,#5386);
#5385 = CARTESIAN_POINT('',(60.6,139.9,5.2));
#5386 = VECTOR('',#5387,1.);
#5387 = DIRECTION('',(-1.,-0.,-0.));
#5388 = ORIENTED_EDGE('',*,*,#5389,.F.);
#5389 = EDGE_CURVE('',#5044,#5382,#5390,.T.);
#5390 = LINE('',#5391,#5392);
#5391 = CARTESIAN_POINT('',(60.6,127.4,5.2));
#5392 = VECTOR('',#5393,1.);
#5393 = DIRECTION('',(0.,1.,0.));
#5394 = ORIENTED_EDGE('',*,*,#5043,.T.);
#5395 = FACE_BOUND('',#5396,.F.);
#5396 = EDGE_LOOP('',(#5397));
#5397 = ORIENTED_EDGE('',*,*,#5398,.F.);
#5398 = EDGE_CURVE('',#5399,#5399,#5401,.T.);
#5399 = VERTEX_POINT('',#5400);
#5400 = CARTESIAN_POINT('',(51.8,130.5,5.2));
#5401 = CIRCLE('',#5402,1.7);
#5402 = AXIS2_PLACEMENT_3D('',#5403,#5404,#5405);
#5403 = CARTESIAN_POINT('',(53.5,130.5,5.2));
#5404 = DIRECTION('',(0.,0.,-1.));
#5405 = DIRECTION('',(-1.,-0.,-0.));
#5406 = PLANE('',#5407);
#5407 = AXIS2_PLACEMENT_3D('',#5408,#5409,#5410);
#5408 = CARTESIAN_POINT('',(60.6,127.4,5.2));
#5409 = DIRECTION('',(0.,0.,1.));
#5410 = DIRECTION('',(1.,0.,0.));
#5411 = ADVANCED_FACE('',(#5412),#5418,.F.);
#5412 = FACE_BOUND('',#5413,.T.);
#5413 = EDGE_LOOP('',(#5414,#5415,#5416,#5417));
#5414 = ORIENTED_EDGE('',*,*,#4979,.T.);
#5415 = ORIENTED_EDGE('',*,*,#5179,.T.);
#5416 = ORIENTED_EDGE('',*,*,#5129,.F.);
#5417 = ORIENTED_EDGE('',*,*,#5081,.F.);
#5418 = PLANE('',#5419);
#5419 = AXIS2_PLACEMENT_3D('',#5420,#5421,#5422);
#5420 = CARTESIAN_POINT('',(50.15,130.,9.));
#5421 = DIRECTION('',(-0.966234939601,0.,0.25766265056));
#5422 = DIRECTION('',(-0.25766265056,0.,-0.966234939601));
#5423 = ADVANCED_FACE('',(#5424),#5431,.F.);
#5424 = FACE_BOUND('',#5425,.T.);
#5425 = EDGE_LOOP('',(#5426,#5427,#5428,#5429,#5430));
#5426 = ORIENTED_EDGE('',*,*,#5153,.F.);
#5427 = ORIENTED_EDGE('',*,*,#5292,.F.);
#5428 = ORIENTED_EDGE('',*,*,#5366,.F.);
#5429 = ORIENTED_EDGE('',*,*,#5026,.T.);
#5430 = ORIENTED_EDGE('',*,*,#5106,.T.);
#5431 = CYLINDRICAL_SURFACE('',#5432,1.8);
#5432 = AXIS2_PLACEMENT_3D('',#5433,#5434,#5435);
#5433 = CARTESIAN_POINT('',(41.25,127.4,7.));
#5434 = DIRECTION('',(0.,1.,0.));
#5435 = DIRECTION('',(0.,0.,-1.));
#5436 = ADVANCED_FACE('',(#5437),#5455,.T.);
#5437 = FACE_BOUND('',#5438,.F.);
#5438 = EDGE_LOOP('',(#5439,#5440,#5448,#5454));
#5439 = ORIENTED_EDGE('',*,*,#5067,.F.);
#5440 = ORIENTED_EDGE('',*,*,#5441,.T.);
#5441 = EDGE_CURVE('',#5060,#5442,#5444,.T.);
#5442 = VERTEX_POINT('',#5443);
#5443 = CARTESIAN_POINT('',(41.,139.9,2.2));
#5444 = LINE('',#5445,#5446);
#5445 = CARTESIAN_POINT('',(41.,127.4,2.2));
#5446 = VECTOR('',#5447,1.);
#5447 = DIRECTION('',(0.,1.,0.));
#5448 = ORIENTED_EDGE('',*,*,#5449,.T.);
#5449 = EDGE_CURVE('',#5442,#5374,#5450,.T.);
#5450 = LINE('',#5451,#5452);
#5451 = CARTESIAN_POINT('',(41.,139.9,2.2));
#5452 = VECTOR('',#5453,1.);
#5453 = DIRECTION('',(0.,0.,1.));
#5454 = ORIENTED_EDGE('',*,*,#5373,.F.);
#5455 = PLANE('',#5456);
#5456 = AXIS2_PLACEMENT_3D('',#5457,#5458,#5459);
#5457 = CARTESIAN_POINT('',(41.,127.4,2.2));
#5458 = DIRECTION('',(-1.,-0.,-0.));
#5459 = DIRECTION('',(0.,0.,-1.));
#5460 = ADVANCED_FACE('',(#5461,#5479),#5490,.F.);
#5461 = FACE_BOUND('',#5462,.T.);
#5462 = EDGE_LOOP('',(#5463,#5471,#5472,#5473));
#5463 = ORIENTED_EDGE('',*,*,#5464,.F.);
#5464 = EDGE_CURVE('',#5052,#5465,#5467,.T.);
#5465 = VERTEX_POINT('',#5466);
#5466 = CARTESIAN_POINT('',(60.6,139.9,2.2));
#5467 = LINE('',#5468,#5469);
#5468 = CARTESIAN_POINT('',(60.6,127.4,2.2));
#5469 = VECTOR('',#5470,1.);
#5470 = DIRECTION('',(0.,1.,0.));
#5471 = ORIENTED_EDGE('',*,*,#5059,.T.);
#5472 = ORIENTED_EDGE('',*,*,#5441,.T.);
#5473 = ORIENTED_EDGE('',*,*,#5474,.F.);
#5474 = EDGE_CURVE('',#5465,#5442,#5475,.T.);
#5475 = LINE('',#5476,#5477);
#5476 = CARTESIAN_POINT('',(60.6,139.9,2.2));
#5477 = VECTOR('',#5478,1.);
#5478 = DIRECTION('',(-1.,-0.,-0.));
#5479 = FACE_BOUND('',#5480,.T.);
#5480 = EDGE_LOOP('',(#5481));
#5481 = ORIENTED_EDGE('',*,*,#5482,.F.);
#5482 = EDGE_CURVE('',#5483,#5483,#5485,.T.);
#5483 = VERTEX_POINT('',#5484);
#5484 = CARTESIAN_POINT('',(51.8,130.5,2.2));
#5485 = CIRCLE('',#5486,1.7);
#5486 = AXIS2_PLACEMENT_3D('',#5487,#5488,#5489);
#5487 = CARTESIAN_POINT('',(53.5,130.5,2.2));
#5488 = DIRECTION('',(0.,0.,-1.));
#5489 = DIRECTION('',(-1.,-0.,-0.));
#5490 = PLANE('',#5491);
#5491 = AXIS2_PLACEMENT_3D('',#5492,#5493,#5494);
#5492 = CARTESIAN_POINT('',(60.6,127.4,2.2));
#5493 = DIRECTION('',(0.,0.,1.));
#5494 = DIRECTION('',(1.,0.,0.));
#5495 = ADVANCED_FACE('',(#5496),#5507,.F.);
#5496 = FACE_BOUND('',#5497,.T.);
#5497 = EDGE_LOOP('',(#5498,#5499,#5500,#5506));
#5498 = ORIENTED_EDGE('',*,*,#5051,.F.);
#5499 = ORIENTED_EDGE('',*,*,#5464,.T.);
#5500 = ORIENTED_EDGE('',*,*,#5501,.T.);
#5501 = EDGE_CURVE('',#5465,#5382,#5502,.T.);
#5502 = LINE('',#5503,#5504);
#5503 = CARTESIAN_POINT('',(60.6,139.9,2.2));
#5504 = VECTOR('',#5505,1.);
#5505 = DIRECTION('',(0.,0.,1.));
#5506 = ORIENTED_EDGE('',*,*,#5389,.F.);
#5507 = PLANE('',#5508);
#5508 = AXIS2_PLACEMENT_3D('',#5509,#5510,#5511);
#5509 = CARTESIAN_POINT('',(60.6,127.4,2.2));
#5510 = DIRECTION('',(-1.,-0.,-0.));
#5511 = DIRECTION('',(0.,0.,-1.));
#5512 = ADVANCED_FACE('',(#5513),#5519,.T.);
#5513 = FACE_BOUND('',#5514,.F.);
#5514 = EDGE_LOOP('',(#5515,#5516,#5517,#5518));
#5515 = ORIENTED_EDGE('',*,*,#5252,.F.);
#5516 = ORIENTED_EDGE('',*,*,#5204,.T.);
#5517 = ORIENTED_EDGE('',*,*,#5228,.T.);
#5518 = ORIENTED_EDGE('',*,*,#5276,.F.);
#5519 = PLANE('',#5520);
#5520 = AXIS2_PLACEMENT_3D('',#5521,#5522,#5523);
#5521 = CARTESIAN_POINT('',(48.95,128.6,5.2));
#5522 = DIRECTION('',(0.,0.,1.));
#5523 = DIRECTION('',(1.,0.,0.));
#5524 = ADVANCED_FACE('',(#5525),#5531,.T.);
#5525 = FACE_BOUND('',#5526,.F.);
#5526 = EDGE_LOOP('',(#5527,#5528,#5529,#5530));
#5527 = ORIENTED_EDGE('',*,*,#5474,.F.);
#5528 = ORIENTED_EDGE('',*,*,#5501,.T.);
#5529 = ORIENTED_EDGE('',*,*,#5381,.T.);
#5530 = ORIENTED_EDGE('',*,*,#5449,.F.);
#5531 = PLANE('',#5532);
#5532 = AXIS2_PLACEMENT_3D('',#5533,#5534,#5535);
#5533 = CARTESIAN_POINT('',(60.6,139.9,2.2));
#5534 = DIRECTION('',(0.,1.,0.));
#5535 = DIRECTION('',(0.,0.,-1.));
#5536 = ADVANCED_FACE('',(#5537),#5548,.F.);
#5537 = FACE_BOUND('',#5538,.T.);
#5538 = EDGE_LOOP('',(#5539,#5540,#5546,#5547));
#5539 = ORIENTED_EDGE('',*,*,#5398,.F.);
#5540 = ORIENTED_EDGE('',*,*,#5541,.F.);
#5541 = EDGE_CURVE('',#5483,#5399,#5542,.T.);
#5542 = LINE('',#5543,#5544);
#5543 = CARTESIAN_POINT('',(51.8,130.5,2.1));
#5544 = VECTOR('',#5545,1.);
#5545 = DIRECTION('',(0.,0.,1.));
#5546 = ORIENTED_EDGE('',*,*,#5482,.T.);
#5547 = ORIENTED_EDGE('',*,*,#5541,.T.);
#5548 = CYLINDRICAL_SURFACE('',#5549,1.7);
#5549 = AXIS2_PLACEMENT_3D('',#5550,#5551,#5552);
#5550 = CARTESIAN_POINT('',(53.5,130.5,2.1));
#5551 = DIRECTION('',(0.,0.,1.));
#5552 = DIRECTION('',(-1.,-0.,-0.));
#5553 = ( GEOMETRIC_REPRESENTATION_CONTEXT(3) 
GLOBAL_UNCERTAINTY_ASSIGNED_CONTEXT((#5557)) 
GLOBAL_UNIT_ASSIGNED_CONTEXT((#5554,#5555,#5556)) REPRESENTATION_CONTEXT
('Context #1','3D Context with UNIT and UNCERTAINTY') );
#5554 = ( LENGTH_UNIT() NAMED_UNIT(*) SI_UNIT(.MILLI.,.METRE.) );
#5555 = ( NAMED_UNIT(*) PLANE_ANGLE_UNIT() SI_UNIT($,.RADIAN.) );
#5556 = ( NAMED_UNIT(*) SI_UNIT($,.STERADIAN.) SOLID_ANGLE_UNIT() );
#5557 = UNCERTAINTY_MEASURE_WITH_UNIT(LENGTH_MEASURE(1.E-05),#5554,
  'distance_accuracy_value','confusion accuracy');
#5558 = PRODUCT_RELATED_PRODUCT_CATEGORY('part',$,(#7));
ENDSEC;
END-ISO-10303-21;
