ISO-10303-21;
HEADER;
FILE_DESCRIPTION(('FreeCAD Model'),'2;1');
FILE_NAME('Open CASCADE Shape Model','2026-09-20T20:58:43',('FreeCAD'),(
    'FreeCAD'),'Open CASCADE STEP processor 7.8','FreeCAD','Unknown');
FILE_SCHEMA(('AUTOMOTIVE_DESIGN { 1 0 10303 214 1 1 1 1 }'));
ENDSEC;
DATA;
#1 = APPLICATION_PROTOCOL_DEFINITION('international standard',
  'automotive_design',2000,#2);
#2 = APPLICATION_CONTEXT(
  'core data for automotive mechanical design processes');
#3 = SHAPE_DEFINITION_REPRESENTATION(#4,#10);
#4 = PRODUCT_DEFINITION_SHAPE('','',#5);
#5 = PRODUCT_DEFINITION('design','',#6,#9);
#6 = PRODUCT_DEFINITION_FORMATION('','',#7);
#7 = PRODUCT('Open CASCADE STEP translator 7.8 1',
  'Open CASCADE STEP translator 7.8 1','',(#8));
#8 = PRODUCT_CONTEXT('',#2,'mechanical');
#9 = PRODUCT_DEFINITION_CONTEXT('part definition',#2,'design');
#10 = SHAPE_REPRESENTATION('',(#11,#15,#1921),#3827);
#11 = AXIS2_PLACEMENT_3D('',#12,#13,#14);
#12 = CARTESIAN_POINT('',(0.,0.,0.));
#13 = DIRECTION('',(0.,0.,1.));
#14 = DIRECTION('',(1.,0.,-0.));
#15 = MANIFOLD_SOLID_BREP('',#16);
#16 = CLOSED_SHELL('',(#17,#121,#160,#438,#463,#516,#533,#558,#611,#628,
    #660,#763,#836,#853,#877,#901,#1067,#1079,#1096,#1113,#1125,#1142,
    #1159,#1171,#1193,#1227,#1244,#1262,#1296,#1321,#1343,#1375,#1424,
    #1449,#1465,#1485,#1527,#1551,#1568,#1585,#1602,#1631,#1643,#1660,
    #1687,#1714,#1731,#1743,#1755,#1780,#1805,#1830,#1855,#1867,#1876,
    #1885,#1894,#1903,#1912));
#17 = ADVANCED_FACE('',(#18),#116,.T.);
#18 = FACE_BOUND('',#19,.T.);
#19 = EDGE_LOOP('',(#20,#30,#38,#46,#54,#62,#70,#78,#86,#94,#102,#110));
#20 = ORIENTED_EDGE('',*,*,#21,.T.);
#21 = EDGE_CURVE('',#22,#24,#26,.T.);
#22 = VERTEX_POINT('',#23);
#23 = CARTESIAN_POINT('',(19.,140.5,52.));
#24 = VERTEX_POINT('',#25);
#25 = CARTESIAN_POINT('',(19.,140.5,62.));
#26 = LINE('',#27,#28);
#27 = CARTESIAN_POINT('',(19.,140.5,52.));
#28 = VECTOR('',#29,1.);
#29 = DIRECTION('',(0.,0.,1.));
#30 = ORIENTED_EDGE('',*,*,#31,.F.);
#31 = EDGE_CURVE('',#32,#24,#34,.T.);
#32 = VERTEX_POINT('',#33);
#33 = CARTESIAN_POINT('',(19.,89.,62.));
#34 = LINE('',#35,#36);
#35 = CARTESIAN_POINT('',(19.,89.,62.));
#36 = VECTOR('',#37,1.);
#37 = DIRECTION('',(0.,1.,0.));
#38 = ORIENTED_EDGE('',*,*,#39,.F.);
#39 = EDGE_CURVE('',#40,#32,#42,.T.);
#40 = VERTEX_POINT('',#41);
#41 = CARTESIAN_POINT('',(19.,89.,52.));
#42 = LINE('',#43,#44);
#43 = CARTESIAN_POINT('',(19.,89.,52.));
#44 = VECTOR('',#45,1.);
#45 = DIRECTION('',(0.,0.,1.));
#46 = ORIENTED_EDGE('',*,*,#47,.T.);
#47 = EDGE_CURVE('',#40,#48,#50,.T.);
#48 = VERTEX_POINT('',#49);
#49 = CARTESIAN_POINT('',(19.,93.060928057033,52.));
#50 = LINE('',#51,#52);
#51 = CARTESIAN_POINT('',(19.,89.,52.));
#52 = VECTOR('',#53,1.);
#53 = DIRECTION('',(0.,1.,0.));
#54 = ORIENTED_EDGE('',*,*,#55,.T.);
#55 = EDGE_CURVE('',#48,#56,#58,.T.);
#56 = VERTEX_POINT('',#57);
#57 = CARTESIAN_POINT('',(19.,93.060928057033,58.));
#58 = LINE('',#59,#60);
#59 = CARTESIAN_POINT('',(19.,93.060928057033,51.95));
#60 = VECTOR('',#61,1.);
#61 = DIRECTION('',(0.,0.,1.));
#62 = ORIENTED_EDGE('',*,*,#63,.F.);
#63 = EDGE_CURVE('',#64,#56,#66,.T.);
#64 = VERTEX_POINT('',#65);
#65 = CARTESIAN_POINT('',(19.,96.939071942967,58.));
#66 = LINE('',#67,#68);
#67 = CARTESIAN_POINT('',(19.,92.,58.));
#68 = VECTOR('',#69,1.);
#69 = DIRECTION('',(0.,-1.,0.));
#70 = ORIENTED_EDGE('',*,*,#71,.F.);
#71 = EDGE_CURVE('',#72,#64,#74,.T.);
#72 = VERTEX_POINT('',#73);
#73 = CARTESIAN_POINT('',(19.,96.939071942967,52.));
#74 = LINE('',#75,#76);
#75 = CARTESIAN_POINT('',(19.,96.939071942967,51.95));
#76 = VECTOR('',#77,1.);
#77 = DIRECTION('',(0.,0.,1.));
#78 = ORIENTED_EDGE('',*,*,#79,.T.);
#79 = EDGE_CURVE('',#72,#80,#82,.T.);
#80 = VERTEX_POINT('',#81);
#81 = CARTESIAN_POINT('',(19.,133.06092805703,52.));
#82 = LINE('',#83,#84);
#83 = CARTESIAN_POINT('',(19.,89.,52.));
#84 = VECTOR('',#85,1.);
#85 = DIRECTION('',(0.,1.,0.));
#86 = ORIENTED_EDGE('',*,*,#87,.T.);
#87 = EDGE_CURVE('',#80,#88,#90,.T.);
#88 = VERTEX_POINT('',#89);
#89 = CARTESIAN_POINT('',(19.,133.06092805703,58.));
#90 = LINE('',#91,#92);
#91 = CARTESIAN_POINT('',(19.,133.06092805703,51.95));
#92 = VECTOR('',#93,1.);
#93 = DIRECTION('',(0.,0.,1.));
#94 = ORIENTED_EDGE('',*,*,#95,.F.);
#95 = EDGE_CURVE('',#96,#88,#98,.T.);
#96 = VERTEX_POINT('',#97);
#97 = CARTESIAN_POINT('',(19.,136.93907194296,58.));
#98 = LINE('',#99,#100);
#99 = CARTESIAN_POINT('',(19.,112.,58.));
#100 = VECTOR('',#101,1.);
#101 = DIRECTION('',(0.,-1.,0.));
#102 = ORIENTED_EDGE('',*,*,#103,.F.);
#103 = EDGE_CURVE('',#104,#96,#106,.T.);
#104 = VERTEX_POINT('',#105);
#105 = CARTESIAN_POINT('',(19.,136.93907194296,52.));
#106 = LINE('',#107,#108);
#107 = CARTESIAN_POINT('',(19.,136.93907194296,51.95));
#108 = VECTOR('',#109,1.);
#109 = DIRECTION('',(0.,0.,1.));
#110 = ORIENTED_EDGE('',*,*,#111,.T.);
#111 = EDGE_CURVE('',#104,#22,#112,.T.);
#112 = LINE('',#113,#114);
#113 = CARTESIAN_POINT('',(19.,89.,52.));
#114 = VECTOR('',#115,1.);
#115 = DIRECTION('',(0.,1.,0.));
#116 = PLANE('',#117);
#117 = AXIS2_PLACEMENT_3D('',#118,#119,#120);
#118 = CARTESIAN_POINT('',(19.,89.,52.));
#119 = DIRECTION('',(1.,0.,0.));
#120 = DIRECTION('',(0.,0.,1.));
#121 = ADVANCED_FACE('',(#122),#155,.T.);
#122 = FACE_BOUND('',#123,.T.);
#123 = EDGE_LOOP('',(#124,#125,#133,#141,#149));
#124 = ORIENTED_EDGE('',*,*,#21,.F.);
#125 = ORIENTED_EDGE('',*,*,#126,.T.);
#126 = EDGE_CURVE('',#22,#127,#129,.T.);
#127 = VERTEX_POINT('',#128);
#128 = CARTESIAN_POINT('',(-11.71572875253,140.5,52.));
#129 = LINE('',#130,#131);
#130 = CARTESIAN_POINT('',(12.,140.5,52.));
#131 = VECTOR('',#132,1.);
#132 = DIRECTION('',(-1.,0.,0.));
#133 = ORIENTED_EDGE('',*,*,#134,.T.);
#134 = EDGE_CURVE('',#127,#135,#137,.T.);
#135 = VERTEX_POINT('',#136);
#136 = CARTESIAN_POINT('',(12.,140.5,75.715728752538));
#137 = LINE('',#138,#139);
#138 = CARTESIAN_POINT('',(2.523207310284,140.5,66.238936062822));
#139 = VECTOR('',#140,1.);
#140 = DIRECTION('',(0.707106781187,0.,0.707106781187));
#141 = ORIENTED_EDGE('',*,*,#142,.T.);
#142 = EDGE_CURVE('',#135,#143,#145,.T.);
#143 = VERTEX_POINT('',#144);
#144 = CARTESIAN_POINT('',(12.,140.5,62.));
#145 = LINE('',#146,#147);
#146 = CARTESIAN_POINT('',(12.,140.5,82.786796564404));
#147 = VECTOR('',#148,1.);
#148 = DIRECTION('',(0.,0.,-1.));
#149 = ORIENTED_EDGE('',*,*,#150,.T.);
#150 = EDGE_CURVE('',#143,#24,#151,.T.);
#151 = LINE('',#152,#153);
#152 = CARTESIAN_POINT('',(0.,140.5,62.));
#153 = VECTOR('',#154,1.);
#154 = DIRECTION('',(1.,0.,0.));
#155 = PLANE('',#156);
#156 = AXIS2_PLACEMENT_3D('',#157,#158,#159);
#157 = CARTESIAN_POINT('',(3.393627856469,140.5,62.193104730256));
#158 = DIRECTION('',(0.,1.,0.));
#159 = DIRECTION('',(0.,0.,1.));
#160 = ADVANCED_FACE('',(#161,#295,#346,#397),#433,.T.);
#161 = FACE_BOUND('',#162,.T.);
#162 = EDGE_LOOP('',(#163,#164,#172,#180,#188,#196,#204,#210,#211,#212,
    #221,#229,#238,#246,#253,#254,#263,#271,#280,#288));
#163 = ORIENTED_EDGE('',*,*,#47,.F.);
#164 = ORIENTED_EDGE('',*,*,#165,.T.);
#165 = EDGE_CURVE('',#40,#166,#168,.T.);
#166 = VERTEX_POINT('',#167);
#167 = CARTESIAN_POINT('',(-11.71572875253,89.,52.));
#168 = LINE('',#169,#170);
#169 = CARTESIAN_POINT('',(12.,89.,52.));
#170 = VECTOR('',#171,1.);
#171 = DIRECTION('',(-1.,0.,0.));
#172 = ORIENTED_EDGE('',*,*,#173,.F.);
#173 = EDGE_CURVE('',#174,#166,#176,.T.);
#174 = VERTEX_POINT('',#175);
#175 = CARTESIAN_POINT('',(-11.71572875253,88.,52.));
#176 = LINE('',#177,#178);
#177 = CARTESIAN_POINT('',(-11.71572875253,99.875,52.));
#178 = VECTOR('',#179,1.);
#179 = DIRECTION('',(0.,1.,0.));
#180 = ORIENTED_EDGE('',*,*,#181,.T.);
#181 = EDGE_CURVE('',#174,#182,#184,.T.);
#182 = VERTEX_POINT('',#183);
#183 = CARTESIAN_POINT('',(-18.7867965644,88.,52.));
#184 = LINE('',#185,#186);
#185 = CARTESIAN_POINT('',(-39.78858223313,88.,52.));
#186 = VECTOR('',#187,1.);
#187 = DIRECTION('',(-1.,0.,0.));
#188 = ORIENTED_EDGE('',*,*,#189,.T.);
#189 = EDGE_CURVE('',#182,#190,#192,.T.);
#190 = VERTEX_POINT('',#191);
#191 = CARTESIAN_POINT('',(-18.7867965644,141.5,52.));
#192 = LINE('',#193,#194);
#193 = CARTESIAN_POINT('',(-18.7867965644,99.875,52.));
#194 = VECTOR('',#195,1.);
#195 = DIRECTION('',(0.,1.,0.));
#196 = ORIENTED_EDGE('',*,*,#197,.T.);
#197 = EDGE_CURVE('',#190,#198,#200,.T.);
#198 = VERTEX_POINT('',#199);
#199 = CARTESIAN_POINT('',(-11.71572875253,141.5,52.));
#200 = LINE('',#201,#202);
#201 = CARTESIAN_POINT('',(-19.63603896932,141.5,52.));
#202 = VECTOR('',#203,1.);
#203 = DIRECTION('',(1.,0.,0.));
#204 = ORIENTED_EDGE('',*,*,#205,.F.);
#205 = EDGE_CURVE('',#127,#198,#206,.T.);
#206 = LINE('',#207,#208);
#207 = CARTESIAN_POINT('',(-11.71572875253,99.875,52.));
#208 = VECTOR('',#209,1.);
#209 = DIRECTION('',(0.,1.,0.));
#210 = ORIENTED_EDGE('',*,*,#126,.F.);
#211 = ORIENTED_EDGE('',*,*,#111,.F.);
#212 = ORIENTED_EDGE('',*,*,#213,.T.);
#213 = EDGE_CURVE('',#104,#214,#216,.T.);
#214 = VERTEX_POINT('',#215);
#215 = CARTESIAN_POINT('',(12.,139.21426150114,52.));
#216 = CIRCLE('',#217,4.9);
#217 = AXIS2_PLACEMENT_3D('',#218,#219,#220);
#218 = CARTESIAN_POINT('',(14.5,135.,52.));
#219 = DIRECTION('',(0.,0.,1.));
#220 = DIRECTION('',(1.,0.,0.));
#221 = ORIENTED_EDGE('',*,*,#222,.F.);
#222 = EDGE_CURVE('',#223,#214,#225,.T.);
#223 = VERTEX_POINT('',#224);
#224 = CARTESIAN_POINT('',(12.,138.74165738677,52.));
#225 = LINE('',#226,#227);
#226 = CARTESIAN_POINT('',(12.,132.5,52.));
#227 = VECTOR('',#228,1.);
#228 = DIRECTION('',(0.,1.,0.));
#229 = ORIENTED_EDGE('',*,*,#230,.T.);
#230 = EDGE_CURVE('',#223,#231,#233,.T.);
#231 = VERTEX_POINT('',#232);
#232 = CARTESIAN_POINT('',(10.758342613226,132.5,52.));
#233 = CIRCLE('',#234,4.5);
#234 = AXIS2_PLACEMENT_3D('',#235,#236,#237);
#235 = CARTESIAN_POINT('',(14.5,135.,52.));
#236 = DIRECTION('',(0.,0.,1.));
#237 = DIRECTION('',(1.,0.,0.));
#238 = ORIENTED_EDGE('',*,*,#239,.T.);
#239 = EDGE_CURVE('',#231,#240,#242,.T.);
#240 = VERTEX_POINT('',#241);
#241 = CARTESIAN_POINT('',(10.285738498859,132.5,52.));
#242 = LINE('',#243,#244);
#243 = CARTESIAN_POINT('',(12.,132.5,52.));
#244 = VECTOR('',#245,1.);
#245 = DIRECTION('',(-1.,0.,0.));
#246 = ORIENTED_EDGE('',*,*,#247,.T.);
#247 = EDGE_CURVE('',#240,#80,#248,.T.);
#248 = CIRCLE('',#249,4.9);
#249 = AXIS2_PLACEMENT_3D('',#250,#251,#252);
#250 = CARTESIAN_POINT('',(14.5,135.,52.));
#251 = DIRECTION('',(0.,0.,1.));
#252 = DIRECTION('',(1.,0.,0.));
#253 = ORIENTED_EDGE('',*,*,#79,.F.);
#254 = ORIENTED_EDGE('',*,*,#255,.T.);
#255 = EDGE_CURVE('',#72,#256,#258,.T.);
#256 = VERTEX_POINT('',#257);
#257 = CARTESIAN_POINT('',(10.026746150731,97.,52.));
#258 = CIRCLE('',#259,4.9);
#259 = AXIS2_PLACEMENT_3D('',#260,#261,#262);
#260 = CARTESIAN_POINT('',(14.5,95.,52.));
#261 = DIRECTION('',(0.,0.,1.));
#262 = DIRECTION('',(1.,0.,0.));
#263 = ORIENTED_EDGE('',*,*,#264,.F.);
#264 = EDGE_CURVE('',#265,#256,#267,.T.);
#265 = VERTEX_POINT('',#266);
#266 = CARTESIAN_POINT('',(10.468871125851,97.,52.));
#267 = LINE('',#268,#269);
#268 = CARTESIAN_POINT('',(12.,97.,52.));
#269 = VECTOR('',#270,1.);
#270 = DIRECTION('',(-1.,0.,0.));
#271 = ORIENTED_EDGE('',*,*,#272,.T.);
#272 = EDGE_CURVE('',#265,#273,#275,.T.);
#273 = VERTEX_POINT('',#274);
#274 = CARTESIAN_POINT('',(12.,91.258342613226,52.));
#275 = CIRCLE('',#276,4.5);
#276 = AXIS2_PLACEMENT_3D('',#277,#278,#279);
#277 = CARTESIAN_POINT('',(14.5,95.,52.));
#278 = DIRECTION('',(0.,0.,1.));
#279 = DIRECTION('',(1.,0.,0.));
#280 = ORIENTED_EDGE('',*,*,#281,.F.);
#281 = EDGE_CURVE('',#282,#273,#284,.T.);
#282 = VERTEX_POINT('',#283);
#283 = CARTESIAN_POINT('',(12.,90.785738498859,52.));
#284 = LINE('',#285,#286);
#285 = CARTESIAN_POINT('',(12.,89.,52.));
#286 = VECTOR('',#287,1.);
#287 = DIRECTION('',(0.,1.,0.));
#288 = ORIENTED_EDGE('',*,*,#289,.T.);
#289 = EDGE_CURVE('',#282,#48,#290,.T.);
#290 = CIRCLE('',#291,4.9);
#291 = AXIS2_PLACEMENT_3D('',#292,#293,#294);
#292 = CARTESIAN_POINT('',(14.5,95.,52.));
#293 = DIRECTION('',(0.,0.,1.));
#294 = DIRECTION('',(1.,0.,0.));
#295 = FACE_BOUND('',#296,.T.);
#296 = EDGE_LOOP('',(#297,#307,#315,#323,#332,#340));
#297 = ORIENTED_EDGE('',*,*,#298,.T.);
#298 = EDGE_CURVE('',#299,#301,#303,.T.);
#299 = VERTEX_POINT('',#300);
#300 = CARTESIAN_POINT('',(0.,119.,52.));
#301 = VERTEX_POINT('',#302);
#302 = CARTESIAN_POINT('',(0.,132.5,52.));
#303 = LINE('',#304,#305);
#304 = CARTESIAN_POINT('',(0.,89.,52.));
#305 = VECTOR('',#306,1.);
#306 = DIRECTION('',(0.,1.,0.));
#307 = ORIENTED_EDGE('',*,*,#308,.T.);
#308 = EDGE_CURVE('',#301,#309,#311,.T.);
#309 = VERTEX_POINT('',#310);
#310 = CARTESIAN_POINT('',(-6.058874503046,132.5,52.));
#311 = LINE('',#312,#313);
#312 = CARTESIAN_POINT('',(12.,132.5,52.));
#313 = VECTOR('',#314,1.);
#314 = DIRECTION('',(-1.,0.,0.));
#315 = ORIENTED_EDGE('',*,*,#316,.T.);
#316 = EDGE_CURVE('',#309,#317,#319,.T.);
#317 = VERTEX_POINT('',#318);
#318 = CARTESIAN_POINT('',(-6.058874503046,138.78710422737,52.));
#319 = LINE('',#320,#321);
#320 = CARTESIAN_POINT('',(-6.058874503046,124.63692654988,52.));
#321 = VECTOR('',#322,1.);
#322 = DIRECTION('',(0.,1.,0.));
#323 = ORIENTED_EDGE('',*,*,#324,.F.);
#324 = EDGE_CURVE('',#325,#317,#327,.T.);
#325 = VERTEX_POINT('',#326);
#326 = CARTESIAN_POINT('',(-11.71572875253,130.85017059233,52.));
#327 = ELLIPSE('',#328,6.363961030679,4.5);
#328 = AXIS2_PLACEMENT_3D('',#329,#330,#331);
#329 = CARTESIAN_POINT('',(-7.993163697383,134.5,52.));
#330 = DIRECTION('',(0.,0.,-1.));
#331 = DIRECTION('',(-1.,0.,0.));
#332 = ORIENTED_EDGE('',*,*,#333,.F.);
#333 = EDGE_CURVE('',#334,#325,#336,.T.);
#334 = VERTEX_POINT('',#335);
#335 = CARTESIAN_POINT('',(-11.71572875253,119.,52.));
#336 = LINE('',#337,#338);
#337 = CARTESIAN_POINT('',(-11.71572875253,99.875,52.));
#338 = VECTOR('',#339,1.);
#339 = DIRECTION('',(0.,1.,0.));
#340 = ORIENTED_EDGE('',*,*,#341,.F.);
#341 = EDGE_CURVE('',#299,#334,#342,.T.);
#342 = LINE('',#343,#344);
#343 = CARTESIAN_POINT('',(12.,119.,52.));
#344 = VECTOR('',#345,1.);
#345 = DIRECTION('',(-1.,0.,0.));
#346 = FACE_BOUND('',#347,.T.);
#347 = EDGE_LOOP('',(#348,#358,#366,#374,#383,#391));
#348 = ORIENTED_EDGE('',*,*,#349,.T.);
#349 = EDGE_CURVE('',#350,#352,#354,.T.);
#350 = VERTEX_POINT('',#351);
#351 = CARTESIAN_POINT('',(0.,97.,52.));
#352 = VERTEX_POINT('',#353);
#353 = CARTESIAN_POINT('',(0.,110.5,52.));
#354 = LINE('',#355,#356);
#355 = CARTESIAN_POINT('',(0.,89.,52.));
#356 = VECTOR('',#357,1.);
#357 = DIRECTION('',(0.,1.,0.));
#358 = ORIENTED_EDGE('',*,*,#359,.T.);
#359 = EDGE_CURVE('',#352,#360,#362,.T.);
#360 = VERTEX_POINT('',#361);
#361 = CARTESIAN_POINT('',(-11.71572875253,110.5,52.));
#362 = LINE('',#363,#364);
#363 = CARTESIAN_POINT('',(12.,110.5,52.));
#364 = VECTOR('',#365,1.);
#365 = DIRECTION('',(-1.,0.,0.));
#366 = ORIENTED_EDGE('',*,*,#367,.F.);
#367 = EDGE_CURVE('',#368,#360,#370,.T.);
#368 = VERTEX_POINT('',#369);
#369 = CARTESIAN_POINT('',(-11.71572875253,98.649829407667,52.));
#370 = LINE('',#371,#372);
#371 = CARTESIAN_POINT('',(-11.71572875253,99.875,52.));
#372 = VECTOR('',#373,1.);
#373 = DIRECTION('',(0.,1.,0.));
#374 = ORIENTED_EDGE('',*,*,#375,.F.);
#375 = EDGE_CURVE('',#376,#368,#378,.T.);
#376 = VERTEX_POINT('',#377);
#377 = CARTESIAN_POINT('',(-6.058874503046,90.71289577263,52.));
#378 = ELLIPSE('',#379,6.363961030679,4.5);
#379 = AXIS2_PLACEMENT_3D('',#380,#381,#382);
#380 = CARTESIAN_POINT('',(-7.993163697383,95.,52.));
#381 = DIRECTION('',(0.,0.,-1.));
#382 = DIRECTION('',(-1.,0.,0.));
#383 = ORIENTED_EDGE('',*,*,#384,.T.);
#384 = EDGE_CURVE('',#376,#385,#387,.T.);
#385 = VERTEX_POINT('',#386);
#386 = CARTESIAN_POINT('',(-6.058874503046,97.,52.));
#387 = LINE('',#388,#389);
#388 = CARTESIAN_POINT('',(-6.058874503046,104.88692654988,52.));
#389 = VECTOR('',#390,1.);
#390 = DIRECTION('',(0.,1.,0.));
#391 = ORIENTED_EDGE('',*,*,#392,.F.);
#392 = EDGE_CURVE('',#350,#385,#393,.T.);
#393 = LINE('',#394,#395);
#394 = CARTESIAN_POINT('',(12.,97.,52.));
#395 = VECTOR('',#396,1.);
#396 = DIRECTION('',(-1.,0.,0.));
#397 = FACE_BOUND('',#398,.T.);
#398 = EDGE_LOOP('',(#399,#410,#419,#427));
#399 = ORIENTED_EDGE('',*,*,#400,.T.);
#400 = EDGE_CURVE('',#401,#403,#405,.T.);
#401 = VERTEX_POINT('',#402);
#402 = CARTESIAN_POINT('',(12.,115.8,52.));
#403 = VERTEX_POINT('',#404);
#404 = CARTESIAN_POINT('',(16.2,120.,52.));
#405 = CIRCLE('',#406,4.2);
#406 = AXIS2_PLACEMENT_3D('',#407,#408,#409);
#407 = CARTESIAN_POINT('',(12.,120.,52.));
#408 = DIRECTION('',(0.,0.,1.));
#409 = DIRECTION('',(1.,0.,0.));
#410 = ORIENTED_EDGE('',*,*,#411,.T.);
#411 = EDGE_CURVE('',#403,#412,#414,.T.);
#412 = VERTEX_POINT('',#413);
#413 = CARTESIAN_POINT('',(7.920784389126,119.,52.));
#414 = CIRCLE('',#415,4.2);
#415 = AXIS2_PLACEMENT_3D('',#416,#417,#418);
#416 = CARTESIAN_POINT('',(12.,120.,52.));
#417 = DIRECTION('',(0.,0.,1.));
#418 = DIRECTION('',(1.,0.,0.));
#419 = ORIENTED_EDGE('',*,*,#420,.F.);
#420 = EDGE_CURVE('',#421,#412,#423,.T.);
#421 = VERTEX_POINT('',#422);
#422 = CARTESIAN_POINT('',(12.,119.,52.));
#423 = LINE('',#424,#425);
#424 = CARTESIAN_POINT('',(12.,119.,52.));
#425 = VECTOR('',#426,1.);
#426 = DIRECTION('',(-1.,0.,0.));
#427 = ORIENTED_EDGE('',*,*,#428,.F.);
#428 = EDGE_CURVE('',#401,#421,#429,.T.);
#429 = LINE('',#430,#431);
#430 = CARTESIAN_POINT('',(12.,110.5,52.));
#431 = VECTOR('',#432,1.);
#432 = DIRECTION('',(0.,1.,0.));
#433 = PLANE('',#434);
#434 = AXIS2_PLACEMENT_3D('',#435,#436,#437);
#435 = CARTESIAN_POINT('',(2.408789093912,114.80260304782,52.));
#436 = DIRECTION('',(-0.,-0.,-1.));
#437 = DIRECTION('',(-1.,0.,0.));
#438 = ADVANCED_FACE('',(#439),#458,.F.);
#439 = FACE_BOUND('',#440,.F.);
#440 = EDGE_LOOP('',(#441,#450,#451,#452));
#441 = ORIENTED_EDGE('',*,*,#442,.F.);
#442 = EDGE_CURVE('',#96,#443,#445,.T.);
#443 = VERTEX_POINT('',#444);
#444 = CARTESIAN_POINT('',(12.,139.21426150114,58.));
#445 = CIRCLE('',#446,4.9);
#446 = AXIS2_PLACEMENT_3D('',#447,#448,#449);
#447 = CARTESIAN_POINT('',(14.5,135.,58.));
#448 = DIRECTION('',(0.,0.,1.));
#449 = DIRECTION('',(1.,0.,0.));
#450 = ORIENTED_EDGE('',*,*,#103,.F.);
#451 = ORIENTED_EDGE('',*,*,#213,.T.);
#452 = ORIENTED_EDGE('',*,*,#453,.T.);
#453 = EDGE_CURVE('',#214,#443,#454,.T.);
#454 = LINE('',#455,#456);
#455 = CARTESIAN_POINT('',(12.,139.21426150114,51.95));
#456 = VECTOR('',#457,1.);
#457 = DIRECTION('',(0.,0.,1.));
#458 = CYLINDRICAL_SURFACE('',#459,4.9);
#459 = AXIS2_PLACEMENT_3D('',#460,#461,#462);
#460 = CARTESIAN_POINT('',(14.5,135.,51.95));
#461 = DIRECTION('',(0.,0.,1.));
#462 = DIRECTION('',(1.,0.,0.));
#463 = ADVANCED_FACE('',(#464,#500),#511,.T.);
#464 = FACE_BOUND('',#465,.T.);
#465 = EDGE_LOOP('',(#466,#467,#476,#484,#493,#499));
#466 = ORIENTED_EDGE('',*,*,#95,.T.);
#467 = ORIENTED_EDGE('',*,*,#468,.F.);
#468 = EDGE_CURVE('',#469,#88,#471,.T.);
#469 = VERTEX_POINT('',#470);
#470 = CARTESIAN_POINT('',(10.285738498859,132.5,58.));
#471 = CIRCLE('',#472,4.9);
#472 = AXIS2_PLACEMENT_3D('',#473,#474,#475);
#473 = CARTESIAN_POINT('',(14.5,135.,58.));
#474 = DIRECTION('',(0.,0.,1.));
#475 = DIRECTION('',(1.,0.,0.));
#476 = ORIENTED_EDGE('',*,*,#477,.F.);
#477 = EDGE_CURVE('',#478,#469,#480,.T.);
#478 = VERTEX_POINT('',#479);
#479 = CARTESIAN_POINT('',(10.758342613226,132.5,58.));
#480 = LINE('',#481,#482);
#481 = CARTESIAN_POINT('',(7.807611844575,132.5,58.));
#482 = VECTOR('',#483,1.);
#483 = DIRECTION('',(-1.,0.,0.));
#484 = ORIENTED_EDGE('',*,*,#485,.F.);
#485 = EDGE_CURVE('',#486,#478,#488,.T.);
#486 = VERTEX_POINT('',#487);
#487 = CARTESIAN_POINT('',(12.,138.74165738677,58.));
#488 = CIRCLE('',#489,4.5);
#489 = AXIS2_PLACEMENT_3D('',#490,#491,#492);
#490 = CARTESIAN_POINT('',(14.5,135.,58.));
#491 = DIRECTION('',(0.,0.,1.));
#492 = DIRECTION('',(1.,0.,0.));
#493 = ORIENTED_EDGE('',*,*,#494,.F.);
#494 = EDGE_CURVE('',#443,#486,#495,.T.);
#495 = LINE('',#496,#497);
#496 = CARTESIAN_POINT('',(12.,133.75,58.));
#497 = VECTOR('',#498,1.);
#498 = DIRECTION('',(0.,-1.,0.));
#499 = ORIENTED_EDGE('',*,*,#442,.F.);
#500 = FACE_BOUND('',#501,.T.);
#501 = EDGE_LOOP('',(#502));
#502 = ORIENTED_EDGE('',*,*,#503,.T.);
#503 = EDGE_CURVE('',#504,#504,#506,.T.);
#504 = VERTEX_POINT('',#505);
#505 = CARTESIAN_POINT('',(16.3,135.,58.));
#506 = CIRCLE('',#507,1.8);
#507 = AXIS2_PLACEMENT_3D('',#508,#509,#510);
#508 = CARTESIAN_POINT('',(14.5,135.,58.));
#509 = DIRECTION('',(0.,0.,1.));
#510 = DIRECTION('',(1.,0.,0.));
#511 = PLANE('',#512);
#512 = AXIS2_PLACEMENT_3D('',#513,#514,#515);
#513 = CARTESIAN_POINT('',(14.517339061652,134.97270450833,58.));
#514 = DIRECTION('',(-0.,-0.,-1.));
#515 = DIRECTION('',(-1.,0.,0.));
#516 = ADVANCED_FACE('',(#517),#528,.F.);
#517 = FACE_BOUND('',#518,.F.);
#518 = EDGE_LOOP('',(#519,#520,#526,#527));
#519 = ORIENTED_EDGE('',*,*,#468,.F.);
#520 = ORIENTED_EDGE('',*,*,#521,.F.);
#521 = EDGE_CURVE('',#240,#469,#522,.T.);
#522 = LINE('',#523,#524);
#523 = CARTESIAN_POINT('',(10.285738498859,132.5,51.95));
#524 = VECTOR('',#525,1.);
#525 = DIRECTION('',(0.,0.,1.));
#526 = ORIENTED_EDGE('',*,*,#247,.T.);
#527 = ORIENTED_EDGE('',*,*,#87,.T.);
#528 = CYLINDRICAL_SURFACE('',#529,4.9);
#529 = AXIS2_PLACEMENT_3D('',#530,#531,#532);
#530 = CARTESIAN_POINT('',(14.5,135.,51.95));
#531 = DIRECTION('',(0.,0.,1.));
#532 = DIRECTION('',(1.,0.,0.));
#533 = ADVANCED_FACE('',(#534),#553,.F.);
#534 = FACE_BOUND('',#535,.F.);
#535 = EDGE_LOOP('',(#536,#545,#546,#547));
#536 = ORIENTED_EDGE('',*,*,#537,.F.);
#537 = EDGE_CURVE('',#64,#538,#540,.T.);
#538 = VERTEX_POINT('',#539);
#539 = CARTESIAN_POINT('',(10.026746150731,97.,58.));
#540 = CIRCLE('',#541,4.9);
#541 = AXIS2_PLACEMENT_3D('',#542,#543,#544);
#542 = CARTESIAN_POINT('',(14.5,95.,58.));
#543 = DIRECTION('',(0.,0.,1.));
#544 = DIRECTION('',(1.,0.,0.));
#545 = ORIENTED_EDGE('',*,*,#71,.F.);
#546 = ORIENTED_EDGE('',*,*,#255,.T.);
#547 = ORIENTED_EDGE('',*,*,#548,.T.);
#548 = EDGE_CURVE('',#256,#538,#549,.T.);
#549 = LINE('',#550,#551);
#550 = CARTESIAN_POINT('',(10.026746150731,97.,51.95));
#551 = VECTOR('',#552,1.);
#552 = DIRECTION('',(0.,0.,1.));
#553 = CYLINDRICAL_SURFACE('',#554,4.9);
#554 = AXIS2_PLACEMENT_3D('',#555,#556,#557);
#555 = CARTESIAN_POINT('',(14.5,95.,51.95));
#556 = DIRECTION('',(0.,0.,1.));
#557 = DIRECTION('',(1.,0.,0.));
#558 = ADVANCED_FACE('',(#559,#595),#606,.T.);
#559 = FACE_BOUND('',#560,.T.);
#560 = EDGE_LOOP('',(#561,#562,#571,#579,#588,#594));
#561 = ORIENTED_EDGE('',*,*,#63,.T.);
#562 = ORIENTED_EDGE('',*,*,#563,.F.);
#563 = EDGE_CURVE('',#564,#56,#566,.T.);
#564 = VERTEX_POINT('',#565);
#565 = CARTESIAN_POINT('',(12.,90.785738498859,58.));
#566 = CIRCLE('',#567,4.9);
#567 = AXIS2_PLACEMENT_3D('',#568,#569,#570);
#568 = CARTESIAN_POINT('',(14.5,95.,58.));
#569 = DIRECTION('',(0.,0.,1.));
#570 = DIRECTION('',(1.,0.,0.));
#571 = ORIENTED_EDGE('',*,*,#572,.F.);
#572 = EDGE_CURVE('',#573,#564,#575,.T.);
#573 = VERTEX_POINT('',#574);
#574 = CARTESIAN_POINT('',(12.,91.258342613226,58.));
#575 = LINE('',#576,#577);
#576 = CARTESIAN_POINT('',(12.,92.,58.));
#577 = VECTOR('',#578,1.);
#578 = DIRECTION('',(0.,-1.,0.));
#579 = ORIENTED_EDGE('',*,*,#580,.F.);
#580 = EDGE_CURVE('',#581,#573,#583,.T.);
#581 = VERTEX_POINT('',#582);
#582 = CARTESIAN_POINT('',(10.468871125851,97.,58.));
#583 = CIRCLE('',#584,4.5);
#584 = AXIS2_PLACEMENT_3D('',#585,#586,#587);
#585 = CARTESIAN_POINT('',(14.5,95.,58.));
#586 = DIRECTION('',(0.,0.,1.));
#587 = DIRECTION('',(1.,0.,0.));
#588 = ORIENTED_EDGE('',*,*,#589,.T.);
#589 = EDGE_CURVE('',#581,#538,#590,.T.);
#590 = LINE('',#591,#592);
#591 = CARTESIAN_POINT('',(7.807611844575,97.,58.));
#592 = VECTOR('',#593,1.);
#593 = DIRECTION('',(-1.,0.,0.));
#594 = ORIENTED_EDGE('',*,*,#537,.F.);
#595 = FACE_BOUND('',#596,.T.);
#596 = EDGE_LOOP('',(#597));
#597 = ORIENTED_EDGE('',*,*,#598,.T.);
#598 = EDGE_CURVE('',#599,#599,#601,.T.);
#599 = VERTEX_POINT('',#600);
#600 = CARTESIAN_POINT('',(16.3,95.,58.));
#601 = CIRCLE('',#602,1.8);
#602 = AXIS2_PLACEMENT_3D('',#603,#604,#605);
#603 = CARTESIAN_POINT('',(14.5,95.,58.));
#604 = DIRECTION('',(0.,0.,1.));
#605 = DIRECTION('',(1.,0.,0.));
#606 = PLANE('',#607);
#607 = AXIS2_PLACEMENT_3D('',#608,#609,#610);
#608 = CARTESIAN_POINT('',(14.50906570843,95.003848435058,58.));
#609 = DIRECTION('',(-0.,-0.,-1.));
#610 = DIRECTION('',(-1.,0.,0.));
#611 = ADVANCED_FACE('',(#612),#623,.F.);
#612 = FACE_BOUND('',#613,.F.);
#613 = EDGE_LOOP('',(#614,#615,#621,#622));
#614 = ORIENTED_EDGE('',*,*,#563,.F.);
#615 = ORIENTED_EDGE('',*,*,#616,.F.);
#616 = EDGE_CURVE('',#282,#564,#617,.T.);
#617 = LINE('',#618,#619);
#618 = CARTESIAN_POINT('',(12.,90.785738498859,51.95));
#619 = VECTOR('',#620,1.);
#620 = DIRECTION('',(0.,0.,1.));
#621 = ORIENTED_EDGE('',*,*,#289,.T.);
#622 = ORIENTED_EDGE('',*,*,#55,.T.);
#623 = CYLINDRICAL_SURFACE('',#624,4.9);
#624 = AXIS2_PLACEMENT_3D('',#625,#626,#627);
#625 = CARTESIAN_POINT('',(14.5,95.,51.95));
#626 = DIRECTION('',(0.,0.,1.));
#627 = DIRECTION('',(1.,0.,0.));
#628 = ADVANCED_FACE('',(#629),#655,.T.);
#629 = FACE_BOUND('',#630,.T.);
#630 = EDGE_LOOP('',(#631,#632,#640,#648,#654));
#631 = ORIENTED_EDGE('',*,*,#39,.T.);
#632 = ORIENTED_EDGE('',*,*,#633,.F.);
#633 = EDGE_CURVE('',#634,#32,#636,.T.);
#634 = VERTEX_POINT('',#635);
#635 = CARTESIAN_POINT('',(12.,89.,62.));
#636 = LINE('',#637,#638);
#637 = CARTESIAN_POINT('',(0.,89.,62.));
#638 = VECTOR('',#639,1.);
#639 = DIRECTION('',(1.,0.,0.));
#640 = ORIENTED_EDGE('',*,*,#641,.F.);
#641 = EDGE_CURVE('',#642,#634,#644,.T.);
#642 = VERTEX_POINT('',#643);
#643 = CARTESIAN_POINT('',(12.,89.,75.715728752538));
#644 = LINE('',#645,#646);
#645 = CARTESIAN_POINT('',(12.,89.,82.786796564404));
#646 = VECTOR('',#647,1.);
#647 = DIRECTION('',(0.,0.,-1.));
#648 = ORIENTED_EDGE('',*,*,#649,.T.);
#649 = EDGE_CURVE('',#642,#166,#650,.T.);
#650 = LINE('',#651,#652);
#651 = CARTESIAN_POINT('',(2.523207310284,89.,66.238936062822));
#652 = VECTOR('',#653,1.);
#653 = DIRECTION('',(-0.707106781187,0.,-0.707106781187));
#654 = ORIENTED_EDGE('',*,*,#165,.F.);
#655 = PLANE('',#656);
#656 = AXIS2_PLACEMENT_3D('',#657,#658,#659);
#657 = CARTESIAN_POINT('',(3.393627856469,89.,62.193104730256));
#658 = DIRECTION('',(-0.,-1.,-0.));
#659 = DIRECTION('',(0.,0.,-1.));
#660 = ADVANCED_FACE('',(#661,#736,#747),#758,.T.);
#661 = FACE_BOUND('',#662,.T.);
#662 = EDGE_LOOP('',(#663,#673,#681,#687,#688,#689,#690,#698,#706,#714,
    #722,#730));
#663 = ORIENTED_EDGE('',*,*,#664,.F.);
#664 = EDGE_CURVE('',#665,#667,#669,.T.);
#665 = VERTEX_POINT('',#666);
#666 = CARTESIAN_POINT('',(0.,97.,62.));
#667 = VERTEX_POINT('',#668);
#668 = CARTESIAN_POINT('',(0.,110.5,62.));
#669 = LINE('',#670,#671);
#670 = CARTESIAN_POINT('',(0.,89.,62.));
#671 = VECTOR('',#672,1.);
#672 = DIRECTION('',(0.,1.,0.));
#673 = ORIENTED_EDGE('',*,*,#674,.F.);
#674 = EDGE_CURVE('',#675,#665,#677,.T.);
#675 = VERTEX_POINT('',#676);
#676 = CARTESIAN_POINT('',(12.,97.,62.));
#677 = LINE('',#678,#679);
#678 = CARTESIAN_POINT('',(0.557611844575,97.,62.));
#679 = VECTOR('',#680,1.);
#680 = DIRECTION('',(-1.,0.,0.));
#681 = ORIENTED_EDGE('',*,*,#682,.T.);
#682 = EDGE_CURVE('',#675,#634,#683,.T.);
#683 = LINE('',#684,#685);
#684 = CARTESIAN_POINT('',(12.,89.,62.));
#685 = VECTOR('',#686,1.);
#686 = DIRECTION('',(0.,-1.,0.));
#687 = ORIENTED_EDGE('',*,*,#633,.T.);
#688 = ORIENTED_EDGE('',*,*,#31,.T.);
#689 = ORIENTED_EDGE('',*,*,#150,.F.);
#690 = ORIENTED_EDGE('',*,*,#691,.T.);
#691 = EDGE_CURVE('',#143,#692,#694,.T.);
#692 = VERTEX_POINT('',#693);
#693 = CARTESIAN_POINT('',(12.,132.5,62.));
#694 = LINE('',#695,#696);
#695 = CARTESIAN_POINT('',(12.,110.75,62.));
#696 = VECTOR('',#697,1.);
#697 = DIRECTION('',(0.,-1.,0.));
#698 = ORIENTED_EDGE('',*,*,#699,.T.);
#699 = EDGE_CURVE('',#692,#700,#702,.T.);
#700 = VERTEX_POINT('',#701);
#701 = CARTESIAN_POINT('',(0.,132.5,62.));
#702 = LINE('',#703,#704);
#703 = CARTESIAN_POINT('',(0.557611844575,132.5,62.));
#704 = VECTOR('',#705,1.);
#705 = DIRECTION('',(-1.,0.,0.));
#706 = ORIENTED_EDGE('',*,*,#707,.F.);
#707 = EDGE_CURVE('',#708,#700,#710,.T.);
#708 = VERTEX_POINT('',#709);
#709 = CARTESIAN_POINT('',(0.,119.,62.));
#710 = LINE('',#711,#712);
#711 = CARTESIAN_POINT('',(0.,89.,62.));
#712 = VECTOR('',#713,1.);
#713 = DIRECTION('',(0.,1.,0.));
#714 = ORIENTED_EDGE('',*,*,#715,.F.);
#715 = EDGE_CURVE('',#716,#708,#718,.T.);
#716 = VERTEX_POINT('',#717);
#717 = CARTESIAN_POINT('',(12.,119.,62.));
#718 = LINE('',#719,#720);
#719 = CARTESIAN_POINT('',(0.557611844575,119.,62.));
#720 = VECTOR('',#721,1.);
#721 = DIRECTION('',(-1.,0.,0.));
#722 = ORIENTED_EDGE('',*,*,#723,.T.);
#723 = EDGE_CURVE('',#716,#724,#726,.T.);
#724 = VERTEX_POINT('',#725);
#725 = CARTESIAN_POINT('',(12.,110.5,62.));
#726 = LINE('',#727,#728);
#727 = CARTESIAN_POINT('',(12.,99.75,62.));
#728 = VECTOR('',#729,1.);
#729 = DIRECTION('',(0.,-1.,0.));
#730 = ORIENTED_EDGE('',*,*,#731,.T.);
#731 = EDGE_CURVE('',#724,#667,#732,.T.);
#732 = LINE('',#733,#734);
#733 = CARTESIAN_POINT('',(0.557611844575,110.5,62.));
#734 = VECTOR('',#735,1.);
#735 = DIRECTION('',(-1.,0.,0.));
#736 = FACE_BOUND('',#737,.T.);
#737 = EDGE_LOOP('',(#738));
#738 = ORIENTED_EDGE('',*,*,#739,.F.);
#739 = EDGE_CURVE('',#740,#740,#742,.T.);
#740 = VERTEX_POINT('',#741);
#741 = CARTESIAN_POINT('',(16.3,95.,62.));
#742 = CIRCLE('',#743,1.8);
#743 = AXIS2_PLACEMENT_3D('',#744,#745,#746);
#744 = CARTESIAN_POINT('',(14.5,95.,62.));
#745 = DIRECTION('',(0.,0.,1.));
#746 = DIRECTION('',(1.,0.,0.));
#747 = FACE_BOUND('',#748,.T.);
#748 = EDGE_LOOP('',(#749));
#749 = ORIENTED_EDGE('',*,*,#750,.F.);
#750 = EDGE_CURVE('',#751,#751,#753,.T.);
#751 = VERTEX_POINT('',#752);
#752 = CARTESIAN_POINT('',(16.3,135.,62.));
#753 = CIRCLE('',#754,1.8);
#754 = AXIS2_PLACEMENT_3D('',#755,#756,#757);
#755 = CARTESIAN_POINT('',(14.5,135.,62.));
#756 = DIRECTION('',(0.,0.,1.));
#757 = DIRECTION('',(1.,0.,0.));
#758 = PLANE('',#759);
#759 = AXIS2_PLACEMENT_3D('',#760,#761,#762);
#760 = CARTESIAN_POINT('',(0.,89.,62.));
#761 = DIRECTION('',(0.,0.,1.));
#762 = DIRECTION('',(1.,0.,0.));
#763 = ADVANCED_FACE('',(#764),#831,.T.);
#764 = FACE_BOUND('',#765,.T.);
#765 = EDGE_LOOP('',(#766,#776,#782,#783,#784,#792,#800,#808,#817,#825)
  );
#766 = ORIENTED_EDGE('',*,*,#767,.T.);
#767 = EDGE_CURVE('',#768,#770,#772,.T.);
#768 = VERTEX_POINT('',#769);
#769 = CARTESIAN_POINT('',(12.,130.5,75.715728752538));
#770 = VERTEX_POINT('',#771);
#771 = CARTESIAN_POINT('',(12.,132.5,75.715728752538));
#772 = LINE('',#773,#774);
#773 = CARTESIAN_POINT('',(12.,99.875,75.715728752538));
#774 = VECTOR('',#775,1.);
#775 = DIRECTION('',(0.,1.,0.));
#776 = ORIENTED_EDGE('',*,*,#777,.T.);
#777 = EDGE_CURVE('',#770,#692,#778,.T.);
#778 = LINE('',#779,#780);
#779 = CARTESIAN_POINT('',(12.,132.5,82.786796564404));
#780 = VECTOR('',#781,1.);
#781 = DIRECTION('',(0.,0.,-1.));
#782 = ORIENTED_EDGE('',*,*,#691,.F.);
#783 = ORIENTED_EDGE('',*,*,#142,.F.);
#784 = ORIENTED_EDGE('',*,*,#785,.T.);
#785 = EDGE_CURVE('',#135,#786,#788,.T.);
#786 = VERTEX_POINT('',#787);
#787 = CARTESIAN_POINT('',(12.,141.5,75.715728752538));
#788 = LINE('',#789,#790);
#789 = CARTESIAN_POINT('',(12.,99.875,75.715728752538));
#790 = VECTOR('',#791,1.);
#791 = DIRECTION('',(0.,1.,0.));
#792 = ORIENTED_EDGE('',*,*,#793,.F.);
#793 = EDGE_CURVE('',#794,#786,#796,.T.);
#794 = VERTEX_POINT('',#795);
#795 = CARTESIAN_POINT('',(12.,141.5,82.786796564404));
#796 = LINE('',#797,#798);
#797 = CARTESIAN_POINT('',(12.,141.5,71.757359312881));
#798 = VECTOR('',#799,1.);
#799 = DIRECTION('',(0.,0.,-1.));
#800 = ORIENTED_EDGE('',*,*,#801,.F.);
#801 = EDGE_CURVE('',#802,#794,#804,.T.);
#802 = VERTEX_POINT('',#803);
#803 = CARTESIAN_POINT('',(12.,137.20911491369,82.786796564404));
#804 = LINE('',#805,#806);
#805 = CARTESIAN_POINT('',(12.,99.875,82.786796564404));
#806 = VECTOR('',#807,1.);
#807 = DIRECTION('',(0.,1.,0.));
#808 = ORIENTED_EDGE('',*,*,#809,.F.);
#809 = EDGE_CURVE('',#810,#802,#812,.T.);
#810 = VERTEX_POINT('',#811);
#811 = CARTESIAN_POINT('',(12.,131.7908850863,82.786796564404));
#812 = ELLIPSE('',#813,6.363961030679,4.5);
#813 = AXIS2_PLACEMENT_3D('',#814,#815,#816);
#814 = CARTESIAN_POINT('',(12.,134.5,87.868272016355));
#815 = DIRECTION('',(1.,0.,-0.));
#816 = DIRECTION('',(0.,0.,1.));
#817 = ORIENTED_EDGE('',*,*,#818,.F.);
#818 = EDGE_CURVE('',#819,#810,#821,.T.);
#819 = VERTEX_POINT('',#820);
#820 = CARTESIAN_POINT('',(12.,130.5,82.786796564404));
#821 = LINE('',#822,#823);
#822 = CARTESIAN_POINT('',(12.,99.875,82.786796564404));
#823 = VECTOR('',#824,1.);
#824 = DIRECTION('',(0.,1.,0.));
#825 = ORIENTED_EDGE('',*,*,#826,.F.);
#826 = EDGE_CURVE('',#768,#819,#827,.T.);
#827 = LINE('',#828,#829);
#828 = CARTESIAN_POINT('',(12.,130.5,67.868272016355));
#829 = VECTOR('',#830,1.);
#830 = DIRECTION('',(0.,0.,1.));
#831 = PLANE('',#832);
#832 = AXIS2_PLACEMENT_3D('',#833,#834,#835);
#833 = CARTESIAN_POINT('',(12.,136.21574569058,73.040635353957));
#834 = DIRECTION('',(1.,0.,0.));
#835 = DIRECTION('',(0.,0.,1.));
#836 = ADVANCED_FACE('',(#837),#848,.F.);
#837 = FACE_BOUND('',#838,.F.);
#838 = EDGE_LOOP('',(#839,#840,#841,#842));
#839 = ORIENTED_EDGE('',*,*,#205,.F.);
#840 = ORIENTED_EDGE('',*,*,#134,.T.);
#841 = ORIENTED_EDGE('',*,*,#785,.T.);
#842 = ORIENTED_EDGE('',*,*,#843,.T.);
#843 = EDGE_CURVE('',#786,#198,#844,.T.);
#844 = LINE('',#845,#846);
#845 = CARTESIAN_POINT('',(24.263455967291,141.5,87.979184719829));
#846 = VECTOR('',#847,1.);
#847 = DIRECTION('',(-0.707106781187,0.,-0.707106781187));
#848 = PLANE('',#849);
#849 = AXIS2_PLACEMENT_3D('',#850,#851,#852);
#850 = CARTESIAN_POINT('',(4.110912703474,114.75,67.826641456012));
#851 = DIRECTION('',(-0.707106781187,0.,0.707106781187));
#852 = DIRECTION('',(-0.707106781187,0.,-0.707106781187));
#853 = ADVANCED_FACE('',(#854),#872,.F.);
#854 = FACE_BOUND('',#855,.F.);
#855 = EDGE_LOOP('',(#856,#857,#865,#871));
#856 = ORIENTED_EDGE('',*,*,#173,.F.);
#857 = ORIENTED_EDGE('',*,*,#858,.T.);
#858 = EDGE_CURVE('',#174,#859,#861,.T.);
#859 = VERTEX_POINT('',#860);
#860 = CARTESIAN_POINT('',(12.,88.,75.715728752538));
#861 = LINE('',#862,#863);
#862 = CARTESIAN_POINT('',(-16.04163056034,88.,47.674098192195));
#863 = VECTOR('',#864,1.);
#864 = DIRECTION('',(0.707106781187,0.,0.707106781187));
#865 = ORIENTED_EDGE('',*,*,#866,.T.);
#866 = EDGE_CURVE('',#859,#642,#867,.T.);
#867 = LINE('',#868,#869);
#868 = CARTESIAN_POINT('',(12.,99.875,75.715728752538));
#869 = VECTOR('',#870,1.);
#870 = DIRECTION('',(0.,1.,0.));
#871 = ORIENTED_EDGE('',*,*,#649,.T.);
#872 = PLANE('',#873);
#873 = AXIS2_PLACEMENT_3D('',#874,#875,#876);
#874 = CARTESIAN_POINT('',(4.110912703474,114.75,67.826641456012));
#875 = DIRECTION('',(-0.707106781187,0.,0.707106781187));
#876 = DIRECTION('',(-0.707106781187,0.,-0.707106781187));
#877 = ADVANCED_FACE('',(#878),#896,.T.);
#878 = FACE_BOUND('',#879,.T.);
#879 = EDGE_LOOP('',(#880,#888,#889,#890));
#880 = ORIENTED_EDGE('',*,*,#881,.F.);
#881 = EDGE_CURVE('',#182,#882,#884,.T.);
#882 = VERTEX_POINT('',#883);
#883 = CARTESIAN_POINT('',(12.,88.,82.786796564404));
#884 = LINE('',#885,#886);
#885 = CARTESIAN_POINT('',(-19.57716446627,88.,51.209632098128));
#886 = VECTOR('',#887,1.);
#887 = DIRECTION('',(0.707106781187,0.,0.707106781187));
#888 = ORIENTED_EDGE('',*,*,#181,.F.);
#889 = ORIENTED_EDGE('',*,*,#858,.T.);
#890 = ORIENTED_EDGE('',*,*,#891,.T.);
#891 = EDGE_CURVE('',#859,#882,#892,.T.);
#892 = LINE('',#893,#894);
#893 = CARTESIAN_POINT('',(12.,88.,51.604816049064));
#894 = VECTOR('',#895,1.);
#895 = DIRECTION('',(0.,0.,1.));
#896 = PLANE('',#897);
#897 = AXIS2_PLACEMENT_3D('',#898,#899,#900);
#898 = CARTESIAN_POINT('',(-19.57716446627,88.,51.209632098128));
#899 = DIRECTION('',(0.,-1.,0.));
#900 = DIRECTION('',(0.707106781187,0.,0.707106781187));
#901 = ADVANCED_FACE('',(#902,#1018,#1029,#1040,#1051),#1062,.T.);
#902 = FACE_BOUND('',#903,.T.);
#903 = EDGE_LOOP('',(#904,#905,#906,#914,#923,#932,#940,#948,#956,#964,
    #972,#980,#988,#994,#995,#1004,#1011,#1012));
#904 = ORIENTED_EDGE('',*,*,#189,.F.);
#905 = ORIENTED_EDGE('',*,*,#881,.T.);
#906 = ORIENTED_EDGE('',*,*,#907,.T.);
#907 = EDGE_CURVE('',#882,#908,#910,.T.);
#908 = VERTEX_POINT('',#909);
#909 = CARTESIAN_POINT('',(12.,92.290885086304,82.786796564404));
#910 = LINE('',#911,#912);
#911 = CARTESIAN_POINT('',(12.,99.875,82.786796564404));
#912 = VECTOR('',#913,1.);
#913 = DIRECTION('',(0.,1.,0.));
#914 = ORIENTED_EDGE('',*,*,#915,.T.);
#915 = EDGE_CURVE('',#908,#916,#918,.T.);
#916 = VERTEX_POINT('',#917);
#917 = CARTESIAN_POINT('',(17.722718241315,95.,88.509514805719));
#918 = CIRCLE('',#919,4.5);
#919 = AXIS2_PLACEMENT_3D('',#920,#921,#922);
#920 = CARTESIAN_POINT('',(14.540737725976,95.,85.327534290379));
#921 = DIRECTION('',(-0.707106781187,0.,0.707106781187));
#922 = DIRECTION('',(0.707106781187,0.,0.707106781187));
#923 = ORIENTED_EDGE('',*,*,#924,.T.);
#924 = EDGE_CURVE('',#916,#925,#927,.T.);
#925 = VERTEX_POINT('',#926);
#926 = CARTESIAN_POINT('',(12.,97.709114913696,82.786796564404));
#927 = CIRCLE('',#928,4.5);
#928 = AXIS2_PLACEMENT_3D('',#929,#930,#931);
#929 = CARTESIAN_POINT('',(14.540737725976,95.,85.327534290379));
#930 = DIRECTION('',(-0.707106781187,0.,0.707106781187));
#931 = DIRECTION('',(0.707106781187,0.,0.707106781187));
#932 = ORIENTED_EDGE('',*,*,#933,.T.);
#933 = EDGE_CURVE('',#925,#934,#936,.T.);
#934 = VERTEX_POINT('',#935);
#935 = CARTESIAN_POINT('',(12.,99.,82.786796564404));
#936 = LINE('',#937,#938);
#937 = CARTESIAN_POINT('',(12.,99.875,82.786796564404));
#938 = VECTOR('',#939,1.);
#939 = DIRECTION('',(0.,1.,0.));
#940 = ORIENTED_EDGE('',*,*,#941,.F.);
#941 = EDGE_CURVE('',#942,#934,#944,.T.);
#942 = VERTEX_POINT('',#943);
#943 = CARTESIAN_POINT('',(-11.09188309203,99.,59.694913472367));
#944 = LINE('',#945,#946);
#945 = CARTESIAN_POINT('',(-5.258252147248,99.,65.528544417156));
#946 = VECTOR('',#947,1.);
#947 = DIRECTION('',(0.707106781187,0.,0.707106781187));
#948 = ORIENTED_EDGE('',*,*,#949,.F.);
#949 = EDGE_CURVE('',#950,#942,#952,.T.);
#950 = VERTEX_POINT('',#951);
#951 = CARTESIAN_POINT('',(-11.09188309203,110.5,59.694913472367));
#952 = LINE('',#953,#954);
#953 = CARTESIAN_POINT('',(-11.09188309203,122.625,59.694913472367));
#954 = VECTOR('',#955,1.);
#955 = DIRECTION('',(0.,-1.,0.));
#956 = ORIENTED_EDGE('',*,*,#957,.T.);
#957 = EDGE_CURVE('',#950,#958,#960,.T.);
#958 = VERTEX_POINT('',#959);
#959 = CARTESIAN_POINT('',(12.,110.5,82.786796564404));
#960 = LINE('',#961,#962);
#961 = CARTESIAN_POINT('',(-18.7867965644,110.5,52.));
#962 = VECTOR('',#963,1.);
#963 = DIRECTION('',(0.707106781187,0.,0.707106781187));
#964 = ORIENTED_EDGE('',*,*,#965,.T.);
#965 = EDGE_CURVE('',#958,#966,#968,.T.);
#966 = VERTEX_POINT('',#967);
#967 = CARTESIAN_POINT('',(12.,119.,82.786796564404));
#968 = LINE('',#969,#970);
#969 = CARTESIAN_POINT('',(12.,110.5,82.786796564404));
#970 = VECTOR('',#971,1.);
#971 = DIRECTION('',(0.,1.,0.));
#972 = ORIENTED_EDGE('',*,*,#973,.F.);
#973 = EDGE_CURVE('',#974,#966,#976,.T.);
#974 = VERTEX_POINT('',#975);
#975 = CARTESIAN_POINT('',(-11.09188309203,119.,59.694913472367));
#976 = LINE('',#977,#978);
#977 = CARTESIAN_POINT('',(-18.7867965644,119.,52.));
#978 = VECTOR('',#979,1.);
#979 = DIRECTION('',(0.707106781187,0.,0.707106781187));
#980 = ORIENTED_EDGE('',*,*,#981,.F.);
#981 = EDGE_CURVE('',#982,#974,#984,.T.);
#982 = VERTEX_POINT('',#983);
#983 = CARTESIAN_POINT('',(-11.09188309203,130.5,59.694913472367));
#984 = LINE('',#985,#986);
#985 = CARTESIAN_POINT('',(-11.09188309203,122.625,59.694913472367));
#986 = VECTOR('',#987,1.);
#987 = DIRECTION('',(0.,-1.,0.));
#988 = ORIENTED_EDGE('',*,*,#989,.F.);
#989 = EDGE_CURVE('',#819,#982,#990,.T.);
#990 = LINE('',#991,#992);
#991 = CARTESIAN_POINT('',(6.40900974233,130.5,77.195806306734));
#992 = VECTOR('',#993,1.);
#993 = DIRECTION('',(-0.707106781187,0.,-0.707106781187));
#994 = ORIENTED_EDGE('',*,*,#818,.T.);
#995 = ORIENTED_EDGE('',*,*,#996,.T.);
#996 = EDGE_CURVE('',#810,#997,#999,.T.);
#997 = VERTEX_POINT('',#998);
#998 = CARTESIAN_POINT('',(17.722718241315,134.5,88.509514805719));
#999 = CIRCLE('',#1000,4.5);
#1000 = AXIS2_PLACEMENT_3D('',#1001,#1002,#1003);
#1001 = CARTESIAN_POINT('',(14.540737725976,134.5,85.327534290379));
#1002 = DIRECTION('',(-0.707106781187,0.,0.707106781187));
#1003 = DIRECTION('',(0.707106781187,0.,0.707106781187));
#1004 = ORIENTED_EDGE('',*,*,#1005,.T.);
#1005 = EDGE_CURVE('',#997,#802,#1006,.T.);
#1006 = CIRCLE('',#1007,4.5);
#1007 = AXIS2_PLACEMENT_3D('',#1008,#1009,#1010);
#1008 = CARTESIAN_POINT('',(14.540737725976,134.5,85.327534290379));
#1009 = DIRECTION('',(-0.707106781187,0.,0.707106781187));
#1010 = DIRECTION('',(0.707106781187,0.,0.707106781187));
#1011 = ORIENTED_EDGE('',*,*,#801,.T.);
#1012 = ORIENTED_EDGE('',*,*,#1013,.T.);
#1013 = EDGE_CURVE('',#794,#190,#1014,.T.);
#1014 = LINE('',#1015,#1016);
#1015 = CARTESIAN_POINT('',(20.727922061358,141.5,91.514718625761));
#1016 = VECTOR('',#1017,1.);
#1017 = DIRECTION('',(-0.707106781187,0.,-0.707106781187));
#1018 = FACE_BOUND('',#1019,.T.);
#1019 = EDGE_LOOP('',(#1020));
#1020 = ORIENTED_EDGE('',*,*,#1021,.F.);
#1021 = EDGE_CURVE('',#1022,#1022,#1024,.T.);
#1022 = VERTEX_POINT('',#1023);
#1023 = CARTESIAN_POINT('',(-11.76363453416,95.,59.02316203024));
#1024 = CIRCLE('',#1025,2.3);
#1025 = AXIS2_PLACEMENT_3D('',#1026,#1027,#1028);
#1026 = CARTESIAN_POINT('',(-13.38998013089,95.,57.396816433511));
#1027 = DIRECTION('',(-0.707106781187,0.,0.707106781187));
#1028 = DIRECTION('',(0.707106781187,0.,0.707106781187));
#1029 = FACE_BOUND('',#1030,.T.);
#1030 = EDGE_LOOP('',(#1031));
#1031 = ORIENTED_EDGE('',*,*,#1032,.F.);
#1032 = EDGE_CURVE('',#1033,#1033,#1035,.T.);
#1033 = VERTEX_POINT('',#1034);
#1034 = CARTESIAN_POINT('',(16.167083322705,95.,86.953879887108));
#1035 = CIRCLE('',#1036,2.3);
#1036 = AXIS2_PLACEMENT_3D('',#1037,#1038,#1039);
#1037 = CARTESIAN_POINT('',(14.540737725976,95.,85.327534290379));
#1038 = DIRECTION('',(-0.707106781187,0.,0.707106781187));
#1039 = DIRECTION('',(0.707106781187,0.,0.707106781187));
#1040 = FACE_BOUND('',#1041,.T.);
#1041 = EDGE_LOOP('',(#1042));
#1042 = ORIENTED_EDGE('',*,*,#1043,.F.);
#1043 = EDGE_CURVE('',#1044,#1044,#1046,.T.);
#1044 = VERTEX_POINT('',#1045);
#1045 = CARTESIAN_POINT('',(-11.76363453416,134.5,59.02316203024));
#1046 = CIRCLE('',#1047,2.3);
#1047 = AXIS2_PLACEMENT_3D('',#1048,#1049,#1050);
#1048 = CARTESIAN_POINT('',(-13.38998013089,134.5,57.396816433511));
#1049 = DIRECTION('',(-0.707106781187,0.,0.707106781187));
#1050 = DIRECTION('',(0.707106781187,0.,0.707106781187));
#1051 = FACE_BOUND('',#1052,.T.);
#1052 = EDGE_LOOP('',(#1053));
#1053 = ORIENTED_EDGE('',*,*,#1054,.F.);
#1054 = EDGE_CURVE('',#1055,#1055,#1057,.T.);
#1055 = VERTEX_POINT('',#1056);
#1056 = CARTESIAN_POINT('',(16.167083322705,134.5,86.953879887108));
#1057 = CIRCLE('',#1058,2.3);
#1058 = AXIS2_PLACEMENT_3D('',#1059,#1060,#1061);
#1059 = CARTESIAN_POINT('',(14.540737725976,134.5,85.327534290379));
#1060 = DIRECTION('',(-0.707106781187,0.,0.707106781187));
#1061 = DIRECTION('',(0.707106781187,0.,0.707106781187));
#1062 = PLANE('',#1063);
#1063 = AXIS2_PLACEMENT_3D('',#1064,#1065,#1066);
#1064 = CARTESIAN_POINT('',(-1.662580843264,114.75,69.12421572114));
#1065 = DIRECTION('',(-0.707106781187,0.,0.707106781187));
#1066 = DIRECTION('',(0.707106781187,0.,0.707106781187));
#1067 = ADVANCED_FACE('',(#1068),#1074,.T.);
#1068 = FACE_BOUND('',#1069,.T.);
#1069 = EDGE_LOOP('',(#1070,#1071,#1072,#1073));
#1070 = ORIENTED_EDGE('',*,*,#1013,.F.);
#1071 = ORIENTED_EDGE('',*,*,#793,.T.);
#1072 = ORIENTED_EDGE('',*,*,#843,.T.);
#1073 = ORIENTED_EDGE('',*,*,#197,.F.);
#1074 = PLANE('',#1075);
#1075 = AXIS2_PLACEMENT_3D('',#1076,#1077,#1078);
#1076 = CARTESIAN_POINT('',(20.727922061358,141.5,91.514718625761));
#1077 = DIRECTION('',(0.,1.,0.));
#1078 = DIRECTION('',(-0.707106781187,0.,-0.707106781187));
#1079 = ADVANCED_FACE('',(#1080),#1091,.F.);
#1080 = FACE_BOUND('',#1081,.F.);
#1081 = EDGE_LOOP('',(#1082,#1088,#1089,#1090));
#1082 = ORIENTED_EDGE('',*,*,#1083,.F.);
#1083 = EDGE_CURVE('',#486,#223,#1084,.T.);
#1084 = LINE('',#1085,#1086);
#1085 = CARTESIAN_POINT('',(12.,138.74165738677,52.));
#1086 = VECTOR('',#1087,1.);
#1087 = DIRECTION('',(-0.,-0.,-1.));
#1088 = ORIENTED_EDGE('',*,*,#494,.F.);
#1089 = ORIENTED_EDGE('',*,*,#453,.F.);
#1090 = ORIENTED_EDGE('',*,*,#222,.F.);
#1091 = PLANE('',#1092);
#1092 = AXIS2_PLACEMENT_3D('',#1093,#1094,#1095);
#1093 = CARTESIAN_POINT('',(12.,132.5,82.786796564404));
#1094 = DIRECTION('',(-1.,0.,0.));
#1095 = DIRECTION('',(0.,0.,-1.));
#1096 = ADVANCED_FACE('',(#1097),#1108,.F.);
#1097 = FACE_BOUND('',#1098,.T.);
#1098 = EDGE_LOOP('',(#1099,#1100,#1101,#1102));
#1099 = ORIENTED_EDGE('',*,*,#230,.F.);
#1100 = ORIENTED_EDGE('',*,*,#1083,.F.);
#1101 = ORIENTED_EDGE('',*,*,#485,.T.);
#1102 = ORIENTED_EDGE('',*,*,#1103,.T.);
#1103 = EDGE_CURVE('',#478,#231,#1104,.T.);
#1104 = LINE('',#1105,#1106);
#1105 = CARTESIAN_POINT('',(10.758342613226,132.5,52.));
#1106 = VECTOR('',#1107,1.);
#1107 = DIRECTION('',(-0.,-0.,-1.));
#1108 = CYLINDRICAL_SURFACE('',#1109,4.5);
#1109 = AXIS2_PLACEMENT_3D('',#1110,#1111,#1112);
#1110 = CARTESIAN_POINT('',(14.5,135.,52.));
#1111 = DIRECTION('',(-0.,-0.,-1.));
#1112 = DIRECTION('',(1.,0.,0.));
#1113 = ADVANCED_FACE('',(#1114),#1120,.F.);
#1114 = FACE_BOUND('',#1115,.F.);
#1115 = EDGE_LOOP('',(#1116,#1117,#1118,#1119));
#1116 = ORIENTED_EDGE('',*,*,#1103,.T.);
#1117 = ORIENTED_EDGE('',*,*,#239,.T.);
#1118 = ORIENTED_EDGE('',*,*,#521,.T.);
#1119 = ORIENTED_EDGE('',*,*,#477,.F.);
#1120 = PLANE('',#1121);
#1121 = AXIS2_PLACEMENT_3D('',#1122,#1123,#1124);
#1122 = CARTESIAN_POINT('',(1.11522368915,132.5,62.88477631085));
#1123 = DIRECTION('',(0.,1.,0.));
#1124 = DIRECTION('',(0.,0.,1.));
#1125 = ADVANCED_FACE('',(#1126),#1137,.T.);
#1126 = FACE_BOUND('',#1127,.T.);
#1127 = EDGE_LOOP('',(#1128,#1134,#1135,#1136));
#1128 = ORIENTED_EDGE('',*,*,#1129,.T.);
#1129 = EDGE_CURVE('',#581,#265,#1130,.T.);
#1130 = LINE('',#1131,#1132);
#1131 = CARTESIAN_POINT('',(10.468871125851,97.,52.));
#1132 = VECTOR('',#1133,1.);
#1133 = DIRECTION('',(-0.,-0.,-1.));
#1134 = ORIENTED_EDGE('',*,*,#264,.T.);
#1135 = ORIENTED_EDGE('',*,*,#548,.T.);
#1136 = ORIENTED_EDGE('',*,*,#589,.F.);
#1137 = PLANE('',#1138);
#1138 = AXIS2_PLACEMENT_3D('',#1139,#1140,#1141);
#1139 = CARTESIAN_POINT('',(1.11522368915,97.,62.88477631085));
#1140 = DIRECTION('',(0.,1.,0.));
#1141 = DIRECTION('',(0.,0.,1.));
#1142 = ADVANCED_FACE('',(#1143),#1154,.F.);
#1143 = FACE_BOUND('',#1144,.T.);
#1144 = EDGE_LOOP('',(#1145,#1146,#1147,#1148));
#1145 = ORIENTED_EDGE('',*,*,#272,.F.);
#1146 = ORIENTED_EDGE('',*,*,#1129,.F.);
#1147 = ORIENTED_EDGE('',*,*,#580,.T.);
#1148 = ORIENTED_EDGE('',*,*,#1149,.T.);
#1149 = EDGE_CURVE('',#573,#273,#1150,.T.);
#1150 = LINE('',#1151,#1152);
#1151 = CARTESIAN_POINT('',(12.,91.258342613226,52.));
#1152 = VECTOR('',#1153,1.);
#1153 = DIRECTION('',(-0.,-0.,-1.));
#1154 = CYLINDRICAL_SURFACE('',#1155,4.5);
#1155 = AXIS2_PLACEMENT_3D('',#1156,#1157,#1158);
#1156 = CARTESIAN_POINT('',(14.5,95.,52.));
#1157 = DIRECTION('',(-0.,-0.,-1.));
#1158 = DIRECTION('',(1.,0.,0.));
#1159 = ADVANCED_FACE('',(#1160),#1166,.F.);
#1160 = FACE_BOUND('',#1161,.F.);
#1161 = EDGE_LOOP('',(#1162,#1163,#1164,#1165));
#1162 = ORIENTED_EDGE('',*,*,#572,.F.);
#1163 = ORIENTED_EDGE('',*,*,#1149,.T.);
#1164 = ORIENTED_EDGE('',*,*,#281,.F.);
#1165 = ORIENTED_EDGE('',*,*,#616,.T.);
#1166 = PLANE('',#1167);
#1167 = AXIS2_PLACEMENT_3D('',#1168,#1169,#1170);
#1168 = CARTESIAN_POINT('',(12.,89.,82.786796564404));
#1169 = DIRECTION('',(-1.,0.,0.));
#1170 = DIRECTION('',(0.,0.,-1.));
#1171 = ADVANCED_FACE('',(#1172),#1188,.F.);
#1172 = FACE_BOUND('',#1173,.F.);
#1173 = EDGE_LOOP('',(#1174,#1180,#1181,#1187));
#1174 = ORIENTED_EDGE('',*,*,#1175,.F.);
#1175 = EDGE_CURVE('',#299,#708,#1176,.T.);
#1176 = LINE('',#1177,#1178);
#1177 = CARTESIAN_POINT('',(0.,119.,57.442388155425));
#1178 = VECTOR('',#1179,1.);
#1179 = DIRECTION('',(0.,0.,1.));
#1180 = ORIENTED_EDGE('',*,*,#298,.T.);
#1181 = ORIENTED_EDGE('',*,*,#1182,.T.);
#1182 = EDGE_CURVE('',#301,#700,#1183,.T.);
#1183 = LINE('',#1184,#1185);
#1184 = CARTESIAN_POINT('',(0.,132.5,57.442388155425));
#1185 = VECTOR('',#1186,1.);
#1186 = DIRECTION('',(0.,0.,1.));
#1187 = ORIENTED_EDGE('',*,*,#707,.F.);
#1188 = PLANE('',#1189);
#1189 = AXIS2_PLACEMENT_3D('',#1190,#1191,#1192);
#1190 = CARTESIAN_POINT('',(0.,89.,52.));
#1191 = DIRECTION('',(1.,0.,0.));
#1192 = DIRECTION('',(0.,0.,1.));
#1193 = ADVANCED_FACE('',(#1194),#1222,.F.);
#1194 = FACE_BOUND('',#1195,.F.);
#1195 = EDGE_LOOP('',(#1196,#1197,#1198,#1206,#1214,#1220,#1221));
#1196 = ORIENTED_EDGE('',*,*,#1182,.F.);
#1197 = ORIENTED_EDGE('',*,*,#308,.T.);
#1198 = ORIENTED_EDGE('',*,*,#1199,.T.);
#1199 = EDGE_CURVE('',#309,#1200,#1202,.T.);
#1200 = VERTEX_POINT('',#1201);
#1201 = CARTESIAN_POINT('',(-4.175580537466,132.5,53.883293965579));
#1202 = LINE('',#1203,#1204);
#1203 = CARTESIAN_POINT('',(-2.027728175869,132.5,56.031146327177));
#1204 = VECTOR('',#1205,1.);
#1205 = DIRECTION('',(0.707106781187,0.,0.707106781187));
#1206 = ORIENTED_EDGE('',*,*,#1207,.T.);
#1207 = EDGE_CURVE('',#1200,#1208,#1210,.T.);
#1208 = VERTEX_POINT('',#1209);
#1209 = CARTESIAN_POINT('',(-7.004007662212,132.5,56.711721090326));
#1210 = LINE('',#1211,#1212);
#1211 = CARTESIAN_POINT('',(-4.175580537466,132.5,53.883293965579));
#1212 = VECTOR('',#1213,1.);
#1213 = DIRECTION('',(-0.707106781187,0.,0.707106781187));
#1214 = ORIENTED_EDGE('',*,*,#1215,.T.);
#1215 = EDGE_CURVE('',#1208,#770,#1216,.T.);
#1216 = LINE('',#1217,#1218);
#1217 = CARTESIAN_POINT('',(2.126524163602,132.5,65.842252916141));
#1218 = VECTOR('',#1219,1.);
#1219 = DIRECTION('',(0.707106781187,0.,0.707106781187));
#1220 = ORIENTED_EDGE('',*,*,#777,.T.);
#1221 = ORIENTED_EDGE('',*,*,#699,.T.);
#1222 = PLANE('',#1223);
#1223 = AXIS2_PLACEMENT_3D('',#1224,#1225,#1226);
#1224 = CARTESIAN_POINT('',(1.11522368915,132.5,62.88477631085));
#1225 = DIRECTION('',(0.,1.,0.));
#1226 = DIRECTION('',(0.,0.,1.));
#1227 = ADVANCED_FACE('',(#1228),#1239,.F.);
#1228 = FACE_BOUND('',#1229,.F.);
#1229 = EDGE_LOOP('',(#1230,#1231,#1238));
#1230 = ORIENTED_EDGE('',*,*,#316,.T.);
#1231 = ORIENTED_EDGE('',*,*,#1232,.T.);
#1232 = EDGE_CURVE('',#317,#1200,#1233,.T.);
#1233 = CIRCLE('',#1234,4.5);
#1234 = AXIS2_PLACEMENT_3D('',#1235,#1236,#1237);
#1235 = CARTESIAN_POINT('',(-7.026019100214,134.5,51.032855402832));
#1236 = DIRECTION('',(-0.707106781187,0.,0.707106781187));
#1237 = DIRECTION('',(0.707106781187,0.,0.707106781187));
#1238 = ORIENTED_EDGE('',*,*,#1199,.F.);
#1239 = PLANE('',#1240);
#1240 = AXIS2_PLACEMENT_3D('',#1241,#1242,#1243);
#1241 = CARTESIAN_POINT('',(-7.026019100214,134.5,51.032855402832));
#1242 = DIRECTION('',(-0.707106781187,0.,0.707106781187));
#1243 = DIRECTION('',(0.707106781187,0.,0.707106781187));
#1244 = ADVANCED_FACE('',(#1245),#1257,.T.);
#1245 = FACE_BOUND('',#1246,.T.);
#1246 = EDGE_LOOP('',(#1247,#1248,#1249,#1250));
#1247 = ORIENTED_EDGE('',*,*,#324,.T.);
#1248 = ORIENTED_EDGE('',*,*,#1232,.T.);
#1249 = ORIENTED_EDGE('',*,*,#1207,.T.);
#1250 = ORIENTED_EDGE('',*,*,#1251,.F.);
#1251 = EDGE_CURVE('',#325,#1208,#1252,.T.);
#1252 = CIRCLE('',#1253,4.5);
#1253 = AXIS2_PLACEMENT_3D('',#1254,#1255,#1256);
#1254 = CARTESIAN_POINT('',(-9.85444622496,134.5,53.861282527578));
#1255 = DIRECTION('',(-0.707106781187,0.,0.707106781187));
#1256 = DIRECTION('',(0.707106781187,0.,0.707106781187));
#1257 = CYLINDRICAL_SURFACE('',#1258,4.5);
#1258 = AXIS2_PLACEMENT_3D('',#1259,#1260,#1261);
#1259 = CARTESIAN_POINT('',(-7.026019100214,134.5,51.032855402832));
#1260 = DIRECTION('',(-0.707106781187,0.,0.707106781187));
#1261 = DIRECTION('',(0.707106781187,0.,0.707106781187));
#1262 = ADVANCED_FACE('',(#1263),#1291,.F.);
#1263 = FACE_BOUND('',#1264,.F.);
#1264 = EDGE_LOOP('',(#1265,#1266,#1274,#1282,#1288,#1289,#1290));
#1265 = ORIENTED_EDGE('',*,*,#333,.F.);
#1266 = ORIENTED_EDGE('',*,*,#1267,.T.);
#1267 = EDGE_CURVE('',#334,#1268,#1270,.T.);
#1268 = VERTEX_POINT('',#1269);
#1269 = CARTESIAN_POINT('',(-7.556349186104,119.,56.159379566434));
#1270 = LINE('',#1271,#1272);
#1271 = CARTESIAN_POINT('',(2.126524163602,119.,65.842252916141));
#1272 = VECTOR('',#1273,1.);
#1273 = DIRECTION('',(0.707106781187,0.,0.707106781187));
#1274 = ORIENTED_EDGE('',*,*,#1275,.F.);
#1275 = EDGE_CURVE('',#1276,#1268,#1278,.T.);
#1276 = VERTEX_POINT('',#1277);
#1277 = CARTESIAN_POINT('',(-7.556349186104,130.5,56.159379566434));
#1278 = LINE('',#1279,#1280);
#1279 = CARTESIAN_POINT('',(-7.556349186104,122.625,56.159379566434));
#1280 = VECTOR('',#1281,1.);
#1281 = DIRECTION('',(0.,-1.,0.));
#1282 = ORIENTED_EDGE('',*,*,#1283,.F.);
#1283 = EDGE_CURVE('',#768,#1276,#1284,.T.);
#1284 = LINE('',#1285,#1286);
#1285 = CARTESIAN_POINT('',(9.944543648263,130.5,73.660272400801));
#1286 = VECTOR('',#1287,1.);
#1287 = DIRECTION('',(-0.707106781187,0.,-0.707106781187));
#1288 = ORIENTED_EDGE('',*,*,#767,.T.);
#1289 = ORIENTED_EDGE('',*,*,#1215,.F.);
#1290 = ORIENTED_EDGE('',*,*,#1251,.F.);
#1291 = PLANE('',#1292);
#1292 = AXIS2_PLACEMENT_3D('',#1293,#1294,#1295);
#1293 = CARTESIAN_POINT('',(4.110912703474,114.75,67.826641456012));
#1294 = DIRECTION('',(-0.707106781187,0.,0.707106781187));
#1295 = DIRECTION('',(-0.707106781187,0.,-0.707106781187));
#1296 = ADVANCED_FACE('',(#1297),#1316,.T.);
#1297 = FACE_BOUND('',#1298,.T.);
#1298 = EDGE_LOOP('',(#1299,#1300,#1301,#1302,#1308,#1309,#1315));
#1299 = ORIENTED_EDGE('',*,*,#1175,.F.);
#1300 = ORIENTED_EDGE('',*,*,#341,.T.);
#1301 = ORIENTED_EDGE('',*,*,#1267,.T.);
#1302 = ORIENTED_EDGE('',*,*,#1303,.T.);
#1303 = EDGE_CURVE('',#1268,#974,#1304,.T.);
#1304 = LINE('',#1305,#1306);
#1305 = CARTESIAN_POINT('',(-9.191125496954,119.,57.794155877284));
#1306 = VECTOR('',#1307,1.);
#1307 = DIRECTION('',(-0.707106781187,0.,0.707106781187));
#1308 = ORIENTED_EDGE('',*,*,#973,.T.);
#1309 = ORIENTED_EDGE('',*,*,#1310,.T.);
#1310 = EDGE_CURVE('',#966,#716,#1311,.T.);
#1311 = LINE('',#1312,#1313);
#1312 = CARTESIAN_POINT('',(12.,119.,82.786796564404));
#1313 = VECTOR('',#1314,1.);
#1314 = DIRECTION('',(0.,0.,-1.));
#1315 = ORIENTED_EDGE('',*,*,#715,.T.);
#1316 = PLANE('',#1317);
#1317 = AXIS2_PLACEMENT_3D('',#1318,#1319,#1320);
#1318 = CARTESIAN_POINT('',(1.11522368915,119.,62.88477631085));
#1319 = DIRECTION('',(0.,1.,0.));
#1320 = DIRECTION('',(0.,0.,1.));
#1321 = ADVANCED_FACE('',(#1322),#1338,.F.);
#1322 = FACE_BOUND('',#1323,.F.);
#1323 = EDGE_LOOP('',(#1324,#1330,#1331,#1337));
#1324 = ORIENTED_EDGE('',*,*,#1325,.F.);
#1325 = EDGE_CURVE('',#350,#665,#1326,.T.);
#1326 = LINE('',#1327,#1328);
#1327 = CARTESIAN_POINT('',(0.,97.,57.442388155425));
#1328 = VECTOR('',#1329,1.);
#1329 = DIRECTION('',(0.,0.,1.));
#1330 = ORIENTED_EDGE('',*,*,#349,.T.);
#1331 = ORIENTED_EDGE('',*,*,#1332,.T.);
#1332 = EDGE_CURVE('',#352,#667,#1333,.T.);
#1333 = LINE('',#1334,#1335);
#1334 = CARTESIAN_POINT('',(0.,110.5,57.442388155425));
#1335 = VECTOR('',#1336,1.);
#1336 = DIRECTION('',(0.,0.,1.));
#1337 = ORIENTED_EDGE('',*,*,#664,.F.);
#1338 = PLANE('',#1339);
#1339 = AXIS2_PLACEMENT_3D('',#1340,#1341,#1342);
#1340 = CARTESIAN_POINT('',(0.,89.,52.));
#1341 = DIRECTION('',(1.,0.,0.));
#1342 = DIRECTION('',(0.,0.,1.));
#1343 = ADVANCED_FACE('',(#1344),#1370,.F.);
#1344 = FACE_BOUND('',#1345,.F.);
#1345 = EDGE_LOOP('',(#1346,#1347,#1348,#1356,#1362,#1363,#1369));
#1346 = ORIENTED_EDGE('',*,*,#1332,.F.);
#1347 = ORIENTED_EDGE('',*,*,#359,.T.);
#1348 = ORIENTED_EDGE('',*,*,#1349,.T.);
#1349 = EDGE_CURVE('',#360,#1350,#1352,.T.);
#1350 = VERTEX_POINT('',#1351);
#1351 = CARTESIAN_POINT('',(-7.556349186104,110.5,56.159379566434));
#1352 = LINE('',#1353,#1354);
#1353 = CARTESIAN_POINT('',(2.126524163602,110.5,65.842252916141));
#1354 = VECTOR('',#1355,1.);
#1355 = DIRECTION('',(0.707106781187,0.,0.707106781187));
#1356 = ORIENTED_EDGE('',*,*,#1357,.T.);
#1357 = EDGE_CURVE('',#1350,#950,#1358,.T.);
#1358 = LINE('',#1359,#1360);
#1359 = CARTESIAN_POINT('',(-9.191125496954,110.5,57.794155877284));
#1360 = VECTOR('',#1361,1.);
#1361 = DIRECTION('',(-0.707106781187,0.,0.707106781187));
#1362 = ORIENTED_EDGE('',*,*,#957,.T.);
#1363 = ORIENTED_EDGE('',*,*,#1364,.T.);
#1364 = EDGE_CURVE('',#958,#724,#1365,.T.);
#1365 = LINE('',#1366,#1367);
#1366 = CARTESIAN_POINT('',(12.,110.5,82.786796564404));
#1367 = VECTOR('',#1368,1.);
#1368 = DIRECTION('',(0.,0.,-1.));
#1369 = ORIENTED_EDGE('',*,*,#731,.T.);
#1370 = PLANE('',#1371);
#1371 = AXIS2_PLACEMENT_3D('',#1372,#1373,#1374);
#1372 = CARTESIAN_POINT('',(1.11522368915,110.5,62.88477631085));
#1373 = DIRECTION('',(0.,1.,0.));
#1374 = DIRECTION('',(0.,0.,1.));
#1375 = ADVANCED_FACE('',(#1376),#1419,.F.);
#1376 = FACE_BOUND('',#1377,.F.);
#1377 = EDGE_LOOP('',(#1378,#1379,#1388,#1396,#1404,#1412,#1418));
#1378 = ORIENTED_EDGE('',*,*,#367,.F.);
#1379 = ORIENTED_EDGE('',*,*,#1380,.F.);
#1380 = EDGE_CURVE('',#1381,#368,#1383,.T.);
#1381 = VERTEX_POINT('',#1382);
#1382 = CARTESIAN_POINT('',(-7.004007662213,97.,56.711721090325));
#1383 = CIRCLE('',#1384,4.5);
#1384 = AXIS2_PLACEMENT_3D('',#1385,#1386,#1387);
#1385 = CARTESIAN_POINT('',(-9.85444622496,95.,53.861282527578));
#1386 = DIRECTION('',(-0.707106781187,0.,0.707106781187));
#1387 = DIRECTION('',(0.707106781187,0.,0.707106781187));
#1388 = ORIENTED_EDGE('',*,*,#1389,.T.);
#1389 = EDGE_CURVE('',#1381,#1390,#1392,.T.);
#1390 = VERTEX_POINT('',#1391);
#1391 = CARTESIAN_POINT('',(12.,97.,75.715728752538));
#1392 = LINE('',#1393,#1394);
#1393 = CARTESIAN_POINT('',(2.126524163602,97.,65.842252916141));
#1394 = VECTOR('',#1395,1.);
#1395 = DIRECTION('',(0.707106781187,0.,0.707106781187));
#1396 = ORIENTED_EDGE('',*,*,#1397,.T.);
#1397 = EDGE_CURVE('',#1390,#1398,#1400,.T.);
#1398 = VERTEX_POINT('',#1399);
#1399 = CARTESIAN_POINT('',(12.,99.,75.715728752538));
#1400 = LINE('',#1401,#1402);
#1401 = CARTESIAN_POINT('',(12.,99.875,75.715728752538));
#1402 = VECTOR('',#1403,1.);
#1403 = DIRECTION('',(0.,1.,0.));
#1404 = ORIENTED_EDGE('',*,*,#1405,.F.);
#1405 = EDGE_CURVE('',#1406,#1398,#1408,.T.);
#1406 = VERTEX_POINT('',#1407);
#1407 = CARTESIAN_POINT('',(-7.556349186104,99.,56.159379566434));
#1408 = LINE('',#1409,#1410);
#1409 = CARTESIAN_POINT('',(-1.722718241315,99.,61.993010511223));
#1410 = VECTOR('',#1411,1.);
#1411 = DIRECTION('',(0.707106781187,0.,0.707106781187));
#1412 = ORIENTED_EDGE('',*,*,#1413,.F.);
#1413 = EDGE_CURVE('',#1350,#1406,#1414,.T.);
#1414 = LINE('',#1415,#1416);
#1415 = CARTESIAN_POINT('',(-7.556349186104,122.625,56.159379566434));
#1416 = VECTOR('',#1417,1.);
#1417 = DIRECTION('',(0.,-1.,0.));
#1418 = ORIENTED_EDGE('',*,*,#1349,.F.);
#1419 = PLANE('',#1420);
#1420 = AXIS2_PLACEMENT_3D('',#1421,#1422,#1423);
#1421 = CARTESIAN_POINT('',(4.110912703474,114.75,67.826641456012));
#1422 = DIRECTION('',(-0.707106781187,0.,0.707106781187));
#1423 = DIRECTION('',(-0.707106781187,0.,-0.707106781187));
#1424 = ADVANCED_FACE('',(#1425),#1444,.T.);
#1425 = FACE_BOUND('',#1426,.T.);
#1426 = EDGE_LOOP('',(#1427,#1435,#1442,#1443));
#1427 = ORIENTED_EDGE('',*,*,#1428,.F.);
#1428 = EDGE_CURVE('',#1429,#1381,#1431,.T.);
#1429 = VERTEX_POINT('',#1430);
#1430 = CARTESIAN_POINT('',(-4.175580537466,97.,53.883293965579));
#1431 = LINE('',#1432,#1433);
#1432 = CARTESIAN_POINT('',(-4.175580537466,97.,53.883293965579));
#1433 = VECTOR('',#1434,1.);
#1434 = DIRECTION('',(-0.707106781187,0.,0.707106781187));
#1435 = ORIENTED_EDGE('',*,*,#1436,.T.);
#1436 = EDGE_CURVE('',#1429,#376,#1437,.T.);
#1437 = CIRCLE('',#1438,4.5);
#1438 = AXIS2_PLACEMENT_3D('',#1439,#1440,#1441);
#1439 = CARTESIAN_POINT('',(-7.026019100214,95.,51.032855402832));
#1440 = DIRECTION('',(-0.707106781187,0.,0.707106781187));
#1441 = DIRECTION('',(0.707106781187,0.,0.707106781187));
#1442 = ORIENTED_EDGE('',*,*,#375,.T.);
#1443 = ORIENTED_EDGE('',*,*,#1380,.F.);
#1444 = CYLINDRICAL_SURFACE('',#1445,4.5);
#1445 = AXIS2_PLACEMENT_3D('',#1446,#1447,#1448);
#1446 = CARTESIAN_POINT('',(-7.026019100214,95.,51.032855402832));
#1447 = DIRECTION('',(-0.707106781187,0.,0.707106781187));
#1448 = DIRECTION('',(0.707106781187,0.,0.707106781187));
#1449 = ADVANCED_FACE('',(#1450),#1460,.F.);
#1450 = FACE_BOUND('',#1451,.F.);
#1451 = EDGE_LOOP('',(#1452,#1458,#1459));
#1452 = ORIENTED_EDGE('',*,*,#1453,.T.);
#1453 = EDGE_CURVE('',#385,#1429,#1454,.T.);
#1454 = LINE('',#1455,#1456);
#1455 = CARTESIAN_POINT('',(-2.027728175869,97.,56.031146327177));
#1456 = VECTOR('',#1457,1.);
#1457 = DIRECTION('',(0.707106781187,0.,0.707106781187));
#1458 = ORIENTED_EDGE('',*,*,#1436,.T.);
#1459 = ORIENTED_EDGE('',*,*,#384,.T.);
#1460 = PLANE('',#1461);
#1461 = AXIS2_PLACEMENT_3D('',#1462,#1463,#1464);
#1462 = CARTESIAN_POINT('',(-7.026019100214,95.,51.032855402832));
#1463 = DIRECTION('',(-0.707106781187,0.,0.707106781187));
#1464 = DIRECTION('',(0.707106781187,0.,0.707106781187));
#1465 = ADVANCED_FACE('',(#1466),#1480,.T.);
#1466 = FACE_BOUND('',#1467,.T.);
#1467 = EDGE_LOOP('',(#1468,#1469,#1470,#1471,#1472,#1473,#1479));
#1468 = ORIENTED_EDGE('',*,*,#1325,.F.);
#1469 = ORIENTED_EDGE('',*,*,#392,.T.);
#1470 = ORIENTED_EDGE('',*,*,#1453,.T.);
#1471 = ORIENTED_EDGE('',*,*,#1428,.T.);
#1472 = ORIENTED_EDGE('',*,*,#1389,.T.);
#1473 = ORIENTED_EDGE('',*,*,#1474,.T.);
#1474 = EDGE_CURVE('',#1390,#675,#1475,.T.);
#1475 = LINE('',#1476,#1477);
#1476 = CARTESIAN_POINT('',(12.,97.,82.786796564404));
#1477 = VECTOR('',#1478,1.);
#1478 = DIRECTION('',(0.,0.,-1.));
#1479 = ORIENTED_EDGE('',*,*,#674,.T.);
#1480 = PLANE('',#1481);
#1481 = AXIS2_PLACEMENT_3D('',#1482,#1483,#1484);
#1482 = CARTESIAN_POINT('',(1.11522368915,97.,62.88477631085));
#1483 = DIRECTION('',(0.,1.,0.));
#1484 = DIRECTION('',(0.,0.,1.));
#1485 = ADVANCED_FACE('',(#1486),#1522,.F.);
#1486 = FACE_BOUND('',#1487,.F.);
#1487 = EDGE_LOOP('',(#1488,#1496,#1505,#1514,#1520,#1521));
#1488 = ORIENTED_EDGE('',*,*,#1489,.T.);
#1489 = EDGE_CURVE('',#412,#1490,#1492,.T.);
#1490 = VERTEX_POINT('',#1491);
#1491 = CARTESIAN_POINT('',(7.920784389126,119.,54.9));
#1492 = LINE('',#1493,#1494);
#1493 = CARTESIAN_POINT('',(7.920784389126,119.,51.95));
#1494 = VECTOR('',#1495,1.);
#1495 = DIRECTION('',(0.,0.,1.));
#1496 = ORIENTED_EDGE('',*,*,#1497,.F.);
#1497 = EDGE_CURVE('',#1498,#1490,#1500,.T.);
#1498 = VERTEX_POINT('',#1499);
#1499 = CARTESIAN_POINT('',(16.2,120.,54.9));
#1500 = CIRCLE('',#1501,4.2);
#1501 = AXIS2_PLACEMENT_3D('',#1502,#1503,#1504);
#1502 = CARTESIAN_POINT('',(12.,120.,54.9));
#1503 = DIRECTION('',(0.,0.,1.));
#1504 = DIRECTION('',(1.,0.,0.));
#1505 = ORIENTED_EDGE('',*,*,#1506,.F.);
#1506 = EDGE_CURVE('',#1507,#1498,#1509,.T.);
#1507 = VERTEX_POINT('',#1508);
#1508 = CARTESIAN_POINT('',(12.,115.8,54.9));
#1509 = CIRCLE('',#1510,4.2);
#1510 = AXIS2_PLACEMENT_3D('',#1511,#1512,#1513);
#1511 = CARTESIAN_POINT('',(12.,120.,54.9));
#1512 = DIRECTION('',(0.,0.,1.));
#1513 = DIRECTION('',(1.,0.,0.));
#1514 = ORIENTED_EDGE('',*,*,#1515,.F.);
#1515 = EDGE_CURVE('',#401,#1507,#1516,.T.);
#1516 = LINE('',#1517,#1518);
#1517 = CARTESIAN_POINT('',(12.,115.8,51.95));
#1518 = VECTOR('',#1519,1.);
#1519 = DIRECTION('',(0.,0.,1.));
#1520 = ORIENTED_EDGE('',*,*,#400,.T.);
#1521 = ORIENTED_EDGE('',*,*,#411,.T.);
#1522 = CYLINDRICAL_SURFACE('',#1523,4.2);
#1523 = AXIS2_PLACEMENT_3D('',#1524,#1525,#1526);
#1524 = CARTESIAN_POINT('',(12.,120.,51.95));
#1525 = DIRECTION('',(0.,0.,1.));
#1526 = DIRECTION('',(1.,0.,0.));
#1527 = ADVANCED_FACE('',(#1528),#1546,.T.);
#1528 = FACE_BOUND('',#1529,.T.);
#1529 = EDGE_LOOP('',(#1530,#1531,#1532,#1540));
#1530 = ORIENTED_EDGE('',*,*,#420,.T.);
#1531 = ORIENTED_EDGE('',*,*,#1489,.T.);
#1532 = ORIENTED_EDGE('',*,*,#1533,.F.);
#1533 = EDGE_CURVE('',#1534,#1490,#1536,.T.);
#1534 = VERTEX_POINT('',#1535);
#1535 = CARTESIAN_POINT('',(12.,119.,54.9));
#1536 = LINE('',#1537,#1538);
#1537 = CARTESIAN_POINT('',(6.557611844575,119.,54.9));
#1538 = VECTOR('',#1539,1.);
#1539 = DIRECTION('',(-1.,0.,0.));
#1540 = ORIENTED_EDGE('',*,*,#1541,.T.);
#1541 = EDGE_CURVE('',#1534,#421,#1542,.T.);
#1542 = LINE('',#1543,#1544);
#1543 = CARTESIAN_POINT('',(12.,119.,82.786796564404));
#1544 = VECTOR('',#1545,1.);
#1545 = DIRECTION('',(0.,0.,-1.));
#1546 = PLANE('',#1547);
#1547 = AXIS2_PLACEMENT_3D('',#1548,#1549,#1550);
#1548 = CARTESIAN_POINT('',(1.11522368915,119.,62.88477631085));
#1549 = DIRECTION('',(0.,1.,0.));
#1550 = DIRECTION('',(0.,0.,1.));
#1551 = ADVANCED_FACE('',(#1552),#1563,.F.);
#1552 = FACE_BOUND('',#1553,.F.);
#1553 = EDGE_LOOP('',(#1554,#1560,#1561,#1562));
#1554 = ORIENTED_EDGE('',*,*,#1555,.F.);
#1555 = EDGE_CURVE('',#1534,#1507,#1556,.T.);
#1556 = LINE('',#1557,#1558);
#1557 = CARTESIAN_POINT('',(12.,115.25,54.9));
#1558 = VECTOR('',#1559,1.);
#1559 = DIRECTION('',(0.,-1.,0.));
#1560 = ORIENTED_EDGE('',*,*,#1541,.T.);
#1561 = ORIENTED_EDGE('',*,*,#428,.F.);
#1562 = ORIENTED_EDGE('',*,*,#1515,.T.);
#1563 = PLANE('',#1564);
#1564 = AXIS2_PLACEMENT_3D('',#1565,#1566,#1567);
#1565 = CARTESIAN_POINT('',(12.,110.5,82.786796564404));
#1566 = DIRECTION('',(-1.,0.,0.));
#1567 = DIRECTION('',(0.,0.,-1.));
#1568 = ADVANCED_FACE('',(#1569),#1580,.F.);
#1569 = FACE_BOUND('',#1570,.F.);
#1570 = EDGE_LOOP('',(#1571,#1572,#1578,#1579));
#1571 = ORIENTED_EDGE('',*,*,#750,.F.);
#1572 = ORIENTED_EDGE('',*,*,#1573,.F.);
#1573 = EDGE_CURVE('',#504,#751,#1574,.T.);
#1574 = LINE('',#1575,#1576);
#1575 = CARTESIAN_POINT('',(16.3,135.,57.9));
#1576 = VECTOR('',#1577,1.);
#1577 = DIRECTION('',(0.,0.,1.));
#1578 = ORIENTED_EDGE('',*,*,#503,.T.);
#1579 = ORIENTED_EDGE('',*,*,#1573,.T.);
#1580 = CYLINDRICAL_SURFACE('',#1581,1.8);
#1581 = AXIS2_PLACEMENT_3D('',#1582,#1583,#1584);
#1582 = CARTESIAN_POINT('',(14.5,135.,57.9));
#1583 = DIRECTION('',(0.,0.,1.));
#1584 = DIRECTION('',(1.,0.,0.));
#1585 = ADVANCED_FACE('',(#1586),#1597,.F.);
#1586 = FACE_BOUND('',#1587,.F.);
#1587 = EDGE_LOOP('',(#1588,#1589,#1595,#1596));
#1588 = ORIENTED_EDGE('',*,*,#739,.F.);
#1589 = ORIENTED_EDGE('',*,*,#1590,.F.);
#1590 = EDGE_CURVE('',#599,#740,#1591,.T.);
#1591 = LINE('',#1592,#1593);
#1592 = CARTESIAN_POINT('',(16.3,95.,57.9));
#1593 = VECTOR('',#1594,1.);
#1594 = DIRECTION('',(0.,0.,1.));
#1595 = ORIENTED_EDGE('',*,*,#598,.T.);
#1596 = ORIENTED_EDGE('',*,*,#1590,.T.);
#1597 = CYLINDRICAL_SURFACE('',#1598,1.8);
#1598 = AXIS2_PLACEMENT_3D('',#1599,#1600,#1601);
#1599 = CARTESIAN_POINT('',(14.5,95.,57.9));
#1600 = DIRECTION('',(0.,0.,1.));
#1601 = DIRECTION('',(1.,0.,0.));
#1602 = ADVANCED_FACE('',(#1603),#1626,.T.);
#1603 = FACE_BOUND('',#1604,.T.);
#1604 = EDGE_LOOP('',(#1605,#1606,#1607,#1608,#1609,#1610,#1616,#1617,
    #1624,#1625));
#1605 = ORIENTED_EDGE('',*,*,#866,.T.);
#1606 = ORIENTED_EDGE('',*,*,#641,.T.);
#1607 = ORIENTED_EDGE('',*,*,#682,.F.);
#1608 = ORIENTED_EDGE('',*,*,#1474,.F.);
#1609 = ORIENTED_EDGE('',*,*,#1397,.T.);
#1610 = ORIENTED_EDGE('',*,*,#1611,.F.);
#1611 = EDGE_CURVE('',#934,#1398,#1612,.T.);
#1612 = LINE('',#1613,#1614);
#1613 = CARTESIAN_POINT('',(12.,99.,56.201010126777));
#1614 = VECTOR('',#1615,1.);
#1615 = DIRECTION('',(0.,0.,-1.));
#1616 = ORIENTED_EDGE('',*,*,#933,.F.);
#1617 = ORIENTED_EDGE('',*,*,#1618,.F.);
#1618 = EDGE_CURVE('',#908,#925,#1619,.T.);
#1619 = ELLIPSE('',#1620,6.363961030679,4.5);
#1620 = AXIS2_PLACEMENT_3D('',#1621,#1622,#1623);
#1621 = CARTESIAN_POINT('',(12.,95.,87.868272016355));
#1622 = DIRECTION('',(1.,0.,-0.));
#1623 = DIRECTION('',(0.,0.,1.));
#1624 = ORIENTED_EDGE('',*,*,#907,.F.);
#1625 = ORIENTED_EDGE('',*,*,#891,.F.);
#1626 = PLANE('',#1627);
#1627 = AXIS2_PLACEMENT_3D('',#1628,#1629,#1630);
#1628 = CARTESIAN_POINT('',(12.,93.284254309415,73.040635353957));
#1629 = DIRECTION('',(1.,0.,0.));
#1630 = DIRECTION('',(0.,0.,1.));
#1631 = ADVANCED_FACE('',(#1632),#1638,.F.);
#1632 = FACE_BOUND('',#1633,.F.);
#1633 = EDGE_LOOP('',(#1634,#1635,#1636,#1637));
#1634 = ORIENTED_EDGE('',*,*,#1364,.F.);
#1635 = ORIENTED_EDGE('',*,*,#965,.T.);
#1636 = ORIENTED_EDGE('',*,*,#1310,.T.);
#1637 = ORIENTED_EDGE('',*,*,#723,.T.);
#1638 = PLANE('',#1639);
#1639 = AXIS2_PLACEMENT_3D('',#1640,#1641,#1642);
#1640 = CARTESIAN_POINT('',(12.,110.5,82.786796564404));
#1641 = DIRECTION('',(-1.,0.,0.));
#1642 = DIRECTION('',(0.,0.,-1.));
#1643 = ADVANCED_FACE('',(#1644),#1655,.F.);
#1644 = FACE_BOUND('',#1645,.F.);
#1645 = EDGE_LOOP('',(#1646,#1652,#1653,#1654));
#1646 = ORIENTED_EDGE('',*,*,#1647,.F.);
#1647 = EDGE_CURVE('',#982,#1276,#1648,.T.);
#1648 = LINE('',#1649,#1650);
#1649 = CARTESIAN_POINT('',(-11.79898987322,130.5,60.402020253553));
#1650 = VECTOR('',#1651,1.);
#1651 = DIRECTION('',(0.707106781187,0.,-0.707106781187));
#1652 = ORIENTED_EDGE('',*,*,#989,.F.);
#1653 = ORIENTED_EDGE('',*,*,#826,.F.);
#1654 = ORIENTED_EDGE('',*,*,#1283,.T.);
#1655 = PLANE('',#1656);
#1656 = AXIS2_PLACEMENT_3D('',#1657,#1658,#1659);
#1657 = CARTESIAN_POINT('',(11.535533905933,130.5,83.736544032709));
#1658 = DIRECTION('',(0.,1.,0.));
#1659 = DIRECTION('',(-0.707106781187,0.,-0.707106781187));
#1660 = ADVANCED_FACE('',(#1661),#1682,.T.);
#1661 = FACE_BOUND('',#1662,.T.);
#1662 = EDGE_LOOP('',(#1663,#1671,#1672,#1673,#1674,#1675));
#1663 = ORIENTED_EDGE('',*,*,#1664,.T.);
#1664 = EDGE_CURVE('',#1665,#997,#1667,.T.);
#1665 = VERTEX_POINT('',#1666);
#1666 = CARTESIAN_POINT('',(24.086679271994,134.5,82.14555377504));
#1667 = LINE('',#1668,#1669);
#1668 = CARTESIAN_POINT('',(24.086679271994,134.5,82.14555377504));
#1669 = VECTOR('',#1670,1.);
#1670 = DIRECTION('',(-0.707106781187,0.,0.707106781187));
#1671 = ORIENTED_EDGE('',*,*,#996,.F.);
#1672 = ORIENTED_EDGE('',*,*,#809,.T.);
#1673 = ORIENTED_EDGE('',*,*,#1005,.F.);
#1674 = ORIENTED_EDGE('',*,*,#1664,.F.);
#1675 = ORIENTED_EDGE('',*,*,#1676,.T.);
#1676 = EDGE_CURVE('',#1665,#1665,#1677,.T.);
#1677 = CIRCLE('',#1678,4.5);
#1678 = AXIS2_PLACEMENT_3D('',#1679,#1680,#1681);
#1679 = CARTESIAN_POINT('',(20.904698756654,134.5,78.9635732597));
#1680 = DIRECTION('',(-0.707106781187,0.,0.707106781187));
#1681 = DIRECTION('',(0.707106781187,0.,0.707106781187));
#1682 = CYLINDRICAL_SURFACE('',#1683,4.5);
#1683 = AXIS2_PLACEMENT_3D('',#1684,#1685,#1686);
#1684 = CARTESIAN_POINT('',(20.904698756654,134.5,78.9635732597));
#1685 = DIRECTION('',(-0.707106781187,0.,0.707106781187));
#1686 = DIRECTION('',(0.707106781187,0.,0.707106781187));
#1687 = ADVANCED_FACE('',(#1688),#1709,.T.);
#1688 = FACE_BOUND('',#1689,.T.);
#1689 = EDGE_LOOP('',(#1690,#1698,#1699,#1700,#1701,#1702));
#1690 = ORIENTED_EDGE('',*,*,#1691,.T.);
#1691 = EDGE_CURVE('',#1692,#916,#1694,.T.);
#1692 = VERTEX_POINT('',#1693);
#1693 = CARTESIAN_POINT('',(24.086679271994,95.,82.14555377504));
#1694 = LINE('',#1695,#1696);
#1695 = CARTESIAN_POINT('',(24.086679271994,95.,82.14555377504));
#1696 = VECTOR('',#1697,1.);
#1697 = DIRECTION('',(-0.707106781187,0.,0.707106781187));
#1698 = ORIENTED_EDGE('',*,*,#915,.F.);
#1699 = ORIENTED_EDGE('',*,*,#1618,.T.);
#1700 = ORIENTED_EDGE('',*,*,#924,.F.);
#1701 = ORIENTED_EDGE('',*,*,#1691,.F.);
#1702 = ORIENTED_EDGE('',*,*,#1703,.T.);
#1703 = EDGE_CURVE('',#1692,#1692,#1704,.T.);
#1704 = CIRCLE('',#1705,4.5);
#1705 = AXIS2_PLACEMENT_3D('',#1706,#1707,#1708);
#1706 = CARTESIAN_POINT('',(20.904698756654,95.,78.9635732597));
#1707 = DIRECTION('',(-0.707106781187,0.,0.707106781187));
#1708 = DIRECTION('',(0.707106781187,0.,0.707106781187));
#1709 = CYLINDRICAL_SURFACE('',#1710,4.5);
#1710 = AXIS2_PLACEMENT_3D('',#1711,#1712,#1713);
#1711 = CARTESIAN_POINT('',(20.904698756654,95.,78.9635732597));
#1712 = DIRECTION('',(-0.707106781187,0.,0.707106781187));
#1713 = DIRECTION('',(0.707106781187,0.,0.707106781187));
#1714 = ADVANCED_FACE('',(#1715),#1726,.F.);
#1715 = FACE_BOUND('',#1716,.F.);
#1716 = EDGE_LOOP('',(#1717,#1718,#1724,#1725));
#1717 = ORIENTED_EDGE('',*,*,#941,.F.);
#1718 = ORIENTED_EDGE('',*,*,#1719,.T.);
#1719 = EDGE_CURVE('',#942,#1406,#1720,.T.);
#1720 = LINE('',#1721,#1722);
#1721 = CARTESIAN_POINT('',(-11.79898987322,99.,60.402020253553));
#1722 = VECTOR('',#1723,1.);
#1723 = DIRECTION('',(0.707106781187,0.,-0.707106781187));
#1724 = ORIENTED_EDGE('',*,*,#1405,.T.);
#1725 = ORIENTED_EDGE('',*,*,#1611,.F.);
#1726 = PLANE('',#1727);
#1727 = AXIS2_PLACEMENT_3D('',#1728,#1729,#1730);
#1728 = CARTESIAN_POINT('',(-11.79898987322,99.,60.402020253553));
#1729 = DIRECTION('',(0.,-1.,0.));
#1730 = DIRECTION('',(0.707106781187,0.,0.707106781187));
#1731 = ADVANCED_FACE('',(#1732),#1738,.F.);
#1732 = FACE_BOUND('',#1733,.F.);
#1733 = EDGE_LOOP('',(#1734,#1735,#1736,#1737));
#1734 = ORIENTED_EDGE('',*,*,#949,.F.);
#1735 = ORIENTED_EDGE('',*,*,#1357,.F.);
#1736 = ORIENTED_EDGE('',*,*,#1413,.T.);
#1737 = ORIENTED_EDGE('',*,*,#1719,.F.);
#1738 = PLANE('',#1739);
#1739 = AXIS2_PLACEMENT_3D('',#1740,#1741,#1742);
#1740 = CARTESIAN_POINT('',(-11.79898987322,130.5,60.402020253553));
#1741 = DIRECTION('',(-0.707106781187,-0.,-0.707106781187));
#1742 = DIRECTION('',(0.,-1.,0.));
#1743 = ADVANCED_FACE('',(#1744),#1750,.F.);
#1744 = FACE_BOUND('',#1745,.F.);
#1745 = EDGE_LOOP('',(#1746,#1747,#1748,#1749));
#1746 = ORIENTED_EDGE('',*,*,#981,.F.);
#1747 = ORIENTED_EDGE('',*,*,#1647,.T.);
#1748 = ORIENTED_EDGE('',*,*,#1275,.T.);
#1749 = ORIENTED_EDGE('',*,*,#1303,.T.);
#1750 = PLANE('',#1751);
#1751 = AXIS2_PLACEMENT_3D('',#1752,#1753,#1754);
#1752 = CARTESIAN_POINT('',(-11.79898987322,130.5,60.402020253553));
#1753 = DIRECTION('',(-0.707106781187,-0.,-0.707106781187));
#1754 = DIRECTION('',(0.,-1.,0.));
#1755 = ADVANCED_FACE('',(#1756),#1775,.F.);
#1756 = FACE_BOUND('',#1757,.F.);
#1757 = EDGE_LOOP('',(#1758,#1759,#1767,#1774));
#1758 = ORIENTED_EDGE('',*,*,#1021,.F.);
#1759 = ORIENTED_EDGE('',*,*,#1760,.F.);
#1760 = EDGE_CURVE('',#1761,#1022,#1763,.T.);
#1761 = VERTEX_POINT('',#1762);
#1762 = CARTESIAN_POINT('',(-6.106780284672,95.,53.366307780747));
#1763 = LINE('',#1764,#1765);
#1764 = CARTESIAN_POINT('',(-6.106780284672,95.,53.366307780747));
#1765 = VECTOR('',#1766,1.);
#1766 = DIRECTION('',(-0.707106781187,0.,0.707106781187));
#1767 = ORIENTED_EDGE('',*,*,#1768,.T.);
#1768 = EDGE_CURVE('',#1761,#1761,#1769,.T.);
#1769 = CIRCLE('',#1770,2.3);
#1770 = AXIS2_PLACEMENT_3D('',#1771,#1772,#1773);
#1771 = CARTESIAN_POINT('',(-7.733125881401,95.,51.739962184018));
#1772 = DIRECTION('',(-0.707106781187,0.,0.707106781187));
#1773 = DIRECTION('',(0.707106781187,0.,0.707106781187));
#1774 = ORIENTED_EDGE('',*,*,#1760,.T.);
#1775 = CYLINDRICAL_SURFACE('',#1776,2.3);
#1776 = AXIS2_PLACEMENT_3D('',#1777,#1778,#1779);
#1777 = CARTESIAN_POINT('',(-7.733125881401,95.,51.739962184018));
#1778 = DIRECTION('',(-0.707106781187,0.,0.707106781187));
#1779 = DIRECTION('',(0.707106781187,0.,0.707106781187));
#1780 = ADVANCED_FACE('',(#1781),#1800,.F.);
#1781 = FACE_BOUND('',#1782,.F.);
#1782 = EDGE_LOOP('',(#1783,#1784,#1792,#1799));
#1783 = ORIENTED_EDGE('',*,*,#1032,.F.);
#1784 = ORIENTED_EDGE('',*,*,#1785,.F.);
#1785 = EDGE_CURVE('',#1786,#1033,#1788,.T.);
#1786 = VERTEX_POINT('',#1787);
#1787 = CARTESIAN_POINT('',(21.823937572197,95.,81.297025637616));
#1788 = LINE('',#1789,#1790);
#1789 = CARTESIAN_POINT('',(21.823937572197,95.,81.297025637616));
#1790 = VECTOR('',#1791,1.);
#1791 = DIRECTION('',(-0.707106781187,0.,0.707106781187));
#1792 = ORIENTED_EDGE('',*,*,#1793,.T.);
#1793 = EDGE_CURVE('',#1786,#1786,#1794,.T.);
#1794 = CIRCLE('',#1795,2.3);
#1795 = AXIS2_PLACEMENT_3D('',#1796,#1797,#1798);
#1796 = CARTESIAN_POINT('',(20.197591975468,95.,79.670680040887));
#1797 = DIRECTION('',(-0.707106781187,0.,0.707106781187));
#1798 = DIRECTION('',(0.707106781187,0.,0.707106781187));
#1799 = ORIENTED_EDGE('',*,*,#1785,.T.);
#1800 = CYLINDRICAL_SURFACE('',#1801,2.3);
#1801 = AXIS2_PLACEMENT_3D('',#1802,#1803,#1804);
#1802 = CARTESIAN_POINT('',(20.197591975468,95.,79.670680040887));
#1803 = DIRECTION('',(-0.707106781187,0.,0.707106781187));
#1804 = DIRECTION('',(0.707106781187,0.,0.707106781187));
#1805 = ADVANCED_FACE('',(#1806),#1825,.F.);
#1806 = FACE_BOUND('',#1807,.F.);
#1807 = EDGE_LOOP('',(#1808,#1809,#1817,#1824));
#1808 = ORIENTED_EDGE('',*,*,#1043,.F.);
#1809 = ORIENTED_EDGE('',*,*,#1810,.F.);
#1810 = EDGE_CURVE('',#1811,#1044,#1813,.T.);
#1811 = VERTEX_POINT('',#1812);
#1812 = CARTESIAN_POINT('',(-6.106780284672,134.5,53.366307780747));
#1813 = LINE('',#1814,#1815);
#1814 = CARTESIAN_POINT('',(-6.106780284672,134.5,53.366307780747));
#1815 = VECTOR('',#1816,1.);
#1816 = DIRECTION('',(-0.707106781187,0.,0.707106781187));
#1817 = ORIENTED_EDGE('',*,*,#1818,.T.);
#1818 = EDGE_CURVE('',#1811,#1811,#1819,.T.);
#1819 = CIRCLE('',#1820,2.3);
#1820 = AXIS2_PLACEMENT_3D('',#1821,#1822,#1823);
#1821 = CARTESIAN_POINT('',(-7.733125881401,134.5,51.739962184018));
#1822 = DIRECTION('',(-0.707106781187,0.,0.707106781187));
#1823 = DIRECTION('',(0.707106781187,0.,0.707106781187));
#1824 = ORIENTED_EDGE('',*,*,#1810,.T.);
#1825 = CYLINDRICAL_SURFACE('',#1826,2.3);
#1826 = AXIS2_PLACEMENT_3D('',#1827,#1828,#1829);
#1827 = CARTESIAN_POINT('',(-7.733125881401,134.5,51.739962184018));
#1828 = DIRECTION('',(-0.707106781187,0.,0.707106781187));
#1829 = DIRECTION('',(0.707106781187,0.,0.707106781187));
#1830 = ADVANCED_FACE('',(#1831),#1850,.F.);
#1831 = FACE_BOUND('',#1832,.F.);
#1832 = EDGE_LOOP('',(#1833,#1834,#1842,#1849));
#1833 = ORIENTED_EDGE('',*,*,#1054,.F.);
#1834 = ORIENTED_EDGE('',*,*,#1835,.F.);
#1835 = EDGE_CURVE('',#1836,#1055,#1838,.T.);
#1836 = VERTEX_POINT('',#1837);
#1837 = CARTESIAN_POINT('',(21.823937572197,134.5,81.297025637616));
#1838 = LINE('',#1839,#1840);
#1839 = CARTESIAN_POINT('',(21.823937572197,134.5,81.297025637616));
#1840 = VECTOR('',#1841,1.);
#1841 = DIRECTION('',(-0.707106781187,0.,0.707106781187));
#1842 = ORIENTED_EDGE('',*,*,#1843,.T.);
#1843 = EDGE_CURVE('',#1836,#1836,#1844,.T.);
#1844 = CIRCLE('',#1845,2.3);
#1845 = AXIS2_PLACEMENT_3D('',#1846,#1847,#1848);
#1846 = CARTESIAN_POINT('',(20.197591975468,134.5,79.670680040887));
#1847 = DIRECTION('',(-0.707106781187,0.,0.707106781187));
#1848 = DIRECTION('',(0.707106781187,0.,0.707106781187));
#1849 = ORIENTED_EDGE('',*,*,#1835,.T.);
#1850 = CYLINDRICAL_SURFACE('',#1851,2.3);
#1851 = AXIS2_PLACEMENT_3D('',#1852,#1853,#1854);
#1852 = CARTESIAN_POINT('',(20.197591975468,134.5,79.670680040887));
#1853 = DIRECTION('',(-0.707106781187,0.,0.707106781187));
#1854 = DIRECTION('',(0.707106781187,0.,0.707106781187));
#1855 = ADVANCED_FACE('',(#1856),#1862,.F.);
#1856 = FACE_BOUND('',#1857,.F.);
#1857 = EDGE_LOOP('',(#1858,#1859,#1860,#1861));
#1858 = ORIENTED_EDGE('',*,*,#1506,.T.);
#1859 = ORIENTED_EDGE('',*,*,#1497,.T.);
#1860 = ORIENTED_EDGE('',*,*,#1533,.F.);
#1861 = ORIENTED_EDGE('',*,*,#1555,.T.);
#1862 = PLANE('',#1863);
#1863 = AXIS2_PLACEMENT_3D('',#1864,#1865,#1866);
#1864 = CARTESIAN_POINT('',(12.,120.,54.9));
#1865 = DIRECTION('',(0.,0.,1.));
#1866 = DIRECTION('',(1.,0.,0.));
#1867 = ADVANCED_FACE('',(#1868),#1871,.F.);
#1868 = FACE_BOUND('',#1869,.T.);
#1869 = EDGE_LOOP('',(#1870));
#1870 = ORIENTED_EDGE('',*,*,#1676,.F.);
#1871 = PLANE('',#1872);
#1872 = AXIS2_PLACEMENT_3D('',#1873,#1874,#1875);
#1873 = CARTESIAN_POINT('',(20.904698756654,134.5,78.9635732597));
#1874 = DIRECTION('',(-0.707106781187,0.,0.707106781187));
#1875 = DIRECTION('',(0.707106781187,0.,0.707106781187));
#1876 = ADVANCED_FACE('',(#1877),#1880,.F.);
#1877 = FACE_BOUND('',#1878,.T.);
#1878 = EDGE_LOOP('',(#1879));
#1879 = ORIENTED_EDGE('',*,*,#1703,.F.);
#1880 = PLANE('',#1881);
#1881 = AXIS2_PLACEMENT_3D('',#1882,#1883,#1884);
#1882 = CARTESIAN_POINT('',(20.904698756654,95.,78.9635732597));
#1883 = DIRECTION('',(-0.707106781187,0.,0.707106781187));
#1884 = DIRECTION('',(0.707106781187,0.,0.707106781187));
#1885 = ADVANCED_FACE('',(#1886),#1889,.T.);
#1886 = FACE_BOUND('',#1887,.F.);
#1887 = EDGE_LOOP('',(#1888));
#1888 = ORIENTED_EDGE('',*,*,#1768,.F.);
#1889 = PLANE('',#1890);
#1890 = AXIS2_PLACEMENT_3D('',#1891,#1892,#1893);
#1891 = CARTESIAN_POINT('',(-7.733125881401,95.,51.739962184018));
#1892 = DIRECTION('',(-0.707106781187,0.,0.707106781187));
#1893 = DIRECTION('',(0.707106781187,0.,0.707106781187));
#1894 = ADVANCED_FACE('',(#1895),#1898,.T.);
#1895 = FACE_BOUND('',#1896,.F.);
#1896 = EDGE_LOOP('',(#1897));
#1897 = ORIENTED_EDGE('',*,*,#1793,.F.);
#1898 = PLANE('',#1899);
#1899 = AXIS2_PLACEMENT_3D('',#1900,#1901,#1902);
#1900 = CARTESIAN_POINT('',(20.197591975468,95.,79.670680040887));
#1901 = DIRECTION('',(-0.707106781187,0.,0.707106781187));
#1902 = DIRECTION('',(0.707106781187,0.,0.707106781187));
#1903 = ADVANCED_FACE('',(#1904),#1907,.T.);
#1904 = FACE_BOUND('',#1905,.F.);
#1905 = EDGE_LOOP('',(#1906));
#1906 = ORIENTED_EDGE('',*,*,#1818,.F.);
#1907 = PLANE('',#1908);
#1908 = AXIS2_PLACEMENT_3D('',#1909,#1910,#1911);
#1909 = CARTESIAN_POINT('',(-7.733125881401,134.5,51.739962184018));
#1910 = DIRECTION('',(-0.707106781187,0.,0.707106781187));
#1911 = DIRECTION('',(0.707106781187,0.,0.707106781187));
#1912 = ADVANCED_FACE('',(#1913),#1916,.T.);
#1913 = FACE_BOUND('',#1914,.F.);
#1914 = EDGE_LOOP('',(#1915));
#1915 = ORIENTED_EDGE('',*,*,#1843,.F.);
#1916 = PLANE('',#1917);
#1917 = AXIS2_PLACEMENT_3D('',#1918,#1919,#1920);
#1918 = CARTESIAN_POINT('',(20.197591975468,134.5,79.670680040887));
#1919 = DIRECTION('',(-0.707106781187,0.,0.707106781187));
#1920 = DIRECTION('',(0.707106781187,0.,0.707106781187));
#1921 = MANIFOLD_SOLID_BREP('',#1922);
#1922 = CLOSED_SHELL('',(#1923,#2027,#2066,#2344,#2369,#2422,#2439,#2464
    ,#2517,#2534,#2566,#2669,#2742,#2759,#2783,#2807,#2973,#2985,#3002,
    #3019,#3031,#3048,#3065,#3077,#3099,#3133,#3150,#3168,#3202,#3227,
    #3249,#3281,#3330,#3355,#3371,#3391,#3433,#3457,#3474,#3491,#3508,
    #3537,#3549,#3566,#3593,#3620,#3637,#3649,#3661,#3686,#3711,#3736,
    #3761,#3773,#3782,#3791,#3800,#3809,#3818));
#1923 = ADVANCED_FACE('',(#1924),#2022,.T.);
#1924 = FACE_BOUND('',#1925,.F.);
#1925 = EDGE_LOOP('',(#1926,#1936,#1944,#1952,#1960,#1968,#1976,#1984,
    #1992,#2000,#2008,#2016));
#1926 = ORIENTED_EDGE('',*,*,#1927,.T.);
#1927 = EDGE_CURVE('',#1928,#1930,#1932,.T.);
#1928 = VERTEX_POINT('',#1929);
#1929 = CARTESIAN_POINT('',(60.,140.5,52.));
#1930 = VERTEX_POINT('',#1931);
#1931 = CARTESIAN_POINT('',(60.,140.5,62.));
#1932 = LINE('',#1933,#1934);
#1933 = CARTESIAN_POINT('',(60.,140.5,52.));
#1934 = VECTOR('',#1935,1.);
#1935 = DIRECTION('',(0.,0.,1.));
#1936 = ORIENTED_EDGE('',*,*,#1937,.F.);
#1937 = EDGE_CURVE('',#1938,#1930,#1940,.T.);
#1938 = VERTEX_POINT('',#1939);
#1939 = CARTESIAN_POINT('',(60.,89.,62.));
#1940 = LINE('',#1941,#1942);
#1941 = CARTESIAN_POINT('',(60.,89.,62.));
#1942 = VECTOR('',#1943,1.);
#1943 = DIRECTION('',(0.,1.,0.));
#1944 = ORIENTED_EDGE('',*,*,#1945,.F.);
#1945 = EDGE_CURVE('',#1946,#1938,#1948,.T.);
#1946 = VERTEX_POINT('',#1947);
#1947 = CARTESIAN_POINT('',(60.,89.,52.));
#1948 = LINE('',#1949,#1950);
#1949 = CARTESIAN_POINT('',(60.,89.,52.));
#1950 = VECTOR('',#1951,1.);
#1951 = DIRECTION('',(0.,0.,1.));
#1952 = ORIENTED_EDGE('',*,*,#1953,.T.);
#1953 = EDGE_CURVE('',#1946,#1954,#1956,.T.);
#1954 = VERTEX_POINT('',#1955);
#1955 = CARTESIAN_POINT('',(60.,93.060928057033,52.));
#1956 = LINE('',#1957,#1958);
#1957 = CARTESIAN_POINT('',(60.,89.,52.));
#1958 = VECTOR('',#1959,1.);
#1959 = DIRECTION('',(0.,1.,0.));
#1960 = ORIENTED_EDGE('',*,*,#1961,.T.);
#1961 = EDGE_CURVE('',#1954,#1962,#1964,.T.);
#1962 = VERTEX_POINT('',#1963);
#1963 = CARTESIAN_POINT('',(60.,93.060928057033,58.));
#1964 = LINE('',#1965,#1966);
#1965 = CARTESIAN_POINT('',(60.,93.060928057033,51.95));
#1966 = VECTOR('',#1967,1.);
#1967 = DIRECTION('',(0.,0.,1.));
#1968 = ORIENTED_EDGE('',*,*,#1969,.F.);
#1969 = EDGE_CURVE('',#1970,#1962,#1972,.T.);
#1970 = VERTEX_POINT('',#1971);
#1971 = CARTESIAN_POINT('',(60.,96.939071942967,58.));
#1972 = LINE('',#1973,#1974);
#1973 = CARTESIAN_POINT('',(60.,92.,58.));
#1974 = VECTOR('',#1975,1.);
#1975 = DIRECTION('',(-0.,-1.,-0.));
#1976 = ORIENTED_EDGE('',*,*,#1977,.F.);
#1977 = EDGE_CURVE('',#1978,#1970,#1980,.T.);
#1978 = VERTEX_POINT('',#1979);
#1979 = CARTESIAN_POINT('',(60.,96.939071942967,52.));
#1980 = LINE('',#1981,#1982);
#1981 = CARTESIAN_POINT('',(60.,96.939071942967,51.95));
#1982 = VECTOR('',#1983,1.);
#1983 = DIRECTION('',(0.,0.,1.));
#1984 = ORIENTED_EDGE('',*,*,#1985,.T.);
#1985 = EDGE_CURVE('',#1978,#1986,#1988,.T.);
#1986 = VERTEX_POINT('',#1987);
#1987 = CARTESIAN_POINT('',(60.,133.06092805703,52.));
#1988 = LINE('',#1989,#1990);
#1989 = CARTESIAN_POINT('',(60.,89.,52.));
#1990 = VECTOR('',#1991,1.);
#1991 = DIRECTION('',(0.,1.,0.));
#1992 = ORIENTED_EDGE('',*,*,#1993,.T.);
#1993 = EDGE_CURVE('',#1986,#1994,#1996,.T.);
#1994 = VERTEX_POINT('',#1995);
#1995 = CARTESIAN_POINT('',(60.,133.06092805703,58.));
#1996 = LINE('',#1997,#1998);
#1997 = CARTESIAN_POINT('',(60.,133.06092805703,51.95));
#1998 = VECTOR('',#1999,1.);
#1999 = DIRECTION('',(0.,0.,1.));
#2000 = ORIENTED_EDGE('',*,*,#2001,.F.);
#2001 = EDGE_CURVE('',#2002,#1994,#2004,.T.);
#2002 = VERTEX_POINT('',#2003);
#2003 = CARTESIAN_POINT('',(60.,136.93907194296,58.));
#2004 = LINE('',#2005,#2006);
#2005 = CARTESIAN_POINT('',(60.,112.,58.));
#2006 = VECTOR('',#2007,1.);
#2007 = DIRECTION('',(-0.,-1.,-0.));
#2008 = ORIENTED_EDGE('',*,*,#2009,.F.);
#2009 = EDGE_CURVE('',#2010,#2002,#2012,.T.);
#2010 = VERTEX_POINT('',#2011);
#2011 = CARTESIAN_POINT('',(60.,136.93907194296,52.));
#2012 = LINE('',#2013,#2014);
#2013 = CARTESIAN_POINT('',(60.,136.93907194296,51.95));
#2014 = VECTOR('',#2015,1.);
#2015 = DIRECTION('',(0.,0.,1.));
#2016 = ORIENTED_EDGE('',*,*,#2017,.T.);
#2017 = EDGE_CURVE('',#2010,#1928,#2018,.T.);
#2018 = LINE('',#2019,#2020);
#2019 = CARTESIAN_POINT('',(60.,89.,52.));
#2020 = VECTOR('',#2021,1.);
#2021 = DIRECTION('',(0.,1.,0.));
#2022 = PLANE('',#2023);
#2023 = AXIS2_PLACEMENT_3D('',#2024,#2025,#2026);
#2024 = CARTESIAN_POINT('',(60.,89.,52.));
#2025 = DIRECTION('',(-1.,-0.,-0.));
#2026 = DIRECTION('',(0.,0.,-1.));
#2027 = ADVANCED_FACE('',(#2028),#2061,.T.);
#2028 = FACE_BOUND('',#2029,.F.);
#2029 = EDGE_LOOP('',(#2030,#2031,#2039,#2047,#2055));
#2030 = ORIENTED_EDGE('',*,*,#1927,.F.);
#2031 = ORIENTED_EDGE('',*,*,#2032,.T.);
#2032 = EDGE_CURVE('',#1928,#2033,#2035,.T.);
#2033 = VERTEX_POINT('',#2034);
#2034 = CARTESIAN_POINT('',(90.715728752538,140.5,52.));
#2035 = LINE('',#2036,#2037);
#2036 = CARTESIAN_POINT('',(67.,140.5,52.));
#2037 = VECTOR('',#2038,1.);
#2038 = DIRECTION('',(1.,0.,0.));
#2039 = ORIENTED_EDGE('',*,*,#2040,.T.);
#2040 = EDGE_CURVE('',#2033,#2041,#2043,.T.);
#2041 = VERTEX_POINT('',#2042);
#2042 = CARTESIAN_POINT('',(67.,140.5,75.715728752538));
#2043 = LINE('',#2044,#2045);
#2044 = CARTESIAN_POINT('',(76.476792689716,140.5,66.238936062822));
#2045 = VECTOR('',#2046,1.);
#2046 = DIRECTION('',(-0.707106781187,0.,0.707106781187));
#2047 = ORIENTED_EDGE('',*,*,#2048,.T.);
#2048 = EDGE_CURVE('',#2041,#2049,#2051,.T.);
#2049 = VERTEX_POINT('',#2050);
#2050 = CARTESIAN_POINT('',(67.,140.5,62.));
#2051 = LINE('',#2052,#2053);
#2052 = CARTESIAN_POINT('',(67.,140.5,82.786796564404));
#2053 = VECTOR('',#2054,1.);
#2054 = DIRECTION('',(-0.,-0.,-1.));
#2055 = ORIENTED_EDGE('',*,*,#2056,.T.);
#2056 = EDGE_CURVE('',#2049,#1930,#2057,.T.);
#2057 = LINE('',#2058,#2059);
#2058 = CARTESIAN_POINT('',(79.,140.5,62.));
#2059 = VECTOR('',#2060,1.);
#2060 = DIRECTION('',(-1.,-0.,-0.));
#2061 = PLANE('',#2062);
#2062 = AXIS2_PLACEMENT_3D('',#2063,#2064,#2065);
#2063 = CARTESIAN_POINT('',(75.606372143531,140.5,62.193104730256));
#2064 = DIRECTION('',(0.,1.,0.));
#2065 = DIRECTION('',(0.,0.,-1.));
#2066 = ADVANCED_FACE('',(#2067,#2201,#2252,#2303),#2339,.T.);
#2067 = FACE_BOUND('',#2068,.F.);
#2068 = EDGE_LOOP('',(#2069,#2070,#2078,#2086,#2094,#2102,#2110,#2116,
    #2117,#2118,#2127,#2135,#2144,#2152,#2159,#2160,#2169,#2177,#2186,
    #2194));
#2069 = ORIENTED_EDGE('',*,*,#1953,.F.);
#2070 = ORIENTED_EDGE('',*,*,#2071,.T.);
#2071 = EDGE_CURVE('',#1946,#2072,#2074,.T.);
#2072 = VERTEX_POINT('',#2073);
#2073 = CARTESIAN_POINT('',(90.715728752538,89.,52.));
#2074 = LINE('',#2075,#2076);
#2075 = CARTESIAN_POINT('',(67.,89.,52.));
#2076 = VECTOR('',#2077,1.);
#2077 = DIRECTION('',(1.,0.,0.));
#2078 = ORIENTED_EDGE('',*,*,#2079,.F.);
#2079 = EDGE_CURVE('',#2080,#2072,#2082,.T.);
#2080 = VERTEX_POINT('',#2081);
#2081 = CARTESIAN_POINT('',(90.715728752538,88.,52.));
#2082 = LINE('',#2083,#2084);
#2083 = CARTESIAN_POINT('',(90.715728752538,99.875,52.));
#2084 = VECTOR('',#2085,1.);
#2085 = DIRECTION('',(0.,1.,0.));
#2086 = ORIENTED_EDGE('',*,*,#2087,.T.);
#2087 = EDGE_CURVE('',#2080,#2088,#2090,.T.);
#2088 = VERTEX_POINT('',#2089);
#2089 = CARTESIAN_POINT('',(97.786796564404,88.,52.));
#2090 = LINE('',#2091,#2092);
#2091 = CARTESIAN_POINT('',(118.78858223313,88.,52.));
#2092 = VECTOR('',#2093,1.);
#2093 = DIRECTION('',(1.,0.,0.));
#2094 = ORIENTED_EDGE('',*,*,#2095,.T.);
#2095 = EDGE_CURVE('',#2088,#2096,#2098,.T.);
#2096 = VERTEX_POINT('',#2097);
#2097 = CARTESIAN_POINT('',(97.786796564404,141.5,52.));
#2098 = LINE('',#2099,#2100);
#2099 = CARTESIAN_POINT('',(97.786796564404,99.875,52.));
#2100 = VECTOR('',#2101,1.);
#2101 = DIRECTION('',(0.,1.,0.));
#2102 = ORIENTED_EDGE('',*,*,#2103,.T.);
#2103 = EDGE_CURVE('',#2096,#2104,#2106,.T.);
#2104 = VERTEX_POINT('',#2105);
#2105 = CARTESIAN_POINT('',(90.715728752538,141.5,52.));
#2106 = LINE('',#2107,#2108);
#2107 = CARTESIAN_POINT('',(98.636038969321,141.5,52.));
#2108 = VECTOR('',#2109,1.);
#2109 = DIRECTION('',(-1.,-0.,-0.));
#2110 = ORIENTED_EDGE('',*,*,#2111,.F.);
#2111 = EDGE_CURVE('',#2033,#2104,#2112,.T.);
#2112 = LINE('',#2113,#2114);
#2113 = CARTESIAN_POINT('',(90.715728752538,99.875,52.));
#2114 = VECTOR('',#2115,1.);
#2115 = DIRECTION('',(0.,1.,0.));
#2116 = ORIENTED_EDGE('',*,*,#2032,.F.);
#2117 = ORIENTED_EDGE('',*,*,#2017,.F.);
#2118 = ORIENTED_EDGE('',*,*,#2119,.T.);
#2119 = EDGE_CURVE('',#2010,#2120,#2122,.T.);
#2120 = VERTEX_POINT('',#2121);
#2121 = CARTESIAN_POINT('',(67.,139.21426150114,52.));
#2122 = CIRCLE('',#2123,4.9);
#2123 = AXIS2_PLACEMENT_3D('',#2124,#2125,#2126);
#2124 = CARTESIAN_POINT('',(64.5,135.,52.));
#2125 = DIRECTION('',(0.,0.,-1.));
#2126 = DIRECTION('',(-1.,-0.,-0.));
#2127 = ORIENTED_EDGE('',*,*,#2128,.F.);
#2128 = EDGE_CURVE('',#2129,#2120,#2131,.T.);
#2129 = VERTEX_POINT('',#2130);
#2130 = CARTESIAN_POINT('',(67.,138.74165738677,52.));
#2131 = LINE('',#2132,#2133);
#2132 = CARTESIAN_POINT('',(67.,132.5,52.));
#2133 = VECTOR('',#2134,1.);
#2134 = DIRECTION('',(0.,1.,0.));
#2135 = ORIENTED_EDGE('',*,*,#2136,.T.);
#2136 = EDGE_CURVE('',#2129,#2137,#2139,.T.);
#2137 = VERTEX_POINT('',#2138);
#2138 = CARTESIAN_POINT('',(68.241657386774,132.5,52.));
#2139 = CIRCLE('',#2140,4.5);
#2140 = AXIS2_PLACEMENT_3D('',#2141,#2142,#2143);
#2141 = CARTESIAN_POINT('',(64.5,135.,52.));
#2142 = DIRECTION('',(0.,0.,-1.));
#2143 = DIRECTION('',(-1.,-0.,-0.));
#2144 = ORIENTED_EDGE('',*,*,#2145,.T.);
#2145 = EDGE_CURVE('',#2137,#2146,#2148,.T.);
#2146 = VERTEX_POINT('',#2147);
#2147 = CARTESIAN_POINT('',(68.714261501141,132.5,52.));
#2148 = LINE('',#2149,#2150);
#2149 = CARTESIAN_POINT('',(67.,132.5,52.));
#2150 = VECTOR('',#2151,1.);
#2151 = DIRECTION('',(1.,0.,0.));
#2152 = ORIENTED_EDGE('',*,*,#2153,.T.);
#2153 = EDGE_CURVE('',#2146,#1986,#2154,.T.);
#2154 = CIRCLE('',#2155,4.9);
#2155 = AXIS2_PLACEMENT_3D('',#2156,#2157,#2158);
#2156 = CARTESIAN_POINT('',(64.5,135.,52.));
#2157 = DIRECTION('',(0.,0.,-1.));
#2158 = DIRECTION('',(-1.,-0.,-0.));
#2159 = ORIENTED_EDGE('',*,*,#1985,.F.);
#2160 = ORIENTED_EDGE('',*,*,#2161,.T.);
#2161 = EDGE_CURVE('',#1978,#2162,#2164,.T.);
#2162 = VERTEX_POINT('',#2163);
#2163 = CARTESIAN_POINT('',(68.973253849269,97.,52.));
#2164 = CIRCLE('',#2165,4.9);
#2165 = AXIS2_PLACEMENT_3D('',#2166,#2167,#2168);
#2166 = CARTESIAN_POINT('',(64.5,95.,52.));
#2167 = DIRECTION('',(0.,0.,-1.));
#2168 = DIRECTION('',(-1.,-0.,-0.));
#2169 = ORIENTED_EDGE('',*,*,#2170,.F.);
#2170 = EDGE_CURVE('',#2171,#2162,#2173,.T.);
#2171 = VERTEX_POINT('',#2172);
#2172 = CARTESIAN_POINT('',(68.531128874149,97.,52.));
#2173 = LINE('',#2174,#2175);
#2174 = CARTESIAN_POINT('',(67.,97.,52.));
#2175 = VECTOR('',#2176,1.);
#2176 = DIRECTION('',(1.,0.,0.));
#2177 = ORIENTED_EDGE('',*,*,#2178,.T.);
#2178 = EDGE_CURVE('',#2171,#2179,#2181,.T.);
#2179 = VERTEX_POINT('',#2180);
#2180 = CARTESIAN_POINT('',(67.,91.258342613226,52.));
#2181 = CIRCLE('',#2182,4.5);
#2182 = AXIS2_PLACEMENT_3D('',#2183,#2184,#2185);
#2183 = CARTESIAN_POINT('',(64.5,95.,52.));
#2184 = DIRECTION('',(0.,0.,-1.));
#2185 = DIRECTION('',(-1.,-0.,-0.));
#2186 = ORIENTED_EDGE('',*,*,#2187,.F.);
#2187 = EDGE_CURVE('',#2188,#2179,#2190,.T.);
#2188 = VERTEX_POINT('',#2189);
#2189 = CARTESIAN_POINT('',(67.,90.785738498859,52.));
#2190 = LINE('',#2191,#2192);
#2191 = CARTESIAN_POINT('',(67.,89.,52.));
#2192 = VECTOR('',#2193,1.);
#2193 = DIRECTION('',(0.,1.,0.));
#2194 = ORIENTED_EDGE('',*,*,#2195,.T.);
#2195 = EDGE_CURVE('',#2188,#1954,#2196,.T.);
#2196 = CIRCLE('',#2197,4.9);
#2197 = AXIS2_PLACEMENT_3D('',#2198,#2199,#2200);
#2198 = CARTESIAN_POINT('',(64.5,95.,52.));
#2199 = DIRECTION('',(0.,0.,-1.));
#2200 = DIRECTION('',(-1.,-0.,-0.));
#2201 = FACE_BOUND('',#2202,.F.);
#2202 = EDGE_LOOP('',(#2203,#2213,#2221,#2229,#2238,#2246));
#2203 = ORIENTED_EDGE('',*,*,#2204,.T.);
#2204 = EDGE_CURVE('',#2205,#2207,#2209,.T.);
#2205 = VERTEX_POINT('',#2206);
#2206 = CARTESIAN_POINT('',(79.,119.,52.));
#2207 = VERTEX_POINT('',#2208);
#2208 = CARTESIAN_POINT('',(79.,132.5,52.));
#2209 = LINE('',#2210,#2211);
#2210 = CARTESIAN_POINT('',(79.,89.,52.));
#2211 = VECTOR('',#2212,1.);
#2212 = DIRECTION('',(0.,1.,0.));
#2213 = ORIENTED_EDGE('',*,*,#2214,.T.);
#2214 = EDGE_CURVE('',#2207,#2215,#2217,.T.);
#2215 = VERTEX_POINT('',#2216);
#2216 = CARTESIAN_POINT('',(85.058874503046,132.5,52.));
#2217 = LINE('',#2218,#2219);
#2218 = CARTESIAN_POINT('',(67.,132.5,52.));
#2219 = VECTOR('',#2220,1.);
#2220 = DIRECTION('',(1.,0.,0.));
#2221 = ORIENTED_EDGE('',*,*,#2222,.T.);
#2222 = EDGE_CURVE('',#2215,#2223,#2225,.T.);
#2223 = VERTEX_POINT('',#2224);
#2224 = CARTESIAN_POINT('',(85.058874503046,138.78710422737,52.));
#2225 = LINE('',#2226,#2227);
#2226 = CARTESIAN_POINT('',(85.058874503046,124.63692654988,52.));
#2227 = VECTOR('',#2228,1.);
#2228 = DIRECTION('',(0.,1.,0.));
#2229 = ORIENTED_EDGE('',*,*,#2230,.F.);
#2230 = EDGE_CURVE('',#2231,#2223,#2233,.T.);
#2231 = VERTEX_POINT('',#2232);
#2232 = CARTESIAN_POINT('',(90.715728752538,130.85017059233,52.));
#2233 = ELLIPSE('',#2234,6.363961030679,4.5);
#2234 = AXIS2_PLACEMENT_3D('',#2235,#2236,#2237);
#2235 = CARTESIAN_POINT('',(86.993163697383,134.5,52.));
#2236 = DIRECTION('',(0.,0.,1.));
#2237 = DIRECTION('',(1.,0.,0.));
#2238 = ORIENTED_EDGE('',*,*,#2239,.F.);
#2239 = EDGE_CURVE('',#2240,#2231,#2242,.T.);
#2240 = VERTEX_POINT('',#2241);
#2241 = CARTESIAN_POINT('',(90.715728752538,119.,52.));
#2242 = LINE('',#2243,#2244);
#2243 = CARTESIAN_POINT('',(90.715728752538,99.875,52.));
#2244 = VECTOR('',#2245,1.);
#2245 = DIRECTION('',(0.,1.,0.));
#2246 = ORIENTED_EDGE('',*,*,#2247,.F.);
#2247 = EDGE_CURVE('',#2205,#2240,#2248,.T.);
#2248 = LINE('',#2249,#2250);
#2249 = CARTESIAN_POINT('',(67.,119.,52.));
#2250 = VECTOR('',#2251,1.);
#2251 = DIRECTION('',(1.,0.,0.));
#2252 = FACE_BOUND('',#2253,.F.);
#2253 = EDGE_LOOP('',(#2254,#2264,#2272,#2280,#2289,#2297));
#2254 = ORIENTED_EDGE('',*,*,#2255,.T.);
#2255 = EDGE_CURVE('',#2256,#2258,#2260,.T.);
#2256 = VERTEX_POINT('',#2257);
#2257 = CARTESIAN_POINT('',(79.,97.,52.));
#2258 = VERTEX_POINT('',#2259);
#2259 = CARTESIAN_POINT('',(79.,110.5,52.));
#2260 = LINE('',#2261,#2262);
#2261 = CARTESIAN_POINT('',(79.,89.,52.));
#2262 = VECTOR('',#2263,1.);
#2263 = DIRECTION('',(0.,1.,0.));
#2264 = ORIENTED_EDGE('',*,*,#2265,.T.);
#2265 = EDGE_CURVE('',#2258,#2266,#2268,.T.);
#2266 = VERTEX_POINT('',#2267);
#2267 = CARTESIAN_POINT('',(90.715728752538,110.5,52.));
#2268 = LINE('',#2269,#2270);
#2269 = CARTESIAN_POINT('',(67.,110.5,52.));
#2270 = VECTOR('',#2271,1.);
#2271 = DIRECTION('',(1.,0.,0.));
#2272 = ORIENTED_EDGE('',*,*,#2273,.F.);
#2273 = EDGE_CURVE('',#2274,#2266,#2276,.T.);
#2274 = VERTEX_POINT('',#2275);
#2275 = CARTESIAN_POINT('',(90.715728752538,98.649829407667,52.));
#2276 = LINE('',#2277,#2278);
#2277 = CARTESIAN_POINT('',(90.715728752538,99.875,52.));
#2278 = VECTOR('',#2279,1.);
#2279 = DIRECTION('',(0.,1.,0.));
#2280 = ORIENTED_EDGE('',*,*,#2281,.F.);
#2281 = EDGE_CURVE('',#2282,#2274,#2284,.T.);
#2282 = VERTEX_POINT('',#2283);
#2283 = CARTESIAN_POINT('',(85.058874503046,90.71289577263,52.));
#2284 = ELLIPSE('',#2285,6.363961030679,4.5);
#2285 = AXIS2_PLACEMENT_3D('',#2286,#2287,#2288);
#2286 = CARTESIAN_POINT('',(86.993163697383,95.,52.));
#2287 = DIRECTION('',(0.,0.,1.));
#2288 = DIRECTION('',(1.,0.,0.));
#2289 = ORIENTED_EDGE('',*,*,#2290,.T.);
#2290 = EDGE_CURVE('',#2282,#2291,#2293,.T.);
#2291 = VERTEX_POINT('',#2292);
#2292 = CARTESIAN_POINT('',(85.058874503046,97.,52.));
#2293 = LINE('',#2294,#2295);
#2294 = CARTESIAN_POINT('',(85.058874503046,104.88692654988,52.));
#2295 = VECTOR('',#2296,1.);
#2296 = DIRECTION('',(0.,1.,0.));
#2297 = ORIENTED_EDGE('',*,*,#2298,.F.);
#2298 = EDGE_CURVE('',#2256,#2291,#2299,.T.);
#2299 = LINE('',#2300,#2301);
#2300 = CARTESIAN_POINT('',(67.,97.,52.));
#2301 = VECTOR('',#2302,1.);
#2302 = DIRECTION('',(1.,0.,0.));
#2303 = FACE_BOUND('',#2304,.F.);
#2304 = EDGE_LOOP('',(#2305,#2316,#2325,#2333));
#2305 = ORIENTED_EDGE('',*,*,#2306,.T.);
#2306 = EDGE_CURVE('',#2307,#2309,#2311,.T.);
#2307 = VERTEX_POINT('',#2308);
#2308 = CARTESIAN_POINT('',(67.,115.8,52.));
#2309 = VERTEX_POINT('',#2310);
#2310 = CARTESIAN_POINT('',(62.8,120.,52.));
#2311 = CIRCLE('',#2312,4.2);
#2312 = AXIS2_PLACEMENT_3D('',#2313,#2314,#2315);
#2313 = CARTESIAN_POINT('',(67.,120.,52.));
#2314 = DIRECTION('',(0.,0.,-1.));
#2315 = DIRECTION('',(-1.,-0.,-0.));
#2316 = ORIENTED_EDGE('',*,*,#2317,.T.);
#2317 = EDGE_CURVE('',#2309,#2318,#2320,.T.);
#2318 = VERTEX_POINT('',#2319);
#2319 = CARTESIAN_POINT('',(71.079215610874,119.,52.));
#2320 = CIRCLE('',#2321,4.2);
#2321 = AXIS2_PLACEMENT_3D('',#2322,#2323,#2324);
#2322 = CARTESIAN_POINT('',(67.,120.,52.));
#2323 = DIRECTION('',(0.,0.,-1.));
#2324 = DIRECTION('',(-1.,-0.,-0.));
#2325 = ORIENTED_EDGE('',*,*,#2326,.F.);
#2326 = EDGE_CURVE('',#2327,#2318,#2329,.T.);
#2327 = VERTEX_POINT('',#2328);
#2328 = CARTESIAN_POINT('',(67.,119.,52.));
#2329 = LINE('',#2330,#2331);
#2330 = CARTESIAN_POINT('',(67.,119.,52.));
#2331 = VECTOR('',#2332,1.);
#2332 = DIRECTION('',(1.,0.,0.));
#2333 = ORIENTED_EDGE('',*,*,#2334,.F.);
#2334 = EDGE_CURVE('',#2307,#2327,#2335,.T.);
#2335 = LINE('',#2336,#2337);
#2336 = CARTESIAN_POINT('',(67.,110.5,52.));
#2337 = VECTOR('',#2338,1.);
#2338 = DIRECTION('',(0.,1.,0.));
#2339 = PLANE('',#2340);
#2340 = AXIS2_PLACEMENT_3D('',#2341,#2342,#2343);
#2341 = CARTESIAN_POINT('',(76.591210906088,114.80260304782,52.));
#2342 = DIRECTION('',(0.,0.,-1.));
#2343 = DIRECTION('',(-1.,0.,0.));
#2344 = ADVANCED_FACE('',(#2345),#2364,.F.);
#2345 = FACE_BOUND('',#2346,.T.);
#2346 = EDGE_LOOP('',(#2347,#2356,#2357,#2358));
#2347 = ORIENTED_EDGE('',*,*,#2348,.F.);
#2348 = EDGE_CURVE('',#2002,#2349,#2351,.T.);
#2349 = VERTEX_POINT('',#2350);
#2350 = CARTESIAN_POINT('',(67.,139.21426150114,58.));
#2351 = CIRCLE('',#2352,4.9);
#2352 = AXIS2_PLACEMENT_3D('',#2353,#2354,#2355);
#2353 = CARTESIAN_POINT('',(64.5,135.,58.));
#2354 = DIRECTION('',(0.,0.,-1.));
#2355 = DIRECTION('',(-1.,-0.,-0.));
#2356 = ORIENTED_EDGE('',*,*,#2009,.F.);
#2357 = ORIENTED_EDGE('',*,*,#2119,.T.);
#2358 = ORIENTED_EDGE('',*,*,#2359,.T.);
#2359 = EDGE_CURVE('',#2120,#2349,#2360,.T.);
#2360 = LINE('',#2361,#2362);
#2361 = CARTESIAN_POINT('',(67.,139.21426150114,51.95));
#2362 = VECTOR('',#2363,1.);
#2363 = DIRECTION('',(0.,0.,1.));
#2364 = CYLINDRICAL_SURFACE('',#2365,4.9);
#2365 = AXIS2_PLACEMENT_3D('',#2366,#2367,#2368);
#2366 = CARTESIAN_POINT('',(64.5,135.,51.95));
#2367 = DIRECTION('',(0.,0.,1.));
#2368 = DIRECTION('',(-1.,-0.,-0.));
#2369 = ADVANCED_FACE('',(#2370,#2406),#2417,.T.);
#2370 = FACE_BOUND('',#2371,.F.);
#2371 = EDGE_LOOP('',(#2372,#2373,#2382,#2390,#2399,#2405));
#2372 = ORIENTED_EDGE('',*,*,#2001,.T.);
#2373 = ORIENTED_EDGE('',*,*,#2374,.F.);
#2374 = EDGE_CURVE('',#2375,#1994,#2377,.T.);
#2375 = VERTEX_POINT('',#2376);
#2376 = CARTESIAN_POINT('',(68.714261501141,132.5,58.));
#2377 = CIRCLE('',#2378,4.9);
#2378 = AXIS2_PLACEMENT_3D('',#2379,#2380,#2381);
#2379 = CARTESIAN_POINT('',(64.5,135.,58.));
#2380 = DIRECTION('',(0.,0.,-1.));
#2381 = DIRECTION('',(-1.,-0.,-0.));
#2382 = ORIENTED_EDGE('',*,*,#2383,.F.);
#2383 = EDGE_CURVE('',#2384,#2375,#2386,.T.);
#2384 = VERTEX_POINT('',#2385);
#2385 = CARTESIAN_POINT('',(68.241657386774,132.5,58.));
#2386 = LINE('',#2387,#2388);
#2387 = CARTESIAN_POINT('',(71.192388155425,132.5,58.));
#2388 = VECTOR('',#2389,1.);
#2389 = DIRECTION('',(1.,0.,0.));
#2390 = ORIENTED_EDGE('',*,*,#2391,.F.);
#2391 = EDGE_CURVE('',#2392,#2384,#2394,.T.);
#2392 = VERTEX_POINT('',#2393);
#2393 = CARTESIAN_POINT('',(67.,138.74165738677,58.));
#2394 = CIRCLE('',#2395,4.5);
#2395 = AXIS2_PLACEMENT_3D('',#2396,#2397,#2398);
#2396 = CARTESIAN_POINT('',(64.5,135.,58.));
#2397 = DIRECTION('',(0.,0.,-1.));
#2398 = DIRECTION('',(-1.,-0.,-0.));
#2399 = ORIENTED_EDGE('',*,*,#2400,.F.);
#2400 = EDGE_CURVE('',#2349,#2392,#2401,.T.);
#2401 = LINE('',#2402,#2403);
#2402 = CARTESIAN_POINT('',(67.,133.75,58.));
#2403 = VECTOR('',#2404,1.);
#2404 = DIRECTION('',(-0.,-1.,-0.));
#2405 = ORIENTED_EDGE('',*,*,#2348,.F.);
#2406 = FACE_BOUND('',#2407,.F.);
#2407 = EDGE_LOOP('',(#2408));
#2408 = ORIENTED_EDGE('',*,*,#2409,.T.);
#2409 = EDGE_CURVE('',#2410,#2410,#2412,.T.);
#2410 = VERTEX_POINT('',#2411);
#2411 = CARTESIAN_POINT('',(62.7,135.,58.));
#2412 = CIRCLE('',#2413,1.8);
#2413 = AXIS2_PLACEMENT_3D('',#2414,#2415,#2416);
#2414 = CARTESIAN_POINT('',(64.5,135.,58.));
#2415 = DIRECTION('',(0.,0.,-1.));
#2416 = DIRECTION('',(-1.,-0.,-0.));
#2417 = PLANE('',#2418);
#2418 = AXIS2_PLACEMENT_3D('',#2419,#2420,#2421);
#2419 = CARTESIAN_POINT('',(64.482660938348,134.97270450833,58.));
#2420 = DIRECTION('',(0.,0.,-1.));
#2421 = DIRECTION('',(-1.,0.,0.));
#2422 = ADVANCED_FACE('',(#2423),#2434,.F.);
#2423 = FACE_BOUND('',#2424,.T.);
#2424 = EDGE_LOOP('',(#2425,#2426,#2432,#2433));
#2425 = ORIENTED_EDGE('',*,*,#2374,.F.);
#2426 = ORIENTED_EDGE('',*,*,#2427,.F.);
#2427 = EDGE_CURVE('',#2146,#2375,#2428,.T.);
#2428 = LINE('',#2429,#2430);
#2429 = CARTESIAN_POINT('',(68.714261501141,132.5,51.95));
#2430 = VECTOR('',#2431,1.);
#2431 = DIRECTION('',(0.,0.,1.));
#2432 = ORIENTED_EDGE('',*,*,#2153,.T.);
#2433 = ORIENTED_EDGE('',*,*,#1993,.T.);
#2434 = CYLINDRICAL_SURFACE('',#2435,4.9);
#2435 = AXIS2_PLACEMENT_3D('',#2436,#2437,#2438);
#2436 = CARTESIAN_POINT('',(64.5,135.,51.95));
#2437 = DIRECTION('',(0.,0.,1.));
#2438 = DIRECTION('',(-1.,-0.,-0.));
#2439 = ADVANCED_FACE('',(#2440),#2459,.F.);
#2440 = FACE_BOUND('',#2441,.T.);
#2441 = EDGE_LOOP('',(#2442,#2451,#2452,#2453));
#2442 = ORIENTED_EDGE('',*,*,#2443,.F.);
#2443 = EDGE_CURVE('',#1970,#2444,#2446,.T.);
#2444 = VERTEX_POINT('',#2445);
#2445 = CARTESIAN_POINT('',(68.973253849269,97.,58.));
#2446 = CIRCLE('',#2447,4.9);
#2447 = AXIS2_PLACEMENT_3D('',#2448,#2449,#2450);
#2448 = CARTESIAN_POINT('',(64.5,95.,58.));
#2449 = DIRECTION('',(0.,0.,-1.));
#2450 = DIRECTION('',(-1.,-0.,-0.));
#2451 = ORIENTED_EDGE('',*,*,#1977,.F.);
#2452 = ORIENTED_EDGE('',*,*,#2161,.T.);
#2453 = ORIENTED_EDGE('',*,*,#2454,.T.);
#2454 = EDGE_CURVE('',#2162,#2444,#2455,.T.);
#2455 = LINE('',#2456,#2457);
#2456 = CARTESIAN_POINT('',(68.973253849269,97.,51.95));
#2457 = VECTOR('',#2458,1.);
#2458 = DIRECTION('',(0.,0.,1.));
#2459 = CYLINDRICAL_SURFACE('',#2460,4.9);
#2460 = AXIS2_PLACEMENT_3D('',#2461,#2462,#2463);
#2461 = CARTESIAN_POINT('',(64.5,95.,51.95));
#2462 = DIRECTION('',(0.,0.,1.));
#2463 = DIRECTION('',(-1.,-0.,-0.));
#2464 = ADVANCED_FACE('',(#2465,#2501),#2512,.T.);
#2465 = FACE_BOUND('',#2466,.F.);
#2466 = EDGE_LOOP('',(#2467,#2468,#2477,#2485,#2494,#2500));
#2467 = ORIENTED_EDGE('',*,*,#1969,.T.);
#2468 = ORIENTED_EDGE('',*,*,#2469,.F.);
#2469 = EDGE_CURVE('',#2470,#1962,#2472,.T.);
#2470 = VERTEX_POINT('',#2471);
#2471 = CARTESIAN_POINT('',(67.,90.785738498859,58.));
#2472 = CIRCLE('',#2473,4.9);
#2473 = AXIS2_PLACEMENT_3D('',#2474,#2475,#2476);
#2474 = CARTESIAN_POINT('',(64.5,95.,58.));
#2475 = DIRECTION('',(0.,0.,-1.));
#2476 = DIRECTION('',(-1.,-0.,-0.));
#2477 = ORIENTED_EDGE('',*,*,#2478,.F.);
#2478 = EDGE_CURVE('',#2479,#2470,#2481,.T.);
#2479 = VERTEX_POINT('',#2480);
#2480 = CARTESIAN_POINT('',(67.,91.258342613226,58.));
#2481 = LINE('',#2482,#2483);
#2482 = CARTESIAN_POINT('',(67.,92.,58.));
#2483 = VECTOR('',#2484,1.);
#2484 = DIRECTION('',(-0.,-1.,-0.));
#2485 = ORIENTED_EDGE('',*,*,#2486,.F.);
#2486 = EDGE_CURVE('',#2487,#2479,#2489,.T.);
#2487 = VERTEX_POINT('',#2488);
#2488 = CARTESIAN_POINT('',(68.531128874149,97.,58.));
#2489 = CIRCLE('',#2490,4.5);
#2490 = AXIS2_PLACEMENT_3D('',#2491,#2492,#2493);
#2491 = CARTESIAN_POINT('',(64.5,95.,58.));
#2492 = DIRECTION('',(0.,0.,-1.));
#2493 = DIRECTION('',(-1.,-0.,-0.));
#2494 = ORIENTED_EDGE('',*,*,#2495,.T.);
#2495 = EDGE_CURVE('',#2487,#2444,#2496,.T.);
#2496 = LINE('',#2497,#2498);
#2497 = CARTESIAN_POINT('',(71.192388155425,97.,58.));
#2498 = VECTOR('',#2499,1.);
#2499 = DIRECTION('',(1.,0.,0.));
#2500 = ORIENTED_EDGE('',*,*,#2443,.F.);
#2501 = FACE_BOUND('',#2502,.F.);
#2502 = EDGE_LOOP('',(#2503));
#2503 = ORIENTED_EDGE('',*,*,#2504,.T.);
#2504 = EDGE_CURVE('',#2505,#2505,#2507,.T.);
#2505 = VERTEX_POINT('',#2506);
#2506 = CARTESIAN_POINT('',(62.7,95.,58.));
#2507 = CIRCLE('',#2508,1.8);
#2508 = AXIS2_PLACEMENT_3D('',#2509,#2510,#2511);
#2509 = CARTESIAN_POINT('',(64.5,95.,58.));
#2510 = DIRECTION('',(0.,0.,-1.));
#2511 = DIRECTION('',(-1.,-0.,-0.));
#2512 = PLANE('',#2513);
#2513 = AXIS2_PLACEMENT_3D('',#2514,#2515,#2516);
#2514 = CARTESIAN_POINT('',(64.49093429157,95.003848435058,58.));
#2515 = DIRECTION('',(0.,0.,-1.));
#2516 = DIRECTION('',(-1.,0.,0.));
#2517 = ADVANCED_FACE('',(#2518),#2529,.F.);
#2518 = FACE_BOUND('',#2519,.T.);
#2519 = EDGE_LOOP('',(#2520,#2521,#2527,#2528));
#2520 = ORIENTED_EDGE('',*,*,#2469,.F.);
#2521 = ORIENTED_EDGE('',*,*,#2522,.F.);
#2522 = EDGE_CURVE('',#2188,#2470,#2523,.T.);
#2523 = LINE('',#2524,#2525);
#2524 = CARTESIAN_POINT('',(67.,90.785738498859,51.95));
#2525 = VECTOR('',#2526,1.);
#2526 = DIRECTION('',(0.,0.,1.));
#2527 = ORIENTED_EDGE('',*,*,#2195,.T.);
#2528 = ORIENTED_EDGE('',*,*,#1961,.T.);
#2529 = CYLINDRICAL_SURFACE('',#2530,4.9);
#2530 = AXIS2_PLACEMENT_3D('',#2531,#2532,#2533);
#2531 = CARTESIAN_POINT('',(64.5,95.,51.95));
#2532 = DIRECTION('',(0.,0.,1.));
#2533 = DIRECTION('',(-1.,-0.,-0.));
#2534 = ADVANCED_FACE('',(#2535),#2561,.T.);
#2535 = FACE_BOUND('',#2536,.F.);
#2536 = EDGE_LOOP('',(#2537,#2538,#2546,#2554,#2560));
#2537 = ORIENTED_EDGE('',*,*,#1945,.T.);
#2538 = ORIENTED_EDGE('',*,*,#2539,.F.);
#2539 = EDGE_CURVE('',#2540,#1938,#2542,.T.);
#2540 = VERTEX_POINT('',#2541);
#2541 = CARTESIAN_POINT('',(67.,89.,62.));
#2542 = LINE('',#2543,#2544);
#2543 = CARTESIAN_POINT('',(79.,89.,62.));
#2544 = VECTOR('',#2545,1.);
#2545 = DIRECTION('',(-1.,-0.,-0.));
#2546 = ORIENTED_EDGE('',*,*,#2547,.F.);
#2547 = EDGE_CURVE('',#2548,#2540,#2550,.T.);
#2548 = VERTEX_POINT('',#2549);
#2549 = CARTESIAN_POINT('',(67.,89.,75.715728752538));
#2550 = LINE('',#2551,#2552);
#2551 = CARTESIAN_POINT('',(67.,89.,82.786796564404));
#2552 = VECTOR('',#2553,1.);
#2553 = DIRECTION('',(-0.,-0.,-1.));
#2554 = ORIENTED_EDGE('',*,*,#2555,.T.);
#2555 = EDGE_CURVE('',#2548,#2072,#2556,.T.);
#2556 = LINE('',#2557,#2558);
#2557 = CARTESIAN_POINT('',(76.476792689716,89.,66.238936062822));
#2558 = VECTOR('',#2559,1.);
#2559 = DIRECTION('',(0.707106781187,0.,-0.707106781187));
#2560 = ORIENTED_EDGE('',*,*,#2071,.F.);
#2561 = PLANE('',#2562);
#2562 = AXIS2_PLACEMENT_3D('',#2563,#2564,#2565);
#2563 = CARTESIAN_POINT('',(75.606372143531,89.,62.193104730256));
#2564 = DIRECTION('',(0.,-1.,0.));
#2565 = DIRECTION('',(0.,0.,1.));
#2566 = ADVANCED_FACE('',(#2567,#2642,#2653),#2664,.T.);
#2567 = FACE_BOUND('',#2568,.F.);
#2568 = EDGE_LOOP('',(#2569,#2579,#2587,#2593,#2594,#2595,#2596,#2604,
    #2612,#2620,#2628,#2636));
#2569 = ORIENTED_EDGE('',*,*,#2570,.F.);
#2570 = EDGE_CURVE('',#2571,#2573,#2575,.T.);
#2571 = VERTEX_POINT('',#2572);
#2572 = CARTESIAN_POINT('',(79.,97.,62.));
#2573 = VERTEX_POINT('',#2574);
#2574 = CARTESIAN_POINT('',(79.,110.5,62.));
#2575 = LINE('',#2576,#2577);
#2576 = CARTESIAN_POINT('',(79.,89.,62.));
#2577 = VECTOR('',#2578,1.);
#2578 = DIRECTION('',(0.,1.,0.));
#2579 = ORIENTED_EDGE('',*,*,#2580,.F.);
#2580 = EDGE_CURVE('',#2581,#2571,#2583,.T.);
#2581 = VERTEX_POINT('',#2582);
#2582 = CARTESIAN_POINT('',(67.,97.,62.));
#2583 = LINE('',#2584,#2585);
#2584 = CARTESIAN_POINT('',(78.442388155425,97.,62.));
#2585 = VECTOR('',#2586,1.);
#2586 = DIRECTION('',(1.,0.,0.));
#2587 = ORIENTED_EDGE('',*,*,#2588,.T.);
#2588 = EDGE_CURVE('',#2581,#2540,#2589,.T.);
#2589 = LINE('',#2590,#2591);
#2590 = CARTESIAN_POINT('',(67.,89.,62.));
#2591 = VECTOR('',#2592,1.);
#2592 = DIRECTION('',(-0.,-1.,-0.));
#2593 = ORIENTED_EDGE('',*,*,#2539,.T.);
#2594 = ORIENTED_EDGE('',*,*,#1937,.T.);
#2595 = ORIENTED_EDGE('',*,*,#2056,.F.);
#2596 = ORIENTED_EDGE('',*,*,#2597,.T.);
#2597 = EDGE_CURVE('',#2049,#2598,#2600,.T.);
#2598 = VERTEX_POINT('',#2599);
#2599 = CARTESIAN_POINT('',(67.,132.5,62.));
#2600 = LINE('',#2601,#2602);
#2601 = CARTESIAN_POINT('',(67.,110.75,62.));
#2602 = VECTOR('',#2603,1.);
#2603 = DIRECTION('',(-0.,-1.,-0.));
#2604 = ORIENTED_EDGE('',*,*,#2605,.T.);
#2605 = EDGE_CURVE('',#2598,#2606,#2608,.T.);
#2606 = VERTEX_POINT('',#2607);
#2607 = CARTESIAN_POINT('',(79.,132.5,62.));
#2608 = LINE('',#2609,#2610);
#2609 = CARTESIAN_POINT('',(78.442388155425,132.5,62.));
#2610 = VECTOR('',#2611,1.);
#2611 = DIRECTION('',(1.,0.,0.));
#2612 = ORIENTED_EDGE('',*,*,#2613,.F.);
#2613 = EDGE_CURVE('',#2614,#2606,#2616,.T.);
#2614 = VERTEX_POINT('',#2615);
#2615 = CARTESIAN_POINT('',(79.,119.,62.));
#2616 = LINE('',#2617,#2618);
#2617 = CARTESIAN_POINT('',(79.,89.,62.));
#2618 = VECTOR('',#2619,1.);
#2619 = DIRECTION('',(0.,1.,0.));
#2620 = ORIENTED_EDGE('',*,*,#2621,.F.);
#2621 = EDGE_CURVE('',#2622,#2614,#2624,.T.);
#2622 = VERTEX_POINT('',#2623);
#2623 = CARTESIAN_POINT('',(67.,119.,62.));
#2624 = LINE('',#2625,#2626);
#2625 = CARTESIAN_POINT('',(78.442388155425,119.,62.));
#2626 = VECTOR('',#2627,1.);
#2627 = DIRECTION('',(1.,0.,0.));
#2628 = ORIENTED_EDGE('',*,*,#2629,.T.);
#2629 = EDGE_CURVE('',#2622,#2630,#2632,.T.);
#2630 = VERTEX_POINT('',#2631);
#2631 = CARTESIAN_POINT('',(67.,110.5,62.));
#2632 = LINE('',#2633,#2634);
#2633 = CARTESIAN_POINT('',(67.,99.75,62.));
#2634 = VECTOR('',#2635,1.);
#2635 = DIRECTION('',(-0.,-1.,-0.));
#2636 = ORIENTED_EDGE('',*,*,#2637,.T.);
#2637 = EDGE_CURVE('',#2630,#2573,#2638,.T.);
#2638 = LINE('',#2639,#2640);
#2639 = CARTESIAN_POINT('',(78.442388155425,110.5,62.));
#2640 = VECTOR('',#2641,1.);
#2641 = DIRECTION('',(1.,0.,0.));
#2642 = FACE_BOUND('',#2643,.F.);
#2643 = EDGE_LOOP('',(#2644));
#2644 = ORIENTED_EDGE('',*,*,#2645,.F.);
#2645 = EDGE_CURVE('',#2646,#2646,#2648,.T.);
#2646 = VERTEX_POINT('',#2647);
#2647 = CARTESIAN_POINT('',(62.7,95.,62.));
#2648 = CIRCLE('',#2649,1.8);
#2649 = AXIS2_PLACEMENT_3D('',#2650,#2651,#2652);
#2650 = CARTESIAN_POINT('',(64.5,95.,62.));
#2651 = DIRECTION('',(0.,0.,-1.));
#2652 = DIRECTION('',(-1.,-0.,-0.));
#2653 = FACE_BOUND('',#2654,.F.);
#2654 = EDGE_LOOP('',(#2655));
#2655 = ORIENTED_EDGE('',*,*,#2656,.F.);
#2656 = EDGE_CURVE('',#2657,#2657,#2659,.T.);
#2657 = VERTEX_POINT('',#2658);
#2658 = CARTESIAN_POINT('',(62.7,135.,62.));
#2659 = CIRCLE('',#2660,1.8);
#2660 = AXIS2_PLACEMENT_3D('',#2661,#2662,#2663);
#2661 = CARTESIAN_POINT('',(64.5,135.,62.));
#2662 = DIRECTION('',(0.,0.,-1.));
#2663 = DIRECTION('',(-1.,-0.,-0.));
#2664 = PLANE('',#2665);
#2665 = AXIS2_PLACEMENT_3D('',#2666,#2667,#2668);
#2666 = CARTESIAN_POINT('',(79.,89.,62.));
#2667 = DIRECTION('',(0.,0.,1.));
#2668 = DIRECTION('',(1.,0.,0.));
#2669 = ADVANCED_FACE('',(#2670),#2737,.T.);
#2670 = FACE_BOUND('',#2671,.F.);
#2671 = EDGE_LOOP('',(#2672,#2682,#2688,#2689,#2690,#2698,#2706,#2714,
    #2723,#2731));
#2672 = ORIENTED_EDGE('',*,*,#2673,.T.);
#2673 = EDGE_CURVE('',#2674,#2676,#2678,.T.);
#2674 = VERTEX_POINT('',#2675);
#2675 = CARTESIAN_POINT('',(67.,130.5,75.715728752538));
#2676 = VERTEX_POINT('',#2677);
#2677 = CARTESIAN_POINT('',(67.,132.5,75.715728752538));
#2678 = LINE('',#2679,#2680);
#2679 = CARTESIAN_POINT('',(67.,99.875,75.715728752538));
#2680 = VECTOR('',#2681,1.);
#2681 = DIRECTION('',(0.,1.,0.));
#2682 = ORIENTED_EDGE('',*,*,#2683,.T.);
#2683 = EDGE_CURVE('',#2676,#2598,#2684,.T.);
#2684 = LINE('',#2685,#2686);
#2685 = CARTESIAN_POINT('',(67.,132.5,82.786796564404));
#2686 = VECTOR('',#2687,1.);
#2687 = DIRECTION('',(-0.,-0.,-1.));
#2688 = ORIENTED_EDGE('',*,*,#2597,.F.);
#2689 = ORIENTED_EDGE('',*,*,#2048,.F.);
#2690 = ORIENTED_EDGE('',*,*,#2691,.T.);
#2691 = EDGE_CURVE('',#2041,#2692,#2694,.T.);
#2692 = VERTEX_POINT('',#2693);
#2693 = CARTESIAN_POINT('',(67.,141.5,75.715728752538));
#2694 = LINE('',#2695,#2696);
#2695 = CARTESIAN_POINT('',(67.,99.875,75.715728752538));
#2696 = VECTOR('',#2697,1.);
#2697 = DIRECTION('',(0.,1.,0.));
#2698 = ORIENTED_EDGE('',*,*,#2699,.F.);
#2699 = EDGE_CURVE('',#2700,#2692,#2702,.T.);
#2700 = VERTEX_POINT('',#2701);
#2701 = CARTESIAN_POINT('',(67.,141.5,82.786796564404));
#2702 = LINE('',#2703,#2704);
#2703 = CARTESIAN_POINT('',(67.,141.5,71.757359312881));
#2704 = VECTOR('',#2705,1.);
#2705 = DIRECTION('',(0.,0.,-1.));
#2706 = ORIENTED_EDGE('',*,*,#2707,.F.);
#2707 = EDGE_CURVE('',#2708,#2700,#2710,.T.);
#2708 = VERTEX_POINT('',#2709);
#2709 = CARTESIAN_POINT('',(67.,137.20911491369,82.786796564404));
#2710 = LINE('',#2711,#2712);
#2711 = CARTESIAN_POINT('',(67.,99.875,82.786796564404));
#2712 = VECTOR('',#2713,1.);
#2713 = DIRECTION('',(0.,1.,0.));
#2714 = ORIENTED_EDGE('',*,*,#2715,.F.);
#2715 = EDGE_CURVE('',#2716,#2708,#2718,.T.);
#2716 = VERTEX_POINT('',#2717);
#2717 = CARTESIAN_POINT('',(67.,131.7908850863,82.786796564404));
#2718 = ELLIPSE('',#2719,6.363961030679,4.5);
#2719 = AXIS2_PLACEMENT_3D('',#2720,#2721,#2722);
#2720 = CARTESIAN_POINT('',(67.,134.5,87.868272016355));
#2721 = DIRECTION('',(1.,0.,0.));
#2722 = DIRECTION('',(0.,0.,1.));
#2723 = ORIENTED_EDGE('',*,*,#2724,.F.);
#2724 = EDGE_CURVE('',#2725,#2716,#2727,.T.);
#2725 = VERTEX_POINT('',#2726);
#2726 = CARTESIAN_POINT('',(67.,130.5,82.786796564404));
#2727 = LINE('',#2728,#2729);
#2728 = CARTESIAN_POINT('',(67.,99.875,82.786796564404));
#2729 = VECTOR('',#2730,1.);
#2730 = DIRECTION('',(0.,1.,0.));
#2731 = ORIENTED_EDGE('',*,*,#2732,.F.);
#2732 = EDGE_CURVE('',#2674,#2725,#2733,.T.);
#2733 = LINE('',#2734,#2735);
#2734 = CARTESIAN_POINT('',(67.,130.5,67.868272016355));
#2735 = VECTOR('',#2736,1.);
#2736 = DIRECTION('',(0.,0.,1.));
#2737 = PLANE('',#2738);
#2738 = AXIS2_PLACEMENT_3D('',#2739,#2740,#2741);
#2739 = CARTESIAN_POINT('',(67.,136.21574569058,73.040635353957));
#2740 = DIRECTION('',(-1.,-0.,-0.));
#2741 = DIRECTION('',(0.,0.,-1.));
#2742 = ADVANCED_FACE('',(#2743),#2754,.F.);
#2743 = FACE_BOUND('',#2744,.T.);
#2744 = EDGE_LOOP('',(#2745,#2746,#2747,#2748));
#2745 = ORIENTED_EDGE('',*,*,#2111,.F.);
#2746 = ORIENTED_EDGE('',*,*,#2040,.T.);
#2747 = ORIENTED_EDGE('',*,*,#2691,.T.);
#2748 = ORIENTED_EDGE('',*,*,#2749,.T.);
#2749 = EDGE_CURVE('',#2692,#2104,#2750,.T.);
#2750 = LINE('',#2751,#2752);
#2751 = CARTESIAN_POINT('',(54.736544032709,141.5,87.979184719829));
#2752 = VECTOR('',#2753,1.);
#2753 = DIRECTION('',(0.707106781187,0.,-0.707106781187));
#2754 = PLANE('',#2755);
#2755 = AXIS2_PLACEMENT_3D('',#2756,#2757,#2758);
#2756 = CARTESIAN_POINT('',(74.889087296526,114.75,67.826641456012));
#2757 = DIRECTION('',(0.707106781187,0.,0.707106781187));
#2758 = DIRECTION('',(-0.707106781187,0.,0.707106781187));
#2759 = ADVANCED_FACE('',(#2760),#2778,.F.);
#2760 = FACE_BOUND('',#2761,.T.);
#2761 = EDGE_LOOP('',(#2762,#2763,#2771,#2777));
#2762 = ORIENTED_EDGE('',*,*,#2079,.F.);
#2763 = ORIENTED_EDGE('',*,*,#2764,.T.);
#2764 = EDGE_CURVE('',#2080,#2765,#2767,.T.);
#2765 = VERTEX_POINT('',#2766);
#2766 = CARTESIAN_POINT('',(67.,88.,75.715728752538));
#2767 = LINE('',#2768,#2769);
#2768 = CARTESIAN_POINT('',(95.041630560343,88.,47.674098192195));
#2769 = VECTOR('',#2770,1.);
#2770 = DIRECTION('',(-0.707106781187,0.,0.707106781187));
#2771 = ORIENTED_EDGE('',*,*,#2772,.T.);
#2772 = EDGE_CURVE('',#2765,#2548,#2773,.T.);
#2773 = LINE('',#2774,#2775);
#2774 = CARTESIAN_POINT('',(67.,99.875,75.715728752538));
#2775 = VECTOR('',#2776,1.);
#2776 = DIRECTION('',(0.,1.,0.));
#2777 = ORIENTED_EDGE('',*,*,#2555,.T.);
#2778 = PLANE('',#2779);
#2779 = AXIS2_PLACEMENT_3D('',#2780,#2781,#2782);
#2780 = CARTESIAN_POINT('',(74.889087296526,114.75,67.826641456012));
#2781 = DIRECTION('',(0.707106781187,0.,0.707106781187));
#2782 = DIRECTION('',(-0.707106781187,0.,0.707106781187));
#2783 = ADVANCED_FACE('',(#2784),#2802,.T.);
#2784 = FACE_BOUND('',#2785,.F.);
#2785 = EDGE_LOOP('',(#2786,#2794,#2795,#2796));
#2786 = ORIENTED_EDGE('',*,*,#2787,.F.);
#2787 = EDGE_CURVE('',#2088,#2788,#2790,.T.);
#2788 = VERTEX_POINT('',#2789);
#2789 = CARTESIAN_POINT('',(67.,88.,82.786796564404));
#2790 = LINE('',#2791,#2792);
#2791 = CARTESIAN_POINT('',(98.577164466275,88.,51.209632098128));
#2792 = VECTOR('',#2793,1.);
#2793 = DIRECTION('',(-0.707106781187,0.,0.707106781187));
#2794 = ORIENTED_EDGE('',*,*,#2087,.F.);
#2795 = ORIENTED_EDGE('',*,*,#2764,.T.);
#2796 = ORIENTED_EDGE('',*,*,#2797,.T.);
#2797 = EDGE_CURVE('',#2765,#2788,#2798,.T.);
#2798 = LINE('',#2799,#2800);
#2799 = CARTESIAN_POINT('',(67.,88.,51.604816049064));
#2800 = VECTOR('',#2801,1.);
#2801 = DIRECTION('',(0.,0.,1.));
#2802 = PLANE('',#2803);
#2803 = AXIS2_PLACEMENT_3D('',#2804,#2805,#2806);
#2804 = CARTESIAN_POINT('',(98.577164466275,88.,51.209632098128));
#2805 = DIRECTION('',(-0.,-1.,-0.));
#2806 = DIRECTION('',(0.707106781187,0.,-0.707106781187));
#2807 = ADVANCED_FACE('',(#2808,#2924,#2935,#2946,#2957),#2968,.T.);
#2808 = FACE_BOUND('',#2809,.F.);
#2809 = EDGE_LOOP('',(#2810,#2811,#2812,#2820,#2829,#2838,#2846,#2854,
    #2862,#2870,#2878,#2886,#2894,#2900,#2901,#2910,#2917,#2918));
#2810 = ORIENTED_EDGE('',*,*,#2095,.F.);
#2811 = ORIENTED_EDGE('',*,*,#2787,.T.);
#2812 = ORIENTED_EDGE('',*,*,#2813,.T.);
#2813 = EDGE_CURVE('',#2788,#2814,#2816,.T.);
#2814 = VERTEX_POINT('',#2815);
#2815 = CARTESIAN_POINT('',(67.,92.290885086304,82.786796564404));
#2816 = LINE('',#2817,#2818);
#2817 = CARTESIAN_POINT('',(67.,99.875,82.786796564404));
#2818 = VECTOR('',#2819,1.);
#2819 = DIRECTION('',(0.,1.,0.));
#2820 = ORIENTED_EDGE('',*,*,#2821,.T.);
#2821 = EDGE_CURVE('',#2814,#2822,#2824,.T.);
#2822 = VERTEX_POINT('',#2823);
#2823 = CARTESIAN_POINT('',(61.277281758685,95.,88.509514805719));
#2824 = CIRCLE('',#2825,4.5);
#2825 = AXIS2_PLACEMENT_3D('',#2826,#2827,#2828);
#2826 = CARTESIAN_POINT('',(64.459262274024,95.,85.327534290379));
#2827 = DIRECTION('',(-0.707106781187,0.,-0.707106781187));
#2828 = DIRECTION('',(-0.707106781187,0.,0.707106781187));
#2829 = ORIENTED_EDGE('',*,*,#2830,.T.);
#2830 = EDGE_CURVE('',#2822,#2831,#2833,.T.);
#2831 = VERTEX_POINT('',#2832);
#2832 = CARTESIAN_POINT('',(67.,97.709114913696,82.786796564404));
#2833 = CIRCLE('',#2834,4.5);
#2834 = AXIS2_PLACEMENT_3D('',#2835,#2836,#2837);
#2835 = CARTESIAN_POINT('',(64.459262274024,95.,85.327534290379));
#2836 = DIRECTION('',(-0.707106781187,0.,-0.707106781187));
#2837 = DIRECTION('',(-0.707106781187,0.,0.707106781187));
#2838 = ORIENTED_EDGE('',*,*,#2839,.T.);
#2839 = EDGE_CURVE('',#2831,#2840,#2842,.T.);
#2840 = VERTEX_POINT('',#2841);
#2841 = CARTESIAN_POINT('',(67.,99.,82.786796564404));
#2842 = LINE('',#2843,#2844);
#2843 = CARTESIAN_POINT('',(67.,99.875,82.786796564404));
#2844 = VECTOR('',#2845,1.);
#2845 = DIRECTION('',(0.,1.,0.));
#2846 = ORIENTED_EDGE('',*,*,#2847,.F.);
#2847 = EDGE_CURVE('',#2848,#2840,#2850,.T.);
#2848 = VERTEX_POINT('',#2849);
#2849 = CARTESIAN_POINT('',(90.091883092037,99.,59.694913472367));
#2850 = LINE('',#2851,#2852);
#2851 = CARTESIAN_POINT('',(84.258252147248,99.,65.528544417156));
#2852 = VECTOR('',#2853,1.);
#2853 = DIRECTION('',(-0.707106781187,0.,0.707106781187));
#2854 = ORIENTED_EDGE('',*,*,#2855,.F.);
#2855 = EDGE_CURVE('',#2856,#2848,#2858,.T.);
#2856 = VERTEX_POINT('',#2857);
#2857 = CARTESIAN_POINT('',(90.091883092037,110.5,59.694913472367));
#2858 = LINE('',#2859,#2860);
#2859 = CARTESIAN_POINT('',(90.091883092037,122.625,59.694913472367));
#2860 = VECTOR('',#2861,1.);
#2861 = DIRECTION('',(-0.,-1.,-0.));
#2862 = ORIENTED_EDGE('',*,*,#2863,.T.);
#2863 = EDGE_CURVE('',#2856,#2864,#2866,.T.);
#2864 = VERTEX_POINT('',#2865);
#2865 = CARTESIAN_POINT('',(67.,110.5,82.786796564404));
#2866 = LINE('',#2867,#2868);
#2867 = CARTESIAN_POINT('',(97.786796564404,110.5,52.));
#2868 = VECTOR('',#2869,1.);
#2869 = DIRECTION('',(-0.707106781187,0.,0.707106781187));
#2870 = ORIENTED_EDGE('',*,*,#2871,.T.);
#2871 = EDGE_CURVE('',#2864,#2872,#2874,.T.);
#2872 = VERTEX_POINT('',#2873);
#2873 = CARTESIAN_POINT('',(67.,119.,82.786796564404));
#2874 = LINE('',#2875,#2876);
#2875 = CARTESIAN_POINT('',(67.,110.5,82.786796564404));
#2876 = VECTOR('',#2877,1.);
#2877 = DIRECTION('',(0.,1.,0.));
#2878 = ORIENTED_EDGE('',*,*,#2879,.F.);
#2879 = EDGE_CURVE('',#2880,#2872,#2882,.T.);
#2880 = VERTEX_POINT('',#2881);
#2881 = CARTESIAN_POINT('',(90.091883092037,119.,59.694913472367));
#2882 = LINE('',#2883,#2884);
#2883 = CARTESIAN_POINT('',(97.786796564404,119.,52.));
#2884 = VECTOR('',#2885,1.);
#2885 = DIRECTION('',(-0.707106781187,0.,0.707106781187));
#2886 = ORIENTED_EDGE('',*,*,#2887,.F.);
#2887 = EDGE_CURVE('',#2888,#2880,#2890,.T.);
#2888 = VERTEX_POINT('',#2889);
#2889 = CARTESIAN_POINT('',(90.091883092037,130.5,59.694913472367));
#2890 = LINE('',#2891,#2892);
#2891 = CARTESIAN_POINT('',(90.091883092037,122.625,59.694913472367));
#2892 = VECTOR('',#2893,1.);
#2893 = DIRECTION('',(-0.,-1.,-0.));
#2894 = ORIENTED_EDGE('',*,*,#2895,.F.);
#2895 = EDGE_CURVE('',#2725,#2888,#2896,.T.);
#2896 = LINE('',#2897,#2898);
#2897 = CARTESIAN_POINT('',(72.59099025767,130.5,77.195806306734));
#2898 = VECTOR('',#2899,1.);
#2899 = DIRECTION('',(0.707106781187,0.,-0.707106781187));
#2900 = ORIENTED_EDGE('',*,*,#2724,.T.);
#2901 = ORIENTED_EDGE('',*,*,#2902,.T.);
#2902 = EDGE_CURVE('',#2716,#2903,#2905,.T.);
#2903 = VERTEX_POINT('',#2904);
#2904 = CARTESIAN_POINT('',(61.277281758685,134.5,88.509514805719));
#2905 = CIRCLE('',#2906,4.5);
#2906 = AXIS2_PLACEMENT_3D('',#2907,#2908,#2909);
#2907 = CARTESIAN_POINT('',(64.459262274024,134.5,85.327534290379));
#2908 = DIRECTION('',(-0.707106781187,0.,-0.707106781187));
#2909 = DIRECTION('',(-0.707106781187,0.,0.707106781187));
#2910 = ORIENTED_EDGE('',*,*,#2911,.T.);
#2911 = EDGE_CURVE('',#2903,#2708,#2912,.T.);
#2912 = CIRCLE('',#2913,4.5);
#2913 = AXIS2_PLACEMENT_3D('',#2914,#2915,#2916);
#2914 = CARTESIAN_POINT('',(64.459262274024,134.5,85.327534290379));
#2915 = DIRECTION('',(-0.707106781187,0.,-0.707106781187));
#2916 = DIRECTION('',(-0.707106781187,0.,0.707106781187));
#2917 = ORIENTED_EDGE('',*,*,#2707,.T.);
#2918 = ORIENTED_EDGE('',*,*,#2919,.T.);
#2919 = EDGE_CURVE('',#2700,#2096,#2920,.T.);
#2920 = LINE('',#2921,#2922);
#2921 = CARTESIAN_POINT('',(58.272077938642,141.5,91.514718625761));
#2922 = VECTOR('',#2923,1.);
#2923 = DIRECTION('',(0.707106781187,0.,-0.707106781187));
#2924 = FACE_BOUND('',#2925,.F.);
#2925 = EDGE_LOOP('',(#2926));
#2926 = ORIENTED_EDGE('',*,*,#2927,.F.);
#2927 = EDGE_CURVE('',#2928,#2928,#2930,.T.);
#2928 = VERTEX_POINT('',#2929);
#2929 = CARTESIAN_POINT('',(90.763634534164,95.,59.02316203024));
#2930 = CIRCLE('',#2931,2.3);
#2931 = AXIS2_PLACEMENT_3D('',#2932,#2933,#2934);
#2932 = CARTESIAN_POINT('',(92.389980130893,95.,57.396816433511));
#2933 = DIRECTION('',(-0.707106781187,0.,-0.707106781187));
#2934 = DIRECTION('',(-0.707106781187,0.,0.707106781187));
#2935 = FACE_BOUND('',#2936,.F.);
#2936 = EDGE_LOOP('',(#2937));
#2937 = ORIENTED_EDGE('',*,*,#2938,.F.);
#2938 = EDGE_CURVE('',#2939,#2939,#2941,.T.);
#2939 = VERTEX_POINT('',#2940);
#2940 = CARTESIAN_POINT('',(62.832916677295,95.,86.953879887108));
#2941 = CIRCLE('',#2942,2.3);
#2942 = AXIS2_PLACEMENT_3D('',#2943,#2944,#2945);
#2943 = CARTESIAN_POINT('',(64.459262274024,95.,85.327534290379));
#2944 = DIRECTION('',(-0.707106781187,0.,-0.707106781187));
#2945 = DIRECTION('',(-0.707106781187,0.,0.707106781187));
#2946 = FACE_BOUND('',#2947,.F.);
#2947 = EDGE_LOOP('',(#2948));
#2948 = ORIENTED_EDGE('',*,*,#2949,.F.);
#2949 = EDGE_CURVE('',#2950,#2950,#2952,.T.);
#2950 = VERTEX_POINT('',#2951);
#2951 = CARTESIAN_POINT('',(90.763634534164,134.5,59.02316203024));
#2952 = CIRCLE('',#2953,2.3);
#2953 = AXIS2_PLACEMENT_3D('',#2954,#2955,#2956);
#2954 = CARTESIAN_POINT('',(92.389980130893,134.5,57.396816433511));
#2955 = DIRECTION('',(-0.707106781187,0.,-0.707106781187));
#2956 = DIRECTION('',(-0.707106781187,0.,0.707106781187));
#2957 = FACE_BOUND('',#2958,.F.);
#2958 = EDGE_LOOP('',(#2959));
#2959 = ORIENTED_EDGE('',*,*,#2960,.F.);
#2960 = EDGE_CURVE('',#2961,#2961,#2963,.T.);
#2961 = VERTEX_POINT('',#2962);
#2962 = CARTESIAN_POINT('',(62.832916677295,134.5,86.953879887108));
#2963 = CIRCLE('',#2964,2.3);
#2964 = AXIS2_PLACEMENT_3D('',#2965,#2966,#2967);
#2965 = CARTESIAN_POINT('',(64.459262274024,134.5,85.327534290379));
#2966 = DIRECTION('',(-0.707106781187,0.,-0.707106781187));
#2967 = DIRECTION('',(-0.707106781187,0.,0.707106781187));
#2968 = PLANE('',#2969);
#2969 = AXIS2_PLACEMENT_3D('',#2970,#2971,#2972);
#2970 = CARTESIAN_POINT('',(80.662580843264,114.75,69.12421572114));
#2971 = DIRECTION('',(0.707106781187,0.,0.707106781187));
#2972 = DIRECTION('',(0.707106781187,0.,-0.707106781187));
#2973 = ADVANCED_FACE('',(#2974),#2980,.T.);
#2974 = FACE_BOUND('',#2975,.F.);
#2975 = EDGE_LOOP('',(#2976,#2977,#2978,#2979));
#2976 = ORIENTED_EDGE('',*,*,#2919,.F.);
#2977 = ORIENTED_EDGE('',*,*,#2699,.T.);
#2978 = ORIENTED_EDGE('',*,*,#2749,.T.);
#2979 = ORIENTED_EDGE('',*,*,#2103,.F.);
#2980 = PLANE('',#2981);
#2981 = AXIS2_PLACEMENT_3D('',#2982,#2983,#2984);
#2982 = CARTESIAN_POINT('',(58.272077938642,141.5,91.514718625761));
#2983 = DIRECTION('',(0.,1.,0.));
#2984 = DIRECTION('',(-0.707106781187,0.,0.707106781187));
#2985 = ADVANCED_FACE('',(#2986),#2997,.F.);
#2986 = FACE_BOUND('',#2987,.T.);
#2987 = EDGE_LOOP('',(#2988,#2994,#2995,#2996));
#2988 = ORIENTED_EDGE('',*,*,#2989,.F.);
#2989 = EDGE_CURVE('',#2392,#2129,#2990,.T.);
#2990 = LINE('',#2991,#2992);
#2991 = CARTESIAN_POINT('',(67.,138.74165738677,52.));
#2992 = VECTOR('',#2993,1.);
#2993 = DIRECTION('',(0.,0.,-1.));
#2994 = ORIENTED_EDGE('',*,*,#2400,.F.);
#2995 = ORIENTED_EDGE('',*,*,#2359,.F.);
#2996 = ORIENTED_EDGE('',*,*,#2128,.F.);
#2997 = PLANE('',#2998);
#2998 = AXIS2_PLACEMENT_3D('',#2999,#3000,#3001);
#2999 = CARTESIAN_POINT('',(67.,132.5,82.786796564404));
#3000 = DIRECTION('',(1.,0.,0.));
#3001 = DIRECTION('',(0.,0.,1.));
#3002 = ADVANCED_FACE('',(#3003),#3014,.F.);
#3003 = FACE_BOUND('',#3004,.F.);
#3004 = EDGE_LOOP('',(#3005,#3006,#3007,#3008));
#3005 = ORIENTED_EDGE('',*,*,#2136,.F.);
#3006 = ORIENTED_EDGE('',*,*,#2989,.F.);
#3007 = ORIENTED_EDGE('',*,*,#2391,.T.);
#3008 = ORIENTED_EDGE('',*,*,#3009,.T.);
#3009 = EDGE_CURVE('',#2384,#2137,#3010,.T.);
#3010 = LINE('',#3011,#3012);
#3011 = CARTESIAN_POINT('',(68.241657386774,132.5,52.));
#3012 = VECTOR('',#3013,1.);
#3013 = DIRECTION('',(0.,0.,-1.));
#3014 = CYLINDRICAL_SURFACE('',#3015,4.5);
#3015 = AXIS2_PLACEMENT_3D('',#3016,#3017,#3018);
#3016 = CARTESIAN_POINT('',(64.5,135.,52.));
#3017 = DIRECTION('',(0.,0.,-1.));
#3018 = DIRECTION('',(-1.,-0.,-0.));
#3019 = ADVANCED_FACE('',(#3020),#3026,.F.);
#3020 = FACE_BOUND('',#3021,.T.);
#3021 = EDGE_LOOP('',(#3022,#3023,#3024,#3025));
#3022 = ORIENTED_EDGE('',*,*,#3009,.T.);
#3023 = ORIENTED_EDGE('',*,*,#2145,.T.);
#3024 = ORIENTED_EDGE('',*,*,#2427,.T.);
#3025 = ORIENTED_EDGE('',*,*,#2383,.F.);
#3026 = PLANE('',#3027);
#3027 = AXIS2_PLACEMENT_3D('',#3028,#3029,#3030);
#3028 = CARTESIAN_POINT('',(77.88477631085,132.5,62.88477631085));
#3029 = DIRECTION('',(0.,1.,0.));
#3030 = DIRECTION('',(0.,0.,-1.));
#3031 = ADVANCED_FACE('',(#3032),#3043,.T.);
#3032 = FACE_BOUND('',#3033,.F.);
#3033 = EDGE_LOOP('',(#3034,#3040,#3041,#3042));
#3034 = ORIENTED_EDGE('',*,*,#3035,.T.);
#3035 = EDGE_CURVE('',#2487,#2171,#3036,.T.);
#3036 = LINE('',#3037,#3038);
#3037 = CARTESIAN_POINT('',(68.531128874149,97.,52.));
#3038 = VECTOR('',#3039,1.);
#3039 = DIRECTION('',(0.,0.,-1.));
#3040 = ORIENTED_EDGE('',*,*,#2170,.T.);
#3041 = ORIENTED_EDGE('',*,*,#2454,.T.);
#3042 = ORIENTED_EDGE('',*,*,#2495,.F.);
#3043 = PLANE('',#3044);
#3044 = AXIS2_PLACEMENT_3D('',#3045,#3046,#3047);
#3045 = CARTESIAN_POINT('',(77.88477631085,97.,62.88477631085));
#3046 = DIRECTION('',(0.,1.,0.));
#3047 = DIRECTION('',(0.,0.,-1.));
#3048 = ADVANCED_FACE('',(#3049),#3060,.F.);
#3049 = FACE_BOUND('',#3050,.F.);
#3050 = EDGE_LOOP('',(#3051,#3052,#3053,#3054));
#3051 = ORIENTED_EDGE('',*,*,#2178,.F.);
#3052 = ORIENTED_EDGE('',*,*,#3035,.F.);
#3053 = ORIENTED_EDGE('',*,*,#2486,.T.);
#3054 = ORIENTED_EDGE('',*,*,#3055,.T.);
#3055 = EDGE_CURVE('',#2479,#2179,#3056,.T.);
#3056 = LINE('',#3057,#3058);
#3057 = CARTESIAN_POINT('',(67.,91.258342613226,52.));
#3058 = VECTOR('',#3059,1.);
#3059 = DIRECTION('',(0.,0.,-1.));
#3060 = CYLINDRICAL_SURFACE('',#3061,4.5);
#3061 = AXIS2_PLACEMENT_3D('',#3062,#3063,#3064);
#3062 = CARTESIAN_POINT('',(64.5,95.,52.));
#3063 = DIRECTION('',(0.,0.,-1.));
#3064 = DIRECTION('',(-1.,-0.,-0.));
#3065 = ADVANCED_FACE('',(#3066),#3072,.F.);
#3066 = FACE_BOUND('',#3067,.T.);
#3067 = EDGE_LOOP('',(#3068,#3069,#3070,#3071));
#3068 = ORIENTED_EDGE('',*,*,#2478,.F.);
#3069 = ORIENTED_EDGE('',*,*,#3055,.T.);
#3070 = ORIENTED_EDGE('',*,*,#2187,.F.);
#3071 = ORIENTED_EDGE('',*,*,#2522,.T.);
#3072 = PLANE('',#3073);
#3073 = AXIS2_PLACEMENT_3D('',#3074,#3075,#3076);
#3074 = CARTESIAN_POINT('',(67.,89.,82.786796564404));
#3075 = DIRECTION('',(1.,0.,0.));
#3076 = DIRECTION('',(0.,0.,1.));
#3077 = ADVANCED_FACE('',(#3078),#3094,.F.);
#3078 = FACE_BOUND('',#3079,.T.);
#3079 = EDGE_LOOP('',(#3080,#3086,#3087,#3093));
#3080 = ORIENTED_EDGE('',*,*,#3081,.F.);
#3081 = EDGE_CURVE('',#2205,#2614,#3082,.T.);
#3082 = LINE('',#3083,#3084);
#3083 = CARTESIAN_POINT('',(79.,119.,57.442388155425));
#3084 = VECTOR('',#3085,1.);
#3085 = DIRECTION('',(0.,0.,1.));
#3086 = ORIENTED_EDGE('',*,*,#2204,.T.);
#3087 = ORIENTED_EDGE('',*,*,#3088,.T.);
#3088 = EDGE_CURVE('',#2207,#2606,#3089,.T.);
#3089 = LINE('',#3090,#3091);
#3090 = CARTESIAN_POINT('',(79.,132.5,57.442388155425));
#3091 = VECTOR('',#3092,1.);
#3092 = DIRECTION('',(0.,0.,1.));
#3093 = ORIENTED_EDGE('',*,*,#2613,.F.);
#3094 = PLANE('',#3095);
#3095 = AXIS2_PLACEMENT_3D('',#3096,#3097,#3098);
#3096 = CARTESIAN_POINT('',(79.,89.,52.));
#3097 = DIRECTION('',(-1.,-0.,-0.));
#3098 = DIRECTION('',(0.,0.,-1.));
#3099 = ADVANCED_FACE('',(#3100),#3128,.F.);
#3100 = FACE_BOUND('',#3101,.T.);
#3101 = EDGE_LOOP('',(#3102,#3103,#3104,#3112,#3120,#3126,#3127));
#3102 = ORIENTED_EDGE('',*,*,#3088,.F.);
#3103 = ORIENTED_EDGE('',*,*,#2214,.T.);
#3104 = ORIENTED_EDGE('',*,*,#3105,.T.);
#3105 = EDGE_CURVE('',#2215,#3106,#3108,.T.);
#3106 = VERTEX_POINT('',#3107);
#3107 = CARTESIAN_POINT('',(83.175580537466,132.5,53.883293965579));
#3108 = LINE('',#3109,#3110);
#3109 = CARTESIAN_POINT('',(81.027728175869,132.5,56.031146327177));
#3110 = VECTOR('',#3111,1.);
#3111 = DIRECTION('',(-0.707106781187,0.,0.707106781187));
#3112 = ORIENTED_EDGE('',*,*,#3113,.T.);
#3113 = EDGE_CURVE('',#3106,#3114,#3116,.T.);
#3114 = VERTEX_POINT('',#3115);
#3115 = CARTESIAN_POINT('',(86.004007662212,132.5,56.711721090326));
#3116 = LINE('',#3117,#3118);
#3117 = CARTESIAN_POINT('',(83.175580537466,132.5,53.883293965579));
#3118 = VECTOR('',#3119,1.);
#3119 = DIRECTION('',(0.707106781187,0.,0.707106781187));
#3120 = ORIENTED_EDGE('',*,*,#3121,.T.);
#3121 = EDGE_CURVE('',#3114,#2676,#3122,.T.);
#3122 = LINE('',#3123,#3124);
#3123 = CARTESIAN_POINT('',(76.873475836398,132.5,65.842252916141));
#3124 = VECTOR('',#3125,1.);
#3125 = DIRECTION('',(-0.707106781187,0.,0.707106781187));
#3126 = ORIENTED_EDGE('',*,*,#2683,.T.);
#3127 = ORIENTED_EDGE('',*,*,#2605,.T.);
#3128 = PLANE('',#3129);
#3129 = AXIS2_PLACEMENT_3D('',#3130,#3131,#3132);
#3130 = CARTESIAN_POINT('',(77.88477631085,132.5,62.88477631085));
#3131 = DIRECTION('',(0.,1.,0.));
#3132 = DIRECTION('',(0.,0.,-1.));
#3133 = ADVANCED_FACE('',(#3134),#3145,.F.);
#3134 = FACE_BOUND('',#3135,.T.);
#3135 = EDGE_LOOP('',(#3136,#3137,#3144));
#3136 = ORIENTED_EDGE('',*,*,#2222,.T.);
#3137 = ORIENTED_EDGE('',*,*,#3138,.T.);
#3138 = EDGE_CURVE('',#2223,#3106,#3139,.T.);
#3139 = CIRCLE('',#3140,4.5);
#3140 = AXIS2_PLACEMENT_3D('',#3141,#3142,#3143);
#3141 = CARTESIAN_POINT('',(86.026019100214,134.5,51.032855402832));
#3142 = DIRECTION('',(-0.707106781187,0.,-0.707106781187));
#3143 = DIRECTION('',(-0.707106781187,0.,0.707106781187));
#3144 = ORIENTED_EDGE('',*,*,#3105,.F.);
#3145 = PLANE('',#3146);
#3146 = AXIS2_PLACEMENT_3D('',#3147,#3148,#3149);
#3147 = CARTESIAN_POINT('',(86.026019100214,134.5,51.032855402832));
#3148 = DIRECTION('',(0.707106781187,0.,0.707106781187));
#3149 = DIRECTION('',(0.707106781187,0.,-0.707106781187));
#3150 = ADVANCED_FACE('',(#3151),#3163,.T.);
#3151 = FACE_BOUND('',#3152,.F.);
#3152 = EDGE_LOOP('',(#3153,#3154,#3155,#3156));
#3153 = ORIENTED_EDGE('',*,*,#2230,.T.);
#3154 = ORIENTED_EDGE('',*,*,#3138,.T.);
#3155 = ORIENTED_EDGE('',*,*,#3113,.T.);
#3156 = ORIENTED_EDGE('',*,*,#3157,.F.);
#3157 = EDGE_CURVE('',#2231,#3114,#3158,.T.);
#3158 = CIRCLE('',#3159,4.5);
#3159 = AXIS2_PLACEMENT_3D('',#3160,#3161,#3162);
#3160 = CARTESIAN_POINT('',(88.85444622496,134.5,53.861282527578));
#3161 = DIRECTION('',(-0.707106781187,0.,-0.707106781187));
#3162 = DIRECTION('',(-0.707106781187,0.,0.707106781187));
#3163 = CYLINDRICAL_SURFACE('',#3164,4.5);
#3164 = AXIS2_PLACEMENT_3D('',#3165,#3166,#3167);
#3165 = CARTESIAN_POINT('',(86.026019100214,134.5,51.032855402832));
#3166 = DIRECTION('',(0.707106781187,0.,0.707106781187));
#3167 = DIRECTION('',(-0.707106781187,0.,0.707106781187));
#3168 = ADVANCED_FACE('',(#3169),#3197,.F.);
#3169 = FACE_BOUND('',#3170,.T.);
#3170 = EDGE_LOOP('',(#3171,#3172,#3180,#3188,#3194,#3195,#3196));
#3171 = ORIENTED_EDGE('',*,*,#2239,.F.);
#3172 = ORIENTED_EDGE('',*,*,#3173,.T.);
#3173 = EDGE_CURVE('',#2240,#3174,#3176,.T.);
#3174 = VERTEX_POINT('',#3175);
#3175 = CARTESIAN_POINT('',(86.556349186104,119.,56.159379566434));
#3176 = LINE('',#3177,#3178);
#3177 = CARTESIAN_POINT('',(76.873475836398,119.,65.842252916141));
#3178 = VECTOR('',#3179,1.);
#3179 = DIRECTION('',(-0.707106781187,0.,0.707106781187));
#3180 = ORIENTED_EDGE('',*,*,#3181,.F.);
#3181 = EDGE_CURVE('',#3182,#3174,#3184,.T.);
#3182 = VERTEX_POINT('',#3183);
#3183 = CARTESIAN_POINT('',(86.556349186104,130.5,56.159379566434));
#3184 = LINE('',#3185,#3186);
#3185 = CARTESIAN_POINT('',(86.556349186104,122.625,56.159379566434));
#3186 = VECTOR('',#3187,1.);
#3187 = DIRECTION('',(-0.,-1.,-0.));
#3188 = ORIENTED_EDGE('',*,*,#3189,.F.);
#3189 = EDGE_CURVE('',#2674,#3182,#3190,.T.);
#3190 = LINE('',#3191,#3192);
#3191 = CARTESIAN_POINT('',(69.055456351737,130.5,73.660272400801));
#3192 = VECTOR('',#3193,1.);
#3193 = DIRECTION('',(0.707106781187,0.,-0.707106781187));
#3194 = ORIENTED_EDGE('',*,*,#2673,.T.);
#3195 = ORIENTED_EDGE('',*,*,#3121,.F.);
#3196 = ORIENTED_EDGE('',*,*,#3157,.F.);
#3197 = PLANE('',#3198);
#3198 = AXIS2_PLACEMENT_3D('',#3199,#3200,#3201);
#3199 = CARTESIAN_POINT('',(74.889087296526,114.75,67.826641456012));
#3200 = DIRECTION('',(0.707106781187,0.,0.707106781187));
#3201 = DIRECTION('',(-0.707106781187,0.,0.707106781187));
#3202 = ADVANCED_FACE('',(#3203),#3222,.T.);
#3203 = FACE_BOUND('',#3204,.F.);
#3204 = EDGE_LOOP('',(#3205,#3206,#3207,#3208,#3214,#3215,#3221));
#3205 = ORIENTED_EDGE('',*,*,#3081,.F.);
#3206 = ORIENTED_EDGE('',*,*,#2247,.T.);
#3207 = ORIENTED_EDGE('',*,*,#3173,.T.);
#3208 = ORIENTED_EDGE('',*,*,#3209,.T.);
#3209 = EDGE_CURVE('',#3174,#2880,#3210,.T.);
#3210 = LINE('',#3211,#3212);
#3211 = CARTESIAN_POINT('',(88.191125496954,119.,57.794155877284));
#3212 = VECTOR('',#3213,1.);
#3213 = DIRECTION('',(0.707106781187,0.,0.707106781187));
#3214 = ORIENTED_EDGE('',*,*,#2879,.T.);
#3215 = ORIENTED_EDGE('',*,*,#3216,.T.);
#3216 = EDGE_CURVE('',#2872,#2622,#3217,.T.);
#3217 = LINE('',#3218,#3219);
#3218 = CARTESIAN_POINT('',(67.,119.,82.786796564404));
#3219 = VECTOR('',#3220,1.);
#3220 = DIRECTION('',(-0.,-0.,-1.));
#3221 = ORIENTED_EDGE('',*,*,#2621,.T.);
#3222 = PLANE('',#3223);
#3223 = AXIS2_PLACEMENT_3D('',#3224,#3225,#3226);
#3224 = CARTESIAN_POINT('',(77.88477631085,119.,62.88477631085));
#3225 = DIRECTION('',(0.,1.,0.));
#3226 = DIRECTION('',(0.,0.,-1.));
#3227 = ADVANCED_FACE('',(#3228),#3244,.F.);
#3228 = FACE_BOUND('',#3229,.T.);
#3229 = EDGE_LOOP('',(#3230,#3236,#3237,#3243));
#3230 = ORIENTED_EDGE('',*,*,#3231,.F.);
#3231 = EDGE_CURVE('',#2256,#2571,#3232,.T.);
#3232 = LINE('',#3233,#3234);
#3233 = CARTESIAN_POINT('',(79.,97.,57.442388155425));
#3234 = VECTOR('',#3235,1.);
#3235 = DIRECTION('',(0.,0.,1.));
#3236 = ORIENTED_EDGE('',*,*,#2255,.T.);
#3237 = ORIENTED_EDGE('',*,*,#3238,.T.);
#3238 = EDGE_CURVE('',#2258,#2573,#3239,.T.);
#3239 = LINE('',#3240,#3241);
#3240 = CARTESIAN_POINT('',(79.,110.5,57.442388155425));
#3241 = VECTOR('',#3242,1.);
#3242 = DIRECTION('',(0.,0.,1.));
#3243 = ORIENTED_EDGE('',*,*,#2570,.F.);
#3244 = PLANE('',#3245);
#3245 = AXIS2_PLACEMENT_3D('',#3246,#3247,#3248);
#3246 = CARTESIAN_POINT('',(79.,89.,52.));
#3247 = DIRECTION('',(-1.,-0.,-0.));
#3248 = DIRECTION('',(0.,0.,-1.));
#3249 = ADVANCED_FACE('',(#3250),#3276,.F.);
#3250 = FACE_BOUND('',#3251,.T.);
#3251 = EDGE_LOOP('',(#3252,#3253,#3254,#3262,#3268,#3269,#3275));
#3252 = ORIENTED_EDGE('',*,*,#3238,.F.);
#3253 = ORIENTED_EDGE('',*,*,#2265,.T.);
#3254 = ORIENTED_EDGE('',*,*,#3255,.T.);
#3255 = EDGE_CURVE('',#2266,#3256,#3258,.T.);
#3256 = VERTEX_POINT('',#3257);
#3257 = CARTESIAN_POINT('',(86.556349186104,110.5,56.159379566434));
#3258 = LINE('',#3259,#3260);
#3259 = CARTESIAN_POINT('',(76.873475836398,110.5,65.842252916141));
#3260 = VECTOR('',#3261,1.);
#3261 = DIRECTION('',(-0.707106781187,0.,0.707106781187));
#3262 = ORIENTED_EDGE('',*,*,#3263,.T.);
#3263 = EDGE_CURVE('',#3256,#2856,#3264,.T.);
#3264 = LINE('',#3265,#3266);
#3265 = CARTESIAN_POINT('',(88.191125496954,110.5,57.794155877284));
#3266 = VECTOR('',#3267,1.);
#3267 = DIRECTION('',(0.707106781187,0.,0.707106781187));
#3268 = ORIENTED_EDGE('',*,*,#2863,.T.);
#3269 = ORIENTED_EDGE('',*,*,#3270,.T.);
#3270 = EDGE_CURVE('',#2864,#2630,#3271,.T.);
#3271 = LINE('',#3272,#3273);
#3272 = CARTESIAN_POINT('',(67.,110.5,82.786796564404));
#3273 = VECTOR('',#3274,1.);
#3274 = DIRECTION('',(-0.,-0.,-1.));
#3275 = ORIENTED_EDGE('',*,*,#2637,.T.);
#3276 = PLANE('',#3277);
#3277 = AXIS2_PLACEMENT_3D('',#3278,#3279,#3280);
#3278 = CARTESIAN_POINT('',(77.88477631085,110.5,62.88477631085));
#3279 = DIRECTION('',(0.,1.,0.));
#3280 = DIRECTION('',(0.,0.,-1.));
#3281 = ADVANCED_FACE('',(#3282),#3325,.F.);
#3282 = FACE_BOUND('',#3283,.T.);
#3283 = EDGE_LOOP('',(#3284,#3285,#3294,#3302,#3310,#3318,#3324));
#3284 = ORIENTED_EDGE('',*,*,#2273,.F.);
#3285 = ORIENTED_EDGE('',*,*,#3286,.F.);
#3286 = EDGE_CURVE('',#3287,#2274,#3289,.T.);
#3287 = VERTEX_POINT('',#3288);
#3288 = CARTESIAN_POINT('',(86.004007662213,97.,56.711721090325));
#3289 = CIRCLE('',#3290,4.5);
#3290 = AXIS2_PLACEMENT_3D('',#3291,#3292,#3293);
#3291 = CARTESIAN_POINT('',(88.85444622496,95.,53.861282527578));
#3292 = DIRECTION('',(-0.707106781187,0.,-0.707106781187));
#3293 = DIRECTION('',(-0.707106781187,0.,0.707106781187));
#3294 = ORIENTED_EDGE('',*,*,#3295,.T.);
#3295 = EDGE_CURVE('',#3287,#3296,#3298,.T.);
#3296 = VERTEX_POINT('',#3297);
#3297 = CARTESIAN_POINT('',(67.,97.,75.715728752538));
#3298 = LINE('',#3299,#3300);
#3299 = CARTESIAN_POINT('',(76.873475836398,97.,65.842252916141));
#3300 = VECTOR('',#3301,1.);
#3301 = DIRECTION('',(-0.707106781187,0.,0.707106781187));
#3302 = ORIENTED_EDGE('',*,*,#3303,.T.);
#3303 = EDGE_CURVE('',#3296,#3304,#3306,.T.);
#3304 = VERTEX_POINT('',#3305);
#3305 = CARTESIAN_POINT('',(67.,99.,75.715728752538));
#3306 = LINE('',#3307,#3308);
#3307 = CARTESIAN_POINT('',(67.,99.875,75.715728752538));
#3308 = VECTOR('',#3309,1.);
#3309 = DIRECTION('',(0.,1.,0.));
#3310 = ORIENTED_EDGE('',*,*,#3311,.F.);
#3311 = EDGE_CURVE('',#3312,#3304,#3314,.T.);
#3312 = VERTEX_POINT('',#3313);
#3313 = CARTESIAN_POINT('',(86.556349186104,99.,56.159379566434));
#3314 = LINE('',#3315,#3316);
#3315 = CARTESIAN_POINT('',(80.722718241315,99.,61.993010511223));
#3316 = VECTOR('',#3317,1.);
#3317 = DIRECTION('',(-0.707106781187,0.,0.707106781187));
#3318 = ORIENTED_EDGE('',*,*,#3319,.F.);
#3319 = EDGE_CURVE('',#3256,#3312,#3320,.T.);
#3320 = LINE('',#3321,#3322);
#3321 = CARTESIAN_POINT('',(86.556349186104,122.625,56.159379566434));
#3322 = VECTOR('',#3323,1.);
#3323 = DIRECTION('',(-0.,-1.,-0.));
#3324 = ORIENTED_EDGE('',*,*,#3255,.F.);
#3325 = PLANE('',#3326);
#3326 = AXIS2_PLACEMENT_3D('',#3327,#3328,#3329);
#3327 = CARTESIAN_POINT('',(74.889087296526,114.75,67.826641456012));
#3328 = DIRECTION('',(0.707106781187,0.,0.707106781187));
#3329 = DIRECTION('',(-0.707106781187,0.,0.707106781187));
#3330 = ADVANCED_FACE('',(#3331),#3350,.T.);
#3331 = FACE_BOUND('',#3332,.F.);
#3332 = EDGE_LOOP('',(#3333,#3341,#3348,#3349));
#3333 = ORIENTED_EDGE('',*,*,#3334,.F.);
#3334 = EDGE_CURVE('',#3335,#3287,#3337,.T.);
#3335 = VERTEX_POINT('',#3336);
#3336 = CARTESIAN_POINT('',(83.175580537466,97.,53.883293965579));
#3337 = LINE('',#3338,#3339);
#3338 = CARTESIAN_POINT('',(83.175580537466,97.,53.883293965579));
#3339 = VECTOR('',#3340,1.);
#3340 = DIRECTION('',(0.707106781187,0.,0.707106781187));
#3341 = ORIENTED_EDGE('',*,*,#3342,.T.);
#3342 = EDGE_CURVE('',#3335,#2282,#3343,.T.);
#3343 = CIRCLE('',#3344,4.5);
#3344 = AXIS2_PLACEMENT_3D('',#3345,#3346,#3347);
#3345 = CARTESIAN_POINT('',(86.026019100214,95.,51.032855402832));
#3346 = DIRECTION('',(-0.707106781187,0.,-0.707106781187));
#3347 = DIRECTION('',(-0.707106781187,0.,0.707106781187));
#3348 = ORIENTED_EDGE('',*,*,#2281,.T.);
#3349 = ORIENTED_EDGE('',*,*,#3286,.F.);
#3350 = CYLINDRICAL_SURFACE('',#3351,4.5);
#3351 = AXIS2_PLACEMENT_3D('',#3352,#3353,#3354);
#3352 = CARTESIAN_POINT('',(86.026019100214,95.,51.032855402832));
#3353 = DIRECTION('',(0.707106781187,0.,0.707106781187));
#3354 = DIRECTION('',(-0.707106781187,0.,0.707106781187));
#3355 = ADVANCED_FACE('',(#3356),#3366,.F.);
#3356 = FACE_BOUND('',#3357,.T.);
#3357 = EDGE_LOOP('',(#3358,#3364,#3365));
#3358 = ORIENTED_EDGE('',*,*,#3359,.T.);
#3359 = EDGE_CURVE('',#2291,#3335,#3360,.T.);
#3360 = LINE('',#3361,#3362);
#3361 = CARTESIAN_POINT('',(81.027728175869,97.,56.031146327177));
#3362 = VECTOR('',#3363,1.);
#3363 = DIRECTION('',(-0.707106781187,0.,0.707106781187));
#3364 = ORIENTED_EDGE('',*,*,#3342,.T.);
#3365 = ORIENTED_EDGE('',*,*,#2290,.T.);
#3366 = PLANE('',#3367);
#3367 = AXIS2_PLACEMENT_3D('',#3368,#3369,#3370);
#3368 = CARTESIAN_POINT('',(86.026019100214,95.,51.032855402832));
#3369 = DIRECTION('',(0.707106781187,0.,0.707106781187));
#3370 = DIRECTION('',(0.707106781187,0.,-0.707106781187));
#3371 = ADVANCED_FACE('',(#3372),#3386,.T.);
#3372 = FACE_BOUND('',#3373,.F.);
#3373 = EDGE_LOOP('',(#3374,#3375,#3376,#3377,#3378,#3379,#3385));
#3374 = ORIENTED_EDGE('',*,*,#3231,.F.);
#3375 = ORIENTED_EDGE('',*,*,#2298,.T.);
#3376 = ORIENTED_EDGE('',*,*,#3359,.T.);
#3377 = ORIENTED_EDGE('',*,*,#3334,.T.);
#3378 = ORIENTED_EDGE('',*,*,#3295,.T.);
#3379 = ORIENTED_EDGE('',*,*,#3380,.T.);
#3380 = EDGE_CURVE('',#3296,#2581,#3381,.T.);
#3381 = LINE('',#3382,#3383);
#3382 = CARTESIAN_POINT('',(67.,97.,82.786796564404));
#3383 = VECTOR('',#3384,1.);
#3384 = DIRECTION('',(-0.,-0.,-1.));
#3385 = ORIENTED_EDGE('',*,*,#2580,.T.);
#3386 = PLANE('',#3387);
#3387 = AXIS2_PLACEMENT_3D('',#3388,#3389,#3390);
#3388 = CARTESIAN_POINT('',(77.88477631085,97.,62.88477631085));
#3389 = DIRECTION('',(0.,1.,0.));
#3390 = DIRECTION('',(0.,0.,-1.));
#3391 = ADVANCED_FACE('',(#3392),#3428,.F.);
#3392 = FACE_BOUND('',#3393,.T.);
#3393 = EDGE_LOOP('',(#3394,#3402,#3411,#3420,#3426,#3427));
#3394 = ORIENTED_EDGE('',*,*,#3395,.T.);
#3395 = EDGE_CURVE('',#2318,#3396,#3398,.T.);
#3396 = VERTEX_POINT('',#3397);
#3397 = CARTESIAN_POINT('',(71.079215610874,119.,54.9));
#3398 = LINE('',#3399,#3400);
#3399 = CARTESIAN_POINT('',(71.079215610874,119.,51.95));
#3400 = VECTOR('',#3401,1.);
#3401 = DIRECTION('',(0.,0.,1.));
#3402 = ORIENTED_EDGE('',*,*,#3403,.F.);
#3403 = EDGE_CURVE('',#3404,#3396,#3406,.T.);
#3404 = VERTEX_POINT('',#3405);
#3405 = CARTESIAN_POINT('',(62.8,120.,54.9));
#3406 = CIRCLE('',#3407,4.2);
#3407 = AXIS2_PLACEMENT_3D('',#3408,#3409,#3410);
#3408 = CARTESIAN_POINT('',(67.,120.,54.9));
#3409 = DIRECTION('',(0.,0.,-1.));
#3410 = DIRECTION('',(-1.,-0.,-0.));
#3411 = ORIENTED_EDGE('',*,*,#3412,.F.);
#3412 = EDGE_CURVE('',#3413,#3404,#3415,.T.);
#3413 = VERTEX_POINT('',#3414);
#3414 = CARTESIAN_POINT('',(67.,115.8,54.9));
#3415 = CIRCLE('',#3416,4.2);
#3416 = AXIS2_PLACEMENT_3D('',#3417,#3418,#3419);
#3417 = CARTESIAN_POINT('',(67.,120.,54.9));
#3418 = DIRECTION('',(0.,0.,-1.));
#3419 = DIRECTION('',(-1.,-0.,-0.));
#3420 = ORIENTED_EDGE('',*,*,#3421,.F.);
#3421 = EDGE_CURVE('',#2307,#3413,#3422,.T.);
#3422 = LINE('',#3423,#3424);
#3423 = CARTESIAN_POINT('',(67.,115.8,51.95));
#3424 = VECTOR('',#3425,1.);
#3425 = DIRECTION('',(0.,0.,1.));
#3426 = ORIENTED_EDGE('',*,*,#2306,.T.);
#3427 = ORIENTED_EDGE('',*,*,#2317,.T.);
#3428 = CYLINDRICAL_SURFACE('',#3429,4.2);
#3429 = AXIS2_PLACEMENT_3D('',#3430,#3431,#3432);
#3430 = CARTESIAN_POINT('',(67.,120.,51.95));
#3431 = DIRECTION('',(0.,0.,1.));
#3432 = DIRECTION('',(-1.,-0.,-0.));
#3433 = ADVANCED_FACE('',(#3434),#3452,.T.);
#3434 = FACE_BOUND('',#3435,.F.);
#3435 = EDGE_LOOP('',(#3436,#3437,#3438,#3446));
#3436 = ORIENTED_EDGE('',*,*,#2326,.T.);
#3437 = ORIENTED_EDGE('',*,*,#3395,.T.);
#3438 = ORIENTED_EDGE('',*,*,#3439,.F.);
#3439 = EDGE_CURVE('',#3440,#3396,#3442,.T.);
#3440 = VERTEX_POINT('',#3441);
#3441 = CARTESIAN_POINT('',(67.,119.,54.9));
#3442 = LINE('',#3443,#3444);
#3443 = CARTESIAN_POINT('',(72.442388155425,119.,54.9));
#3444 = VECTOR('',#3445,1.);
#3445 = DIRECTION('',(1.,0.,0.));
#3446 = ORIENTED_EDGE('',*,*,#3447,.T.);
#3447 = EDGE_CURVE('',#3440,#2327,#3448,.T.);
#3448 = LINE('',#3449,#3450);
#3449 = CARTESIAN_POINT('',(67.,119.,82.786796564404));
#3450 = VECTOR('',#3451,1.);
#3451 = DIRECTION('',(-0.,-0.,-1.));
#3452 = PLANE('',#3453);
#3453 = AXIS2_PLACEMENT_3D('',#3454,#3455,#3456);
#3454 = CARTESIAN_POINT('',(77.88477631085,119.,62.88477631085));
#3455 = DIRECTION('',(0.,1.,0.));
#3456 = DIRECTION('',(0.,0.,-1.));
#3457 = ADVANCED_FACE('',(#3458),#3469,.F.);
#3458 = FACE_BOUND('',#3459,.T.);
#3459 = EDGE_LOOP('',(#3460,#3466,#3467,#3468));
#3460 = ORIENTED_EDGE('',*,*,#3461,.F.);
#3461 = EDGE_CURVE('',#3440,#3413,#3462,.T.);
#3462 = LINE('',#3463,#3464);
#3463 = CARTESIAN_POINT('',(67.,115.25,54.9));
#3464 = VECTOR('',#3465,1.);
#3465 = DIRECTION('',(-0.,-1.,-0.));
#3466 = ORIENTED_EDGE('',*,*,#3447,.T.);
#3467 = ORIENTED_EDGE('',*,*,#2334,.F.);
#3468 = ORIENTED_EDGE('',*,*,#3421,.T.);
#3469 = PLANE('',#3470);
#3470 = AXIS2_PLACEMENT_3D('',#3471,#3472,#3473);
#3471 = CARTESIAN_POINT('',(67.,110.5,82.786796564404));
#3472 = DIRECTION('',(1.,0.,0.));
#3473 = DIRECTION('',(0.,0.,1.));
#3474 = ADVANCED_FACE('',(#3475),#3486,.F.);
#3475 = FACE_BOUND('',#3476,.T.);
#3476 = EDGE_LOOP('',(#3477,#3478,#3484,#3485));
#3477 = ORIENTED_EDGE('',*,*,#2656,.F.);
#3478 = ORIENTED_EDGE('',*,*,#3479,.F.);
#3479 = EDGE_CURVE('',#2410,#2657,#3480,.T.);
#3480 = LINE('',#3481,#3482);
#3481 = CARTESIAN_POINT('',(62.7,135.,57.9));
#3482 = VECTOR('',#3483,1.);
#3483 = DIRECTION('',(0.,0.,1.));
#3484 = ORIENTED_EDGE('',*,*,#2409,.T.);
#3485 = ORIENTED_EDGE('',*,*,#3479,.T.);
#3486 = CYLINDRICAL_SURFACE('',#3487,1.8);
#3487 = AXIS2_PLACEMENT_3D('',#3488,#3489,#3490);
#3488 = CARTESIAN_POINT('',(64.5,135.,57.9));
#3489 = DIRECTION('',(0.,0.,1.));
#3490 = DIRECTION('',(-1.,-0.,-0.));
#3491 = ADVANCED_FACE('',(#3492),#3503,.F.);
#3492 = FACE_BOUND('',#3493,.T.);
#3493 = EDGE_LOOP('',(#3494,#3495,#3501,#3502));
#3494 = ORIENTED_EDGE('',*,*,#2645,.F.);
#3495 = ORIENTED_EDGE('',*,*,#3496,.F.);
#3496 = EDGE_CURVE('',#2505,#2646,#3497,.T.);
#3497 = LINE('',#3498,#3499);
#3498 = CARTESIAN_POINT('',(62.7,95.,57.9));
#3499 = VECTOR('',#3500,1.);
#3500 = DIRECTION('',(0.,0.,1.));
#3501 = ORIENTED_EDGE('',*,*,#2504,.T.);
#3502 = ORIENTED_EDGE('',*,*,#3496,.T.);
#3503 = CYLINDRICAL_SURFACE('',#3504,1.8);
#3504 = AXIS2_PLACEMENT_3D('',#3505,#3506,#3507);
#3505 = CARTESIAN_POINT('',(64.5,95.,57.9));
#3506 = DIRECTION('',(0.,0.,1.));
#3507 = DIRECTION('',(-1.,-0.,-0.));
#3508 = ADVANCED_FACE('',(#3509),#3532,.T.);
#3509 = FACE_BOUND('',#3510,.F.);
#3510 = EDGE_LOOP('',(#3511,#3512,#3513,#3514,#3515,#3516,#3522,#3523,
    #3530,#3531));
#3511 = ORIENTED_EDGE('',*,*,#2772,.T.);
#3512 = ORIENTED_EDGE('',*,*,#2547,.T.);
#3513 = ORIENTED_EDGE('',*,*,#2588,.F.);
#3514 = ORIENTED_EDGE('',*,*,#3380,.F.);
#3515 = ORIENTED_EDGE('',*,*,#3303,.T.);
#3516 = ORIENTED_EDGE('',*,*,#3517,.F.);
#3517 = EDGE_CURVE('',#2840,#3304,#3518,.T.);
#3518 = LINE('',#3519,#3520);
#3519 = CARTESIAN_POINT('',(67.,99.,56.201010126777));
#3520 = VECTOR('',#3521,1.);
#3521 = DIRECTION('',(-0.,-0.,-1.));
#3522 = ORIENTED_EDGE('',*,*,#2839,.F.);
#3523 = ORIENTED_EDGE('',*,*,#3524,.F.);
#3524 = EDGE_CURVE('',#2814,#2831,#3525,.T.);
#3525 = ELLIPSE('',#3526,6.363961030679,4.5);
#3526 = AXIS2_PLACEMENT_3D('',#3527,#3528,#3529);
#3527 = CARTESIAN_POINT('',(67.,95.,87.868272016355));
#3528 = DIRECTION('',(1.,0.,0.));
#3529 = DIRECTION('',(0.,0.,1.));
#3530 = ORIENTED_EDGE('',*,*,#2813,.F.);
#3531 = ORIENTED_EDGE('',*,*,#2797,.F.);
#3532 = PLANE('',#3533);
#3533 = AXIS2_PLACEMENT_3D('',#3534,#3535,#3536);
#3534 = CARTESIAN_POINT('',(67.,93.284254309415,73.040635353957));
#3535 = DIRECTION('',(-1.,-0.,-0.));
#3536 = DIRECTION('',(0.,0.,-1.));
#3537 = ADVANCED_FACE('',(#3538),#3544,.F.);
#3538 = FACE_BOUND('',#3539,.T.);
#3539 = EDGE_LOOP('',(#3540,#3541,#3542,#3543));
#3540 = ORIENTED_EDGE('',*,*,#3270,.F.);
#3541 = ORIENTED_EDGE('',*,*,#2871,.T.);
#3542 = ORIENTED_EDGE('',*,*,#3216,.T.);
#3543 = ORIENTED_EDGE('',*,*,#2629,.T.);
#3544 = PLANE('',#3545);
#3545 = AXIS2_PLACEMENT_3D('',#3546,#3547,#3548);
#3546 = CARTESIAN_POINT('',(67.,110.5,82.786796564404));
#3547 = DIRECTION('',(1.,0.,0.));
#3548 = DIRECTION('',(0.,0.,1.));
#3549 = ADVANCED_FACE('',(#3550),#3561,.F.);
#3550 = FACE_BOUND('',#3551,.T.);
#3551 = EDGE_LOOP('',(#3552,#3558,#3559,#3560));
#3552 = ORIENTED_EDGE('',*,*,#3553,.F.);
#3553 = EDGE_CURVE('',#2888,#3182,#3554,.T.);
#3554 = LINE('',#3555,#3556);
#3555 = CARTESIAN_POINT('',(90.798989873223,130.5,60.402020253553));
#3556 = VECTOR('',#3557,1.);
#3557 = DIRECTION('',(-0.707106781187,-0.,-0.707106781187));
#3558 = ORIENTED_EDGE('',*,*,#2895,.F.);
#3559 = ORIENTED_EDGE('',*,*,#2732,.F.);
#3560 = ORIENTED_EDGE('',*,*,#3189,.T.);
#3561 = PLANE('',#3562);
#3562 = AXIS2_PLACEMENT_3D('',#3563,#3564,#3565);
#3563 = CARTESIAN_POINT('',(67.464466094067,130.5,83.736544032709));
#3564 = DIRECTION('',(0.,1.,0.));
#3565 = DIRECTION('',(-0.707106781187,0.,0.707106781187));
#3566 = ADVANCED_FACE('',(#3567),#3588,.T.);
#3567 = FACE_BOUND('',#3568,.F.);
#3568 = EDGE_LOOP('',(#3569,#3577,#3578,#3579,#3580,#3581));
#3569 = ORIENTED_EDGE('',*,*,#3570,.T.);
#3570 = EDGE_CURVE('',#3571,#2903,#3573,.T.);
#3571 = VERTEX_POINT('',#3572);
#3572 = CARTESIAN_POINT('',(54.913320728006,134.5,82.14555377504));
#3573 = LINE('',#3574,#3575);
#3574 = CARTESIAN_POINT('',(54.913320728006,134.5,82.14555377504));
#3575 = VECTOR('',#3576,1.);
#3576 = DIRECTION('',(0.707106781187,0.,0.707106781187));
#3577 = ORIENTED_EDGE('',*,*,#2902,.F.);
#3578 = ORIENTED_EDGE('',*,*,#2715,.T.);
#3579 = ORIENTED_EDGE('',*,*,#2911,.F.);
#3580 = ORIENTED_EDGE('',*,*,#3570,.F.);
#3581 = ORIENTED_EDGE('',*,*,#3582,.T.);
#3582 = EDGE_CURVE('',#3571,#3571,#3583,.T.);
#3583 = CIRCLE('',#3584,4.5);
#3584 = AXIS2_PLACEMENT_3D('',#3585,#3586,#3587);
#3585 = CARTESIAN_POINT('',(58.095301243346,134.5,78.9635732597));
#3586 = DIRECTION('',(-0.707106781187,0.,-0.707106781187));
#3587 = DIRECTION('',(-0.707106781187,0.,0.707106781187));
#3588 = CYLINDRICAL_SURFACE('',#3589,4.5);
#3589 = AXIS2_PLACEMENT_3D('',#3590,#3591,#3592);
#3590 = CARTESIAN_POINT('',(58.095301243346,134.5,78.9635732597));
#3591 = DIRECTION('',(0.707106781187,0.,0.707106781187));
#3592 = DIRECTION('',(-0.707106781187,0.,0.707106781187));
#3593 = ADVANCED_FACE('',(#3594),#3615,.T.);
#3594 = FACE_BOUND('',#3595,.F.);
#3595 = EDGE_LOOP('',(#3596,#3604,#3605,#3606,#3607,#3608));
#3596 = ORIENTED_EDGE('',*,*,#3597,.T.);
#3597 = EDGE_CURVE('',#3598,#2822,#3600,.T.);
#3598 = VERTEX_POINT('',#3599);
#3599 = CARTESIAN_POINT('',(54.913320728006,95.,82.14555377504));
#3600 = LINE('',#3601,#3602);
#3601 = CARTESIAN_POINT('',(54.913320728006,95.,82.14555377504));
#3602 = VECTOR('',#3603,1.);
#3603 = DIRECTION('',(0.707106781187,0.,0.707106781187));
#3604 = ORIENTED_EDGE('',*,*,#2821,.F.);
#3605 = ORIENTED_EDGE('',*,*,#3524,.T.);
#3606 = ORIENTED_EDGE('',*,*,#2830,.F.);
#3607 = ORIENTED_EDGE('',*,*,#3597,.F.);
#3608 = ORIENTED_EDGE('',*,*,#3609,.T.);
#3609 = EDGE_CURVE('',#3598,#3598,#3610,.T.);
#3610 = CIRCLE('',#3611,4.5);
#3611 = AXIS2_PLACEMENT_3D('',#3612,#3613,#3614);
#3612 = CARTESIAN_POINT('',(58.095301243346,95.,78.9635732597));
#3613 = DIRECTION('',(-0.707106781187,0.,-0.707106781187));
#3614 = DIRECTION('',(-0.707106781187,0.,0.707106781187));
#3615 = CYLINDRICAL_SURFACE('',#3616,4.5);
#3616 = AXIS2_PLACEMENT_3D('',#3617,#3618,#3619);
#3617 = CARTESIAN_POINT('',(58.095301243346,95.,78.9635732597));
#3618 = DIRECTION('',(0.707106781187,0.,0.707106781187));
#3619 = DIRECTION('',(-0.707106781187,0.,0.707106781187));
#3620 = ADVANCED_FACE('',(#3621),#3632,.F.);
#3621 = FACE_BOUND('',#3622,.T.);
#3622 = EDGE_LOOP('',(#3623,#3624,#3630,#3631));
#3623 = ORIENTED_EDGE('',*,*,#2847,.F.);
#3624 = ORIENTED_EDGE('',*,*,#3625,.T.);
#3625 = EDGE_CURVE('',#2848,#3312,#3626,.T.);
#3626 = LINE('',#3627,#3628);
#3627 = CARTESIAN_POINT('',(90.798989873223,99.,60.402020253553));
#3628 = VECTOR('',#3629,1.);
#3629 = DIRECTION('',(-0.707106781187,-0.,-0.707106781187));
#3630 = ORIENTED_EDGE('',*,*,#3311,.T.);
#3631 = ORIENTED_EDGE('',*,*,#3517,.F.);
#3632 = PLANE('',#3633);
#3633 = AXIS2_PLACEMENT_3D('',#3634,#3635,#3636);
#3634 = CARTESIAN_POINT('',(90.798989873223,99.,60.402020253553));
#3635 = DIRECTION('',(-0.,-1.,-0.));
#3636 = DIRECTION('',(0.707106781187,0.,-0.707106781187));
#3637 = ADVANCED_FACE('',(#3638),#3644,.F.);
#3638 = FACE_BOUND('',#3639,.T.);
#3639 = EDGE_LOOP('',(#3640,#3641,#3642,#3643));
#3640 = ORIENTED_EDGE('',*,*,#2855,.F.);
#3641 = ORIENTED_EDGE('',*,*,#3263,.F.);
#3642 = ORIENTED_EDGE('',*,*,#3319,.T.);
#3643 = ORIENTED_EDGE('',*,*,#3625,.F.);
#3644 = PLANE('',#3645);
#3645 = AXIS2_PLACEMENT_3D('',#3646,#3647,#3648);
#3646 = CARTESIAN_POINT('',(90.798989873223,130.5,60.402020253553));
#3647 = DIRECTION('',(0.707106781187,0.,-0.707106781187));
#3648 = DIRECTION('',(0.,1.,0.));
#3649 = ADVANCED_FACE('',(#3650),#3656,.F.);
#3650 = FACE_BOUND('',#3651,.T.);
#3651 = EDGE_LOOP('',(#3652,#3653,#3654,#3655));
#3652 = ORIENTED_EDGE('',*,*,#2887,.F.);
#3653 = ORIENTED_EDGE('',*,*,#3553,.T.);
#3654 = ORIENTED_EDGE('',*,*,#3181,.T.);
#3655 = ORIENTED_EDGE('',*,*,#3209,.T.);
#3656 = PLANE('',#3657);
#3657 = AXIS2_PLACEMENT_3D('',#3658,#3659,#3660);
#3658 = CARTESIAN_POINT('',(90.798989873223,130.5,60.402020253553));
#3659 = DIRECTION('',(0.707106781187,0.,-0.707106781187));
#3660 = DIRECTION('',(0.,1.,0.));
#3661 = ADVANCED_FACE('',(#3662),#3681,.F.);
#3662 = FACE_BOUND('',#3663,.T.);
#3663 = EDGE_LOOP('',(#3664,#3665,#3673,#3680));
#3664 = ORIENTED_EDGE('',*,*,#2927,.F.);
#3665 = ORIENTED_EDGE('',*,*,#3666,.F.);
#3666 = EDGE_CURVE('',#3667,#2928,#3669,.T.);
#3667 = VERTEX_POINT('',#3668);
#3668 = CARTESIAN_POINT('',(85.106780284672,95.,53.366307780747));
#3669 = LINE('',#3670,#3671);
#3670 = CARTESIAN_POINT('',(85.106780284672,95.,53.366307780747));
#3671 = VECTOR('',#3672,1.);
#3672 = DIRECTION('',(0.707106781187,0.,0.707106781187));
#3673 = ORIENTED_EDGE('',*,*,#3674,.T.);
#3674 = EDGE_CURVE('',#3667,#3667,#3675,.T.);
#3675 = CIRCLE('',#3676,2.3);
#3676 = AXIS2_PLACEMENT_3D('',#3677,#3678,#3679);
#3677 = CARTESIAN_POINT('',(86.733125881401,95.,51.739962184018));
#3678 = DIRECTION('',(-0.707106781187,0.,-0.707106781187));
#3679 = DIRECTION('',(-0.707106781187,0.,0.707106781187));
#3680 = ORIENTED_EDGE('',*,*,#3666,.T.);
#3681 = CYLINDRICAL_SURFACE('',#3682,2.3);
#3682 = AXIS2_PLACEMENT_3D('',#3683,#3684,#3685);
#3683 = CARTESIAN_POINT('',(86.733125881401,95.,51.739962184018));
#3684 = DIRECTION('',(0.707106781187,0.,0.707106781187));
#3685 = DIRECTION('',(-0.707106781187,0.,0.707106781187));
#3686 = ADVANCED_FACE('',(#3687),#3706,.F.);
#3687 = FACE_BOUND('',#3688,.T.);
#3688 = EDGE_LOOP('',(#3689,#3690,#3698,#3705));
#3689 = ORIENTED_EDGE('',*,*,#2938,.F.);
#3690 = ORIENTED_EDGE('',*,*,#3691,.F.);
#3691 = EDGE_CURVE('',#3692,#2939,#3694,.T.);
#3692 = VERTEX_POINT('',#3693);
#3693 = CARTESIAN_POINT('',(57.176062427803,95.,81.297025637616));
#3694 = LINE('',#3695,#3696);
#3695 = CARTESIAN_POINT('',(57.176062427803,95.,81.297025637616));
#3696 = VECTOR('',#3697,1.);
#3697 = DIRECTION('',(0.707106781187,0.,0.707106781187));
#3698 = ORIENTED_EDGE('',*,*,#3699,.T.);
#3699 = EDGE_CURVE('',#3692,#3692,#3700,.T.);
#3700 = CIRCLE('',#3701,2.3);
#3701 = AXIS2_PLACEMENT_3D('',#3702,#3703,#3704);
#3702 = CARTESIAN_POINT('',(58.802408024532,95.,79.670680040887));
#3703 = DIRECTION('',(-0.707106781187,0.,-0.707106781187));
#3704 = DIRECTION('',(-0.707106781187,0.,0.707106781187));
#3705 = ORIENTED_EDGE('',*,*,#3691,.T.);
#3706 = CYLINDRICAL_SURFACE('',#3707,2.3);
#3707 = AXIS2_PLACEMENT_3D('',#3708,#3709,#3710);
#3708 = CARTESIAN_POINT('',(58.802408024532,95.,79.670680040887));
#3709 = DIRECTION('',(0.707106781187,0.,0.707106781187));
#3710 = DIRECTION('',(-0.707106781187,0.,0.707106781187));
#3711 = ADVANCED_FACE('',(#3712),#3731,.F.);
#3712 = FACE_BOUND('',#3713,.T.);
#3713 = EDGE_LOOP('',(#3714,#3715,#3723,#3730));
#3714 = ORIENTED_EDGE('',*,*,#2949,.F.);
#3715 = ORIENTED_EDGE('',*,*,#3716,.F.);
#3716 = EDGE_CURVE('',#3717,#2950,#3719,.T.);
#3717 = VERTEX_POINT('',#3718);
#3718 = CARTESIAN_POINT('',(85.106780284672,134.5,53.366307780747));
#3719 = LINE('',#3720,#3721);
#3720 = CARTESIAN_POINT('',(85.106780284672,134.5,53.366307780747));
#3721 = VECTOR('',#3722,1.);
#3722 = DIRECTION('',(0.707106781187,0.,0.707106781187));
#3723 = ORIENTED_EDGE('',*,*,#3724,.T.);
#3724 = EDGE_CURVE('',#3717,#3717,#3725,.T.);
#3725 = CIRCLE('',#3726,2.3);
#3726 = AXIS2_PLACEMENT_3D('',#3727,#3728,#3729);
#3727 = CARTESIAN_POINT('',(86.733125881401,134.5,51.739962184018));
#3728 = DIRECTION('',(-0.707106781187,0.,-0.707106781187));
#3729 = DIRECTION('',(-0.707106781187,0.,0.707106781187));
#3730 = ORIENTED_EDGE('',*,*,#3716,.T.);
#3731 = CYLINDRICAL_SURFACE('',#3732,2.3);
#3732 = AXIS2_PLACEMENT_3D('',#3733,#3734,#3735);
#3733 = CARTESIAN_POINT('',(86.733125881401,134.5,51.739962184018));
#3734 = DIRECTION('',(0.707106781187,0.,0.707106781187));
#3735 = DIRECTION('',(-0.707106781187,0.,0.707106781187));
#3736 = ADVANCED_FACE('',(#3737),#3756,.F.);
#3737 = FACE_BOUND('',#3738,.T.);
#3738 = EDGE_LOOP('',(#3739,#3740,#3748,#3755));
#3739 = ORIENTED_EDGE('',*,*,#2960,.F.);
#3740 = ORIENTED_EDGE('',*,*,#3741,.F.);
#3741 = EDGE_CURVE('',#3742,#2961,#3744,.T.);
#3742 = VERTEX_POINT('',#3743);
#3743 = CARTESIAN_POINT('',(57.176062427803,134.5,81.297025637616));
#3744 = LINE('',#3745,#3746);
#3745 = CARTESIAN_POINT('',(57.176062427803,134.5,81.297025637616));
#3746 = VECTOR('',#3747,1.);
#3747 = DIRECTION('',(0.707106781187,0.,0.707106781187));
#3748 = ORIENTED_EDGE('',*,*,#3749,.T.);
#3749 = EDGE_CURVE('',#3742,#3742,#3750,.T.);
#3750 = CIRCLE('',#3751,2.3);
#3751 = AXIS2_PLACEMENT_3D('',#3752,#3753,#3754);
#3752 = CARTESIAN_POINT('',(58.802408024532,134.5,79.670680040887));
#3753 = DIRECTION('',(-0.707106781187,0.,-0.707106781187));
#3754 = DIRECTION('',(-0.707106781187,0.,0.707106781187));
#3755 = ORIENTED_EDGE('',*,*,#3741,.T.);
#3756 = CYLINDRICAL_SURFACE('',#3757,2.3);
#3757 = AXIS2_PLACEMENT_3D('',#3758,#3759,#3760);
#3758 = CARTESIAN_POINT('',(58.802408024532,134.5,79.670680040887));
#3759 = DIRECTION('',(0.707106781187,0.,0.707106781187));
#3760 = DIRECTION('',(-0.707106781187,0.,0.707106781187));
#3761 = ADVANCED_FACE('',(#3762),#3768,.F.);
#3762 = FACE_BOUND('',#3763,.T.);
#3763 = EDGE_LOOP('',(#3764,#3765,#3766,#3767));
#3764 = ORIENTED_EDGE('',*,*,#3412,.T.);
#3765 = ORIENTED_EDGE('',*,*,#3403,.T.);
#3766 = ORIENTED_EDGE('',*,*,#3439,.F.);
#3767 = ORIENTED_EDGE('',*,*,#3461,.T.);
#3768 = PLANE('',#3769);
#3769 = AXIS2_PLACEMENT_3D('',#3770,#3771,#3772);
#3770 = CARTESIAN_POINT('',(67.,120.,54.9));
#3771 = DIRECTION('',(0.,0.,1.));
#3772 = DIRECTION('',(1.,0.,0.));
#3773 = ADVANCED_FACE('',(#3774),#3777,.F.);
#3774 = FACE_BOUND('',#3775,.F.);
#3775 = EDGE_LOOP('',(#3776));
#3776 = ORIENTED_EDGE('',*,*,#3582,.F.);
#3777 = PLANE('',#3778);
#3778 = AXIS2_PLACEMENT_3D('',#3779,#3780,#3781);
#3779 = CARTESIAN_POINT('',(58.095301243346,134.5,78.9635732597));
#3780 = DIRECTION('',(0.707106781187,0.,0.707106781187));
#3781 = DIRECTION('',(0.707106781187,0.,-0.707106781187));
#3782 = ADVANCED_FACE('',(#3783),#3786,.F.);
#3783 = FACE_BOUND('',#3784,.F.);
#3784 = EDGE_LOOP('',(#3785));
#3785 = ORIENTED_EDGE('',*,*,#3609,.F.);
#3786 = PLANE('',#3787);
#3787 = AXIS2_PLACEMENT_3D('',#3788,#3789,#3790);
#3788 = CARTESIAN_POINT('',(58.095301243346,95.,78.9635732597));
#3789 = DIRECTION('',(0.707106781187,0.,0.707106781187));
#3790 = DIRECTION('',(0.707106781187,0.,-0.707106781187));
#3791 = ADVANCED_FACE('',(#3792),#3795,.T.);
#3792 = FACE_BOUND('',#3793,.T.);
#3793 = EDGE_LOOP('',(#3794));
#3794 = ORIENTED_EDGE('',*,*,#3674,.F.);
#3795 = PLANE('',#3796);
#3796 = AXIS2_PLACEMENT_3D('',#3797,#3798,#3799);
#3797 = CARTESIAN_POINT('',(86.733125881401,95.,51.739962184018));
#3798 = DIRECTION('',(0.707106781187,0.,0.707106781187));
#3799 = DIRECTION('',(0.707106781187,0.,-0.707106781187));
#3800 = ADVANCED_FACE('',(#3801),#3804,.T.);
#3801 = FACE_BOUND('',#3802,.T.);
#3802 = EDGE_LOOP('',(#3803));
#3803 = ORIENTED_EDGE('',*,*,#3699,.F.);
#3804 = PLANE('',#3805);
#3805 = AXIS2_PLACEMENT_3D('',#3806,#3807,#3808);
#3806 = CARTESIAN_POINT('',(58.802408024532,95.,79.670680040887));
#3807 = DIRECTION('',(0.707106781187,0.,0.707106781187));
#3808 = DIRECTION('',(0.707106781187,0.,-0.707106781187));
#3809 = ADVANCED_FACE('',(#3810),#3813,.T.);
#3810 = FACE_BOUND('',#3811,.T.);
#3811 = EDGE_LOOP('',(#3812));
#3812 = ORIENTED_EDGE('',*,*,#3724,.F.);
#3813 = PLANE('',#3814);
#3814 = AXIS2_PLACEMENT_3D('',#3815,#3816,#3817);
#3815 = CARTESIAN_POINT('',(86.733125881401,134.5,51.739962184018));
#3816 = DIRECTION('',(0.707106781187,0.,0.707106781187));
#3817 = DIRECTION('',(0.707106781187,0.,-0.707106781187));
#3818 = ADVANCED_FACE('',(#3819),#3822,.T.);
#3819 = FACE_BOUND('',#3820,.T.);
#3820 = EDGE_LOOP('',(#3821));
#3821 = ORIENTED_EDGE('',*,*,#3749,.F.);
#3822 = PLANE('',#3823);
#3823 = AXIS2_PLACEMENT_3D('',#3824,#3825,#3826);
#3824 = CARTESIAN_POINT('',(58.802408024532,134.5,79.670680040887));
#3825 = DIRECTION('',(0.707106781187,0.,0.707106781187));
#3826 = DIRECTION('',(0.707106781187,0.,-0.707106781187));
#3827 = ( GEOMETRIC_REPRESENTATION_CONTEXT(3) 
GLOBAL_UNCERTAINTY_ASSIGNED_CONTEXT((#3831)) 
GLOBAL_UNIT_ASSIGNED_CONTEXT((#3828,#3829,#3830)) REPRESENTATION_CONTEXT
('Context #1','3D Context with UNIT and UNCERTAINTY') );
#3828 = ( LENGTH_UNIT() NAMED_UNIT(*) SI_UNIT(.MILLI.,.METRE.) );
#3829 = ( NAMED_UNIT(*) PLANE_ANGLE_UNIT() SI_UNIT($,.RADIAN.) );
#3830 = ( NAMED_UNIT(*) SI_UNIT($,.STERADIAN.) SOLID_ANGLE_UNIT() );
#3831 = UNCERTAINTY_MEASURE_WITH_UNIT(LENGTH_MEASURE(2.E-07),#3828,
  'distance_accuracy_value','confusion accuracy');
#3832 = PRODUCT_RELATED_PRODUCT_CATEGORY('part',$,(#7));
ENDSEC;
END-ISO-10303-21;
