ISO-10303-21;
HEADER;
FILE_DESCRIPTION(('FreeCAD Model'),'2;1');
FILE_NAME('Open CASCADE Shape Model','2026-09-16T15:45:03',('FreeCAD'),(
    'FreeCAD'),'Open CASCADE STEP processor 7.8','FreeCAD','Unknown');
FILE_SCHEMA(('AUTOMOTIVE_DESIGN { 1 0 10303 214 1 1 1 1 }'));
ENDSEC;
DATA;
#1 = APPLICATION_PROTOCOL_DEFINITION('international standard',
  'automotive_design',2000,#2);
#2 = APPLICATION_CONTEXT(
  'core data for automotive mechanical design processes');
#3 = SHAPE_DEFINITION_REPRESENTATION(#4,#10);
#4 = PRODUCT_DEFINITION_SHAPE('','',#5);
#5 = PRODUCT_DEFINITION('design','',#6,#9);
#6 = PRODUCT_DEFINITION_FORMATION('','',#7);
#7 = PRODUCT('Open CASCADE STEP translator 7.8 1',
  'Open CASCADE STEP translator 7.8 1','',(#8));
#8 = PRODUCT_CONTEXT('',#2,'mechanical');
#9 = PRODUCT_DEFINITION_CONTEXT('part definition',#2,'design');
#10 = SHAPE_REPRESENTATION('',(#11,#15,#2589,#3382,#3474,#3566,#3658,
    #3750,#4761,#5407,#5639,#6237,#6696,#7110,#8651,#9089,#9503,#9595,
    #11849,#14158,#14308),#14458);
#11 = AXIS2_PLACEMENT_3D('',#12,#13,#14);
#12 = CARTESIAN_POINT('',(0.,0.,0.));
#13 = DIRECTION('',(0.,0.,1.));
#14 = DIRECTION('',(1.,0.,-0.));
#15 = MANIFOLD_SOLID_BREP('',#16);
#16 = CLOSED_SHELL('',(#17,#100,#453,#477,#501,#518,#645,#712,#729,#770,
    #812,#852,#876,#916,#941,#1013,#1037,#1109,#1134,#1174,#1198,#1231,
    #1246,#1256,#1302,#1326,#1367,#1394,#1404,#1421,#1453,#1505,#1517,
    #1548,#1572,#1596,#1613,#1668,#1717,#1746,#1763,#1780,#1829,#1940,
    #1980,#1992,#2041,#2061,#2073,#2093,#2105,#2125,#2160,#2170,#2198,
    #2279,#2301,#2313,#2325,#2347,#2364,#2381,#2393,#2410,#2453,#2464,
    #2489,#2514,#2523,#2532,#2552,#2572));
#17 = ADVANCED_FACE('',(#18,#84),#95,.F.);
#18 = FACE_BOUND('',#19,.F.);
#19 = EDGE_LOOP('',(#20,#30,#38,#46,#54,#62,#70,#78));
#20 = ORIENTED_EDGE('',*,*,#21,.F.);
#21 = EDGE_CURVE('',#22,#24,#26,.T.);
#22 = VERTEX_POINT('',#23);
#23 = CARTESIAN_POINT('',(53.496785345214,113.3,104.));
#24 = VERTEX_POINT('',#25);
#25 = CARTESIAN_POINT('',(53.496785345214,113.3,106.));
#26 = LINE('',#27,#28);
#27 = CARTESIAN_POINT('',(53.496785345214,113.3,104.));
#28 = VECTOR('',#29,1.);
#29 = DIRECTION('',(0.,0.,1.));
#30 = ORIENTED_EDGE('',*,*,#31,.T.);
#31 = EDGE_CURVE('',#22,#32,#34,.T.);
#32 = VERTEX_POINT('',#33);
#33 = CARTESIAN_POINT('',(49.69558728078,113.3,104.));
#34 = LINE('',#35,#36);
#35 = CARTESIAN_POINT('',(24.5,113.3,104.));
#36 = VECTOR('',#37,1.);
#37 = DIRECTION('',(-1.,0.,0.));
#38 = ORIENTED_EDGE('',*,*,#39,.T.);
#39 = EDGE_CURVE('',#32,#40,#42,.T.);
#40 = VERTEX_POINT('',#41);
#41 = CARTESIAN_POINT('',(49.69558728078,113.3,120.));
#42 = LINE('',#43,#44);
#43 = CARTESIAN_POINT('',(49.69558728078,113.3,103.9));
#44 = VECTOR('',#45,1.);
#45 = DIRECTION('',(0.,0.,1.));
#46 = ORIENTED_EDGE('',*,*,#47,.F.);
#47 = EDGE_CURVE('',#48,#40,#50,.T.);
#48 = VERTEX_POINT('',#49);
#49 = CARTESIAN_POINT('',(53.496785345214,113.3,120.));
#50 = LINE('',#51,#52);
#51 = CARTESIAN_POINT('',(24.5,113.3,120.));
#52 = VECTOR('',#53,1.);
#53 = DIRECTION('',(-1.,0.,0.));
#54 = ORIENTED_EDGE('',*,*,#55,.F.);
#55 = EDGE_CURVE('',#56,#48,#58,.T.);
#56 = VERTEX_POINT('',#57);
#57 = CARTESIAN_POINT('',(53.496785345214,113.3,118.));
#58 = LINE('',#59,#60);
#59 = CARTESIAN_POINT('',(53.496785345214,113.3,104.));
#60 = VECTOR('',#61,1.);
#61 = DIRECTION('',(0.,0.,1.));
#62 = ORIENTED_EDGE('',*,*,#63,.F.);
#63 = EDGE_CURVE('',#64,#56,#66,.T.);
#64 = VERTEX_POINT('',#65);
#65 = CARTESIAN_POINT('',(57.5,113.3,118.));
#66 = LINE('',#67,#68);
#67 = CARTESIAN_POINT('',(29.,113.3,118.));
#68 = VECTOR('',#69,1.);
#69 = DIRECTION('',(-1.,0.,0.));
#70 = ORIENTED_EDGE('',*,*,#71,.F.);
#71 = EDGE_CURVE('',#72,#64,#74,.T.);
#72 = VERTEX_POINT('',#73);
#73 = CARTESIAN_POINT('',(57.5,113.3,106.));
#74 = LINE('',#75,#76);
#75 = CARTESIAN_POINT('',(57.5,113.3,103.));
#76 = VECTOR('',#77,1.);
#77 = DIRECTION('',(0.,0.,1.));
#78 = ORIENTED_EDGE('',*,*,#79,.T.);
#79 = EDGE_CURVE('',#72,#24,#80,.T.);
#80 = LINE('',#81,#82);
#81 = CARTESIAN_POINT('',(29.,113.3,106.));
#82 = VECTOR('',#83,1.);
#83 = DIRECTION('',(-1.,0.,0.));
#84 = FACE_BOUND('',#85,.F.);
#85 = EDGE_LOOP('',(#86));
#86 = ORIENTED_EDGE('',*,*,#87,.F.);
#87 = EDGE_CURVE('',#88,#88,#90,.T.);
#88 = VERTEX_POINT('',#89);
#89 = CARTESIAN_POINT('',(53.,113.3,113.7));
#90 = CIRCLE('',#91,1.7);
#91 = AXIS2_PLACEMENT_3D('',#92,#93,#94);
#92 = CARTESIAN_POINT('',(53.,113.3,112.));
#93 = DIRECTION('',(0.,1.,0.));
#94 = DIRECTION('',(0.,0.,1.));
#95 = PLANE('',#96);
#96 = AXIS2_PLACEMENT_3D('',#97,#98,#99);
#97 = CARTESIAN_POINT('',(9.5,113.3,100.));
#98 = DIRECTION('',(0.,1.,0.));
#99 = DIRECTION('',(0.,0.,1.));
#100 = ADVANCED_FACE('',(#101),#448,.T.);
#101 = FACE_BOUND('',#102,.T.);
#102 = EDGE_LOOP('',(#103,#114,#121,#130,#138,#147,#155,#164,#172,#181,
    #189,#198,#206,#215,#223,#230,#231,#238,#239,#248,#256,#269,#277,
    #305,#313,#320,#321,#330,#338,#347,#355,#404,#412,#425,#433,#442));
#103 = ORIENTED_EDGE('',*,*,#104,.T.);
#104 = EDGE_CURVE('',#105,#107,#109,.T.);
#105 = VERTEX_POINT('',#106);
#106 = CARTESIAN_POINT('',(25.503214654786,113.3,120.));
#107 = VERTEX_POINT('',#108);
#108 = CARTESIAN_POINT('',(53.5,113.,120.));
#109 = CIRCLE('',#110,14.);
#110 = AXIS2_PLACEMENT_3D('',#111,#112,#113);
#111 = CARTESIAN_POINT('',(39.5,113.,120.));
#112 = DIRECTION('',(0.,0.,1.));
#113 = DIRECTION('',(1.,0.,0.));
#114 = ORIENTED_EDGE('',*,*,#115,.T.);
#115 = EDGE_CURVE('',#107,#116,#118,.T.);
#116 = VERTEX_POINT('',#117);
#117 = CARTESIAN_POINT('',(53.5,113.,123.));
#118 = B_SPLINE_CURVE_WITH_KNOTS('',1,(#119,#120),.UNSPECIFIED.,.F.,.F.,
  (2,2),(16.,19.),.PIECEWISE_BEZIER_KNOTS.);
#119 = CARTESIAN_POINT('',(53.5,113.,120.));
#120 = CARTESIAN_POINT('',(53.5,113.,123.));
#121 = ORIENTED_EDGE('',*,*,#122,.F.);
#122 = EDGE_CURVE('',#123,#116,#125,.T.);
#123 = VERTEX_POINT('',#124);
#124 = CARTESIAN_POINT('',(26.577534959331,118.38608366744,123.));
#125 = CIRCLE('',#126,14.);
#126 = AXIS2_PLACEMENT_3D('',#127,#128,#129);
#127 = CARTESIAN_POINT('',(39.5,113.,123.));
#128 = DIRECTION('',(0.,0.,1.));
#129 = DIRECTION('',(1.,0.,0.));
#130 = ORIENTED_EDGE('',*,*,#131,.F.);
#131 = EDGE_CURVE('',#132,#123,#134,.T.);
#132 = VERTEX_POINT('',#133);
#133 = CARTESIAN_POINT('',(26.577534959331,118.38608366744,120.));
#134 = LINE('',#135,#136);
#135 = CARTESIAN_POINT('',(26.577534959331,118.38608366744,120.));
#136 = VECTOR('',#137,1.);
#137 = DIRECTION('',(0.,0.,1.));
#138 = ORIENTED_EDGE('',*,*,#139,.F.);
#139 = EDGE_CURVE('',#140,#132,#142,.T.);
#140 = VERTEX_POINT('',#141);
#141 = CARTESIAN_POINT('',(30.018993577438,123.30099593317,120.));
#142 = CIRCLE('',#143,14.);
#143 = AXIS2_PLACEMENT_3D('',#144,#145,#146);
#144 = CARTESIAN_POINT('',(39.5,113.,120.));
#145 = DIRECTION('',(0.,0.,1.));
#146 = DIRECTION('',(1.,0.,0.));
#147 = ORIENTED_EDGE('',*,*,#148,.T.);
#148 = EDGE_CURVE('',#140,#149,#151,.T.);
#149 = VERTEX_POINT('',#150);
#150 = CARTESIAN_POINT('',(30.018993577438,123.30099593317,123.));
#151 = LINE('',#152,#153);
#152 = CARTESIAN_POINT('',(30.018993577438,123.30099593317,120.));
#153 = VECTOR('',#154,1.);
#154 = DIRECTION('',(0.,0.,1.));
#155 = ORIENTED_EDGE('',*,*,#156,.F.);
#156 = EDGE_CURVE('',#157,#149,#159,.T.);
#157 = VERTEX_POINT('',#158);
#158 = CARTESIAN_POINT('',(34.5,126.07669683062,123.));
#159 = CIRCLE('',#160,14.);
#160 = AXIS2_PLACEMENT_3D('',#161,#162,#163);
#161 = CARTESIAN_POINT('',(39.5,113.,123.));
#162 = DIRECTION('',(0.,0.,1.));
#163 = DIRECTION('',(1.,0.,0.));
#164 = ORIENTED_EDGE('',*,*,#165,.F.);
#165 = EDGE_CURVE('',#166,#157,#168,.T.);
#166 = VERTEX_POINT('',#167);
#167 = CARTESIAN_POINT('',(34.5,126.07669683062,120.));
#168 = LINE('',#169,#170);
#169 = CARTESIAN_POINT('',(34.5,126.07669683062,120.));
#170 = VECTOR('',#171,1.);
#171 = DIRECTION('',(0.,0.,1.));
#172 = ORIENTED_EDGE('',*,*,#173,.F.);
#173 = EDGE_CURVE('',#174,#166,#176,.T.);
#174 = VERTEX_POINT('',#175);
#175 = CARTESIAN_POINT('',(44.5,126.07669683062,120.));
#176 = CIRCLE('',#177,14.);
#177 = AXIS2_PLACEMENT_3D('',#178,#179,#180);
#178 = CARTESIAN_POINT('',(39.5,113.,120.));
#179 = DIRECTION('',(0.,0.,1.));
#180 = DIRECTION('',(1.,0.,0.));
#181 = ORIENTED_EDGE('',*,*,#182,.T.);
#182 = EDGE_CURVE('',#174,#183,#185,.T.);
#183 = VERTEX_POINT('',#184);
#184 = CARTESIAN_POINT('',(44.5,126.07669683062,123.));
#185 = LINE('',#186,#187);
#186 = CARTESIAN_POINT('',(44.5,126.07669683062,120.));
#187 = VECTOR('',#188,1.);
#188 = DIRECTION('',(0.,0.,1.));
#189 = ORIENTED_EDGE('',*,*,#190,.F.);
#190 = EDGE_CURVE('',#191,#183,#193,.T.);
#191 = VERTEX_POINT('',#192);
#192 = CARTESIAN_POINT('',(48.981006422562,123.30099593317,123.));
#193 = CIRCLE('',#194,14.);
#194 = AXIS2_PLACEMENT_3D('',#195,#196,#197);
#195 = CARTESIAN_POINT('',(39.5,113.,123.));
#196 = DIRECTION('',(0.,0.,1.));
#197 = DIRECTION('',(1.,0.,0.));
#198 = ORIENTED_EDGE('',*,*,#199,.F.);
#199 = EDGE_CURVE('',#200,#191,#202,.T.);
#200 = VERTEX_POINT('',#201);
#201 = CARTESIAN_POINT('',(48.981006422562,123.30099593317,120.));
#202 = LINE('',#203,#204);
#203 = CARTESIAN_POINT('',(48.981006422562,123.30099593317,120.));
#204 = VECTOR('',#205,1.);
#205 = DIRECTION('',(0.,0.,1.));
#206 = ORIENTED_EDGE('',*,*,#207,.F.);
#207 = EDGE_CURVE('',#208,#200,#210,.T.);
#208 = VERTEX_POINT('',#209);
#209 = CARTESIAN_POINT('',(52.422465040669,118.38608366744,120.));
#210 = CIRCLE('',#211,14.);
#211 = AXIS2_PLACEMENT_3D('',#212,#213,#214);
#212 = CARTESIAN_POINT('',(39.5,113.,120.));
#213 = DIRECTION('',(0.,0.,1.));
#214 = DIRECTION('',(1.,0.,0.));
#215 = ORIENTED_EDGE('',*,*,#216,.T.);
#216 = EDGE_CURVE('',#208,#217,#219,.T.);
#217 = VERTEX_POINT('',#218);
#218 = CARTESIAN_POINT('',(52.422465040669,118.38608366744,123.));
#219 = LINE('',#220,#221);
#220 = CARTESIAN_POINT('',(52.422465040669,118.38608366744,120.));
#221 = VECTOR('',#222,1.);
#222 = DIRECTION('',(0.,0.,1.));
#223 = ORIENTED_EDGE('',*,*,#224,.F.);
#224 = EDGE_CURVE('',#116,#217,#225,.T.);
#225 = CIRCLE('',#226,14.);
#226 = AXIS2_PLACEMENT_3D('',#227,#228,#229);
#227 = CARTESIAN_POINT('',(39.5,113.,123.));
#228 = DIRECTION('',(0.,0.,1.));
#229 = DIRECTION('',(1.,0.,0.));
#230 = ORIENTED_EDGE('',*,*,#115,.F.);
#231 = ORIENTED_EDGE('',*,*,#232,.T.);
#232 = EDGE_CURVE('',#107,#48,#233,.T.);
#233 = CIRCLE('',#234,14.);
#234 = AXIS2_PLACEMENT_3D('',#235,#236,#237);
#235 = CARTESIAN_POINT('',(39.5,113.,120.));
#236 = DIRECTION('',(0.,0.,1.));
#237 = DIRECTION('',(1.,0.,0.));
#238 = ORIENTED_EDGE('',*,*,#55,.F.);
#239 = ORIENTED_EDGE('',*,*,#240,.T.);
#240 = EDGE_CURVE('',#56,#241,#243,.T.);
#241 = VERTEX_POINT('',#242);
#242 = CARTESIAN_POINT('',(52.576696830622,118.,118.));
#243 = CIRCLE('',#244,14.);
#244 = AXIS2_PLACEMENT_3D('',#245,#246,#247);
#245 = CARTESIAN_POINT('',(39.5,113.,118.));
#246 = DIRECTION('',(0.,0.,1.));
#247 = DIRECTION('',(1.,0.,0.));
#248 = ORIENTED_EDGE('',*,*,#249,.F.);
#249 = EDGE_CURVE('',#250,#241,#252,.T.);
#250 = VERTEX_POINT('',#251);
#251 = CARTESIAN_POINT('',(52.576696830622,118.,113.64645510925));
#252 = LINE('',#253,#254);
#253 = CARTESIAN_POINT('',(52.576696830622,118.,104.));
#254 = VECTOR('',#255,1.);
#255 = DIRECTION('',(0.,0.,1.));
#256 = ORIENTED_EDGE('',*,*,#257,.F.);
#257 = EDGE_CURVE('',#258,#250,#260,.T.);
#258 = VERTEX_POINT('',#259);
#259 = CARTESIAN_POINT('',(52.149110640674,119.,113.47172935629));
#260 = B_SPLINE_CURVE_WITH_KNOTS('',7,(#261,#262,#263,#264,#265,#266,
    #267,#268),.UNSPECIFIED.,.F.,.F.,(8,8),(0.,1.),
  .PIECEWISE_BEZIER_KNOTS.);
#261 = CARTESIAN_POINT('',(52.149110356069,119.0000006,113.47172919175)
  );
#262 = CARTESIAN_POINT('',(52.295730600849,118.69089802146,
    113.5564986239));
#263 = CARTESIAN_POINT('',(52.437329342137,118.3696245686,113.6156278719
    ));
#264 = CARTESIAN_POINT('',(52.570052398519,118.04217963379,
    113.65518530323));
#265 = CARTESIAN_POINT('',(52.692593758281,117.71187089781,
    113.68007076274));
#266 = CARTESIAN_POINT('',(52.804784953584,117.38008683884,
    113.69407403691));
#267 = CARTESIAN_POINT('',(52.907072501511,117.04641845973,113.7));
#268 = CARTESIAN_POINT('',(53.,116.70809924354,113.7));
#269 = ORIENTED_EDGE('',*,*,#270,.F.);
#270 = EDGE_CURVE('',#271,#258,#273,.T.);
#271 = VERTEX_POINT('',#272);
#272 = CARTESIAN_POINT('',(52.149110640674,119.,110.5282706437));
#273 = LINE('',#274,#275);
#274 = CARTESIAN_POINT('',(52.149110640674,119.,104.));
#275 = VECTOR('',#276,1.);
#276 = DIRECTION('',(0.,0.,1.));
#277 = ORIENTED_EDGE('',*,*,#278,.F.);
#278 = EDGE_CURVE('',#279,#271,#281,.T.);
#279 = VERTEX_POINT('',#280);
#280 = CARTESIAN_POINT('',(52.576696830622,118.,110.35354489074));
#281 = B_SPLINE_CURVE_WITH_KNOTS('',8,(#282,#283,#284,#285,#286,#287,
    #288,#289,#290,#291,#292,#293,#294,#295,#296,#297,#298,#299,#300,
    #301,#302,#303,#304),.UNSPECIFIED.,.F.,.F.,(9,7,7,9),(0.,
    0.341406991409,0.94665687372,1.),.UNSPECIFIED.);
#282 = CARTESIAN_POINT('',(53.5,113.,110.37519231907));
#283 = CARTESIAN_POINT('',(53.5,113.26447326073,110.37519231907));
#284 = CARTESIAN_POINT('',(53.494290127796,113.52882882442,
    110.37343536582));
#285 = CARTESIAN_POINT('',(53.482879214901,113.79303402926,
    110.36992356818));
#286 = CARTESIAN_POINT('',(53.46576715436,114.05704253494,
    110.36478081967));
#287 = CARTESIAN_POINT('',(53.442947289798,114.3207841081,
    110.35824995932));
#288 = CARTESIAN_POINT('',(53.414411981113,114.58415445777,
    110.35068669167));
#289 = CARTESIAN_POINT('',(53.380161346791,114.84700512096,
    110.34255026578));
#290 = CARTESIAN_POINT('',(53.269398205991,115.5738371479,
    110.31992592823));
#291 = CARTESIAN_POINT('',(53.181607988105,116.03018719936,
    110.30557857116));
#292 = CARTESIAN_POINT('',(53.076811698353,116.48348602181,
    110.29422574424));
#293 = CARTESIAN_POINT('',(52.954066045691,116.93655906489,
    110.28936813389));
#294 = CARTESIAN_POINT('',(52.812470208847,117.38928398299,
    110.29571648323));
#295 = CARTESIAN_POINT('',(52.651989586182,117.83907584678,
    110.31974298769));
#296 = CARTESIAN_POINT('',(52.474157509191,118.2807666645,
    110.36999819262));
#297 = CARTESIAN_POINT('',(52.268449753853,118.74180833332,
    110.46534320524));
#298 = CARTESIAN_POINT('',(52.251684949403,118.77904743637,
    110.47336356482));
#299 = CARTESIAN_POINT('',(52.234819624497,118.81617829968,
    110.4816908034));
#300 = CARTESIAN_POINT('',(52.217856999138,118.85319544436,
    110.49033430932));
#301 = CARTESIAN_POINT('',(52.200800649411,118.89009291555,
    110.4993038148));
#302 = CARTESIAN_POINT('',(52.183654507481,118.92686428242,
    110.50860939589));
#303 = CARTESIAN_POINT('',(52.166422861592,118.96350263816,
    110.51826147246));
#304 = CARTESIAN_POINT('',(52.149110356069,119.0000006,110.52827080825)
  );
#305 = ORIENTED_EDGE('',*,*,#306,.F.);
#306 = EDGE_CURVE('',#307,#279,#309,.T.);
#307 = VERTEX_POINT('',#308);
#308 = CARTESIAN_POINT('',(52.576696830622,118.,106.));
#309 = LINE('',#310,#311);
#310 = CARTESIAN_POINT('',(52.576696830622,118.,104.));
#311 = VECTOR('',#312,1.);
#312 = DIRECTION('',(0.,0.,1.));
#313 = ORIENTED_EDGE('',*,*,#314,.F.);
#314 = EDGE_CURVE('',#24,#307,#315,.T.);
#315 = CIRCLE('',#316,14.);
#316 = AXIS2_PLACEMENT_3D('',#317,#318,#319);
#317 = CARTESIAN_POINT('',(39.5,113.,106.));
#318 = DIRECTION('',(0.,0.,1.));
#319 = DIRECTION('',(1.,0.,0.));
#320 = ORIENTED_EDGE('',*,*,#21,.F.);
#321 = ORIENTED_EDGE('',*,*,#322,.T.);
#322 = EDGE_CURVE('',#22,#323,#325,.T.);
#323 = VERTEX_POINT('',#324);
#324 = CARTESIAN_POINT('',(25.503214654786,113.3,104.));
#325 = CIRCLE('',#326,14.);
#326 = AXIS2_PLACEMENT_3D('',#327,#328,#329);
#327 = CARTESIAN_POINT('',(39.5,113.,104.));
#328 = DIRECTION('',(0.,0.,1.));
#329 = DIRECTION('',(1.,0.,0.));
#330 = ORIENTED_EDGE('',*,*,#331,.T.);
#331 = EDGE_CURVE('',#323,#332,#334,.T.);
#332 = VERTEX_POINT('',#333);
#333 = CARTESIAN_POINT('',(25.503214654786,113.3,106.));
#334 = LINE('',#335,#336);
#335 = CARTESIAN_POINT('',(25.503214654786,113.3,104.));
#336 = VECTOR('',#337,1.);
#337 = DIRECTION('',(0.,0.,1.));
#338 = ORIENTED_EDGE('',*,*,#339,.F.);
#339 = EDGE_CURVE('',#340,#332,#342,.T.);
#340 = VERTEX_POINT('',#341);
#341 = CARTESIAN_POINT('',(26.423303169378,118.,106.));
#342 = CIRCLE('',#343,14.);
#343 = AXIS2_PLACEMENT_3D('',#344,#345,#346);
#344 = CARTESIAN_POINT('',(39.5,113.,106.));
#345 = DIRECTION('',(0.,0.,1.));
#346 = DIRECTION('',(1.,0.,0.));
#347 = ORIENTED_EDGE('',*,*,#348,.T.);
#348 = EDGE_CURVE('',#340,#349,#351,.T.);
#349 = VERTEX_POINT('',#350);
#350 = CARTESIAN_POINT('',(26.423303169378,118.,110.35354489074));
#351 = LINE('',#352,#353);
#352 = CARTESIAN_POINT('',(26.423303169378,118.,104.));
#353 = VECTOR('',#354,1.);
#354 = DIRECTION('',(0.,0.,1.));
#355 = ORIENTED_EDGE('',*,*,#356,.T.);
#356 = EDGE_CURVE('',#349,#357,#359,.T.);
#357 = VERTEX_POINT('',#358);
#358 = CARTESIAN_POINT('',(26.850889359326,119.,110.5282706437));
#359 = B_SPLINE_CURVE_WITH_KNOTS('',8,(#360,#361,#362,#363,#364,#365,
    #366,#367,#368,#369,#370,#371,#372,#373,#374,#375,#376,#377,#378,
    #379,#380,#381,#382,#383,#384,#385,#386,#387,#388,#389,#390,#391,
    #392,#393,#394,#395,#396,#397,#398,#399,#400,#401,#402,#403),
  .UNSPECIFIED.,.F.,.F.,(9,7,7,7,7,7,9),(0.,0.212979850767,
    0.327513328212,0.499050016757,0.670586705299,0.973318286461,1.),
  .UNSPECIFIED.);
#360 = CARTESIAN_POINT('',(26.850889643931,106.9999994,110.52827080825)
  );
#361 = CARTESIAN_POINT('',(26.711988063903,107.29282960645,
    110.44796397147));
#362 = CARTESIAN_POINT('',(26.577394626698,107.59658593603,
    110.39013810361));
#363 = CARTESIAN_POINT('',(26.450204056005,107.90647700104,
    110.35005084186));
#364 = CARTESIAN_POINT('',(26.331758493249,108.21958173519,
    110.32371717366));
#365 = CARTESIAN_POINT('',(26.222478173454,108.53424230296,
    110.30790460547));
#366 = CARTESIAN_POINT('',(26.122248486923,108.84997785531,
    110.30006804071));
#367 = CARTESIAN_POINT('',(26.030644261702,109.1676369218,
    110.29823076193));
#368 = CARTESIAN_POINT('',(25.902437328125,109.66259683307,
    110.30220919496));
#369 = CARTESIAN_POINT('',(25.860179051142,109.83614871686,
    110.30487357613));
#370 = CARTESIAN_POINT('',(25.820501766367,110.01010373061,
    110.30854408348));
#371 = CARTESIAN_POINT('',(25.78340489396,110.18441581575,
    110.31297714402));
#372 = CARTESIAN_POINT('',(25.74888433594,110.3590511012,110.31795111665
    ));
#373 = CARTESIAN_POINT('',(25.716934033436,110.53398799978,
    110.32326482529));
#374 = CARTESIAN_POINT('',(25.687547523929,110.70921730449,
    110.32873609194));
#375 = CARTESIAN_POINT('',(25.620539188391,111.14762589408,
    110.34238396405));
#376 = CARTESIAN_POINT('',(25.586088199968,111.41123562009,
    110.35055419143));
#377 = CARTESIAN_POINT('',(25.557386234857,111.67536777156,
    110.35815454222));
#378 = CARTESIAN_POINT('',(25.534433181576,111.9398734089,
    110.36472061602));
#379 = CARTESIAN_POINT('',(25.517221175293,112.20464822112,
    110.36989267072));
#380 = CARTESIAN_POINT('',(25.505743452415,112.46962235127,
    110.37342503999));
#381 = CARTESIAN_POINT('',(25.5,112.73475017037,110.37519231907));
#382 = CARTESIAN_POINT('',(25.5,113.26524982962,110.37519231907));
#383 = CARTESIAN_POINT('',(25.505743452415,113.53037764872,
    110.37342503999));
#384 = CARTESIAN_POINT('',(25.517221175293,113.79535177887,
    110.36989267072));
#385 = CARTESIAN_POINT('',(25.534433181576,114.06012659109,
    110.36472061602));
#386 = CARTESIAN_POINT('',(25.557386234858,114.32463222843,
    110.35815454222));
#387 = CARTESIAN_POINT('',(25.586088199968,114.5887643799,
    110.35055419143));
#388 = CARTESIAN_POINT('',(25.620539188391,114.85237410591,
    110.34238396405));
#389 = CARTESIAN_POINT('',(25.731630560825,115.57920027631,
    110.3197575127));
#390 = CARTESIAN_POINT('',(25.819462941063,116.03484083282,
    110.30546118326));
#391 = CARTESIAN_POINT('',(25.924253996551,116.48744263299,
    110.29418090026));
#392 = CARTESIAN_POINT('',(26.046941606862,116.93980700708,
    110.28940880819));
#393 = CARTESIAN_POINT('',(26.18841939849,117.3918093647,110.29584151047
    ));
#394 = CARTESIAN_POINT('',(26.348719647248,117.84087581912,
    110.31992789131));
#395 = CARTESIAN_POINT('',(26.526312008189,118.28185820231,
    110.37018653995));
#396 = CARTESIAN_POINT('',(26.731723657148,118.74219350979,
    110.46542617742));
#397 = CARTESIAN_POINT('',(26.748464578715,118.77937662772,
    110.47343740273));
#398 = CARTESIAN_POINT('',(26.765305699855,118.81645178473,
    110.48175466989));
#399 = CARTESIAN_POINT('',(26.782243812573,118.85341352293,
    110.49038732748));
#400 = CARTESIAN_POINT('',(26.799275355289,118.89025591213,
    110.49934506623));
#401 = CARTESIAN_POINT('',(26.816396412844,118.92697254989,
    110.50863791895));
#402 = CARTESIAN_POINT('',(26.833602716499,118.9635565615,110.5182762606
    ));
#403 = CARTESIAN_POINT('',(26.850889643931,119.0000006,110.52827080825)
  );
#404 = ORIENTED_EDGE('',*,*,#405,.T.);
#405 = EDGE_CURVE('',#357,#406,#408,.T.);
#406 = VERTEX_POINT('',#407);
#407 = CARTESIAN_POINT('',(26.850889359326,119.,113.47172935629));
#408 = LINE('',#409,#410);
#409 = CARTESIAN_POINT('',(26.850889359326,119.,104.));
#410 = VECTOR('',#411,1.);
#411 = DIRECTION('',(0.,0.,1.));
#412 = ORIENTED_EDGE('',*,*,#413,.F.);
#413 = EDGE_CURVE('',#414,#406,#416,.T.);
#414 = VERTEX_POINT('',#415);
#415 = CARTESIAN_POINT('',(26.423303169378,118.,113.64645510925));
#416 = B_SPLINE_CURVE_WITH_KNOTS('',7,(#417,#418,#419,#420,#421,#422,
    #423,#424),.UNSPECIFIED.,.F.,.F.,(8,8),(0.,1.),
  .PIECEWISE_BEZIER_KNOTS.);
#417 = CARTESIAN_POINT('',(26.,116.70809924354,113.7));
#418 = CARTESIAN_POINT('',(26.092935260274,117.04644671789,113.7));
#419 = CARTESIAN_POINT('',(26.195224179254,117.38011367461,
    113.69407306197));
#420 = CARTESIAN_POINT('',(26.307411606337,117.71188300651,
    113.68006905429));
#421 = CARTESIAN_POINT('',(26.429946416352,118.0421740137,
    113.65518442953));
#422 = CARTESIAN_POINT('',(26.562663648486,118.36960749894,
    113.61562963833));
#423 = CARTESIAN_POINT('',(26.704262052623,118.69088253362,
    113.55650287135));
#424 = CARTESIAN_POINT('',(26.850889643931,119.0000006,113.47172919175)
  );
#425 = ORIENTED_EDGE('',*,*,#426,.T.);
#426 = EDGE_CURVE('',#414,#427,#429,.T.);
#427 = VERTEX_POINT('',#428);
#428 = CARTESIAN_POINT('',(26.423303169378,118.,118.));
#429 = LINE('',#430,#431);
#430 = CARTESIAN_POINT('',(26.423303169378,118.,104.));
#431 = VECTOR('',#432,1.);
#432 = DIRECTION('',(0.,0.,1.));
#433 = ORIENTED_EDGE('',*,*,#434,.T.);
#434 = EDGE_CURVE('',#427,#435,#437,.T.);
#435 = VERTEX_POINT('',#436);
#436 = CARTESIAN_POINT('',(25.503214654786,113.3,118.));
#437 = CIRCLE('',#438,14.);
#438 = AXIS2_PLACEMENT_3D('',#439,#440,#441);
#439 = CARTESIAN_POINT('',(39.5,113.,118.));
#440 = DIRECTION('',(0.,0.,1.));
#441 = DIRECTION('',(1.,0.,0.));
#442 = ORIENTED_EDGE('',*,*,#443,.T.);
#443 = EDGE_CURVE('',#435,#105,#444,.T.);
#444 = LINE('',#445,#446);
#445 = CARTESIAN_POINT('',(25.503214654786,113.3,104.));
#446 = VECTOR('',#447,1.);
#447 = DIRECTION('',(0.,0.,1.));
#448 = CYLINDRICAL_SURFACE('',#449,14.);
#449 = AXIS2_PLACEMENT_3D('',#450,#451,#452);
#450 = CARTESIAN_POINT('',(39.5,113.,104.));
#451 = DIRECTION('',(0.,0.,1.));
#452 = DIRECTION('',(1.,0.,0.));
#453 = ADVANCED_FACE('',(#454),#472,.F.);
#454 = FACE_BOUND('',#455,.F.);
#455 = EDGE_LOOP('',(#456,#457,#458,#466));
#456 = ORIENTED_EDGE('',*,*,#314,.F.);
#457 = ORIENTED_EDGE('',*,*,#79,.F.);
#458 = ORIENTED_EDGE('',*,*,#459,.T.);
#459 = EDGE_CURVE('',#72,#460,#462,.T.);
#460 = VERTEX_POINT('',#461);
#461 = CARTESIAN_POINT('',(57.5,118.,106.));
#462 = LINE('',#463,#464);
#463 = CARTESIAN_POINT('',(57.5,108.,106.));
#464 = VECTOR('',#465,1.);
#465 = DIRECTION('',(0.,1.,0.));
#466 = ORIENTED_EDGE('',*,*,#467,.F.);
#467 = EDGE_CURVE('',#307,#460,#468,.T.);
#468 = LINE('',#469,#470);
#469 = CARTESIAN_POINT('',(48.5,118.,106.));
#470 = VECTOR('',#471,1.);
#471 = DIRECTION('',(1.,0.,0.));
#472 = PLANE('',#473);
#473 = AXIS2_PLACEMENT_3D('',#474,#475,#476);
#474 = CARTESIAN_POINT('',(48.5,108.,106.));
#475 = DIRECTION('',(0.,0.,1.));
#476 = DIRECTION('',(1.,0.,0.));
#477 = ADVANCED_FACE('',(#478),#496,.T.);
#478 = FACE_BOUND('',#479,.T.);
#479 = EDGE_LOOP('',(#480,#488,#489,#490));
#480 = ORIENTED_EDGE('',*,*,#481,.F.);
#481 = EDGE_CURVE('',#64,#482,#484,.T.);
#482 = VERTEX_POINT('',#483);
#483 = CARTESIAN_POINT('',(57.5,118.,118.));
#484 = LINE('',#485,#486);
#485 = CARTESIAN_POINT('',(57.5,108.,118.));
#486 = VECTOR('',#487,1.);
#487 = DIRECTION('',(0.,1.,0.));
#488 = ORIENTED_EDGE('',*,*,#71,.F.);
#489 = ORIENTED_EDGE('',*,*,#459,.T.);
#490 = ORIENTED_EDGE('',*,*,#491,.T.);
#491 = EDGE_CURVE('',#460,#482,#492,.T.);
#492 = LINE('',#493,#494);
#493 = CARTESIAN_POINT('',(57.5,118.,106.));
#494 = VECTOR('',#495,1.);
#495 = DIRECTION('',(0.,0.,1.));
#496 = PLANE('',#497);
#497 = AXIS2_PLACEMENT_3D('',#498,#499,#500);
#498 = CARTESIAN_POINT('',(57.5,108.,106.));
#499 = DIRECTION('',(1.,0.,0.));
#500 = DIRECTION('',(0.,0.,1.));
#501 = ADVANCED_FACE('',(#502),#513,.T.);
#502 = FACE_BOUND('',#503,.T.);
#503 = EDGE_LOOP('',(#504,#505,#506,#507));
#504 = ORIENTED_EDGE('',*,*,#240,.F.);
#505 = ORIENTED_EDGE('',*,*,#63,.F.);
#506 = ORIENTED_EDGE('',*,*,#481,.T.);
#507 = ORIENTED_EDGE('',*,*,#508,.F.);
#508 = EDGE_CURVE('',#241,#482,#509,.T.);
#509 = LINE('',#510,#511);
#510 = CARTESIAN_POINT('',(48.5,118.,118.));
#511 = VECTOR('',#512,1.);
#512 = DIRECTION('',(1.,0.,0.));
#513 = PLANE('',#514);
#514 = AXIS2_PLACEMENT_3D('',#515,#516,#517);
#515 = CARTESIAN_POINT('',(48.5,108.,118.));
#516 = DIRECTION('',(0.,0.,1.));
#517 = DIRECTION('',(1.,0.,0.));
#518 = ADVANCED_FACE('',(#519,#593),#640,.T.);
#519 = FACE_BOUND('',#520,.T.);
#520 = EDGE_LOOP('',(#521,#530,#531,#532,#533,#541,#550,#559,#568,#577,
    #586));
#521 = ORIENTED_EDGE('',*,*,#522,.F.);
#522 = EDGE_CURVE('',#40,#523,#525,.T.);
#523 = VERTEX_POINT('',#524);
#524 = CARTESIAN_POINT('',(49.206516509501,116.13425226342,120.));
#525 = CIRCLE('',#526,10.2);
#526 = AXIS2_PLACEMENT_3D('',#527,#528,#529);
#527 = CARTESIAN_POINT('',(39.5,113.,120.));
#528 = DIRECTION('',(0.,0.,1.));
#529 = DIRECTION('',(1.,0.,0.));
#530 = ORIENTED_EDGE('',*,*,#47,.F.);
#531 = ORIENTED_EDGE('',*,*,#232,.F.);
#532 = ORIENTED_EDGE('',*,*,#104,.F.);
#533 = ORIENTED_EDGE('',*,*,#534,.F.);
#534 = EDGE_CURVE('',#535,#105,#537,.T.);
#535 = VERTEX_POINT('',#536);
#536 = CARTESIAN_POINT('',(29.30441271922,113.3,120.));
#537 = LINE('',#538,#539);
#538 = CARTESIAN_POINT('',(24.5,113.3,120.));
#539 = VECTOR('',#540,1.);
#540 = DIRECTION('',(-1.,0.,0.));
#541 = ORIENTED_EDGE('',*,*,#542,.F.);
#542 = EDGE_CURVE('',#543,#535,#545,.T.);
#543 = VERTEX_POINT('',#544);
#544 = CARTESIAN_POINT('',(29.793483490499,116.13425226342,120.));
#545 = CIRCLE('',#546,10.2);
#546 = AXIS2_PLACEMENT_3D('',#547,#548,#549);
#547 = CARTESIAN_POINT('',(39.5,113.,120.));
#548 = DIRECTION('',(0.,0.,1.));
#549 = DIRECTION('',(1.,0.,0.));
#550 = ORIENTED_EDGE('',*,*,#551,.F.);
#551 = EDGE_CURVE('',#552,#543,#554,.T.);
#552 = VERTEX_POINT('',#553);
#553 = CARTESIAN_POINT('',(33.234942108605,121.04916452915,120.));
#554 = CIRCLE('',#555,10.2);
#555 = AXIS2_PLACEMENT_3D('',#556,#557,#558);
#556 = CARTESIAN_POINT('',(39.5,113.,120.));
#557 = DIRECTION('',(0.,0.,1.));
#558 = DIRECTION('',(1.,0.,0.));
#559 = ORIENTED_EDGE('',*,*,#560,.F.);
#560 = EDGE_CURVE('',#561,#552,#563,.T.);
#561 = VERTEX_POINT('',#562);
#562 = CARTESIAN_POINT('',(34.5,121.89044430835,120.));
#563 = CIRCLE('',#564,10.2);
#564 = AXIS2_PLACEMENT_3D('',#565,#566,#567);
#565 = CARTESIAN_POINT('',(39.5,113.,120.));
#566 = DIRECTION('',(0.,0.,1.));
#567 = DIRECTION('',(1.,0.,0.));
#568 = ORIENTED_EDGE('',*,*,#569,.F.);
#569 = EDGE_CURVE('',#570,#561,#572,.T.);
#570 = VERTEX_POINT('',#571);
#571 = CARTESIAN_POINT('',(44.5,121.89044430835,120.));
#572 = CIRCLE('',#573,10.2);
#573 = AXIS2_PLACEMENT_3D('',#574,#575,#576);
#574 = CARTESIAN_POINT('',(39.5,113.,120.));
#575 = DIRECTION('',(0.,0.,1.));
#576 = DIRECTION('',(1.,0.,0.));
#577 = ORIENTED_EDGE('',*,*,#578,.F.);
#578 = EDGE_CURVE('',#579,#570,#581,.T.);
#579 = VERTEX_POINT('',#580);
#580 = CARTESIAN_POINT('',(45.765057891395,121.04916452915,120.));
#581 = CIRCLE('',#582,10.2);
#582 = AXIS2_PLACEMENT_3D('',#583,#584,#585);
#583 = CARTESIAN_POINT('',(39.5,113.,120.));
#584 = DIRECTION('',(0.,0.,1.));
#585 = DIRECTION('',(1.,0.,0.));
#586 = ORIENTED_EDGE('',*,*,#587,.F.);
#587 = EDGE_CURVE('',#523,#579,#588,.T.);
#588 = CIRCLE('',#589,10.2);
#589 = AXIS2_PLACEMENT_3D('',#590,#591,#592);
#590 = CARTESIAN_POINT('',(39.5,113.,120.));
#591 = DIRECTION('',(0.,0.,1.));
#592 = DIRECTION('',(1.,0.,0.));
#593 = FACE_BOUND('',#594,.T.);
#594 = EDGE_LOOP('',(#595,#606,#615,#624,#633));
#595 = ORIENTED_EDGE('',*,*,#596,.T.);
#596 = EDGE_CURVE('',#597,#599,#601,.T.);
#597 = VERTEX_POINT('',#598);
#598 = CARTESIAN_POINT('',(36.964290429556,118.43784672222,120.));
#599 = VERTEX_POINT('',#600);
#600 = CARTESIAN_POINT('',(33.522831811449,113.52293445648,120.));
#601 = CIRCLE('',#602,6.);
#602 = AXIS2_PLACEMENT_3D('',#603,#604,#605);
#603 = CARTESIAN_POINT('',(39.5,113.,120.));
#604 = DIRECTION('',(0.,0.,1.));
#605 = DIRECTION('',(1.,0.,0.));
#606 = ORIENTED_EDGE('',*,*,#607,.T.);
#607 = EDGE_CURVE('',#599,#608,#610,.T.);
#608 = VERTEX_POINT('',#609);
#609 = CARTESIAN_POINT('',(45.5,113.,120.));
#610 = CIRCLE('',#611,6.);
#611 = AXIS2_PLACEMENT_3D('',#612,#613,#614);
#612 = CARTESIAN_POINT('',(39.5,113.,120.));
#613 = DIRECTION('',(0.,0.,1.));
#614 = DIRECTION('',(1.,0.,0.));
#615 = ORIENTED_EDGE('',*,*,#616,.T.);
#616 = EDGE_CURVE('',#608,#617,#619,.T.);
#617 = VERTEX_POINT('',#618);
#618 = CARTESIAN_POINT('',(45.47716818855,113.52293445648,120.));
#619 = CIRCLE('',#620,6.);
#620 = AXIS2_PLACEMENT_3D('',#621,#622,#623);
#621 = CARTESIAN_POINT('',(39.5,113.,120.));
#622 = DIRECTION('',(0.,0.,1.));
#623 = DIRECTION('',(1.,0.,0.));
#624 = ORIENTED_EDGE('',*,*,#625,.T.);
#625 = EDGE_CURVE('',#617,#626,#628,.T.);
#626 = VERTEX_POINT('',#627);
#627 = CARTESIAN_POINT('',(42.035709570444,118.43784672222,120.));
#628 = CIRCLE('',#629,6.);
#629 = AXIS2_PLACEMENT_3D('',#630,#631,#632);
#630 = CARTESIAN_POINT('',(39.5,113.,120.));
#631 = DIRECTION('',(0.,0.,1.));
#632 = DIRECTION('',(1.,0.,0.));
#633 = ORIENTED_EDGE('',*,*,#634,.T.);
#634 = EDGE_CURVE('',#626,#597,#635,.T.);
#635 = CIRCLE('',#636,6.);
#636 = AXIS2_PLACEMENT_3D('',#637,#638,#639);
#637 = CARTESIAN_POINT('',(39.5,113.,120.));
#638 = DIRECTION('',(0.,0.,1.));
#639 = DIRECTION('',(1.,0.,0.));
#640 = PLANE('',#641);
#641 = AXIS2_PLACEMENT_3D('',#642,#643,#644);
#642 = CARTESIAN_POINT('',(39.506993379276,111.40217554898,120.));
#643 = DIRECTION('',(-0.,-0.,-1.));
#644 = DIRECTION('',(-1.,0.,0.));
#645 = ADVANCED_FACE('',(#646,#671),#707,.F.);
#646 = FACE_BOUND('',#647,.F.);
#647 = EDGE_LOOP('',(#648,#649,#650,#659,#665,#666,#667,#668,#669,#670)
  );
#648 = ORIENTED_EDGE('',*,*,#522,.F.);
#649 = ORIENTED_EDGE('',*,*,#39,.F.);
#650 = ORIENTED_EDGE('',*,*,#651,.T.);
#651 = EDGE_CURVE('',#32,#652,#654,.T.);
#652 = VERTEX_POINT('',#653);
#653 = CARTESIAN_POINT('',(29.30441271922,113.3,104.));
#654 = CIRCLE('',#655,10.2);
#655 = AXIS2_PLACEMENT_3D('',#656,#657,#658);
#656 = CARTESIAN_POINT('',(39.5,113.,104.));
#657 = DIRECTION('',(0.,0.,1.));
#658 = DIRECTION('',(1.,0.,0.));
#659 = ORIENTED_EDGE('',*,*,#660,.T.);
#660 = EDGE_CURVE('',#652,#535,#661,.T.);
#661 = LINE('',#662,#663);
#662 = CARTESIAN_POINT('',(29.30441271922,113.3,103.9));
#663 = VECTOR('',#664,1.);
#664 = DIRECTION('',(0.,0.,1.));
#665 = ORIENTED_EDGE('',*,*,#542,.F.);
#666 = ORIENTED_EDGE('',*,*,#551,.F.);
#667 = ORIENTED_EDGE('',*,*,#560,.F.);
#668 = ORIENTED_EDGE('',*,*,#569,.F.);
#669 = ORIENTED_EDGE('',*,*,#578,.F.);
#670 = ORIENTED_EDGE('',*,*,#587,.F.);
#671 = FACE_BOUND('',#672,.F.);
#672 = EDGE_LOOP('',(#673,#683,#692,#700));
#673 = ORIENTED_EDGE('',*,*,#674,.T.);
#674 = EDGE_CURVE('',#675,#677,#679,.T.);
#675 = VERTEX_POINT('',#676);
#676 = CARTESIAN_POINT('',(42.5,122.74884608556,106.));
#677 = VERTEX_POINT('',#678);
#678 = CARTESIAN_POINT('',(42.5,122.74884608556,119.8));
#679 = LINE('',#680,#681);
#680 = CARTESIAN_POINT('',(42.5,122.74884608556,103.9));
#681 = VECTOR('',#682,1.);
#682 = DIRECTION('',(0.,0.,1.));
#683 = ORIENTED_EDGE('',*,*,#684,.T.);
#684 = EDGE_CURVE('',#677,#685,#687,.T.);
#685 = VERTEX_POINT('',#686);
#686 = CARTESIAN_POINT('',(36.5,122.74884608556,119.8));
#687 = CIRCLE('',#688,10.2);
#688 = AXIS2_PLACEMENT_3D('',#689,#690,#691);
#689 = CARTESIAN_POINT('',(39.5,113.,119.8));
#690 = DIRECTION('',(0.,0.,1.));
#691 = DIRECTION('',(1.,0.,0.));
#692 = ORIENTED_EDGE('',*,*,#693,.F.);
#693 = EDGE_CURVE('',#694,#685,#696,.T.);
#694 = VERTEX_POINT('',#695);
#695 = CARTESIAN_POINT('',(36.5,122.74884608556,106.));
#696 = LINE('',#697,#698);
#697 = CARTESIAN_POINT('',(36.5,122.74884608556,103.9));
#698 = VECTOR('',#699,1.);
#699 = DIRECTION('',(0.,0.,1.));
#700 = ORIENTED_EDGE('',*,*,#701,.F.);
#701 = EDGE_CURVE('',#675,#694,#702,.T.);
#702 = CIRCLE('',#703,10.2);
#703 = AXIS2_PLACEMENT_3D('',#704,#705,#706);
#704 = CARTESIAN_POINT('',(39.5,113.,106.));
#705 = DIRECTION('',(0.,0.,1.));
#706 = DIRECTION('',(1.,0.,0.));
#707 = CYLINDRICAL_SURFACE('',#708,10.2);
#708 = AXIS2_PLACEMENT_3D('',#709,#710,#711);
#709 = CARTESIAN_POINT('',(39.5,113.,103.9));
#710 = DIRECTION('',(0.,0.,1.));
#711 = DIRECTION('',(1.,0.,0.));
#712 = ADVANCED_FACE('',(#713),#724,.F.);
#713 = FACE_BOUND('',#714,.F.);
#714 = EDGE_LOOP('',(#715,#716,#717,#723));
#715 = ORIENTED_EDGE('',*,*,#31,.F.);
#716 = ORIENTED_EDGE('',*,*,#322,.T.);
#717 = ORIENTED_EDGE('',*,*,#718,.F.);
#718 = EDGE_CURVE('',#652,#323,#719,.T.);
#719 = LINE('',#720,#721);
#720 = CARTESIAN_POINT('',(24.5,113.3,104.));
#721 = VECTOR('',#722,1.);
#722 = DIRECTION('',(-1.,0.,0.));
#723 = ORIENTED_EDGE('',*,*,#651,.F.);
#724 = PLANE('',#725);
#725 = AXIS2_PLACEMENT_3D('',#726,#727,#728);
#726 = CARTESIAN_POINT('',(39.5,113.,104.));
#727 = DIRECTION('',(0.,0.,1.));
#728 = DIRECTION('',(1.,0.,0.));
#729 = ADVANCED_FACE('',(#730),#765,.F.);
#730 = FACE_BOUND('',#731,.F.);
#731 = EDGE_LOOP('',(#732,#739,#740,#749,#755,#756,#757,#764));
#732 = ORIENTED_EDGE('',*,*,#733,.F.);
#733 = EDGE_CURVE('',#271,#258,#734,.T.);
#734 = CIRCLE('',#735,1.7);
#735 = AXIS2_PLACEMENT_3D('',#736,#737,#738);
#736 = CARTESIAN_POINT('',(53.,119.,112.));
#737 = DIRECTION('',(0.,1.,0.));
#738 = DIRECTION('',(0.,0.,1.));
#739 = ORIENTED_EDGE('',*,*,#278,.F.);
#740 = ORIENTED_EDGE('',*,*,#741,.F.);
#741 = EDGE_CURVE('',#742,#279,#744,.T.);
#742 = VERTEX_POINT('',#743);
#743 = CARTESIAN_POINT('',(53.,118.,113.7));
#744 = CIRCLE('',#745,1.7);
#745 = AXIS2_PLACEMENT_3D('',#746,#747,#748);
#746 = CARTESIAN_POINT('',(53.,118.,112.));
#747 = DIRECTION('',(0.,1.,0.));
#748 = DIRECTION('',(0.,0.,1.));
#749 = ORIENTED_EDGE('',*,*,#750,.F.);
#750 = EDGE_CURVE('',#88,#742,#751,.T.);
#751 = LINE('',#752,#753);
#752 = CARTESIAN_POINT('',(53.,107.,113.7));
#753 = VECTOR('',#754,1.);
#754 = DIRECTION('',(0.,1.,0.));
#755 = ORIENTED_EDGE('',*,*,#87,.T.);
#756 = ORIENTED_EDGE('',*,*,#750,.T.);
#757 = ORIENTED_EDGE('',*,*,#758,.F.);
#758 = EDGE_CURVE('',#250,#742,#759,.T.);
#759 = CIRCLE('',#760,1.7);
#760 = AXIS2_PLACEMENT_3D('',#761,#762,#763);
#761 = CARTESIAN_POINT('',(53.,118.,112.));
#762 = DIRECTION('',(0.,1.,0.));
#763 = DIRECTION('',(0.,0.,1.));
#764 = ORIENTED_EDGE('',*,*,#257,.F.);
#765 = CYLINDRICAL_SURFACE('',#766,1.7);
#766 = AXIS2_PLACEMENT_3D('',#767,#768,#769);
#767 = CARTESIAN_POINT('',(53.,107.,112.));
#768 = DIRECTION('',(0.,1.,0.));
#769 = DIRECTION('',(0.,0.,1.));
#770 = ADVANCED_FACE('',(#771),#807,.T.);
#771 = FACE_BOUND('',#772,.T.);
#772 = EDGE_LOOP('',(#773,#781,#782,#783,#791,#800));
#773 = ORIENTED_EDGE('',*,*,#774,.F.);
#774 = EDGE_CURVE('',#123,#775,#777,.T.);
#775 = VERTEX_POINT('',#776);
#776 = CARTESIAN_POINT('',(28.261584014318,117.20689982442,123.));
#777 = LINE('',#778,#779);
#778 = CARTESIAN_POINT('',(37.779270690947,110.54254386713,123.));
#779 = VECTOR('',#780,1.);
#780 = DIRECTION('',(0.819152044289,-0.573576436351,0.));
#781 = ORIENTED_EDGE('',*,*,#122,.T.);
#782 = ORIENTED_EDGE('',*,*,#224,.T.);
#783 = ORIENTED_EDGE('',*,*,#784,.T.);
#784 = EDGE_CURVE('',#217,#785,#787,.T.);
#785 = VERTEX_POINT('',#786);
#786 = CARTESIAN_POINT('',(50.738415985682,117.20689982442,123.));
#787 = LINE('',#788,#789);
#788 = CARTESIAN_POINT('',(41.220729309053,110.54254386713,123.));
#789 = VECTOR('',#790,1.);
#790 = DIRECTION('',(-0.819152044289,-0.573576436351,0.));
#791 = ORIENTED_EDGE('',*,*,#792,.F.);
#792 = EDGE_CURVE('',#793,#785,#795,.T.);
#793 = VERTEX_POINT('',#794);
#794 = CARTESIAN_POINT('',(51.5,113.,123.));
#795 = CIRCLE('',#796,12.);
#796 = AXIS2_PLACEMENT_3D('',#797,#798,#799);
#797 = CARTESIAN_POINT('',(39.5,113.,123.));
#798 = DIRECTION('',(0.,0.,1.));
#799 = DIRECTION('',(1.,0.,0.));
#800 = ORIENTED_EDGE('',*,*,#801,.F.);
#801 = EDGE_CURVE('',#775,#793,#802,.T.);
#802 = CIRCLE('',#803,12.);
#803 = AXIS2_PLACEMENT_3D('',#804,#805,#806);
#804 = CARTESIAN_POINT('',(39.5,113.,123.));
#805 = DIRECTION('',(0.,0.,1.));
#806 = DIRECTION('',(1.,0.,0.));
#807 = PLANE('',#808);
#808 = AXIS2_PLACEMENT_3D('',#809,#810,#811);
#809 = CARTESIAN_POINT('',(39.5,113.,123.));
#810 = DIRECTION('',(0.,0.,1.));
#811 = DIRECTION('',(1.,0.,0.));
#812 = ADVANCED_FACE('',(#813),#847,.T.);
#813 = FACE_BOUND('',#814,.T.);
#814 = EDGE_LOOP('',(#815,#823,#824,#825,#833,#841));
#815 = ORIENTED_EDGE('',*,*,#816,.F.);
#816 = EDGE_CURVE('',#132,#817,#819,.T.);
#817 = VERTEX_POINT('',#818);
#818 = CARTESIAN_POINT('',(16.481317539433,125.45553121226,120.));
#819 = LINE('',#820,#821);
#820 = CARTESIAN_POINT('',(37.779270690947,110.54254386713,120.));
#821 = VECTOR('',#822,1.);
#822 = DIRECTION('',(-0.819152044289,0.573576436351,0.));
#823 = ORIENTED_EDGE('',*,*,#131,.T.);
#824 = ORIENTED_EDGE('',*,*,#774,.T.);
#825 = ORIENTED_EDGE('',*,*,#826,.T.);
#826 = EDGE_CURVE('',#775,#827,#829,.T.);
#827 = VERTEX_POINT('',#828);
#828 = CARTESIAN_POINT('',(28.261584014318,117.20689982442,124.));
#829 = LINE('',#830,#831);
#830 = CARTESIAN_POINT('',(28.261584014318,117.20689982442,123.));
#831 = VECTOR('',#832,1.);
#832 = DIRECTION('',(0.,0.,1.));
#833 = ORIENTED_EDGE('',*,*,#834,.T.);
#834 = EDGE_CURVE('',#827,#835,#837,.T.);
#835 = VERTEX_POINT('',#836);
#836 = CARTESIAN_POINT('',(16.481317539433,125.45553121226,124.));
#837 = LINE('',#838,#839);
#838 = CARTESIAN_POINT('',(37.779270690947,110.54254386713,124.));
#839 = VECTOR('',#840,1.);
#840 = DIRECTION('',(-0.819152044289,0.573576436351,0.));
#841 = ORIENTED_EDGE('',*,*,#842,.F.);
#842 = EDGE_CURVE('',#817,#835,#843,.T.);
#843 = LINE('',#844,#845);
#844 = CARTESIAN_POINT('',(16.481317539433,125.45553121226,120.));
#845 = VECTOR('',#846,1.);
#846 = DIRECTION('',(0.,0.,1.));
#847 = PLANE('',#848);
#848 = AXIS2_PLACEMENT_3D('',#849,#850,#851);
#849 = CARTESIAN_POINT('',(37.779270690947,110.54254386713,120.));
#850 = DIRECTION('',(-0.573576436351,-0.819152044289,0.));
#851 = DIRECTION('',(0.,0.,1.));
#852 = ADVANCED_FACE('',(#853),#871,.F.);
#853 = FACE_BOUND('',#854,.F.);
#854 = EDGE_LOOP('',(#855,#856,#864,#870));
#855 = ORIENTED_EDGE('',*,*,#139,.F.);
#856 = ORIENTED_EDGE('',*,*,#857,.T.);
#857 = EDGE_CURVE('',#140,#858,#860,.T.);
#858 = VERTEX_POINT('',#859);
#859 = CARTESIAN_POINT('',(19.922776157539,130.37044347799,120.));
#860 = LINE('',#861,#862);
#861 = CARTESIAN_POINT('',(41.220729309053,115.45745613286,120.));
#862 = VECTOR('',#863,1.);
#863 = DIRECTION('',(-0.819152044289,0.573576436351,0.));
#864 = ORIENTED_EDGE('',*,*,#865,.T.);
#865 = EDGE_CURVE('',#858,#817,#866,.T.);
#866 = LINE('',#867,#868);
#867 = CARTESIAN_POINT('',(19.922776157539,130.37044347799,120.));
#868 = VECTOR('',#869,1.);
#869 = DIRECTION('',(-0.573576436351,-0.819152044289,0.));
#870 = ORIENTED_EDGE('',*,*,#816,.F.);
#871 = PLANE('',#872);
#872 = AXIS2_PLACEMENT_3D('',#873,#874,#875);
#873 = CARTESIAN_POINT('',(41.220729309053,115.45745613286,120.));
#874 = DIRECTION('',(0.,0.,1.));
#875 = DIRECTION('',(-0.819152044289,0.573576436351,0.));
#876 = ADVANCED_FACE('',(#877),#911,.F.);
#877 = FACE_BOUND('',#878,.F.);
#878 = EDGE_LOOP('',(#879,#880,#881,#889,#897,#905));
#879 = ORIENTED_EDGE('',*,*,#857,.F.);
#880 = ORIENTED_EDGE('',*,*,#148,.T.);
#881 = ORIENTED_EDGE('',*,*,#882,.T.);
#882 = EDGE_CURVE('',#149,#883,#885,.T.);
#883 = VERTEX_POINT('',#884);
#884 = CARTESIAN_POINT('',(31.703042632424,122.12181209016,123.));
#885 = LINE('',#886,#887);
#886 = CARTESIAN_POINT('',(41.220729309053,115.45745613286,123.));
#887 = VECTOR('',#888,1.);
#888 = DIRECTION('',(0.819152044289,-0.573576436351,0.));
#889 = ORIENTED_EDGE('',*,*,#890,.T.);
#890 = EDGE_CURVE('',#883,#891,#893,.T.);
#891 = VERTEX_POINT('',#892);
#892 = CARTESIAN_POINT('',(31.703042632424,122.12181209016,124.));
#893 = LINE('',#894,#895);
#894 = CARTESIAN_POINT('',(31.703042632424,122.12181209016,123.));
#895 = VECTOR('',#896,1.);
#896 = DIRECTION('',(0.,0.,1.));
#897 = ORIENTED_EDGE('',*,*,#898,.T.);
#898 = EDGE_CURVE('',#891,#899,#901,.T.);
#899 = VERTEX_POINT('',#900);
#900 = CARTESIAN_POINT('',(19.922776157539,130.37044347799,124.));
#901 = LINE('',#902,#903);
#902 = CARTESIAN_POINT('',(41.220729309053,115.45745613286,124.));
#903 = VECTOR('',#904,1.);
#904 = DIRECTION('',(-0.819152044289,0.573576436351,0.));
#905 = ORIENTED_EDGE('',*,*,#906,.F.);
#906 = EDGE_CURVE('',#858,#899,#907,.T.);
#907 = LINE('',#908,#909);
#908 = CARTESIAN_POINT('',(19.922776157539,130.37044347799,120.));
#909 = VECTOR('',#910,1.);
#910 = DIRECTION('',(0.,0.,1.));
#911 = PLANE('',#912);
#912 = AXIS2_PLACEMENT_3D('',#913,#914,#915);
#913 = CARTESIAN_POINT('',(41.220729309053,115.45745613286,120.));
#914 = DIRECTION('',(-0.573576436351,-0.819152044289,0.));
#915 = DIRECTION('',(0.,0.,1.));
#916 = ADVANCED_FACE('',(#917),#936,.T.);
#917 = FACE_BOUND('',#918,.T.);
#918 = EDGE_LOOP('',(#919,#927,#928,#929));
#919 = ORIENTED_EDGE('',*,*,#920,.F.);
#920 = EDGE_CURVE('',#157,#921,#923,.T.);
#921 = VERTEX_POINT('',#922);
#922 = CARTESIAN_POINT('',(34.5,123.90871211463,123.));
#923 = LINE('',#924,#925);
#924 = CARTESIAN_POINT('',(34.5,124.44268292682,123.));
#925 = VECTOR('',#926,1.);
#926 = DIRECTION('',(0.,-1.,0.));
#927 = ORIENTED_EDGE('',*,*,#156,.T.);
#928 = ORIENTED_EDGE('',*,*,#882,.T.);
#929 = ORIENTED_EDGE('',*,*,#930,.F.);
#930 = EDGE_CURVE('',#921,#883,#931,.T.);
#931 = CIRCLE('',#932,12.);
#932 = AXIS2_PLACEMENT_3D('',#933,#934,#935);
#933 = CARTESIAN_POINT('',(39.5,113.,123.));
#934 = DIRECTION('',(0.,0.,1.));
#935 = DIRECTION('',(1.,0.,0.));
#936 = PLANE('',#937);
#937 = AXIS2_PLACEMENT_3D('',#938,#939,#940);
#938 = CARTESIAN_POINT('',(39.5,113.,123.));
#939 = DIRECTION('',(0.,0.,1.));
#940 = DIRECTION('',(1.,0.,0.));
#941 = ADVANCED_FACE('',(#942),#1008,.T.);
#942 = FACE_BOUND('',#943,.T.);
#943 = EDGE_LOOP('',(#944,#952,#960,#968,#976,#984,#992,#1000,#1006,
    #1007));
#944 = ORIENTED_EDGE('',*,*,#945,.T.);
#945 = EDGE_CURVE('',#921,#946,#948,.T.);
#946 = VERTEX_POINT('',#947);
#947 = CARTESIAN_POINT('',(34.5,123.90871211463,124.));
#948 = LINE('',#949,#950);
#949 = CARTESIAN_POINT('',(34.5,123.90871211463,123.));
#950 = VECTOR('',#951,1.);
#951 = DIRECTION('',(0.,0.,1.));
#952 = ORIENTED_EDGE('',*,*,#953,.T.);
#953 = EDGE_CURVE('',#946,#954,#956,.T.);
#954 = VERTEX_POINT('',#955);
#955 = CARTESIAN_POINT('',(34.5,140.1,124.));
#956 = LINE('',#957,#958);
#957 = CARTESIAN_POINT('',(34.5,121.,124.));
#958 = VECTOR('',#959,1.);
#959 = DIRECTION('',(0.,1.,0.));
#960 = ORIENTED_EDGE('',*,*,#961,.T.);
#961 = EDGE_CURVE('',#954,#962,#964,.T.);
#962 = VERTEX_POINT('',#963);
#963 = CARTESIAN_POINT('',(34.5,140.1,137.));
#964 = LINE('',#965,#966);
#965 = CARTESIAN_POINT('',(34.5,140.1,123.));
#966 = VECTOR('',#967,1.);
#967 = DIRECTION('',(0.,0.,1.));
#968 = ORIENTED_EDGE('',*,*,#969,.F.);
#969 = EDGE_CURVE('',#970,#962,#972,.T.);
#970 = VERTEX_POINT('',#971);
#971 = CARTESIAN_POINT('',(34.5,144.1,137.));
#972 = LINE('',#973,#974);
#973 = CARTESIAN_POINT('',(34.5,140.1,137.));
#974 = VECTOR('',#975,1.);
#975 = DIRECTION('',(0.,-1.,0.));
#976 = ORIENTED_EDGE('',*,*,#977,.F.);
#977 = EDGE_CURVE('',#978,#970,#980,.T.);
#978 = VERTEX_POINT('',#979);
#979 = CARTESIAN_POINT('',(34.5,144.1,124.));
#980 = LINE('',#981,#982);
#981 = CARTESIAN_POINT('',(34.5,144.1,123.));
#982 = VECTOR('',#983,1.);
#983 = DIRECTION('',(0.,0.,1.));
#984 = ORIENTED_EDGE('',*,*,#985,.T.);
#985 = EDGE_CURVE('',#978,#986,#988,.T.);
#986 = VERTEX_POINT('',#987);
#987 = CARTESIAN_POINT('',(34.5,145.,124.));
#988 = LINE('',#989,#990);
#989 = CARTESIAN_POINT('',(34.5,121.,124.));
#990 = VECTOR('',#991,1.);
#991 = DIRECTION('',(0.,1.,0.));
#992 = ORIENTED_EDGE('',*,*,#993,.F.);
#993 = EDGE_CURVE('',#994,#986,#996,.T.);
#994 = VERTEX_POINT('',#995);
#995 = CARTESIAN_POINT('',(34.5,145.,120.));
#996 = LINE('',#997,#998);
#997 = CARTESIAN_POINT('',(34.5,145.,120.));
#998 = VECTOR('',#999,1.);
#999 = DIRECTION('',(0.,0.,1.));
#1000 = ORIENTED_EDGE('',*,*,#1001,.F.);
#1001 = EDGE_CURVE('',#166,#994,#1002,.T.);
#1002 = LINE('',#1003,#1004);
#1003 = CARTESIAN_POINT('',(34.5,121.,120.));
#1004 = VECTOR('',#1005,1.);
#1005 = DIRECTION('',(0.,1.,0.));
#1006 = ORIENTED_EDGE('',*,*,#165,.T.);
#1007 = ORIENTED_EDGE('',*,*,#920,.T.);
#1008 = PLANE('',#1009);
#1009 = AXIS2_PLACEMENT_3D('',#1010,#1011,#1012);
#1010 = CARTESIAN_POINT('',(34.5,135.88536585365,125.32926829268));
#1011 = DIRECTION('',(-1.,-0.,-0.));
#1012 = DIRECTION('',(0.,0.,-1.));
#1013 = ADVANCED_FACE('',(#1014),#1032,.F.);
#1014 = FACE_BOUND('',#1015,.F.);
#1015 = EDGE_LOOP('',(#1016,#1017,#1018,#1026));
#1016 = ORIENTED_EDGE('',*,*,#1001,.F.);
#1017 = ORIENTED_EDGE('',*,*,#173,.F.);
#1018 = ORIENTED_EDGE('',*,*,#1019,.T.);
#1019 = EDGE_CURVE('',#174,#1020,#1022,.T.);
#1020 = VERTEX_POINT('',#1021);
#1021 = CARTESIAN_POINT('',(44.5,145.,120.));
#1022 = LINE('',#1023,#1024);
#1023 = CARTESIAN_POINT('',(44.5,121.,120.));
#1024 = VECTOR('',#1025,1.);
#1025 = DIRECTION('',(0.,1.,0.));
#1026 = ORIENTED_EDGE('',*,*,#1027,.F.);
#1027 = EDGE_CURVE('',#994,#1020,#1028,.T.);
#1028 = LINE('',#1029,#1030);
#1029 = CARTESIAN_POINT('',(34.5,145.,120.));
#1030 = VECTOR('',#1031,1.);
#1031 = DIRECTION('',(1.,0.,0.));
#1032 = PLANE('',#1033);
#1033 = AXIS2_PLACEMENT_3D('',#1034,#1035,#1036);
#1034 = CARTESIAN_POINT('',(34.5,121.,120.));
#1035 = DIRECTION('',(0.,0.,1.));
#1036 = DIRECTION('',(1.,0.,0.));
#1037 = ADVANCED_FACE('',(#1038),#1104,.T.);
#1038 = FACE_BOUND('',#1039,.T.);
#1039 = EDGE_LOOP('',(#1040,#1050,#1058,#1064,#1065,#1066,#1074,#1082,
    #1090,#1098));
#1040 = ORIENTED_EDGE('',*,*,#1041,.F.);
#1041 = EDGE_CURVE('',#1042,#1044,#1046,.T.);
#1042 = VERTEX_POINT('',#1043);
#1043 = CARTESIAN_POINT('',(44.5,123.90871211463,124.));
#1044 = VERTEX_POINT('',#1045);
#1045 = CARTESIAN_POINT('',(44.5,140.1,124.));
#1046 = LINE('',#1047,#1048);
#1047 = CARTESIAN_POINT('',(44.5,121.,124.));
#1048 = VECTOR('',#1049,1.);
#1049 = DIRECTION('',(0.,1.,0.));
#1050 = ORIENTED_EDGE('',*,*,#1051,.F.);
#1051 = EDGE_CURVE('',#1052,#1042,#1054,.T.);
#1052 = VERTEX_POINT('',#1053);
#1053 = CARTESIAN_POINT('',(44.5,123.90871211463,123.));
#1054 = LINE('',#1055,#1056);
#1055 = CARTESIAN_POINT('',(44.5,123.90871211463,123.));
#1056 = VECTOR('',#1057,1.);
#1057 = DIRECTION('',(0.,0.,1.));
#1058 = ORIENTED_EDGE('',*,*,#1059,.T.);
#1059 = EDGE_CURVE('',#1052,#183,#1060,.T.);
#1060 = LINE('',#1061,#1062);
#1061 = CARTESIAN_POINT('',(44.5,124.44268292682,123.));
#1062 = VECTOR('',#1063,1.);
#1063 = DIRECTION('',(0.,1.,0.));
#1064 = ORIENTED_EDGE('',*,*,#182,.F.);
#1065 = ORIENTED_EDGE('',*,*,#1019,.T.);
#1066 = ORIENTED_EDGE('',*,*,#1067,.T.);
#1067 = EDGE_CURVE('',#1020,#1068,#1070,.T.);
#1068 = VERTEX_POINT('',#1069);
#1069 = CARTESIAN_POINT('',(44.5,145.,124.));
#1070 = LINE('',#1071,#1072);
#1071 = CARTESIAN_POINT('',(44.5,145.,120.));
#1072 = VECTOR('',#1073,1.);
#1073 = DIRECTION('',(0.,0.,1.));
#1074 = ORIENTED_EDGE('',*,*,#1075,.F.);
#1075 = EDGE_CURVE('',#1076,#1068,#1078,.T.);
#1076 = VERTEX_POINT('',#1077);
#1077 = CARTESIAN_POINT('',(44.5,144.1,124.));
#1078 = LINE('',#1079,#1080);
#1079 = CARTESIAN_POINT('',(44.5,121.,124.));
#1080 = VECTOR('',#1081,1.);
#1081 = DIRECTION('',(0.,1.,0.));
#1082 = ORIENTED_EDGE('',*,*,#1083,.T.);
#1083 = EDGE_CURVE('',#1076,#1084,#1086,.T.);
#1084 = VERTEX_POINT('',#1085);
#1085 = CARTESIAN_POINT('',(44.5,144.1,137.));
#1086 = LINE('',#1087,#1088);
#1087 = CARTESIAN_POINT('',(44.5,144.1,123.));
#1088 = VECTOR('',#1089,1.);
#1089 = DIRECTION('',(0.,0.,1.));
#1090 = ORIENTED_EDGE('',*,*,#1091,.T.);
#1091 = EDGE_CURVE('',#1084,#1092,#1094,.T.);
#1092 = VERTEX_POINT('',#1093);
#1093 = CARTESIAN_POINT('',(44.5,140.1,137.));
#1094 = LINE('',#1095,#1096);
#1095 = CARTESIAN_POINT('',(44.5,140.1,137.));
#1096 = VECTOR('',#1097,1.);
#1097 = DIRECTION('',(0.,-1.,0.));
#1098 = ORIENTED_EDGE('',*,*,#1099,.F.);
#1099 = EDGE_CURVE('',#1044,#1092,#1100,.T.);
#1100 = LINE('',#1101,#1102);
#1101 = CARTESIAN_POINT('',(44.5,140.1,123.));
#1102 = VECTOR('',#1103,1.);
#1103 = DIRECTION('',(0.,0.,1.));
#1104 = PLANE('',#1105);
#1105 = AXIS2_PLACEMENT_3D('',#1106,#1107,#1108);
#1106 = CARTESIAN_POINT('',(44.5,135.88536585365,125.32926829268));
#1107 = DIRECTION('',(1.,0.,0.));
#1108 = DIRECTION('',(0.,0.,1.));
#1109 = ADVANCED_FACE('',(#1110),#1129,.T.);
#1110 = FACE_BOUND('',#1111,.T.);
#1111 = EDGE_LOOP('',(#1112,#1120,#1121,#1122));
#1112 = ORIENTED_EDGE('',*,*,#1113,.F.);
#1113 = EDGE_CURVE('',#191,#1114,#1116,.T.);
#1114 = VERTEX_POINT('',#1115);
#1115 = CARTESIAN_POINT('',(47.296957367576,122.12181209016,123.));
#1116 = LINE('',#1117,#1118);
#1117 = CARTESIAN_POINT('',(37.779270690947,115.45745613286,123.));
#1118 = VECTOR('',#1119,1.);
#1119 = DIRECTION('',(-0.819152044289,-0.573576436351,0.));
#1120 = ORIENTED_EDGE('',*,*,#190,.T.);
#1121 = ORIENTED_EDGE('',*,*,#1059,.F.);
#1122 = ORIENTED_EDGE('',*,*,#1123,.F.);
#1123 = EDGE_CURVE('',#1114,#1052,#1124,.T.);
#1124 = CIRCLE('',#1125,12.);
#1125 = AXIS2_PLACEMENT_3D('',#1126,#1127,#1128);
#1126 = CARTESIAN_POINT('',(39.5,113.,123.));
#1127 = DIRECTION('',(0.,0.,1.));
#1128 = DIRECTION('',(1.,0.,0.));
#1129 = PLANE('',#1130);
#1130 = AXIS2_PLACEMENT_3D('',#1131,#1132,#1133);
#1131 = CARTESIAN_POINT('',(39.5,113.,123.));
#1132 = DIRECTION('',(0.,0.,1.));
#1133 = DIRECTION('',(1.,0.,0.));
#1134 = ADVANCED_FACE('',(#1135),#1169,.T.);
#1135 = FACE_BOUND('',#1136,.T.);
#1136 = EDGE_LOOP('',(#1137,#1145,#1146,#1147,#1155,#1163));
#1137 = ORIENTED_EDGE('',*,*,#1138,.F.);
#1138 = EDGE_CURVE('',#200,#1139,#1141,.T.);
#1139 = VERTEX_POINT('',#1140);
#1140 = CARTESIAN_POINT('',(59.077223842461,130.37044347799,120.));
#1141 = LINE('',#1142,#1143);
#1142 = CARTESIAN_POINT('',(37.779270690947,115.45745613286,120.));
#1143 = VECTOR('',#1144,1.);
#1144 = DIRECTION('',(0.819152044289,0.573576436351,0.));
#1145 = ORIENTED_EDGE('',*,*,#199,.T.);
#1146 = ORIENTED_EDGE('',*,*,#1113,.T.);
#1147 = ORIENTED_EDGE('',*,*,#1148,.T.);
#1148 = EDGE_CURVE('',#1114,#1149,#1151,.T.);
#1149 = VERTEX_POINT('',#1150);
#1150 = CARTESIAN_POINT('',(47.296957367576,122.12181209016,124.));
#1151 = LINE('',#1152,#1153);
#1152 = CARTESIAN_POINT('',(47.296957367576,122.12181209016,123.));
#1153 = VECTOR('',#1154,1.);
#1154 = DIRECTION('',(0.,0.,1.));
#1155 = ORIENTED_EDGE('',*,*,#1156,.T.);
#1156 = EDGE_CURVE('',#1149,#1157,#1159,.T.);
#1157 = VERTEX_POINT('',#1158);
#1158 = CARTESIAN_POINT('',(59.077223842461,130.37044347799,124.));
#1159 = LINE('',#1160,#1161);
#1160 = CARTESIAN_POINT('',(37.779270690947,115.45745613286,124.));
#1161 = VECTOR('',#1162,1.);
#1162 = DIRECTION('',(0.819152044289,0.573576436351,0.));
#1163 = ORIENTED_EDGE('',*,*,#1164,.F.);
#1164 = EDGE_CURVE('',#1139,#1157,#1165,.T.);
#1165 = LINE('',#1166,#1167);
#1166 = CARTESIAN_POINT('',(59.077223842461,130.37044347799,120.));
#1167 = VECTOR('',#1168,1.);
#1168 = DIRECTION('',(0.,0.,1.));
#1169 = PLANE('',#1170);
#1170 = AXIS2_PLACEMENT_3D('',#1171,#1172,#1173);
#1171 = CARTESIAN_POINT('',(37.779270690947,115.45745613286,120.));
#1172 = DIRECTION('',(-0.573576436351,0.819152044289,0.));
#1173 = DIRECTION('',(0.,0.,1.));
#1174 = ADVANCED_FACE('',(#1175),#1193,.F.);
#1175 = FACE_BOUND('',#1176,.F.);
#1176 = EDGE_LOOP('',(#1177,#1178,#1179,#1187));
#1177 = ORIENTED_EDGE('',*,*,#1138,.F.);
#1178 = ORIENTED_EDGE('',*,*,#207,.F.);
#1179 = ORIENTED_EDGE('',*,*,#1180,.T.);
#1180 = EDGE_CURVE('',#208,#1181,#1183,.T.);
#1181 = VERTEX_POINT('',#1182);
#1182 = CARTESIAN_POINT('',(62.518682460567,125.45553121226,120.));
#1183 = LINE('',#1184,#1185);
#1184 = CARTESIAN_POINT('',(41.220729309053,110.54254386713,120.));
#1185 = VECTOR('',#1186,1.);
#1186 = DIRECTION('',(0.819152044289,0.573576436351,0.));
#1187 = ORIENTED_EDGE('',*,*,#1188,.T.);
#1188 = EDGE_CURVE('',#1181,#1139,#1189,.T.);
#1189 = LINE('',#1190,#1191);
#1190 = CARTESIAN_POINT('',(62.518682460567,125.45553121226,120.));
#1191 = VECTOR('',#1192,1.);
#1192 = DIRECTION('',(-0.573576436351,0.819152044289,0.));
#1193 = PLANE('',#1194);
#1194 = AXIS2_PLACEMENT_3D('',#1195,#1196,#1197);
#1195 = CARTESIAN_POINT('',(41.220729309053,110.54254386713,120.));
#1196 = DIRECTION('',(0.,0.,1.));
#1197 = DIRECTION('',(0.819152044289,0.573576436351,0.));
#1198 = ADVANCED_FACE('',(#1199),#1226,.F.);
#1199 = FACE_BOUND('',#1200,.F.);
#1200 = EDGE_LOOP('',(#1201,#1202,#1203,#1204,#1212,#1220));
#1201 = ORIENTED_EDGE('',*,*,#1180,.F.);
#1202 = ORIENTED_EDGE('',*,*,#216,.T.);
#1203 = ORIENTED_EDGE('',*,*,#784,.T.);
#1204 = ORIENTED_EDGE('',*,*,#1205,.T.);
#1205 = EDGE_CURVE('',#785,#1206,#1208,.T.);
#1206 = VERTEX_POINT('',#1207);
#1207 = CARTESIAN_POINT('',(50.738415985682,117.20689982442,124.));
#1208 = LINE('',#1209,#1210);
#1209 = CARTESIAN_POINT('',(50.738415985682,117.20689982442,123.));
#1210 = VECTOR('',#1211,1.);
#1211 = DIRECTION('',(0.,0.,1.));
#1212 = ORIENTED_EDGE('',*,*,#1213,.T.);
#1213 = EDGE_CURVE('',#1206,#1214,#1216,.T.);
#1214 = VERTEX_POINT('',#1215);
#1215 = CARTESIAN_POINT('',(62.518682460567,125.45553121226,124.));
#1216 = LINE('',#1217,#1218);
#1217 = CARTESIAN_POINT('',(41.220729309053,110.54254386713,124.));
#1218 = VECTOR('',#1219,1.);
#1219 = DIRECTION('',(0.819152044289,0.573576436351,0.));
#1220 = ORIENTED_EDGE('',*,*,#1221,.F.);
#1221 = EDGE_CURVE('',#1181,#1214,#1222,.T.);
#1222 = LINE('',#1223,#1224);
#1223 = CARTESIAN_POINT('',(62.518682460567,125.45553121226,120.));
#1224 = VECTOR('',#1225,1.);
#1225 = DIRECTION('',(0.,0.,1.));
#1226 = PLANE('',#1227);
#1227 = AXIS2_PLACEMENT_3D('',#1228,#1229,#1230);
#1228 = CARTESIAN_POINT('',(41.220729309053,110.54254386713,120.));
#1229 = DIRECTION('',(-0.573576436351,0.819152044289,0.));
#1230 = DIRECTION('',(0.,0.,1.));
#1231 = ADVANCED_FACE('',(#1232),#1241,.T.);
#1232 = FACE_BOUND('',#1233,.T.);
#1233 = EDGE_LOOP('',(#1234,#1235,#1236,#1237,#1238,#1239,#1240));
#1234 = ORIENTED_EDGE('',*,*,#467,.F.);
#1235 = ORIENTED_EDGE('',*,*,#306,.T.);
#1236 = ORIENTED_EDGE('',*,*,#741,.F.);
#1237 = ORIENTED_EDGE('',*,*,#758,.F.);
#1238 = ORIENTED_EDGE('',*,*,#249,.T.);
#1239 = ORIENTED_EDGE('',*,*,#508,.T.);
#1240 = ORIENTED_EDGE('',*,*,#491,.F.);
#1241 = PLANE('',#1242);
#1242 = AXIS2_PLACEMENT_3D('',#1243,#1244,#1245);
#1243 = CARTESIAN_POINT('',(48.5,118.,106.));
#1244 = DIRECTION('',(0.,1.,0.));
#1245 = DIRECTION('',(0.,0.,1.));
#1246 = ADVANCED_FACE('',(#1247),#1251,.F.);
#1247 = FACE_BOUND('',#1248,.F.);
#1248 = EDGE_LOOP('',(#1249,#1250));
#1249 = ORIENTED_EDGE('',*,*,#270,.F.);
#1250 = ORIENTED_EDGE('',*,*,#733,.T.);
#1251 = PLANE('',#1252);
#1252 = AXIS2_PLACEMENT_3D('',#1253,#1254,#1255);
#1253 = CARTESIAN_POINT('',(53.,119.,112.));
#1254 = DIRECTION('',(0.,1.,0.));
#1255 = DIRECTION('',(0.,0.,1.));
#1256 = ADVANCED_FACE('',(#1257,#1286),#1297,.F.);
#1257 = FACE_BOUND('',#1258,.F.);
#1258 = EDGE_LOOP('',(#1259,#1260,#1261,#1269,#1277,#1283,#1284,#1285));
#1259 = ORIENTED_EDGE('',*,*,#718,.T.);
#1260 = ORIENTED_EDGE('',*,*,#331,.T.);
#1261 = ORIENTED_EDGE('',*,*,#1262,.T.);
#1262 = EDGE_CURVE('',#332,#1263,#1265,.T.);
#1263 = VERTEX_POINT('',#1264);
#1264 = CARTESIAN_POINT('',(21.5,113.3,106.));
#1265 = LINE('',#1266,#1267);
#1266 = CARTESIAN_POINT('',(15.5,113.3,106.));
#1267 = VECTOR('',#1268,1.);
#1268 = DIRECTION('',(-1.,0.,0.));
#1269 = ORIENTED_EDGE('',*,*,#1270,.T.);
#1270 = EDGE_CURVE('',#1263,#1271,#1273,.T.);
#1271 = VERTEX_POINT('',#1272);
#1272 = CARTESIAN_POINT('',(21.5,113.3,118.));
#1273 = LINE('',#1274,#1275);
#1274 = CARTESIAN_POINT('',(21.5,113.3,103.));
#1275 = VECTOR('',#1276,1.);
#1276 = DIRECTION('',(0.,0.,1.));
#1277 = ORIENTED_EDGE('',*,*,#1278,.F.);
#1278 = EDGE_CURVE('',#435,#1271,#1279,.T.);
#1279 = LINE('',#1280,#1281);
#1280 = CARTESIAN_POINT('',(15.5,113.3,118.));
#1281 = VECTOR('',#1282,1.);
#1282 = DIRECTION('',(-1.,0.,0.));
#1283 = ORIENTED_EDGE('',*,*,#443,.T.);
#1284 = ORIENTED_EDGE('',*,*,#534,.F.);
#1285 = ORIENTED_EDGE('',*,*,#660,.F.);
#1286 = FACE_BOUND('',#1287,.F.);
#1287 = EDGE_LOOP('',(#1288));
#1288 = ORIENTED_EDGE('',*,*,#1289,.F.);
#1289 = EDGE_CURVE('',#1290,#1290,#1292,.T.);
#1290 = VERTEX_POINT('',#1291);
#1291 = CARTESIAN_POINT('',(26.,113.3,113.7));
#1292 = CIRCLE('',#1293,1.7);
#1293 = AXIS2_PLACEMENT_3D('',#1294,#1295,#1296);
#1294 = CARTESIAN_POINT('',(26.,113.3,112.));
#1295 = DIRECTION('',(0.,1.,0.));
#1296 = DIRECTION('',(0.,0.,1.));
#1297 = PLANE('',#1298);
#1298 = AXIS2_PLACEMENT_3D('',#1299,#1300,#1301);
#1299 = CARTESIAN_POINT('',(9.5,113.3,100.));
#1300 = DIRECTION('',(0.,1.,0.));
#1301 = DIRECTION('',(0.,0.,1.));
#1302 = ADVANCED_FACE('',(#1303),#1321,.F.);
#1303 = FACE_BOUND('',#1304,.F.);
#1304 = EDGE_LOOP('',(#1305,#1313,#1319,#1320));
#1305 = ORIENTED_EDGE('',*,*,#1306,.F.);
#1306 = EDGE_CURVE('',#1307,#340,#1309,.T.);
#1307 = VERTEX_POINT('',#1308);
#1308 = CARTESIAN_POINT('',(21.5,118.,106.));
#1309 = LINE('',#1310,#1311);
#1310 = CARTESIAN_POINT('',(21.5,118.,106.));
#1311 = VECTOR('',#1312,1.);
#1312 = DIRECTION('',(1.,0.,0.));
#1313 = ORIENTED_EDGE('',*,*,#1314,.F.);
#1314 = EDGE_CURVE('',#1263,#1307,#1315,.T.);
#1315 = LINE('',#1316,#1317);
#1316 = CARTESIAN_POINT('',(21.5,108.,106.));
#1317 = VECTOR('',#1318,1.);
#1318 = DIRECTION('',(0.,1.,0.));
#1319 = ORIENTED_EDGE('',*,*,#1262,.F.);
#1320 = ORIENTED_EDGE('',*,*,#339,.F.);
#1321 = PLANE('',#1322);
#1322 = AXIS2_PLACEMENT_3D('',#1323,#1324,#1325);
#1323 = CARTESIAN_POINT('',(21.5,108.,106.));
#1324 = DIRECTION('',(0.,0.,1.));
#1325 = DIRECTION('',(1.,0.,0.));
#1326 = ADVANCED_FACE('',(#1327),#1362,.T.);
#1327 = FACE_BOUND('',#1328,.T.);
#1328 = EDGE_LOOP('',(#1329,#1330,#1338,#1344,#1345,#1354,#1361));
#1329 = ORIENTED_EDGE('',*,*,#1306,.F.);
#1330 = ORIENTED_EDGE('',*,*,#1331,.T.);
#1331 = EDGE_CURVE('',#1307,#1332,#1334,.T.);
#1332 = VERTEX_POINT('',#1333);
#1333 = CARTESIAN_POINT('',(21.5,118.,118.));
#1334 = LINE('',#1335,#1336);
#1335 = CARTESIAN_POINT('',(21.5,118.,106.));
#1336 = VECTOR('',#1337,1.);
#1337 = DIRECTION('',(0.,0.,1.));
#1338 = ORIENTED_EDGE('',*,*,#1339,.T.);
#1339 = EDGE_CURVE('',#1332,#427,#1340,.T.);
#1340 = LINE('',#1341,#1342);
#1341 = CARTESIAN_POINT('',(21.5,118.,118.));
#1342 = VECTOR('',#1343,1.);
#1343 = DIRECTION('',(1.,0.,0.));
#1344 = ORIENTED_EDGE('',*,*,#426,.F.);
#1345 = ORIENTED_EDGE('',*,*,#1346,.F.);
#1346 = EDGE_CURVE('',#1347,#414,#1349,.T.);
#1347 = VERTEX_POINT('',#1348);
#1348 = CARTESIAN_POINT('',(26.,118.,113.7));
#1349 = CIRCLE('',#1350,1.7);
#1350 = AXIS2_PLACEMENT_3D('',#1351,#1352,#1353);
#1351 = CARTESIAN_POINT('',(26.,118.,112.));
#1352 = DIRECTION('',(0.,1.,0.));
#1353 = DIRECTION('',(0.,0.,1.));
#1354 = ORIENTED_EDGE('',*,*,#1355,.F.);
#1355 = EDGE_CURVE('',#349,#1347,#1356,.T.);
#1356 = CIRCLE('',#1357,1.7);
#1357 = AXIS2_PLACEMENT_3D('',#1358,#1359,#1360);
#1358 = CARTESIAN_POINT('',(26.,118.,112.));
#1359 = DIRECTION('',(0.,1.,0.));
#1360 = DIRECTION('',(0.,0.,1.));
#1361 = ORIENTED_EDGE('',*,*,#348,.F.);
#1362 = PLANE('',#1363);
#1363 = AXIS2_PLACEMENT_3D('',#1364,#1365,#1366);
#1364 = CARTESIAN_POINT('',(21.5,118.,106.));
#1365 = DIRECTION('',(0.,1.,0.));
#1366 = DIRECTION('',(0.,0.,1.));
#1367 = ADVANCED_FACE('',(#1368),#1389,.F.);
#1368 = FACE_BOUND('',#1369,.F.);
#1369 = EDGE_LOOP('',(#1370,#1377,#1378,#1379,#1385,#1386,#1387,#1388));
#1370 = ORIENTED_EDGE('',*,*,#1371,.F.);
#1371 = EDGE_CURVE('',#406,#357,#1372,.T.);
#1372 = CIRCLE('',#1373,1.7);
#1373 = AXIS2_PLACEMENT_3D('',#1374,#1375,#1376);
#1374 = CARTESIAN_POINT('',(26.,119.,112.));
#1375 = DIRECTION('',(0.,1.,0.));
#1376 = DIRECTION('',(0.,0.,1.));
#1377 = ORIENTED_EDGE('',*,*,#413,.F.);
#1378 = ORIENTED_EDGE('',*,*,#1346,.F.);
#1379 = ORIENTED_EDGE('',*,*,#1380,.F.);
#1380 = EDGE_CURVE('',#1290,#1347,#1381,.T.);
#1381 = LINE('',#1382,#1383);
#1382 = CARTESIAN_POINT('',(26.,107.,113.7));
#1383 = VECTOR('',#1384,1.);
#1384 = DIRECTION('',(0.,1.,0.));
#1385 = ORIENTED_EDGE('',*,*,#1289,.T.);
#1386 = ORIENTED_EDGE('',*,*,#1380,.T.);
#1387 = ORIENTED_EDGE('',*,*,#1355,.F.);
#1388 = ORIENTED_EDGE('',*,*,#356,.T.);
#1389 = CYLINDRICAL_SURFACE('',#1390,1.7);
#1390 = AXIS2_PLACEMENT_3D('',#1391,#1392,#1393);
#1391 = CARTESIAN_POINT('',(26.,107.,112.));
#1392 = DIRECTION('',(0.,1.,0.));
#1393 = DIRECTION('',(0.,0.,1.));
#1394 = ADVANCED_FACE('',(#1395),#1399,.F.);
#1395 = FACE_BOUND('',#1396,.F.);
#1396 = EDGE_LOOP('',(#1397,#1398));
#1397 = ORIENTED_EDGE('',*,*,#405,.T.);
#1398 = ORIENTED_EDGE('',*,*,#1371,.T.);
#1399 = PLANE('',#1400);
#1400 = AXIS2_PLACEMENT_3D('',#1401,#1402,#1403);
#1401 = CARTESIAN_POINT('',(26.,119.,112.));
#1402 = DIRECTION('',(0.,1.,0.));
#1403 = DIRECTION('',(0.,0.,1.));
#1404 = ADVANCED_FACE('',(#1405),#1416,.T.);
#1405 = FACE_BOUND('',#1406,.T.);
#1406 = EDGE_LOOP('',(#1407,#1408,#1414,#1415));
#1407 = ORIENTED_EDGE('',*,*,#1339,.F.);
#1408 = ORIENTED_EDGE('',*,*,#1409,.F.);
#1409 = EDGE_CURVE('',#1271,#1332,#1410,.T.);
#1410 = LINE('',#1411,#1412);
#1411 = CARTESIAN_POINT('',(21.5,108.,118.));
#1412 = VECTOR('',#1413,1.);
#1413 = DIRECTION('',(0.,1.,0.));
#1414 = ORIENTED_EDGE('',*,*,#1278,.F.);
#1415 = ORIENTED_EDGE('',*,*,#434,.F.);
#1416 = PLANE('',#1417);
#1417 = AXIS2_PLACEMENT_3D('',#1418,#1419,#1420);
#1418 = CARTESIAN_POINT('',(21.5,108.,118.));
#1419 = DIRECTION('',(0.,0.,1.));
#1420 = DIRECTION('',(1.,0.,0.));
#1421 = ADVANCED_FACE('',(#1422),#1448,.F.);
#1422 = FACE_BOUND('',#1423,.F.);
#1423 = EDGE_LOOP('',(#1424,#1425,#1433,#1442));
#1424 = ORIENTED_EDGE('',*,*,#596,.T.);
#1425 = ORIENTED_EDGE('',*,*,#1426,.T.);
#1426 = EDGE_CURVE('',#599,#1427,#1429,.T.);
#1427 = VERTEX_POINT('',#1428);
#1428 = CARTESIAN_POINT('',(33.52283181145,113.52293445648,124.));
#1429 = LINE('',#1430,#1431);
#1430 = CARTESIAN_POINT('',(33.52283181145,113.52293445648,119.9));
#1431 = VECTOR('',#1432,1.);
#1432 = DIRECTION('',(0.,0.,1.));
#1433 = ORIENTED_EDGE('',*,*,#1434,.F.);
#1434 = EDGE_CURVE('',#1435,#1427,#1437,.T.);
#1435 = VERTEX_POINT('',#1436);
#1436 = CARTESIAN_POINT('',(36.964290429556,118.43784672222,124.));
#1437 = CIRCLE('',#1438,6.);
#1438 = AXIS2_PLACEMENT_3D('',#1439,#1440,#1441);
#1439 = CARTESIAN_POINT('',(39.5,113.,124.));
#1440 = DIRECTION('',(0.,0.,1.));
#1441 = DIRECTION('',(1.,0.,0.));
#1442 = ORIENTED_EDGE('',*,*,#1443,.F.);
#1443 = EDGE_CURVE('',#597,#1435,#1444,.T.);
#1444 = LINE('',#1445,#1446);
#1445 = CARTESIAN_POINT('',(36.964290429556,118.43784672222,119.9));
#1446 = VECTOR('',#1447,1.);
#1447 = DIRECTION('',(0.,0.,1.));
#1448 = CYLINDRICAL_SURFACE('',#1449,6.);
#1449 = AXIS2_PLACEMENT_3D('',#1450,#1451,#1452);
#1450 = CARTESIAN_POINT('',(39.5,113.,103.));
#1451 = DIRECTION('',(0.,0.,1.));
#1452 = DIRECTION('',(1.,0.,0.));
#1453 = ADVANCED_FACE('',(#1454),#1500,.F.);
#1454 = FACE_BOUND('',#1455,.F.);
#1455 = EDGE_LOOP('',(#1456,#1463,#1470,#1471,#1472,#1480,#1489,#1495,
    #1496,#1497,#1498,#1499));
#1456 = ORIENTED_EDGE('',*,*,#1457,.T.);
#1457 = EDGE_CURVE('',#608,#1458,#1460,.T.);
#1458 = VERTEX_POINT('',#1459);
#1459 = CARTESIAN_POINT('',(45.5,113.,148.));
#1460 = B_SPLINE_CURVE_WITH_KNOTS('',1,(#1461,#1462),.UNSPECIFIED.,.F.,
  .F.,(2,2),(9.999999999999E-02,28.1),.PIECEWISE_BEZIER_KNOTS.);
#1461 = CARTESIAN_POINT('',(45.5,113.,120.));
#1462 = CARTESIAN_POINT('',(45.5,113.,148.));
#1463 = ORIENTED_EDGE('',*,*,#1464,.F.);
#1464 = EDGE_CURVE('',#1458,#1458,#1465,.T.);
#1465 = CIRCLE('',#1466,6.);
#1466 = AXIS2_PLACEMENT_3D('',#1467,#1468,#1469);
#1467 = CARTESIAN_POINT('',(39.5,113.,148.));
#1468 = DIRECTION('',(0.,0.,1.));
#1469 = DIRECTION('',(1.,0.,0.));
#1470 = ORIENTED_EDGE('',*,*,#1457,.F.);
#1471 = ORIENTED_EDGE('',*,*,#616,.T.);
#1472 = ORIENTED_EDGE('',*,*,#1473,.T.);
#1473 = EDGE_CURVE('',#617,#1474,#1476,.T.);
#1474 = VERTEX_POINT('',#1475);
#1475 = CARTESIAN_POINT('',(45.47716818855,113.52293445648,124.));
#1476 = LINE('',#1477,#1478);
#1477 = CARTESIAN_POINT('',(45.47716818855,113.52293445648,119.9));
#1478 = VECTOR('',#1479,1.);
#1479 = DIRECTION('',(0.,0.,1.));
#1480 = ORIENTED_EDGE('',*,*,#1481,.T.);
#1481 = EDGE_CURVE('',#1474,#1482,#1484,.T.);
#1482 = VERTEX_POINT('',#1483);
#1483 = CARTESIAN_POINT('',(42.035709570444,118.43784672222,124.));
#1484 = CIRCLE('',#1485,6.);
#1485 = AXIS2_PLACEMENT_3D('',#1486,#1487,#1488);
#1486 = CARTESIAN_POINT('',(39.5,113.,124.));
#1487 = DIRECTION('',(0.,0.,1.));
#1488 = DIRECTION('',(1.,0.,0.));
#1489 = ORIENTED_EDGE('',*,*,#1490,.F.);
#1490 = EDGE_CURVE('',#626,#1482,#1491,.T.);
#1491 = LINE('',#1492,#1493);
#1492 = CARTESIAN_POINT('',(42.035709570444,118.43784672222,119.9));
#1493 = VECTOR('',#1494,1.);
#1494 = DIRECTION('',(0.,0.,1.));
#1495 = ORIENTED_EDGE('',*,*,#634,.T.);
#1496 = ORIENTED_EDGE('',*,*,#1443,.T.);
#1497 = ORIENTED_EDGE('',*,*,#1434,.T.);
#1498 = ORIENTED_EDGE('',*,*,#1426,.F.);
#1499 = ORIENTED_EDGE('',*,*,#607,.T.);
#1500 = CYLINDRICAL_SURFACE('',#1501,6.);
#1501 = AXIS2_PLACEMENT_3D('',#1502,#1503,#1504);
#1502 = CARTESIAN_POINT('',(39.5,113.,119.9));
#1503 = DIRECTION('',(0.,0.,1.));
#1504 = DIRECTION('',(1.,0.,0.));
#1505 = ADVANCED_FACE('',(#1506),#1512,.F.);
#1506 = FACE_BOUND('',#1507,.F.);
#1507 = EDGE_LOOP('',(#1508,#1509,#1510,#1511));
#1508 = ORIENTED_EDGE('',*,*,#1473,.F.);
#1509 = ORIENTED_EDGE('',*,*,#625,.T.);
#1510 = ORIENTED_EDGE('',*,*,#1490,.T.);
#1511 = ORIENTED_EDGE('',*,*,#1481,.F.);
#1512 = CYLINDRICAL_SURFACE('',#1513,6.);
#1513 = AXIS2_PLACEMENT_3D('',#1514,#1515,#1516);
#1514 = CARTESIAN_POINT('',(39.5,113.,103.));
#1515 = DIRECTION('',(0.,0.,1.));
#1516 = DIRECTION('',(1.,0.,0.));
#1517 = ADVANCED_FACE('',(#1518),#1543,.T.);
#1518 = FACE_BOUND('',#1519,.T.);
#1519 = EDGE_LOOP('',(#1520,#1528,#1536,#1542));
#1520 = ORIENTED_EDGE('',*,*,#1521,.F.);
#1521 = EDGE_CURVE('',#1522,#677,#1524,.T.);
#1522 = VERTEX_POINT('',#1523);
#1523 = CARTESIAN_POINT('',(42.5,122.3,119.8));
#1524 = LINE('',#1525,#1526);
#1525 = CARTESIAN_POINT('',(42.5,122.3,119.8));
#1526 = VECTOR('',#1527,1.);
#1527 = DIRECTION('',(0.,1.,0.));
#1528 = ORIENTED_EDGE('',*,*,#1529,.F.);
#1529 = EDGE_CURVE('',#1530,#1522,#1532,.T.);
#1530 = VERTEX_POINT('',#1531);
#1531 = CARTESIAN_POINT('',(42.5,122.3,106.));
#1532 = LINE('',#1533,#1534);
#1533 = CARTESIAN_POINT('',(42.5,122.3,106.));
#1534 = VECTOR('',#1535,1.);
#1535 = DIRECTION('',(0.,0.,1.));
#1536 = ORIENTED_EDGE('',*,*,#1537,.T.);
#1537 = EDGE_CURVE('',#1530,#675,#1538,.T.);
#1538 = LINE('',#1539,#1540);
#1539 = CARTESIAN_POINT('',(42.5,122.3,106.));
#1540 = VECTOR('',#1541,1.);
#1541 = DIRECTION('',(0.,1.,0.));
#1542 = ORIENTED_EDGE('',*,*,#674,.T.);
#1543 = PLANE('',#1544);
#1544 = AXIS2_PLACEMENT_3D('',#1545,#1546,#1547);
#1545 = CARTESIAN_POINT('',(42.5,122.3,106.));
#1546 = DIRECTION('',(1.,0.,0.));
#1547 = DIRECTION('',(0.,0.,1.));
#1548 = ADVANCED_FACE('',(#1549),#1567,.T.);
#1549 = FACE_BOUND('',#1550,.T.);
#1550 = EDGE_LOOP('',(#1551,#1559,#1565,#1566));
#1551 = ORIENTED_EDGE('',*,*,#1552,.F.);
#1552 = EDGE_CURVE('',#1553,#685,#1555,.T.);
#1553 = VERTEX_POINT('',#1554);
#1554 = CARTESIAN_POINT('',(36.5,122.3,119.8));
#1555 = LINE('',#1556,#1557);
#1556 = CARTESIAN_POINT('',(36.5,122.3,119.8));
#1557 = VECTOR('',#1558,1.);
#1558 = DIRECTION('',(0.,1.,0.));
#1559 = ORIENTED_EDGE('',*,*,#1560,.T.);
#1560 = EDGE_CURVE('',#1553,#1522,#1561,.T.);
#1561 = LINE('',#1562,#1563);
#1562 = CARTESIAN_POINT('',(36.5,122.3,119.8));
#1563 = VECTOR('',#1564,1.);
#1564 = DIRECTION('',(1.,0.,0.));
#1565 = ORIENTED_EDGE('',*,*,#1521,.T.);
#1566 = ORIENTED_EDGE('',*,*,#684,.T.);
#1567 = PLANE('',#1568);
#1568 = AXIS2_PLACEMENT_3D('',#1569,#1570,#1571);
#1569 = CARTESIAN_POINT('',(36.5,122.3,119.8));
#1570 = DIRECTION('',(0.,0.,1.));
#1571 = DIRECTION('',(1.,0.,0.));
#1572 = ADVANCED_FACE('',(#1573),#1591,.F.);
#1573 = FACE_BOUND('',#1574,.F.);
#1574 = EDGE_LOOP('',(#1575,#1576,#1584,#1590));
#1575 = ORIENTED_EDGE('',*,*,#1552,.F.);
#1576 = ORIENTED_EDGE('',*,*,#1577,.F.);
#1577 = EDGE_CURVE('',#1578,#1553,#1580,.T.);
#1578 = VERTEX_POINT('',#1579);
#1579 = CARTESIAN_POINT('',(36.5,122.3,106.));
#1580 = LINE('',#1581,#1582);
#1581 = CARTESIAN_POINT('',(36.5,122.3,106.));
#1582 = VECTOR('',#1583,1.);
#1583 = DIRECTION('',(0.,0.,1.));
#1584 = ORIENTED_EDGE('',*,*,#1585,.T.);
#1585 = EDGE_CURVE('',#1578,#694,#1586,.T.);
#1586 = LINE('',#1587,#1588);
#1587 = CARTESIAN_POINT('',(36.5,122.3,106.));
#1588 = VECTOR('',#1589,1.);
#1589 = DIRECTION('',(0.,1.,0.));
#1590 = ORIENTED_EDGE('',*,*,#693,.T.);
#1591 = PLANE('',#1592);
#1592 = AXIS2_PLACEMENT_3D('',#1593,#1594,#1595);
#1593 = CARTESIAN_POINT('',(36.5,122.3,106.));
#1594 = DIRECTION('',(1.,0.,0.));
#1595 = DIRECTION('',(0.,0.,1.));
#1596 = ADVANCED_FACE('',(#1597),#1608,.F.);
#1597 = FACE_BOUND('',#1598,.F.);
#1598 = EDGE_LOOP('',(#1599,#1600,#1606,#1607));
#1599 = ORIENTED_EDGE('',*,*,#1585,.F.);
#1600 = ORIENTED_EDGE('',*,*,#1601,.T.);
#1601 = EDGE_CURVE('',#1578,#1530,#1602,.T.);
#1602 = LINE('',#1603,#1604);
#1603 = CARTESIAN_POINT('',(36.5,122.3,106.));
#1604 = VECTOR('',#1605,1.);
#1605 = DIRECTION('',(1.,0.,0.));
#1606 = ORIENTED_EDGE('',*,*,#1537,.T.);
#1607 = ORIENTED_EDGE('',*,*,#701,.T.);
#1608 = PLANE('',#1609);
#1609 = AXIS2_PLACEMENT_3D('',#1610,#1611,#1612);
#1610 = CARTESIAN_POINT('',(36.5,122.3,106.));
#1611 = DIRECTION('',(0.,0.,1.));
#1612 = DIRECTION('',(1.,0.,0.));
#1613 = ADVANCED_FACE('',(#1614),#1663,.T.);
#1614 = FACE_BOUND('',#1615,.T.);
#1615 = EDGE_LOOP('',(#1616,#1617,#1618,#1619,#1626,#1627,#1628,#1636,
    #1643,#1644,#1645,#1646,#1653,#1654,#1655,#1656));
#1616 = ORIENTED_EDGE('',*,*,#945,.F.);
#1617 = ORIENTED_EDGE('',*,*,#930,.T.);
#1618 = ORIENTED_EDGE('',*,*,#890,.T.);
#1619 = ORIENTED_EDGE('',*,*,#1620,.T.);
#1620 = EDGE_CURVE('',#891,#827,#1621,.T.);
#1621 = CIRCLE('',#1622,12.);
#1622 = AXIS2_PLACEMENT_3D('',#1623,#1624,#1625);
#1623 = CARTESIAN_POINT('',(39.5,113.,124.));
#1624 = DIRECTION('',(0.,0.,1.));
#1625 = DIRECTION('',(1.,0.,0.));
#1626 = ORIENTED_EDGE('',*,*,#826,.F.);
#1627 = ORIENTED_EDGE('',*,*,#801,.T.);
#1628 = ORIENTED_EDGE('',*,*,#1629,.T.);
#1629 = EDGE_CURVE('',#793,#1630,#1632,.T.);
#1630 = VERTEX_POINT('',#1631);
#1631 = CARTESIAN_POINT('',(51.5,113.,126.));
#1632 = LINE('',#1633,#1634);
#1633 = CARTESIAN_POINT('',(51.5,113.,123.));
#1634 = VECTOR('',#1635,1.);
#1635 = DIRECTION('',(0.,0.,1.));
#1636 = ORIENTED_EDGE('',*,*,#1637,.F.);
#1637 = EDGE_CURVE('',#1630,#1630,#1638,.T.);
#1638 = CIRCLE('',#1639,12.);
#1639 = AXIS2_PLACEMENT_3D('',#1640,#1641,#1642);
#1640 = CARTESIAN_POINT('',(39.5,113.,126.));
#1641 = DIRECTION('',(0.,0.,1.));
#1642 = DIRECTION('',(1.,0.,0.));
#1643 = ORIENTED_EDGE('',*,*,#1629,.F.);
#1644 = ORIENTED_EDGE('',*,*,#792,.T.);
#1645 = ORIENTED_EDGE('',*,*,#1205,.T.);
#1646 = ORIENTED_EDGE('',*,*,#1647,.T.);
#1647 = EDGE_CURVE('',#1206,#1149,#1648,.T.);
#1648 = CIRCLE('',#1649,12.);
#1649 = AXIS2_PLACEMENT_3D('',#1650,#1651,#1652);
#1650 = CARTESIAN_POINT('',(39.5,113.,124.));
#1651 = DIRECTION('',(0.,0.,1.));
#1652 = DIRECTION('',(1.,0.,0.));
#1653 = ORIENTED_EDGE('',*,*,#1148,.F.);
#1654 = ORIENTED_EDGE('',*,*,#1123,.T.);
#1655 = ORIENTED_EDGE('',*,*,#1051,.T.);
#1656 = ORIENTED_EDGE('',*,*,#1657,.T.);
#1657 = EDGE_CURVE('',#1042,#946,#1658,.T.);
#1658 = CIRCLE('',#1659,12.);
#1659 = AXIS2_PLACEMENT_3D('',#1660,#1661,#1662);
#1660 = CARTESIAN_POINT('',(39.5,113.,124.));
#1661 = DIRECTION('',(0.,0.,1.));
#1662 = DIRECTION('',(1.,0.,0.));
#1663 = CYLINDRICAL_SURFACE('',#1664,12.);
#1664 = AXIS2_PLACEMENT_3D('',#1665,#1666,#1667);
#1665 = CARTESIAN_POINT('',(39.5,113.,123.));
#1666 = DIRECTION('',(0.,0.,1.));
#1667 = DIRECTION('',(1.,0.,0.));
#1668 = ADVANCED_FACE('',(#1669),#1712,.T.);
#1669 = FACE_BOUND('',#1670,.T.);
#1670 = EDGE_LOOP('',(#1671,#1679,#1680,#1681,#1682,#1690,#1698,#1706));
#1671 = ORIENTED_EDGE('',*,*,#1672,.F.);
#1672 = EDGE_CURVE('',#899,#1673,#1675,.T.);
#1673 = VERTEX_POINT('',#1674);
#1674 = CARTESIAN_POINT('',(19.349199721188,129.5512914337,124.));
#1675 = LINE('',#1676,#1677);
#1676 = CARTESIAN_POINT('',(19.922776157539,130.37044347799,124.));
#1677 = VECTOR('',#1678,1.);
#1678 = DIRECTION('',(-0.573576436351,-0.819152044289,0.));
#1679 = ORIENTED_EDGE('',*,*,#906,.F.);
#1680 = ORIENTED_EDGE('',*,*,#865,.T.);
#1681 = ORIENTED_EDGE('',*,*,#842,.T.);
#1682 = ORIENTED_EDGE('',*,*,#1683,.F.);
#1683 = EDGE_CURVE('',#1684,#835,#1686,.T.);
#1684 = VERTEX_POINT('',#1685);
#1685 = CARTESIAN_POINT('',(17.054893975784,126.27468325654,124.));
#1686 = LINE('',#1687,#1688);
#1687 = CARTESIAN_POINT('',(19.922776157539,130.37044347799,124.));
#1688 = VECTOR('',#1689,1.);
#1689 = DIRECTION('',(-0.573576436351,-0.819152044289,0.));
#1690 = ORIENTED_EDGE('',*,*,#1691,.F.);
#1691 = EDGE_CURVE('',#1692,#1684,#1694,.T.);
#1692 = VERTEX_POINT('',#1693);
#1693 = CARTESIAN_POINT('',(17.054893975784,126.27468325654,123.));
#1694 = LINE('',#1695,#1696);
#1695 = CARTESIAN_POINT('',(17.054893975784,126.27468325654,123.));
#1696 = VECTOR('',#1697,1.);
#1697 = DIRECTION('',(0.,0.,1.));
#1698 = ORIENTED_EDGE('',*,*,#1699,.T.);
#1699 = EDGE_CURVE('',#1692,#1700,#1702,.T.);
#1700 = VERTEX_POINT('',#1701);
#1701 = CARTESIAN_POINT('',(19.349199721188,129.5512914337,123.));
#1702 = LINE('',#1703,#1704);
#1703 = CARTESIAN_POINT('',(19.062411503013,129.14171541156,123.));
#1704 = VECTOR('',#1705,1.);
#1705 = DIRECTION('',(0.573576436351,0.819152044289,0.));
#1706 = ORIENTED_EDGE('',*,*,#1707,.T.);
#1707 = EDGE_CURVE('',#1700,#1673,#1708,.T.);
#1708 = LINE('',#1709,#1710);
#1709 = CARTESIAN_POINT('',(19.349199721188,129.5512914337,123.));
#1710 = VECTOR('',#1711,1.);
#1711 = DIRECTION('',(0.,0.,1.));
#1712 = PLANE('',#1713);
#1713 = AXIS2_PLACEMENT_3D('',#1714,#1715,#1716);
#1714 = CARTESIAN_POINT('',(19.922776157539,130.37044347799,120.));
#1715 = DIRECTION('',(-0.819152044289,0.573576436351,0.));
#1716 = DIRECTION('',(0.,0.,1.));
#1717 = ADVANCED_FACE('',(#1718),#1741,.T.);
#1718 = FACE_BOUND('',#1719,.T.);
#1719 = EDGE_LOOP('',(#1720,#1721,#1722,#1723,#1732,#1739,#1740));
#1720 = ORIENTED_EDGE('',*,*,#1620,.F.);
#1721 = ORIENTED_EDGE('',*,*,#898,.T.);
#1722 = ORIENTED_EDGE('',*,*,#1672,.T.);
#1723 = ORIENTED_EDGE('',*,*,#1724,.F.);
#1724 = EDGE_CURVE('',#1725,#1673,#1727,.T.);
#1725 = VERTEX_POINT('',#1726);
#1726 = CARTESIAN_POINT('',(20.202046848486,127.91298734512,124.));
#1727 = CIRCLE('',#1728,2.);
#1728 = AXIS2_PLACEMENT_3D('',#1729,#1730,#1731);
#1729 = CARTESIAN_POINT('',(18.202046848486,127.91298734512,124.));
#1730 = DIRECTION('',(0.,0.,1.));
#1731 = DIRECTION('',(1.,0.,0.));
#1732 = ORIENTED_EDGE('',*,*,#1733,.F.);
#1733 = EDGE_CURVE('',#1684,#1725,#1734,.T.);
#1734 = CIRCLE('',#1735,2.);
#1735 = AXIS2_PLACEMENT_3D('',#1736,#1737,#1738);
#1736 = CARTESIAN_POINT('',(18.202046848486,127.91298734512,124.));
#1737 = DIRECTION('',(0.,0.,1.));
#1738 = DIRECTION('',(1.,0.,0.));
#1739 = ORIENTED_EDGE('',*,*,#1683,.T.);
#1740 = ORIENTED_EDGE('',*,*,#834,.F.);
#1741 = PLANE('',#1742);
#1742 = AXIS2_PLACEMENT_3D('',#1743,#1744,#1745);
#1743 = CARTESIAN_POINT('',(41.220729309053,115.45745613286,124.));
#1744 = DIRECTION('',(0.,0.,1.));
#1745 = DIRECTION('',(-0.819152044289,0.573576436351,0.));
#1746 = ADVANCED_FACE('',(#1747),#1758,.T.);
#1747 = FACE_BOUND('',#1748,.T.);
#1748 = EDGE_LOOP('',(#1749,#1750,#1751,#1757));
#1749 = ORIENTED_EDGE('',*,*,#1027,.F.);
#1750 = ORIENTED_EDGE('',*,*,#993,.T.);
#1751 = ORIENTED_EDGE('',*,*,#1752,.T.);
#1752 = EDGE_CURVE('',#986,#1068,#1753,.T.);
#1753 = LINE('',#1754,#1755);
#1754 = CARTESIAN_POINT('',(34.5,145.,124.));
#1755 = VECTOR('',#1756,1.);
#1756 = DIRECTION('',(1.,0.,0.));
#1757 = ORIENTED_EDGE('',*,*,#1067,.F.);
#1758 = PLANE('',#1759);
#1759 = AXIS2_PLACEMENT_3D('',#1760,#1761,#1762);
#1760 = CARTESIAN_POINT('',(34.5,145.,120.));
#1761 = DIRECTION('',(0.,1.,0.));
#1762 = DIRECTION('',(0.,0.,1.));
#1763 = ADVANCED_FACE('',(#1764),#1775,.T.);
#1764 = FACE_BOUND('',#1765,.T.);
#1765 = EDGE_LOOP('',(#1766,#1767,#1773,#1774));
#1766 = ORIENTED_EDGE('',*,*,#985,.F.);
#1767 = ORIENTED_EDGE('',*,*,#1768,.F.);
#1768 = EDGE_CURVE('',#1076,#978,#1769,.T.);
#1769 = LINE('',#1770,#1771);
#1770 = CARTESIAN_POINT('',(34.5,144.1,124.));
#1771 = VECTOR('',#1772,1.);
#1772 = DIRECTION('',(-1.,0.,0.));
#1773 = ORIENTED_EDGE('',*,*,#1075,.T.);
#1774 = ORIENTED_EDGE('',*,*,#1752,.F.);
#1775 = PLANE('',#1776);
#1776 = AXIS2_PLACEMENT_3D('',#1777,#1778,#1779);
#1777 = CARTESIAN_POINT('',(34.5,121.,124.));
#1778 = DIRECTION('',(0.,0.,1.));
#1779 = DIRECTION('',(1.,0.,0.));
#1780 = ADVANCED_FACE('',(#1781),#1824,.T.);
#1781 = FACE_BOUND('',#1782,.T.);
#1782 = EDGE_LOOP('',(#1783,#1784,#1785,#1786,#1794,#1802,#1810,#1818));
#1783 = ORIENTED_EDGE('',*,*,#1083,.F.);
#1784 = ORIENTED_EDGE('',*,*,#1768,.T.);
#1785 = ORIENTED_EDGE('',*,*,#977,.T.);
#1786 = ORIENTED_EDGE('',*,*,#1787,.T.);
#1787 = EDGE_CURVE('',#970,#1788,#1790,.T.);
#1788 = VERTEX_POINT('',#1789);
#1789 = CARTESIAN_POINT('',(38.368629150102,144.1,137.));
#1790 = LINE('',#1791,#1792);
#1791 = CARTESIAN_POINT('',(32.,144.1,137.));
#1792 = VECTOR('',#1793,1.);
#1793 = DIRECTION('',(1.,0.,0.));
#1794 = ORIENTED_EDGE('',*,*,#1795,.T.);
#1795 = EDGE_CURVE('',#1788,#1796,#1798,.T.);
#1796 = VERTEX_POINT('',#1797);
#1797 = CARTESIAN_POINT('',(38.368629150102,144.1,140.));
#1798 = LINE('',#1799,#1800);
#1799 = CARTESIAN_POINT('',(38.368629150102,144.1,136.));
#1800 = VECTOR('',#1801,1.);
#1801 = DIRECTION('',(0.,0.,1.));
#1802 = ORIENTED_EDGE('',*,*,#1803,.T.);
#1803 = EDGE_CURVE('',#1796,#1804,#1806,.T.);
#1804 = VERTEX_POINT('',#1805);
#1805 = CARTESIAN_POINT('',(40.631370849898,144.1,140.));
#1806 = LINE('',#1807,#1808);
#1807 = CARTESIAN_POINT('',(34.5,144.1,140.));
#1808 = VECTOR('',#1809,1.);
#1809 = DIRECTION('',(1.,0.,0.));
#1810 = ORIENTED_EDGE('',*,*,#1811,.F.);
#1811 = EDGE_CURVE('',#1812,#1804,#1814,.T.);
#1812 = VERTEX_POINT('',#1813);
#1813 = CARTESIAN_POINT('',(40.631370849898,144.1,137.));
#1814 = LINE('',#1815,#1816);
#1815 = CARTESIAN_POINT('',(40.631370849898,144.1,136.));
#1816 = VECTOR('',#1817,1.);
#1817 = DIRECTION('',(0.,0.,1.));
#1818 = ORIENTED_EDGE('',*,*,#1819,.T.);
#1819 = EDGE_CURVE('',#1812,#1084,#1820,.T.);
#1820 = LINE('',#1821,#1822);
#1821 = CARTESIAN_POINT('',(32.,144.1,137.));
#1822 = VECTOR('',#1823,1.);
#1823 = DIRECTION('',(1.,0.,0.));
#1824 = PLANE('',#1825);
#1825 = AXIS2_PLACEMENT_3D('',#1826,#1827,#1828);
#1826 = CARTESIAN_POINT('',(34.5,144.1,123.));
#1827 = DIRECTION('',(0.,1.,0.));
#1828 = DIRECTION('',(0.,0.,1.));
#1829 = ADVANCED_FACE('',(#1830,#1890,#1924),#1935,.F.);
#1830 = FACE_BOUND('',#1831,.F.);
#1831 = EDGE_LOOP('',(#1832,#1842,#1850,#1856,#1857,#1858,#1867,#1874,
    #1875,#1876,#1884));
#1832 = ORIENTED_EDGE('',*,*,#1833,.F.);
#1833 = EDGE_CURVE('',#1834,#1836,#1838,.T.);
#1834 = VERTEX_POINT('',#1835);
#1835 = CARTESIAN_POINT('',(29.5,176.1,137.));
#1836 = VERTEX_POINT('',#1837);
#1837 = CARTESIAN_POINT('',(49.5,176.1,137.));
#1838 = LINE('',#1839,#1840);
#1839 = CARTESIAN_POINT('',(29.5,176.1,137.));
#1840 = VECTOR('',#1841,1.);
#1841 = DIRECTION('',(1.,0.,0.));
#1842 = ORIENTED_EDGE('',*,*,#1843,.F.);
#1843 = EDGE_CURVE('',#1844,#1834,#1846,.T.);
#1844 = VERTEX_POINT('',#1845);
#1845 = CARTESIAN_POINT('',(29.5,140.1,137.));
#1846 = LINE('',#1847,#1848);
#1847 = CARTESIAN_POINT('',(29.5,140.1,137.));
#1848 = VECTOR('',#1849,1.);
#1849 = DIRECTION('',(0.,1.,0.));
#1850 = ORIENTED_EDGE('',*,*,#1851,.T.);
#1851 = EDGE_CURVE('',#1844,#962,#1852,.T.);
#1852 = LINE('',#1853,#1854);
#1853 = CARTESIAN_POINT('',(29.5,140.1,137.));
#1854 = VECTOR('',#1855,1.);
#1855 = DIRECTION('',(1.,0.,0.));
#1856 = ORIENTED_EDGE('',*,*,#969,.F.);
#1857 = ORIENTED_EDGE('',*,*,#1787,.T.);
#1858 = ORIENTED_EDGE('',*,*,#1859,.F.);
#1859 = EDGE_CURVE('',#1860,#1788,#1862,.T.);
#1860 = VERTEX_POINT('',#1861);
#1861 = CARTESIAN_POINT('',(40.7,144.5,137.));
#1862 = CIRCLE('',#1863,1.2);
#1863 = AXIS2_PLACEMENT_3D('',#1864,#1865,#1866);
#1864 = CARTESIAN_POINT('',(39.5,144.5,137.));
#1865 = DIRECTION('',(0.,0.,1.));
#1866 = DIRECTION('',(1.,0.,0.));
#1867 = ORIENTED_EDGE('',*,*,#1868,.F.);
#1868 = EDGE_CURVE('',#1812,#1860,#1869,.T.);
#1869 = CIRCLE('',#1870,1.2);
#1870 = AXIS2_PLACEMENT_3D('',#1871,#1872,#1873);
#1871 = CARTESIAN_POINT('',(39.5,144.5,137.));
#1872 = DIRECTION('',(0.,0.,1.));
#1873 = DIRECTION('',(1.,0.,0.));
#1874 = ORIENTED_EDGE('',*,*,#1819,.T.);
#1875 = ORIENTED_EDGE('',*,*,#1091,.T.);
#1876 = ORIENTED_EDGE('',*,*,#1877,.T.);
#1877 = EDGE_CURVE('',#1092,#1878,#1880,.T.);
#1878 = VERTEX_POINT('',#1879);
#1879 = CARTESIAN_POINT('',(49.5,140.1,137.));
#1880 = LINE('',#1881,#1882);
#1881 = CARTESIAN_POINT('',(29.5,140.1,137.));
#1882 = VECTOR('',#1883,1.);
#1883 = DIRECTION('',(1.,0.,0.));
#1884 = ORIENTED_EDGE('',*,*,#1885,.T.);
#1885 = EDGE_CURVE('',#1878,#1836,#1886,.T.);
#1886 = LINE('',#1887,#1888);
#1887 = CARTESIAN_POINT('',(49.5,140.1,137.));
#1888 = VECTOR('',#1889,1.);
#1889 = DIRECTION('',(0.,1.,0.));
#1890 = FACE_BOUND('',#1891,.F.);
#1891 = EDGE_LOOP('',(#1892,#1902,#1910,#1918));
#1892 = ORIENTED_EDGE('',*,*,#1893,.T.);
#1893 = EDGE_CURVE('',#1894,#1896,#1898,.T.);
#1894 = VERTEX_POINT('',#1895);
#1895 = CARTESIAN_POINT('',(45.5,146.7,137.));
#1896 = VERTEX_POINT('',#1897);
#1897 = CARTESIAN_POINT('',(33.5,146.7,137.));
#1898 = LINE('',#1899,#1900);
#1899 = CARTESIAN_POINT('',(31.5,146.7,137.));
#1900 = VECTOR('',#1901,1.);
#1901 = DIRECTION('',(-1.,0.,0.));
#1902 = ORIENTED_EDGE('',*,*,#1903,.T.);
#1903 = EDGE_CURVE('',#1896,#1904,#1906,.T.);
#1904 = VERTEX_POINT('',#1905);
#1905 = CARTESIAN_POINT('',(33.5,169.5,137.));
#1906 = LINE('',#1907,#1908);
#1907 = CARTESIAN_POINT('',(33.5,143.4,137.));
#1908 = VECTOR('',#1909,1.);
#1909 = DIRECTION('',(0.,1.,0.));
#1910 = ORIENTED_EDGE('',*,*,#1911,.F.);
#1911 = EDGE_CURVE('',#1912,#1904,#1914,.T.);
#1912 = VERTEX_POINT('',#1913);
#1913 = CARTESIAN_POINT('',(45.5,169.5,137.));
#1914 = LINE('',#1915,#1916);
#1915 = CARTESIAN_POINT('',(31.5,169.5,137.));
#1916 = VECTOR('',#1917,1.);
#1917 = DIRECTION('',(-1.,0.,0.));
#1918 = ORIENTED_EDGE('',*,*,#1919,.F.);
#1919 = EDGE_CURVE('',#1894,#1912,#1920,.T.);
#1920 = LINE('',#1921,#1922);
#1921 = CARTESIAN_POINT('',(45.5,143.4,137.));
#1922 = VECTOR('',#1923,1.);
#1923 = DIRECTION('',(0.,1.,0.));
#1924 = FACE_BOUND('',#1925,.F.);
#1925 = EDGE_LOOP('',(#1926));
#1926 = ORIENTED_EDGE('',*,*,#1927,.F.);
#1927 = EDGE_CURVE('',#1928,#1928,#1930,.T.);
#1928 = VERTEX_POINT('',#1929);
#1929 = CARTESIAN_POINT('',(40.7,171.7,137.));
#1930 = CIRCLE('',#1931,1.2);
#1931 = AXIS2_PLACEMENT_3D('',#1932,#1933,#1934);
#1932 = CARTESIAN_POINT('',(39.5,171.7,137.));
#1933 = DIRECTION('',(0.,0.,1.));
#1934 = DIRECTION('',(1.,0.,0.));
#1935 = PLANE('',#1936);
#1936 = AXIS2_PLACEMENT_3D('',#1937,#1938,#1939);
#1937 = CARTESIAN_POINT('',(29.5,140.1,137.));
#1938 = DIRECTION('',(0.,0.,1.));
#1939 = DIRECTION('',(1.,0.,0.));
#1940 = ADVANCED_FACE('',(#1941),#1975,.T.);
#1941 = FACE_BOUND('',#1942,.T.);
#1942 = EDGE_LOOP('',(#1943,#1944,#1945,#1953,#1961,#1967,#1968,#1969));
#1943 = ORIENTED_EDGE('',*,*,#1099,.T.);
#1944 = ORIENTED_EDGE('',*,*,#1877,.T.);
#1945 = ORIENTED_EDGE('',*,*,#1946,.T.);
#1946 = EDGE_CURVE('',#1878,#1947,#1949,.T.);
#1947 = VERTEX_POINT('',#1948);
#1948 = CARTESIAN_POINT('',(49.5,140.1,140.));
#1949 = LINE('',#1950,#1951);
#1950 = CARTESIAN_POINT('',(49.5,140.1,137.));
#1951 = VECTOR('',#1952,1.);
#1952 = DIRECTION('',(0.,0.,1.));
#1953 = ORIENTED_EDGE('',*,*,#1954,.F.);
#1954 = EDGE_CURVE('',#1955,#1947,#1957,.T.);
#1955 = VERTEX_POINT('',#1956);
#1956 = CARTESIAN_POINT('',(29.5,140.1,140.));
#1957 = LINE('',#1958,#1959);
#1958 = CARTESIAN_POINT('',(29.5,140.1,140.));
#1959 = VECTOR('',#1960,1.);
#1960 = DIRECTION('',(1.,0.,0.));
#1961 = ORIENTED_EDGE('',*,*,#1962,.F.);
#1962 = EDGE_CURVE('',#1844,#1955,#1963,.T.);
#1963 = LINE('',#1964,#1965);
#1964 = CARTESIAN_POINT('',(29.5,140.1,137.));
#1965 = VECTOR('',#1966,1.);
#1966 = DIRECTION('',(0.,0.,1.));
#1967 = ORIENTED_EDGE('',*,*,#1851,.T.);
#1968 = ORIENTED_EDGE('',*,*,#961,.F.);
#1969 = ORIENTED_EDGE('',*,*,#1970,.F.);
#1970 = EDGE_CURVE('',#1044,#954,#1971,.T.);
#1971 = LINE('',#1972,#1973);
#1972 = CARTESIAN_POINT('',(34.5,140.1,124.));
#1973 = VECTOR('',#1974,1.);
#1974 = DIRECTION('',(-1.,0.,0.));
#1975 = PLANE('',#1976);
#1976 = AXIS2_PLACEMENT_3D('',#1977,#1978,#1979);
#1977 = CARTESIAN_POINT('',(39.5,140.1,133.80555555555));
#1978 = DIRECTION('',(-0.,-1.,-0.));
#1979 = DIRECTION('',(0.,0.,-1.));
#1980 = ADVANCED_FACE('',(#1981),#1987,.T.);
#1981 = FACE_BOUND('',#1982,.T.);
#1982 = EDGE_LOOP('',(#1983,#1984,#1985,#1986));
#1983 = ORIENTED_EDGE('',*,*,#953,.F.);
#1984 = ORIENTED_EDGE('',*,*,#1657,.F.);
#1985 = ORIENTED_EDGE('',*,*,#1041,.T.);
#1986 = ORIENTED_EDGE('',*,*,#1970,.T.);
#1987 = PLANE('',#1988);
#1988 = AXIS2_PLACEMENT_3D('',#1989,#1990,#1991);
#1989 = CARTESIAN_POINT('',(34.5,121.,124.));
#1990 = DIRECTION('',(0.,0.,1.));
#1991 = DIRECTION('',(1.,0.,0.));
#1992 = ADVANCED_FACE('',(#1993),#2036,.T.);
#1993 = FACE_BOUND('',#1994,.T.);
#1994 = EDGE_LOOP('',(#1995,#2003,#2004,#2005,#2006,#2014,#2022,#2030));
#1995 = ORIENTED_EDGE('',*,*,#1996,.F.);
#1996 = EDGE_CURVE('',#1214,#1997,#1999,.T.);
#1997 = VERTEX_POINT('',#1998);
#1998 = CARTESIAN_POINT('',(61.945106024216,126.27468325654,124.));
#1999 = LINE('',#2000,#2001);
#2000 = CARTESIAN_POINT('',(62.518682460567,125.45553121226,124.));
#2001 = VECTOR('',#2002,1.);
#2002 = DIRECTION('',(-0.573576436351,0.819152044289,0.));
#2003 = ORIENTED_EDGE('',*,*,#1221,.F.);
#2004 = ORIENTED_EDGE('',*,*,#1188,.T.);
#2005 = ORIENTED_EDGE('',*,*,#1164,.T.);
#2006 = ORIENTED_EDGE('',*,*,#2007,.F.);
#2007 = EDGE_CURVE('',#2008,#1157,#2010,.T.);
#2008 = VERTEX_POINT('',#2009);
#2009 = CARTESIAN_POINT('',(59.650800278812,129.5512914337,124.));
#2010 = LINE('',#2011,#2012);
#2011 = CARTESIAN_POINT('',(62.518682460567,125.45553121226,124.));
#2012 = VECTOR('',#2013,1.);
#2013 = DIRECTION('',(-0.573576436351,0.819152044289,0.));
#2014 = ORIENTED_EDGE('',*,*,#2015,.F.);
#2015 = EDGE_CURVE('',#2016,#2008,#2018,.T.);
#2016 = VERTEX_POINT('',#2017);
#2017 = CARTESIAN_POINT('',(59.650800278812,129.5512914337,123.));
#2018 = LINE('',#2019,#2020);
#2019 = CARTESIAN_POINT('',(59.650800278812,129.5512914337,123.));
#2020 = VECTOR('',#2021,1.);
#2021 = DIRECTION('',(0.,0.,1.));
#2022 = ORIENTED_EDGE('',*,*,#2023,.T.);
#2023 = EDGE_CURVE('',#2016,#2024,#2026,.T.);
#2024 = VERTEX_POINT('',#2025);
#2025 = CARTESIAN_POINT('',(61.945106024216,126.27468325654,123.));
#2026 = LINE('',#2027,#2028);
#2027 = CARTESIAN_POINT('',(61.65831780604,126.68425927869,123.));
#2028 = VECTOR('',#2029,1.);
#2029 = DIRECTION('',(0.573576436351,-0.819152044289,0.));
#2030 = ORIENTED_EDGE('',*,*,#2031,.T.);
#2031 = EDGE_CURVE('',#2024,#1997,#2032,.T.);
#2032 = LINE('',#2033,#2034);
#2033 = CARTESIAN_POINT('',(61.945106024216,126.27468325654,123.));
#2034 = VECTOR('',#2035,1.);
#2035 = DIRECTION('',(0.,0.,1.));
#2036 = PLANE('',#2037);
#2037 = AXIS2_PLACEMENT_3D('',#2038,#2039,#2040);
#2038 = CARTESIAN_POINT('',(62.518682460567,125.45553121226,120.));
#2039 = DIRECTION('',(0.819152044289,0.573576436351,0.));
#2040 = DIRECTION('',(0.,0.,1.));
#2041 = ADVANCED_FACE('',(#2042),#2056,.T.);
#2042 = FACE_BOUND('',#2043,.T.);
#2043 = EDGE_LOOP('',(#2044,#2045,#2046,#2047,#2048,#2055));
#2044 = ORIENTED_EDGE('',*,*,#1156,.F.);
#2045 = ORIENTED_EDGE('',*,*,#1647,.F.);
#2046 = ORIENTED_EDGE('',*,*,#1213,.T.);
#2047 = ORIENTED_EDGE('',*,*,#1996,.T.);
#2048 = ORIENTED_EDGE('',*,*,#2049,.F.);
#2049 = EDGE_CURVE('',#2008,#1997,#2050,.T.);
#2050 = CIRCLE('',#2051,2.);
#2051 = AXIS2_PLACEMENT_3D('',#2052,#2053,#2054);
#2052 = CARTESIAN_POINT('',(60.797953151514,127.91298734512,124.));
#2053 = DIRECTION('',(0.,0.,1.));
#2054 = DIRECTION('',(1.,0.,0.));
#2055 = ORIENTED_EDGE('',*,*,#2007,.T.);
#2056 = PLANE('',#2057);
#2057 = AXIS2_PLACEMENT_3D('',#2058,#2059,#2060);
#2058 = CARTESIAN_POINT('',(41.220729309053,110.54254386713,124.));
#2059 = DIRECTION('',(0.,0.,1.));
#2060 = DIRECTION('',(0.819152044289,0.573576436351,0.));
#2061 = ADVANCED_FACE('',(#2062),#2068,.F.);
#2062 = FACE_BOUND('',#2063,.F.);
#2063 = EDGE_LOOP('',(#2064,#2065,#2066,#2067));
#2064 = ORIENTED_EDGE('',*,*,#1409,.F.);
#2065 = ORIENTED_EDGE('',*,*,#1270,.F.);
#2066 = ORIENTED_EDGE('',*,*,#1314,.T.);
#2067 = ORIENTED_EDGE('',*,*,#1331,.T.);
#2068 = PLANE('',#2069);
#2069 = AXIS2_PLACEMENT_3D('',#2070,#2071,#2072);
#2070 = CARTESIAN_POINT('',(21.5,108.,106.));
#2071 = DIRECTION('',(1.,0.,0.));
#2072 = DIRECTION('',(0.,0.,1.));
#2073 = ADVANCED_FACE('',(#2074,#2085),#2088,.T.);
#2074 = FACE_BOUND('',#2075,.T.);
#2075 = EDGE_LOOP('',(#2076));
#2076 = ORIENTED_EDGE('',*,*,#2077,.T.);
#2077 = EDGE_CURVE('',#2078,#2078,#2080,.T.);
#2078 = VERTEX_POINT('',#2079);
#2079 = CARTESIAN_POINT('',(49.45,113.,148.));
#2080 = CIRCLE('',#2081,9.95);
#2081 = AXIS2_PLACEMENT_3D('',#2082,#2083,#2084);
#2082 = CARTESIAN_POINT('',(39.5,113.,148.));
#2083 = DIRECTION('',(0.,0.,1.));
#2084 = DIRECTION('',(1.,0.,0.));
#2085 = FACE_BOUND('',#2086,.T.);
#2086 = EDGE_LOOP('',(#2087));
#2087 = ORIENTED_EDGE('',*,*,#1464,.F.);
#2088 = PLANE('',#2089);
#2089 = AXIS2_PLACEMENT_3D('',#2090,#2091,#2092);
#2090 = CARTESIAN_POINT('',(39.5,113.,148.));
#2091 = DIRECTION('',(0.,0.,1.));
#2092 = DIRECTION('',(1.,0.,0.));
#2093 = ADVANCED_FACE('',(#2094),#2100,.F.);
#2094 = FACE_BOUND('',#2095,.F.);
#2095 = EDGE_LOOP('',(#2096,#2097,#2098,#2099));
#2096 = ORIENTED_EDGE('',*,*,#1601,.F.);
#2097 = ORIENTED_EDGE('',*,*,#1577,.T.);
#2098 = ORIENTED_EDGE('',*,*,#1560,.T.);
#2099 = ORIENTED_EDGE('',*,*,#1529,.F.);
#2100 = PLANE('',#2101);
#2101 = AXIS2_PLACEMENT_3D('',#2102,#2103,#2104);
#2102 = CARTESIAN_POINT('',(36.5,122.3,106.));
#2103 = DIRECTION('',(0.,1.,0.));
#2104 = DIRECTION('',(0.,0.,1.));
#2105 = ADVANCED_FACE('',(#2106,#2109),#2120,.T.);
#2106 = FACE_BOUND('',#2107,.T.);
#2107 = EDGE_LOOP('',(#2108));
#2108 = ORIENTED_EDGE('',*,*,#1637,.T.);
#2109 = FACE_BOUND('',#2110,.T.);
#2110 = EDGE_LOOP('',(#2111));
#2111 = ORIENTED_EDGE('',*,*,#2112,.F.);
#2112 = EDGE_CURVE('',#2113,#2113,#2115,.T.);
#2113 = VERTEX_POINT('',#2114);
#2114 = CARTESIAN_POINT('',(49.45,113.,126.));
#2115 = CIRCLE('',#2116,9.95);
#2116 = AXIS2_PLACEMENT_3D('',#2117,#2118,#2119);
#2117 = CARTESIAN_POINT('',(39.5,113.,126.));
#2118 = DIRECTION('',(0.,0.,1.));
#2119 = DIRECTION('',(1.,0.,0.));
#2120 = PLANE('',#2121);
#2121 = AXIS2_PLACEMENT_3D('',#2122,#2123,#2124);
#2122 = CARTESIAN_POINT('',(39.5,113.,126.));
#2123 = DIRECTION('',(0.,0.,1.));
#2124 = DIRECTION('',(1.,0.,0.));
#2125 = ADVANCED_FACE('',(#2126),#2155,.T.);
#2126 = FACE_BOUND('',#2127,.T.);
#2127 = EDGE_LOOP('',(#2128,#2136,#2143,#2144,#2145,#2146,#2153,#2154));
#2128 = ORIENTED_EDGE('',*,*,#2129,.T.);
#2129 = EDGE_CURVE('',#1725,#2130,#2132,.T.);
#2130 = VERTEX_POINT('',#2131);
#2131 = CARTESIAN_POINT('',(20.202046848486,127.91298734512,153.));
#2132 = LINE('',#2133,#2134);
#2133 = CARTESIAN_POINT('',(20.202046848486,127.91298734512,123.));
#2134 = VECTOR('',#2135,1.);
#2135 = DIRECTION('',(0.,0.,1.));
#2136 = ORIENTED_EDGE('',*,*,#2137,.F.);
#2137 = EDGE_CURVE('',#2130,#2130,#2138,.T.);
#2138 = CIRCLE('',#2139,2.);
#2139 = AXIS2_PLACEMENT_3D('',#2140,#2141,#2142);
#2140 = CARTESIAN_POINT('',(18.202046848486,127.91298734512,153.));
#2141 = DIRECTION('',(0.,0.,1.));
#2142 = DIRECTION('',(1.,0.,0.));
#2143 = ORIENTED_EDGE('',*,*,#2129,.F.);
#2144 = ORIENTED_EDGE('',*,*,#1724,.T.);
#2145 = ORIENTED_EDGE('',*,*,#1707,.F.);
#2146 = ORIENTED_EDGE('',*,*,#2147,.T.);
#2147 = EDGE_CURVE('',#1700,#1692,#2148,.T.);
#2148 = CIRCLE('',#2149,2.);
#2149 = AXIS2_PLACEMENT_3D('',#2150,#2151,#2152);
#2150 = CARTESIAN_POINT('',(18.202046848486,127.91298734512,123.));
#2151 = DIRECTION('',(0.,0.,1.));
#2152 = DIRECTION('',(1.,0.,0.));
#2153 = ORIENTED_EDGE('',*,*,#1691,.T.);
#2154 = ORIENTED_EDGE('',*,*,#1733,.T.);
#2155 = CYLINDRICAL_SURFACE('',#2156,2.);
#2156 = AXIS2_PLACEMENT_3D('',#2157,#2158,#2159);
#2157 = CARTESIAN_POINT('',(18.202046848486,127.91298734512,123.));
#2158 = DIRECTION('',(0.,0.,1.));
#2159 = DIRECTION('',(1.,0.,0.));
#2160 = ADVANCED_FACE('',(#2161),#2165,.F.);
#2161 = FACE_BOUND('',#2162,.F.);
#2162 = EDGE_LOOP('',(#2163,#2164));
#2163 = ORIENTED_EDGE('',*,*,#1699,.T.);
#2164 = ORIENTED_EDGE('',*,*,#2147,.T.);
#2165 = PLANE('',#2166);
#2166 = AXIS2_PLACEMENT_3D('',#2167,#2168,#2169);
#2167 = CARTESIAN_POINT('',(18.202046848486,127.91298734512,123.));
#2168 = DIRECTION('',(0.,0.,1.));
#2169 = DIRECTION('',(1.,0.,0.));
#2170 = ADVANCED_FACE('',(#2171),#2193,.F.);
#2171 = FACE_BOUND('',#2172,.F.);
#2172 = EDGE_LOOP('',(#2173,#2174,#2183,#2190,#2191,#2192));
#2173 = ORIENTED_EDGE('',*,*,#1795,.T.);
#2174 = ORIENTED_EDGE('',*,*,#2175,.F.);
#2175 = EDGE_CURVE('',#2176,#1796,#2178,.T.);
#2176 = VERTEX_POINT('',#2177);
#2177 = CARTESIAN_POINT('',(40.7,144.5,140.));
#2178 = CIRCLE('',#2179,1.2);
#2179 = AXIS2_PLACEMENT_3D('',#2180,#2181,#2182);
#2180 = CARTESIAN_POINT('',(39.5,144.5,140.));
#2181 = DIRECTION('',(0.,0.,1.));
#2182 = DIRECTION('',(1.,0.,0.));
#2183 = ORIENTED_EDGE('',*,*,#2184,.F.);
#2184 = EDGE_CURVE('',#1804,#2176,#2185,.T.);
#2185 = CIRCLE('',#2186,1.2);
#2186 = AXIS2_PLACEMENT_3D('',#2187,#2188,#2189);
#2187 = CARTESIAN_POINT('',(39.5,144.5,140.));
#2188 = DIRECTION('',(0.,0.,1.));
#2189 = DIRECTION('',(1.,0.,0.));
#2190 = ORIENTED_EDGE('',*,*,#1811,.F.);
#2191 = ORIENTED_EDGE('',*,*,#1868,.T.);
#2192 = ORIENTED_EDGE('',*,*,#1859,.T.);
#2193 = CYLINDRICAL_SURFACE('',#2194,1.2);
#2194 = AXIS2_PLACEMENT_3D('',#2195,#2196,#2197);
#2195 = CARTESIAN_POINT('',(39.5,144.5,136.));
#2196 = DIRECTION('',(0.,0.,1.));
#2197 = DIRECTION('',(1.,0.,0.));
#2198 = ADVANCED_FACE('',(#2199,#2224,#2258,#2269),#2274,.T.);
#2199 = FACE_BOUND('',#2200,.T.);
#2200 = EDGE_LOOP('',(#2201,#2202,#2210,#2218));
#2201 = ORIENTED_EDGE('',*,*,#1954,.T.);
#2202 = ORIENTED_EDGE('',*,*,#2203,.T.);
#2203 = EDGE_CURVE('',#1947,#2204,#2206,.T.);
#2204 = VERTEX_POINT('',#2205);
#2205 = CARTESIAN_POINT('',(49.5,176.1,140.));
#2206 = LINE('',#2207,#2208);
#2207 = CARTESIAN_POINT('',(49.5,140.1,140.));
#2208 = VECTOR('',#2209,1.);
#2209 = DIRECTION('',(0.,1.,0.));
#2210 = ORIENTED_EDGE('',*,*,#2211,.F.);
#2211 = EDGE_CURVE('',#2212,#2204,#2214,.T.);
#2212 = VERTEX_POINT('',#2213);
#2213 = CARTESIAN_POINT('',(29.5,176.1,140.));
#2214 = LINE('',#2215,#2216);
#2215 = CARTESIAN_POINT('',(29.5,176.1,140.));
#2216 = VECTOR('',#2217,1.);
#2217 = DIRECTION('',(1.,0.,0.));
#2218 = ORIENTED_EDGE('',*,*,#2219,.F.);
#2219 = EDGE_CURVE('',#1955,#2212,#2220,.T.);
#2220 = LINE('',#2221,#2222);
#2221 = CARTESIAN_POINT('',(29.5,140.1,140.));
#2222 = VECTOR('',#2223,1.);
#2223 = DIRECTION('',(0.,1.,0.));
#2224 = FACE_BOUND('',#2225,.T.);
#2225 = EDGE_LOOP('',(#2226,#2236,#2244,#2252));
#2226 = ORIENTED_EDGE('',*,*,#2227,.T.);
#2227 = EDGE_CURVE('',#2228,#2230,#2232,.T.);
#2228 = VERTEX_POINT('',#2229);
#2229 = CARTESIAN_POINT('',(45.5,146.7,140.));
#2230 = VERTEX_POINT('',#2231);
#2231 = CARTESIAN_POINT('',(33.5,146.7,140.));
#2232 = LINE('',#2233,#2234);
#2233 = CARTESIAN_POINT('',(31.5,146.7,140.));
#2234 = VECTOR('',#2235,1.);
#2235 = DIRECTION('',(-1.,0.,0.));
#2236 = ORIENTED_EDGE('',*,*,#2237,.T.);
#2237 = EDGE_CURVE('',#2230,#2238,#2240,.T.);
#2238 = VERTEX_POINT('',#2239);
#2239 = CARTESIAN_POINT('',(33.5,169.5,140.));
#2240 = LINE('',#2241,#2242);
#2241 = CARTESIAN_POINT('',(33.5,143.4,140.));
#2242 = VECTOR('',#2243,1.);
#2243 = DIRECTION('',(0.,1.,0.));
#2244 = ORIENTED_EDGE('',*,*,#2245,.F.);
#2245 = EDGE_CURVE('',#2246,#2238,#2248,.T.);
#2246 = VERTEX_POINT('',#2247);
#2247 = CARTESIAN_POINT('',(45.5,169.5,140.));
#2248 = LINE('',#2249,#2250);
#2249 = CARTESIAN_POINT('',(31.5,169.5,140.));
#2250 = VECTOR('',#2251,1.);
#2251 = DIRECTION('',(-1.,0.,0.));
#2252 = ORIENTED_EDGE('',*,*,#2253,.F.);
#2253 = EDGE_CURVE('',#2228,#2246,#2254,.T.);
#2254 = LINE('',#2255,#2256);
#2255 = CARTESIAN_POINT('',(45.5,143.4,140.));
#2256 = VECTOR('',#2257,1.);
#2257 = DIRECTION('',(0.,1.,0.));
#2258 = FACE_BOUND('',#2259,.T.);
#2259 = EDGE_LOOP('',(#2260));
#2260 = ORIENTED_EDGE('',*,*,#2261,.F.);
#2261 = EDGE_CURVE('',#2262,#2262,#2264,.T.);
#2262 = VERTEX_POINT('',#2263);
#2263 = CARTESIAN_POINT('',(40.7,171.7,140.));
#2264 = CIRCLE('',#2265,1.2);
#2265 = AXIS2_PLACEMENT_3D('',#2266,#2267,#2268);
#2266 = CARTESIAN_POINT('',(39.5,171.7,140.));
#2267 = DIRECTION('',(0.,0.,1.));
#2268 = DIRECTION('',(1.,0.,0.));
#2269 = FACE_BOUND('',#2270,.T.);
#2270 = EDGE_LOOP('',(#2271,#2272,#2273));
#2271 = ORIENTED_EDGE('',*,*,#1803,.F.);
#2272 = ORIENTED_EDGE('',*,*,#2175,.F.);
#2273 = ORIENTED_EDGE('',*,*,#2184,.F.);
#2274 = PLANE('',#2275);
#2275 = AXIS2_PLACEMENT_3D('',#2276,#2277,#2278);
#2276 = CARTESIAN_POINT('',(39.5,158.1,140.));
#2277 = DIRECTION('',(0.,0.,1.));
#2278 = DIRECTION('',(1.,0.,0.));
#2279 = ADVANCED_FACE('',(#2280),#2296,.T.);
#2280 = FACE_BOUND('',#2281,.T.);
#2281 = EDGE_LOOP('',(#2282,#2283,#2289,#2290));
#2282 = ORIENTED_EDGE('',*,*,#1833,.F.);
#2283 = ORIENTED_EDGE('',*,*,#2284,.T.);
#2284 = EDGE_CURVE('',#1834,#2212,#2285,.T.);
#2285 = LINE('',#2286,#2287);
#2286 = CARTESIAN_POINT('',(29.5,176.1,137.));
#2287 = VECTOR('',#2288,1.);
#2288 = DIRECTION('',(0.,0.,1.));
#2289 = ORIENTED_EDGE('',*,*,#2211,.T.);
#2290 = ORIENTED_EDGE('',*,*,#2291,.F.);
#2291 = EDGE_CURVE('',#1836,#2204,#2292,.T.);
#2292 = LINE('',#2293,#2294);
#2293 = CARTESIAN_POINT('',(49.5,176.1,137.));
#2294 = VECTOR('',#2295,1.);
#2295 = DIRECTION('',(0.,0.,1.));
#2296 = PLANE('',#2297);
#2297 = AXIS2_PLACEMENT_3D('',#2298,#2299,#2300);
#2298 = CARTESIAN_POINT('',(29.5,176.1,137.));
#2299 = DIRECTION('',(0.,1.,0.));
#2300 = DIRECTION('',(0.,0.,1.));
#2301 = ADVANCED_FACE('',(#2302),#2308,.T.);
#2302 = FACE_BOUND('',#2303,.T.);
#2303 = EDGE_LOOP('',(#2304,#2305,#2306,#2307));
#2304 = ORIENTED_EDGE('',*,*,#1946,.F.);
#2305 = ORIENTED_EDGE('',*,*,#1885,.T.);
#2306 = ORIENTED_EDGE('',*,*,#2291,.T.);
#2307 = ORIENTED_EDGE('',*,*,#2203,.F.);
#2308 = PLANE('',#2309);
#2309 = AXIS2_PLACEMENT_3D('',#2310,#2311,#2312);
#2310 = CARTESIAN_POINT('',(49.5,140.1,137.));
#2311 = DIRECTION('',(1.,0.,0.));
#2312 = DIRECTION('',(0.,0.,1.));
#2313 = ADVANCED_FACE('',(#2314),#2320,.F.);
#2314 = FACE_BOUND('',#2315,.F.);
#2315 = EDGE_LOOP('',(#2316,#2317,#2318,#2319));
#2316 = ORIENTED_EDGE('',*,*,#1962,.F.);
#2317 = ORIENTED_EDGE('',*,*,#1843,.T.);
#2318 = ORIENTED_EDGE('',*,*,#2284,.T.);
#2319 = ORIENTED_EDGE('',*,*,#2219,.F.);
#2320 = PLANE('',#2321);
#2321 = AXIS2_PLACEMENT_3D('',#2322,#2323,#2324);
#2322 = CARTESIAN_POINT('',(29.5,140.1,137.));
#2323 = DIRECTION('',(1.,0.,0.));
#2324 = DIRECTION('',(0.,0.,1.));
#2325 = ADVANCED_FACE('',(#2326),#2342,.T.);
#2326 = FACE_BOUND('',#2327,.T.);
#2327 = EDGE_LOOP('',(#2328,#2334,#2335,#2341));
#2328 = ORIENTED_EDGE('',*,*,#2329,.F.);
#2329 = EDGE_CURVE('',#1894,#2228,#2330,.T.);
#2330 = LINE('',#2331,#2332);
#2331 = CARTESIAN_POINT('',(45.5,146.7,136.));
#2332 = VECTOR('',#2333,1.);
#2333 = DIRECTION('',(0.,0.,1.));
#2334 = ORIENTED_EDGE('',*,*,#1893,.T.);
#2335 = ORIENTED_EDGE('',*,*,#2336,.T.);
#2336 = EDGE_CURVE('',#1896,#2230,#2337,.T.);
#2337 = LINE('',#2338,#2339);
#2338 = CARTESIAN_POINT('',(33.5,146.7,136.));
#2339 = VECTOR('',#2340,1.);
#2340 = DIRECTION('',(0.,0.,1.));
#2341 = ORIENTED_EDGE('',*,*,#2227,.F.);
#2342 = PLANE('',#2343);
#2343 = AXIS2_PLACEMENT_3D('',#2344,#2345,#2346);
#2344 = CARTESIAN_POINT('',(33.5,146.7,136.));
#2345 = DIRECTION('',(0.,1.,0.));
#2346 = DIRECTION('',(0.,0.,1.));
#2347 = ADVANCED_FACE('',(#2348),#2359,.F.);
#2348 = FACE_BOUND('',#2349,.F.);
#2349 = EDGE_LOOP('',(#2350,#2351,#2352,#2358));
#2350 = ORIENTED_EDGE('',*,*,#2329,.F.);
#2351 = ORIENTED_EDGE('',*,*,#1919,.T.);
#2352 = ORIENTED_EDGE('',*,*,#2353,.T.);
#2353 = EDGE_CURVE('',#1912,#2246,#2354,.T.);
#2354 = LINE('',#2355,#2356);
#2355 = CARTESIAN_POINT('',(45.5,169.5,136.));
#2356 = VECTOR('',#2357,1.);
#2357 = DIRECTION('',(0.,0.,1.));
#2358 = ORIENTED_EDGE('',*,*,#2253,.F.);
#2359 = PLANE('',#2360);
#2360 = AXIS2_PLACEMENT_3D('',#2361,#2362,#2363);
#2361 = CARTESIAN_POINT('',(45.5,146.7,136.));
#2362 = DIRECTION('',(1.,0.,0.));
#2363 = DIRECTION('',(0.,0.,1.));
#2364 = ADVANCED_FACE('',(#2365),#2376,.T.);
#2365 = FACE_BOUND('',#2366,.T.);
#2366 = EDGE_LOOP('',(#2367,#2368,#2369,#2375));
#2367 = ORIENTED_EDGE('',*,*,#2336,.F.);
#2368 = ORIENTED_EDGE('',*,*,#1903,.T.);
#2369 = ORIENTED_EDGE('',*,*,#2370,.T.);
#2370 = EDGE_CURVE('',#1904,#2238,#2371,.T.);
#2371 = LINE('',#2372,#2373);
#2372 = CARTESIAN_POINT('',(33.5,169.5,136.));
#2373 = VECTOR('',#2374,1.);
#2374 = DIRECTION('',(0.,0.,1.));
#2375 = ORIENTED_EDGE('',*,*,#2237,.F.);
#2376 = PLANE('',#2377);
#2377 = AXIS2_PLACEMENT_3D('',#2378,#2379,#2380);
#2378 = CARTESIAN_POINT('',(33.5,146.7,136.));
#2379 = DIRECTION('',(1.,0.,0.));
#2380 = DIRECTION('',(0.,0.,1.));
#2381 = ADVANCED_FACE('',(#2382),#2388,.F.);
#2382 = FACE_BOUND('',#2383,.F.);
#2383 = EDGE_LOOP('',(#2384,#2385,#2386,#2387));
#2384 = ORIENTED_EDGE('',*,*,#2353,.F.);
#2385 = ORIENTED_EDGE('',*,*,#1911,.T.);
#2386 = ORIENTED_EDGE('',*,*,#2370,.T.);
#2387 = ORIENTED_EDGE('',*,*,#2245,.F.);
#2388 = PLANE('',#2389);
#2389 = AXIS2_PLACEMENT_3D('',#2390,#2391,#2392);
#2390 = CARTESIAN_POINT('',(33.5,169.5,136.));
#2391 = DIRECTION('',(0.,1.,0.));
#2392 = DIRECTION('',(0.,0.,1.));
#2393 = ADVANCED_FACE('',(#2394),#2405,.F.);
#2394 = FACE_BOUND('',#2395,.F.);
#2395 = EDGE_LOOP('',(#2396,#2397,#2403,#2404));
#2396 = ORIENTED_EDGE('',*,*,#2261,.F.);
#2397 = ORIENTED_EDGE('',*,*,#2398,.F.);
#2398 = EDGE_CURVE('',#1928,#2262,#2399,.T.);
#2399 = LINE('',#2400,#2401);
#2400 = CARTESIAN_POINT('',(40.7,171.7,136.));
#2401 = VECTOR('',#2402,1.);
#2402 = DIRECTION('',(0.,0.,1.));
#2403 = ORIENTED_EDGE('',*,*,#1927,.T.);
#2404 = ORIENTED_EDGE('',*,*,#2398,.T.);
#2405 = CYLINDRICAL_SURFACE('',#2406,1.2);
#2406 = AXIS2_PLACEMENT_3D('',#2407,#2408,#2409);
#2407 = CARTESIAN_POINT('',(39.5,171.7,136.));
#2408 = DIRECTION('',(0.,0.,1.));
#2409 = DIRECTION('',(1.,0.,0.));
#2410 = ADVANCED_FACE('',(#2411),#2448,.T.);
#2411 = FACE_BOUND('',#2412,.T.);
#2412 = EDGE_LOOP('',(#2413,#2423,#2430,#2431,#2438,#2439,#2440,#2441));
#2413 = ORIENTED_EDGE('',*,*,#2414,.T.);
#2414 = EDGE_CURVE('',#2415,#2417,#2419,.T.);
#2415 = VERTEX_POINT('',#2416);
#2416 = CARTESIAN_POINT('',(62.797953151514,127.91298734512,123.));
#2417 = VERTEX_POINT('',#2418);
#2418 = CARTESIAN_POINT('',(62.797953151514,127.91298734512,153.));
#2419 = LINE('',#2420,#2421);
#2420 = CARTESIAN_POINT('',(62.797953151514,127.91298734512,123.));
#2421 = VECTOR('',#2422,1.);
#2422 = DIRECTION('',(0.,0.,1.));
#2423 = ORIENTED_EDGE('',*,*,#2424,.F.);
#2424 = EDGE_CURVE('',#2417,#2417,#2425,.T.);
#2425 = CIRCLE('',#2426,2.);
#2426 = AXIS2_PLACEMENT_3D('',#2427,#2428,#2429);
#2427 = CARTESIAN_POINT('',(60.797953151514,127.91298734512,153.));
#2428 = DIRECTION('',(0.,0.,1.));
#2429 = DIRECTION('',(1.,0.,0.));
#2430 = ORIENTED_EDGE('',*,*,#2414,.F.);
#2431 = ORIENTED_EDGE('',*,*,#2432,.T.);
#2432 = EDGE_CURVE('',#2415,#2016,#2433,.T.);
#2433 = CIRCLE('',#2434,2.);
#2434 = AXIS2_PLACEMENT_3D('',#2435,#2436,#2437);
#2435 = CARTESIAN_POINT('',(60.797953151514,127.91298734512,123.));
#2436 = DIRECTION('',(0.,0.,1.));
#2437 = DIRECTION('',(1.,0.,0.));
#2438 = ORIENTED_EDGE('',*,*,#2015,.T.);
#2439 = ORIENTED_EDGE('',*,*,#2049,.T.);
#2440 = ORIENTED_EDGE('',*,*,#2031,.F.);
#2441 = ORIENTED_EDGE('',*,*,#2442,.T.);
#2442 = EDGE_CURVE('',#2024,#2415,#2443,.T.);
#2443 = CIRCLE('',#2444,2.);
#2444 = AXIS2_PLACEMENT_3D('',#2445,#2446,#2447);
#2445 = CARTESIAN_POINT('',(60.797953151514,127.91298734512,123.));
#2446 = DIRECTION('',(0.,0.,1.));
#2447 = DIRECTION('',(1.,0.,0.));
#2448 = CYLINDRICAL_SURFACE('',#2449,2.);
#2449 = AXIS2_PLACEMENT_3D('',#2450,#2451,#2452);
#2450 = CARTESIAN_POINT('',(60.797953151514,127.91298734512,123.));
#2451 = DIRECTION('',(0.,0.,1.));
#2452 = DIRECTION('',(1.,0.,0.));
#2453 = ADVANCED_FACE('',(#2454),#2459,.F.);
#2454 = FACE_BOUND('',#2455,.F.);
#2455 = EDGE_LOOP('',(#2456,#2457,#2458));
#2456 = ORIENTED_EDGE('',*,*,#2442,.T.);
#2457 = ORIENTED_EDGE('',*,*,#2432,.T.);
#2458 = ORIENTED_EDGE('',*,*,#2023,.T.);
#2459 = PLANE('',#2460);
#2460 = AXIS2_PLACEMENT_3D('',#2461,#2462,#2463);
#2461 = CARTESIAN_POINT('',(60.797953151514,127.91298734512,123.));
#2462 = DIRECTION('',(0.,0.,1.));
#2463 = DIRECTION('',(1.,0.,0.));
#2464 = ADVANCED_FACE('',(#2465),#2484,.T.);
#2465 = FACE_BOUND('',#2466,.T.);
#2466 = EDGE_LOOP('',(#2467,#2475,#2476,#2477));
#2467 = ORIENTED_EDGE('',*,*,#2468,.T.);
#2468 = EDGE_CURVE('',#2469,#2078,#2471,.T.);
#2469 = VERTEX_POINT('',#2470);
#2470 = CARTESIAN_POINT('',(49.45,113.,145.8));
#2471 = LINE('',#2472,#2473);
#2472 = CARTESIAN_POINT('',(49.45,113.,126.));
#2473 = VECTOR('',#2474,1.);
#2474 = DIRECTION('',(0.,0.,1.));
#2475 = ORIENTED_EDGE('',*,*,#2077,.F.);
#2476 = ORIENTED_EDGE('',*,*,#2468,.F.);
#2477 = ORIENTED_EDGE('',*,*,#2478,.T.);
#2478 = EDGE_CURVE('',#2469,#2469,#2479,.T.);
#2479 = CIRCLE('',#2480,9.95);
#2480 = AXIS2_PLACEMENT_3D('',#2481,#2482,#2483);
#2481 = CARTESIAN_POINT('',(39.5,113.,145.8));
#2482 = DIRECTION('',(0.,0.,1.));
#2483 = DIRECTION('',(1.,0.,0.));
#2484 = CYLINDRICAL_SURFACE('',#2485,9.95);
#2485 = AXIS2_PLACEMENT_3D('',#2486,#2487,#2488);
#2486 = CARTESIAN_POINT('',(39.5,113.,126.));
#2487 = DIRECTION('',(0.,0.,1.));
#2488 = DIRECTION('',(1.,0.,0.));
#2489 = ADVANCED_FACE('',(#2490),#2509,.T.);
#2490 = FACE_BOUND('',#2491,.T.);
#2491 = EDGE_LOOP('',(#2492,#2501,#2507,#2508));
#2492 = ORIENTED_EDGE('',*,*,#2493,.F.);
#2493 = EDGE_CURVE('',#2494,#2494,#2496,.T.);
#2494 = VERTEX_POINT('',#2495);
#2495 = CARTESIAN_POINT('',(49.45,113.,144.5));
#2496 = CIRCLE('',#2497,9.95);
#2497 = AXIS2_PLACEMENT_3D('',#2498,#2499,#2500);
#2498 = CARTESIAN_POINT('',(39.5,113.,144.5));
#2499 = DIRECTION('',(0.,0.,1.));
#2500 = DIRECTION('',(1.,0.,0.));
#2501 = ORIENTED_EDGE('',*,*,#2502,.F.);
#2502 = EDGE_CURVE('',#2113,#2494,#2503,.T.);
#2503 = LINE('',#2504,#2505);
#2504 = CARTESIAN_POINT('',(49.45,113.,126.));
#2505 = VECTOR('',#2506,1.);
#2506 = DIRECTION('',(0.,0.,1.));
#2507 = ORIENTED_EDGE('',*,*,#2112,.T.);
#2508 = ORIENTED_EDGE('',*,*,#2502,.T.);
#2509 = CYLINDRICAL_SURFACE('',#2510,9.95);
#2510 = AXIS2_PLACEMENT_3D('',#2511,#2512,#2513);
#2511 = CARTESIAN_POINT('',(39.5,113.,126.));
#2512 = DIRECTION('',(0.,0.,1.));
#2513 = DIRECTION('',(1.,0.,0.));
#2514 = ADVANCED_FACE('',(#2515),#2518,.T.);
#2515 = FACE_BOUND('',#2516,.T.);
#2516 = EDGE_LOOP('',(#2517));
#2517 = ORIENTED_EDGE('',*,*,#2137,.T.);
#2518 = PLANE('',#2519);
#2519 = AXIS2_PLACEMENT_3D('',#2520,#2521,#2522);
#2520 = CARTESIAN_POINT('',(18.202046848486,127.91298734512,153.));
#2521 = DIRECTION('',(0.,0.,1.));
#2522 = DIRECTION('',(1.,0.,0.));
#2523 = ADVANCED_FACE('',(#2524),#2527,.T.);
#2524 = FACE_BOUND('',#2525,.T.);
#2525 = EDGE_LOOP('',(#2526));
#2526 = ORIENTED_EDGE('',*,*,#2424,.T.);
#2527 = PLANE('',#2528);
#2528 = AXIS2_PLACEMENT_3D('',#2529,#2530,#2531);
#2529 = CARTESIAN_POINT('',(60.797953151514,127.91298734512,153.));
#2530 = DIRECTION('',(0.,0.,1.));
#2531 = DIRECTION('',(1.,0.,0.));
#2532 = ADVANCED_FACE('',(#2533,#2536),#2547,.F.);
#2533 = FACE_BOUND('',#2534,.F.);
#2534 = EDGE_LOOP('',(#2535));
#2535 = ORIENTED_EDGE('',*,*,#2478,.T.);
#2536 = FACE_BOUND('',#2537,.F.);
#2537 = EDGE_LOOP('',(#2538));
#2538 = ORIENTED_EDGE('',*,*,#2539,.F.);
#2539 = EDGE_CURVE('',#2540,#2540,#2542,.T.);
#2540 = VERTEX_POINT('',#2541);
#2541 = CARTESIAN_POINT('',(49.,113.,145.8));
#2542 = CIRCLE('',#2543,9.5);
#2543 = AXIS2_PLACEMENT_3D('',#2544,#2545,#2546);
#2544 = CARTESIAN_POINT('',(39.5,113.,145.8));
#2545 = DIRECTION('',(0.,0.,1.));
#2546 = DIRECTION('',(1.,0.,0.));
#2547 = PLANE('',#2548);
#2548 = AXIS2_PLACEMENT_3D('',#2549,#2550,#2551);
#2549 = CARTESIAN_POINT('',(39.5,113.,145.8));
#2550 = DIRECTION('',(0.,0.,1.));
#2551 = DIRECTION('',(1.,0.,0.));
#2552 = ADVANCED_FACE('',(#2553,#2556),#2567,.T.);
#2553 = FACE_BOUND('',#2554,.T.);
#2554 = EDGE_LOOP('',(#2555));
#2555 = ORIENTED_EDGE('',*,*,#2493,.T.);
#2556 = FACE_BOUND('',#2557,.T.);
#2557 = EDGE_LOOP('',(#2558));
#2558 = ORIENTED_EDGE('',*,*,#2559,.F.);
#2559 = EDGE_CURVE('',#2560,#2560,#2562,.T.);
#2560 = VERTEX_POINT('',#2561);
#2561 = CARTESIAN_POINT('',(49.,113.,144.5));
#2562 = CIRCLE('',#2563,9.5);
#2563 = AXIS2_PLACEMENT_3D('',#2564,#2565,#2566);
#2564 = CARTESIAN_POINT('',(39.5,113.,144.5));
#2565 = DIRECTION('',(0.,0.,1.));
#2566 = DIRECTION('',(1.,0.,0.));
#2567 = PLANE('',#2568);
#2568 = AXIS2_PLACEMENT_3D('',#2569,#2570,#2571);
#2569 = CARTESIAN_POINT('',(39.5,113.,144.5));
#2570 = DIRECTION('',(0.,0.,1.));
#2571 = DIRECTION('',(1.,0.,0.));
#2572 = ADVANCED_FACE('',(#2573),#2584,.T.);
#2573 = FACE_BOUND('',#2574,.T.);
#2574 = EDGE_LOOP('',(#2575,#2576,#2582,#2583));
#2575 = ORIENTED_EDGE('',*,*,#2539,.F.);
#2576 = ORIENTED_EDGE('',*,*,#2577,.F.);
#2577 = EDGE_CURVE('',#2560,#2540,#2578,.T.);
#2578 = LINE('',#2579,#2580);
#2579 = CARTESIAN_POINT('',(49.,113.,144.4));
#2580 = VECTOR('',#2581,1.);
#2581 = DIRECTION('',(0.,0.,1.));
#2582 = ORIENTED_EDGE('',*,*,#2559,.T.);
#2583 = ORIENTED_EDGE('',*,*,#2577,.T.);
#2584 = CYLINDRICAL_SURFACE('',#2585,9.5);
#2585 = AXIS2_PLACEMENT_3D('',#2586,#2587,#2588);
#2586 = CARTESIAN_POINT('',(39.5,113.,144.4));
#2587 = DIRECTION('',(0.,0.,1.));
#2588 = DIRECTION('',(1.,0.,0.));
#2589 = MANIFOLD_SOLID_BREP('',#2590);
#2590 = CLOSED_SHELL('',(#2591,#2836,#2885,#2895,#2929,#2953,#3019,#3044
    ,#3118,#3142,#3183,#3210,#3220,#3237,#3255,#3272,#3284,#3346,#3358,
    #3370));
#2591 = ADVANCED_FACE('',(#2592),#2831,.T.);
#2592 = FACE_BOUND('',#2593,.T.);
#2593 = EDGE_LOOP('',(#2594,#2609,#2617,#2626,#2634,#2643,#2651,#2660,
    #2668,#2681,#2689,#2738,#2746,#2755,#2763,#2772,#2780,#2789,#2797,
    #2825));
#2594 = ORIENTED_EDGE('',*,*,#2595,.T.);
#2595 = EDGE_CURVE('',#2596,#2598,#2600,.T.);
#2596 = VERTEX_POINT('',#2597);
#2597 = CARTESIAN_POINT('',(52.149110640674,107.,113.47172935629));
#2598 = VERTEX_POINT('',#2599);
#2599 = CARTESIAN_POINT('',(52.576696830622,108.,113.64645510925));
#2600 = B_SPLINE_CURVE_WITH_KNOTS('',7,(#2601,#2602,#2603,#2604,#2605,
    #2606,#2607,#2608),.UNSPECIFIED.,.F.,.F.,(8,8),(0.,1.),
  .PIECEWISE_BEZIER_KNOTS.);
#2601 = CARTESIAN_POINT('',(52.149110356069,106.9999994,113.47172919175)
  );
#2602 = CARTESIAN_POINT('',(52.295730600849,107.30910197853,
    113.5564986239));
#2603 = CARTESIAN_POINT('',(52.437329342136,107.63037543139,
    113.6156278719));
#2604 = CARTESIAN_POINT('',(52.57005239852,107.95782036621,
    113.65518530323));
#2605 = CARTESIAN_POINT('',(52.692593758281,108.28812910218,
    113.68007076274));
#2606 = CARTESIAN_POINT('',(52.804784953584,108.61991316115,
    113.69407403691));
#2607 = CARTESIAN_POINT('',(52.907072501511,108.95358154026,113.7));
#2608 = CARTESIAN_POINT('',(53.,109.29190075645,113.7));
#2609 = ORIENTED_EDGE('',*,*,#2610,.T.);
#2610 = EDGE_CURVE('',#2598,#2611,#2613,.T.);
#2611 = VERTEX_POINT('',#2612);
#2612 = CARTESIAN_POINT('',(52.576696830622,108.,118.));
#2613 = LINE('',#2614,#2615);
#2614 = CARTESIAN_POINT('',(52.576696830622,108.,104.));
#2615 = VECTOR('',#2616,1.);
#2616 = DIRECTION('',(0.,0.,1.));
#2617 = ORIENTED_EDGE('',*,*,#2618,.T.);
#2618 = EDGE_CURVE('',#2611,#2619,#2621,.T.);
#2619 = VERTEX_POINT('',#2620);
#2620 = CARTESIAN_POINT('',(53.496785345214,112.7,118.));
#2621 = CIRCLE('',#2622,14.);
#2622 = AXIS2_PLACEMENT_3D('',#2623,#2624,#2625);
#2623 = CARTESIAN_POINT('',(39.5,113.,118.));
#2624 = DIRECTION('',(0.,0.,1.));
#2625 = DIRECTION('',(1.,0.,0.));
#2626 = ORIENTED_EDGE('',*,*,#2627,.T.);
#2627 = EDGE_CURVE('',#2619,#2628,#2630,.T.);
#2628 = VERTEX_POINT('',#2629);
#2629 = CARTESIAN_POINT('',(53.496785345214,112.7,120.));
#2630 = LINE('',#2631,#2632);
#2631 = CARTESIAN_POINT('',(53.496785345214,112.7,104.));
#2632 = VECTOR('',#2633,1.);
#2633 = DIRECTION('',(0.,0.,1.));
#2634 = ORIENTED_EDGE('',*,*,#2635,.F.);
#2635 = EDGE_CURVE('',#2636,#2628,#2638,.T.);
#2636 = VERTEX_POINT('',#2637);
#2637 = CARTESIAN_POINT('',(25.503214654786,112.7,120.));
#2638 = CIRCLE('',#2639,14.);
#2639 = AXIS2_PLACEMENT_3D('',#2640,#2641,#2642);
#2640 = CARTESIAN_POINT('',(39.5,113.,120.));
#2641 = DIRECTION('',(0.,0.,1.));
#2642 = DIRECTION('',(1.,0.,0.));
#2643 = ORIENTED_EDGE('',*,*,#2644,.F.);
#2644 = EDGE_CURVE('',#2645,#2636,#2647,.T.);
#2645 = VERTEX_POINT('',#2646);
#2646 = CARTESIAN_POINT('',(25.503214654786,112.7,118.));
#2647 = LINE('',#2648,#2649);
#2648 = CARTESIAN_POINT('',(25.503214654786,112.7,104.));
#2649 = VECTOR('',#2650,1.);
#2650 = DIRECTION('',(0.,0.,1.));
#2651 = ORIENTED_EDGE('',*,*,#2652,.T.);
#2652 = EDGE_CURVE('',#2645,#2653,#2655,.T.);
#2653 = VERTEX_POINT('',#2654);
#2654 = CARTESIAN_POINT('',(26.423303169378,108.,118.));
#2655 = CIRCLE('',#2656,14.);
#2656 = AXIS2_PLACEMENT_3D('',#2657,#2658,#2659);
#2657 = CARTESIAN_POINT('',(39.5,113.,118.));
#2658 = DIRECTION('',(0.,0.,1.));
#2659 = DIRECTION('',(1.,0.,0.));
#2660 = ORIENTED_EDGE('',*,*,#2661,.F.);
#2661 = EDGE_CURVE('',#2662,#2653,#2664,.T.);
#2662 = VERTEX_POINT('',#2663);
#2663 = CARTESIAN_POINT('',(26.423303169378,108.,113.64645510925));
#2664 = LINE('',#2665,#2666);
#2665 = CARTESIAN_POINT('',(26.423303169378,108.,104.));
#2666 = VECTOR('',#2667,1.);
#2667 = DIRECTION('',(0.,0.,1.));
#2668 = ORIENTED_EDGE('',*,*,#2669,.T.);
#2669 = EDGE_CURVE('',#2662,#2670,#2672,.T.);
#2670 = VERTEX_POINT('',#2671);
#2671 = CARTESIAN_POINT('',(26.850889359326,107.,113.47172935629));
#2672 = B_SPLINE_CURVE_WITH_KNOTS('',7,(#2673,#2674,#2675,#2676,#2677,
    #2678,#2679,#2680),.UNSPECIFIED.,.F.,.F.,(8,8),(0.,1.),
  .PIECEWISE_BEZIER_KNOTS.);
#2673 = CARTESIAN_POINT('',(26.,109.29190075645,113.7));
#2674 = CARTESIAN_POINT('',(26.092935260274,108.9535532821,113.7));
#2675 = CARTESIAN_POINT('',(26.195224179254,108.61988632538,
    113.69407306197));
#2676 = CARTESIAN_POINT('',(26.307411606337,108.28811699348,
    113.68006905429));
#2677 = CARTESIAN_POINT('',(26.429946416351,107.95782598629,
    113.65518442953));
#2678 = CARTESIAN_POINT('',(26.562663648486,107.63039250105,
    113.61562963833));
#2679 = CARTESIAN_POINT('',(26.704262052624,107.30911746637,
    113.55650287135));
#2680 = CARTESIAN_POINT('',(26.850889643931,106.9999994,113.47172919175)
  );
#2681 = ORIENTED_EDGE('',*,*,#2682,.F.);
#2682 = EDGE_CURVE('',#2683,#2670,#2685,.T.);
#2683 = VERTEX_POINT('',#2684);
#2684 = CARTESIAN_POINT('',(26.850889359326,107.,110.5282706437));
#2685 = LINE('',#2686,#2687);
#2686 = CARTESIAN_POINT('',(26.850889359326,107.,104.));
#2687 = VECTOR('',#2688,1.);
#2688 = DIRECTION('',(0.,0.,1.));
#2689 = ORIENTED_EDGE('',*,*,#2690,.T.);
#2690 = EDGE_CURVE('',#2683,#2691,#2693,.T.);
#2691 = VERTEX_POINT('',#2692);
#2692 = CARTESIAN_POINT('',(26.423303169378,108.,110.35354489074));
#2693 = B_SPLINE_CURVE_WITH_KNOTS('',8,(#2694,#2695,#2696,#2697,#2698,
    #2699,#2700,#2701,#2702,#2703,#2704,#2705,#2706,#2707,#2708,#2709,
    #2710,#2711,#2712,#2713,#2714,#2715,#2716,#2717,#2718,#2719,#2720,
    #2721,#2722,#2723,#2724,#2725,#2726,#2727,#2728,#2729,#2730,#2731,
    #2732,#2733,#2734,#2735,#2736,#2737),.UNSPECIFIED.,.F.,.F.,(9,7,7,7,
    7,7,9),(0.,0.212979850767,0.327513328212,0.499050016757,
    0.670586705299,0.973318286461,1.),.UNSPECIFIED.);
#2694 = CARTESIAN_POINT('',(26.850889643931,106.9999994,110.52827080825)
  );
#2695 = CARTESIAN_POINT('',(26.711988063903,107.29282960645,
    110.44796397147));
#2696 = CARTESIAN_POINT('',(26.577394626698,107.59658593603,
    110.39013810361));
#2697 = CARTESIAN_POINT('',(26.450204056005,107.90647700104,
    110.35005084186));
#2698 = CARTESIAN_POINT('',(26.331758493249,108.21958173519,
    110.32371717366));
#2699 = CARTESIAN_POINT('',(26.222478173454,108.53424230296,
    110.30790460547));
#2700 = CARTESIAN_POINT('',(26.122248486923,108.84997785531,
    110.30006804071));
#2701 = CARTESIAN_POINT('',(26.030644261702,109.1676369218,
    110.29823076193));
#2702 = CARTESIAN_POINT('',(25.902437328125,109.66259683307,
    110.30220919496));
#2703 = CARTESIAN_POINT('',(25.860179051142,109.83614871686,
    110.30487357613));
#2704 = CARTESIAN_POINT('',(25.820501766367,110.01010373061,
    110.30854408348));
#2705 = CARTESIAN_POINT('',(25.78340489396,110.18441581575,
    110.31297714402));
#2706 = CARTESIAN_POINT('',(25.74888433594,110.3590511012,
    110.31795111665));
#2707 = CARTESIAN_POINT('',(25.716934033436,110.53398799978,
    110.32326482529));
#2708 = CARTESIAN_POINT('',(25.687547523929,110.70921730449,
    110.32873609194));
#2709 = CARTESIAN_POINT('',(25.620539188391,111.14762589408,
    110.34238396405));
#2710 = CARTESIAN_POINT('',(25.586088199968,111.41123562009,
    110.35055419143));
#2711 = CARTESIAN_POINT('',(25.557386234857,111.67536777156,
    110.35815454222));
#2712 = CARTESIAN_POINT('',(25.534433181576,111.9398734089,
    110.36472061602));
#2713 = CARTESIAN_POINT('',(25.517221175293,112.20464822112,
    110.36989267072));
#2714 = CARTESIAN_POINT('',(25.505743452415,112.46962235127,
    110.37342503999));
#2715 = CARTESIAN_POINT('',(25.5,112.73475017037,110.37519231907));
#2716 = CARTESIAN_POINT('',(25.5,113.26524982962,110.37519231907));
#2717 = CARTESIAN_POINT('',(25.505743452415,113.53037764872,
    110.37342503999));
#2718 = CARTESIAN_POINT('',(25.517221175293,113.79535177887,
    110.36989267072));
#2719 = CARTESIAN_POINT('',(25.534433181576,114.06012659109,
    110.36472061602));
#2720 = CARTESIAN_POINT('',(25.557386234858,114.32463222843,
    110.35815454222));
#2721 = CARTESIAN_POINT('',(25.586088199968,114.5887643799,
    110.35055419143));
#2722 = CARTESIAN_POINT('',(25.620539188391,114.85237410591,
    110.34238396405));
#2723 = CARTESIAN_POINT('',(25.731630560825,115.57920027631,
    110.3197575127));
#2724 = CARTESIAN_POINT('',(25.819462941063,116.03484083282,
    110.30546118326));
#2725 = CARTESIAN_POINT('',(25.924253996551,116.48744263299,
    110.29418090026));
#2726 = CARTESIAN_POINT('',(26.046941606862,116.93980700708,
    110.28940880819));
#2727 = CARTESIAN_POINT('',(26.18841939849,117.3918093647,
    110.29584151047));
#2728 = CARTESIAN_POINT('',(26.348719647248,117.84087581912,
    110.31992789131));
#2729 = CARTESIAN_POINT('',(26.526312008189,118.28185820231,
    110.37018653995));
#2730 = CARTESIAN_POINT('',(26.731723657148,118.74219350979,
    110.46542617742));
#2731 = CARTESIAN_POINT('',(26.748464578715,118.77937662772,
    110.47343740273));
#2732 = CARTESIAN_POINT('',(26.765305699855,118.81645178473,
    110.48175466989));
#2733 = CARTESIAN_POINT('',(26.782243812573,118.85341352293,
    110.49038732748));
#2734 = CARTESIAN_POINT('',(26.799275355289,118.89025591213,
    110.49934506623));
#2735 = CARTESIAN_POINT('',(26.816396412844,118.92697254989,
    110.50863791895));
#2736 = CARTESIAN_POINT('',(26.833602716499,118.9635565615,
    110.5182762606));
#2737 = CARTESIAN_POINT('',(26.850889643931,119.0000006,110.52827080825)
  );
#2738 = ORIENTED_EDGE('',*,*,#2739,.F.);
#2739 = EDGE_CURVE('',#2740,#2691,#2742,.T.);
#2740 = VERTEX_POINT('',#2741);
#2741 = CARTESIAN_POINT('',(26.423303169378,108.,106.));
#2742 = LINE('',#2743,#2744);
#2743 = CARTESIAN_POINT('',(26.423303169378,108.,104.));
#2744 = VECTOR('',#2745,1.);
#2745 = DIRECTION('',(0.,0.,1.));
#2746 = ORIENTED_EDGE('',*,*,#2747,.F.);
#2747 = EDGE_CURVE('',#2748,#2740,#2750,.T.);
#2748 = VERTEX_POINT('',#2749);
#2749 = CARTESIAN_POINT('',(25.503214654786,112.7,106.));
#2750 = CIRCLE('',#2751,14.);
#2751 = AXIS2_PLACEMENT_3D('',#2752,#2753,#2754);
#2752 = CARTESIAN_POINT('',(39.5,113.,106.));
#2753 = DIRECTION('',(0.,0.,1.));
#2754 = DIRECTION('',(1.,0.,0.));
#2755 = ORIENTED_EDGE('',*,*,#2756,.F.);
#2756 = EDGE_CURVE('',#2757,#2748,#2759,.T.);
#2757 = VERTEX_POINT('',#2758);
#2758 = CARTESIAN_POINT('',(25.503214654786,112.7,104.));
#2759 = LINE('',#2760,#2761);
#2760 = CARTESIAN_POINT('',(25.503214654786,112.7,104.));
#2761 = VECTOR('',#2762,1.);
#2762 = DIRECTION('',(0.,0.,1.));
#2763 = ORIENTED_EDGE('',*,*,#2764,.T.);
#2764 = EDGE_CURVE('',#2757,#2765,#2767,.T.);
#2765 = VERTEX_POINT('',#2766);
#2766 = CARTESIAN_POINT('',(53.496785345214,112.7,104.));
#2767 = CIRCLE('',#2768,14.);
#2768 = AXIS2_PLACEMENT_3D('',#2769,#2770,#2771);
#2769 = CARTESIAN_POINT('',(39.5,113.,104.));
#2770 = DIRECTION('',(0.,0.,1.));
#2771 = DIRECTION('',(1.,0.,0.));
#2772 = ORIENTED_EDGE('',*,*,#2773,.T.);
#2773 = EDGE_CURVE('',#2765,#2774,#2776,.T.);
#2774 = VERTEX_POINT('',#2775);
#2775 = CARTESIAN_POINT('',(53.496785345214,112.7,106.));
#2776 = LINE('',#2777,#2778);
#2777 = CARTESIAN_POINT('',(53.496785345214,112.7,104.));
#2778 = VECTOR('',#2779,1.);
#2779 = DIRECTION('',(0.,0.,1.));
#2780 = ORIENTED_EDGE('',*,*,#2781,.F.);
#2781 = EDGE_CURVE('',#2782,#2774,#2784,.T.);
#2782 = VERTEX_POINT('',#2783);
#2783 = CARTESIAN_POINT('',(52.576696830622,108.,106.));
#2784 = CIRCLE('',#2785,14.);
#2785 = AXIS2_PLACEMENT_3D('',#2786,#2787,#2788);
#2786 = CARTESIAN_POINT('',(39.5,113.,106.));
#2787 = DIRECTION('',(0.,0.,1.));
#2788 = DIRECTION('',(1.,0.,0.));
#2789 = ORIENTED_EDGE('',*,*,#2790,.T.);
#2790 = EDGE_CURVE('',#2782,#2791,#2793,.T.);
#2791 = VERTEX_POINT('',#2792);
#2792 = CARTESIAN_POINT('',(52.576696830622,108.,110.35354489074));
#2793 = LINE('',#2794,#2795);
#2794 = CARTESIAN_POINT('',(52.576696830622,108.,104.));
#2795 = VECTOR('',#2796,1.);
#2796 = DIRECTION('',(0.,0.,1.));
#2797 = ORIENTED_EDGE('',*,*,#2798,.T.);
#2798 = EDGE_CURVE('',#2791,#2799,#2801,.T.);
#2799 = VERTEX_POINT('',#2800);
#2800 = CARTESIAN_POINT('',(52.149110640674,107.,110.5282706437));
#2801 = B_SPLINE_CURVE_WITH_KNOTS('',8,(#2802,#2803,#2804,#2805,#2806,
    #2807,#2808,#2809,#2810,#2811,#2812,#2813,#2814,#2815,#2816,#2817,
    #2818,#2819,#2820,#2821,#2822,#2823,#2824),.UNSPECIFIED.,.F.,.F.,(9,
    7,7,9),(0.,0.341406991407,0.94665687372,1.),.UNSPECIFIED.);
#2802 = CARTESIAN_POINT('',(53.5,113.,110.37519231907));
#2803 = CARTESIAN_POINT('',(53.5,112.73552673926,110.37519231907));
#2804 = CARTESIAN_POINT('',(53.494290127796,112.47117117557,
    110.37343536582));
#2805 = CARTESIAN_POINT('',(53.482879214901,112.20696597073,
    110.36992356818));
#2806 = CARTESIAN_POINT('',(53.46576715436,111.94295746505,
    110.36478081967));
#2807 = CARTESIAN_POINT('',(53.442947289798,111.67921589189,
    110.35824995932));
#2808 = CARTESIAN_POINT('',(53.414411981113,111.41584554223,
    110.35068669167));
#2809 = CARTESIAN_POINT('',(53.380161346791,111.15299487903,
    110.34255026578));
#2810 = CARTESIAN_POINT('',(53.26939820599,110.42616285209,
    110.31992592823));
#2811 = CARTESIAN_POINT('',(53.181607988105,109.96981280064,
    110.30557857116));
#2812 = CARTESIAN_POINT('',(53.076811698355,109.51651397818,
    110.29422574424));
#2813 = CARTESIAN_POINT('',(52.95406604569,109.0634409351,
    110.28936813388));
#2814 = CARTESIAN_POINT('',(52.812470208845,108.610716017,
    110.29571648323));
#2815 = CARTESIAN_POINT('',(52.651989586183,108.16092415322,
    110.31974298769));
#2816 = CARTESIAN_POINT('',(52.474157509191,107.71923333549,
    110.36999819262));
#2817 = CARTESIAN_POINT('',(52.268449753853,107.25819166667,
    110.46534320524));
#2818 = CARTESIAN_POINT('',(52.251684949403,107.22095256362,
    110.47336356482));
#2819 = CARTESIAN_POINT('',(52.234819624497,107.18382170031,
    110.4816908034));
#2820 = CARTESIAN_POINT('',(52.217856999138,107.14680455563,
    110.49033430932));
#2821 = CARTESIAN_POINT('',(52.200800649411,107.10990708444,
    110.4993038148));
#2822 = CARTESIAN_POINT('',(52.183654507481,107.07313571757,
    110.50860939589));
#2823 = CARTESIAN_POINT('',(52.166422861592,107.03649736183,
    110.51826147246));
#2824 = CARTESIAN_POINT('',(52.149110356069,106.9999994,110.52827080825)
  );
#2825 = ORIENTED_EDGE('',*,*,#2826,.T.);
#2826 = EDGE_CURVE('',#2799,#2596,#2827,.T.);
#2827 = LINE('',#2828,#2829);
#2828 = CARTESIAN_POINT('',(52.149110640674,107.,104.));
#2829 = VECTOR('',#2830,1.);
#2830 = DIRECTION('',(0.,0.,1.));
#2831 = CYLINDRICAL_SURFACE('',#2832,14.);
#2832 = AXIS2_PLACEMENT_3D('',#2833,#2834,#2835);
#2833 = CARTESIAN_POINT('',(39.5,113.,104.));
#2834 = DIRECTION('',(0.,0.,1.));
#2835 = DIRECTION('',(1.,0.,0.));
#2836 = ADVANCED_FACE('',(#2837),#2880,.F.);
#2837 = FACE_BOUND('',#2838,.F.);
#2838 = EDGE_LOOP('',(#2839,#2848,#2856,#2863,#2864,#2871,#2872,#2879));
#2839 = ORIENTED_EDGE('',*,*,#2840,.F.);
#2840 = EDGE_CURVE('',#2841,#2841,#2843,.T.);
#2841 = VERTEX_POINT('',#2842);
#2842 = CARTESIAN_POINT('',(53.,112.7,113.7));
#2843 = CIRCLE('',#2844,1.7);
#2844 = AXIS2_PLACEMENT_3D('',#2845,#2846,#2847);
#2845 = CARTESIAN_POINT('',(53.,112.7,112.));
#2846 = DIRECTION('',(0.,1.,0.));
#2847 = DIRECTION('',(0.,0.,1.));
#2848 = ORIENTED_EDGE('',*,*,#2849,.F.);
#2849 = EDGE_CURVE('',#2850,#2841,#2852,.T.);
#2850 = VERTEX_POINT('',#2851);
#2851 = CARTESIAN_POINT('',(53.,108.,113.7));
#2852 = LINE('',#2853,#2854);
#2853 = CARTESIAN_POINT('',(53.,107.,113.7));
#2854 = VECTOR('',#2855,1.);
#2855 = DIRECTION('',(0.,1.,0.));
#2856 = ORIENTED_EDGE('',*,*,#2857,.T.);
#2857 = EDGE_CURVE('',#2850,#2791,#2858,.T.);
#2858 = CIRCLE('',#2859,1.7);
#2859 = AXIS2_PLACEMENT_3D('',#2860,#2861,#2862);
#2860 = CARTESIAN_POINT('',(53.,108.,112.));
#2861 = DIRECTION('',(0.,1.,0.));
#2862 = DIRECTION('',(0.,0.,1.));
#2863 = ORIENTED_EDGE('',*,*,#2798,.T.);
#2864 = ORIENTED_EDGE('',*,*,#2865,.T.);
#2865 = EDGE_CURVE('',#2799,#2596,#2866,.T.);
#2866 = CIRCLE('',#2867,1.7);
#2867 = AXIS2_PLACEMENT_3D('',#2868,#2869,#2870);
#2868 = CARTESIAN_POINT('',(53.,107.,112.));
#2869 = DIRECTION('',(0.,1.,0.));
#2870 = DIRECTION('',(0.,0.,1.));
#2871 = ORIENTED_EDGE('',*,*,#2595,.T.);
#2872 = ORIENTED_EDGE('',*,*,#2873,.T.);
#2873 = EDGE_CURVE('',#2598,#2850,#2874,.T.);
#2874 = CIRCLE('',#2875,1.7);
#2875 = AXIS2_PLACEMENT_3D('',#2876,#2877,#2878);
#2876 = CARTESIAN_POINT('',(53.,108.,112.));
#2877 = DIRECTION('',(0.,1.,0.));
#2878 = DIRECTION('',(0.,0.,1.));
#2879 = ORIENTED_EDGE('',*,*,#2849,.T.);
#2880 = CYLINDRICAL_SURFACE('',#2881,1.7);
#2881 = AXIS2_PLACEMENT_3D('',#2882,#2883,#2884);
#2882 = CARTESIAN_POINT('',(53.,107.,112.));
#2883 = DIRECTION('',(0.,1.,0.));
#2884 = DIRECTION('',(0.,0.,1.));
#2885 = ADVANCED_FACE('',(#2886),#2890,.T.);
#2886 = FACE_BOUND('',#2887,.T.);
#2887 = EDGE_LOOP('',(#2888,#2889));
#2888 = ORIENTED_EDGE('',*,*,#2826,.F.);
#2889 = ORIENTED_EDGE('',*,*,#2865,.T.);
#2890 = PLANE('',#2891);
#2891 = AXIS2_PLACEMENT_3D('',#2892,#2893,#2894);
#2892 = CARTESIAN_POINT('',(53.,107.,112.));
#2893 = DIRECTION('',(0.,1.,0.));
#2894 = DIRECTION('',(0.,0.,1.));
#2895 = ADVANCED_FACE('',(#2896),#2924,.F.);
#2896 = FACE_BOUND('',#2897,.F.);
#2897 = EDGE_LOOP('',(#2898,#2906,#2907,#2908,#2909,#2910,#2918));
#2898 = ORIENTED_EDGE('',*,*,#2899,.F.);
#2899 = EDGE_CURVE('',#2782,#2900,#2902,.T.);
#2900 = VERTEX_POINT('',#2901);
#2901 = CARTESIAN_POINT('',(57.5,108.,106.));
#2902 = LINE('',#2903,#2904);
#2903 = CARTESIAN_POINT('',(48.5,108.,106.));
#2904 = VECTOR('',#2905,1.);
#2905 = DIRECTION('',(1.,0.,0.));
#2906 = ORIENTED_EDGE('',*,*,#2790,.T.);
#2907 = ORIENTED_EDGE('',*,*,#2857,.F.);
#2908 = ORIENTED_EDGE('',*,*,#2873,.F.);
#2909 = ORIENTED_EDGE('',*,*,#2610,.T.);
#2910 = ORIENTED_EDGE('',*,*,#2911,.T.);
#2911 = EDGE_CURVE('',#2611,#2912,#2914,.T.);
#2912 = VERTEX_POINT('',#2913);
#2913 = CARTESIAN_POINT('',(57.5,108.,118.));
#2914 = LINE('',#2915,#2916);
#2915 = CARTESIAN_POINT('',(48.5,108.,118.));
#2916 = VECTOR('',#2917,1.);
#2917 = DIRECTION('',(1.,0.,0.));
#2918 = ORIENTED_EDGE('',*,*,#2919,.F.);
#2919 = EDGE_CURVE('',#2900,#2912,#2920,.T.);
#2920 = LINE('',#2921,#2922);
#2921 = CARTESIAN_POINT('',(57.5,108.,106.));
#2922 = VECTOR('',#2923,1.);
#2923 = DIRECTION('',(0.,0.,1.));
#2924 = PLANE('',#2925);
#2925 = AXIS2_PLACEMENT_3D('',#2926,#2927,#2928);
#2926 = CARTESIAN_POINT('',(48.5,108.,106.));
#2927 = DIRECTION('',(0.,1.,0.));
#2928 = DIRECTION('',(0.,0.,1.));
#2929 = ADVANCED_FACE('',(#2930),#2948,.F.);
#2930 = FACE_BOUND('',#2931,.F.);
#2931 = EDGE_LOOP('',(#2932,#2933,#2934,#2942));
#2932 = ORIENTED_EDGE('',*,*,#2781,.F.);
#2933 = ORIENTED_EDGE('',*,*,#2899,.T.);
#2934 = ORIENTED_EDGE('',*,*,#2935,.T.);
#2935 = EDGE_CURVE('',#2900,#2936,#2938,.T.);
#2936 = VERTEX_POINT('',#2937);
#2937 = CARTESIAN_POINT('',(57.5,112.7,106.));
#2938 = LINE('',#2939,#2940);
#2939 = CARTESIAN_POINT('',(57.5,108.,106.));
#2940 = VECTOR('',#2941,1.);
#2941 = DIRECTION('',(0.,1.,0.));
#2942 = ORIENTED_EDGE('',*,*,#2943,.T.);
#2943 = EDGE_CURVE('',#2936,#2774,#2944,.T.);
#2944 = LINE('',#2945,#2946);
#2945 = CARTESIAN_POINT('',(29.,112.7,106.));
#2946 = VECTOR('',#2947,1.);
#2947 = DIRECTION('',(-1.,0.,0.));
#2948 = PLANE('',#2949);
#2949 = AXIS2_PLACEMENT_3D('',#2950,#2951,#2952);
#2950 = CARTESIAN_POINT('',(48.5,108.,106.));
#2951 = DIRECTION('',(0.,0.,1.));
#2952 = DIRECTION('',(1.,0.,0.));
#2953 = ADVANCED_FACE('',(#2954,#3011),#3014,.T.);
#2954 = FACE_BOUND('',#2955,.T.);
#2955 = EDGE_LOOP('',(#2956,#2957,#2965,#2973,#2981,#2989,#2995,#2996,
    #3004,#3010));
#2956 = ORIENTED_EDGE('',*,*,#2773,.F.);
#2957 = ORIENTED_EDGE('',*,*,#2958,.T.);
#2958 = EDGE_CURVE('',#2765,#2959,#2961,.T.);
#2959 = VERTEX_POINT('',#2960);
#2960 = CARTESIAN_POINT('',(49.69558728078,112.7,104.));
#2961 = LINE('',#2962,#2963);
#2962 = CARTESIAN_POINT('',(24.5,112.7,104.));
#2963 = VECTOR('',#2964,1.);
#2964 = DIRECTION('',(-1.,0.,0.));
#2965 = ORIENTED_EDGE('',*,*,#2966,.T.);
#2966 = EDGE_CURVE('',#2959,#2967,#2969,.T.);
#2967 = VERTEX_POINT('',#2968);
#2968 = CARTESIAN_POINT('',(49.69558728078,112.7,106.));
#2969 = LINE('',#2970,#2971);
#2970 = CARTESIAN_POINT('',(49.69558728078,112.7,103.9));
#2971 = VECTOR('',#2972,1.);
#2972 = DIRECTION('',(0.,0.,1.));
#2973 = ORIENTED_EDGE('',*,*,#2974,.T.);
#2974 = EDGE_CURVE('',#2967,#2975,#2977,.T.);
#2975 = VERTEX_POINT('',#2976);
#2976 = CARTESIAN_POINT('',(49.69558728078,112.7,118.));
#2977 = LINE('',#2978,#2979);
#2978 = CARTESIAN_POINT('',(49.69558728078,112.7,103.));
#2979 = VECTOR('',#2980,1.);
#2980 = DIRECTION('',(0.,0.,1.));
#2981 = ORIENTED_EDGE('',*,*,#2982,.T.);
#2982 = EDGE_CURVE('',#2975,#2983,#2985,.T.);
#2983 = VERTEX_POINT('',#2984);
#2984 = CARTESIAN_POINT('',(49.69558728078,112.7,120.));
#2985 = LINE('',#2986,#2987);
#2986 = CARTESIAN_POINT('',(49.69558728078,112.7,103.9));
#2987 = VECTOR('',#2988,1.);
#2988 = DIRECTION('',(0.,0.,1.));
#2989 = ORIENTED_EDGE('',*,*,#2990,.F.);
#2990 = EDGE_CURVE('',#2628,#2983,#2991,.T.);
#2991 = LINE('',#2992,#2993);
#2992 = CARTESIAN_POINT('',(24.5,112.7,120.));
#2993 = VECTOR('',#2994,1.);
#2994 = DIRECTION('',(-1.,0.,0.));
#2995 = ORIENTED_EDGE('',*,*,#2627,.F.);
#2996 = ORIENTED_EDGE('',*,*,#2997,.F.);
#2997 = EDGE_CURVE('',#2998,#2619,#3000,.T.);
#2998 = VERTEX_POINT('',#2999);
#2999 = CARTESIAN_POINT('',(57.5,112.7,118.));
#3000 = LINE('',#3001,#3002);
#3001 = CARTESIAN_POINT('',(29.,112.7,118.));
#3002 = VECTOR('',#3003,1.);
#3003 = DIRECTION('',(-1.,0.,0.));
#3004 = ORIENTED_EDGE('',*,*,#3005,.F.);
#3005 = EDGE_CURVE('',#2936,#2998,#3006,.T.);
#3006 = LINE('',#3007,#3008);
#3007 = CARTESIAN_POINT('',(57.5,112.7,103.));
#3008 = VECTOR('',#3009,1.);
#3009 = DIRECTION('',(0.,0.,1.));
#3010 = ORIENTED_EDGE('',*,*,#2943,.T.);
#3011 = FACE_BOUND('',#3012,.T.);
#3012 = EDGE_LOOP('',(#3013));
#3013 = ORIENTED_EDGE('',*,*,#2840,.F.);
#3014 = PLANE('',#3015);
#3015 = AXIS2_PLACEMENT_3D('',#3016,#3017,#3018);
#3016 = CARTESIAN_POINT('',(9.5,112.7,100.));
#3017 = DIRECTION('',(0.,1.,0.));
#3018 = DIRECTION('',(0.,0.,1.));
#3019 = ADVANCED_FACE('',(#3020),#3039,.F.);
#3020 = FACE_BOUND('',#3021,.F.);
#3021 = EDGE_LOOP('',(#3022,#3030,#3031,#3032));
#3022 = ORIENTED_EDGE('',*,*,#3023,.T.);
#3023 = EDGE_CURVE('',#3024,#2757,#3026,.T.);
#3024 = VERTEX_POINT('',#3025);
#3025 = CARTESIAN_POINT('',(29.30441271922,112.7,104.));
#3026 = LINE('',#3027,#3028);
#3027 = CARTESIAN_POINT('',(24.5,112.7,104.));
#3028 = VECTOR('',#3029,1.);
#3029 = DIRECTION('',(-1.,0.,0.));
#3030 = ORIENTED_EDGE('',*,*,#2764,.T.);
#3031 = ORIENTED_EDGE('',*,*,#2958,.T.);
#3032 = ORIENTED_EDGE('',*,*,#3033,.F.);
#3033 = EDGE_CURVE('',#3024,#2959,#3034,.T.);
#3034 = CIRCLE('',#3035,10.2);
#3035 = AXIS2_PLACEMENT_3D('',#3036,#3037,#3038);
#3036 = CARTESIAN_POINT('',(39.5,113.,104.));
#3037 = DIRECTION('',(0.,0.,1.));
#3038 = DIRECTION('',(1.,0.,0.));
#3039 = PLANE('',#3040);
#3040 = AXIS2_PLACEMENT_3D('',#3041,#3042,#3043);
#3041 = CARTESIAN_POINT('',(39.5,113.,104.));
#3042 = DIRECTION('',(0.,0.,1.));
#3043 = DIRECTION('',(1.,0.,0.));
#3044 = ADVANCED_FACE('',(#3045,#3102),#3113,.T.);
#3045 = FACE_BOUND('',#3046,.T.);
#3046 = EDGE_LOOP('',(#3047,#3048,#3049,#3057,#3065,#3071,#3072,#3080,
    #3088,#3096));
#3047 = ORIENTED_EDGE('',*,*,#3023,.T.);
#3048 = ORIENTED_EDGE('',*,*,#2756,.T.);
#3049 = ORIENTED_EDGE('',*,*,#3050,.T.);
#3050 = EDGE_CURVE('',#2748,#3051,#3053,.T.);
#3051 = VERTEX_POINT('',#3052);
#3052 = CARTESIAN_POINT('',(21.5,112.7,106.));
#3053 = LINE('',#3054,#3055);
#3054 = CARTESIAN_POINT('',(15.5,112.7,106.));
#3055 = VECTOR('',#3056,1.);
#3056 = DIRECTION('',(-1.,0.,0.));
#3057 = ORIENTED_EDGE('',*,*,#3058,.T.);
#3058 = EDGE_CURVE('',#3051,#3059,#3061,.T.);
#3059 = VERTEX_POINT('',#3060);
#3060 = CARTESIAN_POINT('',(21.5,112.7,118.));
#3061 = LINE('',#3062,#3063);
#3062 = CARTESIAN_POINT('',(21.5,112.7,103.));
#3063 = VECTOR('',#3064,1.);
#3064 = DIRECTION('',(0.,0.,1.));
#3065 = ORIENTED_EDGE('',*,*,#3066,.F.);
#3066 = EDGE_CURVE('',#2645,#3059,#3067,.T.);
#3067 = LINE('',#3068,#3069);
#3068 = CARTESIAN_POINT('',(15.5,112.7,118.));
#3069 = VECTOR('',#3070,1.);
#3070 = DIRECTION('',(-1.,0.,0.));
#3071 = ORIENTED_EDGE('',*,*,#2644,.T.);
#3072 = ORIENTED_EDGE('',*,*,#3073,.F.);
#3073 = EDGE_CURVE('',#3074,#2636,#3076,.T.);
#3074 = VERTEX_POINT('',#3075);
#3075 = CARTESIAN_POINT('',(29.30441271922,112.7,120.));
#3076 = LINE('',#3077,#3078);
#3077 = CARTESIAN_POINT('',(24.5,112.7,120.));
#3078 = VECTOR('',#3079,1.);
#3079 = DIRECTION('',(-1.,0.,0.));
#3080 = ORIENTED_EDGE('',*,*,#3081,.F.);
#3081 = EDGE_CURVE('',#3082,#3074,#3084,.T.);
#3082 = VERTEX_POINT('',#3083);
#3083 = CARTESIAN_POINT('',(29.30441271922,112.7,118.));
#3084 = LINE('',#3085,#3086);
#3085 = CARTESIAN_POINT('',(29.30441271922,112.7,103.9));
#3086 = VECTOR('',#3087,1.);
#3087 = DIRECTION('',(0.,0.,1.));
#3088 = ORIENTED_EDGE('',*,*,#3089,.F.);
#3089 = EDGE_CURVE('',#3090,#3082,#3092,.T.);
#3090 = VERTEX_POINT('',#3091);
#3091 = CARTESIAN_POINT('',(29.30441271922,112.7,106.));
#3092 = LINE('',#3093,#3094);
#3093 = CARTESIAN_POINT('',(29.30441271922,112.7,103.));
#3094 = VECTOR('',#3095,1.);
#3095 = DIRECTION('',(0.,0.,1.));
#3096 = ORIENTED_EDGE('',*,*,#3097,.F.);
#3097 = EDGE_CURVE('',#3024,#3090,#3098,.T.);
#3098 = LINE('',#3099,#3100);
#3099 = CARTESIAN_POINT('',(29.30441271922,112.7,103.9));
#3100 = VECTOR('',#3101,1.);
#3101 = DIRECTION('',(0.,0.,1.));
#3102 = FACE_BOUND('',#3103,.T.);
#3103 = EDGE_LOOP('',(#3104));
#3104 = ORIENTED_EDGE('',*,*,#3105,.F.);
#3105 = EDGE_CURVE('',#3106,#3106,#3108,.T.);
#3106 = VERTEX_POINT('',#3107);
#3107 = CARTESIAN_POINT('',(26.,112.7,113.7));
#3108 = CIRCLE('',#3109,1.7);
#3109 = AXIS2_PLACEMENT_3D('',#3110,#3111,#3112);
#3110 = CARTESIAN_POINT('',(26.,112.7,112.));
#3111 = DIRECTION('',(0.,1.,0.));
#3112 = DIRECTION('',(0.,0.,1.));
#3113 = PLANE('',#3114);
#3114 = AXIS2_PLACEMENT_3D('',#3115,#3116,#3117);
#3115 = CARTESIAN_POINT('',(9.5,112.7,100.));
#3116 = DIRECTION('',(0.,1.,0.));
#3117 = DIRECTION('',(0.,0.,1.));
#3118 = ADVANCED_FACE('',(#3119),#3137,.F.);
#3119 = FACE_BOUND('',#3120,.F.);
#3120 = EDGE_LOOP('',(#3121,#3122,#3130,#3136));
#3121 = ORIENTED_EDGE('',*,*,#3050,.T.);
#3122 = ORIENTED_EDGE('',*,*,#3123,.F.);
#3123 = EDGE_CURVE('',#3124,#3051,#3126,.T.);
#3124 = VERTEX_POINT('',#3125);
#3125 = CARTESIAN_POINT('',(21.5,108.,106.));
#3126 = LINE('',#3127,#3128);
#3127 = CARTESIAN_POINT('',(21.5,108.,106.));
#3128 = VECTOR('',#3129,1.);
#3129 = DIRECTION('',(0.,1.,0.));
#3130 = ORIENTED_EDGE('',*,*,#3131,.T.);
#3131 = EDGE_CURVE('',#3124,#2740,#3132,.T.);
#3132 = LINE('',#3133,#3134);
#3133 = CARTESIAN_POINT('',(21.5,108.,106.));
#3134 = VECTOR('',#3135,1.);
#3135 = DIRECTION('',(1.,0.,0.));
#3136 = ORIENTED_EDGE('',*,*,#2747,.F.);
#3137 = PLANE('',#3138);
#3138 = AXIS2_PLACEMENT_3D('',#3139,#3140,#3141);
#3139 = CARTESIAN_POINT('',(21.5,108.,106.));
#3140 = DIRECTION('',(0.,0.,1.));
#3141 = DIRECTION('',(1.,0.,0.));
#3142 = ADVANCED_FACE('',(#3143),#3178,.F.);
#3143 = FACE_BOUND('',#3144,.F.);
#3144 = EDGE_LOOP('',(#3145,#3146,#3154,#3160,#3161,#3170,#3177));
#3145 = ORIENTED_EDGE('',*,*,#3131,.F.);
#3146 = ORIENTED_EDGE('',*,*,#3147,.T.);
#3147 = EDGE_CURVE('',#3124,#3148,#3150,.T.);
#3148 = VERTEX_POINT('',#3149);
#3149 = CARTESIAN_POINT('',(21.5,108.,118.));
#3150 = LINE('',#3151,#3152);
#3151 = CARTESIAN_POINT('',(21.5,108.,106.));
#3152 = VECTOR('',#3153,1.);
#3153 = DIRECTION('',(0.,0.,1.));
#3154 = ORIENTED_EDGE('',*,*,#3155,.T.);
#3155 = EDGE_CURVE('',#3148,#2653,#3156,.T.);
#3156 = LINE('',#3157,#3158);
#3157 = CARTESIAN_POINT('',(21.5,108.,118.));
#3158 = VECTOR('',#3159,1.);
#3159 = DIRECTION('',(1.,0.,0.));
#3160 = ORIENTED_EDGE('',*,*,#2661,.F.);
#3161 = ORIENTED_EDGE('',*,*,#3162,.F.);
#3162 = EDGE_CURVE('',#3163,#2662,#3165,.T.);
#3163 = VERTEX_POINT('',#3164);
#3164 = CARTESIAN_POINT('',(26.,108.,113.7));
#3165 = CIRCLE('',#3166,1.7);
#3166 = AXIS2_PLACEMENT_3D('',#3167,#3168,#3169);
#3167 = CARTESIAN_POINT('',(26.,108.,112.));
#3168 = DIRECTION('',(0.,1.,0.));
#3169 = DIRECTION('',(0.,0.,1.));
#3170 = ORIENTED_EDGE('',*,*,#3171,.F.);
#3171 = EDGE_CURVE('',#2691,#3163,#3172,.T.);
#3172 = CIRCLE('',#3173,1.7);
#3173 = AXIS2_PLACEMENT_3D('',#3174,#3175,#3176);
#3174 = CARTESIAN_POINT('',(26.,108.,112.));
#3175 = DIRECTION('',(0.,1.,0.));
#3176 = DIRECTION('',(0.,0.,1.));
#3177 = ORIENTED_EDGE('',*,*,#2739,.F.);
#3178 = PLANE('',#3179);
#3179 = AXIS2_PLACEMENT_3D('',#3180,#3181,#3182);
#3180 = CARTESIAN_POINT('',(21.5,108.,106.));
#3181 = DIRECTION('',(0.,1.,0.));
#3182 = DIRECTION('',(0.,0.,1.));
#3183 = ADVANCED_FACE('',(#3184),#3205,.F.);
#3184 = FACE_BOUND('',#3185,.F.);
#3185 = EDGE_LOOP('',(#3186,#3187,#3193,#3194,#3195,#3202,#3203,#3204));
#3186 = ORIENTED_EDGE('',*,*,#3105,.F.);
#3187 = ORIENTED_EDGE('',*,*,#3188,.F.);
#3188 = EDGE_CURVE('',#3163,#3106,#3189,.T.);
#3189 = LINE('',#3190,#3191);
#3190 = CARTESIAN_POINT('',(26.,107.,113.7));
#3191 = VECTOR('',#3192,1.);
#3192 = DIRECTION('',(0.,1.,0.));
#3193 = ORIENTED_EDGE('',*,*,#3162,.T.);
#3194 = ORIENTED_EDGE('',*,*,#2669,.T.);
#3195 = ORIENTED_EDGE('',*,*,#3196,.T.);
#3196 = EDGE_CURVE('',#2670,#2683,#3197,.T.);
#3197 = CIRCLE('',#3198,1.7);
#3198 = AXIS2_PLACEMENT_3D('',#3199,#3200,#3201);
#3199 = CARTESIAN_POINT('',(26.,107.,112.));
#3200 = DIRECTION('',(0.,1.,0.));
#3201 = DIRECTION('',(0.,0.,1.));
#3202 = ORIENTED_EDGE('',*,*,#2690,.T.);
#3203 = ORIENTED_EDGE('',*,*,#3171,.T.);
#3204 = ORIENTED_EDGE('',*,*,#3188,.T.);
#3205 = CYLINDRICAL_SURFACE('',#3206,1.7);
#3206 = AXIS2_PLACEMENT_3D('',#3207,#3208,#3209);
#3207 = CARTESIAN_POINT('',(26.,107.,112.));
#3208 = DIRECTION('',(0.,1.,0.));
#3209 = DIRECTION('',(0.,0.,1.));
#3210 = ADVANCED_FACE('',(#3211),#3215,.T.);
#3211 = FACE_BOUND('',#3212,.T.);
#3212 = EDGE_LOOP('',(#3213,#3214));
#3213 = ORIENTED_EDGE('',*,*,#2682,.T.);
#3214 = ORIENTED_EDGE('',*,*,#3196,.T.);
#3215 = PLANE('',#3216);
#3216 = AXIS2_PLACEMENT_3D('',#3217,#3218,#3219);
#3217 = CARTESIAN_POINT('',(26.,107.,112.));
#3218 = DIRECTION('',(0.,1.,0.));
#3219 = DIRECTION('',(0.,0.,1.));
#3220 = ADVANCED_FACE('',(#3221),#3232,.T.);
#3221 = FACE_BOUND('',#3222,.T.);
#3222 = EDGE_LOOP('',(#3223,#3224,#3230,#3231));
#3223 = ORIENTED_EDGE('',*,*,#3066,.T.);
#3224 = ORIENTED_EDGE('',*,*,#3225,.F.);
#3225 = EDGE_CURVE('',#3148,#3059,#3226,.T.);
#3226 = LINE('',#3227,#3228);
#3227 = CARTESIAN_POINT('',(21.5,108.,118.));
#3228 = VECTOR('',#3229,1.);
#3229 = DIRECTION('',(0.,1.,0.));
#3230 = ORIENTED_EDGE('',*,*,#3155,.T.);
#3231 = ORIENTED_EDGE('',*,*,#2652,.F.);
#3232 = PLANE('',#3233);
#3233 = AXIS2_PLACEMENT_3D('',#3234,#3235,#3236);
#3234 = CARTESIAN_POINT('',(21.5,108.,118.));
#3235 = DIRECTION('',(0.,0.,1.));
#3236 = DIRECTION('',(1.,0.,0.));
#3237 = ADVANCED_FACE('',(#3238),#3250,.T.);
#3238 = FACE_BOUND('',#3239,.T.);
#3239 = EDGE_LOOP('',(#3240,#3241,#3242,#3243));
#3240 = ORIENTED_EDGE('',*,*,#3073,.T.);
#3241 = ORIENTED_EDGE('',*,*,#2635,.T.);
#3242 = ORIENTED_EDGE('',*,*,#2990,.T.);
#3243 = ORIENTED_EDGE('',*,*,#3244,.F.);
#3244 = EDGE_CURVE('',#3074,#2983,#3245,.T.);
#3245 = CIRCLE('',#3246,10.2);
#3246 = AXIS2_PLACEMENT_3D('',#3247,#3248,#3249);
#3247 = CARTESIAN_POINT('',(39.5,113.,120.));
#3248 = DIRECTION('',(0.,0.,1.));
#3249 = DIRECTION('',(1.,0.,0.));
#3250 = PLANE('',#3251);
#3251 = AXIS2_PLACEMENT_3D('',#3252,#3253,#3254);
#3252 = CARTESIAN_POINT('',(39.5,113.,120.));
#3253 = DIRECTION('',(0.,0.,1.));
#3254 = DIRECTION('',(1.,0.,0.));
#3255 = ADVANCED_FACE('',(#3256),#3267,.T.);
#3256 = FACE_BOUND('',#3257,.T.);
#3257 = EDGE_LOOP('',(#3258,#3259,#3260,#3266));
#3258 = ORIENTED_EDGE('',*,*,#2618,.F.);
#3259 = ORIENTED_EDGE('',*,*,#2911,.T.);
#3260 = ORIENTED_EDGE('',*,*,#3261,.T.);
#3261 = EDGE_CURVE('',#2912,#2998,#3262,.T.);
#3262 = LINE('',#3263,#3264);
#3263 = CARTESIAN_POINT('',(57.5,108.,118.));
#3264 = VECTOR('',#3265,1.);
#3265 = DIRECTION('',(0.,1.,0.));
#3266 = ORIENTED_EDGE('',*,*,#2997,.T.);
#3267 = PLANE('',#3268);
#3268 = AXIS2_PLACEMENT_3D('',#3269,#3270,#3271);
#3269 = CARTESIAN_POINT('',(48.5,108.,118.));
#3270 = DIRECTION('',(0.,0.,1.));
#3271 = DIRECTION('',(1.,0.,0.));
#3272 = ADVANCED_FACE('',(#3273),#3279,.T.);
#3273 = FACE_BOUND('',#3274,.T.);
#3274 = EDGE_LOOP('',(#3275,#3276,#3277,#3278));
#3275 = ORIENTED_EDGE('',*,*,#3261,.F.);
#3276 = ORIENTED_EDGE('',*,*,#2919,.F.);
#3277 = ORIENTED_EDGE('',*,*,#2935,.T.);
#3278 = ORIENTED_EDGE('',*,*,#3005,.T.);
#3279 = PLANE('',#3280);
#3280 = AXIS2_PLACEMENT_3D('',#3281,#3282,#3283);
#3281 = CARTESIAN_POINT('',(57.5,108.,106.));
#3282 = DIRECTION('',(1.,0.,0.));
#3283 = DIRECTION('',(0.,0.,1.));
#3284 = ADVANCED_FACE('',(#3285),#3341,.F.);
#3285 = FACE_BOUND('',#3286,.F.);
#3286 = EDGE_LOOP('',(#3287,#3297,#3304,#3305,#3306,#3307,#3316,#3324,
    #3331,#3332,#3333,#3334));
#3287 = ORIENTED_EDGE('',*,*,#3288,.T.);
#3288 = EDGE_CURVE('',#3289,#3291,#3293,.T.);
#3289 = VERTEX_POINT('',#3290);
#3290 = CARTESIAN_POINT('',(48.5,108.2,106.));
#3291 = VERTEX_POINT('',#3292);
#3292 = CARTESIAN_POINT('',(48.5,108.2,118.));
#3293 = LINE('',#3294,#3295);
#3294 = CARTESIAN_POINT('',(48.5,108.2,103.9));
#3295 = VECTOR('',#3296,1.);
#3296 = DIRECTION('',(0.,0.,1.));
#3297 = ORIENTED_EDGE('',*,*,#3298,.T.);
#3298 = EDGE_CURVE('',#3291,#2975,#3299,.T.);
#3299 = CIRCLE('',#3300,10.2);
#3300 = AXIS2_PLACEMENT_3D('',#3301,#3302,#3303);
#3301 = CARTESIAN_POINT('',(39.5,113.,118.));
#3302 = DIRECTION('',(0.,0.,1.));
#3303 = DIRECTION('',(1.,0.,0.));
#3304 = ORIENTED_EDGE('',*,*,#2982,.T.);
#3305 = ORIENTED_EDGE('',*,*,#3244,.F.);
#3306 = ORIENTED_EDGE('',*,*,#3081,.F.);
#3307 = ORIENTED_EDGE('',*,*,#3308,.T.);
#3308 = EDGE_CURVE('',#3082,#3309,#3311,.T.);
#3309 = VERTEX_POINT('',#3310);
#3310 = CARTESIAN_POINT('',(30.5,108.2,118.));
#3311 = CIRCLE('',#3312,10.2);
#3312 = AXIS2_PLACEMENT_3D('',#3313,#3314,#3315);
#3313 = CARTESIAN_POINT('',(39.5,113.,118.));
#3314 = DIRECTION('',(0.,0.,1.));
#3315 = DIRECTION('',(1.,0.,0.));
#3316 = ORIENTED_EDGE('',*,*,#3317,.F.);
#3317 = EDGE_CURVE('',#3318,#3309,#3320,.T.);
#3318 = VERTEX_POINT('',#3319);
#3319 = CARTESIAN_POINT('',(30.5,108.2,106.));
#3320 = LINE('',#3321,#3322);
#3321 = CARTESIAN_POINT('',(30.5,108.2,103.9));
#3322 = VECTOR('',#3323,1.);
#3323 = DIRECTION('',(0.,0.,1.));
#3324 = ORIENTED_EDGE('',*,*,#3325,.F.);
#3325 = EDGE_CURVE('',#3090,#3318,#3326,.T.);
#3326 = CIRCLE('',#3327,10.2);
#3327 = AXIS2_PLACEMENT_3D('',#3328,#3329,#3330);
#3328 = CARTESIAN_POINT('',(39.5,113.,106.));
#3329 = DIRECTION('',(0.,0.,1.));
#3330 = DIRECTION('',(1.,0.,0.));
#3331 = ORIENTED_EDGE('',*,*,#3097,.F.);
#3332 = ORIENTED_EDGE('',*,*,#3033,.T.);
#3333 = ORIENTED_EDGE('',*,*,#2966,.T.);
#3334 = ORIENTED_EDGE('',*,*,#3335,.F.);
#3335 = EDGE_CURVE('',#3289,#2967,#3336,.T.);
#3336 = CIRCLE('',#3337,10.2);
#3337 = AXIS2_PLACEMENT_3D('',#3338,#3339,#3340);
#3338 = CARTESIAN_POINT('',(39.5,113.,106.));
#3339 = DIRECTION('',(0.,0.,1.));
#3340 = DIRECTION('',(1.,0.,0.));
#3341 = CYLINDRICAL_SURFACE('',#3342,10.2);
#3342 = AXIS2_PLACEMENT_3D('',#3343,#3344,#3345);
#3343 = CARTESIAN_POINT('',(39.5,113.,103.9));
#3344 = DIRECTION('',(0.,0.,1.));
#3345 = DIRECTION('',(1.,0.,0.));
#3346 = ADVANCED_FACE('',(#3347),#3353,.F.);
#3347 = FACE_BOUND('',#3348,.F.);
#3348 = EDGE_LOOP('',(#3349,#3350,#3351,#3352));
#3349 = ORIENTED_EDGE('',*,*,#3335,.T.);
#3350 = ORIENTED_EDGE('',*,*,#2974,.T.);
#3351 = ORIENTED_EDGE('',*,*,#3298,.F.);
#3352 = ORIENTED_EDGE('',*,*,#3288,.F.);
#3353 = CYLINDRICAL_SURFACE('',#3354,10.2);
#3354 = AXIS2_PLACEMENT_3D('',#3355,#3356,#3357);
#3355 = CARTESIAN_POINT('',(39.5,113.,103.));
#3356 = DIRECTION('',(0.,0.,1.));
#3357 = DIRECTION('',(1.,0.,0.));
#3358 = ADVANCED_FACE('',(#3359),#3365,.F.);
#3359 = FACE_BOUND('',#3360,.F.);
#3360 = EDGE_LOOP('',(#3361,#3362,#3363,#3364));
#3361 = ORIENTED_EDGE('',*,*,#3089,.F.);
#3362 = ORIENTED_EDGE('',*,*,#3325,.T.);
#3363 = ORIENTED_EDGE('',*,*,#3317,.T.);
#3364 = ORIENTED_EDGE('',*,*,#3308,.F.);
#3365 = CYLINDRICAL_SURFACE('',#3366,10.2);
#3366 = AXIS2_PLACEMENT_3D('',#3367,#3368,#3369);
#3367 = CARTESIAN_POINT('',(39.5,113.,103.));
#3368 = DIRECTION('',(0.,0.,1.));
#3369 = DIRECTION('',(1.,0.,0.));
#3370 = ADVANCED_FACE('',(#3371),#3377,.F.);
#3371 = FACE_BOUND('',#3372,.F.);
#3372 = EDGE_LOOP('',(#3373,#3374,#3375,#3376));
#3373 = ORIENTED_EDGE('',*,*,#3225,.F.);
#3374 = ORIENTED_EDGE('',*,*,#3147,.F.);
#3375 = ORIENTED_EDGE('',*,*,#3123,.T.);
#3376 = ORIENTED_EDGE('',*,*,#3058,.T.);
#3377 = PLANE('',#3378);
#3378 = AXIS2_PLACEMENT_3D('',#3379,#3380,#3381);
#3379 = CARTESIAN_POINT('',(21.5,108.,106.));
#3380 = DIRECTION('',(1.,0.,0.));
#3381 = DIRECTION('',(0.,0.,1.));
#3382 = MANIFOLD_SOLID_BREP('',#3383);
#3383 = CLOSED_SHELL('',(#3384,#3417,#3437,#3457));
#3384 = ADVANCED_FACE('',(#3385),#3412,.T.);
#3385 = FACE_BOUND('',#3386,.T.);
#3386 = EDGE_LOOP('',(#3387,#3396,#3404,#3411));
#3387 = ORIENTED_EDGE('',*,*,#3388,.F.);
#3388 = EDGE_CURVE('',#3389,#3389,#3391,.T.);
#3389 = VERTEX_POINT('',#3390);
#3390 = CARTESIAN_POINT('',(55.5,113.,133.));
#3391 = CIRCLE('',#3392,16.);
#3392 = AXIS2_PLACEMENT_3D('',#3393,#3394,#3395);
#3393 = CARTESIAN_POINT('',(39.5,113.,133.));
#3394 = DIRECTION('',(0.,0.,1.));
#3395 = DIRECTION('',(1.,0.,0.));
#3396 = ORIENTED_EDGE('',*,*,#3397,.F.);
#3397 = EDGE_CURVE('',#3398,#3389,#3400,.T.);
#3398 = VERTEX_POINT('',#3399);
#3399 = CARTESIAN_POINT('',(55.5,113.,126.));
#3400 = LINE('',#3401,#3402);
#3401 = CARTESIAN_POINT('',(55.5,113.,126.));
#3402 = VECTOR('',#3403,1.);
#3403 = DIRECTION('',(0.,0.,1.));
#3404 = ORIENTED_EDGE('',*,*,#3405,.T.);
#3405 = EDGE_CURVE('',#3398,#3398,#3406,.T.);
#3406 = CIRCLE('',#3407,16.);
#3407 = AXIS2_PLACEMENT_3D('',#3408,#3409,#3410);
#3408 = CARTESIAN_POINT('',(39.5,113.,126.));
#3409 = DIRECTION('',(0.,0.,1.));
#3410 = DIRECTION('',(1.,0.,0.));
#3411 = ORIENTED_EDGE('',*,*,#3397,.T.);
#3412 = CYLINDRICAL_SURFACE('',#3413,16.);
#3413 = AXIS2_PLACEMENT_3D('',#3414,#3415,#3416);
#3414 = CARTESIAN_POINT('',(39.5,113.,126.));
#3415 = DIRECTION('',(0.,0.,1.));
#3416 = DIRECTION('',(1.,0.,0.));
#3417 = ADVANCED_FACE('',(#3418,#3421),#3432,.T.);
#3418 = FACE_BOUND('',#3419,.T.);
#3419 = EDGE_LOOP('',(#3420));
#3420 = ORIENTED_EDGE('',*,*,#3388,.T.);
#3421 = FACE_BOUND('',#3422,.T.);
#3422 = EDGE_LOOP('',(#3423));
#3423 = ORIENTED_EDGE('',*,*,#3424,.F.);
#3424 = EDGE_CURVE('',#3425,#3425,#3427,.T.);
#3425 = VERTEX_POINT('',#3426);
#3426 = CARTESIAN_POINT('',(49.5,113.,133.));
#3427 = CIRCLE('',#3428,10.);
#3428 = AXIS2_PLACEMENT_3D('',#3429,#3430,#3431);
#3429 = CARTESIAN_POINT('',(39.5,113.,133.));
#3430 = DIRECTION('',(0.,0.,1.));
#3431 = DIRECTION('',(1.,0.,0.));
#3432 = PLANE('',#3433);
#3433 = AXIS2_PLACEMENT_3D('',#3434,#3435,#3436);
#3434 = CARTESIAN_POINT('',(39.5,113.,133.));
#3435 = DIRECTION('',(0.,0.,1.));
#3436 = DIRECTION('',(1.,0.,0.));
#3437 = ADVANCED_FACE('',(#3438,#3441),#3452,.F.);
#3438 = FACE_BOUND('',#3439,.F.);
#3439 = EDGE_LOOP('',(#3440));
#3440 = ORIENTED_EDGE('',*,*,#3405,.T.);
#3441 = FACE_BOUND('',#3442,.F.);
#3442 = EDGE_LOOP('',(#3443));
#3443 = ORIENTED_EDGE('',*,*,#3444,.F.);
#3444 = EDGE_CURVE('',#3445,#3445,#3447,.T.);
#3445 = VERTEX_POINT('',#3446);
#3446 = CARTESIAN_POINT('',(49.5,113.,126.));
#3447 = CIRCLE('',#3448,10.);
#3448 = AXIS2_PLACEMENT_3D('',#3449,#3450,#3451);
#3449 = CARTESIAN_POINT('',(39.5,113.,126.));
#3450 = DIRECTION('',(0.,0.,1.));
#3451 = DIRECTION('',(1.,0.,0.));
#3452 = PLANE('',#3453);
#3453 = AXIS2_PLACEMENT_3D('',#3454,#3455,#3456);
#3454 = CARTESIAN_POINT('',(39.5,113.,126.));
#3455 = DIRECTION('',(0.,0.,1.));
#3456 = DIRECTION('',(1.,0.,0.));
#3457 = ADVANCED_FACE('',(#3458),#3469,.F.);
#3458 = FACE_BOUND('',#3459,.F.);
#3459 = EDGE_LOOP('',(#3460,#3461,#3467,#3468));
#3460 = ORIENTED_EDGE('',*,*,#3424,.F.);
#3461 = ORIENTED_EDGE('',*,*,#3462,.F.);
#3462 = EDGE_CURVE('',#3445,#3425,#3463,.T.);
#3463 = LINE('',#3464,#3465);
#3464 = CARTESIAN_POINT('',(49.5,113.,125.9));
#3465 = VECTOR('',#3466,1.);
#3466 = DIRECTION('',(0.,0.,1.));
#3467 = ORIENTED_EDGE('',*,*,#3444,.T.);
#3468 = ORIENTED_EDGE('',*,*,#3462,.T.);
#3469 = CYLINDRICAL_SURFACE('',#3470,10.);
#3470 = AXIS2_PLACEMENT_3D('',#3471,#3472,#3473);
#3471 = CARTESIAN_POINT('',(39.5,113.,125.9));
#3472 = DIRECTION('',(0.,0.,1.));
#3473 = DIRECTION('',(1.,0.,0.));
#3474 = MANIFOLD_SOLID_BREP('',#3475);
#3475 = CLOSED_SHELL('',(#3476,#3509,#3529,#3549));
#3476 = ADVANCED_FACE('',(#3477),#3504,.T.);
#3477 = FACE_BOUND('',#3478,.T.);
#3478 = EDGE_LOOP('',(#3479,#3488,#3496,#3503));
#3479 = ORIENTED_EDGE('',*,*,#3480,.F.);
#3480 = EDGE_CURVE('',#3481,#3481,#3483,.T.);
#3481 = VERTEX_POINT('',#3482);
#3482 = CARTESIAN_POINT('',(55.5,113.,144.));
#3483 = CIRCLE('',#3484,16.);
#3484 = AXIS2_PLACEMENT_3D('',#3485,#3486,#3487);
#3485 = CARTESIAN_POINT('',(39.5,113.,144.));
#3486 = DIRECTION('',(0.,0.,1.));
#3487 = DIRECTION('',(1.,0.,0.));
#3488 = ORIENTED_EDGE('',*,*,#3489,.F.);
#3489 = EDGE_CURVE('',#3490,#3481,#3492,.T.);
#3490 = VERTEX_POINT('',#3491);
#3491 = CARTESIAN_POINT('',(55.5,113.,137.));
#3492 = LINE('',#3493,#3494);
#3493 = CARTESIAN_POINT('',(55.5,113.,137.));
#3494 = VECTOR('',#3495,1.);
#3495 = DIRECTION('',(0.,0.,1.));
#3496 = ORIENTED_EDGE('',*,*,#3497,.T.);
#3497 = EDGE_CURVE('',#3490,#3490,#3498,.T.);
#3498 = CIRCLE('',#3499,16.);
#3499 = AXIS2_PLACEMENT_3D('',#3500,#3501,#3502);
#3500 = CARTESIAN_POINT('',(39.5,113.,137.));
#3501 = DIRECTION('',(0.,0.,1.));
#3502 = DIRECTION('',(1.,0.,0.));
#3503 = ORIENTED_EDGE('',*,*,#3489,.T.);
#3504 = CYLINDRICAL_SURFACE('',#3505,16.);
#3505 = AXIS2_PLACEMENT_3D('',#3506,#3507,#3508);
#3506 = CARTESIAN_POINT('',(39.5,113.,137.));
#3507 = DIRECTION('',(0.,0.,1.));
#3508 = DIRECTION('',(1.,0.,0.));
#3509 = ADVANCED_FACE('',(#3510,#3513),#3524,.T.);
#3510 = FACE_BOUND('',#3511,.T.);
#3511 = EDGE_LOOP('',(#3512));
#3512 = ORIENTED_EDGE('',*,*,#3480,.T.);
#3513 = FACE_BOUND('',#3514,.T.);
#3514 = EDGE_LOOP('',(#3515));
#3515 = ORIENTED_EDGE('',*,*,#3516,.F.);
#3516 = EDGE_CURVE('',#3517,#3517,#3519,.T.);
#3517 = VERTEX_POINT('',#3518);
#3518 = CARTESIAN_POINT('',(49.5,113.,144.));
#3519 = CIRCLE('',#3520,10.);
#3520 = AXIS2_PLACEMENT_3D('',#3521,#3522,#3523);
#3521 = CARTESIAN_POINT('',(39.5,113.,144.));
#3522 = DIRECTION('',(0.,0.,1.));
#3523 = DIRECTION('',(1.,0.,0.));
#3524 = PLANE('',#3525);
#3525 = AXIS2_PLACEMENT_3D('',#3526,#3527,#3528);
#3526 = CARTESIAN_POINT('',(39.5,113.,144.));
#3527 = DIRECTION('',(0.,0.,1.));
#3528 = DIRECTION('',(1.,0.,0.));
#3529 = ADVANCED_FACE('',(#3530,#3533),#3544,.F.);
#3530 = FACE_BOUND('',#3531,.F.);
#3531 = EDGE_LOOP('',(#3532));
#3532 = ORIENTED_EDGE('',*,*,#3497,.T.);
#3533 = FACE_BOUND('',#3534,.F.);
#3534 = EDGE_LOOP('',(#3535));
#3535 = ORIENTED_EDGE('',*,*,#3536,.F.);
#3536 = EDGE_CURVE('',#3537,#3537,#3539,.T.);
#3537 = VERTEX_POINT('',#3538);
#3538 = CARTESIAN_POINT('',(49.5,113.,137.));
#3539 = CIRCLE('',#3540,10.);
#3540 = AXIS2_PLACEMENT_3D('',#3541,#3542,#3543);
#3541 = CARTESIAN_POINT('',(39.5,113.,137.));
#3542 = DIRECTION('',(0.,0.,1.));
#3543 = DIRECTION('',(1.,0.,0.));
#3544 = PLANE('',#3545);
#3545 = AXIS2_PLACEMENT_3D('',#3546,#3547,#3548);
#3546 = CARTESIAN_POINT('',(39.5,113.,137.));
#3547 = DIRECTION('',(0.,0.,1.));
#3548 = DIRECTION('',(1.,0.,0.));
#3549 = ADVANCED_FACE('',(#3550),#3561,.F.);
#3550 = FACE_BOUND('',#3551,.F.);
#3551 = EDGE_LOOP('',(#3552,#3553,#3559,#3560));
#3552 = ORIENTED_EDGE('',*,*,#3516,.F.);
#3553 = ORIENTED_EDGE('',*,*,#3554,.F.);
#3554 = EDGE_CURVE('',#3537,#3517,#3555,.T.);
#3555 = LINE('',#3556,#3557);
#3556 = CARTESIAN_POINT('',(49.5,113.,136.9));
#3557 = VECTOR('',#3558,1.);
#3558 = DIRECTION('',(0.,0.,1.));
#3559 = ORIENTED_EDGE('',*,*,#3536,.T.);
#3560 = ORIENTED_EDGE('',*,*,#3554,.T.);
#3561 = CYLINDRICAL_SURFACE('',#3562,10.);
#3562 = AXIS2_PLACEMENT_3D('',#3563,#3564,#3565);
#3563 = CARTESIAN_POINT('',(39.5,113.,136.9));
#3564 = DIRECTION('',(0.,0.,1.));
#3565 = DIRECTION('',(1.,0.,0.));
#3566 = MANIFOLD_SOLID_BREP('',#3567);
#3567 = CLOSED_SHELL('',(#3568,#3601,#3621,#3641));
#3568 = ADVANCED_FACE('',(#3569),#3596,.T.);
#3569 = FACE_BOUND('',#3570,.T.);
#3570 = EDGE_LOOP('',(#3571,#3580,#3588,#3595));
#3571 = ORIENTED_EDGE('',*,*,#3572,.F.);
#3572 = EDGE_CURVE('',#3573,#3573,#3575,.T.);
#3573 = VERTEX_POINT('',#3574);
#3574 = CARTESIAN_POINT('',(51.5,113.,137.));
#3575 = CIRCLE('',#3576,12.);
#3576 = AXIS2_PLACEMENT_3D('',#3577,#3578,#3579);
#3577 = CARTESIAN_POINT('',(39.5,113.,137.));
#3578 = DIRECTION('',(0.,0.,1.));
#3579 = DIRECTION('',(1.,0.,0.));
#3580 = ORIENTED_EDGE('',*,*,#3581,.F.);
#3581 = EDGE_CURVE('',#3582,#3573,#3584,.T.);
#3582 = VERTEX_POINT('',#3583);
#3583 = CARTESIAN_POINT('',(51.5,113.,133.));
#3584 = LINE('',#3585,#3586);
#3585 = CARTESIAN_POINT('',(51.5,113.,133.));
#3586 = VECTOR('',#3587,1.);
#3587 = DIRECTION('',(0.,0.,1.));
#3588 = ORIENTED_EDGE('',*,*,#3589,.T.);
#3589 = EDGE_CURVE('',#3582,#3582,#3590,.T.);
#3590 = CIRCLE('',#3591,12.);
#3591 = AXIS2_PLACEMENT_3D('',#3592,#3593,#3594);
#3592 = CARTESIAN_POINT('',(39.5,113.,133.));
#3593 = DIRECTION('',(0.,0.,1.));
#3594 = DIRECTION('',(1.,0.,0.));
#3595 = ORIENTED_EDGE('',*,*,#3581,.T.);
#3596 = CYLINDRICAL_SURFACE('',#3597,12.);
#3597 = AXIS2_PLACEMENT_3D('',#3598,#3599,#3600);
#3598 = CARTESIAN_POINT('',(39.5,113.,133.));
#3599 = DIRECTION('',(0.,0.,1.));
#3600 = DIRECTION('',(1.,0.,0.));
#3601 = ADVANCED_FACE('',(#3602,#3605),#3616,.T.);
#3602 = FACE_BOUND('',#3603,.T.);
#3603 = EDGE_LOOP('',(#3604));
#3604 = ORIENTED_EDGE('',*,*,#3572,.T.);
#3605 = FACE_BOUND('',#3606,.T.);
#3606 = EDGE_LOOP('',(#3607));
#3607 = ORIENTED_EDGE('',*,*,#3608,.F.);
#3608 = EDGE_CURVE('',#3609,#3609,#3611,.T.);
#3609 = VERTEX_POINT('',#3610);
#3610 = CARTESIAN_POINT('',(49.55,113.,137.));
#3611 = CIRCLE('',#3612,10.05);
#3612 = AXIS2_PLACEMENT_3D('',#3613,#3614,#3615);
#3613 = CARTESIAN_POINT('',(39.5,113.,137.));
#3614 = DIRECTION('',(0.,0.,1.));
#3615 = DIRECTION('',(1.,0.,0.));
#3616 = PLANE('',#3617);
#3617 = AXIS2_PLACEMENT_3D('',#3618,#3619,#3620);
#3618 = CARTESIAN_POINT('',(39.5,113.,137.));
#3619 = DIRECTION('',(0.,0.,1.));
#3620 = DIRECTION('',(1.,0.,0.));
#3621 = ADVANCED_FACE('',(#3622,#3625),#3636,.F.);
#3622 = FACE_BOUND('',#3623,.F.);
#3623 = EDGE_LOOP('',(#3624));
#3624 = ORIENTED_EDGE('',*,*,#3589,.T.);
#3625 = FACE_BOUND('',#3626,.F.);
#3626 = EDGE_LOOP('',(#3627));
#3627 = ORIENTED_EDGE('',*,*,#3628,.F.);
#3628 = EDGE_CURVE('',#3629,#3629,#3631,.T.);
#3629 = VERTEX_POINT('',#3630);
#3630 = CARTESIAN_POINT('',(49.55,113.,133.));
#3631 = CIRCLE('',#3632,10.05);
#3632 = AXIS2_PLACEMENT_3D('',#3633,#3634,#3635);
#3633 = CARTESIAN_POINT('',(39.5,113.,133.));
#3634 = DIRECTION('',(0.,0.,1.));
#3635 = DIRECTION('',(1.,0.,0.));
#3636 = PLANE('',#3637);
#3637 = AXIS2_PLACEMENT_3D('',#3638,#3639,#3640);
#3638 = CARTESIAN_POINT('',(39.5,113.,133.));
#3639 = DIRECTION('',(0.,0.,1.));
#3640 = DIRECTION('',(1.,0.,0.));
#3641 = ADVANCED_FACE('',(#3642),#3653,.F.);
#3642 = FACE_BOUND('',#3643,.F.);
#3643 = EDGE_LOOP('',(#3644,#3645,#3651,#3652));
#3644 = ORIENTED_EDGE('',*,*,#3608,.F.);
#3645 = ORIENTED_EDGE('',*,*,#3646,.F.);
#3646 = EDGE_CURVE('',#3629,#3609,#3647,.T.);
#3647 = LINE('',#3648,#3649);
#3648 = CARTESIAN_POINT('',(49.55,113.,132.9));
#3649 = VECTOR('',#3650,1.);
#3650 = DIRECTION('',(0.,0.,1.));
#3651 = ORIENTED_EDGE('',*,*,#3628,.T.);
#3652 = ORIENTED_EDGE('',*,*,#3646,.T.);
#3653 = CYLINDRICAL_SURFACE('',#3654,10.05);
#3654 = AXIS2_PLACEMENT_3D('',#3655,#3656,#3657);
#3655 = CARTESIAN_POINT('',(39.5,113.,132.9));
#3656 = DIRECTION('',(0.,0.,1.));
#3657 = DIRECTION('',(1.,0.,0.));
#3658 = MANIFOLD_SOLID_BREP('',#3659);
#3659 = CLOSED_SHELL('',(#3660,#3693,#3713,#3733));
#3660 = ADVANCED_FACE('',(#3661),#3688,.T.);
#3661 = FACE_BOUND('',#3662,.T.);
#3662 = EDGE_LOOP('',(#3663,#3672,#3680,#3687));
#3663 = ORIENTED_EDGE('',*,*,#3664,.F.);
#3664 = EDGE_CURVE('',#3665,#3665,#3667,.T.);
#3665 = VERTEX_POINT('',#3666);
#3666 = CARTESIAN_POINT('',(51.9,113.,145.75));
#3667 = CIRCLE('',#3668,12.4);
#3668 = AXIS2_PLACEMENT_3D('',#3669,#3670,#3671);
#3669 = CARTESIAN_POINT('',(39.5,113.,145.75));
#3670 = DIRECTION('',(0.,0.,1.));
#3671 = DIRECTION('',(1.,0.,0.));
#3672 = ORIENTED_EDGE('',*,*,#3673,.F.);
#3673 = EDGE_CURVE('',#3674,#3665,#3676,.T.);
#3674 = VERTEX_POINT('',#3675);
#3675 = CARTESIAN_POINT('',(51.9,113.,144.55));
#3676 = LINE('',#3677,#3678);
#3677 = CARTESIAN_POINT('',(51.9,113.,144.55));
#3678 = VECTOR('',#3679,1.);
#3679 = DIRECTION('',(0.,0.,1.));
#3680 = ORIENTED_EDGE('',*,*,#3681,.T.);
#3681 = EDGE_CURVE('',#3674,#3674,#3682,.T.);
#3682 = CIRCLE('',#3683,12.4);
#3683 = AXIS2_PLACEMENT_3D('',#3684,#3685,#3686);
#3684 = CARTESIAN_POINT('',(39.5,113.,144.55));
#3685 = DIRECTION('',(0.,0.,1.));
#3686 = DIRECTION('',(1.,0.,0.));
#3687 = ORIENTED_EDGE('',*,*,#3673,.T.);
#3688 = CYLINDRICAL_SURFACE('',#3689,12.4);
#3689 = AXIS2_PLACEMENT_3D('',#3690,#3691,#3692);
#3690 = CARTESIAN_POINT('',(39.5,113.,144.55));
#3691 = DIRECTION('',(0.,0.,1.));
#3692 = DIRECTION('',(1.,0.,0.));
#3693 = ADVANCED_FACE('',(#3694,#3697),#3708,.T.);
#3694 = FACE_BOUND('',#3695,.T.);
#3695 = EDGE_LOOP('',(#3696));
#3696 = ORIENTED_EDGE('',*,*,#3664,.T.);
#3697 = FACE_BOUND('',#3698,.T.);
#3698 = EDGE_LOOP('',(#3699));
#3699 = ORIENTED_EDGE('',*,*,#3700,.F.);
#3700 = EDGE_CURVE('',#3701,#3701,#3703,.T.);
#3701 = VERTEX_POINT('',#3702);
#3702 = CARTESIAN_POINT('',(49.,113.,145.75));
#3703 = CIRCLE('',#3704,9.5);
#3704 = AXIS2_PLACEMENT_3D('',#3705,#3706,#3707);
#3705 = CARTESIAN_POINT('',(39.5,113.,145.75));
#3706 = DIRECTION('',(0.,0.,1.));
#3707 = DIRECTION('',(1.,0.,0.));
#3708 = PLANE('',#3709);
#3709 = AXIS2_PLACEMENT_3D('',#3710,#3711,#3712);
#3710 = CARTESIAN_POINT('',(39.5,113.,145.75));
#3711 = DIRECTION('',(0.,0.,1.));
#3712 = DIRECTION('',(1.,0.,0.));
#3713 = ADVANCED_FACE('',(#3714,#3717),#3728,.F.);
#3714 = FACE_BOUND('',#3715,.F.);
#3715 = EDGE_LOOP('',(#3716));
#3716 = ORIENTED_EDGE('',*,*,#3681,.T.);
#3717 = FACE_BOUND('',#3718,.F.);
#3718 = EDGE_LOOP('',(#3719));
#3719 = ORIENTED_EDGE('',*,*,#3720,.F.);
#3720 = EDGE_CURVE('',#3721,#3721,#3723,.T.);
#3721 = VERTEX_POINT('',#3722);
#3722 = CARTESIAN_POINT('',(49.,113.,144.55));
#3723 = CIRCLE('',#3724,9.5);
#3724 = AXIS2_PLACEMENT_3D('',#3725,#3726,#3727);
#3725 = CARTESIAN_POINT('',(39.5,113.,144.55));
#3726 = DIRECTION('',(0.,0.,1.));
#3727 = DIRECTION('',(1.,0.,0.));
#3728 = PLANE('',#3729);
#3729 = AXIS2_PLACEMENT_3D('',#3730,#3731,#3732);
#3730 = CARTESIAN_POINT('',(39.5,113.,144.55));
#3731 = DIRECTION('',(0.,0.,1.));
#3732 = DIRECTION('',(1.,0.,0.));
#3733 = ADVANCED_FACE('',(#3734),#3745,.F.);
#3734 = FACE_BOUND('',#3735,.F.);
#3735 = EDGE_LOOP('',(#3736,#3737,#3743,#3744));
#3736 = ORIENTED_EDGE('',*,*,#3700,.F.);
#3737 = ORIENTED_EDGE('',*,*,#3738,.F.);
#3738 = EDGE_CURVE('',#3721,#3701,#3739,.T.);
#3739 = LINE('',#3740,#3741);
#3740 = CARTESIAN_POINT('',(49.,113.,144.45));
#3741 = VECTOR('',#3742,1.);
#3742 = DIRECTION('',(0.,0.,1.));
#3743 = ORIENTED_EDGE('',*,*,#3720,.T.);
#3744 = ORIENTED_EDGE('',*,*,#3738,.T.);
#3745 = CYLINDRICAL_SURFACE('',#3746,9.5);
#3746 = AXIS2_PLACEMENT_3D('',#3747,#3748,#3749);
#3747 = CARTESIAN_POINT('',(39.5,113.,144.45));
#3748 = DIRECTION('',(0.,0.,1.));
#3749 = DIRECTION('',(1.,0.,0.));
#3750 = MANIFOLD_SOLID_BREP('',#3751);
#3751 = CLOSED_SHELL('',(#3752,#3780,#3874,#3899,#3986,#4034,#4058,#4099
    ,#4130,#4192,#4254,#4271,#4291,#4308,#4333,#4358,#4383,#4425,#4450,
    #4468,#4485,#4519,#4536,#4553,#4565,#4582,#4599,#4658,#4667,#4676,
    #4685,#4706,#4715,#4725,#4734,#4751));
#3752 = ADVANCED_FACE('',(#3753,#3764),#3775,.F.);
#3753 = FACE_BOUND('',#3754,.F.);
#3754 = EDGE_LOOP('',(#3755));
#3755 = ORIENTED_EDGE('',*,*,#3756,.T.);
#3756 = EDGE_CURVE('',#3757,#3757,#3759,.T.);
#3757 = VERTEX_POINT('',#3758);
#3758 = CARTESIAN_POINT('',(60.,113.,125.7));
#3759 = CIRCLE('',#3760,20.5);
#3760 = AXIS2_PLACEMENT_3D('',#3761,#3762,#3763);
#3761 = CARTESIAN_POINT('',(39.5,113.,125.7));
#3762 = DIRECTION('',(0.,0.,1.));
#3763 = DIRECTION('',(1.,0.,0.));
#3764 = FACE_BOUND('',#3765,.F.);
#3765 = EDGE_LOOP('',(#3766));
#3766 = ORIENTED_EDGE('',*,*,#3767,.F.);
#3767 = EDGE_CURVE('',#3768,#3768,#3770,.T.);
#3768 = VERTEX_POINT('',#3769);
#3769 = CARTESIAN_POINT('',(55.6,113.,125.7));
#3770 = CIRCLE('',#3771,16.1);
#3771 = AXIS2_PLACEMENT_3D('',#3772,#3773,#3774);
#3772 = CARTESIAN_POINT('',(39.5,113.,125.7));
#3773 = DIRECTION('',(0.,0.,1.));
#3774 = DIRECTION('',(1.,0.,0.));
#3775 = PLANE('',#3776);
#3776 = AXIS2_PLACEMENT_3D('',#3777,#3778,#3779);
#3777 = CARTESIAN_POINT('',(39.5,113.,125.7));
#3778 = DIRECTION('',(0.,0.,1.));
#3779 = DIRECTION('',(1.,0.,0.));
#3780 = ADVANCED_FACE('',(#3781,#3833),#3869,.T.);
#3781 = FACE_BOUND('',#3782,.T.);
#3782 = EDGE_LOOP('',(#3783,#3784,#3791,#3800,#3808,#3817,#3825,#3832));
#3783 = ORIENTED_EDGE('',*,*,#3756,.T.);
#3784 = ORIENTED_EDGE('',*,*,#3785,.T.);
#3785 = EDGE_CURVE('',#3757,#3786,#3788,.T.);
#3786 = VERTEX_POINT('',#3787);
#3787 = CARTESIAN_POINT('',(60.,113.,144.));
#3788 = B_SPLINE_CURVE_WITH_KNOTS('',1,(#3789,#3790),.UNSPECIFIED.,.F.,
  .F.,(2,2),(0.,18.3),.PIECEWISE_BEZIER_KNOTS.);
#3789 = CARTESIAN_POINT('',(60.,113.,125.7));
#3790 = CARTESIAN_POINT('',(60.,113.,144.));
#3791 = ORIENTED_EDGE('',*,*,#3792,.F.);
#3792 = EDGE_CURVE('',#3793,#3786,#3795,.T.);
#3793 = VERTEX_POINT('',#3794);
#3794 = CARTESIAN_POINT('',(37.5,133.4022057631,144.));
#3795 = CIRCLE('',#3796,20.5);
#3796 = AXIS2_PLACEMENT_3D('',#3797,#3798,#3799);
#3797 = CARTESIAN_POINT('',(39.5,113.,144.));
#3798 = DIRECTION('',(0.,0.,1.));
#3799 = DIRECTION('',(1.,0.,0.));
#3800 = ORIENTED_EDGE('',*,*,#3801,.F.);
#3801 = EDGE_CURVE('',#3802,#3793,#3804,.T.);
#3802 = VERTEX_POINT('',#3803);
#3803 = CARTESIAN_POINT('',(37.5,133.4022057631,138.));
#3804 = LINE('',#3805,#3806);
#3805 = CARTESIAN_POINT('',(37.5,133.4022057631,125.7));
#3806 = VECTOR('',#3807,1.);
#3807 = DIRECTION('',(0.,0.,1.));
#3808 = ORIENTED_EDGE('',*,*,#3809,.F.);
#3809 = EDGE_CURVE('',#3810,#3802,#3812,.T.);
#3810 = VERTEX_POINT('',#3811);
#3811 = CARTESIAN_POINT('',(41.5,133.4022057631,138.));
#3812 = CIRCLE('',#3813,20.5);
#3813 = AXIS2_PLACEMENT_3D('',#3814,#3815,#3816);
#3814 = CARTESIAN_POINT('',(39.5,113.,138.));
#3815 = DIRECTION('',(0.,0.,1.));
#3816 = DIRECTION('',(1.,0.,0.));
#3817 = ORIENTED_EDGE('',*,*,#3818,.T.);
#3818 = EDGE_CURVE('',#3810,#3819,#3821,.T.);
#3819 = VERTEX_POINT('',#3820);
#3820 = CARTESIAN_POINT('',(41.5,133.4022057631,144.));
#3821 = LINE('',#3822,#3823);
#3822 = CARTESIAN_POINT('',(41.5,133.4022057631,125.7));
#3823 = VECTOR('',#3824,1.);
#3824 = DIRECTION('',(0.,0.,1.));
#3825 = ORIENTED_EDGE('',*,*,#3826,.F.);
#3826 = EDGE_CURVE('',#3786,#3819,#3827,.T.);
#3827 = CIRCLE('',#3828,20.5);
#3828 = AXIS2_PLACEMENT_3D('',#3829,#3830,#3831);
#3829 = CARTESIAN_POINT('',(39.5,113.,144.));
#3830 = DIRECTION('',(0.,0.,1.));
#3831 = DIRECTION('',(1.,0.,0.));
#3832 = ORIENTED_EDGE('',*,*,#3785,.F.);
#3833 = FACE_BOUND('',#3834,.T.);
#3834 = EDGE_LOOP('',(#3835,#3845,#3854,#3862));
#3835 = ORIENTED_EDGE('',*,*,#3836,.F.);
#3836 = EDGE_CURVE('',#3837,#3839,#3841,.T.);
#3837 = VERTEX_POINT('',#3838);
#3838 = CARTESIAN_POINT('',(56.798843892006,102.,136.));
#3839 = VERTEX_POINT('',#3840);
#3840 = CARTESIAN_POINT('',(56.798843892006,102.,140.));
#3841 = LINE('',#3842,#3843);
#3842 = CARTESIAN_POINT('',(56.798843892006,102.,125.7));
#3843 = VECTOR('',#3844,1.);
#3844 = DIRECTION('',(0.,0.,1.));
#3845 = ORIENTED_EDGE('',*,*,#3846,.F.);
#3846 = EDGE_CURVE('',#3847,#3837,#3849,.T.);
#3847 = VERTEX_POINT('',#3848);
#3848 = CARTESIAN_POINT('',(22.201156107994,102.,136.));
#3849 = CIRCLE('',#3850,20.5);
#3850 = AXIS2_PLACEMENT_3D('',#3851,#3852,#3853);
#3851 = CARTESIAN_POINT('',(39.5,113.,136.));
#3852 = DIRECTION('',(0.,0.,1.));
#3853 = DIRECTION('',(1.,0.,0.));
#3854 = ORIENTED_EDGE('',*,*,#3855,.T.);
#3855 = EDGE_CURVE('',#3847,#3856,#3858,.T.);
#3856 = VERTEX_POINT('',#3857);
#3857 = CARTESIAN_POINT('',(22.201156107994,102.,140.));
#3858 = LINE('',#3859,#3860);
#3859 = CARTESIAN_POINT('',(22.201156107994,102.,125.7));
#3860 = VECTOR('',#3861,1.);
#3861 = DIRECTION('',(0.,0.,1.));
#3862 = ORIENTED_EDGE('',*,*,#3863,.T.);
#3863 = EDGE_CURVE('',#3856,#3839,#3864,.T.);
#3864 = CIRCLE('',#3865,20.5);
#3865 = AXIS2_PLACEMENT_3D('',#3866,#3867,#3868);
#3866 = CARTESIAN_POINT('',(39.5,113.,140.));
#3867 = DIRECTION('',(0.,0.,1.));
#3868 = DIRECTION('',(1.,0.,0.));
#3869 = CYLINDRICAL_SURFACE('',#3870,20.5);
#3870 = AXIS2_PLACEMENT_3D('',#3871,#3872,#3873);
#3871 = CARTESIAN_POINT('',(39.5,113.,125.7));
#3872 = DIRECTION('',(0.,0.,1.));
#3873 = DIRECTION('',(1.,0.,0.));
#3874 = ADVANCED_FACE('',(#3875),#3894,.F.);
#3875 = FACE_BOUND('',#3876,.F.);
#3876 = EDGE_LOOP('',(#3877,#3886,#3892,#3893));
#3877 = ORIENTED_EDGE('',*,*,#3878,.F.);
#3878 = EDGE_CURVE('',#3879,#3879,#3881,.T.);
#3879 = VERTEX_POINT('',#3880);
#3880 = CARTESIAN_POINT('',(55.6,113.,133.));
#3881 = CIRCLE('',#3882,16.1);
#3882 = AXIS2_PLACEMENT_3D('',#3883,#3884,#3885);
#3883 = CARTESIAN_POINT('',(39.5,113.,133.));
#3884 = DIRECTION('',(0.,0.,1.));
#3885 = DIRECTION('',(1.,0.,0.));
#3886 = ORIENTED_EDGE('',*,*,#3887,.F.);
#3887 = EDGE_CURVE('',#3768,#3879,#3888,.T.);
#3888 = LINE('',#3889,#3890);
#3889 = CARTESIAN_POINT('',(55.6,113.,125.6));
#3890 = VECTOR('',#3891,1.);
#3891 = DIRECTION('',(0.,0.,1.));
#3892 = ORIENTED_EDGE('',*,*,#3767,.T.);
#3893 = ORIENTED_EDGE('',*,*,#3887,.T.);
#3894 = CYLINDRICAL_SURFACE('',#3895,16.1);
#3895 = AXIS2_PLACEMENT_3D('',#3896,#3897,#3898);
#3896 = CARTESIAN_POINT('',(39.5,113.,125.6));
#3897 = DIRECTION('',(0.,0.,1.));
#3898 = DIRECTION('',(1.,0.,0.));
#3899 = ADVANCED_FACE('',(#3900,#3926,#3937,#3948,#3959,#3970),#3981,.T.
  );
#3900 = FACE_BOUND('',#3901,.T.);
#3901 = EDGE_LOOP('',(#3902,#3903,#3904,#3912,#3920));
#3902 = ORIENTED_EDGE('',*,*,#3792,.T.);
#3903 = ORIENTED_EDGE('',*,*,#3826,.T.);
#3904 = ORIENTED_EDGE('',*,*,#3905,.F.);
#3905 = EDGE_CURVE('',#3906,#3819,#3908,.T.);
#3906 = VERTEX_POINT('',#3907);
#3907 = CARTESIAN_POINT('',(41.5,131.,144.));
#3908 = LINE('',#3909,#3910);
#3909 = CARTESIAN_POINT('',(41.5,122.,144.));
#3910 = VECTOR('',#3911,1.);
#3911 = DIRECTION('',(0.,1.,0.));
#3912 = ORIENTED_EDGE('',*,*,#3913,.T.);
#3913 = EDGE_CURVE('',#3906,#3914,#3916,.T.);
#3914 = VERTEX_POINT('',#3915);
#3915 = CARTESIAN_POINT('',(37.5,131.,144.));
#3916 = LINE('',#3917,#3918);
#3917 = CARTESIAN_POINT('',(38.5,131.,144.));
#3918 = VECTOR('',#3919,1.);
#3919 = DIRECTION('',(-1.,0.,0.));
#3920 = ORIENTED_EDGE('',*,*,#3921,.T.);
#3921 = EDGE_CURVE('',#3914,#3793,#3922,.T.);
#3922 = LINE('',#3923,#3924);
#3923 = CARTESIAN_POINT('',(37.5,122.,144.));
#3924 = VECTOR('',#3925,1.);
#3925 = DIRECTION('',(0.,1.,0.));
#3926 = FACE_BOUND('',#3927,.T.);
#3927 = EDGE_LOOP('',(#3928));
#3928 = ORIENTED_EDGE('',*,*,#3929,.F.);
#3929 = EDGE_CURVE('',#3930,#3930,#3932,.T.);
#3930 = VERTEX_POINT('',#3931);
#3931 = CARTESIAN_POINT('',(27.359945904286,100.05994590428,144.));
#3932 = CIRCLE('',#3933,0.8);
#3933 = AXIS2_PLACEMENT_3D('',#3934,#3935,#3936);
#3934 = CARTESIAN_POINT('',(26.559945904286,100.05994590428,144.));
#3935 = DIRECTION('',(0.,0.,1.));
#3936 = DIRECTION('',(1.,0.,0.));
#3937 = FACE_BOUND('',#3938,.T.);
#3938 = EDGE_LOOP('',(#3939));
#3939 = ORIENTED_EDGE('',*,*,#3940,.F.);
#3940 = EDGE_CURVE('',#3941,#3941,#3943,.T.);
#3941 = VERTEX_POINT('',#3942);
#3942 = CARTESIAN_POINT('',(53.240054095714,100.05994590428,144.));
#3943 = CIRCLE('',#3944,0.8);
#3944 = AXIS2_PLACEMENT_3D('',#3945,#3946,#3947);
#3945 = CARTESIAN_POINT('',(52.440054095714,100.05994590428,144.));
#3946 = DIRECTION('',(0.,0.,1.));
#3947 = DIRECTION('',(1.,0.,0.));
#3948 = FACE_BOUND('',#3949,.T.);
#3949 = EDGE_LOOP('',(#3950));
#3950 = ORIENTED_EDGE('',*,*,#3951,.F.);
#3951 = EDGE_CURVE('',#3952,#3952,#3954,.T.);
#3952 = VERTEX_POINT('',#3953);
#3953 = CARTESIAN_POINT('',(27.359945904286,125.94005409571,144.));
#3954 = CIRCLE('',#3955,0.8);
#3955 = AXIS2_PLACEMENT_3D('',#3956,#3957,#3958);
#3956 = CARTESIAN_POINT('',(26.559945904286,125.94005409571,144.));
#3957 = DIRECTION('',(0.,0.,1.));
#3958 = DIRECTION('',(1.,0.,0.));
#3959 = FACE_BOUND('',#3960,.T.);
#3960 = EDGE_LOOP('',(#3961));
#3961 = ORIENTED_EDGE('',*,*,#3962,.F.);
#3962 = EDGE_CURVE('',#3963,#3963,#3965,.T.);
#3963 = VERTEX_POINT('',#3964);
#3964 = CARTESIAN_POINT('',(55.6,113.,144.));
#3965 = CIRCLE('',#3966,16.1);
#3966 = AXIS2_PLACEMENT_3D('',#3967,#3968,#3969);
#3967 = CARTESIAN_POINT('',(39.5,113.,144.));
#3968 = DIRECTION('',(0.,0.,1.));
#3969 = DIRECTION('',(1.,0.,0.));
#3970 = FACE_BOUND('',#3971,.T.);
#3971 = EDGE_LOOP('',(#3972));
#3972 = ORIENTED_EDGE('',*,*,#3973,.F.);
#3973 = EDGE_CURVE('',#3974,#3974,#3976,.T.);
#3974 = VERTEX_POINT('',#3975);
#3975 = CARTESIAN_POINT('',(53.240054095714,125.94005409571,144.));
#3976 = CIRCLE('',#3977,0.8);
#3977 = AXIS2_PLACEMENT_3D('',#3978,#3979,#3980);
#3978 = CARTESIAN_POINT('',(52.440054095714,125.94005409571,144.));
#3979 = DIRECTION('',(0.,0.,1.));
#3980 = DIRECTION('',(1.,0.,0.));
#3981 = PLANE('',#3982);
#3982 = AXIS2_PLACEMENT_3D('',#3983,#3984,#3985);
#3983 = CARTESIAN_POINT('',(39.5,113.,144.));
#3984 = DIRECTION('',(0.,0.,1.));
#3985 = DIRECTION('',(1.,0.,0.));
#3986 = ADVANCED_FACE('',(#3987),#4029,.T.);
#3987 = FACE_BOUND('',#3988,.T.);
#3988 = EDGE_LOOP('',(#3989,#3997,#3998,#3999,#4007,#4015,#4023));
#3989 = ORIENTED_EDGE('',*,*,#3990,.F.);
#3990 = EDGE_CURVE('',#3906,#3991,#3993,.T.);
#3991 = VERTEX_POINT('',#3992);
#3992 = CARTESIAN_POINT('',(41.5,131.,151.));
#3993 = LINE('',#3994,#3995);
#3994 = CARTESIAN_POINT('',(41.5,131.,138.));
#3995 = VECTOR('',#3996,1.);
#3996 = DIRECTION('',(0.,0.,1.));
#3997 = ORIENTED_EDGE('',*,*,#3905,.T.);
#3998 = ORIENTED_EDGE('',*,*,#3818,.F.);
#3999 = ORIENTED_EDGE('',*,*,#4000,.T.);
#4000 = EDGE_CURVE('',#3810,#4001,#4003,.T.);
#4001 = VERTEX_POINT('',#4002);
#4002 = CARTESIAN_POINT('',(41.5,139.,138.));
#4003 = LINE('',#4004,#4005);
#4004 = CARTESIAN_POINT('',(41.5,131.,138.));
#4005 = VECTOR('',#4006,1.);
#4006 = DIRECTION('',(0.,1.,0.));
#4007 = ORIENTED_EDGE('',*,*,#4008,.T.);
#4008 = EDGE_CURVE('',#4001,#4009,#4011,.T.);
#4009 = VERTEX_POINT('',#4010);
#4010 = CARTESIAN_POINT('',(41.5,139.,148.));
#4011 = LINE('',#4012,#4013);
#4012 = CARTESIAN_POINT('',(41.5,139.,138.));
#4013 = VECTOR('',#4014,1.);
#4014 = DIRECTION('',(0.,0.,1.));
#4015 = ORIENTED_EDGE('',*,*,#4016,.T.);
#4016 = EDGE_CURVE('',#4009,#4017,#4019,.T.);
#4017 = VERTEX_POINT('',#4018);
#4018 = CARTESIAN_POINT('',(41.5,139.,151.));
#4019 = LINE('',#4020,#4021);
#4020 = CARTESIAN_POINT('',(41.5,139.,138.));
#4021 = VECTOR('',#4022,1.);
#4022 = DIRECTION('',(0.,0.,1.));
#4023 = ORIENTED_EDGE('',*,*,#4024,.F.);
#4024 = EDGE_CURVE('',#3991,#4017,#4025,.T.);
#4025 = LINE('',#4026,#4027);
#4026 = CARTESIAN_POINT('',(41.5,131.,151.));
#4027 = VECTOR('',#4028,1.);
#4028 = DIRECTION('',(0.,1.,0.));
#4029 = PLANE('',#4030);
#4030 = AXIS2_PLACEMENT_3D('',#4031,#4032,#4033);
#4031 = CARTESIAN_POINT('',(41.5,131.,138.));
#4032 = DIRECTION('',(1.,0.,0.));
#4033 = DIRECTION('',(0.,0.,1.));
#4034 = ADVANCED_FACE('',(#4035),#4053,.F.);
#4035 = FACE_BOUND('',#4036,.F.);
#4036 = EDGE_LOOP('',(#4037,#4045,#4046,#4047));
#4037 = ORIENTED_EDGE('',*,*,#4038,.F.);
#4038 = EDGE_CURVE('',#3802,#4039,#4041,.T.);
#4039 = VERTEX_POINT('',#4040);
#4040 = CARTESIAN_POINT('',(37.5,139.,138.));
#4041 = LINE('',#4042,#4043);
#4042 = CARTESIAN_POINT('',(37.5,131.,138.));
#4043 = VECTOR('',#4044,1.);
#4044 = DIRECTION('',(0.,1.,0.));
#4045 = ORIENTED_EDGE('',*,*,#3809,.F.);
#4046 = ORIENTED_EDGE('',*,*,#4000,.T.);
#4047 = ORIENTED_EDGE('',*,*,#4048,.F.);
#4048 = EDGE_CURVE('',#4039,#4001,#4049,.T.);
#4049 = LINE('',#4050,#4051);
#4050 = CARTESIAN_POINT('',(37.5,139.,138.));
#4051 = VECTOR('',#4052,1.);
#4052 = DIRECTION('',(1.,0.,0.));
#4053 = PLANE('',#4054);
#4054 = AXIS2_PLACEMENT_3D('',#4055,#4056,#4057);
#4055 = CARTESIAN_POINT('',(37.5,131.,138.));
#4056 = DIRECTION('',(0.,0.,1.));
#4057 = DIRECTION('',(1.,0.,0.));
#4058 = ADVANCED_FACE('',(#4059),#4094,.F.);
#4059 = FACE_BOUND('',#4060,.F.);
#4060 = EDGE_LOOP('',(#4061,#4069,#4070,#4071,#4072,#4080,#4088));
#4061 = ORIENTED_EDGE('',*,*,#4062,.F.);
#4062 = EDGE_CURVE('',#3914,#4063,#4065,.T.);
#4063 = VERTEX_POINT('',#4064);
#4064 = CARTESIAN_POINT('',(37.5,131.,151.));
#4065 = LINE('',#4066,#4067);
#4066 = CARTESIAN_POINT('',(37.5,131.,138.));
#4067 = VECTOR('',#4068,1.);
#4068 = DIRECTION('',(0.,0.,1.));
#4069 = ORIENTED_EDGE('',*,*,#3921,.T.);
#4070 = ORIENTED_EDGE('',*,*,#3801,.F.);
#4071 = ORIENTED_EDGE('',*,*,#4038,.T.);
#4072 = ORIENTED_EDGE('',*,*,#4073,.T.);
#4073 = EDGE_CURVE('',#4039,#4074,#4076,.T.);
#4074 = VERTEX_POINT('',#4075);
#4075 = CARTESIAN_POINT('',(37.5,139.,148.));
#4076 = LINE('',#4077,#4078);
#4077 = CARTESIAN_POINT('',(37.5,139.,138.));
#4078 = VECTOR('',#4079,1.);
#4079 = DIRECTION('',(0.,0.,1.));
#4080 = ORIENTED_EDGE('',*,*,#4081,.T.);
#4081 = EDGE_CURVE('',#4074,#4082,#4084,.T.);
#4082 = VERTEX_POINT('',#4083);
#4083 = CARTESIAN_POINT('',(37.5,139.,151.));
#4084 = LINE('',#4085,#4086);
#4085 = CARTESIAN_POINT('',(37.5,139.,138.));
#4086 = VECTOR('',#4087,1.);
#4087 = DIRECTION('',(0.,0.,1.));
#4088 = ORIENTED_EDGE('',*,*,#4089,.F.);
#4089 = EDGE_CURVE('',#4063,#4082,#4090,.T.);
#4090 = LINE('',#4091,#4092);
#4091 = CARTESIAN_POINT('',(37.5,131.,151.));
#4092 = VECTOR('',#4093,1.);
#4093 = DIRECTION('',(0.,1.,0.));
#4094 = PLANE('',#4095);
#4095 = AXIS2_PLACEMENT_3D('',#4096,#4097,#4098);
#4096 = CARTESIAN_POINT('',(37.5,131.,138.));
#4097 = DIRECTION('',(1.,0.,0.));
#4098 = DIRECTION('',(0.,0.,1.));
#4099 = ADVANCED_FACE('',(#4100),#4125,.T.);
#4100 = FACE_BOUND('',#4101,.T.);
#4101 = EDGE_LOOP('',(#4102,#4110,#4111,#4119));
#4102 = ORIENTED_EDGE('',*,*,#4103,.F.);
#4103 = EDGE_CURVE('',#3837,#4104,#4106,.T.);
#4104 = VERTEX_POINT('',#4105);
#4105 = CARTESIAN_POINT('',(64.5,102.,136.));
#4106 = LINE('',#4107,#4108);
#4107 = CARTESIAN_POINT('',(14.5,102.,136.));
#4108 = VECTOR('',#4109,1.);
#4109 = DIRECTION('',(1.,0.,0.));
#4110 = ORIENTED_EDGE('',*,*,#3836,.T.);
#4111 = ORIENTED_EDGE('',*,*,#4112,.T.);
#4112 = EDGE_CURVE('',#3839,#4113,#4115,.T.);
#4113 = VERTEX_POINT('',#4114);
#4114 = CARTESIAN_POINT('',(64.5,102.,140.));
#4115 = LINE('',#4116,#4117);
#4116 = CARTESIAN_POINT('',(14.5,102.,140.));
#4117 = VECTOR('',#4118,1.);
#4118 = DIRECTION('',(1.,0.,0.));
#4119 = ORIENTED_EDGE('',*,*,#4120,.F.);
#4120 = EDGE_CURVE('',#4104,#4113,#4121,.T.);
#4121 = LINE('',#4122,#4123);
#4122 = CARTESIAN_POINT('',(64.5,102.,136.));
#4123 = VECTOR('',#4124,1.);
#4124 = DIRECTION('',(0.,0.,1.));
#4125 = PLANE('',#4126);
#4126 = AXIS2_PLACEMENT_3D('',#4127,#4128,#4129);
#4127 = CARTESIAN_POINT('',(14.5,102.,136.));
#4128 = DIRECTION('',(0.,1.,0.));
#4129 = DIRECTION('',(0.,0.,1.));
#4130 = ADVANCED_FACE('',(#4131,#4165,#4176),#4187,.F.);
#4131 = FACE_BOUND('',#4132,.F.);
#4132 = EDGE_LOOP('',(#4133,#4141,#4149,#4157,#4163,#4164));
#4133 = ORIENTED_EDGE('',*,*,#4134,.F.);
#4134 = EDGE_CURVE('',#4135,#3847,#4137,.T.);
#4135 = VERTEX_POINT('',#4136);
#4136 = CARTESIAN_POINT('',(14.5,102.,136.));
#4137 = LINE('',#4138,#4139);
#4138 = CARTESIAN_POINT('',(14.5,102.,136.));
#4139 = VECTOR('',#4140,1.);
#4140 = DIRECTION('',(1.,0.,0.));
#4141 = ORIENTED_EDGE('',*,*,#4142,.F.);
#4142 = EDGE_CURVE('',#4143,#4135,#4145,.T.);
#4143 = VERTEX_POINT('',#4144);
#4144 = CARTESIAN_POINT('',(14.5,83.,136.));
#4145 = LINE('',#4146,#4147);
#4146 = CARTESIAN_POINT('',(14.5,83.,136.));
#4147 = VECTOR('',#4148,1.);
#4148 = DIRECTION('',(0.,1.,0.));
#4149 = ORIENTED_EDGE('',*,*,#4150,.T.);
#4150 = EDGE_CURVE('',#4143,#4151,#4153,.T.);
#4151 = VERTEX_POINT('',#4152);
#4152 = CARTESIAN_POINT('',(64.5,83.,136.));
#4153 = LINE('',#4154,#4155);
#4154 = CARTESIAN_POINT('',(14.5,83.,136.));
#4155 = VECTOR('',#4156,1.);
#4156 = DIRECTION('',(1.,0.,0.));
#4157 = ORIENTED_EDGE('',*,*,#4158,.T.);
#4158 = EDGE_CURVE('',#4151,#4104,#4159,.T.);
#4159 = LINE('',#4160,#4161);
#4160 = CARTESIAN_POINT('',(64.5,83.,136.));
#4161 = VECTOR('',#4162,1.);
#4162 = DIRECTION('',(0.,1.,0.));
#4163 = ORIENTED_EDGE('',*,*,#4103,.F.);
#4164 = ORIENTED_EDGE('',*,*,#3846,.F.);
#4165 = FACE_BOUND('',#4166,.F.);
#4166 = EDGE_LOOP('',(#4167));
#4167 = ORIENTED_EDGE('',*,*,#4168,.F.);
#4168 = EDGE_CURVE('',#4169,#4169,#4171,.T.);
#4169 = VERTEX_POINT('',#4170);
#4170 = CARTESIAN_POINT('',(21.2,88.,136.));
#4171 = CIRCLE('',#4172,1.7);
#4172 = AXIS2_PLACEMENT_3D('',#4173,#4174,#4175);
#4173 = CARTESIAN_POINT('',(19.5,88.,136.));
#4174 = DIRECTION('',(0.,0.,1.));
#4175 = DIRECTION('',(1.,0.,0.));
#4176 = FACE_BOUND('',#4177,.F.);
#4177 = EDGE_LOOP('',(#4178));
#4178 = ORIENTED_EDGE('',*,*,#4179,.F.);
#4179 = EDGE_CURVE('',#4180,#4180,#4182,.T.);
#4180 = VERTEX_POINT('',#4181);
#4181 = CARTESIAN_POINT('',(61.2,88.,136.));
#4182 = CIRCLE('',#4183,1.7);
#4183 = AXIS2_PLACEMENT_3D('',#4184,#4185,#4186);
#4184 = CARTESIAN_POINT('',(59.5,88.,136.));
#4185 = DIRECTION('',(0.,0.,1.));
#4186 = DIRECTION('',(1.,0.,0.));
#4187 = PLANE('',#4188);
#4188 = AXIS2_PLACEMENT_3D('',#4189,#4190,#4191);
#4189 = CARTESIAN_POINT('',(14.5,83.,136.));
#4190 = DIRECTION('',(0.,0.,1.));
#4191 = DIRECTION('',(1.,0.,0.));
#4192 = ADVANCED_FACE('',(#4193,#4227,#4238),#4249,.T.);
#4193 = FACE_BOUND('',#4194,.T.);
#4194 = EDGE_LOOP('',(#4195,#4203,#4211,#4219,#4225,#4226));
#4195 = ORIENTED_EDGE('',*,*,#4196,.F.);
#4196 = EDGE_CURVE('',#4197,#3856,#4199,.T.);
#4197 = VERTEX_POINT('',#4198);
#4198 = CARTESIAN_POINT('',(14.5,102.,140.));
#4199 = LINE('',#4200,#4201);
#4200 = CARTESIAN_POINT('',(14.5,102.,140.));
#4201 = VECTOR('',#4202,1.);
#4202 = DIRECTION('',(1.,0.,0.));
#4203 = ORIENTED_EDGE('',*,*,#4204,.F.);
#4204 = EDGE_CURVE('',#4205,#4197,#4207,.T.);
#4205 = VERTEX_POINT('',#4206);
#4206 = CARTESIAN_POINT('',(14.5,83.,140.));
#4207 = LINE('',#4208,#4209);
#4208 = CARTESIAN_POINT('',(14.5,83.,140.));
#4209 = VECTOR('',#4210,1.);
#4210 = DIRECTION('',(0.,1.,0.));
#4211 = ORIENTED_EDGE('',*,*,#4212,.T.);
#4212 = EDGE_CURVE('',#4205,#4213,#4215,.T.);
#4213 = VERTEX_POINT('',#4214);
#4214 = CARTESIAN_POINT('',(64.5,83.,140.));
#4215 = LINE('',#4216,#4217);
#4216 = CARTESIAN_POINT('',(14.5,83.,140.));
#4217 = VECTOR('',#4218,1.);
#4218 = DIRECTION('',(1.,0.,0.));
#4219 = ORIENTED_EDGE('',*,*,#4220,.T.);
#4220 = EDGE_CURVE('',#4213,#4113,#4221,.T.);
#4221 = LINE('',#4222,#4223);
#4222 = CARTESIAN_POINT('',(64.5,83.,140.));
#4223 = VECTOR('',#4224,1.);
#4224 = DIRECTION('',(0.,1.,0.));
#4225 = ORIENTED_EDGE('',*,*,#4112,.F.);
#4226 = ORIENTED_EDGE('',*,*,#3863,.F.);
#4227 = FACE_BOUND('',#4228,.T.);
#4228 = EDGE_LOOP('',(#4229));
#4229 = ORIENTED_EDGE('',*,*,#4230,.F.);
#4230 = EDGE_CURVE('',#4231,#4231,#4233,.T.);
#4231 = VERTEX_POINT('',#4232);
#4232 = CARTESIAN_POINT('',(21.2,88.,140.));
#4233 = CIRCLE('',#4234,1.7);
#4234 = AXIS2_PLACEMENT_3D('',#4235,#4236,#4237);
#4235 = CARTESIAN_POINT('',(19.5,88.,140.));
#4236 = DIRECTION('',(0.,0.,1.));
#4237 = DIRECTION('',(1.,0.,0.));
#4238 = FACE_BOUND('',#4239,.T.);
#4239 = EDGE_LOOP('',(#4240));
#4240 = ORIENTED_EDGE('',*,*,#4241,.F.);
#4241 = EDGE_CURVE('',#4242,#4242,#4244,.T.);
#4242 = VERTEX_POINT('',#4243);
#4243 = CARTESIAN_POINT('',(61.2,88.,140.));
#4244 = CIRCLE('',#4245,1.7);
#4245 = AXIS2_PLACEMENT_3D('',#4246,#4247,#4248);
#4246 = CARTESIAN_POINT('',(59.5,88.,140.));
#4247 = DIRECTION('',(0.,0.,1.));
#4248 = DIRECTION('',(1.,0.,0.));
#4249 = PLANE('',#4250);
#4250 = AXIS2_PLACEMENT_3D('',#4251,#4252,#4253);
#4251 = CARTESIAN_POINT('',(14.5,83.,140.));
#4252 = DIRECTION('',(0.,0.,1.));
#4253 = DIRECTION('',(1.,0.,0.));
#4254 = ADVANCED_FACE('',(#4255),#4266,.T.);
#4255 = FACE_BOUND('',#4256,.T.);
#4256 = EDGE_LOOP('',(#4257,#4258,#4264,#4265));
#4257 = ORIENTED_EDGE('',*,*,#4134,.F.);
#4258 = ORIENTED_EDGE('',*,*,#4259,.T.);
#4259 = EDGE_CURVE('',#4135,#4197,#4260,.T.);
#4260 = LINE('',#4261,#4262);
#4261 = CARTESIAN_POINT('',(14.5,102.,136.));
#4262 = VECTOR('',#4263,1.);
#4263 = DIRECTION('',(0.,0.,1.));
#4264 = ORIENTED_EDGE('',*,*,#4196,.T.);
#4265 = ORIENTED_EDGE('',*,*,#3855,.F.);
#4266 = PLANE('',#4267);
#4267 = AXIS2_PLACEMENT_3D('',#4268,#4269,#4270);
#4268 = CARTESIAN_POINT('',(14.5,102.,136.));
#4269 = DIRECTION('',(0.,1.,0.));
#4270 = DIRECTION('',(0.,0.,1.));
#4271 = ADVANCED_FACE('',(#4272,#4275),#4286,.F.);
#4272 = FACE_BOUND('',#4273,.F.);
#4273 = EDGE_LOOP('',(#4274));
#4274 = ORIENTED_EDGE('',*,*,#3878,.T.);
#4275 = FACE_BOUND('',#4276,.F.);
#4276 = EDGE_LOOP('',(#4277));
#4277 = ORIENTED_EDGE('',*,*,#4278,.F.);
#4278 = EDGE_CURVE('',#4279,#4279,#4281,.T.);
#4279 = VERTEX_POINT('',#4280);
#4280 = CARTESIAN_POINT('',(54.5,113.,133.));
#4281 = CIRCLE('',#4282,15.);
#4282 = AXIS2_PLACEMENT_3D('',#4283,#4284,#4285);
#4283 = CARTESIAN_POINT('',(39.5,113.,133.));
#4284 = DIRECTION('',(0.,0.,1.));
#4285 = DIRECTION('',(1.,0.,0.));
#4286 = PLANE('',#4287);
#4287 = AXIS2_PLACEMENT_3D('',#4288,#4289,#4290);
#4288 = CARTESIAN_POINT('',(39.5,113.,133.));
#4289 = DIRECTION('',(0.,0.,1.));
#4290 = DIRECTION('',(1.,0.,0.));
#4291 = ADVANCED_FACE('',(#4292),#4303,.F.);
#4292 = FACE_BOUND('',#4293,.F.);
#4293 = EDGE_LOOP('',(#4294,#4295,#4296,#4297));
#4294 = ORIENTED_EDGE('',*,*,#3990,.F.);
#4295 = ORIENTED_EDGE('',*,*,#3913,.T.);
#4296 = ORIENTED_EDGE('',*,*,#4062,.T.);
#4297 = ORIENTED_EDGE('',*,*,#4298,.T.);
#4298 = EDGE_CURVE('',#4063,#3991,#4299,.T.);
#4299 = LINE('',#4300,#4301);
#4300 = CARTESIAN_POINT('',(37.5,131.,151.));
#4301 = VECTOR('',#4302,1.);
#4302 = DIRECTION('',(1.,0.,0.));
#4303 = PLANE('',#4304);
#4304 = AXIS2_PLACEMENT_3D('',#4305,#4306,#4307);
#4305 = CARTESIAN_POINT('',(37.5,131.,138.));
#4306 = DIRECTION('',(0.,1.,0.));
#4307 = DIRECTION('',(0.,0.,1.));
#4308 = ADVANCED_FACE('',(#4309),#4328,.F.);
#4309 = FACE_BOUND('',#4310,.F.);
#4310 = EDGE_LOOP('',(#4311,#4312,#4320,#4327));
#4311 = ORIENTED_EDGE('',*,*,#3929,.F.);
#4312 = ORIENTED_EDGE('',*,*,#4313,.F.);
#4313 = EDGE_CURVE('',#4314,#3930,#4316,.T.);
#4314 = VERTEX_POINT('',#4315);
#4315 = CARTESIAN_POINT('',(27.359945904286,100.05994590428,137.));
#4316 = LINE('',#4317,#4318);
#4317 = CARTESIAN_POINT('',(27.359945904286,100.05994590428,137.));
#4318 = VECTOR('',#4319,1.);
#4319 = DIRECTION('',(0.,0.,1.));
#4320 = ORIENTED_EDGE('',*,*,#4321,.T.);
#4321 = EDGE_CURVE('',#4314,#4314,#4322,.T.);
#4322 = CIRCLE('',#4323,0.8);
#4323 = AXIS2_PLACEMENT_3D('',#4324,#4325,#4326);
#4324 = CARTESIAN_POINT('',(26.559945904286,100.05994590428,137.));
#4325 = DIRECTION('',(0.,0.,1.));
#4326 = DIRECTION('',(1.,0.,0.));
#4327 = ORIENTED_EDGE('',*,*,#4313,.T.);
#4328 = CYLINDRICAL_SURFACE('',#4329,0.8);
#4329 = AXIS2_PLACEMENT_3D('',#4330,#4331,#4332);
#4330 = CARTESIAN_POINT('',(26.559945904286,100.05994590428,137.));
#4331 = DIRECTION('',(0.,0.,1.));
#4332 = DIRECTION('',(1.,0.,0.));
#4333 = ADVANCED_FACE('',(#4334),#4353,.F.);
#4334 = FACE_BOUND('',#4335,.F.);
#4335 = EDGE_LOOP('',(#4336,#4337,#4345,#4352));
#4336 = ORIENTED_EDGE('',*,*,#3940,.F.);
#4337 = ORIENTED_EDGE('',*,*,#4338,.F.);
#4338 = EDGE_CURVE('',#4339,#3941,#4341,.T.);
#4339 = VERTEX_POINT('',#4340);
#4340 = CARTESIAN_POINT('',(53.240054095714,100.05994590428,137.));
#4341 = LINE('',#4342,#4343);
#4342 = CARTESIAN_POINT('',(53.240054095714,100.05994590428,137.));
#4343 = VECTOR('',#4344,1.);
#4344 = DIRECTION('',(0.,0.,1.));
#4345 = ORIENTED_EDGE('',*,*,#4346,.T.);
#4346 = EDGE_CURVE('',#4339,#4339,#4347,.T.);
#4347 = CIRCLE('',#4348,0.8);
#4348 = AXIS2_PLACEMENT_3D('',#4349,#4350,#4351);
#4349 = CARTESIAN_POINT('',(52.440054095714,100.05994590428,137.));
#4350 = DIRECTION('',(0.,0.,1.));
#4351 = DIRECTION('',(1.,0.,0.));
#4352 = ORIENTED_EDGE('',*,*,#4338,.T.);
#4353 = CYLINDRICAL_SURFACE('',#4354,0.8);
#4354 = AXIS2_PLACEMENT_3D('',#4355,#4356,#4357);
#4355 = CARTESIAN_POINT('',(52.440054095714,100.05994590428,137.));
#4356 = DIRECTION('',(0.,0.,1.));
#4357 = DIRECTION('',(1.,0.,0.));
#4358 = ADVANCED_FACE('',(#4359),#4378,.F.);
#4359 = FACE_BOUND('',#4360,.F.);
#4360 = EDGE_LOOP('',(#4361,#4362,#4370,#4377));
#4361 = ORIENTED_EDGE('',*,*,#3951,.F.);
#4362 = ORIENTED_EDGE('',*,*,#4363,.F.);
#4363 = EDGE_CURVE('',#4364,#3952,#4366,.T.);
#4364 = VERTEX_POINT('',#4365);
#4365 = CARTESIAN_POINT('',(27.359945904286,125.94005409571,137.));
#4366 = LINE('',#4367,#4368);
#4367 = CARTESIAN_POINT('',(27.359945904286,125.94005409571,137.));
#4368 = VECTOR('',#4369,1.);
#4369 = DIRECTION('',(0.,0.,1.));
#4370 = ORIENTED_EDGE('',*,*,#4371,.T.);
#4371 = EDGE_CURVE('',#4364,#4364,#4372,.T.);
#4372 = CIRCLE('',#4373,0.8);
#4373 = AXIS2_PLACEMENT_3D('',#4374,#4375,#4376);
#4374 = CARTESIAN_POINT('',(26.559945904286,125.94005409571,137.));
#4375 = DIRECTION('',(0.,0.,1.));
#4376 = DIRECTION('',(1.,0.,0.));
#4377 = ORIENTED_EDGE('',*,*,#4363,.T.);
#4378 = CYLINDRICAL_SURFACE('',#4379,0.8);
#4379 = AXIS2_PLACEMENT_3D('',#4380,#4381,#4382);
#4380 = CARTESIAN_POINT('',(26.559945904286,125.94005409571,137.));
#4381 = DIRECTION('',(0.,0.,1.));
#4382 = DIRECTION('',(1.,0.,0.));
#4383 = ADVANCED_FACE('',(#4384),#4420,.F.);
#4384 = FACE_BOUND('',#4385,.F.);
#4385 = EDGE_LOOP('',(#4386,#4387,#4394,#4403,#4412,#4419));
#4386 = ORIENTED_EDGE('',*,*,#3962,.F.);
#4387 = ORIENTED_EDGE('',*,*,#4388,.F.);
#4388 = EDGE_CURVE('',#4389,#3963,#4391,.T.);
#4389 = VERTEX_POINT('',#4390);
#4390 = CARTESIAN_POINT('',(55.6,113.,137.));
#4391 = B_SPLINE_CURVE_WITH_KNOTS('',1,(#4392,#4393),.UNSPECIFIED.,.F.,
  .F.,(2,2),(11.4,18.4),.PIECEWISE_BEZIER_KNOTS.);
#4392 = CARTESIAN_POINT('',(55.6,113.,137.));
#4393 = CARTESIAN_POINT('',(55.6,113.,144.));
#4394 = ORIENTED_EDGE('',*,*,#4395,.T.);
#4395 = EDGE_CURVE('',#4389,#4396,#4398,.T.);
#4396 = VERTEX_POINT('',#4397);
#4397 = CARTESIAN_POINT('',(27.743725079771,102.,137.));
#4398 = CIRCLE('',#4399,16.1);
#4399 = AXIS2_PLACEMENT_3D('',#4400,#4401,#4402);
#4400 = CARTESIAN_POINT('',(39.5,113.,137.));
#4401 = DIRECTION('',(0.,0.,1.));
#4402 = DIRECTION('',(1.,0.,0.));
#4403 = ORIENTED_EDGE('',*,*,#4404,.T.);
#4404 = EDGE_CURVE('',#4396,#4405,#4407,.T.);
#4405 = VERTEX_POINT('',#4406);
#4406 = CARTESIAN_POINT('',(51.256274920229,102.,137.));
#4407 = CIRCLE('',#4408,16.1);
#4408 = AXIS2_PLACEMENT_3D('',#4409,#4410,#4411);
#4409 = CARTESIAN_POINT('',(39.5,113.,137.));
#4410 = DIRECTION('',(0.,0.,1.));
#4411 = DIRECTION('',(1.,0.,0.));
#4412 = ORIENTED_EDGE('',*,*,#4413,.T.);
#4413 = EDGE_CURVE('',#4405,#4389,#4414,.T.);
#4414 = CIRCLE('',#4415,16.1);
#4415 = AXIS2_PLACEMENT_3D('',#4416,#4417,#4418);
#4416 = CARTESIAN_POINT('',(39.5,113.,137.));
#4417 = DIRECTION('',(0.,0.,1.));
#4418 = DIRECTION('',(1.,0.,0.));
#4419 = ORIENTED_EDGE('',*,*,#4388,.T.);
#4420 = CYLINDRICAL_SURFACE('',#4421,16.1);
#4421 = AXIS2_PLACEMENT_3D('',#4422,#4423,#4424);
#4422 = CARTESIAN_POINT('',(39.5,113.,125.6));
#4423 = DIRECTION('',(0.,0.,1.));
#4424 = DIRECTION('',(1.,0.,0.));
#4425 = ADVANCED_FACE('',(#4426),#4445,.F.);
#4426 = FACE_BOUND('',#4427,.F.);
#4427 = EDGE_LOOP('',(#4428,#4429,#4437,#4444));
#4428 = ORIENTED_EDGE('',*,*,#3973,.F.);
#4429 = ORIENTED_EDGE('',*,*,#4430,.F.);
#4430 = EDGE_CURVE('',#4431,#3974,#4433,.T.);
#4431 = VERTEX_POINT('',#4432);
#4432 = CARTESIAN_POINT('',(53.240054095714,125.94005409571,137.));
#4433 = LINE('',#4434,#4435);
#4434 = CARTESIAN_POINT('',(53.240054095714,125.94005409571,137.));
#4435 = VECTOR('',#4436,1.);
#4436 = DIRECTION('',(0.,0.,1.));
#4437 = ORIENTED_EDGE('',*,*,#4438,.T.);
#4438 = EDGE_CURVE('',#4431,#4431,#4439,.T.);
#4439 = CIRCLE('',#4440,0.8);
#4440 = AXIS2_PLACEMENT_3D('',#4441,#4442,#4443);
#4441 = CARTESIAN_POINT('',(52.440054095714,125.94005409571,137.));
#4442 = DIRECTION('',(0.,0.,1.));
#4443 = DIRECTION('',(1.,0.,0.));
#4444 = ORIENTED_EDGE('',*,*,#4430,.T.);
#4445 = CYLINDRICAL_SURFACE('',#4446,0.8);
#4446 = AXIS2_PLACEMENT_3D('',#4447,#4448,#4449);
#4447 = CARTESIAN_POINT('',(52.440054095714,125.94005409571,137.));
#4448 = DIRECTION('',(0.,0.,1.));
#4449 = DIRECTION('',(1.,0.,0.));
#4450 = ADVANCED_FACE('',(#4451),#4463,.T.);
#4451 = FACE_BOUND('',#4452,.T.);
#4452 = EDGE_LOOP('',(#4453,#4454,#4455,#4456));
#4453 = ORIENTED_EDGE('',*,*,#4089,.F.);
#4454 = ORIENTED_EDGE('',*,*,#4298,.T.);
#4455 = ORIENTED_EDGE('',*,*,#4024,.T.);
#4456 = ORIENTED_EDGE('',*,*,#4457,.F.);
#4457 = EDGE_CURVE('',#4082,#4017,#4458,.T.);
#4458 = CIRCLE('',#4459,2.);
#4459 = AXIS2_PLACEMENT_3D('',#4460,#4461,#4462);
#4460 = CARTESIAN_POINT('',(39.5,139.,151.));
#4461 = DIRECTION('',(0.,0.,1.));
#4462 = DIRECTION('',(1.,0.,0.));
#4463 = PLANE('',#4464);
#4464 = AXIS2_PLACEMENT_3D('',#4465,#4466,#4467);
#4465 = CARTESIAN_POINT('',(37.5,131.,151.));
#4466 = DIRECTION('',(0.,0.,1.));
#4467 = DIRECTION('',(1.,0.,0.));
#4468 = ADVANCED_FACE('',(#4469),#4480,.T.);
#4469 = FACE_BOUND('',#4470,.T.);
#4470 = EDGE_LOOP('',(#4471,#4472,#4473,#4474));
#4471 = ORIENTED_EDGE('',*,*,#4008,.F.);
#4472 = ORIENTED_EDGE('',*,*,#4048,.F.);
#4473 = ORIENTED_EDGE('',*,*,#4073,.T.);
#4474 = ORIENTED_EDGE('',*,*,#4475,.T.);
#4475 = EDGE_CURVE('',#4074,#4009,#4476,.T.);
#4476 = LINE('',#4477,#4478);
#4477 = CARTESIAN_POINT('',(38.5,139.,148.));
#4478 = VECTOR('',#4479,1.);
#4479 = DIRECTION('',(1.,0.,0.));
#4480 = PLANE('',#4481);
#4481 = AXIS2_PLACEMENT_3D('',#4482,#4483,#4484);
#4482 = CARTESIAN_POINT('',(37.5,139.,138.));
#4483 = DIRECTION('',(0.,1.,0.));
#4484 = DIRECTION('',(0.,0.,1.));
#4485 = ADVANCED_FACE('',(#4486),#4514,.T.);
#4486 = FACE_BOUND('',#4487,.T.);
#4487 = EDGE_LOOP('',(#4488,#4496,#4503,#4504,#4505,#4512,#4513));
#4488 = ORIENTED_EDGE('',*,*,#4489,.T.);
#4489 = EDGE_CURVE('',#4017,#4490,#4492,.T.);
#4490 = VERTEX_POINT('',#4491);
#4491 = CARTESIAN_POINT('',(41.5,139.,153.));
#4492 = LINE('',#4493,#4494);
#4493 = CARTESIAN_POINT('',(41.5,139.,148.));
#4494 = VECTOR('',#4495,1.);
#4495 = DIRECTION('',(0.,0.,1.));
#4496 = ORIENTED_EDGE('',*,*,#4497,.F.);
#4497 = EDGE_CURVE('',#4490,#4490,#4498,.T.);
#4498 = CIRCLE('',#4499,2.);
#4499 = AXIS2_PLACEMENT_3D('',#4500,#4501,#4502);
#4500 = CARTESIAN_POINT('',(39.5,139.,153.));
#4501 = DIRECTION('',(0.,0.,1.));
#4502 = DIRECTION('',(1.,0.,0.));
#4503 = ORIENTED_EDGE('',*,*,#4489,.F.);
#4504 = ORIENTED_EDGE('',*,*,#4016,.F.);
#4505 = ORIENTED_EDGE('',*,*,#4506,.T.);
#4506 = EDGE_CURVE('',#4009,#4074,#4507,.T.);
#4507 = CIRCLE('',#4508,2.);
#4508 = AXIS2_PLACEMENT_3D('',#4509,#4510,#4511);
#4509 = CARTESIAN_POINT('',(39.5,139.,148.));
#4510 = DIRECTION('',(0.,0.,1.));
#4511 = DIRECTION('',(1.,0.,0.));
#4512 = ORIENTED_EDGE('',*,*,#4081,.T.);
#4513 = ORIENTED_EDGE('',*,*,#4457,.T.);
#4514 = CYLINDRICAL_SURFACE('',#4515,2.);
#4515 = AXIS2_PLACEMENT_3D('',#4516,#4517,#4518);
#4516 = CARTESIAN_POINT('',(39.5,139.,148.));
#4517 = DIRECTION('',(0.,0.,1.));
#4518 = DIRECTION('',(1.,0.,0.));
#4519 = ADVANCED_FACE('',(#4520),#4531,.T.);
#4520 = FACE_BOUND('',#4521,.T.);
#4521 = EDGE_LOOP('',(#4522,#4528,#4529,#4530));
#4522 = ORIENTED_EDGE('',*,*,#4523,.F.);
#4523 = EDGE_CURVE('',#4151,#4213,#4524,.T.);
#4524 = LINE('',#4525,#4526);
#4525 = CARTESIAN_POINT('',(64.5,83.,136.));
#4526 = VECTOR('',#4527,1.);
#4527 = DIRECTION('',(0.,0.,1.));
#4528 = ORIENTED_EDGE('',*,*,#4158,.T.);
#4529 = ORIENTED_EDGE('',*,*,#4120,.T.);
#4530 = ORIENTED_EDGE('',*,*,#4220,.F.);
#4531 = PLANE('',#4532);
#4532 = AXIS2_PLACEMENT_3D('',#4533,#4534,#4535);
#4533 = CARTESIAN_POINT('',(64.5,83.,136.));
#4534 = DIRECTION('',(1.,0.,0.));
#4535 = DIRECTION('',(0.,0.,1.));
#4536 = ADVANCED_FACE('',(#4537),#4548,.F.);
#4537 = FACE_BOUND('',#4538,.F.);
#4538 = EDGE_LOOP('',(#4539,#4545,#4546,#4547));
#4539 = ORIENTED_EDGE('',*,*,#4540,.F.);
#4540 = EDGE_CURVE('',#4143,#4205,#4541,.T.);
#4541 = LINE('',#4542,#4543);
#4542 = CARTESIAN_POINT('',(14.5,83.,136.));
#4543 = VECTOR('',#4544,1.);
#4544 = DIRECTION('',(0.,0.,1.));
#4545 = ORIENTED_EDGE('',*,*,#4142,.T.);
#4546 = ORIENTED_EDGE('',*,*,#4259,.T.);
#4547 = ORIENTED_EDGE('',*,*,#4204,.F.);
#4548 = PLANE('',#4549);
#4549 = AXIS2_PLACEMENT_3D('',#4550,#4551,#4552);
#4550 = CARTESIAN_POINT('',(14.5,83.,136.));
#4551 = DIRECTION('',(1.,0.,0.));
#4552 = DIRECTION('',(0.,0.,1.));
#4553 = ADVANCED_FACE('',(#4554),#4560,.F.);
#4554 = FACE_BOUND('',#4555,.F.);
#4555 = EDGE_LOOP('',(#4556,#4557,#4558,#4559));
#4556 = ORIENTED_EDGE('',*,*,#4150,.F.);
#4557 = ORIENTED_EDGE('',*,*,#4540,.T.);
#4558 = ORIENTED_EDGE('',*,*,#4212,.T.);
#4559 = ORIENTED_EDGE('',*,*,#4523,.F.);
#4560 = PLANE('',#4561);
#4561 = AXIS2_PLACEMENT_3D('',#4562,#4563,#4564);
#4562 = CARTESIAN_POINT('',(14.5,83.,136.));
#4563 = DIRECTION('',(0.,1.,0.));
#4564 = DIRECTION('',(0.,0.,1.));
#4565 = ADVANCED_FACE('',(#4566),#4577,.F.);
#4566 = FACE_BOUND('',#4567,.F.);
#4567 = EDGE_LOOP('',(#4568,#4569,#4575,#4576));
#4568 = ORIENTED_EDGE('',*,*,#4230,.F.);
#4569 = ORIENTED_EDGE('',*,*,#4570,.F.);
#4570 = EDGE_CURVE('',#4169,#4231,#4571,.T.);
#4571 = LINE('',#4572,#4573);
#4572 = CARTESIAN_POINT('',(21.2,88.,135.));
#4573 = VECTOR('',#4574,1.);
#4574 = DIRECTION('',(0.,0.,1.));
#4575 = ORIENTED_EDGE('',*,*,#4168,.T.);
#4576 = ORIENTED_EDGE('',*,*,#4570,.T.);
#4577 = CYLINDRICAL_SURFACE('',#4578,1.7);
#4578 = AXIS2_PLACEMENT_3D('',#4579,#4580,#4581);
#4579 = CARTESIAN_POINT('',(19.5,88.,135.));
#4580 = DIRECTION('',(0.,0.,1.));
#4581 = DIRECTION('',(1.,0.,0.));
#4582 = ADVANCED_FACE('',(#4583),#4594,.F.);
#4583 = FACE_BOUND('',#4584,.F.);
#4584 = EDGE_LOOP('',(#4585,#4586,#4592,#4593));
#4585 = ORIENTED_EDGE('',*,*,#4241,.F.);
#4586 = ORIENTED_EDGE('',*,*,#4587,.F.);
#4587 = EDGE_CURVE('',#4180,#4242,#4588,.T.);
#4588 = LINE('',#4589,#4590);
#4589 = CARTESIAN_POINT('',(61.2,88.,135.));
#4590 = VECTOR('',#4591,1.);
#4591 = DIRECTION('',(0.,0.,1.));
#4592 = ORIENTED_EDGE('',*,*,#4179,.T.);
#4593 = ORIENTED_EDGE('',*,*,#4587,.T.);
#4594 = CYLINDRICAL_SURFACE('',#4595,1.7);
#4595 = AXIS2_PLACEMENT_3D('',#4596,#4597,#4598);
#4596 = CARTESIAN_POINT('',(59.5,88.,135.));
#4597 = DIRECTION('',(0.,0.,1.));
#4598 = DIRECTION('',(1.,0.,0.));
#4599 = ADVANCED_FACE('',(#4600),#4653,.F.);
#4600 = FACE_BOUND('',#4601,.F.);
#4601 = EDGE_LOOP('',(#4602,#4610,#4611,#4612,#4621,#4629,#4638,#4646));
#4602 = ORIENTED_EDGE('',*,*,#4603,.F.);
#4603 = EDGE_CURVE('',#4279,#4604,#4606,.T.);
#4604 = VERTEX_POINT('',#4605);
#4605 = CARTESIAN_POINT('',(54.5,113.,137.));
#4606 = LINE('',#4607,#4608);
#4607 = CARTESIAN_POINT('',(54.5,113.,132.9));
#4608 = VECTOR('',#4609,1.);
#4609 = DIRECTION('',(0.,0.,1.));
#4610 = ORIENTED_EDGE('',*,*,#4278,.T.);
#4611 = ORIENTED_EDGE('',*,*,#4603,.T.);
#4612 = ORIENTED_EDGE('',*,*,#4613,.F.);
#4613 = EDGE_CURVE('',#4614,#4604,#4616,.T.);
#4614 = VERTEX_POINT('',#4615);
#4615 = CARTESIAN_POINT('',(49.698039027186,102.,137.));
#4616 = CIRCLE('',#4617,15.);
#4617 = AXIS2_PLACEMENT_3D('',#4618,#4619,#4620);
#4618 = CARTESIAN_POINT('',(39.5,113.,137.));
#4619 = DIRECTION('',(0.,0.,1.));
#4620 = DIRECTION('',(1.,0.,0.));
#4621 = ORIENTED_EDGE('',*,*,#4622,.F.);
#4622 = EDGE_CURVE('',#4623,#4614,#4625,.T.);
#4623 = VERTEX_POINT('',#4624);
#4624 = CARTESIAN_POINT('',(49.698039027186,102.,136.));
#4625 = LINE('',#4626,#4627);
#4626 = CARTESIAN_POINT('',(49.698039027186,102.,132.9));
#4627 = VECTOR('',#4628,1.);
#4628 = DIRECTION('',(0.,0.,1.));
#4629 = ORIENTED_EDGE('',*,*,#4630,.F.);
#4630 = EDGE_CURVE('',#4631,#4623,#4633,.T.);
#4631 = VERTEX_POINT('',#4632);
#4632 = CARTESIAN_POINT('',(29.301960972814,102.,136.));
#4633 = CIRCLE('',#4634,15.);
#4634 = AXIS2_PLACEMENT_3D('',#4635,#4636,#4637);
#4635 = CARTESIAN_POINT('',(39.5,113.,136.));
#4636 = DIRECTION('',(0.,0.,1.));
#4637 = DIRECTION('',(1.,0.,0.));
#4638 = ORIENTED_EDGE('',*,*,#4639,.T.);
#4639 = EDGE_CURVE('',#4631,#4640,#4642,.T.);
#4640 = VERTEX_POINT('',#4641);
#4641 = CARTESIAN_POINT('',(29.301960972814,102.,137.));
#4642 = LINE('',#4643,#4644);
#4643 = CARTESIAN_POINT('',(29.301960972814,102.,132.9));
#4644 = VECTOR('',#4645,1.);
#4645 = DIRECTION('',(0.,0.,1.));
#4646 = ORIENTED_EDGE('',*,*,#4647,.F.);
#4647 = EDGE_CURVE('',#4604,#4640,#4648,.T.);
#4648 = CIRCLE('',#4649,15.);
#4649 = AXIS2_PLACEMENT_3D('',#4650,#4651,#4652);
#4650 = CARTESIAN_POINT('',(39.5,113.,137.));
#4651 = DIRECTION('',(0.,0.,1.));
#4652 = DIRECTION('',(1.,0.,0.));
#4653 = CYLINDRICAL_SURFACE('',#4654,15.);
#4654 = AXIS2_PLACEMENT_3D('',#4655,#4656,#4657);
#4655 = CARTESIAN_POINT('',(39.5,113.,132.9));
#4656 = DIRECTION('',(0.,0.,1.));
#4657 = DIRECTION('',(1.,0.,0.));
#4658 = ADVANCED_FACE('',(#4659),#4662,.T.);
#4659 = FACE_BOUND('',#4660,.F.);
#4660 = EDGE_LOOP('',(#4661));
#4661 = ORIENTED_EDGE('',*,*,#4321,.F.);
#4662 = PLANE('',#4663);
#4663 = AXIS2_PLACEMENT_3D('',#4664,#4665,#4666);
#4664 = CARTESIAN_POINT('',(26.559945904286,100.05994590428,137.));
#4665 = DIRECTION('',(0.,0.,1.));
#4666 = DIRECTION('',(1.,0.,0.));
#4667 = ADVANCED_FACE('',(#4668),#4671,.T.);
#4668 = FACE_BOUND('',#4669,.F.);
#4669 = EDGE_LOOP('',(#4670));
#4670 = ORIENTED_EDGE('',*,*,#4346,.F.);
#4671 = PLANE('',#4672);
#4672 = AXIS2_PLACEMENT_3D('',#4673,#4674,#4675);
#4673 = CARTESIAN_POINT('',(52.440054095714,100.05994590428,137.));
#4674 = DIRECTION('',(0.,0.,1.));
#4675 = DIRECTION('',(1.,0.,0.));
#4676 = ADVANCED_FACE('',(#4677),#4680,.T.);
#4677 = FACE_BOUND('',#4678,.F.);
#4678 = EDGE_LOOP('',(#4679));
#4679 = ORIENTED_EDGE('',*,*,#4371,.F.);
#4680 = PLANE('',#4681);
#4681 = AXIS2_PLACEMENT_3D('',#4682,#4683,#4684);
#4682 = CARTESIAN_POINT('',(26.559945904286,125.94005409571,137.));
#4683 = DIRECTION('',(0.,0.,1.));
#4684 = DIRECTION('',(1.,0.,0.));
#4685 = ADVANCED_FACE('',(#4686,#4691),#4701,.T.);
#4686 = FACE_BOUND('',#4687,.T.);
#4687 = EDGE_LOOP('',(#4688,#4689,#4690));
#4688 = ORIENTED_EDGE('',*,*,#4413,.T.);
#4689 = ORIENTED_EDGE('',*,*,#4395,.T.);
#4690 = ORIENTED_EDGE('',*,*,#4404,.T.);
#4691 = FACE_BOUND('',#4692,.T.);
#4692 = EDGE_LOOP('',(#4693,#4694,#4700));
#4693 = ORIENTED_EDGE('',*,*,#4613,.F.);
#4694 = ORIENTED_EDGE('',*,*,#4695,.F.);
#4695 = EDGE_CURVE('',#4640,#4614,#4696,.T.);
#4696 = LINE('',#4697,#4698);
#4697 = CARTESIAN_POINT('',(27.,102.,137.));
#4698 = VECTOR('',#4699,1.);
#4699 = DIRECTION('',(1.,0.,0.));
#4700 = ORIENTED_EDGE('',*,*,#4647,.F.);
#4701 = PLANE('',#4702);
#4702 = AXIS2_PLACEMENT_3D('',#4703,#4704,#4705);
#4703 = CARTESIAN_POINT('',(39.858704579934,112.20598611,137.));
#4704 = DIRECTION('',(0.,0.,1.));
#4705 = DIRECTION('',(1.,0.,0.));
#4706 = ADVANCED_FACE('',(#4707),#4710,.T.);
#4707 = FACE_BOUND('',#4708,.F.);
#4708 = EDGE_LOOP('',(#4709));
#4709 = ORIENTED_EDGE('',*,*,#4438,.F.);
#4710 = PLANE('',#4711);
#4711 = AXIS2_PLACEMENT_3D('',#4712,#4713,#4714);
#4712 = CARTESIAN_POINT('',(52.440054095714,125.94005409571,137.));
#4713 = DIRECTION('',(0.,0.,1.));
#4714 = DIRECTION('',(1.,0.,0.));
#4715 = ADVANCED_FACE('',(#4716),#4720,.F.);
#4716 = FACE_BOUND('',#4717,.F.);
#4717 = EDGE_LOOP('',(#4718,#4719));
#4718 = ORIENTED_EDGE('',*,*,#4475,.T.);
#4719 = ORIENTED_EDGE('',*,*,#4506,.T.);
#4720 = PLANE('',#4721);
#4721 = AXIS2_PLACEMENT_3D('',#4722,#4723,#4724);
#4722 = CARTESIAN_POINT('',(39.5,139.,148.));
#4723 = DIRECTION('',(0.,0.,1.));
#4724 = DIRECTION('',(1.,0.,0.));
#4725 = ADVANCED_FACE('',(#4726),#4729,.T.);
#4726 = FACE_BOUND('',#4727,.T.);
#4727 = EDGE_LOOP('',(#4728));
#4728 = ORIENTED_EDGE('',*,*,#4497,.T.);
#4729 = PLANE('',#4730);
#4730 = AXIS2_PLACEMENT_3D('',#4731,#4732,#4733);
#4731 = CARTESIAN_POINT('',(39.5,139.,153.));
#4732 = DIRECTION('',(0.,0.,1.));
#4733 = DIRECTION('',(1.,0.,0.));
#4734 = ADVANCED_FACE('',(#4735),#4746,.T.);
#4735 = FACE_BOUND('',#4736,.T.);
#4736 = EDGE_LOOP('',(#4737,#4743,#4744,#4745));
#4737 = ORIENTED_EDGE('',*,*,#4738,.F.);
#4738 = EDGE_CURVE('',#4631,#4623,#4739,.T.);
#4739 = LINE('',#4740,#4741);
#4740 = CARTESIAN_POINT('',(14.5,102.,136.));
#4741 = VECTOR('',#4742,1.);
#4742 = DIRECTION('',(1.,0.,0.));
#4743 = ORIENTED_EDGE('',*,*,#4639,.T.);
#4744 = ORIENTED_EDGE('',*,*,#4695,.T.);
#4745 = ORIENTED_EDGE('',*,*,#4622,.F.);
#4746 = PLANE('',#4747);
#4747 = AXIS2_PLACEMENT_3D('',#4748,#4749,#4750);
#4748 = CARTESIAN_POINT('',(14.5,102.,136.));
#4749 = DIRECTION('',(0.,1.,0.));
#4750 = DIRECTION('',(0.,0.,1.));
#4751 = ADVANCED_FACE('',(#4752),#4756,.F.);
#4752 = FACE_BOUND('',#4753,.F.);
#4753 = EDGE_LOOP('',(#4754,#4755));
#4754 = ORIENTED_EDGE('',*,*,#4738,.F.);
#4755 = ORIENTED_EDGE('',*,*,#4630,.T.);
#4756 = PLANE('',#4757);
#4757 = AXIS2_PLACEMENT_3D('',#4758,#4759,#4760);
#4758 = CARTESIAN_POINT('',(14.5,83.,136.));
#4759 = DIRECTION('',(0.,0.,1.));
#4760 = DIRECTION('',(1.,0.,0.));
#4761 = MANIFOLD_SOLID_BREP('',#4762);
#4762 = CLOSED_SHELL('',(#4763,#4796,#4884,#4948,#4965,#4982,#4999,#5048
    ,#5096,#5120,#5161,#5178,#5196,#5245,#5262,#5289,#5306,#5343,#5353,
    #5373,#5398));
#4763 = ADVANCED_FACE('',(#4764),#4791,.T.);
#4764 = FACE_BOUND('',#4765,.T.);
#4765 = EDGE_LOOP('',(#4766,#4775,#4783,#4790));
#4766 = ORIENTED_EDGE('',*,*,#4767,.F.);
#4767 = EDGE_CURVE('',#4768,#4768,#4770,.T.);
#4768 = VERTEX_POINT('',#4769);
#4769 = CARTESIAN_POINT('',(60.,113.,147.));
#4770 = CIRCLE('',#4771,20.5);
#4771 = AXIS2_PLACEMENT_3D('',#4772,#4773,#4774);
#4772 = CARTESIAN_POINT('',(39.5,113.,147.));
#4773 = DIRECTION('',(0.,0.,1.));
#4774 = DIRECTION('',(1.,0.,0.));
#4775 = ORIENTED_EDGE('',*,*,#4776,.F.);
#4776 = EDGE_CURVE('',#4777,#4768,#4779,.T.);
#4777 = VERTEX_POINT('',#4778);
#4778 = CARTESIAN_POINT('',(60.,113.,144.));
#4779 = LINE('',#4780,#4781);
#4780 = CARTESIAN_POINT('',(60.,113.,144.));
#4781 = VECTOR('',#4782,1.);
#4782 = DIRECTION('',(0.,0.,1.));
#4783 = ORIENTED_EDGE('',*,*,#4784,.T.);
#4784 = EDGE_CURVE('',#4777,#4777,#4785,.T.);
#4785 = CIRCLE('',#4786,20.5);
#4786 = AXIS2_PLACEMENT_3D('',#4787,#4788,#4789);
#4787 = CARTESIAN_POINT('',(39.5,113.,144.));
#4788 = DIRECTION('',(0.,0.,1.));
#4789 = DIRECTION('',(1.,0.,0.));
#4790 = ORIENTED_EDGE('',*,*,#4776,.T.);
#4791 = CYLINDRICAL_SURFACE('',#4792,20.5);
#4792 = AXIS2_PLACEMENT_3D('',#4793,#4794,#4795);
#4793 = CARTESIAN_POINT('',(39.5,113.,144.));
#4794 = DIRECTION('',(0.,0.,1.));
#4795 = DIRECTION('',(1.,0.,0.));
#4796 = ADVANCED_FACE('',(#4797,#4800,#4811,#4822,#4833,#4868),#4879,.T.
  );
#4797 = FACE_BOUND('',#4798,.T.);
#4798 = EDGE_LOOP('',(#4799));
#4799 = ORIENTED_EDGE('',*,*,#4767,.T.);
#4800 = FACE_BOUND('',#4801,.T.);
#4801 = EDGE_LOOP('',(#4802));
#4802 = ORIENTED_EDGE('',*,*,#4803,.F.);
#4803 = EDGE_CURVE('',#4804,#4804,#4806,.T.);
#4804 = VERTEX_POINT('',#4805);
#4805 = CARTESIAN_POINT('',(27.659945904286,100.05994590428,147.));
#4806 = CIRCLE('',#4807,1.1);
#4807 = AXIS2_PLACEMENT_3D('',#4808,#4809,#4810);
#4808 = CARTESIAN_POINT('',(26.559945904286,100.05994590428,147.));
#4809 = DIRECTION('',(0.,0.,1.));
#4810 = DIRECTION('',(1.,0.,0.));
#4811 = FACE_BOUND('',#4812,.T.);
#4812 = EDGE_LOOP('',(#4813));
#4813 = ORIENTED_EDGE('',*,*,#4814,.F.);
#4814 = EDGE_CURVE('',#4815,#4815,#4817,.T.);
#4815 = VERTEX_POINT('',#4816);
#4816 = CARTESIAN_POINT('',(53.540054095714,100.05994590428,147.));
#4817 = CIRCLE('',#4818,1.1);
#4818 = AXIS2_PLACEMENT_3D('',#4819,#4820,#4821);
#4819 = CARTESIAN_POINT('',(52.440054095714,100.05994590428,147.));
#4820 = DIRECTION('',(0.,0.,1.));
#4821 = DIRECTION('',(1.,0.,0.));
#4822 = FACE_BOUND('',#4823,.T.);
#4823 = EDGE_LOOP('',(#4824));
#4824 = ORIENTED_EDGE('',*,*,#4825,.F.);
#4825 = EDGE_CURVE('',#4826,#4826,#4828,.T.);
#4826 = VERTEX_POINT('',#4827);
#4827 = CARTESIAN_POINT('',(27.659945904286,125.94005409571,147.));
#4828 = CIRCLE('',#4829,1.1);
#4829 = AXIS2_PLACEMENT_3D('',#4830,#4831,#4832);
#4830 = CARTESIAN_POINT('',(26.559945904286,125.94005409571,147.));
#4831 = DIRECTION('',(0.,0.,1.));
#4832 = DIRECTION('',(1.,0.,0.));
#4833 = FACE_BOUND('',#4834,.T.);
#4834 = EDGE_LOOP('',(#4835,#4846,#4854,#4862));
#4835 = ORIENTED_EDGE('',*,*,#4836,.F.);
#4836 = EDGE_CURVE('',#4837,#4839,#4841,.T.);
#4837 = VERTEX_POINT('',#4838);
#4838 = CARTESIAN_POINT('',(52.149110640674,116.,147.));
#4839 = VERTEX_POINT('',#4840);
#4840 = CARTESIAN_POINT('',(52.149110640674,110.,147.));
#4841 = CIRCLE('',#4842,13.);
#4842 = AXIS2_PLACEMENT_3D('',#4843,#4844,#4845);
#4843 = CARTESIAN_POINT('',(39.5,113.,147.));
#4844 = DIRECTION('',(0.,0.,1.));
#4845 = DIRECTION('',(1.,0.,0.));
#4846 = ORIENTED_EDGE('',*,*,#4847,.F.);
#4847 = EDGE_CURVE('',#4848,#4837,#4850,.T.);
#4848 = VERTEX_POINT('',#4849);
#4849 = CARTESIAN_POINT('',(58.5,116.,147.));
#4850 = LINE('',#4851,#4852);
#4851 = CARTESIAN_POINT('',(44.5,116.,147.));
#4852 = VECTOR('',#4853,1.);
#4853 = DIRECTION('',(-1.,0.,0.));
#4854 = ORIENTED_EDGE('',*,*,#4855,.F.);
#4855 = EDGE_CURVE('',#4856,#4848,#4858,.T.);
#4856 = VERTEX_POINT('',#4857);
#4857 = CARTESIAN_POINT('',(58.5,110.,147.));
#4858 = LINE('',#4859,#4860);
#4859 = CARTESIAN_POINT('',(58.5,111.5,147.));
#4860 = VECTOR('',#4861,1.);
#4861 = DIRECTION('',(0.,1.,0.));
#4862 = ORIENTED_EDGE('',*,*,#4863,.T.);
#4863 = EDGE_CURVE('',#4856,#4839,#4864,.T.);
#4864 = LINE('',#4865,#4866);
#4865 = CARTESIAN_POINT('',(44.5,110.,147.));
#4866 = VECTOR('',#4867,1.);
#4867 = DIRECTION('',(-1.,0.,0.));
#4868 = FACE_BOUND('',#4869,.T.);
#4869 = EDGE_LOOP('',(#4870));
#4870 = ORIENTED_EDGE('',*,*,#4871,.F.);
#4871 = EDGE_CURVE('',#4872,#4872,#4874,.T.);
#4872 = VERTEX_POINT('',#4873);
#4873 = CARTESIAN_POINT('',(53.540054095714,125.94005409571,147.));
#4874 = CIRCLE('',#4875,1.1);
#4875 = AXIS2_PLACEMENT_3D('',#4876,#4877,#4878);
#4876 = CARTESIAN_POINT('',(52.440054095714,125.94005409571,147.));
#4877 = DIRECTION('',(0.,0.,1.));
#4878 = DIRECTION('',(1.,0.,0.));
#4879 = PLANE('',#4880);
#4880 = AXIS2_PLACEMENT_3D('',#4881,#4882,#4883);
#4881 = CARTESIAN_POINT('',(39.5,113.,147.));
#4882 = DIRECTION('',(0.,0.,1.));
#4883 = DIRECTION('',(1.,0.,0.));
#4884 = ADVANCED_FACE('',(#4885,#4888,#4899,#4910,#4921,#4932),#4943,.F.
  );
#4885 = FACE_BOUND('',#4886,.F.);
#4886 = EDGE_LOOP('',(#4887));
#4887 = ORIENTED_EDGE('',*,*,#4784,.T.);
#4888 = FACE_BOUND('',#4889,.F.);
#4889 = EDGE_LOOP('',(#4890));
#4890 = ORIENTED_EDGE('',*,*,#4891,.F.);
#4891 = EDGE_CURVE('',#4892,#4892,#4894,.T.);
#4892 = VERTEX_POINT('',#4893);
#4893 = CARTESIAN_POINT('',(27.659945904286,100.05994590428,144.));
#4894 = CIRCLE('',#4895,1.1);
#4895 = AXIS2_PLACEMENT_3D('',#4896,#4897,#4898);
#4896 = CARTESIAN_POINT('',(26.559945904286,100.05994590428,144.));
#4897 = DIRECTION('',(0.,0.,1.));
#4898 = DIRECTION('',(1.,0.,0.));
#4899 = FACE_BOUND('',#4900,.F.);
#4900 = EDGE_LOOP('',(#4901));
#4901 = ORIENTED_EDGE('',*,*,#4902,.F.);
#4902 = EDGE_CURVE('',#4903,#4903,#4905,.T.);
#4903 = VERTEX_POINT('',#4904);
#4904 = CARTESIAN_POINT('',(53.540054095714,100.05994590428,144.));
#4905 = CIRCLE('',#4906,1.1);
#4906 = AXIS2_PLACEMENT_3D('',#4907,#4908,#4909);
#4907 = CARTESIAN_POINT('',(52.440054095714,100.05994590428,144.));
#4908 = DIRECTION('',(0.,0.,1.));
#4909 = DIRECTION('',(1.,0.,0.));
#4910 = FACE_BOUND('',#4911,.F.);
#4911 = EDGE_LOOP('',(#4912));
#4912 = ORIENTED_EDGE('',*,*,#4913,.F.);
#4913 = EDGE_CURVE('',#4914,#4914,#4916,.T.);
#4914 = VERTEX_POINT('',#4915);
#4915 = CARTESIAN_POINT('',(27.659945904286,125.94005409571,144.));
#4916 = CIRCLE('',#4917,1.1);
#4917 = AXIS2_PLACEMENT_3D('',#4918,#4919,#4920);
#4918 = CARTESIAN_POINT('',(26.559945904286,125.94005409571,144.));
#4919 = DIRECTION('',(0.,0.,1.));
#4920 = DIRECTION('',(1.,0.,0.));
#4921 = FACE_BOUND('',#4922,.F.);
#4922 = EDGE_LOOP('',(#4923));
#4923 = ORIENTED_EDGE('',*,*,#4924,.F.);
#4924 = EDGE_CURVE('',#4925,#4925,#4927,.T.);
#4925 = VERTEX_POINT('',#4926);
#4926 = CARTESIAN_POINT('',(52.5,113.,144.));
#4927 = CIRCLE('',#4928,13.);
#4928 = AXIS2_PLACEMENT_3D('',#4929,#4930,#4931);
#4929 = CARTESIAN_POINT('',(39.5,113.,144.));
#4930 = DIRECTION('',(0.,0.,1.));
#4931 = DIRECTION('',(1.,0.,0.));
#4932 = FACE_BOUND('',#4933,.F.);
#4933 = EDGE_LOOP('',(#4934));
#4934 = ORIENTED_EDGE('',*,*,#4935,.F.);
#4935 = EDGE_CURVE('',#4936,#4936,#4938,.T.);
#4936 = VERTEX_POINT('',#4937);
#4937 = CARTESIAN_POINT('',(53.540054095714,125.94005409571,144.));
#4938 = CIRCLE('',#4939,1.1);
#4939 = AXIS2_PLACEMENT_3D('',#4940,#4941,#4942);
#4940 = CARTESIAN_POINT('',(52.440054095714,125.94005409571,144.));
#4941 = DIRECTION('',(0.,0.,1.));
#4942 = DIRECTION('',(1.,0.,0.));
#4943 = PLANE('',#4944);
#4944 = AXIS2_PLACEMENT_3D('',#4945,#4946,#4947);
#4945 = CARTESIAN_POINT('',(39.5,113.,144.));
#4946 = DIRECTION('',(0.,0.,1.));
#4947 = DIRECTION('',(1.,0.,0.));
#4948 = ADVANCED_FACE('',(#4949),#4960,.F.);
#4949 = FACE_BOUND('',#4950,.F.);
#4950 = EDGE_LOOP('',(#4951,#4952,#4958,#4959));
#4951 = ORIENTED_EDGE('',*,*,#4803,.F.);
#4952 = ORIENTED_EDGE('',*,*,#4953,.F.);
#4953 = EDGE_CURVE('',#4892,#4804,#4954,.T.);
#4954 = LINE('',#4955,#4956);
#4955 = CARTESIAN_POINT('',(27.659945904286,100.05994590428,143.5));
#4956 = VECTOR('',#4957,1.);
#4957 = DIRECTION('',(0.,0.,1.));
#4958 = ORIENTED_EDGE('',*,*,#4891,.T.);
#4959 = ORIENTED_EDGE('',*,*,#4953,.T.);
#4960 = CYLINDRICAL_SURFACE('',#4961,1.1);
#4961 = AXIS2_PLACEMENT_3D('',#4962,#4963,#4964);
#4962 = CARTESIAN_POINT('',(26.559945904286,100.05994590428,143.5));
#4963 = DIRECTION('',(0.,0.,1.));
#4964 = DIRECTION('',(1.,0.,0.));
#4965 = ADVANCED_FACE('',(#4966),#4977,.F.);
#4966 = FACE_BOUND('',#4967,.F.);
#4967 = EDGE_LOOP('',(#4968,#4969,#4975,#4976));
#4968 = ORIENTED_EDGE('',*,*,#4814,.F.);
#4969 = ORIENTED_EDGE('',*,*,#4970,.F.);
#4970 = EDGE_CURVE('',#4903,#4815,#4971,.T.);
#4971 = LINE('',#4972,#4973);
#4972 = CARTESIAN_POINT('',(53.540054095714,100.05994590428,143.5));
#4973 = VECTOR('',#4974,1.);
#4974 = DIRECTION('',(0.,0.,1.));
#4975 = ORIENTED_EDGE('',*,*,#4902,.T.);
#4976 = ORIENTED_EDGE('',*,*,#4970,.T.);
#4977 = CYLINDRICAL_SURFACE('',#4978,1.1);
#4978 = AXIS2_PLACEMENT_3D('',#4979,#4980,#4981);
#4979 = CARTESIAN_POINT('',(52.440054095714,100.05994590428,143.5));
#4980 = DIRECTION('',(0.,0.,1.));
#4981 = DIRECTION('',(1.,0.,0.));
#4982 = ADVANCED_FACE('',(#4983),#4994,.F.);
#4983 = FACE_BOUND('',#4984,.F.);
#4984 = EDGE_LOOP('',(#4985,#4986,#4992,#4993));
#4985 = ORIENTED_EDGE('',*,*,#4825,.F.);
#4986 = ORIENTED_EDGE('',*,*,#4987,.F.);
#4987 = EDGE_CURVE('',#4914,#4826,#4988,.T.);
#4988 = LINE('',#4989,#4990);
#4989 = CARTESIAN_POINT('',(27.659945904286,125.94005409571,143.5));
#4990 = VECTOR('',#4991,1.);
#4991 = DIRECTION('',(0.,0.,1.));
#4992 = ORIENTED_EDGE('',*,*,#4913,.T.);
#4993 = ORIENTED_EDGE('',*,*,#4987,.T.);
#4994 = CYLINDRICAL_SURFACE('',#4995,1.1);
#4995 = AXIS2_PLACEMENT_3D('',#4996,#4997,#4998);
#4996 = CARTESIAN_POINT('',(26.559945904286,125.94005409571,143.5));
#4997 = DIRECTION('',(0.,0.,1.));
#4998 = DIRECTION('',(1.,0.,0.));
#4999 = ADVANCED_FACE('',(#5000),#5043,.F.);
#5000 = FACE_BOUND('',#5001,.F.);
#5001 = EDGE_LOOP('',(#5002,#5003,#5011,#5020,#5026,#5027,#5028,#5037));
#5002 = ORIENTED_EDGE('',*,*,#4836,.F.);
#5003 = ORIENTED_EDGE('',*,*,#5004,.F.);
#5004 = EDGE_CURVE('',#5005,#4837,#5007,.T.);
#5005 = VERTEX_POINT('',#5006);
#5006 = CARTESIAN_POINT('',(52.149110640674,116.,146.8));
#5007 = LINE('',#5008,#5009);
#5008 = CARTESIAN_POINT('',(52.149110640674,116.,143.9));
#5009 = VECTOR('',#5010,1.);
#5010 = DIRECTION('',(0.,0.,1.));
#5011 = ORIENTED_EDGE('',*,*,#5012,.F.);
#5012 = EDGE_CURVE('',#5013,#5005,#5015,.T.);
#5013 = VERTEX_POINT('',#5014);
#5014 = CARTESIAN_POINT('',(52.5,113.,146.8));
#5015 = CIRCLE('',#5016,13.);
#5016 = AXIS2_PLACEMENT_3D('',#5017,#5018,#5019);
#5017 = CARTESIAN_POINT('',(39.5,113.,146.8));
#5018 = DIRECTION('',(0.,0.,1.));
#5019 = DIRECTION('',(1.,0.,0.));
#5020 = ORIENTED_EDGE('',*,*,#5021,.F.);
#5021 = EDGE_CURVE('',#4925,#5013,#5022,.T.);
#5022 = LINE('',#5023,#5024);
#5023 = CARTESIAN_POINT('',(52.5,113.,143.9));
#5024 = VECTOR('',#5025,1.);
#5025 = DIRECTION('',(0.,0.,1.));
#5026 = ORIENTED_EDGE('',*,*,#4924,.T.);
#5027 = ORIENTED_EDGE('',*,*,#5021,.T.);
#5028 = ORIENTED_EDGE('',*,*,#5029,.F.);
#5029 = EDGE_CURVE('',#5030,#5013,#5032,.T.);
#5030 = VERTEX_POINT('',#5031);
#5031 = CARTESIAN_POINT('',(52.149110640674,110.,146.8));
#5032 = CIRCLE('',#5033,13.);
#5033 = AXIS2_PLACEMENT_3D('',#5034,#5035,#5036);
#5034 = CARTESIAN_POINT('',(39.5,113.,146.8));
#5035 = DIRECTION('',(0.,0.,1.));
#5036 = DIRECTION('',(1.,0.,0.));
#5037 = ORIENTED_EDGE('',*,*,#5038,.T.);
#5038 = EDGE_CURVE('',#5030,#4839,#5039,.T.);
#5039 = LINE('',#5040,#5041);
#5040 = CARTESIAN_POINT('',(52.149110640674,110.,143.9));
#5041 = VECTOR('',#5042,1.);
#5042 = DIRECTION('',(0.,0.,1.));
#5043 = CYLINDRICAL_SURFACE('',#5044,13.);
#5044 = AXIS2_PLACEMENT_3D('',#5045,#5046,#5047);
#5045 = CARTESIAN_POINT('',(39.5,113.,143.9));
#5046 = DIRECTION('',(0.,0.,1.));
#5047 = DIRECTION('',(1.,0.,0.));
#5048 = ADVANCED_FACE('',(#5049),#5091,.F.);
#5049 = FACE_BOUND('',#5050,.F.);
#5050 = EDGE_LOOP('',(#5051,#5059,#5067,#5075,#5083,#5089,#5090));
#5051 = ORIENTED_EDGE('',*,*,#5052,.F.);
#5052 = EDGE_CURVE('',#5053,#5030,#5055,.T.);
#5053 = VERTEX_POINT('',#5054);
#5054 = CARTESIAN_POINT('',(49.5,110.,146.8));
#5055 = LINE('',#5056,#5057);
#5056 = CARTESIAN_POINT('',(49.5,110.,146.8));
#5057 = VECTOR('',#5058,1.);
#5058 = DIRECTION('',(1.,0.,0.));
#5059 = ORIENTED_EDGE('',*,*,#5060,.T.);
#5060 = EDGE_CURVE('',#5053,#5061,#5063,.T.);
#5061 = VERTEX_POINT('',#5062);
#5062 = CARTESIAN_POINT('',(49.5,110.,155.));
#5063 = LINE('',#5064,#5065);
#5064 = CARTESIAN_POINT('',(49.5,110.,146.8));
#5065 = VECTOR('',#5066,1.);
#5066 = DIRECTION('',(0.,0.,1.));
#5067 = ORIENTED_EDGE('',*,*,#5068,.T.);
#5068 = EDGE_CURVE('',#5061,#5069,#5071,.T.);
#5069 = VERTEX_POINT('',#5070);
#5070 = CARTESIAN_POINT('',(51.5,110.,155.));
#5071 = LINE('',#5072,#5073);
#5072 = CARTESIAN_POINT('',(49.5,110.,155.));
#5073 = VECTOR('',#5074,1.);
#5074 = DIRECTION('',(1.,0.,0.));
#5075 = ORIENTED_EDGE('',*,*,#5076,.T.);
#5076 = EDGE_CURVE('',#5069,#5077,#5079,.T.);
#5077 = VERTEX_POINT('',#5078);
#5078 = CARTESIAN_POINT('',(58.5,110.,155.));
#5079 = LINE('',#5080,#5081);
#5080 = CARTESIAN_POINT('',(49.5,110.,155.));
#5081 = VECTOR('',#5082,1.);
#5082 = DIRECTION('',(1.,0.,0.));
#5083 = ORIENTED_EDGE('',*,*,#5084,.F.);
#5084 = EDGE_CURVE('',#4856,#5077,#5085,.T.);
#5085 = LINE('',#5086,#5087);
#5086 = CARTESIAN_POINT('',(58.5,110.,146.8));
#5087 = VECTOR('',#5088,1.);
#5088 = DIRECTION('',(0.,0.,1.));
#5089 = ORIENTED_EDGE('',*,*,#4863,.T.);
#5090 = ORIENTED_EDGE('',*,*,#5038,.F.);
#5091 = PLANE('',#5092);
#5092 = AXIS2_PLACEMENT_3D('',#5093,#5094,#5095);
#5093 = CARTESIAN_POINT('',(49.5,110.,146.8));
#5094 = DIRECTION('',(0.,1.,0.));
#5095 = DIRECTION('',(0.,0.,1.));
#5096 = ADVANCED_FACE('',(#5097),#5115,.T.);
#5097 = FACE_BOUND('',#5098,.T.);
#5098 = EDGE_LOOP('',(#5099,#5100,#5101,#5109));
#5099 = ORIENTED_EDGE('',*,*,#5084,.F.);
#5100 = ORIENTED_EDGE('',*,*,#4855,.T.);
#5101 = ORIENTED_EDGE('',*,*,#5102,.T.);
#5102 = EDGE_CURVE('',#4848,#5103,#5105,.T.);
#5103 = VERTEX_POINT('',#5104);
#5104 = CARTESIAN_POINT('',(58.5,116.,155.));
#5105 = LINE('',#5106,#5107);
#5106 = CARTESIAN_POINT('',(58.5,116.,146.8));
#5107 = VECTOR('',#5108,1.);
#5108 = DIRECTION('',(0.,0.,1.));
#5109 = ORIENTED_EDGE('',*,*,#5110,.F.);
#5110 = EDGE_CURVE('',#5077,#5103,#5111,.T.);
#5111 = LINE('',#5112,#5113);
#5112 = CARTESIAN_POINT('',(58.5,110.,155.));
#5113 = VECTOR('',#5114,1.);
#5114 = DIRECTION('',(0.,1.,0.));
#5115 = PLANE('',#5116);
#5116 = AXIS2_PLACEMENT_3D('',#5117,#5118,#5119);
#5117 = CARTESIAN_POINT('',(58.5,110.,146.8));
#5118 = DIRECTION('',(1.,0.,0.));
#5119 = DIRECTION('',(0.,0.,1.));
#5120 = ADVANCED_FACE('',(#5121),#5156,.T.);
#5121 = FACE_BOUND('',#5122,.T.);
#5122 = EDGE_LOOP('',(#5123,#5131,#5139,#5147,#5153,#5154,#5155));
#5123 = ORIENTED_EDGE('',*,*,#5124,.F.);
#5124 = EDGE_CURVE('',#5125,#5005,#5127,.T.);
#5125 = VERTEX_POINT('',#5126);
#5126 = CARTESIAN_POINT('',(49.5,116.,146.8));
#5127 = LINE('',#5128,#5129);
#5128 = CARTESIAN_POINT('',(49.5,116.,146.8));
#5129 = VECTOR('',#5130,1.);
#5130 = DIRECTION('',(1.,0.,0.));
#5131 = ORIENTED_EDGE('',*,*,#5132,.T.);
#5132 = EDGE_CURVE('',#5125,#5133,#5135,.T.);
#5133 = VERTEX_POINT('',#5134);
#5134 = CARTESIAN_POINT('',(49.5,116.,155.));
#5135 = LINE('',#5136,#5137);
#5136 = CARTESIAN_POINT('',(49.5,116.,146.8));
#5137 = VECTOR('',#5138,1.);
#5138 = DIRECTION('',(0.,0.,1.));
#5139 = ORIENTED_EDGE('',*,*,#5140,.T.);
#5140 = EDGE_CURVE('',#5133,#5141,#5143,.T.);
#5141 = VERTEX_POINT('',#5142);
#5142 = CARTESIAN_POINT('',(51.5,116.,155.));
#5143 = LINE('',#5144,#5145);
#5144 = CARTESIAN_POINT('',(49.5,116.,155.));
#5145 = VECTOR('',#5146,1.);
#5146 = DIRECTION('',(1.,0.,0.));
#5147 = ORIENTED_EDGE('',*,*,#5148,.T.);
#5148 = EDGE_CURVE('',#5141,#5103,#5149,.T.);
#5149 = LINE('',#5150,#5151);
#5150 = CARTESIAN_POINT('',(49.5,116.,155.));
#5151 = VECTOR('',#5152,1.);
#5152 = DIRECTION('',(1.,0.,0.));
#5153 = ORIENTED_EDGE('',*,*,#5102,.F.);
#5154 = ORIENTED_EDGE('',*,*,#4847,.T.);
#5155 = ORIENTED_EDGE('',*,*,#5004,.F.);
#5156 = PLANE('',#5157);
#5157 = AXIS2_PLACEMENT_3D('',#5158,#5159,#5160);
#5158 = CARTESIAN_POINT('',(49.5,116.,146.8));
#5159 = DIRECTION('',(0.,1.,0.));
#5160 = DIRECTION('',(0.,0.,1.));
#5161 = ADVANCED_FACE('',(#5162),#5173,.F.);
#5162 = FACE_BOUND('',#5163,.F.);
#5163 = EDGE_LOOP('',(#5164,#5165,#5171,#5172));
#5164 = ORIENTED_EDGE('',*,*,#4871,.F.);
#5165 = ORIENTED_EDGE('',*,*,#5166,.F.);
#5166 = EDGE_CURVE('',#4936,#4872,#5167,.T.);
#5167 = LINE('',#5168,#5169);
#5168 = CARTESIAN_POINT('',(53.540054095714,125.94005409571,143.5));
#5169 = VECTOR('',#5170,1.);
#5170 = DIRECTION('',(0.,0.,1.));
#5171 = ORIENTED_EDGE('',*,*,#4935,.T.);
#5172 = ORIENTED_EDGE('',*,*,#5166,.T.);
#5173 = CYLINDRICAL_SURFACE('',#5174,1.1);
#5174 = AXIS2_PLACEMENT_3D('',#5175,#5176,#5177);
#5175 = CARTESIAN_POINT('',(52.440054095714,125.94005409571,143.5));
#5176 = DIRECTION('',(0.,0.,1.));
#5177 = DIRECTION('',(1.,0.,0.));
#5178 = ADVANCED_FACE('',(#5179),#5191,.F.);
#5179 = FACE_BOUND('',#5180,.F.);
#5180 = EDGE_LOOP('',(#5181,#5182,#5188,#5189,#5190));
#5181 = ORIENTED_EDGE('',*,*,#5124,.F.);
#5182 = ORIENTED_EDGE('',*,*,#5183,.F.);
#5183 = EDGE_CURVE('',#5053,#5125,#5184,.T.);
#5184 = LINE('',#5185,#5186);
#5185 = CARTESIAN_POINT('',(49.5,110.,146.8));
#5186 = VECTOR('',#5187,1.);
#5187 = DIRECTION('',(0.,1.,0.));
#5188 = ORIENTED_EDGE('',*,*,#5052,.T.);
#5189 = ORIENTED_EDGE('',*,*,#5029,.T.);
#5190 = ORIENTED_EDGE('',*,*,#5012,.T.);
#5191 = PLANE('',#5192);
#5192 = AXIS2_PLACEMENT_3D('',#5193,#5194,#5195);
#5193 = CARTESIAN_POINT('',(49.5,110.,146.8));
#5194 = DIRECTION('',(0.,0.,1.));
#5195 = DIRECTION('',(1.,0.,0.));
#5196 = ADVANCED_FACE('',(#5197),#5240,.F.);
#5197 = FACE_BOUND('',#5198,.F.);
#5198 = EDGE_LOOP('',(#5199,#5207,#5208,#5209,#5210,#5218,#5226,#5234));
#5199 = ORIENTED_EDGE('',*,*,#5200,.F.);
#5200 = EDGE_CURVE('',#5061,#5201,#5203,.T.);
#5201 = VERTEX_POINT('',#5202);
#5202 = CARTESIAN_POINT('',(49.5,110.7639320225,155.));
#5203 = LINE('',#5204,#5205);
#5204 = CARTESIAN_POINT('',(49.5,110.,155.));
#5205 = VECTOR('',#5206,1.);
#5206 = DIRECTION('',(0.,1.,0.));
#5207 = ORIENTED_EDGE('',*,*,#5060,.F.);
#5208 = ORIENTED_EDGE('',*,*,#5183,.T.);
#5209 = ORIENTED_EDGE('',*,*,#5132,.T.);
#5210 = ORIENTED_EDGE('',*,*,#5211,.F.);
#5211 = EDGE_CURVE('',#5212,#5133,#5214,.T.);
#5212 = VERTEX_POINT('',#5213);
#5213 = CARTESIAN_POINT('',(49.5,115.2360679775,155.));
#5214 = LINE('',#5215,#5216);
#5215 = CARTESIAN_POINT('',(49.5,110.,155.));
#5216 = VECTOR('',#5217,1.);
#5217 = DIRECTION('',(0.,1.,0.));
#5218 = ORIENTED_EDGE('',*,*,#5219,.F.);
#5219 = EDGE_CURVE('',#5220,#5212,#5222,.T.);
#5220 = VERTEX_POINT('',#5221);
#5221 = CARTESIAN_POINT('',(49.5,115.2360679775,154.));
#5222 = LINE('',#5223,#5224);
#5223 = CARTESIAN_POINT('',(49.5,115.2360679775,154.));
#5224 = VECTOR('',#5225,1.);
#5225 = DIRECTION('',(0.,0.,1.));
#5226 = ORIENTED_EDGE('',*,*,#5227,.T.);
#5227 = EDGE_CURVE('',#5220,#5228,#5230,.T.);
#5228 = VERTEX_POINT('',#5229);
#5229 = CARTESIAN_POINT('',(49.5,110.7639320225,154.));
#5230 = LINE('',#5231,#5232);
#5231 = CARTESIAN_POINT('',(49.5,111.5,154.));
#5232 = VECTOR('',#5233,1.);
#5233 = DIRECTION('',(0.,-1.,0.));
#5234 = ORIENTED_EDGE('',*,*,#5235,.T.);
#5235 = EDGE_CURVE('',#5228,#5201,#5236,.T.);
#5236 = LINE('',#5237,#5238);
#5237 = CARTESIAN_POINT('',(49.5,110.7639320225,154.));
#5238 = VECTOR('',#5239,1.);
#5239 = DIRECTION('',(0.,0.,1.));
#5240 = PLANE('',#5241);
#5241 = AXIS2_PLACEMENT_3D('',#5242,#5243,#5244);
#5242 = CARTESIAN_POINT('',(49.5,110.,146.8));
#5243 = DIRECTION('',(1.,0.,0.));
#5244 = DIRECTION('',(0.,0.,1.));
#5245 = ADVANCED_FACE('',(#5246),#5257,.T.);
#5246 = FACE_BOUND('',#5247,.T.);
#5247 = EDGE_LOOP('',(#5248,#5249,#5250));
#5248 = ORIENTED_EDGE('',*,*,#5200,.F.);
#5249 = ORIENTED_EDGE('',*,*,#5068,.T.);
#5250 = ORIENTED_EDGE('',*,*,#5251,.F.);
#5251 = EDGE_CURVE('',#5201,#5069,#5252,.T.);
#5252 = CIRCLE('',#5253,3.);
#5253 = AXIS2_PLACEMENT_3D('',#5254,#5255,#5256);
#5254 = CARTESIAN_POINT('',(51.5,113.,155.));
#5255 = DIRECTION('',(0.,0.,1.));
#5256 = DIRECTION('',(1.,0.,0.));
#5257 = PLANE('',#5258);
#5258 = AXIS2_PLACEMENT_3D('',#5259,#5260,#5261);
#5259 = CARTESIAN_POINT('',(49.5,110.,155.));
#5260 = DIRECTION('',(0.,0.,1.));
#5261 = DIRECTION('',(1.,0.,0.));
#5262 = ADVANCED_FACE('',(#5263),#5284,.T.);
#5263 = FACE_BOUND('',#5264,.T.);
#5264 = EDGE_LOOP('',(#5265,#5274,#5275,#5276,#5277));
#5265 = ORIENTED_EDGE('',*,*,#5266,.F.);
#5266 = EDGE_CURVE('',#5069,#5267,#5269,.T.);
#5267 = VERTEX_POINT('',#5268);
#5268 = CARTESIAN_POINT('',(54.5,113.,155.));
#5269 = CIRCLE('',#5270,3.);
#5270 = AXIS2_PLACEMENT_3D('',#5271,#5272,#5273);
#5271 = CARTESIAN_POINT('',(51.5,113.,155.));
#5272 = DIRECTION('',(0.,0.,1.));
#5273 = DIRECTION('',(1.,0.,0.));
#5274 = ORIENTED_EDGE('',*,*,#5076,.T.);
#5275 = ORIENTED_EDGE('',*,*,#5110,.T.);
#5276 = ORIENTED_EDGE('',*,*,#5148,.F.);
#5277 = ORIENTED_EDGE('',*,*,#5278,.F.);
#5278 = EDGE_CURVE('',#5267,#5141,#5279,.T.);
#5279 = CIRCLE('',#5280,3.);
#5280 = AXIS2_PLACEMENT_3D('',#5281,#5282,#5283);
#5281 = CARTESIAN_POINT('',(51.5,113.,155.));
#5282 = DIRECTION('',(0.,0.,1.));
#5283 = DIRECTION('',(1.,0.,0.));
#5284 = PLANE('',#5285);
#5285 = AXIS2_PLACEMENT_3D('',#5286,#5287,#5288);
#5286 = CARTESIAN_POINT('',(49.5,110.,155.));
#5287 = DIRECTION('',(0.,0.,1.));
#5288 = DIRECTION('',(1.,0.,0.));
#5289 = ADVANCED_FACE('',(#5290),#5301,.T.);
#5290 = FACE_BOUND('',#5291,.T.);
#5291 = EDGE_LOOP('',(#5292,#5293,#5300));
#5292 = ORIENTED_EDGE('',*,*,#5211,.F.);
#5293 = ORIENTED_EDGE('',*,*,#5294,.F.);
#5294 = EDGE_CURVE('',#5141,#5212,#5295,.T.);
#5295 = CIRCLE('',#5296,3.);
#5296 = AXIS2_PLACEMENT_3D('',#5297,#5298,#5299);
#5297 = CARTESIAN_POINT('',(51.5,113.,155.));
#5298 = DIRECTION('',(0.,0.,1.));
#5299 = DIRECTION('',(1.,0.,0.));
#5300 = ORIENTED_EDGE('',*,*,#5140,.F.);
#5301 = PLANE('',#5302);
#5302 = AXIS2_PLACEMENT_3D('',#5303,#5304,#5305);
#5303 = CARTESIAN_POINT('',(49.5,110.,155.));
#5304 = DIRECTION('',(0.,0.,1.));
#5305 = DIRECTION('',(1.,0.,0.));
#5306 = ADVANCED_FACE('',(#5307),#5338,.T.);
#5307 = FACE_BOUND('',#5308,.T.);
#5308 = EDGE_LOOP('',(#5309,#5317,#5324,#5325,#5326,#5327,#5328,#5335,
    #5336,#5337));
#5309 = ORIENTED_EDGE('',*,*,#5310,.T.);
#5310 = EDGE_CURVE('',#5267,#5311,#5313,.T.);
#5311 = VERTEX_POINT('',#5312);
#5312 = CARTESIAN_POINT('',(54.5,113.,157.8));
#5313 = LINE('',#5314,#5315);
#5314 = CARTESIAN_POINT('',(54.5,113.,154.));
#5315 = VECTOR('',#5316,1.);
#5316 = DIRECTION('',(0.,0.,1.));
#5317 = ORIENTED_EDGE('',*,*,#5318,.F.);
#5318 = EDGE_CURVE('',#5311,#5311,#5319,.T.);
#5319 = CIRCLE('',#5320,3.);
#5320 = AXIS2_PLACEMENT_3D('',#5321,#5322,#5323);
#5321 = CARTESIAN_POINT('',(51.5,113.,157.8));
#5322 = DIRECTION('',(0.,0.,1.));
#5323 = DIRECTION('',(1.,0.,0.));
#5324 = ORIENTED_EDGE('',*,*,#5310,.F.);
#5325 = ORIENTED_EDGE('',*,*,#5278,.T.);
#5326 = ORIENTED_EDGE('',*,*,#5294,.T.);
#5327 = ORIENTED_EDGE('',*,*,#5219,.F.);
#5328 = ORIENTED_EDGE('',*,*,#5329,.T.);
#5329 = EDGE_CURVE('',#5220,#5228,#5330,.T.);
#5330 = CIRCLE('',#5331,3.);
#5331 = AXIS2_PLACEMENT_3D('',#5332,#5333,#5334);
#5332 = CARTESIAN_POINT('',(51.5,113.,154.));
#5333 = DIRECTION('',(0.,0.,1.));
#5334 = DIRECTION('',(1.,0.,0.));
#5335 = ORIENTED_EDGE('',*,*,#5235,.T.);
#5336 = ORIENTED_EDGE('',*,*,#5251,.T.);
#5337 = ORIENTED_EDGE('',*,*,#5266,.T.);
#5338 = CYLINDRICAL_SURFACE('',#5339,3.);
#5339 = AXIS2_PLACEMENT_3D('',#5340,#5341,#5342);
#5340 = CARTESIAN_POINT('',(51.5,113.,154.));
#5341 = DIRECTION('',(0.,0.,1.));
#5342 = DIRECTION('',(1.,0.,0.));
#5343 = ADVANCED_FACE('',(#5344),#5348,.F.);
#5344 = FACE_BOUND('',#5345,.F.);
#5345 = EDGE_LOOP('',(#5346,#5347));
#5346 = ORIENTED_EDGE('',*,*,#5227,.F.);
#5347 = ORIENTED_EDGE('',*,*,#5329,.T.);
#5348 = PLANE('',#5349);
#5349 = AXIS2_PLACEMENT_3D('',#5350,#5351,#5352);
#5350 = CARTESIAN_POINT('',(51.5,113.,154.));
#5351 = DIRECTION('',(0.,0.,1.));
#5352 = DIRECTION('',(1.,0.,0.));
#5353 = ADVANCED_FACE('',(#5354,#5357),#5368,.T.);
#5354 = FACE_BOUND('',#5355,.T.);
#5355 = EDGE_LOOP('',(#5356));
#5356 = ORIENTED_EDGE('',*,*,#5318,.T.);
#5357 = FACE_BOUND('',#5358,.T.);
#5358 = EDGE_LOOP('',(#5359));
#5359 = ORIENTED_EDGE('',*,*,#5360,.F.);
#5360 = EDGE_CURVE('',#5361,#5361,#5363,.T.);
#5361 = VERTEX_POINT('',#5362);
#5362 = CARTESIAN_POINT('',(52.6,113.,157.8));
#5363 = CIRCLE('',#5364,1.1);
#5364 = AXIS2_PLACEMENT_3D('',#5365,#5366,#5367);
#5365 = CARTESIAN_POINT('',(51.5,113.,157.8));
#5366 = DIRECTION('',(0.,0.,1.));
#5367 = DIRECTION('',(1.,0.,0.));
#5368 = PLANE('',#5369);
#5369 = AXIS2_PLACEMENT_3D('',#5370,#5371,#5372);
#5370 = CARTESIAN_POINT('',(51.5,113.,157.8));
#5371 = DIRECTION('',(0.,0.,1.));
#5372 = DIRECTION('',(1.,0.,0.));
#5373 = ADVANCED_FACE('',(#5374),#5393,.F.);
#5374 = FACE_BOUND('',#5375,.F.);
#5375 = EDGE_LOOP('',(#5376,#5377,#5385,#5392));
#5376 = ORIENTED_EDGE('',*,*,#5360,.F.);
#5377 = ORIENTED_EDGE('',*,*,#5378,.F.);
#5378 = EDGE_CURVE('',#5379,#5361,#5381,.T.);
#5379 = VERTEX_POINT('',#5380);
#5380 = CARTESIAN_POINT('',(52.6,113.,153.));
#5381 = LINE('',#5382,#5383);
#5382 = CARTESIAN_POINT('',(52.6,113.,153.));
#5383 = VECTOR('',#5384,1.);
#5384 = DIRECTION('',(0.,0.,1.));
#5385 = ORIENTED_EDGE('',*,*,#5386,.T.);
#5386 = EDGE_CURVE('',#5379,#5379,#5387,.T.);
#5387 = CIRCLE('',#5388,1.1);
#5388 = AXIS2_PLACEMENT_3D('',#5389,#5390,#5391);
#5389 = CARTESIAN_POINT('',(51.5,113.,153.));
#5390 = DIRECTION('',(0.,0.,1.));
#5391 = DIRECTION('',(1.,0.,0.));
#5392 = ORIENTED_EDGE('',*,*,#5378,.T.);
#5393 = CYLINDRICAL_SURFACE('',#5394,1.1);
#5394 = AXIS2_PLACEMENT_3D('',#5395,#5396,#5397);
#5395 = CARTESIAN_POINT('',(51.5,113.,153.));
#5396 = DIRECTION('',(0.,0.,1.));
#5397 = DIRECTION('',(1.,0.,0.));
#5398 = ADVANCED_FACE('',(#5399),#5402,.T.);
#5399 = FACE_BOUND('',#5400,.F.);
#5400 = EDGE_LOOP('',(#5401));
#5401 = ORIENTED_EDGE('',*,*,#5386,.F.);
#5402 = PLANE('',#5403);
#5403 = AXIS2_PLACEMENT_3D('',#5404,#5405,#5406);
#5404 = CARTESIAN_POINT('',(51.5,113.,153.));
#5405 = DIRECTION('',(0.,0.,1.));
#5406 = DIRECTION('',(1.,0.,0.));
#5407 = MANIFOLD_SOLID_BREP('',#5408);
#5408 = CLOSED_SHELL('',(#5409,#5449,#5482,#5529,#5554,#5593,#5605,#5622
    ));
#5409 = ADVANCED_FACE('',(#5410),#5444,.F.);
#5410 = FACE_BOUND('',#5411,.F.);
#5411 = EDGE_LOOP('',(#5412,#5422,#5430,#5438));
#5412 = ORIENTED_EDGE('',*,*,#5413,.F.);
#5413 = EDGE_CURVE('',#5414,#5416,#5418,.T.);
#5414 = VERTEX_POINT('',#5415);
#5415 = CARTESIAN_POINT('',(48.5,113.,158.8));
#5416 = VERTEX_POINT('',#5417);
#5417 = CARTESIAN_POINT('',(48.5,113.,161.8));
#5418 = LINE('',#5419,#5420);
#5419 = CARTESIAN_POINT('',(48.5,113.,158.8));
#5420 = VECTOR('',#5421,1.);
#5421 = DIRECTION('',(0.,0.,1.));
#5422 = ORIENTED_EDGE('',*,*,#5423,.T.);
#5423 = EDGE_CURVE('',#5414,#5424,#5426,.T.);
#5424 = VERTEX_POINT('',#5425);
#5425 = CARTESIAN_POINT('',(48.5,155.,158.8));
#5426 = LINE('',#5427,#5428);
#5427 = CARTESIAN_POINT('',(48.5,113.,158.8));
#5428 = VECTOR('',#5429,1.);
#5429 = DIRECTION('',(0.,1.,0.));
#5430 = ORIENTED_EDGE('',*,*,#5431,.T.);
#5431 = EDGE_CURVE('',#5424,#5432,#5434,.T.);
#5432 = VERTEX_POINT('',#5433);
#5433 = CARTESIAN_POINT('',(48.5,155.,161.8));
#5434 = LINE('',#5435,#5436);
#5435 = CARTESIAN_POINT('',(48.5,155.,158.8));
#5436 = VECTOR('',#5437,1.);
#5437 = DIRECTION('',(0.,0.,1.));
#5438 = ORIENTED_EDGE('',*,*,#5439,.F.);
#5439 = EDGE_CURVE('',#5416,#5432,#5440,.T.);
#5440 = LINE('',#5441,#5442);
#5441 = CARTESIAN_POINT('',(48.5,113.,161.8));
#5442 = VECTOR('',#5443,1.);
#5443 = DIRECTION('',(0.,1.,0.));
#5444 = PLANE('',#5445);
#5445 = AXIS2_PLACEMENT_3D('',#5446,#5447,#5448);
#5446 = CARTESIAN_POINT('',(48.5,113.,158.8));
#5447 = DIRECTION('',(1.,0.,0.));
#5448 = DIRECTION('',(0.,0.,1.));
#5449 = ADVANCED_FACE('',(#5450),#5477,.T.);
#5450 = FACE_BOUND('',#5451,.T.);
#5451 = EDGE_LOOP('',(#5452,#5462,#5469,#5470));
#5452 = ORIENTED_EDGE('',*,*,#5453,.T.);
#5453 = EDGE_CURVE('',#5454,#5456,#5458,.T.);
#5454 = VERTEX_POINT('',#5455);
#5455 = CARTESIAN_POINT('',(54.5,113.,158.8));
#5456 = VERTEX_POINT('',#5457);
#5457 = CARTESIAN_POINT('',(54.5,113.,161.8));
#5458 = LINE('',#5459,#5460);
#5459 = CARTESIAN_POINT('',(54.5,113.,158.8));
#5460 = VECTOR('',#5461,1.);
#5461 = DIRECTION('',(0.,0.,1.));
#5462 = ORIENTED_EDGE('',*,*,#5463,.F.);
#5463 = EDGE_CURVE('',#5416,#5456,#5464,.T.);
#5464 = CIRCLE('',#5465,3.);
#5465 = AXIS2_PLACEMENT_3D('',#5466,#5467,#5468);
#5466 = CARTESIAN_POINT('',(51.5,113.,161.8));
#5467 = DIRECTION('',(0.,0.,1.));
#5468 = DIRECTION('',(1.,0.,0.));
#5469 = ORIENTED_EDGE('',*,*,#5413,.F.);
#5470 = ORIENTED_EDGE('',*,*,#5471,.T.);
#5471 = EDGE_CURVE('',#5414,#5454,#5472,.T.);
#5472 = CIRCLE('',#5473,3.);
#5473 = AXIS2_PLACEMENT_3D('',#5474,#5475,#5476);
#5474 = CARTESIAN_POINT('',(51.5,113.,158.8));
#5475 = DIRECTION('',(0.,0.,1.));
#5476 = DIRECTION('',(1.,0.,0.));
#5477 = CYLINDRICAL_SURFACE('',#5478,3.);
#5478 = AXIS2_PLACEMENT_3D('',#5479,#5480,#5481);
#5479 = CARTESIAN_POINT('',(51.5,113.,158.8));
#5480 = DIRECTION('',(0.,0.,1.));
#5481 = DIRECTION('',(1.,0.,0.));
#5482 = ADVANCED_FACE('',(#5483,#5502,#5513),#5524,.T.);
#5483 = FACE_BOUND('',#5484,.T.);
#5484 = EDGE_LOOP('',(#5485,#5486,#5487,#5495));
#5485 = ORIENTED_EDGE('',*,*,#5439,.F.);
#5486 = ORIENTED_EDGE('',*,*,#5463,.T.);
#5487 = ORIENTED_EDGE('',*,*,#5488,.T.);
#5488 = EDGE_CURVE('',#5456,#5489,#5491,.T.);
#5489 = VERTEX_POINT('',#5490);
#5490 = CARTESIAN_POINT('',(54.5,155.,161.8));
#5491 = LINE('',#5492,#5493);
#5492 = CARTESIAN_POINT('',(54.5,113.,161.8));
#5493 = VECTOR('',#5494,1.);
#5494 = DIRECTION('',(0.,1.,0.));
#5495 = ORIENTED_EDGE('',*,*,#5496,.T.);
#5496 = EDGE_CURVE('',#5489,#5432,#5497,.T.);
#5497 = CIRCLE('',#5498,3.);
#5498 = AXIS2_PLACEMENT_3D('',#5499,#5500,#5501);
#5499 = CARTESIAN_POINT('',(51.5,155.,161.8));
#5500 = DIRECTION('',(0.,0.,1.));
#5501 = DIRECTION('',(1.,0.,0.));
#5502 = FACE_BOUND('',#5503,.T.);
#5503 = EDGE_LOOP('',(#5504));
#5504 = ORIENTED_EDGE('',*,*,#5505,.F.);
#5505 = EDGE_CURVE('',#5506,#5506,#5508,.T.);
#5506 = VERTEX_POINT('',#5507);
#5507 = CARTESIAN_POINT('',(52.6,113.,161.8));
#5508 = CIRCLE('',#5509,1.1);
#5509 = AXIS2_PLACEMENT_3D('',#5510,#5511,#5512);
#5510 = CARTESIAN_POINT('',(51.5,113.,161.8));
#5511 = DIRECTION('',(0.,0.,1.));
#5512 = DIRECTION('',(1.,0.,0.));
#5513 = FACE_BOUND('',#5514,.T.);
#5514 = EDGE_LOOP('',(#5515));
#5515 = ORIENTED_EDGE('',*,*,#5516,.F.);
#5516 = EDGE_CURVE('',#5517,#5517,#5519,.T.);
#5517 = VERTEX_POINT('',#5518);
#5518 = CARTESIAN_POINT('',(52.6,155.,161.8));
#5519 = CIRCLE('',#5520,1.1);
#5520 = AXIS2_PLACEMENT_3D('',#5521,#5522,#5523);
#5521 = CARTESIAN_POINT('',(51.5,155.,161.8));
#5522 = DIRECTION('',(0.,0.,1.));
#5523 = DIRECTION('',(1.,0.,0.));
#5524 = PLANE('',#5525);
#5525 = AXIS2_PLACEMENT_3D('',#5526,#5527,#5528);
#5526 = CARTESIAN_POINT('',(51.5,134.,161.8));
#5527 = DIRECTION('',(0.,0.,1.));
#5528 = DIRECTION('',(1.,0.,0.));
#5529 = ADVANCED_FACE('',(#5530),#5549,.T.);
#5530 = FACE_BOUND('',#5531,.T.);
#5531 = EDGE_LOOP('',(#5532,#5533,#5541,#5548));
#5532 = ORIENTED_EDGE('',*,*,#5496,.F.);
#5533 = ORIENTED_EDGE('',*,*,#5534,.F.);
#5534 = EDGE_CURVE('',#5535,#5489,#5537,.T.);
#5535 = VERTEX_POINT('',#5536);
#5536 = CARTESIAN_POINT('',(54.5,155.,158.8));
#5537 = LINE('',#5538,#5539);
#5538 = CARTESIAN_POINT('',(54.5,155.,158.8));
#5539 = VECTOR('',#5540,1.);
#5540 = DIRECTION('',(0.,0.,1.));
#5541 = ORIENTED_EDGE('',*,*,#5542,.T.);
#5542 = EDGE_CURVE('',#5535,#5424,#5543,.T.);
#5543 = CIRCLE('',#5544,3.);
#5544 = AXIS2_PLACEMENT_3D('',#5545,#5546,#5547);
#5545 = CARTESIAN_POINT('',(51.5,155.,158.8));
#5546 = DIRECTION('',(0.,0.,1.));
#5547 = DIRECTION('',(1.,0.,0.));
#5548 = ORIENTED_EDGE('',*,*,#5431,.T.);
#5549 = CYLINDRICAL_SURFACE('',#5550,3.);
#5550 = AXIS2_PLACEMENT_3D('',#5551,#5552,#5553);
#5551 = CARTESIAN_POINT('',(51.5,155.,158.8));
#5552 = DIRECTION('',(0.,0.,1.));
#5553 = DIRECTION('',(1.,0.,0.));
#5554 = ADVANCED_FACE('',(#5555,#5566,#5577),#5588,.T.);
#5555 = FACE_BOUND('',#5556,.T.);
#5556 = EDGE_LOOP('',(#5557,#5558,#5559,#5565));
#5557 = ORIENTED_EDGE('',*,*,#5423,.T.);
#5558 = ORIENTED_EDGE('',*,*,#5542,.F.);
#5559 = ORIENTED_EDGE('',*,*,#5560,.F.);
#5560 = EDGE_CURVE('',#5454,#5535,#5561,.T.);
#5561 = LINE('',#5562,#5563);
#5562 = CARTESIAN_POINT('',(54.5,113.,158.8));
#5563 = VECTOR('',#5564,1.);
#5564 = DIRECTION('',(0.,1.,0.));
#5565 = ORIENTED_EDGE('',*,*,#5471,.F.);
#5566 = FACE_BOUND('',#5567,.T.);
#5567 = EDGE_LOOP('',(#5568));
#5568 = ORIENTED_EDGE('',*,*,#5569,.T.);
#5569 = EDGE_CURVE('',#5570,#5570,#5572,.T.);
#5570 = VERTEX_POINT('',#5571);
#5571 = CARTESIAN_POINT('',(52.6,113.,158.8));
#5572 = CIRCLE('',#5573,1.1);
#5573 = AXIS2_PLACEMENT_3D('',#5574,#5575,#5576);
#5574 = CARTESIAN_POINT('',(51.5,113.,158.8));
#5575 = DIRECTION('',(0.,0.,1.));
#5576 = DIRECTION('',(1.,0.,0.));
#5577 = FACE_BOUND('',#5578,.T.);
#5578 = EDGE_LOOP('',(#5579));
#5579 = ORIENTED_EDGE('',*,*,#5580,.T.);
#5580 = EDGE_CURVE('',#5581,#5581,#5583,.T.);
#5581 = VERTEX_POINT('',#5582);
#5582 = CARTESIAN_POINT('',(52.6,155.,158.8));
#5583 = CIRCLE('',#5584,1.1);
#5584 = AXIS2_PLACEMENT_3D('',#5585,#5586,#5587);
#5585 = CARTESIAN_POINT('',(51.5,155.,158.8));
#5586 = DIRECTION('',(0.,0.,1.));
#5587 = DIRECTION('',(1.,0.,0.));
#5588 = PLANE('',#5589);
#5589 = AXIS2_PLACEMENT_3D('',#5590,#5591,#5592);
#5590 = CARTESIAN_POINT('',(51.5,134.,158.8));
#5591 = DIRECTION('',(-0.,-0.,-1.));
#5592 = DIRECTION('',(-1.,0.,0.));
#5593 = ADVANCED_FACE('',(#5594),#5600,.T.);
#5594 = FACE_BOUND('',#5595,.T.);
#5595 = EDGE_LOOP('',(#5596,#5597,#5598,#5599));
#5596 = ORIENTED_EDGE('',*,*,#5453,.F.);
#5597 = ORIENTED_EDGE('',*,*,#5560,.T.);
#5598 = ORIENTED_EDGE('',*,*,#5534,.T.);
#5599 = ORIENTED_EDGE('',*,*,#5488,.F.);
#5600 = PLANE('',#5601);
#5601 = AXIS2_PLACEMENT_3D('',#5602,#5603,#5604);
#5602 = CARTESIAN_POINT('',(54.5,113.,158.8));
#5603 = DIRECTION('',(1.,0.,0.));
#5604 = DIRECTION('',(0.,0.,1.));
#5605 = ADVANCED_FACE('',(#5606),#5617,.F.);
#5606 = FACE_BOUND('',#5607,.F.);
#5607 = EDGE_LOOP('',(#5608,#5609,#5615,#5616));
#5608 = ORIENTED_EDGE('',*,*,#5505,.F.);
#5609 = ORIENTED_EDGE('',*,*,#5610,.F.);
#5610 = EDGE_CURVE('',#5570,#5506,#5611,.T.);
#5611 = LINE('',#5612,#5613);
#5612 = CARTESIAN_POINT('',(52.6,113.,158.));
#5613 = VECTOR('',#5614,1.);
#5614 = DIRECTION('',(0.,0.,1.));
#5615 = ORIENTED_EDGE('',*,*,#5569,.T.);
#5616 = ORIENTED_EDGE('',*,*,#5610,.T.);
#5617 = CYLINDRICAL_SURFACE('',#5618,1.1);
#5618 = AXIS2_PLACEMENT_3D('',#5619,#5620,#5621);
#5619 = CARTESIAN_POINT('',(51.5,113.,158.));
#5620 = DIRECTION('',(0.,0.,1.));
#5621 = DIRECTION('',(1.,0.,0.));
#5622 = ADVANCED_FACE('',(#5623),#5634,.F.);
#5623 = FACE_BOUND('',#5624,.F.);
#5624 = EDGE_LOOP('',(#5625,#5626,#5632,#5633));
#5625 = ORIENTED_EDGE('',*,*,#5516,.F.);
#5626 = ORIENTED_EDGE('',*,*,#5627,.F.);
#5627 = EDGE_CURVE('',#5581,#5517,#5628,.T.);
#5628 = LINE('',#5629,#5630);
#5629 = CARTESIAN_POINT('',(52.6,155.,158.));
#5630 = VECTOR('',#5631,1.);
#5631 = DIRECTION('',(0.,0.,1.));
#5632 = ORIENTED_EDGE('',*,*,#5580,.T.);
#5633 = ORIENTED_EDGE('',*,*,#5627,.T.);
#5634 = CYLINDRICAL_SURFACE('',#5635,1.1);
#5635 = AXIS2_PLACEMENT_3D('',#5636,#5637,#5638);
#5636 = CARTESIAN_POINT('',(51.5,155.,158.));
#5637 = DIRECTION('',(0.,0.,1.));
#5638 = DIRECTION('',(1.,0.,0.));
#5639 = MANIFOLD_SOLID_BREP('',#5640);
#5640 = CLOSED_SHELL('',(#5641,#5683,#5834,#5859,#6002,#6019,#6038,#6055
    ,#6072,#6089,#6106,#6123,#6140,#6157,#6174,#6191,#6203,#6220));
#5641 = ADVANCED_FACE('',(#5642),#5678,.F.);
#5642 = FACE_BOUND('',#5643,.F.);
#5643 = EDGE_LOOP('',(#5644,#5655,#5663,#5672));
#5644 = ORIENTED_EDGE('',*,*,#5645,.T.);
#5645 = EDGE_CURVE('',#5646,#5648,#5650,.T.);
#5646 = VERTEX_POINT('',#5647);
#5647 = CARTESIAN_POINT('',(40.188156786869,141.01692307692,155.2));
#5648 = VERTEX_POINT('',#5649);
#5649 = CARTESIAN_POINT('',(40.7,142.,155.2));
#5650 = CIRCLE('',#5651,1.2);
#5651 = AXIS2_PLACEMENT_3D('',#5652,#5653,#5654);
#5652 = CARTESIAN_POINT('',(39.5,142.,155.2));
#5653 = DIRECTION('',(0.,0.,1.));
#5654 = DIRECTION('',(1.,0.,0.));
#5655 = ORIENTED_EDGE('',*,*,#5656,.T.);
#5656 = EDGE_CURVE('',#5648,#5657,#5659,.T.);
#5657 = VERTEX_POINT('',#5658);
#5658 = CARTESIAN_POINT('',(40.7,142.,157.8));
#5659 = LINE('',#5660,#5661);
#5660 = CARTESIAN_POINT('',(40.7,142.,155.));
#5661 = VECTOR('',#5662,1.);
#5662 = DIRECTION('',(0.,0.,1.));
#5663 = ORIENTED_EDGE('',*,*,#5664,.F.);
#5664 = EDGE_CURVE('',#5665,#5657,#5667,.T.);
#5665 = VERTEX_POINT('',#5666);
#5666 = CARTESIAN_POINT('',(40.188156786869,141.01692307692,157.8));
#5667 = CIRCLE('',#5668,1.2);
#5668 = AXIS2_PLACEMENT_3D('',#5669,#5670,#5671);
#5669 = CARTESIAN_POINT('',(39.5,142.,157.8));
#5670 = DIRECTION('',(0.,0.,1.));
#5671 = DIRECTION('',(1.,0.,0.));
#5672 = ORIENTED_EDGE('',*,*,#5673,.F.);
#5673 = EDGE_CURVE('',#5646,#5665,#5674,.T.);
#5674 = LINE('',#5675,#5676);
#5675 = CARTESIAN_POINT('',(40.188156786869,141.01692307692,155.2));
#5676 = VECTOR('',#5677,1.);
#5677 = DIRECTION('',(0.,0.,1.));
#5678 = CYLINDRICAL_SURFACE('',#5679,1.2);
#5679 = AXIS2_PLACEMENT_3D('',#5680,#5681,#5682);
#5680 = CARTESIAN_POINT('',(39.5,142.,155.));
#5681 = DIRECTION('',(0.,0.,1.));
#5682 = DIRECTION('',(1.,0.,0.));
#5683 = ADVANCED_FACE('',(#5684,#5807,#5818),#5829,.T.);
#5684 = FACE_BOUND('',#5685,.T.);
#5685 = EDGE_LOOP('',(#5686,#5687,#5695,#5704,#5712,#5721,#5730,#5739,
    #5747,#5756,#5764,#5773,#5782,#5791,#5800));
#5686 = ORIENTED_EDGE('',*,*,#5645,.T.);
#5687 = ORIENTED_EDGE('',*,*,#5688,.T.);
#5688 = EDGE_CURVE('',#5648,#5689,#5691,.T.);
#5689 = VERTEX_POINT('',#5690);
#5690 = CARTESIAN_POINT('',(40.7,148.,155.2));
#5691 = LINE('',#5692,#5693);
#5692 = CARTESIAN_POINT('',(40.7,148.5,155.2));
#5693 = VECTOR('',#5694,1.);
#5694 = DIRECTION('',(0.,1.,0.));
#5695 = ORIENTED_EDGE('',*,*,#5696,.T.);
#5696 = EDGE_CURVE('',#5689,#5697,#5699,.T.);
#5697 = VERTEX_POINT('',#5698);
#5698 = CARTESIAN_POINT('',(38.3,148.,155.2));
#5699 = CIRCLE('',#5700,1.2);
#5700 = AXIS2_PLACEMENT_3D('',#5701,#5702,#5703);
#5701 = CARTESIAN_POINT('',(39.5,148.,155.2));
#5702 = DIRECTION('',(0.,0.,1.));
#5703 = DIRECTION('',(1.,0.,0.));
#5704 = ORIENTED_EDGE('',*,*,#5705,.F.);
#5705 = EDGE_CURVE('',#5706,#5697,#5708,.T.);
#5706 = VERTEX_POINT('',#5707);
#5707 = CARTESIAN_POINT('',(38.3,142.,155.2));
#5708 = LINE('',#5709,#5710);
#5709 = CARTESIAN_POINT('',(38.3,148.5,155.2));
#5710 = VECTOR('',#5711,1.);
#5711 = DIRECTION('',(0.,1.,0.));
#5712 = ORIENTED_EDGE('',*,*,#5713,.T.);
#5713 = EDGE_CURVE('',#5706,#5714,#5716,.T.);
#5714 = VERTEX_POINT('',#5715);
#5715 = CARTESIAN_POINT('',(38.811843213131,141.01692307692,155.2));
#5716 = CIRCLE('',#5717,1.2);
#5717 = AXIS2_PLACEMENT_3D('',#5718,#5719,#5720);
#5718 = CARTESIAN_POINT('',(39.5,142.,155.2));
#5719 = DIRECTION('',(0.,0.,1.));
#5720 = DIRECTION('',(1.,0.,0.));
#5721 = ORIENTED_EDGE('',*,*,#5722,.F.);
#5722 = EDGE_CURVE('',#5723,#5714,#5725,.T.);
#5723 = VERTEX_POINT('',#5724);
#5724 = CARTESIAN_POINT('',(38.811843213131,168.98307692307,155.2));
#5725 = CIRCLE('',#5726,14.);
#5726 = AXIS2_PLACEMENT_3D('',#5727,#5728,#5729);
#5727 = CARTESIAN_POINT('',(39.5,155.,155.2));
#5728 = DIRECTION('',(0.,0.,1.));
#5729 = DIRECTION('',(1.,0.,0.));
#5730 = ORIENTED_EDGE('',*,*,#5731,.T.);
#5731 = EDGE_CURVE('',#5723,#5732,#5734,.T.);
#5732 = VERTEX_POINT('',#5733);
#5733 = CARTESIAN_POINT('',(38.3,168.,155.2));
#5734 = CIRCLE('',#5735,1.2);
#5735 = AXIS2_PLACEMENT_3D('',#5736,#5737,#5738);
#5736 = CARTESIAN_POINT('',(39.5,168.,155.2));
#5737 = DIRECTION('',(0.,0.,1.));
#5738 = DIRECTION('',(1.,0.,0.));
#5739 = ORIENTED_EDGE('',*,*,#5740,.F.);
#5740 = EDGE_CURVE('',#5741,#5732,#5743,.T.);
#5741 = VERTEX_POINT('',#5742);
#5742 = CARTESIAN_POINT('',(38.3,162.,155.2));
#5743 = LINE('',#5744,#5745);
#5744 = CARTESIAN_POINT('',(38.3,158.5,155.2));
#5745 = VECTOR('',#5746,1.);
#5746 = DIRECTION('',(0.,1.,0.));
#5747 = ORIENTED_EDGE('',*,*,#5748,.T.);
#5748 = EDGE_CURVE('',#5741,#5749,#5751,.T.);
#5749 = VERTEX_POINT('',#5750);
#5750 = CARTESIAN_POINT('',(40.7,162.,155.2));
#5751 = CIRCLE('',#5752,1.2);
#5752 = AXIS2_PLACEMENT_3D('',#5753,#5754,#5755);
#5753 = CARTESIAN_POINT('',(39.5,162.,155.2));
#5754 = DIRECTION('',(0.,0.,1.));
#5755 = DIRECTION('',(1.,0.,0.));
#5756 = ORIENTED_EDGE('',*,*,#5757,.T.);
#5757 = EDGE_CURVE('',#5749,#5758,#5760,.T.);
#5758 = VERTEX_POINT('',#5759);
#5759 = CARTESIAN_POINT('',(40.7,168.,155.2));
#5760 = LINE('',#5761,#5762);
#5761 = CARTESIAN_POINT('',(40.7,158.5,155.2));
#5762 = VECTOR('',#5763,1.);
#5763 = DIRECTION('',(0.,1.,0.));
#5764 = ORIENTED_EDGE('',*,*,#5765,.T.);
#5765 = EDGE_CURVE('',#5758,#5766,#5768,.T.);
#5766 = VERTEX_POINT('',#5767);
#5767 = CARTESIAN_POINT('',(40.188156786869,168.98307692307,155.2));
#5768 = CIRCLE('',#5769,1.2);
#5769 = AXIS2_PLACEMENT_3D('',#5770,#5771,#5772);
#5770 = CARTESIAN_POINT('',(39.5,168.,155.2));
#5771 = DIRECTION('',(0.,0.,1.));
#5772 = DIRECTION('',(1.,0.,0.));
#5773 = ORIENTED_EDGE('',*,*,#5774,.F.);
#5774 = EDGE_CURVE('',#5775,#5766,#5777,.T.);
#5775 = VERTEX_POINT('',#5776);
#5776 = CARTESIAN_POINT('',(53.291666666667,157.40622745299,155.2));
#5777 = CIRCLE('',#5778,14.);
#5778 = AXIS2_PLACEMENT_3D('',#5779,#5780,#5781);
#5779 = CARTESIAN_POINT('',(39.5,155.,155.2));
#5780 = DIRECTION('',(0.,0.,1.));
#5781 = DIRECTION('',(1.,0.,0.));
#5782 = ORIENTED_EDGE('',*,*,#5783,.F.);
#5783 = EDGE_CURVE('',#5784,#5775,#5786,.T.);
#5784 = VERTEX_POINT('',#5785);
#5785 = CARTESIAN_POINT('',(54.5,155.,155.2));
#5786 = CIRCLE('',#5787,3.);
#5787 = AXIS2_PLACEMENT_3D('',#5788,#5789,#5790);
#5788 = CARTESIAN_POINT('',(51.5,155.,155.2));
#5789 = DIRECTION('',(0.,0.,1.));
#5790 = DIRECTION('',(1.,0.,0.));
#5791 = ORIENTED_EDGE('',*,*,#5792,.F.);
#5792 = EDGE_CURVE('',#5793,#5784,#5795,.T.);
#5793 = VERTEX_POINT('',#5794);
#5794 = CARTESIAN_POINT('',(53.291666666667,152.593772547,155.2));
#5795 = CIRCLE('',#5796,3.);
#5796 = AXIS2_PLACEMENT_3D('',#5797,#5798,#5799);
#5797 = CARTESIAN_POINT('',(51.5,155.,155.2));
#5798 = DIRECTION('',(0.,0.,1.));
#5799 = DIRECTION('',(1.,0.,0.));
#5800 = ORIENTED_EDGE('',*,*,#5801,.F.);
#5801 = EDGE_CURVE('',#5646,#5793,#5802,.T.);
#5802 = CIRCLE('',#5803,14.);
#5803 = AXIS2_PLACEMENT_3D('',#5804,#5805,#5806);
#5804 = CARTESIAN_POINT('',(39.5,155.,155.2));
#5805 = DIRECTION('',(0.,0.,1.));
#5806 = DIRECTION('',(1.,0.,0.));
#5807 = FACE_BOUND('',#5808,.T.);
#5808 = EDGE_LOOP('',(#5809));
#5809 = ORIENTED_EDGE('',*,*,#5810,.T.);
#5810 = EDGE_CURVE('',#5811,#5811,#5813,.T.);
#5811 = VERTEX_POINT('',#5812);
#5812 = CARTESIAN_POINT('',(52.6,155.,155.2));
#5813 = CIRCLE('',#5814,1.1);
#5814 = AXIS2_PLACEMENT_3D('',#5815,#5816,#5817);
#5815 = CARTESIAN_POINT('',(51.5,155.,155.2));
#5816 = DIRECTION('',(0.,0.,1.));
#5817 = DIRECTION('',(1.,0.,0.));
#5818 = FACE_BOUND('',#5819,.T.);
#5819 = EDGE_LOOP('',(#5820));
#5820 = ORIENTED_EDGE('',*,*,#5821,.T.);
#5821 = EDGE_CURVE('',#5822,#5822,#5824,.T.);
#5822 = VERTEX_POINT('',#5823);
#5823 = CARTESIAN_POINT('',(42.5,155.,155.2));
#5824 = CIRCLE('',#5825,3.);
#5825 = AXIS2_PLACEMENT_3D('',#5826,#5827,#5828);
#5826 = CARTESIAN_POINT('',(39.5,155.,155.2));
#5827 = DIRECTION('',(0.,0.,1.));
#5828 = DIRECTION('',(1.,0.,0.));
#5829 = PLANE('',#5830);
#5830 = AXIS2_PLACEMENT_3D('',#5831,#5832,#5833);
#5831 = CARTESIAN_POINT('',(39.957928950269,155.,155.2));
#5832 = DIRECTION('',(-0.,-0.,-1.));
#5833 = DIRECTION('',(-1.,0.,0.));
#5834 = ADVANCED_FACE('',(#5835),#5854,.T.);
#5835 = FACE_BOUND('',#5836,.T.);
#5836 = EDGE_LOOP('',(#5837,#5838,#5846,#5853));
#5837 = ORIENTED_EDGE('',*,*,#5801,.T.);
#5838 = ORIENTED_EDGE('',*,*,#5839,.T.);
#5839 = EDGE_CURVE('',#5793,#5840,#5842,.T.);
#5840 = VERTEX_POINT('',#5841);
#5841 = CARTESIAN_POINT('',(53.291666666667,152.593772547,157.8));
#5842 = LINE('',#5843,#5844);
#5843 = CARTESIAN_POINT('',(53.291666666667,152.593772547,155.2));
#5844 = VECTOR('',#5845,1.);
#5845 = DIRECTION('',(0.,0.,1.));
#5846 = ORIENTED_EDGE('',*,*,#5847,.F.);
#5847 = EDGE_CURVE('',#5665,#5840,#5848,.T.);
#5848 = CIRCLE('',#5849,14.);
#5849 = AXIS2_PLACEMENT_3D('',#5850,#5851,#5852);
#5850 = CARTESIAN_POINT('',(39.5,155.,157.8));
#5851 = DIRECTION('',(0.,0.,1.));
#5852 = DIRECTION('',(1.,0.,0.));
#5853 = ORIENTED_EDGE('',*,*,#5673,.F.);
#5854 = CYLINDRICAL_SURFACE('',#5855,14.);
#5855 = AXIS2_PLACEMENT_3D('',#5856,#5857,#5858);
#5856 = CARTESIAN_POINT('',(39.5,155.,155.2));
#5857 = DIRECTION('',(0.,0.,1.));
#5858 = DIRECTION('',(1.,0.,0.));
#5859 = ADVANCED_FACE('',(#5860,#5975,#5986),#5997,.T.);
#5860 = FACE_BOUND('',#5861,.T.);
#5861 = EDGE_LOOP('',(#5862,#5863,#5864,#5873,#5882,#5891,#5900,#5908,
    #5917,#5925,#5934,#5943,#5952,#5960,#5969));
#5862 = ORIENTED_EDGE('',*,*,#5664,.F.);
#5863 = ORIENTED_EDGE('',*,*,#5847,.T.);
#5864 = ORIENTED_EDGE('',*,*,#5865,.T.);
#5865 = EDGE_CURVE('',#5840,#5866,#5868,.T.);
#5866 = VERTEX_POINT('',#5867);
#5867 = CARTESIAN_POINT('',(54.5,155.,157.8));
#5868 = CIRCLE('',#5869,3.);
#5869 = AXIS2_PLACEMENT_3D('',#5870,#5871,#5872);
#5870 = CARTESIAN_POINT('',(51.5,155.,157.8));
#5871 = DIRECTION('',(0.,0.,1.));
#5872 = DIRECTION('',(1.,0.,0.));
#5873 = ORIENTED_EDGE('',*,*,#5874,.T.);
#5874 = EDGE_CURVE('',#5866,#5875,#5877,.T.);
#5875 = VERTEX_POINT('',#5876);
#5876 = CARTESIAN_POINT('',(53.291666666667,157.40622745299,157.8));
#5877 = CIRCLE('',#5878,3.);
#5878 = AXIS2_PLACEMENT_3D('',#5879,#5880,#5881);
#5879 = CARTESIAN_POINT('',(51.5,155.,157.8));
#5880 = DIRECTION('',(0.,0.,1.));
#5881 = DIRECTION('',(1.,0.,0.));
#5882 = ORIENTED_EDGE('',*,*,#5883,.T.);
#5883 = EDGE_CURVE('',#5875,#5884,#5886,.T.);
#5884 = VERTEX_POINT('',#5885);
#5885 = CARTESIAN_POINT('',(40.188156786869,168.98307692307,157.8));
#5886 = CIRCLE('',#5887,14.);
#5887 = AXIS2_PLACEMENT_3D('',#5888,#5889,#5890);
#5888 = CARTESIAN_POINT('',(39.5,155.,157.8));
#5889 = DIRECTION('',(0.,0.,1.));
#5890 = DIRECTION('',(1.,0.,0.));
#5891 = ORIENTED_EDGE('',*,*,#5892,.F.);
#5892 = EDGE_CURVE('',#5893,#5884,#5895,.T.);
#5893 = VERTEX_POINT('',#5894);
#5894 = CARTESIAN_POINT('',(40.7,168.,157.8));
#5895 = CIRCLE('',#5896,1.2);
#5896 = AXIS2_PLACEMENT_3D('',#5897,#5898,#5899);
#5897 = CARTESIAN_POINT('',(39.5,168.,157.8));
#5898 = DIRECTION('',(0.,0.,1.));
#5899 = DIRECTION('',(1.,0.,0.));
#5900 = ORIENTED_EDGE('',*,*,#5901,.F.);
#5901 = EDGE_CURVE('',#5902,#5893,#5904,.T.);
#5902 = VERTEX_POINT('',#5903);
#5903 = CARTESIAN_POINT('',(40.7,162.,157.8));
#5904 = LINE('',#5905,#5906);
#5905 = CARTESIAN_POINT('',(40.7,158.5,157.8));
#5906 = VECTOR('',#5907,1.);
#5907 = DIRECTION('',(0.,1.,0.));
#5908 = ORIENTED_EDGE('',*,*,#5909,.F.);
#5909 = EDGE_CURVE('',#5910,#5902,#5912,.T.);
#5910 = VERTEX_POINT('',#5911);
#5911 = CARTESIAN_POINT('',(38.3,162.,157.8));
#5912 = CIRCLE('',#5913,1.2);
#5913 = AXIS2_PLACEMENT_3D('',#5914,#5915,#5916);
#5914 = CARTESIAN_POINT('',(39.5,162.,157.8));
#5915 = DIRECTION('',(0.,0.,1.));
#5916 = DIRECTION('',(1.,0.,0.));
#5917 = ORIENTED_EDGE('',*,*,#5918,.T.);
#5918 = EDGE_CURVE('',#5910,#5919,#5921,.T.);
#5919 = VERTEX_POINT('',#5920);
#5920 = CARTESIAN_POINT('',(38.3,168.,157.8));
#5921 = LINE('',#5922,#5923);
#5922 = CARTESIAN_POINT('',(38.3,158.5,157.8));
#5923 = VECTOR('',#5924,1.);
#5924 = DIRECTION('',(0.,1.,0.));
#5925 = ORIENTED_EDGE('',*,*,#5926,.F.);
#5926 = EDGE_CURVE('',#5927,#5919,#5929,.T.);
#5927 = VERTEX_POINT('',#5928);
#5928 = CARTESIAN_POINT('',(38.811843213131,168.98307692307,157.8));
#5929 = CIRCLE('',#5930,1.2);
#5930 = AXIS2_PLACEMENT_3D('',#5931,#5932,#5933);
#5931 = CARTESIAN_POINT('',(39.5,168.,157.8));
#5932 = DIRECTION('',(0.,0.,1.));
#5933 = DIRECTION('',(1.,0.,0.));
#5934 = ORIENTED_EDGE('',*,*,#5935,.T.);
#5935 = EDGE_CURVE('',#5927,#5936,#5938,.T.);
#5936 = VERTEX_POINT('',#5937);
#5937 = CARTESIAN_POINT('',(38.811843213131,141.01692307692,157.8));
#5938 = CIRCLE('',#5939,14.);
#5939 = AXIS2_PLACEMENT_3D('',#5940,#5941,#5942);
#5940 = CARTESIAN_POINT('',(39.5,155.,157.8));
#5941 = DIRECTION('',(0.,0.,1.));
#5942 = DIRECTION('',(1.,0.,0.));
#5943 = ORIENTED_EDGE('',*,*,#5944,.F.);
#5944 = EDGE_CURVE('',#5945,#5936,#5947,.T.);
#5945 = VERTEX_POINT('',#5946);
#5946 = CARTESIAN_POINT('',(38.3,142.,157.8));
#5947 = CIRCLE('',#5948,1.2);
#5948 = AXIS2_PLACEMENT_3D('',#5949,#5950,#5951);
#5949 = CARTESIAN_POINT('',(39.5,142.,157.8));
#5950 = DIRECTION('',(0.,0.,1.));
#5951 = DIRECTION('',(1.,0.,0.));
#5952 = ORIENTED_EDGE('',*,*,#5953,.T.);
#5953 = EDGE_CURVE('',#5945,#5954,#5956,.T.);
#5954 = VERTEX_POINT('',#5955);
#5955 = CARTESIAN_POINT('',(38.3,148.,157.8));
#5956 = LINE('',#5957,#5958);
#5957 = CARTESIAN_POINT('',(38.3,148.5,157.8));
#5958 = VECTOR('',#5959,1.);
#5959 = DIRECTION('',(0.,1.,0.));
#5960 = ORIENTED_EDGE('',*,*,#5961,.F.);
#5961 = EDGE_CURVE('',#5962,#5954,#5964,.T.);
#5962 = VERTEX_POINT('',#5963);
#5963 = CARTESIAN_POINT('',(40.7,148.,157.8));
#5964 = CIRCLE('',#5965,1.2);
#5965 = AXIS2_PLACEMENT_3D('',#5966,#5967,#5968);
#5966 = CARTESIAN_POINT('',(39.5,148.,157.8));
#5967 = DIRECTION('',(0.,0.,1.));
#5968 = DIRECTION('',(1.,0.,0.));
#5969 = ORIENTED_EDGE('',*,*,#5970,.F.);
#5970 = EDGE_CURVE('',#5657,#5962,#5971,.T.);
#5971 = LINE('',#5972,#5973);
#5972 = CARTESIAN_POINT('',(40.7,148.5,157.8));
#5973 = VECTOR('',#5974,1.);
#5974 = DIRECTION('',(0.,1.,0.));
#5975 = FACE_BOUND('',#5976,.T.);
#5976 = EDGE_LOOP('',(#5977));
#5977 = ORIENTED_EDGE('',*,*,#5978,.F.);
#5978 = EDGE_CURVE('',#5979,#5979,#5981,.T.);
#5979 = VERTEX_POINT('',#5980);
#5980 = CARTESIAN_POINT('',(42.5,155.,157.8));
#5981 = CIRCLE('',#5982,3.);
#5982 = AXIS2_PLACEMENT_3D('',#5983,#5984,#5985);
#5983 = CARTESIAN_POINT('',(39.5,155.,157.8));
#5984 = DIRECTION('',(0.,0.,1.));
#5985 = DIRECTION('',(1.,0.,0.));
#5986 = FACE_BOUND('',#5987,.T.);
#5987 = EDGE_LOOP('',(#5988));
#5988 = ORIENTED_EDGE('',*,*,#5989,.F.);
#5989 = EDGE_CURVE('',#5990,#5990,#5992,.T.);
#5990 = VERTEX_POINT('',#5991);
#5991 = CARTESIAN_POINT('',(52.6,155.,157.8));
#5992 = CIRCLE('',#5993,1.1);
#5993 = AXIS2_PLACEMENT_3D('',#5994,#5995,#5996);
#5994 = CARTESIAN_POINT('',(51.5,155.,157.8));
#5995 = DIRECTION('',(0.,0.,1.));
#5996 = DIRECTION('',(1.,0.,0.));
#5997 = PLANE('',#5998);
#5998 = AXIS2_PLACEMENT_3D('',#5999,#6000,#6001);
#5999 = CARTESIAN_POINT('',(39.957928950269,155.,157.8));
#6000 = DIRECTION('',(0.,0.,1.));
#6001 = DIRECTION('',(1.,0.,0.));
#6002 = ADVANCED_FACE('',(#6003),#6014,.F.);
#6003 = FACE_BOUND('',#6004,.F.);
#6004 = EDGE_LOOP('',(#6005,#6006,#6007,#6013));
#6005 = ORIENTED_EDGE('',*,*,#5656,.F.);
#6006 = ORIENTED_EDGE('',*,*,#5688,.T.);
#6007 = ORIENTED_EDGE('',*,*,#6008,.T.);
#6008 = EDGE_CURVE('',#5689,#5962,#6009,.T.);
#6009 = LINE('',#6010,#6011);
#6010 = CARTESIAN_POINT('',(40.7,148.,155.));
#6011 = VECTOR('',#6012,1.);
#6012 = DIRECTION('',(0.,0.,1.));
#6013 = ORIENTED_EDGE('',*,*,#5970,.F.);
#6014 = PLANE('',#6015);
#6015 = AXIS2_PLACEMENT_3D('',#6016,#6017,#6018);
#6016 = CARTESIAN_POINT('',(40.7,142.,155.));
#6017 = DIRECTION('',(1.,0.,0.));
#6018 = DIRECTION('',(0.,0.,1.));
#6019 = ADVANCED_FACE('',(#6020),#6033,.T.);
#6020 = FACE_BOUND('',#6021,.T.);
#6021 = EDGE_LOOP('',(#6022,#6023,#6029,#6030,#6031,#6032));
#6022 = ORIENTED_EDGE('',*,*,#5783,.T.);
#6023 = ORIENTED_EDGE('',*,*,#6024,.T.);
#6024 = EDGE_CURVE('',#5775,#5875,#6025,.T.);
#6025 = LINE('',#6026,#6027);
#6026 = CARTESIAN_POINT('',(53.291666666667,157.40622745299,155.2));
#6027 = VECTOR('',#6028,1.);
#6028 = DIRECTION('',(0.,0.,1.));
#6029 = ORIENTED_EDGE('',*,*,#5874,.F.);
#6030 = ORIENTED_EDGE('',*,*,#5865,.F.);
#6031 = ORIENTED_EDGE('',*,*,#5839,.F.);
#6032 = ORIENTED_EDGE('',*,*,#5792,.T.);
#6033 = CYLINDRICAL_SURFACE('',#6034,3.);
#6034 = AXIS2_PLACEMENT_3D('',#6035,#6036,#6037);
#6035 = CARTESIAN_POINT('',(51.5,155.,155.2));
#6036 = DIRECTION('',(0.,0.,1.));
#6037 = DIRECTION('',(1.,0.,0.));
#6038 = ADVANCED_FACE('',(#6039),#6050,.F.);
#6039 = FACE_BOUND('',#6040,.F.);
#6040 = EDGE_LOOP('',(#6041,#6042,#6043,#6044));
#6041 = ORIENTED_EDGE('',*,*,#5961,.F.);
#6042 = ORIENTED_EDGE('',*,*,#6008,.F.);
#6043 = ORIENTED_EDGE('',*,*,#5696,.T.);
#6044 = ORIENTED_EDGE('',*,*,#6045,.T.);
#6045 = EDGE_CURVE('',#5697,#5954,#6046,.T.);
#6046 = LINE('',#6047,#6048);
#6047 = CARTESIAN_POINT('',(38.3,148.,155.));
#6048 = VECTOR('',#6049,1.);
#6049 = DIRECTION('',(0.,0.,1.));
#6050 = CYLINDRICAL_SURFACE('',#6051,1.2);
#6051 = AXIS2_PLACEMENT_3D('',#6052,#6053,#6054);
#6052 = CARTESIAN_POINT('',(39.5,148.,155.));
#6053 = DIRECTION('',(0.,0.,1.));
#6054 = DIRECTION('',(1.,0.,0.));
#6055 = ADVANCED_FACE('',(#6056),#6067,.T.);
#6056 = FACE_BOUND('',#6057,.T.);
#6057 = EDGE_LOOP('',(#6058,#6064,#6065,#6066));
#6058 = ORIENTED_EDGE('',*,*,#6059,.F.);
#6059 = EDGE_CURVE('',#5706,#5945,#6060,.T.);
#6060 = LINE('',#6061,#6062);
#6061 = CARTESIAN_POINT('',(38.3,142.,155.));
#6062 = VECTOR('',#6063,1.);
#6063 = DIRECTION('',(0.,0.,1.));
#6064 = ORIENTED_EDGE('',*,*,#5705,.T.);
#6065 = ORIENTED_EDGE('',*,*,#6045,.T.);
#6066 = ORIENTED_EDGE('',*,*,#5953,.F.);
#6067 = PLANE('',#6068);
#6068 = AXIS2_PLACEMENT_3D('',#6069,#6070,#6071);
#6069 = CARTESIAN_POINT('',(38.3,142.,155.));
#6070 = DIRECTION('',(1.,0.,0.));
#6071 = DIRECTION('',(0.,0.,1.));
#6072 = ADVANCED_FACE('',(#6073),#6084,.T.);
#6073 = FACE_BOUND('',#6074,.T.);
#6074 = EDGE_LOOP('',(#6075,#6076,#6077,#6078));
#6075 = ORIENTED_EDGE('',*,*,#5883,.F.);
#6076 = ORIENTED_EDGE('',*,*,#6024,.F.);
#6077 = ORIENTED_EDGE('',*,*,#5774,.T.);
#6078 = ORIENTED_EDGE('',*,*,#6079,.T.);
#6079 = EDGE_CURVE('',#5766,#5884,#6080,.T.);
#6080 = LINE('',#6081,#6082);
#6081 = CARTESIAN_POINT('',(40.188156786869,168.98307692307,155.2));
#6082 = VECTOR('',#6083,1.);
#6083 = DIRECTION('',(0.,0.,1.));
#6084 = CYLINDRICAL_SURFACE('',#6085,14.);
#6085 = AXIS2_PLACEMENT_3D('',#6086,#6087,#6088);
#6086 = CARTESIAN_POINT('',(39.5,155.,155.2));
#6087 = DIRECTION('',(0.,0.,1.));
#6088 = DIRECTION('',(1.,0.,0.));
#6089 = ADVANCED_FACE('',(#6090),#6101,.F.);
#6090 = FACE_BOUND('',#6091,.F.);
#6091 = EDGE_LOOP('',(#6092,#6093,#6094,#6100));
#6092 = ORIENTED_EDGE('',*,*,#6059,.F.);
#6093 = ORIENTED_EDGE('',*,*,#5713,.T.);
#6094 = ORIENTED_EDGE('',*,*,#6095,.T.);
#6095 = EDGE_CURVE('',#5714,#5936,#6096,.T.);
#6096 = LINE('',#6097,#6098);
#6097 = CARTESIAN_POINT('',(38.811843213131,141.01692307692,155.2));
#6098 = VECTOR('',#6099,1.);
#6099 = DIRECTION('',(0.,0.,1.));
#6100 = ORIENTED_EDGE('',*,*,#5944,.F.);
#6101 = CYLINDRICAL_SURFACE('',#6102,1.2);
#6102 = AXIS2_PLACEMENT_3D('',#6103,#6104,#6105);
#6103 = CARTESIAN_POINT('',(39.5,142.,155.));
#6104 = DIRECTION('',(0.,0.,1.));
#6105 = DIRECTION('',(1.,0.,0.));
#6106 = ADVANCED_FACE('',(#6107),#6118,.F.);
#6107 = FACE_BOUND('',#6108,.F.);
#6108 = EDGE_LOOP('',(#6109,#6110,#6116,#6117));
#6109 = ORIENTED_EDGE('',*,*,#5892,.F.);
#6110 = ORIENTED_EDGE('',*,*,#6111,.F.);
#6111 = EDGE_CURVE('',#5758,#5893,#6112,.T.);
#6112 = LINE('',#6113,#6114);
#6113 = CARTESIAN_POINT('',(40.7,168.,155.));
#6114 = VECTOR('',#6115,1.);
#6115 = DIRECTION('',(0.,0.,1.));
#6116 = ORIENTED_EDGE('',*,*,#5765,.T.);
#6117 = ORIENTED_EDGE('',*,*,#6079,.T.);
#6118 = CYLINDRICAL_SURFACE('',#6119,1.2);
#6119 = AXIS2_PLACEMENT_3D('',#6120,#6121,#6122);
#6120 = CARTESIAN_POINT('',(39.5,168.,155.));
#6121 = DIRECTION('',(0.,0.,1.));
#6122 = DIRECTION('',(1.,0.,0.));
#6123 = ADVANCED_FACE('',(#6124),#6135,.T.);
#6124 = FACE_BOUND('',#6125,.T.);
#6125 = EDGE_LOOP('',(#6126,#6127,#6133,#6134));
#6126 = ORIENTED_EDGE('',*,*,#5935,.F.);
#6127 = ORIENTED_EDGE('',*,*,#6128,.F.);
#6128 = EDGE_CURVE('',#5723,#5927,#6129,.T.);
#6129 = LINE('',#6130,#6131);
#6130 = CARTESIAN_POINT('',(38.811843213131,168.98307692307,155.2));
#6131 = VECTOR('',#6132,1.);
#6132 = DIRECTION('',(0.,0.,1.));
#6133 = ORIENTED_EDGE('',*,*,#5722,.T.);
#6134 = ORIENTED_EDGE('',*,*,#6095,.T.);
#6135 = CYLINDRICAL_SURFACE('',#6136,14.);
#6136 = AXIS2_PLACEMENT_3D('',#6137,#6138,#6139);
#6137 = CARTESIAN_POINT('',(39.5,155.,155.2));
#6138 = DIRECTION('',(0.,0.,1.));
#6139 = DIRECTION('',(1.,0.,0.));
#6140 = ADVANCED_FACE('',(#6141),#6152,.F.);
#6141 = FACE_BOUND('',#6142,.F.);
#6142 = EDGE_LOOP('',(#6143,#6149,#6150,#6151));
#6143 = ORIENTED_EDGE('',*,*,#6144,.F.);
#6144 = EDGE_CURVE('',#5749,#5902,#6145,.T.);
#6145 = LINE('',#6146,#6147);
#6146 = CARTESIAN_POINT('',(40.7,162.,155.));
#6147 = VECTOR('',#6148,1.);
#6148 = DIRECTION('',(0.,0.,1.));
#6149 = ORIENTED_EDGE('',*,*,#5757,.T.);
#6150 = ORIENTED_EDGE('',*,*,#6111,.T.);
#6151 = ORIENTED_EDGE('',*,*,#5901,.F.);
#6152 = PLANE('',#6153);
#6153 = AXIS2_PLACEMENT_3D('',#6154,#6155,#6156);
#6154 = CARTESIAN_POINT('',(40.7,162.,155.));
#6155 = DIRECTION('',(1.,0.,0.));
#6156 = DIRECTION('',(0.,0.,1.));
#6157 = ADVANCED_FACE('',(#6158),#6169,.F.);
#6158 = FACE_BOUND('',#6159,.F.);
#6159 = EDGE_LOOP('',(#6160,#6166,#6167,#6168));
#6160 = ORIENTED_EDGE('',*,*,#6161,.T.);
#6161 = EDGE_CURVE('',#5732,#5919,#6162,.T.);
#6162 = LINE('',#6163,#6164);
#6163 = CARTESIAN_POINT('',(38.3,168.,155.));
#6164 = VECTOR('',#6165,1.);
#6165 = DIRECTION('',(0.,0.,1.));
#6166 = ORIENTED_EDGE('',*,*,#5926,.F.);
#6167 = ORIENTED_EDGE('',*,*,#6128,.F.);
#6168 = ORIENTED_EDGE('',*,*,#5731,.T.);
#6169 = CYLINDRICAL_SURFACE('',#6170,1.2);
#6170 = AXIS2_PLACEMENT_3D('',#6171,#6172,#6173);
#6171 = CARTESIAN_POINT('',(39.5,168.,155.));
#6172 = DIRECTION('',(0.,0.,1.));
#6173 = DIRECTION('',(1.,0.,0.));
#6174 = ADVANCED_FACE('',(#6175),#6186,.F.);
#6175 = FACE_BOUND('',#6176,.F.);
#6176 = EDGE_LOOP('',(#6177,#6178,#6179,#6180));
#6177 = ORIENTED_EDGE('',*,*,#5748,.T.);
#6178 = ORIENTED_EDGE('',*,*,#6144,.T.);
#6179 = ORIENTED_EDGE('',*,*,#5909,.F.);
#6180 = ORIENTED_EDGE('',*,*,#6181,.F.);
#6181 = EDGE_CURVE('',#5741,#5910,#6182,.T.);
#6182 = LINE('',#6183,#6184);
#6183 = CARTESIAN_POINT('',(38.3,162.,155.));
#6184 = VECTOR('',#6185,1.);
#6185 = DIRECTION('',(0.,0.,1.));
#6186 = CYLINDRICAL_SURFACE('',#6187,1.2);
#6187 = AXIS2_PLACEMENT_3D('',#6188,#6189,#6190);
#6188 = CARTESIAN_POINT('',(39.5,162.,155.));
#6189 = DIRECTION('',(0.,0.,1.));
#6190 = DIRECTION('',(1.,0.,0.));
#6191 = ADVANCED_FACE('',(#6192),#6198,.T.);
#6192 = FACE_BOUND('',#6193,.T.);
#6193 = EDGE_LOOP('',(#6194,#6195,#6196,#6197));
#6194 = ORIENTED_EDGE('',*,*,#6181,.F.);
#6195 = ORIENTED_EDGE('',*,*,#5740,.T.);
#6196 = ORIENTED_EDGE('',*,*,#6161,.T.);
#6197 = ORIENTED_EDGE('',*,*,#5918,.F.);
#6198 = PLANE('',#6199);
#6199 = AXIS2_PLACEMENT_3D('',#6200,#6201,#6202);
#6200 = CARTESIAN_POINT('',(38.3,162.,155.));
#6201 = DIRECTION('',(1.,0.,0.));
#6202 = DIRECTION('',(0.,0.,1.));
#6203 = ADVANCED_FACE('',(#6204),#6215,.F.);
#6204 = FACE_BOUND('',#6205,.F.);
#6205 = EDGE_LOOP('',(#6206,#6207,#6213,#6214));
#6206 = ORIENTED_EDGE('',*,*,#5989,.F.);
#6207 = ORIENTED_EDGE('',*,*,#6208,.F.);
#6208 = EDGE_CURVE('',#5811,#5990,#6209,.T.);
#6209 = LINE('',#6210,#6211);
#6210 = CARTESIAN_POINT('',(52.6,155.,155.));
#6211 = VECTOR('',#6212,1.);
#6212 = DIRECTION('',(0.,0.,1.));
#6213 = ORIENTED_EDGE('',*,*,#5810,.T.);
#6214 = ORIENTED_EDGE('',*,*,#6208,.T.);
#6215 = CYLINDRICAL_SURFACE('',#6216,1.1);
#6216 = AXIS2_PLACEMENT_3D('',#6217,#6218,#6219);
#6217 = CARTESIAN_POINT('',(51.5,155.,155.));
#6218 = DIRECTION('',(0.,0.,1.));
#6219 = DIRECTION('',(1.,0.,0.));
#6220 = ADVANCED_FACE('',(#6221),#6232,.F.);
#6221 = FACE_BOUND('',#6222,.F.);
#6222 = EDGE_LOOP('',(#6223,#6224,#6230,#6231));
#6223 = ORIENTED_EDGE('',*,*,#5978,.F.);
#6224 = ORIENTED_EDGE('',*,*,#6225,.F.);
#6225 = EDGE_CURVE('',#5822,#5979,#6226,.T.);
#6226 = LINE('',#6227,#6228);
#6227 = CARTESIAN_POINT('',(42.5,155.,155.));
#6228 = VECTOR('',#6229,1.);
#6229 = DIRECTION('',(0.,0.,1.));
#6230 = ORIENTED_EDGE('',*,*,#5821,.T.);
#6231 = ORIENTED_EDGE('',*,*,#6225,.T.);
#6232 = CYLINDRICAL_SURFACE('',#6233,3.);
#6233 = AXIS2_PLACEMENT_3D('',#6234,#6235,#6236);
#6234 = CARTESIAN_POINT('',(39.5,155.,155.));
#6235 = DIRECTION('',(0.,0.,1.));
#6236 = DIRECTION('',(1.,0.,0.));
#6237 = MANIFOLD_SOLID_BREP('',#6238);
#6238 = CLOSED_SHELL('',(#6239,#6279,#6310,#6341,#6372,#6403,#6434,#6465
    ,#6496,#6527,#6558,#6600,#6622,#6647,#6656,#6676));
#6239 = ADVANCED_FACE('',(#6240),#6274,.T.);
#6240 = FACE_BOUND('',#6241,.T.);
#6241 = EDGE_LOOP('',(#6242,#6252,#6260,#6268));
#6242 = ORIENTED_EDGE('',*,*,#6243,.F.);
#6243 = EDGE_CURVE('',#6244,#6246,#6248,.T.);
#6244 = VERTEX_POINT('',#6245);
#6245 = CARTESIAN_POINT('',(33.5,169.5,142.5));
#6246 = VERTEX_POINT('',#6247);
#6247 = CARTESIAN_POINT('',(33.5,174.35,142.5));
#6248 = LINE('',#6249,#6250);
#6249 = CARTESIAN_POINT('',(33.5,141.85,142.5));
#6250 = VECTOR('',#6251,1.);
#6251 = DIRECTION('',(0.,1.,0.));
#6252 = ORIENTED_EDGE('',*,*,#6253,.T.);
#6253 = EDGE_CURVE('',#6244,#6254,#6256,.T.);
#6254 = VERTEX_POINT('',#6255);
#6255 = CARTESIAN_POINT('',(45.5,169.5,142.5));
#6256 = LINE('',#6257,#6258);
#6257 = CARTESIAN_POINT('',(33.5,169.5,142.5));
#6258 = VECTOR('',#6259,1.);
#6259 = DIRECTION('',(1.,0.,0.));
#6260 = ORIENTED_EDGE('',*,*,#6261,.T.);
#6261 = EDGE_CURVE('',#6254,#6262,#6264,.T.);
#6262 = VERTEX_POINT('',#6263);
#6263 = CARTESIAN_POINT('',(45.5,174.35,142.5));
#6264 = LINE('',#6265,#6266);
#6265 = CARTESIAN_POINT('',(45.5,141.85,142.5));
#6266 = VECTOR('',#6267,1.);
#6267 = DIRECTION('',(0.,1.,0.));
#6268 = ORIENTED_EDGE('',*,*,#6269,.F.);
#6269 = EDGE_CURVE('',#6246,#6262,#6270,.T.);
#6270 = LINE('',#6271,#6272);
#6271 = CARTESIAN_POINT('',(33.5,174.35,142.5));
#6272 = VECTOR('',#6273,1.);
#6273 = DIRECTION('',(1.,0.,0.));
#6274 = PLANE('',#6275);
#6275 = AXIS2_PLACEMENT_3D('',#6276,#6277,#6278);
#6276 = CARTESIAN_POINT('',(33.5,141.85,142.5));
#6277 = DIRECTION('',(0.,0.,1.));
#6278 = DIRECTION('',(1.,0.,0.));
#6279 = ADVANCED_FACE('',(#6280),#6305,.T.);
#6280 = FACE_BOUND('',#6281,.T.);
#6281 = EDGE_LOOP('',(#6282,#6292,#6298,#6299));
#6282 = ORIENTED_EDGE('',*,*,#6283,.F.);
#6283 = EDGE_CURVE('',#6284,#6286,#6288,.T.);
#6284 = VERTEX_POINT('',#6285);
#6285 = CARTESIAN_POINT('',(33.5,174.35,140.));
#6286 = VERTEX_POINT('',#6287);
#6287 = CARTESIAN_POINT('',(45.5,174.35,140.));
#6288 = LINE('',#6289,#6290);
#6289 = CARTESIAN_POINT('',(33.5,174.35,140.));
#6290 = VECTOR('',#6291,1.);
#6291 = DIRECTION('',(1.,0.,0.));
#6292 = ORIENTED_EDGE('',*,*,#6293,.T.);
#6293 = EDGE_CURVE('',#6284,#6246,#6294,.T.);
#6294 = LINE('',#6295,#6296);
#6295 = CARTESIAN_POINT('',(33.5,174.35,140.));
#6296 = VECTOR('',#6297,1.);
#6297 = DIRECTION('',(0.,0.,1.));
#6298 = ORIENTED_EDGE('',*,*,#6269,.T.);
#6299 = ORIENTED_EDGE('',*,*,#6300,.F.);
#6300 = EDGE_CURVE('',#6286,#6262,#6301,.T.);
#6301 = LINE('',#6302,#6303);
#6302 = CARTESIAN_POINT('',(45.5,174.35,140.));
#6303 = VECTOR('',#6304,1.);
#6304 = DIRECTION('',(0.,0.,1.));
#6305 = PLANE('',#6306);
#6306 = AXIS2_PLACEMENT_3D('',#6307,#6308,#6309);
#6307 = CARTESIAN_POINT('',(33.5,174.35,140.));
#6308 = DIRECTION('',(0.,1.,0.));
#6309 = DIRECTION('',(0.,0.,1.));
#6310 = ADVANCED_FACE('',(#6311),#6336,.F.);
#6311 = FACE_BOUND('',#6312,.F.);
#6312 = EDGE_LOOP('',(#6313,#6321,#6329,#6335));
#6313 = ORIENTED_EDGE('',*,*,#6314,.F.);
#6314 = EDGE_CURVE('',#6315,#6284,#6317,.T.);
#6315 = VERTEX_POINT('',#6316);
#6316 = CARTESIAN_POINT('',(33.5,169.5,140.));
#6317 = LINE('',#6318,#6319);
#6318 = CARTESIAN_POINT('',(33.5,141.85,140.));
#6319 = VECTOR('',#6320,1.);
#6320 = DIRECTION('',(0.,1.,0.));
#6321 = ORIENTED_EDGE('',*,*,#6322,.T.);
#6322 = EDGE_CURVE('',#6315,#6323,#6325,.T.);
#6323 = VERTEX_POINT('',#6324);
#6324 = CARTESIAN_POINT('',(45.5,169.5,140.));
#6325 = LINE('',#6326,#6327);
#6326 = CARTESIAN_POINT('',(33.5,169.5,140.));
#6327 = VECTOR('',#6328,1.);
#6328 = DIRECTION('',(1.,0.,0.));
#6329 = ORIENTED_EDGE('',*,*,#6330,.T.);
#6330 = EDGE_CURVE('',#6323,#6286,#6331,.T.);
#6331 = LINE('',#6332,#6333);
#6332 = CARTESIAN_POINT('',(45.5,141.85,140.));
#6333 = VECTOR('',#6334,1.);
#6334 = DIRECTION('',(0.,1.,0.));
#6335 = ORIENTED_EDGE('',*,*,#6283,.F.);
#6336 = PLANE('',#6337);
#6337 = AXIS2_PLACEMENT_3D('',#6338,#6339,#6340);
#6338 = CARTESIAN_POINT('',(33.5,141.85,140.));
#6339 = DIRECTION('',(0.,0.,1.));
#6340 = DIRECTION('',(1.,0.,0.));
#6341 = ADVANCED_FACE('',(#6342),#6367,.T.);
#6342 = FACE_BOUND('',#6343,.T.);
#6343 = EDGE_LOOP('',(#6344,#6354,#6360,#6361));
#6344 = ORIENTED_EDGE('',*,*,#6345,.F.);
#6345 = EDGE_CURVE('',#6346,#6348,#6350,.T.);
#6346 = VERTEX_POINT('',#6347);
#6347 = CARTESIAN_POINT('',(33.5,169.5,123.));
#6348 = VERTEX_POINT('',#6349);
#6349 = CARTESIAN_POINT('',(45.5,169.5,123.));
#6350 = LINE('',#6351,#6352);
#6351 = CARTESIAN_POINT('',(33.5,169.5,123.));
#6352 = VECTOR('',#6353,1.);
#6353 = DIRECTION('',(1.,0.,0.));
#6354 = ORIENTED_EDGE('',*,*,#6355,.T.);
#6355 = EDGE_CURVE('',#6346,#6315,#6356,.T.);
#6356 = LINE('',#6357,#6358);
#6357 = CARTESIAN_POINT('',(33.5,169.5,123.));
#6358 = VECTOR('',#6359,1.);
#6359 = DIRECTION('',(0.,0.,1.));
#6360 = ORIENTED_EDGE('',*,*,#6322,.T.);
#6361 = ORIENTED_EDGE('',*,*,#6362,.F.);
#6362 = EDGE_CURVE('',#6348,#6323,#6363,.T.);
#6363 = LINE('',#6364,#6365);
#6364 = CARTESIAN_POINT('',(45.5,169.5,123.));
#6365 = VECTOR('',#6366,1.);
#6366 = DIRECTION('',(0.,0.,1.));
#6367 = PLANE('',#6368);
#6368 = AXIS2_PLACEMENT_3D('',#6369,#6370,#6371);
#6369 = CARTESIAN_POINT('',(33.5,169.5,123.));
#6370 = DIRECTION('',(0.,1.,0.));
#6371 = DIRECTION('',(0.,0.,1.));
#6372 = ADVANCED_FACE('',(#6373),#6398,.F.);
#6373 = FACE_BOUND('',#6374,.F.);
#6374 = EDGE_LOOP('',(#6375,#6383,#6391,#6397));
#6375 = ORIENTED_EDGE('',*,*,#6376,.F.);
#6376 = EDGE_CURVE('',#6377,#6346,#6379,.T.);
#6377 = VERTEX_POINT('',#6378);
#6378 = CARTESIAN_POINT('',(33.5,146.7,123.));
#6379 = LINE('',#6380,#6381);
#6380 = CARTESIAN_POINT('',(33.5,146.7,123.));
#6381 = VECTOR('',#6382,1.);
#6382 = DIRECTION('',(0.,1.,0.));
#6383 = ORIENTED_EDGE('',*,*,#6384,.T.);
#6384 = EDGE_CURVE('',#6377,#6385,#6387,.T.);
#6385 = VERTEX_POINT('',#6386);
#6386 = CARTESIAN_POINT('',(45.5,146.7,123.));
#6387 = LINE('',#6388,#6389);
#6388 = CARTESIAN_POINT('',(33.5,146.7,123.));
#6389 = VECTOR('',#6390,1.);
#6390 = DIRECTION('',(1.,0.,0.));
#6391 = ORIENTED_EDGE('',*,*,#6392,.T.);
#6392 = EDGE_CURVE('',#6385,#6348,#6393,.T.);
#6393 = LINE('',#6394,#6395);
#6394 = CARTESIAN_POINT('',(45.5,146.7,123.));
#6395 = VECTOR('',#6396,1.);
#6396 = DIRECTION('',(0.,1.,0.));
#6397 = ORIENTED_EDGE('',*,*,#6345,.F.);
#6398 = PLANE('',#6399);
#6399 = AXIS2_PLACEMENT_3D('',#6400,#6401,#6402);
#6400 = CARTESIAN_POINT('',(33.5,146.7,123.));
#6401 = DIRECTION('',(0.,0.,1.));
#6402 = DIRECTION('',(1.,0.,0.));
#6403 = ADVANCED_FACE('',(#6404),#6429,.F.);
#6404 = FACE_BOUND('',#6405,.F.);
#6405 = EDGE_LOOP('',(#6406,#6407,#6415,#6423));
#6406 = ORIENTED_EDGE('',*,*,#6384,.F.);
#6407 = ORIENTED_EDGE('',*,*,#6408,.T.);
#6408 = EDGE_CURVE('',#6377,#6409,#6411,.T.);
#6409 = VERTEX_POINT('',#6410);
#6410 = CARTESIAN_POINT('',(33.5,146.7,140.));
#6411 = LINE('',#6412,#6413);
#6412 = CARTESIAN_POINT('',(33.5,146.7,123.));
#6413 = VECTOR('',#6414,1.);
#6414 = DIRECTION('',(0.,0.,1.));
#6415 = ORIENTED_EDGE('',*,*,#6416,.T.);
#6416 = EDGE_CURVE('',#6409,#6417,#6419,.T.);
#6417 = VERTEX_POINT('',#6418);
#6418 = CARTESIAN_POINT('',(45.5,146.7,140.));
#6419 = LINE('',#6420,#6421);
#6420 = CARTESIAN_POINT('',(33.5,146.7,140.));
#6421 = VECTOR('',#6422,1.);
#6422 = DIRECTION('',(1.,0.,0.));
#6423 = ORIENTED_EDGE('',*,*,#6424,.F.);
#6424 = EDGE_CURVE('',#6385,#6417,#6425,.T.);
#6425 = LINE('',#6426,#6427);
#6426 = CARTESIAN_POINT('',(45.5,146.7,123.));
#6427 = VECTOR('',#6428,1.);
#6428 = DIRECTION('',(0.,0.,1.));
#6429 = PLANE('',#6430);
#6430 = AXIS2_PLACEMENT_3D('',#6431,#6432,#6433);
#6431 = CARTESIAN_POINT('',(33.5,146.7,123.));
#6432 = DIRECTION('',(0.,1.,0.));
#6433 = DIRECTION('',(0.,0.,1.));
#6434 = ADVANCED_FACE('',(#6435),#6460,.F.);
#6435 = FACE_BOUND('',#6436,.F.);
#6436 = EDGE_LOOP('',(#6437,#6445,#6453,#6459));
#6437 = ORIENTED_EDGE('',*,*,#6438,.F.);
#6438 = EDGE_CURVE('',#6439,#6409,#6441,.T.);
#6439 = VERTEX_POINT('',#6440);
#6440 = CARTESIAN_POINT('',(33.5,141.85,140.));
#6441 = LINE('',#6442,#6443);
#6442 = CARTESIAN_POINT('',(33.5,141.85,140.));
#6443 = VECTOR('',#6444,1.);
#6444 = DIRECTION('',(0.,1.,0.));
#6445 = ORIENTED_EDGE('',*,*,#6446,.T.);
#6446 = EDGE_CURVE('',#6439,#6447,#6449,.T.);
#6447 = VERTEX_POINT('',#6448);
#6448 = CARTESIAN_POINT('',(45.5,141.85,140.));
#6449 = LINE('',#6450,#6451);
#6450 = CARTESIAN_POINT('',(33.5,141.85,140.));
#6451 = VECTOR('',#6452,1.);
#6452 = DIRECTION('',(1.,0.,0.));
#6453 = ORIENTED_EDGE('',*,*,#6454,.T.);
#6454 = EDGE_CURVE('',#6447,#6417,#6455,.T.);
#6455 = LINE('',#6456,#6457);
#6456 = CARTESIAN_POINT('',(45.5,141.85,140.));
#6457 = VECTOR('',#6458,1.);
#6458 = DIRECTION('',(0.,1.,0.));
#6459 = ORIENTED_EDGE('',*,*,#6416,.F.);
#6460 = PLANE('',#6461);
#6461 = AXIS2_PLACEMENT_3D('',#6462,#6463,#6464);
#6462 = CARTESIAN_POINT('',(33.5,141.85,140.));
#6463 = DIRECTION('',(0.,0.,1.));
#6464 = DIRECTION('',(1.,0.,0.));
#6465 = ADVANCED_FACE('',(#6466),#6491,.F.);
#6466 = FACE_BOUND('',#6467,.F.);
#6467 = EDGE_LOOP('',(#6468,#6469,#6477,#6485));
#6468 = ORIENTED_EDGE('',*,*,#6446,.F.);
#6469 = ORIENTED_EDGE('',*,*,#6470,.T.);
#6470 = EDGE_CURVE('',#6439,#6471,#6473,.T.);
#6471 = VERTEX_POINT('',#6472);
#6472 = CARTESIAN_POINT('',(33.5,141.85,142.5));
#6473 = LINE('',#6474,#6475);
#6474 = CARTESIAN_POINT('',(33.5,141.85,140.));
#6475 = VECTOR('',#6476,1.);
#6476 = DIRECTION('',(0.,0.,1.));
#6477 = ORIENTED_EDGE('',*,*,#6478,.T.);
#6478 = EDGE_CURVE('',#6471,#6479,#6481,.T.);
#6479 = VERTEX_POINT('',#6480);
#6480 = CARTESIAN_POINT('',(45.5,141.85,142.5));
#6481 = LINE('',#6482,#6483);
#6482 = CARTESIAN_POINT('',(33.5,141.85,142.5));
#6483 = VECTOR('',#6484,1.);
#6484 = DIRECTION('',(1.,0.,0.));
#6485 = ORIENTED_EDGE('',*,*,#6486,.F.);
#6486 = EDGE_CURVE('',#6447,#6479,#6487,.T.);
#6487 = LINE('',#6488,#6489);
#6488 = CARTESIAN_POINT('',(45.5,141.85,140.));
#6489 = VECTOR('',#6490,1.);
#6490 = DIRECTION('',(0.,0.,1.));
#6491 = PLANE('',#6492);
#6492 = AXIS2_PLACEMENT_3D('',#6493,#6494,#6495);
#6493 = CARTESIAN_POINT('',(33.5,141.85,140.));
#6494 = DIRECTION('',(0.,1.,0.));
#6495 = DIRECTION('',(0.,0.,1.));
#6496 = ADVANCED_FACE('',(#6497),#6522,.T.);
#6497 = FACE_BOUND('',#6498,.T.);
#6498 = EDGE_LOOP('',(#6499,#6507,#6508,#6516));
#6499 = ORIENTED_EDGE('',*,*,#6500,.F.);
#6500 = EDGE_CURVE('',#6471,#6501,#6503,.T.);
#6501 = VERTEX_POINT('',#6502);
#6502 = CARTESIAN_POINT('',(33.5,146.7,142.5));
#6503 = LINE('',#6504,#6505);
#6504 = CARTESIAN_POINT('',(33.5,141.85,142.5));
#6505 = VECTOR('',#6506,1.);
#6506 = DIRECTION('',(0.,1.,0.));
#6507 = ORIENTED_EDGE('',*,*,#6478,.T.);
#6508 = ORIENTED_EDGE('',*,*,#6509,.T.);
#6509 = EDGE_CURVE('',#6479,#6510,#6512,.T.);
#6510 = VERTEX_POINT('',#6511);
#6511 = CARTESIAN_POINT('',(45.5,146.7,142.5));
#6512 = LINE('',#6513,#6514);
#6513 = CARTESIAN_POINT('',(45.5,141.85,142.5));
#6514 = VECTOR('',#6515,1.);
#6515 = DIRECTION('',(0.,1.,0.));
#6516 = ORIENTED_EDGE('',*,*,#6517,.F.);
#6517 = EDGE_CURVE('',#6501,#6510,#6518,.T.);
#6518 = LINE('',#6519,#6520);
#6519 = CARTESIAN_POINT('',(33.5,146.7,142.5));
#6520 = VECTOR('',#6521,1.);
#6521 = DIRECTION('',(1.,0.,0.));
#6522 = PLANE('',#6523);
#6523 = AXIS2_PLACEMENT_3D('',#6524,#6525,#6526);
#6524 = CARTESIAN_POINT('',(33.5,141.85,142.5));
#6525 = DIRECTION('',(0.,0.,1.));
#6526 = DIRECTION('',(1.,0.,0.));
#6527 = ADVANCED_FACE('',(#6528),#6553,.F.);
#6528 = FACE_BOUND('',#6529,.F.);
#6529 = EDGE_LOOP('',(#6530,#6531,#6539,#6547));
#6530 = ORIENTED_EDGE('',*,*,#6517,.F.);
#6531 = ORIENTED_EDGE('',*,*,#6532,.T.);
#6532 = EDGE_CURVE('',#6501,#6533,#6535,.T.);
#6533 = VERTEX_POINT('',#6534);
#6534 = CARTESIAN_POINT('',(33.5,146.7,150.5));
#6535 = LINE('',#6536,#6537);
#6536 = CARTESIAN_POINT('',(33.5,146.7,142.5));
#6537 = VECTOR('',#6538,1.);
#6538 = DIRECTION('',(0.,0.,1.));
#6539 = ORIENTED_EDGE('',*,*,#6540,.T.);
#6540 = EDGE_CURVE('',#6533,#6541,#6543,.T.);
#6541 = VERTEX_POINT('',#6542);
#6542 = CARTESIAN_POINT('',(45.5,146.7,150.5));
#6543 = LINE('',#6544,#6545);
#6544 = CARTESIAN_POINT('',(33.5,146.7,150.5));
#6545 = VECTOR('',#6546,1.);
#6546 = DIRECTION('',(1.,0.,0.));
#6547 = ORIENTED_EDGE('',*,*,#6548,.F.);
#6548 = EDGE_CURVE('',#6510,#6541,#6549,.T.);
#6549 = LINE('',#6550,#6551);
#6550 = CARTESIAN_POINT('',(45.5,146.7,142.5));
#6551 = VECTOR('',#6552,1.);
#6552 = DIRECTION('',(0.,0.,1.));
#6553 = PLANE('',#6554);
#6554 = AXIS2_PLACEMENT_3D('',#6555,#6556,#6557);
#6555 = CARTESIAN_POINT('',(33.5,146.7,142.5));
#6556 = DIRECTION('',(0.,1.,0.));
#6557 = DIRECTION('',(0.,0.,1.));
#6558 = ADVANCED_FACE('',(#6559,#6584),#6595,.T.);
#6559 = FACE_BOUND('',#6560,.T.);
#6560 = EDGE_LOOP('',(#6561,#6569,#6570,#6578));
#6561 = ORIENTED_EDGE('',*,*,#6562,.F.);
#6562 = EDGE_CURVE('',#6533,#6563,#6565,.T.);
#6563 = VERTEX_POINT('',#6564);
#6564 = CARTESIAN_POINT('',(33.5,169.5,150.5));
#6565 = LINE('',#6566,#6567);
#6566 = CARTESIAN_POINT('',(33.5,146.7,150.5));
#6567 = VECTOR('',#6568,1.);
#6568 = DIRECTION('',(0.,1.,0.));
#6569 = ORIENTED_EDGE('',*,*,#6540,.T.);
#6570 = ORIENTED_EDGE('',*,*,#6571,.T.);
#6571 = EDGE_CURVE('',#6541,#6572,#6574,.T.);
#6572 = VERTEX_POINT('',#6573);
#6573 = CARTESIAN_POINT('',(45.5,169.5,150.5));
#6574 = LINE('',#6575,#6576);
#6575 = CARTESIAN_POINT('',(45.5,146.7,150.5));
#6576 = VECTOR('',#6577,1.);
#6577 = DIRECTION('',(0.,1.,0.));
#6578 = ORIENTED_EDGE('',*,*,#6579,.F.);
#6579 = EDGE_CURVE('',#6563,#6572,#6580,.T.);
#6580 = LINE('',#6581,#6582);
#6581 = CARTESIAN_POINT('',(33.5,169.5,150.5));
#6582 = VECTOR('',#6583,1.);
#6583 = DIRECTION('',(1.,0.,0.));
#6584 = FACE_BOUND('',#6585,.T.);
#6585 = EDGE_LOOP('',(#6586));
#6586 = ORIENTED_EDGE('',*,*,#6587,.F.);
#6587 = EDGE_CURVE('',#6588,#6588,#6590,.T.);
#6588 = VERTEX_POINT('',#6589);
#6589 = CARTESIAN_POINT('',(42.5,155.,150.5));
#6590 = CIRCLE('',#6591,3.);
#6591 = AXIS2_PLACEMENT_3D('',#6592,#6593,#6594);
#6592 = CARTESIAN_POINT('',(39.5,155.,150.5));
#6593 = DIRECTION('',(0.,0.,1.));
#6594 = DIRECTION('',(1.,0.,0.));
#6595 = PLANE('',#6596);
#6596 = AXIS2_PLACEMENT_3D('',#6597,#6598,#6599);
#6597 = CARTESIAN_POINT('',(33.5,146.7,150.5));
#6598 = DIRECTION('',(0.,0.,1.));
#6599 = DIRECTION('',(1.,0.,0.));
#6600 = ADVANCED_FACE('',(#6601),#6617,.T.);
#6601 = FACE_BOUND('',#6602,.T.);
#6602 = EDGE_LOOP('',(#6603,#6604,#6610,#6611));
#6603 = ORIENTED_EDGE('',*,*,#6253,.F.);
#6604 = ORIENTED_EDGE('',*,*,#6605,.T.);
#6605 = EDGE_CURVE('',#6244,#6563,#6606,.T.);
#6606 = LINE('',#6607,#6608);
#6607 = CARTESIAN_POINT('',(33.5,169.5,142.5));
#6608 = VECTOR('',#6609,1.);
#6609 = DIRECTION('',(0.,0.,1.));
#6610 = ORIENTED_EDGE('',*,*,#6579,.T.);
#6611 = ORIENTED_EDGE('',*,*,#6612,.F.);
#6612 = EDGE_CURVE('',#6254,#6572,#6613,.T.);
#6613 = LINE('',#6614,#6615);
#6614 = CARTESIAN_POINT('',(45.5,169.5,142.5));
#6615 = VECTOR('',#6616,1.);
#6616 = DIRECTION('',(0.,0.,1.));
#6617 = PLANE('',#6618);
#6618 = AXIS2_PLACEMENT_3D('',#6619,#6620,#6621);
#6619 = CARTESIAN_POINT('',(33.5,169.5,142.5));
#6620 = DIRECTION('',(0.,1.,0.));
#6621 = DIRECTION('',(0.,0.,1.));
#6622 = ADVANCED_FACE('',(#6623),#6642,.T.);
#6623 = FACE_BOUND('',#6624,.T.);
#6624 = EDGE_LOOP('',(#6625,#6634,#6640,#6641));
#6625 = ORIENTED_EDGE('',*,*,#6626,.F.);
#6626 = EDGE_CURVE('',#6627,#6627,#6629,.T.);
#6627 = VERTEX_POINT('',#6628);
#6628 = CARTESIAN_POINT('',(42.5,155.,153.2));
#6629 = CIRCLE('',#6630,3.);
#6630 = AXIS2_PLACEMENT_3D('',#6631,#6632,#6633);
#6631 = CARTESIAN_POINT('',(39.5,155.,153.2));
#6632 = DIRECTION('',(0.,0.,1.));
#6633 = DIRECTION('',(1.,0.,0.));
#6634 = ORIENTED_EDGE('',*,*,#6635,.F.);
#6635 = EDGE_CURVE('',#6588,#6627,#6636,.T.);
#6636 = LINE('',#6637,#6638);
#6637 = CARTESIAN_POINT('',(42.5,155.,150.5));
#6638 = VECTOR('',#6639,1.);
#6639 = DIRECTION('',(0.,0.,1.));
#6640 = ORIENTED_EDGE('',*,*,#6587,.T.);
#6641 = ORIENTED_EDGE('',*,*,#6635,.T.);
#6642 = CYLINDRICAL_SURFACE('',#6643,3.);
#6643 = AXIS2_PLACEMENT_3D('',#6644,#6645,#6646);
#6644 = CARTESIAN_POINT('',(39.5,155.,150.5));
#6645 = DIRECTION('',(0.,0.,1.));
#6646 = DIRECTION('',(1.,0.,0.));
#6647 = ADVANCED_FACE('',(#6648),#6651,.T.);
#6648 = FACE_BOUND('',#6649,.T.);
#6649 = EDGE_LOOP('',(#6650));
#6650 = ORIENTED_EDGE('',*,*,#6626,.T.);
#6651 = PLANE('',#6652);
#6652 = AXIS2_PLACEMENT_3D('',#6653,#6654,#6655);
#6653 = CARTESIAN_POINT('',(39.5,155.,153.2));
#6654 = DIRECTION('',(0.,0.,1.));
#6655 = DIRECTION('',(1.,0.,0.));
#6656 = ADVANCED_FACE('',(#6657),#6671,.T.);
#6657 = FACE_BOUND('',#6658,.T.);
#6658 = EDGE_LOOP('',(#6659,#6660,#6661,#6662,#6663,#6664,#6665,#6666,
    #6667,#6668,#6669,#6670));
#6659 = ORIENTED_EDGE('',*,*,#6408,.T.);
#6660 = ORIENTED_EDGE('',*,*,#6438,.F.);
#6661 = ORIENTED_EDGE('',*,*,#6470,.T.);
#6662 = ORIENTED_EDGE('',*,*,#6500,.T.);
#6663 = ORIENTED_EDGE('',*,*,#6532,.T.);
#6664 = ORIENTED_EDGE('',*,*,#6562,.T.);
#6665 = ORIENTED_EDGE('',*,*,#6605,.F.);
#6666 = ORIENTED_EDGE('',*,*,#6243,.T.);
#6667 = ORIENTED_EDGE('',*,*,#6293,.F.);
#6668 = ORIENTED_EDGE('',*,*,#6314,.F.);
#6669 = ORIENTED_EDGE('',*,*,#6355,.F.);
#6670 = ORIENTED_EDGE('',*,*,#6376,.F.);
#6671 = PLANE('',#6672);
#6672 = AXIS2_PLACEMENT_3D('',#6673,#6674,#6675);
#6673 = CARTESIAN_POINT('',(33.5,158.1,137.4775));
#6674 = DIRECTION('',(-1.,-0.,-0.));
#6675 = DIRECTION('',(0.,0.,-1.));
#6676 = ADVANCED_FACE('',(#6677),#6691,.T.);
#6677 = FACE_BOUND('',#6678,.T.);
#6678 = EDGE_LOOP('',(#6679,#6680,#6681,#6682,#6683,#6684,#6685,#6686,
    #6687,#6688,#6689,#6690));
#6679 = ORIENTED_EDGE('',*,*,#6424,.F.);
#6680 = ORIENTED_EDGE('',*,*,#6392,.T.);
#6681 = ORIENTED_EDGE('',*,*,#6362,.T.);
#6682 = ORIENTED_EDGE('',*,*,#6330,.T.);
#6683 = ORIENTED_EDGE('',*,*,#6300,.T.);
#6684 = ORIENTED_EDGE('',*,*,#6261,.F.);
#6685 = ORIENTED_EDGE('',*,*,#6612,.T.);
#6686 = ORIENTED_EDGE('',*,*,#6571,.F.);
#6687 = ORIENTED_EDGE('',*,*,#6548,.F.);
#6688 = ORIENTED_EDGE('',*,*,#6509,.F.);
#6689 = ORIENTED_EDGE('',*,*,#6486,.F.);
#6690 = ORIENTED_EDGE('',*,*,#6454,.T.);
#6691 = PLANE('',#6692);
#6692 = AXIS2_PLACEMENT_3D('',#6693,#6694,#6695);
#6693 = CARTESIAN_POINT('',(45.5,158.1,137.4775));
#6694 = DIRECTION('',(1.,0.,0.));
#6695 = DIRECTION('',(0.,0.,1.));
#6696 = MANIFOLD_SOLID_BREP('',#6697);
#6697 = CLOSED_SHELL('',(#6698,#6738,#6769,#6800,#6831,#6862,#6893,#6924
    ,#6955,#6986,#7017,#7048,#7070,#7090));
#6698 = ADVANCED_FACE('',(#6699),#6733,.F.);
#6699 = FACE_BOUND('',#6700,.F.);
#6700 = EDGE_LOOP('',(#6701,#6711,#6719,#6727));
#6701 = ORIENTED_EDGE('',*,*,#6702,.F.);
#6702 = EDGE_CURVE('',#6703,#6705,#6707,.T.);
#6703 = VERTEX_POINT('',#6704);
#6704 = CARTESIAN_POINT('',(36.5,137.,155.2));
#6705 = VERTEX_POINT('',#6706);
#6706 = CARTESIAN_POINT('',(36.5,152.,155.2));
#6707 = LINE('',#6708,#6709);
#6708 = CARTESIAN_POINT('',(36.5,137.,155.2));
#6709 = VECTOR('',#6710,1.);
#6710 = DIRECTION('',(0.,1.,0.));
#6711 = ORIENTED_EDGE('',*,*,#6712,.F.);
#6712 = EDGE_CURVE('',#6713,#6703,#6715,.T.);
#6713 = VERTEX_POINT('',#6714);
#6714 = CARTESIAN_POINT('',(36.5,137.,153.2));
#6715 = LINE('',#6716,#6717);
#6716 = CARTESIAN_POINT('',(36.5,137.,153.2));
#6717 = VECTOR('',#6718,1.);
#6718 = DIRECTION('',(0.,0.,1.));
#6719 = ORIENTED_EDGE('',*,*,#6720,.T.);
#6720 = EDGE_CURVE('',#6713,#6721,#6723,.T.);
#6721 = VERTEX_POINT('',#6722);
#6722 = CARTESIAN_POINT('',(36.5,152.,153.2));
#6723 = LINE('',#6724,#6725);
#6724 = CARTESIAN_POINT('',(36.5,137.,153.2));
#6725 = VECTOR('',#6726,1.);
#6726 = DIRECTION('',(0.,1.,0.));
#6727 = ORIENTED_EDGE('',*,*,#6728,.T.);
#6728 = EDGE_CURVE('',#6721,#6705,#6729,.T.);
#6729 = LINE('',#6730,#6731);
#6730 = CARTESIAN_POINT('',(36.5,152.,153.2));
#6731 = VECTOR('',#6732,1.);
#6732 = DIRECTION('',(0.,0.,1.));
#6733 = PLANE('',#6734);
#6734 = AXIS2_PLACEMENT_3D('',#6735,#6736,#6737);
#6735 = CARTESIAN_POINT('',(36.5,137.,153.2));
#6736 = DIRECTION('',(1.,0.,0.));
#6737 = DIRECTION('',(0.,0.,1.));
#6738 = ADVANCED_FACE('',(#6739),#6764,.F.);
#6739 = FACE_BOUND('',#6740,.F.);
#6740 = EDGE_LOOP('',(#6741,#6749,#6757,#6763));
#6741 = ORIENTED_EDGE('',*,*,#6742,.F.);
#6742 = EDGE_CURVE('',#6743,#6721,#6745,.T.);
#6743 = VERTEX_POINT('',#6744);
#6744 = CARTESIAN_POINT('',(30.5,152.,153.2));
#6745 = LINE('',#6746,#6747);
#6746 = CARTESIAN_POINT('',(30.5,152.,153.2));
#6747 = VECTOR('',#6748,1.);
#6748 = DIRECTION('',(1.,0.,0.));
#6749 = ORIENTED_EDGE('',*,*,#6750,.T.);
#6750 = EDGE_CURVE('',#6743,#6751,#6753,.T.);
#6751 = VERTEX_POINT('',#6752);
#6752 = CARTESIAN_POINT('',(30.5,152.,155.2));
#6753 = LINE('',#6754,#6755);
#6754 = CARTESIAN_POINT('',(30.5,152.,153.2));
#6755 = VECTOR('',#6756,1.);
#6756 = DIRECTION('',(0.,0.,1.));
#6757 = ORIENTED_EDGE('',*,*,#6758,.T.);
#6758 = EDGE_CURVE('',#6751,#6705,#6759,.T.);
#6759 = LINE('',#6760,#6761);
#6760 = CARTESIAN_POINT('',(30.5,152.,155.2));
#6761 = VECTOR('',#6762,1.);
#6762 = DIRECTION('',(1.,0.,0.));
#6763 = ORIENTED_EDGE('',*,*,#6728,.F.);
#6764 = PLANE('',#6765);
#6765 = AXIS2_PLACEMENT_3D('',#6766,#6767,#6768);
#6766 = CARTESIAN_POINT('',(30.5,152.,153.2));
#6767 = DIRECTION('',(0.,1.,0.));
#6768 = DIRECTION('',(0.,0.,1.));
#6769 = ADVANCED_FACE('',(#6770),#6795,.F.);
#6770 = FACE_BOUND('',#6771,.F.);
#6771 = EDGE_LOOP('',(#6772,#6780,#6781,#6789));
#6772 = ORIENTED_EDGE('',*,*,#6773,.F.);
#6773 = EDGE_CURVE('',#6713,#6774,#6776,.T.);
#6774 = VERTEX_POINT('',#6775);
#6775 = CARTESIAN_POINT('',(42.5,137.,153.2));
#6776 = LINE('',#6777,#6778);
#6777 = CARTESIAN_POINT('',(36.5,137.,153.2));
#6778 = VECTOR('',#6779,1.);
#6779 = DIRECTION('',(1.,0.,0.));
#6780 = ORIENTED_EDGE('',*,*,#6712,.T.);
#6781 = ORIENTED_EDGE('',*,*,#6782,.T.);
#6782 = EDGE_CURVE('',#6703,#6783,#6785,.T.);
#6783 = VERTEX_POINT('',#6784);
#6784 = CARTESIAN_POINT('',(42.5,137.,155.2));
#6785 = LINE('',#6786,#6787);
#6786 = CARTESIAN_POINT('',(36.5,137.,155.2));
#6787 = VECTOR('',#6788,1.);
#6788 = DIRECTION('',(1.,0.,0.));
#6789 = ORIENTED_EDGE('',*,*,#6790,.F.);
#6790 = EDGE_CURVE('',#6774,#6783,#6791,.T.);
#6791 = LINE('',#6792,#6793);
#6792 = CARTESIAN_POINT('',(42.5,137.,153.2));
#6793 = VECTOR('',#6794,1.);
#6794 = DIRECTION('',(0.,0.,1.));
#6795 = PLANE('',#6796);
#6796 = AXIS2_PLACEMENT_3D('',#6797,#6798,#6799);
#6797 = CARTESIAN_POINT('',(36.5,137.,153.2));
#6798 = DIRECTION('',(0.,1.,0.));
#6799 = DIRECTION('',(0.,0.,1.));
#6800 = ADVANCED_FACE('',(#6801),#6826,.T.);
#6801 = FACE_BOUND('',#6802,.T.);
#6802 = EDGE_LOOP('',(#6803,#6811,#6812,#6820));
#6803 = ORIENTED_EDGE('',*,*,#6804,.F.);
#6804 = EDGE_CURVE('',#6783,#6805,#6807,.T.);
#6805 = VERTEX_POINT('',#6806);
#6806 = CARTESIAN_POINT('',(42.5,152.,155.2));
#6807 = LINE('',#6808,#6809);
#6808 = CARTESIAN_POINT('',(42.5,137.,155.2));
#6809 = VECTOR('',#6810,1.);
#6810 = DIRECTION('',(0.,1.,0.));
#6811 = ORIENTED_EDGE('',*,*,#6790,.F.);
#6812 = ORIENTED_EDGE('',*,*,#6813,.T.);
#6813 = EDGE_CURVE('',#6774,#6814,#6816,.T.);
#6814 = VERTEX_POINT('',#6815);
#6815 = CARTESIAN_POINT('',(42.5,152.,153.2));
#6816 = LINE('',#6817,#6818);
#6817 = CARTESIAN_POINT('',(42.5,137.,153.2));
#6818 = VECTOR('',#6819,1.);
#6819 = DIRECTION('',(0.,1.,0.));
#6820 = ORIENTED_EDGE('',*,*,#6821,.T.);
#6821 = EDGE_CURVE('',#6814,#6805,#6822,.T.);
#6822 = LINE('',#6823,#6824);
#6823 = CARTESIAN_POINT('',(42.5,152.,153.2));
#6824 = VECTOR('',#6825,1.);
#6825 = DIRECTION('',(0.,0.,1.));
#6826 = PLANE('',#6827);
#6827 = AXIS2_PLACEMENT_3D('',#6828,#6829,#6830);
#6828 = CARTESIAN_POINT('',(42.5,137.,153.2));
#6829 = DIRECTION('',(1.,0.,0.));
#6830 = DIRECTION('',(0.,0.,1.));
#6831 = ADVANCED_FACE('',(#6832),#6857,.F.);
#6832 = FACE_BOUND('',#6833,.F.);
#6833 = EDGE_LOOP('',(#6834,#6835,#6843,#6851));
#6834 = ORIENTED_EDGE('',*,*,#6750,.F.);
#6835 = ORIENTED_EDGE('',*,*,#6836,.T.);
#6836 = EDGE_CURVE('',#6743,#6837,#6839,.T.);
#6837 = VERTEX_POINT('',#6838);
#6838 = CARTESIAN_POINT('',(30.5,158.,153.2));
#6839 = LINE('',#6840,#6841);
#6840 = CARTESIAN_POINT('',(30.5,152.,153.2));
#6841 = VECTOR('',#6842,1.);
#6842 = DIRECTION('',(0.,1.,0.));
#6843 = ORIENTED_EDGE('',*,*,#6844,.T.);
#6844 = EDGE_CURVE('',#6837,#6845,#6847,.T.);
#6845 = VERTEX_POINT('',#6846);
#6846 = CARTESIAN_POINT('',(30.5,158.,155.2));
#6847 = LINE('',#6848,#6849);
#6848 = CARTESIAN_POINT('',(30.5,158.,153.2));
#6849 = VECTOR('',#6850,1.);
#6850 = DIRECTION('',(0.,0.,1.));
#6851 = ORIENTED_EDGE('',*,*,#6852,.F.);
#6852 = EDGE_CURVE('',#6751,#6845,#6853,.T.);
#6853 = LINE('',#6854,#6855);
#6854 = CARTESIAN_POINT('',(30.5,152.,155.2));
#6855 = VECTOR('',#6856,1.);
#6856 = DIRECTION('',(0.,1.,0.));
#6857 = PLANE('',#6858);
#6858 = AXIS2_PLACEMENT_3D('',#6859,#6860,#6861);
#6859 = CARTESIAN_POINT('',(30.5,152.,153.2));
#6860 = DIRECTION('',(1.,0.,0.));
#6861 = DIRECTION('',(0.,0.,1.));
#6862 = ADVANCED_FACE('',(#6863),#6888,.F.);
#6863 = FACE_BOUND('',#6864,.F.);
#6864 = EDGE_LOOP('',(#6865,#6873,#6874,#6882));
#6865 = ORIENTED_EDGE('',*,*,#6866,.F.);
#6866 = EDGE_CURVE('',#6814,#6867,#6869,.T.);
#6867 = VERTEX_POINT('',#6868);
#6868 = CARTESIAN_POINT('',(48.5,152.,153.2));
#6869 = LINE('',#6870,#6871);
#6870 = CARTESIAN_POINT('',(30.5,152.,153.2));
#6871 = VECTOR('',#6872,1.);
#6872 = DIRECTION('',(1.,0.,0.));
#6873 = ORIENTED_EDGE('',*,*,#6821,.T.);
#6874 = ORIENTED_EDGE('',*,*,#6875,.T.);
#6875 = EDGE_CURVE('',#6805,#6876,#6878,.T.);
#6876 = VERTEX_POINT('',#6877);
#6877 = CARTESIAN_POINT('',(48.5,152.,155.2));
#6878 = LINE('',#6879,#6880);
#6879 = CARTESIAN_POINT('',(30.5,152.,155.2));
#6880 = VECTOR('',#6881,1.);
#6881 = DIRECTION('',(1.,0.,0.));
#6882 = ORIENTED_EDGE('',*,*,#6883,.F.);
#6883 = EDGE_CURVE('',#6867,#6876,#6884,.T.);
#6884 = LINE('',#6885,#6886);
#6885 = CARTESIAN_POINT('',(48.5,152.,153.2));
#6886 = VECTOR('',#6887,1.);
#6887 = DIRECTION('',(0.,0.,1.));
#6888 = PLANE('',#6889);
#6889 = AXIS2_PLACEMENT_3D('',#6890,#6891,#6892);
#6890 = CARTESIAN_POINT('',(30.5,152.,153.2));
#6891 = DIRECTION('',(0.,1.,0.));
#6892 = DIRECTION('',(0.,0.,1.));
#6893 = ADVANCED_FACE('',(#6894),#6919,.T.);
#6894 = FACE_BOUND('',#6895,.T.);
#6895 = EDGE_LOOP('',(#6896,#6904,#6905,#6913));
#6896 = ORIENTED_EDGE('',*,*,#6897,.F.);
#6897 = EDGE_CURVE('',#6837,#6898,#6900,.T.);
#6898 = VERTEX_POINT('',#6899);
#6899 = CARTESIAN_POINT('',(36.5,158.,153.2));
#6900 = LINE('',#6901,#6902);
#6901 = CARTESIAN_POINT('',(30.5,158.,153.2));
#6902 = VECTOR('',#6903,1.);
#6903 = DIRECTION('',(1.,0.,0.));
#6904 = ORIENTED_EDGE('',*,*,#6844,.T.);
#6905 = ORIENTED_EDGE('',*,*,#6906,.T.);
#6906 = EDGE_CURVE('',#6845,#6907,#6909,.T.);
#6907 = VERTEX_POINT('',#6908);
#6908 = CARTESIAN_POINT('',(36.5,158.,155.2));
#6909 = LINE('',#6910,#6911);
#6910 = CARTESIAN_POINT('',(30.5,158.,155.2));
#6911 = VECTOR('',#6912,1.);
#6912 = DIRECTION('',(1.,0.,0.));
#6913 = ORIENTED_EDGE('',*,*,#6914,.F.);
#6914 = EDGE_CURVE('',#6898,#6907,#6915,.T.);
#6915 = LINE('',#6916,#6917);
#6916 = CARTESIAN_POINT('',(36.5,158.,153.2));
#6917 = VECTOR('',#6918,1.);
#6918 = DIRECTION('',(0.,0.,1.));
#6919 = PLANE('',#6920);
#6920 = AXIS2_PLACEMENT_3D('',#6921,#6922,#6923);
#6921 = CARTESIAN_POINT('',(30.5,158.,153.2));
#6922 = DIRECTION('',(0.,1.,0.));
#6923 = DIRECTION('',(0.,0.,1.));
#6924 = ADVANCED_FACE('',(#6925),#6950,.F.);
#6925 = FACE_BOUND('',#6926,.F.);
#6926 = EDGE_LOOP('',(#6927,#6935,#6936,#6944));
#6927 = ORIENTED_EDGE('',*,*,#6928,.F.);
#6928 = EDGE_CURVE('',#6907,#6929,#6931,.T.);
#6929 = VERTEX_POINT('',#6930);
#6930 = CARTESIAN_POINT('',(36.5,173.,155.2));
#6931 = LINE('',#6932,#6933);
#6932 = CARTESIAN_POINT('',(36.5,137.,155.2));
#6933 = VECTOR('',#6934,1.);
#6934 = DIRECTION('',(0.,1.,0.));
#6935 = ORIENTED_EDGE('',*,*,#6914,.F.);
#6936 = ORIENTED_EDGE('',*,*,#6937,.T.);
#6937 = EDGE_CURVE('',#6898,#6938,#6940,.T.);
#6938 = VERTEX_POINT('',#6939);
#6939 = CARTESIAN_POINT('',(36.5,173.,153.2));
#6940 = LINE('',#6941,#6942);
#6941 = CARTESIAN_POINT('',(36.5,137.,153.2));
#6942 = VECTOR('',#6943,1.);
#6943 = DIRECTION('',(0.,1.,0.));
#6944 = ORIENTED_EDGE('',*,*,#6945,.T.);
#6945 = EDGE_CURVE('',#6938,#6929,#6946,.T.);
#6946 = LINE('',#6947,#6948);
#6947 = CARTESIAN_POINT('',(36.5,173.,153.2));
#6948 = VECTOR('',#6949,1.);
#6949 = DIRECTION('',(0.,0.,1.));
#6950 = PLANE('',#6951);
#6951 = AXIS2_PLACEMENT_3D('',#6952,#6953,#6954);
#6952 = CARTESIAN_POINT('',(36.5,137.,153.2));
#6953 = DIRECTION('',(1.,0.,0.));
#6954 = DIRECTION('',(0.,0.,1.));
#6955 = ADVANCED_FACE('',(#6956),#6981,.T.);
#6956 = FACE_BOUND('',#6957,.T.);
#6957 = EDGE_LOOP('',(#6958,#6966,#6967,#6975));
#6958 = ORIENTED_EDGE('',*,*,#6959,.F.);
#6959 = EDGE_CURVE('',#6938,#6960,#6962,.T.);
#6960 = VERTEX_POINT('',#6961);
#6961 = CARTESIAN_POINT('',(42.5,173.,153.2));
#6962 = LINE('',#6963,#6964);
#6963 = CARTESIAN_POINT('',(36.5,173.,153.2));
#6964 = VECTOR('',#6965,1.);
#6965 = DIRECTION('',(1.,0.,0.));
#6966 = ORIENTED_EDGE('',*,*,#6945,.T.);
#6967 = ORIENTED_EDGE('',*,*,#6968,.T.);
#6968 = EDGE_CURVE('',#6929,#6969,#6971,.T.);
#6969 = VERTEX_POINT('',#6970);
#6970 = CARTESIAN_POINT('',(42.5,173.,155.2));
#6971 = LINE('',#6972,#6973);
#6972 = CARTESIAN_POINT('',(36.5,173.,155.2));
#6973 = VECTOR('',#6974,1.);
#6974 = DIRECTION('',(1.,0.,0.));
#6975 = ORIENTED_EDGE('',*,*,#6976,.F.);
#6976 = EDGE_CURVE('',#6960,#6969,#6977,.T.);
#6977 = LINE('',#6978,#6979);
#6978 = CARTESIAN_POINT('',(42.5,173.,153.2));
#6979 = VECTOR('',#6980,1.);
#6980 = DIRECTION('',(0.,0.,1.));
#6981 = PLANE('',#6982);
#6982 = AXIS2_PLACEMENT_3D('',#6983,#6984,#6985);
#6983 = CARTESIAN_POINT('',(36.5,173.,153.2));
#6984 = DIRECTION('',(0.,1.,0.));
#6985 = DIRECTION('',(0.,0.,1.));
#6986 = ADVANCED_FACE('',(#6987),#7012,.T.);
#6987 = FACE_BOUND('',#6988,.T.);
#6988 = EDGE_LOOP('',(#6989,#6997,#7005,#7011));
#6989 = ORIENTED_EDGE('',*,*,#6990,.F.);
#6990 = EDGE_CURVE('',#6991,#6969,#6993,.T.);
#6991 = VERTEX_POINT('',#6992);
#6992 = CARTESIAN_POINT('',(42.5,158.,155.2));
#6993 = LINE('',#6994,#6995);
#6994 = CARTESIAN_POINT('',(42.5,137.,155.2));
#6995 = VECTOR('',#6996,1.);
#6996 = DIRECTION('',(0.,1.,0.));
#6997 = ORIENTED_EDGE('',*,*,#6998,.F.);
#6998 = EDGE_CURVE('',#6999,#6991,#7001,.T.);
#6999 = VERTEX_POINT('',#7000);
#7000 = CARTESIAN_POINT('',(42.5,158.,153.2));
#7001 = LINE('',#7002,#7003);
#7002 = CARTESIAN_POINT('',(42.5,158.,153.2));
#7003 = VECTOR('',#7004,1.);
#7004 = DIRECTION('',(0.,0.,1.));
#7005 = ORIENTED_EDGE('',*,*,#7006,.T.);
#7006 = EDGE_CURVE('',#6999,#6960,#7007,.T.);
#7007 = LINE('',#7008,#7009);
#7008 = CARTESIAN_POINT('',(42.5,137.,153.2));
#7009 = VECTOR('',#7010,1.);
#7010 = DIRECTION('',(0.,1.,0.));
#7011 = ORIENTED_EDGE('',*,*,#6976,.T.);
#7012 = PLANE('',#7013);
#7013 = AXIS2_PLACEMENT_3D('',#7014,#7015,#7016);
#7014 = CARTESIAN_POINT('',(42.5,137.,153.2));
#7015 = DIRECTION('',(1.,0.,0.));
#7016 = DIRECTION('',(0.,0.,1.));
#7017 = ADVANCED_FACE('',(#7018),#7043,.T.);
#7018 = FACE_BOUND('',#7019,.T.);
#7019 = EDGE_LOOP('',(#7020,#7028,#7029,#7037));
#7020 = ORIENTED_EDGE('',*,*,#7021,.F.);
#7021 = EDGE_CURVE('',#6999,#7022,#7024,.T.);
#7022 = VERTEX_POINT('',#7023);
#7023 = CARTESIAN_POINT('',(48.5,158.,153.2));
#7024 = LINE('',#7025,#7026);
#7025 = CARTESIAN_POINT('',(30.5,158.,153.2));
#7026 = VECTOR('',#7027,1.);
#7027 = DIRECTION('',(1.,0.,0.));
#7028 = ORIENTED_EDGE('',*,*,#6998,.T.);
#7029 = ORIENTED_EDGE('',*,*,#7030,.T.);
#7030 = EDGE_CURVE('',#6991,#7031,#7033,.T.);
#7031 = VERTEX_POINT('',#7032);
#7032 = CARTESIAN_POINT('',(48.5,158.,155.2));
#7033 = LINE('',#7034,#7035);
#7034 = CARTESIAN_POINT('',(30.5,158.,155.2));
#7035 = VECTOR('',#7036,1.);
#7036 = DIRECTION('',(1.,0.,0.));
#7037 = ORIENTED_EDGE('',*,*,#7038,.F.);
#7038 = EDGE_CURVE('',#7022,#7031,#7039,.T.);
#7039 = LINE('',#7040,#7041);
#7040 = CARTESIAN_POINT('',(48.5,158.,153.2));
#7041 = VECTOR('',#7042,1.);
#7042 = DIRECTION('',(0.,0.,1.));
#7043 = PLANE('',#7044);
#7044 = AXIS2_PLACEMENT_3D('',#7045,#7046,#7047);
#7045 = CARTESIAN_POINT('',(30.5,158.,153.2));
#7046 = DIRECTION('',(0.,1.,0.));
#7047 = DIRECTION('',(0.,0.,1.));
#7048 = ADVANCED_FACE('',(#7049),#7065,.T.);
#7049 = FACE_BOUND('',#7050,.T.);
#7050 = EDGE_LOOP('',(#7051,#7052,#7058,#7059));
#7051 = ORIENTED_EDGE('',*,*,#6883,.F.);
#7052 = ORIENTED_EDGE('',*,*,#7053,.T.);
#7053 = EDGE_CURVE('',#6867,#7022,#7054,.T.);
#7054 = LINE('',#7055,#7056);
#7055 = CARTESIAN_POINT('',(48.5,152.,153.2));
#7056 = VECTOR('',#7057,1.);
#7057 = DIRECTION('',(0.,1.,0.));
#7058 = ORIENTED_EDGE('',*,*,#7038,.T.);
#7059 = ORIENTED_EDGE('',*,*,#7060,.F.);
#7060 = EDGE_CURVE('',#6876,#7031,#7061,.T.);
#7061 = LINE('',#7062,#7063);
#7062 = CARTESIAN_POINT('',(48.5,152.,155.2));
#7063 = VECTOR('',#7064,1.);
#7064 = DIRECTION('',(0.,1.,0.));
#7065 = PLANE('',#7066);
#7066 = AXIS2_PLACEMENT_3D('',#7067,#7068,#7069);
#7067 = CARTESIAN_POINT('',(48.5,152.,153.2));
#7068 = DIRECTION('',(1.,0.,0.));
#7069 = DIRECTION('',(0.,0.,1.));
#7070 = ADVANCED_FACE('',(#7071),#7085,.T.);
#7071 = FACE_BOUND('',#7072,.T.);
#7072 = EDGE_LOOP('',(#7073,#7074,#7075,#7076,#7077,#7078,#7079,#7080,
    #7081,#7082,#7083,#7084));
#7073 = ORIENTED_EDGE('',*,*,#6702,.F.);
#7074 = ORIENTED_EDGE('',*,*,#6782,.T.);
#7075 = ORIENTED_EDGE('',*,*,#6804,.T.);
#7076 = ORIENTED_EDGE('',*,*,#6875,.T.);
#7077 = ORIENTED_EDGE('',*,*,#7060,.T.);
#7078 = ORIENTED_EDGE('',*,*,#7030,.F.);
#7079 = ORIENTED_EDGE('',*,*,#6990,.T.);
#7080 = ORIENTED_EDGE('',*,*,#6968,.F.);
#7081 = ORIENTED_EDGE('',*,*,#6928,.F.);
#7082 = ORIENTED_EDGE('',*,*,#6906,.F.);
#7083 = ORIENTED_EDGE('',*,*,#6852,.F.);
#7084 = ORIENTED_EDGE('',*,*,#6758,.T.);
#7085 = PLANE('',#7086);
#7086 = AXIS2_PLACEMENT_3D('',#7087,#7088,#7089);
#7087 = CARTESIAN_POINT('',(39.5,155.,155.2));
#7088 = DIRECTION('',(0.,0.,1.));
#7089 = DIRECTION('',(1.,0.,0.));
#7090 = ADVANCED_FACE('',(#7091),#7105,.T.);
#7091 = FACE_BOUND('',#7092,.T.);
#7092 = EDGE_LOOP('',(#7093,#7094,#7095,#7096,#7097,#7098,#7099,#7100,
    #7101,#7102,#7103,#7104));
#7093 = ORIENTED_EDGE('',*,*,#6720,.T.);
#7094 = ORIENTED_EDGE('',*,*,#6742,.F.);
#7095 = ORIENTED_EDGE('',*,*,#6836,.T.);
#7096 = ORIENTED_EDGE('',*,*,#6897,.T.);
#7097 = ORIENTED_EDGE('',*,*,#6937,.T.);
#7098 = ORIENTED_EDGE('',*,*,#6959,.T.);
#7099 = ORIENTED_EDGE('',*,*,#7006,.F.);
#7100 = ORIENTED_EDGE('',*,*,#7021,.T.);
#7101 = ORIENTED_EDGE('',*,*,#7053,.F.);
#7102 = ORIENTED_EDGE('',*,*,#6866,.F.);
#7103 = ORIENTED_EDGE('',*,*,#6813,.F.);
#7104 = ORIENTED_EDGE('',*,*,#6773,.F.);
#7105 = PLANE('',#7106);
#7106 = AXIS2_PLACEMENT_3D('',#7107,#7108,#7109);
#7107 = CARTESIAN_POINT('',(39.5,155.,153.2));
#7108 = DIRECTION('',(-0.,-0.,-1.));
#7109 = DIRECTION('',(-1.,0.,0.));
#7110 = MANIFOLD_SOLID_BREP('',#7111);
#7111 = CLOSED_SHELL('',(#7112,#7152,#7391,#7431,#7665,#7682,#7699,#7716
    ,#7733,#7758,#7774,#7891,#7908,#7925,#7937,#7968,#7985,#8002,#8019,
    #8036,#8134,#8157,#8180,#8197,#8214,#8231,#8264,#8292,#8309,#8331,
    #8343,#8360,#8383,#8407,#8431,#8448,#8468,#8491,#8503,#8520,#8532,
    #8549,#8571,#8588,#8605,#8617,#8634));
#7112 = ADVANCED_FACE('',(#7113),#7147,.T.);
#7113 = FACE_BOUND('',#7114,.T.);
#7114 = EDGE_LOOP('',(#7115,#7125,#7133,#7141));
#7115 = ORIENTED_EDGE('',*,*,#7116,.F.);
#7116 = EDGE_CURVE('',#7117,#7119,#7121,.T.);
#7117 = VERTEX_POINT('',#7118);
#7118 = CARTESIAN_POINT('',(66.5,66.,144.));
#7119 = VERTEX_POINT('',#7120);
#7120 = CARTESIAN_POINT('',(66.5,78.,144.));
#7121 = LINE('',#7122,#7123);
#7122 = CARTESIAN_POINT('',(66.5,66.,144.));
#7123 = VECTOR('',#7124,1.);
#7124 = DIRECTION('',(0.,1.,0.));
#7125 = ORIENTED_EDGE('',*,*,#7126,.F.);
#7126 = EDGE_CURVE('',#7127,#7117,#7129,.T.);
#7127 = VERTEX_POINT('',#7128);
#7128 = CARTESIAN_POINT('',(66.5,66.,140.));
#7129 = LINE('',#7130,#7131);
#7130 = CARTESIAN_POINT('',(66.5,66.,140.));
#7131 = VECTOR('',#7132,1.);
#7132 = DIRECTION('',(0.,0.,1.));
#7133 = ORIENTED_EDGE('',*,*,#7134,.T.);
#7134 = EDGE_CURVE('',#7127,#7135,#7137,.T.);
#7135 = VERTEX_POINT('',#7136);
#7136 = CARTESIAN_POINT('',(66.5,78.,140.));
#7137 = LINE('',#7138,#7139);
#7138 = CARTESIAN_POINT('',(66.5,70.,140.));
#7139 = VECTOR('',#7140,1.);
#7140 = DIRECTION('',(0.,1.,0.));
#7141 = ORIENTED_EDGE('',*,*,#7142,.F.);
#7142 = EDGE_CURVE('',#7119,#7135,#7143,.T.);
#7143 = LINE('',#7144,#7145);
#7144 = CARTESIAN_POINT('',(66.5,78.,150.68644067796));
#7145 = VECTOR('',#7146,1.);
#7146 = DIRECTION('',(0.,0.,-1.));
#7147 = PLANE('',#7148);
#7148 = AXIS2_PLACEMENT_3D('',#7149,#7150,#7151);
#7149 = CARTESIAN_POINT('',(66.5,83.5,142.));
#7150 = DIRECTION('',(1.,0.,0.));
#7151 = DIRECTION('',(0.,0.,1.));
#7152 = ADVANCED_FACE('',(#7153,#7356,#7367),#7386,.T.);
#7153 = FACE_BOUND('',#7154,.T.);
#7154 = EDGE_LOOP('',(#7155,#7165,#7171,#7172,#7180,#7188,#7196,#7204,
    #7212,#7220,#7228,#7237,#7245,#7253,#7261,#7269,#7277,#7285,#7293,
    #7301,#7309,#7317,#7325,#7334,#7342,#7350));
#7155 = ORIENTED_EDGE('',*,*,#7156,.F.);
#7156 = EDGE_CURVE('',#7157,#7159,#7161,.T.);
#7157 = VERTEX_POINT('',#7158);
#7158 = CARTESIAN_POINT('',(12.5,66.,144.));
#7159 = VERTEX_POINT('',#7160);
#7160 = CARTESIAN_POINT('',(12.5,101.,144.));
#7161 = LINE('',#7162,#7163);
#7162 = CARTESIAN_POINT('',(12.5,66.,144.));
#7163 = VECTOR('',#7164,1.);
#7164 = DIRECTION('',(0.,1.,0.));
#7165 = ORIENTED_EDGE('',*,*,#7166,.T.);
#7166 = EDGE_CURVE('',#7157,#7117,#7167,.T.);
#7167 = LINE('',#7168,#7169);
#7168 = CARTESIAN_POINT('',(12.5,66.,144.));
#7169 = VECTOR('',#7170,1.);
#7170 = DIRECTION('',(1.,0.,0.));
#7171 = ORIENTED_EDGE('',*,*,#7116,.T.);
#7172 = ORIENTED_EDGE('',*,*,#7173,.T.);
#7173 = EDGE_CURVE('',#7119,#7174,#7176,.T.);
#7174 = VERTEX_POINT('',#7175);
#7175 = CARTESIAN_POINT('',(67.5,78.,144.));
#7176 = LINE('',#7177,#7178);
#7177 = CARTESIAN_POINT('',(58.5,78.,144.));
#7178 = VECTOR('',#7179,1.);
#7179 = DIRECTION('',(1.,0.,0.));
#7180 = ORIENTED_EDGE('',*,*,#7181,.F.);
#7181 = EDGE_CURVE('',#7182,#7174,#7184,.T.);
#7182 = VERTEX_POINT('',#7183);
#7183 = CARTESIAN_POINT('',(67.5,96.,144.));
#7184 = LINE('',#7185,#7186);
#7185 = CARTESIAN_POINT('',(67.5,78.,144.));
#7186 = VECTOR('',#7187,1.);
#7187 = DIRECTION('',(0.,-1.,0.));
#7188 = ORIENTED_EDGE('',*,*,#7189,.F.);
#7189 = EDGE_CURVE('',#7190,#7182,#7192,.T.);
#7190 = VERTEX_POINT('',#7191);
#7191 = CARTESIAN_POINT('',(66.5,96.,144.));
#7192 = LINE('',#7193,#7194);
#7193 = CARTESIAN_POINT('',(58.5,96.,144.));
#7194 = VECTOR('',#7195,1.);
#7195 = DIRECTION('',(1.,0.,0.));
#7196 = ORIENTED_EDGE('',*,*,#7197,.T.);
#7197 = EDGE_CURVE('',#7190,#7198,#7200,.T.);
#7198 = VERTEX_POINT('',#7199);
#7199 = CARTESIAN_POINT('',(66.5,101.,144.));
#7200 = LINE('',#7201,#7202);
#7201 = CARTESIAN_POINT('',(66.5,66.,144.));
#7202 = VECTOR('',#7203,1.);
#7203 = DIRECTION('',(0.,1.,0.));
#7204 = ORIENTED_EDGE('',*,*,#7205,.F.);
#7205 = EDGE_CURVE('',#7206,#7198,#7208,.T.);
#7206 = VERTEX_POINT('',#7207);
#7207 = CARTESIAN_POINT('',(58.5,101.,144.));
#7208 = LINE('',#7209,#7210);
#7209 = CARTESIAN_POINT('',(58.5,101.,144.));
#7210 = VECTOR('',#7211,1.);
#7211 = DIRECTION('',(1.,0.,0.));
#7212 = ORIENTED_EDGE('',*,*,#7213,.F.);
#7213 = EDGE_CURVE('',#7214,#7206,#7216,.T.);
#7214 = VERTEX_POINT('',#7215);
#7215 = CARTESIAN_POINT('',(58.5,94.,144.));
#7216 = LINE('',#7217,#7218);
#7217 = CARTESIAN_POINT('',(58.5,70.,144.));
#7218 = VECTOR('',#7219,1.);
#7219 = DIRECTION('',(0.,1.,0.));
#7220 = ORIENTED_EDGE('',*,*,#7221,.F.);
#7221 = EDGE_CURVE('',#7222,#7214,#7224,.T.);
#7222 = VERTEX_POINT('',#7223);
#7223 = CARTESIAN_POINT('',(48.904254356408,94.,144.));
#7224 = LINE('',#7225,#7226);
#7225 = CARTESIAN_POINT('',(12.5,94.,144.));
#7226 = VECTOR('',#7227,1.);
#7227 = DIRECTION('',(1.,0.,0.));
#7228 = ORIENTED_EDGE('',*,*,#7229,.F.);
#7229 = EDGE_CURVE('',#7230,#7222,#7232,.T.);
#7230 = VERTEX_POINT('',#7231);
#7231 = CARTESIAN_POINT('',(39.7,91.800943417218,144.));
#7232 = CIRCLE('',#7233,21.2);
#7233 = AXIS2_PLACEMENT_3D('',#7234,#7235,#7236);
#7234 = CARTESIAN_POINT('',(39.5,113.,144.));
#7235 = DIRECTION('',(0.,0.,1.));
#7236 = DIRECTION('',(1.,0.,0.));
#7237 = ORIENTED_EDGE('',*,*,#7238,.F.);
#7238 = EDGE_CURVE('',#7239,#7230,#7241,.T.);
#7239 = VERTEX_POINT('',#7240);
#7240 = CARTESIAN_POINT('',(39.7,83.,144.));
#7241 = LINE('',#7242,#7243);
#7242 = CARTESIAN_POINT('',(39.7,80.067708333333,144.));
#7243 = VECTOR('',#7244,1.);
#7244 = DIRECTION('',(0.,1.,0.));
#7245 = ORIENTED_EDGE('',*,*,#7246,.T.);
#7246 = EDGE_CURVE('',#7239,#7247,#7249,.T.);
#7247 = VERTEX_POINT('',#7248);
#7248 = CARTESIAN_POINT('',(58.5,83.,144.));
#7249 = LINE('',#7250,#7251);
#7250 = CARTESIAN_POINT('',(12.5,83.,144.));
#7251 = VECTOR('',#7252,1.);
#7252 = DIRECTION('',(1.,0.,0.));
#7253 = ORIENTED_EDGE('',*,*,#7254,.F.);
#7254 = EDGE_CURVE('',#7255,#7247,#7257,.T.);
#7255 = VERTEX_POINT('',#7256);
#7256 = CARTESIAN_POINT('',(58.5,73.,144.));
#7257 = LINE('',#7258,#7259);
#7258 = CARTESIAN_POINT('',(58.5,70.,144.));
#7259 = VECTOR('',#7260,1.);
#7260 = DIRECTION('',(0.,1.,0.));
#7261 = ORIENTED_EDGE('',*,*,#7262,.F.);
#7262 = EDGE_CURVE('',#7263,#7255,#7265,.T.);
#7263 = VERTEX_POINT('',#7264);
#7264 = CARTESIAN_POINT('',(39.5,73.,144.));
#7265 = LINE('',#7266,#7267);
#7266 = CARTESIAN_POINT('',(12.5,73.,144.));
#7267 = VECTOR('',#7268,1.);
#7268 = DIRECTION('',(1.,0.,0.));
#7269 = ORIENTED_EDGE('',*,*,#7270,.T.);
#7270 = EDGE_CURVE('',#7263,#7271,#7273,.T.);
#7271 = VERTEX_POINT('',#7272);
#7272 = CARTESIAN_POINT('',(39.5,77.,144.));
#7273 = LINE('',#7274,#7275);
#7274 = CARTESIAN_POINT('',(39.5,70.,144.));
#7275 = VECTOR('',#7276,1.);
#7276 = DIRECTION('',(0.,1.,0.));
#7277 = ORIENTED_EDGE('',*,*,#7278,.F.);
#7278 = EDGE_CURVE('',#7279,#7271,#7281,.T.);
#7279 = VERTEX_POINT('',#7280);
#7280 = CARTESIAN_POINT('',(36.7,77.,144.));
#7281 = LINE('',#7282,#7283);
#7282 = CARTESIAN_POINT('',(28.6,77.,144.));
#7283 = VECTOR('',#7284,1.);
#7284 = DIRECTION('',(1.,0.,0.));
#7285 = ORIENTED_EDGE('',*,*,#7286,.F.);
#7286 = EDGE_CURVE('',#7287,#7279,#7289,.T.);
#7287 = VERTEX_POINT('',#7288);
#7288 = CARTESIAN_POINT('',(36.7,81.,144.));
#7289 = LINE('',#7290,#7291);
#7290 = CARTESIAN_POINT('',(36.7,73.5,144.));
#7291 = VECTOR('',#7292,1.);
#7292 = DIRECTION('',(0.,-1.,0.));
#7293 = ORIENTED_EDGE('',*,*,#7294,.F.);
#7294 = EDGE_CURVE('',#7295,#7287,#7297,.T.);
#7295 = VERTEX_POINT('',#7296);
#7296 = CARTESIAN_POINT('',(20.5,81.,144.));
#7297 = LINE('',#7298,#7299);
#7298 = CARTESIAN_POINT('',(20.5,81.,144.));
#7299 = VECTOR('',#7300,1.);
#7300 = DIRECTION('',(1.,0.,0.));
#7301 = ORIENTED_EDGE('',*,*,#7302,.T.);
#7302 = EDGE_CURVE('',#7295,#7303,#7305,.T.);
#7303 = VERTEX_POINT('',#7304);
#7304 = CARTESIAN_POINT('',(20.5,83.,144.));
#7305 = LINE('',#7306,#7307);
#7306 = CARTESIAN_POINT('',(20.5,70.,144.));
#7307 = VECTOR('',#7308,1.);
#7308 = DIRECTION('',(0.,1.,0.));
#7309 = ORIENTED_EDGE('',*,*,#7310,.T.);
#7310 = EDGE_CURVE('',#7303,#7311,#7313,.T.);
#7311 = VERTEX_POINT('',#7312);
#7312 = CARTESIAN_POINT('',(36.7,83.,144.));
#7313 = LINE('',#7314,#7315);
#7314 = CARTESIAN_POINT('',(12.5,83.,144.));
#7315 = VECTOR('',#7316,1.);
#7316 = DIRECTION('',(1.,0.,0.));
#7317 = ORIENTED_EDGE('',*,*,#7318,.T.);
#7318 = EDGE_CURVE('',#7311,#7319,#7321,.T.);
#7319 = VERTEX_POINT('',#7320);
#7320 = CARTESIAN_POINT('',(36.7,91.985719141498,144.));
#7321 = LINE('',#7322,#7323);
#7322 = CARTESIAN_POINT('',(36.7,80.067708333333,144.));
#7323 = VECTOR('',#7324,1.);
#7324 = DIRECTION('',(0.,1.,0.));
#7325 = ORIENTED_EDGE('',*,*,#7326,.F.);
#7326 = EDGE_CURVE('',#7327,#7319,#7329,.T.);
#7327 = VERTEX_POINT('',#7328);
#7328 = CARTESIAN_POINT('',(30.095745643592,94.,144.));
#7329 = CIRCLE('',#7330,21.2);
#7330 = AXIS2_PLACEMENT_3D('',#7331,#7332,#7333);
#7331 = CARTESIAN_POINT('',(39.5,113.,144.));
#7332 = DIRECTION('',(0.,0.,1.));
#7333 = DIRECTION('',(1.,0.,0.));
#7334 = ORIENTED_EDGE('',*,*,#7335,.F.);
#7335 = EDGE_CURVE('',#7336,#7327,#7338,.T.);
#7336 = VERTEX_POINT('',#7337);
#7337 = CARTESIAN_POINT('',(20.5,94.,144.));
#7338 = LINE('',#7339,#7340);
#7339 = CARTESIAN_POINT('',(12.5,94.,144.));
#7340 = VECTOR('',#7341,1.);
#7341 = DIRECTION('',(1.,0.,0.));
#7342 = ORIENTED_EDGE('',*,*,#7343,.T.);
#7343 = EDGE_CURVE('',#7336,#7344,#7346,.T.);
#7344 = VERTEX_POINT('',#7345);
#7345 = CARTESIAN_POINT('',(20.5,101.,144.));
#7346 = LINE('',#7347,#7348);
#7347 = CARTESIAN_POINT('',(20.5,70.,144.));
#7348 = VECTOR('',#7349,1.);
#7349 = DIRECTION('',(0.,1.,0.));
#7350 = ORIENTED_EDGE('',*,*,#7351,.F.);
#7351 = EDGE_CURVE('',#7159,#7344,#7352,.T.);
#7352 = LINE('',#7353,#7354);
#7353 = CARTESIAN_POINT('',(12.5,101.,144.));
#7354 = VECTOR('',#7355,1.);
#7355 = DIRECTION('',(1.,0.,0.));
#7356 = FACE_BOUND('',#7357,.T.);
#7357 = EDGE_LOOP('',(#7358));
#7358 = ORIENTED_EDGE('',*,*,#7359,.F.);
#7359 = EDGE_CURVE('',#7360,#7360,#7362,.T.);
#7360 = VERTEX_POINT('',#7361);
#7361 = CARTESIAN_POINT('',(21.2,88.,144.));
#7362 = CIRCLE('',#7363,1.7);
#7363 = AXIS2_PLACEMENT_3D('',#7364,#7365,#7366);
#7364 = CARTESIAN_POINT('',(19.5,88.,144.));
#7365 = DIRECTION('',(0.,0.,1.));
#7366 = DIRECTION('',(1.,0.,0.));
#7367 = FACE_BOUND('',#7368,.T.);
#7368 = EDGE_LOOP('',(#7369,#7380));
#7369 = ORIENTED_EDGE('',*,*,#7370,.F.);
#7370 = EDGE_CURVE('',#7371,#7373,#7375,.T.);
#7371 = VERTEX_POINT('',#7372);
#7372 = CARTESIAN_POINT('',(58.5,89.374772708487,144.));
#7373 = VERTEX_POINT('',#7374);
#7374 = CARTESIAN_POINT('',(58.5,86.625227291513,144.));
#7375 = CIRCLE('',#7376,1.7);
#7376 = AXIS2_PLACEMENT_3D('',#7377,#7378,#7379);
#7377 = CARTESIAN_POINT('',(59.5,88.,144.));
#7378 = DIRECTION('',(0.,0.,1.));
#7379 = DIRECTION('',(1.,0.,0.));
#7380 = ORIENTED_EDGE('',*,*,#7381,.F.);
#7381 = EDGE_CURVE('',#7373,#7371,#7382,.T.);
#7382 = LINE('',#7383,#7384);
#7383 = CARTESIAN_POINT('',(58.5,78.,144.));
#7384 = VECTOR('',#7385,1.);
#7385 = DIRECTION('',(0.,1.,0.));
#7386 = PLANE('',#7387);
#7387 = AXIS2_PLACEMENT_3D('',#7388,#7389,#7390);
#7388 = CARTESIAN_POINT('',(40.130718954248,82.290196078431,144.));
#7389 = DIRECTION('',(0.,0.,1.));
#7390 = DIRECTION('',(1.,0.,0.));
#7391 = ADVANCED_FACE('',(#7392),#7426,.T.);
#7392 = FACE_BOUND('',#7393,.T.);
#7393 = EDGE_LOOP('',(#7394,#7402,#7410,#7418,#7424,#7425));
#7394 = ORIENTED_EDGE('',*,*,#7395,.T.);
#7395 = EDGE_CURVE('',#7135,#7396,#7398,.T.);
#7396 = VERTEX_POINT('',#7397);
#7397 = CARTESIAN_POINT('',(72.5,78.,140.));
#7398 = LINE('',#7399,#7400);
#7399 = CARTESIAN_POINT('',(58.5,78.,140.));
#7400 = VECTOR('',#7401,1.);
#7401 = DIRECTION('',(1.,0.,0.));
#7402 = ORIENTED_EDGE('',*,*,#7403,.T.);
#7403 = EDGE_CURVE('',#7396,#7404,#7406,.T.);
#7404 = VERTEX_POINT('',#7405);
#7405 = CARTESIAN_POINT('',(72.5,78.,185.));
#7406 = LINE('',#7407,#7408);
#7407 = CARTESIAN_POINT('',(72.5,78.,140.));
#7408 = VECTOR('',#7409,1.);
#7409 = DIRECTION('',(0.,0.,1.));
#7410 = ORIENTED_EDGE('',*,*,#7411,.F.);
#7411 = EDGE_CURVE('',#7412,#7404,#7414,.T.);
#7412 = VERTEX_POINT('',#7413);
#7413 = CARTESIAN_POINT('',(67.5,78.,185.));
#7414 = LINE('',#7415,#7416);
#7415 = CARTESIAN_POINT('',(67.5,78.,185.));
#7416 = VECTOR('',#7417,1.);
#7417 = DIRECTION('',(1.,0.,0.));
#7418 = ORIENTED_EDGE('',*,*,#7419,.F.);
#7419 = EDGE_CURVE('',#7174,#7412,#7420,.T.);
#7420 = LINE('',#7421,#7422);
#7421 = CARTESIAN_POINT('',(67.5,78.,140.));
#7422 = VECTOR('',#7423,1.);
#7423 = DIRECTION('',(0.,0.,1.));
#7424 = ORIENTED_EDGE('',*,*,#7173,.F.);
#7425 = ORIENTED_EDGE('',*,*,#7142,.T.);
#7426 = PLANE('',#7427);
#7427 = AXIS2_PLACEMENT_3D('',#7428,#7429,#7430);
#7428 = CARTESIAN_POINT('',(68.627118644068,78.,159.37288135593));
#7429 = DIRECTION('',(-0.,-1.,-0.));
#7430 = DIRECTION('',(0.,0.,-1.));
#7431 = ADVANCED_FACE('',(#7432,#7546,#7596,#7630,#7641),#7660,.T.);
#7432 = FACE_BOUND('',#7433,.T.);
#7433 = EDGE_LOOP('',(#7434,#7435,#7443,#7451,#7459,#7467,#7475,#7483,
    #7491,#7499,#7507,#7515,#7523,#7531,#7539,#7545));
#7434 = ORIENTED_EDGE('',*,*,#7134,.F.);
#7435 = ORIENTED_EDGE('',*,*,#7436,.F.);
#7436 = EDGE_CURVE('',#7437,#7127,#7439,.T.);
#7437 = VERTEX_POINT('',#7438);
#7438 = CARTESIAN_POINT('',(12.5,66.,140.));
#7439 = LINE('',#7440,#7441);
#7440 = CARTESIAN_POINT('',(12.5,66.,140.));
#7441 = VECTOR('',#7442,1.);
#7442 = DIRECTION('',(1.,0.,0.));
#7443 = ORIENTED_EDGE('',*,*,#7444,.T.);
#7444 = EDGE_CURVE('',#7437,#7445,#7447,.T.);
#7445 = VERTEX_POINT('',#7446);
#7446 = CARTESIAN_POINT('',(12.5,101.,140.));
#7447 = LINE('',#7448,#7449);
#7448 = CARTESIAN_POINT('',(12.5,70.,140.));
#7449 = VECTOR('',#7450,1.);
#7450 = DIRECTION('',(0.,1.,0.));
#7451 = ORIENTED_EDGE('',*,*,#7452,.T.);
#7452 = EDGE_CURVE('',#7445,#7453,#7455,.T.);
#7453 = VERTEX_POINT('',#7454);
#7454 = CARTESIAN_POINT('',(20.5,101.,140.));
#7455 = LINE('',#7456,#7457);
#7456 = CARTESIAN_POINT('',(12.5,101.,140.));
#7457 = VECTOR('',#7458,1.);
#7458 = DIRECTION('',(1.,0.,0.));
#7459 = ORIENTED_EDGE('',*,*,#7460,.F.);
#7460 = EDGE_CURVE('',#7461,#7453,#7463,.T.);
#7461 = VERTEX_POINT('',#7462);
#7462 = CARTESIAN_POINT('',(20.5,94.,140.));
#7463 = LINE('',#7464,#7465);
#7464 = CARTESIAN_POINT('',(20.5,70.,140.));
#7465 = VECTOR('',#7466,1.);
#7466 = DIRECTION('',(0.,1.,0.));
#7467 = ORIENTED_EDGE('',*,*,#7468,.T.);
#7468 = EDGE_CURVE('',#7461,#7469,#7471,.T.);
#7469 = VERTEX_POINT('',#7470);
#7470 = CARTESIAN_POINT('',(36.7,94.,140.));
#7471 = LINE('',#7472,#7473);
#7472 = CARTESIAN_POINT('',(12.5,94.,140.));
#7473 = VECTOR('',#7474,1.);
#7474 = DIRECTION('',(1.,0.,0.));
#7475 = ORIENTED_EDGE('',*,*,#7476,.T.);
#7476 = EDGE_CURVE('',#7469,#7477,#7479,.T.);
#7477 = VERTEX_POINT('',#7478);
#7478 = CARTESIAN_POINT('',(36.7,97.,140.));
#7479 = LINE('',#7480,#7481);
#7480 = CARTESIAN_POINT('',(36.7,77.,140.));
#7481 = VECTOR('',#7482,1.);
#7482 = DIRECTION('',(0.,1.,0.));
#7483 = ORIENTED_EDGE('',*,*,#7484,.T.);
#7484 = EDGE_CURVE('',#7477,#7485,#7487,.T.);
#7485 = VERTEX_POINT('',#7486);
#7486 = CARTESIAN_POINT('',(39.7,97.,140.));
#7487 = LINE('',#7488,#7489);
#7488 = CARTESIAN_POINT('',(36.7,97.,140.));
#7489 = VECTOR('',#7490,1.);
#7490 = DIRECTION('',(1.,0.,0.));
#7491 = ORIENTED_EDGE('',*,*,#7492,.F.);
#7492 = EDGE_CURVE('',#7493,#7485,#7495,.T.);
#7493 = VERTEX_POINT('',#7494);
#7494 = CARTESIAN_POINT('',(39.7,94.,140.));
#7495 = LINE('',#7496,#7497);
#7496 = CARTESIAN_POINT('',(39.7,77.,140.));
#7497 = VECTOR('',#7498,1.);
#7498 = DIRECTION('',(0.,1.,0.));
#7499 = ORIENTED_EDGE('',*,*,#7500,.T.);
#7500 = EDGE_CURVE('',#7493,#7501,#7503,.T.);
#7501 = VERTEX_POINT('',#7502);
#7502 = CARTESIAN_POINT('',(58.5,94.,140.));
#7503 = LINE('',#7504,#7505);
#7504 = CARTESIAN_POINT('',(12.5,94.,140.));
#7505 = VECTOR('',#7506,1.);
#7506 = DIRECTION('',(1.,0.,0.));
#7507 = ORIENTED_EDGE('',*,*,#7508,.T.);
#7508 = EDGE_CURVE('',#7501,#7509,#7511,.T.);
#7509 = VERTEX_POINT('',#7510);
#7510 = CARTESIAN_POINT('',(58.5,101.,140.));
#7511 = LINE('',#7512,#7513);
#7512 = CARTESIAN_POINT('',(58.5,70.,140.));
#7513 = VECTOR('',#7514,1.);
#7514 = DIRECTION('',(0.,1.,0.));
#7515 = ORIENTED_EDGE('',*,*,#7516,.T.);
#7516 = EDGE_CURVE('',#7509,#7517,#7519,.T.);
#7517 = VERTEX_POINT('',#7518);
#7518 = CARTESIAN_POINT('',(66.5,101.,140.));
#7519 = LINE('',#7520,#7521);
#7520 = CARTESIAN_POINT('',(58.5,101.,140.));
#7521 = VECTOR('',#7522,1.);
#7522 = DIRECTION('',(1.,0.,0.));
#7523 = ORIENTED_EDGE('',*,*,#7524,.F.);
#7524 = EDGE_CURVE('',#7525,#7517,#7527,.T.);
#7525 = VERTEX_POINT('',#7526);
#7526 = CARTESIAN_POINT('',(66.5,96.,140.));
#7527 = LINE('',#7528,#7529);
#7528 = CARTESIAN_POINT('',(66.5,70.,140.));
#7529 = VECTOR('',#7530,1.);
#7530 = DIRECTION('',(0.,1.,0.));
#7531 = ORIENTED_EDGE('',*,*,#7532,.T.);
#7532 = EDGE_CURVE('',#7525,#7533,#7535,.T.);
#7533 = VERTEX_POINT('',#7534);
#7534 = CARTESIAN_POINT('',(72.5,96.,140.));
#7535 = LINE('',#7536,#7537);
#7536 = CARTESIAN_POINT('',(58.5,96.,140.));
#7537 = VECTOR('',#7538,1.);
#7538 = DIRECTION('',(1.,0.,0.));
#7539 = ORIENTED_EDGE('',*,*,#7540,.F.);
#7540 = EDGE_CURVE('',#7396,#7533,#7541,.T.);
#7541 = LINE('',#7542,#7543);
#7542 = CARTESIAN_POINT('',(72.5,78.,140.));
#7543 = VECTOR('',#7544,1.);
#7544 = DIRECTION('',(0.,1.,0.));
#7545 = ORIENTED_EDGE('',*,*,#7395,.F.);
#7546 = FACE_BOUND('',#7547,.T.);
#7547 = EDGE_LOOP('',(#7548,#7558,#7566,#7574,#7582,#7590));
#7548 = ORIENTED_EDGE('',*,*,#7549,.T.);
#7549 = EDGE_CURVE('',#7550,#7552,#7554,.T.);
#7550 = VERTEX_POINT('',#7551);
#7551 = CARTESIAN_POINT('',(58.5,73.,140.));
#7552 = VERTEX_POINT('',#7553);
#7553 = CARTESIAN_POINT('',(58.5,83.,140.));
#7554 = LINE('',#7555,#7556);
#7555 = CARTESIAN_POINT('',(58.5,70.,140.));
#7556 = VECTOR('',#7557,1.);
#7557 = DIRECTION('',(0.,1.,0.));
#7558 = ORIENTED_EDGE('',*,*,#7559,.F.);
#7559 = EDGE_CURVE('',#7560,#7552,#7562,.T.);
#7560 = VERTEX_POINT('',#7561);
#7561 = CARTESIAN_POINT('',(39.7,83.,140.));
#7562 = LINE('',#7563,#7564);
#7563 = CARTESIAN_POINT('',(12.5,83.,140.));
#7564 = VECTOR('',#7565,1.);
#7565 = DIRECTION('',(1.,0.,0.));
#7566 = ORIENTED_EDGE('',*,*,#7567,.F.);
#7567 = EDGE_CURVE('',#7568,#7560,#7570,.T.);
#7568 = VERTEX_POINT('',#7569);
#7569 = CARTESIAN_POINT('',(39.7,77.,140.));
#7570 = LINE('',#7571,#7572);
#7571 = CARTESIAN_POINT('',(39.7,77.,140.));
#7572 = VECTOR('',#7573,1.);
#7573 = DIRECTION('',(0.,1.,0.));
#7574 = ORIENTED_EDGE('',*,*,#7575,.F.);
#7575 = EDGE_CURVE('',#7576,#7568,#7578,.T.);
#7576 = VERTEX_POINT('',#7577);
#7577 = CARTESIAN_POINT('',(39.5,77.,140.));
#7578 = LINE('',#7579,#7580);
#7579 = CARTESIAN_POINT('',(36.7,77.,140.));
#7580 = VECTOR('',#7581,1.);
#7581 = DIRECTION('',(1.,0.,0.));
#7582 = ORIENTED_EDGE('',*,*,#7583,.F.);
#7583 = EDGE_CURVE('',#7584,#7576,#7586,.T.);
#7584 = VERTEX_POINT('',#7585);
#7585 = CARTESIAN_POINT('',(39.5,73.,140.));
#7586 = LINE('',#7587,#7588);
#7587 = CARTESIAN_POINT('',(39.5,70.,140.));
#7588 = VECTOR('',#7589,1.);
#7589 = DIRECTION('',(0.,1.,0.));
#7590 = ORIENTED_EDGE('',*,*,#7591,.T.);
#7591 = EDGE_CURVE('',#7584,#7550,#7592,.T.);
#7592 = LINE('',#7593,#7594);
#7593 = CARTESIAN_POINT('',(12.5,73.,140.));
#7594 = VECTOR('',#7595,1.);
#7595 = DIRECTION('',(1.,0.,0.));
#7596 = FACE_BOUND('',#7597,.T.);
#7597 = EDGE_LOOP('',(#7598,#7608,#7616,#7624));
#7598 = ORIENTED_EDGE('',*,*,#7599,.F.);
#7599 = EDGE_CURVE('',#7600,#7602,#7604,.T.);
#7600 = VERTEX_POINT('',#7601);
#7601 = CARTESIAN_POINT('',(20.5,81.,140.));
#7602 = VERTEX_POINT('',#7603);
#7603 = CARTESIAN_POINT('',(20.5,83.,140.));
#7604 = LINE('',#7605,#7606);
#7605 = CARTESIAN_POINT('',(20.5,70.,140.));
#7606 = VECTOR('',#7607,1.);
#7607 = DIRECTION('',(0.,1.,0.));
#7608 = ORIENTED_EDGE('',*,*,#7609,.T.);
#7609 = EDGE_CURVE('',#7600,#7610,#7612,.T.);
#7610 = VERTEX_POINT('',#7611);
#7611 = CARTESIAN_POINT('',(36.7,81.,140.));
#7612 = LINE('',#7613,#7614);
#7613 = CARTESIAN_POINT('',(20.5,81.,140.));
#7614 = VECTOR('',#7615,1.);
#7615 = DIRECTION('',(1.,0.,0.));
#7616 = ORIENTED_EDGE('',*,*,#7617,.T.);
#7617 = EDGE_CURVE('',#7610,#7618,#7620,.T.);
#7618 = VERTEX_POINT('',#7619);
#7619 = CARTESIAN_POINT('',(36.7,83.,140.));
#7620 = LINE('',#7621,#7622);
#7621 = CARTESIAN_POINT('',(36.7,77.,140.));
#7622 = VECTOR('',#7623,1.);
#7623 = DIRECTION('',(0.,1.,0.));
#7624 = ORIENTED_EDGE('',*,*,#7625,.F.);
#7625 = EDGE_CURVE('',#7602,#7618,#7626,.T.);
#7626 = LINE('',#7627,#7628);
#7627 = CARTESIAN_POINT('',(12.5,83.,140.));
#7628 = VECTOR('',#7629,1.);
#7629 = DIRECTION('',(1.,0.,0.));
#7630 = FACE_BOUND('',#7631,.T.);
#7631 = EDGE_LOOP('',(#7632));
#7632 = ORIENTED_EDGE('',*,*,#7633,.T.);
#7633 = EDGE_CURVE('',#7634,#7634,#7636,.T.);
#7634 = VERTEX_POINT('',#7635);
#7635 = CARTESIAN_POINT('',(21.2,88.,140.));
#7636 = CIRCLE('',#7637,1.7);
#7637 = AXIS2_PLACEMENT_3D('',#7638,#7639,#7640);
#7638 = CARTESIAN_POINT('',(19.5,88.,140.));
#7639 = DIRECTION('',(0.,0.,1.));
#7640 = DIRECTION('',(1.,0.,0.));
#7641 = FACE_BOUND('',#7642,.T.);
#7642 = EDGE_LOOP('',(#7643,#7654));
#7643 = ORIENTED_EDGE('',*,*,#7644,.T.);
#7644 = EDGE_CURVE('',#7645,#7647,#7649,.T.);
#7645 = VERTEX_POINT('',#7646);
#7646 = CARTESIAN_POINT('',(58.5,89.374772708487,140.));
#7647 = VERTEX_POINT('',#7648);
#7648 = CARTESIAN_POINT('',(58.5,86.625227291513,140.));
#7649 = CIRCLE('',#7650,1.7);
#7650 = AXIS2_PLACEMENT_3D('',#7651,#7652,#7653);
#7651 = CARTESIAN_POINT('',(59.5,88.,140.));
#7652 = DIRECTION('',(0.,0.,1.));
#7653 = DIRECTION('',(1.,0.,0.));
#7654 = ORIENTED_EDGE('',*,*,#7655,.T.);
#7655 = EDGE_CURVE('',#7647,#7645,#7656,.T.);
#7656 = LINE('',#7657,#7658);
#7657 = CARTESIAN_POINT('',(58.5,78.,140.));
#7658 = VECTOR('',#7659,1.);
#7659 = DIRECTION('',(0.,1.,0.));
#7660 = PLANE('',#7661);
#7661 = AXIS2_PLACEMENT_3D('',#7662,#7663,#7664);
#7662 = CARTESIAN_POINT('',(41.691428571429,83.752380952381,140.));
#7663 = DIRECTION('',(-0.,-0.,-1.));
#7664 = DIRECTION('',(-1.,0.,0.));
#7665 = ADVANCED_FACE('',(#7666),#7677,.F.);
#7666 = FACE_BOUND('',#7667,.F.);
#7667 = EDGE_LOOP('',(#7668,#7669,#7675,#7676));
#7668 = ORIENTED_EDGE('',*,*,#7436,.F.);
#7669 = ORIENTED_EDGE('',*,*,#7670,.T.);
#7670 = EDGE_CURVE('',#7437,#7157,#7671,.T.);
#7671 = LINE('',#7672,#7673);
#7672 = CARTESIAN_POINT('',(12.5,66.,140.));
#7673 = VECTOR('',#7674,1.);
#7674 = DIRECTION('',(0.,0.,1.));
#7675 = ORIENTED_EDGE('',*,*,#7166,.T.);
#7676 = ORIENTED_EDGE('',*,*,#7126,.F.);
#7677 = PLANE('',#7678);
#7678 = AXIS2_PLACEMENT_3D('',#7679,#7680,#7681);
#7679 = CARTESIAN_POINT('',(12.5,66.,140.));
#7680 = DIRECTION('',(0.,1.,0.));
#7681 = DIRECTION('',(0.,0.,1.));
#7682 = ADVANCED_FACE('',(#7683),#7694,.T.);
#7683 = FACE_BOUND('',#7684,.T.);
#7684 = EDGE_LOOP('',(#7685,#7686,#7692,#7693));
#7685 = ORIENTED_EDGE('',*,*,#7156,.T.);
#7686 = ORIENTED_EDGE('',*,*,#7687,.F.);
#7687 = EDGE_CURVE('',#7445,#7159,#7688,.T.);
#7688 = LINE('',#7689,#7690);
#7689 = CARTESIAN_POINT('',(12.5,101.,140.));
#7690 = VECTOR('',#7691,1.);
#7691 = DIRECTION('',(0.,0.,1.));
#7692 = ORIENTED_EDGE('',*,*,#7444,.F.);
#7693 = ORIENTED_EDGE('',*,*,#7670,.T.);
#7694 = PLANE('',#7695);
#7695 = AXIS2_PLACEMENT_3D('',#7696,#7697,#7698);
#7696 = CARTESIAN_POINT('',(12.5,83.5,142.));
#7697 = DIRECTION('',(-1.,-0.,-0.));
#7698 = DIRECTION('',(0.,0.,-1.));
#7699 = ADVANCED_FACE('',(#7700),#7711,.T.);
#7700 = FACE_BOUND('',#7701,.T.);
#7701 = EDGE_LOOP('',(#7702,#7703,#7704,#7705));
#7702 = ORIENTED_EDGE('',*,*,#7452,.F.);
#7703 = ORIENTED_EDGE('',*,*,#7687,.T.);
#7704 = ORIENTED_EDGE('',*,*,#7351,.T.);
#7705 = ORIENTED_EDGE('',*,*,#7706,.F.);
#7706 = EDGE_CURVE('',#7453,#7344,#7707,.T.);
#7707 = LINE('',#7708,#7709);
#7708 = CARTESIAN_POINT('',(20.5,101.,140.));
#7709 = VECTOR('',#7710,1.);
#7710 = DIRECTION('',(0.,0.,1.));
#7711 = PLANE('',#7712);
#7712 = AXIS2_PLACEMENT_3D('',#7713,#7714,#7715);
#7713 = CARTESIAN_POINT('',(12.5,101.,140.));
#7714 = DIRECTION('',(0.,1.,0.));
#7715 = DIRECTION('',(0.,0.,1.));
#7716 = ADVANCED_FACE('',(#7717),#7728,.T.);
#7717 = FACE_BOUND('',#7718,.T.);
#7718 = EDGE_LOOP('',(#7719,#7720,#7726,#7727));
#7719 = ORIENTED_EDGE('',*,*,#7343,.F.);
#7720 = ORIENTED_EDGE('',*,*,#7721,.F.);
#7721 = EDGE_CURVE('',#7461,#7336,#7722,.T.);
#7722 = LINE('',#7723,#7724);
#7723 = CARTESIAN_POINT('',(20.5,94.,140.));
#7724 = VECTOR('',#7725,1.);
#7725 = DIRECTION('',(0.,0.,1.));
#7726 = ORIENTED_EDGE('',*,*,#7460,.T.);
#7727 = ORIENTED_EDGE('',*,*,#7706,.T.);
#7728 = PLANE('',#7729);
#7729 = AXIS2_PLACEMENT_3D('',#7730,#7731,#7732);
#7730 = CARTESIAN_POINT('',(20.5,70.,140.));
#7731 = DIRECTION('',(1.,0.,0.));
#7732 = DIRECTION('',(0.,0.,1.));
#7733 = ADVANCED_FACE('',(#7734),#7753,.T.);
#7734 = FACE_BOUND('',#7735,.T.);
#7735 = EDGE_LOOP('',(#7736,#7737,#7738,#7739,#7747));
#7736 = ORIENTED_EDGE('',*,*,#7468,.F.);
#7737 = ORIENTED_EDGE('',*,*,#7721,.T.);
#7738 = ORIENTED_EDGE('',*,*,#7335,.T.);
#7739 = ORIENTED_EDGE('',*,*,#7740,.T.);
#7740 = EDGE_CURVE('',#7327,#7741,#7743,.T.);
#7741 = VERTEX_POINT('',#7742);
#7742 = CARTESIAN_POINT('',(36.7,94.,144.));
#7743 = LINE('',#7744,#7745);
#7744 = CARTESIAN_POINT('',(12.5,94.,144.));
#7745 = VECTOR('',#7746,1.);
#7746 = DIRECTION('',(1.,0.,0.));
#7747 = ORIENTED_EDGE('',*,*,#7748,.T.);
#7748 = EDGE_CURVE('',#7741,#7469,#7749,.T.);
#7749 = LINE('',#7750,#7751);
#7750 = CARTESIAN_POINT('',(36.7,94.,140.));
#7751 = VECTOR('',#7752,1.);
#7752 = DIRECTION('',(0.,0.,-1.));
#7753 = PLANE('',#7754);
#7754 = AXIS2_PLACEMENT_3D('',#7755,#7756,#7757);
#7755 = CARTESIAN_POINT('',(12.5,94.,140.));
#7756 = DIRECTION('',(0.,1.,0.));
#7757 = DIRECTION('',(0.,0.,1.));
#7758 = ADVANCED_FACE('',(#7759),#7769,.T.);
#7759 = FACE_BOUND('',#7760,.T.);
#7760 = EDGE_LOOP('',(#7761,#7762,#7763));
#7761 = ORIENTED_EDGE('',*,*,#7740,.F.);
#7762 = ORIENTED_EDGE('',*,*,#7326,.T.);
#7763 = ORIENTED_EDGE('',*,*,#7764,.T.);
#7764 = EDGE_CURVE('',#7319,#7741,#7765,.T.);
#7765 = LINE('',#7766,#7767);
#7766 = CARTESIAN_POINT('',(36.7,80.067708333333,144.));
#7767 = VECTOR('',#7768,1.);
#7768 = DIRECTION('',(0.,1.,0.));
#7769 = PLANE('',#7770);
#7770 = AXIS2_PLACEMENT_3D('',#7771,#7772,#7773);
#7771 = CARTESIAN_POINT('',(40.130718954248,82.290196078431,144.));
#7772 = DIRECTION('',(0.,0.,1.));
#7773 = DIRECTION('',(1.,0.,0.));
#7774 = ADVANCED_FACE('',(#7775,#7830,#7841,#7875),#7886,.F.);
#7775 = FACE_BOUND('',#7776,.F.);
#7776 = EDGE_LOOP('',(#7777,#7787,#7795,#7803,#7809,#7810,#7816,#7817,
    #7823,#7824));
#7777 = ORIENTED_EDGE('',*,*,#7778,.F.);
#7778 = EDGE_CURVE('',#7779,#7781,#7783,.T.);
#7779 = VERTEX_POINT('',#7780);
#7780 = CARTESIAN_POINT('',(36.7,97.,148.));
#7781 = VERTEX_POINT('',#7782);
#7782 = CARTESIAN_POINT('',(36.7,91.985719141498,148.));
#7783 = LINE('',#7784,#7785);
#7784 = CARTESIAN_POINT('',(36.7,95.,148.));
#7785 = VECTOR('',#7786,1.);
#7786 = DIRECTION('',(0.,-1.,0.));
#7787 = ORIENTED_EDGE('',*,*,#7788,.T.);
#7788 = EDGE_CURVE('',#7779,#7789,#7791,.T.);
#7789 = VERTEX_POINT('',#7790);
#7790 = CARTESIAN_POINT('',(36.7,97.,200.));
#7791 = LINE('',#7792,#7793);
#7792 = CARTESIAN_POINT('',(36.7,97.,140.));
#7793 = VECTOR('',#7794,1.);
#7794 = DIRECTION('',(0.,0.,1.));
#7795 = ORIENTED_EDGE('',*,*,#7796,.F.);
#7796 = EDGE_CURVE('',#7797,#7789,#7799,.T.);
#7797 = VERTEX_POINT('',#7798);
#7798 = CARTESIAN_POINT('',(36.7,77.,200.));
#7799 = LINE('',#7800,#7801);
#7800 = CARTESIAN_POINT('',(36.7,77.,200.));
#7801 = VECTOR('',#7802,1.);
#7802 = DIRECTION('',(0.,1.,0.));
#7803 = ORIENTED_EDGE('',*,*,#7804,.F.);
#7804 = EDGE_CURVE('',#7279,#7797,#7805,.T.);
#7805 = LINE('',#7806,#7807);
#7806 = CARTESIAN_POINT('',(36.7,77.,140.));
#7807 = VECTOR('',#7808,1.);
#7808 = DIRECTION('',(0.,0.,1.));
#7809 = ORIENTED_EDGE('',*,*,#7286,.F.);
#7810 = ORIENTED_EDGE('',*,*,#7811,.F.);
#7811 = EDGE_CURVE('',#7610,#7287,#7812,.T.);
#7812 = LINE('',#7813,#7814);
#7813 = CARTESIAN_POINT('',(36.7,81.,140.));
#7814 = VECTOR('',#7815,1.);
#7815 = DIRECTION('',(0.,0.,1.));
#7816 = ORIENTED_EDGE('',*,*,#7617,.T.);
#7817 = ORIENTED_EDGE('',*,*,#7818,.F.);
#7818 = EDGE_CURVE('',#7311,#7618,#7819,.T.);
#7819 = LINE('',#7820,#7821);
#7820 = CARTESIAN_POINT('',(36.7,83.,140.));
#7821 = VECTOR('',#7822,1.);
#7822 = DIRECTION('',(0.,0.,-1.));
#7823 = ORIENTED_EDGE('',*,*,#7318,.T.);
#7824 = ORIENTED_EDGE('',*,*,#7825,.T.);
#7825 = EDGE_CURVE('',#7319,#7781,#7826,.T.);
#7826 = LINE('',#7827,#7828);
#7827 = CARTESIAN_POINT('',(36.7,91.985719141498,144.));
#7828 = VECTOR('',#7829,1.);
#7829 = DIRECTION('',(0.,0.,1.));
#7830 = FACE_BOUND('',#7831,.F.);
#7831 = EDGE_LOOP('',(#7832));
#7832 = ORIENTED_EDGE('',*,*,#7833,.F.);
#7833 = EDGE_CURVE('',#7834,#7834,#7836,.T.);
#7834 = VERTEX_POINT('',#7835);
#7835 = CARTESIAN_POINT('',(36.7,87.,167.7));
#7836 = CIRCLE('',#7837,1.2);
#7837 = AXIS2_PLACEMENT_3D('',#7838,#7839,#7840);
#7838 = CARTESIAN_POINT('',(36.7,87.,166.5));
#7839 = DIRECTION('',(1.,0.,-0.));
#7840 = DIRECTION('',(0.,0.,1.));
#7841 = FACE_BOUND('',#7842,.F.);
#7842 = EDGE_LOOP('',(#7843,#7853,#7861,#7869));
#7843 = ORIENTED_EDGE('',*,*,#7844,.T.);
#7844 = EDGE_CURVE('',#7845,#7847,#7849,.T.);
#7845 = VERTEX_POINT('',#7846);
#7846 = CARTESIAN_POINT('',(36.7,93.,168.7));
#7847 = VERTEX_POINT('',#7848);
#7848 = CARTESIAN_POINT('',(36.7,81.,168.7));
#7849 = LINE('',#7850,#7851);
#7850 = CARTESIAN_POINT('',(36.7,79.,168.7));
#7851 = VECTOR('',#7852,1.);
#7852 = DIRECTION('',(0.,-1.,0.));
#7853 = ORIENTED_EDGE('',*,*,#7854,.T.);
#7854 = EDGE_CURVE('',#7847,#7855,#7857,.T.);
#7855 = VERTEX_POINT('',#7856);
#7856 = CARTESIAN_POINT('',(36.7,81.,191.5));
#7857 = LINE('',#7858,#7859);
#7858 = CARTESIAN_POINT('',(36.7,81.,154.35));
#7859 = VECTOR('',#7860,1.);
#7860 = DIRECTION('',(0.,0.,1.));
#7861 = ORIENTED_EDGE('',*,*,#7862,.F.);
#7862 = EDGE_CURVE('',#7863,#7855,#7865,.T.);
#7863 = VERTEX_POINT('',#7864);
#7864 = CARTESIAN_POINT('',(36.7,93.,191.5));
#7865 = LINE('',#7866,#7867);
#7866 = CARTESIAN_POINT('',(36.7,79.,191.5));
#7867 = VECTOR('',#7868,1.);
#7868 = DIRECTION('',(0.,-1.,0.));
#7869 = ORIENTED_EDGE('',*,*,#7870,.F.);
#7870 = EDGE_CURVE('',#7845,#7863,#7871,.T.);
#7871 = LINE('',#7872,#7873);
#7872 = CARTESIAN_POINT('',(36.7,93.,154.35));
#7873 = VECTOR('',#7874,1.);
#7874 = DIRECTION('',(0.,0.,1.));
#7875 = FACE_BOUND('',#7876,.F.);
#7876 = EDGE_LOOP('',(#7877));
#7877 = ORIENTED_EDGE('',*,*,#7878,.F.);
#7878 = EDGE_CURVE('',#7879,#7879,#7881,.T.);
#7879 = VERTEX_POINT('',#7880);
#7880 = CARTESIAN_POINT('',(36.7,87.,194.9));
#7881 = CIRCLE('',#7882,1.2);
#7882 = AXIS2_PLACEMENT_3D('',#7883,#7884,#7885);
#7883 = CARTESIAN_POINT('',(36.7,87.,193.7));
#7884 = DIRECTION('',(1.,0.,-0.));
#7885 = DIRECTION('',(0.,0.,1.));
#7886 = PLANE('',#7887);
#7887 = AXIS2_PLACEMENT_3D('',#7888,#7889,#7890);
#7888 = CARTESIAN_POINT('',(36.7,77.,140.));
#7889 = DIRECTION('',(1.,0.,0.));
#7890 = DIRECTION('',(0.,0.,1.));
#7891 = ADVANCED_FACE('',(#7892),#7903,.F.);
#7892 = FACE_BOUND('',#7893,.F.);
#7893 = EDGE_LOOP('',(#7894,#7895,#7901,#7902));
#7894 = ORIENTED_EDGE('',*,*,#7625,.F.);
#7895 = ORIENTED_EDGE('',*,*,#7896,.T.);
#7896 = EDGE_CURVE('',#7602,#7303,#7897,.T.);
#7897 = LINE('',#7898,#7899);
#7898 = CARTESIAN_POINT('',(20.5,83.,140.));
#7899 = VECTOR('',#7900,1.);
#7900 = DIRECTION('',(0.,0.,1.));
#7901 = ORIENTED_EDGE('',*,*,#7310,.T.);
#7902 = ORIENTED_EDGE('',*,*,#7818,.T.);
#7903 = PLANE('',#7904);
#7904 = AXIS2_PLACEMENT_3D('',#7905,#7906,#7907);
#7905 = CARTESIAN_POINT('',(12.5,83.,140.));
#7906 = DIRECTION('',(0.,1.,0.));
#7907 = DIRECTION('',(0.,0.,1.));
#7908 = ADVANCED_FACE('',(#7909),#7920,.T.);
#7909 = FACE_BOUND('',#7910,.T.);
#7910 = EDGE_LOOP('',(#7911,#7912,#7918,#7919));
#7911 = ORIENTED_EDGE('',*,*,#7302,.F.);
#7912 = ORIENTED_EDGE('',*,*,#7913,.F.);
#7913 = EDGE_CURVE('',#7600,#7295,#7914,.T.);
#7914 = LINE('',#7915,#7916);
#7915 = CARTESIAN_POINT('',(20.5,81.,140.));
#7916 = VECTOR('',#7917,1.);
#7917 = DIRECTION('',(0.,0.,1.));
#7918 = ORIENTED_EDGE('',*,*,#7599,.T.);
#7919 = ORIENTED_EDGE('',*,*,#7896,.T.);
#7920 = PLANE('',#7921);
#7921 = AXIS2_PLACEMENT_3D('',#7922,#7923,#7924);
#7922 = CARTESIAN_POINT('',(20.5,70.,140.));
#7923 = DIRECTION('',(1.,0.,0.));
#7924 = DIRECTION('',(0.,0.,1.));
#7925 = ADVANCED_FACE('',(#7926),#7932,.T.);
#7926 = FACE_BOUND('',#7927,.T.);
#7927 = EDGE_LOOP('',(#7928,#7929,#7930,#7931));
#7928 = ORIENTED_EDGE('',*,*,#7609,.F.);
#7929 = ORIENTED_EDGE('',*,*,#7913,.T.);
#7930 = ORIENTED_EDGE('',*,*,#7294,.T.);
#7931 = ORIENTED_EDGE('',*,*,#7811,.F.);
#7932 = PLANE('',#7933);
#7933 = AXIS2_PLACEMENT_3D('',#7934,#7935,#7936);
#7934 = CARTESIAN_POINT('',(20.5,81.,140.));
#7935 = DIRECTION('',(0.,1.,0.));
#7936 = DIRECTION('',(0.,0.,1.));
#7937 = ADVANCED_FACE('',(#7938),#7963,.F.);
#7938 = FACE_BOUND('',#7939,.F.);
#7939 = EDGE_LOOP('',(#7940,#7941,#7947,#7948,#7949,#7957));
#7940 = ORIENTED_EDGE('',*,*,#7575,.F.);
#7941 = ORIENTED_EDGE('',*,*,#7942,.F.);
#7942 = EDGE_CURVE('',#7271,#7576,#7943,.T.);
#7943 = LINE('',#7944,#7945);
#7944 = CARTESIAN_POINT('',(39.5,77.,140.));
#7945 = VECTOR('',#7946,1.);
#7946 = DIRECTION('',(0.,0.,-1.));
#7947 = ORIENTED_EDGE('',*,*,#7278,.F.);
#7948 = ORIENTED_EDGE('',*,*,#7804,.T.);
#7949 = ORIENTED_EDGE('',*,*,#7950,.T.);
#7950 = EDGE_CURVE('',#7797,#7951,#7953,.T.);
#7951 = VERTEX_POINT('',#7952);
#7952 = CARTESIAN_POINT('',(39.7,77.,200.));
#7953 = LINE('',#7954,#7955);
#7954 = CARTESIAN_POINT('',(36.7,77.,200.));
#7955 = VECTOR('',#7956,1.);
#7956 = DIRECTION('',(1.,0.,0.));
#7957 = ORIENTED_EDGE('',*,*,#7958,.F.);
#7958 = EDGE_CURVE('',#7568,#7951,#7959,.T.);
#7959 = LINE('',#7960,#7961);
#7960 = CARTESIAN_POINT('',(39.7,77.,140.));
#7961 = VECTOR('',#7962,1.);
#7962 = DIRECTION('',(0.,0.,1.));
#7963 = PLANE('',#7964);
#7964 = AXIS2_PLACEMENT_3D('',#7965,#7966,#7967);
#7965 = CARTESIAN_POINT('',(36.7,77.,140.));
#7966 = DIRECTION('',(0.,1.,0.));
#7967 = DIRECTION('',(0.,0.,1.));
#7968 = ADVANCED_FACE('',(#7969),#7980,.T.);
#7969 = FACE_BOUND('',#7970,.T.);
#7970 = EDGE_LOOP('',(#7971,#7977,#7978,#7979));
#7971 = ORIENTED_EDGE('',*,*,#7972,.T.);
#7972 = EDGE_CURVE('',#7263,#7584,#7973,.T.);
#7973 = LINE('',#7974,#7975);
#7974 = CARTESIAN_POINT('',(39.5,73.,140.));
#7975 = VECTOR('',#7976,1.);
#7976 = DIRECTION('',(0.,0.,-1.));
#7977 = ORIENTED_EDGE('',*,*,#7583,.T.);
#7978 = ORIENTED_EDGE('',*,*,#7942,.F.);
#7979 = ORIENTED_EDGE('',*,*,#7270,.F.);
#7980 = PLANE('',#7981);
#7981 = AXIS2_PLACEMENT_3D('',#7982,#7983,#7984);
#7982 = CARTESIAN_POINT('',(39.5,70.,140.));
#7983 = DIRECTION('',(1.,0.,0.));
#7984 = DIRECTION('',(0.,0.,1.));
#7985 = ADVANCED_FACE('',(#7986),#7997,.T.);
#7986 = FACE_BOUND('',#7987,.T.);
#7987 = EDGE_LOOP('',(#7988,#7989,#7990,#7991));
#7988 = ORIENTED_EDGE('',*,*,#7591,.F.);
#7989 = ORIENTED_EDGE('',*,*,#7972,.F.);
#7990 = ORIENTED_EDGE('',*,*,#7262,.T.);
#7991 = ORIENTED_EDGE('',*,*,#7992,.T.);
#7992 = EDGE_CURVE('',#7255,#7550,#7993,.T.);
#7993 = LINE('',#7994,#7995);
#7994 = CARTESIAN_POINT('',(58.5,73.,140.));
#7995 = VECTOR('',#7996,1.);
#7996 = DIRECTION('',(0.,0.,-1.));
#7997 = PLANE('',#7998);
#7998 = AXIS2_PLACEMENT_3D('',#7999,#8000,#8001);
#7999 = CARTESIAN_POINT('',(12.5,73.,140.));
#8000 = DIRECTION('',(0.,1.,0.));
#8001 = DIRECTION('',(0.,0.,1.));
#8002 = ADVANCED_FACE('',(#8003),#8014,.F.);
#8003 = FACE_BOUND('',#8004,.T.);
#8004 = EDGE_LOOP('',(#8005,#8006,#8012,#8013));
#8005 = ORIENTED_EDGE('',*,*,#7254,.T.);
#8006 = ORIENTED_EDGE('',*,*,#8007,.F.);
#8007 = EDGE_CURVE('',#7552,#7247,#8008,.T.);
#8008 = LINE('',#8009,#8010);
#8009 = CARTESIAN_POINT('',(58.5,83.,140.));
#8010 = VECTOR('',#8011,1.);
#8011 = DIRECTION('',(0.,0.,1.));
#8012 = ORIENTED_EDGE('',*,*,#7549,.F.);
#8013 = ORIENTED_EDGE('',*,*,#7992,.F.);
#8014 = PLANE('',#8015);
#8015 = AXIS2_PLACEMENT_3D('',#8016,#8017,#8018);
#8016 = CARTESIAN_POINT('',(58.5,70.,140.));
#8017 = DIRECTION('',(1.,0.,0.));
#8018 = DIRECTION('',(0.,0.,1.));
#8019 = ADVANCED_FACE('',(#8020),#8031,.F.);
#8020 = FACE_BOUND('',#8021,.F.);
#8021 = EDGE_LOOP('',(#8022,#8023,#8029,#8030));
#8022 = ORIENTED_EDGE('',*,*,#7559,.F.);
#8023 = ORIENTED_EDGE('',*,*,#8024,.F.);
#8024 = EDGE_CURVE('',#7239,#7560,#8025,.T.);
#8025 = LINE('',#8026,#8027);
#8026 = CARTESIAN_POINT('',(39.7,83.,140.));
#8027 = VECTOR('',#8028,1.);
#8028 = DIRECTION('',(0.,0.,-1.));
#8029 = ORIENTED_EDGE('',*,*,#7246,.T.);
#8030 = ORIENTED_EDGE('',*,*,#8007,.F.);
#8031 = PLANE('',#8032);
#8032 = AXIS2_PLACEMENT_3D('',#8033,#8034,#8035);
#8033 = CARTESIAN_POINT('',(12.5,83.,140.));
#8034 = DIRECTION('',(0.,1.,0.));
#8035 = DIRECTION('',(0.,0.,1.));
#8036 = ADVANCED_FACE('',(#8037,#8073,#8084,#8118),#8129,.T.);
#8037 = FACE_BOUND('',#8038,.T.);
#8038 = EDGE_LOOP('',(#8039,#8049,#8055,#8056,#8057,#8058,#8059,#8067));
#8039 = ORIENTED_EDGE('',*,*,#8040,.T.);
#8040 = EDGE_CURVE('',#8041,#8043,#8045,.T.);
#8041 = VERTEX_POINT('',#8042);
#8042 = CARTESIAN_POINT('',(39.7,97.,148.));
#8043 = VERTEX_POINT('',#8044);
#8044 = CARTESIAN_POINT('',(39.7,97.,200.));
#8045 = LINE('',#8046,#8047);
#8046 = CARTESIAN_POINT('',(39.7,97.,140.));
#8047 = VECTOR('',#8048,1.);
#8048 = DIRECTION('',(0.,0.,1.));
#8049 = ORIENTED_EDGE('',*,*,#8050,.F.);
#8050 = EDGE_CURVE('',#7951,#8043,#8051,.T.);
#8051 = LINE('',#8052,#8053);
#8052 = CARTESIAN_POINT('',(39.7,77.,200.));
#8053 = VECTOR('',#8054,1.);
#8054 = DIRECTION('',(0.,1.,0.));
#8055 = ORIENTED_EDGE('',*,*,#7958,.F.);
#8056 = ORIENTED_EDGE('',*,*,#7567,.T.);
#8057 = ORIENTED_EDGE('',*,*,#8024,.F.);
#8058 = ORIENTED_EDGE('',*,*,#7238,.T.);
#8059 = ORIENTED_EDGE('',*,*,#8060,.T.);
#8060 = EDGE_CURVE('',#7230,#8061,#8063,.T.);
#8061 = VERTEX_POINT('',#8062);
#8062 = CARTESIAN_POINT('',(39.7,91.800943417218,148.));
#8063 = LINE('',#8064,#8065);
#8064 = CARTESIAN_POINT('',(39.7,91.800943417218,144.));
#8065 = VECTOR('',#8066,1.);
#8066 = DIRECTION('',(0.,0.,1.));
#8067 = ORIENTED_EDGE('',*,*,#8068,.F.);
#8068 = EDGE_CURVE('',#8041,#8061,#8069,.T.);
#8069 = LINE('',#8070,#8071);
#8070 = CARTESIAN_POINT('',(39.7,95.,148.));
#8071 = VECTOR('',#8072,1.);
#8072 = DIRECTION('',(0.,-1.,0.));
#8073 = FACE_BOUND('',#8074,.T.);
#8074 = EDGE_LOOP('',(#8075));
#8075 = ORIENTED_EDGE('',*,*,#8076,.F.);
#8076 = EDGE_CURVE('',#8077,#8077,#8079,.T.);
#8077 = VERTEX_POINT('',#8078);
#8078 = CARTESIAN_POINT('',(39.7,87.,167.7));
#8079 = CIRCLE('',#8080,1.2);
#8080 = AXIS2_PLACEMENT_3D('',#8081,#8082,#8083);
#8081 = CARTESIAN_POINT('',(39.7,87.,166.5));
#8082 = DIRECTION('',(1.,0.,-0.));
#8083 = DIRECTION('',(0.,0.,1.));
#8084 = FACE_BOUND('',#8085,.T.);
#8085 = EDGE_LOOP('',(#8086,#8096,#8104,#8112));
#8086 = ORIENTED_EDGE('',*,*,#8087,.T.);
#8087 = EDGE_CURVE('',#8088,#8090,#8092,.T.);
#8088 = VERTEX_POINT('',#8089);
#8089 = CARTESIAN_POINT('',(39.7,93.,168.7));
#8090 = VERTEX_POINT('',#8091);
#8091 = CARTESIAN_POINT('',(39.7,81.,168.7));
#8092 = LINE('',#8093,#8094);
#8093 = CARTESIAN_POINT('',(39.7,79.,168.7));
#8094 = VECTOR('',#8095,1.);
#8095 = DIRECTION('',(0.,-1.,0.));
#8096 = ORIENTED_EDGE('',*,*,#8097,.T.);
#8097 = EDGE_CURVE('',#8090,#8098,#8100,.T.);
#8098 = VERTEX_POINT('',#8099);
#8099 = CARTESIAN_POINT('',(39.7,81.,191.5));
#8100 = LINE('',#8101,#8102);
#8101 = CARTESIAN_POINT('',(39.7,81.,154.35));
#8102 = VECTOR('',#8103,1.);
#8103 = DIRECTION('',(0.,0.,1.));
#8104 = ORIENTED_EDGE('',*,*,#8105,.F.);
#8105 = EDGE_CURVE('',#8106,#8098,#8108,.T.);
#8106 = VERTEX_POINT('',#8107);
#8107 = CARTESIAN_POINT('',(39.7,93.,191.5));
#8108 = LINE('',#8109,#8110);
#8109 = CARTESIAN_POINT('',(39.7,79.,191.5));
#8110 = VECTOR('',#8111,1.);
#8111 = DIRECTION('',(0.,-1.,0.));
#8112 = ORIENTED_EDGE('',*,*,#8113,.F.);
#8113 = EDGE_CURVE('',#8088,#8106,#8114,.T.);
#8114 = LINE('',#8115,#8116);
#8115 = CARTESIAN_POINT('',(39.7,93.,154.35));
#8116 = VECTOR('',#8117,1.);
#8117 = DIRECTION('',(0.,0.,1.));
#8118 = FACE_BOUND('',#8119,.T.);
#8119 = EDGE_LOOP('',(#8120));
#8120 = ORIENTED_EDGE('',*,*,#8121,.F.);
#8121 = EDGE_CURVE('',#8122,#8122,#8124,.T.);
#8122 = VERTEX_POINT('',#8123);
#8123 = CARTESIAN_POINT('',(39.7,87.,194.9));
#8124 = CIRCLE('',#8125,1.2);
#8125 = AXIS2_PLACEMENT_3D('',#8126,#8127,#8128);
#8126 = CARTESIAN_POINT('',(39.7,87.,193.7));
#8127 = DIRECTION('',(1.,0.,-0.));
#8128 = DIRECTION('',(0.,0.,1.));
#8129 = PLANE('',#8130);
#8130 = AXIS2_PLACEMENT_3D('',#8131,#8132,#8133);
#8131 = CARTESIAN_POINT('',(39.7,77.,140.));
#8132 = DIRECTION('',(1.,0.,0.));
#8133 = DIRECTION('',(0.,0.,1.));
#8134 = ADVANCED_FACE('',(#8135),#8152,.T.);
#8135 = FACE_BOUND('',#8136,.T.);
#8136 = EDGE_LOOP('',(#8137,#8138,#8146));
#8137 = ORIENTED_EDGE('',*,*,#7229,.T.);
#8138 = ORIENTED_EDGE('',*,*,#8139,.F.);
#8139 = EDGE_CURVE('',#8140,#7222,#8142,.T.);
#8140 = VERTEX_POINT('',#8141);
#8141 = CARTESIAN_POINT('',(39.7,94.,144.));
#8142 = LINE('',#8143,#8144);
#8143 = CARTESIAN_POINT('',(12.5,94.,144.));
#8144 = VECTOR('',#8145,1.);
#8145 = DIRECTION('',(1.,0.,0.));
#8146 = ORIENTED_EDGE('',*,*,#8147,.F.);
#8147 = EDGE_CURVE('',#7230,#8140,#8148,.T.);
#8148 = LINE('',#8149,#8150);
#8149 = CARTESIAN_POINT('',(39.7,80.067708333333,144.));
#8150 = VECTOR('',#8151,1.);
#8151 = DIRECTION('',(0.,1.,0.));
#8152 = PLANE('',#8153);
#8153 = AXIS2_PLACEMENT_3D('',#8154,#8155,#8156);
#8154 = CARTESIAN_POINT('',(40.130718954248,82.290196078431,144.));
#8155 = DIRECTION('',(0.,0.,1.));
#8156 = DIRECTION('',(1.,0.,0.));
#8157 = ADVANCED_FACE('',(#8158),#8175,.T.);
#8158 = FACE_BOUND('',#8159,.T.);
#8159 = EDGE_LOOP('',(#8160,#8161,#8167,#8168,#8169));
#8160 = ORIENTED_EDGE('',*,*,#7500,.F.);
#8161 = ORIENTED_EDGE('',*,*,#8162,.F.);
#8162 = EDGE_CURVE('',#8140,#7493,#8163,.T.);
#8163 = LINE('',#8164,#8165);
#8164 = CARTESIAN_POINT('',(39.7,94.,140.));
#8165 = VECTOR('',#8166,1.);
#8166 = DIRECTION('',(0.,0.,-1.));
#8167 = ORIENTED_EDGE('',*,*,#8139,.T.);
#8168 = ORIENTED_EDGE('',*,*,#7221,.T.);
#8169 = ORIENTED_EDGE('',*,*,#8170,.F.);
#8170 = EDGE_CURVE('',#7501,#7214,#8171,.T.);
#8171 = LINE('',#8172,#8173);
#8172 = CARTESIAN_POINT('',(58.5,94.,140.));
#8173 = VECTOR('',#8174,1.);
#8174 = DIRECTION('',(0.,0.,1.));
#8175 = PLANE('',#8176);
#8176 = AXIS2_PLACEMENT_3D('',#8177,#8178,#8179);
#8177 = CARTESIAN_POINT('',(12.5,94.,140.));
#8178 = DIRECTION('',(0.,1.,0.));
#8179 = DIRECTION('',(0.,0.,1.));
#8180 = ADVANCED_FACE('',(#8181),#8192,.F.);
#8181 = FACE_BOUND('',#8182,.T.);
#8182 = EDGE_LOOP('',(#8183,#8184,#8190,#8191));
#8183 = ORIENTED_EDGE('',*,*,#7213,.T.);
#8184 = ORIENTED_EDGE('',*,*,#8185,.F.);
#8185 = EDGE_CURVE('',#7509,#7206,#8186,.T.);
#8186 = LINE('',#8187,#8188);
#8187 = CARTESIAN_POINT('',(58.5,101.,140.));
#8188 = VECTOR('',#8189,1.);
#8189 = DIRECTION('',(0.,0.,1.));
#8190 = ORIENTED_EDGE('',*,*,#7508,.F.);
#8191 = ORIENTED_EDGE('',*,*,#8170,.T.);
#8192 = PLANE('',#8193);
#8193 = AXIS2_PLACEMENT_3D('',#8194,#8195,#8196);
#8194 = CARTESIAN_POINT('',(58.5,70.,140.));
#8195 = DIRECTION('',(1.,0.,0.));
#8196 = DIRECTION('',(0.,0.,1.));
#8197 = ADVANCED_FACE('',(#8198),#8209,.T.);
#8198 = FACE_BOUND('',#8199,.T.);
#8199 = EDGE_LOOP('',(#8200,#8201,#8202,#8203));
#8200 = ORIENTED_EDGE('',*,*,#7516,.F.);
#8201 = ORIENTED_EDGE('',*,*,#8185,.T.);
#8202 = ORIENTED_EDGE('',*,*,#7205,.T.);
#8203 = ORIENTED_EDGE('',*,*,#8204,.F.);
#8204 = EDGE_CURVE('',#7517,#7198,#8205,.T.);
#8205 = LINE('',#8206,#8207);
#8206 = CARTESIAN_POINT('',(66.5,101.,140.));
#8207 = VECTOR('',#8208,1.);
#8208 = DIRECTION('',(0.,0.,1.));
#8209 = PLANE('',#8210);
#8210 = AXIS2_PLACEMENT_3D('',#8211,#8212,#8213);
#8211 = CARTESIAN_POINT('',(58.5,101.,140.));
#8212 = DIRECTION('',(0.,1.,0.));
#8213 = DIRECTION('',(0.,0.,1.));
#8214 = ADVANCED_FACE('',(#8215),#8226,.T.);
#8215 = FACE_BOUND('',#8216,.T.);
#8216 = EDGE_LOOP('',(#8217,#8218,#8224,#8225));
#8217 = ORIENTED_EDGE('',*,*,#7197,.F.);
#8218 = ORIENTED_EDGE('',*,*,#8219,.F.);
#8219 = EDGE_CURVE('',#7525,#7190,#8220,.T.);
#8220 = LINE('',#8221,#8222);
#8221 = CARTESIAN_POINT('',(66.5,96.,150.68644067796));
#8222 = VECTOR('',#8223,1.);
#8223 = DIRECTION('',(0.,0.,1.));
#8224 = ORIENTED_EDGE('',*,*,#7524,.T.);
#8225 = ORIENTED_EDGE('',*,*,#8204,.T.);
#8226 = PLANE('',#8227);
#8227 = AXIS2_PLACEMENT_3D('',#8228,#8229,#8230);
#8228 = CARTESIAN_POINT('',(66.5,83.5,142.));
#8229 = DIRECTION('',(1.,0.,0.));
#8230 = DIRECTION('',(0.,0.,1.));
#8231 = ADVANCED_FACE('',(#8232),#8259,.T.);
#8232 = FACE_BOUND('',#8233,.T.);
#8233 = EDGE_LOOP('',(#8234,#8235,#8236,#8237,#8245,#8253));
#8234 = ORIENTED_EDGE('',*,*,#7532,.F.);
#8235 = ORIENTED_EDGE('',*,*,#8219,.T.);
#8236 = ORIENTED_EDGE('',*,*,#7189,.T.);
#8237 = ORIENTED_EDGE('',*,*,#8238,.T.);
#8238 = EDGE_CURVE('',#7182,#8239,#8241,.T.);
#8239 = VERTEX_POINT('',#8240);
#8240 = CARTESIAN_POINT('',(67.5,96.,185.));
#8241 = LINE('',#8242,#8243);
#8242 = CARTESIAN_POINT('',(67.5,96.,140.));
#8243 = VECTOR('',#8244,1.);
#8244 = DIRECTION('',(0.,0.,1.));
#8245 = ORIENTED_EDGE('',*,*,#8246,.T.);
#8246 = EDGE_CURVE('',#8239,#8247,#8249,.T.);
#8247 = VERTEX_POINT('',#8248);
#8248 = CARTESIAN_POINT('',(72.5,96.,185.));
#8249 = LINE('',#8250,#8251);
#8250 = CARTESIAN_POINT('',(67.5,96.,185.));
#8251 = VECTOR('',#8252,1.);
#8252 = DIRECTION('',(1.,0.,0.));
#8253 = ORIENTED_EDGE('',*,*,#8254,.F.);
#8254 = EDGE_CURVE('',#7533,#8247,#8255,.T.);
#8255 = LINE('',#8256,#8257);
#8256 = CARTESIAN_POINT('',(72.5,96.,140.));
#8257 = VECTOR('',#8258,1.);
#8258 = DIRECTION('',(0.,0.,1.));
#8259 = PLANE('',#8260);
#8260 = AXIS2_PLACEMENT_3D('',#8261,#8262,#8263);
#8261 = CARTESIAN_POINT('',(68.627118644068,96.,159.37288135593));
#8262 = DIRECTION('',(0.,1.,0.));
#8263 = DIRECTION('',(0.,0.,1.));
#8264 = ADVANCED_FACE('',(#8265,#8276),#8287,.F.);
#8265 = FACE_BOUND('',#8266,.F.);
#8266 = EDGE_LOOP('',(#8267,#8268,#8269,#8270));
#8267 = ORIENTED_EDGE('',*,*,#7419,.F.);
#8268 = ORIENTED_EDGE('',*,*,#7181,.F.);
#8269 = ORIENTED_EDGE('',*,*,#8238,.T.);
#8270 = ORIENTED_EDGE('',*,*,#8271,.F.);
#8271 = EDGE_CURVE('',#7412,#8239,#8272,.T.);
#8272 = LINE('',#8273,#8274);
#8273 = CARTESIAN_POINT('',(67.5,78.,185.));
#8274 = VECTOR('',#8275,1.);
#8275 = DIRECTION('',(0.,1.,0.));
#8276 = FACE_BOUND('',#8277,.F.);
#8277 = EDGE_LOOP('',(#8278));
#8278 = ORIENTED_EDGE('',*,*,#8279,.F.);
#8279 = EDGE_CURVE('',#8280,#8280,#8282,.T.);
#8280 = VERTEX_POINT('',#8281);
#8281 = CARTESIAN_POINT('',(67.5,87.,179.1));
#8282 = CIRCLE('',#8283,2.1);
#8283 = AXIS2_PLACEMENT_3D('',#8284,#8285,#8286);
#8284 = CARTESIAN_POINT('',(67.5,87.,177.));
#8285 = DIRECTION('',(1.,0.,-0.));
#8286 = DIRECTION('',(0.,0.,1.));
#8287 = PLANE('',#8288);
#8288 = AXIS2_PLACEMENT_3D('',#8289,#8290,#8291);
#8289 = CARTESIAN_POINT('',(67.5,78.,140.));
#8290 = DIRECTION('',(1.,0.,0.));
#8291 = DIRECTION('',(0.,0.,1.));
#8292 = ADVANCED_FACE('',(#8293),#8304,.F.);
#8293 = FACE_BOUND('',#8294,.F.);
#8294 = EDGE_LOOP('',(#8295,#8296,#8302,#8303));
#8295 = ORIENTED_EDGE('',*,*,#7359,.F.);
#8296 = ORIENTED_EDGE('',*,*,#8297,.F.);
#8297 = EDGE_CURVE('',#7634,#7360,#8298,.T.);
#8298 = LINE('',#8299,#8300);
#8299 = CARTESIAN_POINT('',(21.2,88.,139.));
#8300 = VECTOR('',#8301,1.);
#8301 = DIRECTION('',(0.,0.,1.));
#8302 = ORIENTED_EDGE('',*,*,#7633,.T.);
#8303 = ORIENTED_EDGE('',*,*,#8297,.T.);
#8304 = CYLINDRICAL_SURFACE('',#8305,1.7);
#8305 = AXIS2_PLACEMENT_3D('',#8306,#8307,#8308);
#8306 = CARTESIAN_POINT('',(19.5,88.,139.));
#8307 = DIRECTION('',(0.,0.,1.));
#8308 = DIRECTION('',(1.,0.,0.));
#8309 = ADVANCED_FACE('',(#8310),#8326,.F.);
#8310 = FACE_BOUND('',#8311,.F.);
#8311 = EDGE_LOOP('',(#8312,#8313,#8319,#8320));
#8312 = ORIENTED_EDGE('',*,*,#7370,.F.);
#8313 = ORIENTED_EDGE('',*,*,#8314,.F.);
#8314 = EDGE_CURVE('',#7645,#7371,#8315,.T.);
#8315 = LINE('',#8316,#8317);
#8316 = CARTESIAN_POINT('',(58.5,89.374772708487,139.));
#8317 = VECTOR('',#8318,1.);
#8318 = DIRECTION('',(0.,0.,1.));
#8319 = ORIENTED_EDGE('',*,*,#7644,.T.);
#8320 = ORIENTED_EDGE('',*,*,#8321,.T.);
#8321 = EDGE_CURVE('',#7647,#7373,#8322,.T.);
#8322 = LINE('',#8323,#8324);
#8323 = CARTESIAN_POINT('',(58.5,86.625227291513,139.));
#8324 = VECTOR('',#8325,1.);
#8325 = DIRECTION('',(0.,0.,1.));
#8326 = CYLINDRICAL_SURFACE('',#8327,1.7);
#8327 = AXIS2_PLACEMENT_3D('',#8328,#8329,#8330);
#8328 = CARTESIAN_POINT('',(59.5,88.,139.));
#8329 = DIRECTION('',(0.,0.,1.));
#8330 = DIRECTION('',(1.,0.,0.));
#8331 = ADVANCED_FACE('',(#8332),#8338,.F.);
#8332 = FACE_BOUND('',#8333,.F.);
#8333 = EDGE_LOOP('',(#8334,#8335,#8336,#8337));
#8334 = ORIENTED_EDGE('',*,*,#8321,.F.);
#8335 = ORIENTED_EDGE('',*,*,#7655,.T.);
#8336 = ORIENTED_EDGE('',*,*,#8314,.T.);
#8337 = ORIENTED_EDGE('',*,*,#7381,.F.);
#8338 = PLANE('',#8339);
#8339 = AXIS2_PLACEMENT_3D('',#8340,#8341,#8342);
#8340 = CARTESIAN_POINT('',(58.5,78.,140.));
#8341 = DIRECTION('',(1.,0.,0.));
#8342 = DIRECTION('',(0.,0.,1.));
#8343 = ADVANCED_FACE('',(#8344),#8355,.T.);
#8344 = FACE_BOUND('',#8345,.T.);
#8345 = EDGE_LOOP('',(#8346,#8347,#8348,#8354));
#8346 = ORIENTED_EDGE('',*,*,#8271,.F.);
#8347 = ORIENTED_EDGE('',*,*,#7411,.T.);
#8348 = ORIENTED_EDGE('',*,*,#8349,.T.);
#8349 = EDGE_CURVE('',#7404,#8247,#8350,.T.);
#8350 = LINE('',#8351,#8352);
#8351 = CARTESIAN_POINT('',(72.5,78.,185.));
#8352 = VECTOR('',#8353,1.);
#8353 = DIRECTION('',(0.,1.,0.));
#8354 = ORIENTED_EDGE('',*,*,#8246,.F.);
#8355 = PLANE('',#8356);
#8356 = AXIS2_PLACEMENT_3D('',#8357,#8358,#8359);
#8357 = CARTESIAN_POINT('',(67.5,78.,185.));
#8358 = DIRECTION('',(0.,0.,1.));
#8359 = DIRECTION('',(1.,0.,0.));
#8360 = ADVANCED_FACE('',(#8361,#8367),#8378,.T.);
#8361 = FACE_BOUND('',#8362,.T.);
#8362 = EDGE_LOOP('',(#8363,#8364,#8365,#8366));
#8363 = ORIENTED_EDGE('',*,*,#7403,.F.);
#8364 = ORIENTED_EDGE('',*,*,#7540,.T.);
#8365 = ORIENTED_EDGE('',*,*,#8254,.T.);
#8366 = ORIENTED_EDGE('',*,*,#8349,.F.);
#8367 = FACE_BOUND('',#8368,.T.);
#8368 = EDGE_LOOP('',(#8369));
#8369 = ORIENTED_EDGE('',*,*,#8370,.F.);
#8370 = EDGE_CURVE('',#8371,#8371,#8373,.T.);
#8371 = VERTEX_POINT('',#8372);
#8372 = CARTESIAN_POINT('',(72.5,87.,179.1));
#8373 = CIRCLE('',#8374,2.1);
#8374 = AXIS2_PLACEMENT_3D('',#8375,#8376,#8377);
#8375 = CARTESIAN_POINT('',(72.5,87.,177.));
#8376 = DIRECTION('',(1.,0.,-0.));
#8377 = DIRECTION('',(0.,0.,1.));
#8378 = PLANE('',#8379);
#8379 = AXIS2_PLACEMENT_3D('',#8380,#8381,#8382);
#8380 = CARTESIAN_POINT('',(72.5,78.,140.));
#8381 = DIRECTION('',(1.,0.,0.));
#8382 = DIRECTION('',(0.,0.,1.));
#8383 = ADVANCED_FACE('',(#8384),#8402,.F.);
#8384 = FACE_BOUND('',#8385,.F.);
#8385 = EDGE_LOOP('',(#8386,#8387,#8395,#8401));
#8386 = ORIENTED_EDGE('',*,*,#7476,.T.);
#8387 = ORIENTED_EDGE('',*,*,#8388,.T.);
#8388 = EDGE_CURVE('',#7477,#8389,#8391,.T.);
#8389 = VERTEX_POINT('',#8390);
#8390 = CARTESIAN_POINT('',(36.7,97.,144.));
#8391 = LINE('',#8392,#8393);
#8392 = CARTESIAN_POINT('',(36.7,97.,140.));
#8393 = VECTOR('',#8394,1.);
#8394 = DIRECTION('',(0.,0.,1.));
#8395 = ORIENTED_EDGE('',*,*,#8396,.T.);
#8396 = EDGE_CURVE('',#8389,#7741,#8397,.T.);
#8397 = LINE('',#8398,#8399);
#8398 = CARTESIAN_POINT('',(36.7,95.,144.));
#8399 = VECTOR('',#8400,1.);
#8400 = DIRECTION('',(0.,-1.,0.));
#8401 = ORIENTED_EDGE('',*,*,#7748,.T.);
#8402 = PLANE('',#8403);
#8403 = AXIS2_PLACEMENT_3D('',#8404,#8405,#8406);
#8404 = CARTESIAN_POINT('',(36.7,77.,140.));
#8405 = DIRECTION('',(1.,0.,0.));
#8406 = DIRECTION('',(0.,0.,1.));
#8407 = ADVANCED_FACE('',(#8408),#8426,.T.);
#8408 = FACE_BOUND('',#8409,.T.);
#8409 = EDGE_LOOP('',(#8410,#8418,#8419,#8420));
#8410 = ORIENTED_EDGE('',*,*,#8411,.F.);
#8411 = EDGE_CURVE('',#7485,#8412,#8414,.T.);
#8412 = VERTEX_POINT('',#8413);
#8413 = CARTESIAN_POINT('',(39.7,97.,144.));
#8414 = LINE('',#8415,#8416);
#8415 = CARTESIAN_POINT('',(39.7,97.,140.));
#8416 = VECTOR('',#8417,1.);
#8417 = DIRECTION('',(0.,0.,1.));
#8418 = ORIENTED_EDGE('',*,*,#7484,.F.);
#8419 = ORIENTED_EDGE('',*,*,#8388,.T.);
#8420 = ORIENTED_EDGE('',*,*,#8421,.T.);
#8421 = EDGE_CURVE('',#8389,#8412,#8422,.T.);
#8422 = LINE('',#8423,#8424);
#8423 = CARTESIAN_POINT('',(38.1,97.,144.));
#8424 = VECTOR('',#8425,1.);
#8425 = DIRECTION('',(1.,0.,0.));
#8426 = PLANE('',#8427);
#8427 = AXIS2_PLACEMENT_3D('',#8428,#8429,#8430);
#8428 = CARTESIAN_POINT('',(36.7,97.,140.));
#8429 = DIRECTION('',(0.,1.,0.));
#8430 = DIRECTION('',(0.,0.,1.));
#8431 = ADVANCED_FACE('',(#8432),#8443,.T.);
#8432 = FACE_BOUND('',#8433,.T.);
#8433 = EDGE_LOOP('',(#8434,#8435,#8441,#8442));
#8434 = ORIENTED_EDGE('',*,*,#8411,.T.);
#8435 = ORIENTED_EDGE('',*,*,#8436,.T.);
#8436 = EDGE_CURVE('',#8412,#8140,#8437,.T.);
#8437 = LINE('',#8438,#8439);
#8438 = CARTESIAN_POINT('',(39.7,95.,144.));
#8439 = VECTOR('',#8440,1.);
#8440 = DIRECTION('',(0.,-1.,0.));
#8441 = ORIENTED_EDGE('',*,*,#8162,.T.);
#8442 = ORIENTED_EDGE('',*,*,#7492,.T.);
#8443 = PLANE('',#8444);
#8444 = AXIS2_PLACEMENT_3D('',#8445,#8446,#8447);
#8445 = CARTESIAN_POINT('',(39.7,77.,140.));
#8446 = DIRECTION('',(1.,0.,0.));
#8447 = DIRECTION('',(0.,0.,1.));
#8448 = ADVANCED_FACE('',(#8449),#8463,.T.);
#8449 = FACE_BOUND('',#8450,.T.);
#8450 = EDGE_LOOP('',(#8451,#8452,#8459,#8460,#8461,#8462));
#8451 = ORIENTED_EDGE('',*,*,#7764,.F.);
#8452 = ORIENTED_EDGE('',*,*,#8453,.T.);
#8453 = EDGE_CURVE('',#7319,#7230,#8454,.T.);
#8454 = CIRCLE('',#8455,21.2);
#8455 = AXIS2_PLACEMENT_3D('',#8456,#8457,#8458);
#8456 = CARTESIAN_POINT('',(39.5,113.,144.));
#8457 = DIRECTION('',(0.,0.,1.));
#8458 = DIRECTION('',(1.,0.,0.));
#8459 = ORIENTED_EDGE('',*,*,#8147,.T.);
#8460 = ORIENTED_EDGE('',*,*,#8436,.F.);
#8461 = ORIENTED_EDGE('',*,*,#8421,.F.);
#8462 = ORIENTED_EDGE('',*,*,#8396,.T.);
#8463 = PLANE('',#8464);
#8464 = AXIS2_PLACEMENT_3D('',#8465,#8466,#8467);
#8465 = CARTESIAN_POINT('',(39.5,113.,144.));
#8466 = DIRECTION('',(0.,0.,1.));
#8467 = DIRECTION('',(1.,0.,0.));
#8468 = ADVANCED_FACE('',(#8469),#8486,.F.);
#8469 = FACE_BOUND('',#8470,.F.);
#8470 = EDGE_LOOP('',(#8471,#8472,#8479,#8480));
#8471 = ORIENTED_EDGE('',*,*,#7778,.T.);
#8472 = ORIENTED_EDGE('',*,*,#8473,.T.);
#8473 = EDGE_CURVE('',#7781,#8061,#8474,.T.);
#8474 = CIRCLE('',#8475,21.2);
#8475 = AXIS2_PLACEMENT_3D('',#8476,#8477,#8478);
#8476 = CARTESIAN_POINT('',(39.5,113.,148.));
#8477 = DIRECTION('',(0.,0.,1.));
#8478 = DIRECTION('',(1.,0.,0.));
#8479 = ORIENTED_EDGE('',*,*,#8068,.F.);
#8480 = ORIENTED_EDGE('',*,*,#8481,.F.);
#8481 = EDGE_CURVE('',#7779,#8041,#8482,.T.);
#8482 = LINE('',#8483,#8484);
#8483 = CARTESIAN_POINT('',(38.1,97.,148.));
#8484 = VECTOR('',#8485,1.);
#8485 = DIRECTION('',(1.,0.,0.));
#8486 = PLANE('',#8487);
#8487 = AXIS2_PLACEMENT_3D('',#8488,#8489,#8490);
#8488 = CARTESIAN_POINT('',(39.5,113.,148.));
#8489 = DIRECTION('',(0.,0.,1.));
#8490 = DIRECTION('',(1.,0.,0.));
#8491 = ADVANCED_FACE('',(#8492),#8498,.F.);
#8492 = FACE_BOUND('',#8493,.F.);
#8493 = EDGE_LOOP('',(#8494,#8495,#8496,#8497));
#8494 = ORIENTED_EDGE('',*,*,#8473,.F.);
#8495 = ORIENTED_EDGE('',*,*,#7825,.F.);
#8496 = ORIENTED_EDGE('',*,*,#8453,.T.);
#8497 = ORIENTED_EDGE('',*,*,#8060,.T.);
#8498 = CYLINDRICAL_SURFACE('',#8499,21.2);
#8499 = AXIS2_PLACEMENT_3D('',#8500,#8501,#8502);
#8500 = CARTESIAN_POINT('',(39.5,113.,144.));
#8501 = DIRECTION('',(0.,0.,1.));
#8502 = DIRECTION('',(1.,0.,0.));
#8503 = ADVANCED_FACE('',(#8504),#8515,.T.);
#8504 = FACE_BOUND('',#8505,.T.);
#8505 = EDGE_LOOP('',(#8506,#8507,#8508,#8509));
#8506 = ORIENTED_EDGE('',*,*,#7796,.F.);
#8507 = ORIENTED_EDGE('',*,*,#7950,.T.);
#8508 = ORIENTED_EDGE('',*,*,#8050,.T.);
#8509 = ORIENTED_EDGE('',*,*,#8510,.F.);
#8510 = EDGE_CURVE('',#7789,#8043,#8511,.T.);
#8511 = LINE('',#8512,#8513);
#8512 = CARTESIAN_POINT('',(36.7,97.,200.));
#8513 = VECTOR('',#8514,1.);
#8514 = DIRECTION('',(1.,0.,0.));
#8515 = PLANE('',#8516);
#8516 = AXIS2_PLACEMENT_3D('',#8517,#8518,#8519);
#8517 = CARTESIAN_POINT('',(36.7,77.,200.));
#8518 = DIRECTION('',(0.,0.,1.));
#8519 = DIRECTION('',(1.,0.,0.));
#8520 = ADVANCED_FACE('',(#8521),#8527,.T.);
#8521 = FACE_BOUND('',#8522,.T.);
#8522 = EDGE_LOOP('',(#8523,#8524,#8525,#8526));
#8523 = ORIENTED_EDGE('',*,*,#8040,.F.);
#8524 = ORIENTED_EDGE('',*,*,#8481,.F.);
#8525 = ORIENTED_EDGE('',*,*,#7788,.T.);
#8526 = ORIENTED_EDGE('',*,*,#8510,.T.);
#8527 = PLANE('',#8528);
#8528 = AXIS2_PLACEMENT_3D('',#8529,#8530,#8531);
#8529 = CARTESIAN_POINT('',(36.7,97.,140.));
#8530 = DIRECTION('',(0.,1.,0.));
#8531 = DIRECTION('',(0.,0.,1.));
#8532 = ADVANCED_FACE('',(#8533),#8544,.F.);
#8533 = FACE_BOUND('',#8534,.F.);
#8534 = EDGE_LOOP('',(#8535,#8536,#8542,#8543));
#8535 = ORIENTED_EDGE('',*,*,#8076,.F.);
#8536 = ORIENTED_EDGE('',*,*,#8537,.F.);
#8537 = EDGE_CURVE('',#7834,#8077,#8538,.T.);
#8538 = LINE('',#8539,#8540);
#8539 = CARTESIAN_POINT('',(35.5,87.,167.7));
#8540 = VECTOR('',#8541,1.);
#8541 = DIRECTION('',(1.,0.,0.));
#8542 = ORIENTED_EDGE('',*,*,#7833,.T.);
#8543 = ORIENTED_EDGE('',*,*,#8537,.T.);
#8544 = CYLINDRICAL_SURFACE('',#8545,1.2);
#8545 = AXIS2_PLACEMENT_3D('',#8546,#8547,#8548);
#8546 = CARTESIAN_POINT('',(35.5,87.,166.5));
#8547 = DIRECTION('',(1.,0.,0.));
#8548 = DIRECTION('',(0.,0.,1.));
#8549 = ADVANCED_FACE('',(#8550),#8566,.T.);
#8550 = FACE_BOUND('',#8551,.T.);
#8551 = EDGE_LOOP('',(#8552,#8558,#8559,#8565));
#8552 = ORIENTED_EDGE('',*,*,#8553,.F.);
#8553 = EDGE_CURVE('',#7845,#8088,#8554,.T.);
#8554 = LINE('',#8555,#8556);
#8555 = CARTESIAN_POINT('',(36.,93.,168.7));
#8556 = VECTOR('',#8557,1.);
#8557 = DIRECTION('',(1.,0.,0.));
#8558 = ORIENTED_EDGE('',*,*,#7844,.T.);
#8559 = ORIENTED_EDGE('',*,*,#8560,.T.);
#8560 = EDGE_CURVE('',#7847,#8090,#8561,.T.);
#8561 = LINE('',#8562,#8563);
#8562 = CARTESIAN_POINT('',(36.,81.,168.7));
#8563 = VECTOR('',#8564,1.);
#8564 = DIRECTION('',(1.,0.,0.));
#8565 = ORIENTED_EDGE('',*,*,#8087,.F.);
#8566 = PLANE('',#8567);
#8567 = AXIS2_PLACEMENT_3D('',#8568,#8569,#8570);
#8568 = CARTESIAN_POINT('',(36.,81.,168.7));
#8569 = DIRECTION('',(0.,0.,1.));
#8570 = DIRECTION('',(1.,0.,0.));
#8571 = ADVANCED_FACE('',(#8572),#8583,.F.);
#8572 = FACE_BOUND('',#8573,.F.);
#8573 = EDGE_LOOP('',(#8574,#8575,#8576,#8582));
#8574 = ORIENTED_EDGE('',*,*,#8553,.F.);
#8575 = ORIENTED_EDGE('',*,*,#7870,.T.);
#8576 = ORIENTED_EDGE('',*,*,#8577,.T.);
#8577 = EDGE_CURVE('',#7863,#8106,#8578,.T.);
#8578 = LINE('',#8579,#8580);
#8579 = CARTESIAN_POINT('',(36.,93.,191.5));
#8580 = VECTOR('',#8581,1.);
#8581 = DIRECTION('',(1.,0.,0.));
#8582 = ORIENTED_EDGE('',*,*,#8113,.F.);
#8583 = PLANE('',#8584);
#8584 = AXIS2_PLACEMENT_3D('',#8585,#8586,#8587);
#8585 = CARTESIAN_POINT('',(36.,93.,168.7));
#8586 = DIRECTION('',(0.,1.,0.));
#8587 = DIRECTION('',(0.,0.,1.));
#8588 = ADVANCED_FACE('',(#8589),#8600,.T.);
#8589 = FACE_BOUND('',#8590,.T.);
#8590 = EDGE_LOOP('',(#8591,#8592,#8593,#8599));
#8591 = ORIENTED_EDGE('',*,*,#8560,.F.);
#8592 = ORIENTED_EDGE('',*,*,#7854,.T.);
#8593 = ORIENTED_EDGE('',*,*,#8594,.T.);
#8594 = EDGE_CURVE('',#7855,#8098,#8595,.T.);
#8595 = LINE('',#8596,#8597);
#8596 = CARTESIAN_POINT('',(36.,81.,191.5));
#8597 = VECTOR('',#8598,1.);
#8598 = DIRECTION('',(1.,0.,0.));
#8599 = ORIENTED_EDGE('',*,*,#8097,.F.);
#8600 = PLANE('',#8601);
#8601 = AXIS2_PLACEMENT_3D('',#8602,#8603,#8604);
#8602 = CARTESIAN_POINT('',(36.,81.,168.7));
#8603 = DIRECTION('',(0.,1.,0.));
#8604 = DIRECTION('',(0.,0.,1.));
#8605 = ADVANCED_FACE('',(#8606),#8612,.F.);
#8606 = FACE_BOUND('',#8607,.F.);
#8607 = EDGE_LOOP('',(#8608,#8609,#8610,#8611));
#8608 = ORIENTED_EDGE('',*,*,#8577,.F.);
#8609 = ORIENTED_EDGE('',*,*,#7862,.T.);
#8610 = ORIENTED_EDGE('',*,*,#8594,.T.);
#8611 = ORIENTED_EDGE('',*,*,#8105,.F.);
#8612 = PLANE('',#8613);
#8613 = AXIS2_PLACEMENT_3D('',#8614,#8615,#8616);
#8614 = CARTESIAN_POINT('',(36.,81.,191.5));
#8615 = DIRECTION('',(0.,0.,1.));
#8616 = DIRECTION('',(1.,0.,0.));
#8617 = ADVANCED_FACE('',(#8618),#8629,.F.);
#8618 = FACE_BOUND('',#8619,.F.);
#8619 = EDGE_LOOP('',(#8620,#8621,#8627,#8628));
#8620 = ORIENTED_EDGE('',*,*,#8121,.F.);
#8621 = ORIENTED_EDGE('',*,*,#8622,.F.);
#8622 = EDGE_CURVE('',#7879,#8122,#8623,.T.);
#8623 = LINE('',#8624,#8625);
#8624 = CARTESIAN_POINT('',(35.5,87.,194.9));
#8625 = VECTOR('',#8626,1.);
#8626 = DIRECTION('',(1.,0.,0.));
#8627 = ORIENTED_EDGE('',*,*,#7878,.T.);
#8628 = ORIENTED_EDGE('',*,*,#8622,.T.);
#8629 = CYLINDRICAL_SURFACE('',#8630,1.2);
#8630 = AXIS2_PLACEMENT_3D('',#8631,#8632,#8633);
#8631 = CARTESIAN_POINT('',(35.5,87.,193.7));
#8632 = DIRECTION('',(1.,0.,0.));
#8633 = DIRECTION('',(0.,0.,1.));
#8634 = ADVANCED_FACE('',(#8635),#8646,.F.);
#8635 = FACE_BOUND('',#8636,.F.);
#8636 = EDGE_LOOP('',(#8637,#8638,#8644,#8645));
#8637 = ORIENTED_EDGE('',*,*,#8370,.F.);
#8638 = ORIENTED_EDGE('',*,*,#8639,.F.);
#8639 = EDGE_CURVE('',#8280,#8371,#8640,.T.);
#8640 = LINE('',#8641,#8642);
#8641 = CARTESIAN_POINT('',(66.5,87.,179.1));
#8642 = VECTOR('',#8643,1.);
#8643 = DIRECTION('',(1.,0.,0.));
#8644 = ORIENTED_EDGE('',*,*,#8279,.T.);
#8645 = ORIENTED_EDGE('',*,*,#8639,.T.);
#8646 = CYLINDRICAL_SURFACE('',#8647,2.1);
#8647 = AXIS2_PLACEMENT_3D('',#8648,#8649,#8650);
#8648 = CARTESIAN_POINT('',(66.5,87.,177.));
#8649 = DIRECTION('',(1.,0.,0.));
#8650 = DIRECTION('',(0.,0.,1.));
#8651 = MANIFOLD_SOLID_BREP('',#8652);
#8652 = CLOSED_SHELL('',(#8653,#8689,#8717,#8745,#8773,#8801,#8829,#8857
    ,#8885,#8913,#8941,#8983,#9003,#9040,#9049,#9069));
#8653 = ADVANCED_FACE('',(#8654),#8684,.T.);
#8654 = FACE_BOUND('',#8655,.T.);
#8655 = EDGE_LOOP('',(#8656,#8665,#8672,#8679));
#8656 = ORIENTED_EDGE('',*,*,#8657,.F.);
#8657 = EDGE_CURVE('',#8658,#8660,#8662,.T.);
#8658 = VERTEX_POINT('',#8659);
#8659 = CARTESIAN_POINT('',(34.2,93.,191.5));
#8660 = VERTEX_POINT('',#8661);
#8661 = CARTESIAN_POINT('',(34.2,93.,196.35));
#8662 = B_SPLINE_CURVE_WITH_KNOTS('',1,(#8663,#8664),.UNSPECIFIED.,.F.,
  .F.,(2,2),(27.65,32.5),.PIECEWISE_BEZIER_KNOTS.);
#8663 = CARTESIAN_POINT('',(34.2,93.,191.5));
#8664 = CARTESIAN_POINT('',(34.2,93.,196.35));
#8665 = ORIENTED_EDGE('',*,*,#8666,.T.);
#8666 = EDGE_CURVE('',#8658,#8667,#8669,.T.);
#8667 = VERTEX_POINT('',#8668);
#8668 = CARTESIAN_POINT('',(34.2,81.,191.5));
#8669 = B_SPLINE_CURVE_WITH_KNOTS('',1,(#8670,#8671),.UNSPECIFIED.,.F.,
  .F.,(2,2),(0.,12.),.PIECEWISE_BEZIER_KNOTS.);
#8670 = CARTESIAN_POINT('',(34.2,93.,191.5));
#8671 = CARTESIAN_POINT('',(34.2,81.,191.5));
#8672 = ORIENTED_EDGE('',*,*,#8673,.T.);
#8673 = EDGE_CURVE('',#8667,#8674,#8676,.T.);
#8674 = VERTEX_POINT('',#8675);
#8675 = CARTESIAN_POINT('',(34.2,81.,196.35));
#8676 = B_SPLINE_CURVE_WITH_KNOTS('',1,(#8677,#8678),.UNSPECIFIED.,.F.,
  .F.,(2,2),(27.65,32.5),.PIECEWISE_BEZIER_KNOTS.);
#8677 = CARTESIAN_POINT('',(34.2,81.,191.5));
#8678 = CARTESIAN_POINT('',(34.2,81.,196.35));
#8679 = ORIENTED_EDGE('',*,*,#8680,.F.);
#8680 = EDGE_CURVE('',#8660,#8674,#8681,.T.);
#8681 = B_SPLINE_CURVE_WITH_KNOTS('',1,(#8682,#8683),.UNSPECIFIED.,.F.,
  .F.,(2,2),(0.,12.),.PIECEWISE_BEZIER_KNOTS.);
#8682 = CARTESIAN_POINT('',(34.2,93.,196.35));
#8683 = CARTESIAN_POINT('',(34.2,81.,196.35));
#8684 = B_SPLINE_SURFACE_WITH_KNOTS('',1,1,(
    (#8685,#8686)
    ,(#8687,#8688
    )),.UNSPECIFIED.,.F.,.F.,.F.,(2,2),(2,2),(0.,12.),(27.65,32.5),
  .PIECEWISE_BEZIER_KNOTS.);
#8685 = CARTESIAN_POINT('',(34.2,93.,191.5));
#8686 = CARTESIAN_POINT('',(34.2,93.,196.35));
#8687 = CARTESIAN_POINT('',(34.2,81.,191.5));
#8688 = CARTESIAN_POINT('',(34.2,81.,196.35));
#8689 = ADVANCED_FACE('',(#8690),#8712,.T.);
#8690 = FACE_BOUND('',#8691,.T.);
#8691 = EDGE_LOOP('',(#8692,#8701,#8706,#8707));
#8692 = ORIENTED_EDGE('',*,*,#8693,.F.);
#8693 = EDGE_CURVE('',#8694,#8696,#8698,.T.);
#8694 = VERTEX_POINT('',#8695);
#8695 = CARTESIAN_POINT('',(36.7,93.,196.35));
#8696 = VERTEX_POINT('',#8697);
#8697 = CARTESIAN_POINT('',(36.7,81.,196.35));
#8698 = B_SPLINE_CURVE_WITH_KNOTS('',1,(#8699,#8700),.UNSPECIFIED.,.F.,
  .F.,(2,2),(0.,12.),.PIECEWISE_BEZIER_KNOTS.);
#8699 = CARTESIAN_POINT('',(36.7,93.,196.35));
#8700 = CARTESIAN_POINT('',(36.7,81.,196.35));
#8701 = ORIENTED_EDGE('',*,*,#8702,.T.);
#8702 = EDGE_CURVE('',#8694,#8660,#8703,.T.);
#8703 = B_SPLINE_CURVE_WITH_KNOTS('',1,(#8704,#8705),.UNSPECIFIED.,.F.,
  .F.,(2,2),(0.,2.5),.PIECEWISE_BEZIER_KNOTS.);
#8704 = CARTESIAN_POINT('',(36.7,93.,196.35));
#8705 = CARTESIAN_POINT('',(34.2,93.,196.35));
#8706 = ORIENTED_EDGE('',*,*,#8680,.T.);
#8707 = ORIENTED_EDGE('',*,*,#8708,.F.);
#8708 = EDGE_CURVE('',#8696,#8674,#8709,.T.);
#8709 = B_SPLINE_CURVE_WITH_KNOTS('',1,(#8710,#8711),.UNSPECIFIED.,.F.,
  .F.,(2,2),(0.,2.5),.PIECEWISE_BEZIER_KNOTS.);
#8710 = CARTESIAN_POINT('',(36.7,81.,196.35));
#8711 = CARTESIAN_POINT('',(34.2,81.,196.35));
#8712 = B_SPLINE_SURFACE_WITH_KNOTS('',1,1,(
    (#8713,#8714)
    ,(#8715,#8716
    )),.UNSPECIFIED.,.F.,.F.,.F.,(2,2),(2,2),(0.,2.5),(0.,12.),
  .PIECEWISE_BEZIER_KNOTS.);
#8713 = CARTESIAN_POINT('',(36.7,93.,196.35));
#8714 = CARTESIAN_POINT('',(36.7,81.,196.35));
#8715 = CARTESIAN_POINT('',(34.2,93.,196.35));
#8716 = CARTESIAN_POINT('',(34.2,81.,196.35));
#8717 = ADVANCED_FACE('',(#8718),#8740,.F.);
#8718 = FACE_BOUND('',#8719,.F.);
#8719 = EDGE_LOOP('',(#8720,#8727,#8734,#8739));
#8720 = ORIENTED_EDGE('',*,*,#8721,.F.);
#8721 = EDGE_CURVE('',#8722,#8694,#8724,.T.);
#8722 = VERTEX_POINT('',#8723);
#8723 = CARTESIAN_POINT('',(36.7,93.,191.5));
#8724 = B_SPLINE_CURVE_WITH_KNOTS('',1,(#8725,#8726),.UNSPECIFIED.,.F.,
  .F.,(2,2),(27.65,32.5),.PIECEWISE_BEZIER_KNOTS.);
#8725 = CARTESIAN_POINT('',(36.7,93.,191.5));
#8726 = CARTESIAN_POINT('',(36.7,93.,196.35));
#8727 = ORIENTED_EDGE('',*,*,#8728,.T.);
#8728 = EDGE_CURVE('',#8722,#8729,#8731,.T.);
#8729 = VERTEX_POINT('',#8730);
#8730 = CARTESIAN_POINT('',(36.7,81.,191.5));
#8731 = B_SPLINE_CURVE_WITH_KNOTS('',1,(#8732,#8733),.UNSPECIFIED.,.F.,
  .F.,(2,2),(0.,12.),.PIECEWISE_BEZIER_KNOTS.);
#8732 = CARTESIAN_POINT('',(36.7,93.,191.5));
#8733 = CARTESIAN_POINT('',(36.7,81.,191.5));
#8734 = ORIENTED_EDGE('',*,*,#8735,.T.);
#8735 = EDGE_CURVE('',#8729,#8696,#8736,.T.);
#8736 = B_SPLINE_CURVE_WITH_KNOTS('',1,(#8737,#8738),.UNSPECIFIED.,.F.,
  .F.,(2,2),(27.65,32.5),.PIECEWISE_BEZIER_KNOTS.);
#8737 = CARTESIAN_POINT('',(36.7,81.,191.5));
#8738 = CARTESIAN_POINT('',(36.7,81.,196.35));
#8739 = ORIENTED_EDGE('',*,*,#8693,.F.);
#8740 = B_SPLINE_SURFACE_WITH_KNOTS('',1,1,(
    (#8741,#8742)
    ,(#8743,#8744
    )),.UNSPECIFIED.,.F.,.F.,.F.,(2,2),(2,2),(0.,12.),(27.65,32.5),
  .PIECEWISE_BEZIER_KNOTS.);
#8741 = CARTESIAN_POINT('',(36.7,93.,191.5));
#8742 = CARTESIAN_POINT('',(36.7,93.,196.35));
#8743 = CARTESIAN_POINT('',(36.7,81.,191.5));
#8744 = CARTESIAN_POINT('',(36.7,81.,196.35));
#8745 = ADVANCED_FACE('',(#8746),#8768,.T.);
#8746 = FACE_BOUND('',#8747,.T.);
#8747 = EDGE_LOOP('',(#8748,#8757,#8762,#8763));
#8748 = ORIENTED_EDGE('',*,*,#8749,.F.);
#8749 = EDGE_CURVE('',#8750,#8752,#8754,.T.);
#8750 = VERTEX_POINT('',#8751);
#8751 = CARTESIAN_POINT('',(53.7,93.,191.5));
#8752 = VERTEX_POINT('',#8753);
#8753 = CARTESIAN_POINT('',(53.7,81.,191.5));
#8754 = B_SPLINE_CURVE_WITH_KNOTS('',1,(#8755,#8756),.UNSPECIFIED.,.F.,
  .F.,(2,2),(0.,12.),.PIECEWISE_BEZIER_KNOTS.);
#8755 = CARTESIAN_POINT('',(53.7,93.,191.5));
#8756 = CARTESIAN_POINT('',(53.7,81.,191.5));
#8757 = ORIENTED_EDGE('',*,*,#8758,.T.);
#8758 = EDGE_CURVE('',#8750,#8722,#8759,.T.);
#8759 = B_SPLINE_CURVE_WITH_KNOTS('',1,(#8760,#8761),.UNSPECIFIED.,.F.,
  .F.,(2,2),(0.,17.),.PIECEWISE_BEZIER_KNOTS.);
#8760 = CARTESIAN_POINT('',(53.7,93.,191.5));
#8761 = CARTESIAN_POINT('',(36.7,93.,191.5));
#8762 = ORIENTED_EDGE('',*,*,#8728,.T.);
#8763 = ORIENTED_EDGE('',*,*,#8764,.F.);
#8764 = EDGE_CURVE('',#8752,#8729,#8765,.T.);
#8765 = B_SPLINE_CURVE_WITH_KNOTS('',1,(#8766,#8767),.UNSPECIFIED.,.F.,
  .F.,(2,2),(0.,17.),.PIECEWISE_BEZIER_KNOTS.);
#8766 = CARTESIAN_POINT('',(53.7,81.,191.5));
#8767 = CARTESIAN_POINT('',(36.7,81.,191.5));
#8768 = B_SPLINE_SURFACE_WITH_KNOTS('',1,1,(
    (#8769,#8770)
    ,(#8771,#8772
    )),.UNSPECIFIED.,.F.,.F.,.F.,(2,2),(2,2),(0.,17.),(0.,12.),
  .PIECEWISE_BEZIER_KNOTS.);
#8769 = CARTESIAN_POINT('',(53.7,93.,191.5));
#8770 = CARTESIAN_POINT('',(53.7,81.,191.5));
#8771 = CARTESIAN_POINT('',(36.7,93.,191.5));
#8772 = CARTESIAN_POINT('',(36.7,81.,191.5));
#8773 = ADVANCED_FACE('',(#8774),#8796,.F.);
#8774 = FACE_BOUND('',#8775,.F.);
#8775 = EDGE_LOOP('',(#8776,#8783,#8790,#8795));
#8776 = ORIENTED_EDGE('',*,*,#8777,.F.);
#8777 = EDGE_CURVE('',#8778,#8750,#8780,.T.);
#8778 = VERTEX_POINT('',#8779);
#8779 = CARTESIAN_POINT('',(53.7,93.,168.7));
#8780 = B_SPLINE_CURVE_WITH_KNOTS('',1,(#8781,#8782),.UNSPECIFIED.,.F.,
  .F.,(2,2),(0.,22.8),.PIECEWISE_BEZIER_KNOTS.);
#8781 = CARTESIAN_POINT('',(53.7,93.,168.7));
#8782 = CARTESIAN_POINT('',(53.7,93.,191.5));
#8783 = ORIENTED_EDGE('',*,*,#8784,.T.);
#8784 = EDGE_CURVE('',#8778,#8785,#8787,.T.);
#8785 = VERTEX_POINT('',#8786);
#8786 = CARTESIAN_POINT('',(53.7,81.,168.7));
#8787 = B_SPLINE_CURVE_WITH_KNOTS('',1,(#8788,#8789),.UNSPECIFIED.,.F.,
  .F.,(2,2),(0.,12.),.PIECEWISE_BEZIER_KNOTS.);
#8788 = CARTESIAN_POINT('',(53.7,93.,168.7));
#8789 = CARTESIAN_POINT('',(53.7,81.,168.7));
#8790 = ORIENTED_EDGE('',*,*,#8791,.T.);
#8791 = EDGE_CURVE('',#8785,#8752,#8792,.T.);
#8792 = B_SPLINE_CURVE_WITH_KNOTS('',1,(#8793,#8794),.UNSPECIFIED.,.F.,
  .F.,(2,2),(0.,22.8),.PIECEWISE_BEZIER_KNOTS.);
#8793 = CARTESIAN_POINT('',(53.7,81.,168.7));
#8794 = CARTESIAN_POINT('',(53.7,81.,191.5));
#8795 = ORIENTED_EDGE('',*,*,#8749,.F.);
#8796 = B_SPLINE_SURFACE_WITH_KNOTS('',1,1,(
    (#8797,#8798)
    ,(#8799,#8800
    )),.UNSPECIFIED.,.F.,.F.,.F.,(2,2),(2,2),(0.,12.),(0.,22.8),
  .PIECEWISE_BEZIER_KNOTS.);
#8797 = CARTESIAN_POINT('',(53.7,93.,168.7));
#8798 = CARTESIAN_POINT('',(53.7,93.,191.5));
#8799 = CARTESIAN_POINT('',(53.7,81.,168.7));
#8800 = CARTESIAN_POINT('',(53.7,81.,191.5));
#8801 = ADVANCED_FACE('',(#8802),#8824,.F.);
#8802 = FACE_BOUND('',#8803,.F.);
#8803 = EDGE_LOOP('',(#8804,#8805,#8812,#8819));
#8804 = ORIENTED_EDGE('',*,*,#8784,.F.);
#8805 = ORIENTED_EDGE('',*,*,#8806,.T.);
#8806 = EDGE_CURVE('',#8778,#8807,#8809,.T.);
#8807 = VERTEX_POINT('',#8808);
#8808 = CARTESIAN_POINT('',(36.7,93.,168.7));
#8809 = B_SPLINE_CURVE_WITH_KNOTS('',1,(#8810,#8811),.UNSPECIFIED.,.F.,
  .F.,(2,2),(0.,17.),.PIECEWISE_BEZIER_KNOTS.);
#8810 = CARTESIAN_POINT('',(53.7,93.,168.7));
#8811 = CARTESIAN_POINT('',(36.7,93.,168.7));
#8812 = ORIENTED_EDGE('',*,*,#8813,.T.);
#8813 = EDGE_CURVE('',#8807,#8814,#8816,.T.);
#8814 = VERTEX_POINT('',#8815);
#8815 = CARTESIAN_POINT('',(36.7,81.,168.7));
#8816 = B_SPLINE_CURVE_WITH_KNOTS('',1,(#8817,#8818),.UNSPECIFIED.,.F.,
  .F.,(2,2),(0.,12.),.PIECEWISE_BEZIER_KNOTS.);
#8817 = CARTESIAN_POINT('',(36.7,93.,168.7));
#8818 = CARTESIAN_POINT('',(36.7,81.,168.7));
#8819 = ORIENTED_EDGE('',*,*,#8820,.F.);
#8820 = EDGE_CURVE('',#8785,#8814,#8821,.T.);
#8821 = B_SPLINE_CURVE_WITH_KNOTS('',1,(#8822,#8823),.UNSPECIFIED.,.F.,
  .F.,(2,2),(0.,17.),.PIECEWISE_BEZIER_KNOTS.);
#8822 = CARTESIAN_POINT('',(53.7,81.,168.7));
#8823 = CARTESIAN_POINT('',(36.7,81.,168.7));
#8824 = B_SPLINE_SURFACE_WITH_KNOTS('',1,1,(
    (#8825,#8826)
    ,(#8827,#8828
    )),.UNSPECIFIED.,.F.,.F.,.F.,(2,2),(2,2),(0.,17.),(0.,12.),
  .PIECEWISE_BEZIER_KNOTS.);
#8825 = CARTESIAN_POINT('',(53.7,93.,168.7));
#8826 = CARTESIAN_POINT('',(53.7,81.,168.7));
#8827 = CARTESIAN_POINT('',(36.7,93.,168.7));
#8828 = CARTESIAN_POINT('',(36.7,81.,168.7));
#8829 = ADVANCED_FACE('',(#8830),#8852,.F.);
#8830 = FACE_BOUND('',#8831,.F.);
#8831 = EDGE_LOOP('',(#8832,#8839,#8846,#8851));
#8832 = ORIENTED_EDGE('',*,*,#8833,.F.);
#8833 = EDGE_CURVE('',#8834,#8807,#8836,.T.);
#8834 = VERTEX_POINT('',#8835);
#8835 = CARTESIAN_POINT('',(36.7,93.,163.85));
#8836 = B_SPLINE_CURVE_WITH_KNOTS('',1,(#8837,#8838),.UNSPECIFIED.,.F.,
  .F.,(2,2),(0.,4.85),.PIECEWISE_BEZIER_KNOTS.);
#8837 = CARTESIAN_POINT('',(36.7,93.,163.85));
#8838 = CARTESIAN_POINT('',(36.7,93.,168.7));
#8839 = ORIENTED_EDGE('',*,*,#8840,.T.);
#8840 = EDGE_CURVE('',#8834,#8841,#8843,.T.);
#8841 = VERTEX_POINT('',#8842);
#8842 = CARTESIAN_POINT('',(36.7,81.,163.85));
#8843 = B_SPLINE_CURVE_WITH_KNOTS('',1,(#8844,#8845),.UNSPECIFIED.,.F.,
  .F.,(2,2),(0.,12.),.PIECEWISE_BEZIER_KNOTS.);
#8844 = CARTESIAN_POINT('',(36.7,93.,163.85));
#8845 = CARTESIAN_POINT('',(36.7,81.,163.85));
#8846 = ORIENTED_EDGE('',*,*,#8847,.T.);
#8847 = EDGE_CURVE('',#8841,#8814,#8848,.T.);
#8848 = B_SPLINE_CURVE_WITH_KNOTS('',1,(#8849,#8850),.UNSPECIFIED.,.F.,
  .F.,(2,2),(0.,4.85),.PIECEWISE_BEZIER_KNOTS.);
#8849 = CARTESIAN_POINT('',(36.7,81.,163.85));
#8850 = CARTESIAN_POINT('',(36.7,81.,168.7));
#8851 = ORIENTED_EDGE('',*,*,#8813,.F.);
#8852 = B_SPLINE_SURFACE_WITH_KNOTS('',1,1,(
    (#8853,#8854)
    ,(#8855,#8856
    )),.UNSPECIFIED.,.F.,.F.,.F.,(2,2),(2,2),(0.,12.),(0.,4.85),
  .PIECEWISE_BEZIER_KNOTS.);
#8853 = CARTESIAN_POINT('',(36.7,93.,163.85));
#8854 = CARTESIAN_POINT('',(36.7,93.,168.7));
#8855 = CARTESIAN_POINT('',(36.7,81.,163.85));
#8856 = CARTESIAN_POINT('',(36.7,81.,168.7));
#8857 = ADVANCED_FACE('',(#8858),#8880,.F.);
#8858 = FACE_BOUND('',#8859,.F.);
#8859 = EDGE_LOOP('',(#8860,#8861,#8868,#8875));
#8860 = ORIENTED_EDGE('',*,*,#8840,.F.);
#8861 = ORIENTED_EDGE('',*,*,#8862,.T.);
#8862 = EDGE_CURVE('',#8834,#8863,#8865,.T.);
#8863 = VERTEX_POINT('',#8864);
#8864 = CARTESIAN_POINT('',(34.2,93.,163.85));
#8865 = B_SPLINE_CURVE_WITH_KNOTS('',1,(#8866,#8867),.UNSPECIFIED.,.F.,
  .F.,(2,2),(0.,2.5),.PIECEWISE_BEZIER_KNOTS.);
#8866 = CARTESIAN_POINT('',(36.7,93.,163.85));
#8867 = CARTESIAN_POINT('',(34.2,93.,163.85));
#8868 = ORIENTED_EDGE('',*,*,#8869,.T.);
#8869 = EDGE_CURVE('',#8863,#8870,#8872,.T.);
#8870 = VERTEX_POINT('',#8871);
#8871 = CARTESIAN_POINT('',(34.2,81.,163.85));
#8872 = B_SPLINE_CURVE_WITH_KNOTS('',1,(#8873,#8874),.UNSPECIFIED.,.F.,
  .F.,(2,2),(0.,12.),.PIECEWISE_BEZIER_KNOTS.);
#8873 = CARTESIAN_POINT('',(34.2,93.,163.85));
#8874 = CARTESIAN_POINT('',(34.2,81.,163.85));
#8875 = ORIENTED_EDGE('',*,*,#8876,.F.);
#8876 = EDGE_CURVE('',#8841,#8870,#8877,.T.);
#8877 = B_SPLINE_CURVE_WITH_KNOTS('',1,(#8878,#8879),.UNSPECIFIED.,.F.,
  .F.,(2,2),(0.,2.5),.PIECEWISE_BEZIER_KNOTS.);
#8878 = CARTESIAN_POINT('',(36.7,81.,163.85));
#8879 = CARTESIAN_POINT('',(34.2,81.,163.85));
#8880 = B_SPLINE_SURFACE_WITH_KNOTS('',1,1,(
    (#8881,#8882)
    ,(#8883,#8884
    )),.UNSPECIFIED.,.F.,.F.,.F.,(2,2),(2,2),(0.,2.5),(0.,12.),
  .PIECEWISE_BEZIER_KNOTS.);
#8881 = CARTESIAN_POINT('',(36.7,93.,163.85));
#8882 = CARTESIAN_POINT('',(36.7,81.,163.85));
#8883 = CARTESIAN_POINT('',(34.2,93.,163.85));
#8884 = CARTESIAN_POINT('',(34.2,81.,163.85));
#8885 = ADVANCED_FACE('',(#8886),#8908,.T.);
#8886 = FACE_BOUND('',#8887,.T.);
#8887 = EDGE_LOOP('',(#8888,#8895,#8896,#8903));
#8888 = ORIENTED_EDGE('',*,*,#8889,.F.);
#8889 = EDGE_CURVE('',#8863,#8890,#8892,.T.);
#8890 = VERTEX_POINT('',#8891);
#8891 = CARTESIAN_POINT('',(34.2,93.,168.7));
#8892 = B_SPLINE_CURVE_WITH_KNOTS('',1,(#8893,#8894),.UNSPECIFIED.,.F.,
  .F.,(2,2),(0.,4.85),.PIECEWISE_BEZIER_KNOTS.);
#8893 = CARTESIAN_POINT('',(34.2,93.,163.85));
#8894 = CARTESIAN_POINT('',(34.2,93.,168.7));
#8895 = ORIENTED_EDGE('',*,*,#8869,.T.);
#8896 = ORIENTED_EDGE('',*,*,#8897,.T.);
#8897 = EDGE_CURVE('',#8870,#8898,#8900,.T.);
#8898 = VERTEX_POINT('',#8899);
#8899 = CARTESIAN_POINT('',(34.2,81.,168.7));
#8900 = B_SPLINE_CURVE_WITH_KNOTS('',1,(#8901,#8902),.UNSPECIFIED.,.F.,
  .F.,(2,2),(0.,4.85),.PIECEWISE_BEZIER_KNOTS.);
#8901 = CARTESIAN_POINT('',(34.2,81.,163.85));
#8902 = CARTESIAN_POINT('',(34.2,81.,168.7));
#8903 = ORIENTED_EDGE('',*,*,#8904,.F.);
#8904 = EDGE_CURVE('',#8890,#8898,#8905,.T.);
#8905 = B_SPLINE_CURVE_WITH_KNOTS('',1,(#8906,#8907),.UNSPECIFIED.,.F.,
  .F.,(2,2),(0.,12.),.PIECEWISE_BEZIER_KNOTS.);
#8906 = CARTESIAN_POINT('',(34.2,93.,168.7));
#8907 = CARTESIAN_POINT('',(34.2,81.,168.7));
#8908 = B_SPLINE_SURFACE_WITH_KNOTS('',1,1,(
    (#8909,#8910)
    ,(#8911,#8912
    )),.UNSPECIFIED.,.F.,.F.,.F.,(2,2),(2,2),(0.,12.),(0.,4.85),
  .PIECEWISE_BEZIER_KNOTS.);
#8909 = CARTESIAN_POINT('',(34.2,93.,163.85));
#8910 = CARTESIAN_POINT('',(34.2,93.,168.7));
#8911 = CARTESIAN_POINT('',(34.2,81.,163.85));
#8912 = CARTESIAN_POINT('',(34.2,81.,168.7));
#8913 = ADVANCED_FACE('',(#8914),#8936,.F.);
#8914 = FACE_BOUND('',#8915,.F.);
#8915 = EDGE_LOOP('',(#8916,#8917,#8924,#8931));
#8916 = ORIENTED_EDGE('',*,*,#8904,.F.);
#8917 = ORIENTED_EDGE('',*,*,#8918,.T.);
#8918 = EDGE_CURVE('',#8890,#8919,#8921,.T.);
#8919 = VERTEX_POINT('',#8920);
#8920 = CARTESIAN_POINT('',(26.2,93.,168.7));
#8921 = B_SPLINE_CURVE_WITH_KNOTS('',1,(#8922,#8923),.UNSPECIFIED.,.F.,
  .F.,(2,2),(0.,8.),.PIECEWISE_BEZIER_KNOTS.);
#8922 = CARTESIAN_POINT('',(34.2,93.,168.7));
#8923 = CARTESIAN_POINT('',(26.2,93.,168.7));
#8924 = ORIENTED_EDGE('',*,*,#8925,.T.);
#8925 = EDGE_CURVE('',#8919,#8926,#8928,.T.);
#8926 = VERTEX_POINT('',#8927);
#8927 = CARTESIAN_POINT('',(26.2,81.,168.7));
#8928 = B_SPLINE_CURVE_WITH_KNOTS('',1,(#8929,#8930),.UNSPECIFIED.,.F.,
  .F.,(2,2),(0.,12.),.PIECEWISE_BEZIER_KNOTS.);
#8929 = CARTESIAN_POINT('',(26.2,93.,168.7));
#8930 = CARTESIAN_POINT('',(26.2,81.,168.7));
#8931 = ORIENTED_EDGE('',*,*,#8932,.F.);
#8932 = EDGE_CURVE('',#8898,#8926,#8933,.T.);
#8933 = B_SPLINE_CURVE_WITH_KNOTS('',1,(#8934,#8935),.UNSPECIFIED.,.F.,
  .F.,(2,2),(0.,8.),.PIECEWISE_BEZIER_KNOTS.);
#8934 = CARTESIAN_POINT('',(34.2,81.,168.7));
#8935 = CARTESIAN_POINT('',(26.2,81.,168.7));
#8936 = B_SPLINE_SURFACE_WITH_KNOTS('',1,1,(
    (#8937,#8938)
    ,(#8939,#8940
    )),.UNSPECIFIED.,.F.,.F.,.F.,(2,2),(2,2),(0.,8.),(0.,12.),
  .PIECEWISE_BEZIER_KNOTS.);
#8937 = CARTESIAN_POINT('',(34.2,93.,168.7));
#8938 = CARTESIAN_POINT('',(34.2,81.,168.7));
#8939 = CARTESIAN_POINT('',(26.2,93.,168.7));
#8940 = CARTESIAN_POINT('',(26.2,81.,168.7));
#8941 = ADVANCED_FACE('',(#8942,#8964),#8978,.T.);
#8942 = FACE_BOUND('',#8943,.T.);
#8943 = EDGE_LOOP('',(#8944,#8951,#8952,#8959));
#8944 = ORIENTED_EDGE('',*,*,#8945,.F.);
#8945 = EDGE_CURVE('',#8919,#8946,#8948,.T.);
#8946 = VERTEX_POINT('',#8947);
#8947 = CARTESIAN_POINT('',(26.2,93.,191.5));
#8948 = B_SPLINE_CURVE_WITH_KNOTS('',1,(#8949,#8950),.UNSPECIFIED.,.F.,
  .F.,(2,2),(0.,22.8),.PIECEWISE_BEZIER_KNOTS.);
#8949 = CARTESIAN_POINT('',(26.2,93.,168.7));
#8950 = CARTESIAN_POINT('',(26.2,93.,191.5));
#8951 = ORIENTED_EDGE('',*,*,#8925,.T.);
#8952 = ORIENTED_EDGE('',*,*,#8953,.T.);
#8953 = EDGE_CURVE('',#8926,#8954,#8956,.T.);
#8954 = VERTEX_POINT('',#8955);
#8955 = CARTESIAN_POINT('',(26.2,81.,191.5));
#8956 = B_SPLINE_CURVE_WITH_KNOTS('',1,(#8957,#8958),.UNSPECIFIED.,.F.,
  .F.,(2,2),(0.,22.8),.PIECEWISE_BEZIER_KNOTS.);
#8957 = CARTESIAN_POINT('',(26.2,81.,168.7));
#8958 = CARTESIAN_POINT('',(26.2,81.,191.5));
#8959 = ORIENTED_EDGE('',*,*,#8960,.F.);
#8960 = EDGE_CURVE('',#8946,#8954,#8961,.T.);
#8961 = B_SPLINE_CURVE_WITH_KNOTS('',1,(#8962,#8963),.UNSPECIFIED.,.F.,
  .F.,(2,2),(0.,12.),.PIECEWISE_BEZIER_KNOTS.);
#8962 = CARTESIAN_POINT('',(26.2,93.,191.5));
#8963 = CARTESIAN_POINT('',(26.2,81.,191.5));
#8964 = FACE_BOUND('',#8965,.T.);
#8965 = EDGE_LOOP('',(#8966));
#8966 = ORIENTED_EDGE('',*,*,#8967,.F.);
#8967 = EDGE_CURVE('',#8968,#8968,#8970,.T.);
#8968 = VERTEX_POINT('',#8969);
#8969 = CARTESIAN_POINT('',(26.2,84.,177.));
#8970 = ( BOUNDED_CURVE() B_SPLINE_CURVE(2,(#8971,#8972,#8973,#8974,
#8975,#8976,#8977),.UNSPECIFIED.,.T.,.F.) B_SPLINE_CURVE_WITH_KNOTS((1,2
    ,2,2,2,1),(-2.094395102393,0.,2.094395102393,4.188790204786,
6.28318530718,8.377580409573),.UNSPECIFIED.) CURVE() 
GEOMETRIC_REPRESENTATION_ITEM() RATIONAL_B_SPLINE_CURVE((1.,0.5,1.,0.5,
1.,0.5,1.)) REPRESENTATION_ITEM('') );
#8971 = CARTESIAN_POINT('',(26.2,84.,177.));
#8972 = CARTESIAN_POINT('',(26.2,84.,182.1961524227));
#8973 = CARTESIAN_POINT('',(26.2,88.5,179.59807621135));
#8974 = CARTESIAN_POINT('',(26.2,93.,177.));
#8975 = CARTESIAN_POINT('',(26.2,88.5,174.40192378864));
#8976 = CARTESIAN_POINT('',(26.2,84.,171.80384757729));
#8977 = CARTESIAN_POINT('',(26.2,84.,177.));
#8978 = B_SPLINE_SURFACE_WITH_KNOTS('',1,1,(
    (#8979,#8980)
    ,(#8981,#8982
    )),.UNSPECIFIED.,.F.,.F.,.F.,(2,2),(2,2),(0.,12.),(0.,22.8),
  .PIECEWISE_BEZIER_KNOTS.);
#8979 = CARTESIAN_POINT('',(26.2,93.,168.7));
#8980 = CARTESIAN_POINT('',(26.2,93.,191.5));
#8981 = CARTESIAN_POINT('',(26.2,81.,168.7));
#8982 = CARTESIAN_POINT('',(26.2,81.,191.5));
#8983 = ADVANCED_FACE('',(#8984),#8998,.T.);
#8984 = FACE_BOUND('',#8985,.T.);
#8985 = EDGE_LOOP('',(#8986,#8987,#8992,#8993));
#8986 = ORIENTED_EDGE('',*,*,#8666,.F.);
#8987 = ORIENTED_EDGE('',*,*,#8988,.T.);
#8988 = EDGE_CURVE('',#8658,#8946,#8989,.T.);
#8989 = B_SPLINE_CURVE_WITH_KNOTS('',1,(#8990,#8991),.UNSPECIFIED.,.F.,
  .F.,(2,2),(0.,8.),.PIECEWISE_BEZIER_KNOTS.);
#8990 = CARTESIAN_POINT('',(34.2,93.,191.5));
#8991 = CARTESIAN_POINT('',(26.2,93.,191.5));
#8992 = ORIENTED_EDGE('',*,*,#8960,.T.);
#8993 = ORIENTED_EDGE('',*,*,#8994,.F.);
#8994 = EDGE_CURVE('',#8667,#8954,#8995,.T.);
#8995 = B_SPLINE_CURVE_WITH_KNOTS('',1,(#8996,#8997),.UNSPECIFIED.,.F.,
  .F.,(2,2),(0.,8.),.PIECEWISE_BEZIER_KNOTS.);
#8996 = CARTESIAN_POINT('',(34.2,81.,191.5));
#8997 = CARTESIAN_POINT('',(26.2,81.,191.5));
#8998 = B_SPLINE_SURFACE_WITH_KNOTS('',1,1,(
    (#8999,#9000)
    ,(#9001,#9002
    )),.UNSPECIFIED.,.F.,.F.,.F.,(2,2),(2,2),(0.,8.),(0.,12.),
  .PIECEWISE_BEZIER_KNOTS.);
#8999 = CARTESIAN_POINT('',(34.2,93.,191.5));
#9000 = CARTESIAN_POINT('',(34.2,81.,191.5));
#9001 = CARTESIAN_POINT('',(26.2,93.,191.5));
#9002 = CARTESIAN_POINT('',(26.2,81.,191.5));
#9003 = ADVANCED_FACE('',(#9004),#9025,.T.);
#9004 = FACE_BOUND('',#9005,.T.);
#9005 = EDGE_LOOP('',(#9006,#9018,#9023,#9024));
#9006 = ORIENTED_EDGE('',*,*,#9007,.F.);
#9007 = EDGE_CURVE('',#9008,#9008,#9010,.T.);
#9008 = VERTEX_POINT('',#9009);
#9009 = CARTESIAN_POINT('',(23.5,84.,177.));
#9010 = ( BOUNDED_CURVE() B_SPLINE_CURVE(2,(#9011,#9012,#9013,#9014,
#9015,#9016,#9017),.UNSPECIFIED.,.T.,.F.) B_SPLINE_CURVE_WITH_KNOTS((1,2
    ,2,2,2,1),(-2.094395102393,0.,2.094395102393,4.188790204786,
6.28318530718,8.377580409573),.UNSPECIFIED.) CURVE() 
GEOMETRIC_REPRESENTATION_ITEM() RATIONAL_B_SPLINE_CURVE((1.,0.5,1.,0.5,
1.,0.5,1.)) REPRESENTATION_ITEM('') );
#9011 = CARTESIAN_POINT('',(23.5,84.,177.));
#9012 = CARTESIAN_POINT('',(23.5,84.,182.1961524227));
#9013 = CARTESIAN_POINT('',(23.5,88.5,179.59807621135));
#9014 = CARTESIAN_POINT('',(23.5,93.,177.));
#9015 = CARTESIAN_POINT('',(23.5,88.5,174.40192378864));
#9016 = CARTESIAN_POINT('',(23.5,84.,171.80384757729));
#9017 = CARTESIAN_POINT('',(23.5,84.,177.));
#9018 = ORIENTED_EDGE('',*,*,#9019,.F.);
#9019 = EDGE_CURVE('',#8968,#9008,#9020,.T.);
#9020 = B_SPLINE_CURVE_WITH_KNOTS('',1,(#9021,#9022),.UNSPECIFIED.,.F.,
  .F.,(2,2),(0.,2.7),.PIECEWISE_BEZIER_KNOTS.);
#9021 = CARTESIAN_POINT('',(26.2,84.,177.));
#9022 = CARTESIAN_POINT('',(23.5,84.,177.));
#9023 = ORIENTED_EDGE('',*,*,#8967,.T.);
#9024 = ORIENTED_EDGE('',*,*,#9019,.T.);
#9025 = ( BOUNDED_SURFACE() B_SPLINE_SURFACE(2,1,(
    (#9026,#9027)
    ,(#9028,#9029)
    ,(#9030,#9031)
    ,(#9032,#9033)
    ,(#9034,#9035)
    ,(#9036,#9037)
    ,(#9038,#9039
)),.UNSPECIFIED.,.T.,.F.,.F.) B_SPLINE_SURFACE_WITH_KNOTS((1,2,2,2,2,1),
  (2,2),(-2.094395102393,0.,2.094395102393,4.188790204786,6.28318530718,
    8.377580409573),(0.,2.7),.UNSPECIFIED.) 
GEOMETRIC_REPRESENTATION_ITEM() RATIONAL_B_SPLINE_SURFACE((
    (1.,1.)
    ,(0.5,0.5)
    ,(1.,1.)
    ,(0.5,0.5)
    ,(1.,1.)
    ,(0.5,0.5)
,(1.,1.))) REPRESENTATION_ITEM('') SURFACE() );
#9026 = CARTESIAN_POINT('',(26.2,84.,177.));
#9027 = CARTESIAN_POINT('',(23.5,84.,177.));
#9028 = CARTESIAN_POINT('',(26.2,84.,182.1961524227));
#9029 = CARTESIAN_POINT('',(23.5,84.,182.1961524227));
#9030 = CARTESIAN_POINT('',(26.2,88.5,179.59807621135));
#9031 = CARTESIAN_POINT('',(23.5,88.5,179.59807621135));
#9032 = CARTESIAN_POINT('',(26.2,93.,177.));
#9033 = CARTESIAN_POINT('',(23.5,93.,177.));
#9034 = CARTESIAN_POINT('',(26.2,88.5,174.40192378864));
#9035 = CARTESIAN_POINT('',(23.5,88.5,174.40192378864));
#9036 = CARTESIAN_POINT('',(26.2,84.,171.80384757729));
#9037 = CARTESIAN_POINT('',(23.5,84.,171.80384757729));
#9038 = CARTESIAN_POINT('',(26.2,84.,177.));
#9039 = CARTESIAN_POINT('',(23.5,84.,177.));
#9040 = ADVANCED_FACE('',(#9041),#9044,.T.);
#9041 = FACE_BOUND('',#9042,.T.);
#9042 = EDGE_LOOP('',(#9043));
#9043 = ORIENTED_EDGE('',*,*,#9007,.T.);
#9044 = B_SPLINE_SURFACE_WITH_KNOTS('',1,1,(
    (#9045,#9046)
    ,(#9047,#9048
    )),.UNSPECIFIED.,.F.,.F.,.F.,(2,2),(2,2),(-3.,3.),(-3.,3.),
  .PIECEWISE_BEZIER_KNOTS.);
#9045 = CARTESIAN_POINT('',(23.5,90.,174.));
#9046 = CARTESIAN_POINT('',(23.5,90.,180.));
#9047 = CARTESIAN_POINT('',(23.5,84.,174.));
#9048 = CARTESIAN_POINT('',(23.5,84.,180.));
#9049 = ADVANCED_FACE('',(#9050),#9064,.T.);
#9050 = FACE_BOUND('',#9051,.T.);
#9051 = EDGE_LOOP('',(#9052,#9053,#9054,#9055,#9056,#9057,#9058,#9059,
    #9060,#9061,#9062,#9063));
#9052 = ORIENTED_EDGE('',*,*,#8806,.T.);
#9053 = ORIENTED_EDGE('',*,*,#8833,.F.);
#9054 = ORIENTED_EDGE('',*,*,#8862,.T.);
#9055 = ORIENTED_EDGE('',*,*,#8889,.T.);
#9056 = ORIENTED_EDGE('',*,*,#8918,.T.);
#9057 = ORIENTED_EDGE('',*,*,#8945,.T.);
#9058 = ORIENTED_EDGE('',*,*,#8988,.F.);
#9059 = ORIENTED_EDGE('',*,*,#8657,.T.);
#9060 = ORIENTED_EDGE('',*,*,#8702,.F.);
#9061 = ORIENTED_EDGE('',*,*,#8721,.F.);
#9062 = ORIENTED_EDGE('',*,*,#8758,.F.);
#9063 = ORIENTED_EDGE('',*,*,#8777,.F.);
#9064 = B_SPLINE_SURFACE_WITH_KNOTS('',1,1,(
    (#9065,#9066)
    ,(#9067,#9068
    )),.UNSPECIFIED.,.F.,.F.,.F.,(2,2),(2,2),(-13.0225,14.4775),(-16.25,
    16.25),.PIECEWISE_BEZIER_KNOTS.);
#9065 = CARTESIAN_POINT('',(26.2,93.,196.35));
#9066 = CARTESIAN_POINT('',(26.2,93.,163.85));
#9067 = CARTESIAN_POINT('',(53.7,93.,196.35));
#9068 = CARTESIAN_POINT('',(53.7,93.,163.85));
#9069 = ADVANCED_FACE('',(#9070),#9084,.T.);
#9070 = FACE_BOUND('',#9071,.T.);
#9071 = EDGE_LOOP('',(#9072,#9073,#9074,#9075,#9076,#9077,#9078,#9079,
    #9080,#9081,#9082,#9083));
#9072 = ORIENTED_EDGE('',*,*,#8820,.F.);
#9073 = ORIENTED_EDGE('',*,*,#8791,.T.);
#9074 = ORIENTED_EDGE('',*,*,#8764,.T.);
#9075 = ORIENTED_EDGE('',*,*,#8735,.T.);
#9076 = ORIENTED_EDGE('',*,*,#8708,.T.);
#9077 = ORIENTED_EDGE('',*,*,#8673,.F.);
#9078 = ORIENTED_EDGE('',*,*,#8994,.T.);
#9079 = ORIENTED_EDGE('',*,*,#8953,.F.);
#9080 = ORIENTED_EDGE('',*,*,#8932,.F.);
#9081 = ORIENTED_EDGE('',*,*,#8897,.F.);
#9082 = ORIENTED_EDGE('',*,*,#8876,.F.);
#9083 = ORIENTED_EDGE('',*,*,#8847,.T.);
#9084 = B_SPLINE_SURFACE_WITH_KNOTS('',1,1,(
    (#9085,#9086)
    ,(#9087,#9088
    )),.UNSPECIFIED.,.F.,.F.,.F.,(2,2),(2,2),(-14.4775,13.0225),(-16.25,
    16.25),.PIECEWISE_BEZIER_KNOTS.);
#9085 = CARTESIAN_POINT('',(53.7,81.,196.35));
#9086 = CARTESIAN_POINT('',(53.7,81.,163.85));
#9087 = CARTESIAN_POINT('',(26.2,81.,196.35));
#9088 = CARTESIAN_POINT('',(26.2,81.,163.85));
#9089 = MANIFOLD_SOLID_BREP('',#9090);
#9090 = CLOSED_SHELL('',(#9091,#9131,#9162,#9193,#9224,#9255,#9286,#9317
    ,#9348,#9379,#9410,#9441,#9463,#9483));
#9091 = ADVANCED_FACE('',(#9092),#9126,.T.);
#9092 = FACE_BOUND('',#9093,.T.);
#9093 = EDGE_LOOP('',(#9094,#9104,#9112,#9120));
#9094 = ORIENTED_EDGE('',*,*,#9095,.F.);
#9095 = EDGE_CURVE('',#9096,#9098,#9100,.T.);
#9096 = VERTEX_POINT('',#9097);
#9097 = CARTESIAN_POINT('',(23.5,90.,159.));
#9098 = VERTEX_POINT('',#9099);
#9099 = CARTESIAN_POINT('',(23.5,90.,174.));
#9100 = LINE('',#9101,#9102);
#9101 = CARTESIAN_POINT('',(23.5,90.,159.));
#9102 = VECTOR('',#9103,1.);
#9103 = DIRECTION('',(0.,0.,1.));
#9104 = ORIENTED_EDGE('',*,*,#9105,.F.);
#9105 = EDGE_CURVE('',#9106,#9096,#9108,.T.);
#9106 = VERTEX_POINT('',#9107);
#9107 = CARTESIAN_POINT('',(21.5,90.,159.));
#9108 = LINE('',#9109,#9110);
#9109 = CARTESIAN_POINT('',(21.5,90.,159.));
#9110 = VECTOR('',#9111,1.);
#9111 = DIRECTION('',(1.,0.,0.));
#9112 = ORIENTED_EDGE('',*,*,#9113,.T.);
#9113 = EDGE_CURVE('',#9106,#9114,#9116,.T.);
#9114 = VERTEX_POINT('',#9115);
#9115 = CARTESIAN_POINT('',(21.5,90.,174.));
#9116 = LINE('',#9117,#9118);
#9117 = CARTESIAN_POINT('',(21.5,90.,159.));
#9118 = VECTOR('',#9119,1.);
#9119 = DIRECTION('',(0.,0.,1.));
#9120 = ORIENTED_EDGE('',*,*,#9121,.T.);
#9121 = EDGE_CURVE('',#9114,#9098,#9122,.T.);
#9122 = LINE('',#9123,#9124);
#9123 = CARTESIAN_POINT('',(21.5,90.,174.));
#9124 = VECTOR('',#9125,1.);
#9125 = DIRECTION('',(1.,0.,0.));
#9126 = PLANE('',#9127);
#9127 = AXIS2_PLACEMENT_3D('',#9128,#9129,#9130);
#9128 = CARTESIAN_POINT('',(21.5,90.,159.));
#9129 = DIRECTION('',(0.,1.,0.));
#9130 = DIRECTION('',(0.,0.,1.));
#9131 = ADVANCED_FACE('',(#9132),#9157,.F.);
#9132 = FACE_BOUND('',#9133,.F.);
#9133 = EDGE_LOOP('',(#9134,#9142,#9150,#9156));
#9134 = ORIENTED_EDGE('',*,*,#9135,.F.);
#9135 = EDGE_CURVE('',#9136,#9106,#9138,.T.);
#9136 = VERTEX_POINT('',#9137);
#9137 = CARTESIAN_POINT('',(21.5,84.,159.));
#9138 = LINE('',#9139,#9140);
#9139 = CARTESIAN_POINT('',(21.5,84.,159.));
#9140 = VECTOR('',#9141,1.);
#9141 = DIRECTION('',(0.,1.,0.));
#9142 = ORIENTED_EDGE('',*,*,#9143,.T.);
#9143 = EDGE_CURVE('',#9136,#9144,#9146,.T.);
#9144 = VERTEX_POINT('',#9145);
#9145 = CARTESIAN_POINT('',(23.5,84.,159.));
#9146 = LINE('',#9147,#9148);
#9147 = CARTESIAN_POINT('',(21.5,84.,159.));
#9148 = VECTOR('',#9149,1.);
#9149 = DIRECTION('',(1.,0.,0.));
#9150 = ORIENTED_EDGE('',*,*,#9151,.T.);
#9151 = EDGE_CURVE('',#9144,#9096,#9152,.T.);
#9152 = LINE('',#9153,#9154);
#9153 = CARTESIAN_POINT('',(23.5,84.,159.));
#9154 = VECTOR('',#9155,1.);
#9155 = DIRECTION('',(0.,1.,0.));
#9156 = ORIENTED_EDGE('',*,*,#9105,.F.);
#9157 = PLANE('',#9158);
#9158 = AXIS2_PLACEMENT_3D('',#9159,#9160,#9161);
#9159 = CARTESIAN_POINT('',(21.5,84.,159.));
#9160 = DIRECTION('',(0.,0.,1.));
#9161 = DIRECTION('',(1.,0.,0.));
#9162 = ADVANCED_FACE('',(#9163),#9188,.F.);
#9163 = FACE_BOUND('',#9164,.F.);
#9164 = EDGE_LOOP('',(#9165,#9173,#9174,#9182));
#9165 = ORIENTED_EDGE('',*,*,#9166,.F.);
#9166 = EDGE_CURVE('',#9144,#9167,#9169,.T.);
#9167 = VERTEX_POINT('',#9168);
#9168 = CARTESIAN_POINT('',(23.5,84.,174.));
#9169 = LINE('',#9170,#9171);
#9170 = CARTESIAN_POINT('',(23.5,84.,159.));
#9171 = VECTOR('',#9172,1.);
#9172 = DIRECTION('',(0.,0.,1.));
#9173 = ORIENTED_EDGE('',*,*,#9143,.F.);
#9174 = ORIENTED_EDGE('',*,*,#9175,.T.);
#9175 = EDGE_CURVE('',#9136,#9176,#9178,.T.);
#9176 = VERTEX_POINT('',#9177);
#9177 = CARTESIAN_POINT('',(21.5,84.,174.));
#9178 = LINE('',#9179,#9180);
#9179 = CARTESIAN_POINT('',(21.5,84.,159.));
#9180 = VECTOR('',#9181,1.);
#9181 = DIRECTION('',(0.,0.,1.));
#9182 = ORIENTED_EDGE('',*,*,#9183,.T.);
#9183 = EDGE_CURVE('',#9176,#9167,#9184,.T.);
#9184 = LINE('',#9185,#9186);
#9185 = CARTESIAN_POINT('',(21.5,84.,174.));
#9186 = VECTOR('',#9187,1.);
#9187 = DIRECTION('',(1.,0.,0.));
#9188 = PLANE('',#9189);
#9189 = AXIS2_PLACEMENT_3D('',#9190,#9191,#9192);
#9190 = CARTESIAN_POINT('',(21.5,84.,159.));
#9191 = DIRECTION('',(0.,1.,0.));
#9192 = DIRECTION('',(0.,0.,1.));
#9193 = ADVANCED_FACE('',(#9194),#9219,.F.);
#9194 = FACE_BOUND('',#9195,.F.);
#9195 = EDGE_LOOP('',(#9196,#9204,#9212,#9218));
#9196 = ORIENTED_EDGE('',*,*,#9197,.F.);
#9197 = EDGE_CURVE('',#9198,#9176,#9200,.T.);
#9198 = VERTEX_POINT('',#9199);
#9199 = CARTESIAN_POINT('',(21.5,78.,174.));
#9200 = LINE('',#9201,#9202);
#9201 = CARTESIAN_POINT('',(21.5,78.,174.));
#9202 = VECTOR('',#9203,1.);
#9203 = DIRECTION('',(0.,1.,0.));
#9204 = ORIENTED_EDGE('',*,*,#9205,.T.);
#9205 = EDGE_CURVE('',#9198,#9206,#9208,.T.);
#9206 = VERTEX_POINT('',#9207);
#9207 = CARTESIAN_POINT('',(23.5,78.,174.));
#9208 = LINE('',#9209,#9210);
#9209 = CARTESIAN_POINT('',(21.5,78.,174.));
#9210 = VECTOR('',#9211,1.);
#9211 = DIRECTION('',(1.,0.,0.));
#9212 = ORIENTED_EDGE('',*,*,#9213,.T.);
#9213 = EDGE_CURVE('',#9206,#9167,#9214,.T.);
#9214 = LINE('',#9215,#9216);
#9215 = CARTESIAN_POINT('',(23.5,78.,174.));
#9216 = VECTOR('',#9217,1.);
#9217 = DIRECTION('',(0.,1.,0.));
#9218 = ORIENTED_EDGE('',*,*,#9183,.F.);
#9219 = PLANE('',#9220);
#9220 = AXIS2_PLACEMENT_3D('',#9221,#9222,#9223);
#9221 = CARTESIAN_POINT('',(21.5,78.,174.));
#9222 = DIRECTION('',(0.,0.,1.));
#9223 = DIRECTION('',(1.,0.,0.));
#9224 = ADVANCED_FACE('',(#9225),#9250,.F.);
#9225 = FACE_BOUND('',#9226,.F.);
#9226 = EDGE_LOOP('',(#9227,#9235,#9236,#9244));
#9227 = ORIENTED_EDGE('',*,*,#9228,.F.);
#9228 = EDGE_CURVE('',#9114,#9229,#9231,.T.);
#9229 = VERTEX_POINT('',#9230);
#9230 = CARTESIAN_POINT('',(21.5,96.,174.));
#9231 = LINE('',#9232,#9233);
#9232 = CARTESIAN_POINT('',(21.5,78.,174.));
#9233 = VECTOR('',#9234,1.);
#9234 = DIRECTION('',(0.,1.,0.));
#9235 = ORIENTED_EDGE('',*,*,#9121,.T.);
#9236 = ORIENTED_EDGE('',*,*,#9237,.T.);
#9237 = EDGE_CURVE('',#9098,#9238,#9240,.T.);
#9238 = VERTEX_POINT('',#9239);
#9239 = CARTESIAN_POINT('',(23.5,96.,174.));
#9240 = LINE('',#9241,#9242);
#9241 = CARTESIAN_POINT('',(23.5,78.,174.));
#9242 = VECTOR('',#9243,1.);
#9243 = DIRECTION('',(0.,1.,0.));
#9244 = ORIENTED_EDGE('',*,*,#9245,.F.);
#9245 = EDGE_CURVE('',#9229,#9238,#9246,.T.);
#9246 = LINE('',#9247,#9248);
#9247 = CARTESIAN_POINT('',(21.5,96.,174.));
#9248 = VECTOR('',#9249,1.);
#9249 = DIRECTION('',(1.,0.,0.));
#9250 = PLANE('',#9251);
#9251 = AXIS2_PLACEMENT_3D('',#9252,#9253,#9254);
#9252 = CARTESIAN_POINT('',(21.5,78.,174.));
#9253 = DIRECTION('',(0.,0.,1.));
#9254 = DIRECTION('',(1.,0.,0.));
#9255 = ADVANCED_FACE('',(#9256),#9281,.F.);
#9256 = FACE_BOUND('',#9257,.F.);
#9257 = EDGE_LOOP('',(#9258,#9259,#9267,#9275));
#9258 = ORIENTED_EDGE('',*,*,#9205,.F.);
#9259 = ORIENTED_EDGE('',*,*,#9260,.T.);
#9260 = EDGE_CURVE('',#9198,#9261,#9263,.T.);
#9261 = VERTEX_POINT('',#9262);
#9262 = CARTESIAN_POINT('',(21.5,78.,180.));
#9263 = LINE('',#9264,#9265);
#9264 = CARTESIAN_POINT('',(21.5,78.,174.));
#9265 = VECTOR('',#9266,1.);
#9266 = DIRECTION('',(0.,0.,1.));
#9267 = ORIENTED_EDGE('',*,*,#9268,.T.);
#9268 = EDGE_CURVE('',#9261,#9269,#9271,.T.);
#9269 = VERTEX_POINT('',#9270);
#9270 = CARTESIAN_POINT('',(23.5,78.,180.));
#9271 = LINE('',#9272,#9273);
#9272 = CARTESIAN_POINT('',(21.5,78.,180.));
#9273 = VECTOR('',#9274,1.);
#9274 = DIRECTION('',(1.,0.,0.));
#9275 = ORIENTED_EDGE('',*,*,#9276,.F.);
#9276 = EDGE_CURVE('',#9206,#9269,#9277,.T.);
#9277 = LINE('',#9278,#9279);
#9278 = CARTESIAN_POINT('',(23.5,78.,174.));
#9279 = VECTOR('',#9280,1.);
#9280 = DIRECTION('',(0.,0.,1.));
#9281 = PLANE('',#9282);
#9282 = AXIS2_PLACEMENT_3D('',#9283,#9284,#9285);
#9283 = CARTESIAN_POINT('',(21.5,78.,174.));
#9284 = DIRECTION('',(0.,1.,0.));
#9285 = DIRECTION('',(0.,0.,1.));
#9286 = ADVANCED_FACE('',(#9287),#9312,.T.);
#9287 = FACE_BOUND('',#9288,.T.);
#9288 = EDGE_LOOP('',(#9289,#9297,#9298,#9306));
#9289 = ORIENTED_EDGE('',*,*,#9290,.F.);
#9290 = EDGE_CURVE('',#9261,#9291,#9293,.T.);
#9291 = VERTEX_POINT('',#9292);
#9292 = CARTESIAN_POINT('',(21.5,84.,180.));
#9293 = LINE('',#9294,#9295);
#9294 = CARTESIAN_POINT('',(21.5,78.,180.));
#9295 = VECTOR('',#9296,1.);
#9296 = DIRECTION('',(0.,1.,0.));
#9297 = ORIENTED_EDGE('',*,*,#9268,.T.);
#9298 = ORIENTED_EDGE('',*,*,#9299,.T.);
#9299 = EDGE_CURVE('',#9269,#9300,#9302,.T.);
#9300 = VERTEX_POINT('',#9301);
#9301 = CARTESIAN_POINT('',(23.5,84.,180.));
#9302 = LINE('',#9303,#9304);
#9303 = CARTESIAN_POINT('',(23.5,78.,180.));
#9304 = VECTOR('',#9305,1.);
#9305 = DIRECTION('',(0.,1.,0.));
#9306 = ORIENTED_EDGE('',*,*,#9307,.F.);
#9307 = EDGE_CURVE('',#9291,#9300,#9308,.T.);
#9308 = LINE('',#9309,#9310);
#9309 = CARTESIAN_POINT('',(21.5,84.,180.));
#9310 = VECTOR('',#9311,1.);
#9311 = DIRECTION('',(1.,0.,0.));
#9312 = PLANE('',#9313);
#9313 = AXIS2_PLACEMENT_3D('',#9314,#9315,#9316);
#9314 = CARTESIAN_POINT('',(21.5,78.,180.));
#9315 = DIRECTION('',(0.,0.,1.));
#9316 = DIRECTION('',(1.,0.,0.));
#9317 = ADVANCED_FACE('',(#9318),#9343,.F.);
#9318 = FACE_BOUND('',#9319,.F.);
#9319 = EDGE_LOOP('',(#9320,#9328,#9329,#9337));
#9320 = ORIENTED_EDGE('',*,*,#9321,.F.);
#9321 = EDGE_CURVE('',#9300,#9322,#9324,.T.);
#9322 = VERTEX_POINT('',#9323);
#9323 = CARTESIAN_POINT('',(23.5,84.,195.));
#9324 = LINE('',#9325,#9326);
#9325 = CARTESIAN_POINT('',(23.5,84.,159.));
#9326 = VECTOR('',#9327,1.);
#9327 = DIRECTION('',(0.,0.,1.));
#9328 = ORIENTED_EDGE('',*,*,#9307,.F.);
#9329 = ORIENTED_EDGE('',*,*,#9330,.T.);
#9330 = EDGE_CURVE('',#9291,#9331,#9333,.T.);
#9331 = VERTEX_POINT('',#9332);
#9332 = CARTESIAN_POINT('',(21.5,84.,195.));
#9333 = LINE('',#9334,#9335);
#9334 = CARTESIAN_POINT('',(21.5,84.,159.));
#9335 = VECTOR('',#9336,1.);
#9336 = DIRECTION('',(0.,0.,1.));
#9337 = ORIENTED_EDGE('',*,*,#9338,.T.);
#9338 = EDGE_CURVE('',#9331,#9322,#9339,.T.);
#9339 = LINE('',#9340,#9341);
#9340 = CARTESIAN_POINT('',(21.5,84.,195.));
#9341 = VECTOR('',#9342,1.);
#9342 = DIRECTION('',(1.,0.,0.));
#9343 = PLANE('',#9344);
#9344 = AXIS2_PLACEMENT_3D('',#9345,#9346,#9347);
#9345 = CARTESIAN_POINT('',(21.5,84.,159.));
#9346 = DIRECTION('',(0.,1.,0.));
#9347 = DIRECTION('',(0.,0.,1.));
#9348 = ADVANCED_FACE('',(#9349),#9374,.T.);
#9349 = FACE_BOUND('',#9350,.T.);
#9350 = EDGE_LOOP('',(#9351,#9359,#9360,#9368));
#9351 = ORIENTED_EDGE('',*,*,#9352,.F.);
#9352 = EDGE_CURVE('',#9331,#9353,#9355,.T.);
#9353 = VERTEX_POINT('',#9354);
#9354 = CARTESIAN_POINT('',(21.5,90.,195.));
#9355 = LINE('',#9356,#9357);
#9356 = CARTESIAN_POINT('',(21.5,84.,195.));
#9357 = VECTOR('',#9358,1.);
#9358 = DIRECTION('',(0.,1.,0.));
#9359 = ORIENTED_EDGE('',*,*,#9338,.T.);
#9360 = ORIENTED_EDGE('',*,*,#9361,.T.);
#9361 = EDGE_CURVE('',#9322,#9362,#9364,.T.);
#9362 = VERTEX_POINT('',#9363);
#9363 = CARTESIAN_POINT('',(23.5,90.,195.));
#9364 = LINE('',#9365,#9366);
#9365 = CARTESIAN_POINT('',(23.5,84.,195.));
#9366 = VECTOR('',#9367,1.);
#9367 = DIRECTION('',(0.,1.,0.));
#9368 = ORIENTED_EDGE('',*,*,#9369,.F.);
#9369 = EDGE_CURVE('',#9353,#9362,#9370,.T.);
#9370 = LINE('',#9371,#9372);
#9371 = CARTESIAN_POINT('',(21.5,90.,195.));
#9372 = VECTOR('',#9373,1.);
#9373 = DIRECTION('',(1.,0.,0.));
#9374 = PLANE('',#9375);
#9375 = AXIS2_PLACEMENT_3D('',#9376,#9377,#9378);
#9376 = CARTESIAN_POINT('',(21.5,84.,195.));
#9377 = DIRECTION('',(0.,0.,1.));
#9378 = DIRECTION('',(1.,0.,0.));
#9379 = ADVANCED_FACE('',(#9380),#9405,.T.);
#9380 = FACE_BOUND('',#9381,.T.);
#9381 = EDGE_LOOP('',(#9382,#9390,#9398,#9404));
#9382 = ORIENTED_EDGE('',*,*,#9383,.F.);
#9383 = EDGE_CURVE('',#9384,#9362,#9386,.T.);
#9384 = VERTEX_POINT('',#9385);
#9385 = CARTESIAN_POINT('',(23.5,90.,180.));
#9386 = LINE('',#9387,#9388);
#9387 = CARTESIAN_POINT('',(23.5,90.,159.));
#9388 = VECTOR('',#9389,1.);
#9389 = DIRECTION('',(0.,0.,1.));
#9390 = ORIENTED_EDGE('',*,*,#9391,.F.);
#9391 = EDGE_CURVE('',#9392,#9384,#9394,.T.);
#9392 = VERTEX_POINT('',#9393);
#9393 = CARTESIAN_POINT('',(21.5,90.,180.));
#9394 = LINE('',#9395,#9396);
#9395 = CARTESIAN_POINT('',(21.5,90.,180.));
#9396 = VECTOR('',#9397,1.);
#9397 = DIRECTION('',(1.,0.,0.));
#9398 = ORIENTED_EDGE('',*,*,#9399,.T.);
#9399 = EDGE_CURVE('',#9392,#9353,#9400,.T.);
#9400 = LINE('',#9401,#9402);
#9401 = CARTESIAN_POINT('',(21.5,90.,159.));
#9402 = VECTOR('',#9403,1.);
#9403 = DIRECTION('',(0.,0.,1.));
#9404 = ORIENTED_EDGE('',*,*,#9369,.T.);
#9405 = PLANE('',#9406);
#9406 = AXIS2_PLACEMENT_3D('',#9407,#9408,#9409);
#9407 = CARTESIAN_POINT('',(21.5,90.,159.));
#9408 = DIRECTION('',(0.,1.,0.));
#9409 = DIRECTION('',(0.,0.,1.));
#9410 = ADVANCED_FACE('',(#9411),#9436,.T.);
#9411 = FACE_BOUND('',#9412,.T.);
#9412 = EDGE_LOOP('',(#9413,#9421,#9422,#9430));
#9413 = ORIENTED_EDGE('',*,*,#9414,.F.);
#9414 = EDGE_CURVE('',#9392,#9415,#9417,.T.);
#9415 = VERTEX_POINT('',#9416);
#9416 = CARTESIAN_POINT('',(21.5,96.,180.));
#9417 = LINE('',#9418,#9419);
#9418 = CARTESIAN_POINT('',(21.5,78.,180.));
#9419 = VECTOR('',#9420,1.);
#9420 = DIRECTION('',(0.,1.,0.));
#9421 = ORIENTED_EDGE('',*,*,#9391,.T.);
#9422 = ORIENTED_EDGE('',*,*,#9423,.T.);
#9423 = EDGE_CURVE('',#9384,#9424,#9426,.T.);
#9424 = VERTEX_POINT('',#9425);
#9425 = CARTESIAN_POINT('',(23.5,96.,180.));
#9426 = LINE('',#9427,#9428);
#9427 = CARTESIAN_POINT('',(23.5,78.,180.));
#9428 = VECTOR('',#9429,1.);
#9429 = DIRECTION('',(0.,1.,0.));
#9430 = ORIENTED_EDGE('',*,*,#9431,.F.);
#9431 = EDGE_CURVE('',#9415,#9424,#9432,.T.);
#9432 = LINE('',#9433,#9434);
#9433 = CARTESIAN_POINT('',(21.5,96.,180.));
#9434 = VECTOR('',#9435,1.);
#9435 = DIRECTION('',(1.,0.,0.));
#9436 = PLANE('',#9437);
#9437 = AXIS2_PLACEMENT_3D('',#9438,#9439,#9440);
#9438 = CARTESIAN_POINT('',(21.5,78.,180.));
#9439 = DIRECTION('',(0.,0.,1.));
#9440 = DIRECTION('',(1.,0.,0.));
#9441 = ADVANCED_FACE('',(#9442),#9458,.T.);
#9442 = FACE_BOUND('',#9443,.T.);
#9443 = EDGE_LOOP('',(#9444,#9445,#9451,#9452));
#9444 = ORIENTED_EDGE('',*,*,#9245,.F.);
#9445 = ORIENTED_EDGE('',*,*,#9446,.T.);
#9446 = EDGE_CURVE('',#9229,#9415,#9447,.T.);
#9447 = LINE('',#9448,#9449);
#9448 = CARTESIAN_POINT('',(21.5,96.,174.));
#9449 = VECTOR('',#9450,1.);
#9450 = DIRECTION('',(0.,0.,1.));
#9451 = ORIENTED_EDGE('',*,*,#9431,.T.);
#9452 = ORIENTED_EDGE('',*,*,#9453,.F.);
#9453 = EDGE_CURVE('',#9238,#9424,#9454,.T.);
#9454 = LINE('',#9455,#9456);
#9455 = CARTESIAN_POINT('',(23.5,96.,174.));
#9456 = VECTOR('',#9457,1.);
#9457 = DIRECTION('',(0.,0.,1.));
#9458 = PLANE('',#9459);
#9459 = AXIS2_PLACEMENT_3D('',#9460,#9461,#9462);
#9460 = CARTESIAN_POINT('',(21.5,96.,174.));
#9461 = DIRECTION('',(0.,1.,0.));
#9462 = DIRECTION('',(0.,0.,1.));
#9463 = ADVANCED_FACE('',(#9464),#9478,.T.);
#9464 = FACE_BOUND('',#9465,.T.);
#9465 = EDGE_LOOP('',(#9466,#9467,#9468,#9469,#9470,#9471,#9472,#9473,
    #9474,#9475,#9476,#9477));
#9466 = ORIENTED_EDGE('',*,*,#9175,.T.);
#9467 = ORIENTED_EDGE('',*,*,#9197,.F.);
#9468 = ORIENTED_EDGE('',*,*,#9260,.T.);
#9469 = ORIENTED_EDGE('',*,*,#9290,.T.);
#9470 = ORIENTED_EDGE('',*,*,#9330,.T.);
#9471 = ORIENTED_EDGE('',*,*,#9352,.T.);
#9472 = ORIENTED_EDGE('',*,*,#9399,.F.);
#9473 = ORIENTED_EDGE('',*,*,#9414,.T.);
#9474 = ORIENTED_EDGE('',*,*,#9446,.F.);
#9475 = ORIENTED_EDGE('',*,*,#9228,.F.);
#9476 = ORIENTED_EDGE('',*,*,#9113,.F.);
#9477 = ORIENTED_EDGE('',*,*,#9135,.F.);
#9478 = PLANE('',#9479);
#9479 = AXIS2_PLACEMENT_3D('',#9480,#9481,#9482);
#9480 = CARTESIAN_POINT('',(21.5,87.,177.));
#9481 = DIRECTION('',(-1.,-0.,-0.));
#9482 = DIRECTION('',(0.,0.,-1.));
#9483 = ADVANCED_FACE('',(#9484),#9498,.T.);
#9484 = FACE_BOUND('',#9485,.T.);
#9485 = EDGE_LOOP('',(#9486,#9487,#9488,#9489,#9490,#9491,#9492,#9493,
    #9494,#9495,#9496,#9497));
#9486 = ORIENTED_EDGE('',*,*,#9166,.F.);
#9487 = ORIENTED_EDGE('',*,*,#9151,.T.);
#9488 = ORIENTED_EDGE('',*,*,#9095,.T.);
#9489 = ORIENTED_EDGE('',*,*,#9237,.T.);
#9490 = ORIENTED_EDGE('',*,*,#9453,.T.);
#9491 = ORIENTED_EDGE('',*,*,#9423,.F.);
#9492 = ORIENTED_EDGE('',*,*,#9383,.T.);
#9493 = ORIENTED_EDGE('',*,*,#9361,.F.);
#9494 = ORIENTED_EDGE('',*,*,#9321,.F.);
#9495 = ORIENTED_EDGE('',*,*,#9299,.F.);
#9496 = ORIENTED_EDGE('',*,*,#9276,.F.);
#9497 = ORIENTED_EDGE('',*,*,#9213,.T.);
#9498 = PLANE('',#9499);
#9499 = AXIS2_PLACEMENT_3D('',#9500,#9501,#9502);
#9500 = CARTESIAN_POINT('',(23.5,87.,177.));
#9501 = DIRECTION('',(1.,0.,0.));
#9502 = DIRECTION('',(0.,0.,1.));
#9503 = MANIFOLD_SOLID_BREP('',#9504);
#9504 = CLOSED_SHELL('',(#9505,#9538,#9558,#9578));
#9505 = ADVANCED_FACE('',(#9506),#9533,.T.);
#9506 = FACE_BOUND('',#9507,.T.);
#9507 = EDGE_LOOP('',(#9508,#9517,#9525,#9532));
#9508 = ORIENTED_EDGE('',*,*,#9509,.F.);
#9509 = EDGE_CURVE('',#9510,#9510,#9512,.T.);
#9510 = VERTEX_POINT('',#9511);
#9511 = CARTESIAN_POINT('',(72.5,87.,179.));
#9512 = CIRCLE('',#9513,2.);
#9513 = AXIS2_PLACEMENT_3D('',#9514,#9515,#9516);
#9514 = CARTESIAN_POINT('',(72.5,87.,177.));
#9515 = DIRECTION('',(1.,0.,-0.));
#9516 = DIRECTION('',(0.,0.,1.));
#9517 = ORIENTED_EDGE('',*,*,#9518,.F.);
#9518 = EDGE_CURVE('',#9519,#9510,#9521,.T.);
#9519 = VERTEX_POINT('',#9520);
#9520 = CARTESIAN_POINT('',(67.5,87.,179.));
#9521 = LINE('',#9522,#9523);
#9522 = CARTESIAN_POINT('',(67.5,87.,179.));
#9523 = VECTOR('',#9524,1.);
#9524 = DIRECTION('',(1.,0.,0.));
#9525 = ORIENTED_EDGE('',*,*,#9526,.T.);
#9526 = EDGE_CURVE('',#9519,#9519,#9527,.T.);
#9527 = CIRCLE('',#9528,2.);
#9528 = AXIS2_PLACEMENT_3D('',#9529,#9530,#9531);
#9529 = CARTESIAN_POINT('',(67.5,87.,177.));
#9530 = DIRECTION('',(1.,0.,-0.));
#9531 = DIRECTION('',(0.,0.,1.));
#9532 = ORIENTED_EDGE('',*,*,#9518,.T.);
#9533 = CYLINDRICAL_SURFACE('',#9534,2.);
#9534 = AXIS2_PLACEMENT_3D('',#9535,#9536,#9537);
#9535 = CARTESIAN_POINT('',(67.5,87.,177.));
#9536 = DIRECTION('',(1.,0.,0.));
#9537 = DIRECTION('',(0.,0.,1.));
#9538 = ADVANCED_FACE('',(#9539,#9542),#9553,.T.);
#9539 = FACE_BOUND('',#9540,.T.);
#9540 = EDGE_LOOP('',(#9541));
#9541 = ORIENTED_EDGE('',*,*,#9509,.T.);
#9542 = FACE_BOUND('',#9543,.T.);
#9543 = EDGE_LOOP('',(#9544));
#9544 = ORIENTED_EDGE('',*,*,#9545,.F.);
#9545 = EDGE_CURVE('',#9546,#9546,#9548,.T.);
#9546 = VERTEX_POINT('',#9547);
#9547 = CARTESIAN_POINT('',(72.5,87.,178.5));
#9548 = CIRCLE('',#9549,1.5);
#9549 = AXIS2_PLACEMENT_3D('',#9550,#9551,#9552);
#9550 = CARTESIAN_POINT('',(72.5,87.,177.));
#9551 = DIRECTION('',(1.,0.,-0.));
#9552 = DIRECTION('',(0.,0.,1.));
#9553 = PLANE('',#9554);
#9554 = AXIS2_PLACEMENT_3D('',#9555,#9556,#9557);
#9555 = CARTESIAN_POINT('',(72.5,87.,177.));
#9556 = DIRECTION('',(1.,0.,0.));
#9557 = DIRECTION('',(0.,0.,1.));
#9558 = ADVANCED_FACE('',(#9559,#9562),#9573,.F.);
#9559 = FACE_BOUND('',#9560,.F.);
#9560 = EDGE_LOOP('',(#9561));
#9561 = ORIENTED_EDGE('',*,*,#9526,.T.);
#9562 = FACE_BOUND('',#9563,.F.);
#9563 = EDGE_LOOP('',(#9564));
#9564 = ORIENTED_EDGE('',*,*,#9565,.F.);
#9565 = EDGE_CURVE('',#9566,#9566,#9568,.T.);
#9566 = VERTEX_POINT('',#9567);
#9567 = CARTESIAN_POINT('',(67.5,87.,178.5));
#9568 = CIRCLE('',#9569,1.5);
#9569 = AXIS2_PLACEMENT_3D('',#9570,#9571,#9572);
#9570 = CARTESIAN_POINT('',(67.5,87.,177.));
#9571 = DIRECTION('',(1.,0.,-0.));
#9572 = DIRECTION('',(0.,0.,1.));
#9573 = PLANE('',#9574);
#9574 = AXIS2_PLACEMENT_3D('',#9575,#9576,#9577);
#9575 = CARTESIAN_POINT('',(67.5,87.,177.));
#9576 = DIRECTION('',(1.,0.,0.));
#9577 = DIRECTION('',(0.,0.,1.));
#9578 = ADVANCED_FACE('',(#9579),#9590,.F.);
#9579 = FACE_BOUND('',#9580,.F.);
#9580 = EDGE_LOOP('',(#9581,#9582,#9588,#9589));
#9581 = ORIENTED_EDGE('',*,*,#9545,.F.);
#9582 = ORIENTED_EDGE('',*,*,#9583,.F.);
#9583 = EDGE_CURVE('',#9566,#9546,#9584,.T.);
#9584 = LINE('',#9585,#9586);
#9585 = CARTESIAN_POINT('',(66.5,87.,178.5));
#9586 = VECTOR('',#9587,1.);
#9587 = DIRECTION('',(1.,0.,0.));
#9588 = ORIENTED_EDGE('',*,*,#9565,.T.);
#9589 = ORIENTED_EDGE('',*,*,#9583,.T.);
#9590 = CYLINDRICAL_SURFACE('',#9591,1.5);
#9591 = AXIS2_PLACEMENT_3D('',#9592,#9593,#9594);
#9592 = CARTESIAN_POINT('',(66.5,87.,177.));
#9593 = DIRECTION('',(1.,0.,0.));
#9594 = DIRECTION('',(0.,0.,1.));
#9595 = MANIFOLD_SOLID_BREP('',#9596);
#9596 = CLOSED_SHELL('',(#9597,#9669,#9700,#9824,#9936,#9960,#10072,
    #10196,#10220,#10323,#10344,#10375,#10399,#10423,#10447,#10471,
    #10488,#10519,#10543,#10567,#10591,#10615,#10632,#10654,#10666,
    #10683,#10711,#10728,#10756,#10807,#10825,#10879,#10896,#10908,
    #10939,#10963,#10987,#11011,#11035,#11052,#11083,#11107,#11131,
    #11155,#11179,#11196,#11221,#11252,#11276,#11300,#11324,#11341,
    #11366,#11391,#11416,#11433,#11450,#11467,#11498,#11522,#11546,
    #11563,#11590,#11615,#11640,#11657,#11674,#11721,#11743,#11760,
    #11777,#11789,#11815,#11840));
#9597 = ADVANCED_FACE('',(#9598),#9664,.F.);
#9598 = FACE_BOUND('',#9599,.F.);
#9599 = EDGE_LOOP('',(#9600,#9610,#9618,#9626,#9634,#9642,#9650,#9658));
#9600 = ORIENTED_EDGE('',*,*,#9601,.F.);
#9601 = EDGE_CURVE('',#9602,#9604,#9606,.T.);
#9602 = VERTEX_POINT('',#9603);
#9603 = CARTESIAN_POINT('',(17.5,61.,199.));
#9604 = VERTEX_POINT('',#9605);
#9605 = CARTESIAN_POINT('',(17.5,65.,199.));
#9606 = LINE('',#9607,#9608);
#9607 = CARTESIAN_POINT('',(17.5,61.,199.));
#9608 = VECTOR('',#9609,1.);
#9609 = DIRECTION('',(0.,1.,0.));
#9610 = ORIENTED_EDGE('',*,*,#9611,.F.);
#9611 = EDGE_CURVE('',#9612,#9602,#9614,.T.);
#9612 = VERTEX_POINT('',#9613);
#9613 = CARTESIAN_POINT('',(17.5,61.,155.));
#9614 = LINE('',#9615,#9616);
#9615 = CARTESIAN_POINT('',(17.5,61.,155.));
#9616 = VECTOR('',#9617,1.);
#9617 = DIRECTION('',(0.,0.,1.));
#9618 = ORIENTED_EDGE('',*,*,#9619,.T.);
#9619 = EDGE_CURVE('',#9612,#9620,#9622,.T.);
#9620 = VERTEX_POINT('',#9621);
#9621 = CARTESIAN_POINT('',(17.5,65.,155.));
#9622 = LINE('',#9623,#9624);
#9623 = CARTESIAN_POINT('',(17.5,61.,155.));
#9624 = VECTOR('',#9625,1.);
#9625 = DIRECTION('',(0.,1.,0.));
#9626 = ORIENTED_EDGE('',*,*,#9627,.T.);
#9627 = EDGE_CURVE('',#9620,#9628,#9630,.T.);
#9628 = VERTEX_POINT('',#9629);
#9629 = CARTESIAN_POINT('',(17.5,65.,171.));
#9630 = LINE('',#9631,#9632);
#9631 = CARTESIAN_POINT('',(17.5,65.,155.));
#9632 = VECTOR('',#9633,1.);
#9633 = DIRECTION('',(0.,0.,1.));
#9634 = ORIENTED_EDGE('',*,*,#9635,.T.);
#9635 = EDGE_CURVE('',#9628,#9636,#9638,.T.);
#9636 = VERTEX_POINT('',#9637);
#9637 = CARTESIAN_POINT('',(17.5,64.8,171.));
#9638 = LINE('',#9639,#9640);
#9639 = CARTESIAN_POINT('',(17.5,62.9,171.));
#9640 = VECTOR('',#9641,1.);
#9641 = DIRECTION('',(0.,-1.,0.));
#9642 = ORIENTED_EDGE('',*,*,#9643,.T.);
#9643 = EDGE_CURVE('',#9636,#9644,#9646,.T.);
#9644 = VERTEX_POINT('',#9645);
#9645 = CARTESIAN_POINT('',(17.5,64.8,183.));
#9646 = LINE('',#9647,#9648);
#9647 = CARTESIAN_POINT('',(17.5,64.8,163.));
#9648 = VECTOR('',#9649,1.);
#9649 = DIRECTION('',(0.,0.,1.));
#9650 = ORIENTED_EDGE('',*,*,#9651,.F.);
#9651 = EDGE_CURVE('',#9652,#9644,#9654,.T.);
#9652 = VERTEX_POINT('',#9653);
#9653 = CARTESIAN_POINT('',(17.5,65.,183.));
#9654 = LINE('',#9655,#9656);
#9655 = CARTESIAN_POINT('',(17.5,62.9,183.));
#9656 = VECTOR('',#9657,1.);
#9657 = DIRECTION('',(0.,-1.,0.));
#9658 = ORIENTED_EDGE('',*,*,#9659,.T.);
#9659 = EDGE_CURVE('',#9652,#9604,#9660,.T.);
#9660 = LINE('',#9661,#9662);
#9661 = CARTESIAN_POINT('',(17.5,65.,155.));
#9662 = VECTOR('',#9663,1.);
#9663 = DIRECTION('',(0.,0.,1.));
#9664 = PLANE('',#9665);
#9665 = AXIS2_PLACEMENT_3D('',#9666,#9667,#9668);
#9666 = CARTESIAN_POINT('',(17.5,61.,155.));
#9667 = DIRECTION('',(1.,0.,0.));
#9668 = DIRECTION('',(0.,0.,1.));
#9669 = ADVANCED_FACE('',(#9670),#9695,.T.);
#9670 = FACE_BOUND('',#9671,.T.);
#9671 = EDGE_LOOP('',(#9672,#9673,#9681,#9689));
#9672 = ORIENTED_EDGE('',*,*,#9601,.F.);
#9673 = ORIENTED_EDGE('',*,*,#9674,.T.);
#9674 = EDGE_CURVE('',#9602,#9675,#9677,.T.);
#9675 = VERTEX_POINT('',#9676);
#9676 = CARTESIAN_POINT('',(61.5,61.,199.));
#9677 = LINE('',#9678,#9679);
#9678 = CARTESIAN_POINT('',(17.5,61.,199.));
#9679 = VECTOR('',#9680,1.);
#9680 = DIRECTION('',(1.,0.,0.));
#9681 = ORIENTED_EDGE('',*,*,#9682,.T.);
#9682 = EDGE_CURVE('',#9675,#9683,#9685,.T.);
#9683 = VERTEX_POINT('',#9684);
#9684 = CARTESIAN_POINT('',(61.5,65.,199.));
#9685 = LINE('',#9686,#9687);
#9686 = CARTESIAN_POINT('',(61.5,61.,199.));
#9687 = VECTOR('',#9688,1.);
#9688 = DIRECTION('',(0.,1.,0.));
#9689 = ORIENTED_EDGE('',*,*,#9690,.F.);
#9690 = EDGE_CURVE('',#9604,#9683,#9691,.T.);
#9691 = LINE('',#9692,#9693);
#9692 = CARTESIAN_POINT('',(17.5,65.,199.));
#9693 = VECTOR('',#9694,1.);
#9694 = DIRECTION('',(1.,0.,0.));
#9695 = PLANE('',#9696);
#9696 = AXIS2_PLACEMENT_3D('',#9697,#9698,#9699);
#9697 = CARTESIAN_POINT('',(17.5,61.,199.));
#9698 = DIRECTION('',(0.,0.,1.));
#9699 = DIRECTION('',(1.,0.,0.));
#9700 = ADVANCED_FACE('',(#9701,#9719,#9769),#9819,.T.);
#9701 = FACE_BOUND('',#9702,.T.);
#9702 = EDGE_LOOP('',(#9703,#9711,#9717,#9718));
#9703 = ORIENTED_EDGE('',*,*,#9704,.F.);
#9704 = EDGE_CURVE('',#9705,#9683,#9707,.T.);
#9705 = VERTEX_POINT('',#9706);
#9706 = CARTESIAN_POINT('',(61.5,65.,183.));
#9707 = LINE('',#9708,#9709);
#9708 = CARTESIAN_POINT('',(61.5,65.,155.));
#9709 = VECTOR('',#9710,1.);
#9710 = DIRECTION('',(0.,0.,1.));
#9711 = ORIENTED_EDGE('',*,*,#9712,.F.);
#9712 = EDGE_CURVE('',#9652,#9705,#9713,.T.);
#9713 = LINE('',#9714,#9715);
#9714 = CARTESIAN_POINT('',(15.,65.,183.));
#9715 = VECTOR('',#9716,1.);
#9716 = DIRECTION('',(1.,0.,0.));
#9717 = ORIENTED_EDGE('',*,*,#9659,.T.);
#9718 = ORIENTED_EDGE('',*,*,#9690,.T.);
#9719 = FACE_BOUND('',#9720,.T.);
#9720 = EDGE_LOOP('',(#9721,#9731,#9739,#9747,#9755,#9763));
#9721 = ORIENTED_EDGE('',*,*,#9722,.F.);
#9722 = EDGE_CURVE('',#9723,#9725,#9727,.T.);
#9723 = VERTEX_POINT('',#9724);
#9724 = CARTESIAN_POINT('',(25.14544826719,65.,195.85));
#9725 = VERTEX_POINT('',#9726);
#9726 = CARTESIAN_POINT('',(26.790896534381,65.,193.));
#9727 = LINE('',#9728,#9729);
#9728 = CARTESIAN_POINT('',(33.856775803535,65.,180.76153810567));
#9729 = VECTOR('',#9730,1.);
#9730 = DIRECTION('',(0.5,0.,-0.866025403784));
#9731 = ORIENTED_EDGE('',*,*,#9732,.F.);
#9732 = EDGE_CURVE('',#9733,#9723,#9735,.T.);
#9733 = VERTEX_POINT('',#9734);
#9734 = CARTESIAN_POINT('',(21.85455173281,65.,195.85));
#9735 = LINE('',#9736,#9737);
#9736 = CARTESIAN_POINT('',(21.322724133595,65.,195.85));
#9737 = VECTOR('',#9738,1.);
#9738 = DIRECTION('',(1.,0.,0.));
#9739 = ORIENTED_EDGE('',*,*,#9740,.F.);
#9740 = EDGE_CURVE('',#9741,#9733,#9743,.T.);
#9741 = VERTEX_POINT('',#9742);
#9742 = CARTESIAN_POINT('',(20.209103465619,65.,193.));
#9743 = LINE('',#9744,#9745);
#9744 = CARTESIAN_POINT('',(12.46594833006,65.,179.58846189432));
#9745 = VECTOR('',#9746,1.);
#9746 = DIRECTION('',(0.5,0.,0.866025403784));
#9747 = ORIENTED_EDGE('',*,*,#9748,.F.);
#9748 = EDGE_CURVE('',#9749,#9741,#9751,.T.);
#9749 = VERTEX_POINT('',#9750);
#9750 = CARTESIAN_POINT('',(21.85455173281,65.,190.15));
#9751 = LINE('',#9752,#9753);
#9752 = CARTESIAN_POINT('',(28.097706868369,65.,179.33653810567));
#9753 = VECTOR('',#9754,1.);
#9754 = DIRECTION('',(-0.5,0.,0.866025403784));
#9755 = ORIENTED_EDGE('',*,*,#9756,.F.);
#9756 = EDGE_CURVE('',#9757,#9749,#9759,.T.);
#9757 = VERTEX_POINT('',#9758);
#9758 = CARTESIAN_POINT('',(25.14544826719,65.,190.15));
#9759 = LINE('',#9760,#9761);
#9760 = CARTESIAN_POINT('',(19.677275866405,65.,190.15));
#9761 = VECTOR('',#9762,1.);
#9762 = DIRECTION('',(-1.,0.,0.));
#9763 = ORIENTED_EDGE('',*,*,#9764,.F.);
#9764 = EDGE_CURVE('',#9725,#9757,#9765,.T.);
#9765 = LINE('',#9766,#9767);
#9766 = CARTESIAN_POINT('',(16.579568998036,65.,175.31346189432));
#9767 = VECTOR('',#9768,1.);
#9768 = DIRECTION('',(-0.5,0.,-0.866025403784));
#9769 = FACE_BOUND('',#9770,.T.);
#9770 = EDGE_LOOP('',(#9771,#9781,#9789,#9797,#9805,#9813));
#9771 = ORIENTED_EDGE('',*,*,#9772,.F.);
#9772 = EDGE_CURVE('',#9773,#9775,#9777,.T.);
#9773 = VERTEX_POINT('',#9774);
#9774 = CARTESIAN_POINT('',(57.14544826719,65.,195.85));
#9775 = VERTEX_POINT('',#9776);
#9776 = CARTESIAN_POINT('',(58.790896534381,65.,193.));
#9777 = LINE('',#9778,#9779);
#9778 = CARTESIAN_POINT('',(61.856775803535,65.,187.68974133595));
#9779 = VECTOR('',#9780,1.);
#9780 = DIRECTION('',(0.5,0.,-0.866025403784));
#9781 = ORIENTED_EDGE('',*,*,#9782,.F.);
#9782 = EDGE_CURVE('',#9783,#9773,#9785,.T.);
#9783 = VERTEX_POINT('',#9784);
#9784 = CARTESIAN_POINT('',(53.85455173281,65.,195.85));
#9785 = LINE('',#9786,#9787);
#9786 = CARTESIAN_POINT('',(37.322724133595,65.,195.85));
#9787 = VECTOR('',#9788,1.);
#9788 = DIRECTION('',(1.,0.,0.));
#9789 = ORIENTED_EDGE('',*,*,#9790,.F.);
#9790 = EDGE_CURVE('',#9791,#9783,#9793,.T.);
#9791 = VERTEX_POINT('',#9792);
#9792 = CARTESIAN_POINT('',(52.209103465619,65.,193.));
#9793 = LINE('',#9794,#9795);
#9794 = CARTESIAN_POINT('',(40.46594833006,65.,172.66025866404));
#9795 = VECTOR('',#9796,1.);
#9796 = DIRECTION('',(0.5,0.,0.866025403784));
#9797 = ORIENTED_EDGE('',*,*,#9798,.F.);
#9798 = EDGE_CURVE('',#9799,#9791,#9801,.T.);
#9799 = VERTEX_POINT('',#9800);
#9800 = CARTESIAN_POINT('',(53.85455173281,65.,190.15));
#9801 = LINE('',#9802,#9803);
#9802 = CARTESIAN_POINT('',(56.097706868369,65.,186.26474133595));
#9803 = VECTOR('',#9804,1.);
#9804 = DIRECTION('',(-0.5,0.,0.866025403784));
#9805 = ORIENTED_EDGE('',*,*,#9806,.F.);
#9806 = EDGE_CURVE('',#9807,#9799,#9809,.T.);
#9807 = VERTEX_POINT('',#9808);
#9808 = CARTESIAN_POINT('',(57.14544826719,65.,190.15));
#9809 = LINE('',#9810,#9811);
#9810 = CARTESIAN_POINT('',(35.677275866405,65.,190.15));
#9811 = VECTOR('',#9812,1.);
#9812 = DIRECTION('',(-1.,0.,0.));
#9813 = ORIENTED_EDGE('',*,*,#9814,.F.);
#9814 = EDGE_CURVE('',#9775,#9807,#9815,.T.);
#9815 = LINE('',#9816,#9817);
#9816 = CARTESIAN_POINT('',(44.579568998036,65.,168.38525866404));
#9817 = VECTOR('',#9818,1.);
#9818 = DIRECTION('',(-0.5,0.,-0.866025403784));
#9819 = PLANE('',#9820);
#9820 = AXIS2_PLACEMENT_3D('',#9821,#9822,#9823);
#9821 = CARTESIAN_POINT('',(17.5,65.,155.));
#9822 = DIRECTION('',(0.,1.,0.));
#9823 = DIRECTION('',(0.,0.,1.));
#9824 = ADVANCED_FACE('',(#9825),#9931,.T.);
#9825 = FACE_BOUND('',#9826,.T.);
#9826 = EDGE_LOOP('',(#9827,#9837,#9845,#9851,#9852,#9853,#9861,#9869,
    #9877,#9885,#9893,#9901,#9909,#9917,#9925));
#9827 = ORIENTED_EDGE('',*,*,#9828,.F.);
#9828 = EDGE_CURVE('',#9829,#9831,#9833,.T.);
#9829 = VERTEX_POINT('',#9830);
#9830 = CARTESIAN_POINT('',(12.5,69.,183.));
#9831 = VERTEX_POINT('',#9832);
#9832 = CARTESIAN_POINT('',(15.5,69.,183.));
#9833 = LINE('',#9834,#9835);
#9834 = CARTESIAN_POINT('',(12.5,69.,183.));
#9835 = VECTOR('',#9836,1.);
#9836 = DIRECTION('',(1.,0.,0.));
#9837 = ORIENTED_EDGE('',*,*,#9838,.F.);
#9838 = EDGE_CURVE('',#9839,#9829,#9841,.T.);
#9839 = VERTEX_POINT('',#9840);
#9840 = CARTESIAN_POINT('',(12.5,64.8,183.));
#9841 = LINE('',#9842,#9843);
#9842 = CARTESIAN_POINT('',(12.5,64.8,183.));
#9843 = VECTOR('',#9844,1.);
#9844 = DIRECTION('',(0.,1.,0.));
#9845 = ORIENTED_EDGE('',*,*,#9846,.T.);
#9846 = EDGE_CURVE('',#9839,#9644,#9847,.T.);
#9847 = LINE('',#9848,#9849);
#9848 = CARTESIAN_POINT('',(12.5,64.8,183.));
#9849 = VECTOR('',#9850,1.);
#9850 = DIRECTION('',(1.,0.,0.));
#9851 = ORIENTED_EDGE('',*,*,#9651,.F.);
#9852 = ORIENTED_EDGE('',*,*,#9712,.T.);
#9853 = ORIENTED_EDGE('',*,*,#9854,.T.);
#9854 = EDGE_CURVE('',#9705,#9855,#9857,.T.);
#9855 = VERTEX_POINT('',#9856);
#9856 = CARTESIAN_POINT('',(61.5,64.8,183.));
#9857 = LINE('',#9858,#9859);
#9858 = CARTESIAN_POINT('',(61.5,62.9,183.));
#9859 = VECTOR('',#9860,1.);
#9860 = DIRECTION('',(0.,-1.,0.));
#9861 = ORIENTED_EDGE('',*,*,#9862,.T.);
#9862 = EDGE_CURVE('',#9855,#9863,#9865,.T.);
#9863 = VERTEX_POINT('',#9864);
#9864 = CARTESIAN_POINT('',(66.5,64.8,183.));
#9865 = LINE('',#9866,#9867);
#9866 = CARTESIAN_POINT('',(12.5,64.8,183.));
#9867 = VECTOR('',#9868,1.);
#9868 = DIRECTION('',(1.,0.,0.));
#9869 = ORIENTED_EDGE('',*,*,#9870,.T.);
#9870 = EDGE_CURVE('',#9863,#9871,#9873,.T.);
#9871 = VERTEX_POINT('',#9872);
#9872 = CARTESIAN_POINT('',(66.5,92.,183.));
#9873 = LINE('',#9874,#9875);
#9874 = CARTESIAN_POINT('',(66.5,64.8,183.));
#9875 = VECTOR('',#9876,1.);
#9876 = DIRECTION('',(0.,1.,0.));
#9877 = ORIENTED_EDGE('',*,*,#9878,.F.);
#9878 = EDGE_CURVE('',#9879,#9871,#9881,.T.);
#9879 = VERTEX_POINT('',#9880);
#9880 = CARTESIAN_POINT('',(63.5,92.,183.));
#9881 = LINE('',#9882,#9883);
#9882 = CARTESIAN_POINT('',(63.5,92.,183.));
#9883 = VECTOR('',#9884,1.);
#9884 = DIRECTION('',(1.,0.,0.));
#9885 = ORIENTED_EDGE('',*,*,#9886,.F.);
#9886 = EDGE_CURVE('',#9887,#9879,#9889,.T.);
#9887 = VERTEX_POINT('',#9888);
#9888 = CARTESIAN_POINT('',(63.5,69.,183.));
#9889 = LINE('',#9890,#9891);
#9890 = CARTESIAN_POINT('',(63.5,67.,183.));
#9891 = VECTOR('',#9892,1.);
#9892 = DIRECTION('',(0.,1.,0.));
#9893 = ORIENTED_EDGE('',*,*,#9894,.F.);
#9894 = EDGE_CURVE('',#9895,#9887,#9897,.T.);
#9895 = VERTEX_POINT('',#9896);
#9896 = CARTESIAN_POINT('',(18.5,69.,183.));
#9897 = LINE('',#9898,#9899);
#9898 = CARTESIAN_POINT('',(12.5,69.,183.));
#9899 = VECTOR('',#9900,1.);
#9900 = DIRECTION('',(1.,0.,0.));
#9901 = ORIENTED_EDGE('',*,*,#9902,.T.);
#9902 = EDGE_CURVE('',#9895,#9903,#9905,.T.);
#9903 = VERTEX_POINT('',#9904);
#9904 = CARTESIAN_POINT('',(18.5,74.350889359327,183.));
#9905 = LINE('',#9906,#9907);
#9906 = CARTESIAN_POINT('',(18.5,67.,183.));
#9907 = VECTOR('',#9908,1.);
#9908 = DIRECTION('',(0.,1.,0.));
#9909 = ORIENTED_EDGE('',*,*,#9910,.T.);
#9910 = EDGE_CURVE('',#9903,#9911,#9913,.T.);
#9911 = VERTEX_POINT('',#9912);
#9912 = CARTESIAN_POINT('',(18.5,92.,183.));
#9913 = LINE('',#9914,#9915);
#9914 = CARTESIAN_POINT('',(18.5,67.,183.));
#9915 = VECTOR('',#9916,1.);
#9916 = DIRECTION('',(0.,1.,0.));
#9917 = ORIENTED_EDGE('',*,*,#9918,.F.);
#9918 = EDGE_CURVE('',#9919,#9911,#9921,.T.);
#9919 = VERTEX_POINT('',#9920);
#9920 = CARTESIAN_POINT('',(15.5,92.,183.));
#9921 = LINE('',#9922,#9923);
#9922 = CARTESIAN_POINT('',(15.5,92.,183.));
#9923 = VECTOR('',#9924,1.);
#9924 = DIRECTION('',(1.,0.,0.));
#9925 = ORIENTED_EDGE('',*,*,#9926,.F.);
#9926 = EDGE_CURVE('',#9831,#9919,#9927,.T.);
#9927 = LINE('',#9928,#9929);
#9928 = CARTESIAN_POINT('',(15.5,67.,183.));
#9929 = VECTOR('',#9930,1.);
#9930 = DIRECTION('',(0.,1.,0.));
#9931 = PLANE('',#9932);
#9932 = AXIS2_PLACEMENT_3D('',#9933,#9934,#9935);
#9933 = CARTESIAN_POINT('',(40.16091954023,73.591570881226,183.));
#9934 = DIRECTION('',(0.,0.,1.));
#9935 = DIRECTION('',(1.,0.,0.));
#9936 = ADVANCED_FACE('',(#9937),#9955,.F.);
#9937 = FACE_BOUND('',#9938,.F.);
#9938 = EDGE_LOOP('',(#9939,#9947,#9953,#9954));
#9939 = ORIENTED_EDGE('',*,*,#9940,.F.);
#9940 = EDGE_CURVE('',#9941,#9636,#9943,.T.);
#9941 = VERTEX_POINT('',#9942);
#9942 = CARTESIAN_POINT('',(12.5,64.8,171.));
#9943 = LINE('',#9944,#9945);
#9944 = CARTESIAN_POINT('',(12.5,64.8,171.));
#9945 = VECTOR('',#9946,1.);
#9946 = DIRECTION('',(1.,0.,0.));
#9947 = ORIENTED_EDGE('',*,*,#9948,.T.);
#9948 = EDGE_CURVE('',#9941,#9839,#9949,.T.);
#9949 = LINE('',#9950,#9951);
#9950 = CARTESIAN_POINT('',(12.5,64.8,171.));
#9951 = VECTOR('',#9952,1.);
#9952 = DIRECTION('',(0.,0.,1.));
#9953 = ORIENTED_EDGE('',*,*,#9846,.T.);
#9954 = ORIENTED_EDGE('',*,*,#9643,.F.);
#9955 = PLANE('',#9956);
#9956 = AXIS2_PLACEMENT_3D('',#9957,#9958,#9959);
#9957 = CARTESIAN_POINT('',(12.5,64.8,171.));
#9958 = DIRECTION('',(0.,1.,0.));
#9959 = DIRECTION('',(0.,0.,1.));
#9960 = ADVANCED_FACE('',(#9961),#10067,.T.);
#9961 = FACE_BOUND('',#9962,.T.);
#9962 = EDGE_LOOP('',(#9963,#9973,#9981,#9989,#9997,#10005,#10013,#10021
    ,#10029,#10037,#10045,#10053,#10059,#10060,#10061));
#9963 = ORIENTED_EDGE('',*,*,#9964,.T.);
#9964 = EDGE_CURVE('',#9965,#9967,#9969,.T.);
#9965 = VERTEX_POINT('',#9966);
#9966 = CARTESIAN_POINT('',(12.5,69.,171.));
#9967 = VERTEX_POINT('',#9968);
#9968 = CARTESIAN_POINT('',(15.5,69.,171.));
#9969 = LINE('',#9970,#9971);
#9970 = CARTESIAN_POINT('',(12.5,69.,171.));
#9971 = VECTOR('',#9972,1.);
#9972 = DIRECTION('',(1.,0.,0.));
#9973 = ORIENTED_EDGE('',*,*,#9974,.T.);
#9974 = EDGE_CURVE('',#9967,#9975,#9977,.T.);
#9975 = VERTEX_POINT('',#9976);
#9976 = CARTESIAN_POINT('',(15.5,92.,171.));
#9977 = LINE('',#9978,#9979);
#9978 = CARTESIAN_POINT('',(15.5,67.,171.));
#9979 = VECTOR('',#9980,1.);
#9980 = DIRECTION('',(0.,1.,0.));
#9981 = ORIENTED_EDGE('',*,*,#9982,.T.);
#9982 = EDGE_CURVE('',#9975,#9983,#9985,.T.);
#9983 = VERTEX_POINT('',#9984);
#9984 = CARTESIAN_POINT('',(18.5,92.,171.));
#9985 = LINE('',#9986,#9987);
#9986 = CARTESIAN_POINT('',(15.5,92.,171.));
#9987 = VECTOR('',#9988,1.);
#9988 = DIRECTION('',(1.,0.,0.));
#9989 = ORIENTED_EDGE('',*,*,#9990,.F.);
#9990 = EDGE_CURVE('',#9991,#9983,#9993,.T.);
#9991 = VERTEX_POINT('',#9992);
#9992 = CARTESIAN_POINT('',(18.5,74.350889359327,171.));
#9993 = LINE('',#9994,#9995);
#9994 = CARTESIAN_POINT('',(18.5,67.,171.));
#9995 = VECTOR('',#9996,1.);
#9996 = DIRECTION('',(0.,1.,0.));
#9997 = ORIENTED_EDGE('',*,*,#9998,.F.);
#9998 = EDGE_CURVE('',#9999,#9991,#10001,.T.);
#9999 = VERTEX_POINT('',#10000);
#10000 = CARTESIAN_POINT('',(18.5,69.,171.));
#10001 = LINE('',#10002,#10003);
#10002 = CARTESIAN_POINT('',(18.5,67.,171.));
#10003 = VECTOR('',#10004,1.);
#10004 = DIRECTION('',(0.,1.,0.));
#10005 = ORIENTED_EDGE('',*,*,#10006,.T.);
#10006 = EDGE_CURVE('',#9999,#10007,#10009,.T.);
#10007 = VERTEX_POINT('',#10008);
#10008 = CARTESIAN_POINT('',(63.5,69.,171.));
#10009 = LINE('',#10010,#10011);
#10010 = CARTESIAN_POINT('',(12.5,69.,171.));
#10011 = VECTOR('',#10012,1.);
#10012 = DIRECTION('',(1.,0.,0.));
#10013 = ORIENTED_EDGE('',*,*,#10014,.T.);
#10014 = EDGE_CURVE('',#10007,#10015,#10017,.T.);
#10015 = VERTEX_POINT('',#10016);
#10016 = CARTESIAN_POINT('',(63.5,92.,171.));
#10017 = LINE('',#10018,#10019);
#10018 = CARTESIAN_POINT('',(63.5,67.,171.));
#10019 = VECTOR('',#10020,1.);
#10020 = DIRECTION('',(0.,1.,0.));
#10021 = ORIENTED_EDGE('',*,*,#10022,.T.);
#10022 = EDGE_CURVE('',#10015,#10023,#10025,.T.);
#10023 = VERTEX_POINT('',#10024);
#10024 = CARTESIAN_POINT('',(66.5,92.,171.));
#10025 = LINE('',#10026,#10027);
#10026 = CARTESIAN_POINT('',(63.5,92.,171.));
#10027 = VECTOR('',#10028,1.);
#10028 = DIRECTION('',(1.,0.,0.));
#10029 = ORIENTED_EDGE('',*,*,#10030,.F.);
#10030 = EDGE_CURVE('',#10031,#10023,#10033,.T.);
#10031 = VERTEX_POINT('',#10032);
#10032 = CARTESIAN_POINT('',(66.5,64.8,171.));
#10033 = LINE('',#10034,#10035);
#10034 = CARTESIAN_POINT('',(66.5,67.,171.));
#10035 = VECTOR('',#10036,1.);
#10036 = DIRECTION('',(0.,1.,0.));
#10037 = ORIENTED_EDGE('',*,*,#10038,.F.);
#10038 = EDGE_CURVE('',#10039,#10031,#10041,.T.);
#10039 = VERTEX_POINT('',#10040);
#10040 = CARTESIAN_POINT('',(61.5,64.8,171.));
#10041 = LINE('',#10042,#10043);
#10042 = CARTESIAN_POINT('',(12.5,64.8,171.));
#10043 = VECTOR('',#10044,1.);
#10044 = DIRECTION('',(1.,0.,0.));
#10045 = ORIENTED_EDGE('',*,*,#10046,.F.);
#10046 = EDGE_CURVE('',#10047,#10039,#10049,.T.);
#10047 = VERTEX_POINT('',#10048);
#10048 = CARTESIAN_POINT('',(61.5,65.,171.));
#10049 = LINE('',#10050,#10051);
#10050 = CARTESIAN_POINT('',(61.5,62.9,171.));
#10051 = VECTOR('',#10052,1.);
#10052 = DIRECTION('',(0.,-1.,0.));
#10053 = ORIENTED_EDGE('',*,*,#10054,.F.);
#10054 = EDGE_CURVE('',#9628,#10047,#10055,.T.);
#10055 = LINE('',#10056,#10057);
#10056 = CARTESIAN_POINT('',(15.,65.,171.));
#10057 = VECTOR('',#10058,1.);
#10058 = DIRECTION('',(1.,0.,0.));
#10059 = ORIENTED_EDGE('',*,*,#9635,.T.);
#10060 = ORIENTED_EDGE('',*,*,#9940,.F.);
#10061 = ORIENTED_EDGE('',*,*,#10062,.T.);
#10062 = EDGE_CURVE('',#9941,#9965,#10063,.T.);
#10063 = LINE('',#10064,#10065);
#10064 = CARTESIAN_POINT('',(12.5,64.8,171.));
#10065 = VECTOR('',#10066,1.);
#10066 = DIRECTION('',(0.,1.,0.));
#10067 = PLANE('',#10068);
#10068 = AXIS2_PLACEMENT_3D('',#10069,#10070,#10071);
#10069 = CARTESIAN_POINT('',(40.16091954023,73.591570881226,171.));
#10070 = DIRECTION('',(-0.,-0.,-1.));
#10071 = DIRECTION('',(-1.,0.,0.));
#10072 = ADVANCED_FACE('',(#10073,#10091,#10141),#10191,.T.);
#10073 = FACE_BOUND('',#10074,.T.);
#10074 = EDGE_LOOP('',(#10075,#10083,#10089,#10090));
#10075 = ORIENTED_EDGE('',*,*,#10076,.F.);
#10076 = EDGE_CURVE('',#10077,#10047,#10079,.T.);
#10077 = VERTEX_POINT('',#10078);
#10078 = CARTESIAN_POINT('',(61.5,65.,155.));
#10079 = LINE('',#10080,#10081);
#10080 = CARTESIAN_POINT('',(61.5,65.,155.));
#10081 = VECTOR('',#10082,1.);
#10082 = DIRECTION('',(0.,0.,1.));
#10083 = ORIENTED_EDGE('',*,*,#10084,.F.);
#10084 = EDGE_CURVE('',#9620,#10077,#10085,.T.);
#10085 = LINE('',#10086,#10087);
#10086 = CARTESIAN_POINT('',(17.5,65.,155.));
#10087 = VECTOR('',#10088,1.);
#10088 = DIRECTION('',(1.,0.,0.));
#10089 = ORIENTED_EDGE('',*,*,#9627,.T.);
#10090 = ORIENTED_EDGE('',*,*,#10054,.T.);
#10091 = FACE_BOUND('',#10092,.T.);
#10092 = EDGE_LOOP('',(#10093,#10103,#10111,#10119,#10127,#10135));
#10093 = ORIENTED_EDGE('',*,*,#10094,.F.);
#10094 = EDGE_CURVE('',#10095,#10097,#10099,.T.);
#10095 = VERTEX_POINT('',#10096);
#10096 = CARTESIAN_POINT('',(25.14544826719,65.,163.85));
#10097 = VERTEX_POINT('',#10098);
#10098 = CARTESIAN_POINT('',(26.790896534381,65.,161.));
#10099 = LINE('',#10100,#10101);
#10100 = CARTESIAN_POINT('',(26.92857257326,65.,160.76153810567));
#10101 = VECTOR('',#10102,1.);
#10102 = DIRECTION('',(0.5,0.,-0.866025403784));
#10103 = ORIENTED_EDGE('',*,*,#10104,.F.);
#10104 = EDGE_CURVE('',#10105,#10095,#10107,.T.);
#10105 = VERTEX_POINT('',#10106);
#10106 = CARTESIAN_POINT('',(21.85455173281,65.,163.85));
#10107 = LINE('',#10108,#10109);
#10108 = CARTESIAN_POINT('',(21.322724133595,65.,163.85));
#10109 = VECTOR('',#10110,1.);
#10110 = DIRECTION('',(1.,0.,0.));
#10111 = ORIENTED_EDGE('',*,*,#10112,.F.);
#10112 = EDGE_CURVE('',#10113,#10105,#10115,.T.);
#10113 = VERTEX_POINT('',#10114);
#10114 = CARTESIAN_POINT('',(20.209103465619,65.,161.));
#10115 = LINE('',#10116,#10117);
#10116 = CARTESIAN_POINT('',(19.394151560335,65.,159.58846189432));
#10117 = VECTOR('',#10118,1.);
#10118 = DIRECTION('',(0.5,0.,0.866025403784));
#10119 = ORIENTED_EDGE('',*,*,#10120,.F.);
#10120 = EDGE_CURVE('',#10121,#10113,#10123,.T.);
#10121 = VERTEX_POINT('',#10122);
#10122 = CARTESIAN_POINT('',(21.85455173281,65.,158.15));
#10123 = LINE('',#10124,#10125);
#10124 = CARTESIAN_POINT('',(21.169503638093,65.,159.33653810567));
#10125 = VECTOR('',#10126,1.);
#10126 = DIRECTION('',(-0.5,0.,0.866025403784));
#10127 = ORIENTED_EDGE('',*,*,#10128,.F.);
#10128 = EDGE_CURVE('',#10129,#10121,#10131,.T.);
#10129 = VERTEX_POINT('',#10130);
#10130 = CARTESIAN_POINT('',(25.14544826719,65.,158.15));
#10131 = LINE('',#10132,#10133);
#10132 = CARTESIAN_POINT('',(19.677275866405,65.,158.15));
#10133 = VECTOR('',#10134,1.);
#10134 = DIRECTION('',(-1.,0.,0.));
#10135 = ORIENTED_EDGE('',*,*,#10136,.F.);
#10136 = EDGE_CURVE('',#10097,#10129,#10137,.T.);
#10137 = LINE('',#10138,#10139);
#10138 = CARTESIAN_POINT('',(23.507772228311,65.,155.31346189432));
#10139 = VECTOR('',#10140,1.);
#10140 = DIRECTION('',(-0.5,0.,-0.866025403784));
#10141 = FACE_BOUND('',#10142,.T.);
#10142 = EDGE_LOOP('',(#10143,#10153,#10161,#10169,#10177,#10185));
#10143 = ORIENTED_EDGE('',*,*,#10144,.F.);
#10144 = EDGE_CURVE('',#10145,#10147,#10149,.T.);
#10145 = VERTEX_POINT('',#10146);
#10146 = CARTESIAN_POINT('',(57.14544826719,65.,163.85));
#10147 = VERTEX_POINT('',#10148);
#10148 = CARTESIAN_POINT('',(58.790896534381,65.,161.));
#10149 = LINE('',#10150,#10151);
#10150 = CARTESIAN_POINT('',(54.92857257326,65.,167.68974133595));
#10151 = VECTOR('',#10152,1.);
#10152 = DIRECTION('',(0.5,0.,-0.866025403784));
#10153 = ORIENTED_EDGE('',*,*,#10154,.F.);
#10154 = EDGE_CURVE('',#10155,#10145,#10157,.T.);
#10155 = VERTEX_POINT('',#10156);
#10156 = CARTESIAN_POINT('',(53.85455173281,65.,163.85));
#10157 = LINE('',#10158,#10159);
#10158 = CARTESIAN_POINT('',(37.322724133595,65.,163.85));
#10159 = VECTOR('',#10160,1.);
#10160 = DIRECTION('',(1.,0.,0.));
#10161 = ORIENTED_EDGE('',*,*,#10162,.F.);
#10162 = EDGE_CURVE('',#10163,#10155,#10165,.T.);
#10163 = VERTEX_POINT('',#10164);
#10164 = CARTESIAN_POINT('',(52.209103465619,65.,161.));
#10165 = LINE('',#10166,#10167);
#10166 = CARTESIAN_POINT('',(47.394151560335,65.,152.66025866404));
#10167 = VECTOR('',#10168,1.);
#10168 = DIRECTION('',(0.5,0.,0.866025403784));
#10169 = ORIENTED_EDGE('',*,*,#10170,.F.);
#10170 = EDGE_CURVE('',#10171,#10163,#10173,.T.);
#10171 = VERTEX_POINT('',#10172);
#10172 = CARTESIAN_POINT('',(53.85455173281,65.,158.15));
#10173 = LINE('',#10174,#10175);
#10174 = CARTESIAN_POINT('',(49.169503638093,65.,166.26474133595));
#10175 = VECTOR('',#10176,1.);
#10176 = DIRECTION('',(-0.5,0.,0.866025403784));
#10177 = ORIENTED_EDGE('',*,*,#10178,.F.);
#10178 = EDGE_CURVE('',#10179,#10171,#10181,.T.);
#10179 = VERTEX_POINT('',#10180);
#10180 = CARTESIAN_POINT('',(57.14544826719,65.,158.15));
#10181 = LINE('',#10182,#10183);
#10182 = CARTESIAN_POINT('',(35.677275866405,65.,158.15));
#10183 = VECTOR('',#10184,1.);
#10184 = DIRECTION('',(-1.,0.,0.));
#10185 = ORIENTED_EDGE('',*,*,#10186,.F.);
#10186 = EDGE_CURVE('',#10147,#10179,#10187,.T.);
#10187 = LINE('',#10188,#10189);
#10188 = CARTESIAN_POINT('',(51.507772228311,65.,148.38525866404));
#10189 = VECTOR('',#10190,1.);
#10190 = DIRECTION('',(-0.5,0.,-0.866025403784));
#10191 = PLANE('',#10192);
#10192 = AXIS2_PLACEMENT_3D('',#10193,#10194,#10195);
#10193 = CARTESIAN_POINT('',(17.5,65.,155.));
#10194 = DIRECTION('',(0.,1.,0.));
#10195 = DIRECTION('',(0.,0.,1.));
#10196 = ADVANCED_FACE('',(#10197),#10215,.F.);
#10197 = FACE_BOUND('',#10198,.F.);
#10198 = EDGE_LOOP('',(#10199,#10200,#10208,#10214));
#10199 = ORIENTED_EDGE('',*,*,#9619,.F.);
#10200 = ORIENTED_EDGE('',*,*,#10201,.T.);
#10201 = EDGE_CURVE('',#9612,#10202,#10204,.T.);
#10202 = VERTEX_POINT('',#10203);
#10203 = CARTESIAN_POINT('',(61.5,61.,155.));
#10204 = LINE('',#10205,#10206);
#10205 = CARTESIAN_POINT('',(17.5,61.,155.));
#10206 = VECTOR('',#10207,1.);
#10207 = DIRECTION('',(1.,0.,0.));
#10208 = ORIENTED_EDGE('',*,*,#10209,.T.);
#10209 = EDGE_CURVE('',#10202,#10077,#10210,.T.);
#10210 = LINE('',#10211,#10212);
#10211 = CARTESIAN_POINT('',(61.5,61.,155.));
#10212 = VECTOR('',#10213,1.);
#10213 = DIRECTION('',(0.,1.,0.));
#10214 = ORIENTED_EDGE('',*,*,#10084,.F.);
#10215 = PLANE('',#10216);
#10216 = AXIS2_PLACEMENT_3D('',#10217,#10218,#10219);
#10217 = CARTESIAN_POINT('',(17.5,61.,155.));
#10218 = DIRECTION('',(0.,0.,1.));
#10219 = DIRECTION('',(1.,0.,0.));
#10220 = ADVANCED_FACE('',(#10221,#10232,#10243,#10285,#10296,#10307),
  #10318,.F.);
#10221 = FACE_BOUND('',#10222,.F.);
#10222 = EDGE_LOOP('',(#10223,#10224,#10225,#10226));
#10223 = ORIENTED_EDGE('',*,*,#10201,.F.);
#10224 = ORIENTED_EDGE('',*,*,#9611,.T.);
#10225 = ORIENTED_EDGE('',*,*,#9674,.T.);
#10226 = ORIENTED_EDGE('',*,*,#10227,.F.);
#10227 = EDGE_CURVE('',#10202,#9675,#10228,.T.);
#10228 = LINE('',#10229,#10230);
#10229 = CARTESIAN_POINT('',(61.5,61.,155.));
#10230 = VECTOR('',#10231,1.);
#10231 = DIRECTION('',(0.,0.,1.));
#10232 = FACE_BOUND('',#10233,.F.);
#10233 = EDGE_LOOP('',(#10234));
#10234 = ORIENTED_EDGE('',*,*,#10235,.F.);
#10235 = EDGE_CURVE('',#10236,#10236,#10238,.T.);
#10236 = VERTEX_POINT('',#10237);
#10237 = CARTESIAN_POINT('',(23.5,61.,162.7));
#10238 = CIRCLE('',#10239,1.7);
#10239 = AXIS2_PLACEMENT_3D('',#10240,#10241,#10242);
#10240 = CARTESIAN_POINT('',(23.5,61.,161.));
#10241 = DIRECTION('',(0.,1.,0.));
#10242 = DIRECTION('',(0.,0.,1.));
#10243 = FACE_BOUND('',#10244,.F.);
#10244 = EDGE_LOOP('',(#10245,#10255,#10263,#10271,#10279));
#10245 = ORIENTED_EDGE('',*,*,#10246,.F.);
#10246 = EDGE_CURVE('',#10247,#10249,#10251,.T.);
#10247 = VERTEX_POINT('',#10248);
#10248 = CARTESIAN_POINT('',(52.7,61.,165.8));
#10249 = VERTEX_POINT('',#10250);
#10250 = CARTESIAN_POINT('',(26.3,61.,165.8));
#10251 = LINE('',#10252,#10253);
#10252 = CARTESIAN_POINT('',(21.9,61.,165.8));
#10253 = VECTOR('',#10254,1.);
#10254 = DIRECTION('',(-1.,0.,0.));
#10255 = ORIENTED_EDGE('',*,*,#10256,.F.);
#10256 = EDGE_CURVE('',#10257,#10247,#10259,.T.);
#10257 = VERTEX_POINT('',#10258);
#10258 = CARTESIAN_POINT('',(52.7,61.,183.2));
#10259 = LINE('',#10260,#10261);
#10260 = CARTESIAN_POINT('',(52.7,61.,160.4));
#10261 = VECTOR('',#10262,1.);
#10262 = DIRECTION('',(0.,0.,-1.));
#10263 = ORIENTED_EDGE('',*,*,#10264,.F.);
#10264 = EDGE_CURVE('',#10265,#10257,#10267,.T.);
#10265 = VERTEX_POINT('',#10266);
#10266 = CARTESIAN_POINT('',(47.7,61.,188.2));
#10267 = LINE('',#10268,#10269);
#10268 = CARTESIAN_POINT('',(50.95,61.,184.95));
#10269 = VECTOR('',#10270,1.);
#10270 = DIRECTION('',(0.707106781187,0.,-0.707106781187));
#10271 = ORIENTED_EDGE('',*,*,#10272,.F.);
#10272 = EDGE_CURVE('',#10273,#10265,#10275,.T.);
#10273 = VERTEX_POINT('',#10274);
#10274 = CARTESIAN_POINT('',(26.3,61.,188.2));
#10275 = LINE('',#10276,#10277);
#10276 = CARTESIAN_POINT('',(32.6,61.,188.2));
#10277 = VECTOR('',#10278,1.);
#10278 = DIRECTION('',(1.,0.,0.));
#10279 = ORIENTED_EDGE('',*,*,#10280,.F.);
#10280 = EDGE_CURVE('',#10249,#10273,#10281,.T.);
#10281 = LINE('',#10282,#10283);
#10282 = CARTESIAN_POINT('',(26.3,61.,171.6));
#10283 = VECTOR('',#10284,1.);
#10284 = DIRECTION('',(0.,0.,1.));
#10285 = FACE_BOUND('',#10286,.F.);
#10286 = EDGE_LOOP('',(#10287));
#10287 = ORIENTED_EDGE('',*,*,#10288,.F.);
#10288 = EDGE_CURVE('',#10289,#10289,#10291,.T.);
#10289 = VERTEX_POINT('',#10290);
#10290 = CARTESIAN_POINT('',(23.5,61.,194.7));
#10291 = CIRCLE('',#10292,1.7);
#10292 = AXIS2_PLACEMENT_3D('',#10293,#10294,#10295);
#10293 = CARTESIAN_POINT('',(23.5,61.,193.));
#10294 = DIRECTION('',(0.,1.,0.));
#10295 = DIRECTION('',(0.,0.,1.));
#10296 = FACE_BOUND('',#10297,.F.);
#10297 = EDGE_LOOP('',(#10298));
#10298 = ORIENTED_EDGE('',*,*,#10299,.F.);
#10299 = EDGE_CURVE('',#10300,#10300,#10302,.T.);
#10300 = VERTEX_POINT('',#10301);
#10301 = CARTESIAN_POINT('',(55.5,61.,162.7));
#10302 = CIRCLE('',#10303,1.7);
#10303 = AXIS2_PLACEMENT_3D('',#10304,#10305,#10306);
#10304 = CARTESIAN_POINT('',(55.5,61.,161.));
#10305 = DIRECTION('',(0.,1.,0.));
#10306 = DIRECTION('',(0.,0.,1.));
#10307 = FACE_BOUND('',#10308,.F.);
#10308 = EDGE_LOOP('',(#10309));
#10309 = ORIENTED_EDGE('',*,*,#10310,.F.);
#10310 = EDGE_CURVE('',#10311,#10311,#10313,.T.);
#10311 = VERTEX_POINT('',#10312);
#10312 = CARTESIAN_POINT('',(55.5,61.,194.7));
#10313 = CIRCLE('',#10314,1.7);
#10314 = AXIS2_PLACEMENT_3D('',#10315,#10316,#10317);
#10315 = CARTESIAN_POINT('',(55.5,61.,193.));
#10316 = DIRECTION('',(0.,1.,0.));
#10317 = DIRECTION('',(0.,0.,1.));
#10318 = PLANE('',#10319);
#10319 = AXIS2_PLACEMENT_3D('',#10320,#10321,#10322);
#10320 = CARTESIAN_POINT('',(17.5,61.,155.));
#10321 = DIRECTION('',(0.,1.,0.));
#10322 = DIRECTION('',(0.,0.,1.));
#10323 = ADVANCED_FACE('',(#10324),#10339,.T.);
#10324 = FACE_BOUND('',#10325,.T.);
#10325 = EDGE_LOOP('',(#10326,#10327,#10328,#10329,#10330,#10331,#10337,
    #10338));
#10326 = ORIENTED_EDGE('',*,*,#9682,.F.);
#10327 = ORIENTED_EDGE('',*,*,#10227,.F.);
#10328 = ORIENTED_EDGE('',*,*,#10209,.T.);
#10329 = ORIENTED_EDGE('',*,*,#10076,.T.);
#10330 = ORIENTED_EDGE('',*,*,#10046,.T.);
#10331 = ORIENTED_EDGE('',*,*,#10332,.T.);
#10332 = EDGE_CURVE('',#10039,#9855,#10333,.T.);
#10333 = LINE('',#10334,#10335);
#10334 = CARTESIAN_POINT('',(61.5,64.8,163.));
#10335 = VECTOR('',#10336,1.);
#10336 = DIRECTION('',(0.,0.,1.));
#10337 = ORIENTED_EDGE('',*,*,#9854,.F.);
#10338 = ORIENTED_EDGE('',*,*,#9704,.T.);
#10339 = PLANE('',#10340);
#10340 = AXIS2_PLACEMENT_3D('',#10341,#10342,#10343);
#10341 = CARTESIAN_POINT('',(61.5,61.,155.));
#10342 = DIRECTION('',(1.,0.,0.));
#10343 = DIRECTION('',(0.,0.,1.));
#10344 = ADVANCED_FACE('',(#10345),#10370,.F.);
#10345 = FACE_BOUND('',#10346,.F.);
#10346 = EDGE_LOOP('',(#10347,#10357,#10363,#10364));
#10347 = ORIENTED_EDGE('',*,*,#10348,.F.);
#10348 = EDGE_CURVE('',#10349,#10351,#10353,.T.);
#10349 = VERTEX_POINT('',#10350);
#10350 = CARTESIAN_POINT('',(26.790896534381,62.4,193.));
#10351 = VERTEX_POINT('',#10352);
#10352 = CARTESIAN_POINT('',(25.14544826719,62.4,195.85));
#10353 = LINE('',#10354,#10355);
#10354 = CARTESIAN_POINT('',(26.790896534381,62.4,193.));
#10355 = VECTOR('',#10356,1.);
#10356 = DIRECTION('',(-0.5,0.,0.866025403784));
#10357 = ORIENTED_EDGE('',*,*,#10358,.T.);
#10358 = EDGE_CURVE('',#10349,#9725,#10359,.T.);
#10359 = LINE('',#10360,#10361);
#10360 = CARTESIAN_POINT('',(26.790896534381,62.4,193.));
#10361 = VECTOR('',#10362,1.);
#10362 = DIRECTION('',(0.,1.,0.));
#10363 = ORIENTED_EDGE('',*,*,#9722,.F.);
#10364 = ORIENTED_EDGE('',*,*,#10365,.F.);
#10365 = EDGE_CURVE('',#10351,#9723,#10366,.T.);
#10366 = LINE('',#10367,#10368);
#10367 = CARTESIAN_POINT('',(25.14544826719,62.4,195.85));
#10368 = VECTOR('',#10369,1.);
#10369 = DIRECTION('',(0.,1.,0.));
#10370 = PLANE('',#10371);
#10371 = AXIS2_PLACEMENT_3D('',#10372,#10373,#10374);
#10372 = CARTESIAN_POINT('',(26.790896534381,62.4,193.));
#10373 = DIRECTION('',(0.866025403784,0.,0.5));
#10374 = DIRECTION('',(-0.5,0.,0.866025403784));
#10375 = ADVANCED_FACE('',(#10376),#10394,.F.);
#10376 = FACE_BOUND('',#10377,.F.);
#10377 = EDGE_LOOP('',(#10378,#10386,#10387,#10388));
#10378 = ORIENTED_EDGE('',*,*,#10379,.F.);
#10379 = EDGE_CURVE('',#10351,#10380,#10382,.T.);
#10380 = VERTEX_POINT('',#10381);
#10381 = CARTESIAN_POINT('',(21.85455173281,62.4,195.85));
#10382 = LINE('',#10383,#10384);
#10383 = CARTESIAN_POINT('',(25.14544826719,62.4,195.85));
#10384 = VECTOR('',#10385,1.);
#10385 = DIRECTION('',(-1.,0.,0.));
#10386 = ORIENTED_EDGE('',*,*,#10365,.T.);
#10387 = ORIENTED_EDGE('',*,*,#9732,.F.);
#10388 = ORIENTED_EDGE('',*,*,#10389,.F.);
#10389 = EDGE_CURVE('',#10380,#9733,#10390,.T.);
#10390 = LINE('',#10391,#10392);
#10391 = CARTESIAN_POINT('',(21.85455173281,62.4,195.85));
#10392 = VECTOR('',#10393,1.);
#10393 = DIRECTION('',(0.,1.,0.));
#10394 = PLANE('',#10395);
#10395 = AXIS2_PLACEMENT_3D('',#10396,#10397,#10398);
#10396 = CARTESIAN_POINT('',(25.14544826719,62.4,195.85));
#10397 = DIRECTION('',(0.,0.,1.));
#10398 = DIRECTION('',(-1.,0.,0.));
#10399 = ADVANCED_FACE('',(#10400),#10418,.F.);
#10400 = FACE_BOUND('',#10401,.F.);
#10401 = EDGE_LOOP('',(#10402,#10410,#10416,#10417));
#10402 = ORIENTED_EDGE('',*,*,#10403,.F.);
#10403 = EDGE_CURVE('',#10404,#10349,#10406,.T.);
#10404 = VERTEX_POINT('',#10405);
#10405 = CARTESIAN_POINT('',(25.14544826719,62.4,190.15));
#10406 = LINE('',#10407,#10408);
#10407 = CARTESIAN_POINT('',(25.14544826719,62.4,190.15));
#10408 = VECTOR('',#10409,1.);
#10409 = DIRECTION('',(0.5,0.,0.866025403784));
#10410 = ORIENTED_EDGE('',*,*,#10411,.T.);
#10411 = EDGE_CURVE('',#10404,#9757,#10412,.T.);
#10412 = LINE('',#10413,#10414);
#10413 = CARTESIAN_POINT('',(25.14544826719,62.4,190.15));
#10414 = VECTOR('',#10415,1.);
#10415 = DIRECTION('',(0.,1.,0.));
#10416 = ORIENTED_EDGE('',*,*,#9764,.F.);
#10417 = ORIENTED_EDGE('',*,*,#10358,.F.);
#10418 = PLANE('',#10419);
#10419 = AXIS2_PLACEMENT_3D('',#10420,#10421,#10422);
#10420 = CARTESIAN_POINT('',(25.14544826719,62.4,190.15));
#10421 = DIRECTION('',(0.866025403784,0.,-0.5));
#10422 = DIRECTION('',(0.5,0.,0.866025403784));
#10423 = ADVANCED_FACE('',(#10424),#10442,.F.);
#10424 = FACE_BOUND('',#10425,.F.);
#10425 = EDGE_LOOP('',(#10426,#10434,#10435,#10436));
#10426 = ORIENTED_EDGE('',*,*,#10427,.F.);
#10427 = EDGE_CURVE('',#10380,#10428,#10430,.T.);
#10428 = VERTEX_POINT('',#10429);
#10429 = CARTESIAN_POINT('',(20.209103465619,62.4,193.));
#10430 = LINE('',#10431,#10432);
#10431 = CARTESIAN_POINT('',(21.85455173281,62.4,195.85));
#10432 = VECTOR('',#10433,1.);
#10433 = DIRECTION('',(-0.5,0.,-0.866025403784));
#10434 = ORIENTED_EDGE('',*,*,#10389,.T.);
#10435 = ORIENTED_EDGE('',*,*,#9740,.F.);
#10436 = ORIENTED_EDGE('',*,*,#10437,.F.);
#10437 = EDGE_CURVE('',#10428,#9741,#10438,.T.);
#10438 = LINE('',#10439,#10440);
#10439 = CARTESIAN_POINT('',(20.209103465619,62.4,193.));
#10440 = VECTOR('',#10441,1.);
#10441 = DIRECTION('',(0.,1.,0.));
#10442 = PLANE('',#10443);
#10443 = AXIS2_PLACEMENT_3D('',#10444,#10445,#10446);
#10444 = CARTESIAN_POINT('',(21.85455173281,62.4,195.85));
#10445 = DIRECTION('',(-0.866025403784,0.,0.5));
#10446 = DIRECTION('',(-0.5,0.,-0.866025403784));
#10447 = ADVANCED_FACE('',(#10448),#10466,.F.);
#10448 = FACE_BOUND('',#10449,.F.);
#10449 = EDGE_LOOP('',(#10450,#10458,#10464,#10465));
#10450 = ORIENTED_EDGE('',*,*,#10451,.F.);
#10451 = EDGE_CURVE('',#10452,#10404,#10454,.T.);
#10452 = VERTEX_POINT('',#10453);
#10453 = CARTESIAN_POINT('',(21.85455173281,62.4,190.15));
#10454 = LINE('',#10455,#10456);
#10455 = CARTESIAN_POINT('',(21.85455173281,62.4,190.15));
#10456 = VECTOR('',#10457,1.);
#10457 = DIRECTION('',(1.,0.,0.));
#10458 = ORIENTED_EDGE('',*,*,#10459,.T.);
#10459 = EDGE_CURVE('',#10452,#9749,#10460,.T.);
#10460 = LINE('',#10461,#10462);
#10461 = CARTESIAN_POINT('',(21.85455173281,62.4,190.15));
#10462 = VECTOR('',#10463,1.);
#10463 = DIRECTION('',(0.,1.,0.));
#10464 = ORIENTED_EDGE('',*,*,#9756,.F.);
#10465 = ORIENTED_EDGE('',*,*,#10411,.F.);
#10466 = PLANE('',#10467);
#10467 = AXIS2_PLACEMENT_3D('',#10468,#10469,#10470);
#10468 = CARTESIAN_POINT('',(21.85455173281,62.4,190.15));
#10469 = DIRECTION('',(0.,0.,-1.));
#10470 = DIRECTION('',(1.,0.,0.));
#10471 = ADVANCED_FACE('',(#10472),#10483,.F.);
#10472 = FACE_BOUND('',#10473,.F.);
#10473 = EDGE_LOOP('',(#10474,#10480,#10481,#10482));
#10474 = ORIENTED_EDGE('',*,*,#10475,.F.);
#10475 = EDGE_CURVE('',#10428,#10452,#10476,.T.);
#10476 = LINE('',#10477,#10478);
#10477 = CARTESIAN_POINT('',(20.209103465619,62.4,193.));
#10478 = VECTOR('',#10479,1.);
#10479 = DIRECTION('',(0.5,0.,-0.866025403784));
#10480 = ORIENTED_EDGE('',*,*,#10437,.T.);
#10481 = ORIENTED_EDGE('',*,*,#9748,.F.);
#10482 = ORIENTED_EDGE('',*,*,#10459,.F.);
#10483 = PLANE('',#10484);
#10484 = AXIS2_PLACEMENT_3D('',#10485,#10486,#10487);
#10485 = CARTESIAN_POINT('',(20.209103465619,62.4,193.));
#10486 = DIRECTION('',(-0.866025403784,0.,-0.5));
#10487 = DIRECTION('',(0.5,0.,-0.866025403784));
#10488 = ADVANCED_FACE('',(#10489),#10514,.F.);
#10489 = FACE_BOUND('',#10490,.F.);
#10490 = EDGE_LOOP('',(#10491,#10501,#10507,#10508));
#10491 = ORIENTED_EDGE('',*,*,#10492,.F.);
#10492 = EDGE_CURVE('',#10493,#10495,#10497,.T.);
#10493 = VERTEX_POINT('',#10494);
#10494 = CARTESIAN_POINT('',(58.790896534381,62.4,193.));
#10495 = VERTEX_POINT('',#10496);
#10496 = CARTESIAN_POINT('',(57.14544826719,62.4,195.85));
#10497 = LINE('',#10498,#10499);
#10498 = CARTESIAN_POINT('',(58.790896534381,62.4,193.));
#10499 = VECTOR('',#10500,1.);
#10500 = DIRECTION('',(-0.5,0.,0.866025403784));
#10501 = ORIENTED_EDGE('',*,*,#10502,.T.);
#10502 = EDGE_CURVE('',#10493,#9775,#10503,.T.);
#10503 = LINE('',#10504,#10505);
#10504 = CARTESIAN_POINT('',(58.790896534381,62.4,193.));
#10505 = VECTOR('',#10506,1.);
#10506 = DIRECTION('',(0.,1.,0.));
#10507 = ORIENTED_EDGE('',*,*,#9772,.F.);
#10508 = ORIENTED_EDGE('',*,*,#10509,.F.);
#10509 = EDGE_CURVE('',#10495,#9773,#10510,.T.);
#10510 = LINE('',#10511,#10512);
#10511 = CARTESIAN_POINT('',(57.14544826719,62.4,195.85));
#10512 = VECTOR('',#10513,1.);
#10513 = DIRECTION('',(0.,1.,0.));
#10514 = PLANE('',#10515);
#10515 = AXIS2_PLACEMENT_3D('',#10516,#10517,#10518);
#10516 = CARTESIAN_POINT('',(58.790896534381,62.4,193.));
#10517 = DIRECTION('',(0.866025403784,0.,0.5));
#10518 = DIRECTION('',(-0.5,0.,0.866025403784));
#10519 = ADVANCED_FACE('',(#10520),#10538,.F.);
#10520 = FACE_BOUND('',#10521,.F.);
#10521 = EDGE_LOOP('',(#10522,#10530,#10531,#10532));
#10522 = ORIENTED_EDGE('',*,*,#10523,.F.);
#10523 = EDGE_CURVE('',#10495,#10524,#10526,.T.);
#10524 = VERTEX_POINT('',#10525);
#10525 = CARTESIAN_POINT('',(53.85455173281,62.4,195.85));
#10526 = LINE('',#10527,#10528);
#10527 = CARTESIAN_POINT('',(57.14544826719,62.4,195.85));
#10528 = VECTOR('',#10529,1.);
#10529 = DIRECTION('',(-1.,0.,0.));
#10530 = ORIENTED_EDGE('',*,*,#10509,.T.);
#10531 = ORIENTED_EDGE('',*,*,#9782,.F.);
#10532 = ORIENTED_EDGE('',*,*,#10533,.F.);
#10533 = EDGE_CURVE('',#10524,#9783,#10534,.T.);
#10534 = LINE('',#10535,#10536);
#10535 = CARTESIAN_POINT('',(53.85455173281,62.4,195.85));
#10536 = VECTOR('',#10537,1.);
#10537 = DIRECTION('',(0.,1.,0.));
#10538 = PLANE('',#10539);
#10539 = AXIS2_PLACEMENT_3D('',#10540,#10541,#10542);
#10540 = CARTESIAN_POINT('',(57.14544826719,62.4,195.85));
#10541 = DIRECTION('',(0.,0.,1.));
#10542 = DIRECTION('',(-1.,0.,0.));
#10543 = ADVANCED_FACE('',(#10544),#10562,.F.);
#10544 = FACE_BOUND('',#10545,.F.);
#10545 = EDGE_LOOP('',(#10546,#10554,#10560,#10561));
#10546 = ORIENTED_EDGE('',*,*,#10547,.F.);
#10547 = EDGE_CURVE('',#10548,#10493,#10550,.T.);
#10548 = VERTEX_POINT('',#10549);
#10549 = CARTESIAN_POINT('',(57.14544826719,62.4,190.15));
#10550 = LINE('',#10551,#10552);
#10551 = CARTESIAN_POINT('',(57.14544826719,62.4,190.15));
#10552 = VECTOR('',#10553,1.);
#10553 = DIRECTION('',(0.5,0.,0.866025403784));
#10554 = ORIENTED_EDGE('',*,*,#10555,.T.);
#10555 = EDGE_CURVE('',#10548,#9807,#10556,.T.);
#10556 = LINE('',#10557,#10558);
#10557 = CARTESIAN_POINT('',(57.14544826719,62.4,190.15));
#10558 = VECTOR('',#10559,1.);
#10559 = DIRECTION('',(0.,1.,0.));
#10560 = ORIENTED_EDGE('',*,*,#9814,.F.);
#10561 = ORIENTED_EDGE('',*,*,#10502,.F.);
#10562 = PLANE('',#10563);
#10563 = AXIS2_PLACEMENT_3D('',#10564,#10565,#10566);
#10564 = CARTESIAN_POINT('',(57.14544826719,62.4,190.15));
#10565 = DIRECTION('',(0.866025403784,0.,-0.5));
#10566 = DIRECTION('',(0.5,0.,0.866025403784));
#10567 = ADVANCED_FACE('',(#10568),#10586,.F.);
#10568 = FACE_BOUND('',#10569,.F.);
#10569 = EDGE_LOOP('',(#10570,#10578,#10579,#10580));
#10570 = ORIENTED_EDGE('',*,*,#10571,.F.);
#10571 = EDGE_CURVE('',#10524,#10572,#10574,.T.);
#10572 = VERTEX_POINT('',#10573);
#10573 = CARTESIAN_POINT('',(52.209103465619,62.4,193.));
#10574 = LINE('',#10575,#10576);
#10575 = CARTESIAN_POINT('',(53.85455173281,62.4,195.85));
#10576 = VECTOR('',#10577,1.);
#10577 = DIRECTION('',(-0.5,0.,-0.866025403784));
#10578 = ORIENTED_EDGE('',*,*,#10533,.T.);
#10579 = ORIENTED_EDGE('',*,*,#9790,.F.);
#10580 = ORIENTED_EDGE('',*,*,#10581,.F.);
#10581 = EDGE_CURVE('',#10572,#9791,#10582,.T.);
#10582 = LINE('',#10583,#10584);
#10583 = CARTESIAN_POINT('',(52.209103465619,62.4,193.));
#10584 = VECTOR('',#10585,1.);
#10585 = DIRECTION('',(0.,1.,0.));
#10586 = PLANE('',#10587);
#10587 = AXIS2_PLACEMENT_3D('',#10588,#10589,#10590);
#10588 = CARTESIAN_POINT('',(53.85455173281,62.4,195.85));
#10589 = DIRECTION('',(-0.866025403784,0.,0.5));
#10590 = DIRECTION('',(-0.5,0.,-0.866025403784));
#10591 = ADVANCED_FACE('',(#10592),#10610,.F.);
#10592 = FACE_BOUND('',#10593,.F.);
#10593 = EDGE_LOOP('',(#10594,#10602,#10608,#10609));
#10594 = ORIENTED_EDGE('',*,*,#10595,.F.);
#10595 = EDGE_CURVE('',#10596,#10548,#10598,.T.);
#10596 = VERTEX_POINT('',#10597);
#10597 = CARTESIAN_POINT('',(53.85455173281,62.4,190.15));
#10598 = LINE('',#10599,#10600);
#10599 = CARTESIAN_POINT('',(53.85455173281,62.4,190.15));
#10600 = VECTOR('',#10601,1.);
#10601 = DIRECTION('',(1.,0.,0.));
#10602 = ORIENTED_EDGE('',*,*,#10603,.T.);
#10603 = EDGE_CURVE('',#10596,#9799,#10604,.T.);
#10604 = LINE('',#10605,#10606);
#10605 = CARTESIAN_POINT('',(53.85455173281,62.4,190.15));
#10606 = VECTOR('',#10607,1.);
#10607 = DIRECTION('',(0.,1.,0.));
#10608 = ORIENTED_EDGE('',*,*,#9806,.F.);
#10609 = ORIENTED_EDGE('',*,*,#10555,.F.);
#10610 = PLANE('',#10611);
#10611 = AXIS2_PLACEMENT_3D('',#10612,#10613,#10614);
#10612 = CARTESIAN_POINT('',(53.85455173281,62.4,190.15));
#10613 = DIRECTION('',(0.,0.,-1.));
#10614 = DIRECTION('',(1.,0.,0.));
#10615 = ADVANCED_FACE('',(#10616),#10627,.F.);
#10616 = FACE_BOUND('',#10617,.F.);
#10617 = EDGE_LOOP('',(#10618,#10624,#10625,#10626));
#10618 = ORIENTED_EDGE('',*,*,#10619,.F.);
#10619 = EDGE_CURVE('',#10572,#10596,#10620,.T.);
#10620 = LINE('',#10621,#10622);
#10621 = CARTESIAN_POINT('',(52.209103465619,62.4,193.));
#10622 = VECTOR('',#10623,1.);
#10623 = DIRECTION('',(0.5,0.,-0.866025403784));
#10624 = ORIENTED_EDGE('',*,*,#10581,.T.);
#10625 = ORIENTED_EDGE('',*,*,#9798,.F.);
#10626 = ORIENTED_EDGE('',*,*,#10603,.F.);
#10627 = PLANE('',#10628);
#10628 = AXIS2_PLACEMENT_3D('',#10629,#10630,#10631);
#10629 = CARTESIAN_POINT('',(52.209103465619,62.4,193.));
#10630 = DIRECTION('',(-0.866025403784,0.,-0.5));
#10631 = DIRECTION('',(0.5,0.,-0.866025403784));
#10632 = ADVANCED_FACE('',(#10633),#10649,.T.);
#10633 = FACE_BOUND('',#10634,.T.);
#10634 = EDGE_LOOP('',(#10635,#10636,#10642,#10643));
#10635 = ORIENTED_EDGE('',*,*,#9964,.F.);
#10636 = ORIENTED_EDGE('',*,*,#10637,.T.);
#10637 = EDGE_CURVE('',#9965,#9829,#10638,.T.);
#10638 = LINE('',#10639,#10640);
#10639 = CARTESIAN_POINT('',(12.5,69.,171.));
#10640 = VECTOR('',#10641,1.);
#10641 = DIRECTION('',(0.,0.,1.));
#10642 = ORIENTED_EDGE('',*,*,#9828,.T.);
#10643 = ORIENTED_EDGE('',*,*,#10644,.T.);
#10644 = EDGE_CURVE('',#9831,#9967,#10645,.T.);
#10645 = LINE('',#10646,#10647);
#10646 = CARTESIAN_POINT('',(15.5,69.,171.));
#10647 = VECTOR('',#10648,1.);
#10648 = DIRECTION('',(0.,0.,-1.));
#10649 = PLANE('',#10650);
#10650 = AXIS2_PLACEMENT_3D('',#10651,#10652,#10653);
#10651 = CARTESIAN_POINT('',(12.5,69.,171.));
#10652 = DIRECTION('',(0.,1.,0.));
#10653 = DIRECTION('',(0.,0.,1.));
#10654 = ADVANCED_FACE('',(#10655),#10661,.F.);
#10655 = FACE_BOUND('',#10656,.F.);
#10656 = EDGE_LOOP('',(#10657,#10658,#10659,#10660));
#10657 = ORIENTED_EDGE('',*,*,#9948,.F.);
#10658 = ORIENTED_EDGE('',*,*,#10062,.T.);
#10659 = ORIENTED_EDGE('',*,*,#10637,.T.);
#10660 = ORIENTED_EDGE('',*,*,#9838,.F.);
#10661 = PLANE('',#10662);
#10662 = AXIS2_PLACEMENT_3D('',#10663,#10664,#10665);
#10663 = CARTESIAN_POINT('',(12.5,64.8,171.));
#10664 = DIRECTION('',(1.,0.,0.));
#10665 = DIRECTION('',(0.,0.,1.));
#10666 = ADVANCED_FACE('',(#10667),#10678,.F.);
#10667 = FACE_BOUND('',#10668,.F.);
#10668 = EDGE_LOOP('',(#10669,#10670,#10671,#10672));
#10669 = ORIENTED_EDGE('',*,*,#10038,.F.);
#10670 = ORIENTED_EDGE('',*,*,#10332,.T.);
#10671 = ORIENTED_EDGE('',*,*,#9862,.T.);
#10672 = ORIENTED_EDGE('',*,*,#10673,.F.);
#10673 = EDGE_CURVE('',#10031,#9863,#10674,.T.);
#10674 = LINE('',#10675,#10676);
#10675 = CARTESIAN_POINT('',(66.5,64.8,171.));
#10676 = VECTOR('',#10677,1.);
#10677 = DIRECTION('',(0.,0.,1.));
#10678 = PLANE('',#10679);
#10679 = AXIS2_PLACEMENT_3D('',#10680,#10681,#10682);
#10680 = CARTESIAN_POINT('',(12.5,64.8,171.));
#10681 = DIRECTION('',(0.,1.,0.));
#10682 = DIRECTION('',(0.,0.,1.));
#10683 = ADVANCED_FACE('',(#10684,#10695),#10706,.T.);
#10684 = FACE_BOUND('',#10685,.T.);
#10685 = EDGE_LOOP('',(#10686,#10687,#10688,#10689));
#10686 = ORIENTED_EDGE('',*,*,#9870,.F.);
#10687 = ORIENTED_EDGE('',*,*,#10673,.F.);
#10688 = ORIENTED_EDGE('',*,*,#10030,.T.);
#10689 = ORIENTED_EDGE('',*,*,#10690,.T.);
#10690 = EDGE_CURVE('',#10023,#9871,#10691,.T.);
#10691 = LINE('',#10692,#10693);
#10692 = CARTESIAN_POINT('',(66.5,92.,171.));
#10693 = VECTOR('',#10694,1.);
#10694 = DIRECTION('',(0.,0.,1.));
#10695 = FACE_BOUND('',#10696,.T.);
#10696 = EDGE_LOOP('',(#10697));
#10697 = ORIENTED_EDGE('',*,*,#10698,.F.);
#10698 = EDGE_CURVE('',#10699,#10699,#10701,.T.);
#10699 = VERTEX_POINT('',#10700);
#10700 = CARTESIAN_POINT('',(66.5,87.,178.6));
#10701 = CIRCLE('',#10702,1.6);
#10702 = AXIS2_PLACEMENT_3D('',#10703,#10704,#10705);
#10703 = CARTESIAN_POINT('',(66.5,87.,177.));
#10704 = DIRECTION('',(1.,0.,-0.));
#10705 = DIRECTION('',(0.,0.,1.));
#10706 = PLANE('',#10707);
#10707 = AXIS2_PLACEMENT_3D('',#10708,#10709,#10710);
#10708 = CARTESIAN_POINT('',(66.5,78.4,177.));
#10709 = DIRECTION('',(1.,0.,0.));
#10710 = DIRECTION('',(0.,0.,1.));
#10711 = ADVANCED_FACE('',(#10712),#10723,.T.);
#10712 = FACE_BOUND('',#10713,.T.);
#10713 = EDGE_LOOP('',(#10714,#10715,#10721,#10722));
#10714 = ORIENTED_EDGE('',*,*,#10022,.F.);
#10715 = ORIENTED_EDGE('',*,*,#10716,.T.);
#10716 = EDGE_CURVE('',#10015,#9879,#10717,.T.);
#10717 = LINE('',#10718,#10719);
#10718 = CARTESIAN_POINT('',(63.5,92.,171.));
#10719 = VECTOR('',#10720,1.);
#10720 = DIRECTION('',(0.,0.,1.));
#10721 = ORIENTED_EDGE('',*,*,#9878,.T.);
#10722 = ORIENTED_EDGE('',*,*,#10690,.F.);
#10723 = PLANE('',#10724);
#10724 = AXIS2_PLACEMENT_3D('',#10725,#10726,#10727);
#10725 = CARTESIAN_POINT('',(63.5,92.,171.));
#10726 = DIRECTION('',(0.,1.,0.));
#10727 = DIRECTION('',(0.,0.,1.));
#10728 = ADVANCED_FACE('',(#10729,#10740),#10751,.F.);
#10729 = FACE_BOUND('',#10730,.F.);
#10730 = EDGE_LOOP('',(#10731,#10737,#10738,#10739));
#10731 = ORIENTED_EDGE('',*,*,#10732,.T.);
#10732 = EDGE_CURVE('',#9887,#10007,#10733,.T.);
#10733 = LINE('',#10734,#10735);
#10734 = CARTESIAN_POINT('',(63.5,69.,171.));
#10735 = VECTOR('',#10736,1.);
#10736 = DIRECTION('',(0.,0.,-1.));
#10737 = ORIENTED_EDGE('',*,*,#10014,.T.);
#10738 = ORIENTED_EDGE('',*,*,#10716,.T.);
#10739 = ORIENTED_EDGE('',*,*,#9886,.F.);
#10740 = FACE_BOUND('',#10741,.F.);
#10741 = EDGE_LOOP('',(#10742));
#10742 = ORIENTED_EDGE('',*,*,#10743,.F.);
#10743 = EDGE_CURVE('',#10744,#10744,#10746,.T.);
#10744 = VERTEX_POINT('',#10745);
#10745 = CARTESIAN_POINT('',(63.5,87.,178.6));
#10746 = CIRCLE('',#10747,1.6);
#10747 = AXIS2_PLACEMENT_3D('',#10748,#10749,#10750);
#10748 = CARTESIAN_POINT('',(63.5,87.,177.));
#10749 = DIRECTION('',(1.,0.,-0.));
#10750 = DIRECTION('',(0.,0.,1.));
#10751 = PLANE('',#10752);
#10752 = AXIS2_PLACEMENT_3D('',#10753,#10754,#10755);
#10753 = CARTESIAN_POINT('',(63.5,67.,171.));
#10754 = DIRECTION('',(1.,0.,0.));
#10755 = DIRECTION('',(0.,0.,1.));
#10756 = ADVANCED_FACE('',(#10757,#10768),#10802,.T.);
#10757 = FACE_BOUND('',#10758,.T.);
#10758 = EDGE_LOOP('',(#10759,#10760,#10766,#10767));
#10759 = ORIENTED_EDGE('',*,*,#10006,.F.);
#10760 = ORIENTED_EDGE('',*,*,#10761,.F.);
#10761 = EDGE_CURVE('',#9895,#9999,#10762,.T.);
#10762 = LINE('',#10763,#10764);
#10763 = CARTESIAN_POINT('',(18.5,69.,171.));
#10764 = VECTOR('',#10765,1.);
#10765 = DIRECTION('',(0.,0.,-1.));
#10766 = ORIENTED_EDGE('',*,*,#9894,.T.);
#10767 = ORIENTED_EDGE('',*,*,#10732,.T.);
#10768 = FACE_BOUND('',#10769,.T.);
#10769 = EDGE_LOOP('',(#10770,#10780,#10788,#10796));
#10770 = ORIENTED_EDGE('',*,*,#10771,.F.);
#10771 = EDGE_CURVE('',#10772,#10774,#10776,.T.);
#10772 = VERTEX_POINT('',#10773);
#10773 = CARTESIAN_POINT('',(30.5,69.,182.));
#10774 = VERTEX_POINT('',#10775);
#10775 = CARTESIAN_POINT('',(48.5,69.,182.));
#10776 = LINE('',#10777,#10778);
#10777 = CARTESIAN_POINT('',(21.5,69.,182.));
#10778 = VECTOR('',#10779,1.);
#10779 = DIRECTION('',(1.,0.,0.));
#10780 = ORIENTED_EDGE('',*,*,#10781,.T.);
#10781 = EDGE_CURVE('',#10772,#10782,#10784,.T.);
#10782 = VERTEX_POINT('',#10783);
#10783 = CARTESIAN_POINT('',(30.5,69.,172.));
#10784 = LINE('',#10785,#10786);
#10785 = CARTESIAN_POINT('',(30.5,69.,171.5));
#10786 = VECTOR('',#10787,1.);
#10787 = DIRECTION('',(0.,0.,-1.));
#10788 = ORIENTED_EDGE('',*,*,#10789,.T.);
#10789 = EDGE_CURVE('',#10782,#10790,#10792,.T.);
#10790 = VERTEX_POINT('',#10791);
#10791 = CARTESIAN_POINT('',(48.5,69.,172.));
#10792 = LINE('',#10793,#10794);
#10793 = CARTESIAN_POINT('',(21.5,69.,172.));
#10794 = VECTOR('',#10795,1.);
#10795 = DIRECTION('',(1.,0.,0.));
#10796 = ORIENTED_EDGE('',*,*,#10797,.F.);
#10797 = EDGE_CURVE('',#10774,#10790,#10798,.T.);
#10798 = LINE('',#10799,#10800);
#10799 = CARTESIAN_POINT('',(48.5,69.,171.5));
#10800 = VECTOR('',#10801,1.);
#10801 = DIRECTION('',(0.,0.,-1.));
#10802 = PLANE('',#10803);
#10803 = AXIS2_PLACEMENT_3D('',#10804,#10805,#10806);
#10804 = CARTESIAN_POINT('',(12.5,69.,171.));
#10805 = DIRECTION('',(0.,1.,0.));
#10806 = DIRECTION('',(0.,0.,1.));
#10807 = ADVANCED_FACE('',(#10808),#10820,.T.);
#10808 = FACE_BOUND('',#10809,.T.);
#10809 = EDGE_LOOP('',(#10810,#10811,#10812,#10813));
#10810 = ORIENTED_EDGE('',*,*,#9902,.F.);
#10811 = ORIENTED_EDGE('',*,*,#10761,.T.);
#10812 = ORIENTED_EDGE('',*,*,#9998,.T.);
#10813 = ORIENTED_EDGE('',*,*,#10814,.F.);
#10814 = EDGE_CURVE('',#9903,#9991,#10815,.T.);
#10815 = CIRCLE('',#10816,14.);
#10816 = AXIS2_PLACEMENT_3D('',#10817,#10818,#10819);
#10817 = CARTESIAN_POINT('',(18.5,87.,177.));
#10818 = DIRECTION('',(1.,0.,-0.));
#10819 = DIRECTION('',(0.,0.,1.));
#10820 = PLANE('',#10821);
#10821 = AXIS2_PLACEMENT_3D('',#10822,#10823,#10824);
#10822 = CARTESIAN_POINT('',(18.5,67.,171.));
#10823 = DIRECTION('',(1.,0.,0.));
#10824 = DIRECTION('',(0.,0.,1.));
#10825 = ADVANCED_FACE('',(#10826,#10852,#10863),#10874,.F.);
#10826 = FACE_BOUND('',#10827,.F.);
#10827 = EDGE_LOOP('',(#10828,#10837,#10844,#10845,#10851));
#10828 = ORIENTED_EDGE('',*,*,#10829,.T.);
#10829 = EDGE_CURVE('',#9991,#10830,#10832,.T.);
#10830 = VERTEX_POINT('',#10831);
#10831 = CARTESIAN_POINT('',(18.5,87.,191.));
#10832 = CIRCLE('',#10833,14.);
#10833 = AXIS2_PLACEMENT_3D('',#10834,#10835,#10836);
#10834 = CARTESIAN_POINT('',(18.5,87.,177.));
#10835 = DIRECTION('',(1.,0.,-0.));
#10836 = DIRECTION('',(0.,0.,1.));
#10837 = ORIENTED_EDGE('',*,*,#10838,.T.);
#10838 = EDGE_CURVE('',#10830,#9903,#10839,.T.);
#10839 = CIRCLE('',#10840,14.);
#10840 = AXIS2_PLACEMENT_3D('',#10841,#10842,#10843);
#10841 = CARTESIAN_POINT('',(18.5,87.,177.));
#10842 = DIRECTION('',(1.,0.,-0.));
#10843 = DIRECTION('',(0.,0.,1.));
#10844 = ORIENTED_EDGE('',*,*,#9910,.T.);
#10845 = ORIENTED_EDGE('',*,*,#10846,.F.);
#10846 = EDGE_CURVE('',#9983,#9911,#10847,.T.);
#10847 = LINE('',#10848,#10849);
#10848 = CARTESIAN_POINT('',(18.5,92.,171.));
#10849 = VECTOR('',#10850,1.);
#10850 = DIRECTION('',(0.,0.,1.));
#10851 = ORIENTED_EDGE('',*,*,#9990,.F.);
#10852 = FACE_BOUND('',#10853,.F.);
#10853 = EDGE_LOOP('',(#10854));
#10854 = ORIENTED_EDGE('',*,*,#10855,.F.);
#10855 = EDGE_CURVE('',#10856,#10856,#10858,.T.);
#10856 = VERTEX_POINT('',#10857);
#10857 = CARTESIAN_POINT('',(18.5,87.,167.1));
#10858 = CIRCLE('',#10859,1.1);
#10859 = AXIS2_PLACEMENT_3D('',#10860,#10861,#10862);
#10860 = CARTESIAN_POINT('',(18.5,87.,166.));
#10861 = DIRECTION('',(1.,0.,-0.));
#10862 = DIRECTION('',(0.,0.,1.));
#10863 = FACE_BOUND('',#10864,.F.);
#10864 = EDGE_LOOP('',(#10865));
#10865 = ORIENTED_EDGE('',*,*,#10866,.F.);
#10866 = EDGE_CURVE('',#10867,#10867,#10869,.T.);
#10867 = VERTEX_POINT('',#10868);
#10868 = CARTESIAN_POINT('',(18.5,87.,189.1));
#10869 = CIRCLE('',#10870,1.1);
#10870 = AXIS2_PLACEMENT_3D('',#10871,#10872,#10873);
#10871 = CARTESIAN_POINT('',(18.5,87.,188.));
#10872 = DIRECTION('',(1.,0.,-0.));
#10873 = DIRECTION('',(0.,0.,1.));
#10874 = PLANE('',#10875);
#10875 = AXIS2_PLACEMENT_3D('',#10876,#10877,#10878);
#10876 = CARTESIAN_POINT('',(18.5,87.,177.));
#10877 = DIRECTION('',(1.,0.,0.));
#10878 = DIRECTION('',(0.,0.,1.));
#10879 = ADVANCED_FACE('',(#10880),#10891,.T.);
#10880 = FACE_BOUND('',#10881,.T.);
#10881 = EDGE_LOOP('',(#10882,#10883,#10889,#10890));
#10882 = ORIENTED_EDGE('',*,*,#9982,.F.);
#10883 = ORIENTED_EDGE('',*,*,#10884,.T.);
#10884 = EDGE_CURVE('',#9975,#9919,#10885,.T.);
#10885 = LINE('',#10886,#10887);
#10886 = CARTESIAN_POINT('',(15.5,92.,171.));
#10887 = VECTOR('',#10888,1.);
#10888 = DIRECTION('',(0.,0.,1.));
#10889 = ORIENTED_EDGE('',*,*,#9918,.T.);
#10890 = ORIENTED_EDGE('',*,*,#10846,.F.);
#10891 = PLANE('',#10892);
#10892 = AXIS2_PLACEMENT_3D('',#10893,#10894,#10895);
#10893 = CARTESIAN_POINT('',(15.5,92.,171.));
#10894 = DIRECTION('',(0.,1.,0.));
#10895 = DIRECTION('',(0.,0.,1.));
#10896 = ADVANCED_FACE('',(#10897),#10903,.F.);
#10897 = FACE_BOUND('',#10898,.F.);
#10898 = EDGE_LOOP('',(#10899,#10900,#10901,#10902));
#10899 = ORIENTED_EDGE('',*,*,#10644,.T.);
#10900 = ORIENTED_EDGE('',*,*,#9974,.T.);
#10901 = ORIENTED_EDGE('',*,*,#10884,.T.);
#10902 = ORIENTED_EDGE('',*,*,#9926,.F.);
#10903 = PLANE('',#10904);
#10904 = AXIS2_PLACEMENT_3D('',#10905,#10906,#10907);
#10905 = CARTESIAN_POINT('',(15.5,67.,171.));
#10906 = DIRECTION('',(1.,0.,0.));
#10907 = DIRECTION('',(0.,0.,1.));
#10908 = ADVANCED_FACE('',(#10909),#10934,.F.);
#10909 = FACE_BOUND('',#10910,.F.);
#10910 = EDGE_LOOP('',(#10911,#10921,#10927,#10928));
#10911 = ORIENTED_EDGE('',*,*,#10912,.F.);
#10912 = EDGE_CURVE('',#10913,#10915,#10917,.T.);
#10913 = VERTEX_POINT('',#10914);
#10914 = CARTESIAN_POINT('',(26.790896534381,62.4,161.));
#10915 = VERTEX_POINT('',#10916);
#10916 = CARTESIAN_POINT('',(25.14544826719,62.4,163.85));
#10917 = LINE('',#10918,#10919);
#10918 = CARTESIAN_POINT('',(26.790896534381,62.4,161.));
#10919 = VECTOR('',#10920,1.);
#10920 = DIRECTION('',(-0.5,0.,0.866025403784));
#10921 = ORIENTED_EDGE('',*,*,#10922,.T.);
#10922 = EDGE_CURVE('',#10913,#10097,#10923,.T.);
#10923 = LINE('',#10924,#10925);
#10924 = CARTESIAN_POINT('',(26.790896534381,62.4,161.));
#10925 = VECTOR('',#10926,1.);
#10926 = DIRECTION('',(0.,1.,0.));
#10927 = ORIENTED_EDGE('',*,*,#10094,.F.);
#10928 = ORIENTED_EDGE('',*,*,#10929,.F.);
#10929 = EDGE_CURVE('',#10915,#10095,#10930,.T.);
#10930 = LINE('',#10931,#10932);
#10931 = CARTESIAN_POINT('',(25.14544826719,62.4,163.85));
#10932 = VECTOR('',#10933,1.);
#10933 = DIRECTION('',(0.,1.,0.));
#10934 = PLANE('',#10935);
#10935 = AXIS2_PLACEMENT_3D('',#10936,#10937,#10938);
#10936 = CARTESIAN_POINT('',(26.790896534381,62.4,161.));
#10937 = DIRECTION('',(0.866025403784,0.,0.5));
#10938 = DIRECTION('',(-0.5,0.,0.866025403784));
#10939 = ADVANCED_FACE('',(#10940),#10958,.F.);
#10940 = FACE_BOUND('',#10941,.F.);
#10941 = EDGE_LOOP('',(#10942,#10950,#10951,#10952));
#10942 = ORIENTED_EDGE('',*,*,#10943,.F.);
#10943 = EDGE_CURVE('',#10915,#10944,#10946,.T.);
#10944 = VERTEX_POINT('',#10945);
#10945 = CARTESIAN_POINT('',(21.85455173281,62.4,163.85));
#10946 = LINE('',#10947,#10948);
#10947 = CARTESIAN_POINT('',(25.14544826719,62.4,163.85));
#10948 = VECTOR('',#10949,1.);
#10949 = DIRECTION('',(-1.,0.,0.));
#10950 = ORIENTED_EDGE('',*,*,#10929,.T.);
#10951 = ORIENTED_EDGE('',*,*,#10104,.F.);
#10952 = ORIENTED_EDGE('',*,*,#10953,.F.);
#10953 = EDGE_CURVE('',#10944,#10105,#10954,.T.);
#10954 = LINE('',#10955,#10956);
#10955 = CARTESIAN_POINT('',(21.85455173281,62.4,163.85));
#10956 = VECTOR('',#10957,1.);
#10957 = DIRECTION('',(0.,1.,0.));
#10958 = PLANE('',#10959);
#10959 = AXIS2_PLACEMENT_3D('',#10960,#10961,#10962);
#10960 = CARTESIAN_POINT('',(25.14544826719,62.4,163.85));
#10961 = DIRECTION('',(0.,0.,1.));
#10962 = DIRECTION('',(-1.,0.,0.));
#10963 = ADVANCED_FACE('',(#10964),#10982,.F.);
#10964 = FACE_BOUND('',#10965,.F.);
#10965 = EDGE_LOOP('',(#10966,#10974,#10980,#10981));
#10966 = ORIENTED_EDGE('',*,*,#10967,.F.);
#10967 = EDGE_CURVE('',#10968,#10913,#10970,.T.);
#10968 = VERTEX_POINT('',#10969);
#10969 = CARTESIAN_POINT('',(25.14544826719,62.4,158.15));
#10970 = LINE('',#10971,#10972);
#10971 = CARTESIAN_POINT('',(25.14544826719,62.4,158.15));
#10972 = VECTOR('',#10973,1.);
#10973 = DIRECTION('',(0.5,0.,0.866025403784));
#10974 = ORIENTED_EDGE('',*,*,#10975,.T.);
#10975 = EDGE_CURVE('',#10968,#10129,#10976,.T.);
#10976 = LINE('',#10977,#10978);
#10977 = CARTESIAN_POINT('',(25.14544826719,62.4,158.15));
#10978 = VECTOR('',#10979,1.);
#10979 = DIRECTION('',(0.,1.,0.));
#10980 = ORIENTED_EDGE('',*,*,#10136,.F.);
#10981 = ORIENTED_EDGE('',*,*,#10922,.F.);
#10982 = PLANE('',#10983);
#10983 = AXIS2_PLACEMENT_3D('',#10984,#10985,#10986);
#10984 = CARTESIAN_POINT('',(25.14544826719,62.4,158.15));
#10985 = DIRECTION('',(0.866025403784,0.,-0.5));
#10986 = DIRECTION('',(0.5,0.,0.866025403784));
#10987 = ADVANCED_FACE('',(#10988),#11006,.F.);
#10988 = FACE_BOUND('',#10989,.F.);
#10989 = EDGE_LOOP('',(#10990,#10998,#10999,#11000));
#10990 = ORIENTED_EDGE('',*,*,#10991,.F.);
#10991 = EDGE_CURVE('',#10944,#10992,#10994,.T.);
#10992 = VERTEX_POINT('',#10993);
#10993 = CARTESIAN_POINT('',(20.209103465619,62.4,161.));
#10994 = LINE('',#10995,#10996);
#10995 = CARTESIAN_POINT('',(21.85455173281,62.4,163.85));
#10996 = VECTOR('',#10997,1.);
#10997 = DIRECTION('',(-0.5,0.,-0.866025403784));
#10998 = ORIENTED_EDGE('',*,*,#10953,.T.);
#10999 = ORIENTED_EDGE('',*,*,#10112,.F.);
#11000 = ORIENTED_EDGE('',*,*,#11001,.F.);
#11001 = EDGE_CURVE('',#10992,#10113,#11002,.T.);
#11002 = LINE('',#11003,#11004);
#11003 = CARTESIAN_POINT('',(20.209103465619,62.4,161.));
#11004 = VECTOR('',#11005,1.);
#11005 = DIRECTION('',(0.,1.,0.));
#11006 = PLANE('',#11007);
#11007 = AXIS2_PLACEMENT_3D('',#11008,#11009,#11010);
#11008 = CARTESIAN_POINT('',(21.85455173281,62.4,163.85));
#11009 = DIRECTION('',(-0.866025403784,0.,0.5));
#11010 = DIRECTION('',(-0.5,0.,-0.866025403784));
#11011 = ADVANCED_FACE('',(#11012),#11030,.F.);
#11012 = FACE_BOUND('',#11013,.F.);
#11013 = EDGE_LOOP('',(#11014,#11022,#11028,#11029));
#11014 = ORIENTED_EDGE('',*,*,#11015,.F.);
#11015 = EDGE_CURVE('',#11016,#10968,#11018,.T.);
#11016 = VERTEX_POINT('',#11017);
#11017 = CARTESIAN_POINT('',(21.85455173281,62.4,158.15));
#11018 = LINE('',#11019,#11020);
#11019 = CARTESIAN_POINT('',(21.85455173281,62.4,158.15));
#11020 = VECTOR('',#11021,1.);
#11021 = DIRECTION('',(1.,0.,0.));
#11022 = ORIENTED_EDGE('',*,*,#11023,.T.);
#11023 = EDGE_CURVE('',#11016,#10121,#11024,.T.);
#11024 = LINE('',#11025,#11026);
#11025 = CARTESIAN_POINT('',(21.85455173281,62.4,158.15));
#11026 = VECTOR('',#11027,1.);
#11027 = DIRECTION('',(0.,1.,0.));
#11028 = ORIENTED_EDGE('',*,*,#10128,.F.);
#11029 = ORIENTED_EDGE('',*,*,#10975,.F.);
#11030 = PLANE('',#11031);
#11031 = AXIS2_PLACEMENT_3D('',#11032,#11033,#11034);
#11032 = CARTESIAN_POINT('',(21.85455173281,62.4,158.15));
#11033 = DIRECTION('',(0.,0.,-1.));
#11034 = DIRECTION('',(1.,0.,0.));
#11035 = ADVANCED_FACE('',(#11036),#11047,.F.);
#11036 = FACE_BOUND('',#11037,.F.);
#11037 = EDGE_LOOP('',(#11038,#11044,#11045,#11046));
#11038 = ORIENTED_EDGE('',*,*,#11039,.F.);
#11039 = EDGE_CURVE('',#10992,#11016,#11040,.T.);
#11040 = LINE('',#11041,#11042);
#11041 = CARTESIAN_POINT('',(20.209103465619,62.4,161.));
#11042 = VECTOR('',#11043,1.);
#11043 = DIRECTION('',(0.5,0.,-0.866025403784));
#11044 = ORIENTED_EDGE('',*,*,#11001,.T.);
#11045 = ORIENTED_EDGE('',*,*,#10120,.F.);
#11046 = ORIENTED_EDGE('',*,*,#11023,.F.);
#11047 = PLANE('',#11048);
#11048 = AXIS2_PLACEMENT_3D('',#11049,#11050,#11051);
#11049 = CARTESIAN_POINT('',(20.209103465619,62.4,161.));
#11050 = DIRECTION('',(-0.866025403784,0.,-0.5));
#11051 = DIRECTION('',(0.5,0.,-0.866025403784));
#11052 = ADVANCED_FACE('',(#11053),#11078,.F.);
#11053 = FACE_BOUND('',#11054,.F.);
#11054 = EDGE_LOOP('',(#11055,#11065,#11071,#11072));
#11055 = ORIENTED_EDGE('',*,*,#11056,.F.);
#11056 = EDGE_CURVE('',#11057,#11059,#11061,.T.);
#11057 = VERTEX_POINT('',#11058);
#11058 = CARTESIAN_POINT('',(58.790896534381,62.4,161.));
#11059 = VERTEX_POINT('',#11060);
#11060 = CARTESIAN_POINT('',(57.14544826719,62.4,163.85));
#11061 = LINE('',#11062,#11063);
#11062 = CARTESIAN_POINT('',(58.790896534381,62.4,161.));
#11063 = VECTOR('',#11064,1.);
#11064 = DIRECTION('',(-0.5,0.,0.866025403784));
#11065 = ORIENTED_EDGE('',*,*,#11066,.T.);
#11066 = EDGE_CURVE('',#11057,#10147,#11067,.T.);
#11067 = LINE('',#11068,#11069);
#11068 = CARTESIAN_POINT('',(58.790896534381,62.4,161.));
#11069 = VECTOR('',#11070,1.);
#11070 = DIRECTION('',(0.,1.,0.));
#11071 = ORIENTED_EDGE('',*,*,#10144,.F.);
#11072 = ORIENTED_EDGE('',*,*,#11073,.F.);
#11073 = EDGE_CURVE('',#11059,#10145,#11074,.T.);
#11074 = LINE('',#11075,#11076);
#11075 = CARTESIAN_POINT('',(57.14544826719,62.4,163.85));
#11076 = VECTOR('',#11077,1.);
#11077 = DIRECTION('',(0.,1.,0.));
#11078 = PLANE('',#11079);
#11079 = AXIS2_PLACEMENT_3D('',#11080,#11081,#11082);
#11080 = CARTESIAN_POINT('',(58.790896534381,62.4,161.));
#11081 = DIRECTION('',(0.866025403784,0.,0.5));
#11082 = DIRECTION('',(-0.5,0.,0.866025403784));
#11083 = ADVANCED_FACE('',(#11084),#11102,.F.);
#11084 = FACE_BOUND('',#11085,.F.);
#11085 = EDGE_LOOP('',(#11086,#11094,#11095,#11096));
#11086 = ORIENTED_EDGE('',*,*,#11087,.F.);
#11087 = EDGE_CURVE('',#11059,#11088,#11090,.T.);
#11088 = VERTEX_POINT('',#11089);
#11089 = CARTESIAN_POINT('',(53.85455173281,62.4,163.85));
#11090 = LINE('',#11091,#11092);
#11091 = CARTESIAN_POINT('',(57.14544826719,62.4,163.85));
#11092 = VECTOR('',#11093,1.);
#11093 = DIRECTION('',(-1.,0.,0.));
#11094 = ORIENTED_EDGE('',*,*,#11073,.T.);
#11095 = ORIENTED_EDGE('',*,*,#10154,.F.);
#11096 = ORIENTED_EDGE('',*,*,#11097,.F.);
#11097 = EDGE_CURVE('',#11088,#10155,#11098,.T.);
#11098 = LINE('',#11099,#11100);
#11099 = CARTESIAN_POINT('',(53.85455173281,62.4,163.85));
#11100 = VECTOR('',#11101,1.);
#11101 = DIRECTION('',(0.,1.,0.));
#11102 = PLANE('',#11103);
#11103 = AXIS2_PLACEMENT_3D('',#11104,#11105,#11106);
#11104 = CARTESIAN_POINT('',(57.14544826719,62.4,163.85));
#11105 = DIRECTION('',(0.,0.,1.));
#11106 = DIRECTION('',(-1.,0.,0.));
#11107 = ADVANCED_FACE('',(#11108),#11126,.F.);
#11108 = FACE_BOUND('',#11109,.F.);
#11109 = EDGE_LOOP('',(#11110,#11118,#11124,#11125));
#11110 = ORIENTED_EDGE('',*,*,#11111,.F.);
#11111 = EDGE_CURVE('',#11112,#11057,#11114,.T.);
#11112 = VERTEX_POINT('',#11113);
#11113 = CARTESIAN_POINT('',(57.14544826719,62.4,158.15));
#11114 = LINE('',#11115,#11116);
#11115 = CARTESIAN_POINT('',(57.14544826719,62.4,158.15));
#11116 = VECTOR('',#11117,1.);
#11117 = DIRECTION('',(0.5,0.,0.866025403784));
#11118 = ORIENTED_EDGE('',*,*,#11119,.T.);
#11119 = EDGE_CURVE('',#11112,#10179,#11120,.T.);
#11120 = LINE('',#11121,#11122);
#11121 = CARTESIAN_POINT('',(57.14544826719,62.4,158.15));
#11122 = VECTOR('',#11123,1.);
#11123 = DIRECTION('',(0.,1.,0.));
#11124 = ORIENTED_EDGE('',*,*,#10186,.F.);
#11125 = ORIENTED_EDGE('',*,*,#11066,.F.);
#11126 = PLANE('',#11127);
#11127 = AXIS2_PLACEMENT_3D('',#11128,#11129,#11130);
#11128 = CARTESIAN_POINT('',(57.14544826719,62.4,158.15));
#11129 = DIRECTION('',(0.866025403784,0.,-0.5));
#11130 = DIRECTION('',(0.5,0.,0.866025403784));
#11131 = ADVANCED_FACE('',(#11132),#11150,.F.);
#11132 = FACE_BOUND('',#11133,.F.);
#11133 = EDGE_LOOP('',(#11134,#11142,#11143,#11144));
#11134 = ORIENTED_EDGE('',*,*,#11135,.F.);
#11135 = EDGE_CURVE('',#11088,#11136,#11138,.T.);
#11136 = VERTEX_POINT('',#11137);
#11137 = CARTESIAN_POINT('',(52.209103465619,62.4,161.));
#11138 = LINE('',#11139,#11140);
#11139 = CARTESIAN_POINT('',(53.85455173281,62.4,163.85));
#11140 = VECTOR('',#11141,1.);
#11141 = DIRECTION('',(-0.5,0.,-0.866025403784));
#11142 = ORIENTED_EDGE('',*,*,#11097,.T.);
#11143 = ORIENTED_EDGE('',*,*,#10162,.F.);
#11144 = ORIENTED_EDGE('',*,*,#11145,.F.);
#11145 = EDGE_CURVE('',#11136,#10163,#11146,.T.);
#11146 = LINE('',#11147,#11148);
#11147 = CARTESIAN_POINT('',(52.209103465619,62.4,161.));
#11148 = VECTOR('',#11149,1.);
#11149 = DIRECTION('',(0.,1.,0.));
#11150 = PLANE('',#11151);
#11151 = AXIS2_PLACEMENT_3D('',#11152,#11153,#11154);
#11152 = CARTESIAN_POINT('',(53.85455173281,62.4,163.85));
#11153 = DIRECTION('',(-0.866025403784,0.,0.5));
#11154 = DIRECTION('',(-0.5,0.,-0.866025403784));
#11155 = ADVANCED_FACE('',(#11156),#11174,.F.);
#11156 = FACE_BOUND('',#11157,.F.);
#11157 = EDGE_LOOP('',(#11158,#11166,#11172,#11173));
#11158 = ORIENTED_EDGE('',*,*,#11159,.F.);
#11159 = EDGE_CURVE('',#11160,#11112,#11162,.T.);
#11160 = VERTEX_POINT('',#11161);
#11161 = CARTESIAN_POINT('',(53.85455173281,62.4,158.15));
#11162 = LINE('',#11163,#11164);
#11163 = CARTESIAN_POINT('',(53.85455173281,62.4,158.15));
#11164 = VECTOR('',#11165,1.);
#11165 = DIRECTION('',(1.,0.,0.));
#11166 = ORIENTED_EDGE('',*,*,#11167,.T.);
#11167 = EDGE_CURVE('',#11160,#10171,#11168,.T.);
#11168 = LINE('',#11169,#11170);
#11169 = CARTESIAN_POINT('',(53.85455173281,62.4,158.15));
#11170 = VECTOR('',#11171,1.);
#11171 = DIRECTION('',(0.,1.,0.));
#11172 = ORIENTED_EDGE('',*,*,#10178,.F.);
#11173 = ORIENTED_EDGE('',*,*,#11119,.F.);
#11174 = PLANE('',#11175);
#11175 = AXIS2_PLACEMENT_3D('',#11176,#11177,#11178);
#11176 = CARTESIAN_POINT('',(53.85455173281,62.4,158.15));
#11177 = DIRECTION('',(0.,0.,-1.));
#11178 = DIRECTION('',(1.,0.,0.));
#11179 = ADVANCED_FACE('',(#11180),#11191,.F.);
#11180 = FACE_BOUND('',#11181,.F.);
#11181 = EDGE_LOOP('',(#11182,#11188,#11189,#11190));
#11182 = ORIENTED_EDGE('',*,*,#11183,.F.);
#11183 = EDGE_CURVE('',#11136,#11160,#11184,.T.);
#11184 = LINE('',#11185,#11186);
#11185 = CARTESIAN_POINT('',(52.209103465619,62.4,161.));
#11186 = VECTOR('',#11187,1.);
#11187 = DIRECTION('',(0.5,0.,-0.866025403784));
#11188 = ORIENTED_EDGE('',*,*,#11145,.T.);
#11189 = ORIENTED_EDGE('',*,*,#10170,.F.);
#11190 = ORIENTED_EDGE('',*,*,#11167,.F.);
#11191 = PLANE('',#11192);
#11192 = AXIS2_PLACEMENT_3D('',#11193,#11194,#11195);
#11193 = CARTESIAN_POINT('',(52.209103465619,62.4,161.));
#11194 = DIRECTION('',(-0.866025403784,0.,-0.5));
#11195 = DIRECTION('',(0.5,0.,-0.866025403784));
#11196 = ADVANCED_FACE('',(#11197),#11216,.F.);
#11197 = FACE_BOUND('',#11198,.F.);
#11198 = EDGE_LOOP('',(#11199,#11208,#11214,#11215));
#11199 = ORIENTED_EDGE('',*,*,#11200,.F.);
#11200 = EDGE_CURVE('',#11201,#11201,#11203,.T.);
#11201 = VERTEX_POINT('',#11202);
#11202 = CARTESIAN_POINT('',(23.5,62.4,162.7));
#11203 = CIRCLE('',#11204,1.7);
#11204 = AXIS2_PLACEMENT_3D('',#11205,#11206,#11207);
#11205 = CARTESIAN_POINT('',(23.5,62.4,161.));
#11206 = DIRECTION('',(0.,1.,0.));
#11207 = DIRECTION('',(0.,0.,1.));
#11208 = ORIENTED_EDGE('',*,*,#11209,.F.);
#11209 = EDGE_CURVE('',#10236,#11201,#11210,.T.);
#11210 = LINE('',#11211,#11212);
#11211 = CARTESIAN_POINT('',(23.5,60.,162.7));
#11212 = VECTOR('',#11213,1.);
#11213 = DIRECTION('',(0.,1.,0.));
#11214 = ORIENTED_EDGE('',*,*,#10235,.T.);
#11215 = ORIENTED_EDGE('',*,*,#11209,.T.);
#11216 = CYLINDRICAL_SURFACE('',#11217,1.7);
#11217 = AXIS2_PLACEMENT_3D('',#11218,#11219,#11220);
#11218 = CARTESIAN_POINT('',(23.5,60.,161.));
#11219 = DIRECTION('',(0.,1.,0.));
#11220 = DIRECTION('',(0.,0.,1.));
#11221 = ADVANCED_FACE('',(#11222),#11247,.F.);
#11222 = FACE_BOUND('',#11223,.F.);
#11223 = EDGE_LOOP('',(#11224,#11225,#11233,#11241));
#11224 = ORIENTED_EDGE('',*,*,#10246,.T.);
#11225 = ORIENTED_EDGE('',*,*,#11226,.T.);
#11226 = EDGE_CURVE('',#10249,#11227,#11229,.T.);
#11227 = VERTEX_POINT('',#11228);
#11228 = CARTESIAN_POINT('',(26.3,62.6,165.8));
#11229 = LINE('',#11230,#11231);
#11230 = CARTESIAN_POINT('',(26.3,60.9,165.8));
#11231 = VECTOR('',#11232,1.);
#11232 = DIRECTION('',(0.,1.,0.));
#11233 = ORIENTED_EDGE('',*,*,#11234,.T.);
#11234 = EDGE_CURVE('',#11227,#11235,#11237,.T.);
#11235 = VERTEX_POINT('',#11236);
#11236 = CARTESIAN_POINT('',(52.7,62.6,165.8));
#11237 = LINE('',#11238,#11239);
#11238 = CARTESIAN_POINT('',(26.3,62.6,165.8));
#11239 = VECTOR('',#11240,1.);
#11240 = DIRECTION('',(1.,0.,0.));
#11241 = ORIENTED_EDGE('',*,*,#11242,.F.);
#11242 = EDGE_CURVE('',#10247,#11235,#11243,.T.);
#11243 = LINE('',#11244,#11245);
#11244 = CARTESIAN_POINT('',(52.7,60.9,165.8));
#11245 = VECTOR('',#11246,1.);
#11246 = DIRECTION('',(0.,1.,0.));
#11247 = PLANE('',#11248);
#11248 = AXIS2_PLACEMENT_3D('',#11249,#11250,#11251);
#11249 = CARTESIAN_POINT('',(26.3,60.9,165.8));
#11250 = DIRECTION('',(0.,0.,-1.));
#11251 = DIRECTION('',(1.,0.,0.));
#11252 = ADVANCED_FACE('',(#11253),#11271,.F.);
#11253 = FACE_BOUND('',#11254,.F.);
#11254 = EDGE_LOOP('',(#11255,#11256,#11257,#11265));
#11255 = ORIENTED_EDGE('',*,*,#10256,.T.);
#11256 = ORIENTED_EDGE('',*,*,#11242,.T.);
#11257 = ORIENTED_EDGE('',*,*,#11258,.T.);
#11258 = EDGE_CURVE('',#11235,#11259,#11261,.T.);
#11259 = VERTEX_POINT('',#11260);
#11260 = CARTESIAN_POINT('',(52.7,62.6,183.2));
#11261 = LINE('',#11262,#11263);
#11262 = CARTESIAN_POINT('',(52.7,62.6,165.8));
#11263 = VECTOR('',#11264,1.);
#11264 = DIRECTION('',(0.,0.,1.));
#11265 = ORIENTED_EDGE('',*,*,#11266,.F.);
#11266 = EDGE_CURVE('',#10257,#11259,#11267,.T.);
#11267 = LINE('',#11268,#11269);
#11268 = CARTESIAN_POINT('',(52.7,60.9,183.2));
#11269 = VECTOR('',#11270,1.);
#11270 = DIRECTION('',(0.,1.,0.));
#11271 = PLANE('',#11272);
#11272 = AXIS2_PLACEMENT_3D('',#11273,#11274,#11275);
#11273 = CARTESIAN_POINT('',(52.7,60.9,165.8));
#11274 = DIRECTION('',(1.,0.,0.));
#11275 = DIRECTION('',(0.,0.,1.));
#11276 = ADVANCED_FACE('',(#11277),#11295,.F.);
#11277 = FACE_BOUND('',#11278,.F.);
#11278 = EDGE_LOOP('',(#11279,#11280,#11288,#11294));
#11279 = ORIENTED_EDGE('',*,*,#10280,.T.);
#11280 = ORIENTED_EDGE('',*,*,#11281,.T.);
#11281 = EDGE_CURVE('',#10273,#11282,#11284,.T.);
#11282 = VERTEX_POINT('',#11283);
#11283 = CARTESIAN_POINT('',(26.3,62.6,188.2));
#11284 = LINE('',#11285,#11286);
#11285 = CARTESIAN_POINT('',(26.3,60.9,188.2));
#11286 = VECTOR('',#11287,1.);
#11287 = DIRECTION('',(0.,1.,0.));
#11288 = ORIENTED_EDGE('',*,*,#11289,.T.);
#11289 = EDGE_CURVE('',#11282,#11227,#11290,.T.);
#11290 = LINE('',#11291,#11292);
#11291 = CARTESIAN_POINT('',(26.3,62.6,188.2));
#11292 = VECTOR('',#11293,1.);
#11293 = DIRECTION('',(0.,0.,-1.));
#11294 = ORIENTED_EDGE('',*,*,#11226,.F.);
#11295 = PLANE('',#11296);
#11296 = AXIS2_PLACEMENT_3D('',#11297,#11298,#11299);
#11297 = CARTESIAN_POINT('',(26.3,60.9,188.2));
#11298 = DIRECTION('',(-1.,0.,0.));
#11299 = DIRECTION('',(0.,0.,-1.));
#11300 = ADVANCED_FACE('',(#11301),#11319,.F.);
#11301 = FACE_BOUND('',#11302,.F.);
#11302 = EDGE_LOOP('',(#11303,#11304,#11305,#11313));
#11303 = ORIENTED_EDGE('',*,*,#10264,.T.);
#11304 = ORIENTED_EDGE('',*,*,#11266,.T.);
#11305 = ORIENTED_EDGE('',*,*,#11306,.T.);
#11306 = EDGE_CURVE('',#11259,#11307,#11309,.T.);
#11307 = VERTEX_POINT('',#11308);
#11308 = CARTESIAN_POINT('',(47.7,62.6,188.2));
#11309 = LINE('',#11310,#11311);
#11310 = CARTESIAN_POINT('',(52.7,62.6,183.2));
#11311 = VECTOR('',#11312,1.);
#11312 = DIRECTION('',(-0.707106781187,0.,0.707106781187));
#11313 = ORIENTED_EDGE('',*,*,#11314,.F.);
#11314 = EDGE_CURVE('',#10265,#11307,#11315,.T.);
#11315 = LINE('',#11316,#11317);
#11316 = CARTESIAN_POINT('',(47.7,60.9,188.2));
#11317 = VECTOR('',#11318,1.);
#11318 = DIRECTION('',(0.,1.,0.));
#11319 = PLANE('',#11320);
#11320 = AXIS2_PLACEMENT_3D('',#11321,#11322,#11323);
#11321 = CARTESIAN_POINT('',(52.7,60.9,183.2));
#11322 = DIRECTION('',(0.707106781187,0.,0.707106781187));
#11323 = DIRECTION('',(-0.707106781187,0.,0.707106781187));
#11324 = ADVANCED_FACE('',(#11325),#11336,.F.);
#11325 = FACE_BOUND('',#11326,.F.);
#11326 = EDGE_LOOP('',(#11327,#11328,#11329,#11335));
#11327 = ORIENTED_EDGE('',*,*,#10272,.T.);
#11328 = ORIENTED_EDGE('',*,*,#11314,.T.);
#11329 = ORIENTED_EDGE('',*,*,#11330,.T.);
#11330 = EDGE_CURVE('',#11307,#11282,#11331,.T.);
#11331 = LINE('',#11332,#11333);
#11332 = CARTESIAN_POINT('',(47.7,62.6,188.2));
#11333 = VECTOR('',#11334,1.);
#11334 = DIRECTION('',(-1.,0.,0.));
#11335 = ORIENTED_EDGE('',*,*,#11281,.F.);
#11336 = PLANE('',#11337);
#11337 = AXIS2_PLACEMENT_3D('',#11338,#11339,#11340);
#11338 = CARTESIAN_POINT('',(47.7,60.9,188.2));
#11339 = DIRECTION('',(0.,0.,1.));
#11340 = DIRECTION('',(-1.,0.,0.));
#11341 = ADVANCED_FACE('',(#11342),#11361,.F.);
#11342 = FACE_BOUND('',#11343,.F.);
#11343 = EDGE_LOOP('',(#11344,#11353,#11359,#11360));
#11344 = ORIENTED_EDGE('',*,*,#11345,.F.);
#11345 = EDGE_CURVE('',#11346,#11346,#11348,.T.);
#11346 = VERTEX_POINT('',#11347);
#11347 = CARTESIAN_POINT('',(23.5,62.4,194.7));
#11348 = CIRCLE('',#11349,1.7);
#11349 = AXIS2_PLACEMENT_3D('',#11350,#11351,#11352);
#11350 = CARTESIAN_POINT('',(23.5,62.4,193.));
#11351 = DIRECTION('',(0.,1.,0.));
#11352 = DIRECTION('',(0.,0.,1.));
#11353 = ORIENTED_EDGE('',*,*,#11354,.F.);
#11354 = EDGE_CURVE('',#10289,#11346,#11355,.T.);
#11355 = LINE('',#11356,#11357);
#11356 = CARTESIAN_POINT('',(23.5,60.,194.7));
#11357 = VECTOR('',#11358,1.);
#11358 = DIRECTION('',(0.,1.,0.));
#11359 = ORIENTED_EDGE('',*,*,#10288,.T.);
#11360 = ORIENTED_EDGE('',*,*,#11354,.T.);
#11361 = CYLINDRICAL_SURFACE('',#11362,1.7);
#11362 = AXIS2_PLACEMENT_3D('',#11363,#11364,#11365);
#11363 = CARTESIAN_POINT('',(23.5,60.,193.));
#11364 = DIRECTION('',(0.,1.,0.));
#11365 = DIRECTION('',(0.,0.,1.));
#11366 = ADVANCED_FACE('',(#11367),#11386,.F.);
#11367 = FACE_BOUND('',#11368,.F.);
#11368 = EDGE_LOOP('',(#11369,#11378,#11384,#11385));
#11369 = ORIENTED_EDGE('',*,*,#11370,.F.);
#11370 = EDGE_CURVE('',#11371,#11371,#11373,.T.);
#11371 = VERTEX_POINT('',#11372);
#11372 = CARTESIAN_POINT('',(55.5,62.4,162.7));
#11373 = CIRCLE('',#11374,1.7);
#11374 = AXIS2_PLACEMENT_3D('',#11375,#11376,#11377);
#11375 = CARTESIAN_POINT('',(55.5,62.4,161.));
#11376 = DIRECTION('',(0.,1.,0.));
#11377 = DIRECTION('',(0.,0.,1.));
#11378 = ORIENTED_EDGE('',*,*,#11379,.F.);
#11379 = EDGE_CURVE('',#10300,#11371,#11380,.T.);
#11380 = LINE('',#11381,#11382);
#11381 = CARTESIAN_POINT('',(55.5,60.,162.7));
#11382 = VECTOR('',#11383,1.);
#11383 = DIRECTION('',(0.,1.,0.));
#11384 = ORIENTED_EDGE('',*,*,#10299,.T.);
#11385 = ORIENTED_EDGE('',*,*,#11379,.T.);
#11386 = CYLINDRICAL_SURFACE('',#11387,1.7);
#11387 = AXIS2_PLACEMENT_3D('',#11388,#11389,#11390);
#11388 = CARTESIAN_POINT('',(55.5,60.,161.));
#11389 = DIRECTION('',(0.,1.,0.));
#11390 = DIRECTION('',(0.,0.,1.));
#11391 = ADVANCED_FACE('',(#11392),#11411,.F.);
#11392 = FACE_BOUND('',#11393,.F.);
#11393 = EDGE_LOOP('',(#11394,#11403,#11409,#11410));
#11394 = ORIENTED_EDGE('',*,*,#11395,.F.);
#11395 = EDGE_CURVE('',#11396,#11396,#11398,.T.);
#11396 = VERTEX_POINT('',#11397);
#11397 = CARTESIAN_POINT('',(55.5,62.4,194.7));
#11398 = CIRCLE('',#11399,1.7);
#11399 = AXIS2_PLACEMENT_3D('',#11400,#11401,#11402);
#11400 = CARTESIAN_POINT('',(55.5,62.4,193.));
#11401 = DIRECTION('',(0.,1.,0.));
#11402 = DIRECTION('',(0.,0.,1.));
#11403 = ORIENTED_EDGE('',*,*,#11404,.F.);
#11404 = EDGE_CURVE('',#10311,#11396,#11405,.T.);
#11405 = LINE('',#11406,#11407);
#11406 = CARTESIAN_POINT('',(55.5,60.,194.7));
#11407 = VECTOR('',#11408,1.);
#11408 = DIRECTION('',(0.,1.,0.));
#11409 = ORIENTED_EDGE('',*,*,#10310,.T.);
#11410 = ORIENTED_EDGE('',*,*,#11404,.T.);
#11411 = CYLINDRICAL_SURFACE('',#11412,1.7);
#11412 = AXIS2_PLACEMENT_3D('',#11413,#11414,#11415);
#11413 = CARTESIAN_POINT('',(55.5,60.,193.));
#11414 = DIRECTION('',(0.,1.,0.));
#11415 = DIRECTION('',(0.,0.,1.));
#11416 = ADVANCED_FACE('',(#11417,#11425),#11428,.F.);
#11417 = FACE_BOUND('',#11418,.F.);
#11418 = EDGE_LOOP('',(#11419,#11420,#11421,#11422,#11423,#11424));
#11419 = ORIENTED_EDGE('',*,*,#10348,.T.);
#11420 = ORIENTED_EDGE('',*,*,#10379,.T.);
#11421 = ORIENTED_EDGE('',*,*,#10427,.T.);
#11422 = ORIENTED_EDGE('',*,*,#10475,.T.);
#11423 = ORIENTED_EDGE('',*,*,#10451,.T.);
#11424 = ORIENTED_EDGE('',*,*,#10403,.T.);
#11425 = FACE_BOUND('',#11426,.F.);
#11426 = EDGE_LOOP('',(#11427));
#11427 = ORIENTED_EDGE('',*,*,#11345,.T.);
#11428 = PLANE('',#11429);
#11429 = AXIS2_PLACEMENT_3D('',#11430,#11431,#11432);
#11430 = CARTESIAN_POINT('',(23.5,62.4,193.));
#11431 = DIRECTION('',(-0.,-1.,-0.));
#11432 = DIRECTION('',(0.,0.,-1.));
#11433 = ADVANCED_FACE('',(#11434,#11442),#11445,.F.);
#11434 = FACE_BOUND('',#11435,.F.);
#11435 = EDGE_LOOP('',(#11436,#11437,#11438,#11439,#11440,#11441));
#11436 = ORIENTED_EDGE('',*,*,#10492,.T.);
#11437 = ORIENTED_EDGE('',*,*,#10523,.T.);
#11438 = ORIENTED_EDGE('',*,*,#10571,.T.);
#11439 = ORIENTED_EDGE('',*,*,#10619,.T.);
#11440 = ORIENTED_EDGE('',*,*,#10595,.T.);
#11441 = ORIENTED_EDGE('',*,*,#10547,.T.);
#11442 = FACE_BOUND('',#11443,.F.);
#11443 = EDGE_LOOP('',(#11444));
#11444 = ORIENTED_EDGE('',*,*,#11395,.T.);
#11445 = PLANE('',#11446);
#11446 = AXIS2_PLACEMENT_3D('',#11447,#11448,#11449);
#11447 = CARTESIAN_POINT('',(55.5,62.4,193.));
#11448 = DIRECTION('',(-0.,-1.,-0.));
#11449 = DIRECTION('',(0.,0.,-1.));
#11450 = ADVANCED_FACE('',(#11451),#11462,.F.);
#11451 = FACE_BOUND('',#11452,.F.);
#11452 = EDGE_LOOP('',(#11453,#11454,#11460,#11461));
#11453 = ORIENTED_EDGE('',*,*,#10698,.F.);
#11454 = ORIENTED_EDGE('',*,*,#11455,.F.);
#11455 = EDGE_CURVE('',#10744,#10699,#11456,.T.);
#11456 = LINE('',#11457,#11458);
#11457 = CARTESIAN_POINT('',(62.5,87.,178.6));
#11458 = VECTOR('',#11459,1.);
#11459 = DIRECTION('',(1.,0.,0.));
#11460 = ORIENTED_EDGE('',*,*,#10743,.T.);
#11461 = ORIENTED_EDGE('',*,*,#11455,.T.);
#11462 = CYLINDRICAL_SURFACE('',#11463,1.6);
#11463 = AXIS2_PLACEMENT_3D('',#11464,#11465,#11466);
#11464 = CARTESIAN_POINT('',(62.5,87.,177.));
#11465 = DIRECTION('',(1.,0.,0.));
#11466 = DIRECTION('',(0.,0.,1.));
#11467 = ADVANCED_FACE('',(#11468),#11493,.F.);
#11468 = FACE_BOUND('',#11469,.F.);
#11469 = EDGE_LOOP('',(#11470,#11478,#11486,#11492));
#11470 = ORIENTED_EDGE('',*,*,#11471,.F.);
#11471 = EDGE_CURVE('',#11472,#10772,#11474,.T.);
#11472 = VERTEX_POINT('',#11473);
#11473 = CARTESIAN_POINT('',(30.5,64.8,182.));
#11474 = LINE('',#11475,#11476);
#11475 = CARTESIAN_POINT('',(30.5,60.,182.));
#11476 = VECTOR('',#11477,1.);
#11477 = DIRECTION('',(0.,1.,0.));
#11478 = ORIENTED_EDGE('',*,*,#11479,.F.);
#11479 = EDGE_CURVE('',#11480,#11472,#11482,.T.);
#11480 = VERTEX_POINT('',#11481);
#11481 = CARTESIAN_POINT('',(48.5,64.8,182.));
#11482 = LINE('',#11483,#11484);
#11483 = CARTESIAN_POINT('',(21.5,64.8,182.));
#11484 = VECTOR('',#11485,1.);
#11485 = DIRECTION('',(-1.,0.,0.));
#11486 = ORIENTED_EDGE('',*,*,#11487,.T.);
#11487 = EDGE_CURVE('',#11480,#10774,#11488,.T.);
#11488 = LINE('',#11489,#11490);
#11489 = CARTESIAN_POINT('',(48.5,60.,182.));
#11490 = VECTOR('',#11491,1.);
#11491 = DIRECTION('',(0.,1.,0.));
#11492 = ORIENTED_EDGE('',*,*,#10771,.F.);
#11493 = PLANE('',#11494);
#11494 = AXIS2_PLACEMENT_3D('',#11495,#11496,#11497);
#11495 = CARTESIAN_POINT('',(30.5,60.,182.));
#11496 = DIRECTION('',(0.,0.,1.));
#11497 = DIRECTION('',(1.,0.,0.));
#11498 = ADVANCED_FACE('',(#11499),#11517,.F.);
#11499 = FACE_BOUND('',#11500,.F.);
#11500 = EDGE_LOOP('',(#11501,#11502,#11510,#11516));
#11501 = ORIENTED_EDGE('',*,*,#11487,.F.);
#11502 = ORIENTED_EDGE('',*,*,#11503,.F.);
#11503 = EDGE_CURVE('',#11504,#11480,#11506,.T.);
#11504 = VERTEX_POINT('',#11505);
#11505 = CARTESIAN_POINT('',(48.5,64.8,172.));
#11506 = LINE('',#11507,#11508);
#11507 = CARTESIAN_POINT('',(48.5,64.8,171.5));
#11508 = VECTOR('',#11509,1.);
#11509 = DIRECTION('',(0.,0.,1.));
#11510 = ORIENTED_EDGE('',*,*,#11511,.T.);
#11511 = EDGE_CURVE('',#11504,#10790,#11512,.T.);
#11512 = LINE('',#11513,#11514);
#11513 = CARTESIAN_POINT('',(48.5,60.,172.));
#11514 = VECTOR('',#11515,1.);
#11515 = DIRECTION('',(0.,1.,0.));
#11516 = ORIENTED_EDGE('',*,*,#10797,.F.);
#11517 = PLANE('',#11518);
#11518 = AXIS2_PLACEMENT_3D('',#11519,#11520,#11521);
#11519 = CARTESIAN_POINT('',(48.5,60.,172.));
#11520 = DIRECTION('',(1.,0.,0.));
#11521 = DIRECTION('',(0.,0.,1.));
#11522 = ADVANCED_FACE('',(#11523),#11541,.T.);
#11523 = FACE_BOUND('',#11524,.T.);
#11524 = EDGE_LOOP('',(#11525,#11533,#11539,#11540));
#11525 = ORIENTED_EDGE('',*,*,#11526,.F.);
#11526 = EDGE_CURVE('',#11527,#10782,#11529,.T.);
#11527 = VERTEX_POINT('',#11528);
#11528 = CARTESIAN_POINT('',(30.5,64.8,172.));
#11529 = LINE('',#11530,#11531);
#11530 = CARTESIAN_POINT('',(30.5,60.,172.));
#11531 = VECTOR('',#11532,1.);
#11532 = DIRECTION('',(0.,1.,0.));
#11533 = ORIENTED_EDGE('',*,*,#11534,.F.);
#11534 = EDGE_CURVE('',#11504,#11527,#11535,.T.);
#11535 = LINE('',#11536,#11537);
#11536 = CARTESIAN_POINT('',(21.5,64.8,172.));
#11537 = VECTOR('',#11538,1.);
#11538 = DIRECTION('',(-1.,0.,0.));
#11539 = ORIENTED_EDGE('',*,*,#11511,.T.);
#11540 = ORIENTED_EDGE('',*,*,#10789,.F.);
#11541 = PLANE('',#11542);
#11542 = AXIS2_PLACEMENT_3D('',#11543,#11544,#11545);
#11543 = CARTESIAN_POINT('',(30.5,60.,172.));
#11544 = DIRECTION('',(0.,0.,1.));
#11545 = DIRECTION('',(1.,0.,0.));
#11546 = ADVANCED_FACE('',(#11547),#11558,.T.);
#11547 = FACE_BOUND('',#11548,.T.);
#11548 = EDGE_LOOP('',(#11549,#11550,#11556,#11557));
#11549 = ORIENTED_EDGE('',*,*,#11471,.F.);
#11550 = ORIENTED_EDGE('',*,*,#11551,.F.);
#11551 = EDGE_CURVE('',#11527,#11472,#11552,.T.);
#11552 = LINE('',#11553,#11554);
#11553 = CARTESIAN_POINT('',(30.5,64.8,171.5));
#11554 = VECTOR('',#11555,1.);
#11555 = DIRECTION('',(0.,0.,1.));
#11556 = ORIENTED_EDGE('',*,*,#11526,.T.);
#11557 = ORIENTED_EDGE('',*,*,#10781,.F.);
#11558 = PLANE('',#11559);
#11559 = AXIS2_PLACEMENT_3D('',#11560,#11561,#11562);
#11560 = CARTESIAN_POINT('',(30.5,60.,172.));
#11561 = DIRECTION('',(1.,0.,0.));
#11562 = DIRECTION('',(0.,0.,1.));
#11563 = ADVANCED_FACE('',(#11564),#11585,.T.);
#11564 = FACE_BOUND('',#11565,.T.);
#11565 = EDGE_LOOP('',(#11566,#11574,#11581,#11582,#11583,#11584));
#11566 = ORIENTED_EDGE('',*,*,#11567,.T.);
#11567 = EDGE_CURVE('',#10830,#11568,#11570,.T.);
#11568 = VERTEX_POINT('',#11569);
#11569 = CARTESIAN_POINT('',(21.5,87.,191.));
#11570 = LINE('',#11571,#11572);
#11571 = CARTESIAN_POINT('',(18.5,87.,191.));
#11572 = VECTOR('',#11573,1.);
#11573 = DIRECTION('',(1.,0.,0.));
#11574 = ORIENTED_EDGE('',*,*,#11575,.F.);
#11575 = EDGE_CURVE('',#11568,#11568,#11576,.T.);
#11576 = CIRCLE('',#11577,14.);
#11577 = AXIS2_PLACEMENT_3D('',#11578,#11579,#11580);
#11578 = CARTESIAN_POINT('',(21.5,87.,177.));
#11579 = DIRECTION('',(1.,0.,-0.));
#11580 = DIRECTION('',(0.,0.,1.));
#11581 = ORIENTED_EDGE('',*,*,#11567,.F.);
#11582 = ORIENTED_EDGE('',*,*,#10838,.T.);
#11583 = ORIENTED_EDGE('',*,*,#10814,.T.);
#11584 = ORIENTED_EDGE('',*,*,#10829,.T.);
#11585 = CYLINDRICAL_SURFACE('',#11586,14.);
#11586 = AXIS2_PLACEMENT_3D('',#11587,#11588,#11589);
#11587 = CARTESIAN_POINT('',(18.5,87.,177.));
#11588 = DIRECTION('',(1.,0.,0.));
#11589 = DIRECTION('',(0.,0.,1.));
#11590 = ADVANCED_FACE('',(#11591),#11610,.F.);
#11591 = FACE_BOUND('',#11592,.F.);
#11592 = EDGE_LOOP('',(#11593,#11602,#11608,#11609));
#11593 = ORIENTED_EDGE('',*,*,#11594,.F.);
#11594 = EDGE_CURVE('',#11595,#11595,#11597,.T.);
#11595 = VERTEX_POINT('',#11596);
#11596 = CARTESIAN_POINT('',(21.5,87.,167.1));
#11597 = CIRCLE('',#11598,1.1);
#11598 = AXIS2_PLACEMENT_3D('',#11599,#11600,#11601);
#11599 = CARTESIAN_POINT('',(21.5,87.,166.));
#11600 = DIRECTION('',(1.,0.,-0.));
#11601 = DIRECTION('',(0.,0.,1.));
#11602 = ORIENTED_EDGE('',*,*,#11603,.F.);
#11603 = EDGE_CURVE('',#10856,#11595,#11604,.T.);
#11604 = LINE('',#11605,#11606);
#11605 = CARTESIAN_POINT('',(17.5,87.,167.1));
#11606 = VECTOR('',#11607,1.);
#11607 = DIRECTION('',(1.,0.,0.));
#11608 = ORIENTED_EDGE('',*,*,#10855,.T.);
#11609 = ORIENTED_EDGE('',*,*,#11603,.T.);
#11610 = CYLINDRICAL_SURFACE('',#11611,1.1);
#11611 = AXIS2_PLACEMENT_3D('',#11612,#11613,#11614);
#11612 = CARTESIAN_POINT('',(17.5,87.,166.));
#11613 = DIRECTION('',(1.,0.,0.));
#11614 = DIRECTION('',(0.,0.,1.));
#11615 = ADVANCED_FACE('',(#11616),#11635,.F.);
#11616 = FACE_BOUND('',#11617,.F.);
#11617 = EDGE_LOOP('',(#11618,#11627,#11633,#11634));
#11618 = ORIENTED_EDGE('',*,*,#11619,.F.);
#11619 = EDGE_CURVE('',#11620,#11620,#11622,.T.);
#11620 = VERTEX_POINT('',#11621);
#11621 = CARTESIAN_POINT('',(21.5,87.,189.1));
#11622 = CIRCLE('',#11623,1.1);
#11623 = AXIS2_PLACEMENT_3D('',#11624,#11625,#11626);
#11624 = CARTESIAN_POINT('',(21.5,87.,188.));
#11625 = DIRECTION('',(1.,0.,-0.));
#11626 = DIRECTION('',(0.,0.,1.));
#11627 = ORIENTED_EDGE('',*,*,#11628,.F.);
#11628 = EDGE_CURVE('',#10867,#11620,#11629,.T.);
#11629 = LINE('',#11630,#11631);
#11630 = CARTESIAN_POINT('',(17.5,87.,189.1));
#11631 = VECTOR('',#11632,1.);
#11632 = DIRECTION('',(1.,0.,0.));
#11633 = ORIENTED_EDGE('',*,*,#10866,.T.);
#11634 = ORIENTED_EDGE('',*,*,#11628,.T.);
#11635 = CYLINDRICAL_SURFACE('',#11636,1.1);
#11636 = AXIS2_PLACEMENT_3D('',#11637,#11638,#11639);
#11637 = CARTESIAN_POINT('',(17.5,87.,188.));
#11638 = DIRECTION('',(1.,0.,0.));
#11639 = DIRECTION('',(0.,0.,1.));
#11640 = ADVANCED_FACE('',(#11641,#11649),#11652,.F.);
#11641 = FACE_BOUND('',#11642,.F.);
#11642 = EDGE_LOOP('',(#11643,#11644,#11645,#11646,#11647,#11648));
#11643 = ORIENTED_EDGE('',*,*,#10912,.T.);
#11644 = ORIENTED_EDGE('',*,*,#10943,.T.);
#11645 = ORIENTED_EDGE('',*,*,#10991,.T.);
#11646 = ORIENTED_EDGE('',*,*,#11039,.T.);
#11647 = ORIENTED_EDGE('',*,*,#11015,.T.);
#11648 = ORIENTED_EDGE('',*,*,#10967,.T.);
#11649 = FACE_BOUND('',#11650,.F.);
#11650 = EDGE_LOOP('',(#11651));
#11651 = ORIENTED_EDGE('',*,*,#11200,.T.);
#11652 = PLANE('',#11653);
#11653 = AXIS2_PLACEMENT_3D('',#11654,#11655,#11656);
#11654 = CARTESIAN_POINT('',(23.5,62.4,161.));
#11655 = DIRECTION('',(-0.,-1.,-0.));
#11656 = DIRECTION('',(0.,0.,-1.));
#11657 = ADVANCED_FACE('',(#11658,#11666),#11669,.F.);
#11658 = FACE_BOUND('',#11659,.F.);
#11659 = EDGE_LOOP('',(#11660,#11661,#11662,#11663,#11664,#11665));
#11660 = ORIENTED_EDGE('',*,*,#11056,.T.);
#11661 = ORIENTED_EDGE('',*,*,#11087,.T.);
#11662 = ORIENTED_EDGE('',*,*,#11135,.T.);
#11663 = ORIENTED_EDGE('',*,*,#11183,.T.);
#11664 = ORIENTED_EDGE('',*,*,#11159,.T.);
#11665 = ORIENTED_EDGE('',*,*,#11111,.T.);
#11666 = FACE_BOUND('',#11667,.F.);
#11667 = EDGE_LOOP('',(#11668));
#11668 = ORIENTED_EDGE('',*,*,#11370,.T.);
#11669 = PLANE('',#11670);
#11670 = AXIS2_PLACEMENT_3D('',#11671,#11672,#11673);
#11671 = CARTESIAN_POINT('',(55.5,62.4,161.));
#11672 = DIRECTION('',(-0.,-1.,-0.));
#11673 = DIRECTION('',(0.,0.,-1.));
#11674 = ADVANCED_FACE('',(#11675,#11682),#11716,.T.);
#11675 = FACE_BOUND('',#11676,.T.);
#11676 = EDGE_LOOP('',(#11677,#11678,#11679,#11680,#11681));
#11677 = ORIENTED_EDGE('',*,*,#11234,.T.);
#11678 = ORIENTED_EDGE('',*,*,#11258,.T.);
#11679 = ORIENTED_EDGE('',*,*,#11306,.T.);
#11680 = ORIENTED_EDGE('',*,*,#11330,.T.);
#11681 = ORIENTED_EDGE('',*,*,#11289,.T.);
#11682 = FACE_BOUND('',#11683,.T.);
#11683 = EDGE_LOOP('',(#11684,#11694,#11702,#11710));
#11684 = ORIENTED_EDGE('',*,*,#11685,.T.);
#11685 = EDGE_CURVE('',#11686,#11688,#11690,.T.);
#11686 = VERTEX_POINT('',#11687);
#11687 = CARTESIAN_POINT('',(48.5,62.6,172.));
#11688 = VERTEX_POINT('',#11689);
#11689 = CARTESIAN_POINT('',(30.5,62.6,172.));
#11690 = LINE('',#11691,#11692);
#11691 = CARTESIAN_POINT('',(34.76846371639,62.6,172.));
#11692 = VECTOR('',#11693,1.);
#11693 = DIRECTION('',(-1.,0.,0.));
#11694 = ORIENTED_EDGE('',*,*,#11695,.T.);
#11695 = EDGE_CURVE('',#11688,#11696,#11698,.T.);
#11696 = VERTEX_POINT('',#11697);
#11697 = CARTESIAN_POINT('',(30.5,62.6,182.));
#11698 = LINE('',#11699,#11700);
#11699 = CARTESIAN_POINT('',(30.5,62.6,174.29940170257));
#11700 = VECTOR('',#11701,1.);
#11701 = DIRECTION('',(0.,0.,1.));
#11702 = ORIENTED_EDGE('',*,*,#11703,.F.);
#11703 = EDGE_CURVE('',#11704,#11696,#11706,.T.);
#11704 = VERTEX_POINT('',#11705);
#11705 = CARTESIAN_POINT('',(48.5,62.6,182.));
#11706 = LINE('',#11707,#11708);
#11707 = CARTESIAN_POINT('',(34.76846371639,62.6,182.));
#11708 = VECTOR('',#11709,1.);
#11709 = DIRECTION('',(-1.,0.,0.));
#11710 = ORIENTED_EDGE('',*,*,#11711,.F.);
#11711 = EDGE_CURVE('',#11686,#11704,#11712,.T.);
#11712 = LINE('',#11713,#11714);
#11713 = CARTESIAN_POINT('',(48.5,62.6,174.29940170257));
#11714 = VECTOR('',#11715,1.);
#11715 = DIRECTION('',(0.,0.,1.));
#11716 = PLANE('',#11717);
#11717 = AXIS2_PLACEMENT_3D('',#11718,#11719,#11720);
#11718 = CARTESIAN_POINT('',(39.036927432781,62.6,176.59880340515));
#11719 = DIRECTION('',(-0.,-1.,-0.));
#11720 = DIRECTION('',(0.,0.,-1.));
#11721 = ADVANCED_FACE('',(#11722),#11738,.F.);
#11722 = FACE_BOUND('',#11723,.F.);
#11723 = EDGE_LOOP('',(#11724,#11730,#11731,#11737));
#11724 = ORIENTED_EDGE('',*,*,#11725,.F.);
#11725 = EDGE_CURVE('',#11696,#11472,#11726,.T.);
#11726 = LINE('',#11727,#11728);
#11727 = CARTESIAN_POINT('',(30.5,60.,182.));
#11728 = VECTOR('',#11729,1.);
#11729 = DIRECTION('',(0.,1.,0.));
#11730 = ORIENTED_EDGE('',*,*,#11703,.F.);
#11731 = ORIENTED_EDGE('',*,*,#11732,.T.);
#11732 = EDGE_CURVE('',#11704,#11480,#11733,.T.);
#11733 = LINE('',#11734,#11735);
#11734 = CARTESIAN_POINT('',(48.5,60.,182.));
#11735 = VECTOR('',#11736,1.);
#11736 = DIRECTION('',(0.,1.,0.));
#11737 = ORIENTED_EDGE('',*,*,#11479,.T.);
#11738 = PLANE('',#11739);
#11739 = AXIS2_PLACEMENT_3D('',#11740,#11741,#11742);
#11740 = CARTESIAN_POINT('',(30.5,60.,182.));
#11741 = DIRECTION('',(0.,0.,1.));
#11742 = DIRECTION('',(1.,0.,0.));
#11743 = ADVANCED_FACE('',(#11744),#11755,.F.);
#11744 = FACE_BOUND('',#11745,.F.);
#11745 = EDGE_LOOP('',(#11746,#11747,#11748,#11754));
#11746 = ORIENTED_EDGE('',*,*,#11732,.F.);
#11747 = ORIENTED_EDGE('',*,*,#11711,.F.);
#11748 = ORIENTED_EDGE('',*,*,#11749,.T.);
#11749 = EDGE_CURVE('',#11686,#11504,#11750,.T.);
#11750 = LINE('',#11751,#11752);
#11751 = CARTESIAN_POINT('',(48.5,60.,172.));
#11752 = VECTOR('',#11753,1.);
#11753 = DIRECTION('',(0.,1.,0.));
#11754 = ORIENTED_EDGE('',*,*,#11503,.T.);
#11755 = PLANE('',#11756);
#11756 = AXIS2_PLACEMENT_3D('',#11757,#11758,#11759);
#11757 = CARTESIAN_POINT('',(48.5,60.,172.));
#11758 = DIRECTION('',(1.,0.,0.));
#11759 = DIRECTION('',(0.,0.,1.));
#11760 = ADVANCED_FACE('',(#11761),#11772,.T.);
#11761 = FACE_BOUND('',#11762,.T.);
#11762 = EDGE_LOOP('',(#11763,#11769,#11770,#11771));
#11763 = ORIENTED_EDGE('',*,*,#11764,.F.);
#11764 = EDGE_CURVE('',#11688,#11527,#11765,.T.);
#11765 = LINE('',#11766,#11767);
#11766 = CARTESIAN_POINT('',(30.5,60.,172.));
#11767 = VECTOR('',#11768,1.);
#11768 = DIRECTION('',(0.,1.,0.));
#11769 = ORIENTED_EDGE('',*,*,#11685,.F.);
#11770 = ORIENTED_EDGE('',*,*,#11749,.T.);
#11771 = ORIENTED_EDGE('',*,*,#11534,.T.);
#11772 = PLANE('',#11773);
#11773 = AXIS2_PLACEMENT_3D('',#11774,#11775,#11776);
#11774 = CARTESIAN_POINT('',(30.5,60.,172.));
#11775 = DIRECTION('',(0.,0.,1.));
#11776 = DIRECTION('',(1.,0.,0.));
#11777 = ADVANCED_FACE('',(#11778),#11784,.T.);
#11778 = FACE_BOUND('',#11779,.T.);
#11779 = EDGE_LOOP('',(#11780,#11781,#11782,#11783));
#11780 = ORIENTED_EDGE('',*,*,#11725,.F.);
#11781 = ORIENTED_EDGE('',*,*,#11695,.F.);
#11782 = ORIENTED_EDGE('',*,*,#11764,.T.);
#11783 = ORIENTED_EDGE('',*,*,#11551,.T.);
#11784 = PLANE('',#11785);
#11785 = AXIS2_PLACEMENT_3D('',#11786,#11787,#11788);
#11786 = CARTESIAN_POINT('',(30.5,60.,172.));
#11787 = DIRECTION('',(1.,0.,0.));
#11788 = DIRECTION('',(0.,0.,1.));
#11789 = ADVANCED_FACE('',(#11790,#11793,#11796,#11807),#11810,.T.);
#11790 = FACE_BOUND('',#11791,.T.);
#11791 = EDGE_LOOP('',(#11792));
#11792 = ORIENTED_EDGE('',*,*,#11575,.T.);
#11793 = FACE_BOUND('',#11794,.T.);
#11794 = EDGE_LOOP('',(#11795));
#11795 = ORIENTED_EDGE('',*,*,#11594,.F.);
#11796 = FACE_BOUND('',#11797,.T.);
#11797 = EDGE_LOOP('',(#11798));
#11798 = ORIENTED_EDGE('',*,*,#11799,.F.);
#11799 = EDGE_CURVE('',#11800,#11800,#11802,.T.);
#11800 = VERTEX_POINT('',#11801);
#11801 = CARTESIAN_POINT('',(21.5,87.,180.));
#11802 = CIRCLE('',#11803,3.);
#11803 = AXIS2_PLACEMENT_3D('',#11804,#11805,#11806);
#11804 = CARTESIAN_POINT('',(21.5,87.,177.));
#11805 = DIRECTION('',(1.,0.,-0.));
#11806 = DIRECTION('',(0.,0.,1.));
#11807 = FACE_BOUND('',#11808,.T.);
#11808 = EDGE_LOOP('',(#11809));
#11809 = ORIENTED_EDGE('',*,*,#11619,.F.);
#11810 = PLANE('',#11811);
#11811 = AXIS2_PLACEMENT_3D('',#11812,#11813,#11814);
#11812 = CARTESIAN_POINT('',(21.5,87.,177.));
#11813 = DIRECTION('',(1.,0.,0.));
#11814 = DIRECTION('',(0.,0.,1.));
#11815 = ADVANCED_FACE('',(#11816),#11835,.F.);
#11816 = FACE_BOUND('',#11817,.F.);
#11817 = EDGE_LOOP('',(#11818,#11819,#11827,#11834));
#11818 = ORIENTED_EDGE('',*,*,#11799,.F.);
#11819 = ORIENTED_EDGE('',*,*,#11820,.F.);
#11820 = EDGE_CURVE('',#11821,#11800,#11823,.T.);
#11821 = VERTEX_POINT('',#11822);
#11822 = CARTESIAN_POINT('',(18.5,87.,180.));
#11823 = LINE('',#11824,#11825);
#11824 = CARTESIAN_POINT('',(17.5,87.,180.));
#11825 = VECTOR('',#11826,1.);
#11826 = DIRECTION('',(1.,0.,0.));
#11827 = ORIENTED_EDGE('',*,*,#11828,.T.);
#11828 = EDGE_CURVE('',#11821,#11821,#11829,.T.);
#11829 = CIRCLE('',#11830,3.);
#11830 = AXIS2_PLACEMENT_3D('',#11831,#11832,#11833);
#11831 = CARTESIAN_POINT('',(18.5,87.,177.));
#11832 = DIRECTION('',(1.,0.,-0.));
#11833 = DIRECTION('',(0.,0.,1.));
#11834 = ORIENTED_EDGE('',*,*,#11820,.T.);
#11835 = CYLINDRICAL_SURFACE('',#11836,3.);
#11836 = AXIS2_PLACEMENT_3D('',#11837,#11838,#11839);
#11837 = CARTESIAN_POINT('',(17.5,87.,177.));
#11838 = DIRECTION('',(1.,0.,0.));
#11839 = DIRECTION('',(0.,0.,1.));
#11840 = ADVANCED_FACE('',(#11841),#11844,.T.);
#11841 = FACE_BOUND('',#11842,.T.);
#11842 = EDGE_LOOP('',(#11843));
#11843 = ORIENTED_EDGE('',*,*,#11828,.T.);
#11844 = PLANE('',#11845);
#11845 = AXIS2_PLACEMENT_3D('',#11846,#11847,#11848);
#11846 = CARTESIAN_POINT('',(18.5,67.,171.));
#11847 = DIRECTION('',(1.,0.,0.));
#11848 = DIRECTION('',(0.,0.,1.));
#11849 = MANIFOLD_SOLID_BREP('',#11850);
#11850 = CLOSED_SHELL('',(#11851,#11971,#12002,#12081,#12129,#12154,
    #12195,#12243,#12268,#12309,#12340,#12364,#12474,#12491,#12574,
    #12614,#12632,#12650,#12690,#12707,#12776,#12801,#13040,#13057,
    #13126,#13143,#13160,#13191,#13215,#13239,#13263,#13280,#13373,
    #13466,#13531,#13561,#13578,#13603,#13633,#13650,#13675,#13687,
    #13711,#13728,#13752,#13764,#13776,#13793,#13805,#13817,#13848,
    #13872,#13896,#13913,#13937,#13954,#13966,#13990,#14007,#14019,
    #14031,#14043,#14090,#14112,#14129,#14146));
#11851 = ADVANCED_FACE('',(#11852),#11966,.F.);
#11852 = FACE_BOUND('',#11853,.F.);
#11853 = EDGE_LOOP('',(#11854,#11864,#11872,#11880,#11888,#11896,#11904,
    #11912,#11920,#11928,#11936,#11944,#11952,#11960));
#11854 = ORIENTED_EDGE('',*,*,#11855,.F.);
#11855 = EDGE_CURVE('',#11856,#11858,#11860,.T.);
#11856 = VERTEX_POINT('',#11857);
#11857 = CARTESIAN_POINT('',(17.5,58.,155.));
#11858 = VERTEX_POINT('',#11859);
#11859 = CARTESIAN_POINT('',(17.5,58.,156.));
#11860 = LINE('',#11861,#11862);
#11861 = CARTESIAN_POINT('',(17.5,58.,155.));
#11862 = VECTOR('',#11863,1.);
#11863 = DIRECTION('',(0.,0.,1.));
#11864 = ORIENTED_EDGE('',*,*,#11865,.T.);
#11865 = EDGE_CURVE('',#11856,#11866,#11868,.T.);
#11866 = VERTEX_POINT('',#11867);
#11867 = CARTESIAN_POINT('',(17.5,61.,155.));
#11868 = LINE('',#11869,#11870);
#11869 = CARTESIAN_POINT('',(17.5,58.,155.));
#11870 = VECTOR('',#11871,1.);
#11871 = DIRECTION('',(0.,1.,0.));
#11872 = ORIENTED_EDGE('',*,*,#11873,.T.);
#11873 = EDGE_CURVE('',#11866,#11874,#11876,.T.);
#11874 = VERTEX_POINT('',#11875);
#11875 = CARTESIAN_POINT('',(17.5,61.,199.));
#11876 = LINE('',#11877,#11878);
#11877 = CARTESIAN_POINT('',(17.5,61.,155.));
#11878 = VECTOR('',#11879,1.);
#11879 = DIRECTION('',(0.,0.,1.));
#11880 = ORIENTED_EDGE('',*,*,#11881,.F.);
#11881 = EDGE_CURVE('',#11882,#11874,#11884,.T.);
#11882 = VERTEX_POINT('',#11883);
#11883 = CARTESIAN_POINT('',(17.5,58.,199.));
#11884 = LINE('',#11885,#11886);
#11885 = CARTESIAN_POINT('',(17.5,58.,199.));
#11886 = VECTOR('',#11887,1.);
#11887 = DIRECTION('',(0.,1.,0.));
#11888 = ORIENTED_EDGE('',*,*,#11889,.F.);
#11889 = EDGE_CURVE('',#11890,#11882,#11892,.T.);
#11890 = VERTEX_POINT('',#11891);
#11891 = CARTESIAN_POINT('',(17.5,58.,198.));
#11892 = LINE('',#11893,#11894);
#11893 = CARTESIAN_POINT('',(17.5,58.,155.));
#11894 = VECTOR('',#11895,1.);
#11895 = DIRECTION('',(0.,0.,1.));
#11896 = ORIENTED_EDGE('',*,*,#11897,.F.);
#11897 = EDGE_CURVE('',#11898,#11890,#11900,.T.);
#11898 = VERTEX_POINT('',#11899);
#11899 = CARTESIAN_POINT('',(17.5,58.,194.2));
#11900 = LINE('',#11901,#11902);
#11901 = CARTESIAN_POINT('',(17.5,58.,155.));
#11902 = VECTOR('',#11903,1.);
#11903 = DIRECTION('',(0.,0.,1.));
#11904 = ORIENTED_EDGE('',*,*,#11905,.F.);
#11905 = EDGE_CURVE('',#11906,#11898,#11908,.T.);
#11906 = VERTEX_POINT('',#11907);
#11907 = CARTESIAN_POINT('',(17.5,59.,194.2));
#11908 = LINE('',#11909,#11910);
#11909 = CARTESIAN_POINT('',(17.5,56.,194.2));
#11910 = VECTOR('',#11911,1.);
#11911 = DIRECTION('',(0.,-1.,0.));
#11912 = ORIENTED_EDGE('',*,*,#11913,.F.);
#11913 = EDGE_CURVE('',#11914,#11906,#11916,.T.);
#11914 = VERTEX_POINT('',#11915);
#11915 = CARTESIAN_POINT('',(17.5,59.,191.8));
#11916 = LINE('',#11917,#11918);
#11917 = CARTESIAN_POINT('',(17.5,59.,174.));
#11918 = VECTOR('',#11919,1.);
#11919 = DIRECTION('',(0.,0.,1.));
#11920 = ORIENTED_EDGE('',*,*,#11921,.T.);
#11921 = EDGE_CURVE('',#11914,#11922,#11924,.T.);
#11922 = VERTEX_POINT('',#11923);
#11923 = CARTESIAN_POINT('',(17.5,58.,191.8));
#11924 = LINE('',#11925,#11926);
#11925 = CARTESIAN_POINT('',(17.5,56.,191.8));
#11926 = VECTOR('',#11927,1.);
#11927 = DIRECTION('',(0.,-1.,0.));
#11928 = ORIENTED_EDGE('',*,*,#11929,.F.);
#11929 = EDGE_CURVE('',#11930,#11922,#11932,.T.);
#11930 = VERTEX_POINT('',#11931);
#11931 = CARTESIAN_POINT('',(17.5,58.,162.2));
#11932 = LINE('',#11933,#11934);
#11933 = CARTESIAN_POINT('',(17.5,58.,155.));
#11934 = VECTOR('',#11935,1.);
#11935 = DIRECTION('',(0.,0.,1.));
#11936 = ORIENTED_EDGE('',*,*,#11937,.F.);
#11937 = EDGE_CURVE('',#11938,#11930,#11940,.T.);
#11938 = VERTEX_POINT('',#11939);
#11939 = CARTESIAN_POINT('',(17.5,59.,162.2));
#11940 = LINE('',#11941,#11942);
#11941 = CARTESIAN_POINT('',(17.5,56.,162.2));
#11942 = VECTOR('',#11943,1.);
#11943 = DIRECTION('',(0.,-1.,0.));
#11944 = ORIENTED_EDGE('',*,*,#11945,.F.);
#11945 = EDGE_CURVE('',#11946,#11938,#11948,.T.);
#11946 = VERTEX_POINT('',#11947);
#11947 = CARTESIAN_POINT('',(17.5,59.,159.8));
#11948 = LINE('',#11949,#11950);
#11949 = CARTESIAN_POINT('',(17.5,59.,158.));
#11950 = VECTOR('',#11951,1.);
#11951 = DIRECTION('',(0.,0.,1.));
#11952 = ORIENTED_EDGE('',*,*,#11953,.T.);
#11953 = EDGE_CURVE('',#11946,#11954,#11956,.T.);
#11954 = VERTEX_POINT('',#11955);
#11955 = CARTESIAN_POINT('',(17.5,58.,159.8));
#11956 = LINE('',#11957,#11958);
#11957 = CARTESIAN_POINT('',(17.5,56.,159.8));
#11958 = VECTOR('',#11959,1.);
#11959 = DIRECTION('',(0.,-1.,0.));
#11960 = ORIENTED_EDGE('',*,*,#11961,.F.);
#11961 = EDGE_CURVE('',#11858,#11954,#11962,.T.);
#11962 = LINE('',#11963,#11964);
#11963 = CARTESIAN_POINT('',(17.5,58.,155.));
#11964 = VECTOR('',#11965,1.);
#11965 = DIRECTION('',(0.,0.,1.));
#11966 = PLANE('',#11967);
#11967 = AXIS2_PLACEMENT_3D('',#11968,#11969,#11970);
#11968 = CARTESIAN_POINT('',(17.5,58.,155.));
#11969 = DIRECTION('',(1.,0.,0.));
#11970 = DIRECTION('',(0.,0.,1.));
#11971 = ADVANCED_FACE('',(#11972),#11997,.F.);
#11972 = FACE_BOUND('',#11973,.F.);
#11973 = EDGE_LOOP('',(#11974,#11984,#11990,#11991));
#11974 = ORIENTED_EDGE('',*,*,#11975,.F.);
#11975 = EDGE_CURVE('',#11976,#11978,#11980,.T.);
#11976 = VERTEX_POINT('',#11977);
#11977 = CARTESIAN_POINT('',(61.5,58.,155.));
#11978 = VERTEX_POINT('',#11979);
#11979 = CARTESIAN_POINT('',(61.5,58.,156.));
#11980 = LINE('',#11981,#11982);
#11981 = CARTESIAN_POINT('',(61.5,58.,155.));
#11982 = VECTOR('',#11983,1.);
#11983 = DIRECTION('',(0.,0.,1.));
#11984 = ORIENTED_EDGE('',*,*,#11985,.F.);
#11985 = EDGE_CURVE('',#11856,#11976,#11986,.T.);
#11986 = LINE('',#11987,#11988);
#11987 = CARTESIAN_POINT('',(17.5,58.,155.));
#11988 = VECTOR('',#11989,1.);
#11989 = DIRECTION('',(1.,0.,0.));
#11990 = ORIENTED_EDGE('',*,*,#11855,.T.);
#11991 = ORIENTED_EDGE('',*,*,#11992,.T.);
#11992 = EDGE_CURVE('',#11858,#11978,#11993,.T.);
#11993 = LINE('',#11994,#11995);
#11994 = CARTESIAN_POINT('',(4.5,58.,156.));
#11995 = VECTOR('',#11996,1.);
#11996 = DIRECTION('',(1.,0.,0.));
#11997 = PLANE('',#11998);
#11998 = AXIS2_PLACEMENT_3D('',#11999,#12000,#12001);
#11999 = CARTESIAN_POINT('',(17.5,58.,155.));
#12000 = DIRECTION('',(0.,1.,0.));
#12001 = DIRECTION('',(0.,0.,1.));
#12002 = ADVANCED_FACE('',(#12003),#12076,.T.);
#12003 = FACE_BOUND('',#12004,.T.);
#12004 = EDGE_LOOP('',(#12005,#12013,#12021,#12027,#12028,#12036,#12045,
    #12051,#12052,#12060,#12069,#12075));
#12005 = ORIENTED_EDGE('',*,*,#12006,.F.);
#12006 = EDGE_CURVE('',#12007,#11858,#12009,.T.);
#12007 = VERTEX_POINT('',#12008);
#12008 = CARTESIAN_POINT('',(4.5,58.,156.));
#12009 = LINE('',#12010,#12011);
#12010 = CARTESIAN_POINT('',(4.5,58.,156.));
#12011 = VECTOR('',#12012,1.);
#12012 = DIRECTION('',(1.,0.,0.));
#12013 = ORIENTED_EDGE('',*,*,#12014,.T.);
#12014 = EDGE_CURVE('',#12007,#12015,#12017,.T.);
#12015 = VERTEX_POINT('',#12016);
#12016 = CARTESIAN_POINT('',(4.5,58.,198.));
#12017 = LINE('',#12018,#12019);
#12018 = CARTESIAN_POINT('',(4.5,58.,156.));
#12019 = VECTOR('',#12020,1.);
#12020 = DIRECTION('',(0.,0.,1.));
#12021 = ORIENTED_EDGE('',*,*,#12022,.T.);
#12022 = EDGE_CURVE('',#12015,#11890,#12023,.T.);
#12023 = LINE('',#12024,#12025);
#12024 = CARTESIAN_POINT('',(4.5,58.,198.));
#12025 = VECTOR('',#12026,1.);
#12026 = DIRECTION('',(1.,0.,0.));
#12027 = ORIENTED_EDGE('',*,*,#11897,.F.);
#12028 = ORIENTED_EDGE('',*,*,#12029,.F.);
#12029 = EDGE_CURVE('',#12030,#11898,#12032,.T.);
#12030 = VERTEX_POINT('',#12031);
#12031 = CARTESIAN_POINT('',(9.5,58.,194.2));
#12032 = LINE('',#12033,#12034);
#12033 = CARTESIAN_POINT('',(7.,58.,194.2));
#12034 = VECTOR('',#12035,1.);
#12035 = DIRECTION('',(1.,0.,0.));
#12036 = ORIENTED_EDGE('',*,*,#12037,.F.);
#12037 = EDGE_CURVE('',#12038,#12030,#12040,.T.);
#12038 = VERTEX_POINT('',#12039);
#12039 = CARTESIAN_POINT('',(9.5,58.,191.8));
#12040 = CIRCLE('',#12041,1.2);
#12041 = AXIS2_PLACEMENT_3D('',#12042,#12043,#12044);
#12042 = CARTESIAN_POINT('',(9.5,58.,193.));
#12043 = DIRECTION('',(0.,1.,0.));
#12044 = DIRECTION('',(0.,0.,1.));
#12045 = ORIENTED_EDGE('',*,*,#12046,.T.);
#12046 = EDGE_CURVE('',#12038,#11922,#12047,.T.);
#12047 = LINE('',#12048,#12049);
#12048 = CARTESIAN_POINT('',(7.,58.,191.8));
#12049 = VECTOR('',#12050,1.);
#12050 = DIRECTION('',(1.,0.,0.));
#12051 = ORIENTED_EDGE('',*,*,#11929,.F.);
#12052 = ORIENTED_EDGE('',*,*,#12053,.F.);
#12053 = EDGE_CURVE('',#12054,#11930,#12056,.T.);
#12054 = VERTEX_POINT('',#12055);
#12055 = CARTESIAN_POINT('',(9.5,58.,162.2));
#12056 = LINE('',#12057,#12058);
#12057 = CARTESIAN_POINT('',(7.,58.,162.2));
#12058 = VECTOR('',#12059,1.);
#12059 = DIRECTION('',(1.,0.,0.));
#12060 = ORIENTED_EDGE('',*,*,#12061,.F.);
#12061 = EDGE_CURVE('',#12062,#12054,#12064,.T.);
#12062 = VERTEX_POINT('',#12063);
#12063 = CARTESIAN_POINT('',(9.5,58.,159.8));
#12064 = CIRCLE('',#12065,1.2);
#12065 = AXIS2_PLACEMENT_3D('',#12066,#12067,#12068);
#12066 = CARTESIAN_POINT('',(9.5,58.,161.));
#12067 = DIRECTION('',(0.,1.,0.));
#12068 = DIRECTION('',(0.,0.,1.));
#12069 = ORIENTED_EDGE('',*,*,#12070,.T.);
#12070 = EDGE_CURVE('',#12062,#11954,#12071,.T.);
#12071 = LINE('',#12072,#12073);
#12072 = CARTESIAN_POINT('',(7.,58.,159.8));
#12073 = VECTOR('',#12074,1.);
#12074 = DIRECTION('',(1.,0.,0.));
#12075 = ORIENTED_EDGE('',*,*,#11961,.F.);
#12076 = PLANE('',#12077);
#12077 = AXIS2_PLACEMENT_3D('',#12078,#12079,#12080);
#12078 = CARTESIAN_POINT('',(4.5,58.,156.));
#12079 = DIRECTION('',(0.,1.,0.));
#12080 = DIRECTION('',(0.,0.,1.));
#12081 = ADVANCED_FACE('',(#12082),#12124,.T.);
#12082 = FACE_BOUND('',#12083,.T.);
#12083 = EDGE_LOOP('',(#12084,#12092,#12100,#12108,#12116,#12122,#12123)
  );
#12084 = ORIENTED_EDGE('',*,*,#12085,.F.);
#12085 = EDGE_CURVE('',#12086,#12062,#12088,.T.);
#12086 = VERTEX_POINT('',#12087);
#12087 = CARTESIAN_POINT('',(9.5,55.,159.8));
#12088 = LINE('',#12089,#12090);
#12089 = CARTESIAN_POINT('',(9.5,54.,159.8));
#12090 = VECTOR('',#12091,1.);
#12091 = DIRECTION('',(0.,1.,0.));
#12092 = ORIENTED_EDGE('',*,*,#12093,.T.);
#12093 = EDGE_CURVE('',#12086,#12094,#12096,.T.);
#12094 = VERTEX_POINT('',#12095);
#12095 = CARTESIAN_POINT('',(22.295840542122,55.,159.8));
#12096 = LINE('',#12097,#12098);
#12097 = CARTESIAN_POINT('',(7.,55.,159.8));
#12098 = VECTOR('',#12099,1.);
#12099 = DIRECTION('',(1.,0.,0.));
#12100 = ORIENTED_EDGE('',*,*,#12101,.T.);
#12101 = EDGE_CURVE('',#12094,#12102,#12104,.T.);
#12102 = VERTEX_POINT('',#12103);
#12103 = CARTESIAN_POINT('',(22.295840542121,58.,159.8));
#12104 = LINE('',#12105,#12106);
#12105 = CARTESIAN_POINT('',(22.295840542121,53.,159.8));
#12106 = VECTOR('',#12107,1.);
#12107 = DIRECTION('',(0.,1.,0.));
#12108 = ORIENTED_EDGE('',*,*,#12109,.T.);
#12109 = EDGE_CURVE('',#12102,#12110,#12112,.T.);
#12110 = VERTEX_POINT('',#12111);
#12111 = CARTESIAN_POINT('',(22.295840542122,59.,159.8));
#12112 = LINE('',#12113,#12114);
#12113 = CARTESIAN_POINT('',(22.295840542121,57.,159.8));
#12114 = VECTOR('',#12115,1.);
#12115 = DIRECTION('',(0.,1.,0.));
#12116 = ORIENTED_EDGE('',*,*,#12117,.F.);
#12117 = EDGE_CURVE('',#11946,#12110,#12118,.T.);
#12118 = LINE('',#12119,#12120);
#12119 = CARTESIAN_POINT('',(9.5,59.,159.8));
#12120 = VECTOR('',#12121,1.);
#12121 = DIRECTION('',(1.,0.,0.));
#12122 = ORIENTED_EDGE('',*,*,#11953,.T.);
#12123 = ORIENTED_EDGE('',*,*,#12070,.F.);
#12124 = PLANE('',#12125);
#12125 = AXIS2_PLACEMENT_3D('',#12126,#12127,#12128);
#12126 = CARTESIAN_POINT('',(9.5,54.,159.8));
#12127 = DIRECTION('',(0.,0.,1.));
#12128 = DIRECTION('',(1.,0.,0.));
#12129 = ADVANCED_FACE('',(#12130),#12149,.F.);
#12130 = FACE_BOUND('',#12131,.F.);
#12131 = EDGE_LOOP('',(#12132,#12133,#12134,#12142));
#12132 = ORIENTED_EDGE('',*,*,#12117,.F.);
#12133 = ORIENTED_EDGE('',*,*,#11945,.T.);
#12134 = ORIENTED_EDGE('',*,*,#12135,.T.);
#12135 = EDGE_CURVE('',#11938,#12136,#12138,.T.);
#12136 = VERTEX_POINT('',#12137);
#12137 = CARTESIAN_POINT('',(22.295840542119,59.,162.2));
#12138 = LINE('',#12139,#12140);
#12139 = CARTESIAN_POINT('',(9.5,59.,162.2));
#12140 = VECTOR('',#12141,1.);
#12141 = DIRECTION('',(1.,0.,0.));
#12142 = ORIENTED_EDGE('',*,*,#12143,.F.);
#12143 = EDGE_CURVE('',#12110,#12136,#12144,.T.);
#12144 = CIRCLE('',#12145,1.7);
#12145 = AXIS2_PLACEMENT_3D('',#12146,#12147,#12148);
#12146 = CARTESIAN_POINT('',(23.5,59.,161.));
#12147 = DIRECTION('',(0.,1.,0.));
#12148 = DIRECTION('',(0.,0.,1.));
#12149 = PLANE('',#12150);
#12150 = AXIS2_PLACEMENT_3D('',#12151,#12152,#12153);
#12151 = CARTESIAN_POINT('',(39.5,59.,161.));
#12152 = DIRECTION('',(0.,1.,0.));
#12153 = DIRECTION('',(0.,0.,1.));
#12154 = ADVANCED_FACE('',(#12155),#12190,.F.);
#12155 = FACE_BOUND('',#12156,.F.);
#12156 = EDGE_LOOP('',(#12157,#12165,#12173,#12181,#12187,#12188,#12189)
  );
#12157 = ORIENTED_EDGE('',*,*,#12158,.F.);
#12158 = EDGE_CURVE('',#12159,#12054,#12161,.T.);
#12159 = VERTEX_POINT('',#12160);
#12160 = CARTESIAN_POINT('',(9.5,55.,162.2));
#12161 = LINE('',#12162,#12163);
#12162 = CARTESIAN_POINT('',(9.5,54.,162.2));
#12163 = VECTOR('',#12164,1.);
#12164 = DIRECTION('',(0.,1.,0.));
#12165 = ORIENTED_EDGE('',*,*,#12166,.T.);
#12166 = EDGE_CURVE('',#12159,#12167,#12169,.T.);
#12167 = VERTEX_POINT('',#12168);
#12168 = CARTESIAN_POINT('',(22.295840542119,55.,162.2));
#12169 = LINE('',#12170,#12171);
#12170 = CARTESIAN_POINT('',(7.,55.,162.2));
#12171 = VECTOR('',#12172,1.);
#12172 = DIRECTION('',(1.,0.,0.));
#12173 = ORIENTED_EDGE('',*,*,#12174,.T.);
#12174 = EDGE_CURVE('',#12167,#12175,#12177,.T.);
#12175 = VERTEX_POINT('',#12176);
#12176 = CARTESIAN_POINT('',(22.295840542121,58.,162.2));
#12177 = LINE('',#12178,#12179);
#12178 = CARTESIAN_POINT('',(22.295840542121,53.,162.2));
#12179 = VECTOR('',#12180,1.);
#12180 = DIRECTION('',(0.,1.,0.));
#12181 = ORIENTED_EDGE('',*,*,#12182,.T.);
#12182 = EDGE_CURVE('',#12175,#12136,#12183,.T.);
#12183 = LINE('',#12184,#12185);
#12184 = CARTESIAN_POINT('',(22.295840542121,57.,162.2));
#12185 = VECTOR('',#12186,1.);
#12186 = DIRECTION('',(0.,1.,0.));
#12187 = ORIENTED_EDGE('',*,*,#12135,.F.);
#12188 = ORIENTED_EDGE('',*,*,#11937,.T.);
#12189 = ORIENTED_EDGE('',*,*,#12053,.F.);
#12190 = PLANE('',#12191);
#12191 = AXIS2_PLACEMENT_3D('',#12192,#12193,#12194);
#12192 = CARTESIAN_POINT('',(9.5,54.,162.2));
#12193 = DIRECTION('',(0.,0.,1.));
#12194 = DIRECTION('',(1.,0.,0.));
#12195 = ADVANCED_FACE('',(#12196),#12238,.T.);
#12196 = FACE_BOUND('',#12197,.T.);
#12197 = EDGE_LOOP('',(#12198,#12206,#12214,#12222,#12230,#12236,#12237)
  );
#12198 = ORIENTED_EDGE('',*,*,#12199,.F.);
#12199 = EDGE_CURVE('',#12200,#12038,#12202,.T.);
#12200 = VERTEX_POINT('',#12201);
#12201 = CARTESIAN_POINT('',(9.5,55.,191.8));
#12202 = LINE('',#12203,#12204);
#12203 = CARTESIAN_POINT('',(9.5,54.,191.8));
#12204 = VECTOR('',#12205,1.);
#12205 = DIRECTION('',(0.,1.,0.));
#12206 = ORIENTED_EDGE('',*,*,#12207,.T.);
#12207 = EDGE_CURVE('',#12200,#12208,#12210,.T.);
#12208 = VERTEX_POINT('',#12209);
#12209 = CARTESIAN_POINT('',(22.295840542122,55.,191.8));
#12210 = LINE('',#12211,#12212);
#12211 = CARTESIAN_POINT('',(7.,55.,191.8));
#12212 = VECTOR('',#12213,1.);
#12213 = DIRECTION('',(1.,0.,0.));
#12214 = ORIENTED_EDGE('',*,*,#12215,.T.);
#12215 = EDGE_CURVE('',#12208,#12216,#12218,.T.);
#12216 = VERTEX_POINT('',#12217);
#12217 = CARTESIAN_POINT('',(22.295840542121,58.,191.8));
#12218 = LINE('',#12219,#12220);
#12219 = CARTESIAN_POINT('',(22.295840542121,53.,191.8));
#12220 = VECTOR('',#12221,1.);
#12221 = DIRECTION('',(0.,1.,0.));
#12222 = ORIENTED_EDGE('',*,*,#12223,.T.);
#12223 = EDGE_CURVE('',#12216,#12224,#12226,.T.);
#12224 = VERTEX_POINT('',#12225);
#12225 = CARTESIAN_POINT('',(22.295840542122,59.,191.8));
#12226 = LINE('',#12227,#12228);
#12227 = CARTESIAN_POINT('',(22.295840542121,57.,191.8));
#12228 = VECTOR('',#12229,1.);
#12229 = DIRECTION('',(0.,1.,0.));
#12230 = ORIENTED_EDGE('',*,*,#12231,.F.);
#12231 = EDGE_CURVE('',#11914,#12224,#12232,.T.);
#12232 = LINE('',#12233,#12234);
#12233 = CARTESIAN_POINT('',(9.5,59.,191.8));
#12234 = VECTOR('',#12235,1.);
#12235 = DIRECTION('',(1.,0.,0.));
#12236 = ORIENTED_EDGE('',*,*,#11921,.T.);
#12237 = ORIENTED_EDGE('',*,*,#12046,.F.);
#12238 = PLANE('',#12239);
#12239 = AXIS2_PLACEMENT_3D('',#12240,#12241,#12242);
#12240 = CARTESIAN_POINT('',(9.5,54.,191.8));
#12241 = DIRECTION('',(0.,0.,1.));
#12242 = DIRECTION('',(1.,0.,0.));
#12243 = ADVANCED_FACE('',(#12244),#12263,.F.);
#12244 = FACE_BOUND('',#12245,.F.);
#12245 = EDGE_LOOP('',(#12246,#12247,#12248,#12256));
#12246 = ORIENTED_EDGE('',*,*,#12231,.F.);
#12247 = ORIENTED_EDGE('',*,*,#11913,.T.);
#12248 = ORIENTED_EDGE('',*,*,#12249,.T.);
#12249 = EDGE_CURVE('',#11906,#12250,#12252,.T.);
#12250 = VERTEX_POINT('',#12251);
#12251 = CARTESIAN_POINT('',(22.295840542116,59.,194.2));
#12252 = LINE('',#12253,#12254);
#12253 = CARTESIAN_POINT('',(9.5,59.,194.2));
#12254 = VECTOR('',#12255,1.);
#12255 = DIRECTION('',(1.,0.,0.));
#12256 = ORIENTED_EDGE('',*,*,#12257,.F.);
#12257 = EDGE_CURVE('',#12224,#12250,#12258,.T.);
#12258 = CIRCLE('',#12259,1.7);
#12259 = AXIS2_PLACEMENT_3D('',#12260,#12261,#12262);
#12260 = CARTESIAN_POINT('',(23.5,59.,193.));
#12261 = DIRECTION('',(0.,1.,0.));
#12262 = DIRECTION('',(0.,0.,1.));
#12263 = PLANE('',#12264);
#12264 = AXIS2_PLACEMENT_3D('',#12265,#12266,#12267);
#12265 = CARTESIAN_POINT('',(39.5,59.,193.));
#12266 = DIRECTION('',(0.,1.,0.));
#12267 = DIRECTION('',(0.,0.,1.));
#12268 = ADVANCED_FACE('',(#12269),#12304,.F.);
#12269 = FACE_BOUND('',#12270,.F.);
#12270 = EDGE_LOOP('',(#12271,#12279,#12287,#12295,#12301,#12302,#12303)
  );
#12271 = ORIENTED_EDGE('',*,*,#12272,.F.);
#12272 = EDGE_CURVE('',#12273,#12030,#12275,.T.);
#12273 = VERTEX_POINT('',#12274);
#12274 = CARTESIAN_POINT('',(9.5,55.,194.2));
#12275 = LINE('',#12276,#12277);
#12276 = CARTESIAN_POINT('',(9.5,54.,194.2));
#12277 = VECTOR('',#12278,1.);
#12278 = DIRECTION('',(0.,1.,0.));
#12279 = ORIENTED_EDGE('',*,*,#12280,.T.);
#12280 = EDGE_CURVE('',#12273,#12281,#12283,.T.);
#12281 = VERTEX_POINT('',#12282);
#12282 = CARTESIAN_POINT('',(22.295840542116,55.,194.2));
#12283 = LINE('',#12284,#12285);
#12284 = CARTESIAN_POINT('',(7.,55.,194.2));
#12285 = VECTOR('',#12286,1.);
#12286 = DIRECTION('',(1.,0.,0.));
#12287 = ORIENTED_EDGE('',*,*,#12288,.T.);
#12288 = EDGE_CURVE('',#12281,#12289,#12291,.T.);
#12289 = VERTEX_POINT('',#12290);
#12290 = CARTESIAN_POINT('',(22.295840542121,58.,194.2));
#12291 = LINE('',#12292,#12293);
#12292 = CARTESIAN_POINT('',(22.295840542121,53.,194.2));
#12293 = VECTOR('',#12294,1.);
#12294 = DIRECTION('',(0.,1.,0.));
#12295 = ORIENTED_EDGE('',*,*,#12296,.T.);
#12296 = EDGE_CURVE('',#12289,#12250,#12297,.T.);
#12297 = LINE('',#12298,#12299);
#12298 = CARTESIAN_POINT('',(22.295840542121,57.,194.2));
#12299 = VECTOR('',#12300,1.);
#12300 = DIRECTION('',(0.,1.,0.));
#12301 = ORIENTED_EDGE('',*,*,#12249,.F.);
#12302 = ORIENTED_EDGE('',*,*,#11905,.T.);
#12303 = ORIENTED_EDGE('',*,*,#12029,.F.);
#12304 = PLANE('',#12305);
#12305 = AXIS2_PLACEMENT_3D('',#12306,#12307,#12308);
#12306 = CARTESIAN_POINT('',(9.5,54.,194.2));
#12307 = DIRECTION('',(0.,0.,1.));
#12308 = DIRECTION('',(1.,0.,0.));
#12309 = ADVANCED_FACE('',(#12310),#12335,.F.);
#12310 = FACE_BOUND('',#12311,.F.);
#12311 = EDGE_LOOP('',(#12312,#12322,#12328,#12329));
#12312 = ORIENTED_EDGE('',*,*,#12313,.F.);
#12313 = EDGE_CURVE('',#12314,#12316,#12318,.T.);
#12314 = VERTEX_POINT('',#12315);
#12315 = CARTESIAN_POINT('',(61.5,58.,198.));
#12316 = VERTEX_POINT('',#12317);
#12317 = CARTESIAN_POINT('',(61.5,58.,199.));
#12318 = LINE('',#12319,#12320);
#12319 = CARTESIAN_POINT('',(61.5,58.,155.));
#12320 = VECTOR('',#12321,1.);
#12321 = DIRECTION('',(0.,0.,1.));
#12322 = ORIENTED_EDGE('',*,*,#12323,.F.);
#12323 = EDGE_CURVE('',#11890,#12314,#12324,.T.);
#12324 = LINE('',#12325,#12326);
#12325 = CARTESIAN_POINT('',(4.5,58.,198.));
#12326 = VECTOR('',#12327,1.);
#12327 = DIRECTION('',(1.,0.,0.));
#12328 = ORIENTED_EDGE('',*,*,#11889,.T.);
#12329 = ORIENTED_EDGE('',*,*,#12330,.T.);
#12330 = EDGE_CURVE('',#11882,#12316,#12331,.T.);
#12331 = LINE('',#12332,#12333);
#12332 = CARTESIAN_POINT('',(17.5,58.,199.));
#12333 = VECTOR('',#12334,1.);
#12334 = DIRECTION('',(1.,0.,0.));
#12335 = PLANE('',#12336);
#12336 = AXIS2_PLACEMENT_3D('',#12337,#12338,#12339);
#12337 = CARTESIAN_POINT('',(17.5,58.,155.));
#12338 = DIRECTION('',(0.,1.,0.));
#12339 = DIRECTION('',(0.,0.,1.));
#12340 = ADVANCED_FACE('',(#12341),#12359,.T.);
#12341 = FACE_BOUND('',#12342,.T.);
#12342 = EDGE_LOOP('',(#12343,#12344,#12345,#12353));
#12343 = ORIENTED_EDGE('',*,*,#11881,.F.);
#12344 = ORIENTED_EDGE('',*,*,#12330,.T.);
#12345 = ORIENTED_EDGE('',*,*,#12346,.T.);
#12346 = EDGE_CURVE('',#12316,#12347,#12349,.T.);
#12347 = VERTEX_POINT('',#12348);
#12348 = CARTESIAN_POINT('',(61.5,61.,199.));
#12349 = LINE('',#12350,#12351);
#12350 = CARTESIAN_POINT('',(61.5,58.,199.));
#12351 = VECTOR('',#12352,1.);
#12352 = DIRECTION('',(0.,1.,0.));
#12353 = ORIENTED_EDGE('',*,*,#12354,.F.);
#12354 = EDGE_CURVE('',#11874,#12347,#12355,.T.);
#12355 = LINE('',#12356,#12357);
#12356 = CARTESIAN_POINT('',(17.5,61.,199.));
#12357 = VECTOR('',#12358,1.);
#12358 = DIRECTION('',(1.,0.,0.));
#12359 = PLANE('',#12360);
#12360 = AXIS2_PLACEMENT_3D('',#12361,#12362,#12363);
#12361 = CARTESIAN_POINT('',(17.5,58.,199.));
#12362 = DIRECTION('',(0.,0.,1.));
#12363 = DIRECTION('',(1.,0.,0.));
#12364 = ADVANCED_FACE('',(#12365,#12383,#12394,#12436,#12447,#12458),
  #12469,.T.);
#12365 = FACE_BOUND('',#12366,.T.);
#12366 = EDGE_LOOP('',(#12367,#12375,#12376,#12377));
#12367 = ORIENTED_EDGE('',*,*,#12368,.F.);
#12368 = EDGE_CURVE('',#11866,#12369,#12371,.T.);
#12369 = VERTEX_POINT('',#12370);
#12370 = CARTESIAN_POINT('',(61.5,61.,155.));
#12371 = LINE('',#12372,#12373);
#12372 = CARTESIAN_POINT('',(17.5,61.,155.));
#12373 = VECTOR('',#12374,1.);
#12374 = DIRECTION('',(1.,0.,0.));
#12375 = ORIENTED_EDGE('',*,*,#11873,.T.);
#12376 = ORIENTED_EDGE('',*,*,#12354,.T.);
#12377 = ORIENTED_EDGE('',*,*,#12378,.F.);
#12378 = EDGE_CURVE('',#12369,#12347,#12379,.T.);
#12379 = LINE('',#12380,#12381);
#12380 = CARTESIAN_POINT('',(61.5,61.,155.));
#12381 = VECTOR('',#12382,1.);
#12382 = DIRECTION('',(0.,0.,1.));
#12383 = FACE_BOUND('',#12384,.T.);
#12384 = EDGE_LOOP('',(#12385));
#12385 = ORIENTED_EDGE('',*,*,#12386,.F.);
#12386 = EDGE_CURVE('',#12387,#12387,#12389,.T.);
#12387 = VERTEX_POINT('',#12388);
#12388 = CARTESIAN_POINT('',(23.5,61.,162.7));
#12389 = CIRCLE('',#12390,1.7);
#12390 = AXIS2_PLACEMENT_3D('',#12391,#12392,#12393);
#12391 = CARTESIAN_POINT('',(23.5,61.,161.));
#12392 = DIRECTION('',(0.,1.,0.));
#12393 = DIRECTION('',(0.,0.,1.));
#12394 = FACE_BOUND('',#12395,.T.);
#12395 = EDGE_LOOP('',(#12396,#12406,#12414,#12422,#12430));
#12396 = ORIENTED_EDGE('',*,*,#12397,.T.);
#12397 = EDGE_CURVE('',#12398,#12400,#12402,.T.);
#12398 = VERTEX_POINT('',#12399);
#12399 = CARTESIAN_POINT('',(26.5,61.,188.));
#12400 = VERTEX_POINT('',#12401);
#12401 = CARTESIAN_POINT('',(26.5,61.,166.));
#12402 = LINE('',#12403,#12404);
#12403 = CARTESIAN_POINT('',(26.5,61.,188.));
#12404 = VECTOR('',#12405,1.);
#12405 = DIRECTION('',(0.,0.,-1.));
#12406 = ORIENTED_EDGE('',*,*,#12407,.T.);
#12407 = EDGE_CURVE('',#12400,#12408,#12410,.T.);
#12408 = VERTEX_POINT('',#12409);
#12409 = CARTESIAN_POINT('',(52.5,61.,166.));
#12410 = LINE('',#12411,#12412);
#12411 = CARTESIAN_POINT('',(26.5,61.,166.));
#12412 = VECTOR('',#12413,1.);
#12413 = DIRECTION('',(1.,0.,0.));
#12414 = ORIENTED_EDGE('',*,*,#12415,.T.);
#12415 = EDGE_CURVE('',#12408,#12416,#12418,.T.);
#12416 = VERTEX_POINT('',#12417);
#12417 = CARTESIAN_POINT('',(52.5,61.,183.));
#12418 = LINE('',#12419,#12420);
#12419 = CARTESIAN_POINT('',(52.5,61.,166.));
#12420 = VECTOR('',#12421,1.);
#12421 = DIRECTION('',(0.,0.,1.));
#12422 = ORIENTED_EDGE('',*,*,#12423,.T.);
#12423 = EDGE_CURVE('',#12416,#12424,#12426,.T.);
#12424 = VERTEX_POINT('',#12425);
#12425 = CARTESIAN_POINT('',(47.5,61.,188.));
#12426 = LINE('',#12427,#12428);
#12427 = CARTESIAN_POINT('',(52.5,61.,183.));
#12428 = VECTOR('',#12429,1.);
#12429 = DIRECTION('',(-0.707106781187,0.,0.707106781187));
#12430 = ORIENTED_EDGE('',*,*,#12431,.T.);
#12431 = EDGE_CURVE('',#12424,#12398,#12432,.T.);
#12432 = LINE('',#12433,#12434);
#12433 = CARTESIAN_POINT('',(47.5,61.,188.));
#12434 = VECTOR('',#12435,1.);
#12435 = DIRECTION('',(-1.,0.,0.));
#12436 = FACE_BOUND('',#12437,.T.);
#12437 = EDGE_LOOP('',(#12438));
#12438 = ORIENTED_EDGE('',*,*,#12439,.F.);
#12439 = EDGE_CURVE('',#12440,#12440,#12442,.T.);
#12440 = VERTEX_POINT('',#12441);
#12441 = CARTESIAN_POINT('',(23.5,61.,194.7));
#12442 = CIRCLE('',#12443,1.7);
#12443 = AXIS2_PLACEMENT_3D('',#12444,#12445,#12446);
#12444 = CARTESIAN_POINT('',(23.5,61.,193.));
#12445 = DIRECTION('',(0.,1.,0.));
#12446 = DIRECTION('',(0.,0.,1.));
#12447 = FACE_BOUND('',#12448,.T.);
#12448 = EDGE_LOOP('',(#12449));
#12449 = ORIENTED_EDGE('',*,*,#12450,.F.);
#12450 = EDGE_CURVE('',#12451,#12451,#12453,.T.);
#12451 = VERTEX_POINT('',#12452);
#12452 = CARTESIAN_POINT('',(55.5,61.,162.7));
#12453 = CIRCLE('',#12454,1.7);
#12454 = AXIS2_PLACEMENT_3D('',#12455,#12456,#12457);
#12455 = CARTESIAN_POINT('',(55.5,61.,161.));
#12456 = DIRECTION('',(0.,1.,0.));
#12457 = DIRECTION('',(0.,0.,1.));
#12458 = FACE_BOUND('',#12459,.T.);
#12459 = EDGE_LOOP('',(#12460));
#12460 = ORIENTED_EDGE('',*,*,#12461,.F.);
#12461 = EDGE_CURVE('',#12462,#12462,#12464,.T.);
#12462 = VERTEX_POINT('',#12463);
#12463 = CARTESIAN_POINT('',(55.5,61.,194.7));
#12464 = CIRCLE('',#12465,1.7);
#12465 = AXIS2_PLACEMENT_3D('',#12466,#12467,#12468);
#12466 = CARTESIAN_POINT('',(55.5,61.,193.));
#12467 = DIRECTION('',(0.,1.,0.));
#12468 = DIRECTION('',(0.,0.,1.));
#12469 = PLANE('',#12470);
#12470 = AXIS2_PLACEMENT_3D('',#12471,#12472,#12473);
#12471 = CARTESIAN_POINT('',(17.5,61.,155.));
#12472 = DIRECTION('',(0.,1.,0.));
#12473 = DIRECTION('',(0.,0.,1.));
#12474 = ADVANCED_FACE('',(#12475),#12486,.F.);
#12475 = FACE_BOUND('',#12476,.F.);
#12476 = EDGE_LOOP('',(#12477,#12478,#12479,#12485));
#12477 = ORIENTED_EDGE('',*,*,#11865,.F.);
#12478 = ORIENTED_EDGE('',*,*,#11985,.T.);
#12479 = ORIENTED_EDGE('',*,*,#12480,.T.);
#12480 = EDGE_CURVE('',#11976,#12369,#12481,.T.);
#12481 = LINE('',#12482,#12483);
#12482 = CARTESIAN_POINT('',(61.5,58.,155.));
#12483 = VECTOR('',#12484,1.);
#12484 = DIRECTION('',(0.,1.,0.));
#12485 = ORIENTED_EDGE('',*,*,#12368,.F.);
#12486 = PLANE('',#12487);
#12487 = AXIS2_PLACEMENT_3D('',#12488,#12489,#12490);
#12488 = CARTESIAN_POINT('',(17.5,58.,155.));
#12489 = DIRECTION('',(0.,0.,1.));
#12490 = DIRECTION('',(1.,0.,0.));
#12491 = ADVANCED_FACE('',(#12492),#12569,.T.);
#12492 = FACE_BOUND('',#12493,.T.);
#12493 = EDGE_LOOP('',(#12494,#12495,#12496,#12497,#12498,#12499,#12507,
    #12515,#12523,#12531,#12539,#12547,#12555,#12563));
#12494 = ORIENTED_EDGE('',*,*,#11975,.F.);
#12495 = ORIENTED_EDGE('',*,*,#12480,.T.);
#12496 = ORIENTED_EDGE('',*,*,#12378,.T.);
#12497 = ORIENTED_EDGE('',*,*,#12346,.F.);
#12498 = ORIENTED_EDGE('',*,*,#12313,.F.);
#12499 = ORIENTED_EDGE('',*,*,#12500,.F.);
#12500 = EDGE_CURVE('',#12501,#12314,#12503,.T.);
#12501 = VERTEX_POINT('',#12502);
#12502 = CARTESIAN_POINT('',(61.5,58.,194.2));
#12503 = LINE('',#12504,#12505);
#12504 = CARTESIAN_POINT('',(61.5,58.,155.));
#12505 = VECTOR('',#12506,1.);
#12506 = DIRECTION('',(0.,0.,1.));
#12507 = ORIENTED_EDGE('',*,*,#12508,.F.);
#12508 = EDGE_CURVE('',#12509,#12501,#12511,.T.);
#12509 = VERTEX_POINT('',#12510);
#12510 = CARTESIAN_POINT('',(61.5,59.,194.2));
#12511 = LINE('',#12512,#12513);
#12512 = CARTESIAN_POINT('',(61.5,56.,194.2));
#12513 = VECTOR('',#12514,1.);
#12514 = DIRECTION('',(0.,-1.,0.));
#12515 = ORIENTED_EDGE('',*,*,#12516,.F.);
#12516 = EDGE_CURVE('',#12517,#12509,#12519,.T.);
#12517 = VERTEX_POINT('',#12518);
#12518 = CARTESIAN_POINT('',(61.5,59.,191.8));
#12519 = LINE('',#12520,#12521);
#12520 = CARTESIAN_POINT('',(61.5,59.,174.));
#12521 = VECTOR('',#12522,1.);
#12522 = DIRECTION('',(0.,0.,1.));
#12523 = ORIENTED_EDGE('',*,*,#12524,.T.);
#12524 = EDGE_CURVE('',#12517,#12525,#12527,.T.);
#12525 = VERTEX_POINT('',#12526);
#12526 = CARTESIAN_POINT('',(61.5,58.,191.8));
#12527 = LINE('',#12528,#12529);
#12528 = CARTESIAN_POINT('',(61.5,56.,191.8));
#12529 = VECTOR('',#12530,1.);
#12530 = DIRECTION('',(0.,-1.,0.));
#12531 = ORIENTED_EDGE('',*,*,#12532,.F.);
#12532 = EDGE_CURVE('',#12533,#12525,#12535,.T.);
#12533 = VERTEX_POINT('',#12534);
#12534 = CARTESIAN_POINT('',(61.5,58.,162.2));
#12535 = LINE('',#12536,#12537);
#12536 = CARTESIAN_POINT('',(61.5,58.,155.));
#12537 = VECTOR('',#12538,1.);
#12538 = DIRECTION('',(0.,0.,1.));
#12539 = ORIENTED_EDGE('',*,*,#12540,.F.);
#12540 = EDGE_CURVE('',#12541,#12533,#12543,.T.);
#12541 = VERTEX_POINT('',#12542);
#12542 = CARTESIAN_POINT('',(61.5,59.,162.2));
#12543 = LINE('',#12544,#12545);
#12544 = CARTESIAN_POINT('',(61.5,56.,162.2));
#12545 = VECTOR('',#12546,1.);
#12546 = DIRECTION('',(0.,-1.,0.));
#12547 = ORIENTED_EDGE('',*,*,#12548,.F.);
#12548 = EDGE_CURVE('',#12549,#12541,#12551,.T.);
#12549 = VERTEX_POINT('',#12550);
#12550 = CARTESIAN_POINT('',(61.5,59.,159.8));
#12551 = LINE('',#12552,#12553);
#12552 = CARTESIAN_POINT('',(61.5,59.,158.));
#12553 = VECTOR('',#12554,1.);
#12554 = DIRECTION('',(0.,0.,1.));
#12555 = ORIENTED_EDGE('',*,*,#12556,.T.);
#12556 = EDGE_CURVE('',#12549,#12557,#12559,.T.);
#12557 = VERTEX_POINT('',#12558);
#12558 = CARTESIAN_POINT('',(61.5,58.,159.8));
#12559 = LINE('',#12560,#12561);
#12560 = CARTESIAN_POINT('',(61.5,56.,159.8));
#12561 = VECTOR('',#12562,1.);
#12562 = DIRECTION('',(0.,-1.,0.));
#12563 = ORIENTED_EDGE('',*,*,#12564,.F.);
#12564 = EDGE_CURVE('',#11978,#12557,#12565,.T.);
#12565 = LINE('',#12566,#12567);
#12566 = CARTESIAN_POINT('',(61.5,58.,155.));
#12567 = VECTOR('',#12568,1.);
#12568 = DIRECTION('',(0.,0.,1.));
#12569 = PLANE('',#12570);
#12570 = AXIS2_PLACEMENT_3D('',#12571,#12572,#12573);
#12571 = CARTESIAN_POINT('',(61.5,58.,155.));
#12572 = DIRECTION('',(1.,0.,0.));
#12573 = DIRECTION('',(0.,0.,1.));
#12574 = ADVANCED_FACE('',(#12575),#12609,.F.);
#12575 = FACE_BOUND('',#12576,.F.);
#12576 = EDGE_LOOP('',(#12577,#12585,#12593,#12601,#12607,#12608));
#12577 = ORIENTED_EDGE('',*,*,#12578,.F.);
#12578 = EDGE_CURVE('',#12579,#12007,#12581,.T.);
#12579 = VERTEX_POINT('',#12580);
#12580 = CARTESIAN_POINT('',(4.5,55.,156.));
#12581 = LINE('',#12582,#12583);
#12582 = CARTESIAN_POINT('',(4.5,55.,156.));
#12583 = VECTOR('',#12584,1.);
#12584 = DIRECTION('',(0.,1.,0.));
#12585 = ORIENTED_EDGE('',*,*,#12586,.T.);
#12586 = EDGE_CURVE('',#12579,#12587,#12589,.T.);
#12587 = VERTEX_POINT('',#12588);
#12588 = CARTESIAN_POINT('',(74.5,55.,156.));
#12589 = LINE('',#12590,#12591);
#12590 = CARTESIAN_POINT('',(4.5,55.,156.));
#12591 = VECTOR('',#12592,1.);
#12592 = DIRECTION('',(1.,0.,0.));
#12593 = ORIENTED_EDGE('',*,*,#12594,.T.);
#12594 = EDGE_CURVE('',#12587,#12595,#12597,.T.);
#12595 = VERTEX_POINT('',#12596);
#12596 = CARTESIAN_POINT('',(74.5,58.,156.));
#12597 = LINE('',#12598,#12599);
#12598 = CARTESIAN_POINT('',(74.5,55.,156.));
#12599 = VECTOR('',#12600,1.);
#12600 = DIRECTION('',(0.,1.,0.));
#12601 = ORIENTED_EDGE('',*,*,#12602,.F.);
#12602 = EDGE_CURVE('',#11978,#12595,#12603,.T.);
#12603 = LINE('',#12604,#12605);
#12604 = CARTESIAN_POINT('',(4.5,58.,156.));
#12605 = VECTOR('',#12606,1.);
#12606 = DIRECTION('',(1.,0.,0.));
#12607 = ORIENTED_EDGE('',*,*,#11992,.F.);
#12608 = ORIENTED_EDGE('',*,*,#12006,.F.);
#12609 = PLANE('',#12610);
#12610 = AXIS2_PLACEMENT_3D('',#12611,#12612,#12613);
#12611 = CARTESIAN_POINT('',(4.5,55.,156.));
#12612 = DIRECTION('',(0.,0.,1.));
#12613 = DIRECTION('',(1.,0.,0.));
#12614 = ADVANCED_FACE('',(#12615),#12627,.F.);
#12615 = FACE_BOUND('',#12616,.F.);
#12616 = EDGE_LOOP('',(#12617,#12624,#12625,#12626));
#12617 = ORIENTED_EDGE('',*,*,#12618,.T.);
#12618 = EDGE_CURVE('',#12086,#12159,#12619,.T.);
#12619 = CIRCLE('',#12620,1.2);
#12620 = AXIS2_PLACEMENT_3D('',#12621,#12622,#12623);
#12621 = CARTESIAN_POINT('',(9.5,55.,161.));
#12622 = DIRECTION('',(0.,1.,0.));
#12623 = DIRECTION('',(0.,0.,1.));
#12624 = ORIENTED_EDGE('',*,*,#12158,.T.);
#12625 = ORIENTED_EDGE('',*,*,#12061,.F.);
#12626 = ORIENTED_EDGE('',*,*,#12085,.F.);
#12627 = CYLINDRICAL_SURFACE('',#12628,1.2);
#12628 = AXIS2_PLACEMENT_3D('',#12629,#12630,#12631);
#12629 = CARTESIAN_POINT('',(9.5,54.,161.));
#12630 = DIRECTION('',(0.,1.,0.));
#12631 = DIRECTION('',(0.,0.,1.));
#12632 = ADVANCED_FACE('',(#12633),#12645,.F.);
#12633 = FACE_BOUND('',#12634,.F.);
#12634 = EDGE_LOOP('',(#12635,#12642,#12643,#12644));
#12635 = ORIENTED_EDGE('',*,*,#12636,.T.);
#12636 = EDGE_CURVE('',#12200,#12273,#12637,.T.);
#12637 = CIRCLE('',#12638,1.2);
#12638 = AXIS2_PLACEMENT_3D('',#12639,#12640,#12641);
#12639 = CARTESIAN_POINT('',(9.5,55.,193.));
#12640 = DIRECTION('',(0.,1.,0.));
#12641 = DIRECTION('',(0.,0.,1.));
#12642 = ORIENTED_EDGE('',*,*,#12272,.T.);
#12643 = ORIENTED_EDGE('',*,*,#12037,.F.);
#12644 = ORIENTED_EDGE('',*,*,#12199,.F.);
#12645 = CYLINDRICAL_SURFACE('',#12646,1.2);
#12646 = AXIS2_PLACEMENT_3D('',#12647,#12648,#12649);
#12647 = CARTESIAN_POINT('',(9.5,54.,193.));
#12648 = DIRECTION('',(0.,1.,0.));
#12649 = DIRECTION('',(0.,0.,1.));
#12650 = ADVANCED_FACE('',(#12651),#12685,.T.);
#12651 = FACE_BOUND('',#12652,.T.);
#12652 = EDGE_LOOP('',(#12653,#12661,#12669,#12677,#12683,#12684));
#12653 = ORIENTED_EDGE('',*,*,#12654,.F.);
#12654 = EDGE_CURVE('',#12655,#12015,#12657,.T.);
#12655 = VERTEX_POINT('',#12656);
#12656 = CARTESIAN_POINT('',(4.5,55.,198.));
#12657 = LINE('',#12658,#12659);
#12658 = CARTESIAN_POINT('',(4.5,55.,198.));
#12659 = VECTOR('',#12660,1.);
#12660 = DIRECTION('',(0.,1.,0.));
#12661 = ORIENTED_EDGE('',*,*,#12662,.T.);
#12662 = EDGE_CURVE('',#12655,#12663,#12665,.T.);
#12663 = VERTEX_POINT('',#12664);
#12664 = CARTESIAN_POINT('',(74.5,55.,198.));
#12665 = LINE('',#12666,#12667);
#12666 = CARTESIAN_POINT('',(4.5,55.,198.));
#12667 = VECTOR('',#12668,1.);
#12668 = DIRECTION('',(1.,0.,0.));
#12669 = ORIENTED_EDGE('',*,*,#12670,.T.);
#12670 = EDGE_CURVE('',#12663,#12671,#12673,.T.);
#12671 = VERTEX_POINT('',#12672);
#12672 = CARTESIAN_POINT('',(74.5,58.,198.));
#12673 = LINE('',#12674,#12675);
#12674 = CARTESIAN_POINT('',(74.5,55.,198.));
#12675 = VECTOR('',#12676,1.);
#12676 = DIRECTION('',(0.,1.,0.));
#12677 = ORIENTED_EDGE('',*,*,#12678,.F.);
#12678 = EDGE_CURVE('',#12314,#12671,#12679,.T.);
#12679 = LINE('',#12680,#12681);
#12680 = CARTESIAN_POINT('',(4.5,58.,198.));
#12681 = VECTOR('',#12682,1.);
#12682 = DIRECTION('',(1.,0.,0.));
#12683 = ORIENTED_EDGE('',*,*,#12323,.F.);
#12684 = ORIENTED_EDGE('',*,*,#12022,.F.);
#12685 = PLANE('',#12686);
#12686 = AXIS2_PLACEMENT_3D('',#12687,#12688,#12689);
#12687 = CARTESIAN_POINT('',(4.5,55.,198.));
#12688 = DIRECTION('',(0.,0.,1.));
#12689 = DIRECTION('',(1.,0.,0.));
#12690 = ADVANCED_FACE('',(#12691),#12702,.F.);
#12691 = FACE_BOUND('',#12692,.F.);
#12692 = EDGE_LOOP('',(#12693,#12699,#12700,#12701));
#12693 = ORIENTED_EDGE('',*,*,#12694,.F.);
#12694 = EDGE_CURVE('',#12579,#12655,#12695,.T.);
#12695 = LINE('',#12696,#12697);
#12696 = CARTESIAN_POINT('',(4.5,55.,156.));
#12697 = VECTOR('',#12698,1.);
#12698 = DIRECTION('',(0.,0.,1.));
#12699 = ORIENTED_EDGE('',*,*,#12578,.T.);
#12700 = ORIENTED_EDGE('',*,*,#12014,.T.);
#12701 = ORIENTED_EDGE('',*,*,#12654,.F.);
#12702 = PLANE('',#12703);
#12703 = AXIS2_PLACEMENT_3D('',#12704,#12705,#12706);
#12704 = CARTESIAN_POINT('',(4.5,55.,156.));
#12705 = DIRECTION('',(1.,0.,0.));
#12706 = DIRECTION('',(0.,0.,1.));
#12707 = ADVANCED_FACE('',(#12708),#12771,.F.);
#12708 = FACE_BOUND('',#12709,.F.);
#12709 = EDGE_LOOP('',(#12710,#12719,#12725,#12726,#12727,#12736,#12744,
    #12753,#12761,#12768,#12769,#12770));
#12710 = ORIENTED_EDGE('',*,*,#12711,.T.);
#12711 = EDGE_CURVE('',#12175,#12712,#12714,.T.);
#12712 = VERTEX_POINT('',#12713);
#12713 = CARTESIAN_POINT('',(23.5,58.,162.7));
#12714 = CIRCLE('',#12715,1.7);
#12715 = AXIS2_PLACEMENT_3D('',#12716,#12717,#12718);
#12716 = CARTESIAN_POINT('',(23.5,58.,161.));
#12717 = DIRECTION('',(0.,1.,0.));
#12718 = DIRECTION('',(0.,0.,1.));
#12719 = ORIENTED_EDGE('',*,*,#12720,.T.);
#12720 = EDGE_CURVE('',#12712,#12387,#12721,.T.);
#12721 = LINE('',#12722,#12723);
#12722 = CARTESIAN_POINT('',(23.5,57.,162.7));
#12723 = VECTOR('',#12724,1.);
#12724 = DIRECTION('',(0.,1.,0.));
#12725 = ORIENTED_EDGE('',*,*,#12386,.F.);
#12726 = ORIENTED_EDGE('',*,*,#12720,.F.);
#12727 = ORIENTED_EDGE('',*,*,#12728,.T.);
#12728 = EDGE_CURVE('',#12712,#12729,#12731,.T.);
#12729 = VERTEX_POINT('',#12730);
#12730 = CARTESIAN_POINT('',(24.704159457879,58.,162.2));
#12731 = CIRCLE('',#12732,1.7);
#12732 = AXIS2_PLACEMENT_3D('',#12733,#12734,#12735);
#12733 = CARTESIAN_POINT('',(23.5,58.,161.));
#12734 = DIRECTION('',(0.,1.,0.));
#12735 = DIRECTION('',(0.,0.,1.));
#12736 = ORIENTED_EDGE('',*,*,#12737,.T.);
#12737 = EDGE_CURVE('',#12729,#12738,#12740,.T.);
#12738 = VERTEX_POINT('',#12739);
#12739 = CARTESIAN_POINT('',(24.704159457881,59.,162.2));
#12740 = LINE('',#12741,#12742);
#12741 = CARTESIAN_POINT('',(24.704159457879,57.,162.2));
#12742 = VECTOR('',#12743,1.);
#12743 = DIRECTION('',(0.,1.,0.));
#12744 = ORIENTED_EDGE('',*,*,#12745,.T.);
#12745 = EDGE_CURVE('',#12738,#12746,#12748,.T.);
#12746 = VERTEX_POINT('',#12747);
#12747 = CARTESIAN_POINT('',(24.704159457878,59.,159.8));
#12748 = CIRCLE('',#12749,1.7);
#12749 = AXIS2_PLACEMENT_3D('',#12750,#12751,#12752);
#12750 = CARTESIAN_POINT('',(23.5,59.,161.));
#12751 = DIRECTION('',(0.,1.,0.));
#12752 = DIRECTION('',(0.,0.,1.));
#12753 = ORIENTED_EDGE('',*,*,#12754,.F.);
#12754 = EDGE_CURVE('',#12755,#12746,#12757,.T.);
#12755 = VERTEX_POINT('',#12756);
#12756 = CARTESIAN_POINT('',(24.704159457879,58.,159.8));
#12757 = LINE('',#12758,#12759);
#12758 = CARTESIAN_POINT('',(24.704159457879,57.,159.8));
#12759 = VECTOR('',#12760,1.);
#12760 = DIRECTION('',(0.,1.,0.));
#12761 = ORIENTED_EDGE('',*,*,#12762,.T.);
#12762 = EDGE_CURVE('',#12755,#12102,#12763,.T.);
#12763 = CIRCLE('',#12764,1.7);
#12764 = AXIS2_PLACEMENT_3D('',#12765,#12766,#12767);
#12765 = CARTESIAN_POINT('',(23.5,58.,161.));
#12766 = DIRECTION('',(0.,1.,0.));
#12767 = DIRECTION('',(0.,0.,1.));
#12768 = ORIENTED_EDGE('',*,*,#12109,.T.);
#12769 = ORIENTED_EDGE('',*,*,#12143,.T.);
#12770 = ORIENTED_EDGE('',*,*,#12182,.F.);
#12771 = CYLINDRICAL_SURFACE('',#12772,1.7);
#12772 = AXIS2_PLACEMENT_3D('',#12773,#12774,#12775);
#12773 = CARTESIAN_POINT('',(23.5,57.,161.));
#12774 = DIRECTION('',(0.,1.,0.));
#12775 = DIRECTION('',(0.,0.,1.));
#12776 = ADVANCED_FACE('',(#12777),#12796,.F.);
#12777 = FACE_BOUND('',#12778,.F.);
#12778 = EDGE_LOOP('',(#12779,#12780,#12781,#12789));
#12779 = ORIENTED_EDGE('',*,*,#12101,.T.);
#12780 = ORIENTED_EDGE('',*,*,#12762,.F.);
#12781 = ORIENTED_EDGE('',*,*,#12782,.F.);
#12782 = EDGE_CURVE('',#12783,#12755,#12785,.T.);
#12783 = VERTEX_POINT('',#12784);
#12784 = CARTESIAN_POINT('',(24.704159457878,55.,159.8));
#12785 = LINE('',#12786,#12787);
#12786 = CARTESIAN_POINT('',(24.704159457879,53.,159.8));
#12787 = VECTOR('',#12788,1.);
#12788 = DIRECTION('',(0.,1.,0.));
#12789 = ORIENTED_EDGE('',*,*,#12790,.T.);
#12790 = EDGE_CURVE('',#12783,#12094,#12791,.T.);
#12791 = CIRCLE('',#12792,1.7);
#12792 = AXIS2_PLACEMENT_3D('',#12793,#12794,#12795);
#12793 = CARTESIAN_POINT('',(23.5,55.,161.));
#12794 = DIRECTION('',(0.,1.,0.));
#12795 = DIRECTION('',(0.,0.,1.));
#12796 = CYLINDRICAL_SURFACE('',#12797,1.7);
#12797 = AXIS2_PLACEMENT_3D('',#12798,#12799,#12800);
#12798 = CARTESIAN_POINT('',(23.5,53.,161.));
#12799 = DIRECTION('',(0.,1.,0.));
#12800 = DIRECTION('',(0.,0.,1.));
#12801 = ADVANCED_FACE('',(#12802,#12813,#12903,#12937),#13035,.F.);
#12802 = FACE_BOUND('',#12803,.F.);
#12803 = EDGE_LOOP('',(#12804,#12805,#12806,#12807));
#12804 = ORIENTED_EDGE('',*,*,#12586,.F.);
#12805 = ORIENTED_EDGE('',*,*,#12694,.T.);
#12806 = ORIENTED_EDGE('',*,*,#12662,.T.);
#12807 = ORIENTED_EDGE('',*,*,#12808,.F.);
#12808 = EDGE_CURVE('',#12587,#12663,#12809,.T.);
#12809 = LINE('',#12810,#12811);
#12810 = CARTESIAN_POINT('',(74.5,55.,156.));
#12811 = VECTOR('',#12812,1.);
#12812 = DIRECTION('',(0.,0.,1.));
#12813 = FACE_BOUND('',#12814,.F.);
#12814 = EDGE_LOOP('',(#12815,#12816,#12817,#12818,#12826,#12835,#12843,
    #12852,#12860,#12869,#12878,#12886,#12895,#12902));
#12815 = ORIENTED_EDGE('',*,*,#12618,.F.);
#12816 = ORIENTED_EDGE('',*,*,#12093,.T.);
#12817 = ORIENTED_EDGE('',*,*,#12790,.F.);
#12818 = ORIENTED_EDGE('',*,*,#12819,.T.);
#12819 = EDGE_CURVE('',#12783,#12820,#12822,.T.);
#12820 = VERTEX_POINT('',#12821);
#12821 = CARTESIAN_POINT('',(54.295840542122,55.,159.8));
#12822 = LINE('',#12823,#12824);
#12823 = CARTESIAN_POINT('',(7.,55.,159.8));
#12824 = VECTOR('',#12825,1.);
#12825 = DIRECTION('',(1.,0.,0.));
#12826 = ORIENTED_EDGE('',*,*,#12827,.F.);
#12827 = EDGE_CURVE('',#12828,#12820,#12830,.T.);
#12828 = VERTEX_POINT('',#12829);
#12829 = CARTESIAN_POINT('',(56.704159457878,55.,159.8));
#12830 = CIRCLE('',#12831,1.7);
#12831 = AXIS2_PLACEMENT_3D('',#12832,#12833,#12834);
#12832 = CARTESIAN_POINT('',(55.5,55.,161.));
#12833 = DIRECTION('',(0.,1.,0.));
#12834 = DIRECTION('',(0.,0.,1.));
#12835 = ORIENTED_EDGE('',*,*,#12836,.T.);
#12836 = EDGE_CURVE('',#12828,#12837,#12839,.T.);
#12837 = VERTEX_POINT('',#12838);
#12838 = CARTESIAN_POINT('',(69.5,55.,159.8));
#12839 = LINE('',#12840,#12841);
#12840 = CARTESIAN_POINT('',(7.,55.,159.8));
#12841 = VECTOR('',#12842,1.);
#12842 = DIRECTION('',(1.,0.,0.));
#12843 = ORIENTED_EDGE('',*,*,#12844,.F.);
#12844 = EDGE_CURVE('',#12845,#12837,#12847,.T.);
#12845 = VERTEX_POINT('',#12846);
#12846 = CARTESIAN_POINT('',(69.5,55.,162.2));
#12847 = CIRCLE('',#12848,1.2);
#12848 = AXIS2_PLACEMENT_3D('',#12849,#12850,#12851);
#12849 = CARTESIAN_POINT('',(69.5,55.,161.));
#12850 = DIRECTION('',(0.,1.,0.));
#12851 = DIRECTION('',(0.,0.,1.));
#12852 = ORIENTED_EDGE('',*,*,#12853,.F.);
#12853 = EDGE_CURVE('',#12854,#12845,#12856,.T.);
#12854 = VERTEX_POINT('',#12855);
#12855 = CARTESIAN_POINT('',(56.704159457881,55.,162.2));
#12856 = LINE('',#12857,#12858);
#12857 = CARTESIAN_POINT('',(7.,55.,162.2));
#12858 = VECTOR('',#12859,1.);
#12859 = DIRECTION('',(1.,0.,0.));
#12860 = ORIENTED_EDGE('',*,*,#12861,.F.);
#12861 = EDGE_CURVE('',#12862,#12854,#12864,.T.);
#12862 = VERTEX_POINT('',#12863);
#12863 = CARTESIAN_POINT('',(55.5,55.,162.7));
#12864 = CIRCLE('',#12865,1.7);
#12865 = AXIS2_PLACEMENT_3D('',#12866,#12867,#12868);
#12866 = CARTESIAN_POINT('',(55.5,55.,161.));
#12867 = DIRECTION('',(0.,1.,0.));
#12868 = DIRECTION('',(0.,0.,1.));
#12869 = ORIENTED_EDGE('',*,*,#12870,.F.);
#12870 = EDGE_CURVE('',#12871,#12862,#12873,.T.);
#12871 = VERTEX_POINT('',#12872);
#12872 = CARTESIAN_POINT('',(54.295840542119,55.,162.2));
#12873 = CIRCLE('',#12874,1.7);
#12874 = AXIS2_PLACEMENT_3D('',#12875,#12876,#12877);
#12875 = CARTESIAN_POINT('',(55.5,55.,161.));
#12876 = DIRECTION('',(0.,1.,0.));
#12877 = DIRECTION('',(0.,0.,1.));
#12878 = ORIENTED_EDGE('',*,*,#12879,.F.);
#12879 = EDGE_CURVE('',#12880,#12871,#12882,.T.);
#12880 = VERTEX_POINT('',#12881);
#12881 = CARTESIAN_POINT('',(24.704159457881,55.,162.2));
#12882 = LINE('',#12883,#12884);
#12883 = CARTESIAN_POINT('',(7.,55.,162.2));
#12884 = VECTOR('',#12885,1.);
#12885 = DIRECTION('',(1.,0.,0.));
#12886 = ORIENTED_EDGE('',*,*,#12887,.F.);
#12887 = EDGE_CURVE('',#12888,#12880,#12890,.T.);
#12888 = VERTEX_POINT('',#12889);
#12889 = CARTESIAN_POINT('',(23.5,55.,162.7));
#12890 = CIRCLE('',#12891,1.7);
#12891 = AXIS2_PLACEMENT_3D('',#12892,#12893,#12894);
#12892 = CARTESIAN_POINT('',(23.5,55.,161.));
#12893 = DIRECTION('',(0.,1.,0.));
#12894 = DIRECTION('',(0.,0.,1.));
#12895 = ORIENTED_EDGE('',*,*,#12896,.F.);
#12896 = EDGE_CURVE('',#12167,#12888,#12897,.T.);
#12897 = CIRCLE('',#12898,1.7);
#12898 = AXIS2_PLACEMENT_3D('',#12899,#12900,#12901);
#12899 = CARTESIAN_POINT('',(23.5,55.,161.));
#12900 = DIRECTION('',(0.,1.,0.));
#12901 = DIRECTION('',(0.,0.,1.));
#12902 = ORIENTED_EDGE('',*,*,#12166,.F.);
#12903 = FACE_BOUND('',#12904,.F.);
#12904 = EDGE_LOOP('',(#12905,#12915,#12923,#12931));
#12905 = ORIENTED_EDGE('',*,*,#12906,.F.);
#12906 = EDGE_CURVE('',#12907,#12909,#12911,.T.);
#12907 = VERTEX_POINT('',#12908);
#12908 = CARTESIAN_POINT('',(30.5,55.,182.));
#12909 = VERTEX_POINT('',#12910);
#12910 = CARTESIAN_POINT('',(48.5,55.,182.));
#12911 = LINE('',#12912,#12913);
#12912 = CARTESIAN_POINT('',(17.5,55.,182.));
#12913 = VECTOR('',#12914,1.);
#12914 = DIRECTION('',(1.,0.,0.));
#12915 = ORIENTED_EDGE('',*,*,#12916,.T.);
#12916 = EDGE_CURVE('',#12907,#12917,#12919,.T.);
#12917 = VERTEX_POINT('',#12918);
#12918 = CARTESIAN_POINT('',(30.5,55.,172.));
#12919 = LINE('',#12920,#12921);
#12920 = CARTESIAN_POINT('',(30.5,55.,164.));
#12921 = VECTOR('',#12922,1.);
#12922 = DIRECTION('',(0.,0.,-1.));
#12923 = ORIENTED_EDGE('',*,*,#12924,.T.);
#12924 = EDGE_CURVE('',#12917,#12925,#12927,.T.);
#12925 = VERTEX_POINT('',#12926);
#12926 = CARTESIAN_POINT('',(48.5,55.,172.));
#12927 = LINE('',#12928,#12929);
#12928 = CARTESIAN_POINT('',(17.5,55.,172.));
#12929 = VECTOR('',#12930,1.);
#12930 = DIRECTION('',(1.,0.,0.));
#12931 = ORIENTED_EDGE('',*,*,#12932,.F.);
#12932 = EDGE_CURVE('',#12909,#12925,#12933,.T.);
#12933 = LINE('',#12934,#12935);
#12934 = CARTESIAN_POINT('',(48.5,55.,164.));
#12935 = VECTOR('',#12936,1.);
#12936 = DIRECTION('',(0.,0.,-1.));
#12937 = FACE_BOUND('',#12938,.F.);
#12938 = EDGE_LOOP('',(#12939,#12940,#12941,#12950,#12958,#12967,#12975,
    #12984,#12992,#13001,#13010,#13018,#13027,#13034));
#12939 = ORIENTED_EDGE('',*,*,#12636,.F.);
#12940 = ORIENTED_EDGE('',*,*,#12207,.T.);
#12941 = ORIENTED_EDGE('',*,*,#12942,.F.);
#12942 = EDGE_CURVE('',#12943,#12208,#12945,.T.);
#12943 = VERTEX_POINT('',#12944);
#12944 = CARTESIAN_POINT('',(24.704159457878,55.,191.8));
#12945 = CIRCLE('',#12946,1.7);
#12946 = AXIS2_PLACEMENT_3D('',#12947,#12948,#12949);
#12947 = CARTESIAN_POINT('',(23.5,55.,193.));
#12948 = DIRECTION('',(0.,1.,0.));
#12949 = DIRECTION('',(0.,0.,1.));
#12950 = ORIENTED_EDGE('',*,*,#12951,.T.);
#12951 = EDGE_CURVE('',#12943,#12952,#12954,.T.);
#12952 = VERTEX_POINT('',#12953);
#12953 = CARTESIAN_POINT('',(54.295840542122,55.,191.8));
#12954 = LINE('',#12955,#12956);
#12955 = CARTESIAN_POINT('',(7.,55.,191.8));
#12956 = VECTOR('',#12957,1.);
#12957 = DIRECTION('',(1.,0.,0.));
#12958 = ORIENTED_EDGE('',*,*,#12959,.F.);
#12959 = EDGE_CURVE('',#12960,#12952,#12962,.T.);
#12960 = VERTEX_POINT('',#12961);
#12961 = CARTESIAN_POINT('',(56.704159457878,55.,191.8));
#12962 = CIRCLE('',#12963,1.7);
#12963 = AXIS2_PLACEMENT_3D('',#12964,#12965,#12966);
#12964 = CARTESIAN_POINT('',(55.5,55.,193.));
#12965 = DIRECTION('',(0.,1.,0.));
#12966 = DIRECTION('',(0.,0.,1.));
#12967 = ORIENTED_EDGE('',*,*,#12968,.T.);
#12968 = EDGE_CURVE('',#12960,#12969,#12971,.T.);
#12969 = VERTEX_POINT('',#12970);
#12970 = CARTESIAN_POINT('',(69.5,55.,191.8));
#12971 = LINE('',#12972,#12973);
#12972 = CARTESIAN_POINT('',(7.,55.,191.8));
#12973 = VECTOR('',#12974,1.);
#12974 = DIRECTION('',(1.,0.,0.));
#12975 = ORIENTED_EDGE('',*,*,#12976,.F.);
#12976 = EDGE_CURVE('',#12977,#12969,#12979,.T.);
#12977 = VERTEX_POINT('',#12978);
#12978 = CARTESIAN_POINT('',(69.5,55.,194.2));
#12979 = CIRCLE('',#12980,1.2);
#12980 = AXIS2_PLACEMENT_3D('',#12981,#12982,#12983);
#12981 = CARTESIAN_POINT('',(69.5,55.,193.));
#12982 = DIRECTION('',(0.,1.,0.));
#12983 = DIRECTION('',(0.,0.,1.));
#12984 = ORIENTED_EDGE('',*,*,#12985,.F.);
#12985 = EDGE_CURVE('',#12986,#12977,#12988,.T.);
#12986 = VERTEX_POINT('',#12987);
#12987 = CARTESIAN_POINT('',(56.704159457884,55.,194.2));
#12988 = LINE('',#12989,#12990);
#12989 = CARTESIAN_POINT('',(7.,55.,194.2));
#12990 = VECTOR('',#12991,1.);
#12991 = DIRECTION('',(1.,0.,0.));
#12992 = ORIENTED_EDGE('',*,*,#12993,.F.);
#12993 = EDGE_CURVE('',#12994,#12986,#12996,.T.);
#12994 = VERTEX_POINT('',#12995);
#12995 = CARTESIAN_POINT('',(55.5,55.,194.7));
#12996 = CIRCLE('',#12997,1.7);
#12997 = AXIS2_PLACEMENT_3D('',#12998,#12999,#13000);
#12998 = CARTESIAN_POINT('',(55.5,55.,193.));
#12999 = DIRECTION('',(0.,1.,0.));
#13000 = DIRECTION('',(0.,0.,1.));
#13001 = ORIENTED_EDGE('',*,*,#13002,.F.);
#13002 = EDGE_CURVE('',#13003,#12994,#13005,.T.);
#13003 = VERTEX_POINT('',#13004);
#13004 = CARTESIAN_POINT('',(54.295840542116,55.,194.2));
#13005 = CIRCLE('',#13006,1.7);
#13006 = AXIS2_PLACEMENT_3D('',#13007,#13008,#13009);
#13007 = CARTESIAN_POINT('',(55.5,55.,193.));
#13008 = DIRECTION('',(0.,1.,0.));
#13009 = DIRECTION('',(0.,0.,1.));
#13010 = ORIENTED_EDGE('',*,*,#13011,.F.);
#13011 = EDGE_CURVE('',#13012,#13003,#13014,.T.);
#13012 = VERTEX_POINT('',#13013);
#13013 = CARTESIAN_POINT('',(24.704159457884,55.,194.2));
#13014 = LINE('',#13015,#13016);
#13015 = CARTESIAN_POINT('',(7.,55.,194.2));
#13016 = VECTOR('',#13017,1.);
#13017 = DIRECTION('',(1.,0.,0.));
#13018 = ORIENTED_EDGE('',*,*,#13019,.F.);
#13019 = EDGE_CURVE('',#13020,#13012,#13022,.T.);
#13020 = VERTEX_POINT('',#13021);
#13021 = CARTESIAN_POINT('',(23.5,55.,194.7));
#13022 = CIRCLE('',#13023,1.7);
#13023 = AXIS2_PLACEMENT_3D('',#13024,#13025,#13026);
#13024 = CARTESIAN_POINT('',(23.5,55.,193.));
#13025 = DIRECTION('',(0.,1.,0.));
#13026 = DIRECTION('',(0.,0.,1.));
#13027 = ORIENTED_EDGE('',*,*,#13028,.F.);
#13028 = EDGE_CURVE('',#12281,#13020,#13029,.T.);
#13029 = CIRCLE('',#13030,1.7);
#13030 = AXIS2_PLACEMENT_3D('',#13031,#13032,#13033);
#13031 = CARTESIAN_POINT('',(23.5,55.,193.));
#13032 = DIRECTION('',(0.,1.,0.));
#13033 = DIRECTION('',(0.,0.,1.));
#13034 = ORIENTED_EDGE('',*,*,#12280,.F.);
#13035 = PLANE('',#13036);
#13036 = AXIS2_PLACEMENT_3D('',#13037,#13038,#13039);
#13037 = CARTESIAN_POINT('',(4.5,55.,156.));
#13038 = DIRECTION('',(0.,1.,0.));
#13039 = DIRECTION('',(0.,0.,1.));
#13040 = ADVANCED_FACE('',(#13041),#13052,.F.);
#13041 = FACE_BOUND('',#13042,.F.);
#13042 = EDGE_LOOP('',(#13043,#13049,#13050,#13051));
#13043 = ORIENTED_EDGE('',*,*,#13044,.T.);
#13044 = EDGE_CURVE('',#12888,#12712,#13045,.T.);
#13045 = LINE('',#13046,#13047);
#13046 = CARTESIAN_POINT('',(23.5,53.,162.7));
#13047 = VECTOR('',#13048,1.);
#13048 = DIRECTION('',(0.,1.,0.));
#13049 = ORIENTED_EDGE('',*,*,#12711,.F.);
#13050 = ORIENTED_EDGE('',*,*,#12174,.F.);
#13051 = ORIENTED_EDGE('',*,*,#12896,.T.);
#13052 = CYLINDRICAL_SURFACE('',#13053,1.7);
#13053 = AXIS2_PLACEMENT_3D('',#13054,#13055,#13056);
#13054 = CARTESIAN_POINT('',(23.5,53.,161.));
#13055 = DIRECTION('',(0.,1.,0.));
#13056 = DIRECTION('',(0.,0.,1.));
#13057 = ADVANCED_FACE('',(#13058),#13121,.F.);
#13058 = FACE_BOUND('',#13059,.F.);
#13059 = EDGE_LOOP('',(#13060,#13069,#13075,#13076,#13077,#13086,#13094,
    #13103,#13111,#13118,#13119,#13120));
#13060 = ORIENTED_EDGE('',*,*,#13061,.T.);
#13061 = EDGE_CURVE('',#12289,#13062,#13064,.T.);
#13062 = VERTEX_POINT('',#13063);
#13063 = CARTESIAN_POINT('',(23.5,58.,194.7));
#13064 = CIRCLE('',#13065,1.7);
#13065 = AXIS2_PLACEMENT_3D('',#13066,#13067,#13068);
#13066 = CARTESIAN_POINT('',(23.5,58.,193.));
#13067 = DIRECTION('',(0.,1.,0.));
#13068 = DIRECTION('',(0.,0.,1.));
#13069 = ORIENTED_EDGE('',*,*,#13070,.T.);
#13070 = EDGE_CURVE('',#13062,#12440,#13071,.T.);
#13071 = LINE('',#13072,#13073);
#13072 = CARTESIAN_POINT('',(23.5,57.,194.7));
#13073 = VECTOR('',#13074,1.);
#13074 = DIRECTION('',(0.,1.,0.));
#13075 = ORIENTED_EDGE('',*,*,#12439,.F.);
#13076 = ORIENTED_EDGE('',*,*,#13070,.F.);
#13077 = ORIENTED_EDGE('',*,*,#13078,.T.);
#13078 = EDGE_CURVE('',#13062,#13079,#13081,.T.);
#13079 = VERTEX_POINT('',#13080);
#13080 = CARTESIAN_POINT('',(24.704159457879,58.,194.2));
#13081 = CIRCLE('',#13082,1.7);
#13082 = AXIS2_PLACEMENT_3D('',#13083,#13084,#13085);
#13083 = CARTESIAN_POINT('',(23.5,58.,193.));
#13084 = DIRECTION('',(0.,1.,0.));
#13085 = DIRECTION('',(0.,0.,1.));
#13086 = ORIENTED_EDGE('',*,*,#13087,.T.);
#13087 = EDGE_CURVE('',#13079,#13088,#13090,.T.);
#13088 = VERTEX_POINT('',#13089);
#13089 = CARTESIAN_POINT('',(24.704159457884,59.,194.2));
#13090 = LINE('',#13091,#13092);
#13091 = CARTESIAN_POINT('',(24.704159457879,57.,194.2));
#13092 = VECTOR('',#13093,1.);
#13093 = DIRECTION('',(0.,1.,0.));
#13094 = ORIENTED_EDGE('',*,*,#13095,.T.);
#13095 = EDGE_CURVE('',#13088,#13096,#13098,.T.);
#13096 = VERTEX_POINT('',#13097);
#13097 = CARTESIAN_POINT('',(24.704159457878,59.,191.8));
#13098 = CIRCLE('',#13099,1.7);
#13099 = AXIS2_PLACEMENT_3D('',#13100,#13101,#13102);
#13100 = CARTESIAN_POINT('',(23.5,59.,193.));
#13101 = DIRECTION('',(0.,1.,0.));
#13102 = DIRECTION('',(0.,0.,1.));
#13103 = ORIENTED_EDGE('',*,*,#13104,.F.);
#13104 = EDGE_CURVE('',#13105,#13096,#13107,.T.);
#13105 = VERTEX_POINT('',#13106);
#13106 = CARTESIAN_POINT('',(24.704159457879,58.,191.8));
#13107 = LINE('',#13108,#13109);
#13108 = CARTESIAN_POINT('',(24.704159457879,57.,191.8));
#13109 = VECTOR('',#13110,1.);
#13110 = DIRECTION('',(0.,1.,0.));
#13111 = ORIENTED_EDGE('',*,*,#13112,.T.);
#13112 = EDGE_CURVE('',#13105,#12216,#13113,.T.);
#13113 = CIRCLE('',#13114,1.7);
#13114 = AXIS2_PLACEMENT_3D('',#13115,#13116,#13117);
#13115 = CARTESIAN_POINT('',(23.5,58.,193.));
#13116 = DIRECTION('',(0.,1.,0.));
#13117 = DIRECTION('',(0.,0.,1.));
#13118 = ORIENTED_EDGE('',*,*,#12223,.T.);
#13119 = ORIENTED_EDGE('',*,*,#12257,.T.);
#13120 = ORIENTED_EDGE('',*,*,#12296,.F.);
#13121 = CYLINDRICAL_SURFACE('',#13122,1.7);
#13122 = AXIS2_PLACEMENT_3D('',#13123,#13124,#13125);
#13123 = CARTESIAN_POINT('',(23.5,57.,193.));
#13124 = DIRECTION('',(0.,1.,0.));
#13125 = DIRECTION('',(0.,0.,1.));
#13126 = ADVANCED_FACE('',(#13127),#13138,.F.);
#13127 = FACE_BOUND('',#13128,.F.);
#13128 = EDGE_LOOP('',(#13129,#13130,#13131,#13137));
#13129 = ORIENTED_EDGE('',*,*,#12215,.T.);
#13130 = ORIENTED_EDGE('',*,*,#13112,.F.);
#13131 = ORIENTED_EDGE('',*,*,#13132,.F.);
#13132 = EDGE_CURVE('',#12943,#13105,#13133,.T.);
#13133 = LINE('',#13134,#13135);
#13134 = CARTESIAN_POINT('',(24.704159457879,53.,191.8));
#13135 = VECTOR('',#13136,1.);
#13136 = DIRECTION('',(0.,1.,0.));
#13137 = ORIENTED_EDGE('',*,*,#12942,.T.);
#13138 = CYLINDRICAL_SURFACE('',#13139,1.7);
#13139 = AXIS2_PLACEMENT_3D('',#13140,#13141,#13142);
#13140 = CARTESIAN_POINT('',(23.5,53.,193.));
#13141 = DIRECTION('',(0.,1.,0.));
#13142 = DIRECTION('',(0.,0.,1.));
#13143 = ADVANCED_FACE('',(#13144),#13155,.F.);
#13144 = FACE_BOUND('',#13145,.F.);
#13145 = EDGE_LOOP('',(#13146,#13152,#13153,#13154));
#13146 = ORIENTED_EDGE('',*,*,#13147,.T.);
#13147 = EDGE_CURVE('',#13020,#13062,#13148,.T.);
#13148 = LINE('',#13149,#13150);
#13149 = CARTESIAN_POINT('',(23.5,53.,194.7));
#13150 = VECTOR('',#13151,1.);
#13151 = DIRECTION('',(0.,1.,0.));
#13152 = ORIENTED_EDGE('',*,*,#13061,.F.);
#13153 = ORIENTED_EDGE('',*,*,#12288,.F.);
#13154 = ORIENTED_EDGE('',*,*,#13028,.T.);
#13155 = CYLINDRICAL_SURFACE('',#13156,1.7);
#13156 = AXIS2_PLACEMENT_3D('',#13157,#13158,#13159);
#13157 = CARTESIAN_POINT('',(23.5,53.,193.));
#13158 = DIRECTION('',(0.,1.,0.));
#13159 = DIRECTION('',(0.,0.,1.));
#13160 = ADVANCED_FACE('',(#13161),#13186,.T.);
#13161 = FACE_BOUND('',#13162,.T.);
#13162 = EDGE_LOOP('',(#13163,#13171,#13179,#13185));
#13163 = ORIENTED_EDGE('',*,*,#13164,.T.);
#13164 = EDGE_CURVE('',#12398,#13165,#13167,.T.);
#13165 = VERTEX_POINT('',#13166);
#13166 = CARTESIAN_POINT('',(26.5,62.4,188.));
#13167 = LINE('',#13168,#13169);
#13168 = CARTESIAN_POINT('',(26.5,61.,188.));
#13169 = VECTOR('',#13170,1.);
#13170 = DIRECTION('',(0.,1.,0.));
#13171 = ORIENTED_EDGE('',*,*,#13172,.T.);
#13172 = EDGE_CURVE('',#13165,#13173,#13175,.T.);
#13173 = VERTEX_POINT('',#13174);
#13174 = CARTESIAN_POINT('',(26.5,62.4,166.));
#13175 = LINE('',#13176,#13177);
#13176 = CARTESIAN_POINT('',(26.5,62.4,188.));
#13177 = VECTOR('',#13178,1.);
#13178 = DIRECTION('',(0.,0.,-1.));
#13179 = ORIENTED_EDGE('',*,*,#13180,.F.);
#13180 = EDGE_CURVE('',#12400,#13173,#13181,.T.);
#13181 = LINE('',#13182,#13183);
#13182 = CARTESIAN_POINT('',(26.5,61.,166.));
#13183 = VECTOR('',#13184,1.);
#13184 = DIRECTION('',(0.,1.,0.));
#13185 = ORIENTED_EDGE('',*,*,#12397,.F.);
#13186 = PLANE('',#13187);
#13187 = AXIS2_PLACEMENT_3D('',#13188,#13189,#13190);
#13188 = CARTESIAN_POINT('',(26.5,61.,188.));
#13189 = DIRECTION('',(-1.,0.,0.));
#13190 = DIRECTION('',(0.,0.,-1.));
#13191 = ADVANCED_FACE('',(#13192),#13210,.T.);
#13192 = FACE_BOUND('',#13193,.T.);
#13193 = EDGE_LOOP('',(#13194,#13202,#13208,#13209));
#13194 = ORIENTED_EDGE('',*,*,#13195,.T.);
#13195 = EDGE_CURVE('',#12424,#13196,#13198,.T.);
#13196 = VERTEX_POINT('',#13197);
#13197 = CARTESIAN_POINT('',(47.5,62.4,188.));
#13198 = LINE('',#13199,#13200);
#13199 = CARTESIAN_POINT('',(47.5,61.,188.));
#13200 = VECTOR('',#13201,1.);
#13201 = DIRECTION('',(0.,1.,0.));
#13202 = ORIENTED_EDGE('',*,*,#13203,.T.);
#13203 = EDGE_CURVE('',#13196,#13165,#13204,.T.);
#13204 = LINE('',#13205,#13206);
#13205 = CARTESIAN_POINT('',(47.5,62.4,188.));
#13206 = VECTOR('',#13207,1.);
#13207 = DIRECTION('',(-1.,0.,0.));
#13208 = ORIENTED_EDGE('',*,*,#13164,.F.);
#13209 = ORIENTED_EDGE('',*,*,#12431,.F.);
#13210 = PLANE('',#13211);
#13211 = AXIS2_PLACEMENT_3D('',#13212,#13213,#13214);
#13212 = CARTESIAN_POINT('',(47.5,61.,188.));
#13213 = DIRECTION('',(0.,0.,1.));
#13214 = DIRECTION('',(-1.,0.,0.));
#13215 = ADVANCED_FACE('',(#13216),#13234,.T.);
#13216 = FACE_BOUND('',#13217,.T.);
#13217 = EDGE_LOOP('',(#13218,#13219,#13227,#13233));
#13218 = ORIENTED_EDGE('',*,*,#13180,.T.);
#13219 = ORIENTED_EDGE('',*,*,#13220,.T.);
#13220 = EDGE_CURVE('',#13173,#13221,#13223,.T.);
#13221 = VERTEX_POINT('',#13222);
#13222 = CARTESIAN_POINT('',(52.5,62.4,166.));
#13223 = LINE('',#13224,#13225);
#13224 = CARTESIAN_POINT('',(26.5,62.4,166.));
#13225 = VECTOR('',#13226,1.);
#13226 = DIRECTION('',(1.,0.,0.));
#13227 = ORIENTED_EDGE('',*,*,#13228,.F.);
#13228 = EDGE_CURVE('',#12408,#13221,#13229,.T.);
#13229 = LINE('',#13230,#13231);
#13230 = CARTESIAN_POINT('',(52.5,61.,166.));
#13231 = VECTOR('',#13232,1.);
#13232 = DIRECTION('',(0.,1.,0.));
#13233 = ORIENTED_EDGE('',*,*,#12407,.F.);
#13234 = PLANE('',#13235);
#13235 = AXIS2_PLACEMENT_3D('',#13236,#13237,#13238);
#13236 = CARTESIAN_POINT('',(26.5,61.,166.));
#13237 = DIRECTION('',(0.,0.,-1.));
#13238 = DIRECTION('',(1.,0.,0.));
#13239 = ADVANCED_FACE('',(#13240),#13258,.T.);
#13240 = FACE_BOUND('',#13241,.T.);
#13241 = EDGE_LOOP('',(#13242,#13250,#13256,#13257));
#13242 = ORIENTED_EDGE('',*,*,#13243,.T.);
#13243 = EDGE_CURVE('',#12416,#13244,#13246,.T.);
#13244 = VERTEX_POINT('',#13245);
#13245 = CARTESIAN_POINT('',(52.5,62.4,183.));
#13246 = LINE('',#13247,#13248);
#13247 = CARTESIAN_POINT('',(52.5,61.,183.));
#13248 = VECTOR('',#13249,1.);
#13249 = DIRECTION('',(0.,1.,0.));
#13250 = ORIENTED_EDGE('',*,*,#13251,.T.);
#13251 = EDGE_CURVE('',#13244,#13196,#13252,.T.);
#13252 = LINE('',#13253,#13254);
#13253 = CARTESIAN_POINT('',(52.5,62.4,183.));
#13254 = VECTOR('',#13255,1.);
#13255 = DIRECTION('',(-0.707106781187,0.,0.707106781187));
#13256 = ORIENTED_EDGE('',*,*,#13195,.F.);
#13257 = ORIENTED_EDGE('',*,*,#12423,.F.);
#13258 = PLANE('',#13259);
#13259 = AXIS2_PLACEMENT_3D('',#13260,#13261,#13262);
#13260 = CARTESIAN_POINT('',(52.5,61.,183.));
#13261 = DIRECTION('',(0.707106781187,0.,0.707106781187));
#13262 = DIRECTION('',(-0.707106781187,0.,0.707106781187));
#13263 = ADVANCED_FACE('',(#13264),#13275,.T.);
#13264 = FACE_BOUND('',#13265,.T.);
#13265 = EDGE_LOOP('',(#13266,#13267,#13273,#13274));
#13266 = ORIENTED_EDGE('',*,*,#13228,.T.);
#13267 = ORIENTED_EDGE('',*,*,#13268,.T.);
#13268 = EDGE_CURVE('',#13221,#13244,#13269,.T.);
#13269 = LINE('',#13270,#13271);
#13270 = CARTESIAN_POINT('',(52.5,62.4,166.));
#13271 = VECTOR('',#13272,1.);
#13272 = DIRECTION('',(0.,0.,1.));
#13273 = ORIENTED_EDGE('',*,*,#13243,.F.);
#13274 = ORIENTED_EDGE('',*,*,#12415,.F.);
#13275 = PLANE('',#13276);
#13276 = AXIS2_PLACEMENT_3D('',#13277,#13278,#13279);
#13277 = CARTESIAN_POINT('',(52.5,61.,166.));
#13278 = DIRECTION('',(1.,0.,0.));
#13279 = DIRECTION('',(0.,0.,1.));
#13280 = ADVANCED_FACE('',(#13281),#13368,.F.);
#13281 = FACE_BOUND('',#13282,.F.);
#13282 = EDGE_LOOP('',(#13283,#13294,#13300,#13301,#13302,#13311,#13319,
    #13328,#13336,#13345,#13353,#13362));
#13283 = ORIENTED_EDGE('',*,*,#13284,.T.);
#13284 = EDGE_CURVE('',#13285,#13287,#13289,.T.);
#13285 = VERTEX_POINT('',#13286);
#13286 = CARTESIAN_POINT('',(54.295840542121,58.,162.2));
#13287 = VERTEX_POINT('',#13288);
#13288 = CARTESIAN_POINT('',(55.5,58.,162.7));
#13289 = CIRCLE('',#13290,1.7);
#13290 = AXIS2_PLACEMENT_3D('',#13291,#13292,#13293);
#13291 = CARTESIAN_POINT('',(55.5,58.,161.));
#13292 = DIRECTION('',(0.,1.,0.));
#13293 = DIRECTION('',(0.,0.,1.));
#13294 = ORIENTED_EDGE('',*,*,#13295,.T.);
#13295 = EDGE_CURVE('',#13287,#12451,#13296,.T.);
#13296 = LINE('',#13297,#13298);
#13297 = CARTESIAN_POINT('',(55.5,57.,162.7));
#13298 = VECTOR('',#13299,1.);
#13299 = DIRECTION('',(0.,1.,0.));
#13300 = ORIENTED_EDGE('',*,*,#12450,.F.);
#13301 = ORIENTED_EDGE('',*,*,#13295,.F.);
#13302 = ORIENTED_EDGE('',*,*,#13303,.T.);
#13303 = EDGE_CURVE('',#13287,#13304,#13306,.T.);
#13304 = VERTEX_POINT('',#13305);
#13305 = CARTESIAN_POINT('',(56.704159457879,58.,162.2));
#13306 = CIRCLE('',#13307,1.7);
#13307 = AXIS2_PLACEMENT_3D('',#13308,#13309,#13310);
#13308 = CARTESIAN_POINT('',(55.5,58.,161.));
#13309 = DIRECTION('',(0.,1.,0.));
#13310 = DIRECTION('',(0.,0.,1.));
#13311 = ORIENTED_EDGE('',*,*,#13312,.T.);
#13312 = EDGE_CURVE('',#13304,#13313,#13315,.T.);
#13313 = VERTEX_POINT('',#13314);
#13314 = CARTESIAN_POINT('',(56.704159457881,59.,162.2));
#13315 = LINE('',#13316,#13317);
#13316 = CARTESIAN_POINT('',(56.704159457879,57.,162.2));
#13317 = VECTOR('',#13318,1.);
#13318 = DIRECTION('',(0.,1.,0.));
#13319 = ORIENTED_EDGE('',*,*,#13320,.T.);
#13320 = EDGE_CURVE('',#13313,#13321,#13323,.T.);
#13321 = VERTEX_POINT('',#13322);
#13322 = CARTESIAN_POINT('',(56.704159457878,59.,159.8));
#13323 = CIRCLE('',#13324,1.7);
#13324 = AXIS2_PLACEMENT_3D('',#13325,#13326,#13327);
#13325 = CARTESIAN_POINT('',(55.5,59.,161.));
#13326 = DIRECTION('',(0.,1.,0.));
#13327 = DIRECTION('',(0.,0.,1.));
#13328 = ORIENTED_EDGE('',*,*,#13329,.F.);
#13329 = EDGE_CURVE('',#13330,#13321,#13332,.T.);
#13330 = VERTEX_POINT('',#13331);
#13331 = CARTESIAN_POINT('',(56.704159457879,58.,159.8));
#13332 = LINE('',#13333,#13334);
#13333 = CARTESIAN_POINT('',(56.704159457879,57.,159.8));
#13334 = VECTOR('',#13335,1.);
#13335 = DIRECTION('',(0.,1.,0.));
#13336 = ORIENTED_EDGE('',*,*,#13337,.T.);
#13337 = EDGE_CURVE('',#13330,#13338,#13340,.T.);
#13338 = VERTEX_POINT('',#13339);
#13339 = CARTESIAN_POINT('',(54.295840542121,58.,159.8));
#13340 = CIRCLE('',#13341,1.7);
#13341 = AXIS2_PLACEMENT_3D('',#13342,#13343,#13344);
#13342 = CARTESIAN_POINT('',(55.5,58.,161.));
#13343 = DIRECTION('',(0.,1.,0.));
#13344 = DIRECTION('',(0.,0.,1.));
#13345 = ORIENTED_EDGE('',*,*,#13346,.T.);
#13346 = EDGE_CURVE('',#13338,#13347,#13349,.T.);
#13347 = VERTEX_POINT('',#13348);
#13348 = CARTESIAN_POINT('',(54.295840542122,59.,159.8));
#13349 = LINE('',#13350,#13351);
#13350 = CARTESIAN_POINT('',(54.295840542121,57.,159.8));
#13351 = VECTOR('',#13352,1.);
#13352 = DIRECTION('',(0.,1.,0.));
#13353 = ORIENTED_EDGE('',*,*,#13354,.T.);
#13354 = EDGE_CURVE('',#13347,#13355,#13357,.T.);
#13355 = VERTEX_POINT('',#13356);
#13356 = CARTESIAN_POINT('',(54.295840542119,59.,162.2));
#13357 = CIRCLE('',#13358,1.7);
#13358 = AXIS2_PLACEMENT_3D('',#13359,#13360,#13361);
#13359 = CARTESIAN_POINT('',(55.5,59.,161.));
#13360 = DIRECTION('',(0.,1.,0.));
#13361 = DIRECTION('',(0.,0.,1.));
#13362 = ORIENTED_EDGE('',*,*,#13363,.F.);
#13363 = EDGE_CURVE('',#13285,#13355,#13364,.T.);
#13364 = LINE('',#13365,#13366);
#13365 = CARTESIAN_POINT('',(54.295840542121,57.,162.2));
#13366 = VECTOR('',#13367,1.);
#13367 = DIRECTION('',(0.,1.,0.));
#13368 = CYLINDRICAL_SURFACE('',#13369,1.7);
#13369 = AXIS2_PLACEMENT_3D('',#13370,#13371,#13372);
#13370 = CARTESIAN_POINT('',(55.5,57.,161.));
#13371 = DIRECTION('',(0.,1.,0.));
#13372 = DIRECTION('',(0.,0.,1.));
#13373 = ADVANCED_FACE('',(#13374),#13461,.F.);
#13374 = FACE_BOUND('',#13375,.F.);
#13375 = EDGE_LOOP('',(#13376,#13387,#13393,#13394,#13395,#13404,#13412,
    #13421,#13429,#13438,#13446,#13455));
#13376 = ORIENTED_EDGE('',*,*,#13377,.T.);
#13377 = EDGE_CURVE('',#13378,#13380,#13382,.T.);
#13378 = VERTEX_POINT('',#13379);
#13379 = CARTESIAN_POINT('',(54.295840542121,58.,194.2));
#13380 = VERTEX_POINT('',#13381);
#13381 = CARTESIAN_POINT('',(55.5,58.,194.7));
#13382 = CIRCLE('',#13383,1.7);
#13383 = AXIS2_PLACEMENT_3D('',#13384,#13385,#13386);
#13384 = CARTESIAN_POINT('',(55.5,58.,193.));
#13385 = DIRECTION('',(0.,1.,0.));
#13386 = DIRECTION('',(0.,0.,1.));
#13387 = ORIENTED_EDGE('',*,*,#13388,.T.);
#13388 = EDGE_CURVE('',#13380,#12462,#13389,.T.);
#13389 = LINE('',#13390,#13391);
#13390 = CARTESIAN_POINT('',(55.5,57.,194.7));
#13391 = VECTOR('',#13392,1.);
#13392 = DIRECTION('',(0.,1.,0.));
#13393 = ORIENTED_EDGE('',*,*,#12461,.F.);
#13394 = ORIENTED_EDGE('',*,*,#13388,.F.);
#13395 = ORIENTED_EDGE('',*,*,#13396,.T.);
#13396 = EDGE_CURVE('',#13380,#13397,#13399,.T.);
#13397 = VERTEX_POINT('',#13398);
#13398 = CARTESIAN_POINT('',(56.704159457879,58.,194.2));
#13399 = CIRCLE('',#13400,1.7);
#13400 = AXIS2_PLACEMENT_3D('',#13401,#13402,#13403);
#13401 = CARTESIAN_POINT('',(55.5,58.,193.));
#13402 = DIRECTION('',(0.,1.,0.));
#13403 = DIRECTION('',(0.,0.,1.));
#13404 = ORIENTED_EDGE('',*,*,#13405,.T.);
#13405 = EDGE_CURVE('',#13397,#13406,#13408,.T.);
#13406 = VERTEX_POINT('',#13407);
#13407 = CARTESIAN_POINT('',(56.704159457884,59.,194.2));
#13408 = LINE('',#13409,#13410);
#13409 = CARTESIAN_POINT('',(56.704159457879,57.,194.2));
#13410 = VECTOR('',#13411,1.);
#13411 = DIRECTION('',(0.,1.,0.));
#13412 = ORIENTED_EDGE('',*,*,#13413,.T.);
#13413 = EDGE_CURVE('',#13406,#13414,#13416,.T.);
#13414 = VERTEX_POINT('',#13415);
#13415 = CARTESIAN_POINT('',(56.704159457878,59.,191.8));
#13416 = CIRCLE('',#13417,1.7);
#13417 = AXIS2_PLACEMENT_3D('',#13418,#13419,#13420);
#13418 = CARTESIAN_POINT('',(55.5,59.,193.));
#13419 = DIRECTION('',(0.,1.,0.));
#13420 = DIRECTION('',(0.,0.,1.));
#13421 = ORIENTED_EDGE('',*,*,#13422,.F.);
#13422 = EDGE_CURVE('',#13423,#13414,#13425,.T.);
#13423 = VERTEX_POINT('',#13424);
#13424 = CARTESIAN_POINT('',(56.704159457879,58.,191.8));
#13425 = LINE('',#13426,#13427);
#13426 = CARTESIAN_POINT('',(56.704159457879,57.,191.8));
#13427 = VECTOR('',#13428,1.);
#13428 = DIRECTION('',(0.,1.,0.));
#13429 = ORIENTED_EDGE('',*,*,#13430,.T.);
#13430 = EDGE_CURVE('',#13423,#13431,#13433,.T.);
#13431 = VERTEX_POINT('',#13432);
#13432 = CARTESIAN_POINT('',(54.295840542121,58.,191.8));
#13433 = CIRCLE('',#13434,1.7);
#13434 = AXIS2_PLACEMENT_3D('',#13435,#13436,#13437);
#13435 = CARTESIAN_POINT('',(55.5,58.,193.));
#13436 = DIRECTION('',(0.,1.,0.));
#13437 = DIRECTION('',(0.,0.,1.));
#13438 = ORIENTED_EDGE('',*,*,#13439,.T.);
#13439 = EDGE_CURVE('',#13431,#13440,#13442,.T.);
#13440 = VERTEX_POINT('',#13441);
#13441 = CARTESIAN_POINT('',(54.295840542122,59.,191.8));
#13442 = LINE('',#13443,#13444);
#13443 = CARTESIAN_POINT('',(54.295840542121,57.,191.8));
#13444 = VECTOR('',#13445,1.);
#13445 = DIRECTION('',(0.,1.,0.));
#13446 = ORIENTED_EDGE('',*,*,#13447,.T.);
#13447 = EDGE_CURVE('',#13440,#13448,#13450,.T.);
#13448 = VERTEX_POINT('',#13449);
#13449 = CARTESIAN_POINT('',(54.295840542116,59.,194.2));
#13450 = CIRCLE('',#13451,1.7);
#13451 = AXIS2_PLACEMENT_3D('',#13452,#13453,#13454);
#13452 = CARTESIAN_POINT('',(55.5,59.,193.));
#13453 = DIRECTION('',(0.,1.,0.));
#13454 = DIRECTION('',(0.,0.,1.));
#13455 = ORIENTED_EDGE('',*,*,#13456,.F.);
#13456 = EDGE_CURVE('',#13378,#13448,#13457,.T.);
#13457 = LINE('',#13458,#13459);
#13458 = CARTESIAN_POINT('',(54.295840542121,57.,194.2));
#13459 = VECTOR('',#13460,1.);
#13460 = DIRECTION('',(0.,1.,0.));
#13461 = CYLINDRICAL_SURFACE('',#13462,1.7);
#13462 = AXIS2_PLACEMENT_3D('',#13463,#13464,#13465);
#13463 = CARTESIAN_POINT('',(55.5,57.,193.));
#13464 = DIRECTION('',(0.,1.,0.));
#13465 = DIRECTION('',(0.,0.,1.));
#13466 = ADVANCED_FACE('',(#13467),#13526,.T.);
#13467 = FACE_BOUND('',#13468,.T.);
#13468 = EDGE_LOOP('',(#13469,#13470,#13471,#13479,#13488,#13494,#13495,
    #13503,#13512,#13518,#13519,#13520));
#13469 = ORIENTED_EDGE('',*,*,#12602,.F.);
#13470 = ORIENTED_EDGE('',*,*,#12564,.T.);
#13471 = ORIENTED_EDGE('',*,*,#13472,.T.);
#13472 = EDGE_CURVE('',#12557,#13473,#13475,.T.);
#13473 = VERTEX_POINT('',#13474);
#13474 = CARTESIAN_POINT('',(69.5,58.,159.8));
#13475 = LINE('',#13476,#13477);
#13476 = CARTESIAN_POINT('',(7.,58.,159.8));
#13477 = VECTOR('',#13478,1.);
#13478 = DIRECTION('',(1.,0.,0.));
#13479 = ORIENTED_EDGE('',*,*,#13480,.F.);
#13480 = EDGE_CURVE('',#13481,#13473,#13483,.T.);
#13481 = VERTEX_POINT('',#13482);
#13482 = CARTESIAN_POINT('',(69.5,58.,162.2));
#13483 = CIRCLE('',#13484,1.2);
#13484 = AXIS2_PLACEMENT_3D('',#13485,#13486,#13487);
#13485 = CARTESIAN_POINT('',(69.5,58.,161.));
#13486 = DIRECTION('',(0.,1.,0.));
#13487 = DIRECTION('',(0.,0.,1.));
#13488 = ORIENTED_EDGE('',*,*,#13489,.F.);
#13489 = EDGE_CURVE('',#12533,#13481,#13490,.T.);
#13490 = LINE('',#13491,#13492);
#13491 = CARTESIAN_POINT('',(7.,58.,162.2));
#13492 = VECTOR('',#13493,1.);
#13493 = DIRECTION('',(1.,0.,0.));
#13494 = ORIENTED_EDGE('',*,*,#12532,.T.);
#13495 = ORIENTED_EDGE('',*,*,#13496,.T.);
#13496 = EDGE_CURVE('',#12525,#13497,#13499,.T.);
#13497 = VERTEX_POINT('',#13498);
#13498 = CARTESIAN_POINT('',(69.5,58.,191.8));
#13499 = LINE('',#13500,#13501);
#13500 = CARTESIAN_POINT('',(7.,58.,191.8));
#13501 = VECTOR('',#13502,1.);
#13502 = DIRECTION('',(1.,0.,0.));
#13503 = ORIENTED_EDGE('',*,*,#13504,.F.);
#13504 = EDGE_CURVE('',#13505,#13497,#13507,.T.);
#13505 = VERTEX_POINT('',#13506);
#13506 = CARTESIAN_POINT('',(69.5,58.,194.2));
#13507 = CIRCLE('',#13508,1.2);
#13508 = AXIS2_PLACEMENT_3D('',#13509,#13510,#13511);
#13509 = CARTESIAN_POINT('',(69.5,58.,193.));
#13510 = DIRECTION('',(0.,1.,0.));
#13511 = DIRECTION('',(0.,0.,1.));
#13512 = ORIENTED_EDGE('',*,*,#13513,.F.);
#13513 = EDGE_CURVE('',#12501,#13505,#13514,.T.);
#13514 = LINE('',#13515,#13516);
#13515 = CARTESIAN_POINT('',(7.,58.,194.2));
#13516 = VECTOR('',#13517,1.);
#13517 = DIRECTION('',(1.,0.,0.));
#13518 = ORIENTED_EDGE('',*,*,#12500,.T.);
#13519 = ORIENTED_EDGE('',*,*,#12678,.T.);
#13520 = ORIENTED_EDGE('',*,*,#13521,.F.);
#13521 = EDGE_CURVE('',#12595,#12671,#13522,.T.);
#13522 = LINE('',#13523,#13524);
#13523 = CARTESIAN_POINT('',(74.5,58.,156.));
#13524 = VECTOR('',#13525,1.);
#13525 = DIRECTION('',(0.,0.,1.));
#13526 = PLANE('',#13527);
#13527 = AXIS2_PLACEMENT_3D('',#13528,#13529,#13530);
#13528 = CARTESIAN_POINT('',(4.5,58.,156.));
#13529 = DIRECTION('',(0.,1.,0.));
#13530 = DIRECTION('',(0.,0.,1.));
#13531 = ADVANCED_FACE('',(#13532),#13556,.T.);
#13532 = FACE_BOUND('',#13533,.T.);
#13533 = EDGE_LOOP('',(#13534,#13540,#13541,#13547,#13548,#13549,#13555)
  );
#13534 = ORIENTED_EDGE('',*,*,#13535,.F.);
#13535 = EDGE_CURVE('',#12828,#13330,#13536,.T.);
#13536 = LINE('',#13537,#13538);
#13537 = CARTESIAN_POINT('',(56.704159457879,53.,159.8));
#13538 = VECTOR('',#13539,1.);
#13539 = DIRECTION('',(0.,1.,0.));
#13540 = ORIENTED_EDGE('',*,*,#12836,.T.);
#13541 = ORIENTED_EDGE('',*,*,#13542,.T.);
#13542 = EDGE_CURVE('',#12837,#13473,#13543,.T.);
#13543 = LINE('',#13544,#13545);
#13544 = CARTESIAN_POINT('',(69.5,54.,159.8));
#13545 = VECTOR('',#13546,1.);
#13546 = DIRECTION('',(0.,1.,0.));
#13547 = ORIENTED_EDGE('',*,*,#13472,.F.);
#13548 = ORIENTED_EDGE('',*,*,#12556,.F.);
#13549 = ORIENTED_EDGE('',*,*,#13550,.F.);
#13550 = EDGE_CURVE('',#13321,#12549,#13551,.T.);
#13551 = LINE('',#13552,#13553);
#13552 = CARTESIAN_POINT('',(9.5,59.,159.8));
#13553 = VECTOR('',#13554,1.);
#13554 = DIRECTION('',(1.,0.,0.));
#13555 = ORIENTED_EDGE('',*,*,#13329,.F.);
#13556 = PLANE('',#13557);
#13557 = AXIS2_PLACEMENT_3D('',#13558,#13559,#13560);
#13558 = CARTESIAN_POINT('',(9.5,54.,159.8));
#13559 = DIRECTION('',(0.,0.,1.));
#13560 = DIRECTION('',(1.,0.,0.));
#13561 = ADVANCED_FACE('',(#13562),#13573,.F.);
#13562 = FACE_BOUND('',#13563,.F.);
#13563 = EDGE_LOOP('',(#13564,#13565,#13566,#13572));
#13564 = ORIENTED_EDGE('',*,*,#13550,.F.);
#13565 = ORIENTED_EDGE('',*,*,#13320,.F.);
#13566 = ORIENTED_EDGE('',*,*,#13567,.T.);
#13567 = EDGE_CURVE('',#13313,#12541,#13568,.T.);
#13568 = LINE('',#13569,#13570);
#13569 = CARTESIAN_POINT('',(9.5,59.,162.2));
#13570 = VECTOR('',#13571,1.);
#13571 = DIRECTION('',(1.,0.,0.));
#13572 = ORIENTED_EDGE('',*,*,#12548,.F.);
#13573 = PLANE('',#13574);
#13574 = AXIS2_PLACEMENT_3D('',#13575,#13576,#13577);
#13575 = CARTESIAN_POINT('',(39.5,59.,161.));
#13576 = DIRECTION('',(0.,1.,0.));
#13577 = DIRECTION('',(0.,0.,1.));
#13578 = ADVANCED_FACE('',(#13579),#13598,.F.);
#13579 = FACE_BOUND('',#13580,.F.);
#13580 = EDGE_LOOP('',(#13581,#13587,#13588,#13594,#13595,#13596,#13597)
  );
#13581 = ORIENTED_EDGE('',*,*,#13582,.F.);
#13582 = EDGE_CURVE('',#12854,#13304,#13583,.T.);
#13583 = LINE('',#13584,#13585);
#13584 = CARTESIAN_POINT('',(56.704159457879,53.,162.2));
#13585 = VECTOR('',#13586,1.);
#13586 = DIRECTION('',(0.,1.,0.));
#13587 = ORIENTED_EDGE('',*,*,#12853,.T.);
#13588 = ORIENTED_EDGE('',*,*,#13589,.T.);
#13589 = EDGE_CURVE('',#12845,#13481,#13590,.T.);
#13590 = LINE('',#13591,#13592);
#13591 = CARTESIAN_POINT('',(69.5,54.,162.2));
#13592 = VECTOR('',#13593,1.);
#13593 = DIRECTION('',(0.,1.,0.));
#13594 = ORIENTED_EDGE('',*,*,#13489,.F.);
#13595 = ORIENTED_EDGE('',*,*,#12540,.F.);
#13596 = ORIENTED_EDGE('',*,*,#13567,.F.);
#13597 = ORIENTED_EDGE('',*,*,#13312,.F.);
#13598 = PLANE('',#13599);
#13599 = AXIS2_PLACEMENT_3D('',#13600,#13601,#13602);
#13600 = CARTESIAN_POINT('',(9.5,54.,162.2));
#13601 = DIRECTION('',(0.,0.,1.));
#13602 = DIRECTION('',(1.,0.,0.));
#13603 = ADVANCED_FACE('',(#13604),#13628,.T.);
#13604 = FACE_BOUND('',#13605,.T.);
#13605 = EDGE_LOOP('',(#13606,#13612,#13613,#13619,#13620,#13621,#13627)
  );
#13606 = ORIENTED_EDGE('',*,*,#13607,.F.);
#13607 = EDGE_CURVE('',#12960,#13423,#13608,.T.);
#13608 = LINE('',#13609,#13610);
#13609 = CARTESIAN_POINT('',(56.704159457879,53.,191.8));
#13610 = VECTOR('',#13611,1.);
#13611 = DIRECTION('',(0.,1.,0.));
#13612 = ORIENTED_EDGE('',*,*,#12968,.T.);
#13613 = ORIENTED_EDGE('',*,*,#13614,.T.);
#13614 = EDGE_CURVE('',#12969,#13497,#13615,.T.);
#13615 = LINE('',#13616,#13617);
#13616 = CARTESIAN_POINT('',(69.5,54.,191.8));
#13617 = VECTOR('',#13618,1.);
#13618 = DIRECTION('',(0.,1.,0.));
#13619 = ORIENTED_EDGE('',*,*,#13496,.F.);
#13620 = ORIENTED_EDGE('',*,*,#12524,.F.);
#13621 = ORIENTED_EDGE('',*,*,#13622,.F.);
#13622 = EDGE_CURVE('',#13414,#12517,#13623,.T.);
#13623 = LINE('',#13624,#13625);
#13624 = CARTESIAN_POINT('',(9.5,59.,191.8));
#13625 = VECTOR('',#13626,1.);
#13626 = DIRECTION('',(1.,0.,0.));
#13627 = ORIENTED_EDGE('',*,*,#13422,.F.);
#13628 = PLANE('',#13629);
#13629 = AXIS2_PLACEMENT_3D('',#13630,#13631,#13632);
#13630 = CARTESIAN_POINT('',(9.5,54.,191.8));
#13631 = DIRECTION('',(0.,0.,1.));
#13632 = DIRECTION('',(1.,0.,0.));
#13633 = ADVANCED_FACE('',(#13634),#13645,.F.);
#13634 = FACE_BOUND('',#13635,.F.);
#13635 = EDGE_LOOP('',(#13636,#13637,#13638,#13644));
#13636 = ORIENTED_EDGE('',*,*,#13622,.F.);
#13637 = ORIENTED_EDGE('',*,*,#13413,.F.);
#13638 = ORIENTED_EDGE('',*,*,#13639,.T.);
#13639 = EDGE_CURVE('',#13406,#12509,#13640,.T.);
#13640 = LINE('',#13641,#13642);
#13641 = CARTESIAN_POINT('',(9.5,59.,194.2));
#13642 = VECTOR('',#13643,1.);
#13643 = DIRECTION('',(1.,0.,0.));
#13644 = ORIENTED_EDGE('',*,*,#12516,.F.);
#13645 = PLANE('',#13646);
#13646 = AXIS2_PLACEMENT_3D('',#13647,#13648,#13649);
#13647 = CARTESIAN_POINT('',(39.5,59.,193.));
#13648 = DIRECTION('',(0.,1.,0.));
#13649 = DIRECTION('',(0.,0.,1.));
#13650 = ADVANCED_FACE('',(#13651),#13670,.F.);
#13651 = FACE_BOUND('',#13652,.F.);
#13652 = EDGE_LOOP('',(#13653,#13659,#13660,#13666,#13667,#13668,#13669)
  );
#13653 = ORIENTED_EDGE('',*,*,#13654,.F.);
#13654 = EDGE_CURVE('',#12986,#13397,#13655,.T.);
#13655 = LINE('',#13656,#13657);
#13656 = CARTESIAN_POINT('',(56.704159457879,53.,194.2));
#13657 = VECTOR('',#13658,1.);
#13658 = DIRECTION('',(0.,1.,0.));
#13659 = ORIENTED_EDGE('',*,*,#12985,.T.);
#13660 = ORIENTED_EDGE('',*,*,#13661,.T.);
#13661 = EDGE_CURVE('',#12977,#13505,#13662,.T.);
#13662 = LINE('',#13663,#13664);
#13663 = CARTESIAN_POINT('',(69.5,54.,194.2));
#13664 = VECTOR('',#13665,1.);
#13665 = DIRECTION('',(0.,1.,0.));
#13666 = ORIENTED_EDGE('',*,*,#13513,.F.);
#13667 = ORIENTED_EDGE('',*,*,#12508,.F.);
#13668 = ORIENTED_EDGE('',*,*,#13639,.F.);
#13669 = ORIENTED_EDGE('',*,*,#13405,.F.);
#13670 = PLANE('',#13671);
#13671 = AXIS2_PLACEMENT_3D('',#13672,#13673,#13674);
#13672 = CARTESIAN_POINT('',(9.5,54.,194.2));
#13673 = DIRECTION('',(0.,0.,1.));
#13674 = DIRECTION('',(1.,0.,0.));
#13675 = ADVANCED_FACE('',(#13676),#13682,.T.);
#13676 = FACE_BOUND('',#13677,.T.);
#13677 = EDGE_LOOP('',(#13678,#13679,#13680,#13681));
#13678 = ORIENTED_EDGE('',*,*,#12808,.F.);
#13679 = ORIENTED_EDGE('',*,*,#12594,.T.);
#13680 = ORIENTED_EDGE('',*,*,#13521,.T.);
#13681 = ORIENTED_EDGE('',*,*,#12670,.F.);
#13682 = PLANE('',#13683);
#13683 = AXIS2_PLACEMENT_3D('',#13684,#13685,#13686);
#13684 = CARTESIAN_POINT('',(74.5,55.,156.));
#13685 = DIRECTION('',(1.,0.,0.));
#13686 = DIRECTION('',(0.,0.,1.));
#13687 = ADVANCED_FACE('',(#13688),#13706,.T.);
#13688 = FACE_BOUND('',#13689,.T.);
#13689 = EDGE_LOOP('',(#13690,#13691,#13692,#13698,#13699,#13705));
#13690 = ORIENTED_EDGE('',*,*,#12782,.F.);
#13691 = ORIENTED_EDGE('',*,*,#12819,.T.);
#13692 = ORIENTED_EDGE('',*,*,#13693,.T.);
#13693 = EDGE_CURVE('',#12820,#13338,#13694,.T.);
#13694 = LINE('',#13695,#13696);
#13695 = CARTESIAN_POINT('',(54.295840542121,53.,159.8));
#13696 = VECTOR('',#13697,1.);
#13697 = DIRECTION('',(0.,1.,0.));
#13698 = ORIENTED_EDGE('',*,*,#13346,.T.);
#13699 = ORIENTED_EDGE('',*,*,#13700,.F.);
#13700 = EDGE_CURVE('',#12746,#13347,#13701,.T.);
#13701 = LINE('',#13702,#13703);
#13702 = CARTESIAN_POINT('',(9.5,59.,159.8));
#13703 = VECTOR('',#13704,1.);
#13704 = DIRECTION('',(1.,0.,0.));
#13705 = ORIENTED_EDGE('',*,*,#12754,.F.);
#13706 = PLANE('',#13707);
#13707 = AXIS2_PLACEMENT_3D('',#13708,#13709,#13710);
#13708 = CARTESIAN_POINT('',(9.5,54.,159.8));
#13709 = DIRECTION('',(0.,0.,1.));
#13710 = DIRECTION('',(1.,0.,0.));
#13711 = ADVANCED_FACE('',(#13712),#13723,.F.);
#13712 = FACE_BOUND('',#13713,.F.);
#13713 = EDGE_LOOP('',(#13714,#13715,#13716,#13722));
#13714 = ORIENTED_EDGE('',*,*,#13700,.F.);
#13715 = ORIENTED_EDGE('',*,*,#12745,.F.);
#13716 = ORIENTED_EDGE('',*,*,#13717,.T.);
#13717 = EDGE_CURVE('',#12738,#13355,#13718,.T.);
#13718 = LINE('',#13719,#13720);
#13719 = CARTESIAN_POINT('',(9.5,59.,162.2));
#13720 = VECTOR('',#13721,1.);
#13721 = DIRECTION('',(1.,0.,0.));
#13722 = ORIENTED_EDGE('',*,*,#13354,.F.);
#13723 = PLANE('',#13724);
#13724 = AXIS2_PLACEMENT_3D('',#13725,#13726,#13727);
#13725 = CARTESIAN_POINT('',(39.5,59.,161.));
#13726 = DIRECTION('',(0.,1.,0.));
#13727 = DIRECTION('',(0.,0.,1.));
#13728 = ADVANCED_FACE('',(#13729),#13747,.F.);
#13729 = FACE_BOUND('',#13730,.F.);
#13730 = EDGE_LOOP('',(#13731,#13737,#13738,#13744,#13745,#13746));
#13731 = ORIENTED_EDGE('',*,*,#13732,.F.);
#13732 = EDGE_CURVE('',#12880,#12729,#13733,.T.);
#13733 = LINE('',#13734,#13735);
#13734 = CARTESIAN_POINT('',(24.704159457879,53.,162.2));
#13735 = VECTOR('',#13736,1.);
#13736 = DIRECTION('',(0.,1.,0.));
#13737 = ORIENTED_EDGE('',*,*,#12879,.T.);
#13738 = ORIENTED_EDGE('',*,*,#13739,.T.);
#13739 = EDGE_CURVE('',#12871,#13285,#13740,.T.);
#13740 = LINE('',#13741,#13742);
#13741 = CARTESIAN_POINT('',(54.295840542121,53.,162.2));
#13742 = VECTOR('',#13743,1.);
#13743 = DIRECTION('',(0.,1.,0.));
#13744 = ORIENTED_EDGE('',*,*,#13363,.T.);
#13745 = ORIENTED_EDGE('',*,*,#13717,.F.);
#13746 = ORIENTED_EDGE('',*,*,#12737,.F.);
#13747 = PLANE('',#13748);
#13748 = AXIS2_PLACEMENT_3D('',#13749,#13750,#13751);
#13749 = CARTESIAN_POINT('',(9.5,54.,162.2));
#13750 = DIRECTION('',(0.,0.,1.));
#13751 = DIRECTION('',(1.,0.,0.));
#13752 = ADVANCED_FACE('',(#13753),#13759,.F.);
#13753 = FACE_BOUND('',#13754,.F.);
#13754 = EDGE_LOOP('',(#13755,#13756,#13757,#13758));
#13755 = ORIENTED_EDGE('',*,*,#12728,.F.);
#13756 = ORIENTED_EDGE('',*,*,#13044,.F.);
#13757 = ORIENTED_EDGE('',*,*,#12887,.T.);
#13758 = ORIENTED_EDGE('',*,*,#13732,.T.);
#13759 = CYLINDRICAL_SURFACE('',#13760,1.7);
#13760 = AXIS2_PLACEMENT_3D('',#13761,#13762,#13763);
#13761 = CARTESIAN_POINT('',(23.5,53.,161.));
#13762 = DIRECTION('',(0.,1.,0.));
#13763 = DIRECTION('',(0.,0.,1.));
#13764 = ADVANCED_FACE('',(#13765),#13771,.F.);
#13765 = FACE_BOUND('',#13766,.F.);
#13766 = EDGE_LOOP('',(#13767,#13768,#13769,#13770));
#13767 = ORIENTED_EDGE('',*,*,#13693,.T.);
#13768 = ORIENTED_EDGE('',*,*,#13337,.F.);
#13769 = ORIENTED_EDGE('',*,*,#13535,.F.);
#13770 = ORIENTED_EDGE('',*,*,#12827,.T.);
#13771 = CYLINDRICAL_SURFACE('',#13772,1.7);
#13772 = AXIS2_PLACEMENT_3D('',#13773,#13774,#13775);
#13773 = CARTESIAN_POINT('',(55.5,53.,161.));
#13774 = DIRECTION('',(0.,1.,0.));
#13775 = DIRECTION('',(0.,0.,1.));
#13776 = ADVANCED_FACE('',(#13777),#13788,.F.);
#13777 = FACE_BOUND('',#13778,.F.);
#13778 = EDGE_LOOP('',(#13779,#13785,#13786,#13787));
#13779 = ORIENTED_EDGE('',*,*,#13780,.T.);
#13780 = EDGE_CURVE('',#12862,#13287,#13781,.T.);
#13781 = LINE('',#13782,#13783);
#13782 = CARTESIAN_POINT('',(55.5,53.,162.7));
#13783 = VECTOR('',#13784,1.);
#13784 = DIRECTION('',(0.,1.,0.));
#13785 = ORIENTED_EDGE('',*,*,#13284,.F.);
#13786 = ORIENTED_EDGE('',*,*,#13739,.F.);
#13787 = ORIENTED_EDGE('',*,*,#12870,.T.);
#13788 = CYLINDRICAL_SURFACE('',#13789,1.7);
#13789 = AXIS2_PLACEMENT_3D('',#13790,#13791,#13792);
#13790 = CARTESIAN_POINT('',(55.5,53.,161.));
#13791 = DIRECTION('',(0.,1.,0.));
#13792 = DIRECTION('',(0.,0.,1.));
#13793 = ADVANCED_FACE('',(#13794),#13800,.F.);
#13794 = FACE_BOUND('',#13795,.F.);
#13795 = EDGE_LOOP('',(#13796,#13797,#13798,#13799));
#13796 = ORIENTED_EDGE('',*,*,#13480,.F.);
#13797 = ORIENTED_EDGE('',*,*,#13589,.F.);
#13798 = ORIENTED_EDGE('',*,*,#12844,.T.);
#13799 = ORIENTED_EDGE('',*,*,#13542,.T.);
#13800 = CYLINDRICAL_SURFACE('',#13801,1.2);
#13801 = AXIS2_PLACEMENT_3D('',#13802,#13803,#13804);
#13802 = CARTESIAN_POINT('',(69.5,54.,161.));
#13803 = DIRECTION('',(0.,1.,0.));
#13804 = DIRECTION('',(0.,0.,1.));
#13805 = ADVANCED_FACE('',(#13806),#13812,.F.);
#13806 = FACE_BOUND('',#13807,.F.);
#13807 = EDGE_LOOP('',(#13808,#13809,#13810,#13811));
#13808 = ORIENTED_EDGE('',*,*,#13303,.F.);
#13809 = ORIENTED_EDGE('',*,*,#13780,.F.);
#13810 = ORIENTED_EDGE('',*,*,#12861,.T.);
#13811 = ORIENTED_EDGE('',*,*,#13582,.T.);
#13812 = CYLINDRICAL_SURFACE('',#13813,1.7);
#13813 = AXIS2_PLACEMENT_3D('',#13814,#13815,#13816);
#13814 = CARTESIAN_POINT('',(55.5,53.,161.));
#13815 = DIRECTION('',(0.,1.,0.));
#13816 = DIRECTION('',(0.,0.,1.));
#13817 = ADVANCED_FACE('',(#13818),#13843,.F.);
#13818 = FACE_BOUND('',#13819,.F.);
#13819 = EDGE_LOOP('',(#13820,#13830,#13836,#13837));
#13820 = ORIENTED_EDGE('',*,*,#13821,.F.);
#13821 = EDGE_CURVE('',#13822,#13824,#13826,.T.);
#13822 = VERTEX_POINT('',#13823);
#13823 = CARTESIAN_POINT('',(30.5,58.,182.));
#13824 = VERTEX_POINT('',#13825);
#13825 = CARTESIAN_POINT('',(48.5,58.,182.));
#13826 = LINE('',#13827,#13828);
#13827 = CARTESIAN_POINT('',(24.,58.,182.));
#13828 = VECTOR('',#13829,1.);
#13829 = DIRECTION('',(1.,0.,0.));
#13830 = ORIENTED_EDGE('',*,*,#13831,.F.);
#13831 = EDGE_CURVE('',#12907,#13822,#13832,.T.);
#13832 = LINE('',#13833,#13834);
#13833 = CARTESIAN_POINT('',(30.5,54.,182.));
#13834 = VECTOR('',#13835,1.);
#13835 = DIRECTION('',(0.,1.,0.));
#13836 = ORIENTED_EDGE('',*,*,#12906,.T.);
#13837 = ORIENTED_EDGE('',*,*,#13838,.T.);
#13838 = EDGE_CURVE('',#12909,#13824,#13839,.T.);
#13839 = LINE('',#13840,#13841);
#13840 = CARTESIAN_POINT('',(48.5,54.,182.));
#13841 = VECTOR('',#13842,1.);
#13842 = DIRECTION('',(0.,1.,0.));
#13843 = PLANE('',#13844);
#13844 = AXIS2_PLACEMENT_3D('',#13845,#13846,#13847);
#13845 = CARTESIAN_POINT('',(30.5,54.,182.));
#13846 = DIRECTION('',(0.,0.,1.));
#13847 = DIRECTION('',(1.,0.,0.));
#13848 = ADVANCED_FACE('',(#13849),#13867,.F.);
#13849 = FACE_BOUND('',#13850,.F.);
#13850 = EDGE_LOOP('',(#13851,#13852,#13853,#13861));
#13851 = ORIENTED_EDGE('',*,*,#13838,.F.);
#13852 = ORIENTED_EDGE('',*,*,#12932,.T.);
#13853 = ORIENTED_EDGE('',*,*,#13854,.T.);
#13854 = EDGE_CURVE('',#12925,#13855,#13857,.T.);
#13855 = VERTEX_POINT('',#13856);
#13856 = CARTESIAN_POINT('',(48.5,58.,172.));
#13857 = LINE('',#13858,#13859);
#13858 = CARTESIAN_POINT('',(48.5,54.,172.));
#13859 = VECTOR('',#13860,1.);
#13860 = DIRECTION('',(0.,1.,0.));
#13861 = ORIENTED_EDGE('',*,*,#13862,.F.);
#13862 = EDGE_CURVE('',#13824,#13855,#13863,.T.);
#13863 = LINE('',#13864,#13865);
#13864 = CARTESIAN_POINT('',(48.5,58.,163.5));
#13865 = VECTOR('',#13866,1.);
#13866 = DIRECTION('',(0.,0.,-1.));
#13867 = PLANE('',#13868);
#13868 = AXIS2_PLACEMENT_3D('',#13869,#13870,#13871);
#13869 = CARTESIAN_POINT('',(48.5,54.,172.));
#13870 = DIRECTION('',(1.,0.,0.));
#13871 = DIRECTION('',(0.,0.,1.));
#13872 = ADVANCED_FACE('',(#13873),#13891,.T.);
#13873 = FACE_BOUND('',#13874,.T.);
#13874 = EDGE_LOOP('',(#13875,#13883,#13889,#13890));
#13875 = ORIENTED_EDGE('',*,*,#13876,.F.);
#13876 = EDGE_CURVE('',#13877,#13855,#13879,.T.);
#13877 = VERTEX_POINT('',#13878);
#13878 = CARTESIAN_POINT('',(30.5,58.,172.));
#13879 = LINE('',#13880,#13881);
#13880 = CARTESIAN_POINT('',(24.,58.,172.));
#13881 = VECTOR('',#13882,1.);
#13882 = DIRECTION('',(1.,0.,0.));
#13883 = ORIENTED_EDGE('',*,*,#13884,.F.);
#13884 = EDGE_CURVE('',#12917,#13877,#13885,.T.);
#13885 = LINE('',#13886,#13887);
#13886 = CARTESIAN_POINT('',(30.5,54.,172.));
#13887 = VECTOR('',#13888,1.);
#13888 = DIRECTION('',(0.,1.,0.));
#13889 = ORIENTED_EDGE('',*,*,#12924,.T.);
#13890 = ORIENTED_EDGE('',*,*,#13854,.T.);
#13891 = PLANE('',#13892);
#13892 = AXIS2_PLACEMENT_3D('',#13893,#13894,#13895);
#13893 = CARTESIAN_POINT('',(30.5,54.,172.));
#13894 = DIRECTION('',(0.,0.,1.));
#13895 = DIRECTION('',(1.,0.,0.));
#13896 = ADVANCED_FACE('',(#13897),#13908,.T.);
#13897 = FACE_BOUND('',#13898,.T.);
#13898 = EDGE_LOOP('',(#13899,#13900,#13901,#13902));
#13899 = ORIENTED_EDGE('',*,*,#13831,.F.);
#13900 = ORIENTED_EDGE('',*,*,#12916,.T.);
#13901 = ORIENTED_EDGE('',*,*,#13884,.T.);
#13902 = ORIENTED_EDGE('',*,*,#13903,.F.);
#13903 = EDGE_CURVE('',#13822,#13877,#13904,.T.);
#13904 = LINE('',#13905,#13906);
#13905 = CARTESIAN_POINT('',(30.5,58.,163.5));
#13906 = VECTOR('',#13907,1.);
#13907 = DIRECTION('',(0.,0.,-1.));
#13908 = PLANE('',#13909);
#13909 = AXIS2_PLACEMENT_3D('',#13910,#13911,#13912);
#13910 = CARTESIAN_POINT('',(30.5,54.,172.));
#13911 = DIRECTION('',(1.,0.,0.));
#13912 = DIRECTION('',(0.,0.,1.));
#13913 = ADVANCED_FACE('',(#13914),#13932,.T.);
#13914 = FACE_BOUND('',#13915,.T.);
#13915 = EDGE_LOOP('',(#13916,#13917,#13918,#13924,#13925,#13931));
#13916 = ORIENTED_EDGE('',*,*,#13132,.F.);
#13917 = ORIENTED_EDGE('',*,*,#12951,.T.);
#13918 = ORIENTED_EDGE('',*,*,#13919,.T.);
#13919 = EDGE_CURVE('',#12952,#13431,#13920,.T.);
#13920 = LINE('',#13921,#13922);
#13921 = CARTESIAN_POINT('',(54.295840542121,53.,191.8));
#13922 = VECTOR('',#13923,1.);
#13923 = DIRECTION('',(0.,1.,0.));
#13924 = ORIENTED_EDGE('',*,*,#13439,.T.);
#13925 = ORIENTED_EDGE('',*,*,#13926,.F.);
#13926 = EDGE_CURVE('',#13096,#13440,#13927,.T.);
#13927 = LINE('',#13928,#13929);
#13928 = CARTESIAN_POINT('',(9.5,59.,191.8));
#13929 = VECTOR('',#13930,1.);
#13930 = DIRECTION('',(1.,0.,0.));
#13931 = ORIENTED_EDGE('',*,*,#13104,.F.);
#13932 = PLANE('',#13933);
#13933 = AXIS2_PLACEMENT_3D('',#13934,#13935,#13936);
#13934 = CARTESIAN_POINT('',(9.5,54.,191.8));
#13935 = DIRECTION('',(0.,0.,1.));
#13936 = DIRECTION('',(1.,0.,0.));
#13937 = ADVANCED_FACE('',(#13938),#13949,.F.);
#13938 = FACE_BOUND('',#13939,.F.);
#13939 = EDGE_LOOP('',(#13940,#13941,#13942,#13943));
#13940 = ORIENTED_EDGE('',*,*,#13078,.F.);
#13941 = ORIENTED_EDGE('',*,*,#13147,.F.);
#13942 = ORIENTED_EDGE('',*,*,#13019,.T.);
#13943 = ORIENTED_EDGE('',*,*,#13944,.T.);
#13944 = EDGE_CURVE('',#13012,#13079,#13945,.T.);
#13945 = LINE('',#13946,#13947);
#13946 = CARTESIAN_POINT('',(24.704159457879,53.,194.2));
#13947 = VECTOR('',#13948,1.);
#13948 = DIRECTION('',(0.,1.,0.));
#13949 = CYLINDRICAL_SURFACE('',#13950,1.7);
#13950 = AXIS2_PLACEMENT_3D('',#13951,#13952,#13953);
#13951 = CARTESIAN_POINT('',(23.5,53.,193.));
#13952 = DIRECTION('',(0.,1.,0.));
#13953 = DIRECTION('',(0.,0.,1.));
#13954 = ADVANCED_FACE('',(#13955),#13961,.F.);
#13955 = FACE_BOUND('',#13956,.F.);
#13956 = EDGE_LOOP('',(#13957,#13958,#13959,#13960));
#13957 = ORIENTED_EDGE('',*,*,#13919,.T.);
#13958 = ORIENTED_EDGE('',*,*,#13430,.F.);
#13959 = ORIENTED_EDGE('',*,*,#13607,.F.);
#13960 = ORIENTED_EDGE('',*,*,#12959,.T.);
#13961 = CYLINDRICAL_SURFACE('',#13962,1.7);
#13962 = AXIS2_PLACEMENT_3D('',#13963,#13964,#13965);
#13963 = CARTESIAN_POINT('',(55.5,53.,193.));
#13964 = DIRECTION('',(0.,1.,0.));
#13965 = DIRECTION('',(0.,0.,1.));
#13966 = ADVANCED_FACE('',(#13967),#13985,.F.);
#13967 = FACE_BOUND('',#13968,.F.);
#13968 = EDGE_LOOP('',(#13969,#13970,#13971,#13977,#13978,#13984));
#13969 = ORIENTED_EDGE('',*,*,#13944,.F.);
#13970 = ORIENTED_EDGE('',*,*,#13011,.T.);
#13971 = ORIENTED_EDGE('',*,*,#13972,.T.);
#13972 = EDGE_CURVE('',#13003,#13378,#13973,.T.);
#13973 = LINE('',#13974,#13975);
#13974 = CARTESIAN_POINT('',(54.295840542121,53.,194.2));
#13975 = VECTOR('',#13976,1.);
#13976 = DIRECTION('',(0.,1.,0.));
#13977 = ORIENTED_EDGE('',*,*,#13456,.T.);
#13978 = ORIENTED_EDGE('',*,*,#13979,.F.);
#13979 = EDGE_CURVE('',#13088,#13448,#13980,.T.);
#13980 = LINE('',#13981,#13982);
#13981 = CARTESIAN_POINT('',(9.5,59.,194.2));
#13982 = VECTOR('',#13983,1.);
#13983 = DIRECTION('',(1.,0.,0.));
#13984 = ORIENTED_EDGE('',*,*,#13087,.F.);
#13985 = PLANE('',#13986);
#13986 = AXIS2_PLACEMENT_3D('',#13987,#13988,#13989);
#13987 = CARTESIAN_POINT('',(9.5,54.,194.2));
#13988 = DIRECTION('',(0.,0.,1.));
#13989 = DIRECTION('',(1.,0.,0.));
#13990 = ADVANCED_FACE('',(#13991),#14002,.F.);
#13991 = FACE_BOUND('',#13992,.F.);
#13992 = EDGE_LOOP('',(#13993,#13999,#14000,#14001));
#13993 = ORIENTED_EDGE('',*,*,#13994,.T.);
#13994 = EDGE_CURVE('',#12994,#13380,#13995,.T.);
#13995 = LINE('',#13996,#13997);
#13996 = CARTESIAN_POINT('',(55.5,53.,194.7));
#13997 = VECTOR('',#13998,1.);
#13998 = DIRECTION('',(0.,1.,0.));
#13999 = ORIENTED_EDGE('',*,*,#13377,.F.);
#14000 = ORIENTED_EDGE('',*,*,#13972,.F.);
#14001 = ORIENTED_EDGE('',*,*,#13002,.T.);
#14002 = CYLINDRICAL_SURFACE('',#14003,1.7);
#14003 = AXIS2_PLACEMENT_3D('',#14004,#14005,#14006);
#14004 = CARTESIAN_POINT('',(55.5,53.,193.));
#14005 = DIRECTION('',(0.,1.,0.));
#14006 = DIRECTION('',(0.,0.,1.));
#14007 = ADVANCED_FACE('',(#14008),#14014,.F.);
#14008 = FACE_BOUND('',#14009,.F.);
#14009 = EDGE_LOOP('',(#14010,#14011,#14012,#14013));
#14010 = ORIENTED_EDGE('',*,*,#13504,.F.);
#14011 = ORIENTED_EDGE('',*,*,#13661,.F.);
#14012 = ORIENTED_EDGE('',*,*,#12976,.T.);
#14013 = ORIENTED_EDGE('',*,*,#13614,.T.);
#14014 = CYLINDRICAL_SURFACE('',#14015,1.2);
#14015 = AXIS2_PLACEMENT_3D('',#14016,#14017,#14018);
#14016 = CARTESIAN_POINT('',(69.5,54.,193.));
#14017 = DIRECTION('',(0.,1.,0.));
#14018 = DIRECTION('',(0.,0.,1.));
#14019 = ADVANCED_FACE('',(#14020),#14026,.F.);
#14020 = FACE_BOUND('',#14021,.F.);
#14021 = EDGE_LOOP('',(#14022,#14023,#14024,#14025));
#14022 = ORIENTED_EDGE('',*,*,#13396,.F.);
#14023 = ORIENTED_EDGE('',*,*,#13994,.F.);
#14024 = ORIENTED_EDGE('',*,*,#12993,.T.);
#14025 = ORIENTED_EDGE('',*,*,#13654,.T.);
#14026 = CYLINDRICAL_SURFACE('',#14027,1.7);
#14027 = AXIS2_PLACEMENT_3D('',#14028,#14029,#14030);
#14028 = CARTESIAN_POINT('',(55.5,53.,193.));
#14029 = DIRECTION('',(0.,1.,0.));
#14030 = DIRECTION('',(0.,0.,1.));
#14031 = ADVANCED_FACE('',(#14032),#14038,.F.);
#14032 = FACE_BOUND('',#14033,.F.);
#14033 = EDGE_LOOP('',(#14034,#14035,#14036,#14037));
#14034 = ORIENTED_EDGE('',*,*,#13926,.F.);
#14035 = ORIENTED_EDGE('',*,*,#13095,.F.);
#14036 = ORIENTED_EDGE('',*,*,#13979,.T.);
#14037 = ORIENTED_EDGE('',*,*,#13447,.F.);
#14038 = PLANE('',#14039);
#14039 = AXIS2_PLACEMENT_3D('',#14040,#14041,#14042);
#14040 = CARTESIAN_POINT('',(39.5,59.,193.));
#14041 = DIRECTION('',(0.,1.,0.));
#14042 = DIRECTION('',(0.,0.,1.));
#14043 = ADVANCED_FACE('',(#14044,#14051),#14085,.F.);
#14044 = FACE_BOUND('',#14045,.F.);
#14045 = EDGE_LOOP('',(#14046,#14047,#14048,#14049,#14050));
#14046 = ORIENTED_EDGE('',*,*,#13220,.T.);
#14047 = ORIENTED_EDGE('',*,*,#13268,.T.);
#14048 = ORIENTED_EDGE('',*,*,#13251,.T.);
#14049 = ORIENTED_EDGE('',*,*,#13203,.T.);
#14050 = ORIENTED_EDGE('',*,*,#13172,.T.);
#14051 = FACE_BOUND('',#14052,.F.);
#14052 = EDGE_LOOP('',(#14053,#14063,#14071,#14079));
#14053 = ORIENTED_EDGE('',*,*,#14054,.T.);
#14054 = EDGE_CURVE('',#14055,#14057,#14059,.T.);
#14055 = VERTEX_POINT('',#14056);
#14056 = CARTESIAN_POINT('',(48.5,62.4,172.));
#14057 = VERTEX_POINT('',#14058);
#14058 = CARTESIAN_POINT('',(30.5,62.4,172.));
#14059 = LINE('',#14060,#14061);
#14060 = CARTESIAN_POINT('',(34.767630322761,62.4,172.));
#14061 = VECTOR('',#14062,1.);
#14062 = DIRECTION('',(-1.,0.,0.));
#14063 = ORIENTED_EDGE('',*,*,#14064,.T.);
#14064 = EDGE_CURVE('',#14057,#14065,#14067,.T.);
#14065 = VERTEX_POINT('',#14066);
#14066 = CARTESIAN_POINT('',(30.5,62.4,182.));
#14067 = LINE('',#14068,#14069);
#14068 = CARTESIAN_POINT('',(30.5,62.4,174.29910016894));
#14069 = VECTOR('',#14070,1.);
#14070 = DIRECTION('',(0.,0.,1.));
#14071 = ORIENTED_EDGE('',*,*,#14072,.F.);
#14072 = EDGE_CURVE('',#14073,#14065,#14075,.T.);
#14073 = VERTEX_POINT('',#14074);
#14074 = CARTESIAN_POINT('',(48.5,62.4,182.));
#14075 = LINE('',#14076,#14077);
#14076 = CARTESIAN_POINT('',(34.767630322761,62.4,182.));
#14077 = VECTOR('',#14078,1.);
#14078 = DIRECTION('',(-1.,0.,0.));
#14079 = ORIENTED_EDGE('',*,*,#14080,.F.);
#14080 = EDGE_CURVE('',#14055,#14073,#14081,.T.);
#14081 = LINE('',#14082,#14083);
#14082 = CARTESIAN_POINT('',(48.5,62.4,174.29910016894));
#14083 = VECTOR('',#14084,1.);
#14084 = DIRECTION('',(0.,0.,1.));
#14085 = PLANE('',#14086);
#14086 = AXIS2_PLACEMENT_3D('',#14087,#14088,#14089);
#14087 = CARTESIAN_POINT('',(39.035260645523,62.4,176.59820033788));
#14088 = DIRECTION('',(-0.,-1.,-0.));
#14089 = DIRECTION('',(0.,0.,-1.));
#14090 = ADVANCED_FACE('',(#14091),#14107,.F.);
#14091 = FACE_BOUND('',#14092,.F.);
#14092 = EDGE_LOOP('',(#14093,#14099,#14100,#14106));
#14093 = ORIENTED_EDGE('',*,*,#14094,.F.);
#14094 = EDGE_CURVE('',#13822,#14065,#14095,.T.);
#14095 = LINE('',#14096,#14097);
#14096 = CARTESIAN_POINT('',(30.5,57.,182.));
#14097 = VECTOR('',#14098,1.);
#14098 = DIRECTION('',(0.,1.,0.));
#14099 = ORIENTED_EDGE('',*,*,#13821,.T.);
#14100 = ORIENTED_EDGE('',*,*,#14101,.T.);
#14101 = EDGE_CURVE('',#13824,#14073,#14102,.T.);
#14102 = LINE('',#14103,#14104);
#14103 = CARTESIAN_POINT('',(48.5,57.,182.));
#14104 = VECTOR('',#14105,1.);
#14105 = DIRECTION('',(0.,1.,0.));
#14106 = ORIENTED_EDGE('',*,*,#14072,.T.);
#14107 = PLANE('',#14108);
#14108 = AXIS2_PLACEMENT_3D('',#14109,#14110,#14111);
#14109 = CARTESIAN_POINT('',(30.5,57.,182.));
#14110 = DIRECTION('',(0.,0.,1.));
#14111 = DIRECTION('',(1.,0.,0.));
#14112 = ADVANCED_FACE('',(#14113),#14124,.F.);
#14113 = FACE_BOUND('',#14114,.F.);
#14114 = EDGE_LOOP('',(#14115,#14116,#14117,#14123));
#14115 = ORIENTED_EDGE('',*,*,#14101,.F.);
#14116 = ORIENTED_EDGE('',*,*,#13862,.T.);
#14117 = ORIENTED_EDGE('',*,*,#14118,.T.);
#14118 = EDGE_CURVE('',#13855,#14055,#14119,.T.);
#14119 = LINE('',#14120,#14121);
#14120 = CARTESIAN_POINT('',(48.5,57.,172.));
#14121 = VECTOR('',#14122,1.);
#14122 = DIRECTION('',(0.,1.,0.));
#14123 = ORIENTED_EDGE('',*,*,#14080,.T.);
#14124 = PLANE('',#14125);
#14125 = AXIS2_PLACEMENT_3D('',#14126,#14127,#14128);
#14126 = CARTESIAN_POINT('',(48.5,57.,172.));
#14127 = DIRECTION('',(1.,0.,0.));
#14128 = DIRECTION('',(0.,0.,1.));
#14129 = ADVANCED_FACE('',(#14130),#14141,.T.);
#14130 = FACE_BOUND('',#14131,.T.);
#14131 = EDGE_LOOP('',(#14132,#14138,#14139,#14140));
#14132 = ORIENTED_EDGE('',*,*,#14133,.F.);
#14133 = EDGE_CURVE('',#13877,#14057,#14134,.T.);
#14134 = LINE('',#14135,#14136);
#14135 = CARTESIAN_POINT('',(30.5,57.,172.));
#14136 = VECTOR('',#14137,1.);
#14137 = DIRECTION('',(0.,1.,0.));
#14138 = ORIENTED_EDGE('',*,*,#13876,.T.);
#14139 = ORIENTED_EDGE('',*,*,#14118,.T.);
#14140 = ORIENTED_EDGE('',*,*,#14054,.T.);
#14141 = PLANE('',#14142);
#14142 = AXIS2_PLACEMENT_3D('',#14143,#14144,#14145);
#14143 = CARTESIAN_POINT('',(30.5,57.,172.));
#14144 = DIRECTION('',(0.,0.,1.));
#14145 = DIRECTION('',(1.,0.,0.));
#14146 = ADVANCED_FACE('',(#14147),#14153,.T.);
#14147 = FACE_BOUND('',#14148,.T.);
#14148 = EDGE_LOOP('',(#14149,#14150,#14151,#14152));
#14149 = ORIENTED_EDGE('',*,*,#14094,.F.);
#14150 = ORIENTED_EDGE('',*,*,#13903,.T.);
#14151 = ORIENTED_EDGE('',*,*,#14133,.T.);
#14152 = ORIENTED_EDGE('',*,*,#14064,.T.);
#14153 = PLANE('',#14154);
#14154 = AXIS2_PLACEMENT_3D('',#14155,#14156,#14157);
#14155 = CARTESIAN_POINT('',(30.5,57.,172.));
#14156 = DIRECTION('',(1.,0.,0.));
#14157 = DIRECTION('',(0.,0.,1.));
#14158 = MANIFOLD_SOLID_BREP('',#14159);
#14159 = CLOSED_SHELL('',(#14160,#14200,#14240,#14262,#14284,#14296));
#14160 = ADVANCED_FACE('',(#14161),#14195,.F.);
#14161 = FACE_BOUND('',#14162,.F.);
#14162 = EDGE_LOOP('',(#14163,#14173,#14181,#14189));
#14163 = ORIENTED_EDGE('',*,*,#14164,.F.);
#14164 = EDGE_CURVE('',#14165,#14167,#14169,.T.);
#14165 = VERTEX_POINT('',#14166);
#14166 = CARTESIAN_POINT('',(8.,42.,162.5));
#14167 = VERTEX_POINT('',#14168);
#14168 = CARTESIAN_POINT('',(8.,42.,191.5));
#14169 = LINE('',#14170,#14171);
#14170 = CARTESIAN_POINT('',(8.,42.,162.5));
#14171 = VECTOR('',#14172,1.);
#14172 = DIRECTION('',(0.,0.,1.));
#14173 = ORIENTED_EDGE('',*,*,#14174,.T.);
#14174 = EDGE_CURVE('',#14165,#14175,#14177,.T.);
#14175 = VERTEX_POINT('',#14176);
#14176 = CARTESIAN_POINT('',(8.,55.,162.5));
#14177 = LINE('',#14178,#14179);
#14178 = CARTESIAN_POINT('',(8.,42.,162.5));
#14179 = VECTOR('',#14180,1.);
#14180 = DIRECTION('',(0.,1.,0.));
#14181 = ORIENTED_EDGE('',*,*,#14182,.T.);
#14182 = EDGE_CURVE('',#14175,#14183,#14185,.T.);
#14183 = VERTEX_POINT('',#14184);
#14184 = CARTESIAN_POINT('',(8.,55.,191.5));
#14185 = LINE('',#14186,#14187);
#14186 = CARTESIAN_POINT('',(8.,55.,162.5));
#14187 = VECTOR('',#14188,1.);
#14188 = DIRECTION('',(0.,0.,1.));
#14189 = ORIENTED_EDGE('',*,*,#14190,.F.);
#14190 = EDGE_CURVE('',#14167,#14183,#14191,.T.);
#14191 = LINE('',#14192,#14193);
#14192 = CARTESIAN_POINT('',(8.,42.,191.5));
#14193 = VECTOR('',#14194,1.);
#14194 = DIRECTION('',(0.,1.,0.));
#14195 = PLANE('',#14196);
#14196 = AXIS2_PLACEMENT_3D('',#14197,#14198,#14199);
#14197 = CARTESIAN_POINT('',(8.,42.,162.5));
#14198 = DIRECTION('',(1.,0.,0.));
#14199 = DIRECTION('',(0.,0.,1.));
#14200 = ADVANCED_FACE('',(#14201),#14235,.T.);
#14201 = FACE_BOUND('',#14202,.T.);
#14202 = EDGE_LOOP('',(#14203,#14213,#14221,#14229));
#14203 = ORIENTED_EDGE('',*,*,#14204,.F.);
#14204 = EDGE_CURVE('',#14205,#14207,#14209,.T.);
#14205 = VERTEX_POINT('',#14206);
#14206 = CARTESIAN_POINT('',(37.,42.,162.5));
#14207 = VERTEX_POINT('',#14208);
#14208 = CARTESIAN_POINT('',(37.,42.,191.5));
#14209 = LINE('',#14210,#14211);
#14210 = CARTESIAN_POINT('',(37.,42.,162.5));
#14211 = VECTOR('',#14212,1.);
#14212 = DIRECTION('',(0.,0.,1.));
#14213 = ORIENTED_EDGE('',*,*,#14214,.T.);
#14214 = EDGE_CURVE('',#14205,#14215,#14217,.T.);
#14215 = VERTEX_POINT('',#14216);
#14216 = CARTESIAN_POINT('',(37.,55.,162.5));
#14217 = LINE('',#14218,#14219);
#14218 = CARTESIAN_POINT('',(37.,42.,162.5));
#14219 = VECTOR('',#14220,1.);
#14220 = DIRECTION('',(0.,1.,0.));
#14221 = ORIENTED_EDGE('',*,*,#14222,.T.);
#14222 = EDGE_CURVE('',#14215,#14223,#14225,.T.);
#14223 = VERTEX_POINT('',#14224);
#14224 = CARTESIAN_POINT('',(37.,55.,191.5));
#14225 = LINE('',#14226,#14227);
#14226 = CARTESIAN_POINT('',(37.,55.,162.5));
#14227 = VECTOR('',#14228,1.);
#14228 = DIRECTION('',(0.,0.,1.));
#14229 = ORIENTED_EDGE('',*,*,#14230,.F.);
#14230 = EDGE_CURVE('',#14207,#14223,#14231,.T.);
#14231 = LINE('',#14232,#14233);
#14232 = CARTESIAN_POINT('',(37.,42.,191.5));
#14233 = VECTOR('',#14234,1.);
#14234 = DIRECTION('',(0.,1.,0.));
#14235 = PLANE('',#14236);
#14236 = AXIS2_PLACEMENT_3D('',#14237,#14238,#14239);
#14237 = CARTESIAN_POINT('',(37.,42.,162.5));
#14238 = DIRECTION('',(1.,0.,0.));
#14239 = DIRECTION('',(0.,0.,1.));
#14240 = ADVANCED_FACE('',(#14241),#14257,.F.);
#14241 = FACE_BOUND('',#14242,.F.);
#14242 = EDGE_LOOP('',(#14243,#14249,#14250,#14256));
#14243 = ORIENTED_EDGE('',*,*,#14244,.F.);
#14244 = EDGE_CURVE('',#14165,#14205,#14245,.T.);
#14245 = LINE('',#14246,#14247);
#14246 = CARTESIAN_POINT('',(8.,42.,162.5));
#14247 = VECTOR('',#14248,1.);
#14248 = DIRECTION('',(1.,0.,0.));
#14249 = ORIENTED_EDGE('',*,*,#14164,.T.);
#14250 = ORIENTED_EDGE('',*,*,#14251,.T.);
#14251 = EDGE_CURVE('',#14167,#14207,#14252,.T.);
#14252 = LINE('',#14253,#14254);
#14253 = CARTESIAN_POINT('',(8.,42.,191.5));
#14254 = VECTOR('',#14255,1.);
#14255 = DIRECTION('',(1.,0.,0.));
#14256 = ORIENTED_EDGE('',*,*,#14204,.F.);
#14257 = PLANE('',#14258);
#14258 = AXIS2_PLACEMENT_3D('',#14259,#14260,#14261);
#14259 = CARTESIAN_POINT('',(8.,42.,162.5));
#14260 = DIRECTION('',(0.,1.,0.));
#14261 = DIRECTION('',(0.,0.,1.));
#14262 = ADVANCED_FACE('',(#14263),#14279,.T.);
#14263 = FACE_BOUND('',#14264,.T.);
#14264 = EDGE_LOOP('',(#14265,#14271,#14272,#14278));
#14265 = ORIENTED_EDGE('',*,*,#14266,.F.);
#14266 = EDGE_CURVE('',#14175,#14215,#14267,.T.);
#14267 = LINE('',#14268,#14269);
#14268 = CARTESIAN_POINT('',(8.,55.,162.5));
#14269 = VECTOR('',#14270,1.);
#14270 = DIRECTION('',(1.,0.,0.));
#14271 = ORIENTED_EDGE('',*,*,#14182,.T.);
#14272 = ORIENTED_EDGE('',*,*,#14273,.T.);
#14273 = EDGE_CURVE('',#14183,#14223,#14274,.T.);
#14274 = LINE('',#14275,#14276);
#14275 = CARTESIAN_POINT('',(8.,55.,191.5));
#14276 = VECTOR('',#14277,1.);
#14277 = DIRECTION('',(1.,0.,0.));
#14278 = ORIENTED_EDGE('',*,*,#14222,.F.);
#14279 = PLANE('',#14280);
#14280 = AXIS2_PLACEMENT_3D('',#14281,#14282,#14283);
#14281 = CARTESIAN_POINT('',(8.,55.,162.5));
#14282 = DIRECTION('',(0.,1.,0.));
#14283 = DIRECTION('',(0.,0.,1.));
#14284 = ADVANCED_FACE('',(#14285),#14291,.F.);
#14285 = FACE_BOUND('',#14286,.F.);
#14286 = EDGE_LOOP('',(#14287,#14288,#14289,#14290));
#14287 = ORIENTED_EDGE('',*,*,#14174,.F.);
#14288 = ORIENTED_EDGE('',*,*,#14244,.T.);
#14289 = ORIENTED_EDGE('',*,*,#14214,.T.);
#14290 = ORIENTED_EDGE('',*,*,#14266,.F.);
#14291 = PLANE('',#14292);
#14292 = AXIS2_PLACEMENT_3D('',#14293,#14294,#14295);
#14293 = CARTESIAN_POINT('',(8.,42.,162.5));
#14294 = DIRECTION('',(0.,0.,1.));
#14295 = DIRECTION('',(1.,0.,0.));
#14296 = ADVANCED_FACE('',(#14297),#14303,.T.);
#14297 = FACE_BOUND('',#14298,.T.);
#14298 = EDGE_LOOP('',(#14299,#14300,#14301,#14302));
#14299 = ORIENTED_EDGE('',*,*,#14190,.F.);
#14300 = ORIENTED_EDGE('',*,*,#14251,.T.);
#14301 = ORIENTED_EDGE('',*,*,#14230,.T.);
#14302 = ORIENTED_EDGE('',*,*,#14273,.F.);
#14303 = PLANE('',#14304);
#14304 = AXIS2_PLACEMENT_3D('',#14305,#14306,#14307);
#14305 = CARTESIAN_POINT('',(8.,42.,191.5));
#14306 = DIRECTION('',(0.,0.,1.));
#14307 = DIRECTION('',(1.,0.,0.));
#14308 = MANIFOLD_SOLID_BREP('',#14309);
#14309 = CLOSED_SHELL('',(#14310,#14350,#14390,#14412,#14434,#14446));
#14310 = ADVANCED_FACE('',(#14311),#14345,.F.);
#14311 = FACE_BOUND('',#14312,.F.);
#14312 = EDGE_LOOP('',(#14313,#14323,#14331,#14339));
#14313 = ORIENTED_EDGE('',*,*,#14314,.F.);
#14314 = EDGE_CURVE('',#14315,#14317,#14319,.T.);
#14315 = VERTEX_POINT('',#14316);
#14316 = CARTESIAN_POINT('',(44.5,42.,161.));
#14317 = VERTEX_POINT('',#14318);
#14318 = CARTESIAN_POINT('',(44.5,42.,193.));
#14319 = LINE('',#14320,#14321);
#14320 = CARTESIAN_POINT('',(44.5,42.,161.));
#14321 = VECTOR('',#14322,1.);
#14322 = DIRECTION('',(0.,0.,1.));
#14323 = ORIENTED_EDGE('',*,*,#14324,.T.);
#14324 = EDGE_CURVE('',#14315,#14325,#14327,.T.);
#14325 = VERTEX_POINT('',#14326);
#14326 = CARTESIAN_POINT('',(44.5,55.,161.));
#14327 = LINE('',#14328,#14329);
#14328 = CARTESIAN_POINT('',(44.5,42.,161.));
#14329 = VECTOR('',#14330,1.);
#14330 = DIRECTION('',(0.,1.,0.));
#14331 = ORIENTED_EDGE('',*,*,#14332,.T.);
#14332 = EDGE_CURVE('',#14325,#14333,#14335,.T.);
#14333 = VERTEX_POINT('',#14334);
#14334 = CARTESIAN_POINT('',(44.5,55.,193.));
#14335 = LINE('',#14336,#14337);
#14336 = CARTESIAN_POINT('',(44.5,55.,161.));
#14337 = VECTOR('',#14338,1.);
#14338 = DIRECTION('',(0.,0.,1.));
#14339 = ORIENTED_EDGE('',*,*,#14340,.F.);
#14340 = EDGE_CURVE('',#14317,#14333,#14341,.T.);
#14341 = LINE('',#14342,#14343);
#14342 = CARTESIAN_POINT('',(44.5,42.,193.));
#14343 = VECTOR('',#14344,1.);
#14344 = DIRECTION('',(0.,1.,0.));
#14345 = PLANE('',#14346);
#14346 = AXIS2_PLACEMENT_3D('',#14347,#14348,#14349);
#14347 = CARTESIAN_POINT('',(44.5,42.,161.));
#14348 = DIRECTION('',(1.,0.,0.));
#14349 = DIRECTION('',(0.,0.,1.));
#14350 = ADVANCED_FACE('',(#14351),#14385,.T.);
#14351 = FACE_BOUND('',#14352,.T.);
#14352 = EDGE_LOOP('',(#14353,#14363,#14371,#14379));
#14353 = ORIENTED_EDGE('',*,*,#14354,.F.);
#14354 = EDGE_CURVE('',#14355,#14357,#14359,.T.);
#14355 = VERTEX_POINT('',#14356);
#14356 = CARTESIAN_POINT('',(68.5,42.,161.));
#14357 = VERTEX_POINT('',#14358);
#14358 = CARTESIAN_POINT('',(68.5,42.,193.));
#14359 = LINE('',#14360,#14361);
#14360 = CARTESIAN_POINT('',(68.5,42.,161.));
#14361 = VECTOR('',#14362,1.);
#14362 = DIRECTION('',(0.,0.,1.));
#14363 = ORIENTED_EDGE('',*,*,#14364,.T.);
#14364 = EDGE_CURVE('',#14355,#14365,#14367,.T.);
#14365 = VERTEX_POINT('',#14366);
#14366 = CARTESIAN_POINT('',(68.5,55.,161.));
#14367 = LINE('',#14368,#14369);
#14368 = CARTESIAN_POINT('',(68.5,42.,161.));
#14369 = VECTOR('',#14370,1.);
#14370 = DIRECTION('',(0.,1.,0.));
#14371 = ORIENTED_EDGE('',*,*,#14372,.T.);
#14372 = EDGE_CURVE('',#14365,#14373,#14375,.T.);
#14373 = VERTEX_POINT('',#14374);
#14374 = CARTESIAN_POINT('',(68.5,55.,193.));
#14375 = LINE('',#14376,#14377);
#14376 = CARTESIAN_POINT('',(68.5,55.,161.));
#14377 = VECTOR('',#14378,1.);
#14378 = DIRECTION('',(0.,0.,1.));
#14379 = ORIENTED_EDGE('',*,*,#14380,.F.);
#14380 = EDGE_CURVE('',#14357,#14373,#14381,.T.);
#14381 = LINE('',#14382,#14383);
#14382 = CARTESIAN_POINT('',(68.5,42.,193.));
#14383 = VECTOR('',#14384,1.);
#14384 = DIRECTION('',(0.,1.,0.));
#14385 = PLANE('',#14386);
#14386 = AXIS2_PLACEMENT_3D('',#14387,#14388,#14389);
#14387 = CARTESIAN_POINT('',(68.5,42.,161.));
#14388 = DIRECTION('',(1.,0.,0.));
#14389 = DIRECTION('',(0.,0.,1.));
#14390 = ADVANCED_FACE('',(#14391),#14407,.F.);
#14391 = FACE_BOUND('',#14392,.F.);
#14392 = EDGE_LOOP('',(#14393,#14399,#14400,#14406));
#14393 = ORIENTED_EDGE('',*,*,#14394,.F.);
#14394 = EDGE_CURVE('',#14315,#14355,#14395,.T.);
#14395 = LINE('',#14396,#14397);
#14396 = CARTESIAN_POINT('',(44.5,42.,161.));
#14397 = VECTOR('',#14398,1.);
#14398 = DIRECTION('',(1.,0.,0.));
#14399 = ORIENTED_EDGE('',*,*,#14314,.T.);
#14400 = ORIENTED_EDGE('',*,*,#14401,.T.);
#14401 = EDGE_CURVE('',#14317,#14357,#14402,.T.);
#14402 = LINE('',#14403,#14404);
#14403 = CARTESIAN_POINT('',(44.5,42.,193.));
#14404 = VECTOR('',#14405,1.);
#14405 = DIRECTION('',(1.,0.,0.));
#14406 = ORIENTED_EDGE('',*,*,#14354,.F.);
#14407 = PLANE('',#14408);
#14408 = AXIS2_PLACEMENT_3D('',#14409,#14410,#14411);
#14409 = CARTESIAN_POINT('',(44.5,42.,161.));
#14410 = DIRECTION('',(0.,1.,0.));
#14411 = DIRECTION('',(0.,0.,1.));
#14412 = ADVANCED_FACE('',(#14413),#14429,.T.);
#14413 = FACE_BOUND('',#14414,.T.);
#14414 = EDGE_LOOP('',(#14415,#14421,#14422,#14428));
#14415 = ORIENTED_EDGE('',*,*,#14416,.F.);
#14416 = EDGE_CURVE('',#14325,#14365,#14417,.T.);
#14417 = LINE('',#14418,#14419);
#14418 = CARTESIAN_POINT('',(44.5,55.,161.));
#14419 = VECTOR('',#14420,1.);
#14420 = DIRECTION('',(1.,0.,0.));
#14421 = ORIENTED_EDGE('',*,*,#14332,.T.);
#14422 = ORIENTED_EDGE('',*,*,#14423,.T.);
#14423 = EDGE_CURVE('',#14333,#14373,#14424,.T.);
#14424 = LINE('',#14425,#14426);
#14425 = CARTESIAN_POINT('',(44.5,55.,193.));
#14426 = VECTOR('',#14427,1.);
#14427 = DIRECTION('',(1.,0.,0.));
#14428 = ORIENTED_EDGE('',*,*,#14372,.F.);
#14429 = PLANE('',#14430);
#14430 = AXIS2_PLACEMENT_3D('',#14431,#14432,#14433);
#14431 = CARTESIAN_POINT('',(44.5,55.,161.));
#14432 = DIRECTION('',(0.,1.,0.));
#14433 = DIRECTION('',(0.,0.,1.));
#14434 = ADVANCED_FACE('',(#14435),#14441,.F.);
#14435 = FACE_BOUND('',#14436,.F.);
#14436 = EDGE_LOOP('',(#14437,#14438,#14439,#14440));
#14437 = ORIENTED_EDGE('',*,*,#14324,.F.);
#14438 = ORIENTED_EDGE('',*,*,#14394,.T.);
#14439 = ORIENTED_EDGE('',*,*,#14364,.T.);
#14440 = ORIENTED_EDGE('',*,*,#14416,.F.);
#14441 = PLANE('',#14442);
#14442 = AXIS2_PLACEMENT_3D('',#14443,#14444,#14445);
#14443 = CARTESIAN_POINT('',(44.5,42.,161.));
#14444 = DIRECTION('',(0.,0.,1.));
#14445 = DIRECTION('',(1.,0.,0.));
#14446 = ADVANCED_FACE('',(#14447),#14453,.T.);
#14447 = FACE_BOUND('',#14448,.T.);
#14448 = EDGE_LOOP('',(#14449,#14450,#14451,#14452));
#14449 = ORIENTED_EDGE('',*,*,#14340,.F.);
#14450 = ORIENTED_EDGE('',*,*,#14401,.T.);
#14451 = ORIENTED_EDGE('',*,*,#14380,.T.);
#14452 = ORIENTED_EDGE('',*,*,#14423,.F.);
#14453 = PLANE('',#14454);
#14454 = AXIS2_PLACEMENT_3D('',#14455,#14456,#14457);
#14455 = CARTESIAN_POINT('',(44.5,42.,193.));
#14456 = DIRECTION('',(0.,0.,1.));
#14457 = DIRECTION('',(1.,0.,0.));
#14458 = ( GEOMETRIC_REPRESENTATION_CONTEXT(3) 
GLOBAL_UNCERTAINTY_ASSIGNED_CONTEXT((#14462)) 
GLOBAL_UNIT_ASSIGNED_CONTEXT((#14459,#14460,#14461)) 
REPRESENTATION_CONTEXT('Context #1',
  '3D Context with UNIT and UNCERTAINTY') );
#14459 = ( LENGTH_UNIT() NAMED_UNIT(*) SI_UNIT(.MILLI.,.METRE.) );
#14460 = ( NAMED_UNIT(*) PLANE_ANGLE_UNIT() SI_UNIT($,.RADIAN.) );
#14461 = ( NAMED_UNIT(*) SI_UNIT($,.STERADIAN.) SOLID_ANGLE_UNIT() );
#14462 = UNCERTAINTY_MEASURE_WITH_UNIT(LENGTH_MEASURE(2.E-07),#14459,
  'distance_accuracy_value','confusion accuracy');
#14463 = PRODUCT_RELATED_PRODUCT_CATEGORY('part',$,(#7));
ENDSEC;
END-ISO-10303-21;
