ISO-10303-21;
HEADER;
FILE_DESCRIPTION(('FreeCAD Model'),'2;1');
FILE_NAME('Open CASCADE Shape Model','2026-09-20T21:12:44',('FreeCAD'),(
    'FreeCAD'),'Open CASCADE STEP processor 7.8','FreeCAD','Unknown');
FILE_SCHEMA(('AUTOMOTIVE_DESIGN { 1 0 10303 214 1 1 1 1 }'));
ENDSEC;
DATA;
#1 = APPLICATION_PROTOCOL_DEFINITION('international standard',
  'automotive_design',2000,#2);
#2 = APPLICATION_CONTEXT(
  'core data for automotive mechanical design processes');
#3 = SHAPE_DEFINITION_REPRESENTATION(#4,#10);
#4 = PRODUCT_DEFINITION_SHAPE('','',#5);
#5 = PRODUCT_DEFINITION('design','',#6,#9);
#6 = PRODUCT_DEFINITION_FORMATION('','',#7);
#7 = PRODUCT('Open CASCADE STEP translator 7.8 1',
  'Open CASCADE STEP translator 7.8 1','',(#8));
#8 = PRODUCT_CONTEXT('',#2,'mechanical');
#9 = PRODUCT_DEFINITION_CONTEXT('part definition',#2,'design');
#10 = SHAPE_REPRESENTATION('',(#11,#15,#600,#1185,#2941),#4697);
#11 = AXIS2_PLACEMENT_3D('',#12,#13,#14);
#12 = CARTESIAN_POINT('',(0.,0.,0.));
#13 = DIRECTION('',(0.,0.,1.));
#14 = DIRECTION('',(1.,0.,-0.));
#15 = MANIFOLD_SOLID_BREP('',#16);
#16 = CLOSED_SHELL('',(#17,#57,#104,#150,#190,#240,#301,#318,#374,#399,
    #424,#449,#474,#499,#516,#533,#550,#567,#579,#591));
#17 = ADVANCED_FACE('',(#18),#52,.F.);
#18 = FACE_BOUND('',#19,.F.);
#19 = EDGE_LOOP('',(#20,#30,#38,#46));
#20 = ORIENTED_EDGE('',*,*,#21,.F.);
#21 = EDGE_CURVE('',#22,#24,#26,.T.);
#22 = VERTEX_POINT('',#23);
#23 = CARTESIAN_POINT('',(0.,89.,52.));
#24 = VERTEX_POINT('',#25);
#25 = CARTESIAN_POINT('',(0.,89.,62.));
#26 = LINE('',#27,#28);
#27 = CARTESIAN_POINT('',(0.,89.,52.));
#28 = VECTOR('',#29,1.);
#29 = DIRECTION('',(0.,0.,1.));
#30 = ORIENTED_EDGE('',*,*,#31,.T.);
#31 = EDGE_CURVE('',#22,#32,#34,.T.);
#32 = VERTEX_POINT('',#33);
#33 = CARTESIAN_POINT('',(0.,140.5,52.));
#34 = LINE('',#35,#36);
#35 = CARTESIAN_POINT('',(0.,89.,52.));
#36 = VECTOR('',#37,1.);
#37 = DIRECTION('',(0.,1.,0.));
#38 = ORIENTED_EDGE('',*,*,#39,.T.);
#39 = EDGE_CURVE('',#32,#40,#42,.T.);
#40 = VERTEX_POINT('',#41);
#41 = CARTESIAN_POINT('',(0.,140.5,62.));
#42 = LINE('',#43,#44);
#43 = CARTESIAN_POINT('',(0.,140.5,52.));
#44 = VECTOR('',#45,1.);
#45 = DIRECTION('',(0.,0.,1.));
#46 = ORIENTED_EDGE('',*,*,#47,.F.);
#47 = EDGE_CURVE('',#24,#40,#48,.T.);
#48 = LINE('',#49,#50);
#49 = CARTESIAN_POINT('',(0.,89.,62.));
#50 = VECTOR('',#51,1.);
#51 = DIRECTION('',(0.,1.,0.));
#52 = PLANE('',#53);
#53 = AXIS2_PLACEMENT_3D('',#54,#55,#56);
#54 = CARTESIAN_POINT('',(0.,89.,52.));
#55 = DIRECTION('',(1.,0.,0.));
#56 = DIRECTION('',(0.,0.,1.));
#57 = ADVANCED_FACE('',(#58),#99,.T.);
#58 = FACE_BOUND('',#59,.T.);
#59 = EDGE_LOOP('',(#60,#68,#76,#84,#92,#98));
#60 = ORIENTED_EDGE('',*,*,#61,.T.);
#61 = EDGE_CURVE('',#22,#62,#64,.T.);
#62 = VERTEX_POINT('',#63);
#63 = CARTESIAN_POINT('',(20.,89.,52.));
#64 = LINE('',#65,#66);
#65 = CARTESIAN_POINT('',(0.,89.,52.));
#66 = VECTOR('',#67,1.);
#67 = DIRECTION('',(1.,0.,0.));
#68 = ORIENTED_EDGE('',*,*,#69,.T.);
#69 = EDGE_CURVE('',#62,#70,#72,.T.);
#70 = VERTEX_POINT('',#71);
#71 = CARTESIAN_POINT('',(20.,89.,80.));
#72 = LINE('',#73,#74);
#73 = CARTESIAN_POINT('',(20.,89.,52.));
#74 = VECTOR('',#75,1.);
#75 = DIRECTION('',(0.,0.,1.));
#76 = ORIENTED_EDGE('',*,*,#77,.F.);
#77 = EDGE_CURVE('',#78,#70,#80,.T.);
#78 = VERTEX_POINT('',#79);
#79 = CARTESIAN_POINT('',(17.,89.,80.));
#80 = LINE('',#81,#82);
#81 = CARTESIAN_POINT('',(17.,89.,80.));
#82 = VECTOR('',#83,1.);
#83 = DIRECTION('',(1.,0.,0.));
#84 = ORIENTED_EDGE('',*,*,#85,.F.);
#85 = EDGE_CURVE('',#86,#78,#88,.T.);
#86 = VERTEX_POINT('',#87);
#87 = CARTESIAN_POINT('',(17.,89.,62.));
#88 = LINE('',#89,#90);
#89 = CARTESIAN_POINT('',(17.,89.,62.));
#90 = VECTOR('',#91,1.);
#91 = DIRECTION('',(0.,0.,1.));
#92 = ORIENTED_EDGE('',*,*,#93,.F.);
#93 = EDGE_CURVE('',#24,#86,#94,.T.);
#94 = LINE('',#95,#96);
#95 = CARTESIAN_POINT('',(0.,89.,62.));
#96 = VECTOR('',#97,1.);
#97 = DIRECTION('',(1.,0.,0.));
#98 = ORIENTED_EDGE('',*,*,#21,.F.);
#99 = PLANE('',#100);
#100 = AXIS2_PLACEMENT_3D('',#101,#102,#103);
#101 = CARTESIAN_POINT('',(13.1875,89.,62.8125));
#102 = DIRECTION('',(-0.,-1.,-0.));
#103 = DIRECTION('',(0.,0.,-1.));
#104 = ADVANCED_FACE('',(#105,#123,#134),#145,.T.);
#105 = FACE_BOUND('',#106,.T.);
#106 = EDGE_LOOP('',(#107,#115,#116,#117));
#107 = ORIENTED_EDGE('',*,*,#108,.F.);
#108 = EDGE_CURVE('',#40,#109,#111,.T.);
#109 = VERTEX_POINT('',#110);
#110 = CARTESIAN_POINT('',(17.,140.5,62.));
#111 = LINE('',#112,#113);
#112 = CARTESIAN_POINT('',(0.,140.5,62.));
#113 = VECTOR('',#114,1.);
#114 = DIRECTION('',(1.,0.,0.));
#115 = ORIENTED_EDGE('',*,*,#47,.F.);
#116 = ORIENTED_EDGE('',*,*,#93,.T.);
#117 = ORIENTED_EDGE('',*,*,#118,.T.);
#118 = EDGE_CURVE('',#86,#109,#119,.T.);
#119 = LINE('',#120,#121);
#120 = CARTESIAN_POINT('',(17.,89.,62.));
#121 = VECTOR('',#122,1.);
#122 = DIRECTION('',(0.,1.,0.));
#123 = FACE_BOUND('',#124,.T.);
#124 = EDGE_LOOP('',(#125));
#125 = ORIENTED_EDGE('',*,*,#126,.F.);
#126 = EDGE_CURVE('',#127,#127,#129,.T.);
#127 = VERTEX_POINT('',#128);
#128 = CARTESIAN_POINT('',(16.3,95.,62.));
#129 = CIRCLE('',#130,1.8);
#130 = AXIS2_PLACEMENT_3D('',#131,#132,#133);
#131 = CARTESIAN_POINT('',(14.5,95.,62.));
#132 = DIRECTION('',(0.,0.,1.));
#133 = DIRECTION('',(1.,0.,0.));
#134 = FACE_BOUND('',#135,.T.);
#135 = EDGE_LOOP('',(#136));
#136 = ORIENTED_EDGE('',*,*,#137,.F.);
#137 = EDGE_CURVE('',#138,#138,#140,.T.);
#138 = VERTEX_POINT('',#139);
#139 = CARTESIAN_POINT('',(16.3,135.,62.));
#140 = CIRCLE('',#141,1.8);
#141 = AXIS2_PLACEMENT_3D('',#142,#143,#144);
#142 = CARTESIAN_POINT('',(14.5,135.,62.));
#143 = DIRECTION('',(0.,0.,1.));
#144 = DIRECTION('',(1.,0.,0.));
#145 = PLANE('',#146);
#146 = AXIS2_PLACEMENT_3D('',#147,#148,#149);
#147 = CARTESIAN_POINT('',(0.,89.,62.));
#148 = DIRECTION('',(0.,0.,1.));
#149 = DIRECTION('',(1.,0.,0.));
#150 = ADVANCED_FACE('',(#151),#185,.T.);
#151 = FACE_BOUND('',#152,.T.);
#152 = EDGE_LOOP('',(#153,#161,#162,#163,#171,#179));
#153 = ORIENTED_EDGE('',*,*,#154,.F.);
#154 = EDGE_CURVE('',#32,#155,#157,.T.);
#155 = VERTEX_POINT('',#156);
#156 = CARTESIAN_POINT('',(20.,140.5,52.));
#157 = LINE('',#158,#159);
#158 = CARTESIAN_POINT('',(0.,140.5,52.));
#159 = VECTOR('',#160,1.);
#160 = DIRECTION('',(1.,0.,0.));
#161 = ORIENTED_EDGE('',*,*,#39,.T.);
#162 = ORIENTED_EDGE('',*,*,#108,.T.);
#163 = ORIENTED_EDGE('',*,*,#164,.T.);
#164 = EDGE_CURVE('',#109,#165,#167,.T.);
#165 = VERTEX_POINT('',#166);
#166 = CARTESIAN_POINT('',(17.,140.5,80.));
#167 = LINE('',#168,#169);
#168 = CARTESIAN_POINT('',(17.,140.5,62.));
#169 = VECTOR('',#170,1.);
#170 = DIRECTION('',(0.,0.,1.));
#171 = ORIENTED_EDGE('',*,*,#172,.T.);
#172 = EDGE_CURVE('',#165,#173,#175,.T.);
#173 = VERTEX_POINT('',#174);
#174 = CARTESIAN_POINT('',(20.,140.5,80.));
#175 = LINE('',#176,#177);
#176 = CARTESIAN_POINT('',(17.,140.5,80.));
#177 = VECTOR('',#178,1.);
#178 = DIRECTION('',(1.,0.,0.));
#179 = ORIENTED_EDGE('',*,*,#180,.F.);
#180 = EDGE_CURVE('',#155,#173,#181,.T.);
#181 = LINE('',#182,#183);
#182 = CARTESIAN_POINT('',(20.,140.5,62.));
#183 = VECTOR('',#184,1.);
#184 = DIRECTION('',(0.,0.,1.));
#185 = PLANE('',#186);
#186 = AXIS2_PLACEMENT_3D('',#187,#188,#189);
#187 = CARTESIAN_POINT('',(13.1875,140.5,62.8125));
#188 = DIRECTION('',(0.,1.,0.));
#189 = DIRECTION('',(0.,0.,1.));
#190 = ADVANCED_FACE('',(#191,#202,#213,#224),#235,.F.);
#191 = FACE_BOUND('',#192,.F.);
#192 = EDGE_LOOP('',(#193,#194,#195,#201));
#193 = ORIENTED_EDGE('',*,*,#31,.F.);
#194 = ORIENTED_EDGE('',*,*,#61,.T.);
#195 = ORIENTED_EDGE('',*,*,#196,.T.);
#196 = EDGE_CURVE('',#62,#155,#197,.T.);
#197 = LINE('',#198,#199);
#198 = CARTESIAN_POINT('',(20.,89.,52.));
#199 = VECTOR('',#200,1.);
#200 = DIRECTION('',(0.,1.,0.));
#201 = ORIENTED_EDGE('',*,*,#154,.F.);
#202 = FACE_BOUND('',#203,.F.);
#203 = EDGE_LOOP('',(#204));
#204 = ORIENTED_EDGE('',*,*,#205,.F.);
#205 = EDGE_CURVE('',#206,#206,#208,.T.);
#206 = VERTEX_POINT('',#207);
#207 = CARTESIAN_POINT('',(19.4,95.,52.));
#208 = CIRCLE('',#209,4.9);
#209 = AXIS2_PLACEMENT_3D('',#210,#211,#212);
#210 = CARTESIAN_POINT('',(14.5,95.,52.));
#211 = DIRECTION('',(0.,0.,1.));
#212 = DIRECTION('',(1.,0.,0.));
#213 = FACE_BOUND('',#214,.F.);
#214 = EDGE_LOOP('',(#215));
#215 = ORIENTED_EDGE('',*,*,#216,.F.);
#216 = EDGE_CURVE('',#217,#217,#219,.T.);
#217 = VERTEX_POINT('',#218);
#218 = CARTESIAN_POINT('',(16.2,120.,52.));
#219 = CIRCLE('',#220,4.2);
#220 = AXIS2_PLACEMENT_3D('',#221,#222,#223);
#221 = CARTESIAN_POINT('',(12.,120.,52.));
#222 = DIRECTION('',(0.,0.,1.));
#223 = DIRECTION('',(1.,0.,0.));
#224 = FACE_BOUND('',#225,.F.);
#225 = EDGE_LOOP('',(#226));
#226 = ORIENTED_EDGE('',*,*,#227,.F.);
#227 = EDGE_CURVE('',#228,#228,#230,.T.);
#228 = VERTEX_POINT('',#229);
#229 = CARTESIAN_POINT('',(19.4,135.,52.));
#230 = CIRCLE('',#231,4.9);
#231 = AXIS2_PLACEMENT_3D('',#232,#233,#234);
#232 = CARTESIAN_POINT('',(14.5,135.,52.));
#233 = DIRECTION('',(0.,0.,1.));
#234 = DIRECTION('',(1.,0.,0.));
#235 = PLANE('',#236);
#236 = AXIS2_PLACEMENT_3D('',#237,#238,#239);
#237 = CARTESIAN_POINT('',(0.,89.,52.));
#238 = DIRECTION('',(0.,0.,1.));
#239 = DIRECTION('',(1.,0.,0.));
#240 = ADVANCED_FACE('',(#241,#252,#263,#274,#285),#296,.T.);
#241 = FACE_BOUND('',#242,.T.);
#242 = EDGE_LOOP('',(#243,#244,#245,#246));
#243 = ORIENTED_EDGE('',*,*,#69,.F.);
#244 = ORIENTED_EDGE('',*,*,#196,.T.);
#245 = ORIENTED_EDGE('',*,*,#180,.T.);
#246 = ORIENTED_EDGE('',*,*,#247,.F.);
#247 = EDGE_CURVE('',#70,#173,#248,.T.);
#248 = LINE('',#249,#250);
#249 = CARTESIAN_POINT('',(20.,89.,80.));
#250 = VECTOR('',#251,1.);
#251 = DIRECTION('',(0.,1.,0.));
#252 = FACE_BOUND('',#253,.T.);
#253 = EDGE_LOOP('',(#254));
#254 = ORIENTED_EDGE('',*,*,#255,.T.);
#255 = EDGE_CURVE('',#256,#256,#258,.T.);
#256 = VERTEX_POINT('',#257);
#257 = CARTESIAN_POINT('',(20.,134.5,66.2));
#258 = CIRCLE('',#259,1.8);
#259 = AXIS2_PLACEMENT_3D('',#260,#261,#262);
#260 = CARTESIAN_POINT('',(20.,134.5,68.));
#261 = DIRECTION('',(-1.,0.,0.));
#262 = DIRECTION('',(0.,0.,-1.));
#263 = FACE_BOUND('',#264,.T.);
#264 = EDGE_LOOP('',(#265));
#265 = ORIENTED_EDGE('',*,*,#266,.T.);
#266 = EDGE_CURVE('',#267,#267,#269,.T.);
#267 = VERTEX_POINT('',#268);
#268 = CARTESIAN_POINT('',(20.,134.5,74.2));
#269 = CIRCLE('',#270,1.8);
#270 = AXIS2_PLACEMENT_3D('',#271,#272,#273);
#271 = CARTESIAN_POINT('',(20.,134.5,76.));
#272 = DIRECTION('',(-1.,0.,0.));
#273 = DIRECTION('',(0.,0.,-1.));
#274 = FACE_BOUND('',#275,.T.);
#275 = EDGE_LOOP('',(#276));
#276 = ORIENTED_EDGE('',*,*,#277,.T.);
#277 = EDGE_CURVE('',#278,#278,#280,.T.);
#278 = VERTEX_POINT('',#279);
#279 = CARTESIAN_POINT('',(20.,95.,66.2));
#280 = CIRCLE('',#281,1.8);
#281 = AXIS2_PLACEMENT_3D('',#282,#283,#284);
#282 = CARTESIAN_POINT('',(20.,95.,68.));
#283 = DIRECTION('',(-1.,0.,0.));
#284 = DIRECTION('',(0.,0.,-1.));
#285 = FACE_BOUND('',#286,.T.);
#286 = EDGE_LOOP('',(#287));
#287 = ORIENTED_EDGE('',*,*,#288,.T.);
#288 = EDGE_CURVE('',#289,#289,#291,.T.);
#289 = VERTEX_POINT('',#290);
#290 = CARTESIAN_POINT('',(20.,95.,74.2));
#291 = CIRCLE('',#292,1.8);
#292 = AXIS2_PLACEMENT_3D('',#293,#294,#295);
#293 = CARTESIAN_POINT('',(20.,95.,76.));
#294 = DIRECTION('',(-1.,0.,0.));
#295 = DIRECTION('',(0.,0.,-1.));
#296 = PLANE('',#297);
#297 = AXIS2_PLACEMENT_3D('',#298,#299,#300);
#298 = CARTESIAN_POINT('',(20.,114.75,66.));
#299 = DIRECTION('',(1.,0.,0.));
#300 = DIRECTION('',(0.,0.,1.));
#301 = ADVANCED_FACE('',(#302),#313,.T.);
#302 = FACE_BOUND('',#303,.T.);
#303 = EDGE_LOOP('',(#304,#310,#311,#312));
#304 = ORIENTED_EDGE('',*,*,#305,.F.);
#305 = EDGE_CURVE('',#78,#165,#306,.T.);
#306 = LINE('',#307,#308);
#307 = CARTESIAN_POINT('',(17.,89.,80.));
#308 = VECTOR('',#309,1.);
#309 = DIRECTION('',(0.,1.,0.));
#310 = ORIENTED_EDGE('',*,*,#77,.T.);
#311 = ORIENTED_EDGE('',*,*,#247,.T.);
#312 = ORIENTED_EDGE('',*,*,#172,.F.);
#313 = PLANE('',#314);
#314 = AXIS2_PLACEMENT_3D('',#315,#316,#317);
#315 = CARTESIAN_POINT('',(17.,89.,80.));
#316 = DIRECTION('',(0.,0.,1.));
#317 = DIRECTION('',(1.,0.,0.));
#318 = ADVANCED_FACE('',(#319,#325,#336,#347,#358),#369,.F.);
#319 = FACE_BOUND('',#320,.F.);
#320 = EDGE_LOOP('',(#321,#322,#323,#324));
#321 = ORIENTED_EDGE('',*,*,#85,.F.);
#322 = ORIENTED_EDGE('',*,*,#118,.T.);
#323 = ORIENTED_EDGE('',*,*,#164,.T.);
#324 = ORIENTED_EDGE('',*,*,#305,.F.);
#325 = FACE_BOUND('',#326,.F.);
#326 = EDGE_LOOP('',(#327));
#327 = ORIENTED_EDGE('',*,*,#328,.T.);
#328 = EDGE_CURVE('',#329,#329,#331,.T.);
#329 = VERTEX_POINT('',#330);
#330 = CARTESIAN_POINT('',(17.,134.5,66.2));
#331 = CIRCLE('',#332,1.8);
#332 = AXIS2_PLACEMENT_3D('',#333,#334,#335);
#333 = CARTESIAN_POINT('',(17.,134.5,68.));
#334 = DIRECTION('',(-1.,0.,0.));
#335 = DIRECTION('',(0.,0.,-1.));
#336 = FACE_BOUND('',#337,.F.);
#337 = EDGE_LOOP('',(#338));
#338 = ORIENTED_EDGE('',*,*,#339,.T.);
#339 = EDGE_CURVE('',#340,#340,#342,.T.);
#340 = VERTEX_POINT('',#341);
#341 = CARTESIAN_POINT('',(17.,134.5,74.2));
#342 = CIRCLE('',#343,1.8);
#343 = AXIS2_PLACEMENT_3D('',#344,#345,#346);
#344 = CARTESIAN_POINT('',(17.,134.5,76.));
#345 = DIRECTION('',(-1.,0.,0.));
#346 = DIRECTION('',(0.,0.,-1.));
#347 = FACE_BOUND('',#348,.F.);
#348 = EDGE_LOOP('',(#349));
#349 = ORIENTED_EDGE('',*,*,#350,.T.);
#350 = EDGE_CURVE('',#351,#351,#353,.T.);
#351 = VERTEX_POINT('',#352);
#352 = CARTESIAN_POINT('',(17.,95.,66.2));
#353 = CIRCLE('',#354,1.8);
#354 = AXIS2_PLACEMENT_3D('',#355,#356,#357);
#355 = CARTESIAN_POINT('',(17.,95.,68.));
#356 = DIRECTION('',(-1.,0.,0.));
#357 = DIRECTION('',(0.,0.,-1.));
#358 = FACE_BOUND('',#359,.F.);
#359 = EDGE_LOOP('',(#360));
#360 = ORIENTED_EDGE('',*,*,#361,.T.);
#361 = EDGE_CURVE('',#362,#362,#364,.T.);
#362 = VERTEX_POINT('',#363);
#363 = CARTESIAN_POINT('',(17.,95.,74.2));
#364 = CIRCLE('',#365,1.8);
#365 = AXIS2_PLACEMENT_3D('',#366,#367,#368);
#366 = CARTESIAN_POINT('',(17.,95.,76.));
#367 = DIRECTION('',(-1.,0.,0.));
#368 = DIRECTION('',(0.,0.,-1.));
#369 = PLANE('',#370);
#370 = AXIS2_PLACEMENT_3D('',#371,#372,#373);
#371 = CARTESIAN_POINT('',(17.,89.,62.));
#372 = DIRECTION('',(1.,0.,0.));
#373 = DIRECTION('',(0.,0.,1.));
#374 = ADVANCED_FACE('',(#375),#394,.F.);
#375 = FACE_BOUND('',#376,.F.);
#376 = EDGE_LOOP('',(#377,#378,#386,#393));
#377 = ORIENTED_EDGE('',*,*,#126,.F.);
#378 = ORIENTED_EDGE('',*,*,#379,.F.);
#379 = EDGE_CURVE('',#380,#127,#382,.T.);
#380 = VERTEX_POINT('',#381);
#381 = CARTESIAN_POINT('',(16.3,95.,58.));
#382 = LINE('',#383,#384);
#383 = CARTESIAN_POINT('',(16.3,95.,57.9));
#384 = VECTOR('',#385,1.);
#385 = DIRECTION('',(0.,0.,1.));
#386 = ORIENTED_EDGE('',*,*,#387,.T.);
#387 = EDGE_CURVE('',#380,#380,#388,.T.);
#388 = CIRCLE('',#389,1.8);
#389 = AXIS2_PLACEMENT_3D('',#390,#391,#392);
#390 = CARTESIAN_POINT('',(14.5,95.,58.));
#391 = DIRECTION('',(0.,0.,1.));
#392 = DIRECTION('',(1.,0.,0.));
#393 = ORIENTED_EDGE('',*,*,#379,.T.);
#394 = CYLINDRICAL_SURFACE('',#395,1.8);
#395 = AXIS2_PLACEMENT_3D('',#396,#397,#398);
#396 = CARTESIAN_POINT('',(14.5,95.,57.9));
#397 = DIRECTION('',(0.,0.,1.));
#398 = DIRECTION('',(1.,0.,0.));
#399 = ADVANCED_FACE('',(#400),#419,.F.);
#400 = FACE_BOUND('',#401,.F.);
#401 = EDGE_LOOP('',(#402,#403,#411,#418));
#402 = ORIENTED_EDGE('',*,*,#137,.F.);
#403 = ORIENTED_EDGE('',*,*,#404,.F.);
#404 = EDGE_CURVE('',#405,#138,#407,.T.);
#405 = VERTEX_POINT('',#406);
#406 = CARTESIAN_POINT('',(16.3,135.,58.));
#407 = LINE('',#408,#409);
#408 = CARTESIAN_POINT('',(16.3,135.,57.9));
#409 = VECTOR('',#410,1.);
#410 = DIRECTION('',(0.,0.,1.));
#411 = ORIENTED_EDGE('',*,*,#412,.T.);
#412 = EDGE_CURVE('',#405,#405,#413,.T.);
#413 = CIRCLE('',#414,1.8);
#414 = AXIS2_PLACEMENT_3D('',#415,#416,#417);
#415 = CARTESIAN_POINT('',(14.5,135.,58.));
#416 = DIRECTION('',(0.,0.,1.));
#417 = DIRECTION('',(1.,0.,0.));
#418 = ORIENTED_EDGE('',*,*,#404,.T.);
#419 = CYLINDRICAL_SURFACE('',#420,1.8);
#420 = AXIS2_PLACEMENT_3D('',#421,#422,#423);
#421 = CARTESIAN_POINT('',(14.5,135.,57.9));
#422 = DIRECTION('',(0.,0.,1.));
#423 = DIRECTION('',(1.,0.,0.));
#424 = ADVANCED_FACE('',(#425),#444,.F.);
#425 = FACE_BOUND('',#426,.F.);
#426 = EDGE_LOOP('',(#427,#435,#442,#443));
#427 = ORIENTED_EDGE('',*,*,#428,.T.);
#428 = EDGE_CURVE('',#206,#429,#431,.T.);
#429 = VERTEX_POINT('',#430);
#430 = CARTESIAN_POINT('',(19.4,95.,58.));
#431 = LINE('',#432,#433);
#432 = CARTESIAN_POINT('',(19.4,95.,51.95));
#433 = VECTOR('',#434,1.);
#434 = DIRECTION('',(0.,0.,1.));
#435 = ORIENTED_EDGE('',*,*,#436,.F.);
#436 = EDGE_CURVE('',#429,#429,#437,.T.);
#437 = CIRCLE('',#438,4.9);
#438 = AXIS2_PLACEMENT_3D('',#439,#440,#441);
#439 = CARTESIAN_POINT('',(14.5,95.,58.));
#440 = DIRECTION('',(0.,0.,1.));
#441 = DIRECTION('',(1.,0.,0.));
#442 = ORIENTED_EDGE('',*,*,#428,.F.);
#443 = ORIENTED_EDGE('',*,*,#205,.T.);
#444 = CYLINDRICAL_SURFACE('',#445,4.9);
#445 = AXIS2_PLACEMENT_3D('',#446,#447,#448);
#446 = CARTESIAN_POINT('',(14.5,95.,51.95));
#447 = DIRECTION('',(0.,0.,1.));
#448 = DIRECTION('',(1.,0.,0.));
#449 = ADVANCED_FACE('',(#450),#469,.F.);
#450 = FACE_BOUND('',#451,.F.);
#451 = EDGE_LOOP('',(#452,#460,#467,#468));
#452 = ORIENTED_EDGE('',*,*,#453,.T.);
#453 = EDGE_CURVE('',#217,#454,#456,.T.);
#454 = VERTEX_POINT('',#455);
#455 = CARTESIAN_POINT('',(16.2,120.,54.9));
#456 = LINE('',#457,#458);
#457 = CARTESIAN_POINT('',(16.2,120.,51.95));
#458 = VECTOR('',#459,1.);
#459 = DIRECTION('',(0.,0.,1.));
#460 = ORIENTED_EDGE('',*,*,#461,.F.);
#461 = EDGE_CURVE('',#454,#454,#462,.T.);
#462 = CIRCLE('',#463,4.2);
#463 = AXIS2_PLACEMENT_3D('',#464,#465,#466);
#464 = CARTESIAN_POINT('',(12.,120.,54.9));
#465 = DIRECTION('',(0.,0.,1.));
#466 = DIRECTION('',(1.,0.,0.));
#467 = ORIENTED_EDGE('',*,*,#453,.F.);
#468 = ORIENTED_EDGE('',*,*,#216,.T.);
#469 = CYLINDRICAL_SURFACE('',#470,4.2);
#470 = AXIS2_PLACEMENT_3D('',#471,#472,#473);
#471 = CARTESIAN_POINT('',(12.,120.,51.95));
#472 = DIRECTION('',(0.,0.,1.));
#473 = DIRECTION('',(1.,0.,0.));
#474 = ADVANCED_FACE('',(#475),#494,.F.);
#475 = FACE_BOUND('',#476,.F.);
#476 = EDGE_LOOP('',(#477,#485,#492,#493));
#477 = ORIENTED_EDGE('',*,*,#478,.T.);
#478 = EDGE_CURVE('',#228,#479,#481,.T.);
#479 = VERTEX_POINT('',#480);
#480 = CARTESIAN_POINT('',(19.4,135.,58.));
#481 = LINE('',#482,#483);
#482 = CARTESIAN_POINT('',(19.4,135.,51.95));
#483 = VECTOR('',#484,1.);
#484 = DIRECTION('',(0.,0.,1.));
#485 = ORIENTED_EDGE('',*,*,#486,.F.);
#486 = EDGE_CURVE('',#479,#479,#487,.T.);
#487 = CIRCLE('',#488,4.9);
#488 = AXIS2_PLACEMENT_3D('',#489,#490,#491);
#489 = CARTESIAN_POINT('',(14.5,135.,58.));
#490 = DIRECTION('',(0.,0.,1.));
#491 = DIRECTION('',(1.,0.,0.));
#492 = ORIENTED_EDGE('',*,*,#478,.F.);
#493 = ORIENTED_EDGE('',*,*,#227,.T.);
#494 = CYLINDRICAL_SURFACE('',#495,4.9);
#495 = AXIS2_PLACEMENT_3D('',#496,#497,#498);
#496 = CARTESIAN_POINT('',(14.5,135.,51.95));
#497 = DIRECTION('',(0.,0.,1.));
#498 = DIRECTION('',(1.,0.,0.));
#499 = ADVANCED_FACE('',(#500),#511,.F.);
#500 = FACE_BOUND('',#501,.F.);
#501 = EDGE_LOOP('',(#502,#503,#509,#510));
#502 = ORIENTED_EDGE('',*,*,#328,.F.);
#503 = ORIENTED_EDGE('',*,*,#504,.F.);
#504 = EDGE_CURVE('',#256,#329,#505,.T.);
#505 = LINE('',#506,#507);
#506 = CARTESIAN_POINT('',(20.2,134.5,66.2));
#507 = VECTOR('',#508,1.);
#508 = DIRECTION('',(-1.,0.,0.));
#509 = ORIENTED_EDGE('',*,*,#255,.T.);
#510 = ORIENTED_EDGE('',*,*,#504,.T.);
#511 = CYLINDRICAL_SURFACE('',#512,1.8);
#512 = AXIS2_PLACEMENT_3D('',#513,#514,#515);
#513 = CARTESIAN_POINT('',(20.2,134.5,68.));
#514 = DIRECTION('',(-1.,0.,0.));
#515 = DIRECTION('',(0.,0.,-1.));
#516 = ADVANCED_FACE('',(#517),#528,.F.);
#517 = FACE_BOUND('',#518,.F.);
#518 = EDGE_LOOP('',(#519,#520,#526,#527));
#519 = ORIENTED_EDGE('',*,*,#339,.F.);
#520 = ORIENTED_EDGE('',*,*,#521,.F.);
#521 = EDGE_CURVE('',#267,#340,#522,.T.);
#522 = LINE('',#523,#524);
#523 = CARTESIAN_POINT('',(20.2,134.5,74.2));
#524 = VECTOR('',#525,1.);
#525 = DIRECTION('',(-1.,0.,0.));
#526 = ORIENTED_EDGE('',*,*,#266,.T.);
#527 = ORIENTED_EDGE('',*,*,#521,.T.);
#528 = CYLINDRICAL_SURFACE('',#529,1.8);
#529 = AXIS2_PLACEMENT_3D('',#530,#531,#532);
#530 = CARTESIAN_POINT('',(20.2,134.5,76.));
#531 = DIRECTION('',(-1.,0.,0.));
#532 = DIRECTION('',(0.,0.,-1.));
#533 = ADVANCED_FACE('',(#534),#545,.F.);
#534 = FACE_BOUND('',#535,.F.);
#535 = EDGE_LOOP('',(#536,#537,#543,#544));
#536 = ORIENTED_EDGE('',*,*,#350,.F.);
#537 = ORIENTED_EDGE('',*,*,#538,.F.);
#538 = EDGE_CURVE('',#278,#351,#539,.T.);
#539 = LINE('',#540,#541);
#540 = CARTESIAN_POINT('',(20.2,95.,66.2));
#541 = VECTOR('',#542,1.);
#542 = DIRECTION('',(-1.,0.,0.));
#543 = ORIENTED_EDGE('',*,*,#277,.T.);
#544 = ORIENTED_EDGE('',*,*,#538,.T.);
#545 = CYLINDRICAL_SURFACE('',#546,1.8);
#546 = AXIS2_PLACEMENT_3D('',#547,#548,#549);
#547 = CARTESIAN_POINT('',(20.2,95.,68.));
#548 = DIRECTION('',(-1.,0.,0.));
#549 = DIRECTION('',(0.,0.,-1.));
#550 = ADVANCED_FACE('',(#551),#562,.F.);
#551 = FACE_BOUND('',#552,.F.);
#552 = EDGE_LOOP('',(#553,#554,#560,#561));
#553 = ORIENTED_EDGE('',*,*,#361,.F.);
#554 = ORIENTED_EDGE('',*,*,#555,.F.);
#555 = EDGE_CURVE('',#289,#362,#556,.T.);
#556 = LINE('',#557,#558);
#557 = CARTESIAN_POINT('',(20.2,95.,74.2));
#558 = VECTOR('',#559,1.);
#559 = DIRECTION('',(-1.,0.,0.));
#560 = ORIENTED_EDGE('',*,*,#288,.T.);
#561 = ORIENTED_EDGE('',*,*,#555,.T.);
#562 = CYLINDRICAL_SURFACE('',#563,1.8);
#563 = AXIS2_PLACEMENT_3D('',#564,#565,#566);
#564 = CARTESIAN_POINT('',(20.2,95.,76.));
#565 = DIRECTION('',(-1.,0.,0.));
#566 = DIRECTION('',(0.,0.,-1.));
#567 = ADVANCED_FACE('',(#568,#571),#574,.F.);
#568 = FACE_BOUND('',#569,.F.);
#569 = EDGE_LOOP('',(#570));
#570 = ORIENTED_EDGE('',*,*,#436,.T.);
#571 = FACE_BOUND('',#572,.F.);
#572 = EDGE_LOOP('',(#573));
#573 = ORIENTED_EDGE('',*,*,#387,.F.);
#574 = PLANE('',#575);
#575 = AXIS2_PLACEMENT_3D('',#576,#577,#578);
#576 = CARTESIAN_POINT('',(14.5,95.,58.));
#577 = DIRECTION('',(0.,0.,1.));
#578 = DIRECTION('',(1.,0.,0.));
#579 = ADVANCED_FACE('',(#580,#583),#586,.F.);
#580 = FACE_BOUND('',#581,.F.);
#581 = EDGE_LOOP('',(#582));
#582 = ORIENTED_EDGE('',*,*,#486,.T.);
#583 = FACE_BOUND('',#584,.F.);
#584 = EDGE_LOOP('',(#585));
#585 = ORIENTED_EDGE('',*,*,#412,.F.);
#586 = PLANE('',#587);
#587 = AXIS2_PLACEMENT_3D('',#588,#589,#590);
#588 = CARTESIAN_POINT('',(14.5,135.,58.));
#589 = DIRECTION('',(0.,0.,1.));
#590 = DIRECTION('',(1.,0.,0.));
#591 = ADVANCED_FACE('',(#592),#595,.F.);
#592 = FACE_BOUND('',#593,.F.);
#593 = EDGE_LOOP('',(#594));
#594 = ORIENTED_EDGE('',*,*,#461,.T.);
#595 = PLANE('',#596);
#596 = AXIS2_PLACEMENT_3D('',#597,#598,#599);
#597 = CARTESIAN_POINT('',(12.,120.,54.9));
#598 = DIRECTION('',(0.,0.,1.));
#599 = DIRECTION('',(1.,0.,0.));
#600 = MANIFOLD_SOLID_BREP('',#601);
#601 = CLOSED_SHELL('',(#602,#642,#689,#735,#775,#825,#886,#903,#959,
    #984,#1009,#1034,#1059,#1084,#1101,#1118,#1135,#1152,#1164,#1176));
#602 = ADVANCED_FACE('',(#603),#637,.F.);
#603 = FACE_BOUND('',#604,.T.);
#604 = EDGE_LOOP('',(#605,#615,#623,#631));
#605 = ORIENTED_EDGE('',*,*,#606,.F.);
#606 = EDGE_CURVE('',#607,#609,#611,.T.);
#607 = VERTEX_POINT('',#608);
#608 = CARTESIAN_POINT('',(79.,89.,52.));
#609 = VERTEX_POINT('',#610);
#610 = CARTESIAN_POINT('',(79.,89.,62.));
#611 = LINE('',#612,#613);
#612 = CARTESIAN_POINT('',(79.,89.,52.));
#613 = VECTOR('',#614,1.);
#614 = DIRECTION('',(0.,0.,1.));
#615 = ORIENTED_EDGE('',*,*,#616,.T.);
#616 = EDGE_CURVE('',#607,#617,#619,.T.);
#617 = VERTEX_POINT('',#618);
#618 = CARTESIAN_POINT('',(79.,140.5,52.));
#619 = LINE('',#620,#621);
#620 = CARTESIAN_POINT('',(79.,89.,52.));
#621 = VECTOR('',#622,1.);
#622 = DIRECTION('',(0.,1.,0.));
#623 = ORIENTED_EDGE('',*,*,#624,.T.);
#624 = EDGE_CURVE('',#617,#625,#627,.T.);
#625 = VERTEX_POINT('',#626);
#626 = CARTESIAN_POINT('',(79.,140.5,62.));
#627 = LINE('',#628,#629);
#628 = CARTESIAN_POINT('',(79.,140.5,52.));
#629 = VECTOR('',#630,1.);
#630 = DIRECTION('',(0.,0.,1.));
#631 = ORIENTED_EDGE('',*,*,#632,.F.);
#632 = EDGE_CURVE('',#609,#625,#633,.T.);
#633 = LINE('',#634,#635);
#634 = CARTESIAN_POINT('',(79.,89.,62.));
#635 = VECTOR('',#636,1.);
#636 = DIRECTION('',(0.,1.,0.));
#637 = PLANE('',#638);
#638 = AXIS2_PLACEMENT_3D('',#639,#640,#641);
#639 = CARTESIAN_POINT('',(79.,89.,52.));
#640 = DIRECTION('',(-1.,-0.,-0.));
#641 = DIRECTION('',(0.,0.,-1.));
#642 = ADVANCED_FACE('',(#643),#684,.T.);
#643 = FACE_BOUND('',#644,.F.);
#644 = EDGE_LOOP('',(#645,#653,#661,#669,#677,#683));
#645 = ORIENTED_EDGE('',*,*,#646,.T.);
#646 = EDGE_CURVE('',#607,#647,#649,.T.);
#647 = VERTEX_POINT('',#648);
#648 = CARTESIAN_POINT('',(59.,89.,52.));
#649 = LINE('',#650,#651);
#650 = CARTESIAN_POINT('',(79.,89.,52.));
#651 = VECTOR('',#652,1.);
#652 = DIRECTION('',(-1.,-0.,-0.));
#653 = ORIENTED_EDGE('',*,*,#654,.T.);
#654 = EDGE_CURVE('',#647,#655,#657,.T.);
#655 = VERTEX_POINT('',#656);
#656 = CARTESIAN_POINT('',(59.,89.,80.));
#657 = LINE('',#658,#659);
#658 = CARTESIAN_POINT('',(59.,89.,52.));
#659 = VECTOR('',#660,1.);
#660 = DIRECTION('',(0.,0.,1.));
#661 = ORIENTED_EDGE('',*,*,#662,.F.);
#662 = EDGE_CURVE('',#663,#655,#665,.T.);
#663 = VERTEX_POINT('',#664);
#664 = CARTESIAN_POINT('',(62.,89.,80.));
#665 = LINE('',#666,#667);
#666 = CARTESIAN_POINT('',(62.,89.,80.));
#667 = VECTOR('',#668,1.);
#668 = DIRECTION('',(-1.,-0.,-0.));
#669 = ORIENTED_EDGE('',*,*,#670,.F.);
#670 = EDGE_CURVE('',#671,#663,#673,.T.);
#671 = VERTEX_POINT('',#672);
#672 = CARTESIAN_POINT('',(62.,89.,62.));
#673 = LINE('',#674,#675);
#674 = CARTESIAN_POINT('',(62.,89.,62.));
#675 = VECTOR('',#676,1.);
#676 = DIRECTION('',(0.,0.,1.));
#677 = ORIENTED_EDGE('',*,*,#678,.F.);
#678 = EDGE_CURVE('',#609,#671,#679,.T.);
#679 = LINE('',#680,#681);
#680 = CARTESIAN_POINT('',(79.,89.,62.));
#681 = VECTOR('',#682,1.);
#682 = DIRECTION('',(-1.,-0.,-0.));
#683 = ORIENTED_EDGE('',*,*,#606,.F.);
#684 = PLANE('',#685);
#685 = AXIS2_PLACEMENT_3D('',#686,#687,#688);
#686 = CARTESIAN_POINT('',(65.8125,89.,62.8125));
#687 = DIRECTION('',(0.,-1.,0.));
#688 = DIRECTION('',(0.,0.,1.));
#689 = ADVANCED_FACE('',(#690,#708,#719),#730,.T.);
#690 = FACE_BOUND('',#691,.F.);
#691 = EDGE_LOOP('',(#692,#700,#701,#702));
#692 = ORIENTED_EDGE('',*,*,#693,.F.);
#693 = EDGE_CURVE('',#625,#694,#696,.T.);
#694 = VERTEX_POINT('',#695);
#695 = CARTESIAN_POINT('',(62.,140.5,62.));
#696 = LINE('',#697,#698);
#697 = CARTESIAN_POINT('',(79.,140.5,62.));
#698 = VECTOR('',#699,1.);
#699 = DIRECTION('',(-1.,-0.,-0.));
#700 = ORIENTED_EDGE('',*,*,#632,.F.);
#701 = ORIENTED_EDGE('',*,*,#678,.T.);
#702 = ORIENTED_EDGE('',*,*,#703,.T.);
#703 = EDGE_CURVE('',#671,#694,#704,.T.);
#704 = LINE('',#705,#706);
#705 = CARTESIAN_POINT('',(62.,89.,62.));
#706 = VECTOR('',#707,1.);
#707 = DIRECTION('',(0.,1.,0.));
#708 = FACE_BOUND('',#709,.F.);
#709 = EDGE_LOOP('',(#710));
#710 = ORIENTED_EDGE('',*,*,#711,.F.);
#711 = EDGE_CURVE('',#712,#712,#714,.T.);
#712 = VERTEX_POINT('',#713);
#713 = CARTESIAN_POINT('',(62.7,95.,62.));
#714 = CIRCLE('',#715,1.8);
#715 = AXIS2_PLACEMENT_3D('',#716,#717,#718);
#716 = CARTESIAN_POINT('',(64.5,95.,62.));
#717 = DIRECTION('',(0.,0.,-1.));
#718 = DIRECTION('',(-1.,-0.,-0.));
#719 = FACE_BOUND('',#720,.F.);
#720 = EDGE_LOOP('',(#721));
#721 = ORIENTED_EDGE('',*,*,#722,.F.);
#722 = EDGE_CURVE('',#723,#723,#725,.T.);
#723 = VERTEX_POINT('',#724);
#724 = CARTESIAN_POINT('',(62.7,135.,62.));
#725 = CIRCLE('',#726,1.8);
#726 = AXIS2_PLACEMENT_3D('',#727,#728,#729);
#727 = CARTESIAN_POINT('',(64.5,135.,62.));
#728 = DIRECTION('',(0.,0.,-1.));
#729 = DIRECTION('',(-1.,-0.,-0.));
#730 = PLANE('',#731);
#731 = AXIS2_PLACEMENT_3D('',#732,#733,#734);
#732 = CARTESIAN_POINT('',(79.,89.,62.));
#733 = DIRECTION('',(0.,0.,1.));
#734 = DIRECTION('',(1.,0.,0.));
#735 = ADVANCED_FACE('',(#736),#770,.T.);
#736 = FACE_BOUND('',#737,.F.);
#737 = EDGE_LOOP('',(#738,#746,#747,#748,#756,#764));
#738 = ORIENTED_EDGE('',*,*,#739,.F.);
#739 = EDGE_CURVE('',#617,#740,#742,.T.);
#740 = VERTEX_POINT('',#741);
#741 = CARTESIAN_POINT('',(59.,140.5,52.));
#742 = LINE('',#743,#744);
#743 = CARTESIAN_POINT('',(79.,140.5,52.));
#744 = VECTOR('',#745,1.);
#745 = DIRECTION('',(-1.,-0.,-0.));
#746 = ORIENTED_EDGE('',*,*,#624,.T.);
#747 = ORIENTED_EDGE('',*,*,#693,.T.);
#748 = ORIENTED_EDGE('',*,*,#749,.T.);
#749 = EDGE_CURVE('',#694,#750,#752,.T.);
#750 = VERTEX_POINT('',#751);
#751 = CARTESIAN_POINT('',(62.,140.5,80.));
#752 = LINE('',#753,#754);
#753 = CARTESIAN_POINT('',(62.,140.5,62.));
#754 = VECTOR('',#755,1.);
#755 = DIRECTION('',(0.,0.,1.));
#756 = ORIENTED_EDGE('',*,*,#757,.T.);
#757 = EDGE_CURVE('',#750,#758,#760,.T.);
#758 = VERTEX_POINT('',#759);
#759 = CARTESIAN_POINT('',(59.,140.5,80.));
#760 = LINE('',#761,#762);
#761 = CARTESIAN_POINT('',(62.,140.5,80.));
#762 = VECTOR('',#763,1.);
#763 = DIRECTION('',(-1.,-0.,-0.));
#764 = ORIENTED_EDGE('',*,*,#765,.F.);
#765 = EDGE_CURVE('',#740,#758,#766,.T.);
#766 = LINE('',#767,#768);
#767 = CARTESIAN_POINT('',(59.,140.5,62.));
#768 = VECTOR('',#769,1.);
#769 = DIRECTION('',(0.,0.,1.));
#770 = PLANE('',#771);
#771 = AXIS2_PLACEMENT_3D('',#772,#773,#774);
#772 = CARTESIAN_POINT('',(65.8125,140.5,62.8125));
#773 = DIRECTION('',(0.,1.,0.));
#774 = DIRECTION('',(0.,0.,-1.));
#775 = ADVANCED_FACE('',(#776,#787,#798,#809),#820,.F.);
#776 = FACE_BOUND('',#777,.T.);
#777 = EDGE_LOOP('',(#778,#779,#780,#786));
#778 = ORIENTED_EDGE('',*,*,#616,.F.);
#779 = ORIENTED_EDGE('',*,*,#646,.T.);
#780 = ORIENTED_EDGE('',*,*,#781,.T.);
#781 = EDGE_CURVE('',#647,#740,#782,.T.);
#782 = LINE('',#783,#784);
#783 = CARTESIAN_POINT('',(59.,89.,52.));
#784 = VECTOR('',#785,1.);
#785 = DIRECTION('',(0.,1.,0.));
#786 = ORIENTED_EDGE('',*,*,#739,.F.);
#787 = FACE_BOUND('',#788,.T.);
#788 = EDGE_LOOP('',(#789));
#789 = ORIENTED_EDGE('',*,*,#790,.F.);
#790 = EDGE_CURVE('',#791,#791,#793,.T.);
#791 = VERTEX_POINT('',#792);
#792 = CARTESIAN_POINT('',(59.6,95.,52.));
#793 = CIRCLE('',#794,4.9);
#794 = AXIS2_PLACEMENT_3D('',#795,#796,#797);
#795 = CARTESIAN_POINT('',(64.5,95.,52.));
#796 = DIRECTION('',(0.,0.,-1.));
#797 = DIRECTION('',(-1.,-0.,-0.));
#798 = FACE_BOUND('',#799,.T.);
#799 = EDGE_LOOP('',(#800));
#800 = ORIENTED_EDGE('',*,*,#801,.F.);
#801 = EDGE_CURVE('',#802,#802,#804,.T.);
#802 = VERTEX_POINT('',#803);
#803 = CARTESIAN_POINT('',(62.8,120.,52.));
#804 = CIRCLE('',#805,4.2);
#805 = AXIS2_PLACEMENT_3D('',#806,#807,#808);
#806 = CARTESIAN_POINT('',(67.,120.,52.));
#807 = DIRECTION('',(0.,0.,-1.));
#808 = DIRECTION('',(-1.,-0.,-0.));
#809 = FACE_BOUND('',#810,.T.);
#810 = EDGE_LOOP('',(#811));
#811 = ORIENTED_EDGE('',*,*,#812,.F.);
#812 = EDGE_CURVE('',#813,#813,#815,.T.);
#813 = VERTEX_POINT('',#814);
#814 = CARTESIAN_POINT('',(59.6,135.,52.));
#815 = CIRCLE('',#816,4.9);
#816 = AXIS2_PLACEMENT_3D('',#817,#818,#819);
#817 = CARTESIAN_POINT('',(64.5,135.,52.));
#818 = DIRECTION('',(0.,0.,-1.));
#819 = DIRECTION('',(-1.,-0.,-0.));
#820 = PLANE('',#821);
#821 = AXIS2_PLACEMENT_3D('',#822,#823,#824);
#822 = CARTESIAN_POINT('',(79.,89.,52.));
#823 = DIRECTION('',(0.,0.,1.));
#824 = DIRECTION('',(1.,0.,0.));
#825 = ADVANCED_FACE('',(#826,#837,#848,#859,#870),#881,.T.);
#826 = FACE_BOUND('',#827,.F.);
#827 = EDGE_LOOP('',(#828,#829,#830,#831));
#828 = ORIENTED_EDGE('',*,*,#654,.F.);
#829 = ORIENTED_EDGE('',*,*,#781,.T.);
#830 = ORIENTED_EDGE('',*,*,#765,.T.);
#831 = ORIENTED_EDGE('',*,*,#832,.F.);
#832 = EDGE_CURVE('',#655,#758,#833,.T.);
#833 = LINE('',#834,#835);
#834 = CARTESIAN_POINT('',(59.,89.,80.));
#835 = VECTOR('',#836,1.);
#836 = DIRECTION('',(0.,1.,0.));
#837 = FACE_BOUND('',#838,.F.);
#838 = EDGE_LOOP('',(#839));
#839 = ORIENTED_EDGE('',*,*,#840,.T.);
#840 = EDGE_CURVE('',#841,#841,#843,.T.);
#841 = VERTEX_POINT('',#842);
#842 = CARTESIAN_POINT('',(59.,134.5,66.2));
#843 = CIRCLE('',#844,1.8);
#844 = AXIS2_PLACEMENT_3D('',#845,#846,#847);
#845 = CARTESIAN_POINT('',(59.,134.5,68.));
#846 = DIRECTION('',(-1.,0.,0.));
#847 = DIRECTION('',(-0.,-0.,-1.));
#848 = FACE_BOUND('',#849,.F.);
#849 = EDGE_LOOP('',(#850));
#850 = ORIENTED_EDGE('',*,*,#851,.T.);
#851 = EDGE_CURVE('',#852,#852,#854,.T.);
#852 = VERTEX_POINT('',#853);
#853 = CARTESIAN_POINT('',(59.,134.5,74.2));
#854 = CIRCLE('',#855,1.8);
#855 = AXIS2_PLACEMENT_3D('',#856,#857,#858);
#856 = CARTESIAN_POINT('',(59.,134.5,76.));
#857 = DIRECTION('',(-1.,0.,0.));
#858 = DIRECTION('',(-0.,-0.,-1.));
#859 = FACE_BOUND('',#860,.F.);
#860 = EDGE_LOOP('',(#861));
#861 = ORIENTED_EDGE('',*,*,#862,.T.);
#862 = EDGE_CURVE('',#863,#863,#865,.T.);
#863 = VERTEX_POINT('',#864);
#864 = CARTESIAN_POINT('',(59.,95.,66.2));
#865 = CIRCLE('',#866,1.8);
#866 = AXIS2_PLACEMENT_3D('',#867,#868,#869);
#867 = CARTESIAN_POINT('',(59.,95.,68.));
#868 = DIRECTION('',(-1.,0.,0.));
#869 = DIRECTION('',(-0.,-0.,-1.));
#870 = FACE_BOUND('',#871,.F.);
#871 = EDGE_LOOP('',(#872));
#872 = ORIENTED_EDGE('',*,*,#873,.T.);
#873 = EDGE_CURVE('',#874,#874,#876,.T.);
#874 = VERTEX_POINT('',#875);
#875 = CARTESIAN_POINT('',(59.,95.,74.2));
#876 = CIRCLE('',#877,1.8);
#877 = AXIS2_PLACEMENT_3D('',#878,#879,#880);
#878 = CARTESIAN_POINT('',(59.,95.,76.));
#879 = DIRECTION('',(-1.,0.,0.));
#880 = DIRECTION('',(-0.,-0.,-1.));
#881 = PLANE('',#882);
#882 = AXIS2_PLACEMENT_3D('',#883,#884,#885);
#883 = CARTESIAN_POINT('',(59.,114.75,66.));
#884 = DIRECTION('',(-1.,-0.,-0.));
#885 = DIRECTION('',(0.,0.,-1.));
#886 = ADVANCED_FACE('',(#887),#898,.T.);
#887 = FACE_BOUND('',#888,.F.);
#888 = EDGE_LOOP('',(#889,#895,#896,#897));
#889 = ORIENTED_EDGE('',*,*,#890,.F.);
#890 = EDGE_CURVE('',#663,#750,#891,.T.);
#891 = LINE('',#892,#893);
#892 = CARTESIAN_POINT('',(62.,89.,80.));
#893 = VECTOR('',#894,1.);
#894 = DIRECTION('',(0.,1.,0.));
#895 = ORIENTED_EDGE('',*,*,#662,.T.);
#896 = ORIENTED_EDGE('',*,*,#832,.T.);
#897 = ORIENTED_EDGE('',*,*,#757,.F.);
#898 = PLANE('',#899);
#899 = AXIS2_PLACEMENT_3D('',#900,#901,#902);
#900 = CARTESIAN_POINT('',(62.,89.,80.));
#901 = DIRECTION('',(0.,0.,1.));
#902 = DIRECTION('',(1.,0.,0.));
#903 = ADVANCED_FACE('',(#904,#910,#921,#932,#943),#954,.F.);
#904 = FACE_BOUND('',#905,.T.);
#905 = EDGE_LOOP('',(#906,#907,#908,#909));
#906 = ORIENTED_EDGE('',*,*,#670,.F.);
#907 = ORIENTED_EDGE('',*,*,#703,.T.);
#908 = ORIENTED_EDGE('',*,*,#749,.T.);
#909 = ORIENTED_EDGE('',*,*,#890,.F.);
#910 = FACE_BOUND('',#911,.T.);
#911 = EDGE_LOOP('',(#912));
#912 = ORIENTED_EDGE('',*,*,#913,.T.);
#913 = EDGE_CURVE('',#914,#914,#916,.T.);
#914 = VERTEX_POINT('',#915);
#915 = CARTESIAN_POINT('',(62.,134.5,66.2));
#916 = CIRCLE('',#917,1.8);
#917 = AXIS2_PLACEMENT_3D('',#918,#919,#920);
#918 = CARTESIAN_POINT('',(62.,134.5,68.));
#919 = DIRECTION('',(-1.,0.,0.));
#920 = DIRECTION('',(-0.,-0.,-1.));
#921 = FACE_BOUND('',#922,.T.);
#922 = EDGE_LOOP('',(#923));
#923 = ORIENTED_EDGE('',*,*,#924,.T.);
#924 = EDGE_CURVE('',#925,#925,#927,.T.);
#925 = VERTEX_POINT('',#926);
#926 = CARTESIAN_POINT('',(62.,134.5,74.2));
#927 = CIRCLE('',#928,1.8);
#928 = AXIS2_PLACEMENT_3D('',#929,#930,#931);
#929 = CARTESIAN_POINT('',(62.,134.5,76.));
#930 = DIRECTION('',(-1.,0.,0.));
#931 = DIRECTION('',(-0.,-0.,-1.));
#932 = FACE_BOUND('',#933,.T.);
#933 = EDGE_LOOP('',(#934));
#934 = ORIENTED_EDGE('',*,*,#935,.T.);
#935 = EDGE_CURVE('',#936,#936,#938,.T.);
#936 = VERTEX_POINT('',#937);
#937 = CARTESIAN_POINT('',(62.,95.,66.2));
#938 = CIRCLE('',#939,1.8);
#939 = AXIS2_PLACEMENT_3D('',#940,#941,#942);
#940 = CARTESIAN_POINT('',(62.,95.,68.));
#941 = DIRECTION('',(-1.,0.,0.));
#942 = DIRECTION('',(-0.,-0.,-1.));
#943 = FACE_BOUND('',#944,.T.);
#944 = EDGE_LOOP('',(#945));
#945 = ORIENTED_EDGE('',*,*,#946,.T.);
#946 = EDGE_CURVE('',#947,#947,#949,.T.);
#947 = VERTEX_POINT('',#948);
#948 = CARTESIAN_POINT('',(62.,95.,74.2));
#949 = CIRCLE('',#950,1.8);
#950 = AXIS2_PLACEMENT_3D('',#951,#952,#953);
#951 = CARTESIAN_POINT('',(62.,95.,76.));
#952 = DIRECTION('',(-1.,0.,0.));
#953 = DIRECTION('',(-0.,-0.,-1.));
#954 = PLANE('',#955);
#955 = AXIS2_PLACEMENT_3D('',#956,#957,#958);
#956 = CARTESIAN_POINT('',(62.,89.,62.));
#957 = DIRECTION('',(-1.,-0.,-0.));
#958 = DIRECTION('',(0.,0.,-1.));
#959 = ADVANCED_FACE('',(#960),#979,.F.);
#960 = FACE_BOUND('',#961,.T.);
#961 = EDGE_LOOP('',(#962,#963,#971,#978));
#962 = ORIENTED_EDGE('',*,*,#711,.F.);
#963 = ORIENTED_EDGE('',*,*,#964,.F.);
#964 = EDGE_CURVE('',#965,#712,#967,.T.);
#965 = VERTEX_POINT('',#966);
#966 = CARTESIAN_POINT('',(62.7,95.,58.));
#967 = LINE('',#968,#969);
#968 = CARTESIAN_POINT('',(62.7,95.,57.9));
#969 = VECTOR('',#970,1.);
#970 = DIRECTION('',(0.,0.,1.));
#971 = ORIENTED_EDGE('',*,*,#972,.T.);
#972 = EDGE_CURVE('',#965,#965,#973,.T.);
#973 = CIRCLE('',#974,1.8);
#974 = AXIS2_PLACEMENT_3D('',#975,#976,#977);
#975 = CARTESIAN_POINT('',(64.5,95.,58.));
#976 = DIRECTION('',(0.,0.,-1.));
#977 = DIRECTION('',(-1.,-0.,-0.));
#978 = ORIENTED_EDGE('',*,*,#964,.T.);
#979 = CYLINDRICAL_SURFACE('',#980,1.8);
#980 = AXIS2_PLACEMENT_3D('',#981,#982,#983);
#981 = CARTESIAN_POINT('',(64.5,95.,57.9));
#982 = DIRECTION('',(0.,0.,1.));
#983 = DIRECTION('',(-1.,-0.,-0.));
#984 = ADVANCED_FACE('',(#985),#1004,.F.);
#985 = FACE_BOUND('',#986,.T.);
#986 = EDGE_LOOP('',(#987,#988,#996,#1003));
#987 = ORIENTED_EDGE('',*,*,#722,.F.);
#988 = ORIENTED_EDGE('',*,*,#989,.F.);
#989 = EDGE_CURVE('',#990,#723,#992,.T.);
#990 = VERTEX_POINT('',#991);
#991 = CARTESIAN_POINT('',(62.7,135.,58.));
#992 = LINE('',#993,#994);
#993 = CARTESIAN_POINT('',(62.7,135.,57.9));
#994 = VECTOR('',#995,1.);
#995 = DIRECTION('',(0.,0.,1.));
#996 = ORIENTED_EDGE('',*,*,#997,.T.);
#997 = EDGE_CURVE('',#990,#990,#998,.T.);
#998 = CIRCLE('',#999,1.8);
#999 = AXIS2_PLACEMENT_3D('',#1000,#1001,#1002);
#1000 = CARTESIAN_POINT('',(64.5,135.,58.));
#1001 = DIRECTION('',(0.,0.,-1.));
#1002 = DIRECTION('',(-1.,-0.,-0.));
#1003 = ORIENTED_EDGE('',*,*,#989,.T.);
#1004 = CYLINDRICAL_SURFACE('',#1005,1.8);
#1005 = AXIS2_PLACEMENT_3D('',#1006,#1007,#1008);
#1006 = CARTESIAN_POINT('',(64.5,135.,57.9));
#1007 = DIRECTION('',(0.,0.,1.));
#1008 = DIRECTION('',(-1.,-0.,-0.));
#1009 = ADVANCED_FACE('',(#1010),#1029,.F.);
#1010 = FACE_BOUND('',#1011,.T.);
#1011 = EDGE_LOOP('',(#1012,#1020,#1027,#1028));
#1012 = ORIENTED_EDGE('',*,*,#1013,.T.);
#1013 = EDGE_CURVE('',#791,#1014,#1016,.T.);
#1014 = VERTEX_POINT('',#1015);
#1015 = CARTESIAN_POINT('',(59.6,95.,58.));
#1016 = LINE('',#1017,#1018);
#1017 = CARTESIAN_POINT('',(59.6,95.,51.95));
#1018 = VECTOR('',#1019,1.);
#1019 = DIRECTION('',(0.,0.,1.));
#1020 = ORIENTED_EDGE('',*,*,#1021,.F.);
#1021 = EDGE_CURVE('',#1014,#1014,#1022,.T.);
#1022 = CIRCLE('',#1023,4.9);
#1023 = AXIS2_PLACEMENT_3D('',#1024,#1025,#1026);
#1024 = CARTESIAN_POINT('',(64.5,95.,58.));
#1025 = DIRECTION('',(0.,0.,-1.));
#1026 = DIRECTION('',(-1.,-0.,-0.));
#1027 = ORIENTED_EDGE('',*,*,#1013,.F.);
#1028 = ORIENTED_EDGE('',*,*,#790,.T.);
#1029 = CYLINDRICAL_SURFACE('',#1030,4.9);
#1030 = AXIS2_PLACEMENT_3D('',#1031,#1032,#1033);
#1031 = CARTESIAN_POINT('',(64.5,95.,51.95));
#1032 = DIRECTION('',(0.,0.,1.));
#1033 = DIRECTION('',(-1.,-0.,-0.));
#1034 = ADVANCED_FACE('',(#1035),#1054,.F.);
#1035 = FACE_BOUND('',#1036,.T.);
#1036 = EDGE_LOOP('',(#1037,#1045,#1052,#1053));
#1037 = ORIENTED_EDGE('',*,*,#1038,.T.);
#1038 = EDGE_CURVE('',#802,#1039,#1041,.T.);
#1039 = VERTEX_POINT('',#1040);
#1040 = CARTESIAN_POINT('',(62.8,120.,54.9));
#1041 = LINE('',#1042,#1043);
#1042 = CARTESIAN_POINT('',(62.8,120.,51.95));
#1043 = VECTOR('',#1044,1.);
#1044 = DIRECTION('',(0.,0.,1.));
#1045 = ORIENTED_EDGE('',*,*,#1046,.F.);
#1046 = EDGE_CURVE('',#1039,#1039,#1047,.T.);
#1047 = CIRCLE('',#1048,4.2);
#1048 = AXIS2_PLACEMENT_3D('',#1049,#1050,#1051);
#1049 = CARTESIAN_POINT('',(67.,120.,54.9));
#1050 = DIRECTION('',(0.,0.,-1.));
#1051 = DIRECTION('',(-1.,-0.,-0.));
#1052 = ORIENTED_EDGE('',*,*,#1038,.F.);
#1053 = ORIENTED_EDGE('',*,*,#801,.T.);
#1054 = CYLINDRICAL_SURFACE('',#1055,4.2);
#1055 = AXIS2_PLACEMENT_3D('',#1056,#1057,#1058);
#1056 = CARTESIAN_POINT('',(67.,120.,51.95));
#1057 = DIRECTION('',(0.,0.,1.));
#1058 = DIRECTION('',(-1.,-0.,-0.));
#1059 = ADVANCED_FACE('',(#1060),#1079,.F.);
#1060 = FACE_BOUND('',#1061,.T.);
#1061 = EDGE_LOOP('',(#1062,#1070,#1077,#1078));
#1062 = ORIENTED_EDGE('',*,*,#1063,.T.);
#1063 = EDGE_CURVE('',#813,#1064,#1066,.T.);
#1064 = VERTEX_POINT('',#1065);
#1065 = CARTESIAN_POINT('',(59.6,135.,58.));
#1066 = LINE('',#1067,#1068);
#1067 = CARTESIAN_POINT('',(59.6,135.,51.95));
#1068 = VECTOR('',#1069,1.);
#1069 = DIRECTION('',(0.,0.,1.));
#1070 = ORIENTED_EDGE('',*,*,#1071,.F.);
#1071 = EDGE_CURVE('',#1064,#1064,#1072,.T.);
#1072 = CIRCLE('',#1073,4.9);
#1073 = AXIS2_PLACEMENT_3D('',#1074,#1075,#1076);
#1074 = CARTESIAN_POINT('',(64.5,135.,58.));
#1075 = DIRECTION('',(0.,0.,-1.));
#1076 = DIRECTION('',(-1.,-0.,-0.));
#1077 = ORIENTED_EDGE('',*,*,#1063,.F.);
#1078 = ORIENTED_EDGE('',*,*,#812,.T.);
#1079 = CYLINDRICAL_SURFACE('',#1080,4.9);
#1080 = AXIS2_PLACEMENT_3D('',#1081,#1082,#1083);
#1081 = CARTESIAN_POINT('',(64.5,135.,51.95));
#1082 = DIRECTION('',(0.,0.,1.));
#1083 = DIRECTION('',(-1.,-0.,-0.));
#1084 = ADVANCED_FACE('',(#1085),#1096,.F.);
#1085 = FACE_BOUND('',#1086,.T.);
#1086 = EDGE_LOOP('',(#1087,#1088,#1094,#1095));
#1087 = ORIENTED_EDGE('',*,*,#913,.F.);
#1088 = ORIENTED_EDGE('',*,*,#1089,.F.);
#1089 = EDGE_CURVE('',#841,#914,#1090,.T.);
#1090 = LINE('',#1091,#1092);
#1091 = CARTESIAN_POINT('',(58.8,134.5,66.2));
#1092 = VECTOR('',#1093,1.);
#1093 = DIRECTION('',(1.,0.,0.));
#1094 = ORIENTED_EDGE('',*,*,#840,.T.);
#1095 = ORIENTED_EDGE('',*,*,#1089,.T.);
#1096 = CYLINDRICAL_SURFACE('',#1097,1.8);
#1097 = AXIS2_PLACEMENT_3D('',#1098,#1099,#1100);
#1098 = CARTESIAN_POINT('',(58.8,134.5,68.));
#1099 = DIRECTION('',(1.,0.,0.));
#1100 = DIRECTION('',(-0.,-0.,-1.));
#1101 = ADVANCED_FACE('',(#1102),#1113,.F.);
#1102 = FACE_BOUND('',#1103,.T.);
#1103 = EDGE_LOOP('',(#1104,#1105,#1111,#1112));
#1104 = ORIENTED_EDGE('',*,*,#924,.F.);
#1105 = ORIENTED_EDGE('',*,*,#1106,.F.);
#1106 = EDGE_CURVE('',#852,#925,#1107,.T.);
#1107 = LINE('',#1108,#1109);
#1108 = CARTESIAN_POINT('',(58.8,134.5,74.2));
#1109 = VECTOR('',#1110,1.);
#1110 = DIRECTION('',(1.,0.,0.));
#1111 = ORIENTED_EDGE('',*,*,#851,.T.);
#1112 = ORIENTED_EDGE('',*,*,#1106,.T.);
#1113 = CYLINDRICAL_SURFACE('',#1114,1.8);
#1114 = AXIS2_PLACEMENT_3D('',#1115,#1116,#1117);
#1115 = CARTESIAN_POINT('',(58.8,134.5,76.));
#1116 = DIRECTION('',(1.,0.,0.));
#1117 = DIRECTION('',(-0.,-0.,-1.));
#1118 = ADVANCED_FACE('',(#1119),#1130,.F.);
#1119 = FACE_BOUND('',#1120,.T.);
#1120 = EDGE_LOOP('',(#1121,#1122,#1128,#1129));
#1121 = ORIENTED_EDGE('',*,*,#935,.F.);
#1122 = ORIENTED_EDGE('',*,*,#1123,.F.);
#1123 = EDGE_CURVE('',#863,#936,#1124,.T.);
#1124 = LINE('',#1125,#1126);
#1125 = CARTESIAN_POINT('',(58.8,95.,66.2));
#1126 = VECTOR('',#1127,1.);
#1127 = DIRECTION('',(1.,0.,0.));
#1128 = ORIENTED_EDGE('',*,*,#862,.T.);
#1129 = ORIENTED_EDGE('',*,*,#1123,.T.);
#1130 = CYLINDRICAL_SURFACE('',#1131,1.8);
#1131 = AXIS2_PLACEMENT_3D('',#1132,#1133,#1134);
#1132 = CARTESIAN_POINT('',(58.8,95.,68.));
#1133 = DIRECTION('',(1.,0.,0.));
#1134 = DIRECTION('',(-0.,-0.,-1.));
#1135 = ADVANCED_FACE('',(#1136),#1147,.F.);
#1136 = FACE_BOUND('',#1137,.T.);
#1137 = EDGE_LOOP('',(#1138,#1139,#1145,#1146));
#1138 = ORIENTED_EDGE('',*,*,#946,.F.);
#1139 = ORIENTED_EDGE('',*,*,#1140,.F.);
#1140 = EDGE_CURVE('',#874,#947,#1141,.T.);
#1141 = LINE('',#1142,#1143);
#1142 = CARTESIAN_POINT('',(58.8,95.,74.2));
#1143 = VECTOR('',#1144,1.);
#1144 = DIRECTION('',(1.,0.,0.));
#1145 = ORIENTED_EDGE('',*,*,#873,.T.);
#1146 = ORIENTED_EDGE('',*,*,#1140,.T.);
#1147 = CYLINDRICAL_SURFACE('',#1148,1.8);
#1148 = AXIS2_PLACEMENT_3D('',#1149,#1150,#1151);
#1149 = CARTESIAN_POINT('',(58.8,95.,76.));
#1150 = DIRECTION('',(1.,0.,0.));
#1151 = DIRECTION('',(-0.,-0.,-1.));
#1152 = ADVANCED_FACE('',(#1153,#1156),#1159,.F.);
#1153 = FACE_BOUND('',#1154,.T.);
#1154 = EDGE_LOOP('',(#1155));
#1155 = ORIENTED_EDGE('',*,*,#1021,.T.);
#1156 = FACE_BOUND('',#1157,.T.);
#1157 = EDGE_LOOP('',(#1158));
#1158 = ORIENTED_EDGE('',*,*,#972,.F.);
#1159 = PLANE('',#1160);
#1160 = AXIS2_PLACEMENT_3D('',#1161,#1162,#1163);
#1161 = CARTESIAN_POINT('',(64.5,95.,58.));
#1162 = DIRECTION('',(0.,0.,1.));
#1163 = DIRECTION('',(1.,0.,0.));
#1164 = ADVANCED_FACE('',(#1165,#1168),#1171,.F.);
#1165 = FACE_BOUND('',#1166,.T.);
#1166 = EDGE_LOOP('',(#1167));
#1167 = ORIENTED_EDGE('',*,*,#1071,.T.);
#1168 = FACE_BOUND('',#1169,.T.);
#1169 = EDGE_LOOP('',(#1170));
#1170 = ORIENTED_EDGE('',*,*,#997,.F.);
#1171 = PLANE('',#1172);
#1172 = AXIS2_PLACEMENT_3D('',#1173,#1174,#1175);
#1173 = CARTESIAN_POINT('',(64.5,135.,58.));
#1174 = DIRECTION('',(0.,0.,1.));
#1175 = DIRECTION('',(1.,0.,0.));
#1176 = ADVANCED_FACE('',(#1177),#1180,.F.);
#1177 = FACE_BOUND('',#1178,.T.);
#1178 = EDGE_LOOP('',(#1179));
#1179 = ORIENTED_EDGE('',*,*,#1046,.T.);
#1180 = PLANE('',#1181);
#1181 = AXIS2_PLACEMENT_3D('',#1182,#1183,#1184);
#1182 = CARTESIAN_POINT('',(67.,120.,54.9));
#1183 = DIRECTION('',(0.,0.,1.));
#1184 = DIRECTION('',(1.,0.,0.));
#1185 = BREP_WITH_VOIDS('',#1186,(#2729,#2782,#2835,#2888));
#1186 = CLOSED_SHELL('',(#1187,#1235,#1408,#1466,#1522,#1591,#1686,#1739
    ,#1764,#1825,#1842,#1895,#1920,#1981,#1998,#2011,#2132,#2143,#2264,
    #2275,#2298,#2322,#2338,#2350,#2366,#2383,#2394,#2437,#2499,#2524,
    #2549,#2558,#2580,#2591,#2600,#2622,#2633,#2649,#2659,#2684,#2700,
    #2711,#2720));
#1187 = ADVANCED_FACE('',(#1188),#1230,.T.);
#1188 = FACE_BOUND('',#1189,.T.);
#1189 = EDGE_LOOP('',(#1190,#1200,#1208,#1216,#1224));
#1190 = ORIENTED_EDGE('',*,*,#1191,.T.);
#1191 = EDGE_CURVE('',#1192,#1194,#1196,.T.);
#1192 = VERTEX_POINT('',#1193);
#1193 = CARTESIAN_POINT('',(17.,89.,62.));
#1194 = VERTEX_POINT('',#1195);
#1195 = CARTESIAN_POINT('',(17.,89.,87.786796564404));
#1196 = LINE('',#1197,#1198);
#1197 = CARTESIAN_POINT('',(17.,89.,62.));
#1198 = VECTOR('',#1199,1.);
#1199 = DIRECTION('',(0.,0.,1.));
#1200 = ORIENTED_EDGE('',*,*,#1201,.T.);
#1201 = EDGE_CURVE('',#1194,#1202,#1204,.T.);
#1202 = VERTEX_POINT('',#1203);
#1203 = CARTESIAN_POINT('',(-18.7867965644,89.,52.));
#1204 = LINE('',#1205,#1206);
#1205 = CARTESIAN_POINT('',(17.,89.,87.786796564404));
#1206 = VECTOR('',#1207,1.);
#1207 = DIRECTION('',(-0.707106781187,0.,-0.707106781187));
#1208 = ORIENTED_EDGE('',*,*,#1209,.T.);
#1209 = EDGE_CURVE('',#1202,#1210,#1212,.T.);
#1210 = VERTEX_POINT('',#1211);
#1211 = CARTESIAN_POINT('',(0.,89.,52.));
#1212 = LINE('',#1213,#1214);
#1213 = CARTESIAN_POINT('',(-18.7867965644,89.,52.));
#1214 = VECTOR('',#1215,1.);
#1215 = DIRECTION('',(1.,0.,0.));
#1216 = ORIENTED_EDGE('',*,*,#1217,.T.);
#1217 = EDGE_CURVE('',#1210,#1218,#1220,.T.);
#1218 = VERTEX_POINT('',#1219);
#1219 = CARTESIAN_POINT('',(0.,89.,62.));
#1220 = LINE('',#1221,#1222);
#1221 = CARTESIAN_POINT('',(0.,89.,52.));
#1222 = VECTOR('',#1223,1.);
#1223 = DIRECTION('',(0.,0.,1.));
#1224 = ORIENTED_EDGE('',*,*,#1225,.T.);
#1225 = EDGE_CURVE('',#1218,#1192,#1226,.T.);
#1226 = LINE('',#1227,#1228);
#1227 = CARTESIAN_POINT('',(0.,89.,62.));
#1228 = VECTOR('',#1229,1.);
#1229 = DIRECTION('',(1.,0.,0.));
#1230 = PLANE('',#1231);
#1231 = AXIS2_PLACEMENT_3D('',#1232,#1233,#1234);
#1232 = CARTESIAN_POINT('',(3.262379881318,89.,66.075266754784));
#1233 = DIRECTION('',(-0.,-1.,-0.));
#1234 = DIRECTION('',(0.,0.,-1.));
#1235 = ADVANCED_FACE('',(#1236,#1363,#1383),#1403,.T.);
#1236 = FACE_BOUND('',#1237,.T.);
#1237 = EDGE_LOOP('',(#1238,#1239,#1247,#1255,#1263,#1272,#1280,#1289,
    #1297,#1306,#1314,#1323,#1331,#1340,#1348,#1357));
#1238 = ORIENTED_EDGE('',*,*,#1191,.F.);
#1239 = ORIENTED_EDGE('',*,*,#1240,.T.);
#1240 = EDGE_CURVE('',#1192,#1241,#1243,.T.);
#1241 = VERTEX_POINT('',#1242);
#1242 = CARTESIAN_POINT('',(17.,140.5,62.));
#1243 = LINE('',#1244,#1245);
#1244 = CARTESIAN_POINT('',(17.,89.,62.));
#1245 = VECTOR('',#1246,1.);
#1246 = DIRECTION('',(0.,1.,0.));
#1247 = ORIENTED_EDGE('',*,*,#1248,.T.);
#1248 = EDGE_CURVE('',#1241,#1249,#1251,.T.);
#1249 = VERTEX_POINT('',#1250);
#1250 = CARTESIAN_POINT('',(17.,140.5,87.786796564404));
#1251 = LINE('',#1252,#1253);
#1252 = CARTESIAN_POINT('',(17.,140.5,62.));
#1253 = VECTOR('',#1254,1.);
#1254 = DIRECTION('',(0.,0.,1.));
#1255 = ORIENTED_EDGE('',*,*,#1256,.F.);
#1256 = EDGE_CURVE('',#1257,#1249,#1259,.T.);
#1257 = VERTEX_POINT('',#1258);
#1258 = CARTESIAN_POINT('',(17.,137.35553114763,87.786796564404));
#1259 = LINE('',#1260,#1261);
#1260 = CARTESIAN_POINT('',(17.,89.,87.786796564404));
#1261 = VECTOR('',#1262,1.);
#1262 = DIRECTION('',(0.,1.,0.));
#1263 = ORIENTED_EDGE('',*,*,#1264,.F.);
#1264 = EDGE_CURVE('',#1265,#1257,#1267,.T.);
#1265 = VERTEX_POINT('',#1266);
#1266 = CARTESIAN_POINT('',(17.,138.51702723666,80.));
#1267 = ELLIPSE('',#1268,6.363961030679,4.5);
#1268 = AXIS2_PLACEMENT_3D('',#1269,#1270,#1271);
#1269 = CARTESIAN_POINT('',(17.,134.5,82.868272016355));
#1270 = DIRECTION('',(1.,0.,-0.));
#1271 = DIRECTION('',(0.,0.,1.));
#1272 = ORIENTED_EDGE('',*,*,#1273,.F.);
#1273 = EDGE_CURVE('',#1274,#1265,#1276,.T.);
#1274 = VERTEX_POINT('',#1275);
#1275 = CARTESIAN_POINT('',(17.,135.58466945199,80.));
#1276 = LINE('',#1277,#1278);
#1277 = CARTESIAN_POINT('',(17.,89.,80.));
#1278 = VECTOR('',#1279,1.);
#1279 = DIRECTION('',(0.,1.,0.));
#1280 = ORIENTED_EDGE('',*,*,#1281,.F.);
#1281 = EDGE_CURVE('',#1282,#1274,#1284,.T.);
#1282 = VERTEX_POINT('',#1283);
#1283 = CARTESIAN_POINT('',(17.,133.415330548,80.));
#1284 = ELLIPSE('',#1285,3.252691193458,2.3);
#1285 = AXIS2_PLACEMENT_3D('',#1286,#1287,#1288);
#1286 = CARTESIAN_POINT('',(17.,134.5,82.868272016355));
#1287 = DIRECTION('',(1.,0.,-0.));
#1288 = DIRECTION('',(0.,0.,1.));
#1289 = ORIENTED_EDGE('',*,*,#1290,.F.);
#1290 = EDGE_CURVE('',#1291,#1282,#1293,.T.);
#1291 = VERTEX_POINT('',#1292);
#1292 = CARTESIAN_POINT('',(17.,130.48297276333,80.));
#1293 = LINE('',#1294,#1295);
#1294 = CARTESIAN_POINT('',(17.,89.,80.));
#1295 = VECTOR('',#1296,1.);
#1296 = DIRECTION('',(0.,1.,0.));
#1297 = ORIENTED_EDGE('',*,*,#1298,.F.);
#1298 = EDGE_CURVE('',#1299,#1291,#1301,.T.);
#1299 = VERTEX_POINT('',#1300);
#1300 = CARTESIAN_POINT('',(17.,131.64446885236,87.786796564404));
#1301 = ELLIPSE('',#1302,6.363961030679,4.5);
#1302 = AXIS2_PLACEMENT_3D('',#1303,#1304,#1305);
#1303 = CARTESIAN_POINT('',(17.,134.5,82.868272016355));
#1304 = DIRECTION('',(1.,0.,-0.));
#1305 = DIRECTION('',(0.,0.,1.));
#1306 = ORIENTED_EDGE('',*,*,#1307,.F.);
#1307 = EDGE_CURVE('',#1308,#1299,#1310,.T.);
#1308 = VERTEX_POINT('',#1309);
#1309 = CARTESIAN_POINT('',(17.,97.855531147636,87.786796564404));
#1310 = LINE('',#1311,#1312);
#1311 = CARTESIAN_POINT('',(17.,89.,87.786796564404));
#1312 = VECTOR('',#1313,1.);
#1313 = DIRECTION('',(0.,1.,0.));
#1314 = ORIENTED_EDGE('',*,*,#1315,.F.);
#1315 = EDGE_CURVE('',#1316,#1308,#1318,.T.);
#1316 = VERTEX_POINT('',#1317);
#1317 = CARTESIAN_POINT('',(17.,99.017027236664,80.));
#1318 = ELLIPSE('',#1319,6.363961030679,4.5);
#1319 = AXIS2_PLACEMENT_3D('',#1320,#1321,#1322);
#1320 = CARTESIAN_POINT('',(17.,95.,82.868272016355));
#1321 = DIRECTION('',(1.,0.,-0.));
#1322 = DIRECTION('',(0.,0.,1.));
#1323 = ORIENTED_EDGE('',*,*,#1324,.F.);
#1324 = EDGE_CURVE('',#1325,#1316,#1327,.T.);
#1325 = VERTEX_POINT('',#1326);
#1326 = CARTESIAN_POINT('',(17.,96.084669451999,80.));
#1327 = LINE('',#1328,#1329);
#1328 = CARTESIAN_POINT('',(17.,89.,80.));
#1329 = VECTOR('',#1330,1.);
#1330 = DIRECTION('',(0.,1.,0.));
#1331 = ORIENTED_EDGE('',*,*,#1332,.F.);
#1332 = EDGE_CURVE('',#1333,#1325,#1335,.T.);
#1333 = VERTEX_POINT('',#1334);
#1334 = CARTESIAN_POINT('',(17.,93.915330548001,80.));
#1335 = ELLIPSE('',#1336,3.252691193458,2.3);
#1336 = AXIS2_PLACEMENT_3D('',#1337,#1338,#1339);
#1337 = CARTESIAN_POINT('',(17.,95.,82.868272016355));
#1338 = DIRECTION('',(1.,0.,-0.));
#1339 = DIRECTION('',(0.,0.,1.));
#1340 = ORIENTED_EDGE('',*,*,#1341,.F.);
#1341 = EDGE_CURVE('',#1342,#1333,#1344,.T.);
#1342 = VERTEX_POINT('',#1343);
#1343 = CARTESIAN_POINT('',(17.,90.982972763336,80.));
#1344 = LINE('',#1345,#1346);
#1345 = CARTESIAN_POINT('',(17.,89.,80.));
#1346 = VECTOR('',#1347,1.);
#1347 = DIRECTION('',(0.,1.,0.));
#1348 = ORIENTED_EDGE('',*,*,#1349,.F.);
#1349 = EDGE_CURVE('',#1350,#1342,#1352,.T.);
#1350 = VERTEX_POINT('',#1351);
#1351 = CARTESIAN_POINT('',(17.,92.144468852364,87.786796564404));
#1352 = ELLIPSE('',#1353,6.363961030679,4.5);
#1353 = AXIS2_PLACEMENT_3D('',#1354,#1355,#1356);
#1354 = CARTESIAN_POINT('',(17.,95.,82.868272016355));
#1355 = DIRECTION('',(1.,0.,-0.));
#1356 = DIRECTION('',(0.,0.,1.));
#1357 = ORIENTED_EDGE('',*,*,#1358,.F.);
#1358 = EDGE_CURVE('',#1194,#1350,#1359,.T.);
#1359 = LINE('',#1360,#1361);
#1360 = CARTESIAN_POINT('',(17.,89.,87.786796564404));
#1361 = VECTOR('',#1362,1.);
#1362 = DIRECTION('',(0.,1.,0.));
#1363 = FACE_BOUND('',#1364,.T.);
#1364 = EDGE_LOOP('',(#1365,#1376));
#1365 = ORIENTED_EDGE('',*,*,#1366,.T.);
#1366 = EDGE_CURVE('',#1367,#1369,#1371,.T.);
#1367 = VERTEX_POINT('',#1368);
#1368 = CARTESIAN_POINT('',(17.,132.94042175226,76.898730042438));
#1369 = VERTEX_POINT('',#1370);
#1370 = CARTESIAN_POINT('',(17.,136.05957824773,76.898730042438));
#1371 = CIRCLE('',#1372,1.8);
#1372 = AXIS2_PLACEMENT_3D('',#1373,#1374,#1375);
#1373 = CARTESIAN_POINT('',(17.,134.5,76.));
#1374 = DIRECTION('',(-1.,0.,0.));
#1375 = DIRECTION('',(0.,0.,-1.));
#1376 = ORIENTED_EDGE('',*,*,#1377,.F.);
#1377 = EDGE_CURVE('',#1367,#1369,#1378,.T.);
#1378 = ELLIPSE('',#1379,6.363961030679,4.5);
#1379 = AXIS2_PLACEMENT_3D('',#1380,#1381,#1382);
#1380 = CARTESIAN_POINT('',(17.,134.5,82.868272016355));
#1381 = DIRECTION('',(1.,0.,-0.));
#1382 = DIRECTION('',(0.,0.,1.));
#1383 = FACE_BOUND('',#1384,.T.);
#1384 = EDGE_LOOP('',(#1385,#1396));
#1385 = ORIENTED_EDGE('',*,*,#1386,.T.);
#1386 = EDGE_CURVE('',#1387,#1389,#1391,.T.);
#1387 = VERTEX_POINT('',#1388);
#1388 = CARTESIAN_POINT('',(17.,93.440421752261,76.898730042438));
#1389 = VERTEX_POINT('',#1390);
#1390 = CARTESIAN_POINT('',(17.,96.559578247739,76.898730042438));
#1391 = CIRCLE('',#1392,1.8);
#1392 = AXIS2_PLACEMENT_3D('',#1393,#1394,#1395);
#1393 = CARTESIAN_POINT('',(17.,95.,76.));
#1394 = DIRECTION('',(-1.,0.,0.));
#1395 = DIRECTION('',(0.,0.,-1.));
#1396 = ORIENTED_EDGE('',*,*,#1397,.F.);
#1397 = EDGE_CURVE('',#1387,#1389,#1398,.T.);
#1398 = ELLIPSE('',#1399,6.363961030679,4.5);
#1399 = AXIS2_PLACEMENT_3D('',#1400,#1401,#1402);
#1400 = CARTESIAN_POINT('',(17.,95.,82.868272016355));
#1401 = DIRECTION('',(1.,0.,-0.));
#1402 = DIRECTION('',(0.,0.,1.));
#1403 = PLANE('',#1404);
#1404 = AXIS2_PLACEMENT_3D('',#1405,#1406,#1407);
#1405 = CARTESIAN_POINT('',(17.,114.75,76.102890721183));
#1406 = DIRECTION('',(1.,0.,0.));
#1407 = DIRECTION('',(0.,0.,1.));
#1408 = ADVANCED_FACE('',(#1409,#1427),#1461,.T.);
#1409 = FACE_BOUND('',#1410,.T.);
#1410 = EDGE_LOOP('',(#1411,#1412,#1420,#1426));
#1411 = ORIENTED_EDGE('',*,*,#1225,.F.);
#1412 = ORIENTED_EDGE('',*,*,#1413,.T.);
#1413 = EDGE_CURVE('',#1218,#1414,#1416,.T.);
#1414 = VERTEX_POINT('',#1415);
#1415 = CARTESIAN_POINT('',(0.,140.5,62.));
#1416 = LINE('',#1417,#1418);
#1417 = CARTESIAN_POINT('',(0.,89.,62.));
#1418 = VECTOR('',#1419,1.);
#1419 = DIRECTION('',(0.,1.,0.));
#1420 = ORIENTED_EDGE('',*,*,#1421,.T.);
#1421 = EDGE_CURVE('',#1414,#1241,#1422,.T.);
#1422 = LINE('',#1423,#1424);
#1423 = CARTESIAN_POINT('',(0.,140.5,62.));
#1424 = VECTOR('',#1425,1.);
#1425 = DIRECTION('',(1.,0.,0.));
#1426 = ORIENTED_EDGE('',*,*,#1240,.F.);
#1427 = FACE_BOUND('',#1428,.T.);
#1428 = EDGE_LOOP('',(#1429,#1439,#1447,#1455));
#1429 = ORIENTED_EDGE('',*,*,#1430,.T.);
#1430 = EDGE_CURVE('',#1431,#1433,#1435,.T.);
#1431 = VERTEX_POINT('',#1432);
#1432 = CARTESIAN_POINT('',(9.597979746447,98.,62.));
#1433 = VERTEX_POINT('',#1434);
#1434 = CARTESIAN_POINT('',(13.,98.,62.));
#1435 = LINE('',#1436,#1437);
#1436 = CARTESIAN_POINT('',(0.,98.,62.));
#1437 = VECTOR('',#1438,1.);
#1438 = DIRECTION('',(1.,0.,0.));
#1439 = ORIENTED_EDGE('',*,*,#1440,.T.);
#1440 = EDGE_CURVE('',#1433,#1441,#1443,.T.);
#1441 = VERTEX_POINT('',#1442);
#1442 = CARTESIAN_POINT('',(13.,131.5,62.));
#1443 = LINE('',#1444,#1445);
#1444 = CARTESIAN_POINT('',(13.,89.,62.));
#1445 = VECTOR('',#1446,1.);
#1446 = DIRECTION('',(0.,1.,0.));
#1447 = ORIENTED_EDGE('',*,*,#1448,.F.);
#1448 = EDGE_CURVE('',#1449,#1441,#1451,.T.);
#1449 = VERTEX_POINT('',#1450);
#1450 = CARTESIAN_POINT('',(9.597979746447,131.5,62.));
#1451 = LINE('',#1452,#1453);
#1452 = CARTESIAN_POINT('',(0.,131.5,62.));
#1453 = VECTOR('',#1454,1.);
#1454 = DIRECTION('',(1.,0.,0.));
#1455 = ORIENTED_EDGE('',*,*,#1456,.F.);
#1456 = EDGE_CURVE('',#1431,#1449,#1457,.T.);
#1457 = LINE('',#1458,#1459);
#1458 = CARTESIAN_POINT('',(9.597979746447,101.875,62.));
#1459 = VECTOR('',#1460,1.);
#1460 = DIRECTION('',(0.,1.,0.));
#1461 = PLANE('',#1462);
#1462 = AXIS2_PLACEMENT_3D('',#1463,#1464,#1465);
#1463 = CARTESIAN_POINT('',(8.5,114.75,62.));
#1464 = DIRECTION('',(-0.,-0.,-1.));
#1465 = DIRECTION('',(-1.,0.,0.));
#1466 = ADVANCED_FACE('',(#1467),#1517,.T.);
#1467 = FACE_BOUND('',#1468,.T.);
#1468 = EDGE_LOOP('',(#1469,#1470,#1478,#1486,#1494,#1502,#1510,#1516));
#1469 = ORIENTED_EDGE('',*,*,#1217,.F.);
#1470 = ORIENTED_EDGE('',*,*,#1471,.T.);
#1471 = EDGE_CURVE('',#1210,#1472,#1474,.T.);
#1472 = VERTEX_POINT('',#1473);
#1473 = CARTESIAN_POINT('',(0.,98.,52.));
#1474 = LINE('',#1475,#1476);
#1475 = CARTESIAN_POINT('',(0.,89.,52.));
#1476 = VECTOR('',#1477,1.);
#1477 = DIRECTION('',(0.,1.,0.));
#1478 = ORIENTED_EDGE('',*,*,#1479,.T.);
#1479 = EDGE_CURVE('',#1472,#1480,#1482,.T.);
#1480 = VERTEX_POINT('',#1481);
#1481 = CARTESIAN_POINT('',(0.,98.,52.402020253553));
#1482 = LINE('',#1483,#1484);
#1483 = CARTESIAN_POINT('',(0.,98.,52.));
#1484 = VECTOR('',#1485,1.);
#1485 = DIRECTION('',(0.,0.,1.));
#1486 = ORIENTED_EDGE('',*,*,#1487,.T.);
#1487 = EDGE_CURVE('',#1480,#1488,#1490,.T.);
#1488 = VERTEX_POINT('',#1489);
#1489 = CARTESIAN_POINT('',(0.,131.5,52.402020253553));
#1490 = LINE('',#1491,#1492);
#1491 = CARTESIAN_POINT('',(0.,101.875,52.402020253553));
#1492 = VECTOR('',#1493,1.);
#1493 = DIRECTION('',(0.,1.,0.));
#1494 = ORIENTED_EDGE('',*,*,#1495,.F.);
#1495 = EDGE_CURVE('',#1496,#1488,#1498,.T.);
#1496 = VERTEX_POINT('',#1497);
#1497 = CARTESIAN_POINT('',(0.,131.5,52.));
#1498 = LINE('',#1499,#1500);
#1499 = CARTESIAN_POINT('',(0.,131.5,52.));
#1500 = VECTOR('',#1501,1.);
#1501 = DIRECTION('',(0.,0.,1.));
#1502 = ORIENTED_EDGE('',*,*,#1503,.T.);
#1503 = EDGE_CURVE('',#1496,#1504,#1506,.T.);
#1504 = VERTEX_POINT('',#1505);
#1505 = CARTESIAN_POINT('',(0.,140.5,52.));
#1506 = LINE('',#1507,#1508);
#1507 = CARTESIAN_POINT('',(0.,131.5,52.));
#1508 = VECTOR('',#1509,1.);
#1509 = DIRECTION('',(0.,1.,0.));
#1510 = ORIENTED_EDGE('',*,*,#1511,.T.);
#1511 = EDGE_CURVE('',#1504,#1414,#1512,.T.);
#1512 = LINE('',#1513,#1514);
#1513 = CARTESIAN_POINT('',(0.,140.5,52.));
#1514 = VECTOR('',#1515,1.);
#1515 = DIRECTION('',(0.,0.,1.));
#1516 = ORIENTED_EDGE('',*,*,#1413,.F.);
#1517 = PLANE('',#1518);
#1518 = AXIS2_PLACEMENT_3D('',#1519,#1520,#1521);
#1519 = CARTESIAN_POINT('',(0.,114.75,57.077615368637));
#1520 = DIRECTION('',(1.,0.,0.));
#1521 = DIRECTION('',(0.,0.,1.));
#1522 = ADVANCED_FACE('',(#1523,#1564,#1575),#1586,.T.);
#1523 = FACE_BOUND('',#1524,.T.);
#1524 = EDGE_LOOP('',(#1525,#1533,#1539,#1540,#1548,#1556,#1562,#1563));
#1525 = ORIENTED_EDGE('',*,*,#1526,.T.);
#1526 = EDGE_CURVE('',#1202,#1527,#1529,.T.);
#1527 = VERTEX_POINT('',#1528);
#1528 = CARTESIAN_POINT('',(-18.7867965644,140.5,52.));
#1529 = LINE('',#1530,#1531);
#1530 = CARTESIAN_POINT('',(-18.7867965644,89.,52.));
#1531 = VECTOR('',#1532,1.);
#1532 = DIRECTION('',(0.,1.,0.));
#1533 = ORIENTED_EDGE('',*,*,#1534,.T.);
#1534 = EDGE_CURVE('',#1527,#1504,#1535,.T.);
#1535 = LINE('',#1536,#1537);
#1536 = CARTESIAN_POINT('',(-18.7867965644,140.5,52.));
#1537 = VECTOR('',#1538,1.);
#1538 = DIRECTION('',(1.,0.,0.));
#1539 = ORIENTED_EDGE('',*,*,#1503,.F.);
#1540 = ORIENTED_EDGE('',*,*,#1541,.F.);
#1541 = EDGE_CURVE('',#1542,#1496,#1544,.T.);
#1542 = VERTEX_POINT('',#1543);
#1543 = CARTESIAN_POINT('',(-0.402020253553,131.5,52.));
#1544 = LINE('',#1545,#1546);
#1545 = CARTESIAN_POINT('',(-18.7867965644,131.5,52.));
#1546 = VECTOR('',#1547,1.);
#1547 = DIRECTION('',(1.,0.,0.));
#1548 = ORIENTED_EDGE('',*,*,#1549,.F.);
#1549 = EDGE_CURVE('',#1550,#1542,#1552,.T.);
#1550 = VERTEX_POINT('',#1551);
#1551 = CARTESIAN_POINT('',(-0.402020253553,98.,52.));
#1552 = LINE('',#1553,#1554);
#1553 = CARTESIAN_POINT('',(-0.402020253553,99.875,52.));
#1554 = VECTOR('',#1555,1.);
#1555 = DIRECTION('',(0.,1.,0.));
#1556 = ORIENTED_EDGE('',*,*,#1557,.T.);
#1557 = EDGE_CURVE('',#1550,#1472,#1558,.T.);
#1558 = LINE('',#1559,#1560);
#1559 = CARTESIAN_POINT('',(-18.7867965644,98.,52.));
#1560 = VECTOR('',#1561,1.);
#1561 = DIRECTION('',(1.,0.,0.));
#1562 = ORIENTED_EDGE('',*,*,#1471,.F.);
#1563 = ORIENTED_EDGE('',*,*,#1209,.F.);
#1564 = FACE_BOUND('',#1565,.T.);
#1565 = EDGE_LOOP('',(#1566));
#1566 = ORIENTED_EDGE('',*,*,#1567,.F.);
#1567 = EDGE_CURVE('',#1568,#1568,#1570,.T.);
#1568 = VERTEX_POINT('',#1569);
#1569 = CARTESIAN_POINT('',(-1.629202666704,95.,52.));
#1570 = ELLIPSE('',#1571,6.363961030679,4.5);
#1571 = AXIS2_PLACEMENT_3D('',#1572,#1573,#1574);
#1572 = CARTESIAN_POINT('',(-7.993163697383,95.,52.));
#1573 = DIRECTION('',(0.,0.,-1.));
#1574 = DIRECTION('',(-1.,0.,0.));
#1575 = FACE_BOUND('',#1576,.T.);
#1576 = EDGE_LOOP('',(#1577));
#1577 = ORIENTED_EDGE('',*,*,#1578,.F.);
#1578 = EDGE_CURVE('',#1579,#1579,#1581,.T.);
#1579 = VERTEX_POINT('',#1580);
#1580 = CARTESIAN_POINT('',(-1.629202666704,134.5,52.));
#1581 = ELLIPSE('',#1582,6.363961030679,4.5);
#1582 = AXIS2_PLACEMENT_3D('',#1583,#1584,#1585);
#1583 = CARTESIAN_POINT('',(-7.993163697383,134.5,52.));
#1584 = DIRECTION('',(0.,0.,-1.));
#1585 = DIRECTION('',(-1.,0.,0.));
#1586 = PLANE('',#1587);
#1587 = AXIS2_PLACEMENT_3D('',#1588,#1589,#1590);
#1588 = CARTESIAN_POINT('',(-9.436379805543,114.75,52.));
#1589 = DIRECTION('',(-0.,-0.,-1.));
#1590 = DIRECTION('',(-1.,0.,0.));
#1591 = ADVANCED_FACE('',(#1592,#1637,#1648,#1659,#1670),#1681,.T.);
#1592 = FACE_BOUND('',#1593,.T.);
#1593 = EDGE_LOOP('',(#1594,#1595,#1596,#1605,#1612,#1613,#1622,#1629,
    #1630,#1636));
#1594 = ORIENTED_EDGE('',*,*,#1201,.F.);
#1595 = ORIENTED_EDGE('',*,*,#1358,.T.);
#1596 = ORIENTED_EDGE('',*,*,#1597,.T.);
#1597 = EDGE_CURVE('',#1350,#1598,#1600,.T.);
#1598 = VERTEX_POINT('',#1599);
#1599 = CARTESIAN_POINT('',(17.722718241315,95.,88.509514805719));
#1600 = CIRCLE('',#1601,4.5);
#1601 = AXIS2_PLACEMENT_3D('',#1602,#1603,#1604);
#1602 = CARTESIAN_POINT('',(14.540737725976,95.,85.327534290379));
#1603 = DIRECTION('',(-0.707106781187,0.,0.707106781187));
#1604 = DIRECTION('',(0.707106781187,0.,0.707106781187));
#1605 = ORIENTED_EDGE('',*,*,#1606,.T.);
#1606 = EDGE_CURVE('',#1598,#1308,#1607,.T.);
#1607 = CIRCLE('',#1608,4.5);
#1608 = AXIS2_PLACEMENT_3D('',#1609,#1610,#1611);
#1609 = CARTESIAN_POINT('',(14.540737725976,95.,85.327534290379));
#1610 = DIRECTION('',(-0.707106781187,0.,0.707106781187));
#1611 = DIRECTION('',(0.707106781187,0.,0.707106781187));
#1612 = ORIENTED_EDGE('',*,*,#1307,.T.);
#1613 = ORIENTED_EDGE('',*,*,#1614,.T.);
#1614 = EDGE_CURVE('',#1299,#1615,#1617,.T.);
#1615 = VERTEX_POINT('',#1616);
#1616 = CARTESIAN_POINT('',(17.722718241315,134.5,88.509514805719));
#1617 = CIRCLE('',#1618,4.5);
#1618 = AXIS2_PLACEMENT_3D('',#1619,#1620,#1621);
#1619 = CARTESIAN_POINT('',(14.540737725976,134.5,85.327534290379));
#1620 = DIRECTION('',(-0.707106781187,0.,0.707106781187));
#1621 = DIRECTION('',(0.707106781187,0.,0.707106781187));
#1622 = ORIENTED_EDGE('',*,*,#1623,.T.);
#1623 = EDGE_CURVE('',#1615,#1257,#1624,.T.);
#1624 = CIRCLE('',#1625,4.5);
#1625 = AXIS2_PLACEMENT_3D('',#1626,#1627,#1628);
#1626 = CARTESIAN_POINT('',(14.540737725976,134.5,85.327534290379));
#1627 = DIRECTION('',(-0.707106781187,0.,0.707106781187));
#1628 = DIRECTION('',(0.707106781187,0.,0.707106781187));
#1629 = ORIENTED_EDGE('',*,*,#1256,.T.);
#1630 = ORIENTED_EDGE('',*,*,#1631,.T.);
#1631 = EDGE_CURVE('',#1249,#1527,#1632,.T.);
#1632 = LINE('',#1633,#1634);
#1633 = CARTESIAN_POINT('',(17.,140.5,87.786796564404));
#1634 = VECTOR('',#1635,1.);
#1635 = DIRECTION('',(-0.707106781187,0.,-0.707106781187));
#1636 = ORIENTED_EDGE('',*,*,#1526,.F.);
#1637 = FACE_BOUND('',#1638,.T.);
#1638 = EDGE_LOOP('',(#1639));
#1639 = ORIENTED_EDGE('',*,*,#1640,.F.);
#1640 = EDGE_CURVE('',#1641,#1641,#1643,.T.);
#1641 = VERTEX_POINT('',#1642);
#1642 = CARTESIAN_POINT('',(16.167083322705,134.5,86.953879887108));
#1643 = CIRCLE('',#1644,2.3);
#1644 = AXIS2_PLACEMENT_3D('',#1645,#1646,#1647);
#1645 = CARTESIAN_POINT('',(14.540737725976,134.5,85.327534290379));
#1646 = DIRECTION('',(-0.707106781187,0.,0.707106781187));
#1647 = DIRECTION('',(0.707106781187,0.,0.707106781187));
#1648 = FACE_BOUND('',#1649,.T.);
#1649 = EDGE_LOOP('',(#1650));
#1650 = ORIENTED_EDGE('',*,*,#1651,.F.);
#1651 = EDGE_CURVE('',#1652,#1652,#1654,.T.);
#1652 = VERTEX_POINT('',#1653);
#1653 = CARTESIAN_POINT('',(-11.76363453416,134.5,59.02316203024));
#1654 = CIRCLE('',#1655,2.3);
#1655 = AXIS2_PLACEMENT_3D('',#1656,#1657,#1658);
#1656 = CARTESIAN_POINT('',(-13.38998013089,134.5,57.396816433511));
#1657 = DIRECTION('',(-0.707106781187,0.,0.707106781187));
#1658 = DIRECTION('',(0.707106781187,0.,0.707106781187));
#1659 = FACE_BOUND('',#1660,.T.);
#1660 = EDGE_LOOP('',(#1661));
#1661 = ORIENTED_EDGE('',*,*,#1662,.F.);
#1662 = EDGE_CURVE('',#1663,#1663,#1665,.T.);
#1663 = VERTEX_POINT('',#1664);
#1664 = CARTESIAN_POINT('',(16.167083322705,95.,86.953879887108));
#1665 = CIRCLE('',#1666,2.3);
#1666 = AXIS2_PLACEMENT_3D('',#1667,#1668,#1669);
#1667 = CARTESIAN_POINT('',(14.540737725976,95.,85.327534290379));
#1668 = DIRECTION('',(-0.707106781187,0.,0.707106781187));
#1669 = DIRECTION('',(0.707106781187,0.,0.707106781187));
#1670 = FACE_BOUND('',#1671,.T.);
#1671 = EDGE_LOOP('',(#1672));
#1672 = ORIENTED_EDGE('',*,*,#1673,.F.);
#1673 = EDGE_CURVE('',#1674,#1674,#1676,.T.);
#1674 = VERTEX_POINT('',#1675);
#1675 = CARTESIAN_POINT('',(-11.76363453416,95.,59.02316203024));
#1676 = CIRCLE('',#1677,2.3);
#1677 = AXIS2_PLACEMENT_3D('',#1678,#1679,#1680);
#1678 = CARTESIAN_POINT('',(-13.38998013089,95.,57.396816433511));
#1679 = DIRECTION('',(-0.707106781187,0.,0.707106781187));
#1680 = DIRECTION('',(0.707106781187,0.,0.707106781187));
#1681 = PLANE('',#1682);
#1682 = AXIS2_PLACEMENT_3D('',#1683,#1684,#1685);
#1683 = CARTESIAN_POINT('',(-0.784744004254,114.75,70.00205256015));
#1684 = DIRECTION('',(-0.707106781187,0.,0.707106781187));
#1685 = DIRECTION('',(-0.707106781187,0.,-0.707106781187));
#1686 = ADVANCED_FACE('',(#1687),#1734,.T.);
#1687 = FACE_BOUND('',#1688,.T.);
#1688 = EDGE_LOOP('',(#1689,#1697,#1698,#1699,#1708,#1717,#1724,#1725,
    #1726,#1727));
#1689 = ORIENTED_EDGE('',*,*,#1690,.T.);
#1690 = EDGE_CURVE('',#1691,#1598,#1693,.T.);
#1691 = VERTEX_POINT('',#1692);
#1692 = CARTESIAN_POINT('',(28.329319959113,95.,77.90291308792));
#1693 = LINE('',#1694,#1695);
#1694 = CARTESIAN_POINT('',(28.329319959113,95.,77.90291308792));
#1695 = VECTOR('',#1696,1.);
#1696 = DIRECTION('',(-0.707106781187,0.,0.707106781187));
#1697 = ORIENTED_EDGE('',*,*,#1597,.F.);
#1698 = ORIENTED_EDGE('',*,*,#1349,.T.);
#1699 = ORIENTED_EDGE('',*,*,#1700,.T.);
#1700 = EDGE_CURVE('',#1342,#1701,#1703,.T.);
#1701 = VERTEX_POINT('',#1702);
#1702 = CARTESIAN_POINT('',(20.,90.500964117818,80.));
#1703 = ELLIPSE('',#1704,6.363961030679,4.5);
#1704 = AXIS2_PLACEMENT_3D('',#1705,#1706,#1707);
#1705 = CARTESIAN_POINT('',(19.868272016355,95.,80.));
#1706 = DIRECTION('',(0.,0.,1.));
#1707 = DIRECTION('',(-1.,0.,0.));
#1708 = ORIENTED_EDGE('',*,*,#1709,.T.);
#1709 = EDGE_CURVE('',#1701,#1710,#1712,.T.);
#1710 = VERTEX_POINT('',#1711);
#1711 = CARTESIAN_POINT('',(20.,99.499035882182,80.));
#1712 = ELLIPSE('',#1713,6.363961030679,4.5);
#1713 = AXIS2_PLACEMENT_3D('',#1714,#1715,#1716);
#1714 = CARTESIAN_POINT('',(20.,95.,79.868272016355));
#1715 = DIRECTION('',(1.,0.,-0.));
#1716 = DIRECTION('',(0.,0.,1.));
#1717 = ORIENTED_EDGE('',*,*,#1718,.T.);
#1718 = EDGE_CURVE('',#1710,#1316,#1719,.T.);
#1719 = ELLIPSE('',#1720,6.363961030679,4.5);
#1720 = AXIS2_PLACEMENT_3D('',#1721,#1722,#1723);
#1721 = CARTESIAN_POINT('',(19.868272016355,95.,80.));
#1722 = DIRECTION('',(0.,0.,1.));
#1723 = DIRECTION('',(-1.,0.,0.));
#1724 = ORIENTED_EDGE('',*,*,#1315,.T.);
#1725 = ORIENTED_EDGE('',*,*,#1606,.F.);
#1726 = ORIENTED_EDGE('',*,*,#1690,.F.);
#1727 = ORIENTED_EDGE('',*,*,#1728,.T.);
#1728 = EDGE_CURVE('',#1691,#1691,#1729,.T.);
#1729 = CIRCLE('',#1730,4.5);
#1730 = AXIS2_PLACEMENT_3D('',#1731,#1732,#1733);
#1731 = CARTESIAN_POINT('',(25.147339443774,95.,74.720932572581));
#1732 = DIRECTION('',(-0.707106781187,0.,0.707106781187));
#1733 = DIRECTION('',(0.707106781187,0.,0.707106781187));
#1734 = CYLINDRICAL_SURFACE('',#1735,4.5);
#1735 = AXIS2_PLACEMENT_3D('',#1736,#1737,#1738);
#1736 = CARTESIAN_POINT('',(25.147339443774,95.,74.720932572581));
#1737 = DIRECTION('',(-0.707106781187,0.,0.707106781187));
#1738 = DIRECTION('',(0.707106781187,0.,0.707106781187));
#1739 = ADVANCED_FACE('',(#1740),#1759,.F.);
#1740 = FACE_BOUND('',#1741,.F.);
#1741 = EDGE_LOOP('',(#1742,#1743,#1744,#1752));
#1742 = ORIENTED_EDGE('',*,*,#1341,.F.);
#1743 = ORIENTED_EDGE('',*,*,#1700,.T.);
#1744 = ORIENTED_EDGE('',*,*,#1745,.T.);
#1745 = EDGE_CURVE('',#1701,#1746,#1748,.T.);
#1746 = VERTEX_POINT('',#1747);
#1747 = CARTESIAN_POINT('',(20.,92.70188688939,80.));
#1748 = LINE('',#1749,#1750);
#1749 = CARTESIAN_POINT('',(20.,89.,80.));
#1750 = VECTOR('',#1751,1.);
#1751 = DIRECTION('',(0.,1.,0.));
#1752 = ORIENTED_EDGE('',*,*,#1753,.F.);
#1753 = EDGE_CURVE('',#1333,#1746,#1754,.T.);
#1754 = ELLIPSE('',#1755,3.252691193458,2.3);
#1755 = AXIS2_PLACEMENT_3D('',#1756,#1757,#1758);
#1756 = CARTESIAN_POINT('',(19.868272016355,95.,80.));
#1757 = DIRECTION('',(0.,0.,1.));
#1758 = DIRECTION('',(-1.,0.,0.));
#1759 = PLANE('',#1760);
#1760 = AXIS2_PLACEMENT_3D('',#1761,#1762,#1763);
#1761 = CARTESIAN_POINT('',(17.,89.,80.));
#1762 = DIRECTION('',(0.,0.,1.));
#1763 = DIRECTION('',(1.,0.,0.));
#1764 = ADVANCED_FACE('',(#1765),#1820,.F.);
#1765 = FACE_BOUND('',#1766,.F.);
#1766 = EDGE_LOOP('',(#1767,#1768,#1776,#1785,#1794,#1801,#1802,#1803,
    #1812,#1819));
#1767 = ORIENTED_EDGE('',*,*,#1662,.F.);
#1768 = ORIENTED_EDGE('',*,*,#1769,.F.);
#1769 = EDGE_CURVE('',#1770,#1663,#1772,.T.);
#1770 = VERTEX_POINT('',#1771);
#1771 = CARTESIAN_POINT('',(21.823937572197,95.,81.297025637616));
#1772 = LINE('',#1773,#1774);
#1773 = CARTESIAN_POINT('',(21.823937572197,95.,81.297025637616));
#1774 = VECTOR('',#1775,1.);
#1775 = DIRECTION('',(-0.707106781187,0.,0.707106781187));
#1776 = ORIENTED_EDGE('',*,*,#1777,.T.);
#1777 = EDGE_CURVE('',#1770,#1778,#1780,.T.);
#1778 = VERTEX_POINT('',#1779);
#1779 = CARTESIAN_POINT('',(20.,97.282961853046,79.473088065419));
#1780 = CIRCLE('',#1781,2.3);
#1781 = AXIS2_PLACEMENT_3D('',#1782,#1783,#1784);
#1782 = CARTESIAN_POINT('',(20.197591975468,95.,79.670680040887));
#1783 = DIRECTION('',(-0.707106781187,0.,0.707106781187));
#1784 = DIRECTION('',(0.707106781187,0.,0.707106781187));
#1785 = ORIENTED_EDGE('',*,*,#1786,.T.);
#1786 = EDGE_CURVE('',#1778,#1787,#1789,.T.);
#1787 = VERTEX_POINT('',#1788);
#1788 = CARTESIAN_POINT('',(20.,97.29811311061,80.));
#1789 = ELLIPSE('',#1790,3.252691193458,2.3);
#1790 = AXIS2_PLACEMENT_3D('',#1791,#1792,#1793);
#1791 = CARTESIAN_POINT('',(20.,95.,79.868272016355));
#1792 = DIRECTION('',(1.,0.,-0.));
#1793 = DIRECTION('',(0.,0.,1.));
#1794 = ORIENTED_EDGE('',*,*,#1795,.T.);
#1795 = EDGE_CURVE('',#1787,#1325,#1796,.T.);
#1796 = ELLIPSE('',#1797,3.252691193458,2.3);
#1797 = AXIS2_PLACEMENT_3D('',#1798,#1799,#1800);
#1798 = CARTESIAN_POINT('',(19.868272016355,95.,80.));
#1799 = DIRECTION('',(0.,0.,1.));
#1800 = DIRECTION('',(-1.,0.,0.));
#1801 = ORIENTED_EDGE('',*,*,#1332,.F.);
#1802 = ORIENTED_EDGE('',*,*,#1753,.T.);
#1803 = ORIENTED_EDGE('',*,*,#1804,.T.);
#1804 = EDGE_CURVE('',#1746,#1805,#1807,.T.);
#1805 = VERTEX_POINT('',#1806);
#1806 = CARTESIAN_POINT('',(20.,92.717038146954,79.473088065419));
#1807 = ELLIPSE('',#1808,3.252691193458,2.3);
#1808 = AXIS2_PLACEMENT_3D('',#1809,#1810,#1811);
#1809 = CARTESIAN_POINT('',(20.,95.,79.868272016355));
#1810 = DIRECTION('',(1.,0.,-0.));
#1811 = DIRECTION('',(0.,0.,1.));
#1812 = ORIENTED_EDGE('',*,*,#1813,.T.);
#1813 = EDGE_CURVE('',#1805,#1770,#1814,.T.);
#1814 = CIRCLE('',#1815,2.3);
#1815 = AXIS2_PLACEMENT_3D('',#1816,#1817,#1818);
#1816 = CARTESIAN_POINT('',(20.197591975468,95.,79.670680040887));
#1817 = DIRECTION('',(-0.707106781187,0.,0.707106781187));
#1818 = DIRECTION('',(0.707106781187,0.,0.707106781187));
#1819 = ORIENTED_EDGE('',*,*,#1769,.T.);
#1820 = CYLINDRICAL_SURFACE('',#1821,2.3);
#1821 = AXIS2_PLACEMENT_3D('',#1822,#1823,#1824);
#1822 = CARTESIAN_POINT('',(20.197591975468,95.,79.670680040887));
#1823 = DIRECTION('',(-0.707106781187,0.,0.707106781187));
#1824 = DIRECTION('',(0.707106781187,0.,0.707106781187));
#1825 = ADVANCED_FACE('',(#1826),#1837,.F.);
#1826 = FACE_BOUND('',#1827,.F.);
#1827 = EDGE_LOOP('',(#1828,#1829,#1830,#1836));
#1828 = ORIENTED_EDGE('',*,*,#1324,.F.);
#1829 = ORIENTED_EDGE('',*,*,#1795,.F.);
#1830 = ORIENTED_EDGE('',*,*,#1831,.T.);
#1831 = EDGE_CURVE('',#1787,#1710,#1832,.T.);
#1832 = LINE('',#1833,#1834);
#1833 = CARTESIAN_POINT('',(20.,89.,80.));
#1834 = VECTOR('',#1835,1.);
#1835 = DIRECTION('',(0.,1.,0.));
#1836 = ORIENTED_EDGE('',*,*,#1718,.T.);
#1837 = PLANE('',#1838);
#1838 = AXIS2_PLACEMENT_3D('',#1839,#1840,#1841);
#1839 = CARTESIAN_POINT('',(17.,89.,80.));
#1840 = DIRECTION('',(0.,0.,1.));
#1841 = DIRECTION('',(1.,0.,0.));
#1842 = ADVANCED_FACE('',(#1843),#1890,.T.);
#1843 = FACE_BOUND('',#1844,.T.);
#1844 = EDGE_LOOP('',(#1845,#1853,#1854,#1855,#1864,#1873,#1880,#1881,
    #1882,#1883));
#1845 = ORIENTED_EDGE('',*,*,#1846,.T.);
#1846 = EDGE_CURVE('',#1847,#1615,#1849,.T.);
#1847 = VERTEX_POINT('',#1848);
#1848 = CARTESIAN_POINT('',(28.329319959113,134.5,77.90291308792));
#1849 = LINE('',#1850,#1851);
#1850 = CARTESIAN_POINT('',(28.329319959113,134.5,77.90291308792));
#1851 = VECTOR('',#1852,1.);
#1852 = DIRECTION('',(-0.707106781187,0.,0.707106781187));
#1853 = ORIENTED_EDGE('',*,*,#1614,.F.);
#1854 = ORIENTED_EDGE('',*,*,#1298,.T.);
#1855 = ORIENTED_EDGE('',*,*,#1856,.T.);
#1856 = EDGE_CURVE('',#1291,#1857,#1859,.T.);
#1857 = VERTEX_POINT('',#1858);
#1858 = CARTESIAN_POINT('',(20.,130.00096411781,80.));
#1859 = ELLIPSE('',#1860,6.363961030679,4.5);
#1860 = AXIS2_PLACEMENT_3D('',#1861,#1862,#1863);
#1861 = CARTESIAN_POINT('',(19.868272016355,134.5,80.));
#1862 = DIRECTION('',(0.,0.,1.));
#1863 = DIRECTION('',(-1.,0.,0.));
#1864 = ORIENTED_EDGE('',*,*,#1865,.T.);
#1865 = EDGE_CURVE('',#1857,#1866,#1868,.T.);
#1866 = VERTEX_POINT('',#1867);
#1867 = CARTESIAN_POINT('',(20.,138.99903588218,80.));
#1868 = ELLIPSE('',#1869,6.363961030679,4.5);
#1869 = AXIS2_PLACEMENT_3D('',#1870,#1871,#1872);
#1870 = CARTESIAN_POINT('',(20.,134.5,79.868272016355));
#1871 = DIRECTION('',(1.,0.,-0.));
#1872 = DIRECTION('',(0.,0.,1.));
#1873 = ORIENTED_EDGE('',*,*,#1874,.T.);
#1874 = EDGE_CURVE('',#1866,#1265,#1875,.T.);
#1875 = ELLIPSE('',#1876,6.363961030679,4.5);
#1876 = AXIS2_PLACEMENT_3D('',#1877,#1878,#1879);
#1877 = CARTESIAN_POINT('',(19.868272016355,134.5,80.));
#1878 = DIRECTION('',(0.,0.,1.));
#1879 = DIRECTION('',(-1.,0.,0.));
#1880 = ORIENTED_EDGE('',*,*,#1264,.T.);
#1881 = ORIENTED_EDGE('',*,*,#1623,.F.);
#1882 = ORIENTED_EDGE('',*,*,#1846,.F.);
#1883 = ORIENTED_EDGE('',*,*,#1884,.T.);
#1884 = EDGE_CURVE('',#1847,#1847,#1885,.T.);
#1885 = CIRCLE('',#1886,4.5);
#1886 = AXIS2_PLACEMENT_3D('',#1887,#1888,#1889);
#1887 = CARTESIAN_POINT('',(25.147339443774,134.5,74.720932572581));
#1888 = DIRECTION('',(-0.707106781187,0.,0.707106781187));
#1889 = DIRECTION('',(0.707106781187,0.,0.707106781187));
#1890 = CYLINDRICAL_SURFACE('',#1891,4.5);
#1891 = AXIS2_PLACEMENT_3D('',#1892,#1893,#1894);
#1892 = CARTESIAN_POINT('',(25.147339443774,134.5,74.720932572581));
#1893 = DIRECTION('',(-0.707106781187,0.,0.707106781187));
#1894 = DIRECTION('',(0.707106781187,0.,0.707106781187));
#1895 = ADVANCED_FACE('',(#1896),#1915,.F.);
#1896 = FACE_BOUND('',#1897,.F.);
#1897 = EDGE_LOOP('',(#1898,#1899,#1900,#1908));
#1898 = ORIENTED_EDGE('',*,*,#1290,.F.);
#1899 = ORIENTED_EDGE('',*,*,#1856,.T.);
#1900 = ORIENTED_EDGE('',*,*,#1901,.T.);
#1901 = EDGE_CURVE('',#1857,#1902,#1904,.T.);
#1902 = VERTEX_POINT('',#1903);
#1903 = CARTESIAN_POINT('',(20.,132.20188688939,80.));
#1904 = LINE('',#1905,#1906);
#1905 = CARTESIAN_POINT('',(20.,89.,80.));
#1906 = VECTOR('',#1907,1.);
#1907 = DIRECTION('',(0.,1.,0.));
#1908 = ORIENTED_EDGE('',*,*,#1909,.F.);
#1909 = EDGE_CURVE('',#1282,#1902,#1910,.T.);
#1910 = ELLIPSE('',#1911,3.252691193458,2.3);
#1911 = AXIS2_PLACEMENT_3D('',#1912,#1913,#1914);
#1912 = CARTESIAN_POINT('',(19.868272016355,134.5,80.));
#1913 = DIRECTION('',(0.,0.,1.));
#1914 = DIRECTION('',(-1.,0.,0.));
#1915 = PLANE('',#1916);
#1916 = AXIS2_PLACEMENT_3D('',#1917,#1918,#1919);
#1917 = CARTESIAN_POINT('',(17.,89.,80.));
#1918 = DIRECTION('',(0.,0.,1.));
#1919 = DIRECTION('',(1.,0.,0.));
#1920 = ADVANCED_FACE('',(#1921),#1976,.F.);
#1921 = FACE_BOUND('',#1922,.F.);
#1922 = EDGE_LOOP('',(#1923,#1924,#1932,#1941,#1950,#1957,#1958,#1959,
    #1968,#1975));
#1923 = ORIENTED_EDGE('',*,*,#1640,.F.);
#1924 = ORIENTED_EDGE('',*,*,#1925,.F.);
#1925 = EDGE_CURVE('',#1926,#1641,#1928,.T.);
#1926 = VERTEX_POINT('',#1927);
#1927 = CARTESIAN_POINT('',(21.823937572197,134.5,81.297025637616));
#1928 = LINE('',#1929,#1930);
#1929 = CARTESIAN_POINT('',(21.823937572197,134.5,81.297025637616));
#1930 = VECTOR('',#1931,1.);
#1931 = DIRECTION('',(-0.707106781187,0.,0.707106781187));
#1932 = ORIENTED_EDGE('',*,*,#1933,.T.);
#1933 = EDGE_CURVE('',#1926,#1934,#1936,.T.);
#1934 = VERTEX_POINT('',#1935);
#1935 = CARTESIAN_POINT('',(20.,136.78296185304,79.473088065419));
#1936 = CIRCLE('',#1937,2.3);
#1937 = AXIS2_PLACEMENT_3D('',#1938,#1939,#1940);
#1938 = CARTESIAN_POINT('',(20.197591975468,134.5,79.670680040887));
#1939 = DIRECTION('',(-0.707106781187,0.,0.707106781187));
#1940 = DIRECTION('',(0.707106781187,0.,0.707106781187));
#1941 = ORIENTED_EDGE('',*,*,#1942,.T.);
#1942 = EDGE_CURVE('',#1934,#1943,#1945,.T.);
#1943 = VERTEX_POINT('',#1944);
#1944 = CARTESIAN_POINT('',(20.,136.79811311061,80.));
#1945 = ELLIPSE('',#1946,3.252691193458,2.3);
#1946 = AXIS2_PLACEMENT_3D('',#1947,#1948,#1949);
#1947 = CARTESIAN_POINT('',(20.,134.5,79.868272016355));
#1948 = DIRECTION('',(1.,0.,-0.));
#1949 = DIRECTION('',(0.,0.,1.));
#1950 = ORIENTED_EDGE('',*,*,#1951,.T.);
#1951 = EDGE_CURVE('',#1943,#1274,#1952,.T.);
#1952 = ELLIPSE('',#1953,3.252691193458,2.3);
#1953 = AXIS2_PLACEMENT_3D('',#1954,#1955,#1956);
#1954 = CARTESIAN_POINT('',(19.868272016355,134.5,80.));
#1955 = DIRECTION('',(0.,0.,1.));
#1956 = DIRECTION('',(-1.,0.,0.));
#1957 = ORIENTED_EDGE('',*,*,#1281,.F.);
#1958 = ORIENTED_EDGE('',*,*,#1909,.T.);
#1959 = ORIENTED_EDGE('',*,*,#1960,.T.);
#1960 = EDGE_CURVE('',#1902,#1961,#1963,.T.);
#1961 = VERTEX_POINT('',#1962);
#1962 = CARTESIAN_POINT('',(20.,132.21703814695,79.473088065419));
#1963 = ELLIPSE('',#1964,3.252691193458,2.3);
#1964 = AXIS2_PLACEMENT_3D('',#1965,#1966,#1967);
#1965 = CARTESIAN_POINT('',(20.,134.5,79.868272016355));
#1966 = DIRECTION('',(1.,0.,-0.));
#1967 = DIRECTION('',(0.,0.,1.));
#1968 = ORIENTED_EDGE('',*,*,#1969,.T.);
#1969 = EDGE_CURVE('',#1961,#1926,#1970,.T.);
#1970 = CIRCLE('',#1971,2.3);
#1971 = AXIS2_PLACEMENT_3D('',#1972,#1973,#1974);
#1972 = CARTESIAN_POINT('',(20.197591975468,134.5,79.670680040887));
#1973 = DIRECTION('',(-0.707106781187,0.,0.707106781187));
#1974 = DIRECTION('',(0.707106781187,0.,0.707106781187));
#1975 = ORIENTED_EDGE('',*,*,#1925,.T.);
#1976 = CYLINDRICAL_SURFACE('',#1977,2.3);
#1977 = AXIS2_PLACEMENT_3D('',#1978,#1979,#1980);
#1978 = CARTESIAN_POINT('',(20.197591975468,134.5,79.670680040887));
#1979 = DIRECTION('',(-0.707106781187,0.,0.707106781187));
#1980 = DIRECTION('',(0.707106781187,0.,0.707106781187));
#1981 = ADVANCED_FACE('',(#1982),#1993,.F.);
#1982 = FACE_BOUND('',#1983,.F.);
#1983 = EDGE_LOOP('',(#1984,#1985,#1986,#1992));
#1984 = ORIENTED_EDGE('',*,*,#1273,.F.);
#1985 = ORIENTED_EDGE('',*,*,#1951,.F.);
#1986 = ORIENTED_EDGE('',*,*,#1987,.T.);
#1987 = EDGE_CURVE('',#1943,#1866,#1988,.T.);
#1988 = LINE('',#1989,#1990);
#1989 = CARTESIAN_POINT('',(20.,89.,80.));
#1990 = VECTOR('',#1991,1.);
#1991 = DIRECTION('',(0.,1.,0.));
#1992 = ORIENTED_EDGE('',*,*,#1874,.T.);
#1993 = PLANE('',#1994);
#1994 = AXIS2_PLACEMENT_3D('',#1995,#1996,#1997);
#1995 = CARTESIAN_POINT('',(17.,89.,80.));
#1996 = DIRECTION('',(0.,0.,1.));
#1997 = DIRECTION('',(1.,0.,0.));
#1998 = ADVANCED_FACE('',(#1999),#2006,.T.);
#1999 = FACE_BOUND('',#2000,.T.);
#2000 = EDGE_LOOP('',(#2001,#2002,#2003,#2004,#2005));
#2001 = ORIENTED_EDGE('',*,*,#1631,.F.);
#2002 = ORIENTED_EDGE('',*,*,#1248,.F.);
#2003 = ORIENTED_EDGE('',*,*,#1421,.F.);
#2004 = ORIENTED_EDGE('',*,*,#1511,.F.);
#2005 = ORIENTED_EDGE('',*,*,#1534,.F.);
#2006 = PLANE('',#2007);
#2007 = AXIS2_PLACEMENT_3D('',#2008,#2009,#2010);
#2008 = CARTESIAN_POINT('',(3.262379881318,140.5,66.075266754784));
#2009 = DIRECTION('',(0.,1.,0.));
#2010 = DIRECTION('',(0.,0.,1.));
#2011 = ADVANCED_FACE('',(#2012),#2127,.T.);
#2012 = FACE_BOUND('',#2013,.T.);
#2013 = EDGE_LOOP('',(#2014,#2015,#2064,#2072,#2079,#2080));
#2014 = ORIENTED_EDGE('',*,*,#1366,.F.);
#2015 = ORIENTED_EDGE('',*,*,#2016,.F.);
#2016 = EDGE_CURVE('',#2017,#1367,#2019,.T.);
#2017 = VERTEX_POINT('',#2018);
#2018 = CARTESIAN_POINT('',(19.304310985676,134.5,74.2));
#2019 = B_SPLINE_CURVE_WITH_KNOTS('',8,(#2020,#2021,#2022,#2023,#2024,
    #2025,#2026,#2027,#2028,#2029,#2030,#2031,#2032,#2033,#2034,#2035,
    #2036,#2037,#2038,#2039,#2040,#2041,#2042,#2043,#2044,#2045,#2046,
    #2047,#2048,#2049,#2050,#2051,#2052,#2053,#2054,#2055,#2056,#2057,
    #2058,#2059,#2060,#2061,#2062,#2063),.UNSPECIFIED.,.F.,.F.,(9,7,7,7,
    7,7,9),(0.,0.101141929889,0.153607090005,0.259047749302,
    0.40540877803,0.900705114285,1.),.UNSPECIFIED.);
#2020 = CARTESIAN_POINT('',(19.304310985676,134.5,74.2));
#2021 = CARTESIAN_POINT('',(19.304310985676,134.42626248911,74.2));
#2022 = CARTESIAN_POINT('',(19.302811608234,134.35256665542,
    74.203452215668));
#2023 = CARTESIAN_POINT('',(19.299815976189,134.27926615521,
    74.21034976457));
#2024 = CARTESIAN_POINT('',(19.295333356826,134.20671009973,
    74.220630256425));
#2025 = CARTESIAN_POINT('',(19.289379307407,134.13523546436,
    74.234177306986));
#2026 = CARTESIAN_POINT('',(19.281977523655,134.06515996467,
    74.250823616172));
#2027 = CARTESIAN_POINT('',(19.273163391206,133.9967753992,
    74.270355610484));
#2028 = CARTESIAN_POINT('',(19.257711621987,133.89588030819,
    74.304016759391));
#2029 = CARTESIAN_POINT('',(19.252066252282,133.86193235234,
    74.316225998256));
#2030 = CARTESIAN_POINT('',(19.246058034024,133.82852181186,
    74.329117032328));
#2031 = CARTESIAN_POINT('',(19.239692211416,133.79567102527,
    74.342658253817));
#2032 = CARTESIAN_POINT('',(19.232974495344,133.76340044569,
    74.356816915401));
#2033 = CARTESIAN_POINT('',(19.225911188992,133.73172863737,
    74.371559264548));
#2034 = CARTESIAN_POINT('',(19.218509313461,133.70067227213,
    74.38685067784));
#2035 = CARTESIAN_POINT('',(19.195236356879,133.60909787205,
    74.434419769725));
#2036 = CARTESIAN_POINT('',(19.178369950184,133.55053272643,
    74.468239195606));
#2037 = CARTESIAN_POINT('',(19.160222942738,133.49458309578,
    74.503864688217));
#2038 = CARTESIAN_POINT('',(19.140842734547,133.4412609192,
    74.541056920127));
#2039 = CARTESIAN_POINT('',(19.120280513335,133.39056008051,
    74.579586642531));
#2040 = CARTESIAN_POINT('',(19.0985930717,133.3424588205,74.619234706591
    ));
#2041 = CARTESIAN_POINT('',(19.075844624267,133.29692214931,
    74.659792084775));
#2042 = CARTESIAN_POINT('',(19.019160943027,133.19419159424,
    74.758343285409));
#2043 = CARTESIAN_POINT('',(18.984299081955,133.13931160797,
    74.817014774733));
#2044 = CARTESIAN_POINT('',(18.947644258548,133.08901745595,
    74.87666775269));
#2045 = CARTESIAN_POINT('',(18.909318085095,133.04306102241,
    74.936962606148));
#2046 = CARTESIAN_POINT('',(18.869442660861,133.00119755932,
    74.997616922743));
#2047 = CARTESIAN_POINT('',(18.828140538689,132.96318954347,
    75.058396112635));
#2048 = CARTESIAN_POINT('',(18.785534566582,132.9288097513,
    75.119104445611));
#2049 = CARTESIAN_POINT('',(18.593569348097,132.79305168418,
    75.384218333316));
#2050 = CARTESIAN_POINT('',(18.431079505621,132.72679310674,
    75.587242539411));
#2051 = CARTESIAN_POINT('',(18.257852249027,132.69081270392,
    75.783487902508));
#2052 = CARTESIAN_POINT('',(18.077165129181,132.67930714534,
    75.971558227037));
#2053 = CARTESIAN_POINT('',(17.891508829776,132.68827200104,
    76.151310217868));
#2054 = CARTESIAN_POINT('',(17.702307703178,132.71523929471,
    76.32343275858));
#2055 = CARTESIAN_POINT('',(17.509918979348,132.75923538474,
    76.489078834372));
#2056 = CARTESIAN_POINT('',(17.275479972871,132.83354578293,
    76.681259375624));
#2057 = CARTESIAN_POINT('',(17.236261073248,132.84665967588,
    76.713089979251));
#2058 = CARTESIAN_POINT('',(17.196980647056,132.86048061195,
    76.744662728513));
#2059 = CARTESIAN_POINT('',(17.15764694627,132.8750132587,
    76.775981152197));
#2060 = CARTESIAN_POINT('',(17.118269753439,132.89026420987,
    76.807047269209));
#2061 = CARTESIAN_POINT('',(17.078860448028,132.90624199955,
    76.837861644885));
#2062 = CARTESIAN_POINT('',(17.039432072768,132.92295711642,
    76.868423447301));
#2063 = CARTESIAN_POINT('',(16.9999994,132.940422018,76.898730503584));
#2064 = ORIENTED_EDGE('',*,*,#2065,.F.);
#2065 = EDGE_CURVE('',#2066,#2017,#2068,.T.);
#2066 = VERTEX_POINT('',#2067);
#2067 = CARTESIAN_POINT('',(20.,134.5,74.2));
#2068 = LINE('',#2069,#2070);
#2069 = CARTESIAN_POINT('',(20.2,134.5,74.2));
#2070 = VECTOR('',#2071,1.);
#2071 = DIRECTION('',(-1.,0.,0.));
#2072 = ORIENTED_EDGE('',*,*,#2073,.T.);
#2073 = EDGE_CURVE('',#2066,#2066,#2074,.T.);
#2074 = CIRCLE('',#2075,1.8);
#2075 = AXIS2_PLACEMENT_3D('',#2076,#2077,#2078);
#2076 = CARTESIAN_POINT('',(20.,134.5,76.));
#2077 = DIRECTION('',(-1.,0.,0.));
#2078 = DIRECTION('',(0.,0.,-1.));
#2079 = ORIENTED_EDGE('',*,*,#2065,.T.);
#2080 = ORIENTED_EDGE('',*,*,#2081,.F.);
#2081 = EDGE_CURVE('',#1369,#2017,#2082,.T.);
#2082 = B_SPLINE_CURVE_WITH_KNOTS('',8,(#2083,#2084,#2085,#2086,#2087,
    #2088,#2089,#2090,#2091,#2092,#2093,#2094,#2095,#2096,#2097,#2098,
    #2099,#2100,#2101,#2102,#2103,#2104,#2105,#2106,#2107,#2108,#2109,
    #2110,#2111,#2112,#2113,#2114,#2115,#2116,#2117,#2118,#2119,#2120,
    #2121,#2122,#2123,#2124,#2125,#2126),.UNSPECIFIED.,.F.,.F.,(9,7,7,7,
    7,7,9),(0.,9.963043308972E-02,0.287783470956,0.668642592999,
    0.818117497913,0.883690994758,1.),.UNSPECIFIED.);
#2083 = CARTESIAN_POINT('',(16.9999994,136.05957798199,76.898730503584)
  );
#2084 = CARTESIAN_POINT('',(17.03944284267,136.0770476536,
    76.868415169799));
#2085 = CARTESIAN_POINT('',(17.078882020206,136.09376714637,
    76.837844924038));
#2086 = CARTESIAN_POINT('',(17.118302137624,136.10974892086,
    76.807021948231));
#2087 = CARTESIAN_POINT('',(17.157690131067,136.1250034679,
    76.775947082516));
#2088 = CARTESIAN_POINT('',(17.197034601309,136.13953932269,
    76.744619768963));
#2089 = CARTESIAN_POINT('',(17.236325747274,136.15336307891,
    76.713037995309));
#2090 = CARTESIAN_POINT('',(17.275555299534,136.16647940287,
    76.681198238679));
#2091 = CARTESIAN_POINT('',(17.388672673009,136.20233055878,
    76.588468905142));
#2092 = CARTESIAN_POINT('',(17.462369361085,136.22325203384,
    76.526916640939));
#2093 = CARTESIAN_POINT('',(17.535739167407,136.2416679027,
    76.464423624995));
#2094 = CARTESIAN_POINT('',(17.608717883018,136.25756518953,
    76.400967873095));
#2095 = CARTESIAN_POINT('',(17.681240466561,136.2709046985,
    76.336524468736));
#2096 = CARTESIAN_POINT('',(17.753237070186,136.28162019953,
    76.271069623337));
#2097 = CARTESIAN_POINT('',(17.824629065458,136.28961761403,
    76.20458473645));
#2098 = CARTESIAN_POINT('',(18.03842782353,136.30521215631,
    76.000377899741));
#2099 = CARTESIAN_POINT('',(18.178298017904,136.30398174075,
    75.859801606361));
#2100 = CARTESIAN_POINT('',(18.314738412357,136.29021042825,
    75.714794146533));
#2101 = CARTESIAN_POINT('',(18.447124909225,136.2622989227,
    75.56508108748));
#2102 = CARTESIAN_POINT('',(18.574315680223,136.21797266826,
    75.410875767381));
#2103 = CARTESIAN_POINT('',(18.69476957431,136.15423391714,
    75.253049236141));
#2104 = CARTESIAN_POINT('',(18.806731806742,136.06722302648,
    75.09353045201));
#2105 = CARTESIAN_POINT('',(18.948166134604,135.90711222292,
    74.874891507007));
#2106 = CARTESIAN_POINT('',(18.986475185269,135.85762357878,
    74.813581832745));
#2107 = CARTESIAN_POINT('',(19.02304294063,135.80354669465,
    74.752943232024));
#2108 = CARTESIAN_POINT('',(19.057698944331,135.74466170442,
    74.693373505489));
#2109 = CARTESIAN_POINT('',(19.090288788993,135.68076369466,
    74.635322241881));
#2110 = CARTESIAN_POINT('',(19.120671237321,135.611672511,
    74.579299832643));
#2111 = CARTESIAN_POINT('',(19.14871297046,135.53724445601,
    74.525884259484));
#2112 = CARTESIAN_POINT('',(19.185497446505,135.42235253209,
    74.453721458935));
#2113 = CARTESIAN_POINT('',(19.196231713441,135.38629319978,
    74.432356094104));
#2114 = CARTESIAN_POINT('',(19.206466979864,135.34922181447,
    74.411695757423));
#2115 = CARTESIAN_POINT('',(19.216188399505,135.31115639298,
    74.391806390619));
#2116 = CARTESIAN_POINT('',(19.225382753434,135.27211906953,
    74.372753345067));
#2117 = CARTESIAN_POINT('',(19.234038139137,135.23213612891,
    74.354601046743));
#2118 = CARTESIAN_POINT('',(19.242143659588,135.19123803974,
    74.337412661166));
#2119 = CARTESIAN_POINT('',(19.263072630739,135.0753560455,
    74.29258129868));
#2120 = CARTESIAN_POINT('',(19.274708620969,134.99840284701,
    74.267108193976));
#2121 = CARTESIAN_POINT('',(19.284502668545,134.91894959382,
    74.245250868807));
#2122 = CARTESIAN_POINT('',(19.292393233849,134.83740618135,
    74.227368794779));
#2123 = CARTESIAN_POINT('',(19.298340452325,134.75423196686,
    74.213747314959));
#2124 = CARTESIAN_POINT('',(19.302318423053,134.66992380043,
    74.204587637718));
#2125 = CARTESIAN_POINT('',(19.304310985676,134.58500281845,74.2));
#2126 = CARTESIAN_POINT('',(19.304310985676,134.5,74.2));
#2127 = CYLINDRICAL_SURFACE('',#2128,1.8);
#2128 = AXIS2_PLACEMENT_3D('',#2129,#2130,#2131);
#2129 = CARTESIAN_POINT('',(20.2,134.5,76.));
#2130 = DIRECTION('',(-1.,0.,0.));
#2131 = DIRECTION('',(0.,0.,-1.));
#2132 = ADVANCED_FACE('',(#2133),#2138,.T.);
#2133 = FACE_BOUND('',#2134,.T.);
#2134 = EDGE_LOOP('',(#2135,#2136,#2137));
#2135 = ORIENTED_EDGE('',*,*,#1377,.T.);
#2136 = ORIENTED_EDGE('',*,*,#2081,.T.);
#2137 = ORIENTED_EDGE('',*,*,#2016,.T.);
#2138 = CYLINDRICAL_SURFACE('',#2139,4.5);
#2139 = AXIS2_PLACEMENT_3D('',#2140,#2141,#2142);
#2140 = CARTESIAN_POINT('',(25.147339443774,134.5,74.720932572581));
#2141 = DIRECTION('',(-0.707106781187,0.,0.707106781187));
#2142 = DIRECTION('',(0.707106781187,0.,0.707106781187));
#2143 = ADVANCED_FACE('',(#2144),#2259,.T.);
#2144 = FACE_BOUND('',#2145,.T.);
#2145 = EDGE_LOOP('',(#2146,#2147,#2196,#2204,#2211,#2212));
#2146 = ORIENTED_EDGE('',*,*,#1386,.F.);
#2147 = ORIENTED_EDGE('',*,*,#2148,.F.);
#2148 = EDGE_CURVE('',#2149,#1387,#2151,.T.);
#2149 = VERTEX_POINT('',#2150);
#2150 = CARTESIAN_POINT('',(19.304310985676,95.,74.2));
#2151 = B_SPLINE_CURVE_WITH_KNOTS('',8,(#2152,#2153,#2154,#2155,#2156,
    #2157,#2158,#2159,#2160,#2161,#2162,#2163,#2164,#2165,#2166,#2167,
    #2168,#2169,#2170,#2171,#2172,#2173,#2174,#2175,#2176,#2177,#2178,
    #2179,#2180,#2181,#2182,#2183,#2184,#2185,#2186,#2187,#2188,#2189,
    #2190,#2191,#2192,#2193,#2194,#2195),.UNSPECIFIED.,.F.,.F.,(9,7,7,7,
    7,7,9),(0.,0.101141929889,0.153607090006,0.259047749304,
    0.405408778031,0.900705114286,1.),.UNSPECIFIED.);
#2152 = CARTESIAN_POINT('',(19.304310985676,95.,74.2));
#2153 = CARTESIAN_POINT('',(19.304310985676,94.926262489112,74.2));
#2154 = CARTESIAN_POINT('',(19.302811608234,94.852566655423,
    74.203452215668));
#2155 = CARTESIAN_POINT('',(19.299815976189,94.779266155219,
    74.21034976457));
#2156 = CARTESIAN_POINT('',(19.295333356826,94.706710099734,
    74.220630256425));
#2157 = CARTESIAN_POINT('',(19.289379307407,94.635235464362,
    74.234177306986));
#2158 = CARTESIAN_POINT('',(19.281977523655,94.565159964671,
    74.250823616172));
#2159 = CARTESIAN_POINT('',(19.273163391206,94.496775399201,
    74.270355610484));
#2160 = CARTESIAN_POINT('',(19.257711621987,94.395880308196,
    74.304016759391));
#2161 = CARTESIAN_POINT('',(19.252066252282,94.361932352342,
    74.316225998256));
#2162 = CARTESIAN_POINT('',(19.246058034024,94.328521811864,
    74.329117032328));
#2163 = CARTESIAN_POINT('',(19.239692211416,94.295671025271,
    74.342658253817));
#2164 = CARTESIAN_POINT('',(19.232974495344,94.263400445696,
    74.356816915401));
#2165 = CARTESIAN_POINT('',(19.225911188992,94.231728637379,
    74.371559264548));
#2166 = CARTESIAN_POINT('',(19.218509313461,94.200672272136,
    74.38685067784));
#2167 = CARTESIAN_POINT('',(19.195236356879,94.10909787205,
    74.434419769725));
#2168 = CARTESIAN_POINT('',(19.178369950184,94.050532726438,
    74.468239195606));
#2169 = CARTESIAN_POINT('',(19.160222942738,93.994583095781,
    74.503864688217));
#2170 = CARTESIAN_POINT('',(19.140842734547,93.941260919205,
    74.541056920127));
#2171 = CARTESIAN_POINT('',(19.120280513335,93.89056008051,
    74.579586642531));
#2172 = CARTESIAN_POINT('',(19.0985930717,93.842458820501,
    74.619234706591));
#2173 = CARTESIAN_POINT('',(19.075844624267,93.796922149317,
    74.659792084775));
#2174 = CARTESIAN_POINT('',(19.019160943027,93.69419159424,
    74.758343285409));
#2175 = CARTESIAN_POINT('',(18.984299081955,93.63931160797,
    74.817014774733));
#2176 = CARTESIAN_POINT('',(18.947644258548,93.58901745595,
    74.87666775269));
#2177 = CARTESIAN_POINT('',(18.909318085095,93.543061022414,
    74.936962606148));
#2178 = CARTESIAN_POINT('',(18.869442660861,93.50119755932,
    74.997616922743));
#2179 = CARTESIAN_POINT('',(18.828140538689,93.463189543479,
    75.058396112635));
#2180 = CARTESIAN_POINT('',(18.785534566582,93.428809751305,
    75.119104445611));
#2181 = CARTESIAN_POINT('',(18.593569348098,93.293051684183,
    75.384218333315));
#2182 = CARTESIAN_POINT('',(18.431079505619,93.226793106739,
    75.587242539414));
#2183 = CARTESIAN_POINT('',(18.257852249032,93.190812703922,
    75.783487902502));
#2184 = CARTESIAN_POINT('',(18.077165129175,93.179307145346,
    75.971558227044));
#2185 = CARTESIAN_POINT('',(17.89150882978,93.188272001044,
    76.151310217863));
#2186 = CARTESIAN_POINT('',(17.702307703176,93.215239294715,
    76.323432758582));
#2187 = CARTESIAN_POINT('',(17.509918979349,93.259235384746,
    76.489078834372));
#2188 = CARTESIAN_POINT('',(17.275479972871,93.333545782934,
    76.681259375624));
#2189 = CARTESIAN_POINT('',(17.236261073249,93.346659675885,
    76.713089979251));
#2190 = CARTESIAN_POINT('',(17.196980647056,93.36048061195,
    76.744662728513));
#2191 = CARTESIAN_POINT('',(17.15764694627,93.375013258707,
    76.775981152197));
#2192 = CARTESIAN_POINT('',(17.118269753439,93.390264209878,
    76.807047269209));
#2193 = CARTESIAN_POINT('',(17.078860448028,93.406241999556,
    76.837861644885));
#2194 = CARTESIAN_POINT('',(17.039432072767,93.422957116428,
    76.868423447301));
#2195 = CARTESIAN_POINT('',(16.9999994,93.440422018004,76.898730503584)
  );
#2196 = ORIENTED_EDGE('',*,*,#2197,.F.);
#2197 = EDGE_CURVE('',#2198,#2149,#2200,.T.);
#2198 = VERTEX_POINT('',#2199);
#2199 = CARTESIAN_POINT('',(20.,95.,74.2));
#2200 = LINE('',#2201,#2202);
#2201 = CARTESIAN_POINT('',(20.2,95.,74.2));
#2202 = VECTOR('',#2203,1.);
#2203 = DIRECTION('',(-1.,0.,0.));
#2204 = ORIENTED_EDGE('',*,*,#2205,.T.);
#2205 = EDGE_CURVE('',#2198,#2198,#2206,.T.);
#2206 = CIRCLE('',#2207,1.8);
#2207 = AXIS2_PLACEMENT_3D('',#2208,#2209,#2210);
#2208 = CARTESIAN_POINT('',(20.,95.,76.));
#2209 = DIRECTION('',(-1.,0.,0.));
#2210 = DIRECTION('',(0.,0.,-1.));
#2211 = ORIENTED_EDGE('',*,*,#2197,.T.);
#2212 = ORIENTED_EDGE('',*,*,#2213,.F.);
#2213 = EDGE_CURVE('',#1389,#2149,#2214,.T.);
#2214 = B_SPLINE_CURVE_WITH_KNOTS('',8,(#2215,#2216,#2217,#2218,#2219,
    #2220,#2221,#2222,#2223,#2224,#2225,#2226,#2227,#2228,#2229,#2230,
    #2231,#2232,#2233,#2234,#2235,#2236,#2237,#2238,#2239,#2240,#2241,
    #2242,#2243,#2244,#2245,#2246,#2247,#2248,#2249,#2250,#2251,#2252,
    #2253,#2254,#2255,#2256,#2257,#2258),.UNSPECIFIED.,.F.,.F.,(9,7,7,7,
    7,7,9),(0.,9.963043308965E-02,0.287783470955,0.668642592998,
    0.818117497912,0.883690994758,1.),.UNSPECIFIED.);
#2215 = CARTESIAN_POINT('',(16.9999994,96.559577981996,76.898730503584)
  );
#2216 = CARTESIAN_POINT('',(17.03944284267,96.577047653609,
    76.868415169799));
#2217 = CARTESIAN_POINT('',(17.078882020206,96.593767146375,
    76.837844924037));
#2218 = CARTESIAN_POINT('',(17.118302137624,96.609748920866,
    76.807021948231));
#2219 = CARTESIAN_POINT('',(17.157690131066,96.625003467906,
    76.775947082516));
#2220 = CARTESIAN_POINT('',(17.197034601309,96.639539322695,
    76.744619768964));
#2221 = CARTESIAN_POINT('',(17.236325747273,96.653363078919,
    76.713037995309));
#2222 = CARTESIAN_POINT('',(17.275555299534,96.666479402872,
    76.681198238679));
#2223 = CARTESIAN_POINT('',(17.388672673009,96.702330558786,
    76.588468905143));
#2224 = CARTESIAN_POINT('',(17.462369361085,96.723252033848,
    76.526916640939));
#2225 = CARTESIAN_POINT('',(17.535739167407,96.741667902705,
    76.464423624995));
#2226 = CARTESIAN_POINT('',(17.608717883018,96.757565189536,
    76.400967873095));
#2227 = CARTESIAN_POINT('',(17.681240466561,96.770904698508,
    76.336524468736));
#2228 = CARTESIAN_POINT('',(17.753237070186,96.781620199534,
    76.271069623337));
#2229 = CARTESIAN_POINT('',(17.824629065458,96.789617614031,
    76.20458473645));
#2230 = CARTESIAN_POINT('',(18.03842782353,96.80521215631,
    76.000377899741));
#2231 = CARTESIAN_POINT('',(18.178298017903,96.803981740758,
    75.859801606362));
#2232 = CARTESIAN_POINT('',(18.314738412359,96.790210428252,
    75.714794146531));
#2233 = CARTESIAN_POINT('',(18.447124909224,96.762298922704,
    75.565081087482));
#2234 = CARTESIAN_POINT('',(18.574315680224,96.717972668269,
    75.410875767379));
#2235 = CARTESIAN_POINT('',(18.694769574309,96.654233917143,
    75.253049236142));
#2236 = CARTESIAN_POINT('',(18.806731806743,96.567223026479,
    75.09353045201));
#2237 = CARTESIAN_POINT('',(18.948166134604,96.407112222928,
    74.874891507007));
#2238 = CARTESIAN_POINT('',(18.986475185269,96.357623578781,
    74.813581832745));
#2239 = CARTESIAN_POINT('',(19.02304294063,96.303546694655,
    74.752943232024));
#2240 = CARTESIAN_POINT('',(19.057698944331,96.244661704421,
    74.693373505489));
#2241 = CARTESIAN_POINT('',(19.090288788993,96.180763694666,
    74.635322241881));
#2242 = CARTESIAN_POINT('',(19.120671237321,96.111672511006,
    74.579299832643));
#2243 = CARTESIAN_POINT('',(19.14871297046,96.037244456016,
    74.525884259484));
#2244 = CARTESIAN_POINT('',(19.185497446505,95.922352532095,
    74.453721458935));
#2245 = CARTESIAN_POINT('',(19.196231713441,95.886293199781,
    74.432356094104));
#2246 = CARTESIAN_POINT('',(19.206466979864,95.849221814472,
    74.411695757423));
#2247 = CARTESIAN_POINT('',(19.216188399505,95.811156392988,
    74.391806390619));
#2248 = CARTESIAN_POINT('',(19.225382753434,95.772119069532,
    74.372753345067));
#2249 = CARTESIAN_POINT('',(19.234038139137,95.732136128911,
    74.354601046743));
#2250 = CARTESIAN_POINT('',(19.242143659588,95.691238039744,
    74.337412661166));
#2251 = CARTESIAN_POINT('',(19.263072630739,95.575356045509,
    74.29258129868));
#2252 = CARTESIAN_POINT('',(19.274708620969,95.498402847011,
    74.267108193976));
#2253 = CARTESIAN_POINT('',(19.284502668545,95.418949593827,
    74.245250868807));
#2254 = CARTESIAN_POINT('',(19.292393233849,95.33740618135,
    74.227368794779));
#2255 = CARTESIAN_POINT('',(19.298340452325,95.254231966869,
    74.213747314959));
#2256 = CARTESIAN_POINT('',(19.302318423053,95.169923800435,
    74.204587637718));
#2257 = CARTESIAN_POINT('',(19.304310985676,95.085002818454,74.2));
#2258 = CARTESIAN_POINT('',(19.304310985676,95.,74.2));
#2259 = CYLINDRICAL_SURFACE('',#2260,1.8);
#2260 = AXIS2_PLACEMENT_3D('',#2261,#2262,#2263);
#2261 = CARTESIAN_POINT('',(20.2,95.,76.));
#2262 = DIRECTION('',(-1.,0.,0.));
#2263 = DIRECTION('',(0.,0.,-1.));
#2264 = ADVANCED_FACE('',(#2265),#2270,.T.);
#2265 = FACE_BOUND('',#2266,.T.);
#2266 = EDGE_LOOP('',(#2267,#2268,#2269));
#2267 = ORIENTED_EDGE('',*,*,#1397,.T.);
#2268 = ORIENTED_EDGE('',*,*,#2213,.T.);
#2269 = ORIENTED_EDGE('',*,*,#2148,.T.);
#2270 = CYLINDRICAL_SURFACE('',#2271,4.5);
#2271 = AXIS2_PLACEMENT_3D('',#2272,#2273,#2274);
#2272 = CARTESIAN_POINT('',(25.147339443774,95.,74.720932572581));
#2273 = DIRECTION('',(-0.707106781187,0.,0.707106781187));
#2274 = DIRECTION('',(0.707106781187,0.,0.707106781187));
#2275 = ADVANCED_FACE('',(#2276),#2293,.F.);
#2276 = FACE_BOUND('',#2277,.F.);
#2277 = EDGE_LOOP('',(#2278,#2279,#2287));
#2278 = ORIENTED_EDGE('',*,*,#1430,.T.);
#2279 = ORIENTED_EDGE('',*,*,#2280,.T.);
#2280 = EDGE_CURVE('',#1433,#2281,#2283,.T.);
#2281 = VERTEX_POINT('',#2282);
#2282 = CARTESIAN_POINT('',(13.,98.,65.402020253553));
#2283 = LINE('',#2284,#2285);
#2284 = CARTESIAN_POINT('',(13.,98.,64.021945064269));
#2285 = VECTOR('',#2286,1.);
#2286 = DIRECTION('',(0.,0.,1.));
#2287 = ORIENTED_EDGE('',*,*,#2288,.T.);
#2288 = EDGE_CURVE('',#2281,#1431,#2289,.T.);
#2289 = LINE('',#2290,#2291);
#2290 = CARTESIAN_POINT('',(9.033378413095,98.,61.435398666648));
#2291 = VECTOR('',#2292,1.);
#2292 = DIRECTION('',(-0.707106781187,0.,-0.707106781187));
#2293 = PLANE('',#2294);
#2294 = AXIS2_PLACEMENT_3D('',#2295,#2296,#2297);
#2295 = CARTESIAN_POINT('',(2.956109871463,98.,66.043890128537));
#2296 = DIRECTION('',(-0.,-1.,-0.));
#2297 = DIRECTION('',(0.,0.,-1.));
#2298 = ADVANCED_FACE('',(#2299),#2317,.F.);
#2299 = FACE_BOUND('',#2300,.F.);
#2300 = EDGE_LOOP('',(#2301,#2302,#2303,#2311));
#2301 = ORIENTED_EDGE('',*,*,#2280,.F.);
#2302 = ORIENTED_EDGE('',*,*,#1440,.T.);
#2303 = ORIENTED_EDGE('',*,*,#2304,.T.);
#2304 = EDGE_CURVE('',#1441,#2305,#2307,.T.);
#2305 = VERTEX_POINT('',#2306);
#2306 = CARTESIAN_POINT('',(13.,131.5,65.402020253553));
#2307 = LINE('',#2308,#2309);
#2308 = CARTESIAN_POINT('',(13.,131.5,64.021945064269));
#2309 = VECTOR('',#2310,1.);
#2310 = DIRECTION('',(0.,0.,1.));
#2311 = ORIENTED_EDGE('',*,*,#2312,.F.);
#2312 = EDGE_CURVE('',#2281,#2305,#2313,.T.);
#2313 = LINE('',#2314,#2315);
#2314 = CARTESIAN_POINT('',(13.,101.875,65.402020253553));
#2315 = VECTOR('',#2316,1.);
#2316 = DIRECTION('',(0.,1.,0.));
#2317 = PLANE('',#2318);
#2318 = AXIS2_PLACEMENT_3D('',#2319,#2320,#2321);
#2319 = CARTESIAN_POINT('',(13.,89.,62.));
#2320 = DIRECTION('',(1.,0.,0.));
#2321 = DIRECTION('',(0.,0.,1.));
#2322 = ADVANCED_FACE('',(#2323),#2333,.T.);
#2323 = FACE_BOUND('',#2324,.T.);
#2324 = EDGE_LOOP('',(#2325,#2326,#2327));
#2325 = ORIENTED_EDGE('',*,*,#1448,.T.);
#2326 = ORIENTED_EDGE('',*,*,#2304,.T.);
#2327 = ORIENTED_EDGE('',*,*,#2328,.T.);
#2328 = EDGE_CURVE('',#2305,#1449,#2329,.T.);
#2329 = LINE('',#2330,#2331);
#2330 = CARTESIAN_POINT('',(9.033378413095,131.5,61.435398666648));
#2331 = VECTOR('',#2332,1.);
#2332 = DIRECTION('',(-0.707106781187,0.,-0.707106781187));
#2333 = PLANE('',#2334);
#2334 = AXIS2_PLACEMENT_3D('',#2335,#2336,#2337);
#2335 = CARTESIAN_POINT('',(2.956109871463,131.5,66.043890128537));
#2336 = DIRECTION('',(-0.,-1.,-0.));
#2337 = DIRECTION('',(0.,0.,-1.));
#2338 = ADVANCED_FACE('',(#2339),#2345,.F.);
#2339 = FACE_BOUND('',#2340,.F.);
#2340 = EDGE_LOOP('',(#2341,#2342,#2343,#2344));
#2341 = ORIENTED_EDGE('',*,*,#1456,.F.);
#2342 = ORIENTED_EDGE('',*,*,#2288,.F.);
#2343 = ORIENTED_EDGE('',*,*,#2312,.T.);
#2344 = ORIENTED_EDGE('',*,*,#2328,.T.);
#2345 = PLANE('',#2346);
#2346 = AXIS2_PLACEMENT_3D('',#2347,#2348,#2349);
#2347 = CARTESIAN_POINT('',(9.767766952966,114.75,62.16978720652));
#2348 = DIRECTION('',(-0.707106781187,0.,0.707106781187));
#2349 = DIRECTION('',(0.707106781187,0.,0.707106781187));
#2350 = ADVANCED_FACE('',(#2351),#2361,.F.);
#2351 = FACE_BOUND('',#2352,.F.);
#2352 = EDGE_LOOP('',(#2353,#2359,#2360));
#2353 = ORIENTED_EDGE('',*,*,#2354,.T.);
#2354 = EDGE_CURVE('',#1480,#1550,#2355,.T.);
#2355 = LINE('',#2356,#2357);
#2356 = CARTESIAN_POINT('',(9.033378413095,98.,61.435398666648));
#2357 = VECTOR('',#2358,1.);
#2358 = DIRECTION('',(-0.707106781187,0.,-0.707106781187));
#2359 = ORIENTED_EDGE('',*,*,#1557,.T.);
#2360 = ORIENTED_EDGE('',*,*,#1479,.T.);
#2361 = PLANE('',#2362);
#2362 = AXIS2_PLACEMENT_3D('',#2363,#2364,#2365);
#2363 = CARTESIAN_POINT('',(2.956109871463,98.,66.043890128537));
#2364 = DIRECTION('',(-0.,-1.,-0.));
#2365 = DIRECTION('',(0.,0.,-1.));
#2366 = ADVANCED_FACE('',(#2367),#2378,.F.);
#2367 = FACE_BOUND('',#2368,.F.);
#2368 = EDGE_LOOP('',(#2369,#2370,#2371,#2372));
#2369 = ORIENTED_EDGE('',*,*,#1549,.F.);
#2370 = ORIENTED_EDGE('',*,*,#2354,.F.);
#2371 = ORIENTED_EDGE('',*,*,#1487,.T.);
#2372 = ORIENTED_EDGE('',*,*,#2373,.T.);
#2373 = EDGE_CURVE('',#1488,#1542,#2374,.T.);
#2374 = LINE('',#2375,#2376);
#2375 = CARTESIAN_POINT('',(9.033378413095,131.5,61.435398666648));
#2376 = VECTOR('',#2377,1.);
#2377 = DIRECTION('',(-0.707106781187,0.,-0.707106781187));
#2378 = PLANE('',#2379);
#2379 = AXIS2_PLACEMENT_3D('',#2380,#2381,#2382);
#2380 = CARTESIAN_POINT('',(9.767766952966,114.75,62.16978720652));
#2381 = DIRECTION('',(-0.707106781187,0.,0.707106781187));
#2382 = DIRECTION('',(0.707106781187,0.,0.707106781187));
#2383 = ADVANCED_FACE('',(#2384),#2389,.T.);
#2384 = FACE_BOUND('',#2385,.T.);
#2385 = EDGE_LOOP('',(#2386,#2387,#2388));
#2386 = ORIENTED_EDGE('',*,*,#2373,.T.);
#2387 = ORIENTED_EDGE('',*,*,#1541,.T.);
#2388 = ORIENTED_EDGE('',*,*,#1495,.T.);
#2389 = PLANE('',#2390);
#2390 = AXIS2_PLACEMENT_3D('',#2391,#2392,#2393);
#2391 = CARTESIAN_POINT('',(2.956109871463,131.5,66.043890128537));
#2392 = DIRECTION('',(-0.,-1.,-0.));
#2393 = DIRECTION('',(0.,0.,-1.));
#2394 = ADVANCED_FACE('',(#2395),#2432,.T.);
#2395 = FACE_BOUND('',#2396,.T.);
#2396 = EDGE_LOOP('',(#2397,#2405,#2406,#2407,#2416,#2425));
#2397 = ORIENTED_EDGE('',*,*,#2398,.T.);
#2398 = EDGE_CURVE('',#2399,#1568,#2401,.T.);
#2399 = VERTEX_POINT('',#2400);
#2400 = CARTESIAN_POINT('',(0.,95.,50.370797333296));
#2401 = LINE('',#2402,#2403);
#2402 = CARTESIAN_POINT('',(0.398602102245,95.,49.972195231052));
#2403 = VECTOR('',#2404,1.);
#2404 = DIRECTION('',(-0.707106781187,0.,0.707106781187));
#2405 = ORIENTED_EDGE('',*,*,#1567,.T.);
#2406 = ORIENTED_EDGE('',*,*,#2398,.F.);
#2407 = ORIENTED_EDGE('',*,*,#2408,.F.);
#2408 = EDGE_CURVE('',#2409,#2399,#2411,.T.);
#2409 = VERTEX_POINT('',#2410);
#2410 = CARTESIAN_POINT('',(-1.7763568394E-15,97.180735935191,
    49.573593128807));
#2411 = ELLIPSE('',#2412,6.363961030679,4.5);
#2412 = AXIS2_PLACEMENT_3D('',#2413,#2414,#2415);
#2413 = CARTESIAN_POINT('',(0.,95.,44.006836302617));
#2414 = DIRECTION('',(1.,0.,-0.));
#2415 = DIRECTION('',(0.,0.,1.));
#2416 = ORIENTED_EDGE('',*,*,#2417,.T.);
#2417 = EDGE_CURVE('',#2409,#2418,#2420,.T.);
#2418 = VERTEX_POINT('',#2419);
#2419 = CARTESIAN_POINT('',(-1.7763568394E-15,92.819264064809,
    49.573593128807));
#2420 = CIRCLE('',#2421,4.5);
#2421 = AXIS2_PLACEMENT_3D('',#2422,#2423,#2424);
#2422 = CARTESIAN_POINT('',(-2.783378413095,95.,46.790214715712));
#2423 = DIRECTION('',(-0.707106781187,0.,0.707106781187));
#2424 = DIRECTION('',(0.707106781187,0.,0.707106781187));
#2425 = ORIENTED_EDGE('',*,*,#2426,.F.);
#2426 = EDGE_CURVE('',#2399,#2418,#2427,.T.);
#2427 = ELLIPSE('',#2428,6.363961030679,4.5);
#2428 = AXIS2_PLACEMENT_3D('',#2429,#2430,#2431);
#2429 = CARTESIAN_POINT('',(0.,95.,44.006836302617));
#2430 = DIRECTION('',(1.,0.,-0.));
#2431 = DIRECTION('',(0.,0.,1.));
#2432 = CYLINDRICAL_SURFACE('',#2433,4.5);
#2433 = AXIS2_PLACEMENT_3D('',#2434,#2435,#2436);
#2434 = CARTESIAN_POINT('',(-2.783378413095,95.,46.790214715712));
#2435 = DIRECTION('',(-0.707106781187,0.,0.707106781187));
#2436 = DIRECTION('',(0.707106781187,0.,0.707106781187));
#2437 = ADVANCED_FACE('',(#2438),#2494,.T.);
#2438 = FACE_BOUND('',#2439,.T.);
#2439 = EDGE_LOOP('',(#2440,#2448,#2449,#2450,#2465,#2474,#2483));
#2440 = ORIENTED_EDGE('',*,*,#2441,.T.);
#2441 = EDGE_CURVE('',#2442,#1579,#2444,.T.);
#2442 = VERTEX_POINT('',#2443);
#2443 = CARTESIAN_POINT('',(2.086962844932E-02,134.5,50.349927704847));
#2444 = LINE('',#2445,#2446);
#2445 = CARTESIAN_POINT('',(0.398602102245,134.5,49.972195231052));
#2446 = VECTOR('',#2447,1.);
#2447 = DIRECTION('',(-0.707106781187,0.,0.707106781187));
#2448 = ORIENTED_EDGE('',*,*,#1578,.T.);
#2449 = ORIENTED_EDGE('',*,*,#2441,.F.);
#2450 = ORIENTED_EDGE('',*,*,#2451,.T.);
#2451 = EDGE_CURVE('',#2442,#2452,#2454,.T.);
#2452 = VERTEX_POINT('',#2453);
#2453 = CARTESIAN_POINT('',(0.268351593672,135.77431861463,
    49.841944722479));
#2454 = B_SPLINE_CURVE_WITH_KNOTS('',5,(#2455,#2456,#2457,#2458,#2459,
    #2460,#2461,#2462,#2463,#2464),.UNSPECIFIED.,.F.,.F.,(6,4,6),(0.,
    0.391155290303,1.),.UNSPECIFIED.);
#2455 = CARTESIAN_POINT('',(2.08696284493E-02,134.5,50.349927704847));
#2456 = CARTESIAN_POINT('',(3.116310359282E-02,134.62309205971,
    50.339634229704));
#2457 = CARTESIAN_POINT('',(4.435826749054E-02,134.74274118268,
    50.32048719228));
#2458 = CARTESIAN_POINT('',(6.006437004166E-02,134.85820220031,
    50.293541718263));
#2459 = CARTESIAN_POINT('',(7.775570123983E-02,134.96867440567,
    50.26018961859));
#2460 = CARTESIAN_POINT('',(0.126385811388,135.23614413649,
    50.162973655277));
#2461 = CARTESIAN_POINT('',(0.15948091003,135.38626343137,
    50.091933609137));
#2462 = CARTESIAN_POINT('',(0.194611505817,135.52484816924,
    50.01335964189));
#2463 = CARTESIAN_POINT('',(0.230957097857,135.65352182412,
    49.929780674742));
#2464 = CARTESIAN_POINT('',(0.268351847047,135.77431943312,
    49.841944127326));
#2465 = ORIENTED_EDGE('',*,*,#2466,.T.);
#2466 = EDGE_CURVE('',#2452,#2467,#2469,.T.);
#2467 = VERTEX_POINT('',#2468);
#2468 = CARTESIAN_POINT('',(-1.7763568394E-15,132.3192640648,
    49.573593128807));
#2469 = CIRCLE('',#2470,4.5);
#2470 = AXIS2_PLACEMENT_3D('',#2471,#2472,#2473);
#2471 = CARTESIAN_POINT('',(-2.783378413095,134.5,46.790214715712));
#2472 = DIRECTION('',(-0.707106781187,0.,0.707106781187));
#2473 = DIRECTION('',(0.707106781187,0.,0.707106781187));
#2474 = ORIENTED_EDGE('',*,*,#2475,.F.);
#2475 = EDGE_CURVE('',#2476,#2467,#2478,.T.);
#2476 = VERTEX_POINT('',#2477);
#2477 = CARTESIAN_POINT('',(0.,134.,50.331391622954));
#2478 = ELLIPSE('',#2479,6.363961030679,4.5);
#2479 = AXIS2_PLACEMENT_3D('',#2480,#2481,#2482);
#2480 = CARTESIAN_POINT('',(0.,134.5,44.006836302617));
#2481 = DIRECTION('',(1.,0.,-0.));
#2482 = DIRECTION('',(0.,0.,1.));
#2483 = ORIENTED_EDGE('',*,*,#2484,.T.);
#2484 = EDGE_CURVE('',#2476,#2442,#2485,.T.);
#2485 = B_SPLINE_CURVE_WITH_KNOTS('',4,(#2486,#2487,#2488,#2489,#2490,
    #2491,#2492,#2493),.UNSPECIFIED.,.F.,.F.,(5,3,5),(0.,0.57117252438,
    1.),.UNSPECIFIED.);
#2486 = CARTESIAN_POINT('',(2.22044604925E-16,134.,50.331391622954));
#2487 = CARTESIAN_POINT('',(2.306169573968E-16,134.06999857001,
    50.342459368665));
#2488 = CARTESIAN_POINT('',(1.088776338756E-03,134.14123384699,
    50.350542062374));
#2489 = CARTESIAN_POINT('',(3.353348508577E-03,134.21310435569,
    50.355313485683));
#2490 = CARTESIAN_POINT('',(9.341898967348E-03,134.33902495231,
    50.357841801458));
#2491 = CARTESIAN_POINT('',(1.256084079596E-02,134.39303526238,
    50.357049632815));
#2492 = CARTESIAN_POINT('',(1.641856001219E-02,134.44677296304,
    50.354378773284));
#2493 = CARTESIAN_POINT('',(2.08696284493E-02,134.5,50.349927704847));
#2494 = CYLINDRICAL_SURFACE('',#2495,4.5);
#2495 = AXIS2_PLACEMENT_3D('',#2496,#2497,#2498);
#2496 = CARTESIAN_POINT('',(-2.783378413095,134.5,46.790214715712));
#2497 = DIRECTION('',(-0.707106781187,0.,0.707106781187));
#2498 = DIRECTION('',(0.707106781187,0.,0.707106781187));
#2499 = ADVANCED_FACE('',(#2500),#2519,.F.);
#2500 = FACE_BOUND('',#2501,.F.);
#2501 = EDGE_LOOP('',(#2502,#2503,#2511,#2518));
#2502 = ORIENTED_EDGE('',*,*,#1651,.F.);
#2503 = ORIENTED_EDGE('',*,*,#2504,.F.);
#2504 = EDGE_CURVE('',#2505,#1652,#2507,.T.);
#2505 = VERTEX_POINT('',#2506);
#2506 = CARTESIAN_POINT('',(-6.106780284672,134.5,53.366307780747));
#2507 = LINE('',#2508,#2509);
#2508 = CARTESIAN_POINT('',(-6.106780284672,134.5,53.366307780747));
#2509 = VECTOR('',#2510,1.);
#2510 = DIRECTION('',(-0.707106781187,0.,0.707106781187));
#2511 = ORIENTED_EDGE('',*,*,#2512,.T.);
#2512 = EDGE_CURVE('',#2505,#2505,#2513,.T.);
#2513 = CIRCLE('',#2514,2.3);
#2514 = AXIS2_PLACEMENT_3D('',#2515,#2516,#2517);
#2515 = CARTESIAN_POINT('',(-7.733125881401,134.5,51.739962184018));
#2516 = DIRECTION('',(-0.707106781187,0.,0.707106781187));
#2517 = DIRECTION('',(0.707106781187,0.,0.707106781187));
#2518 = ORIENTED_EDGE('',*,*,#2504,.T.);
#2519 = CYLINDRICAL_SURFACE('',#2520,2.3);
#2520 = AXIS2_PLACEMENT_3D('',#2521,#2522,#2523);
#2521 = CARTESIAN_POINT('',(-7.733125881401,134.5,51.739962184018));
#2522 = DIRECTION('',(-0.707106781187,0.,0.707106781187));
#2523 = DIRECTION('',(0.707106781187,0.,0.707106781187));
#2524 = ADVANCED_FACE('',(#2525),#2544,.F.);
#2525 = FACE_BOUND('',#2526,.F.);
#2526 = EDGE_LOOP('',(#2527,#2528,#2536,#2543));
#2527 = ORIENTED_EDGE('',*,*,#1673,.F.);
#2528 = ORIENTED_EDGE('',*,*,#2529,.F.);
#2529 = EDGE_CURVE('',#2530,#1674,#2532,.T.);
#2530 = VERTEX_POINT('',#2531);
#2531 = CARTESIAN_POINT('',(-6.106780284672,95.,53.366307780747));
#2532 = LINE('',#2533,#2534);
#2533 = CARTESIAN_POINT('',(-6.106780284672,95.,53.366307780747));
#2534 = VECTOR('',#2535,1.);
#2535 = DIRECTION('',(-0.707106781187,0.,0.707106781187));
#2536 = ORIENTED_EDGE('',*,*,#2537,.T.);
#2537 = EDGE_CURVE('',#2530,#2530,#2538,.T.);
#2538 = CIRCLE('',#2539,2.3);
#2539 = AXIS2_PLACEMENT_3D('',#2540,#2541,#2542);
#2540 = CARTESIAN_POINT('',(-7.733125881401,95.,51.739962184018));
#2541 = DIRECTION('',(-0.707106781187,0.,0.707106781187));
#2542 = DIRECTION('',(0.707106781187,0.,0.707106781187));
#2543 = ORIENTED_EDGE('',*,*,#2529,.T.);
#2544 = CYLINDRICAL_SURFACE('',#2545,2.3);
#2545 = AXIS2_PLACEMENT_3D('',#2546,#2547,#2548);
#2546 = CARTESIAN_POINT('',(-7.733125881401,95.,51.739962184018));
#2547 = DIRECTION('',(-0.707106781187,0.,0.707106781187));
#2548 = DIRECTION('',(0.707106781187,0.,0.707106781187));
#2549 = ADVANCED_FACE('',(#2550),#2553,.F.);
#2550 = FACE_BOUND('',#2551,.T.);
#2551 = EDGE_LOOP('',(#2552));
#2552 = ORIENTED_EDGE('',*,*,#1728,.F.);
#2553 = PLANE('',#2554);
#2554 = AXIS2_PLACEMENT_3D('',#2555,#2556,#2557);
#2555 = CARTESIAN_POINT('',(25.147339443774,95.,74.720932572581));
#2556 = DIRECTION('',(-0.707106781187,0.,0.707106781187));
#2557 = DIRECTION('',(0.707106781187,0.,0.707106781187));
#2558 = ADVANCED_FACE('',(#2559,#2572),#2575,.F.);
#2559 = FACE_BOUND('',#2560,.F.);
#2560 = EDGE_LOOP('',(#2561,#2562,#2563,#2564,#2565,#2571));
#2561 = ORIENTED_EDGE('',*,*,#1745,.F.);
#2562 = ORIENTED_EDGE('',*,*,#1709,.T.);
#2563 = ORIENTED_EDGE('',*,*,#1831,.F.);
#2564 = ORIENTED_EDGE('',*,*,#1786,.F.);
#2565 = ORIENTED_EDGE('',*,*,#2566,.T.);
#2566 = EDGE_CURVE('',#1778,#1805,#2567,.T.);
#2567 = LINE('',#2568,#2569);
#2568 = CARTESIAN_POINT('',(20.,104.875,79.473088065419));
#2569 = VECTOR('',#2570,1.);
#2570 = DIRECTION('',(0.,-1.,0.));
#2571 = ORIENTED_EDGE('',*,*,#1804,.F.);
#2572 = FACE_BOUND('',#2573,.F.);
#2573 = EDGE_LOOP('',(#2574));
#2574 = ORIENTED_EDGE('',*,*,#2205,.T.);
#2575 = PLANE('',#2576);
#2576 = AXIS2_PLACEMENT_3D('',#2577,#2578,#2579);
#2577 = CARTESIAN_POINT('',(20.,114.75,66.));
#2578 = DIRECTION('',(1.,0.,0.));
#2579 = DIRECTION('',(0.,0.,1.));
#2580 = ADVANCED_FACE('',(#2581),#2586,.T.);
#2581 = FACE_BOUND('',#2582,.T.);
#2582 = EDGE_LOOP('',(#2583,#2584,#2585));
#2583 = ORIENTED_EDGE('',*,*,#1813,.T.);
#2584 = ORIENTED_EDGE('',*,*,#1777,.T.);
#2585 = ORIENTED_EDGE('',*,*,#2566,.T.);
#2586 = PLANE('',#2587);
#2587 = AXIS2_PLACEMENT_3D('',#2588,#2589,#2590);
#2588 = CARTESIAN_POINT('',(20.197591975468,95.,79.670680040887));
#2589 = DIRECTION('',(-0.707106781187,0.,0.707106781187));
#2590 = DIRECTION('',(0.707106781187,0.,0.707106781187));
#2591 = ADVANCED_FACE('',(#2592),#2595,.F.);
#2592 = FACE_BOUND('',#2593,.T.);
#2593 = EDGE_LOOP('',(#2594));
#2594 = ORIENTED_EDGE('',*,*,#1884,.F.);
#2595 = PLANE('',#2596);
#2596 = AXIS2_PLACEMENT_3D('',#2597,#2598,#2599);
#2597 = CARTESIAN_POINT('',(25.147339443774,134.5,74.720932572581));
#2598 = DIRECTION('',(-0.707106781187,0.,0.707106781187));
#2599 = DIRECTION('',(0.707106781187,0.,0.707106781187));
#2600 = ADVANCED_FACE('',(#2601,#2614),#2617,.F.);
#2601 = FACE_BOUND('',#2602,.F.);
#2602 = EDGE_LOOP('',(#2603,#2604,#2605,#2606,#2607,#2613));
#2603 = ORIENTED_EDGE('',*,*,#1901,.F.);
#2604 = ORIENTED_EDGE('',*,*,#1865,.T.);
#2605 = ORIENTED_EDGE('',*,*,#1987,.F.);
#2606 = ORIENTED_EDGE('',*,*,#1942,.F.);
#2607 = ORIENTED_EDGE('',*,*,#2608,.T.);
#2608 = EDGE_CURVE('',#1934,#1961,#2609,.T.);
#2609 = LINE('',#2610,#2611);
#2610 = CARTESIAN_POINT('',(20.,124.625,79.473088065419));
#2611 = VECTOR('',#2612,1.);
#2612 = DIRECTION('',(0.,-1.,0.));
#2613 = ORIENTED_EDGE('',*,*,#1960,.F.);
#2614 = FACE_BOUND('',#2615,.F.);
#2615 = EDGE_LOOP('',(#2616));
#2616 = ORIENTED_EDGE('',*,*,#2073,.T.);
#2617 = PLANE('',#2618);
#2618 = AXIS2_PLACEMENT_3D('',#2619,#2620,#2621);
#2619 = CARTESIAN_POINT('',(20.,114.75,66.));
#2620 = DIRECTION('',(1.,0.,0.));
#2621 = DIRECTION('',(0.,0.,1.));
#2622 = ADVANCED_FACE('',(#2623),#2628,.T.);
#2623 = FACE_BOUND('',#2624,.T.);
#2624 = EDGE_LOOP('',(#2625,#2626,#2627));
#2625 = ORIENTED_EDGE('',*,*,#1969,.T.);
#2626 = ORIENTED_EDGE('',*,*,#1933,.T.);
#2627 = ORIENTED_EDGE('',*,*,#2608,.T.);
#2628 = PLANE('',#2629);
#2629 = AXIS2_PLACEMENT_3D('',#2630,#2631,#2632);
#2630 = CARTESIAN_POINT('',(20.197591975468,134.5,79.670680040887));
#2631 = DIRECTION('',(-0.707106781187,0.,0.707106781187));
#2632 = DIRECTION('',(0.707106781187,0.,0.707106781187));
#2633 = ADVANCED_FACE('',(#2634),#2644,.T.);
#2634 = FACE_BOUND('',#2635,.T.);
#2635 = EDGE_LOOP('',(#2636,#2637,#2638));
#2636 = ORIENTED_EDGE('',*,*,#2408,.T.);
#2637 = ORIENTED_EDGE('',*,*,#2426,.T.);
#2638 = ORIENTED_EDGE('',*,*,#2639,.T.);
#2639 = EDGE_CURVE('',#2418,#2409,#2640,.T.);
#2640 = LINE('',#2641,#2642);
#2641 = CARTESIAN_POINT('',(0.,114.5,49.573593128807));
#2642 = VECTOR('',#2643,1.);
#2643 = DIRECTION('',(0.,1.,0.));
#2644 = PLANE('',#2645);
#2645 = AXIS2_PLACEMENT_3D('',#2646,#2647,#2648);
#2646 = CARTESIAN_POINT('',(0.,134.,48.));
#2647 = DIRECTION('',(1.,0.,0.));
#2648 = DIRECTION('',(0.,-1.,0.));
#2649 = ADVANCED_FACE('',(#2650),#2654,.F.);
#2650 = FACE_BOUND('',#2651,.F.);
#2651 = EDGE_LOOP('',(#2652,#2653));
#2652 = ORIENTED_EDGE('',*,*,#2639,.T.);
#2653 = ORIENTED_EDGE('',*,*,#2417,.T.);
#2654 = PLANE('',#2655);
#2655 = AXIS2_PLACEMENT_3D('',#2656,#2657,#2658);
#2656 = CARTESIAN_POINT('',(-2.783378413095,95.,46.790214715712));
#2657 = DIRECTION('',(-0.707106781187,0.,0.707106781187));
#2658 = DIRECTION('',(0.707106781187,0.,0.707106781187));
#2659 = ADVANCED_FACE('',(#2660),#2679,.F.);
#2660 = FACE_BOUND('',#2661,.T.);
#2661 = EDGE_LOOP('',(#2662,#2670,#2677,#2678));
#2662 = ORIENTED_EDGE('',*,*,#2663,.F.);
#2663 = EDGE_CURVE('',#2664,#2476,#2666,.T.);
#2664 = VERTEX_POINT('',#2665);
#2665 = CARTESIAN_POINT('',(0.,134.,49.573593128807));
#2666 = LINE('',#2667,#2668);
#2667 = CARTESIAN_POINT('',(0.,134.,48.));
#2668 = VECTOR('',#2669,1.);
#2669 = DIRECTION('',(0.,0.,1.));
#2670 = ORIENTED_EDGE('',*,*,#2671,.F.);
#2671 = EDGE_CURVE('',#2452,#2664,#2672,.T.);
#2672 = ELLIPSE('',#2673,8.485281374239,6.);
#2673 = AXIS2_PLACEMENT_3D('',#2674,#2675,#2676);
#2674 = CARTESIAN_POINT('',(6.,134.,55.573593128807));
#2675 = DIRECTION('',(-0.707106781187,0.,0.707106781187));
#2676 = DIRECTION('',(-0.707106781187,0.,-0.707106781187));
#2677 = ORIENTED_EDGE('',*,*,#2451,.F.);
#2678 = ORIENTED_EDGE('',*,*,#2484,.F.);
#2679 = CYLINDRICAL_SURFACE('',#2680,6.);
#2680 = AXIS2_PLACEMENT_3D('',#2681,#2682,#2683);
#2681 = CARTESIAN_POINT('',(6.,134.,48.));
#2682 = DIRECTION('',(-0.,-0.,-1.));
#2683 = DIRECTION('',(1.,0.,0.));
#2684 = ADVANCED_FACE('',(#2685),#2695,.T.);
#2685 = FACE_BOUND('',#2686,.T.);
#2686 = EDGE_LOOP('',(#2687,#2693,#2694));
#2687 = ORIENTED_EDGE('',*,*,#2688,.T.);
#2688 = EDGE_CURVE('',#2467,#2664,#2689,.T.);
#2689 = LINE('',#2690,#2691);
#2690 = CARTESIAN_POINT('',(0.,134.25,49.573593128807));
#2691 = VECTOR('',#2692,1.);
#2692 = DIRECTION('',(0.,1.,0.));
#2693 = ORIENTED_EDGE('',*,*,#2663,.T.);
#2694 = ORIENTED_EDGE('',*,*,#2475,.T.);
#2695 = PLANE('',#2696);
#2696 = AXIS2_PLACEMENT_3D('',#2697,#2698,#2699);
#2697 = CARTESIAN_POINT('',(0.,134.,48.));
#2698 = DIRECTION('',(1.,0.,0.));
#2699 = DIRECTION('',(0.,-1.,0.));
#2700 = ADVANCED_FACE('',(#2701),#2706,.F.);
#2701 = FACE_BOUND('',#2702,.F.);
#2702 = EDGE_LOOP('',(#2703,#2704,#2705));
#2703 = ORIENTED_EDGE('',*,*,#2671,.F.);
#2704 = ORIENTED_EDGE('',*,*,#2466,.T.);
#2705 = ORIENTED_EDGE('',*,*,#2688,.T.);
#2706 = PLANE('',#2707);
#2707 = AXIS2_PLACEMENT_3D('',#2708,#2709,#2710);
#2708 = CARTESIAN_POINT('',(-2.783378413095,134.5,46.790214715712));
#2709 = DIRECTION('',(-0.707106781187,0.,0.707106781187));
#2710 = DIRECTION('',(0.707106781187,0.,0.707106781187));
#2711 = ADVANCED_FACE('',(#2712),#2715,.T.);
#2712 = FACE_BOUND('',#2713,.F.);
#2713 = EDGE_LOOP('',(#2714));
#2714 = ORIENTED_EDGE('',*,*,#2512,.F.);
#2715 = PLANE('',#2716);
#2716 = AXIS2_PLACEMENT_3D('',#2717,#2718,#2719);
#2717 = CARTESIAN_POINT('',(-7.733125881401,134.5,51.739962184018));
#2718 = DIRECTION('',(-0.707106781187,0.,0.707106781187));
#2719 = DIRECTION('',(0.707106781187,0.,0.707106781187));
#2720 = ADVANCED_FACE('',(#2721),#2724,.T.);
#2721 = FACE_BOUND('',#2722,.F.);
#2722 = EDGE_LOOP('',(#2723));
#2723 = ORIENTED_EDGE('',*,*,#2537,.F.);
#2724 = PLANE('',#2725);
#2725 = AXIS2_PLACEMENT_3D('',#2726,#2727,#2728);
#2726 = CARTESIAN_POINT('',(-7.733125881401,95.,51.739962184018));
#2727 = DIRECTION('',(-0.707106781187,0.,0.707106781187));
#2728 = DIRECTION('',(0.707106781187,0.,0.707106781187));
#2729 = ORIENTED_CLOSED_SHELL('',*,#2730,.F.);
#2730 = CLOSED_SHELL('',(#2731,#2764,#2773));
#2731 = ADVANCED_FACE('',(#2732),#2759,.T.);
#2732 = FACE_BOUND('',#2733,.T.);
#2733 = EDGE_LOOP('',(#2734,#2743,#2751,#2758));
#2734 = ORIENTED_EDGE('',*,*,#2735,.F.);
#2735 = EDGE_CURVE('',#2736,#2736,#2738,.T.);
#2736 = VERTEX_POINT('',#2737);
#2737 = CARTESIAN_POINT('',(8.9,95.,65.7));
#2738 = CIRCLE('',#2739,2.3);
#2739 = AXIS2_PLACEMENT_3D('',#2740,#2741,#2742);
#2740 = CARTESIAN_POINT('',(8.9,95.,68.));
#2741 = DIRECTION('',(-1.,0.,0.));
#2742 = DIRECTION('',(0.,0.,-1.));
#2743 = ORIENTED_EDGE('',*,*,#2744,.F.);
#2744 = EDGE_CURVE('',#2745,#2736,#2747,.T.);
#2745 = VERTEX_POINT('',#2746);
#2746 = CARTESIAN_POINT('',(16.9,95.,65.7));
#2747 = LINE('',#2748,#2749);
#2748 = CARTESIAN_POINT('',(16.9,95.,65.7));
#2749 = VECTOR('',#2750,1.);
#2750 = DIRECTION('',(-1.,0.,0.));
#2751 = ORIENTED_EDGE('',*,*,#2752,.T.);
#2752 = EDGE_CURVE('',#2745,#2745,#2753,.T.);
#2753 = CIRCLE('',#2754,2.3);
#2754 = AXIS2_PLACEMENT_3D('',#2755,#2756,#2757);
#2755 = CARTESIAN_POINT('',(16.9,95.,68.));
#2756 = DIRECTION('',(-1.,0.,0.));
#2757 = DIRECTION('',(0.,0.,-1.));
#2758 = ORIENTED_EDGE('',*,*,#2744,.T.);
#2759 = CYLINDRICAL_SURFACE('',#2760,2.3);
#2760 = AXIS2_PLACEMENT_3D('',#2761,#2762,#2763);
#2761 = CARTESIAN_POINT('',(16.9,95.,68.));
#2762 = DIRECTION('',(-1.,0.,0.));
#2763 = DIRECTION('',(0.,0.,-1.));
#2764 = ADVANCED_FACE('',(#2765),#2768,.T.);
#2765 = FACE_BOUND('',#2766,.T.);
#2766 = EDGE_LOOP('',(#2767));
#2767 = ORIENTED_EDGE('',*,*,#2735,.T.);
#2768 = PLANE('',#2769);
#2769 = AXIS2_PLACEMENT_3D('',#2770,#2771,#2772);
#2770 = CARTESIAN_POINT('',(8.9,95.,68.));
#2771 = DIRECTION('',(-1.,0.,0.));
#2772 = DIRECTION('',(0.,0.,-1.));
#2773 = ADVANCED_FACE('',(#2774),#2777,.F.);
#2774 = FACE_BOUND('',#2775,.T.);
#2775 = EDGE_LOOP('',(#2776));
#2776 = ORIENTED_EDGE('',*,*,#2752,.F.);
#2777 = PLANE('',#2778);
#2778 = AXIS2_PLACEMENT_3D('',#2779,#2780,#2781);
#2779 = CARTESIAN_POINT('',(16.9,95.,68.));
#2780 = DIRECTION('',(-1.,0.,0.));
#2781 = DIRECTION('',(0.,0.,-1.));
#2782 = ORIENTED_CLOSED_SHELL('',*,#2783,.F.);
#2783 = CLOSED_SHELL('',(#2784,#2817,#2826));
#2784 = ADVANCED_FACE('',(#2785),#2812,.T.);
#2785 = FACE_BOUND('',#2786,.T.);
#2786 = EDGE_LOOP('',(#2787,#2796,#2804,#2811));
#2787 = ORIENTED_EDGE('',*,*,#2788,.F.);
#2788 = EDGE_CURVE('',#2789,#2789,#2791,.T.);
#2789 = VERTEX_POINT('',#2790);
#2790 = CARTESIAN_POINT('',(8.9,134.5,65.7));
#2791 = CIRCLE('',#2792,2.3);
#2792 = AXIS2_PLACEMENT_3D('',#2793,#2794,#2795);
#2793 = CARTESIAN_POINT('',(8.9,134.5,68.));
#2794 = DIRECTION('',(-1.,0.,0.));
#2795 = DIRECTION('',(0.,0.,-1.));
#2796 = ORIENTED_EDGE('',*,*,#2797,.F.);
#2797 = EDGE_CURVE('',#2798,#2789,#2800,.T.);
#2798 = VERTEX_POINT('',#2799);
#2799 = CARTESIAN_POINT('',(16.9,134.5,65.7));
#2800 = LINE('',#2801,#2802);
#2801 = CARTESIAN_POINT('',(16.9,134.5,65.7));
#2802 = VECTOR('',#2803,1.);
#2803 = DIRECTION('',(-1.,0.,0.));
#2804 = ORIENTED_EDGE('',*,*,#2805,.T.);
#2805 = EDGE_CURVE('',#2798,#2798,#2806,.T.);
#2806 = CIRCLE('',#2807,2.3);
#2807 = AXIS2_PLACEMENT_3D('',#2808,#2809,#2810);
#2808 = CARTESIAN_POINT('',(16.9,134.5,68.));
#2809 = DIRECTION('',(-1.,0.,0.));
#2810 = DIRECTION('',(0.,0.,-1.));
#2811 = ORIENTED_EDGE('',*,*,#2797,.T.);
#2812 = CYLINDRICAL_SURFACE('',#2813,2.3);
#2813 = AXIS2_PLACEMENT_3D('',#2814,#2815,#2816);
#2814 = CARTESIAN_POINT('',(16.9,134.5,68.));
#2815 = DIRECTION('',(-1.,0.,0.));
#2816 = DIRECTION('',(0.,0.,-1.));
#2817 = ADVANCED_FACE('',(#2818),#2821,.T.);
#2818 = FACE_BOUND('',#2819,.T.);
#2819 = EDGE_LOOP('',(#2820));
#2820 = ORIENTED_EDGE('',*,*,#2788,.T.);
#2821 = PLANE('',#2822);
#2822 = AXIS2_PLACEMENT_3D('',#2823,#2824,#2825);
#2823 = CARTESIAN_POINT('',(8.9,134.5,68.));
#2824 = DIRECTION('',(-1.,0.,0.));
#2825 = DIRECTION('',(0.,0.,-1.));
#2826 = ADVANCED_FACE('',(#2827),#2830,.F.);
#2827 = FACE_BOUND('',#2828,.T.);
#2828 = EDGE_LOOP('',(#2829));
#2829 = ORIENTED_EDGE('',*,*,#2805,.F.);
#2830 = PLANE('',#2831);
#2831 = AXIS2_PLACEMENT_3D('',#2832,#2833,#2834);
#2832 = CARTESIAN_POINT('',(16.9,134.5,68.));
#2833 = DIRECTION('',(-1.,0.,0.));
#2834 = DIRECTION('',(0.,0.,-1.));
#2835 = ORIENTED_CLOSED_SHELL('',*,#2836,.F.);
#2836 = CLOSED_SHELL('',(#2837,#2870,#2879));
#2837 = ADVANCED_FACE('',(#2838),#2865,.T.);
#2838 = FACE_BOUND('',#2839,.T.);
#2839 = EDGE_LOOP('',(#2840,#2849,#2857,#2864));
#2840 = ORIENTED_EDGE('',*,*,#2841,.F.);
#2841 = EDGE_CURVE('',#2842,#2842,#2844,.T.);
#2842 = VERTEX_POINT('',#2843);
#2843 = CARTESIAN_POINT('',(8.9,95.,73.7));
#2844 = CIRCLE('',#2845,2.3);
#2845 = AXIS2_PLACEMENT_3D('',#2846,#2847,#2848);
#2846 = CARTESIAN_POINT('',(8.9,95.,76.));
#2847 = DIRECTION('',(-1.,0.,0.));
#2848 = DIRECTION('',(0.,0.,-1.));
#2849 = ORIENTED_EDGE('',*,*,#2850,.F.);
#2850 = EDGE_CURVE('',#2851,#2842,#2853,.T.);
#2851 = VERTEX_POINT('',#2852);
#2852 = CARTESIAN_POINT('',(16.9,95.,73.7));
#2853 = LINE('',#2854,#2855);
#2854 = CARTESIAN_POINT('',(16.9,95.,73.7));
#2855 = VECTOR('',#2856,1.);
#2856 = DIRECTION('',(-1.,0.,0.));
#2857 = ORIENTED_EDGE('',*,*,#2858,.T.);
#2858 = EDGE_CURVE('',#2851,#2851,#2859,.T.);
#2859 = CIRCLE('',#2860,2.3);
#2860 = AXIS2_PLACEMENT_3D('',#2861,#2862,#2863);
#2861 = CARTESIAN_POINT('',(16.9,95.,76.));
#2862 = DIRECTION('',(-1.,0.,0.));
#2863 = DIRECTION('',(0.,0.,-1.));
#2864 = ORIENTED_EDGE('',*,*,#2850,.T.);
#2865 = CYLINDRICAL_SURFACE('',#2866,2.3);
#2866 = AXIS2_PLACEMENT_3D('',#2867,#2868,#2869);
#2867 = CARTESIAN_POINT('',(16.9,95.,76.));
#2868 = DIRECTION('',(-1.,0.,0.));
#2869 = DIRECTION('',(0.,0.,-1.));
#2870 = ADVANCED_FACE('',(#2871),#2874,.T.);
#2871 = FACE_BOUND('',#2872,.T.);
#2872 = EDGE_LOOP('',(#2873));
#2873 = ORIENTED_EDGE('',*,*,#2841,.T.);
#2874 = PLANE('',#2875);
#2875 = AXIS2_PLACEMENT_3D('',#2876,#2877,#2878);
#2876 = CARTESIAN_POINT('',(8.9,95.,76.));
#2877 = DIRECTION('',(-1.,0.,0.));
#2878 = DIRECTION('',(0.,0.,-1.));
#2879 = ADVANCED_FACE('',(#2880),#2883,.F.);
#2880 = FACE_BOUND('',#2881,.T.);
#2881 = EDGE_LOOP('',(#2882));
#2882 = ORIENTED_EDGE('',*,*,#2858,.F.);
#2883 = PLANE('',#2884);
#2884 = AXIS2_PLACEMENT_3D('',#2885,#2886,#2887);
#2885 = CARTESIAN_POINT('',(16.9,95.,76.));
#2886 = DIRECTION('',(-1.,0.,0.));
#2887 = DIRECTION('',(0.,0.,-1.));
#2888 = ORIENTED_CLOSED_SHELL('',*,#2889,.F.);
#2889 = CLOSED_SHELL('',(#2890,#2923,#2932));
#2890 = ADVANCED_FACE('',(#2891),#2918,.T.);
#2891 = FACE_BOUND('',#2892,.T.);
#2892 = EDGE_LOOP('',(#2893,#2902,#2910,#2917));
#2893 = ORIENTED_EDGE('',*,*,#2894,.F.);
#2894 = EDGE_CURVE('',#2895,#2895,#2897,.T.);
#2895 = VERTEX_POINT('',#2896);
#2896 = CARTESIAN_POINT('',(8.9,134.5,73.7));
#2897 = CIRCLE('',#2898,2.3);
#2898 = AXIS2_PLACEMENT_3D('',#2899,#2900,#2901);
#2899 = CARTESIAN_POINT('',(8.9,134.5,76.));
#2900 = DIRECTION('',(-1.,0.,0.));
#2901 = DIRECTION('',(0.,0.,-1.));
#2902 = ORIENTED_EDGE('',*,*,#2903,.F.);
#2903 = EDGE_CURVE('',#2904,#2895,#2906,.T.);
#2904 = VERTEX_POINT('',#2905);
#2905 = CARTESIAN_POINT('',(16.9,134.5,73.7));
#2906 = LINE('',#2907,#2908);
#2907 = CARTESIAN_POINT('',(16.9,134.5,73.7));
#2908 = VECTOR('',#2909,1.);
#2909 = DIRECTION('',(-1.,0.,0.));
#2910 = ORIENTED_EDGE('',*,*,#2911,.T.);
#2911 = EDGE_CURVE('',#2904,#2904,#2912,.T.);
#2912 = CIRCLE('',#2913,2.3);
#2913 = AXIS2_PLACEMENT_3D('',#2914,#2915,#2916);
#2914 = CARTESIAN_POINT('',(16.9,134.5,76.));
#2915 = DIRECTION('',(-1.,0.,0.));
#2916 = DIRECTION('',(0.,0.,-1.));
#2917 = ORIENTED_EDGE('',*,*,#2903,.T.);
#2918 = CYLINDRICAL_SURFACE('',#2919,2.3);
#2919 = AXIS2_PLACEMENT_3D('',#2920,#2921,#2922);
#2920 = CARTESIAN_POINT('',(16.9,134.5,76.));
#2921 = DIRECTION('',(-1.,0.,0.));
#2922 = DIRECTION('',(0.,0.,-1.));
#2923 = ADVANCED_FACE('',(#2924),#2927,.T.);
#2924 = FACE_BOUND('',#2925,.T.);
#2925 = EDGE_LOOP('',(#2926));
#2926 = ORIENTED_EDGE('',*,*,#2894,.T.);
#2927 = PLANE('',#2928);
#2928 = AXIS2_PLACEMENT_3D('',#2929,#2930,#2931);
#2929 = CARTESIAN_POINT('',(8.9,134.5,76.));
#2930 = DIRECTION('',(-1.,0.,0.));
#2931 = DIRECTION('',(0.,0.,-1.));
#2932 = ADVANCED_FACE('',(#2933),#2936,.F.);
#2933 = FACE_BOUND('',#2934,.T.);
#2934 = EDGE_LOOP('',(#2935));
#2935 = ORIENTED_EDGE('',*,*,#2911,.F.);
#2936 = PLANE('',#2937);
#2937 = AXIS2_PLACEMENT_3D('',#2938,#2939,#2940);
#2938 = CARTESIAN_POINT('',(16.9,134.5,76.));
#2939 = DIRECTION('',(-1.,0.,0.));
#2940 = DIRECTION('',(0.,0.,-1.));
#2941 = BREP_WITH_VOIDS('',#2942,(#4485,#4538,#4591,#4644));
#2942 = CLOSED_SHELL('',(#2943,#2991,#3164,#3222,#3278,#3347,#3442,#3495
    ,#3520,#3581,#3598,#3651,#3676,#3737,#3754,#3767,#3888,#3899,#4020,
    #4031,#4054,#4078,#4094,#4106,#4122,#4139,#4150,#4193,#4255,#4280,
    #4305,#4314,#4336,#4347,#4356,#4378,#4389,#4405,#4415,#4440,#4456,
    #4467,#4476));
#2943 = ADVANCED_FACE('',(#2944),#2986,.T.);
#2944 = FACE_BOUND('',#2945,.F.);
#2945 = EDGE_LOOP('',(#2946,#2956,#2964,#2972,#2980));
#2946 = ORIENTED_EDGE('',*,*,#2947,.T.);
#2947 = EDGE_CURVE('',#2948,#2950,#2952,.T.);
#2948 = VERTEX_POINT('',#2949);
#2949 = CARTESIAN_POINT('',(62.,89.,62.));
#2950 = VERTEX_POINT('',#2951);
#2951 = CARTESIAN_POINT('',(62.,89.,87.786796564404));
#2952 = LINE('',#2953,#2954);
#2953 = CARTESIAN_POINT('',(62.,89.,62.));
#2954 = VECTOR('',#2955,1.);
#2955 = DIRECTION('',(0.,0.,1.));
#2956 = ORIENTED_EDGE('',*,*,#2957,.T.);
#2957 = EDGE_CURVE('',#2950,#2958,#2960,.T.);
#2958 = VERTEX_POINT('',#2959);
#2959 = CARTESIAN_POINT('',(97.786796564404,89.,52.));
#2960 = LINE('',#2961,#2962);
#2961 = CARTESIAN_POINT('',(62.,89.,87.786796564404));
#2962 = VECTOR('',#2963,1.);
#2963 = DIRECTION('',(0.707106781187,0.,-0.707106781187));
#2964 = ORIENTED_EDGE('',*,*,#2965,.T.);
#2965 = EDGE_CURVE('',#2958,#2966,#2968,.T.);
#2966 = VERTEX_POINT('',#2967);
#2967 = CARTESIAN_POINT('',(79.,89.,52.));
#2968 = LINE('',#2969,#2970);
#2969 = CARTESIAN_POINT('',(97.786796564404,89.,52.));
#2970 = VECTOR('',#2971,1.);
#2971 = DIRECTION('',(-1.,-0.,-0.));
#2972 = ORIENTED_EDGE('',*,*,#2973,.T.);
#2973 = EDGE_CURVE('',#2966,#2974,#2976,.T.);
#2974 = VERTEX_POINT('',#2975);
#2975 = CARTESIAN_POINT('',(79.,89.,62.));
#2976 = LINE('',#2977,#2978);
#2977 = CARTESIAN_POINT('',(79.,89.,52.));
#2978 = VECTOR('',#2979,1.);
#2979 = DIRECTION('',(0.,0.,1.));
#2980 = ORIENTED_EDGE('',*,*,#2981,.T.);
#2981 = EDGE_CURVE('',#2974,#2948,#2982,.T.);
#2982 = LINE('',#2983,#2984);
#2983 = CARTESIAN_POINT('',(79.,89.,62.));
#2984 = VECTOR('',#2985,1.);
#2985 = DIRECTION('',(-1.,-0.,-0.));
#2986 = PLANE('',#2987);
#2987 = AXIS2_PLACEMENT_3D('',#2988,#2989,#2990);
#2988 = CARTESIAN_POINT('',(75.737620118682,89.,66.075266754784));
#2989 = DIRECTION('',(0.,-1.,0.));
#2990 = DIRECTION('',(0.,0.,1.));
#2991 = ADVANCED_FACE('',(#2992,#3119,#3139),#3159,.T.);
#2992 = FACE_BOUND('',#2993,.F.);
#2993 = EDGE_LOOP('',(#2994,#2995,#3003,#3011,#3019,#3028,#3036,#3045,
    #3053,#3062,#3070,#3079,#3087,#3096,#3104,#3113));
#2994 = ORIENTED_EDGE('',*,*,#2947,.F.);
#2995 = ORIENTED_EDGE('',*,*,#2996,.T.);
#2996 = EDGE_CURVE('',#2948,#2997,#2999,.T.);
#2997 = VERTEX_POINT('',#2998);
#2998 = CARTESIAN_POINT('',(62.,140.5,62.));
#2999 = LINE('',#3000,#3001);
#3000 = CARTESIAN_POINT('',(62.,89.,62.));
#3001 = VECTOR('',#3002,1.);
#3002 = DIRECTION('',(0.,1.,0.));
#3003 = ORIENTED_EDGE('',*,*,#3004,.T.);
#3004 = EDGE_CURVE('',#2997,#3005,#3007,.T.);
#3005 = VERTEX_POINT('',#3006);
#3006 = CARTESIAN_POINT('',(62.,140.5,87.786796564404));
#3007 = LINE('',#3008,#3009);
#3008 = CARTESIAN_POINT('',(62.,140.5,62.));
#3009 = VECTOR('',#3010,1.);
#3010 = DIRECTION('',(0.,0.,1.));
#3011 = ORIENTED_EDGE('',*,*,#3012,.F.);
#3012 = EDGE_CURVE('',#3013,#3005,#3015,.T.);
#3013 = VERTEX_POINT('',#3014);
#3014 = CARTESIAN_POINT('',(62.,137.35553114763,87.786796564404));
#3015 = LINE('',#3016,#3017);
#3016 = CARTESIAN_POINT('',(62.,89.,87.786796564404));
#3017 = VECTOR('',#3018,1.);
#3018 = DIRECTION('',(0.,1.,0.));
#3019 = ORIENTED_EDGE('',*,*,#3020,.F.);
#3020 = EDGE_CURVE('',#3021,#3013,#3023,.T.);
#3021 = VERTEX_POINT('',#3022);
#3022 = CARTESIAN_POINT('',(62.,138.51702723666,80.));
#3023 = ELLIPSE('',#3024,6.363961030679,4.5);
#3024 = AXIS2_PLACEMENT_3D('',#3025,#3026,#3027);
#3025 = CARTESIAN_POINT('',(62.,134.5,82.868272016355));
#3026 = DIRECTION('',(1.,0.,0.));
#3027 = DIRECTION('',(0.,0.,1.));
#3028 = ORIENTED_EDGE('',*,*,#3029,.F.);
#3029 = EDGE_CURVE('',#3030,#3021,#3032,.T.);
#3030 = VERTEX_POINT('',#3031);
#3031 = CARTESIAN_POINT('',(62.,135.58466945199,80.));
#3032 = LINE('',#3033,#3034);
#3033 = CARTESIAN_POINT('',(62.,89.,80.));
#3034 = VECTOR('',#3035,1.);
#3035 = DIRECTION('',(0.,1.,0.));
#3036 = ORIENTED_EDGE('',*,*,#3037,.F.);
#3037 = EDGE_CURVE('',#3038,#3030,#3040,.T.);
#3038 = VERTEX_POINT('',#3039);
#3039 = CARTESIAN_POINT('',(62.,133.415330548,80.));
#3040 = ELLIPSE('',#3041,3.252691193458,2.3);
#3041 = AXIS2_PLACEMENT_3D('',#3042,#3043,#3044);
#3042 = CARTESIAN_POINT('',(62.,134.5,82.868272016355));
#3043 = DIRECTION('',(1.,0.,0.));
#3044 = DIRECTION('',(0.,0.,1.));
#3045 = ORIENTED_EDGE('',*,*,#3046,.F.);
#3046 = EDGE_CURVE('',#3047,#3038,#3049,.T.);
#3047 = VERTEX_POINT('',#3048);
#3048 = CARTESIAN_POINT('',(62.,130.48297276333,80.));
#3049 = LINE('',#3050,#3051);
#3050 = CARTESIAN_POINT('',(62.,89.,80.));
#3051 = VECTOR('',#3052,1.);
#3052 = DIRECTION('',(0.,1.,0.));
#3053 = ORIENTED_EDGE('',*,*,#3054,.F.);
#3054 = EDGE_CURVE('',#3055,#3047,#3057,.T.);
#3055 = VERTEX_POINT('',#3056);
#3056 = CARTESIAN_POINT('',(62.,131.64446885236,87.786796564404));
#3057 = ELLIPSE('',#3058,6.363961030679,4.5);
#3058 = AXIS2_PLACEMENT_3D('',#3059,#3060,#3061);
#3059 = CARTESIAN_POINT('',(62.,134.5,82.868272016355));
#3060 = DIRECTION('',(1.,0.,0.));
#3061 = DIRECTION('',(0.,0.,1.));
#3062 = ORIENTED_EDGE('',*,*,#3063,.F.);
#3063 = EDGE_CURVE('',#3064,#3055,#3066,.T.);
#3064 = VERTEX_POINT('',#3065);
#3065 = CARTESIAN_POINT('',(62.,97.855531147636,87.786796564404));
#3066 = LINE('',#3067,#3068);
#3067 = CARTESIAN_POINT('',(62.,89.,87.786796564404));
#3068 = VECTOR('',#3069,1.);
#3069 = DIRECTION('',(0.,1.,0.));
#3070 = ORIENTED_EDGE('',*,*,#3071,.F.);
#3071 = EDGE_CURVE('',#3072,#3064,#3074,.T.);
#3072 = VERTEX_POINT('',#3073);
#3073 = CARTESIAN_POINT('',(62.,99.017027236664,80.));
#3074 = ELLIPSE('',#3075,6.363961030679,4.5);
#3075 = AXIS2_PLACEMENT_3D('',#3076,#3077,#3078);
#3076 = CARTESIAN_POINT('',(62.,95.,82.868272016355));
#3077 = DIRECTION('',(1.,0.,0.));
#3078 = DIRECTION('',(0.,0.,1.));
#3079 = ORIENTED_EDGE('',*,*,#3080,.F.);
#3080 = EDGE_CURVE('',#3081,#3072,#3083,.T.);
#3081 = VERTEX_POINT('',#3082);
#3082 = CARTESIAN_POINT('',(62.,96.084669451999,80.));
#3083 = LINE('',#3084,#3085);
#3084 = CARTESIAN_POINT('',(62.,89.,80.));
#3085 = VECTOR('',#3086,1.);
#3086 = DIRECTION('',(0.,1.,0.));
#3087 = ORIENTED_EDGE('',*,*,#3088,.F.);
#3088 = EDGE_CURVE('',#3089,#3081,#3091,.T.);
#3089 = VERTEX_POINT('',#3090);
#3090 = CARTESIAN_POINT('',(62.,93.915330548001,80.));
#3091 = ELLIPSE('',#3092,3.252691193458,2.3);
#3092 = AXIS2_PLACEMENT_3D('',#3093,#3094,#3095);
#3093 = CARTESIAN_POINT('',(62.,95.,82.868272016355));
#3094 = DIRECTION('',(1.,0.,0.));
#3095 = DIRECTION('',(0.,0.,1.));
#3096 = ORIENTED_EDGE('',*,*,#3097,.F.);
#3097 = EDGE_CURVE('',#3098,#3089,#3100,.T.);
#3098 = VERTEX_POINT('',#3099);
#3099 = CARTESIAN_POINT('',(62.,90.982972763336,80.));
#3100 = LINE('',#3101,#3102);
#3101 = CARTESIAN_POINT('',(62.,89.,80.));
#3102 = VECTOR('',#3103,1.);
#3103 = DIRECTION('',(0.,1.,0.));
#3104 = ORIENTED_EDGE('',*,*,#3105,.F.);
#3105 = EDGE_CURVE('',#3106,#3098,#3108,.T.);
#3106 = VERTEX_POINT('',#3107);
#3107 = CARTESIAN_POINT('',(62.,92.144468852364,87.786796564404));
#3108 = ELLIPSE('',#3109,6.363961030679,4.5);
#3109 = AXIS2_PLACEMENT_3D('',#3110,#3111,#3112);
#3110 = CARTESIAN_POINT('',(62.,95.,82.868272016355));
#3111 = DIRECTION('',(1.,0.,0.));
#3112 = DIRECTION('',(0.,0.,1.));
#3113 = ORIENTED_EDGE('',*,*,#3114,.F.);
#3114 = EDGE_CURVE('',#2950,#3106,#3115,.T.);
#3115 = LINE('',#3116,#3117);
#3116 = CARTESIAN_POINT('',(62.,89.,87.786796564404));
#3117 = VECTOR('',#3118,1.);
#3118 = DIRECTION('',(0.,1.,0.));
#3119 = FACE_BOUND('',#3120,.F.);
#3120 = EDGE_LOOP('',(#3121,#3132));
#3121 = ORIENTED_EDGE('',*,*,#3122,.T.);
#3122 = EDGE_CURVE('',#3123,#3125,#3127,.T.);
#3123 = VERTEX_POINT('',#3124);
#3124 = CARTESIAN_POINT('',(62.,132.94042175226,76.898730042438));
#3125 = VERTEX_POINT('',#3126);
#3126 = CARTESIAN_POINT('',(62.,136.05957824773,76.898730042438));
#3127 = CIRCLE('',#3128,1.8);
#3128 = AXIS2_PLACEMENT_3D('',#3129,#3130,#3131);
#3129 = CARTESIAN_POINT('',(62.,134.5,76.));
#3130 = DIRECTION('',(-1.,0.,0.));
#3131 = DIRECTION('',(-0.,-0.,-1.));
#3132 = ORIENTED_EDGE('',*,*,#3133,.F.);
#3133 = EDGE_CURVE('',#3123,#3125,#3134,.T.);
#3134 = ELLIPSE('',#3135,6.363961030679,4.5);
#3135 = AXIS2_PLACEMENT_3D('',#3136,#3137,#3138);
#3136 = CARTESIAN_POINT('',(62.,134.5,82.868272016355));
#3137 = DIRECTION('',(1.,0.,0.));
#3138 = DIRECTION('',(0.,0.,1.));
#3139 = FACE_BOUND('',#3140,.F.);
#3140 = EDGE_LOOP('',(#3141,#3152));
#3141 = ORIENTED_EDGE('',*,*,#3142,.T.);
#3142 = EDGE_CURVE('',#3143,#3145,#3147,.T.);
#3143 = VERTEX_POINT('',#3144);
#3144 = CARTESIAN_POINT('',(62.,93.440421752261,76.898730042438));
#3145 = VERTEX_POINT('',#3146);
#3146 = CARTESIAN_POINT('',(62.,96.559578247739,76.898730042438));
#3147 = CIRCLE('',#3148,1.8);
#3148 = AXIS2_PLACEMENT_3D('',#3149,#3150,#3151);
#3149 = CARTESIAN_POINT('',(62.,95.,76.));
#3150 = DIRECTION('',(-1.,0.,0.));
#3151 = DIRECTION('',(-0.,-0.,-1.));
#3152 = ORIENTED_EDGE('',*,*,#3153,.F.);
#3153 = EDGE_CURVE('',#3143,#3145,#3154,.T.);
#3154 = ELLIPSE('',#3155,6.363961030679,4.5);
#3155 = AXIS2_PLACEMENT_3D('',#3156,#3157,#3158);
#3156 = CARTESIAN_POINT('',(62.,95.,82.868272016355));
#3157 = DIRECTION('',(1.,0.,0.));
#3158 = DIRECTION('',(0.,0.,1.));
#3159 = PLANE('',#3160);
#3160 = AXIS2_PLACEMENT_3D('',#3161,#3162,#3163);
#3161 = CARTESIAN_POINT('',(62.,114.75,76.102890721183));
#3162 = DIRECTION('',(-1.,-0.,-0.));
#3163 = DIRECTION('',(0.,0.,-1.));
#3164 = ADVANCED_FACE('',(#3165,#3183),#3217,.T.);
#3165 = FACE_BOUND('',#3166,.F.);
#3166 = EDGE_LOOP('',(#3167,#3168,#3176,#3182));
#3167 = ORIENTED_EDGE('',*,*,#2981,.F.);
#3168 = ORIENTED_EDGE('',*,*,#3169,.T.);
#3169 = EDGE_CURVE('',#2974,#3170,#3172,.T.);
#3170 = VERTEX_POINT('',#3171);
#3171 = CARTESIAN_POINT('',(79.,140.5,62.));
#3172 = LINE('',#3173,#3174);
#3173 = CARTESIAN_POINT('',(79.,89.,62.));
#3174 = VECTOR('',#3175,1.);
#3175 = DIRECTION('',(0.,1.,0.));
#3176 = ORIENTED_EDGE('',*,*,#3177,.T.);
#3177 = EDGE_CURVE('',#3170,#2997,#3178,.T.);
#3178 = LINE('',#3179,#3180);
#3179 = CARTESIAN_POINT('',(79.,140.5,62.));
#3180 = VECTOR('',#3181,1.);
#3181 = DIRECTION('',(-1.,-0.,-0.));
#3182 = ORIENTED_EDGE('',*,*,#2996,.F.);
#3183 = FACE_BOUND('',#3184,.F.);
#3184 = EDGE_LOOP('',(#3185,#3195,#3203,#3211));
#3185 = ORIENTED_EDGE('',*,*,#3186,.T.);
#3186 = EDGE_CURVE('',#3187,#3189,#3191,.T.);
#3187 = VERTEX_POINT('',#3188);
#3188 = CARTESIAN_POINT('',(69.402020253553,98.,62.));
#3189 = VERTEX_POINT('',#3190);
#3190 = CARTESIAN_POINT('',(66.,98.,62.));
#3191 = LINE('',#3192,#3193);
#3192 = CARTESIAN_POINT('',(79.,98.,62.));
#3193 = VECTOR('',#3194,1.);
#3194 = DIRECTION('',(-1.,-0.,-0.));
#3195 = ORIENTED_EDGE('',*,*,#3196,.T.);
#3196 = EDGE_CURVE('',#3189,#3197,#3199,.T.);
#3197 = VERTEX_POINT('',#3198);
#3198 = CARTESIAN_POINT('',(66.,131.5,62.));
#3199 = LINE('',#3200,#3201);
#3200 = CARTESIAN_POINT('',(66.,89.,62.));
#3201 = VECTOR('',#3202,1.);
#3202 = DIRECTION('',(0.,1.,0.));
#3203 = ORIENTED_EDGE('',*,*,#3204,.F.);
#3204 = EDGE_CURVE('',#3205,#3197,#3207,.T.);
#3205 = VERTEX_POINT('',#3206);
#3206 = CARTESIAN_POINT('',(69.402020253553,131.5,62.));
#3207 = LINE('',#3208,#3209);
#3208 = CARTESIAN_POINT('',(79.,131.5,62.));
#3209 = VECTOR('',#3210,1.);
#3210 = DIRECTION('',(-1.,-0.,-0.));
#3211 = ORIENTED_EDGE('',*,*,#3212,.F.);
#3212 = EDGE_CURVE('',#3187,#3205,#3213,.T.);
#3213 = LINE('',#3214,#3215);
#3214 = CARTESIAN_POINT('',(69.402020253553,101.875,62.));
#3215 = VECTOR('',#3216,1.);
#3216 = DIRECTION('',(0.,1.,0.));
#3217 = PLANE('',#3218);
#3218 = AXIS2_PLACEMENT_3D('',#3219,#3220,#3221);
#3219 = CARTESIAN_POINT('',(70.5,114.75,62.));
#3220 = DIRECTION('',(0.,0.,-1.));
#3221 = DIRECTION('',(-1.,0.,0.));
#3222 = ADVANCED_FACE('',(#3223),#3273,.T.);
#3223 = FACE_BOUND('',#3224,.F.);
#3224 = EDGE_LOOP('',(#3225,#3226,#3234,#3242,#3250,#3258,#3266,#3272));
#3225 = ORIENTED_EDGE('',*,*,#2973,.F.);
#3226 = ORIENTED_EDGE('',*,*,#3227,.T.);
#3227 = EDGE_CURVE('',#2966,#3228,#3230,.T.);
#3228 = VERTEX_POINT('',#3229);
#3229 = CARTESIAN_POINT('',(79.,98.,52.));
#3230 = LINE('',#3231,#3232);
#3231 = CARTESIAN_POINT('',(79.,89.,52.));
#3232 = VECTOR('',#3233,1.);
#3233 = DIRECTION('',(0.,1.,0.));
#3234 = ORIENTED_EDGE('',*,*,#3235,.T.);
#3235 = EDGE_CURVE('',#3228,#3236,#3238,.T.);
#3236 = VERTEX_POINT('',#3237);
#3237 = CARTESIAN_POINT('',(79.,98.,52.402020253553));
#3238 = LINE('',#3239,#3240);
#3239 = CARTESIAN_POINT('',(79.,98.,52.));
#3240 = VECTOR('',#3241,1.);
#3241 = DIRECTION('',(0.,0.,1.));
#3242 = ORIENTED_EDGE('',*,*,#3243,.T.);
#3243 = EDGE_CURVE('',#3236,#3244,#3246,.T.);
#3244 = VERTEX_POINT('',#3245);
#3245 = CARTESIAN_POINT('',(79.,131.5,52.402020253553));
#3246 = LINE('',#3247,#3248);
#3247 = CARTESIAN_POINT('',(79.,101.875,52.402020253553));
#3248 = VECTOR('',#3249,1.);
#3249 = DIRECTION('',(0.,1.,0.));
#3250 = ORIENTED_EDGE('',*,*,#3251,.F.);
#3251 = EDGE_CURVE('',#3252,#3244,#3254,.T.);
#3252 = VERTEX_POINT('',#3253);
#3253 = CARTESIAN_POINT('',(79.,131.5,52.));
#3254 = LINE('',#3255,#3256);
#3255 = CARTESIAN_POINT('',(79.,131.5,52.));
#3256 = VECTOR('',#3257,1.);
#3257 = DIRECTION('',(0.,0.,1.));
#3258 = ORIENTED_EDGE('',*,*,#3259,.T.);
#3259 = EDGE_CURVE('',#3252,#3260,#3262,.T.);
#3260 = VERTEX_POINT('',#3261);
#3261 = CARTESIAN_POINT('',(79.,140.5,52.));
#3262 = LINE('',#3263,#3264);
#3263 = CARTESIAN_POINT('',(79.,131.5,52.));
#3264 = VECTOR('',#3265,1.);
#3265 = DIRECTION('',(0.,1.,0.));
#3266 = ORIENTED_EDGE('',*,*,#3267,.T.);
#3267 = EDGE_CURVE('',#3260,#3170,#3268,.T.);
#3268 = LINE('',#3269,#3270);
#3269 = CARTESIAN_POINT('',(79.,140.5,52.));
#3270 = VECTOR('',#3271,1.);
#3271 = DIRECTION('',(0.,0.,1.));
#3272 = ORIENTED_EDGE('',*,*,#3169,.F.);
#3273 = PLANE('',#3274);
#3274 = AXIS2_PLACEMENT_3D('',#3275,#3276,#3277);
#3275 = CARTESIAN_POINT('',(79.,114.75,57.077615368637));
#3276 = DIRECTION('',(-1.,-0.,-0.));
#3277 = DIRECTION('',(0.,0.,-1.));
#3278 = ADVANCED_FACE('',(#3279,#3320,#3331),#3342,.T.);
#3279 = FACE_BOUND('',#3280,.F.);
#3280 = EDGE_LOOP('',(#3281,#3289,#3295,#3296,#3304,#3312,#3318,#3319));
#3281 = ORIENTED_EDGE('',*,*,#3282,.T.);
#3282 = EDGE_CURVE('',#2958,#3283,#3285,.T.);
#3283 = VERTEX_POINT('',#3284);
#3284 = CARTESIAN_POINT('',(97.786796564404,140.5,52.));
#3285 = LINE('',#3286,#3287);
#3286 = CARTESIAN_POINT('',(97.786796564404,89.,52.));
#3287 = VECTOR('',#3288,1.);
#3288 = DIRECTION('',(0.,1.,0.));
#3289 = ORIENTED_EDGE('',*,*,#3290,.T.);
#3290 = EDGE_CURVE('',#3283,#3260,#3291,.T.);
#3291 = LINE('',#3292,#3293);
#3292 = CARTESIAN_POINT('',(97.786796564404,140.5,52.));
#3293 = VECTOR('',#3294,1.);
#3294 = DIRECTION('',(-1.,-0.,-0.));
#3295 = ORIENTED_EDGE('',*,*,#3259,.F.);
#3296 = ORIENTED_EDGE('',*,*,#3297,.F.);
#3297 = EDGE_CURVE('',#3298,#3252,#3300,.T.);
#3298 = VERTEX_POINT('',#3299);
#3299 = CARTESIAN_POINT('',(79.402020253553,131.5,52.));
#3300 = LINE('',#3301,#3302);
#3301 = CARTESIAN_POINT('',(97.786796564404,131.5,52.));
#3302 = VECTOR('',#3303,1.);
#3303 = DIRECTION('',(-1.,-0.,-0.));
#3304 = ORIENTED_EDGE('',*,*,#3305,.F.);
#3305 = EDGE_CURVE('',#3306,#3298,#3308,.T.);
#3306 = VERTEX_POINT('',#3307);
#3307 = CARTESIAN_POINT('',(79.402020253553,98.,52.));
#3308 = LINE('',#3309,#3310);
#3309 = CARTESIAN_POINT('',(79.402020253553,99.875,52.));
#3310 = VECTOR('',#3311,1.);
#3311 = DIRECTION('',(0.,1.,0.));
#3312 = ORIENTED_EDGE('',*,*,#3313,.T.);
#3313 = EDGE_CURVE('',#3306,#3228,#3314,.T.);
#3314 = LINE('',#3315,#3316);
#3315 = CARTESIAN_POINT('',(97.786796564404,98.,52.));
#3316 = VECTOR('',#3317,1.);
#3317 = DIRECTION('',(-1.,-0.,-0.));
#3318 = ORIENTED_EDGE('',*,*,#3227,.F.);
#3319 = ORIENTED_EDGE('',*,*,#2965,.F.);
#3320 = FACE_BOUND('',#3321,.F.);
#3321 = EDGE_LOOP('',(#3322));
#3322 = ORIENTED_EDGE('',*,*,#3323,.F.);
#3323 = EDGE_CURVE('',#3324,#3324,#3326,.T.);
#3324 = VERTEX_POINT('',#3325);
#3325 = CARTESIAN_POINT('',(80.629202666704,95.,52.));
#3326 = ELLIPSE('',#3327,6.363961030679,4.5);
#3327 = AXIS2_PLACEMENT_3D('',#3328,#3329,#3330);
#3328 = CARTESIAN_POINT('',(86.993163697383,95.,52.));
#3329 = DIRECTION('',(0.,0.,1.));
#3330 = DIRECTION('',(1.,0.,0.));
#3331 = FACE_BOUND('',#3332,.F.);
#3332 = EDGE_LOOP('',(#3333));
#3333 = ORIENTED_EDGE('',*,*,#3334,.F.);
#3334 = EDGE_CURVE('',#3335,#3335,#3337,.T.);
#3335 = VERTEX_POINT('',#3336);
#3336 = CARTESIAN_POINT('',(80.629202666704,134.5,52.));
#3337 = ELLIPSE('',#3338,6.363961030679,4.5);
#3338 = AXIS2_PLACEMENT_3D('',#3339,#3340,#3341);
#3339 = CARTESIAN_POINT('',(86.993163697383,134.5,52.));
#3340 = DIRECTION('',(0.,0.,1.));
#3341 = DIRECTION('',(1.,0.,0.));
#3342 = PLANE('',#3343);
#3343 = AXIS2_PLACEMENT_3D('',#3344,#3345,#3346);
#3344 = CARTESIAN_POINT('',(88.436379805543,114.75,52.));
#3345 = DIRECTION('',(0.,0.,-1.));
#3346 = DIRECTION('',(-1.,0.,0.));
#3347 = ADVANCED_FACE('',(#3348,#3393,#3404,#3415,#3426),#3437,.T.);
#3348 = FACE_BOUND('',#3349,.F.);
#3349 = EDGE_LOOP('',(#3350,#3351,#3352,#3361,#3368,#3369,#3378,#3385,
    #3386,#3392));
#3350 = ORIENTED_EDGE('',*,*,#2957,.F.);
#3351 = ORIENTED_EDGE('',*,*,#3114,.T.);
#3352 = ORIENTED_EDGE('',*,*,#3353,.T.);
#3353 = EDGE_CURVE('',#3106,#3354,#3356,.T.);
#3354 = VERTEX_POINT('',#3355);
#3355 = CARTESIAN_POINT('',(61.277281758685,95.,88.509514805719));
#3356 = CIRCLE('',#3357,4.5);
#3357 = AXIS2_PLACEMENT_3D('',#3358,#3359,#3360);
#3358 = CARTESIAN_POINT('',(64.459262274024,95.,85.327534290379));
#3359 = DIRECTION('',(-0.707106781187,0.,-0.707106781187));
#3360 = DIRECTION('',(-0.707106781187,0.,0.707106781187));
#3361 = ORIENTED_EDGE('',*,*,#3362,.T.);
#3362 = EDGE_CURVE('',#3354,#3064,#3363,.T.);
#3363 = CIRCLE('',#3364,4.5);
#3364 = AXIS2_PLACEMENT_3D('',#3365,#3366,#3367);
#3365 = CARTESIAN_POINT('',(64.459262274024,95.,85.327534290379));
#3366 = DIRECTION('',(-0.707106781187,0.,-0.707106781187));
#3367 = DIRECTION('',(-0.707106781187,0.,0.707106781187));
#3368 = ORIENTED_EDGE('',*,*,#3063,.T.);
#3369 = ORIENTED_EDGE('',*,*,#3370,.T.);
#3370 = EDGE_CURVE('',#3055,#3371,#3373,.T.);
#3371 = VERTEX_POINT('',#3372);
#3372 = CARTESIAN_POINT('',(61.277281758685,134.5,88.509514805719));
#3373 = CIRCLE('',#3374,4.5);
#3374 = AXIS2_PLACEMENT_3D('',#3375,#3376,#3377);
#3375 = CARTESIAN_POINT('',(64.459262274024,134.5,85.327534290379));
#3376 = DIRECTION('',(-0.707106781187,0.,-0.707106781187));
#3377 = DIRECTION('',(-0.707106781187,0.,0.707106781187));
#3378 = ORIENTED_EDGE('',*,*,#3379,.T.);
#3379 = EDGE_CURVE('',#3371,#3013,#3380,.T.);
#3380 = CIRCLE('',#3381,4.5);
#3381 = AXIS2_PLACEMENT_3D('',#3382,#3383,#3384);
#3382 = CARTESIAN_POINT('',(64.459262274024,134.5,85.327534290379));
#3383 = DIRECTION('',(-0.707106781187,0.,-0.707106781187));
#3384 = DIRECTION('',(-0.707106781187,0.,0.707106781187));
#3385 = ORIENTED_EDGE('',*,*,#3012,.T.);
#3386 = ORIENTED_EDGE('',*,*,#3387,.T.);
#3387 = EDGE_CURVE('',#3005,#3283,#3388,.T.);
#3388 = LINE('',#3389,#3390);
#3389 = CARTESIAN_POINT('',(62.,140.5,87.786796564404));
#3390 = VECTOR('',#3391,1.);
#3391 = DIRECTION('',(0.707106781187,0.,-0.707106781187));
#3392 = ORIENTED_EDGE('',*,*,#3282,.F.);
#3393 = FACE_BOUND('',#3394,.F.);
#3394 = EDGE_LOOP('',(#3395));
#3395 = ORIENTED_EDGE('',*,*,#3396,.F.);
#3396 = EDGE_CURVE('',#3397,#3397,#3399,.T.);
#3397 = VERTEX_POINT('',#3398);
#3398 = CARTESIAN_POINT('',(62.832916677295,134.5,86.953879887108));
#3399 = CIRCLE('',#3400,2.3);
#3400 = AXIS2_PLACEMENT_3D('',#3401,#3402,#3403);
#3401 = CARTESIAN_POINT('',(64.459262274024,134.5,85.327534290379));
#3402 = DIRECTION('',(-0.707106781187,0.,-0.707106781187));
#3403 = DIRECTION('',(-0.707106781187,0.,0.707106781187));
#3404 = FACE_BOUND('',#3405,.F.);
#3405 = EDGE_LOOP('',(#3406));
#3406 = ORIENTED_EDGE('',*,*,#3407,.F.);
#3407 = EDGE_CURVE('',#3408,#3408,#3410,.T.);
#3408 = VERTEX_POINT('',#3409);
#3409 = CARTESIAN_POINT('',(90.763634534164,134.5,59.02316203024));
#3410 = CIRCLE('',#3411,2.3);
#3411 = AXIS2_PLACEMENT_3D('',#3412,#3413,#3414);
#3412 = CARTESIAN_POINT('',(92.389980130893,134.5,57.396816433511));
#3413 = DIRECTION('',(-0.707106781187,0.,-0.707106781187));
#3414 = DIRECTION('',(-0.707106781187,0.,0.707106781187));
#3415 = FACE_BOUND('',#3416,.F.);
#3416 = EDGE_LOOP('',(#3417));
#3417 = ORIENTED_EDGE('',*,*,#3418,.F.);
#3418 = EDGE_CURVE('',#3419,#3419,#3421,.T.);
#3419 = VERTEX_POINT('',#3420);
#3420 = CARTESIAN_POINT('',(62.832916677295,95.,86.953879887108));
#3421 = CIRCLE('',#3422,2.3);
#3422 = AXIS2_PLACEMENT_3D('',#3423,#3424,#3425);
#3423 = CARTESIAN_POINT('',(64.459262274024,95.,85.327534290379));
#3424 = DIRECTION('',(-0.707106781187,0.,-0.707106781187));
#3425 = DIRECTION('',(-0.707106781187,0.,0.707106781187));
#3426 = FACE_BOUND('',#3427,.F.);
#3427 = EDGE_LOOP('',(#3428));
#3428 = ORIENTED_EDGE('',*,*,#3429,.F.);
#3429 = EDGE_CURVE('',#3430,#3430,#3432,.T.);
#3430 = VERTEX_POINT('',#3431);
#3431 = CARTESIAN_POINT('',(90.763634534164,95.,59.02316203024));
#3432 = CIRCLE('',#3433,2.3);
#3433 = AXIS2_PLACEMENT_3D('',#3434,#3435,#3436);
#3434 = CARTESIAN_POINT('',(92.389980130893,95.,57.396816433511));
#3435 = DIRECTION('',(-0.707106781187,0.,-0.707106781187));
#3436 = DIRECTION('',(-0.707106781187,0.,0.707106781187));
#3437 = PLANE('',#3438);
#3438 = AXIS2_PLACEMENT_3D('',#3439,#3440,#3441);
#3439 = CARTESIAN_POINT('',(79.784744004254,114.75,70.00205256015));
#3440 = DIRECTION('',(0.707106781187,0.,0.707106781187));
#3441 = DIRECTION('',(-0.707106781187,0.,0.707106781187));
#3442 = ADVANCED_FACE('',(#3443),#3490,.T.);
#3443 = FACE_BOUND('',#3444,.F.);
#3444 = EDGE_LOOP('',(#3445,#3453,#3454,#3455,#3464,#3473,#3480,#3481,
    #3482,#3483));
#3445 = ORIENTED_EDGE('',*,*,#3446,.T.);
#3446 = EDGE_CURVE('',#3447,#3354,#3449,.T.);
#3447 = VERTEX_POINT('',#3448);
#3448 = CARTESIAN_POINT('',(50.670680040887,95.,77.90291308792));
#3449 = LINE('',#3450,#3451);
#3450 = CARTESIAN_POINT('',(50.670680040887,95.,77.90291308792));
#3451 = VECTOR('',#3452,1.);
#3452 = DIRECTION('',(0.707106781187,0.,0.707106781187));
#3453 = ORIENTED_EDGE('',*,*,#3353,.F.);
#3454 = ORIENTED_EDGE('',*,*,#3105,.T.);
#3455 = ORIENTED_EDGE('',*,*,#3456,.T.);
#3456 = EDGE_CURVE('',#3098,#3457,#3459,.T.);
#3457 = VERTEX_POINT('',#3458);
#3458 = CARTESIAN_POINT('',(59.,90.500964117818,80.));
#3459 = ELLIPSE('',#3460,6.363961030679,4.5);
#3460 = AXIS2_PLACEMENT_3D('',#3461,#3462,#3463);
#3461 = CARTESIAN_POINT('',(59.131727983645,95.,80.));
#3462 = DIRECTION('',(0.,0.,-1.));
#3463 = DIRECTION('',(1.,0.,0.));
#3464 = ORIENTED_EDGE('',*,*,#3465,.T.);
#3465 = EDGE_CURVE('',#3457,#3466,#3468,.T.);
#3466 = VERTEX_POINT('',#3467);
#3467 = CARTESIAN_POINT('',(59.,99.499035882182,80.));
#3468 = ELLIPSE('',#3469,6.363961030679,4.5);
#3469 = AXIS2_PLACEMENT_3D('',#3470,#3471,#3472);
#3470 = CARTESIAN_POINT('',(59.,95.,79.868272016355));
#3471 = DIRECTION('',(1.,0.,0.));
#3472 = DIRECTION('',(0.,0.,1.));
#3473 = ORIENTED_EDGE('',*,*,#3474,.T.);
#3474 = EDGE_CURVE('',#3466,#3072,#3475,.T.);
#3475 = ELLIPSE('',#3476,6.363961030679,4.5);
#3476 = AXIS2_PLACEMENT_3D('',#3477,#3478,#3479);
#3477 = CARTESIAN_POINT('',(59.131727983645,95.,80.));
#3478 = DIRECTION('',(0.,0.,-1.));
#3479 = DIRECTION('',(1.,0.,0.));
#3480 = ORIENTED_EDGE('',*,*,#3071,.T.);
#3481 = ORIENTED_EDGE('',*,*,#3362,.F.);
#3482 = ORIENTED_EDGE('',*,*,#3446,.F.);
#3483 = ORIENTED_EDGE('',*,*,#3484,.T.);
#3484 = EDGE_CURVE('',#3447,#3447,#3485,.T.);
#3485 = CIRCLE('',#3486,4.5);
#3486 = AXIS2_PLACEMENT_3D('',#3487,#3488,#3489);
#3487 = CARTESIAN_POINT('',(53.852660556226,95.,74.720932572581));
#3488 = DIRECTION('',(-0.707106781187,0.,-0.707106781187));
#3489 = DIRECTION('',(-0.707106781187,0.,0.707106781187));
#3490 = CYLINDRICAL_SURFACE('',#3491,4.5);
#3491 = AXIS2_PLACEMENT_3D('',#3492,#3493,#3494);
#3492 = CARTESIAN_POINT('',(53.852660556226,95.,74.720932572581));
#3493 = DIRECTION('',(0.707106781187,0.,0.707106781187));
#3494 = DIRECTION('',(-0.707106781187,0.,0.707106781187));
#3495 = ADVANCED_FACE('',(#3496),#3515,.F.);
#3496 = FACE_BOUND('',#3497,.T.);
#3497 = EDGE_LOOP('',(#3498,#3499,#3500,#3508));
#3498 = ORIENTED_EDGE('',*,*,#3097,.F.);
#3499 = ORIENTED_EDGE('',*,*,#3456,.T.);
#3500 = ORIENTED_EDGE('',*,*,#3501,.T.);
#3501 = EDGE_CURVE('',#3457,#3502,#3504,.T.);
#3502 = VERTEX_POINT('',#3503);
#3503 = CARTESIAN_POINT('',(59.,92.70188688939,80.));
#3504 = LINE('',#3505,#3506);
#3505 = CARTESIAN_POINT('',(59.,89.,80.));
#3506 = VECTOR('',#3507,1.);
#3507 = DIRECTION('',(0.,1.,0.));
#3508 = ORIENTED_EDGE('',*,*,#3509,.F.);
#3509 = EDGE_CURVE('',#3089,#3502,#3510,.T.);
#3510 = ELLIPSE('',#3511,3.252691193458,2.3);
#3511 = AXIS2_PLACEMENT_3D('',#3512,#3513,#3514);
#3512 = CARTESIAN_POINT('',(59.131727983645,95.,80.));
#3513 = DIRECTION('',(0.,0.,-1.));
#3514 = DIRECTION('',(1.,0.,0.));
#3515 = PLANE('',#3516);
#3516 = AXIS2_PLACEMENT_3D('',#3517,#3518,#3519);
#3517 = CARTESIAN_POINT('',(62.,89.,80.));
#3518 = DIRECTION('',(0.,0.,1.));
#3519 = DIRECTION('',(1.,0.,0.));
#3520 = ADVANCED_FACE('',(#3521),#3576,.F.);
#3521 = FACE_BOUND('',#3522,.T.);
#3522 = EDGE_LOOP('',(#3523,#3524,#3532,#3541,#3550,#3557,#3558,#3559,
    #3568,#3575));
#3523 = ORIENTED_EDGE('',*,*,#3418,.F.);
#3524 = ORIENTED_EDGE('',*,*,#3525,.F.);
#3525 = EDGE_CURVE('',#3526,#3419,#3528,.T.);
#3526 = VERTEX_POINT('',#3527);
#3527 = CARTESIAN_POINT('',(57.176062427803,95.,81.297025637616));
#3528 = LINE('',#3529,#3530);
#3529 = CARTESIAN_POINT('',(57.176062427803,95.,81.297025637616));
#3530 = VECTOR('',#3531,1.);
#3531 = DIRECTION('',(0.707106781187,0.,0.707106781187));
#3532 = ORIENTED_EDGE('',*,*,#3533,.T.);
#3533 = EDGE_CURVE('',#3526,#3534,#3536,.T.);
#3534 = VERTEX_POINT('',#3535);
#3535 = CARTESIAN_POINT('',(59.,97.282961853046,79.473088065419));
#3536 = CIRCLE('',#3537,2.3);
#3537 = AXIS2_PLACEMENT_3D('',#3538,#3539,#3540);
#3538 = CARTESIAN_POINT('',(58.802408024532,95.,79.670680040887));
#3539 = DIRECTION('',(-0.707106781187,0.,-0.707106781187));
#3540 = DIRECTION('',(-0.707106781187,0.,0.707106781187));
#3541 = ORIENTED_EDGE('',*,*,#3542,.T.);
#3542 = EDGE_CURVE('',#3534,#3543,#3545,.T.);
#3543 = VERTEX_POINT('',#3544);
#3544 = CARTESIAN_POINT('',(59.,97.29811311061,80.));
#3545 = ELLIPSE('',#3546,3.252691193458,2.3);
#3546 = AXIS2_PLACEMENT_3D('',#3547,#3548,#3549);
#3547 = CARTESIAN_POINT('',(59.,95.,79.868272016355));
#3548 = DIRECTION('',(1.,0.,0.));
#3549 = DIRECTION('',(0.,0.,1.));
#3550 = ORIENTED_EDGE('',*,*,#3551,.T.);
#3551 = EDGE_CURVE('',#3543,#3081,#3552,.T.);
#3552 = ELLIPSE('',#3553,3.252691193458,2.3);
#3553 = AXIS2_PLACEMENT_3D('',#3554,#3555,#3556);
#3554 = CARTESIAN_POINT('',(59.131727983645,95.,80.));
#3555 = DIRECTION('',(0.,0.,-1.));
#3556 = DIRECTION('',(1.,0.,0.));
#3557 = ORIENTED_EDGE('',*,*,#3088,.F.);
#3558 = ORIENTED_EDGE('',*,*,#3509,.T.);
#3559 = ORIENTED_EDGE('',*,*,#3560,.T.);
#3560 = EDGE_CURVE('',#3502,#3561,#3563,.T.);
#3561 = VERTEX_POINT('',#3562);
#3562 = CARTESIAN_POINT('',(59.,92.717038146954,79.473088065419));
#3563 = ELLIPSE('',#3564,3.252691193458,2.3);
#3564 = AXIS2_PLACEMENT_3D('',#3565,#3566,#3567);
#3565 = CARTESIAN_POINT('',(59.,95.,79.868272016355));
#3566 = DIRECTION('',(1.,0.,0.));
#3567 = DIRECTION('',(0.,0.,1.));
#3568 = ORIENTED_EDGE('',*,*,#3569,.T.);
#3569 = EDGE_CURVE('',#3561,#3526,#3570,.T.);
#3570 = CIRCLE('',#3571,2.3);
#3571 = AXIS2_PLACEMENT_3D('',#3572,#3573,#3574);
#3572 = CARTESIAN_POINT('',(58.802408024532,95.,79.670680040887));
#3573 = DIRECTION('',(-0.707106781187,0.,-0.707106781187));
#3574 = DIRECTION('',(-0.707106781187,0.,0.707106781187));
#3575 = ORIENTED_EDGE('',*,*,#3525,.T.);
#3576 = CYLINDRICAL_SURFACE('',#3577,2.3);
#3577 = AXIS2_PLACEMENT_3D('',#3578,#3579,#3580);
#3578 = CARTESIAN_POINT('',(58.802408024532,95.,79.670680040887));
#3579 = DIRECTION('',(0.707106781187,0.,0.707106781187));
#3580 = DIRECTION('',(-0.707106781187,0.,0.707106781187));
#3581 = ADVANCED_FACE('',(#3582),#3593,.F.);
#3582 = FACE_BOUND('',#3583,.T.);
#3583 = EDGE_LOOP('',(#3584,#3585,#3586,#3592));
#3584 = ORIENTED_EDGE('',*,*,#3080,.F.);
#3585 = ORIENTED_EDGE('',*,*,#3551,.F.);
#3586 = ORIENTED_EDGE('',*,*,#3587,.T.);
#3587 = EDGE_CURVE('',#3543,#3466,#3588,.T.);
#3588 = LINE('',#3589,#3590);
#3589 = CARTESIAN_POINT('',(59.,89.,80.));
#3590 = VECTOR('',#3591,1.);
#3591 = DIRECTION('',(0.,1.,0.));
#3592 = ORIENTED_EDGE('',*,*,#3474,.T.);
#3593 = PLANE('',#3594);
#3594 = AXIS2_PLACEMENT_3D('',#3595,#3596,#3597);
#3595 = CARTESIAN_POINT('',(62.,89.,80.));
#3596 = DIRECTION('',(0.,0.,1.));
#3597 = DIRECTION('',(1.,0.,0.));
#3598 = ADVANCED_FACE('',(#3599),#3646,.T.);
#3599 = FACE_BOUND('',#3600,.F.);
#3600 = EDGE_LOOP('',(#3601,#3609,#3610,#3611,#3620,#3629,#3636,#3637,
    #3638,#3639));
#3601 = ORIENTED_EDGE('',*,*,#3602,.T.);
#3602 = EDGE_CURVE('',#3603,#3371,#3605,.T.);
#3603 = VERTEX_POINT('',#3604);
#3604 = CARTESIAN_POINT('',(50.670680040887,134.5,77.90291308792));
#3605 = LINE('',#3606,#3607);
#3606 = CARTESIAN_POINT('',(50.670680040887,134.5,77.90291308792));
#3607 = VECTOR('',#3608,1.);
#3608 = DIRECTION('',(0.707106781187,0.,0.707106781187));
#3609 = ORIENTED_EDGE('',*,*,#3370,.F.);
#3610 = ORIENTED_EDGE('',*,*,#3054,.T.);
#3611 = ORIENTED_EDGE('',*,*,#3612,.T.);
#3612 = EDGE_CURVE('',#3047,#3613,#3615,.T.);
#3613 = VERTEX_POINT('',#3614);
#3614 = CARTESIAN_POINT('',(59.,130.00096411781,80.));
#3615 = ELLIPSE('',#3616,6.363961030679,4.5);
#3616 = AXIS2_PLACEMENT_3D('',#3617,#3618,#3619);
#3617 = CARTESIAN_POINT('',(59.131727983645,134.5,80.));
#3618 = DIRECTION('',(0.,0.,-1.));
#3619 = DIRECTION('',(1.,0.,0.));
#3620 = ORIENTED_EDGE('',*,*,#3621,.T.);
#3621 = EDGE_CURVE('',#3613,#3622,#3624,.T.);
#3622 = VERTEX_POINT('',#3623);
#3623 = CARTESIAN_POINT('',(59.,138.99903588218,80.));
#3624 = ELLIPSE('',#3625,6.363961030679,4.5);
#3625 = AXIS2_PLACEMENT_3D('',#3626,#3627,#3628);
#3626 = CARTESIAN_POINT('',(59.,134.5,79.868272016355));
#3627 = DIRECTION('',(1.,0.,0.));
#3628 = DIRECTION('',(0.,0.,1.));
#3629 = ORIENTED_EDGE('',*,*,#3630,.T.);
#3630 = EDGE_CURVE('',#3622,#3021,#3631,.T.);
#3631 = ELLIPSE('',#3632,6.363961030679,4.5);
#3632 = AXIS2_PLACEMENT_3D('',#3633,#3634,#3635);
#3633 = CARTESIAN_POINT('',(59.131727983645,134.5,80.));
#3634 = DIRECTION('',(0.,0.,-1.));
#3635 = DIRECTION('',(1.,0.,0.));
#3636 = ORIENTED_EDGE('',*,*,#3020,.T.);
#3637 = ORIENTED_EDGE('',*,*,#3379,.F.);
#3638 = ORIENTED_EDGE('',*,*,#3602,.F.);
#3639 = ORIENTED_EDGE('',*,*,#3640,.T.);
#3640 = EDGE_CURVE('',#3603,#3603,#3641,.T.);
#3641 = CIRCLE('',#3642,4.5);
#3642 = AXIS2_PLACEMENT_3D('',#3643,#3644,#3645);
#3643 = CARTESIAN_POINT('',(53.852660556226,134.5,74.720932572581));
#3644 = DIRECTION('',(-0.707106781187,0.,-0.707106781187));
#3645 = DIRECTION('',(-0.707106781187,0.,0.707106781187));
#3646 = CYLINDRICAL_SURFACE('',#3647,4.5);
#3647 = AXIS2_PLACEMENT_3D('',#3648,#3649,#3650);
#3648 = CARTESIAN_POINT('',(53.852660556226,134.5,74.720932572581));
#3649 = DIRECTION('',(0.707106781187,0.,0.707106781187));
#3650 = DIRECTION('',(-0.707106781187,0.,0.707106781187));
#3651 = ADVANCED_FACE('',(#3652),#3671,.F.);
#3652 = FACE_BOUND('',#3653,.T.);
#3653 = EDGE_LOOP('',(#3654,#3655,#3656,#3664));
#3654 = ORIENTED_EDGE('',*,*,#3046,.F.);
#3655 = ORIENTED_EDGE('',*,*,#3612,.T.);
#3656 = ORIENTED_EDGE('',*,*,#3657,.T.);
#3657 = EDGE_CURVE('',#3613,#3658,#3660,.T.);
#3658 = VERTEX_POINT('',#3659);
#3659 = CARTESIAN_POINT('',(59.,132.20188688939,80.));
#3660 = LINE('',#3661,#3662);
#3661 = CARTESIAN_POINT('',(59.,89.,80.));
#3662 = VECTOR('',#3663,1.);
#3663 = DIRECTION('',(0.,1.,0.));
#3664 = ORIENTED_EDGE('',*,*,#3665,.F.);
#3665 = EDGE_CURVE('',#3038,#3658,#3666,.T.);
#3666 = ELLIPSE('',#3667,3.252691193458,2.3);
#3667 = AXIS2_PLACEMENT_3D('',#3668,#3669,#3670);
#3668 = CARTESIAN_POINT('',(59.131727983645,134.5,80.));
#3669 = DIRECTION('',(0.,0.,-1.));
#3670 = DIRECTION('',(1.,0.,0.));
#3671 = PLANE('',#3672);
#3672 = AXIS2_PLACEMENT_3D('',#3673,#3674,#3675);
#3673 = CARTESIAN_POINT('',(62.,89.,80.));
#3674 = DIRECTION('',(0.,0.,1.));
#3675 = DIRECTION('',(1.,0.,0.));
#3676 = ADVANCED_FACE('',(#3677),#3732,.F.);
#3677 = FACE_BOUND('',#3678,.T.);
#3678 = EDGE_LOOP('',(#3679,#3680,#3688,#3697,#3706,#3713,#3714,#3715,
    #3724,#3731));
#3679 = ORIENTED_EDGE('',*,*,#3396,.F.);
#3680 = ORIENTED_EDGE('',*,*,#3681,.F.);
#3681 = EDGE_CURVE('',#3682,#3397,#3684,.T.);
#3682 = VERTEX_POINT('',#3683);
#3683 = CARTESIAN_POINT('',(57.176062427803,134.5,81.297025637616));
#3684 = LINE('',#3685,#3686);
#3685 = CARTESIAN_POINT('',(57.176062427803,134.5,81.297025637616));
#3686 = VECTOR('',#3687,1.);
#3687 = DIRECTION('',(0.707106781187,0.,0.707106781187));
#3688 = ORIENTED_EDGE('',*,*,#3689,.T.);
#3689 = EDGE_CURVE('',#3682,#3690,#3692,.T.);
#3690 = VERTEX_POINT('',#3691);
#3691 = CARTESIAN_POINT('',(59.,136.78296185304,79.473088065419));
#3692 = CIRCLE('',#3693,2.3);
#3693 = AXIS2_PLACEMENT_3D('',#3694,#3695,#3696);
#3694 = CARTESIAN_POINT('',(58.802408024532,134.5,79.670680040887));
#3695 = DIRECTION('',(-0.707106781187,0.,-0.707106781187));
#3696 = DIRECTION('',(-0.707106781187,0.,0.707106781187));
#3697 = ORIENTED_EDGE('',*,*,#3698,.T.);
#3698 = EDGE_CURVE('',#3690,#3699,#3701,.T.);
#3699 = VERTEX_POINT('',#3700);
#3700 = CARTESIAN_POINT('',(59.,136.79811311061,80.));
#3701 = ELLIPSE('',#3702,3.252691193458,2.3);
#3702 = AXIS2_PLACEMENT_3D('',#3703,#3704,#3705);
#3703 = CARTESIAN_POINT('',(59.,134.5,79.868272016355));
#3704 = DIRECTION('',(1.,0.,0.));
#3705 = DIRECTION('',(0.,0.,1.));
#3706 = ORIENTED_EDGE('',*,*,#3707,.T.);
#3707 = EDGE_CURVE('',#3699,#3030,#3708,.T.);
#3708 = ELLIPSE('',#3709,3.252691193458,2.3);
#3709 = AXIS2_PLACEMENT_3D('',#3710,#3711,#3712);
#3710 = CARTESIAN_POINT('',(59.131727983645,134.5,80.));
#3711 = DIRECTION('',(0.,0.,-1.));
#3712 = DIRECTION('',(1.,0.,0.));
#3713 = ORIENTED_EDGE('',*,*,#3037,.F.);
#3714 = ORIENTED_EDGE('',*,*,#3665,.T.);
#3715 = ORIENTED_EDGE('',*,*,#3716,.T.);
#3716 = EDGE_CURVE('',#3658,#3717,#3719,.T.);
#3717 = VERTEX_POINT('',#3718);
#3718 = CARTESIAN_POINT('',(59.,132.21703814695,79.473088065419));
#3719 = ELLIPSE('',#3720,3.252691193458,2.3);
#3720 = AXIS2_PLACEMENT_3D('',#3721,#3722,#3723);
#3721 = CARTESIAN_POINT('',(59.,134.5,79.868272016355));
#3722 = DIRECTION('',(1.,0.,0.));
#3723 = DIRECTION('',(0.,0.,1.));
#3724 = ORIENTED_EDGE('',*,*,#3725,.T.);
#3725 = EDGE_CURVE('',#3717,#3682,#3726,.T.);
#3726 = CIRCLE('',#3727,2.3);
#3727 = AXIS2_PLACEMENT_3D('',#3728,#3729,#3730);
#3728 = CARTESIAN_POINT('',(58.802408024532,134.5,79.670680040887));
#3729 = DIRECTION('',(-0.707106781187,0.,-0.707106781187));
#3730 = DIRECTION('',(-0.707106781187,0.,0.707106781187));
#3731 = ORIENTED_EDGE('',*,*,#3681,.T.);
#3732 = CYLINDRICAL_SURFACE('',#3733,2.3);
#3733 = AXIS2_PLACEMENT_3D('',#3734,#3735,#3736);
#3734 = CARTESIAN_POINT('',(58.802408024532,134.5,79.670680040887));
#3735 = DIRECTION('',(0.707106781187,0.,0.707106781187));
#3736 = DIRECTION('',(-0.707106781187,0.,0.707106781187));
#3737 = ADVANCED_FACE('',(#3738),#3749,.F.);
#3738 = FACE_BOUND('',#3739,.T.);
#3739 = EDGE_LOOP('',(#3740,#3741,#3742,#3748));
#3740 = ORIENTED_EDGE('',*,*,#3029,.F.);
#3741 = ORIENTED_EDGE('',*,*,#3707,.F.);
#3742 = ORIENTED_EDGE('',*,*,#3743,.T.);
#3743 = EDGE_CURVE('',#3699,#3622,#3744,.T.);
#3744 = LINE('',#3745,#3746);
#3745 = CARTESIAN_POINT('',(59.,89.,80.));
#3746 = VECTOR('',#3747,1.);
#3747 = DIRECTION('',(0.,1.,0.));
#3748 = ORIENTED_EDGE('',*,*,#3630,.T.);
#3749 = PLANE('',#3750);
#3750 = AXIS2_PLACEMENT_3D('',#3751,#3752,#3753);
#3751 = CARTESIAN_POINT('',(62.,89.,80.));
#3752 = DIRECTION('',(0.,0.,1.));
#3753 = DIRECTION('',(1.,0.,0.));
#3754 = ADVANCED_FACE('',(#3755),#3762,.T.);
#3755 = FACE_BOUND('',#3756,.F.);
#3756 = EDGE_LOOP('',(#3757,#3758,#3759,#3760,#3761));
#3757 = ORIENTED_EDGE('',*,*,#3387,.F.);
#3758 = ORIENTED_EDGE('',*,*,#3004,.F.);
#3759 = ORIENTED_EDGE('',*,*,#3177,.F.);
#3760 = ORIENTED_EDGE('',*,*,#3267,.F.);
#3761 = ORIENTED_EDGE('',*,*,#3290,.F.);
#3762 = PLANE('',#3763);
#3763 = AXIS2_PLACEMENT_3D('',#3764,#3765,#3766);
#3764 = CARTESIAN_POINT('',(75.737620118682,140.5,66.075266754784));
#3765 = DIRECTION('',(0.,1.,0.));
#3766 = DIRECTION('',(0.,0.,-1.));
#3767 = ADVANCED_FACE('',(#3768),#3883,.T.);
#3768 = FACE_BOUND('',#3769,.F.);
#3769 = EDGE_LOOP('',(#3770,#3771,#3820,#3828,#3835,#3836));
#3770 = ORIENTED_EDGE('',*,*,#3122,.F.);
#3771 = ORIENTED_EDGE('',*,*,#3772,.F.);
#3772 = EDGE_CURVE('',#3773,#3123,#3775,.T.);
#3773 = VERTEX_POINT('',#3774);
#3774 = CARTESIAN_POINT('',(59.695689014324,134.5,74.2));
#3775 = B_SPLINE_CURVE_WITH_KNOTS('',8,(#3776,#3777,#3778,#3779,#3780,
    #3781,#3782,#3783,#3784,#3785,#3786,#3787,#3788,#3789,#3790,#3791,
    #3792,#3793,#3794,#3795,#3796,#3797,#3798,#3799,#3800,#3801,#3802,
    #3803,#3804,#3805,#3806,#3807,#3808,#3809,#3810,#3811,#3812,#3813,
    #3814,#3815,#3816,#3817,#3818,#3819),.UNSPECIFIED.,.F.,.F.,(9,7,7,7,
    7,7,9),(0.,0.101141929889,0.153607090005,0.259047749302,
    0.40540877803,0.900705114285,1.),.UNSPECIFIED.);
#3776 = CARTESIAN_POINT('',(59.695689014324,134.5,74.2));
#3777 = CARTESIAN_POINT('',(59.695689014324,134.42626248911,74.2));
#3778 = CARTESIAN_POINT('',(59.697188391766,134.35256665542,
    74.203452215668));
#3779 = CARTESIAN_POINT('',(59.700184023811,134.27926615521,
    74.21034976457));
#3780 = CARTESIAN_POINT('',(59.704666643174,134.20671009973,
    74.220630256425));
#3781 = CARTESIAN_POINT('',(59.710620692593,134.13523546436,
    74.234177306986));
#3782 = CARTESIAN_POINT('',(59.718022476345,134.06515996467,
    74.250823616172));
#3783 = CARTESIAN_POINT('',(59.726836608794,133.9967753992,
    74.270355610484));
#3784 = CARTESIAN_POINT('',(59.742288378013,133.89588030819,
    74.304016759391));
#3785 = CARTESIAN_POINT('',(59.747933747718,133.86193235234,
    74.316225998256));
#3786 = CARTESIAN_POINT('',(59.753941965976,133.82852181186,
    74.329117032328));
#3787 = CARTESIAN_POINT('',(59.760307788584,133.79567102527,
    74.342658253817));
#3788 = CARTESIAN_POINT('',(59.767025504656,133.76340044569,
    74.356816915401));
#3789 = CARTESIAN_POINT('',(59.774088811008,133.73172863737,
    74.371559264548));
#3790 = CARTESIAN_POINT('',(59.781490686539,133.70067227213,
    74.38685067784));
#3791 = CARTESIAN_POINT('',(59.804763643121,133.60909787205,
    74.434419769725));
#3792 = CARTESIAN_POINT('',(59.821630049816,133.55053272643,
    74.468239195606));
#3793 = CARTESIAN_POINT('',(59.839777057262,133.49458309578,
    74.503864688217));
#3794 = CARTESIAN_POINT('',(59.859157265453,133.4412609192,
    74.541056920127));
#3795 = CARTESIAN_POINT('',(59.879719486665,133.39056008051,
    74.579586642531));
#3796 = CARTESIAN_POINT('',(59.9014069283,133.3424588205,74.619234706591
    ));
#3797 = CARTESIAN_POINT('',(59.924155375733,133.29692214931,
    74.659792084775));
#3798 = CARTESIAN_POINT('',(59.980839056973,133.19419159424,
    74.758343285409));
#3799 = CARTESIAN_POINT('',(60.015700918045,133.13931160797,
    74.817014774733));
#3800 = CARTESIAN_POINT('',(60.052355741452,133.08901745595,
    74.87666775269));
#3801 = CARTESIAN_POINT('',(60.090681914905,133.04306102241,
    74.936962606148));
#3802 = CARTESIAN_POINT('',(60.130557339139,133.00119755932,
    74.997616922743));
#3803 = CARTESIAN_POINT('',(60.171859461311,132.96318954347,
    75.058396112635));
#3804 = CARTESIAN_POINT('',(60.214465433418,132.9288097513,
    75.119104445611));
#3805 = CARTESIAN_POINT('',(60.406430651903,132.79305168418,
    75.384218333316));
#3806 = CARTESIAN_POINT('',(60.568920494379,132.72679310674,
    75.587242539411));
#3807 = CARTESIAN_POINT('',(60.742147750973,132.69081270392,
    75.783487902508));
#3808 = CARTESIAN_POINT('',(60.922834870819,132.67930714534,
    75.971558227037));
#3809 = CARTESIAN_POINT('',(61.108491170224,132.68827200104,
    76.151310217868));
#3810 = CARTESIAN_POINT('',(61.297692296822,132.71523929471,
    76.32343275858));
#3811 = CARTESIAN_POINT('',(61.490081020652,132.75923538474,
    76.489078834372));
#3812 = CARTESIAN_POINT('',(61.724520027129,132.83354578293,
    76.681259375624));
#3813 = CARTESIAN_POINT('',(61.763738926752,132.84665967588,
    76.713089979251));
#3814 = CARTESIAN_POINT('',(61.803019352944,132.86048061195,
    76.744662728513));
#3815 = CARTESIAN_POINT('',(61.84235305373,132.8750132587,
    76.775981152197));
#3816 = CARTESIAN_POINT('',(61.881730246561,132.89026420987,
    76.807047269209));
#3817 = CARTESIAN_POINT('',(61.921139551972,132.90624199955,
    76.837861644885));
#3818 = CARTESIAN_POINT('',(61.960567927232,132.92295711642,
    76.868423447301));
#3819 = CARTESIAN_POINT('',(62.0000006,132.940422018,76.898730503584));
#3820 = ORIENTED_EDGE('',*,*,#3821,.F.);
#3821 = EDGE_CURVE('',#3822,#3773,#3824,.T.);
#3822 = VERTEX_POINT('',#3823);
#3823 = CARTESIAN_POINT('',(59.,134.5,74.2));
#3824 = LINE('',#3825,#3826);
#3825 = CARTESIAN_POINT('',(58.8,134.5,74.2));
#3826 = VECTOR('',#3827,1.);
#3827 = DIRECTION('',(1.,0.,0.));
#3828 = ORIENTED_EDGE('',*,*,#3829,.T.);
#3829 = EDGE_CURVE('',#3822,#3822,#3830,.T.);
#3830 = CIRCLE('',#3831,1.8);
#3831 = AXIS2_PLACEMENT_3D('',#3832,#3833,#3834);
#3832 = CARTESIAN_POINT('',(59.,134.5,76.));
#3833 = DIRECTION('',(-1.,0.,0.));
#3834 = DIRECTION('',(-0.,-0.,-1.));
#3835 = ORIENTED_EDGE('',*,*,#3821,.T.);
#3836 = ORIENTED_EDGE('',*,*,#3837,.F.);
#3837 = EDGE_CURVE('',#3125,#3773,#3838,.T.);
#3838 = B_SPLINE_CURVE_WITH_KNOTS('',8,(#3839,#3840,#3841,#3842,#3843,
    #3844,#3845,#3846,#3847,#3848,#3849,#3850,#3851,#3852,#3853,#3854,
    #3855,#3856,#3857,#3858,#3859,#3860,#3861,#3862,#3863,#3864,#3865,
    #3866,#3867,#3868,#3869,#3870,#3871,#3872,#3873,#3874,#3875,#3876,
    #3877,#3878,#3879,#3880,#3881,#3882),.UNSPECIFIED.,.F.,.F.,(9,7,7,7,
    7,7,9),(0.,9.963043308972E-02,0.287783470956,0.668642592999,
    0.818117497913,0.883690994758,1.),.UNSPECIFIED.);
#3839 = CARTESIAN_POINT('',(62.0000006,136.05957798199,76.898730503584)
  );
#3840 = CARTESIAN_POINT('',(61.96055715733,136.0770476536,
    76.868415169799));
#3841 = CARTESIAN_POINT('',(61.921117979794,136.09376714637,
    76.837844924038));
#3842 = CARTESIAN_POINT('',(61.881697862376,136.10974892086,
    76.807021948231));
#3843 = CARTESIAN_POINT('',(61.842309868933,136.1250034679,
    76.775947082516));
#3844 = CARTESIAN_POINT('',(61.802965398691,136.13953932269,
    76.744619768963));
#3845 = CARTESIAN_POINT('',(61.763674252726,136.15336307891,
    76.713037995309));
#3846 = CARTESIAN_POINT('',(61.724444700466,136.16647940287,
    76.681198238679));
#3847 = CARTESIAN_POINT('',(61.611327326991,136.20233055878,
    76.588468905142));
#3848 = CARTESIAN_POINT('',(61.537630638915,136.22325203384,
    76.526916640939));
#3849 = CARTESIAN_POINT('',(61.464260832593,136.2416679027,
    76.464423624995));
#3850 = CARTESIAN_POINT('',(61.391282116982,136.25756518953,
    76.400967873095));
#3851 = CARTESIAN_POINT('',(61.318759533439,136.2709046985,
    76.336524468736));
#3852 = CARTESIAN_POINT('',(61.246762929814,136.28162019953,
    76.271069623337));
#3853 = CARTESIAN_POINT('',(61.175370934542,136.28961761403,
    76.20458473645));
#3854 = CARTESIAN_POINT('',(60.96157217647,136.30521215631,
    76.000377899741));
#3855 = CARTESIAN_POINT('',(60.821701982096,136.30398174075,
    75.859801606361));
#3856 = CARTESIAN_POINT('',(60.685261587643,136.29021042825,
    75.714794146533));
#3857 = CARTESIAN_POINT('',(60.552875090775,136.2622989227,
    75.56508108748));
#3858 = CARTESIAN_POINT('',(60.425684319777,136.21797266826,
    75.410875767381));
#3859 = CARTESIAN_POINT('',(60.30523042569,136.15423391714,
    75.253049236141));
#3860 = CARTESIAN_POINT('',(60.193268193258,136.06722302648,
    75.09353045201));
#3861 = CARTESIAN_POINT('',(60.051833865396,135.90711222292,
    74.874891507007));
#3862 = CARTESIAN_POINT('',(60.013524814731,135.85762357878,
    74.813581832745));
#3863 = CARTESIAN_POINT('',(59.97695705937,135.80354669465,
    74.752943232024));
#3864 = CARTESIAN_POINT('',(59.942301055669,135.74466170442,
    74.693373505489));
#3865 = CARTESIAN_POINT('',(59.909711211007,135.68076369466,
    74.635322241881));
#3866 = CARTESIAN_POINT('',(59.879328762679,135.611672511,
    74.579299832643));
#3867 = CARTESIAN_POINT('',(59.85128702954,135.53724445601,
    74.525884259484));
#3868 = CARTESIAN_POINT('',(59.814502553495,135.42235253209,
    74.453721458935));
#3869 = CARTESIAN_POINT('',(59.803768286559,135.38629319978,
    74.432356094104));
#3870 = CARTESIAN_POINT('',(59.793533020136,135.34922181447,
    74.411695757423));
#3871 = CARTESIAN_POINT('',(59.783811600495,135.31115639298,
    74.391806390619));
#3872 = CARTESIAN_POINT('',(59.774617246566,135.27211906953,
    74.372753345067));
#3873 = CARTESIAN_POINT('',(59.765961860863,135.23213612891,
    74.354601046743));
#3874 = CARTESIAN_POINT('',(59.757856340412,135.19123803974,
    74.337412661166));
#3875 = CARTESIAN_POINT('',(59.736927369261,135.0753560455,
    74.29258129868));
#3876 = CARTESIAN_POINT('',(59.725291379031,134.99840284701,
    74.267108193976));
#3877 = CARTESIAN_POINT('',(59.715497331455,134.91894959382,
    74.245250868807));
#3878 = CARTESIAN_POINT('',(59.707606766151,134.83740618135,
    74.227368794779));
#3879 = CARTESIAN_POINT('',(59.701659547675,134.75423196686,
    74.213747314959));
#3880 = CARTESIAN_POINT('',(59.697681576947,134.66992380043,
    74.204587637718));
#3881 = CARTESIAN_POINT('',(59.695689014324,134.58500281845,74.2));
#3882 = CARTESIAN_POINT('',(59.695689014324,134.5,74.2));
#3883 = CYLINDRICAL_SURFACE('',#3884,1.8);
#3884 = AXIS2_PLACEMENT_3D('',#3885,#3886,#3887);
#3885 = CARTESIAN_POINT('',(58.8,134.5,76.));
#3886 = DIRECTION('',(1.,0.,0.));
#3887 = DIRECTION('',(-0.,-0.,-1.));
#3888 = ADVANCED_FACE('',(#3889),#3894,.T.);
#3889 = FACE_BOUND('',#3890,.F.);
#3890 = EDGE_LOOP('',(#3891,#3892,#3893));
#3891 = ORIENTED_EDGE('',*,*,#3133,.T.);
#3892 = ORIENTED_EDGE('',*,*,#3837,.T.);
#3893 = ORIENTED_EDGE('',*,*,#3772,.T.);
#3894 = CYLINDRICAL_SURFACE('',#3895,4.5);
#3895 = AXIS2_PLACEMENT_3D('',#3896,#3897,#3898);
#3896 = CARTESIAN_POINT('',(53.852660556226,134.5,74.720932572581));
#3897 = DIRECTION('',(0.707106781187,0.,0.707106781187));
#3898 = DIRECTION('',(-0.707106781187,0.,0.707106781187));
#3899 = ADVANCED_FACE('',(#3900),#4015,.T.);
#3900 = FACE_BOUND('',#3901,.F.);
#3901 = EDGE_LOOP('',(#3902,#3903,#3952,#3960,#3967,#3968));
#3902 = ORIENTED_EDGE('',*,*,#3142,.F.);
#3903 = ORIENTED_EDGE('',*,*,#3904,.F.);
#3904 = EDGE_CURVE('',#3905,#3143,#3907,.T.);
#3905 = VERTEX_POINT('',#3906);
#3906 = CARTESIAN_POINT('',(59.695689014324,95.,74.2));
#3907 = B_SPLINE_CURVE_WITH_KNOTS('',8,(#3908,#3909,#3910,#3911,#3912,
    #3913,#3914,#3915,#3916,#3917,#3918,#3919,#3920,#3921,#3922,#3923,
    #3924,#3925,#3926,#3927,#3928,#3929,#3930,#3931,#3932,#3933,#3934,
    #3935,#3936,#3937,#3938,#3939,#3940,#3941,#3942,#3943,#3944,#3945,
    #3946,#3947,#3948,#3949,#3950,#3951),.UNSPECIFIED.,.F.,.F.,(9,7,7,7,
    7,7,9),(0.,0.101141929889,0.153607090006,0.259047749304,
    0.405408778031,0.900705114286,1.),.UNSPECIFIED.);
#3908 = CARTESIAN_POINT('',(59.695689014324,95.,74.2));
#3909 = CARTESIAN_POINT('',(59.695689014324,94.926262489112,74.2));
#3910 = CARTESIAN_POINT('',(59.697188391766,94.852566655423,
    74.203452215668));
#3911 = CARTESIAN_POINT('',(59.700184023811,94.779266155219,
    74.21034976457));
#3912 = CARTESIAN_POINT('',(59.704666643174,94.706710099734,
    74.220630256425));
#3913 = CARTESIAN_POINT('',(59.710620692593,94.635235464362,
    74.234177306986));
#3914 = CARTESIAN_POINT('',(59.718022476345,94.565159964671,
    74.250823616172));
#3915 = CARTESIAN_POINT('',(59.726836608794,94.496775399201,
    74.270355610484));
#3916 = CARTESIAN_POINT('',(59.742288378013,94.395880308196,
    74.304016759391));
#3917 = CARTESIAN_POINT('',(59.747933747718,94.361932352342,
    74.316225998256));
#3918 = CARTESIAN_POINT('',(59.753941965976,94.328521811864,
    74.329117032328));
#3919 = CARTESIAN_POINT('',(59.760307788584,94.295671025271,
    74.342658253817));
#3920 = CARTESIAN_POINT('',(59.767025504656,94.263400445696,
    74.356816915401));
#3921 = CARTESIAN_POINT('',(59.774088811008,94.231728637379,
    74.371559264548));
#3922 = CARTESIAN_POINT('',(59.781490686539,94.200672272136,
    74.38685067784));
#3923 = CARTESIAN_POINT('',(59.804763643121,94.10909787205,
    74.434419769725));
#3924 = CARTESIAN_POINT('',(59.821630049816,94.050532726438,
    74.468239195606));
#3925 = CARTESIAN_POINT('',(59.839777057262,93.994583095781,
    74.503864688217));
#3926 = CARTESIAN_POINT('',(59.859157265453,93.941260919205,
    74.541056920127));
#3927 = CARTESIAN_POINT('',(59.879719486665,93.89056008051,
    74.579586642531));
#3928 = CARTESIAN_POINT('',(59.9014069283,93.842458820501,
    74.619234706591));
#3929 = CARTESIAN_POINT('',(59.924155375733,93.796922149317,
    74.659792084775));
#3930 = CARTESIAN_POINT('',(59.980839056973,93.69419159424,
    74.758343285409));
#3931 = CARTESIAN_POINT('',(60.015700918045,93.63931160797,
    74.817014774733));
#3932 = CARTESIAN_POINT('',(60.052355741452,93.58901745595,
    74.87666775269));
#3933 = CARTESIAN_POINT('',(60.090681914905,93.543061022414,
    74.936962606148));
#3934 = CARTESIAN_POINT('',(60.130557339139,93.50119755932,
    74.997616922743));
#3935 = CARTESIAN_POINT('',(60.171859461311,93.463189543479,
    75.058396112635));
#3936 = CARTESIAN_POINT('',(60.214465433418,93.428809751305,
    75.119104445611));
#3937 = CARTESIAN_POINT('',(60.406430651902,93.293051684183,
    75.384218333315));
#3938 = CARTESIAN_POINT('',(60.568920494381,93.226793106739,
    75.587242539414));
#3939 = CARTESIAN_POINT('',(60.742147750968,93.190812703922,
    75.783487902502));
#3940 = CARTESIAN_POINT('',(60.922834870825,93.179307145346,
    75.971558227044));
#3941 = CARTESIAN_POINT('',(61.10849117022,93.188272001044,
    76.151310217863));
#3942 = CARTESIAN_POINT('',(61.297692296824,93.215239294715,
    76.323432758582));
#3943 = CARTESIAN_POINT('',(61.490081020651,93.259235384746,
    76.489078834372));
#3944 = CARTESIAN_POINT('',(61.724520027129,93.333545782934,
    76.681259375624));
#3945 = CARTESIAN_POINT('',(61.763738926751,93.346659675885,
    76.713089979251));
#3946 = CARTESIAN_POINT('',(61.803019352944,93.36048061195,
    76.744662728513));
#3947 = CARTESIAN_POINT('',(61.84235305373,93.375013258707,
    76.775981152197));
#3948 = CARTESIAN_POINT('',(61.881730246561,93.390264209878,
    76.807047269209));
#3949 = CARTESIAN_POINT('',(61.921139551972,93.406241999556,
    76.837861644885));
#3950 = CARTESIAN_POINT('',(61.960567927233,93.422957116428,
    76.868423447301));
#3951 = CARTESIAN_POINT('',(62.0000006,93.440422018004,76.898730503584)
  );
#3952 = ORIENTED_EDGE('',*,*,#3953,.F.);
#3953 = EDGE_CURVE('',#3954,#3905,#3956,.T.);
#3954 = VERTEX_POINT('',#3955);
#3955 = CARTESIAN_POINT('',(59.,95.,74.2));
#3956 = LINE('',#3957,#3958);
#3957 = CARTESIAN_POINT('',(58.8,95.,74.2));
#3958 = VECTOR('',#3959,1.);
#3959 = DIRECTION('',(1.,0.,0.));
#3960 = ORIENTED_EDGE('',*,*,#3961,.T.);
#3961 = EDGE_CURVE('',#3954,#3954,#3962,.T.);
#3962 = CIRCLE('',#3963,1.8);
#3963 = AXIS2_PLACEMENT_3D('',#3964,#3965,#3966);
#3964 = CARTESIAN_POINT('',(59.,95.,76.));
#3965 = DIRECTION('',(-1.,0.,0.));
#3966 = DIRECTION('',(-0.,-0.,-1.));
#3967 = ORIENTED_EDGE('',*,*,#3953,.T.);
#3968 = ORIENTED_EDGE('',*,*,#3969,.F.);
#3969 = EDGE_CURVE('',#3145,#3905,#3970,.T.);
#3970 = B_SPLINE_CURVE_WITH_KNOTS('',8,(#3971,#3972,#3973,#3974,#3975,
    #3976,#3977,#3978,#3979,#3980,#3981,#3982,#3983,#3984,#3985,#3986,
    #3987,#3988,#3989,#3990,#3991,#3992,#3993,#3994,#3995,#3996,#3997,
    #3998,#3999,#4000,#4001,#4002,#4003,#4004,#4005,#4006,#4007,#4008,
    #4009,#4010,#4011,#4012,#4013,#4014),.UNSPECIFIED.,.F.,.F.,(9,7,7,7,
    7,7,9),(0.,9.963043308965E-02,0.287783470955,0.668642592998,
    0.818117497912,0.883690994758,1.),.UNSPECIFIED.);
#3971 = CARTESIAN_POINT('',(62.0000006,96.559577981996,76.898730503584)
  );
#3972 = CARTESIAN_POINT('',(61.96055715733,96.577047653609,
    76.868415169799));
#3973 = CARTESIAN_POINT('',(61.921117979794,96.593767146375,
    76.837844924037));
#3974 = CARTESIAN_POINT('',(61.881697862376,96.609748920866,
    76.807021948231));
#3975 = CARTESIAN_POINT('',(61.842309868934,96.625003467906,
    76.775947082516));
#3976 = CARTESIAN_POINT('',(61.802965398691,96.639539322695,
    76.744619768964));
#3977 = CARTESIAN_POINT('',(61.763674252727,96.653363078919,
    76.713037995309));
#3978 = CARTESIAN_POINT('',(61.724444700466,96.666479402872,
    76.681198238679));
#3979 = CARTESIAN_POINT('',(61.611327326991,96.702330558786,
    76.588468905143));
#3980 = CARTESIAN_POINT('',(61.537630638915,96.723252033848,
    76.526916640939));
#3981 = CARTESIAN_POINT('',(61.464260832593,96.741667902705,
    76.464423624995));
#3982 = CARTESIAN_POINT('',(61.391282116982,96.757565189536,
    76.400967873095));
#3983 = CARTESIAN_POINT('',(61.318759533439,96.770904698508,
    76.336524468736));
#3984 = CARTESIAN_POINT('',(61.246762929814,96.781620199534,
    76.271069623337));
#3985 = CARTESIAN_POINT('',(61.175370934542,96.789617614031,
    76.20458473645));
#3986 = CARTESIAN_POINT('',(60.96157217647,96.80521215631,
    76.000377899741));
#3987 = CARTESIAN_POINT('',(60.821701982097,96.803981740758,
    75.859801606362));
#3988 = CARTESIAN_POINT('',(60.685261587641,96.790210428252,
    75.714794146531));
#3989 = CARTESIAN_POINT('',(60.552875090776,96.762298922704,
    75.565081087482));
#3990 = CARTESIAN_POINT('',(60.425684319776,96.717972668269,
    75.410875767379));
#3991 = CARTESIAN_POINT('',(60.305230425691,96.654233917143,
    75.253049236142));
#3992 = CARTESIAN_POINT('',(60.193268193257,96.567223026479,
    75.09353045201));
#3993 = CARTESIAN_POINT('',(60.051833865396,96.407112222928,
    74.874891507007));
#3994 = CARTESIAN_POINT('',(60.013524814731,96.357623578781,
    74.813581832745));
#3995 = CARTESIAN_POINT('',(59.97695705937,96.303546694655,
    74.752943232024));
#3996 = CARTESIAN_POINT('',(59.942301055669,96.244661704421,
    74.693373505489));
#3997 = CARTESIAN_POINT('',(59.909711211007,96.180763694666,
    74.635322241881));
#3998 = CARTESIAN_POINT('',(59.879328762679,96.111672511006,
    74.579299832643));
#3999 = CARTESIAN_POINT('',(59.85128702954,96.037244456016,
    74.525884259484));
#4000 = CARTESIAN_POINT('',(59.814502553495,95.922352532095,
    74.453721458935));
#4001 = CARTESIAN_POINT('',(59.803768286559,95.886293199781,
    74.432356094104));
#4002 = CARTESIAN_POINT('',(59.793533020136,95.849221814472,
    74.411695757423));
#4003 = CARTESIAN_POINT('',(59.783811600495,95.811156392988,
    74.391806390619));
#4004 = CARTESIAN_POINT('',(59.774617246566,95.772119069532,
    74.372753345067));
#4005 = CARTESIAN_POINT('',(59.765961860863,95.732136128911,
    74.354601046743));
#4006 = CARTESIAN_POINT('',(59.757856340412,95.691238039744,
    74.337412661166));
#4007 = CARTESIAN_POINT('',(59.736927369261,95.575356045509,
    74.29258129868));
#4008 = CARTESIAN_POINT('',(59.725291379031,95.498402847011,
    74.267108193976));
#4009 = CARTESIAN_POINT('',(59.715497331455,95.418949593827,
    74.245250868807));
#4010 = CARTESIAN_POINT('',(59.707606766151,95.33740618135,
    74.227368794779));
#4011 = CARTESIAN_POINT('',(59.701659547675,95.254231966869,
    74.213747314959));
#4012 = CARTESIAN_POINT('',(59.697681576947,95.169923800435,
    74.204587637718));
#4013 = CARTESIAN_POINT('',(59.695689014324,95.085002818454,74.2));
#4014 = CARTESIAN_POINT('',(59.695689014324,95.,74.2));
#4015 = CYLINDRICAL_SURFACE('',#4016,1.8);
#4016 = AXIS2_PLACEMENT_3D('',#4017,#4018,#4019);
#4017 = CARTESIAN_POINT('',(58.8,95.,76.));
#4018 = DIRECTION('',(1.,0.,0.));
#4019 = DIRECTION('',(-0.,-0.,-1.));
#4020 = ADVANCED_FACE('',(#4021),#4026,.T.);
#4021 = FACE_BOUND('',#4022,.F.);
#4022 = EDGE_LOOP('',(#4023,#4024,#4025));
#4023 = ORIENTED_EDGE('',*,*,#3153,.T.);
#4024 = ORIENTED_EDGE('',*,*,#3969,.T.);
#4025 = ORIENTED_EDGE('',*,*,#3904,.T.);
#4026 = CYLINDRICAL_SURFACE('',#4027,4.5);
#4027 = AXIS2_PLACEMENT_3D('',#4028,#4029,#4030);
#4028 = CARTESIAN_POINT('',(53.852660556226,95.,74.720932572581));
#4029 = DIRECTION('',(0.707106781187,0.,0.707106781187));
#4030 = DIRECTION('',(-0.707106781187,0.,0.707106781187));
#4031 = ADVANCED_FACE('',(#4032),#4049,.F.);
#4032 = FACE_BOUND('',#4033,.T.);
#4033 = EDGE_LOOP('',(#4034,#4035,#4043));
#4034 = ORIENTED_EDGE('',*,*,#3186,.T.);
#4035 = ORIENTED_EDGE('',*,*,#4036,.T.);
#4036 = EDGE_CURVE('',#3189,#4037,#4039,.T.);
#4037 = VERTEX_POINT('',#4038);
#4038 = CARTESIAN_POINT('',(66.,98.,65.402020253553));
#4039 = LINE('',#4040,#4041);
#4040 = CARTESIAN_POINT('',(66.,98.,64.021945064269));
#4041 = VECTOR('',#4042,1.);
#4042 = DIRECTION('',(0.,0.,1.));
#4043 = ORIENTED_EDGE('',*,*,#4044,.T.);
#4044 = EDGE_CURVE('',#4037,#3187,#4045,.T.);
#4045 = LINE('',#4046,#4047);
#4046 = CARTESIAN_POINT('',(69.966621586905,98.,61.435398666648));
#4047 = VECTOR('',#4048,1.);
#4048 = DIRECTION('',(0.707106781187,0.,-0.707106781187));
#4049 = PLANE('',#4050);
#4050 = AXIS2_PLACEMENT_3D('',#4051,#4052,#4053);
#4051 = CARTESIAN_POINT('',(76.043890128537,98.,66.043890128537));
#4052 = DIRECTION('',(0.,-1.,0.));
#4053 = DIRECTION('',(0.,0.,1.));
#4054 = ADVANCED_FACE('',(#4055),#4073,.F.);
#4055 = FACE_BOUND('',#4056,.T.);
#4056 = EDGE_LOOP('',(#4057,#4058,#4059,#4067));
#4057 = ORIENTED_EDGE('',*,*,#4036,.F.);
#4058 = ORIENTED_EDGE('',*,*,#3196,.T.);
#4059 = ORIENTED_EDGE('',*,*,#4060,.T.);
#4060 = EDGE_CURVE('',#3197,#4061,#4063,.T.);
#4061 = VERTEX_POINT('',#4062);
#4062 = CARTESIAN_POINT('',(66.,131.5,65.402020253553));
#4063 = LINE('',#4064,#4065);
#4064 = CARTESIAN_POINT('',(66.,131.5,64.021945064269));
#4065 = VECTOR('',#4066,1.);
#4066 = DIRECTION('',(0.,0.,1.));
#4067 = ORIENTED_EDGE('',*,*,#4068,.F.);
#4068 = EDGE_CURVE('',#4037,#4061,#4069,.T.);
#4069 = LINE('',#4070,#4071);
#4070 = CARTESIAN_POINT('',(66.,101.875,65.402020253553));
#4071 = VECTOR('',#4072,1.);
#4072 = DIRECTION('',(0.,1.,0.));
#4073 = PLANE('',#4074);
#4074 = AXIS2_PLACEMENT_3D('',#4075,#4076,#4077);
#4075 = CARTESIAN_POINT('',(66.,89.,62.));
#4076 = DIRECTION('',(-1.,-0.,-0.));
#4077 = DIRECTION('',(0.,0.,-1.));
#4078 = ADVANCED_FACE('',(#4079),#4089,.T.);
#4079 = FACE_BOUND('',#4080,.F.);
#4080 = EDGE_LOOP('',(#4081,#4082,#4083));
#4081 = ORIENTED_EDGE('',*,*,#3204,.T.);
#4082 = ORIENTED_EDGE('',*,*,#4060,.T.);
#4083 = ORIENTED_EDGE('',*,*,#4084,.T.);
#4084 = EDGE_CURVE('',#4061,#3205,#4085,.T.);
#4085 = LINE('',#4086,#4087);
#4086 = CARTESIAN_POINT('',(69.966621586905,131.5,61.435398666648));
#4087 = VECTOR('',#4088,1.);
#4088 = DIRECTION('',(0.707106781187,0.,-0.707106781187));
#4089 = PLANE('',#4090);
#4090 = AXIS2_PLACEMENT_3D('',#4091,#4092,#4093);
#4091 = CARTESIAN_POINT('',(76.043890128537,131.5,66.043890128537));
#4092 = DIRECTION('',(0.,-1.,0.));
#4093 = DIRECTION('',(0.,0.,1.));
#4094 = ADVANCED_FACE('',(#4095),#4101,.F.);
#4095 = FACE_BOUND('',#4096,.T.);
#4096 = EDGE_LOOP('',(#4097,#4098,#4099,#4100));
#4097 = ORIENTED_EDGE('',*,*,#3212,.F.);
#4098 = ORIENTED_EDGE('',*,*,#4044,.F.);
#4099 = ORIENTED_EDGE('',*,*,#4068,.T.);
#4100 = ORIENTED_EDGE('',*,*,#4084,.T.);
#4101 = PLANE('',#4102);
#4102 = AXIS2_PLACEMENT_3D('',#4103,#4104,#4105);
#4103 = CARTESIAN_POINT('',(69.232233047034,114.75,62.16978720652));
#4104 = DIRECTION('',(0.707106781187,0.,0.707106781187));
#4105 = DIRECTION('',(0.707106781187,0.,-0.707106781187));
#4106 = ADVANCED_FACE('',(#4107),#4117,.F.);
#4107 = FACE_BOUND('',#4108,.T.);
#4108 = EDGE_LOOP('',(#4109,#4115,#4116));
#4109 = ORIENTED_EDGE('',*,*,#4110,.T.);
#4110 = EDGE_CURVE('',#3236,#3306,#4111,.T.);
#4111 = LINE('',#4112,#4113);
#4112 = CARTESIAN_POINT('',(69.966621586905,98.,61.435398666648));
#4113 = VECTOR('',#4114,1.);
#4114 = DIRECTION('',(0.707106781187,0.,-0.707106781187));
#4115 = ORIENTED_EDGE('',*,*,#3313,.T.);
#4116 = ORIENTED_EDGE('',*,*,#3235,.T.);
#4117 = PLANE('',#4118);
#4118 = AXIS2_PLACEMENT_3D('',#4119,#4120,#4121);
#4119 = CARTESIAN_POINT('',(76.043890128537,98.,66.043890128537));
#4120 = DIRECTION('',(0.,-1.,0.));
#4121 = DIRECTION('',(0.,0.,1.));
#4122 = ADVANCED_FACE('',(#4123),#4134,.F.);
#4123 = FACE_BOUND('',#4124,.T.);
#4124 = EDGE_LOOP('',(#4125,#4126,#4127,#4128));
#4125 = ORIENTED_EDGE('',*,*,#3305,.F.);
#4126 = ORIENTED_EDGE('',*,*,#4110,.F.);
#4127 = ORIENTED_EDGE('',*,*,#3243,.T.);
#4128 = ORIENTED_EDGE('',*,*,#4129,.T.);
#4129 = EDGE_CURVE('',#3244,#3298,#4130,.T.);
#4130 = LINE('',#4131,#4132);
#4131 = CARTESIAN_POINT('',(69.966621586905,131.5,61.435398666648));
#4132 = VECTOR('',#4133,1.);
#4133 = DIRECTION('',(0.707106781187,0.,-0.707106781187));
#4134 = PLANE('',#4135);
#4135 = AXIS2_PLACEMENT_3D('',#4136,#4137,#4138);
#4136 = CARTESIAN_POINT('',(69.232233047034,114.75,62.16978720652));
#4137 = DIRECTION('',(0.707106781187,0.,0.707106781187));
#4138 = DIRECTION('',(0.707106781187,0.,-0.707106781187));
#4139 = ADVANCED_FACE('',(#4140),#4145,.T.);
#4140 = FACE_BOUND('',#4141,.F.);
#4141 = EDGE_LOOP('',(#4142,#4143,#4144));
#4142 = ORIENTED_EDGE('',*,*,#4129,.T.);
#4143 = ORIENTED_EDGE('',*,*,#3297,.T.);
#4144 = ORIENTED_EDGE('',*,*,#3251,.T.);
#4145 = PLANE('',#4146);
#4146 = AXIS2_PLACEMENT_3D('',#4147,#4148,#4149);
#4147 = CARTESIAN_POINT('',(76.043890128537,131.5,66.043890128537));
#4148 = DIRECTION('',(0.,-1.,0.));
#4149 = DIRECTION('',(0.,0.,1.));
#4150 = ADVANCED_FACE('',(#4151),#4188,.T.);
#4151 = FACE_BOUND('',#4152,.F.);
#4152 = EDGE_LOOP('',(#4153,#4161,#4162,#4163,#4172,#4181));
#4153 = ORIENTED_EDGE('',*,*,#4154,.T.);
#4154 = EDGE_CURVE('',#4155,#3324,#4157,.T.);
#4155 = VERTEX_POINT('',#4156);
#4156 = CARTESIAN_POINT('',(79.,95.,50.370797333296));
#4157 = LINE('',#4158,#4159);
#4158 = CARTESIAN_POINT('',(78.601397897755,95.,49.972195231052));
#4159 = VECTOR('',#4160,1.);
#4160 = DIRECTION('',(0.707106781187,0.,0.707106781187));
#4161 = ORIENTED_EDGE('',*,*,#3323,.T.);
#4162 = ORIENTED_EDGE('',*,*,#4154,.F.);
#4163 = ORIENTED_EDGE('',*,*,#4164,.F.);
#4164 = EDGE_CURVE('',#4165,#4155,#4167,.T.);
#4165 = VERTEX_POINT('',#4166);
#4166 = CARTESIAN_POINT('',(79.,97.180735935191,49.573593128807));
#4167 = ELLIPSE('',#4168,6.363961030679,4.5);
#4168 = AXIS2_PLACEMENT_3D('',#4169,#4170,#4171);
#4169 = CARTESIAN_POINT('',(79.,95.,44.006836302617));
#4170 = DIRECTION('',(1.,0.,0.));
#4171 = DIRECTION('',(0.,0.,1.));
#4172 = ORIENTED_EDGE('',*,*,#4173,.T.);
#4173 = EDGE_CURVE('',#4165,#4174,#4176,.T.);
#4174 = VERTEX_POINT('',#4175);
#4175 = CARTESIAN_POINT('',(79.,92.819264064809,49.573593128807));
#4176 = CIRCLE('',#4177,4.5);
#4177 = AXIS2_PLACEMENT_3D('',#4178,#4179,#4180);
#4178 = CARTESIAN_POINT('',(81.783378413095,95.,46.790214715712));
#4179 = DIRECTION('',(-0.707106781187,0.,-0.707106781187));
#4180 = DIRECTION('',(-0.707106781187,0.,0.707106781187));
#4181 = ORIENTED_EDGE('',*,*,#4182,.F.);
#4182 = EDGE_CURVE('',#4155,#4174,#4183,.T.);
#4183 = ELLIPSE('',#4184,6.363961030679,4.5);
#4184 = AXIS2_PLACEMENT_3D('',#4185,#4186,#4187);
#4185 = CARTESIAN_POINT('',(79.,95.,44.006836302617));
#4186 = DIRECTION('',(1.,0.,0.));
#4187 = DIRECTION('',(0.,0.,1.));
#4188 = CYLINDRICAL_SURFACE('',#4189,4.5);
#4189 = AXIS2_PLACEMENT_3D('',#4190,#4191,#4192);
#4190 = CARTESIAN_POINT('',(81.783378413095,95.,46.790214715712));
#4191 = DIRECTION('',(0.707106781187,0.,0.707106781187));
#4192 = DIRECTION('',(-0.707106781187,0.,0.707106781187));
#4193 = ADVANCED_FACE('',(#4194),#4250,.T.);
#4194 = FACE_BOUND('',#4195,.F.);
#4195 = EDGE_LOOP('',(#4196,#4204,#4205,#4206,#4221,#4230,#4239));
#4196 = ORIENTED_EDGE('',*,*,#4197,.T.);
#4197 = EDGE_CURVE('',#4198,#3335,#4200,.T.);
#4198 = VERTEX_POINT('',#4199);
#4199 = CARTESIAN_POINT('',(78.979130371551,134.5,50.349927704847));
#4200 = LINE('',#4201,#4202);
#4201 = CARTESIAN_POINT('',(78.601397897755,134.5,49.972195231052));
#4202 = VECTOR('',#4203,1.);
#4203 = DIRECTION('',(0.707106781187,0.,0.707106781187));
#4204 = ORIENTED_EDGE('',*,*,#3334,.T.);
#4205 = ORIENTED_EDGE('',*,*,#4197,.F.);
#4206 = ORIENTED_EDGE('',*,*,#4207,.T.);
#4207 = EDGE_CURVE('',#4198,#4208,#4210,.T.);
#4208 = VERTEX_POINT('',#4209);
#4209 = CARTESIAN_POINT('',(78.731648406328,135.77431861463,
    49.841944722479));
#4210 = B_SPLINE_CURVE_WITH_KNOTS('',5,(#4211,#4212,#4213,#4214,#4215,
    #4216,#4217,#4218,#4219,#4220),.UNSPECIFIED.,.F.,.F.,(6,4,6),(0.,
    0.391155290303,1.),.UNSPECIFIED.);
#4211 = CARTESIAN_POINT('',(78.979130371551,134.5,50.349927704847));
#4212 = CARTESIAN_POINT('',(78.968836896407,134.62309205971,
    50.339634229704));
#4213 = CARTESIAN_POINT('',(78.955641732509,134.74274118268,
    50.32048719228));
#4214 = CARTESIAN_POINT('',(78.939935629958,134.85820220031,
    50.293541718263));
#4215 = CARTESIAN_POINT('',(78.92224429876,134.96867440567,
    50.26018961859));
#4216 = CARTESIAN_POINT('',(78.873614188612,135.23614413649,
    50.162973655277));
#4217 = CARTESIAN_POINT('',(78.84051908997,135.38626343137,
    50.091933609137));
#4218 = CARTESIAN_POINT('',(78.805388494183,135.52484816924,
    50.01335964189));
#4219 = CARTESIAN_POINT('',(78.769042902143,135.65352182412,
    49.929780674742));
#4220 = CARTESIAN_POINT('',(78.731648152953,135.77431943312,
    49.841944127326));
#4221 = ORIENTED_EDGE('',*,*,#4222,.T.);
#4222 = EDGE_CURVE('',#4208,#4223,#4225,.T.);
#4223 = VERTEX_POINT('',#4224);
#4224 = CARTESIAN_POINT('',(79.,132.3192640648,49.573593128807));
#4225 = CIRCLE('',#4226,4.5);
#4226 = AXIS2_PLACEMENT_3D('',#4227,#4228,#4229);
#4227 = CARTESIAN_POINT('',(81.783378413095,134.5,46.790214715712));
#4228 = DIRECTION('',(-0.707106781187,0.,-0.707106781187));
#4229 = DIRECTION('',(-0.707106781187,0.,0.707106781187));
#4230 = ORIENTED_EDGE('',*,*,#4231,.F.);
#4231 = EDGE_CURVE('',#4232,#4223,#4234,.T.);
#4232 = VERTEX_POINT('',#4233);
#4233 = CARTESIAN_POINT('',(79.,134.,50.331391622954));
#4234 = ELLIPSE('',#4235,6.363961030679,4.5);
#4235 = AXIS2_PLACEMENT_3D('',#4236,#4237,#4238);
#4236 = CARTESIAN_POINT('',(79.,134.5,44.006836302617));
#4237 = DIRECTION('',(1.,0.,0.));
#4238 = DIRECTION('',(0.,0.,1.));
#4239 = ORIENTED_EDGE('',*,*,#4240,.T.);
#4240 = EDGE_CURVE('',#4232,#4198,#4241,.T.);
#4241 = B_SPLINE_CURVE_WITH_KNOTS('',4,(#4242,#4243,#4244,#4245,#4246,
    #4247,#4248,#4249),.UNSPECIFIED.,.F.,.F.,(5,3,5),(0.,0.57117252438,
    1.),.UNSPECIFIED.);
#4242 = CARTESIAN_POINT('',(79.,134.,50.331391622954));
#4243 = CARTESIAN_POINT('',(79.,134.06999857001,50.342459368665));
#4244 = CARTESIAN_POINT('',(78.998911223661,134.14123384699,
    50.350542062374));
#4245 = CARTESIAN_POINT('',(78.996646651491,134.21310435569,
    50.355313485683));
#4246 = CARTESIAN_POINT('',(78.990658101033,134.33902495231,
    50.357841801458));
#4247 = CARTESIAN_POINT('',(78.987439159204,134.39303526238,
    50.357049632815));
#4248 = CARTESIAN_POINT('',(78.983581439988,134.44677296304,
    50.354378773284));
#4249 = CARTESIAN_POINT('',(78.979130371551,134.5,50.349927704847));
#4250 = CYLINDRICAL_SURFACE('',#4251,4.5);
#4251 = AXIS2_PLACEMENT_3D('',#4252,#4253,#4254);
#4252 = CARTESIAN_POINT('',(81.783378413095,134.5,46.790214715712));
#4253 = DIRECTION('',(0.707106781187,0.,0.707106781187));
#4254 = DIRECTION('',(-0.707106781187,0.,0.707106781187));
#4255 = ADVANCED_FACE('',(#4256),#4275,.F.);
#4256 = FACE_BOUND('',#4257,.T.);
#4257 = EDGE_LOOP('',(#4258,#4259,#4267,#4274));
#4258 = ORIENTED_EDGE('',*,*,#3407,.F.);
#4259 = ORIENTED_EDGE('',*,*,#4260,.F.);
#4260 = EDGE_CURVE('',#4261,#3408,#4263,.T.);
#4261 = VERTEX_POINT('',#4262);
#4262 = CARTESIAN_POINT('',(85.106780284672,134.5,53.366307780747));
#4263 = LINE('',#4264,#4265);
#4264 = CARTESIAN_POINT('',(85.106780284672,134.5,53.366307780747));
#4265 = VECTOR('',#4266,1.);
#4266 = DIRECTION('',(0.707106781187,0.,0.707106781187));
#4267 = ORIENTED_EDGE('',*,*,#4268,.T.);
#4268 = EDGE_CURVE('',#4261,#4261,#4269,.T.);
#4269 = CIRCLE('',#4270,2.3);
#4270 = AXIS2_PLACEMENT_3D('',#4271,#4272,#4273);
#4271 = CARTESIAN_POINT('',(86.733125881401,134.5,51.739962184018));
#4272 = DIRECTION('',(-0.707106781187,0.,-0.707106781187));
#4273 = DIRECTION('',(-0.707106781187,0.,0.707106781187));
#4274 = ORIENTED_EDGE('',*,*,#4260,.T.);
#4275 = CYLINDRICAL_SURFACE('',#4276,2.3);
#4276 = AXIS2_PLACEMENT_3D('',#4277,#4278,#4279);
#4277 = CARTESIAN_POINT('',(86.733125881401,134.5,51.739962184018));
#4278 = DIRECTION('',(0.707106781187,0.,0.707106781187));
#4279 = DIRECTION('',(-0.707106781187,0.,0.707106781187));
#4280 = ADVANCED_FACE('',(#4281),#4300,.F.);
#4281 = FACE_BOUND('',#4282,.T.);
#4282 = EDGE_LOOP('',(#4283,#4284,#4292,#4299));
#4283 = ORIENTED_EDGE('',*,*,#3429,.F.);
#4284 = ORIENTED_EDGE('',*,*,#4285,.F.);
#4285 = EDGE_CURVE('',#4286,#3430,#4288,.T.);
#4286 = VERTEX_POINT('',#4287);
#4287 = CARTESIAN_POINT('',(85.106780284672,95.,53.366307780747));
#4288 = LINE('',#4289,#4290);
#4289 = CARTESIAN_POINT('',(85.106780284672,95.,53.366307780747));
#4290 = VECTOR('',#4291,1.);
#4291 = DIRECTION('',(0.707106781187,0.,0.707106781187));
#4292 = ORIENTED_EDGE('',*,*,#4293,.T.);
#4293 = EDGE_CURVE('',#4286,#4286,#4294,.T.);
#4294 = CIRCLE('',#4295,2.3);
#4295 = AXIS2_PLACEMENT_3D('',#4296,#4297,#4298);
#4296 = CARTESIAN_POINT('',(86.733125881401,95.,51.739962184018));
#4297 = DIRECTION('',(-0.707106781187,0.,-0.707106781187));
#4298 = DIRECTION('',(-0.707106781187,0.,0.707106781187));
#4299 = ORIENTED_EDGE('',*,*,#4285,.T.);
#4300 = CYLINDRICAL_SURFACE('',#4301,2.3);
#4301 = AXIS2_PLACEMENT_3D('',#4302,#4303,#4304);
#4302 = CARTESIAN_POINT('',(86.733125881401,95.,51.739962184018));
#4303 = DIRECTION('',(0.707106781187,0.,0.707106781187));
#4304 = DIRECTION('',(-0.707106781187,0.,0.707106781187));
#4305 = ADVANCED_FACE('',(#4306),#4309,.F.);
#4306 = FACE_BOUND('',#4307,.F.);
#4307 = EDGE_LOOP('',(#4308));
#4308 = ORIENTED_EDGE('',*,*,#3484,.F.);
#4309 = PLANE('',#4310);
#4310 = AXIS2_PLACEMENT_3D('',#4311,#4312,#4313);
#4311 = CARTESIAN_POINT('',(53.852660556226,95.,74.720932572581));
#4312 = DIRECTION('',(0.707106781187,0.,0.707106781187));
#4313 = DIRECTION('',(0.707106781187,0.,-0.707106781187));
#4314 = ADVANCED_FACE('',(#4315,#4328),#4331,.F.);
#4315 = FACE_BOUND('',#4316,.T.);
#4316 = EDGE_LOOP('',(#4317,#4318,#4319,#4320,#4321,#4327));
#4317 = ORIENTED_EDGE('',*,*,#3501,.F.);
#4318 = ORIENTED_EDGE('',*,*,#3465,.T.);
#4319 = ORIENTED_EDGE('',*,*,#3587,.F.);
#4320 = ORIENTED_EDGE('',*,*,#3542,.F.);
#4321 = ORIENTED_EDGE('',*,*,#4322,.T.);
#4322 = EDGE_CURVE('',#3534,#3561,#4323,.T.);
#4323 = LINE('',#4324,#4325);
#4324 = CARTESIAN_POINT('',(59.,104.875,79.473088065419));
#4325 = VECTOR('',#4326,1.);
#4326 = DIRECTION('',(-0.,-1.,-0.));
#4327 = ORIENTED_EDGE('',*,*,#3560,.F.);
#4328 = FACE_BOUND('',#4329,.T.);
#4329 = EDGE_LOOP('',(#4330));
#4330 = ORIENTED_EDGE('',*,*,#3961,.T.);
#4331 = PLANE('',#4332);
#4332 = AXIS2_PLACEMENT_3D('',#4333,#4334,#4335);
#4333 = CARTESIAN_POINT('',(59.,114.75,66.));
#4334 = DIRECTION('',(-1.,-0.,-0.));
#4335 = DIRECTION('',(0.,0.,-1.));
#4336 = ADVANCED_FACE('',(#4337),#4342,.T.);
#4337 = FACE_BOUND('',#4338,.F.);
#4338 = EDGE_LOOP('',(#4339,#4340,#4341));
#4339 = ORIENTED_EDGE('',*,*,#3569,.T.);
#4340 = ORIENTED_EDGE('',*,*,#3533,.T.);
#4341 = ORIENTED_EDGE('',*,*,#4322,.T.);
#4342 = PLANE('',#4343);
#4343 = AXIS2_PLACEMENT_3D('',#4344,#4345,#4346);
#4344 = CARTESIAN_POINT('',(58.802408024532,95.,79.670680040887));
#4345 = DIRECTION('',(0.707106781187,0.,0.707106781187));
#4346 = DIRECTION('',(0.707106781187,0.,-0.707106781187));
#4347 = ADVANCED_FACE('',(#4348),#4351,.F.);
#4348 = FACE_BOUND('',#4349,.F.);
#4349 = EDGE_LOOP('',(#4350));
#4350 = ORIENTED_EDGE('',*,*,#3640,.F.);
#4351 = PLANE('',#4352);
#4352 = AXIS2_PLACEMENT_3D('',#4353,#4354,#4355);
#4353 = CARTESIAN_POINT('',(53.852660556226,134.5,74.720932572581));
#4354 = DIRECTION('',(0.707106781187,0.,0.707106781187));
#4355 = DIRECTION('',(0.707106781187,0.,-0.707106781187));
#4356 = ADVANCED_FACE('',(#4357,#4370),#4373,.F.);
#4357 = FACE_BOUND('',#4358,.T.);
#4358 = EDGE_LOOP('',(#4359,#4360,#4361,#4362,#4363,#4369));
#4359 = ORIENTED_EDGE('',*,*,#3657,.F.);
#4360 = ORIENTED_EDGE('',*,*,#3621,.T.);
#4361 = ORIENTED_EDGE('',*,*,#3743,.F.);
#4362 = ORIENTED_EDGE('',*,*,#3698,.F.);
#4363 = ORIENTED_EDGE('',*,*,#4364,.T.);
#4364 = EDGE_CURVE('',#3690,#3717,#4365,.T.);
#4365 = LINE('',#4366,#4367);
#4366 = CARTESIAN_POINT('',(59.,124.625,79.473088065419));
#4367 = VECTOR('',#4368,1.);
#4368 = DIRECTION('',(-0.,-1.,-0.));
#4369 = ORIENTED_EDGE('',*,*,#3716,.F.);
#4370 = FACE_BOUND('',#4371,.T.);
#4371 = EDGE_LOOP('',(#4372));
#4372 = ORIENTED_EDGE('',*,*,#3829,.T.);
#4373 = PLANE('',#4374);
#4374 = AXIS2_PLACEMENT_3D('',#4375,#4376,#4377);
#4375 = CARTESIAN_POINT('',(59.,114.75,66.));
#4376 = DIRECTION('',(-1.,-0.,-0.));
#4377 = DIRECTION('',(0.,0.,-1.));
#4378 = ADVANCED_FACE('',(#4379),#4384,.T.);
#4379 = FACE_BOUND('',#4380,.F.);
#4380 = EDGE_LOOP('',(#4381,#4382,#4383));
#4381 = ORIENTED_EDGE('',*,*,#3725,.T.);
#4382 = ORIENTED_EDGE('',*,*,#3689,.T.);
#4383 = ORIENTED_EDGE('',*,*,#4364,.T.);
#4384 = PLANE('',#4385);
#4385 = AXIS2_PLACEMENT_3D('',#4386,#4387,#4388);
#4386 = CARTESIAN_POINT('',(58.802408024532,134.5,79.670680040887));
#4387 = DIRECTION('',(0.707106781187,0.,0.707106781187));
#4388 = DIRECTION('',(0.707106781187,0.,-0.707106781187));
#4389 = ADVANCED_FACE('',(#4390),#4400,.T.);
#4390 = FACE_BOUND('',#4391,.F.);
#4391 = EDGE_LOOP('',(#4392,#4393,#4394));
#4392 = ORIENTED_EDGE('',*,*,#4164,.T.);
#4393 = ORIENTED_EDGE('',*,*,#4182,.T.);
#4394 = ORIENTED_EDGE('',*,*,#4395,.T.);
#4395 = EDGE_CURVE('',#4174,#4165,#4396,.T.);
#4396 = LINE('',#4397,#4398);
#4397 = CARTESIAN_POINT('',(79.,114.5,49.573593128807));
#4398 = VECTOR('',#4399,1.);
#4399 = DIRECTION('',(0.,1.,0.));
#4400 = PLANE('',#4401);
#4401 = AXIS2_PLACEMENT_3D('',#4402,#4403,#4404);
#4402 = CARTESIAN_POINT('',(79.,134.,48.));
#4403 = DIRECTION('',(-1.,-0.,-0.));
#4404 = DIRECTION('',(0.,1.,0.));
#4405 = ADVANCED_FACE('',(#4406),#4410,.F.);
#4406 = FACE_BOUND('',#4407,.T.);
#4407 = EDGE_LOOP('',(#4408,#4409));
#4408 = ORIENTED_EDGE('',*,*,#4395,.T.);
#4409 = ORIENTED_EDGE('',*,*,#4173,.T.);
#4410 = PLANE('',#4411);
#4411 = AXIS2_PLACEMENT_3D('',#4412,#4413,#4414);
#4412 = CARTESIAN_POINT('',(81.783378413095,95.,46.790214715712));
#4413 = DIRECTION('',(0.707106781187,0.,0.707106781187));
#4414 = DIRECTION('',(0.707106781187,0.,-0.707106781187));
#4415 = ADVANCED_FACE('',(#4416),#4435,.F.);
#4416 = FACE_BOUND('',#4417,.F.);
#4417 = EDGE_LOOP('',(#4418,#4426,#4433,#4434));
#4418 = ORIENTED_EDGE('',*,*,#4419,.F.);
#4419 = EDGE_CURVE('',#4420,#4232,#4422,.T.);
#4420 = VERTEX_POINT('',#4421);
#4421 = CARTESIAN_POINT('',(79.,134.,49.573593128807));
#4422 = LINE('',#4423,#4424);
#4423 = CARTESIAN_POINT('',(79.,134.,48.));
#4424 = VECTOR('',#4425,1.);
#4425 = DIRECTION('',(0.,0.,1.));
#4426 = ORIENTED_EDGE('',*,*,#4427,.F.);
#4427 = EDGE_CURVE('',#4208,#4420,#4428,.T.);
#4428 = ELLIPSE('',#4429,8.485281374239,6.);
#4429 = AXIS2_PLACEMENT_3D('',#4430,#4431,#4432);
#4430 = CARTESIAN_POINT('',(73.,134.,55.573593128807));
#4431 = DIRECTION('',(-0.707106781187,-0.,-0.707106781187));
#4432 = DIRECTION('',(0.707106781187,0.,-0.707106781187));
#4433 = ORIENTED_EDGE('',*,*,#4207,.F.);
#4434 = ORIENTED_EDGE('',*,*,#4240,.F.);
#4435 = CYLINDRICAL_SURFACE('',#4436,6.);
#4436 = AXIS2_PLACEMENT_3D('',#4437,#4438,#4439);
#4437 = CARTESIAN_POINT('',(73.,134.,48.));
#4438 = DIRECTION('',(0.,0.,-1.));
#4439 = DIRECTION('',(-1.,-0.,-0.));
#4440 = ADVANCED_FACE('',(#4441),#4451,.T.);
#4441 = FACE_BOUND('',#4442,.F.);
#4442 = EDGE_LOOP('',(#4443,#4449,#4450));
#4443 = ORIENTED_EDGE('',*,*,#4444,.T.);
#4444 = EDGE_CURVE('',#4223,#4420,#4445,.T.);
#4445 = LINE('',#4446,#4447);
#4446 = CARTESIAN_POINT('',(79.,134.25,49.573593128807));
#4447 = VECTOR('',#4448,1.);
#4448 = DIRECTION('',(0.,1.,0.));
#4449 = ORIENTED_EDGE('',*,*,#4419,.T.);
#4450 = ORIENTED_EDGE('',*,*,#4231,.T.);
#4451 = PLANE('',#4452);
#4452 = AXIS2_PLACEMENT_3D('',#4453,#4454,#4455);
#4453 = CARTESIAN_POINT('',(79.,134.,48.));
#4454 = DIRECTION('',(-1.,-0.,-0.));
#4455 = DIRECTION('',(0.,1.,0.));
#4456 = ADVANCED_FACE('',(#4457),#4462,.F.);
#4457 = FACE_BOUND('',#4458,.T.);
#4458 = EDGE_LOOP('',(#4459,#4460,#4461));
#4459 = ORIENTED_EDGE('',*,*,#4427,.F.);
#4460 = ORIENTED_EDGE('',*,*,#4222,.T.);
#4461 = ORIENTED_EDGE('',*,*,#4444,.T.);
#4462 = PLANE('',#4463);
#4463 = AXIS2_PLACEMENT_3D('',#4464,#4465,#4466);
#4464 = CARTESIAN_POINT('',(81.783378413095,134.5,46.790214715712));
#4465 = DIRECTION('',(0.707106781187,0.,0.707106781187));
#4466 = DIRECTION('',(0.707106781187,0.,-0.707106781187));
#4467 = ADVANCED_FACE('',(#4468),#4471,.T.);
#4468 = FACE_BOUND('',#4469,.T.);
#4469 = EDGE_LOOP('',(#4470));
#4470 = ORIENTED_EDGE('',*,*,#4268,.F.);
#4471 = PLANE('',#4472);
#4472 = AXIS2_PLACEMENT_3D('',#4473,#4474,#4475);
#4473 = CARTESIAN_POINT('',(86.733125881401,134.5,51.739962184018));
#4474 = DIRECTION('',(0.707106781187,0.,0.707106781187));
#4475 = DIRECTION('',(0.707106781187,0.,-0.707106781187));
#4476 = ADVANCED_FACE('',(#4477),#4480,.T.);
#4477 = FACE_BOUND('',#4478,.T.);
#4478 = EDGE_LOOP('',(#4479));
#4479 = ORIENTED_EDGE('',*,*,#4293,.F.);
#4480 = PLANE('',#4481);
#4481 = AXIS2_PLACEMENT_3D('',#4482,#4483,#4484);
#4482 = CARTESIAN_POINT('',(86.733125881401,95.,51.739962184018));
#4483 = DIRECTION('',(0.707106781187,0.,0.707106781187));
#4484 = DIRECTION('',(0.707106781187,0.,-0.707106781187));
#4485 = ORIENTED_CLOSED_SHELL('',*,#4486,.F.);
#4486 = CLOSED_SHELL('',(#4487,#4520,#4529));
#4487 = ADVANCED_FACE('',(#4488),#4515,.T.);
#4488 = FACE_BOUND('',#4489,.F.);
#4489 = EDGE_LOOP('',(#4490,#4499,#4507,#4514));
#4490 = ORIENTED_EDGE('',*,*,#4491,.F.);
#4491 = EDGE_CURVE('',#4492,#4492,#4494,.T.);
#4492 = VERTEX_POINT('',#4493);
#4493 = CARTESIAN_POINT('',(70.1,95.,65.7));
#4494 = CIRCLE('',#4495,2.3);
#4495 = AXIS2_PLACEMENT_3D('',#4496,#4497,#4498);
#4496 = CARTESIAN_POINT('',(70.1,95.,68.));
#4497 = DIRECTION('',(-1.,0.,0.));
#4498 = DIRECTION('',(-0.,-0.,-1.));
#4499 = ORIENTED_EDGE('',*,*,#4500,.F.);
#4500 = EDGE_CURVE('',#4501,#4492,#4503,.T.);
#4501 = VERTEX_POINT('',#4502);
#4502 = CARTESIAN_POINT('',(62.1,95.,65.7));
#4503 = LINE('',#4504,#4505);
#4504 = CARTESIAN_POINT('',(62.1,95.,65.7));
#4505 = VECTOR('',#4506,1.);
#4506 = DIRECTION('',(1.,0.,0.));
#4507 = ORIENTED_EDGE('',*,*,#4508,.T.);
#4508 = EDGE_CURVE('',#4501,#4501,#4509,.T.);
#4509 = CIRCLE('',#4510,2.3);
#4510 = AXIS2_PLACEMENT_3D('',#4511,#4512,#4513);
#4511 = CARTESIAN_POINT('',(62.1,95.,68.));
#4512 = DIRECTION('',(-1.,0.,0.));
#4513 = DIRECTION('',(-0.,-0.,-1.));
#4514 = ORIENTED_EDGE('',*,*,#4500,.T.);
#4515 = CYLINDRICAL_SURFACE('',#4516,2.3);
#4516 = AXIS2_PLACEMENT_3D('',#4517,#4518,#4519);
#4517 = CARTESIAN_POINT('',(62.1,95.,68.));
#4518 = DIRECTION('',(1.,0.,0.));
#4519 = DIRECTION('',(-0.,-0.,-1.));
#4520 = ADVANCED_FACE('',(#4521),#4524,.T.);
#4521 = FACE_BOUND('',#4522,.F.);
#4522 = EDGE_LOOP('',(#4523));
#4523 = ORIENTED_EDGE('',*,*,#4491,.T.);
#4524 = PLANE('',#4525);
#4525 = AXIS2_PLACEMENT_3D('',#4526,#4527,#4528);
#4526 = CARTESIAN_POINT('',(70.1,95.,68.));
#4527 = DIRECTION('',(1.,0.,0.));
#4528 = DIRECTION('',(0.,0.,1.));
#4529 = ADVANCED_FACE('',(#4530),#4533,.F.);
#4530 = FACE_BOUND('',#4531,.F.);
#4531 = EDGE_LOOP('',(#4532));
#4532 = ORIENTED_EDGE('',*,*,#4508,.F.);
#4533 = PLANE('',#4534);
#4534 = AXIS2_PLACEMENT_3D('',#4535,#4536,#4537);
#4535 = CARTESIAN_POINT('',(62.1,95.,68.));
#4536 = DIRECTION('',(1.,0.,0.));
#4537 = DIRECTION('',(0.,0.,1.));
#4538 = ORIENTED_CLOSED_SHELL('',*,#4539,.F.);
#4539 = CLOSED_SHELL('',(#4540,#4573,#4582));
#4540 = ADVANCED_FACE('',(#4541),#4568,.T.);
#4541 = FACE_BOUND('',#4542,.F.);
#4542 = EDGE_LOOP('',(#4543,#4552,#4560,#4567));
#4543 = ORIENTED_EDGE('',*,*,#4544,.F.);
#4544 = EDGE_CURVE('',#4545,#4545,#4547,.T.);
#4545 = VERTEX_POINT('',#4546);
#4546 = CARTESIAN_POINT('',(70.1,134.5,65.7));
#4547 = CIRCLE('',#4548,2.3);
#4548 = AXIS2_PLACEMENT_3D('',#4549,#4550,#4551);
#4549 = CARTESIAN_POINT('',(70.1,134.5,68.));
#4550 = DIRECTION('',(-1.,0.,0.));
#4551 = DIRECTION('',(-0.,-0.,-1.));
#4552 = ORIENTED_EDGE('',*,*,#4553,.F.);
#4553 = EDGE_CURVE('',#4554,#4545,#4556,.T.);
#4554 = VERTEX_POINT('',#4555);
#4555 = CARTESIAN_POINT('',(62.1,134.5,65.7));
#4556 = LINE('',#4557,#4558);
#4557 = CARTESIAN_POINT('',(62.1,134.5,65.7));
#4558 = VECTOR('',#4559,1.);
#4559 = DIRECTION('',(1.,0.,0.));
#4560 = ORIENTED_EDGE('',*,*,#4561,.T.);
#4561 = EDGE_CURVE('',#4554,#4554,#4562,.T.);
#4562 = CIRCLE('',#4563,2.3);
#4563 = AXIS2_PLACEMENT_3D('',#4564,#4565,#4566);
#4564 = CARTESIAN_POINT('',(62.1,134.5,68.));
#4565 = DIRECTION('',(-1.,0.,0.));
#4566 = DIRECTION('',(-0.,-0.,-1.));
#4567 = ORIENTED_EDGE('',*,*,#4553,.T.);
#4568 = CYLINDRICAL_SURFACE('',#4569,2.3);
#4569 = AXIS2_PLACEMENT_3D('',#4570,#4571,#4572);
#4570 = CARTESIAN_POINT('',(62.1,134.5,68.));
#4571 = DIRECTION('',(1.,0.,0.));
#4572 = DIRECTION('',(-0.,-0.,-1.));
#4573 = ADVANCED_FACE('',(#4574),#4577,.T.);
#4574 = FACE_BOUND('',#4575,.F.);
#4575 = EDGE_LOOP('',(#4576));
#4576 = ORIENTED_EDGE('',*,*,#4544,.T.);
#4577 = PLANE('',#4578);
#4578 = AXIS2_PLACEMENT_3D('',#4579,#4580,#4581);
#4579 = CARTESIAN_POINT('',(70.1,134.5,68.));
#4580 = DIRECTION('',(1.,0.,0.));
#4581 = DIRECTION('',(0.,0.,1.));
#4582 = ADVANCED_FACE('',(#4583),#4586,.F.);
#4583 = FACE_BOUND('',#4584,.F.);
#4584 = EDGE_LOOP('',(#4585));
#4585 = ORIENTED_EDGE('',*,*,#4561,.F.);
#4586 = PLANE('',#4587);
#4587 = AXIS2_PLACEMENT_3D('',#4588,#4589,#4590);
#4588 = CARTESIAN_POINT('',(62.1,134.5,68.));
#4589 = DIRECTION('',(1.,0.,0.));
#4590 = DIRECTION('',(0.,0.,1.));
#4591 = ORIENTED_CLOSED_SHELL('',*,#4592,.F.);
#4592 = CLOSED_SHELL('',(#4593,#4626,#4635));
#4593 = ADVANCED_FACE('',(#4594),#4621,.T.);
#4594 = FACE_BOUND('',#4595,.F.);
#4595 = EDGE_LOOP('',(#4596,#4605,#4613,#4620));
#4596 = ORIENTED_EDGE('',*,*,#4597,.F.);
#4597 = EDGE_CURVE('',#4598,#4598,#4600,.T.);
#4598 = VERTEX_POINT('',#4599);
#4599 = CARTESIAN_POINT('',(70.1,95.,73.7));
#4600 = CIRCLE('',#4601,2.3);
#4601 = AXIS2_PLACEMENT_3D('',#4602,#4603,#4604);
#4602 = CARTESIAN_POINT('',(70.1,95.,76.));
#4603 = DIRECTION('',(-1.,0.,0.));
#4604 = DIRECTION('',(-0.,-0.,-1.));
#4605 = ORIENTED_EDGE('',*,*,#4606,.F.);
#4606 = EDGE_CURVE('',#4607,#4598,#4609,.T.);
#4607 = VERTEX_POINT('',#4608);
#4608 = CARTESIAN_POINT('',(62.1,95.,73.7));
#4609 = LINE('',#4610,#4611);
#4610 = CARTESIAN_POINT('',(62.1,95.,73.7));
#4611 = VECTOR('',#4612,1.);
#4612 = DIRECTION('',(1.,0.,0.));
#4613 = ORIENTED_EDGE('',*,*,#4614,.T.);
#4614 = EDGE_CURVE('',#4607,#4607,#4615,.T.);
#4615 = CIRCLE('',#4616,2.3);
#4616 = AXIS2_PLACEMENT_3D('',#4617,#4618,#4619);
#4617 = CARTESIAN_POINT('',(62.1,95.,76.));
#4618 = DIRECTION('',(-1.,0.,0.));
#4619 = DIRECTION('',(-0.,-0.,-1.));
#4620 = ORIENTED_EDGE('',*,*,#4606,.T.);
#4621 = CYLINDRICAL_SURFACE('',#4622,2.3);
#4622 = AXIS2_PLACEMENT_3D('',#4623,#4624,#4625);
#4623 = CARTESIAN_POINT('',(62.1,95.,76.));
#4624 = DIRECTION('',(1.,0.,0.));
#4625 = DIRECTION('',(-0.,-0.,-1.));
#4626 = ADVANCED_FACE('',(#4627),#4630,.T.);
#4627 = FACE_BOUND('',#4628,.F.);
#4628 = EDGE_LOOP('',(#4629));
#4629 = ORIENTED_EDGE('',*,*,#4597,.T.);
#4630 = PLANE('',#4631);
#4631 = AXIS2_PLACEMENT_3D('',#4632,#4633,#4634);
#4632 = CARTESIAN_POINT('',(70.1,95.,76.));
#4633 = DIRECTION('',(1.,0.,0.));
#4634 = DIRECTION('',(0.,0.,1.));
#4635 = ADVANCED_FACE('',(#4636),#4639,.F.);
#4636 = FACE_BOUND('',#4637,.F.);
#4637 = EDGE_LOOP('',(#4638));
#4638 = ORIENTED_EDGE('',*,*,#4614,.F.);
#4639 = PLANE('',#4640);
#4640 = AXIS2_PLACEMENT_3D('',#4641,#4642,#4643);
#4641 = CARTESIAN_POINT('',(62.1,95.,76.));
#4642 = DIRECTION('',(1.,0.,0.));
#4643 = DIRECTION('',(0.,0.,1.));
#4644 = ORIENTED_CLOSED_SHELL('',*,#4645,.F.);
#4645 = CLOSED_SHELL('',(#4646,#4679,#4688));
#4646 = ADVANCED_FACE('',(#4647),#4674,.T.);
#4647 = FACE_BOUND('',#4648,.F.);
#4648 = EDGE_LOOP('',(#4649,#4658,#4666,#4673));
#4649 = ORIENTED_EDGE('',*,*,#4650,.F.);
#4650 = EDGE_CURVE('',#4651,#4651,#4653,.T.);
#4651 = VERTEX_POINT('',#4652);
#4652 = CARTESIAN_POINT('',(70.1,134.5,73.7));
#4653 = CIRCLE('',#4654,2.3);
#4654 = AXIS2_PLACEMENT_3D('',#4655,#4656,#4657);
#4655 = CARTESIAN_POINT('',(70.1,134.5,76.));
#4656 = DIRECTION('',(-1.,0.,0.));
#4657 = DIRECTION('',(-0.,-0.,-1.));
#4658 = ORIENTED_EDGE('',*,*,#4659,.F.);
#4659 = EDGE_CURVE('',#4660,#4651,#4662,.T.);
#4660 = VERTEX_POINT('',#4661);
#4661 = CARTESIAN_POINT('',(62.1,134.5,73.7));
#4662 = LINE('',#4663,#4664);
#4663 = CARTESIAN_POINT('',(62.1,134.5,73.7));
#4664 = VECTOR('',#4665,1.);
#4665 = DIRECTION('',(1.,0.,0.));
#4666 = ORIENTED_EDGE('',*,*,#4667,.T.);
#4667 = EDGE_CURVE('',#4660,#4660,#4668,.T.);
#4668 = CIRCLE('',#4669,2.3);
#4669 = AXIS2_PLACEMENT_3D('',#4670,#4671,#4672);
#4670 = CARTESIAN_POINT('',(62.1,134.5,76.));
#4671 = DIRECTION('',(-1.,0.,0.));
#4672 = DIRECTION('',(-0.,-0.,-1.));
#4673 = ORIENTED_EDGE('',*,*,#4659,.T.);
#4674 = CYLINDRICAL_SURFACE('',#4675,2.3);
#4675 = AXIS2_PLACEMENT_3D('',#4676,#4677,#4678);
#4676 = CARTESIAN_POINT('',(62.1,134.5,76.));
#4677 = DIRECTION('',(1.,0.,0.));
#4678 = DIRECTION('',(-0.,-0.,-1.));
#4679 = ADVANCED_FACE('',(#4680),#4683,.T.);
#4680 = FACE_BOUND('',#4681,.F.);
#4681 = EDGE_LOOP('',(#4682));
#4682 = ORIENTED_EDGE('',*,*,#4650,.T.);
#4683 = PLANE('',#4684);
#4684 = AXIS2_PLACEMENT_3D('',#4685,#4686,#4687);
#4685 = CARTESIAN_POINT('',(70.1,134.5,76.));
#4686 = DIRECTION('',(1.,0.,0.));
#4687 = DIRECTION('',(0.,0.,1.));
#4688 = ADVANCED_FACE('',(#4689),#4692,.F.);
#4689 = FACE_BOUND('',#4690,.F.);
#4690 = EDGE_LOOP('',(#4691));
#4691 = ORIENTED_EDGE('',*,*,#4667,.F.);
#4692 = PLANE('',#4693);
#4693 = AXIS2_PLACEMENT_3D('',#4694,#4695,#4696);
#4694 = CARTESIAN_POINT('',(62.1,134.5,76.));
#4695 = DIRECTION('',(1.,0.,0.));
#4696 = DIRECTION('',(0.,0.,1.));
#4697 = ( GEOMETRIC_REPRESENTATION_CONTEXT(3) 
GLOBAL_UNCERTAINTY_ASSIGNED_CONTEXT((#4701)) 
GLOBAL_UNIT_ASSIGNED_CONTEXT((#4698,#4699,#4700)) REPRESENTATION_CONTEXT
('Context #1','3D Context with UNIT and UNCERTAINTY') );
#4698 = ( LENGTH_UNIT() NAMED_UNIT(*) SI_UNIT(.MILLI.,.METRE.) );
#4699 = ( NAMED_UNIT(*) PLANE_ANGLE_UNIT() SI_UNIT($,.RADIAN.) );
#4700 = ( NAMED_UNIT(*) SI_UNIT($,.STERADIAN.) SOLID_ANGLE_UNIT() );
#4701 = UNCERTAINTY_MEASURE_WITH_UNIT(LENGTH_MEASURE(1.E-07),#4698,
  'distance_accuracy_value','confusion accuracy');
#4702 = PRODUCT_RELATED_PRODUCT_CATEGORY('part',$,(#7));
ENDSEC;
END-ISO-10303-21;
